School_Name,Date,Identifier,Name,Planned,Offered,Served,Discarded,Subtotal,Left Over,Production Cost,Reimbursable,Non-Reimbursable,Total,Reimbursable,Non-Reimbursable,Total,Cost,Total,Percent of Offered,Cost,Total,Percent of Offered,Cost
Aldrin Elementary,5/05/2025,10041,Mini Maple Pancakes(Package),50,0,50,60,55,0,55,$21.45,0,0.00%,$0.00,$21.45,5,8.33%,$1.95,$23.40,,,,
Aldrin Elementary,5/05/2025,20001,1% White Milk(Each),41,0,41,37,32,0,32,$11.52,0,0.00%,$0.00,$11.52,5,13.51%,$1.80,$13.32,,,,
Aldrin Elementary,5/05/2025,20014,Red Delicious Apple(Each - serving),50,0,50,55,55,0,55,$18.15,0,0.00%,$0.00,$18.15,0,0.00%,$0.00,$18.15,,,,
Aldrin Elementary,5/05/2025,20038,Fat Free White Milk(Each),15,0,15,12,9,0,9,$2.97,0,0.00%,$0.00,$2.97,3,25.00%,$0.99,$3.96,,,,
Aldrin Elementary,5/05/2025,20047,Orange Slices(3 slices per 1/4 cup),12,0,12,12,11,0,11,$2.20,0,0.00%,$0.00,$2.20,1,8.33%,$0.20,$2.40,,,,
Aldrin Elementary,5/05/2025,30003,Honey Cheerios Cereal(Each),10,0,10,15,7,0,7,$4.13,0,0.00%,$0.00,$4.13,8,53.33%,$4.72,$8.85,,,,
Aldrin Elementary,5/05/2025,30004,Blueberry Chex Cereal(Each),11,0,11,15,6,0,6,$3.54,0,0.00%,$0.00,$3.54,9,60.00%,$5.31,$8.85,,,,
Aldrin Elementary,5/05/2025,30006,Cinnamon Chex Cereal(Each),11,0,11,15,7,0,7,$4.13,0,0.00%,$0.00,$4.13,8,53.33%,$4.72,$8.85,,,,
Aldrin Elementary,5/05/2025,30007,"Cinnamon Toast Crunch Cereal, 25% Less Sugar(Each)",10,0,10,15,9,0,9,$5.31,0,0.00%,$0.00,$5.31,6,40.00%,$3.54,$8.85,,,,
Aldrin Elementary,5/05/2025,30008,Apple Juice(Each),52,0,52,62,57,0,57,$9.69,0,0.00%,$0.00,$9.69,5,8.06%,$0.85,$10.54,,,,
Aldrin Elementary,5/05/2025,30009,Orange Tangerine Juice(Each),24,0,24,25,19,0,19,$3.23,0,0.00%,$0.00,$3.23,6,24.00%,$1.02,$4.25,,,,
Aldrin Elementary,5/05/2025,60034,Mandarin Orange Parfait(Parfait),2,0,2,2,0,0,0,$0.00,0,0.00%,$0.00,$0.00,2,100.00%,$0.00,$0.00,,,,
Aldrin Elementary,5/05/2025,60089,Assorted Cereal(Cereal Cup),0,0,0,10,5,0,5,$2.95,0,0.00%,$0.00,$2.95,5,50.00%,$2.95,$5.90,,,,
Annandale High,5/05/2025,10020,Bagel(Bagel),0,0,0,125,119,0,119,$38.08,1,0.80%,$0.32,$38.40,5,4.00%,$1.60,$40.00,,,,
Annandale High,5/05/2025,10041,Mini Maple Pancakes(Package),600,0,600,720,505,0,505,$196.95,0,0.00%,$0.00,$196.95,215,29.86%,$83.85,$280.80,,,,
Annandale High,5/05/2025,20001,1% White Milk(Each),75,0,75,120,112,0,112,$40.32,0,0.00%,$0.00,$40.32,8,6.67%,$2.88,$43.20,,,,
Annandale High,5/05/2025,20009,Cream Cheese(Each),0,0,0,125,119,0,119,$34.51,0,0.00%,$0.00,$34.51,6,4.80%,$1.74,$36.25,,,,
Annandale High,5/05/2025,20014,Red Delicious Apple(Each - serving),125,0,125,125,65,0,65,$21.45,0,0.00%,$0.00,$21.45,60,48.00%,$19.80,$41.25,,,,
Annandale High,5/05/2025,20015,Golden Delicious Apple(Each),0,0,0,110,92,0,92,$28.52,0,0.00%,$0.00,$28.52,18,16.36%,$5.58,$34.10,,,,
Annandale High,5/05/2025,20017,Orange(6 Slices per 1/2 cup),125,0,125,60,51,0,51,$17.34,0,0.00%,$0.00,$17.34,9,15.00%,$3.06,$20.40,,,,
Annandale High,5/05/2025,20038,Fat Free White Milk(Each),75,0,75,88,69,0,69,$22.77,0,0.00%,$0.00,$22.77,19,21.59%,$6.27,$29.04,,,,
Annandale High,5/05/2025,30003,Honey Cheerios Cereal(Each),75,0,75,60,58,0,58,$34.22,0,0.00%,$0.00,$34.22,2,3.33%,$1.18,$35.40,,,,
Annandale High,5/05/2025,30004,Blueberry Chex Cereal(Each),50,0,50,60,54,0,54,$31.86,0,0.00%,$0.00,$31.86,6,10.00%,$3.54,$35.40,,,,
Annandale High,5/05/2025,30006,Cinnamon Chex Cereal(Each),50,0,50,60,59,0,59,$34.81,0,0.00%,$0.00,$34.81,1,1.67%,$0.59,$35.40,,,,
Annandale High,5/05/2025,30007,"Cinnamon Toast Crunch Cereal, 25% Less Sugar(Each)",75,0,75,60,58,0,58,$34.22,0,0.00%,$0.00,$34.22,2,3.33%,$1.18,$35.40,,,,
Annandale High,5/05/2025,30008,Apple Juice(Each),800,0,800,863,697,0,697,$118.49,0,0.00%,$0.00,$118.49,166,19.24%,$28.22,$146.71,,,,
Annandale High,5/05/2025,30009,Orange Tangerine Juice(Each),200,0,200,262,222,0,222,$37.74,0,0.00%,$0.00,$37.74,40,15.27%,$6.80,$44.54,,,,
Annandale High,5/05/2025,30051,Natural Grape Jam(Packet),200,0,200,100,76,0,76,$6.84,2,2.00%,$0.18,$7.02,22,22.00%,$1.98,$9.00,,,,
Annandale High,5/05/2025,30093,Natural Breakfast Syrup(Each),300,0,300,300,266,0,266,$53.20,2,0.67%,$0.40,$53.60,32,10.67%,$6.40,$60.00,,,,
Annandale High,5/05/2025,60034,Mandarin Orange Parfait(Parfait),125,0,125,110,102,0,102,$100.98,1,0.91%,$0.99,$101.97,7,6.36%,$6.93,$108.90,,,,
Annandale Terrace Elementary,5/05/2025,10041,Mini Maple Pancakes(Package),322,0,322,297,243,0,243,$94.77,0,0.00%,$0.00,$94.77,54,18.18%,$21.06,$115.83,,,,
Annandale Terrace Elementary,5/05/2025,20001,1% White Milk(Each),102,0,102,81,78,0,78,$28.08,0,0.00%,$0.00,$28.08,3,3.70%,$1.08,$29.16,,,,
Annandale Terrace Elementary,5/05/2025,20014,Red Delicious Apple(Each - serving),84,0,84,93,91,0,91,$30.03,0,0.00%,$0.00,$30.03,2,2.15%,$0.66,$30.69,,,,
Annandale Terrace Elementary,5/05/2025,20038,Fat Free White Milk(Each),25,0,25,25,23,0,23,$7.59,0,0.00%,$0.00,$7.59,2,8.00%,$0.66,$8.25,,,,
Annandale Terrace Elementary,5/05/2025,20043,"Lactose Free, White Milk(Each)",0,0,0,3,3,0,3,$1.74,0,0.00%,$0.00,$1.74,0,0.00%,$0.00,$1.74,,,,
Annandale Terrace Elementary,5/05/2025,20047,Orange Slices(3 slices per 1/4 cup),59,0,59,60,60,0,60,$12.00,0,0.00%,$0.00,$12.00,0,0.00%,$0.00,$12.00,,,,
Annandale Terrace Elementary,5/05/2025,30004,Blueberry Chex Cereal(Each),35,0,35,26,25,0,25,$14.75,0,0.00%,$0.00,$14.75,1,3.85%,$0.59,$15.34,,,,
Annandale Terrace Elementary,5/05/2025,30006,Cinnamon Chex Cereal(Each),48,0,48,30,30,0,30,$17.70,0,0.00%,$0.00,$17.70,0,0.00%,$0.00,$17.70,,,,
Annandale Terrace Elementary,5/05/2025,30008,Apple Juice(Each),206,0,206,140,138,0,138,$23.46,0,0.00%,$0.00,$23.46,2,1.43%,$0.34,$23.80,,,,
Annandale Terrace Elementary,5/05/2025,30009,Orange Tangerine Juice(Each),136,0,136,130,120,0,120,$20.40,0,0.00%,$0.00,$20.40,10,7.69%,$1.70,$22.10,,,,
Annandale Terrace Elementary,5/05/2025,30188,"Milk, Soy, Plain, Bulk (12/32 oz)(1 cup)",0,0,0,1,1,0,1,$0.79,0,0.00%,$0.00,$0.79,0,0.00%,$0.00,$0.79,,,,
Annandale Terrace Elementary,5/05/2025,60034,Mandarin Orange Parfait(Parfait),26,0,26,16,15,0,15,$14.85,0,0.00%,$0.00,$14.85,1,6.25%,$0.99,$15.84,,,,
Armstrong Elementary,5/05/2025,10020,Bagel(Bagel),0,0,0,12,11,0,11,$3.52,1,8.33%,$0.32,$3.84,0,0.00%,$0.00,$3.84,,,,
Armstrong Elementary,5/05/2025,10041,Mini Maple Pancakes(Package),29,0,29,36,30,0,30,$11.70,1,2.78%,$0.39,$12.09,5,13.89%,$1.95,$14.04,,,,
Armstrong Elementary,5/05/2025,20001,1% White Milk(Each),20,0,20,50,17,0,17,$6.12,0,0.00%,$0.00,$6.12,33,66.00%,$11.88,$18.00,,,,
Armstrong Elementary,5/05/2025,20014,Red Delicious Apple(Each - serving),2,0,2,15,15,0,15,$4.95,0,0.00%,$0.00,$4.95,0,0.00%,$0.00,$4.95,,,,
Armstrong Elementary,5/05/2025,20038,Fat Free White Milk(Each),15,0,15,30,26,0,26,$8.58,0,0.00%,$0.00,$8.58,4,13.33%,$1.32,$9.90,,,,
Armstrong Elementary,5/05/2025,30003,Honey Cheerios Cereal(Each),5,0,5,10,5,0,5,$2.95,0,0.00%,$0.00,$2.95,5,50.00%,$2.95,$5.90,,,,
Armstrong Elementary,5/05/2025,30004,Blueberry Chex Cereal(Each),2,0,2,10,5,0,5,$2.95,0,0.00%,$0.00,$2.95,5,50.00%,$2.95,$5.90,,,,
Armstrong Elementary,5/05/2025,30006,Cinnamon Chex Cereal(Each),7,0,7,10,6,0,6,$3.54,0,0.00%,$0.00,$3.54,4,40.00%,$2.36,$5.90,,,,
Armstrong Elementary,5/05/2025,30008,Apple Juice(Each),23,0,23,40,27,0,27,$4.59,0,0.00%,$0.00,$4.59,13,32.50%,$2.21,$6.80,,,,
Armstrong Elementary,5/05/2025,30009,Orange Tangerine Juice(Each),24,0,24,40,28,0,28,$4.76,0,0.00%,$0.00,$4.76,12,30.00%,$2.04,$6.80,,,,
Armstrong Elementary,5/05/2025,30051,Natural Grape Jam(Packet),5,0,5,0,0,0,0,$0.00,0,0.00%,$0.00,$0.00,0,0.00%,$0.00,$0.00,,,,
Armstrong Elementary,5/05/2025,30093,Natural Breakfast Syrup(Each),43,0,43,0,0,0,0,$0.00,0,0.00%,$0.00,$0.00,0,0.00%,$0.00,$0.00,,,,
Armstrong Elementary,5/05/2025,60034,Mandarin Orange Parfait(Parfait),2,0,2,2,2,0,2,$1.98,0,0.00%,$0.00,$1.98,0,0.00%,$0.00,$1.98,,,,
Baileys Lower Elementary,5/05/2025,10020,Bagel(Bagel),0,0,0,116,116,0,116,$37.12,0,0.00%,$0.00,$37.12,0,0.00%,$0.00,$37.12,,,,
Baileys Lower Elementary,5/05/2025,10041,Mini Maple Pancakes(Package),250,0,250,180,162,0,162,$63.18,0,0.00%,$0.00,$63.18,18,10.00%,$7.02,$70.20,,,,
Baileys Lower Elementary,5/05/2025,20001,1% White Milk(Each),349,0,349,329,266,0,266,$95.76,3,0.91%,$1.08,$96.84,60,18.24%,$21.60,$118.44,,,,
Baileys Lower Elementary,5/05/2025,20009,Cream Cheese(Each),0,0,0,116,116,0,116,$33.64,0,0.00%,$0.00,$33.64,0,0.00%,$0.00,$33.64,,,,
Baileys Lower Elementary,5/05/2025,20014,Red Delicious Apple(Each - serving),140,0,140,195,127,0,127,$41.91,0,0.00%,$0.00,$41.91,68,34.87%,$22.44,$64.35,,,,
Baileys Lower Elementary,5/05/2025,20038,Fat Free White Milk(Each),50,0,50,30,18,0,18,$5.94,0,0.00%,$0.00,$5.94,12,40.00%,$3.96,$9.90,,,,
Baileys Lower Elementary,5/05/2025,20043,"Lactose Free, White Milk(Each)",0,0,0,7,7,0,7,$4.06,0,0.00%,$0.00,$4.06,0,0.00%,$0.00,$4.06,,,,
Baileys Lower Elementary,5/05/2025,20047,Orange Slices(3 slices per 1/4 cup),118,0,118,116,116,0,116,$23.20,0,0.00%,$0.00,$23.20,0,0.00%,$0.00,$23.20,,,,
Baileys Lower Elementary,5/05/2025,30003,Honey Cheerios Cereal(Each),36,0,36,120,70,0,70,$41.30,0,0.00%,$0.00,$41.30,50,41.67%,$29.50,$70.80,,,,
Baileys Lower Elementary,5/05/2025,30007,"Cinnamon Toast Crunch Cereal, 25% Less Sugar(Each)",36,0,36,74,63,0,63,$37.17,0,0.00%,$0.00,$37.17,11,14.86%,$6.49,$43.66,,,,
Baileys Lower Elementary,5/05/2025,30008,Apple Juice(Each),250,0,250,240,140,0,140,$23.80,0,0.00%,$0.00,$23.80,100,41.67%,$17.00,$40.80,,,,
Baileys Lower Elementary,5/05/2025,30009,Orange Tangerine Juice(Each),250,0,250,240,160,0,160,$27.20,0,0.00%,$0.00,$27.20,80,33.33%,$13.60,$40.80,,,,
Baileys Lower Elementary,5/05/2025,60034,Mandarin Orange Parfait(Parfait),144,0,144,52,51,0,51,$50.49,1,1.92%,$0.99,$51.48,0,0.00%,$0.00,$51.48,,,,
Baileys Upper Elementary,5/05/2025,10023,Blueberry Bread(1oz Grain (1/64 Baked Pan)),0,0,0,35,35,0,35,$14.35,0,0.00%,$0.00,$14.35,0,0.00%,$0.00,$14.35,,,,
Baileys Upper Elementary,5/05/2025,10041,Mini Maple Pancakes(Package),144,0,144,144,114,0,114,$44.46,0,0.00%,$0.00,$44.46,30,20.83%,$11.70,$56.16,,,,
Baileys Upper Elementary,5/05/2025,20001,1% White Milk(Each),50,0,50,51,39,0,39,$14.04,0,0.00%,$0.00,$14.04,12,23.53%,$4.32,$18.36,,,,
Baileys Upper Elementary,5/05/2025,20014,Red Delicious Apple(Each - serving),100,0,100,179,85,0,85,$28.05,0,0.00%,$0.00,$28.05,94,52.51%,$31.02,$59.07,,,,
Baileys Upper Elementary,5/05/2025,20016,String Cheese(1 Stick),0,0,0,35,35,0,35,$7.70,0,0.00%,$0.00,$7.70,0,0.00%,$0.00,$7.70,,,,
Baileys Upper Elementary,5/05/2025,20038,Fat Free White Milk(Each),30,0,30,46,1,0,1,$0.33,0,0.00%,$0.00,$0.33,45,97.83%,$14.85,$15.18,,,,
Baileys Upper Elementary,5/05/2025,30008,Apple Juice(Each),259,0,259,229,199,0,199,$33.83,0,0.00%,$0.00,$33.83,30,13.10%,$5.10,$38.93,,,,
Baileys Upper Elementary,5/05/2025,30051,Natural Grape Jam(Packet),50,0,50,50,5,0,5,$0.45,0,0.00%,$0.00,$0.45,45,90.00%,$4.05,$4.50,,,,
Baileys Upper Elementary,5/05/2025,30093,Natural Breakfast Syrup(Each),144,0,144,144,114,0,114,$22.80,0,0.00%,$0.00,$22.80,30,20.83%,$6.00,$28.80,,,,
Baileys Upper Elementary,5/05/2025,60034,Mandarin Orange Parfait(Parfait),53,0,53,55,50,0,50,$49.50,0,0.00%,$0.00,$49.50,5,9.09%,$4.95,$54.45,,,,
Beech Tree Elementary,5/05/2025,10041,Mini Maple Pancakes(Package),163,0,163,144,128,0,128,$49.92,0,0.00%,$0.00,$49.92,16,11.11%,$6.24,$56.16,,,,
Beech Tree Elementary,5/05/2025,20001,1% White Milk(Each),93,0,93,94,70,0,70,$25.20,0,0.00%,$0.00,$25.20,24,25.53%,$8.64,$33.84,,,,
Beech Tree Elementary,5/05/2025,20038,Fat Free White Milk(Each),20,0,20,14,11,0,11,$3.63,0,0.00%,$0.00,$3.63,3,21.43%,$0.99,$4.62,,,,
Beech Tree Elementary,5/05/2025,20047,Orange Slices(3 slices per 1/4 cup),43,0,43,44,36,0,36,$7.20,0,0.00%,$0.00,$7.20,8,18.18%,$1.60,$8.80,,,,
Beech Tree Elementary,5/05/2025,20069,"Apple, Slices, IW - ER Supper Only(Each)",0,0,0,55,47,0,47,$15.51,0,0.00%,$0.00,$15.51,8,14.55%,$2.64,$18.15,,,,
Beech Tree Elementary,5/05/2025,30004,Blueberry Chex Cereal(Each),25,0,25,26,19,0,19,$11.21,0,0.00%,$0.00,$11.21,7,26.92%,$4.13,$15.34,,,,
Beech Tree Elementary,5/05/2025,30007,"Cinnamon Toast Crunch Cereal, 25% Less Sugar(Each)",25,0,25,60,46,0,46,$27.14,0,0.00%,$0.00,$27.14,14,23.33%,$8.26,$35.40,,,,
Beech Tree Elementary,5/05/2025,30008,Apple Juice(Each),140,0,140,140,136,0,136,$23.12,0,0.00%,$0.00,$23.12,4,2.86%,$0.68,$23.80,,,,
Beech Tree Elementary,5/05/2025,30009,Orange Tangerine Juice(Each),40,0,40,42,20,0,20,$3.40,0,0.00%,$0.00,$3.40,22,52.38%,$3.74,$7.14,,,,
Beech Tree Elementary,5/05/2025,60034,Mandarin Orange Parfait(Parfait),20,0,20,15,15,0,15,$14.85,0,0.00%,$0.00,$14.85,0,0.00%,$0.00,$14.85,,,,
Belle View Elementary,5/05/2025,10041,Mini Maple Pancakes(Package),0,0,0,50,46,0,46,$17.94,0,0.00%,$0.00,$17.94,4,8.00%,$1.56,$19.50,,,,
Belle View Elementary,5/05/2025,20001,1% White Milk(Each),21,0,21,30,21,0,21,$7.56,0,0.00%,$0.00,$7.56,9,30.00%,$3.24,$10.80,,,,
Belle View Elementary,5/05/2025,20015,Golden Delicious Apple(Each),0,0,0,30,30,0,30,$9.30,0,0.00%,$0.00,$9.30,0,0.00%,$0.00,$9.30,,,,
Belle View Elementary,5/05/2025,20038,Fat Free White Milk(Each),7,0,7,5,5,0,5,$1.65,0,0.00%,$0.00,$1.65,0,0.00%,$0.00,$1.65,,,,
Belle View Elementary,5/05/2025,30003,Honey Cheerios Cereal(Each),13,0,13,15,13,0,13,$7.67,0,0.00%,$0.00,$7.67,2,13.33%,$1.18,$8.85,,,,
Belle View Elementary,5/05/2025,30006,Cinnamon Chex Cereal(Each),6,0,6,10,6,0,6,$3.54,0,0.00%,$0.00,$3.54,4,40.00%,$2.36,$5.90,,,,
Belle View Elementary,5/05/2025,30007,"Cinnamon Toast Crunch Cereal, 25% Less Sugar(Each)",16,0,16,15,12,0,12,$7.08,0,0.00%,$0.00,$7.08,3,20.00%,$1.77,$8.85,,,,
Belle View Elementary,5/05/2025,30008,Apple Juice(Each),54,0,54,65,65,0,65,$11.05,0,0.00%,$0.00,$11.05,0,0.00%,$0.00,$11.05,,,,
Belle View Elementary,5/05/2025,30009,Orange Tangerine Juice(Each),14,0,14,20,14,0,14,$2.38,0,0.00%,$0.00,$2.38,6,30.00%,$1.02,$3.40,,,,
Belle View Elementary,5/05/2025,60034,Mandarin Orange Parfait(Parfait),3,0,3,2,2,0,2,$1.98,0,0.00%,$0.00,$1.98,0,0.00%,$0.00,$1.98,,,,
Belvedere Elementary,5/05/2025,10020,Bagel(Bagel),0,0,0,63,63,0,63,$20.16,0,0.00%,$0.00,$20.16,0,0.00%,$0.00,$20.16,,,,
Belvedere Elementary,5/05/2025,10041,Mini Maple Pancakes(Package),150,0,150,100,75,7,82,$31.98,0,0.00%,$0.00,$31.98,18,18.00%,$7.02,$39.00,,,,
Belvedere Elementary,5/05/2025,20001,1% White Milk(Each),130,0,130,116,91,0,91,$32.76,0,0.00%,$0.00,$32.76,25,21.55%,$9.00,$41.76,,,,
Belvedere Elementary,5/05/2025,20009,Cream Cheese(Each),0,0,0,63,63,0,63,$18.27,0,0.00%,$0.00,$18.27,0,0.00%,$0.00,$18.27,,,,
Belvedere Elementary,5/05/2025,20017,Orange(6 Slices per 1/2 cup),50,0,50,50,42,0,42,$14.28,0,0.00%,$0.00,$14.28,8,16.00%,$2.72,$17.00,,,,
Belvedere Elementary,5/05/2025,20031,Banana(Each),50,0,50,10,10,0,10,$2.10,0,0.00%,$0.00,$2.10,0,0.00%,$0.00,$2.10,,,,
Belvedere Elementary,5/05/2025,20038,Fat Free White Milk(Each),25,0,25,15,6,0,6,$1.98,0,0.00%,$0.00,$1.98,9,60.00%,$2.97,$4.95,,,,
Belvedere Elementary,5/05/2025,20043,"Lactose Free, White Milk(Each)",0,0,0,1,1,0,1,$0.58,0,0.00%,$0.00,$0.58,0,0.00%,$0.00,$0.58,,,,
Belvedere Elementary,5/05/2025,20047,Orange Slices(3 slices per 1/4 cup),80,0,80,63,63,0,63,$12.60,0,0.00%,$0.00,$12.60,0,0.00%,$0.00,$12.60,,,,
Belvedere Elementary,5/05/2025,30004,Blueberry Chex Cereal(Each),20,0,20,48,2,0,2,$1.18,0,0.00%,$0.00,$1.18,46,95.83%,$27.14,$28.32,,,,
Belvedere Elementary,5/05/2025,30006,Cinnamon Chex Cereal(Each),20,0,20,23,23,0,23,$13.57,0,0.00%,$0.00,$13.57,0,0.00%,$0.00,$13.57,,,,
Belvedere Elementary,5/05/2025,30008,Apple Juice(Each),115,0,115,107,104,0,104,$17.68,0,0.00%,$0.00,$17.68,3,2.80%,$0.51,$18.19,,,,
Belvedere Elementary,5/05/2025,30009,Orange Tangerine Juice(Each),80,0,80,80,27,0,27,$4.59,0,0.00%,$0.00,$4.59,53,66.25%,$9.01,$13.60,,,,
Belvedere Elementary,5/05/2025,30188,"Milk, Soy, Plain, Bulk (12/32 oz)(1 cup)",0,0,0,1,1,0,1,$0.79,0,0.00%,$0.00,$0.79,0,0.00%,$0.00,$0.79,,,,
Belvedere Elementary,5/05/2025,60034,Mandarin Orange Parfait(Parfait),15,0,15,18,3,0,3,$2.97,0,0.00%,$0.00,$2.97,15,83.33%,$14.85,$17.82,,,,
Bonnie Brae Elementary,5/05/2025,10041,Mini Maple Pancakes(Package),90,0,90,113,106,2,108,$42.12,5,4.42%,$1.95,$44.07,0,0.00%,$0.00,$44.07,,,,
Bonnie Brae Elementary,5/05/2025,20001,1% White Milk(Each),134,0,134,128,123,0,123,$44.28,0,0.00%,$0.00,$44.28,5,3.91%,$1.80,$46.08,,,,
Bonnie Brae Elementary,5/05/2025,20014,Red Delicious Apple(Each - serving),94,0,94,110,108,0,108,$35.64,0,0.00%,$0.00,$35.64,2,1.82%,$0.66,$36.30,,,,
Bonnie Brae Elementary,5/05/2025,20017,Orange(6 Slices per 1/2 cup),97,0,97,0,0,0,0,$0.00,0,0.00%,$0.00,$0.00,0,0.00%,$0.00,$0.00,,,,
Bonnie Brae Elementary,5/05/2025,20031,Banana(Each),105,0,105,0,0,0,0,$0.00,0,0.00%,$0.00,$0.00,0,0.00%,$0.00,$0.00,,,,
Bonnie Brae Elementary,5/05/2025,20038,Fat Free White Milk(Each),18,0,18,25,20,0,20,$6.60,0,0.00%,$0.00,$6.60,5,20.00%,$1.65,$8.25,,,,
Bonnie Brae Elementary,5/05/2025,20047,Orange Slices(3 slices per 1/4 cup),53,0,53,48,48,0,48,$9.60,0,0.00%,$0.00,$9.60,0,0.00%,$0.00,$9.60,,,,
Bonnie Brae Elementary,5/05/2025,30003,Honey Cheerios Cereal(Each),12,0,12,15,12,0,12,$7.08,0,0.00%,$0.00,$7.08,3,20.00%,$1.77,$8.85,,,,
Bonnie Brae Elementary,5/05/2025,30004,Blueberry Chex Cereal(Each),14,0,14,15,12,0,12,$7.08,0,0.00%,$0.00,$7.08,3,20.00%,$1.77,$8.85,,,,
Bonnie Brae Elementary,5/05/2025,30006,Cinnamon Chex Cereal(Each),15,0,15,15,12,0,12,$7.08,0,0.00%,$0.00,$7.08,3,20.00%,$1.77,$8.85,,,,
Bonnie Brae Elementary,5/05/2025,30007,"Cinnamon Toast Crunch Cereal, 25% Less Sugar(Each)",5,0,5,15,12,0,12,$7.08,0,0.00%,$0.00,$7.08,3,20.00%,$1.77,$8.85,,,,
Bonnie Brae Elementary,5/05/2025,30008,Apple Juice(Each),96,0,96,116,106,0,106,$18.02,0,0.00%,$0.00,$18.02,10,8.62%,$1.70,$19.72,,,,
Bonnie Brae Elementary,5/05/2025,30009,Orange Tangerine Juice(Each),34,0,34,45,25,0,25,$4.25,0,0.00%,$0.00,$4.25,20,44.44%,$3.40,$7.65,,,,
Bonnie Brae Elementary,5/05/2025,60034,Mandarin Orange Parfait(Parfait),7,0,7,6,5,0,5,$4.95,1,16.67%,$0.99,$5.94,0,0.00%,$0.00,$5.94,,,,
Braddock Elementary,5/05/2025,10041,Mini Maple Pancakes(Package),335,0,335,194,194,0,194,$75.66,0,0.00%,$0.00,$75.66,0,0.00%,$0.00,$75.66,,,,
Braddock Elementary,5/05/2025,20001,1% White Milk(Each),228,0,228,250,250,0,250,$90.00,0,0.00%,$0.00,$90.00,0,0.00%,$0.00,$90.00,,,,
Braddock Elementary,5/05/2025,20014,Red Delicious Apple(Each - serving),290,0,290,0,0,0,0,$0.00,0,0.00%,$0.00,$0.00,0,0.00%,$0.00,$0.00,,,,
Braddock Elementary,5/05/2025,20017,Orange(6 Slices per 1/2 cup),0,0,0,0,0,0,0,$0.00,0,0.00%,$0.00,$0.00,0,0.00%,$0.00,$0.00,,,,
Braddock Elementary,5/05/2025,20031,Banana(Each),146,0,146,0,0,0,0,$0.00,0,0.00%,$0.00,$0.00,0,0.00%,$0.00,$0.00,,,,
Braddock Elementary,5/05/2025,20038,Fat Free White Milk(Each),17,0,17,15,15,0,15,$4.95,0,0.00%,$0.00,$4.95,0,0.00%,$0.00,$4.95,,,,
Braddock Elementary,5/05/2025,20047,Orange Slices(3 slices per 1/4 cup),52,0,52,50,50,0,50,$10.00,0,0.00%,$0.00,$10.00,0,0.00%,$0.00,$10.00,,,,
Braddock Elementary,5/05/2025,30003,Honey Cheerios Cereal(Each),10,0,10,60,60,0,60,$35.40,0,0.00%,$0.00,$35.40,0,0.00%,$0.00,$35.40,,,,
Braddock Elementary,5/05/2025,30004,Blueberry Chex Cereal(Each),25,0,25,60,60,0,60,$35.40,0,0.00%,$0.00,$35.40,0,0.00%,$0.00,$35.40,,,,
Braddock Elementary,5/05/2025,30006,Cinnamon Chex Cereal(Each),25,0,25,60,60,0,60,$35.40,0,0.00%,$0.00,$35.40,0,0.00%,$0.00,$35.40,,,,
Braddock Elementary,5/05/2025,30007,"Cinnamon Toast Crunch Cereal, 25% Less Sugar(Each)",13,0,13,60,60,0,60,$35.40,0,0.00%,$0.00,$35.40,0,0.00%,$0.00,$35.40,,,,
Braddock Elementary,5/05/2025,30008,Apple Juice(Each),297,0,297,290,290,0,290,$49.30,0,0.00%,$0.00,$49.30,0,0.00%,$0.00,$49.30,,,,
Braddock Elementary,5/05/2025,30009,Orange Tangerine Juice(Each),223,0,223,200,200,0,200,$34.00,0,0.00%,$0.00,$34.00,0,0.00%,$0.00,$34.00,,,,
Braddock Elementary,5/05/2025,60034,Mandarin Orange Parfait(Parfait),59,0,59,70,70,0,70,$69.30,0,0.00%,$0.00,$69.30,0,0.00%,$0.00,$69.30,,,,
Bren Mar Park Elementary,5/05/2025,10040,Blueberry Muffin Top(Muffin Top),0,0,0,56,56,0,56,$23.52,0,0.00%,$0.00,$23.52,0,0.00%,$0.00,$23.52,,,,
Bren Mar Park Elementary,5/05/2025,10041,Mini Maple Pancakes(Package),178,0,178,136,126,0,126,$49.14,4,2.94%,$1.56,$50.70,6,4.41%,$2.34,$53.04,,,,
Bren Mar Park Elementary,5/05/2025,20001,1% White Milk(Each),85,0,85,83,71,0,71,$25.56,4,4.82%,$1.44,$27.00,8,9.64%,$2.88,$29.88,,,,
Bren Mar Park Elementary,5/05/2025,20014,Red Delicious Apple(Each - serving),60,0,60,60,50,0,50,$16.50,0,0.00%,$0.00,$16.50,10,16.67%,$3.30,$19.80,,,,
Bren Mar Park Elementary,5/05/2025,20016,String Cheese(1 Stick),0,0,0,56,56,0,56,$12.32,0,0.00%,$0.00,$12.32,0,0.00%,$0.00,$12.32,,,,
Bren Mar Park Elementary,5/05/2025,20038,Fat Free White Milk(Each),50,0,50,50,40,0,40,$13.20,0,0.00%,$0.00,$13.20,10,20.00%,$3.30,$16.50,,,,
Bren Mar Park Elementary,5/05/2025,20043,"Lactose Free, White Milk(Each)",3,0,3,3,3,0,3,$1.74,0,0.00%,$0.00,$1.74,0,0.00%,$0.00,$1.74,,,,
Bren Mar Park Elementary,5/05/2025,20047,Orange Slices(3 slices per 1/4 cup),38,0,38,36,32,0,32,$6.40,4,11.11%,$0.80,$7.20,0,0.00%,$0.00,$7.20,,,,
Bren Mar Park Elementary,5/05/2025,30006,Cinnamon Chex Cereal(Each),63,0,63,50,46,0,46,$27.14,0,0.00%,$0.00,$27.14,4,8.00%,$2.36,$29.50,,,,
Bren Mar Park Elementary,5/05/2025,30008,Apple Juice(Each),240,0,240,240,228,0,228,$38.76,0,0.00%,$0.00,$38.76,12,5.00%,$2.04,$40.80,,,,
Bren Mar Park Elementary,5/05/2025,60034,Mandarin Orange Parfait(Parfait),20,0,20,20,20,0,20,$19.80,0,0.00%,$0.00,$19.80,0,0.00%,$0.00,$19.80,,,,
Brookfield Elementary,5/05/2025,10041,Mini Maple Pancakes(Package),180,0,180,216,185,0,185,$72.15,5,2.31%,$1.95,$74.10,26,12.04%,$10.14,$84.24,,,,
Brookfield Elementary,5/05/2025,20001,1% White Milk(Each),96,0,96,65,57,0,57,$20.52,5,7.69%,$1.80,$22.32,3,4.62%,$1.08,$23.40,,,,
Brookfield Elementary,5/05/2025,20014,Red Delicious Apple(Each - serving),60,0,60,40,34,0,34,$11.22,0,0.00%,$0.00,$11.22,6,15.00%,$1.98,$13.20,,,,
Brookfield Elementary,5/05/2025,20038,Fat Free White Milk(Each),40,0,40,21,17,0,17,$5.61,0,0.00%,$0.00,$5.61,4,19.05%,$1.32,$6.93,,,,
Brookfield Elementary,5/05/2025,20047,Orange Slices(3 slices per 1/4 cup),36,0,36,31,31,0,31,$6.20,0,0.00%,$0.00,$6.20,0,0.00%,$0.00,$6.20,,,,
Brookfield Elementary,5/05/2025,30003,Honey Cheerios Cereal(Each),40,0,40,30,26,0,26,$15.34,0,0.00%,$0.00,$15.34,4,13.33%,$2.36,$17.70,,,,
Brookfield Elementary,5/05/2025,30004,Blueberry Chex Cereal(Each),40,0,40,40,36,0,36,$21.24,0,0.00%,$0.00,$21.24,4,10.00%,$2.36,$23.60,,,,
Brookfield Elementary,5/05/2025,30006,Cinnamon Chex Cereal(Each),40,0,40,40,37,0,37,$21.83,0,0.00%,$0.00,$21.83,3,7.50%,$1.77,$23.60,,,,
Brookfield Elementary,5/05/2025,30008,Apple Juice(Each),280,0,280,280,261,0,261,$44.37,0,0.00%,$0.00,$44.37,19,6.79%,$3.23,$47.60,,,,
Brookfield Elementary,5/05/2025,60034,Mandarin Orange Parfait(Parfait),30,0,30,20,8,0,8,$7.92,0,0.00%,$0.00,$7.92,12,60.00%,$11.88,$19.80,,,,
Bucknell Elementary,5/05/2025,10041,Mini Maple Pancakes(Package),124,0,124,92,86,0,86,$33.54,0,0.00%,$0.00,$33.54,6,6.52%,$2.34,$35.88,,,,
Bucknell Elementary,5/05/2025,20001,1% White Milk(Each),67,0,67,81,50,0,50,$18.00,0,0.00%,$0.00,$18.00,31,38.27%,$11.16,$29.16,,,,
Bucknell Elementary,5/05/2025,20038,Fat Free White Milk(Each),15,0,15,2245,2216,0,2216,$731.28,0,0.00%,$0.00,$731.28,29,1.29%,$9.57,$740.85,,,,
Bucknell Elementary,5/05/2025,20047,Orange Slices(3 slices per 1/4 cup),56,0,56,54,54,0,54,$10.80,0,0.00%,$0.00,$10.80,0,0.00%,$0.00,$10.80,,,,
Bucknell Elementary,5/05/2025,30003,Honey Cheerios Cereal(Each),25,0,25,34,34,0,34,$20.06,0,0.00%,$0.00,$20.06,0,0.00%,$0.00,$20.06,,,,
Bucknell Elementary,5/05/2025,30004,Blueberry Chex Cereal(Each),0,0,0,3,3,0,3,$1.77,0,0.00%,$0.00,$1.77,0,0.00%,$0.00,$1.77,,,,
Bucknell Elementary,5/05/2025,30007,"Cinnamon Toast Crunch Cereal, 25% Less Sugar(Each)",30,0,30,65,31,0,31,$18.29,0,0.00%,$0.00,$18.29,34,52.31%,$20.06,$38.35,,,,
Bucknell Elementary,5/05/2025,30008,Apple Juice(Each),100,0,100,126,111,0,111,$18.87,0,0.00%,$0.00,$18.87,15,11.90%,$2.55,$21.42,,,,
Bucknell Elementary,5/05/2025,30009,Orange Tangerine Juice(Each),46,0,46,50,21,0,21,$3.57,0,0.00%,$0.00,$3.57,29,58.00%,$4.93,$8.50,,,,
Bucknell Elementary,5/05/2025,30043,Raspberry Lemonade Flavored Dried Cranberries(2 Eaches),0,0,0,20,11,0,11,$5.28,0,0.00%,$0.00,$5.28,9,45.00%,$4.32,$9.60,,,,
Bucknell Elementary,5/05/2025,30103,"Milk, Lactose Free,  Fat Free, Shelf-Stable(Each)",0,0,0,2,2,0,2,$0.96,0,0.00%,$0.00,$0.96,0,0.00%,$0.00,$0.96,,,,
Bucknell Elementary,5/05/2025,60034,Mandarin Orange Parfait(Parfait),18,0,18,15,10,0,10,$9.90,0,0.00%,$0.00,$9.90,5,33.33%,$4.95,$14.85,,,,
Bull Run Elementary,5/05/2025,10041,Mini Maple Pancakes(Package),97,0,97,113,104,0,104,$40.56,0,0.00%,$0.00,$40.56,9,7.96%,$3.51,$44.07,,,,
Bull Run Elementary,5/05/2025,20001,1% White Milk(Each),63,0,63,62,58,0,58,$20.88,0,0.00%,$0.00,$20.88,4,6.45%,$1.44,$22.32,,,,
Bull Run Elementary,5/05/2025,20014,Red Delicious Apple(Each - serving),16,0,16,20,17,0,17,$5.61,0,0.00%,$0.00,$5.61,3,15.00%,$0.99,$6.60,,,,
Bull Run Elementary,5/05/2025,20038,Fat Free White Milk(Each),17,0,17,20,17,0,17,$5.61,0,0.00%,$0.00,$5.61,3,15.00%,$0.99,$6.60,,,,
Bull Run Elementary,5/05/2025,20047,Orange Slices(3 slices per 1/4 cup),13,0,13,13,13,0,13,$2.60,0,0.00%,$0.00,$2.60,0,0.00%,$0.00,$2.60,,,,
Bull Run Elementary,5/05/2025,30003,Honey Cheerios Cereal(Each),28,0,28,25,20,0,20,$11.80,0,0.00%,$0.00,$11.80,5,20.00%,$2.95,$14.75,,,,
Bull Run Elementary,5/05/2025,30004,Blueberry Chex Cereal(Each),19,0,19,12,8,0,8,$4.72,0,0.00%,$0.00,$4.72,4,33.33%,$2.36,$7.08,,,,
Bull Run Elementary,5/05/2025,30006,Cinnamon Chex Cereal(Each),24,0,24,20,15,0,15,$8.85,0,0.00%,$0.00,$8.85,5,25.00%,$2.95,$11.80,,,,
Bull Run Elementary,5/05/2025,30007,"Cinnamon Toast Crunch Cereal, 25% Less Sugar(Each)",29,0,29,20,18,0,18,$10.62,0,0.00%,$0.00,$10.62,2,10.00%,$1.18,$11.80,,,,
Bull Run Elementary,5/05/2025,30008,Apple Juice(Each),98,0,98,100,95,0,95,$16.15,0,0.00%,$0.00,$16.15,5,5.00%,$0.85,$17.00,,,,
Bull Run Elementary,5/05/2025,30009,Orange Tangerine Juice(Each),49,0,49,60,54,0,54,$9.18,0,0.00%,$0.00,$9.18,6,10.00%,$1.02,$10.20,,,,
Bull Run Elementary,5/05/2025,30103,"Milk, Lactose Free,  Fat Free, Shelf-Stable(Each)",0,0,0,1,1,0,1,$0.48,0,0.00%,$0.00,$0.48,0,0.00%,$0.00,$0.48,,,,
Bull Run Elementary,5/05/2025,60034,Mandarin Orange Parfait(Parfait),13,0,13,15,12,0,12,$11.88,0,0.00%,$0.00,$11.88,3,20.00%,$2.97,$14.85,,,,
Bush Hill Elementary,5/05/2025,10041,Mini Maple Pancakes(Package),90,0,90,107,91,0,91,$35.49,0,0.00%,$0.00,$35.49,16,14.95%,$6.24,$41.73,,,,
Bush Hill Elementary,5/05/2025,20001,1% White Milk(Each),20,0,20,20,20,0,20,$7.20,0,0.00%,$0.00,$7.20,0,0.00%,$0.00,$7.20,,,,
Bush Hill Elementary,5/05/2025,20014,Red Delicious Apple(Each - serving),18,0,18,30,23,0,23,$7.59,0,0.00%,$0.00,$7.59,7,23.33%,$2.31,$9.90,,,,
Bush Hill Elementary,5/05/2025,20017,Orange(6 Slices per 1/2 cup),5,0,5,0,0,0,0,$0.00,0,0.00%,$0.00,$0.00,0,0.00%,$0.00,$0.00,,,,
Bush Hill Elementary,5/05/2025,20031,Banana(Each),10,0,10,0,0,0,0,$0.00,0,0.00%,$0.00,$0.00,0,0.00%,$0.00,$0.00,,,,
Bush Hill Elementary,5/05/2025,20038,Fat Free White Milk(Each),15,0,15,15,7,0,7,$2.31,0,0.00%,$0.00,$2.31,8,53.33%,$2.64,$4.95,,,,
Bush Hill Elementary,5/05/2025,20047,Orange Slices(3 slices per 1/4 cup),10,0,10,9,9,0,9,$1.80,0,0.00%,$0.00,$1.80,0,0.00%,$0.00,$1.80,,,,
Bush Hill Elementary,5/05/2025,30003,Honey Cheerios Cereal(Each),20,0,20,2,2,0,2,$1.18,0,0.00%,$0.00,$1.18,0,0.00%,$0.00,$1.18,,,,
Bush Hill Elementary,5/05/2025,30004,Blueberry Chex Cereal(Each),10,0,10,25,9,0,9,$5.31,1,4.00%,$0.59,$5.90,15,60.00%,$8.85,$14.75,,,,
Bush Hill Elementary,5/05/2025,30006,Cinnamon Chex Cereal(Each),20,0,20,13,13,0,13,$7.67,0,0.00%,$0.00,$7.67,0,0.00%,$0.00,$7.67,,,,
Bush Hill Elementary,5/05/2025,30007,"Cinnamon Toast Crunch Cereal, 25% Less Sugar(Each)",10,0,10,0,0,0,0,$0.00,0,0.00%,$0.00,$0.00,0,0.00%,$0.00,$0.00,,,,
Bush Hill Elementary,5/05/2025,30008,Apple Juice(Each),90,0,90,89,87,0,87,$14.79,0,0.00%,$0.00,$14.79,2,2.25%,$0.34,$15.13,,,,
Bush Hill Elementary,5/05/2025,30009,Orange Tangerine Juice(Each),50,0,50,50,34,0,34,$5.78,1,2.00%,$0.17,$5.95,15,30.00%,$2.55,$8.50,,,,
Bush Hill Elementary,5/05/2025,60034,Mandarin Orange Parfait(Parfait),10,0,10,0,0,0,0,$0.00,0,0.00%,$0.00,$0.00,0,0.00%,$0.00,$0.00,,,,
Bush Hill Elementary,5/05/2025,60099,"Parfait, Triple Berry(Parfait)",0,0,0,6,6,0,6,$4.08,0,0.00%,$0.00,$4.08,0,0.00%,$0.00,$4.08,,,,
CHANTILLY HS,5/05/2025,10020,Bagel(Bagel),0,0,0,18,16,2,18,$5.76,0,0.00%,$0.00,$5.76,0,0.00%,$0.00,$5.76,,,,
CHANTILLY HS,5/05/2025,10021,Apple Cinnamon Bread(1oz Grain (1/64 Baked Pan)),0,0,0,26,22,4,26,$10.66,0,0.00%,$0.00,$10.66,0,0.00%,$0.00,$10.66,,,,
CHANTILLY HS,5/05/2025,10041,Mini Maple Pancakes(Package),100,25,125,88,71,0,71,$27.69,0,0.00%,$0.00,$27.69,17,19.32%,$6.63,$34.32,,,,
CHANTILLY HS,5/05/2025,20009,Cream Cheese(Each),0,0,0,18,16,2,18,$5.22,0,0.00%,$0.00,$5.22,0,0.00%,$0.00,$5.22,,,,
CHANTILLY HS,5/05/2025,20014,Red Delicious Apple(Each - serving),15,5,20,38,27,0,27,$8.91,0,0.00%,$0.00,$8.91,11,28.95%,$3.63,$12.54,,,,
CHANTILLY HS,5/05/2025,20017,Orange(6 Slices per 1/2 cup),15,5,20,20,2,0,2,$0.68,0,0.00%,$0.00,$0.68,18,90.00%,$6.12,$6.80,,,,
CHANTILLY HS,5/05/2025,30003,Honey Cheerios Cereal(Each),10,2,12,18,7,0,7,$4.13,0,0.00%,$0.00,$4.13,11,61.11%,$6.49,$10.62,,,,
CHANTILLY HS,5/05/2025,30004,Blueberry Chex Cereal(Each),10,2,12,12,7,0,7,$4.13,0,0.00%,$0.00,$4.13,5,41.67%,$2.95,$7.08,,,,
CHANTILLY HS,5/05/2025,30007,"Cinnamon Toast Crunch Cereal, 25% Less Sugar(Each)",24,6,30,18,18,0,18,$10.62,0,0.00%,$0.00,$10.62,0,0.00%,$0.00,$10.62,,,,
CHANTILLY HS,5/05/2025,30008,Apple Juice(Each),160,20,180,200,111,15,126,$21.42,0,0.00%,$0.00,$21.42,74,37.00%,$12.58,$34.00,,,,
CHANTILLY HS,5/05/2025,30009,Orange Tangerine Juice(Each),80,20,100,130,63,0,63,$10.71,0,0.00%,$0.00,$10.71,67,51.54%,$11.39,$22.10,,,,
CHANTILLY HS,5/05/2025,30043,Raspberry Lemonade Flavored Dried Cranberries(2 Eaches),0,0,0,24,11,1,12,$5.76,0,0.00%,$0.00,$5.76,12,50.00%,$5.76,$11.52,,,,
CHANTILLY HS,5/05/2025,30051,Natural Grape Jam(Packet),50,25,75,60,55,0,55,$4.95,0,0.00%,$0.00,$4.95,5,8.33%,$0.45,$5.40,,,,
CHANTILLY HS,5/05/2025,30093,Natural Breakfast Syrup(Each),100,25,125,100,65,0,65,$13.00,0,0.00%,$0.00,$13.00,35,35.00%,$7.00,$20.00,,,,
CHANTILLY HS,5/05/2025,30097,Bottled Water(Bottle),0,0,0,18,0,7,7,$0.00,0,0.00%,$0.00,$0.00,11,61.11%,$0.00,$0.00,,,,
CHANTILLY HS,5/05/2025,30103,"Milk, Lactose Free,  Fat Free, Shelf-Stable(Each)",0,0,0,171,32,0,32,$15.36,0,0.00%,$0.00,$15.36,139,81.29%,$66.72,$82.08,,,,
CHANTILLY HS,5/05/2025,60004,Egg and American Cheese on English Muffin(Sandwich),0,0,0,48,32,2,34,$17.34,0,0.00%,$0.00,$17.34,14,29.17%,$7.14,$24.48,,,,
CHANTILLY HS,5/05/2025,60096,Strawberry Parfait(Parfait),15,5,20,14,14,0,14,$13.86,0,0.00%,$0.00,$13.86,0,0.00%,$0.00,$13.86,,,,
Camelot Elementary,5/05/2025,10020,Bagel(Bagel),0,0,0,22,22,0,22,$7.04,0,0.00%,$0.00,$7.04,0,0.00%,$0.00,$7.04,,,,
Camelot Elementary,5/05/2025,10021,Apple Cinnamon Bread(1oz Grain (1/64 Baked Pan)),0,0,0,55,51,2,53,$21.73,0,0.00%,$0.00,$21.73,2,3.64%,$0.82,$22.55,,,,
Camelot Elementary,5/05/2025,10041,Mini Maple Pancakes(Package),100,0,100,100,80,9,89,$34.71,0,0.00%,$0.00,$34.71,11,11.00%,$4.29,$39.00,,,,
Camelot Elementary,5/05/2025,20001,1% White Milk(Each),54,0,54,57,52,0,52,$18.72,0,0.00%,$0.00,$18.72,5,8.77%,$1.80,$20.52,,,,
Camelot Elementary,5/05/2025,20009,Cream Cheese(Each),0,0,0,22,22,0,22,$6.38,0,0.00%,$0.00,$6.38,0,0.00%,$0.00,$6.38,,,,
Camelot Elementary,5/05/2025,20017,Orange(6 Slices per 1/2 cup),20,0,20,25,24,0,24,$8.16,0,0.00%,$0.00,$8.16,1,4.00%,$0.34,$8.50,,,,
Camelot Elementary,5/05/2025,20038,Fat Free White Milk(Each),25,0,25,30,25,0,25,$8.25,0,0.00%,$0.00,$8.25,5,16.67%,$1.65,$9.90,,,,
Camelot Elementary,5/05/2025,20047,Orange Slices(3 slices per 1/4 cup),20,0,20,22,22,0,22,$4.40,0,0.00%,$0.00,$4.40,0,0.00%,$0.00,$4.40,,,,
Camelot Elementary,5/05/2025,30004,Blueberry Chex Cereal(Each),14,0,14,15,12,0,12,$7.08,0,0.00%,$0.00,$7.08,3,20.00%,$1.77,$8.85,,,,
Camelot Elementary,5/05/2025,30006,Cinnamon Chex Cereal(Each),15,0,15,15,14,0,14,$8.26,0,0.00%,$0.00,$8.26,1,6.67%,$0.59,$8.85,,,,
Camelot Elementary,5/05/2025,30007,"Cinnamon Toast Crunch Cereal, 25% Less Sugar(Each)",9,0,9,11,10,0,10,$5.90,0,0.00%,$0.00,$5.90,1,9.09%,$0.59,$6.49,,,,
Camelot Elementary,5/05/2025,30008,Apple Juice(Each),99,0,99,108,107,0,107,$18.19,0,0.00%,$0.00,$18.19,1,0.93%,$0.17,$18.36,,,,
Camelot Elementary,5/05/2025,30009,Orange Tangerine Juice(Each),78,0,78,80,67,0,67,$11.39,0,0.00%,$0.00,$11.39,13,16.25%,$2.21,$13.60,,,,
Camelot Elementary,5/05/2025,60099,"Parfait, Triple Berry(Parfait)",0,0,0,5,0,0,0,$0.00,0,0.00%,$0.00,$0.00,5,100.00%,$0.00,$0.00,,,,
Cameron Elementary,5/05/2025,10041,Mini Maple Pancakes(Package),251,0,251,288,223,0,223,$86.97,0,0.00%,$0.00,$86.97,65,22.57%,$25.35,$112.32,,,,
Cameron Elementary,5/05/2025,20001,1% White Milk(Each),151,0,151,156,156,0,156,$56.16,0,0.00%,$0.00,$56.16,0,0.00%,$0.00,$56.16,,,,
Cameron Elementary,5/05/2025,20014,Red Delicious Apple(Each - serving),164,0,164,24,5,0,5,$1.65,0,0.00%,$0.00,$1.65,19,79.17%,$6.27,$7.92,,,,
Cameron Elementary,5/05/2025,20047,Orange Slices(3 slices per 1/4 cup),59,0,59,56,56,0,56,$11.20,0,0.00%,$0.00,$11.20,0,0.00%,$0.00,$11.20,,,,
Cameron Elementary,5/05/2025,30004,Blueberry Chex Cereal(Each),48,0,48,60,27,0,27,$15.93,0,0.00%,$0.00,$15.93,33,55.00%,$19.47,$35.40,,,,
Cameron Elementary,5/05/2025,30006,Cinnamon Chex Cereal(Each),9,0,9,60,39,0,39,$23.01,0,0.00%,$0.00,$23.01,21,35.00%,$12.39,$35.40,,,,
Cameron Elementary,5/05/2025,30007,"Cinnamon Toast Crunch Cereal, 25% Less Sugar(Each)",94,0,94,30,30,0,30,$17.70,0,0.00%,$0.00,$17.70,0,0.00%,$0.00,$17.70,,,,
Cameron Elementary,5/05/2025,30008,Apple Juice(Each),183,0,183,222,222,0,222,$37.74,0,0.00%,$0.00,$37.74,0,0.00%,$0.00,$37.74,,,,
Cameron Elementary,5/05/2025,30009,Orange Tangerine Juice(Each),120,0,120,160,144,0,144,$24.48,0,0.00%,$0.00,$24.48,16,10.00%,$2.72,$27.20,,,,
Cameron Elementary,5/05/2025,60099,"Parfait, Triple Berry(Parfait)",0,0,0,30,30,0,30,$20.40,0,0.00%,$0.00,$20.40,0,0.00%,$0.00,$20.40,,,,
Canterbury Woods Elementary,5/05/2025,10041,Mini Maple Pancakes(Package),0,0,0,40,40,0,40,$15.60,0,0.00%,$0.00,$15.60,0,0.00%,$0.00,$15.60,,,,
Canterbury Woods Elementary,5/05/2025,20001,1% White Milk(Each),4,0,4,8,4,0,4,$1.44,0,0.00%,$0.00,$1.44,4,50.00%,$1.44,$2.88,,,,
Canterbury Woods Elementary,5/05/2025,20015,Golden Delicious Apple(Each),0,0,0,15,15,0,15,$4.65,0,0.00%,$0.00,$4.65,0,0.00%,$0.00,$4.65,,,,
Canterbury Woods Elementary,5/05/2025,20038,Fat Free White Milk(Each),2,0,2,3,1,0,1,$0.33,0,0.00%,$0.00,$0.33,2,66.67%,$0.66,$0.99,,,,
Canterbury Woods Elementary,5/05/2025,30003,Honey Cheerios Cereal(Each),0,0,0,10,7,0,7,$4.13,0,0.00%,$0.00,$4.13,3,30.00%,$1.77,$5.90,,,,
Canterbury Woods Elementary,5/05/2025,30004,Blueberry Chex Cereal(Each),0,0,0,3,2,0,2,$1.18,0,0.00%,$0.00,$1.18,1,33.33%,$0.59,$1.77,,,,
Canterbury Woods Elementary,5/05/2025,30006,Cinnamon Chex Cereal(Each),0,0,0,10,4,0,4,$2.36,0,0.00%,$0.00,$2.36,6,60.00%,$3.54,$5.90,,,,
Canterbury Woods Elementary,5/05/2025,30007,"Cinnamon Toast Crunch Cereal, 25% Less Sugar(Each)",0,0,0,10,2,0,2,$1.18,0,0.00%,$0.00,$1.18,8,80.00%,$4.72,$5.90,,,,
Canterbury Woods Elementary,5/05/2025,30008,Apple Juice(Each),40,0,40,40,40,0,40,$6.80,0,0.00%,$0.00,$6.80,0,0.00%,$0.00,$6.80,,,,
Canterbury Woods Elementary,5/05/2025,30009,Orange Tangerine Juice(Each),24,0,24,30,22,2,24,$4.08,0,0.00%,$0.00,$4.08,6,20.00%,$1.02,$5.10,,,,
Canterbury Woods Elementary,5/05/2025,30093,Natural Breakfast Syrup(Each),0,0,0,40,40,0,40,$8.00,0,0.00%,$0.00,$8.00,0,0.00%,$0.00,$8.00,,,,
Canterbury Woods Elementary,5/05/2025,60032,Blueberry Parfait(Parfait),0,0,0,2,2,0,2,$2.18,0,0.00%,$0.00,$2.18,0,0.00%,$0.00,$2.18,,,,
Canterbury Woods Elementary,5/05/2025,60164,"Sandwich, Breakfast. Bagel, Turkey Sausage(Sandwich)",0,0,0,5,5,0,5,$2.70,0,0.00%,$0.00,$2.70,0,0.00%,$0.00,$2.70,,,,
Cardinal Forest Elementary,5/05/2025,10020,Bagel(Bagel),0,0,0,15,15,0,15,$4.80,0,0.00%,$0.00,$4.80,0,0.00%,$0.00,$4.80,,,,
Cardinal Forest Elementary,5/05/2025,10041,Mini Maple Pancakes(Package),58,0,58,88,87,1,88,$34.32,0,0.00%,$0.00,$34.32,0,0.00%,$0.00,$34.32,,,,
Cardinal Forest Elementary,5/05/2025,20001,1% White Milk(Each),33,0,33,83,22,0,22,$7.92,0,0.00%,$0.00,$7.92,61,73.49%,$21.96,$29.88,,,,
Cardinal Forest Elementary,5/05/2025,20014,Red Delicious Apple(Each - serving),41,0,41,5,5,0,5,$1.65,0,0.00%,$0.00,$1.65,0,0.00%,$0.00,$1.65,,,,
Cardinal Forest Elementary,5/05/2025,20047,Orange Slices(3 slices per 1/4 cup),17,0,17,15,15,0,15,$3.00,0,0.00%,$0.00,$3.00,0,0.00%,$0.00,$3.00,,,,
Cardinal Forest Elementary,5/05/2025,30003,Honey Cheerios Cereal(Each),11,0,11,0,0,0,0,$0.00,0,0.00%,$0.00,$0.00,0,0.00%,$0.00,$0.00,,,,
Cardinal Forest Elementary,5/05/2025,30004,Blueberry Chex Cereal(Each),11,0,11,2,2,0,2,$1.18,0,0.00%,$0.00,$1.18,0,0.00%,$0.00,$1.18,,,,
Cardinal Forest Elementary,5/05/2025,30006,Cinnamon Chex Cereal(Each),11,0,11,2,2,0,2,$1.18,0,0.00%,$0.00,$1.18,0,0.00%,$0.00,$1.18,,,,
Cardinal Forest Elementary,5/05/2025,30007,"Cinnamon Toast Crunch Cereal, 25% Less Sugar(Each)",11,0,11,14,9,4,13,$7.67,0,0.00%,$0.00,$7.67,1,7.14%,$0.59,$8.26,,,,
Cardinal Forest Elementary,5/05/2025,30008,Apple Juice(Each),56,0,56,100,100,0,100,$17.00,0,0.00%,$0.00,$17.00,0,0.00%,$0.00,$17.00,,,,
Cardinal Forest Elementary,5/05/2025,30009,Orange Tangerine Juice(Each),31,0,31,40,30,0,30,$5.10,0,0.00%,$0.00,$5.10,10,25.00%,$1.70,$6.80,,,,
Cardinal Forest Elementary,5/05/2025,30044,Strawberry Flavored Dried Cranberries(2 Eaches),0,0,0,25,25,0,25,$12.00,0,0.00%,$0.00,$12.00,0,0.00%,$0.00,$12.00,,,,
Cardinal Forest Elementary,5/05/2025,30102,1% Unflavored Shelf-Stable Milk(Each),0,0,0,30,30,0,30,$11.40,0,0.00%,$0.00,$11.40,0,0.00%,$0.00,$11.40,,,,
Cardinal Forest Elementary,5/05/2025,60034,Mandarin Orange Parfait(Parfait),5,0,5,4,3,1,4,$3.96,0,0.00%,$0.00,$3.96,0,0.00%,$0.00,$3.96,,,,
Carson Middle,5/05/2025,10041,Mini Maple Pancakes(Package),27,2,29,112,74,9,83,$32.37,0,0.00%,$0.00,$32.37,29,25.89%,$11.31,$43.68,,,,
Carson Middle,5/05/2025,20001,1% White Milk(Each),28,0,28,35,33,0,33,$11.88,0,0.00%,$0.00,$11.88,2,5.71%,$0.72,$12.60,,,,
Carson Middle,5/05/2025,20017,Orange(6 Slices per 1/2 cup),5,0,5,12,9,0,9,$3.06,0,0.00%,$0.00,$3.06,3,25.00%,$1.02,$4.08,,,,
Carson Middle,5/05/2025,20018,Red Seedless Grapes(16 grapes per 1/2 cup),0,0,0,8,8,0,8,$4.08,0,0.00%,$0.00,$4.08,0,0.00%,$0.00,$4.08,,,,
Carson Middle,5/05/2025,20038,Fat Free White Milk(Each),19,0,19,30,27,0,27,$8.91,0,0.00%,$0.00,$8.91,3,10.00%,$0.99,$9.90,,,,
Carson Middle,5/05/2025,30003,Honey Cheerios Cereal(Each),29,0,29,18,18,0,18,$10.62,0,0.00%,$0.00,$10.62,0,0.00%,$0.00,$10.62,,,,
Carson Middle,5/05/2025,30006,Cinnamon Chex Cereal(Each),14,0,14,18,16,0,16,$9.44,0,0.00%,$0.00,$9.44,2,11.11%,$1.18,$10.62,,,,
Carson Middle,5/05/2025,30008,Apple Juice(Each),53,4,57,90,64,3,67,$11.39,0,0.00%,$0.00,$11.39,23,25.56%,$3.91,$15.30,,,,
Carson Middle,5/05/2025,30009,Orange Tangerine Juice(Each),25,0,25,40,40,0,40,$6.80,0,0.00%,$0.00,$6.80,0,0.00%,$0.00,$6.80,,,,
Carson Middle,5/05/2025,30093,Natural Breakfast Syrup(Each),75,0,75,100,100,0,100,$20.00,0,0.00%,$0.00,$20.00,0,0.00%,$0.00,$20.00,,,,
Carson Middle,5/05/2025,60034,Mandarin Orange Parfait(Parfait),5,0,5,6,4,0,4,$3.96,2,33.33%,$1.98,$5.94,0,0.00%,$0.00,$5.94,,,,
Centre Ridge Elementary,5/05/2025,10020,Bagel(Bagel),36,0,36,35,35,0,35,$11.20,0,0.00%,$0.00,$11.20,0,0.00%,$0.00,$11.20,,,,
Centre Ridge Elementary,5/05/2025,10021,Apple Cinnamon Bread(1oz Grain (1/64 Baked Pan)),0,0,0,18,18,0,18,$7.38,0,0.00%,$0.00,$7.38,0,0.00%,$0.00,$7.38,,,,
Centre Ridge Elementary,5/05/2025,10041,Mini Maple Pancakes(Package),0,0,0,144,116,0,116,$45.24,0,0.00%,$0.00,$45.24,28,19.44%,$10.92,$56.16,,,,
Centre Ridge Elementary,5/05/2025,20001,1% White Milk(Each),105,0,105,138,90,0,90,$32.40,0,0.00%,$0.00,$32.40,48,34.78%,$17.28,$49.68,,,,
Centre Ridge Elementary,5/05/2025,20009,Cream Cheese(Each),36,0,36,35,35,0,35,$10.15,0,0.00%,$0.00,$10.15,0,0.00%,$0.00,$10.15,,,,
Centre Ridge Elementary,5/05/2025,20014,Red Delicious Apple(Each - serving),25,0,25,20,20,0,20,$6.60,0,0.00%,$0.00,$6.60,0,0.00%,$0.00,$6.60,,,,
Centre Ridge Elementary,5/05/2025,20017,Orange(6 Slices per 1/2 cup),0,0,0,0,0,0,0,$0.00,0,0.00%,$0.00,$0.00,0,0.00%,$0.00,$0.00,,,,
Centre Ridge Elementary,5/05/2025,20031,Banana(Each),25,0,25,0,0,0,0,$0.00,0,0.00%,$0.00,$0.00,0,0.00%,$0.00,$0.00,,,,
Centre Ridge Elementary,5/05/2025,20038,Fat Free White Milk(Each),25,0,25,50,26,0,26,$8.58,0,0.00%,$0.00,$8.58,24,48.00%,$7.92,$16.50,,,,
Centre Ridge Elementary,5/05/2025,20043,"Lactose Free, White Milk(Each)",0,0,0,2,2,0,2,$1.16,0,0.00%,$0.00,$1.16,0,0.00%,$0.00,$1.16,,,,
Centre Ridge Elementary,5/05/2025,20047,Orange Slices(3 slices per 1/4 cup),36,0,36,35,35,0,35,$7.00,0,0.00%,$0.00,$7.00,0,0.00%,$0.00,$7.00,,,,
Centre Ridge Elementary,5/05/2025,30003,Honey Cheerios Cereal(Each),29,0,29,189,189,0,189,$111.51,0,0.00%,$0.00,$111.51,0,0.00%,$0.00,$111.51,,,,
Centre Ridge Elementary,5/05/2025,30004,Blueberry Chex Cereal(Each),42,0,42,85,46,0,46,$27.14,0,0.00%,$0.00,$27.14,39,45.88%,$23.01,$50.15,,,,
Centre Ridge Elementary,5/05/2025,30006,Cinnamon Chex Cereal(Each),36,0,36,66,44,0,44,$25.96,0,0.00%,$0.00,$25.96,22,33.33%,$12.98,$38.94,,,,
Centre Ridge Elementary,5/05/2025,30007,"Cinnamon Toast Crunch Cereal, 25% Less Sugar(Each)",46,0,46,0,0,0,0,$0.00,0,0.00%,$0.00,$0.00,0,0.00%,$0.00,$0.00,,,,
Centre Ridge Elementary,5/05/2025,30008,Apple Juice(Each),124,0,124,160,160,0,160,$27.20,0,0.00%,$0.00,$27.20,0,0.00%,$0.00,$27.20,,,,
Centre Ridge Elementary,5/05/2025,30009,Orange Tangerine Juice(Each),106,0,106,160,82,0,82,$13.94,0,0.00%,$0.00,$13.94,78,48.75%,$13.26,$27.20,,,,
Centre Ridge Elementary,5/05/2025,60034,Mandarin Orange Parfait(Parfait),22,0,22,0,0,0,0,$0.00,0,0.00%,$0.00,$0.00,0,0.00%,$0.00,$0.00,,,,
Centreville Elementary,5/05/2025,10041,Mini Maple Pancakes(Package),149,0,149,143,135,0,135,$52.65,0,0.00%,$0.00,$52.65,8,5.59%,$3.12,$55.77,,,,
Centreville Elementary,5/05/2025,20001,1% White Milk(Each),55,0,55,49,46,0,46,$16.56,0,0.00%,$0.00,$16.56,3,6.12%,$1.08,$17.64,,,,
Centreville Elementary,5/05/2025,20014,Red Delicious Apple(Each - serving),50,0,50,50,47,0,47,$15.51,0,0.00%,$0.00,$15.51,3,6.00%,$0.99,$16.50,,,,
Centreville Elementary,5/05/2025,20017,Orange(6 Slices per 1/2 cup),0,0,0,0,0,0,0,$0.00,0,0.00%,$0.00,$0.00,0,0.00%,$0.00,$0.00,,,,
Centreville Elementary,5/05/2025,20031,Banana(Each),0,0,0,0,0,0,0,$0.00,0,0.00%,$0.00,$0.00,0,0.00%,$0.00,$0.00,,,,
Centreville Elementary,5/05/2025,20038,Fat Free White Milk(Each),20,0,20,30,29,0,29,$9.57,0,0.00%,$0.00,$9.57,1,3.33%,$0.33,$9.90,,,,
Centreville Elementary,5/05/2025,20043,"Lactose Free, White Milk(Each)",1,0,1,1,1,0,1,$0.58,0,0.00%,$0.00,$0.58,0,0.00%,$0.00,$0.58,,,,
Centreville Elementary,5/05/2025,20047,Orange Slices(3 slices per 1/4 cup),39,0,39,33,33,0,33,$6.60,0,0.00%,$0.00,$6.60,0,0.00%,$0.00,$6.60,,,,
Centreville Elementary,5/05/2025,30003,Honey Cheerios Cereal(Each),24,0,24,24,12,0,12,$7.08,0,0.00%,$0.00,$7.08,12,50.00%,$7.08,$14.16,,,,
Centreville Elementary,5/05/2025,30004,Blueberry Chex Cereal(Each),12,0,12,18,4,0,4,$2.36,0,0.00%,$0.00,$2.36,14,77.78%,$8.26,$10.62,,,,
Centreville Elementary,5/05/2025,30006,Cinnamon Chex Cereal(Each),24,0,24,30,13,0,13,$7.67,0,0.00%,$0.00,$7.67,17,56.67%,$10.03,$17.70,,,,
Centreville Elementary,5/05/2025,30007,"Cinnamon Toast Crunch Cereal, 25% Less Sugar(Each)",24,0,24,33,19,0,19,$11.21,0,0.00%,$0.00,$11.21,14,42.42%,$8.26,$19.47,,,,
Centreville Elementary,5/05/2025,30008,Apple Juice(Each),107,0,107,107,105,0,105,$17.85,0,0.00%,$0.00,$17.85,2,1.87%,$0.34,$18.19,,,,
Centreville Elementary,5/05/2025,30009,Orange Tangerine Juice(Each),40,0,40,48,45,0,45,$7.65,0,0.00%,$0.00,$7.65,3,6.25%,$0.51,$8.16,,,,
Centreville Elementary,5/05/2025,30188,"Milk, Soy, Plain, Bulk (12/32 oz)(1 cup)",1,0,1,1,1,0,1,$0.79,0,0.00%,$0.00,$0.79,0,0.00%,$0.00,$0.79,,,,
Centreville Elementary,5/05/2025,60034,Mandarin Orange Parfait(Parfait),10,0,10,7,6,0,6,$5.94,1,14.29%,$0.99,$6.93,0,0.00%,$0.00,$6.93,,,,
Centreville High,5/05/2025,10041,Mini Maple Pancakes(Package),120,0,120,136,118,0,118,$46.02,0,0.00%,$0.00,$46.02,18,13.24%,$7.02,$53.04,,,,
Centreville High,5/05/2025,20001,1% White Milk(Each),40,0,40,40,18,0,18,$6.48,0,0.00%,$0.00,$6.48,22,55.00%,$7.92,$14.40,,,,
Centreville High,5/05/2025,20014,Red Delicious Apple(Each - serving),40,0,40,40,10,0,10,$3.30,0,0.00%,$0.00,$3.30,30,75.00%,$9.90,$13.20,,,,
Centreville High,5/05/2025,20038,Fat Free White Milk(Each),30,0,30,20,7,0,7,$2.31,0,0.00%,$0.00,$2.31,13,65.00%,$4.29,$6.60,,,,
Centreville High,5/05/2025,30003,Honey Cheerios Cereal(Each),15,0,15,10,5,0,5,$2.95,0,0.00%,$0.00,$2.95,5,50.00%,$2.95,$5.90,,,,
Centreville High,5/05/2025,30004,Blueberry Chex Cereal(Each),15,0,15,10,4,0,4,$2.36,0,0.00%,$0.00,$2.36,6,60.00%,$3.54,$5.90,,,,
Centreville High,5/05/2025,30006,Cinnamon Chex Cereal(Each),25,0,25,20,10,0,10,$5.90,0,0.00%,$0.00,$5.90,10,50.00%,$5.90,$11.80,,,,
Centreville High,5/05/2025,30007,"Cinnamon Toast Crunch Cereal, 25% Less Sugar(Each)",25,0,25,20,10,0,10,$5.90,0,0.00%,$0.00,$5.90,10,50.00%,$5.90,$11.80,,,,
Centreville High,5/05/2025,30008,Apple Juice(Each),160,0,160,160,111,0,111,$18.87,0,0.00%,$0.00,$18.87,49,30.63%,$8.33,$27.20,,,,
Centreville High,5/05/2025,30009,Orange Tangerine Juice(Each),50,0,50,50,48,0,48,$8.16,0,0.00%,$0.00,$8.16,2,4.00%,$0.34,$8.50,,,,
Centreville High,5/05/2025,30051,Natural Grape Jam(Packet),60,0,60,80,15,0,15,$1.35,0,0.00%,$0.00,$1.35,65,81.25%,$5.85,$7.20,,,,
Centreville High,5/05/2025,30093,Natural Breakfast Syrup(Each),60,0,60,80,20,0,20,$4.00,0,0.00%,$0.00,$4.00,60,75.00%,$12.00,$16.00,,,,
Centreville High,5/05/2025,60099,"Parfait, Triple Berry(Parfait)",0,0,0,16,15,0,15,$10.20,0,0.00%,$0.00,$10.20,1,6.25%,$0.68,$10.88,,,,
Cherry Run Elementary,5/05/2025,10041,Mini Maple Pancakes(Package),27,0,27,21,17,2,19,$7.41,0,0.00%,$0.00,$7.41,2,9.52%,$0.78,$8.19,,,,
Cherry Run Elementary,5/05/2025,20001,1% White Milk(Each),15,0,15,19,14,0,14,$5.04,0,0.00%,$0.00,$5.04,5,26.32%,$1.80,$6.84,,,,
Cherry Run Elementary,5/05/2025,20014,Red Delicious Apple(Each - serving),17,0,17,15,14,0,14,$4.62,0,0.00%,$0.00,$4.62,1,6.67%,$0.33,$4.95,,,,
Cherry Run Elementary,5/05/2025,20047,Orange Slices(3 slices per 1/4 cup),2,0,2,2,2,0,2,$0.40,0,0.00%,$0.00,$0.40,0,0.00%,$0.00,$0.40,,,,
Cherry Run Elementary,5/05/2025,30003,Honey Cheerios Cereal(Each),8,0,8,6,4,0,4,$2.36,0,0.00%,$0.00,$2.36,2,33.33%,$1.18,$3.54,,,,
Cherry Run Elementary,5/05/2025,30004,Blueberry Chex Cereal(Each),1,0,1,6,2,0,2,$1.18,0,0.00%,$0.00,$1.18,4,66.67%,$2.36,$3.54,,,,
Cherry Run Elementary,5/05/2025,30007,"Cinnamon Toast Crunch Cereal, 25% Less Sugar(Each)",8,0,8,6,4,0,4,$2.36,0,0.00%,$0.00,$2.36,2,33.33%,$1.18,$3.54,,,,
Cherry Run Elementary,5/05/2025,30008,Apple Juice(Each),18,0,18,22,12,0,12,$2.04,0,0.00%,$0.00,$2.04,10,45.45%,$1.70,$3.74,,,,
Cherry Run Elementary,5/05/2025,30009,Orange Tangerine Juice(Each),9,0,9,20,10,0,10,$1.70,0,0.00%,$0.00,$1.70,10,50.00%,$1.70,$3.40,,,,
Cherry Run Elementary,5/05/2025,60034,Mandarin Orange Parfait(Parfait),3,0,3,2,2,0,2,$1.98,0,0.00%,$0.00,$1.98,0,0.00%,$0.00,$1.98,,,,
Chesterbrook Elementary,5/05/2025,10041,Mini Maple Pancakes(Package),14,0,14,72,25,35,60,$23.40,0,0.00%,$0.00,$23.40,12,16.67%,$4.68,$28.08,,,,
Chesterbrook Elementary,5/05/2025,20001,1% White Milk(Each),3,0,3,6,4,0,4,$1.44,0,0.00%,$0.00,$1.44,2,33.33%,$0.72,$2.16,,,,
Chesterbrook Elementary,5/05/2025,20018,Red Seedless Grapes(16 grapes per 1/2 cup),0,0,0,10,8,1,9,$4.59,0,0.00%,$0.00,$4.59,1,10.00%,$0.51,$5.10,,,,
Chesterbrook Elementary,5/05/2025,20038,Fat Free White Milk(Each),2,0,2,6,6,0,6,$1.98,0,0.00%,$0.00,$1.98,0,0.00%,$0.00,$1.98,,,,
Chesterbrook Elementary,5/05/2025,30003,Honey Cheerios Cereal(Each),4,0,4,15,3,9,12,$7.08,0,0.00%,$0.00,$7.08,3,20.00%,$1.77,$8.85,,,,
Chesterbrook Elementary,5/05/2025,30004,Blueberry Chex Cereal(Each),4,0,4,15,7,6,13,$7.67,0,0.00%,$0.00,$7.67,2,13.33%,$1.18,$8.85,,,,
Chesterbrook Elementary,5/05/2025,30006,Cinnamon Chex Cereal(Each),4,0,4,15,5,5,10,$5.90,0,0.00%,$0.00,$5.90,5,33.33%,$2.95,$8.85,,,,
Chesterbrook Elementary,5/05/2025,30007,"Cinnamon Toast Crunch Cereal, 25% Less Sugar(Each)",3,0,3,12,0,8,8,$0.00,0,0.00%,$0.00,$0.00,4,33.33%,$0.00,$0.00,,,,
Chesterbrook Elementary,5/05/2025,30008,Apple Juice(Each),18,0,18,40,30,10,40,$6.80,0,0.00%,$0.00,$6.80,0,0.00%,$0.00,$6.80,,,,
Chesterbrook Elementary,5/05/2025,30009,Orange Tangerine Juice(Each),11,0,11,40,13,9,22,$3.74,0,0.00%,$0.00,$3.74,18,45.00%,$3.06,$6.80,,,,
Chesterbrook Elementary,5/05/2025,30097,Bottled Water(Bottle),0,0,0,1,1,0,1,$0.16,0,0.00%,$0.00,$0.16,0,0.00%,$0.00,$0.16,,,,
Chesterbrook Elementary,5/05/2025,60034,Mandarin Orange Parfait(Parfait),1,0,1,6,3,0,3,$2.97,3,50.00%,$2.97,$5.94,0,0.00%,$0.00,$5.94,,,,
Churchill Road Elementary,5/05/2025,10041,Mini Maple Pancakes(Package),43,0,43,48,48,0,48,$18.72,0,0.00%,$0.00,$18.72,0,0.00%,$0.00,$18.72,,,,
Churchill Road Elementary,5/05/2025,20014,Red Delicious Apple(Each - serving),14,0,14,25,22,0,22,$7.26,0,0.00%,$0.00,$7.26,3,12.00%,$0.99,$8.25,,,,
Churchill Road Elementary,5/05/2025,20038,Fat Free White Milk(Each),2,0,2,2,1,0,1,$0.33,0,0.00%,$0.00,$0.33,1,50.00%,$0.33,$0.66,,,,
Churchill Road Elementary,5/05/2025,30003,Honey Cheerios Cereal(Each),8,0,8,12,11,0,11,$6.49,0,0.00%,$0.00,$6.49,1,8.33%,$0.59,$7.08,,,,
Churchill Road Elementary,5/05/2025,30004,Blueberry Chex Cereal(Each),1,0,1,6,0,0,0,$0.00,0,0.00%,$0.00,$0.00,6,100.00%,$0.00,$0.00,,,,
Churchill Road Elementary,5/05/2025,30006,Cinnamon Chex Cereal(Each),3,0,3,6,2,0,2,$1.18,0,0.00%,$0.00,$1.18,4,66.67%,$2.36,$3.54,,,,
Churchill Road Elementary,5/05/2025,30007,"Cinnamon Toast Crunch Cereal, 25% Less Sugar(Each)",6,0,6,12,9,0,9,$5.31,0,0.00%,$0.00,$5.31,3,25.00%,$1.77,$7.08,,,,
Churchill Road Elementary,5/05/2025,30008,Apple Juice(Each),55,0,55,80,56,0,56,$9.52,0,0.00%,$0.00,$9.52,24,30.00%,$4.08,$13.60,,,,
Churchill Road Elementary,5/05/2025,30009,Orange Tangerine Juice(Each),42,0,42,40,20,0,20,$3.40,0,0.00%,$0.00,$3.40,20,50.00%,$3.40,$6.80,,,,
Churchill Road Elementary,5/05/2025,30051,Natural Grape Jam(Packet),5,0,5,20,0,0,0,$0.00,0,0.00%,$0.00,$0.00,20,100.00%,$0.00,$0.00,,,,
Churchill Road Elementary,5/05/2025,30093,Natural Breakfast Syrup(Each),18,0,18,24,16,0,16,$3.20,0,0.00%,$0.00,$3.20,8,33.33%,$1.60,$4.80,,,,
Churchill Road Elementary,5/05/2025,30102,1% Unflavored Shelf-Stable Milk(Each),0,0,0,6,3,0,3,$1.14,0,0.00%,$0.00,$1.14,3,50.00%,$1.14,$2.28,,,,
Churchill Road Elementary,5/05/2025,60034,Mandarin Orange Parfait(Parfait),5,0,5,6,2,0,2,$1.98,0,0.00%,$0.00,$1.98,4,66.67%,$3.96,$5.94,,,,
Clearview Elementary,5/05/2025,10041,Mini Maple Pancakes(Package),137,0,137,160,149,0,149,$58.11,1,0.63%,$0.39,$58.50,10,6.25%,$3.90,$62.40,,,,
Clearview Elementary,5/05/2025,20001,1% White Milk(Each),147,0,147,105,104,0,104,$37.44,1,0.95%,$0.36,$37.80,0,0.00%,$0.00,$37.80,,,,
Clearview Elementary,5/05/2025,20013,Gala Apple(Each),0,0,0,50,50,0,50,$18.50,0,0.00%,$0.00,$18.50,0,0.00%,$0.00,$18.50,,,,
Clearview Elementary,5/05/2025,20017,Orange(6 Slices per 1/2 cup),27,0,27,50,50,0,50,$17.00,0,0.00%,$0.00,$17.00,0,0.00%,$0.00,$17.00,,,,
Clearview Elementary,5/05/2025,20038,Fat Free White Milk(Each),18,0,18,40,40,0,40,$13.20,0,0.00%,$0.00,$13.20,0,0.00%,$0.00,$13.20,,,,
Clearview Elementary,5/05/2025,20043,"Lactose Free, White Milk(Each)",0,0,0,5,5,0,5,$2.90,0,0.00%,$0.00,$2.90,0,0.00%,$0.00,$2.90,,,,
Clearview Elementary,5/05/2025,20047,Orange Slices(3 slices per 1/4 cup),85,0,85,60,59,0,59,$11.80,1,1.67%,$0.20,$12.00,0,0.00%,$0.00,$12.00,,,,
Clearview Elementary,5/05/2025,30003,Honey Cheerios Cereal(Each),18,0,18,18,16,0,16,$9.44,0,0.00%,$0.00,$9.44,2,11.11%,$1.18,$10.62,,,,
Clearview Elementary,5/05/2025,30004,Blueberry Chex Cereal(Each),5,0,5,18,17,0,17,$10.03,0,0.00%,$0.00,$10.03,1,5.56%,$0.59,$10.62,,,,
Clearview Elementary,5/05/2025,30006,Cinnamon Chex Cereal(Each),22,0,22,18,15,0,15,$8.85,0,0.00%,$0.00,$8.85,3,16.67%,$1.77,$10.62,,,,
Clearview Elementary,5/05/2025,30007,"Cinnamon Toast Crunch Cereal, 25% Less Sugar(Each)",24,0,24,18,17,0,17,$10.03,0,0.00%,$0.00,$10.03,1,5.56%,$0.59,$10.62,,,,
Clearview Elementary,5/05/2025,30008,Apple Juice(Each),112,0,112,91,90,0,90,$15.30,0,0.00%,$0.00,$15.30,1,1.10%,$0.17,$15.47,,,,
Clearview Elementary,5/05/2025,30009,Orange Tangerine Juice(Each),77,0,77,113,80,0,80,$13.60,0,0.00%,$0.00,$13.60,33,29.20%,$5.61,$19.21,,,,
Clearview Elementary,5/05/2025,30188,"Milk, Soy, Plain, Bulk (12/32 oz)(1 cup)",0,0,0,1,1,0,1,$0.79,0,0.00%,$0.00,$0.79,0,0.00%,$0.00,$0.79,,,,
Clearview Elementary,5/05/2025,60099,"Parfait, Triple Berry(Parfait)",0,0,0,10,8,0,8,$5.44,2,20.00%,$1.36,$6.80,0,0.00%,$0.00,$6.80,,,,
Clermont Elementary,5/05/2025,10041,Mini Maple Pancakes(Package),72,0,72,74,55,6,61,$23.79,0,0.00%,$0.00,$23.79,13,17.57%,$5.07,$28.86,,,,
Clermont Elementary,5/05/2025,20001,1% White Milk(Each),12,0,12,27,20,0,20,$7.20,0,0.00%,$0.00,$7.20,7,25.93%,$2.52,$9.72,,,,
Clermont Elementary,5/05/2025,20015,Golden Delicious Apple(Each),0,0,0,15,13,0,13,$4.03,0,0.00%,$0.00,$4.03,2,13.33%,$0.62,$4.65,,,,
Clermont Elementary,5/05/2025,20038,Fat Free White Milk(Each),8,0,8,10,7,0,7,$2.31,0,0.00%,$0.00,$2.31,3,30.00%,$0.99,$3.30,,,,
Clermont Elementary,5/05/2025,30007,"Cinnamon Toast Crunch Cereal, 25% Less Sugar(Each)",13,0,13,48,22,3,25,$14.75,0,0.00%,$0.00,$14.75,23,47.92%,$13.57,$28.32,,,,
Clermont Elementary,5/05/2025,30008,Apple Juice(Each),33,0,33,71,55,0,55,$9.35,0,0.00%,$0.00,$9.35,16,22.54%,$2.72,$12.07,,,,
Clermont Elementary,5/05/2025,30009,Orange Tangerine Juice(Each),33,0,33,38,32,0,32,$5.44,0,0.00%,$0.00,$5.44,6,15.79%,$1.02,$6.46,,,,
Clermont Elementary,5/05/2025,30051,Natural Grape Jam(Packet),20,0,20,10,4,0,4,$0.36,0,0.00%,$0.00,$0.36,6,60.00%,$0.54,$0.90,,,,
Clermont Elementary,5/05/2025,30093,Natural Breakfast Syrup(Each),30,0,30,40,28,0,28,$5.60,0,0.00%,$0.00,$5.60,12,30.00%,$2.40,$8.00,,,,
Clermont Elementary,5/05/2025,60034,Mandarin Orange Parfait(Parfait),4,0,4,3,2,0,2,$1.98,1,33.33%,$0.99,$2.97,0,0.00%,$0.00,$2.97,,,,
Clermont Elementary,5/05/2025,60096,Strawberry Parfait(Parfait),0,0,0,5,5,0,5,$4.95,0,0.00%,$0.00,$4.95,0,0.00%,$0.00,$4.95,,,,
Coates Elementary,5/05/2025,10041,Mini Maple Pancakes(Package),217,0,217,286,265,0,265,$103.35,0,0.00%,$0.00,$103.35,21,7.34%,$8.19,$111.54,,,,
Coates Elementary,5/05/2025,20001,1% White Milk(Each),95,0,95,61,60,0,60,$21.60,0,0.00%,$0.00,$21.60,1,1.64%,$0.36,$21.96,,,,
Coates Elementary,5/05/2025,20014,Red Delicious Apple(Each - serving),50,0,50,60,46,0,46,$15.18,0,0.00%,$0.00,$15.18,14,23.33%,$4.62,$19.80,,,,
Coates Elementary,5/05/2025,20038,Fat Free White Milk(Each),88,0,88,100,51,0,51,$16.83,0,0.00%,$0.00,$16.83,49,49.00%,$16.17,$33.00,,,,
Coates Elementary,5/05/2025,30003,Honey Cheerios Cereal(Each),46,0,46,60,54,0,54,$31.86,0,0.00%,$0.00,$31.86,6,10.00%,$3.54,$35.40,,,,
Coates Elementary,5/05/2025,30004,Blueberry Chex Cereal(Each),49,0,49,95,31,0,31,$18.29,0,0.00%,$0.00,$18.29,64,67.37%,$37.76,$56.05,,,,
Coates Elementary,5/05/2025,30006,Cinnamon Chex Cereal(Each),68,0,68,95,44,0,44,$25.96,0,0.00%,$0.00,$25.96,51,53.68%,$30.09,$56.05,,,,
Coates Elementary,5/05/2025,30007,"Cinnamon Toast Crunch Cereal, 25% Less Sugar(Each)",98,0,98,140,66,0,66,$38.94,0,0.00%,$0.00,$38.94,74,52.86%,$43.66,$82.60,,,,
Coates Elementary,5/05/2025,30008,Apple Juice(Each),170,0,170,320,311,0,311,$52.87,0,0.00%,$0.00,$52.87,9,2.81%,$1.53,$54.40,,,,
Coates Elementary,5/05/2025,30009,Orange Tangerine Juice(Each),246,0,246,160,140,0,140,$23.80,0,0.00%,$0.00,$23.80,20,12.50%,$3.40,$27.20,,,,
Coates Elementary,5/05/2025,30051,Natural Grape Jam(Packet),27,0,27,100,53,0,53,$4.77,0,0.00%,$0.00,$4.77,47,47.00%,$4.23,$9.00,,,,
Coates Elementary,5/05/2025,30093,Natural Breakfast Syrup(Each),153,0,153,300,244,0,244,$48.80,0,0.00%,$0.00,$48.80,56,18.67%,$11.20,$60.00,,,,
Coates Elementary,5/05/2025,30102,1% Unflavored Shelf-Stable Milk(Each),0,0,0,54,20,0,20,$7.60,0,0.00%,$0.00,$7.60,34,62.96%,$12.92,$20.52,,,,
Coates Elementary,5/05/2025,60034,Mandarin Orange Parfait(Parfait),19,0,19,30,15,0,15,$14.85,0,0.00%,$0.00,$14.85,15,50.00%,$14.85,$29.70,,,,
Colin Powell Elementary,5/05/2025,10020,Bagel(Bagel),6,0,6,7,7,0,7,$2.24,0,0.00%,$0.00,$2.24,0,0.00%,$0.00,$2.24,,,,
Colin Powell Elementary,5/05/2025,10041,Mini Maple Pancakes(Package),0,0,0,50,42,0,42,$16.38,0,0.00%,$0.00,$16.38,8,16.00%,$3.12,$19.50,,,,
Colin Powell Elementary,5/05/2025,20001,1% White Milk(Each),15,0,15,19,15,0,15,$5.40,0,0.00%,$0.00,$5.40,4,21.05%,$1.44,$6.84,,,,
Colin Powell Elementary,5/05/2025,20009,Cream Cheese(Each),6,0,6,7,7,0,7,$2.03,0,0.00%,$0.00,$2.03,0,0.00%,$0.00,$2.03,,,,
Colin Powell Elementary,5/05/2025,20038,Fat Free White Milk(Each),10,0,10,8,6,0,6,$1.98,0,0.00%,$0.00,$1.98,2,25.00%,$0.66,$2.64,,,,
Colin Powell Elementary,5/05/2025,20047,Orange Slices(3 slices per 1/4 cup),6,0,6,7,7,0,7,$1.40,0,0.00%,$0.00,$1.40,0,0.00%,$0.00,$1.40,,,,
Colin Powell Elementary,5/05/2025,30003,Honey Cheerios Cereal(Each),6,0,6,12,5,0,5,$2.95,0,0.00%,$0.00,$2.95,7,58.33%,$4.13,$7.08,,,,
Colin Powell Elementary,5/05/2025,30004,Blueberry Chex Cereal(Each),6,0,6,1,1,0,1,$0.59,0,0.00%,$0.00,$0.59,0,0.00%,$0.00,$0.59,,,,
Colin Powell Elementary,5/05/2025,30007,"Cinnamon Toast Crunch Cereal, 25% Less Sugar(Each)",6,0,6,11,8,0,8,$4.72,0,0.00%,$0.00,$4.72,3,27.27%,$1.77,$6.49,,,,
Colin Powell Elementary,5/05/2025,30008,Apple Juice(Each),37,0,37,37,33,0,33,$5.61,0,0.00%,$0.00,$5.61,4,10.81%,$0.68,$6.29,,,,
Colin Powell Elementary,5/05/2025,30009,Orange Tangerine Juice(Each),30,0,30,30,28,0,28,$4.76,0,0.00%,$0.00,$4.76,2,6.67%,$0.34,$5.10,,,,
Colin Powell Elementary,5/05/2025,30061,Chilled Mandarin Oranges(1/2 cup (drained)),0,0,0,20,14,0,14,$4.76,0,0.00%,$0.00,$4.76,6,30.00%,$2.04,$6.80,,,,
Colin Powell Elementary,5/05/2025,60034,Mandarin Orange Parfait(Parfait),5,0,5,5,4,0,4,$3.96,0,0.00%,$0.00,$3.96,1,20.00%,$0.99,$4.95,,,,
Columbia Elementary,5/05/2025,10041,Mini Maple Pancakes(Package),82,0,82,40,27,0,27,$10.53,0,0.00%,$0.00,$10.53,13,32.50%,$5.07,$15.60,,,,
Columbia Elementary,5/05/2025,10096,"Batter, Pumpkin Bread(1oz Grain (1/64 Baked Pan))",0,0,0,26,26,0,26,$10.66,0,0.00%,$0.00,$10.66,0,0.00%,$0.00,$10.66,,,,
Columbia Elementary,5/05/2025,20001,1% White Milk(Each),29,0,29,50,26,0,26,$9.36,0,0.00%,$0.00,$9.36,24,48.00%,$8.64,$18.00,,,,
Columbia Elementary,5/05/2025,20014,Red Delicious Apple(Each - serving),15,0,15,0,0,0,0,$0.00,0,0.00%,$0.00,$0.00,0,0.00%,$0.00,$0.00,,,,
Columbia Elementary,5/05/2025,20017,Orange(6 Slices per 1/2 cup),0,0,0,0,0,0,0,$0.00,0,0.00%,$0.00,$0.00,0,0.00%,$0.00,$0.00,,,,
Columbia Elementary,5/05/2025,20031,Banana(Each),4,0,4,25,19,0,19,$3.99,0,0.00%,$0.00,$3.99,6,24.00%,$1.26,$5.25,,,,
Columbia Elementary,5/05/2025,20038,Fat Free White Milk(Each),24,0,24,100,17,0,17,$5.61,0,0.00%,$0.00,$5.61,83,83.00%,$27.39,$33.00,,,,
Columbia Elementary,5/05/2025,20047,Orange Slices(3 slices per 1/4 cup),10,0,10,10,8,0,8,$1.60,0,0.00%,$0.00,$1.60,2,20.00%,$0.40,$2.00,,,,
Columbia Elementary,5/05/2025,30003,Honey Cheerios Cereal(Each),3,0,3,24,11,0,11,$6.49,0,0.00%,$0.00,$6.49,13,54.17%,$7.67,$14.16,,,,
Columbia Elementary,5/05/2025,30004,Blueberry Chex Cereal(Each),16,0,16,12,8,0,8,$4.72,0,0.00%,$0.00,$4.72,4,33.33%,$2.36,$7.08,,,,
Columbia Elementary,5/05/2025,30006,Cinnamon Chex Cereal(Each),19,0,19,15,12,0,12,$7.08,0,0.00%,$0.00,$7.08,3,20.00%,$1.77,$8.85,,,,
Columbia Elementary,5/05/2025,30007,"Cinnamon Toast Crunch Cereal, 25% Less Sugar(Each)",20,0,20,24,18,0,18,$10.62,0,0.00%,$0.00,$10.62,6,25.00%,$3.54,$14.16,,,,
Columbia Elementary,5/05/2025,30008,Apple Juice(Each),53,0,53,45,40,0,40,$6.80,0,0.00%,$0.00,$6.80,5,11.11%,$0.85,$7.65,,,,
Columbia Elementary,5/05/2025,30009,Orange Tangerine Juice(Each),50,0,50,73,53,0,53,$9.01,0,0.00%,$0.00,$9.01,20,27.40%,$3.40,$12.41,,,,
Columbia Elementary,5/05/2025,30102,1% Unflavored Shelf-Stable Milk(Each),0,0,0,10,8,0,8,$3.04,0,0.00%,$0.00,$3.04,2,20.00%,$0.76,$3.80,,,,
Columbia Elementary,5/05/2025,60034,Mandarin Orange Parfait(Parfait),10,0,10,15,1,0,1,$0.99,0,0.00%,$0.00,$0.99,14,93.33%,$13.86,$14.85,,,,
Colvin Run Elementary,5/05/2025,10041,Mini Maple Pancakes(Package),15,0,15,40,32,7,39,$15.21,0,0.00%,$0.00,$15.21,1,2.50%,$0.39,$15.60,,,,
Colvin Run Elementary,5/05/2025,20001,1% White Milk(Each),4,0,4,6,2,1,3,$1.08,0,0.00%,$0.00,$1.08,3,50.00%,$1.08,$2.16,,,,
Colvin Run Elementary,5/05/2025,20014,Red Delicious Apple(Each - serving),3,0,3,8,3,0,3,$0.99,0,0.00%,$0.00,$0.99,5,62.50%,$1.65,$2.64,,,,
Colvin Run Elementary,5/05/2025,20038,Fat Free White Milk(Each),2,0,2,4,2,0,2,$0.66,0,0.00%,$0.00,$0.66,2,50.00%,$0.66,$1.32,,,,
Colvin Run Elementary,5/05/2025,30003,Honey Cheerios Cereal(Each),12,0,12,12,3,3,6,$3.54,0,0.00%,$0.00,$3.54,6,50.00%,$3.54,$7.08,,,,
Colvin Run Elementary,5/05/2025,30004,Blueberry Chex Cereal(Each),12,0,12,12,2,0,2,$1.18,0,0.00%,$0.00,$1.18,10,83.33%,$5.90,$7.08,,,,
Colvin Run Elementary,5/05/2025,30006,Cinnamon Chex Cereal(Each),12,0,12,12,2,3,5,$2.95,0,0.00%,$0.00,$2.95,7,58.33%,$4.13,$7.08,,,,
Colvin Run Elementary,5/05/2025,30007,"Cinnamon Toast Crunch Cereal, 25% Less Sugar(Each)",12,0,12,12,3,3,6,$3.54,0,0.00%,$0.00,$3.54,6,50.00%,$3.54,$7.08,,,,
Colvin Run Elementary,5/05/2025,30008,Apple Juice(Each),18,0,18,80,21,54,75,$12.75,0,0.00%,$0.00,$12.75,5,6.25%,$0.85,$13.60,,,,
Colvin Run Elementary,5/05/2025,30009,Orange Tangerine Juice(Each),13,0,13,24,21,0,21,$3.57,0,0.00%,$0.00,$3.57,3,12.50%,$0.51,$4.08,,,,
Colvin Run Elementary,5/05/2025,60034,Mandarin Orange Parfait(Parfait),4,0,4,4,0,1,1,$0.00,0,0.00%,$0.00,$0.00,3,75.00%,$0.00,$0.00,,,,
Cooper Middle,5/05/2025,10020,Bagel(Bagel),8,0,8,8,3,0,3,$0.96,0,0.00%,$0.00,$0.96,5,62.50%,$1.60,$2.56,,,,
Cooper Middle,5/05/2025,10040,Blueberry Muffin Top(Muffin Top),0,0,0,9,8,0,8,$3.36,1,11.11%,$0.42,$3.78,0,0.00%,$0.00,$3.78,,,,
Cooper Middle,5/05/2025,10041,Mini Maple Pancakes(Package),0,0,0,10,1,0,1,$0.39,0,0.00%,$0.00,$0.39,9,90.00%,$3.51,$3.90,,,,
Cooper Middle,5/05/2025,20001,1% White Milk(Each),2,0,2,6,2,0,2,$0.72,0,0.00%,$0.00,$0.72,4,66.67%,$1.44,$2.16,,,,
Cooper Middle,5/05/2025,20009,Cream Cheese(Each),8,0,8,8,3,0,3,$0.87,0,0.00%,$0.00,$0.87,5,62.50%,$1.45,$2.32,,,,
Cooper Middle,5/05/2025,20014,Red Delicious Apple(Each - serving),2,0,2,4,2,0,2,$0.66,0,0.00%,$0.00,$0.66,2,50.00%,$0.66,$1.32,,,,
Cooper Middle,5/05/2025,20016,String Cheese(1 Stick),0,0,0,9,8,0,8,$1.76,0,0.00%,$0.00,$1.76,1,11.11%,$0.22,$1.98,,,,
Cooper Middle,5/05/2025,20017,Orange(6 Slices per 1/2 cup),1,0,1,4,1,0,1,$0.34,0,0.00%,$0.00,$0.34,3,75.00%,$1.02,$1.36,,,,
Cooper Middle,5/05/2025,20031,Banana(Each),2,0,2,4,3,0,3,$0.63,0,0.00%,$0.00,$0.63,1,25.00%,$0.21,$0.84,,,,
Cooper Middle,5/05/2025,20038,Fat Free White Milk(Each),3,0,3,6,2,0,2,$0.66,0,0.00%,$0.00,$0.66,4,66.67%,$1.32,$1.98,,,,
Cooper Middle,5/05/2025,30003,Honey Cheerios Cereal(Each),6,0,6,10,6,0,6,$3.54,0,0.00%,$0.00,$3.54,4,40.00%,$2.36,$5.90,,,,
Cooper Middle,5/05/2025,30004,Blueberry Chex Cereal(Each),6,0,6,6,3,0,3,$1.77,0,0.00%,$0.00,$1.77,3,50.00%,$1.77,$3.54,,,,
Cooper Middle,5/05/2025,30006,Cinnamon Chex Cereal(Each),6,0,6,6,4,0,4,$2.36,0,0.00%,$0.00,$2.36,2,33.33%,$1.18,$3.54,,,,
Cooper Middle,5/05/2025,30007,"Cinnamon Toast Crunch Cereal, 25% Less Sugar(Each)",9,0,9,10,6,0,6,$3.54,0,0.00%,$0.00,$3.54,4,40.00%,$2.36,$5.90,,,,
Cooper Middle,5/05/2025,30008,Apple Juice(Each),25,0,25,30,28,0,28,$4.76,0,0.00%,$0.00,$4.76,2,6.67%,$0.34,$5.10,,,,
Cooper Middle,5/05/2025,30009,Orange Tangerine Juice(Each),6,0,6,15,12,0,12,$2.04,0,0.00%,$0.00,$2.04,3,20.00%,$0.51,$2.55,,,,
Cooper Middle,5/05/2025,30097,Bottled Water(Bottle),0,0,0,10,6,0,6,$0.96,0,0.00%,$0.00,$0.96,4,40.00%,$0.64,$1.60,,,,
Cooper Middle,5/05/2025,60034,Mandarin Orange Parfait(Parfait),1,0,1,1,0,0,0,$0.00,0,0.00%,$0.00,$0.00,1,100.00%,$0.00,$0.00,,,,
Crestwood Elementary,5/05/2025,10020,Bagel(Bagel),16,0,16,16,16,0,16,$5.12,0,0.00%,$0.00,$5.12,0,0.00%,$0.00,$5.12,,,,
Crestwood Elementary,5/05/2025,10041,Mini Maple Pancakes(Package),145,0,145,213,206,0,206,$80.34,0,0.00%,$0.00,$80.34,7,3.29%,$2.73,$83.07,,,,
Crestwood Elementary,5/05/2025,20001,1% White Milk(Each),129,0,129,142,130,0,130,$46.80,0,0.00%,$0.00,$46.80,12,8.45%,$4.32,$51.12,,,,
Crestwood Elementary,5/05/2025,20009,Cream Cheese(Each),16,0,16,16,16,0,16,$4.64,0,0.00%,$0.00,$4.64,0,0.00%,$0.00,$4.64,,,,
Crestwood Elementary,5/05/2025,20014,Red Delicious Apple(Each - serving),37,0,37,80,64,0,64,$21.12,0,0.00%,$0.00,$21.12,16,20.00%,$5.28,$26.40,,,,
Crestwood Elementary,5/05/2025,20038,Fat Free White Milk(Each),42,0,42,50,33,0,33,$10.89,0,0.00%,$0.00,$10.89,17,34.00%,$5.61,$16.50,,,,
Crestwood Elementary,5/05/2025,20043,"Lactose Free, White Milk(Each)",0,0,0,2,2,0,2,$1.16,0,0.00%,$0.00,$1.16,0,0.00%,$0.00,$1.16,,,,
Crestwood Elementary,5/05/2025,20047,Orange Slices(3 slices per 1/4 cup),51,0,51,49,49,0,49,$9.80,0,0.00%,$0.00,$9.80,0,0.00%,$0.00,$9.80,,,,
Crestwood Elementary,5/05/2025,30003,Honey Cheerios Cereal(Each),47,0,47,65,45,0,45,$26.55,0,0.00%,$0.00,$26.55,20,30.77%,$11.80,$38.35,,,,
Crestwood Elementary,5/05/2025,30007,"Cinnamon Toast Crunch Cereal, 25% Less Sugar(Each)",50,0,50,65,46,0,46,$27.14,0,0.00%,$0.00,$27.14,19,29.23%,$11.21,$38.35,,,,
Crestwood Elementary,5/05/2025,30008,Apple Juice(Each),151,0,151,154,143,0,143,$24.31,0,0.00%,$0.00,$24.31,11,7.14%,$1.87,$26.18,,,,
Crestwood Elementary,5/05/2025,30009,Orange Tangerine Juice(Each),143,0,143,154,135,0,135,$22.95,0,0.00%,$0.00,$22.95,19,12.34%,$3.23,$26.18,,,,
Crestwood Elementary,5/05/2025,60034,Mandarin Orange Parfait(Parfait),8,0,8,15,14,0,14,$13.86,0,0.00%,$0.00,$13.86,1,6.67%,$0.99,$14.85,,,,
Crossfield Elementary,5/05/2025,10020,Bagel(Bagel),0,0,0,3,3,0,3,$0.96,0,0.00%,$0.00,$0.96,0,0.00%,$0.00,$0.96,,,,
Crossfield Elementary,5/05/2025,10041,Mini Maple Pancakes(Package),23,0,23,27,27,0,27,$10.53,0,0.00%,$0.00,$10.53,0,0.00%,$0.00,$10.53,,,,
Crossfield Elementary,5/05/2025,20001,1% White Milk(Each),11,0,11,10,10,0,10,$3.60,0,0.00%,$0.00,$3.60,0,0.00%,$0.00,$3.60,,,,
Crossfield Elementary,5/05/2025,20014,Red Delicious Apple(Each - serving),19,0,19,0,0,0,0,$0.00,0,0.00%,$0.00,$0.00,0,0.00%,$0.00,$0.00,,,,
Crossfield Elementary,5/05/2025,20017,Orange(6 Slices per 1/2 cup),27,0,27,0,0,0,0,$0.00,0,0.00%,$0.00,$0.00,0,0.00%,$0.00,$0.00,,,,
Crossfield Elementary,5/05/2025,20031,Banana(Each),27,0,27,0,0,0,0,$0.00,0,0.00%,$0.00,$0.00,0,0.00%,$0.00,$0.00,,,,
Crossfield Elementary,5/05/2025,20038,Fat Free White Milk(Each),5,0,5,4,4,0,4,$1.32,0,0.00%,$0.00,$1.32,0,0.00%,$0.00,$1.32,,,,
Crossfield Elementary,5/05/2025,20047,Orange Slices(3 slices per 1/4 cup),2,0,2,3,3,0,3,$0.60,0,0.00%,$0.00,$0.60,0,0.00%,$0.00,$0.60,,,,
Crossfield Elementary,5/05/2025,30003,Honey Cheerios Cereal(Each),5,0,5,0,0,0,0,$0.00,0,0.00%,$0.00,$0.00,0,0.00%,$0.00,$0.00,,,,
Crossfield Elementary,5/05/2025,30004,Blueberry Chex Cereal(Each),3,0,3,3,3,0,3,$1.77,0,0.00%,$0.00,$1.77,0,0.00%,$0.00,$1.77,,,,
Crossfield Elementary,5/05/2025,30006,Cinnamon Chex Cereal(Each),9,0,9,9,9,0,9,$5.31,0,0.00%,$0.00,$5.31,0,0.00%,$0.00,$5.31,,,,
Crossfield Elementary,5/05/2025,30007,"Cinnamon Toast Crunch Cereal, 25% Less Sugar(Each)",7,0,7,8,8,0,8,$4.72,0,0.00%,$0.00,$4.72,0,0.00%,$0.00,$4.72,,,,
Crossfield Elementary,5/05/2025,30008,Apple Juice(Each),56,0,56,62,62,0,62,$10.54,0,0.00%,$0.00,$10.54,0,0.00%,$0.00,$10.54,,,,
Crossfield Elementary,5/05/2025,30009,Orange Tangerine Juice(Each),0,0,0,0,0,0,0,$0.00,0,0.00%,$0.00,$0.00,0,0.00%,$0.00,$0.00,,,,
Crossfield Elementary,5/05/2025,30020,Applesauce(1/2 Cup),0,0,0,17,17,0,17,$3.57,0,0.00%,$0.00,$3.57,0,0.00%,$0.00,$3.57,,,,
Crossfield Elementary,5/05/2025,60034,Mandarin Orange Parfait(Parfait),3,0,3,5,2,0,2,$1.98,3,60.00%,$2.97,$4.95,0,0.00%,$0.00,$4.95,,,,
Cub Run Elementary,5/05/2025,10041,Mini Maple Pancakes(Package),0,0,0,50,50,0,50,$19.50,0,0.00%,$0.00,$19.50,0,0.00%,$0.00,$19.50,,,,
Cub Run Elementary,5/05/2025,20014,Red Delicious Apple(Each - serving),4,0,4,6,2,0,2,$0.66,0,0.00%,$0.00,$0.66,4,66.67%,$1.32,$1.98,,,,
Cub Run Elementary,5/05/2025,20047,Orange Slices(3 slices per 1/4 cup),2,0,2,2,2,0,2,$0.40,0,0.00%,$0.00,$0.40,0,0.00%,$0.00,$0.40,,,,
Cub Run Elementary,5/05/2025,30003,Honey Cheerios Cereal(Each),22,0,22,10,2,0,2,$1.18,0,0.00%,$0.00,$1.18,8,80.00%,$4.72,$5.90,,,,
Cub Run Elementary,5/05/2025,30004,Blueberry Chex Cereal(Each),3,0,3,0,0,0,0,$0.00,0,0.00%,$0.00,$0.00,0,0.00%,$0.00,$0.00,,,,
Cub Run Elementary,5/05/2025,30006,Cinnamon Chex Cereal(Each),8,0,8,10,7,0,7,$4.13,0,0.00%,$0.00,$4.13,3,30.00%,$1.77,$5.90,,,,
Cub Run Elementary,5/05/2025,30007,"Cinnamon Toast Crunch Cereal, 25% Less Sugar(Each)",7,0,7,20,17,0,17,$10.03,0,0.00%,$0.00,$10.03,3,15.00%,$1.77,$11.80,,,,
Cub Run Elementary,5/05/2025,30008,Apple Juice(Each),53,0,53,67,51,0,51,$8.67,0,0.00%,$0.00,$8.67,16,23.88%,$2.72,$11.39,,,,
Cub Run Elementary,5/05/2025,30009,Orange Tangerine Juice(Each),19,0,19,42,19,0,19,$3.23,0,0.00%,$0.00,$3.23,23,54.76%,$3.91,$7.14,,,,
Cub Run Elementary,5/05/2025,30093,Natural Breakfast Syrup(Each),0,0,0,50,50,0,50,$10.00,0,0.00%,$0.00,$10.00,0,0.00%,$0.00,$10.00,,,,
Cub Run Elementary,5/05/2025,30102,1% Unflavored Shelf-Stable Milk(Each),0,0,0,20,20,0,20,$7.60,0,0.00%,$0.00,$7.60,0,0.00%,$0.00,$7.60,,,,
Cub Run Elementary,5/05/2025,30103,"Milk, Lactose Free,  Fat Free, Shelf-Stable(Each)",0,0,0,14,6,0,6,$2.88,0,0.00%,$0.00,$2.88,8,57.14%,$3.84,$6.72,,,,
Cub Run Elementary,5/05/2025,60096,Strawberry Parfait(Parfait),0,0,0,4,1,0,1,$0.99,3,75.00%,$2.97,$3.96,0,0.00%,$0.00,$3.96,,,,
Cunningham Park Elementary,5/05/2025,10006,"Frozen, Blueberries(1/2 cup)",0,0,0,10,4,0,4,$1.60,0,0.00%,$0.00,$1.60,6,60.00%,$2.40,$4.00,,,,
Cunningham Park Elementary,5/05/2025,10020,Bagel(Bagel),17,0,17,13,13,0,13,$4.16,0,0.00%,$0.00,$4.16,0,0.00%,$0.00,$4.16,,,,
Cunningham Park Elementary,5/05/2025,10040,Blueberry Muffin Top(Muffin Top),0,0,0,13,13,0,13,$5.46,0,0.00%,$0.00,$5.46,0,0.00%,$0.00,$5.46,,,,
Cunningham Park Elementary,5/05/2025,10041,Mini Maple Pancakes(Package),0,0,0,36,28,0,28,$10.92,0,0.00%,$0.00,$10.92,8,22.22%,$3.12,$14.04,,,,
Cunningham Park Elementary,5/05/2025,20001,1% White Milk(Each),30,0,30,30,29,0,29,$10.44,0,0.00%,$0.00,$10.44,1,3.33%,$0.36,$10.80,,,,
Cunningham Park Elementary,5/05/2025,20009,Cream Cheese(Each),22,0,22,25,25,0,25,$7.25,0,0.00%,$0.00,$7.25,0,0.00%,$0.00,$7.25,,,,
Cunningham Park Elementary,5/05/2025,20016,String Cheese(1 Stick),0,0,0,13,9,0,9,$1.98,0,0.00%,$0.00,$1.98,4,30.77%,$0.88,$2.86,,,,
Cunningham Park Elementary,5/05/2025,20017,Orange(6 Slices per 1/2 cup),8,0,8,15,12,0,12,$4.08,0,0.00%,$0.00,$4.08,3,20.00%,$1.02,$5.10,,,,
Cunningham Park Elementary,5/05/2025,20038,Fat Free White Milk(Each),3,0,3,10,2,0,2,$0.66,0,0.00%,$0.00,$0.66,8,80.00%,$2.64,$3.30,,,,
Cunningham Park Elementary,5/05/2025,20047,Orange Slices(3 slices per 1/4 cup),21,0,21,13,13,0,13,$2.60,0,0.00%,$0.00,$2.60,0,0.00%,$0.00,$2.60,,,,
Cunningham Park Elementary,5/05/2025,30003,Honey Cheerios Cereal(Each),6,0,6,7,6,0,6,$3.54,0,0.00%,$0.00,$3.54,1,14.29%,$0.59,$4.13,,,,
Cunningham Park Elementary,5/05/2025,30004,Blueberry Chex Cereal(Each),6,0,6,7,6,0,6,$3.54,0,0.00%,$0.00,$3.54,1,14.29%,$0.59,$4.13,,,,
Cunningham Park Elementary,5/05/2025,30006,Cinnamon Chex Cereal(Each),5,0,5,7,6,0,6,$3.54,0,0.00%,$0.00,$3.54,1,14.29%,$0.59,$4.13,,,,
Cunningham Park Elementary,5/05/2025,30007,"Cinnamon Toast Crunch Cereal, 25% Less Sugar(Each)",9,0,9,7,6,0,6,$3.54,0,0.00%,$0.00,$3.54,1,14.29%,$0.59,$4.13,,,,
Cunningham Park Elementary,5/05/2025,30008,Apple Juice(Each),26,0,26,25,24,0,24,$4.08,0,0.00%,$0.00,$4.08,1,4.00%,$0.17,$4.25,,,,
Cunningham Park Elementary,5/05/2025,30009,Orange Tangerine Juice(Each),25,0,25,34,33,0,33,$5.61,0,0.00%,$0.00,$5.61,1,2.94%,$0.17,$5.78,,,,
Cunningham Park Elementary,5/05/2025,30020,Applesauce(1/2 Cup),0,0,0,1,1,0,1,$0.21,0,0.00%,$0.00,$0.21,0,0.00%,$0.00,$0.21,,,,
Cunningham Park Elementary,5/05/2025,30050,Natural Blackberry Jam(Packet),0,0,0,2,2,0,2,$0.30,0,0.00%,$0.00,$0.30,0,0.00%,$0.00,$0.30,,,,
Cunningham Park Elementary,5/05/2025,30093,Natural Breakfast Syrup(Each),0,0,0,36,9,0,9,$1.80,0,0.00%,$0.00,$1.80,27,75.00%,$5.40,$7.20,,,,
Cunningham Park Elementary,5/05/2025,30188,"Milk, Soy, Plain, Bulk (12/32 oz)(1 cup)",0,0,0,1,1,0,1,$0.79,0,0.00%,$0.00,$0.79,0,0.00%,$0.00,$0.79,,,,
Daniels Run Elementary,5/05/2025,10020,Bagel(Bagel),0,0,0,64,62,2,64,$20.48,0,0.00%,$0.00,$20.48,0,0.00%,$0.00,$20.48,,,,
Daniels Run Elementary,5/05/2025,10041,Mini Maple Pancakes(Package),52,0,52,88,63,1,64,$24.96,0,0.00%,$0.00,$24.96,24,27.27%,$9.36,$34.32,,,,
Daniels Run Elementary,5/05/2025,20001,1% White Milk(Each),39,0,39,58,38,0,38,$13.68,0,0.00%,$0.00,$13.68,20,34.48%,$7.20,$20.88,,,,
Daniels Run Elementary,5/05/2025,20009,Cream Cheese(Each),0,0,0,64,62,2,64,$18.56,0,0.00%,$0.00,$18.56,0,0.00%,$0.00,$18.56,,,,
Daniels Run Elementary,5/05/2025,20014,Red Delicious Apple(Each - serving),12,0,12,20,16,0,16,$5.28,0,0.00%,$0.00,$5.28,4,20.00%,$1.32,$6.60,,,,
Daniels Run Elementary,5/05/2025,20038,Fat Free White Milk(Each),14,0,14,35,5,0,5,$1.65,0,0.00%,$0.00,$1.65,30,85.71%,$9.90,$11.55,,,,
Daniels Run Elementary,5/05/2025,20047,Orange Slices(3 slices per 1/4 cup),9,0,9,8,8,0,8,$1.60,0,0.00%,$0.00,$1.60,0,0.00%,$0.00,$1.60,,,,
Daniels Run Elementary,5/05/2025,30003,Honey Cheerios Cereal(Each),23,0,23,24,12,2,14,$8.26,0,0.00%,$0.00,$8.26,10,41.67%,$5.90,$14.16,,,,
Daniels Run Elementary,5/05/2025,30004,Blueberry Chex Cereal(Each),11,0,11,12,2,0,2,$1.18,0,0.00%,$0.00,$1.18,10,83.33%,$5.90,$7.08,,,,
Daniels Run Elementary,5/05/2025,30006,Cinnamon Chex Cereal(Each),10,0,10,24,8,0,8,$4.72,0,0.00%,$0.00,$4.72,16,66.67%,$9.44,$14.16,,,,
Daniels Run Elementary,5/05/2025,30007,"Cinnamon Toast Crunch Cereal, 25% Less Sugar(Each)",14,0,14,36,16,0,16,$9.44,0,0.00%,$0.00,$9.44,20,55.56%,$11.80,$21.24,,,,
Daniels Run Elementary,5/05/2025,30008,Apple Juice(Each),115,0,115,160,123,0,123,$20.91,0,0.00%,$0.00,$20.91,37,23.13%,$6.29,$27.20,,,,
Daniels Run Elementary,5/05/2025,30009,Orange Tangerine Juice(Each),45,0,45,60,39,0,39,$6.63,0,0.00%,$0.00,$6.63,21,35.00%,$3.57,$10.20,,,,
Daniels Run Elementary,5/05/2025,30093,Natural Breakfast Syrup(Each),0,0,0,40,26,0,26,$5.20,0,0.00%,$0.00,$5.20,14,35.00%,$2.80,$8.00,,,,
Daniels Run Elementary,5/05/2025,60034,Mandarin Orange Parfait(Parfait),8,0,8,10,7,2,9,$8.91,0,0.00%,$0.00,$8.91,1,10.00%,$0.99,$9.90,,,,
Deer Park Elementary,5/05/2025,10020,Bagel(Bagel),0,0,0,17,17,0,17,$5.44,0,0.00%,$0.00,$5.44,0,0.00%,$0.00,$5.44,,,,
Deer Park Elementary,5/05/2025,10041,Mini Maple Pancakes(Package),85,0,85,111,53,0,53,$20.67,0,0.00%,$0.00,$20.67,58,52.25%,$22.62,$43.29,,,,
Deer Park Elementary,5/05/2025,20001,1% White Milk(Each),34,0,34,34,27,0,27,$9.72,0,0.00%,$0.00,$9.72,7,20.59%,$2.52,$12.24,,,,
Deer Park Elementary,5/05/2025,20008,Apple Slices(3 slices per 1/4 cup),15,0,15,15,13,0,13,$7.67,0,0.00%,$0.00,$7.67,2,13.33%,$1.18,$8.85,,,,
Deer Park Elementary,5/05/2025,20038,Fat Free White Milk(Each),10,0,10,10,6,0,6,$1.98,0,0.00%,$0.00,$1.98,4,40.00%,$1.32,$3.30,,,,
Deer Park Elementary,5/05/2025,20043,"Lactose Free, White Milk(Each)",2,0,2,2,2,0,2,$1.16,0,0.00%,$0.00,$1.16,0,0.00%,$0.00,$1.16,,,,
Deer Park Elementary,5/05/2025,20047,Orange Slices(3 slices per 1/4 cup),17,0,17,17,17,0,17,$3.40,0,0.00%,$0.00,$3.40,0,0.00%,$0.00,$3.40,,,,
Deer Park Elementary,5/05/2025,30003,Honey Cheerios Cereal(Each),15,0,15,31,22,0,22,$12.98,0,0.00%,$0.00,$12.98,9,29.03%,$5.31,$18.29,,,,
Deer Park Elementary,5/05/2025,30004,Blueberry Chex Cereal(Each),0,0,0,1,1,0,1,$0.59,0,0.00%,$0.00,$0.59,0,0.00%,$0.00,$0.59,,,,
Deer Park Elementary,5/05/2025,30006,Cinnamon Chex Cereal(Each),15,0,15,12,12,0,12,$7.08,0,0.00%,$0.00,$7.08,0,0.00%,$0.00,$7.08,,,,
Deer Park Elementary,5/05/2025,30007,"Cinnamon Toast Crunch Cereal, 25% Less Sugar(Each)",10,0,10,24,12,0,12,$7.08,0,0.00%,$0.00,$7.08,12,50.00%,$7.08,$14.16,,,,
Deer Park Elementary,5/05/2025,30008,Apple Juice(Each),83,0,83,87,82,0,82,$13.94,0,0.00%,$0.00,$13.94,5,5.75%,$0.85,$14.79,,,,
Deer Park Elementary,5/05/2025,30009,Orange Tangerine Juice(Each),40,0,40,39,25,0,25,$4.25,0,0.00%,$0.00,$4.25,14,35.90%,$2.38,$6.63,,,,
Deer Park Elementary,5/05/2025,60034,Mandarin Orange Parfait(Parfait),10,0,10,4,3,0,3,$2.97,0,0.00%,$0.00,$2.97,1,25.00%,$0.99,$3.96,,,,
Dogwood Elementary,5/05/2025,10020,Bagel(Bagel),253,0,253,100,100,0,100,$32.00,0,0.00%,$0.00,$32.00,0,0.00%,$0.00,$32.00,,,,
Dogwood Elementary,5/05/2025,10021,Apple Cinnamon Bread(1oz Grain (1/64 Baked Pan)),0,0,0,120,120,0,120,$49.20,0,0.00%,$0.00,$49.20,0,0.00%,$0.00,$49.20,,,,
Dogwood Elementary,5/05/2025,10041,Mini Maple Pancakes(Package),0,0,0,144,144,0,144,$56.16,0,0.00%,$0.00,$56.16,0,0.00%,$0.00,$56.16,,,,
Dogwood Elementary,5/05/2025,20001,1% White Milk(Each),177,0,177,170,170,0,170,$61.20,0,0.00%,$0.00,$61.20,0,0.00%,$0.00,$61.20,,,,
Dogwood Elementary,5/05/2025,20009,Cream Cheese(Each),244,0,244,100,100,0,100,$29.00,0,0.00%,$0.00,$29.00,0,0.00%,$0.00,$29.00,,,,
Dogwood Elementary,5/05/2025,20014,Red Delicious Apple(Each - serving),49,0,49,60,60,0,60,$19.80,0,0.00%,$0.00,$19.80,0,0.00%,$0.00,$19.80,,,,
Dogwood Elementary,5/05/2025,20016,String Cheese(1 Stick),0,0,0,120,120,0,120,$26.40,0,0.00%,$0.00,$26.40,0,0.00%,$0.00,$26.40,,,,
Dogwood Elementary,5/05/2025,20038,Fat Free White Milk(Each),26,0,26,20,20,0,20,$6.60,0,0.00%,$0.00,$6.60,0,0.00%,$0.00,$6.60,,,,
Dogwood Elementary,5/05/2025,20047,Orange Slices(3 slices per 1/4 cup),88,0,88,90,90,0,90,$18.00,0,0.00%,$0.00,$18.00,0,0.00%,$0.00,$18.00,,,,
Dogwood Elementary,5/05/2025,30003,Honey Cheerios Cereal(Each),27,0,27,30,20,0,20,$11.80,0,0.00%,$0.00,$11.80,10,33.33%,$5.90,$17.70,,,,
Dogwood Elementary,5/05/2025,30004,Blueberry Chex Cereal(Each),22,0,22,30,20,0,20,$11.80,0,0.00%,$0.00,$11.80,10,33.33%,$5.90,$17.70,,,,
Dogwood Elementary,5/05/2025,30006,Cinnamon Chex Cereal(Each),36,0,36,30,20,0,20,$11.80,0,0.00%,$0.00,$11.80,10,33.33%,$5.90,$17.70,,,,
Dogwood Elementary,5/05/2025,30007,"Cinnamon Toast Crunch Cereal, 25% Less Sugar(Each)",20,0,20,30,20,0,20,$11.80,0,0.00%,$0.00,$11.80,10,33.33%,$5.90,$17.70,,,,
Dogwood Elementary,5/05/2025,30008,Apple Juice(Each),259,0,259,270,270,0,270,$45.90,0,0.00%,$0.00,$45.90,0,0.00%,$0.00,$45.90,,,,
Dogwood Elementary,5/05/2025,30009,Orange Tangerine Juice(Each),135,0,135,160,152,0,152,$25.84,0,0.00%,$0.00,$25.84,8,5.00%,$1.36,$27.20,,,,
Dogwood Elementary,5/05/2025,60034,Mandarin Orange Parfait(Parfait),27,0,27,38,38,0,38,$37.62,0,0.00%,$0.00,$37.62,0,0.00%,$0.00,$37.62,,,,
Dranesville Elementary,5/05/2025,10041,Mini Maple Pancakes(Package),60,0,60,100,90,10,100,$39.00,0,0.00%,$0.00,$39.00,0,0.00%,$0.00,$39.00,,,,
Dranesville Elementary,5/05/2025,20001,1% White Milk(Each),66,0,66,112,32,80,112,$40.32,0,0.00%,$0.00,$40.32,0,0.00%,$0.00,$40.32,,,,
Dranesville Elementary,5/05/2025,20017,Orange(6 Slices per 1/2 cup),46,0,46,65,32,33,65,$22.10,0,0.00%,$0.00,$22.10,0,0.00%,$0.00,$22.10,,,,
Dranesville Elementary,5/05/2025,20038,Fat Free White Milk(Each),20,0,20,93,33,60,93,$30.69,0,0.00%,$0.00,$30.69,0,0.00%,$0.00,$30.69,,,,
Dranesville Elementary,5/05/2025,20047,Orange Slices(3 slices per 1/4 cup),0,0,0,0,0,0,0,$0.00,0,0.00%,$0.00,$0.00,0,0.00%,$0.00,$0.00,,,,
Dranesville Elementary,5/05/2025,30003,Honey Cheerios Cereal(Each),26,0,26,48,28,20,48,$28.32,0,0.00%,$0.00,$28.32,0,0.00%,$0.00,$28.32,,,,
Dranesville Elementary,5/05/2025,30004,Blueberry Chex Cereal(Each),12,0,12,24,9,15,24,$14.16,0,0.00%,$0.00,$14.16,0,0.00%,$0.00,$14.16,,,,
Dranesville Elementary,5/05/2025,30006,Cinnamon Chex Cereal(Each),21,0,21,48,26,22,48,$28.32,0,0.00%,$0.00,$28.32,0,0.00%,$0.00,$28.32,,,,
Dranesville Elementary,5/05/2025,30008,Apple Juice(Each),107,0,107,130,104,26,130,$22.10,0,0.00%,$0.00,$22.10,0,0.00%,$0.00,$22.10,,,,
Dranesville Elementary,5/05/2025,30009,Orange Tangerine Juice(Each),59,0,59,94,57,37,94,$15.98,0,0.00%,$0.00,$15.98,0,0.00%,$0.00,$15.98,,,,
Dranesville Elementary,5/05/2025,60034,Mandarin Orange Parfait(Parfait),9,0,9,14,12,2,14,$13.86,0,0.00%,$0.00,$13.86,0,0.00%,$0.00,$13.86,,,,
Eagle View Elementary,5/05/2025,10041,Mini Maple Pancakes(Package),79,0,79,138,97,0,97,$37.83,0,0.00%,$0.00,$37.83,41,29.71%,$15.99,$53.82,,,,
Eagle View Elementary,5/05/2025,20047,Orange Slices(3 slices per 1/4 cup),36,0,36,34,34,0,34,$6.80,0,0.00%,$0.00,$6.80,0,0.00%,$0.00,$6.80,,,,
Eagle View Elementary,5/05/2025,30003,Honey Cheerios Cereal(Each),18,0,18,30,24,0,24,$14.16,0,0.00%,$0.00,$14.16,6,20.00%,$3.54,$17.70,,,,
Eagle View Elementary,5/05/2025,30004,Blueberry Chex Cereal(Each),8,0,8,30,10,0,10,$5.90,0,0.00%,$0.00,$5.90,20,66.67%,$11.80,$17.70,,,,
Eagle View Elementary,5/05/2025,30006,Cinnamon Chex Cereal(Each),10,0,10,12,7,0,7,$4.13,0,0.00%,$0.00,$4.13,5,41.67%,$2.95,$7.08,,,,
Eagle View Elementary,5/05/2025,30007,"Cinnamon Toast Crunch Cereal, 25% Less Sugar(Each)",48,0,48,24,22,0,22,$12.98,0,0.00%,$0.00,$12.98,2,8.33%,$1.18,$14.16,,,,
Eagle View Elementary,5/05/2025,30008,Apple Juice(Each),85,0,85,53,53,0,53,$9.01,0,0.00%,$0.00,$9.01,0,0.00%,$0.00,$9.01,,,,
Eagle View Elementary,5/05/2025,30009,Orange Tangerine Juice(Each),43,0,43,100,68,0,68,$11.56,0,0.00%,$0.00,$11.56,32,32.00%,$5.44,$17.00,,,,
Eagle View Elementary,5/05/2025,30041,Orange Flavored Dried Cranberries(2 Eaches),0,0,0,22,12,0,12,$5.76,0,0.00%,$0.00,$5.76,10,45.45%,$4.80,$10.56,,,,
Eagle View Elementary,5/05/2025,30093,Natural Breakfast Syrup(Each),0,0,0,20,20,0,20,$4.00,0,0.00%,$0.00,$4.00,0,0.00%,$0.00,$4.00,,,,
Eagle View Elementary,5/05/2025,30102,1% Unflavored Shelf-Stable Milk(Each),0,0,0,34,34,0,34,$12.92,0,0.00%,$0.00,$12.92,0,0.00%,$0.00,$12.92,,,,
Eagle View Elementary,5/05/2025,30103,"Milk, Lactose Free,  Fat Free, Shelf-Stable(Each)",0,0,0,50,29,0,29,$13.92,0,0.00%,$0.00,$13.92,21,42.00%,$10.08,$24.00,,,,
Eagle View Elementary,5/05/2025,60034,Mandarin Orange Parfait(Parfait),9,0,9,17,11,0,11,$10.89,0,0.00%,$0.00,$10.89,6,35.29%,$5.94,$16.83,,,,
Edison High,5/05/2025,10041,Mini Maple Pancakes(Package),46,0,46,64,64,0,64,$24.96,0,0.00%,$0.00,$24.96,0,0.00%,$0.00,$24.96,,,,
Edison High,5/05/2025,20001,1% White Milk(Each),19,0,19,25,15,0,15,$5.40,0,0.00%,$0.00,$5.40,10,40.00%,$3.60,$9.00,,,,
Edison High,5/05/2025,20014,Red Delicious Apple(Each - serving),10,0,10,43,23,0,23,$7.59,0,0.00%,$0.00,$7.59,20,46.51%,$6.60,$14.19,,,,
Edison High,5/05/2025,20038,Fat Free White Milk(Each),22,0,22,15,0,0,0,$0.00,0,0.00%,$0.00,$0.00,15,100.00%,$0.00,$0.00,,,,
Edison High,5/05/2025,30007,"Cinnamon Toast Crunch Cereal, 25% Less Sugar(Each)",39,0,39,1,1,0,1,$0.59,0,0.00%,$0.00,$0.59,0,0.00%,$0.00,$0.59,,,,
Edison High,5/05/2025,30008,Apple Juice(Each),54,0,54,38,32,0,32,$5.44,0,0.00%,$0.00,$5.44,6,15.79%,$1.02,$6.46,,,,
Edison High,5/05/2025,30009,Orange Tangerine Juice(Each),26,0,26,43,23,0,23,$3.91,0,0.00%,$0.00,$3.91,20,46.51%,$3.40,$7.31,,,,
Edison High,5/05/2025,30051,Natural Grape Jam(Packet),0,0,0,20,10,0,10,$0.90,0,0.00%,$0.00,$0.90,10,50.00%,$0.90,$1.80,,,,
Edison High,5/05/2025,30093,Natural Breakfast Syrup(Each),42,0,42,40,20,0,20,$4.00,0,0.00%,$0.00,$4.00,20,50.00%,$4.00,$8.00,,,,
Edison High,5/05/2025,60034,Mandarin Orange Parfait(Parfait),7,0,7,6,6,0,6,$5.94,0,0.00%,$0.00,$5.94,0,0.00%,$0.00,$5.94,,,,
FALLS CHURCH HS,5/05/2025,10020,Bagel(Bagel),227,0,227,227,127,0,127,$40.64,0,0.00%,$0.00,$40.64,100,44.05%,$32.00,$72.64,,,,
FALLS CHURCH HS,5/05/2025,10023,Blueberry Bread(1oz Grain (1/64 Baked Pan)),114,0,114,114,100,0,100,$41.00,0,0.00%,$0.00,$41.00,14,12.28%,$5.74,$46.74,,,,
FALLS CHURCH HS,5/05/2025,10041,Mini Maple Pancakes(Package),72,0,72,72,72,0,72,$28.08,0,0.00%,$0.00,$28.08,0,0.00%,$0.00,$28.08,,,,
FALLS CHURCH HS,5/05/2025,20009,Cream Cheese(Each),400,0,400,400,127,0,127,$36.83,0,0.00%,$0.00,$36.83,273,68.25%,$79.17,$116.00,,,,
FALLS CHURCH HS,5/05/2025,20014,Red Delicious Apple(Each - serving),55,0,55,55,41,0,41,$13.53,0,0.00%,$0.00,$13.53,14,25.45%,$4.62,$18.15,,,,
FALLS CHURCH HS,5/05/2025,30003,Honey Cheerios Cereal(Each),20,0,20,20,16,0,16,$9.44,0,0.00%,$0.00,$9.44,4,20.00%,$2.36,$11.80,,,,
FALLS CHURCH HS,5/05/2025,30007,"Cinnamon Toast Crunch Cereal, 25% Less Sugar(Each)",20,0,20,20,12,0,12,$7.08,0,0.00%,$0.00,$7.08,8,40.00%,$4.72,$11.80,,,,
FALLS CHURCH HS,5/05/2025,30008,Apple Juice(Each),400,0,400,400,307,0,307,$52.19,0,0.00%,$0.00,$52.19,93,23.25%,$15.81,$68.00,,,,
FALLS CHURCH HS,5/05/2025,30009,Orange Tangerine Juice(Each),108,0,108,108,97,0,97,$16.49,0,0.00%,$0.00,$16.49,11,10.19%,$1.87,$18.36,,,,
FALLS CHURCH HS,5/05/2025,30093,Natural Breakfast Syrup(Each),0,0,0,100,70,0,70,$14.00,0,0.00%,$0.00,$14.00,30,30.00%,$6.00,$20.00,,,,
FALLS CHURCH HS,5/05/2025,30108,Fat Free Unflavored Shelf-Stable Milk(Each),0,0,0,108,64,0,64,$24.32,0,0.00%,$0.00,$24.32,44,40.74%,$16.72,$41.04,,,,
FALLS CHURCH HS,5/05/2025,60034,Mandarin Orange Parfait(Parfait),77,0,77,77,77,0,77,$76.23,0,0.00%,$0.00,$76.23,0,0.00%,$0.00,$76.23,,,,
Fairfax High,5/05/2025,10020,Bagel(Bagel),0,0,0,94,67,11,78,$24.96,0,0.00%,$0.00,$24.96,16,17.02%,$5.12,$30.08,,,,
Fairfax High,5/05/2025,10041,Mini Maple Pancakes(Package),70,0,70,75,69,6,75,$29.25,0,0.00%,$0.00,$29.25,0,0.00%,$0.00,$29.25,,,,
Fairfax High,5/05/2025,20001,1% White Milk(Each),20,0,20,70,27,0,27,$9.72,0,0.00%,$0.00,$9.72,43,61.43%,$15.48,$25.20,,,,
Fairfax High,5/05/2025,20009,Cream Cheese(Each),0,0,0,90,67,0,67,$19.43,3,3.33%,$0.87,$20.30,20,22.22%,$5.80,$26.10,,,,
Fairfax High,5/05/2025,20014,Red Delicious Apple(Each - serving),15,0,15,19,10,0,10,$3.30,0,0.00%,$0.00,$3.30,9,47.37%,$2.97,$6.27,,,,
Fairfax High,5/05/2025,20038,Fat Free White Milk(Each),10,0,10,57,5,0,5,$1.65,0,0.00%,$0.00,$1.65,52,91.23%,$17.16,$18.81,,,,
Fairfax High,5/05/2025,30003,Honey Cheerios Cereal(Each),12,0,12,20,18,0,18,$10.62,0,0.00%,$0.00,$10.62,2,10.00%,$1.18,$11.80,,,,
Fairfax High,5/05/2025,30004,Blueberry Chex Cereal(Each),12,0,12,20,14,0,14,$8.26,0,0.00%,$0.00,$8.26,6,30.00%,$3.54,$11.80,,,,
Fairfax High,5/05/2025,30006,Cinnamon Chex Cereal(Each),12,0,12,20,18,0,18,$10.62,0,0.00%,$0.00,$10.62,2,10.00%,$1.18,$11.80,,,,
Fairfax High,5/05/2025,30007,"Cinnamon Toast Crunch Cereal, 25% Less Sugar(Each)",24,0,24,29,24,0,24,$14.16,0,0.00%,$0.00,$14.16,5,17.24%,$2.95,$17.11,,,,
Fairfax High,5/05/2025,30008,Apple Juice(Each),150,0,150,160,147,0,147,$24.99,0,0.00%,$0.00,$24.99,13,8.13%,$2.21,$27.20,,,,
Fairfax High,5/05/2025,30009,Orange Tangerine Juice(Each),50,0,50,80,80,0,80,$13.60,0,0.00%,$0.00,$13.60,0,0.00%,$0.00,$13.60,,,,
Fairfax High,5/05/2025,30051,Natural Grape Jam(Packet),10,0,10,30,19,0,19,$1.71,0,0.00%,$0.00,$1.71,11,36.67%,$0.99,$2.70,,,,
Fairfax High,5/05/2025,30093,Natural Breakfast Syrup(Each),40,0,40,50,35,0,35,$7.00,0,0.00%,$0.00,$7.00,15,30.00%,$3.00,$10.00,,,,
Fairfax High,5/05/2025,30097,Bottled Water(Bottle),0,0,0,9,5,0,5,$0.80,0,0.00%,$0.00,$0.80,4,44.44%,$0.64,$1.44,,,,
Fairfax High,5/05/2025,60034,Mandarin Orange Parfait(Parfait),20,0,20,25,14,0,14,$13.86,0,0.00%,$0.00,$13.86,11,44.00%,$10.89,$24.75,,,,
Fairfax Villa Elementary,5/05/2025,10020,Bagel(Bagel),0,0,0,0,0,0,0,$0.00,0,0.00%,$0.00,$0.00,0,0.00%,$0.00,$0.00,,,,
Fairfax Villa Elementary,5/05/2025,10041,Mini Maple Pancakes(Package),0,0,0,82,82,0,82,$31.98,0,0.00%,$0.00,$31.98,0,0.00%,$0.00,$31.98,,,,
Fairfax Villa Elementary,5/05/2025,20001,1% White Milk(Each),20,0,20,20,16,0,16,$5.76,0,0.00%,$0.00,$5.76,4,20.00%,$1.44,$7.20,,,,
Fairfax Villa Elementary,5/05/2025,20009,Cream Cheese(Each),0,0,0,0,0,0,0,$0.00,0,0.00%,$0.00,$0.00,0,0.00%,$0.00,$0.00,,,,
Fairfax Villa Elementary,5/05/2025,20014,Red Delicious Apple(Each - serving),20,0,20,20,12,0,12,$3.96,0,0.00%,$0.00,$3.96,8,40.00%,$2.64,$6.60,,,,
Fairfax Villa Elementary,5/05/2025,20038,Fat Free White Milk(Each),9,0,9,8,6,0,6,$1.98,0,0.00%,$0.00,$1.98,2,25.00%,$0.66,$2.64,,,,
Fairfax Villa Elementary,5/05/2025,20047,Orange Slices(3 slices per 1/4 cup),0,0,0,0,0,0,0,$0.00,0,0.00%,$0.00,$0.00,0,0.00%,$0.00,$0.00,,,,
Fairfax Villa Elementary,5/05/2025,30003,Honey Cheerios Cereal(Each),10,0,10,10,7,0,7,$4.13,0,0.00%,$0.00,$4.13,3,30.00%,$1.77,$5.90,,,,
Fairfax Villa Elementary,5/05/2025,30006,Cinnamon Chex Cereal(Each),10,0,10,10,7,0,7,$4.13,0,0.00%,$0.00,$4.13,3,30.00%,$1.77,$5.90,,,,
Fairfax Villa Elementary,5/05/2025,30007,"Cinnamon Toast Crunch Cereal, 25% Less Sugar(Each)",10,0,10,10,7,0,7,$4.13,0,0.00%,$0.00,$4.13,3,30.00%,$1.77,$5.90,,,,
Fairfax Villa Elementary,5/05/2025,30008,Apple Juice(Each),60,0,60,60,59,0,59,$10.03,0,0.00%,$0.00,$10.03,1,1.67%,$0.17,$10.20,,,,
Fairfax Villa Elementary,5/05/2025,30009,Orange Tangerine Juice(Each),45,0,45,40,39,0,39,$6.63,0,0.00%,$0.00,$6.63,1,2.50%,$0.17,$6.80,,,,
Fairfax Villa Elementary,5/05/2025,60034,Mandarin Orange Parfait(Parfait),2,0,2,5,3,0,3,$2.97,0,0.00%,$0.00,$2.97,2,40.00%,$1.98,$4.95,,,,
Fairhill Elementary,5/05/2025,10020,Bagel(Bagel),0,0,0,56,54,0,54,$17.28,0,0.00%,$0.00,$17.28,2,3.57%,$0.64,$17.92,,,,
Fairhill Elementary,5/05/2025,10041,Mini Maple Pancakes(Package),50,0,50,25,19,4,23,$8.97,0,0.00%,$0.00,$8.97,2,8.00%,$0.78,$9.75,,,,
Fairhill Elementary,5/05/2025,20001,1% White Milk(Each),48,0,48,49,44,0,44,$15.84,0,0.00%,$0.00,$15.84,5,10.20%,$1.80,$17.64,,,,
Fairhill Elementary,5/05/2025,20009,Cream Cheese(Each),0,0,0,24,24,0,24,$6.96,0,0.00%,$0.00,$6.96,0,0.00%,$0.00,$6.96,,,,
Fairhill Elementary,5/05/2025,20014,Red Delicious Apple(Each - serving),15,0,15,15,11,0,11,$3.63,0,0.00%,$0.00,$3.63,4,26.67%,$1.32,$4.95,,,,
Fairhill Elementary,5/05/2025,20017,Orange(6 Slices per 1/2 cup),0,0,0,0,0,0,0,$0.00,0,0.00%,$0.00,$0.00,0,0.00%,$0.00,$0.00,,,,
Fairhill Elementary,5/05/2025,20031,Banana(Each),10,0,10,0,0,0,0,$0.00,0,0.00%,$0.00,$0.00,0,0.00%,$0.00,$0.00,,,,
Fairhill Elementary,5/05/2025,20038,Fat Free White Milk(Each),6,0,6,44,6,0,6,$1.98,0,0.00%,$0.00,$1.98,38,86.36%,$12.54,$14.52,,,,
Fairhill Elementary,5/05/2025,20047,Orange Slices(3 slices per 1/4 cup),24,0,24,24,24,0,24,$4.80,0,0.00%,$0.00,$4.80,0,0.00%,$0.00,$4.80,,,,
Fairhill Elementary,5/05/2025,30003,Honey Cheerios Cereal(Each),10,0,10,10,8,0,8,$4.72,0,0.00%,$0.00,$4.72,2,20.00%,$1.18,$5.90,,,,
Fairhill Elementary,5/05/2025,30004,Blueberry Chex Cereal(Each),10,0,10,10,1,0,1,$0.59,0,0.00%,$0.00,$0.59,9,90.00%,$5.31,$5.90,,,,
Fairhill Elementary,5/05/2025,30006,Cinnamon Chex Cereal(Each),10,0,10,10,4,0,4,$2.36,0,0.00%,$0.00,$2.36,6,60.00%,$3.54,$5.90,,,,
Fairhill Elementary,5/05/2025,30008,Apple Juice(Each),46,0,46,46,32,0,32,$5.44,0,0.00%,$0.00,$5.44,14,30.43%,$2.38,$7.82,,,,
Fairhill Elementary,5/05/2025,30009,Orange Tangerine Juice(Each),40,0,40,40,21,0,21,$3.57,0,0.00%,$0.00,$3.57,19,47.50%,$3.23,$6.80,,,,
Fairhill Elementary,5/05/2025,60099,"Parfait, Triple Berry(Parfait)",0,0,0,5,3,0,3,$2.04,0,0.00%,$0.00,$2.04,2,40.00%,$1.36,$3.40,,,,
Fairview Elementary,5/05/2025,10041,Mini Maple Pancakes(Package),0,0,0,120,102,14,116,$45.24,0,0.00%,$0.00,$45.24,4,3.33%,$1.56,$46.80,,,,
Fairview Elementary,5/05/2025,20001,1% White Milk(Each),8,0,8,12,9,1,10,$3.60,0,0.00%,$0.00,$3.60,2,16.67%,$0.72,$4.32,,,,
Fairview Elementary,5/05/2025,20014,Red Delicious Apple(Each - serving),10,0,10,12,5,0,5,$1.65,0,0.00%,$0.00,$1.65,7,58.33%,$2.31,$3.96,,,,
Fairview Elementary,5/05/2025,20038,Fat Free White Milk(Each),6,0,6,12,3,0,3,$0.99,0,0.00%,$0.00,$0.99,9,75.00%,$2.97,$3.96,,,,
Fairview Elementary,5/05/2025,30003,Honey Cheerios Cereal(Each),7,0,7,8,8,0,8,$4.72,0,0.00%,$0.00,$4.72,0,0.00%,$0.00,$4.72,,,,
Fairview Elementary,5/05/2025,30004,Blueberry Chex Cereal(Each),8,0,8,8,8,0,8,$4.72,0,0.00%,$0.00,$4.72,0,0.00%,$0.00,$4.72,,,,
Fairview Elementary,5/05/2025,30007,"Cinnamon Toast Crunch Cereal, 25% Less Sugar(Each)",17,0,17,8,8,0,8,$4.72,0,0.00%,$0.00,$4.72,0,0.00%,$0.00,$4.72,,,,
Fairview Elementary,5/05/2025,30008,Apple Juice(Each),103,0,103,87,57,30,87,$14.79,0,0.00%,$0.00,$14.79,0,0.00%,$0.00,$14.79,,,,
Fairview Elementary,5/05/2025,30009,Orange Tangerine Juice(Each),35,0,35,80,60,20,80,$13.60,0,0.00%,$0.00,$13.60,0,0.00%,$0.00,$13.60,,,,
Fairview Elementary,5/05/2025,30093,Natural Breakfast Syrup(Each),0,0,0,60,45,10,55,$11.00,0,0.00%,$0.00,$11.00,5,8.33%,$1.00,$12.00,,,,
Fairview Elementary,5/05/2025,30097,Bottled Water(Bottle),0,0,0,1,0,1,1,$0.00,0,0.00%,$0.00,$0.00,0,0.00%,$0.00,$0.00,,,,
Fairview Elementary,5/05/2025,60096,Strawberry Parfait(Parfait),0,0,0,2,2,0,2,$1.98,0,0.00%,$0.00,$1.98,0,0.00%,$0.00,$1.98,,,,
Flint Hill Elementary,5/05/2025,10020,Bagel(Bagel),0,0,0,15,12,3,15,$4.80,0,0.00%,$0.00,$4.80,0,0.00%,$0.00,$4.80,,,,
Flint Hill Elementary,5/05/2025,20001,1% White Milk(Each),12,0,12,4,4,0,4,$1.44,0,0.00%,$0.00,$1.44,0,0.00%,$0.00,$1.44,,,,
Flint Hill Elementary,5/05/2025,20009,Cream Cheese(Each),0,0,0,12,12,0,12,$3.48,0,0.00%,$0.00,$3.48,0,0.00%,$0.00,$3.48,,,,
Flint Hill Elementary,5/05/2025,20014,Red Delicious Apple(Each - serving),8,0,8,4,4,0,4,$1.32,0,0.00%,$0.00,$1.32,0,0.00%,$0.00,$1.32,,,,
Flint Hill Elementary,5/05/2025,20017,Orange(6 Slices per 1/2 cup),9,0,9,10,4,0,4,$1.36,0,0.00%,$0.00,$1.36,6,60.00%,$2.04,$3.40,,,,
Flint Hill Elementary,5/05/2025,20031,Banana(Each),8,0,8,4,4,0,4,$0.84,0,0.00%,$0.00,$0.84,0,0.00%,$0.00,$0.84,,,,
Flint Hill Elementary,5/05/2025,30003,Honey Cheerios Cereal(Each),10,0,10,6,6,0,6,$3.54,0,0.00%,$0.00,$3.54,0,0.00%,$0.00,$3.54,,,,
Flint Hill Elementary,5/05/2025,30004,Blueberry Chex Cereal(Each),4,0,4,3,3,0,3,$1.77,0,0.00%,$0.00,$1.77,0,0.00%,$0.00,$1.77,,,,
Flint Hill Elementary,5/05/2025,30007,"Cinnamon Toast Crunch Cereal, 25% Less Sugar(Each)",10,0,10,13,9,4,13,$7.67,0,0.00%,$0.00,$7.67,0,0.00%,$0.00,$7.67,,,,
Flint Hill Elementary,5/05/2025,30008,Apple Juice(Each),26,0,26,48,43,0,43,$7.31,0,0.00%,$0.00,$7.31,5,10.42%,$0.85,$8.16,,,,
Flint Hill Elementary,5/05/2025,30009,Orange Tangerine Juice(Each),12,0,12,24,8,0,8,$1.36,0,0.00%,$0.00,$1.36,16,66.67%,$2.72,$4.08,,,,
Flint Hill Elementary,5/05/2025,30051,Natural Grape Jam(Packet),11,0,11,11,11,0,11,$0.99,0,0.00%,$0.00,$0.99,0,0.00%,$0.00,$0.99,,,,
Flint Hill Elementary,5/05/2025,30093,Natural Breakfast Syrup(Each),17,0,17,2,2,0,2,$0.40,0,0.00%,$0.00,$0.40,0,0.00%,$0.00,$0.40,,,,
Flint Hill Elementary,5/05/2025,30102,1% Unflavored Shelf-Stable Milk(Each),0,0,0,4,4,0,4,$1.52,0,0.00%,$0.00,$1.52,0,0.00%,$0.00,$1.52,,,,
Flint Hill Elementary,5/05/2025,30103,"Milk, Lactose Free,  Fat Free, Shelf-Stable(Each)",0,0,0,5,5,0,5,$2.40,0,0.00%,$0.00,$2.40,0,0.00%,$0.00,$2.40,,,,
Flint Hill Elementary,5/05/2025,60034,Mandarin Orange Parfait(Parfait),1,0,1,2,2,0,2,$1.98,0,0.00%,$0.00,$1.98,0,0.00%,$0.00,$1.98,,,,
Floris Elementary,5/05/2025,10041,Mini Maple Pancakes(Package),85,0,85,79,57,10,67,$26.13,12,15.19%,$4.68,$30.81,0,0.00%,$0.00,$30.81,,,,
Floris Elementary,5/05/2025,20001,1% White Milk(Each),35,0,35,55,7,0,7,$2.52,0,0.00%,$0.00,$2.52,48,87.27%,$17.28,$19.80,,,,
Floris Elementary,5/05/2025,20015,Golden Delicious Apple(Each),0,0,0,41,13,0,13,$4.03,0,0.00%,$0.00,$4.03,28,68.29%,$8.68,$12.71,,,,
Floris Elementary,5/05/2025,20038,Fat Free White Milk(Each),35,0,35,37,7,0,7,$2.31,0,0.00%,$0.00,$2.31,30,81.08%,$9.90,$12.21,,,,
Floris Elementary,5/05/2025,30003,Honey Cheerios Cereal(Each),10,0,10,12,7,0,7,$4.13,0,0.00%,$0.00,$4.13,5,41.67%,$2.95,$7.08,,,,
Floris Elementary,5/05/2025,30004,Blueberry Chex Cereal(Each),10,0,10,12,3,0,3,$1.77,0,0.00%,$0.00,$1.77,9,75.00%,$5.31,$7.08,,,,
Floris Elementary,5/05/2025,30006,Cinnamon Chex Cereal(Each),10,0,10,24,11,0,11,$6.49,0,0.00%,$0.00,$6.49,13,54.17%,$7.67,$14.16,,,,
Floris Elementary,5/05/2025,30007,"Cinnamon Toast Crunch Cereal, 25% Less Sugar(Each)",10,0,10,24,10,0,10,$5.90,0,0.00%,$0.00,$5.90,14,58.33%,$8.26,$14.16,,,,
Floris Elementary,5/05/2025,30008,Apple Juice(Each),80,0,80,110,74,20,94,$15.98,0,0.00%,$0.00,$15.98,16,14.55%,$2.72,$18.70,,,,
Floris Elementary,5/05/2025,30009,Orange Tangerine Juice(Each),50,0,50,69,24,9,33,$5.61,0,0.00%,$0.00,$5.61,36,52.17%,$6.12,$11.73,,,,
Floris Elementary,5/05/2025,30051,Natural Grape Jam(Packet),15,0,15,10,0,0,0,$0.00,0,0.00%,$0.00,$0.00,10,100.00%,$0.00,$0.00,,,,
Floris Elementary,5/05/2025,30093,Natural Breakfast Syrup(Each),60,0,60,80,48,0,48,$9.60,0,0.00%,$0.00,$9.60,32,40.00%,$6.40,$16.00,,,,
Floris Elementary,5/05/2025,60034,Mandarin Orange Parfait(Parfait),10,0,10,12,6,0,6,$5.94,0,0.00%,$0.00,$5.94,6,50.00%,$5.94,$11.88,,,,
Forest Edge Elementary,5/05/2025,10020,Bagel(Bagel),0,0,0,1,1,0,1,$0.32,0,0.00%,$0.00,$0.32,0,0.00%,$0.00,$0.32,,,,
Forest Edge Elementary,5/05/2025,10041,Mini Maple Pancakes(Package),156,0,156,177,166,0,166,$64.74,0,0.00%,$0.00,$64.74,11,6.21%,$4.29,$69.03,,,,
Forest Edge Elementary,5/05/2025,20001,1% White Milk(Each),66,0,66,93,93,0,93,$33.48,0,0.00%,$0.00,$33.48,0,0.00%,$0.00,$33.48,,,,
Forest Edge Elementary,5/05/2025,20014,Red Delicious Apple(Each - serving),26,0,26,21,21,0,21,$6.93,0,0.00%,$0.00,$6.93,0,0.00%,$0.00,$6.93,,,,
Forest Edge Elementary,5/05/2025,20017,Orange(Each - serving),58,0,58,80,80,0,80,$27.20,0,0.00%,$0.00,$27.20,0,0.00%,$0.00,$27.20,,,,
Forest Edge Elementary,5/05/2025,20038,Fat Free White Milk(Each),44,0,44,55,46,0,46,$15.18,0,0.00%,$0.00,$15.18,9,16.36%,$2.97,$18.15,,,,
Forest Edge Elementary,5/05/2025,20047,Orange Slices(3 slices per 1/4 cup),49,0,49,47,47,0,47,$9.40,0,0.00%,$0.00,$9.40,0,0.00%,$0.00,$9.40,,,,
Forest Edge Elementary,5/05/2025,30006,Cinnamon Chex Cereal(Each),29,0,29,60,51,0,51,$30.09,0,0.00%,$0.00,$30.09,9,15.00%,$5.31,$35.40,,,,
Forest Edge Elementary,5/05/2025,30008,Apple Juice(Each),92,0,92,131,108,0,108,$18.36,0,0.00%,$0.00,$18.36,23,17.56%,$3.91,$22.27,,,,
Forest Edge Elementary,5/05/2025,30009,Orange Tangerine Juice(Each),67,0,67,84,56,0,56,$9.52,0,0.00%,$0.00,$9.52,28,33.33%,$4.76,$14.28,,,,
Forest Edge Elementary,5/05/2025,30051,Natural Grape Jam(Packet),0,0,0,1,1,0,1,$0.09,0,0.00%,$0.00,$0.09,0,0.00%,$0.00,$0.09,,,,
Forest Edge Elementary,5/05/2025,30103,"Milk, Lactose Free,  Fat Free, Shelf-Stable(Each)",0,0,0,3,3,0,3,$1.44,0,0.00%,$0.00,$1.44,0,0.00%,$0.00,$1.44,,,,
Forest Edge Elementary,5/05/2025,30188,"Milk, Soy, Plain, Bulk (12/32 oz)(1 cup)",0,0,0,1,1,0,1,$0.79,0,0.00%,$0.00,$0.79,0,0.00%,$0.00,$0.79,,,,
Forest Edge Elementary,5/05/2025,60034,Mandarin Orange Parfait(Parfait),6,0,6,6,6,0,6,$5.94,0,0.00%,$0.00,$5.94,0,0.00%,$0.00,$5.94,,,,
Forestdale Elementary,5/05/2025,10041,Mini Maple Pancakes(Package),199,0,199,282,236,0,236,$92.04,0,0.00%,$0.00,$92.04,46,16.31%,$17.94,$109.98,,,,
Forestdale Elementary,5/05/2025,20001,1% White Milk(Each),59,0,59,74,72,0,72,$25.92,0,0.00%,$0.00,$25.92,2,2.70%,$0.72,$26.64,,,,
Forestdale Elementary,5/05/2025,20014,Red Delicious Apple(Each - serving),30,0,30,30,28,0,28,$9.24,0,0.00%,$0.00,$9.24,2,6.67%,$0.66,$9.90,,,,
Forestdale Elementary,5/05/2025,20038,Fat Free White Milk(Each),22,0,22,40,33,0,33,$10.89,0,0.00%,$0.00,$10.89,7,17.50%,$2.31,$13.20,,,,
Forestdale Elementary,5/05/2025,20043,"Lactose Free, White Milk(Each)",0,0,0,2,2,0,2,$1.16,0,0.00%,$0.00,$1.16,0,0.00%,$0.00,$1.16,,,,
Forestdale Elementary,5/05/2025,20047,Orange Slices(3 slices per 1/4 cup),38,0,38,36,36,0,36,$7.20,0,0.00%,$0.00,$7.20,0,0.00%,$0.00,$7.20,,,,
Forestdale Elementary,5/05/2025,30007,"Cinnamon Toast Crunch Cereal, 25% Less Sugar(Each)",60,0,60,80,75,0,75,$44.25,0,0.00%,$0.00,$44.25,5,6.25%,$2.95,$47.20,,,,
Forestdale Elementary,5/05/2025,30008,Apple Juice(Each),201,0,201,110,110,0,110,$18.70,0,0.00%,$0.00,$18.70,0,0.00%,$0.00,$18.70,,,,
Forestdale Elementary,5/05/2025,30009,Orange Tangerine Juice(Each),97,0,97,200,180,0,180,$30.60,0,0.00%,$0.00,$30.60,20,10.00%,$3.40,$34.00,,,,
Forestdale Elementary,5/05/2025,60034,Mandarin Orange Parfait(Parfait),9,0,9,10,5,0,5,$4.95,0,0.00%,$0.00,$4.95,5,50.00%,$4.95,$9.90,,,,
Forestville Elementary,5/05/2025,10020,Bagel(Bagel),0,0,0,7,7,0,7,$2.24,0,0.00%,$0.00,$2.24,0,0.00%,$0.00,$2.24,,,,
Forestville Elementary,5/05/2025,10041,Mini Maple Pancakes(Package),24,0,24,45,42,0,42,$16.38,0,0.00%,$0.00,$16.38,3,6.67%,$1.17,$17.55,,,,
Forestville Elementary,5/05/2025,20001,1% White Milk(Each),7,0,7,76,11,0,11,$3.96,0,0.00%,$0.00,$3.96,65,85.53%,$23.40,$27.36,,,,
Forestville Elementary,5/05/2025,20014,Red Delicious Apple(Each - serving),5,0,5,0,0,0,0,$0.00,0,0.00%,$0.00,$0.00,0,0.00%,$0.00,$0.00,,,,
Forestville Elementary,5/05/2025,20017,Orange(6 Slices per 1/2 cup),0,0,0,0,0,0,0,$0.00,0,0.00%,$0.00,$0.00,0,0.00%,$0.00,$0.00,,,,
Forestville Elementary,5/05/2025,20031,Banana(Each),5,0,5,0,0,0,0,$0.00,0,0.00%,$0.00,$0.00,0,0.00%,$0.00,$0.00,,,,
Forestville Elementary,5/05/2025,20038,Fat Free White Milk(Each),2,0,2,84,2,0,2,$0.66,0,0.00%,$0.00,$0.66,82,97.62%,$27.06,$27.72,,,,
Forestville Elementary,5/05/2025,20047,Orange Slices(3 slices per 1/4 cup),1,0,1,0,0,0,0,$0.00,0,0.00%,$0.00,$0.00,0,0.00%,$0.00,$0.00,,,,
Forestville Elementary,5/05/2025,30003,Honey Cheerios Cereal(Each),6,0,6,7,7,0,7,$4.13,0,0.00%,$0.00,$4.13,0,0.00%,$0.00,$4.13,,,,
Forestville Elementary,5/05/2025,30004,Blueberry Chex Cereal(Each),1,0,1,12,7,0,7,$4.13,0,0.00%,$0.00,$4.13,5,41.67%,$2.95,$7.08,,,,
Forestville Elementary,5/05/2025,30006,Cinnamon Chex Cereal(Each),6,0,6,0,0,0,0,$0.00,0,0.00%,$0.00,$0.00,0,0.00%,$0.00,$0.00,,,,
Forestville Elementary,5/05/2025,30007,"Cinnamon Toast Crunch Cereal, 25% Less Sugar(Each)",7,0,7,4,4,0,4,$2.36,0,0.00%,$0.00,$2.36,0,0.00%,$0.00,$2.36,,,,
Forestville Elementary,5/05/2025,30008,Apple Juice(Each),34,0,34,40,40,0,40,$6.80,0,0.00%,$0.00,$6.80,0,0.00%,$0.00,$6.80,,,,
Forestville Elementary,5/05/2025,30009,Orange Tangerine Juice(Each),17,0,17,21,21,0,21,$3.57,0,0.00%,$0.00,$3.57,0,0.00%,$0.00,$3.57,,,,
Forestville Elementary,5/05/2025,60034,Mandarin Orange Parfait(Parfait),0,0,0,0,0,0,0,$0.00,0,0.00%,$0.00,$0.00,0,0.00%,$0.00,$0.00,,,,
Fort Belvoir Primary Elementary,5/05/2025,10041,Mini Maple Pancakes(Package),161,0,161,215,165,11,176,$68.64,0,0.00%,$0.00,$68.64,39,18.14%,$15.21,$83.85,,,,
Fort Belvoir Primary Elementary,5/05/2025,20001,1% White Milk(Each),201,0,201,559,174,0,174,$62.64,0,0.00%,$0.00,$62.64,385,68.87%,$138.60,$201.24,,,,
Fort Belvoir Primary Elementary,5/05/2025,20015,Golden Delicious Apple(Each),0,0,0,100,95,0,95,$29.45,0,0.00%,$0.00,$29.45,5,5.00%,$1.55,$31.00,,,,
Fort Belvoir Primary Elementary,5/05/2025,20038,Fat Free White Milk(Each),27,0,27,48,11,0,11,$3.63,0,0.00%,$0.00,$3.63,37,77.08%,$12.21,$15.84,,,,
Fort Belvoir Primary Elementary,5/05/2025,20043,"Lactose Free, White Milk(Each)",1,0,1,1,1,0,1,$0.58,0,0.00%,$0.00,$0.58,0,0.00%,$0.00,$0.58,,,,
Fort Belvoir Primary Elementary,5/05/2025,20047,Orange Slices(3 slices per 1/4 cup),51,0,51,37,37,0,37,$7.40,0,0.00%,$0.00,$7.40,0,0.00%,$0.00,$7.40,,,,
Fort Belvoir Primary Elementary,5/05/2025,30004,Blueberry Chex Cereal(Each),35,0,35,45,43,0,43,$25.37,0,0.00%,$0.00,$25.37,2,4.44%,$1.18,$26.55,,,,
Fort Belvoir Primary Elementary,5/05/2025,30007,"Cinnamon Toast Crunch Cereal, 25% Less Sugar(Each)",35,0,35,54,48,6,54,$31.86,0,0.00%,$0.00,$31.86,0,0.00%,$0.00,$31.86,,,,
Fort Belvoir Primary Elementary,5/05/2025,30008,Apple Juice(Each),136,0,136,245,241,0,241,$40.97,0,0.00%,$0.00,$40.97,4,1.63%,$0.68,$41.65,,,,
Fort Belvoir Primary Elementary,5/05/2025,30188,"Milk, Soy, Plain, Bulk (12/32 oz)(1 cup)",0,0,0,2,2,0,2,$1.58,0,0.00%,$0.00,$1.58,0,0.00%,$0.00,$1.58,,,,
Fort Belvoir Upper Elementary,5/05/2025,10041,Mini Maple Pancakes(Package),129,0,129,140,123,0,123,$47.97,1,0.71%,$0.39,$48.36,16,11.43%,$6.24,$54.60,,,,
Fort Belvoir Upper Elementary,5/05/2025,20001,1% White Milk(Each),73,0,73,138,80,0,80,$28.80,0,0.00%,$0.00,$28.80,58,42.03%,$20.88,$49.68,,,,
Fort Belvoir Upper Elementary,5/05/2025,20008,Apple Slices(3 slices per 1/4 cup),0,0,0,11,11,0,11,$6.49,0,0.00%,$0.00,$6.49,0,0.00%,$0.00,$6.49,,,,
Fort Belvoir Upper Elementary,5/05/2025,20014,Red Delicious Apple(Each - serving),24,0,24,10,10,0,10,$3.30,0,0.00%,$0.00,$3.30,0,0.00%,$0.00,$3.30,,,,
Fort Belvoir Upper Elementary,5/05/2025,20038,Fat Free White Milk(Each),9,0,9,25,14,0,14,$4.62,0,0.00%,$0.00,$4.62,11,44.00%,$3.63,$8.25,,,,
Fort Belvoir Upper Elementary,5/05/2025,20047,Orange Slices(3 slices per 1/4 cup),34,0,34,35,35,0,35,$7.00,0,0.00%,$0.00,$7.00,0,0.00%,$0.00,$7.00,,,,
Fort Belvoir Upper Elementary,5/05/2025,30003,Honey Cheerios Cereal(Each),24,0,24,24,19,0,19,$11.21,0,0.00%,$0.00,$11.21,5,20.83%,$2.95,$14.16,,,,
Fort Belvoir Upper Elementary,5/05/2025,30006,Cinnamon Chex Cereal(Each),26,0,26,20,16,0,16,$9.44,0,0.00%,$0.00,$9.44,4,20.00%,$2.36,$11.80,,,,
Fort Belvoir Upper Elementary,5/05/2025,30007,"Cinnamon Toast Crunch Cereal, 25% Less Sugar(Each)",16,0,16,25,23,0,23,$13.57,0,0.00%,$0.00,$13.57,2,8.00%,$1.18,$14.75,,,,
Fort Belvoir Upper Elementary,5/05/2025,30008,Apple Juice(Each),77,0,77,131,116,0,116,$19.72,0,0.00%,$0.00,$19.72,15,11.45%,$2.55,$22.27,,,,
Fort Belvoir Upper Elementary,5/05/2025,30009,Orange Tangerine Juice(Each),75,0,75,80,40,0,40,$6.80,0,0.00%,$0.00,$6.80,40,50.00%,$6.80,$13.60,,,,
Fort Belvoir Upper Elementary,5/05/2025,30184,"Milk, Soy, Vanilla (24/8 oz)(each)",0,0,0,2,2,0,2,$2.04,0,0.00%,$0.00,$2.04,0,0.00%,$0.00,$2.04,,,,
Fort Belvoir Upper Elementary,5/05/2025,60099,"Parfait, Triple Berry(Parfait)",0,0,0,20,18,0,18,$12.24,0,0.00%,$0.00,$12.24,2,10.00%,$1.36,$13.60,,,,
Fort Hunt Elementary,5/05/2025,10041,Mini Maple Pancakes(Package),61,0,61,72,58,0,58,$22.62,0,0.00%,$0.00,$22.62,14,19.44%,$5.46,$28.08,,,,
Fort Hunt Elementary,5/05/2025,20001,1% White Milk(Each),20,0,20,68,20,0,20,$7.20,0,0.00%,$0.00,$7.20,48,70.59%,$17.28,$24.48,,,,
Fort Hunt Elementary,5/05/2025,20038,Fat Free White Milk(Each),4,0,4,29,1,0,1,$0.33,0,0.00%,$0.00,$0.33,28,96.55%,$9.24,$9.57,,,,
Fort Hunt Elementary,5/05/2025,30003,Honey Cheerios Cereal(Each),11,0,11,2,0,0,0,$0.00,0,0.00%,$0.00,$0.00,2,100.00%,$0.00,$0.00,,,,
Fort Hunt Elementary,5/05/2025,30004,Blueberry Chex Cereal(Each),8,0,8,19,8,0,8,$4.72,0,0.00%,$0.00,$4.72,11,57.89%,$6.49,$11.21,,,,
Fort Hunt Elementary,5/05/2025,30007,"Cinnamon Toast Crunch Cereal, 25% Less Sugar(Each)",10,0,10,10,10,0,10,$5.90,0,0.00%,$0.00,$5.90,0,0.00%,$0.00,$5.90,,,,
Fort Hunt Elementary,5/05/2025,30008,Apple Juice(Each),55,0,55,64,47,0,47,$7.99,0,0.00%,$0.00,$7.99,17,26.56%,$2.89,$10.88,,,,
Fort Hunt Elementary,5/05/2025,30009,Orange Tangerine Juice(Each),22,0,22,36,23,0,23,$3.91,0,0.00%,$0.00,$3.91,13,36.11%,$2.21,$6.12,,,,
Fort Hunt Elementary,5/05/2025,30043,Raspberry Lemonade Flavored Dried Cranberries(2 Eaches),0,0,0,30,28,0,28,$13.44,0,0.00%,$0.00,$13.44,2,6.67%,$0.96,$14.40,,,,
Fort Hunt Elementary,5/05/2025,30093,Natural Breakfast Syrup(Each),33,0,33,60,31,0,31,$6.20,0,0.00%,$0.00,$6.20,29,48.33%,$5.80,$12.00,,,,
Fort Hunt Elementary,5/05/2025,60099,"Parfait, Triple Berry(Parfait)",0,0,0,5,1,0,1,$0.68,4,80.00%,$2.72,$3.40,0,0.00%,$0.00,$3.40,,,,
Fox Mill Elementary,5/05/2025,10020,Bagel(Bagel),21,0,21,0,0,0,0,$0.00,0,0.00%,$0.00,$0.00,0,0.00%,$0.00,$0.00,,,,
Fox Mill Elementary,5/05/2025,10041,Mini Maple Pancakes(Package),0,0,0,50,24,0,24,$9.36,0,0.00%,$0.00,$9.36,26,52.00%,$10.14,$19.50,,,,
Fox Mill Elementary,5/05/2025,20001,1% White Milk(Each),0,0,0,0,0,0,0,$0.00,0,0.00%,$0.00,$0.00,0,0.00%,$0.00,$0.00,,,,
Fox Mill Elementary,5/05/2025,20009,Cream Cheese(Each),20,0,20,0,0,0,0,$0.00,0,0.00%,$0.00,$0.00,0,0.00%,$0.00,$0.00,,,,
Fox Mill Elementary,5/05/2025,20014,Red Delicious Apple(Each - serving),32,0,32,50,32,0,32,$10.56,0,0.00%,$0.00,$10.56,18,36.00%,$5.94,$16.50,,,,
Fox Mill Elementary,5/05/2025,20017,Orange(6 Slices per 1/2 cup),0,0,0,0,0,0,0,$0.00,0,0.00%,$0.00,$0.00,0,0.00%,$0.00,$0.00,,,,
Fox Mill Elementary,5/05/2025,20031,Banana(Each),19,0,19,0,0,0,0,$0.00,0,0.00%,$0.00,$0.00,0,0.00%,$0.00,$0.00,,,,
Fox Mill Elementary,5/05/2025,20038,Fat Free White Milk(Each),0,0,0,0,0,0,0,$0.00,0,0.00%,$0.00,$0.00,0,0.00%,$0.00,$0.00,,,,
Fox Mill Elementary,5/05/2025,30003,Honey Cheerios Cereal(Each),0,0,0,0,0,0,0,$0.00,0,0.00%,$0.00,$0.00,0,0.00%,$0.00,$0.00,,,,
Fox Mill Elementary,5/05/2025,30004,Blueberry Chex Cereal(Each),1,0,1,4,1,0,1,$0.59,0,0.00%,$0.00,$0.59,3,75.00%,$1.77,$2.36,,,,
Fox Mill Elementary,5/05/2025,30006,Cinnamon Chex Cereal(Each),2,0,2,8,3,0,3,$1.77,0,0.00%,$0.00,$1.77,5,62.50%,$2.95,$4.72,,,,
Fox Mill Elementary,5/05/2025,30007,"Cinnamon Toast Crunch Cereal, 25% Less Sugar(Each)",5,0,5,12,6,0,6,$3.54,0,0.00%,$0.00,$3.54,6,50.00%,$3.54,$7.08,,,,
Fox Mill Elementary,5/05/2025,30008,Apple Juice(Each),42,0,42,50,36,0,36,$6.12,0,0.00%,$0.00,$6.12,14,28.00%,$2.38,$8.50,,,,
Fox Mill Elementary,5/05/2025,30009,Orange Tangerine Juice(Each),27,0,27,0,0,0,0,$0.00,0,0.00%,$0.00,$0.00,0,0.00%,$0.00,$0.00,,,,
Fox Mill Elementary,5/05/2025,30093,Natural Breakfast Syrup(Each),0,0,0,50,24,0,24,$4.80,0,0.00%,$0.00,$4.80,26,52.00%,$5.20,$10.00,,,,
Fox Mill Elementary,5/05/2025,30108,Fat Free Unflavored Shelf-Stable Milk(Each),0,0,0,15,10,0,10,$3.80,0,0.00%,$0.00,$3.80,5,33.33%,$1.90,$5.70,,,,
Fox Mill Elementary,5/05/2025,60034,Mandarin Orange Parfait(Parfait),3,0,3,5,1,0,1,$0.99,0,0.00%,$0.00,$0.99,4,80.00%,$3.96,$4.95,,,,
Franconia Elementary,5/05/2025,10041,Mini Maple Pancakes(Package),0,0,0,74,52,2,54,$21.06,0,0.00%,$0.00,$21.06,20,27.03%,$7.80,$28.86,,,,
Franconia Elementary,5/05/2025,20001,1% White Milk(Each),15,0,15,130,13,0,13,$4.68,0,0.00%,$0.00,$4.68,117,90.00%,$42.12,$46.80,,,,
Franconia Elementary,5/05/2025,20017,Orange(6 Slices per 1/2 cup),12,0,12,5,2,0,2,$0.68,0,0.00%,$0.00,$0.68,3,60.00%,$1.02,$1.70,,,,
Franconia Elementary,5/05/2025,20038,Fat Free White Milk(Each),4,0,4,26,7,0,7,$2.31,0,0.00%,$0.00,$2.31,19,73.08%,$6.27,$8.58,,,,
Franconia Elementary,5/05/2025,30003,Honey Cheerios Cereal(Each),11,0,11,11,8,0,8,$4.72,0,0.00%,$0.00,$4.72,3,27.27%,$1.77,$6.49,,,,
Franconia Elementary,5/05/2025,30004,Blueberry Chex Cereal(Each),5,0,5,6,6,0,6,$3.54,0,0.00%,$0.00,$3.54,0,0.00%,$0.00,$3.54,,,,
Franconia Elementary,5/05/2025,30007,"Cinnamon Toast Crunch Cereal, 25% Less Sugar(Each)",6,0,6,6,6,0,6,$3.54,0,0.00%,$0.00,$3.54,0,0.00%,$0.00,$3.54,,,,
Franconia Elementary,5/05/2025,30008,Apple Juice(Each),39,0,39,40,40,0,40,$6.80,0,0.00%,$0.00,$6.80,0,0.00%,$0.00,$6.80,,,,
Franconia Elementary,5/05/2025,30009,Orange Tangerine Juice(Each),28,0,28,40,34,0,34,$5.78,0,0.00%,$0.00,$5.78,6,15.00%,$1.02,$6.80,,,,
Franconia Elementary,5/05/2025,60034,Mandarin Orange Parfait(Parfait),5,0,5,7,5,2,7,$6.93,0,0.00%,$0.00,$6.93,0,0.00%,$0.00,$6.93,,,,
Franklin Middle,5/05/2025,10041,Mini Maple Pancakes(Package),0,0,0,62,22,0,22,$8.58,0,0.00%,$0.00,$8.58,40,64.52%,$15.60,$24.18,,,,
Franklin Middle,5/05/2025,20001,1% White Milk(Each),10,0,10,10,8,0,8,$2.88,0,0.00%,$0.00,$2.88,2,20.00%,$0.72,$3.60,,,,
Franklin Middle,5/05/2025,20014,Red Delicious Apple(Each - serving),8,0,8,20,12,0,12,$3.96,0,0.00%,$0.00,$3.96,8,40.00%,$2.64,$6.60,,,,
Franklin Middle,5/05/2025,20038,Fat Free White Milk(Each),10,0,10,10,6,0,6,$1.98,0,0.00%,$0.00,$1.98,4,40.00%,$1.32,$3.30,,,,
Franklin Middle,5/05/2025,30003,Honey Cheerios Cereal(Each),8,0,8,15,6,0,6,$3.54,0,0.00%,$0.00,$3.54,9,60.00%,$5.31,$8.85,,,,
Franklin Middle,5/05/2025,30004,Blueberry Chex Cereal(Each),3,0,3,0,0,0,0,$0.00,0,0.00%,$0.00,$0.00,0,0.00%,$0.00,$0.00,,,,
Franklin Middle,5/05/2025,30006,Cinnamon Chex Cereal(Each),7,0,7,0,0,0,0,$0.00,0,0.00%,$0.00,$0.00,0,0.00%,$0.00,$0.00,,,,
Franklin Middle,5/05/2025,30007,"Cinnamon Toast Crunch Cereal, 25% Less Sugar(Each)",17,0,17,20,18,0,18,$10.62,0,0.00%,$0.00,$10.62,2,10.00%,$1.18,$11.80,,,,
Franklin Middle,5/05/2025,30008,Apple Juice(Each),45,0,45,55,49,0,49,$8.33,0,0.00%,$0.00,$8.33,6,10.91%,$1.02,$9.35,,,,
Franklin Middle,5/05/2025,30009,Orange Tangerine Juice(Each),9,0,9,13,4,0,4,$0.68,0,0.00%,$0.00,$0.68,9,69.23%,$1.53,$2.21,,,,
Franklin Middle,5/05/2025,30093,Natural Breakfast Syrup(Each),0,0,0,42,18,0,18,$3.60,0,0.00%,$0.00,$3.60,24,57.14%,$4.80,$8.40,,,,
Franklin Middle,5/05/2025,30097,Bottled Water(Bottle),0,0,0,12,6,0,6,$0.96,0,0.00%,$0.00,$0.96,6,50.00%,$0.96,$1.92,,,,
Franklin Middle,5/05/2025,30103,"Milk, Lactose Free,  Fat Free, Shelf-Stable(Each)",0,0,0,3,2,0,2,$0.96,0,0.00%,$0.00,$0.96,1,33.33%,$0.48,$1.44,,,,
Franklin Middle,5/05/2025,60034,Mandarin Orange Parfait(Parfait),2,0,2,3,2,0,2,$1.98,0,0.00%,$0.00,$1.98,1,33.33%,$0.99,$2.97,,,,
Franklin Sherman Elementary,5/05/2025,10041,Mini Maple Pancakes(Package),32,0,32,30,12,10,22,$8.58,0,0.00%,$0.00,$8.58,8,26.67%,$3.12,$11.70,,,,
Franklin Sherman Elementary,5/05/2025,20001,1% White Milk(Each),12,0,12,12,9,0,9,$3.24,0,0.00%,$0.00,$3.24,3,25.00%,$1.08,$4.32,,,,
Franklin Sherman Elementary,5/05/2025,20014,Red Delicious Apple(Each - serving),12,0,12,8,2,0,2,$0.66,0,0.00%,$0.00,$0.66,6,75.00%,$1.98,$2.64,,,,
Franklin Sherman Elementary,5/05/2025,20017,Orange(6 Slices per 1/2 cup),12,0,12,8,6,0,6,$2.04,0,0.00%,$0.00,$2.04,2,25.00%,$0.68,$2.72,,,,
Franklin Sherman Elementary,5/05/2025,20038,Fat Free White Milk(Each),12,0,12,6,3,0,3,$0.99,0,0.00%,$0.00,$0.99,3,50.00%,$0.99,$1.98,,,,
Franklin Sherman Elementary,5/05/2025,30003,Honey Cheerios Cereal(Each),12,0,12,8,5,0,5,$2.95,0,0.00%,$0.00,$2.95,3,37.50%,$1.77,$4.72,,,,
Franklin Sherman Elementary,5/05/2025,30004,Blueberry Chex Cereal(Each),6,0,6,4,1,0,1,$0.59,0,0.00%,$0.00,$0.59,3,75.00%,$1.77,$2.36,,,,
Franklin Sherman Elementary,5/05/2025,30006,Cinnamon Chex Cereal(Each),8,0,8,8,2,1,3,$1.77,0,0.00%,$0.00,$1.77,5,62.50%,$2.95,$4.72,,,,
Franklin Sherman Elementary,5/05/2025,30007,"Cinnamon Toast Crunch Cereal, 25% Less Sugar(Each)",12,0,12,8,5,0,5,$2.95,0,0.00%,$0.00,$2.95,3,37.50%,$1.77,$4.72,,,,
Franklin Sherman Elementary,5/05/2025,30008,Apple Juice(Each),40,0,40,32,13,4,17,$2.89,0,0.00%,$0.00,$2.89,15,46.88%,$2.55,$5.44,,,,
Franklin Sherman Elementary,5/05/2025,30009,Orange Tangerine Juice(Each),30,0,30,24,12,2,14,$2.38,0,0.00%,$0.00,$2.38,10,41.67%,$1.70,$4.08,,,,
Franklin Sherman Elementary,5/05/2025,30051,Natural Grape Jam(Packet),12,0,12,12,8,0,8,$0.72,0,0.00%,$0.00,$0.72,4,33.33%,$0.36,$1.08,,,,
Franklin Sherman Elementary,5/05/2025,30093,Natural Breakfast Syrup(Each),20,0,20,20,8,0,8,$1.60,0,0.00%,$0.00,$1.60,12,60.00%,$2.40,$4.00,,,,
Franklin Sherman Elementary,5/05/2025,30097,Bottled Water(Bottle),0,0,0,4,0,2,2,$0.00,0,0.00%,$0.00,$0.00,2,50.00%,$0.00,$0.00,,,,
Franklin Sherman Elementary,5/05/2025,60099,"Parfait, Triple Berry(Parfait)",0,0,0,6,2,0,2,$1.36,0,0.00%,$0.00,$1.36,4,66.67%,$2.72,$4.08,,,,
Freedom Hill Elementary,5/05/2025,10020,Bagel(Bagel),15,0,15,16,16,0,16,$5.12,0,0.00%,$0.00,$5.12,0,0.00%,$0.00,$5.12,,,,
Freedom Hill Elementary,5/05/2025,10041,Mini Maple Pancakes(Package),0,0,0,54,42,1,43,$16.77,0,0.00%,$0.00,$16.77,11,20.37%,$4.29,$21.06,,,,
Freedom Hill Elementary,5/05/2025,20001,1% White Milk(Each),48,0,48,162,38,0,38,$13.68,0,0.00%,$0.00,$13.68,124,76.54%,$44.64,$58.32,,,,
Freedom Hill Elementary,5/05/2025,20009,Cream Cheese(Each),15,0,15,16,16,0,16,$4.64,0,0.00%,$0.00,$4.64,0,0.00%,$0.00,$4.64,,,,
Freedom Hill Elementary,5/05/2025,20014,Red Delicious Apple(Each - serving),2,0,2,0,0,0,0,$0.00,0,0.00%,$0.00,$0.00,0,0.00%,$0.00,$0.00,,,,
Freedom Hill Elementary,5/05/2025,20017,Orange(6 Slices per 1/2 cup),3,0,3,20,11,0,11,$3.74,0,0.00%,$0.00,$3.74,9,45.00%,$3.06,$6.80,,,,
Freedom Hill Elementary,5/05/2025,20031,Banana(Each),17,0,17,0,0,0,0,$0.00,0,0.00%,$0.00,$0.00,0,0.00%,$0.00,$0.00,,,,
Freedom Hill Elementary,5/05/2025,20038,Fat Free White Milk(Each),11,0,11,140,16,0,16,$5.28,0,0.00%,$0.00,$5.28,124,88.57%,$40.92,$46.20,,,,
Freedom Hill Elementary,5/05/2025,20047,Orange Slices(3 slices per 1/4 cup),29,0,29,16,16,0,16,$3.20,0,0.00%,$0.00,$3.20,0,0.00%,$0.00,$3.20,,,,
Freedom Hill Elementary,5/05/2025,30003,Honey Cheerios Cereal(Each),13,0,13,12,6,0,6,$3.54,0,0.00%,$0.00,$3.54,6,50.00%,$3.54,$7.08,,,,
Freedom Hill Elementary,5/05/2025,30004,Blueberry Chex Cereal(Each),12,0,12,18,8,0,8,$4.72,0,0.00%,$0.00,$4.72,10,55.56%,$5.90,$10.62,,,,
Freedom Hill Elementary,5/05/2025,30006,Cinnamon Chex Cereal(Each),10,0,10,18,7,0,7,$4.13,0,0.00%,$0.00,$4.13,11,61.11%,$6.49,$10.62,,,,
Freedom Hill Elementary,5/05/2025,30007,"Cinnamon Toast Crunch Cereal, 25% Less Sugar(Each)",15,0,15,18,9,0,9,$5.31,0,0.00%,$0.00,$5.31,9,50.00%,$5.31,$10.62,,,,
Freedom Hill Elementary,5/05/2025,30008,Apple Juice(Each),37,0,37,44,44,0,44,$7.48,0,0.00%,$0.00,$7.48,0,0.00%,$0.00,$7.48,,,,
Freedom Hill Elementary,5/05/2025,30009,Orange Tangerine Juice(Each),21,0,21,48,48,0,48,$8.16,0,0.00%,$0.00,$8.16,0,0.00%,$0.00,$8.16,,,,
Freedom Hill Elementary,5/05/2025,60096,Strawberry Parfait(Parfait),0,0,0,9,2,0,2,$1.98,0,0.00%,$0.00,$1.98,7,77.78%,$6.93,$8.91,,,,
Frost Middle,5/05/2025,10020,Bagel(Bagel),40,0,40,57,33,0,33,$10.56,0,0.00%,$0.00,$10.56,24,42.11%,$7.68,$18.24,,,,
Frost Middle,5/05/2025,10041,Mini Maple Pancakes(Package),0,0,0,1,1,0,1,$0.39,0,0.00%,$0.00,$0.39,0,0.00%,$0.00,$0.39,,,,
Frost Middle,5/05/2025,20001,1% White Milk(Each),20,0,20,36,12,0,12,$4.32,0,0.00%,$0.00,$4.32,24,66.67%,$8.64,$12.96,,,,
Frost Middle,5/05/2025,20009,Cream Cheese(Each),40,0,40,57,32,0,32,$9.28,0,0.00%,$0.00,$9.28,25,43.86%,$7.25,$16.53,,,,
Frost Middle,5/05/2025,20014,Red Delicious Apple(Each - serving),10,0,10,15,1,0,1,$0.33,0,0.00%,$0.00,$0.33,14,93.33%,$4.62,$4.95,,,,
Frost Middle,5/05/2025,20038,Fat Free White Milk(Each),20,0,20,40,4,0,4,$1.32,0,0.00%,$0.00,$1.32,36,90.00%,$11.88,$13.20,,,,
Frost Middle,5/05/2025,30003,Honey Cheerios Cereal(Each),10,0,10,20,5,0,5,$2.95,0,0.00%,$0.00,$2.95,15,75.00%,$8.85,$11.80,,,,
Frost Middle,5/05/2025,30004,Blueberry Chex Cereal(Each),10,0,10,10,1,0,1,$0.59,0,0.00%,$0.00,$0.59,9,90.00%,$5.31,$5.90,,,,
Frost Middle,5/05/2025,30006,Cinnamon Chex Cereal(Each),10,0,10,24,10,0,10,$5.90,0,0.00%,$0.00,$5.90,14,58.33%,$8.26,$14.16,,,,
Frost Middle,5/05/2025,30007,"Cinnamon Toast Crunch Cereal, 25% Less Sugar(Each)",20,0,20,33,21,0,21,$12.39,0,0.00%,$0.00,$12.39,12,36.36%,$7.08,$19.47,,,,
Frost Middle,5/05/2025,30008,Apple Juice(Each),60,0,60,73,58,0,58,$9.86,0,0.00%,$0.00,$9.86,15,20.55%,$2.55,$12.41,,,,
Frost Middle,5/05/2025,30009,Orange Tangerine Juice(Each),40,0,40,52,27,0,27,$4.59,0,0.00%,$0.00,$4.59,25,48.08%,$4.25,$8.84,,,,
Frost Middle,5/05/2025,60096,Strawberry Parfait(Parfait),0,0,0,5,5,0,5,$4.95,0,0.00%,$0.00,$4.95,0,0.00%,$0.00,$4.95,,,,
Garfield Elementary,5/05/2025,10041,Mini Maple Pancakes(Package),108,0,108,84,84,0,84,$32.76,0,0.00%,$0.00,$32.76,0,0.00%,$0.00,$32.76,,,,
Garfield Elementary,5/05/2025,20001,1% White Milk(Each),61,0,61,51,51,0,51,$18.36,0,0.00%,$0.00,$18.36,0,0.00%,$0.00,$18.36,,,,
Garfield Elementary,5/05/2025,20014,Red Delicious Apple(Each - serving),20,0,20,20,12,0,12,$3.96,8,40.00%,$2.64,$6.60,0,0.00%,$0.00,$6.60,,,,
Garfield Elementary,5/05/2025,20038,Fat Free White Milk(Each),15,0,15,3,3,0,3,$0.99,0,0.00%,$0.00,$0.99,0,0.00%,$0.00,$0.99,,,,
Garfield Elementary,5/05/2025,20047,Orange Slices(3 slices per 1/4 cup),36,0,36,34,34,0,34,$6.80,0,0.00%,$0.00,$6.80,0,0.00%,$0.00,$6.80,,,,
Garfield Elementary,5/05/2025,30003,Honey Cheerios Cereal(Each),24,0,24,34,34,0,34,$20.06,0,0.00%,$0.00,$20.06,0,0.00%,$0.00,$20.06,,,,
Garfield Elementary,5/05/2025,30004,Blueberry Chex Cereal(Each),24,0,24,18,18,0,18,$10.62,0,0.00%,$0.00,$10.62,0,0.00%,$0.00,$10.62,,,,
Garfield Elementary,5/05/2025,30006,Cinnamon Chex Cereal(Each),24,0,24,28,28,0,28,$16.52,0,0.00%,$0.00,$16.52,0,0.00%,$0.00,$16.52,,,,
Garfield Elementary,5/05/2025,30008,Apple Juice(Each),80,0,80,76,76,0,76,$12.92,0,0.00%,$0.00,$12.92,0,0.00%,$0.00,$12.92,,,,
Garfield Elementary,5/05/2025,30009,Orange Tangerine Juice(Each),60,0,60,58,58,0,58,$9.86,0,0.00%,$0.00,$9.86,0,0.00%,$0.00,$9.86,,,,
Garfield Elementary,5/05/2025,60034,Mandarin Orange Parfait(Parfait),12,0,12,12,4,0,4,$3.96,0,0.00%,$0.00,$3.96,8,66.67%,$7.92,$11.88,,,,
Glasgow Middle,5/05/2025,10020,Bagel(Bagel),134,0,134,130,125,0,125,$40.00,0,0.00%,$0.00,$40.00,5,3.85%,$1.60,$41.60,,,,
Glasgow Middle,5/05/2025,10041,Mini Maple Pancakes(Package),0,0,0,130,125,0,125,$48.75,0,0.00%,$0.00,$48.75,5,3.85%,$1.95,$50.70,,,,
Glasgow Middle,5/05/2025,20001,1% White Milk(Each),86,0,86,75,57,0,57,$20.52,0,0.00%,$0.00,$20.52,18,24.00%,$6.48,$27.00,,,,
Glasgow Middle,5/05/2025,20009,Cream Cheese(Each),127,0,127,120,120,0,120,$34.80,0,0.00%,$0.00,$34.80,0,0.00%,$0.00,$34.80,,,,
Glasgow Middle,5/05/2025,20014,Red Delicious Apple(Each - serving),72,0,72,95,87,0,87,$28.71,0,0.00%,$0.00,$28.71,8,8.42%,$2.64,$31.35,,,,
Glasgow Middle,5/05/2025,20017,Orange(6 Slices per 1/2 cup),82,0,82,75,64,0,64,$21.76,0,0.00%,$0.00,$21.76,11,14.67%,$3.74,$25.50,,,,
Glasgow Middle,5/05/2025,20038,Fat Free White Milk(Each),37,0,37,45,39,0,39,$12.87,0,0.00%,$0.00,$12.87,6,13.33%,$1.98,$14.85,,,,
Glasgow Middle,5/05/2025,30003,Honey Cheerios Cereal(Each),28,0,28,40,37,0,37,$21.83,0,0.00%,$0.00,$21.83,3,7.50%,$1.77,$23.60,,,,
Glasgow Middle,5/05/2025,30004,Blueberry Chex Cereal(Each),28,0,28,40,37,0,37,$21.83,0,0.00%,$0.00,$21.83,3,7.50%,$1.77,$23.60,,,,
Glasgow Middle,5/05/2025,30006,Cinnamon Chex Cereal(Each),28,0,28,40,37,0,37,$21.83,0,0.00%,$0.00,$21.83,3,7.50%,$1.77,$23.60,,,,
Glasgow Middle,5/05/2025,30007,"Cinnamon Toast Crunch Cereal, 25% Less Sugar(Each)",28,0,28,40,39,0,39,$23.01,0,0.00%,$0.00,$23.01,1,2.50%,$0.59,$23.60,,,,
Glasgow Middle,5/05/2025,30008,Apple Juice(Each),329,0,329,350,325,0,325,$55.25,0,0.00%,$0.00,$55.25,25,7.14%,$4.25,$59.50,,,,
Glasgow Middle,5/05/2025,30009,Orange Tangerine Juice(Each),227,0,227,250,205,0,205,$34.85,0,0.00%,$0.00,$34.85,45,18.00%,$7.65,$42.50,,,,
Glasgow Middle,5/05/2025,60004,Egg and American Cheese on English Muffin(Sandwich),0,0,0,50,50,0,50,$25.50,0,0.00%,$0.00,$25.50,0,0.00%,$0.00,$25.50,,,,
Glasgow Middle,5/05/2025,60034,Mandarin Orange Parfait(Parfait),77,0,77,60,58,0,58,$57.42,0,0.00%,$0.00,$57.42,2,3.33%,$1.98,$59.40,,,,
Glasgow Middle,5/05/2025,60164,"Sandwich, Breakfast. Bagel, Turkey Sausage(Sandwich)",0,0,0,50,50,0,50,$27.00,0,0.00%,$0.00,$27.00,0,0.00%,$0.00,$27.00,,,,
Glen Forest Elementary,5/05/2025,10020,Bagel(Bagel),0,0,0,47,14,0,14,$4.48,0,0.00%,$0.00,$4.48,33,70.21%,$10.56,$15.04,,,,
Glen Forest Elementary,5/05/2025,10041,Mini Maple Pancakes(Package),294,0,294,293,254,0,254,$99.06,0,0.00%,$0.00,$99.06,39,13.31%,$15.21,$114.27,,,,
Glen Forest Elementary,5/05/2025,20001,1% White Milk(Each),244,0,244,219,176,0,176,$63.36,0,0.00%,$0.00,$63.36,43,19.63%,$15.48,$78.84,,,,
Glen Forest Elementary,5/05/2025,20017,Orange(6 Slices per 1/2 cup),0,0,0,73,73,0,73,$24.82,0,0.00%,$0.00,$24.82,0,0.00%,$0.00,$24.82,,,,
Glen Forest Elementary,5/05/2025,20031,Banana(Each),50,0,50,57,17,0,17,$3.57,0,0.00%,$0.00,$3.57,40,70.18%,$8.40,$11.97,,,,
Glen Forest Elementary,5/05/2025,20038,Fat Free White Milk(Each),50,0,50,20,9,0,9,$2.97,0,0.00%,$0.00,$2.97,11,55.00%,$3.63,$6.60,,,,
Glen Forest Elementary,5/05/2025,30004,Blueberry Chex Cereal(Each),50,0,50,60,30,0,30,$17.70,0,0.00%,$0.00,$17.70,30,50.00%,$17.70,$35.40,,,,
Glen Forest Elementary,5/05/2025,30007,"Cinnamon Toast Crunch Cereal, 25% Less Sugar(Each)",50,0,50,150,120,0,120,$70.80,0,0.00%,$0.00,$70.80,30,20.00%,$17.70,$88.50,,,,
Glen Forest Elementary,5/05/2025,30008,Apple Juice(Each),250,0,250,250,193,0,193,$32.81,0,0.00%,$0.00,$32.81,57,22.80%,$9.69,$42.50,,,,
Glen Forest Elementary,5/05/2025,30009,Orange Tangerine Juice(Each),250,0,250,250,174,0,174,$29.58,0,0.00%,$0.00,$29.58,76,30.40%,$12.92,$42.50,,,,
Glen Forest Elementary,5/05/2025,30051,Natural Grape Jam(Packet),0,0,0,25,19,0,19,$1.71,0,0.00%,$0.00,$1.71,6,24.00%,$0.54,$2.25,,,,
Glen Forest Elementary,5/05/2025,30103,"Milk, Lactose Free,  Fat Free, Shelf-Stable(Each)",0,0,0,2,2,0,2,$0.96,0,0.00%,$0.00,$0.96,0,0.00%,$0.00,$0.96,,,,
Glen Forest Elementary,5/05/2025,30188,"Milk, Soy, Plain, Bulk (12/32 oz)(1 cup)",0,0,0,2,2,0,2,$1.58,0,0.00%,$0.00,$1.58,0,0.00%,$0.00,$1.58,,,,
Glen Forest Elementary,5/05/2025,60099,"Parfait, Triple Berry(Parfait)",0,0,0,33,32,0,32,$21.76,0,0.00%,$0.00,$21.76,1,3.03%,$0.68,$22.44,,,,
Graham Road Elementary,5/05/2025,10041,Mini Maple Pancakes(Package),141,0,141,152,150,0,150,$58.50,0,0.00%,$0.00,$58.50,2,1.32%,$0.78,$59.28,,,,
Graham Road Elementary,5/05/2025,20001,1% White Milk(Each),75,0,75,102,72,0,72,$25.92,0,0.00%,$0.00,$25.92,30,29.41%,$10.80,$36.72,,,,
Graham Road Elementary,5/05/2025,20014,Red Delicious Apple(Each - serving),45,0,45,15,6,0,6,$1.98,0,0.00%,$0.00,$1.98,9,60.00%,$2.97,$4.95,,,,
Graham Road Elementary,5/05/2025,20017,Orange(6 Slices per 1/2 cup),0,0,0,30,26,0,26,$8.84,0,0.00%,$0.00,$8.84,4,13.33%,$1.36,$10.20,,,,
Graham Road Elementary,5/05/2025,20038,Fat Free White Milk(Each),6,0,6,20,9,0,9,$2.97,0,0.00%,$0.00,$2.97,11,55.00%,$3.63,$6.60,,,,
Graham Road Elementary,5/05/2025,20043,"Lactose Free, White Milk(Each)",3,0,3,2,2,0,2,$1.16,0,0.00%,$0.00,$1.16,0,0.00%,$0.00,$1.16,,,,
Graham Road Elementary,5/05/2025,20047,Orange Slices(3 slices per 1/4 cup),46,0,46,44,44,0,44,$8.80,0,0.00%,$0.00,$8.80,0,0.00%,$0.00,$8.80,,,,
Graham Road Elementary,5/05/2025,30003,Honey Cheerios Cereal(Each),20,0,20,20,15,0,15,$8.85,0,0.00%,$0.00,$8.85,5,25.00%,$2.95,$11.80,,,,
Graham Road Elementary,5/05/2025,30004,Blueberry Chex Cereal(Each),15,0,15,15,11,0,11,$6.49,0,0.00%,$0.00,$6.49,4,26.67%,$2.36,$8.85,,,,
Graham Road Elementary,5/05/2025,30006,Cinnamon Chex Cereal(Each),20,0,20,15,11,0,11,$6.49,0,0.00%,$0.00,$6.49,4,26.67%,$2.36,$8.85,,,,
Graham Road Elementary,5/05/2025,30007,"Cinnamon Toast Crunch Cereal, 25% Less Sugar(Each)",15,0,15,20,15,0,15,$8.85,0,0.00%,$0.00,$8.85,5,25.00%,$2.95,$11.80,,,,
Graham Road Elementary,5/05/2025,30008,Apple Juice(Each),213,0,213,115,101,0,101,$17.17,0,0.00%,$0.00,$17.17,14,12.17%,$2.38,$19.55,,,,
Graham Road Elementary,5/05/2025,30009,Orange Tangerine Juice(Each),0,0,0,86,84,0,84,$14.28,0,0.00%,$0.00,$14.28,2,2.33%,$0.34,$14.62,,,,
Graham Road Elementary,5/05/2025,60034,Mandarin Orange Parfait(Parfait),20,0,20,12,12,0,12,$11.88,0,0.00%,$0.00,$11.88,0,0.00%,$0.00,$11.88,,,,
Great Falls Elementary,5/05/2025,10041,Mini Maple Pancakes(Package),41,0,41,36,36,0,36,$14.04,0,0.00%,$0.00,$14.04,0,0.00%,$0.00,$14.04,,,,
Great Falls Elementary,5/05/2025,20001,1% White Milk(Each),7,0,7,10,10,0,10,$3.60,0,0.00%,$0.00,$3.60,0,0.00%,$0.00,$3.60,,,,
Great Falls Elementary,5/05/2025,20014,Red Delicious Apple(Each - serving),10,0,10,40,25,0,25,$8.25,0,0.00%,$0.00,$8.25,15,37.50%,$4.95,$13.20,,,,
Great Falls Elementary,5/05/2025,30006,Cinnamon Chex Cereal(Each),10,0,10,12,5,0,5,$2.95,0,0.00%,$0.00,$2.95,7,58.33%,$4.13,$7.08,,,,
Great Falls Elementary,5/05/2025,30007,"Cinnamon Toast Crunch Cereal, 25% Less Sugar(Each)",12,0,12,12,4,0,4,$2.36,0,0.00%,$0.00,$2.36,8,66.67%,$4.72,$7.08,,,,
Great Falls Elementary,5/05/2025,30008,Apple Juice(Each),22,0,22,40,21,0,21,$3.57,0,0.00%,$0.00,$3.57,19,47.50%,$3.23,$6.80,,,,
Great Falls Elementary,5/05/2025,30009,Orange Tangerine Juice(Each),9,0,9,15,10,0,10,$1.70,0,0.00%,$0.00,$1.70,5,33.33%,$0.85,$2.55,,,,
Great Falls Elementary,5/05/2025,30051,Natural Grape Jam(Packet),6,0,6,36,6,0,6,$0.54,30,83.33%,$2.70,$3.24,0,0.00%,$0.00,$3.24,,,,
Great Falls Elementary,5/05/2025,30103,"Milk, Lactose Free,  Fat Free, Shelf-Stable(Each)",0,0,0,89,0,0,0,$0.00,0,0.00%,$0.00,$0.00,89,100.00%,$0.00,$0.00,,,,
Great Falls Elementary,5/05/2025,60034,Mandarin Orange Parfait(Parfait),1,0,1,6,3,0,3,$2.97,0,0.00%,$0.00,$2.97,3,50.00%,$2.97,$5.94,,,,
Great Falls Elementary,5/05/2025,60068,Biscuit(Biscuit),0,0,0,6,2,0,2,$0.42,4,66.67%,$0.84,$1.26,0,0.00%,$0.00,$1.26,,,,
Great Falls Elementary,5/05/2025,60125,Egg and American Cheese on Biscuit(Sandwich),0,0,0,10,4,0,4,$1.88,6,60.00%,$2.82,$4.70,0,0.00%,$0.00,$4.70,,,,
Greenbriar East Elementary,5/05/2025,10020,Bagel(Bagel),0,0,0,37,37,0,37,$11.84,0,0.00%,$0.00,$11.84,0,0.00%,$0.00,$11.84,,,,
Greenbriar East Elementary,5/05/2025,10041,Mini Maple Pancakes(Package),68,0,68,114,94,0,94,$36.66,0,0.00%,$0.00,$36.66,20,17.54%,$7.80,$44.46,,,,
Greenbriar East Elementary,5/05/2025,20001,1% White Milk(Each),95,0,95,41,41,0,41,$14.76,0,0.00%,$0.00,$14.76,0,0.00%,$0.00,$14.76,,,,
Greenbriar East Elementary,5/05/2025,20009,Cream Cheese(Each),0,0,0,16,16,0,16,$4.64,0,0.00%,$0.00,$4.64,0,0.00%,$0.00,$4.64,,,,
Greenbriar East Elementary,5/05/2025,20014,Red Delicious Apple(Each - serving),12,0,12,30,22,0,22,$7.26,0,0.00%,$0.00,$7.26,8,26.67%,$2.64,$9.90,,,,
Greenbriar East Elementary,5/05/2025,20038,Fat Free White Milk(Each),4,0,4,20,20,0,20,$6.60,0,0.00%,$0.00,$6.60,0,0.00%,$0.00,$6.60,,,,
Greenbriar East Elementary,5/05/2025,20047,Orange Slices(3 slices per 1/4 cup),19,0,19,21,21,0,21,$4.20,0,0.00%,$0.00,$4.20,0,0.00%,$0.00,$4.20,,,,
Greenbriar East Elementary,5/05/2025,30003,Honey Cheerios Cereal(Each),24,0,24,10,10,0,10,$5.90,0,0.00%,$0.00,$5.90,0,0.00%,$0.00,$5.90,,,,
Greenbriar East Elementary,5/05/2025,30004,Blueberry Chex Cereal(Each),10,0,10,10,10,0,10,$5.90,0,0.00%,$0.00,$5.90,0,0.00%,$0.00,$5.90,,,,
Greenbriar East Elementary,5/05/2025,30006,Cinnamon Chex Cereal(Each),12,0,12,10,10,0,10,$5.90,0,0.00%,$0.00,$5.90,0,0.00%,$0.00,$5.90,,,,
Greenbriar East Elementary,5/05/2025,30007,"Cinnamon Toast Crunch Cereal, 25% Less Sugar(Each)",28,0,28,25,25,0,25,$14.75,0,0.00%,$0.00,$14.75,0,0.00%,$0.00,$14.75,,,,
Greenbriar East Elementary,5/05/2025,30008,Apple Juice(Each),144,0,144,104,104,0,104,$17.68,0,0.00%,$0.00,$17.68,0,0.00%,$0.00,$17.68,,,,
Greenbriar East Elementary,5/05/2025,30009,Orange Tangerine Juice(Each),34,0,34,100,73,0,73,$12.41,0,0.00%,$0.00,$12.41,27,27.00%,$4.59,$17.00,,,,
Greenbriar East Elementary,5/05/2025,60034,Mandarin Orange Parfait(Parfait),3,0,3,7,7,0,7,$6.93,0,0.00%,$0.00,$6.93,0,0.00%,$0.00,$6.93,,,,
Greenbriar West Elementary,5/05/2025,10020,Bagel(Bagel),2,0,2,2,1,0,1,$0.32,0,0.00%,$0.00,$0.32,1,50.00%,$0.32,$0.64,,,,
Greenbriar West Elementary,5/05/2025,10021,Apple Cinnamon Bread(1oz Grain (1/64 Baked Pan)),0,0,0,23,15,0,15,$6.15,8,34.78%,$3.28,$9.43,0,0.00%,$0.00,$9.43,,,,
Greenbriar West Elementary,5/05/2025,10041,Mini Maple Pancakes(Package),69,1,70,72,51,0,51,$19.89,0,0.00%,$0.00,$19.89,21,29.17%,$8.19,$28.08,,,,
Greenbriar West Elementary,5/05/2025,20001,1% White Milk(Each),31,1,32,30,26,0,26,$9.36,0,0.00%,$0.00,$9.36,4,13.33%,$1.44,$10.80,,,,
Greenbriar West Elementary,5/05/2025,20009,Cream Cheese(Each),2,0,2,2,1,0,1,$0.29,0,0.00%,$0.00,$0.29,1,50.00%,$0.29,$0.58,,,,
Greenbriar West Elementary,5/05/2025,20014,Red Delicious Apple(Each - serving),16,0,16,10,4,0,4,$1.32,0,0.00%,$0.00,$1.32,6,60.00%,$1.98,$3.30,,,,
Greenbriar West Elementary,5/05/2025,20016,String Cheese(1 Stick),0,0,0,23,15,0,15,$3.30,0,0.00%,$0.00,$3.30,8,34.78%,$1.76,$5.06,,,,
Greenbriar West Elementary,5/05/2025,20017,Orange(6 Slices per 1/2 cup),16,0,16,12,8,0,8,$2.72,0,0.00%,$0.00,$2.72,4,33.33%,$1.36,$4.08,,,,
Greenbriar West Elementary,5/05/2025,20047,Orange Slices(3 slices per 1/4 cup),2,0,2,2,1,0,1,$0.20,0,0.00%,$0.00,$0.20,1,50.00%,$0.20,$0.40,,,,
Greenbriar West Elementary,5/05/2025,30003,Honey Cheerios Cereal(Each),11,1,12,12,10,0,10,$5.90,0,0.00%,$0.00,$5.90,2,16.67%,$1.18,$7.08,,,,
Greenbriar West Elementary,5/05/2025,30004,Blueberry Chex Cereal(Each),5,1,6,4,0,0,0,$0.00,0,0.00%,$0.00,$0.00,4,100.00%,$0.00,$0.00,,,,
Greenbriar West Elementary,5/05/2025,30007,"Cinnamon Toast Crunch Cereal, 25% Less Sugar(Each)",11,1,12,12,10,0,10,$5.90,0,0.00%,$0.00,$5.90,2,16.67%,$1.18,$7.08,,,,
Greenbriar West Elementary,5/05/2025,30008,Apple Juice(Each),63,1,64,73,45,0,45,$7.65,0,0.00%,$0.00,$7.65,28,38.36%,$4.76,$12.41,,,,
Greenbriar West Elementary,5/05/2025,30009,Orange Tangerine Juice(Each),32,1,33,45,40,0,40,$6.80,0,0.00%,$0.00,$6.80,5,11.11%,$0.85,$7.65,,,,
Greenbriar West Elementary,5/05/2025,30103,"Milk, Lactose Free,  Fat Free, Shelf-Stable(Each)",9,1,10,9,2,0,2,$0.96,0,0.00%,$0.00,$0.96,7,77.78%,$3.36,$4.32,,,,
Greenbriar West Elementary,5/05/2025,60034,Mandarin Orange Parfait(Parfait),6,1,7,8,5,0,5,$4.95,0,0.00%,$0.00,$4.95,3,37.50%,$2.97,$7.92,,,,
Groveton Elementary,5/05/2025,10041,Mini Maple Pancakes(Package),0,0,0,215,212,0,212,$82.68,0,0.00%,$0.00,$82.68,3,1.40%,$1.17,$83.85,,,,
Groveton Elementary,5/05/2025,20001,1% White Milk(Each),154,0,154,178,114,0,114,$41.04,0,0.00%,$0.00,$41.04,64,35.96%,$23.04,$64.08,,,,
Groveton Elementary,5/05/2025,20014,Red Delicious Apple(Each - serving),44,0,44,60,60,0,60,$19.80,0,0.00%,$0.00,$19.80,0,0.00%,$0.00,$19.80,,,,
Groveton Elementary,5/05/2025,20038,Fat Free White Milk(Each),55,0,55,55,55,0,55,$18.15,0,0.00%,$0.00,$18.15,0,0.00%,$0.00,$18.15,,,,
Groveton Elementary,5/05/2025,20047,Orange Slices(3 slices per 1/4 cup),28,0,28,30,30,0,30,$6.00,0,0.00%,$0.00,$6.00,0,0.00%,$0.00,$6.00,,,,
Groveton Elementary,5/05/2025,30007,"Cinnamon Toast Crunch Cereal, 25% Less Sugar(Each)",80,0,80,192,128,0,128,$75.52,0,0.00%,$0.00,$75.52,64,33.33%,$37.76,$113.28,,,,
Groveton Elementary,5/05/2025,30008,Apple Juice(Each),228,0,228,409,330,0,330,$56.10,0,0.00%,$0.00,$56.10,79,19.32%,$13.43,$69.53,,,,
Groveton Elementary,5/05/2025,30103,"Milk, Lactose Free,  Fat Free, Shelf-Stable(Each)",0,0,0,12,12,0,12,$5.76,0,0.00%,$0.00,$5.76,0,0.00%,$0.00,$5.76,,,,
Groveton Elementary,5/05/2025,60034,Mandarin Orange Parfait(Parfait),23,0,23,24,21,0,21,$20.79,0,0.00%,$0.00,$20.79,3,12.50%,$2.97,$23.76,,,,
Gunston Elementary,5/05/2025,10020,Bagel(Bagel),0,0,0,12,12,0,12,$3.84,0,0.00%,$0.00,$3.84,0,0.00%,$0.00,$3.84,,,,
Gunston Elementary,5/05/2025,10041,Mini Maple Pancakes(Package),90,0,90,79,76,3,79,$30.81,0,0.00%,$0.00,$30.81,0,0.00%,$0.00,$30.81,,,,
Gunston Elementary,5/05/2025,20001,1% White Milk(Each),105,0,105,129,68,0,68,$24.48,0,0.00%,$0.00,$24.48,61,47.29%,$21.96,$46.44,,,,
Gunston Elementary,5/05/2025,20014,Red Delicious Apple(Each - serving),50,0,50,15,13,0,13,$4.29,0,0.00%,$0.00,$4.29,2,13.33%,$0.66,$4.95,,,,
Gunston Elementary,5/05/2025,20017,Orange(6 Slices per 1/2 cup),50,0,50,20,11,0,11,$3.74,0,0.00%,$0.00,$3.74,9,45.00%,$3.06,$6.80,,,,
Gunston Elementary,5/05/2025,20038,Fat Free White Milk(Each),50,0,50,1,1,0,1,$0.33,0,0.00%,$0.00,$0.33,0,0.00%,$0.00,$0.33,,,,
Gunston Elementary,5/05/2025,20043,"Lactose Free, White Milk(Each)",0,0,0,21,0,0,0,$0.00,0,0.00%,$0.00,$0.00,21,100.00%,$0.00,$0.00,,,,
Gunston Elementary,5/05/2025,20047,Orange Slices(6 Slices per 1/2 cup),30,0,30,20,20,0,20,$8.00,0,0.00%,$0.00,$8.00,0,0.00%,$0.00,$8.00,,,,
Gunston Elementary,5/05/2025,30003,Honey Cheerios Cereal(Each),12,0,12,24,12,0,12,$7.08,0,0.00%,$0.00,$7.08,12,50.00%,$7.08,$14.16,,,,
Gunston Elementary,5/05/2025,30004,Blueberry Chex Cereal(Each),12,0,12,24,9,0,9,$5.31,0,0.00%,$0.00,$5.31,15,62.50%,$8.85,$14.16,,,,
Gunston Elementary,5/05/2025,30007,"Cinnamon Toast Crunch Cereal, 25% Less Sugar(Each)",25,0,25,25,25,0,25,$14.75,0,0.00%,$0.00,$14.75,0,0.00%,$0.00,$14.75,,,,
Gunston Elementary,5/05/2025,30008,Apple Juice(Each),95,0,95,88,88,0,88,$14.96,0,0.00%,$0.00,$14.96,0,0.00%,$0.00,$14.96,,,,
Gunston Elementary,5/05/2025,30009,Orange Tangerine Juice(Each),80,0,80,80,50,0,50,$8.50,0,0.00%,$0.00,$8.50,30,37.50%,$5.10,$13.60,,,,
Gunston Elementary,5/05/2025,30034,Graham Crackers(Package),0,0,0,20,20,0,20,$2.80,0,0.00%,$0.00,$2.80,0,0.00%,$0.00,$2.80,,,,
Gunston Elementary,5/05/2025,30044,Strawberry Flavored Dried Cranberries(2 Eaches),0,0,0,20,10,0,10,$4.80,0,0.00%,$0.00,$4.80,10,50.00%,$4.80,$9.60,,,,
Gunston Elementary,5/05/2025,60096,Strawberry Parfait(Parfait),0,0,0,21,4,0,4,$3.96,0,0.00%,$0.00,$3.96,17,80.95%,$16.83,$20.79,,,,
HAYFIELD SS,5/05/2025,10020,Bagel(Bagel),0,0,0,147,137,0,137,$43.84,0,0.00%,$0.00,$43.84,10,6.80%,$3.20,$47.04,,,,
HAYFIELD SS,5/05/2025,10021,Apple Cinnamon Bread(1oz Grain (1/64 Baked Pan)),0,0,0,62,49,0,49,$20.09,0,0.00%,$0.00,$20.09,13,20.97%,$5.33,$25.42,,,,
HAYFIELD SS,5/05/2025,10041,Mini Maple Pancakes(Package),74,0,74,128,18,0,18,$7.02,0,0.00%,$0.00,$7.02,110,85.94%,$42.90,$49.92,,,,
HAYFIELD SS,5/05/2025,20001,1% White Milk(Each),17,0,17,140,36,0,36,$12.96,0,0.00%,$0.00,$12.96,104,74.29%,$37.44,$50.40,,,,
HAYFIELD SS,5/05/2025,20009,Cream Cheese(Each),0,0,0,147,137,0,137,$39.73,0,0.00%,$0.00,$39.73,10,6.80%,$2.90,$42.63,,,,
HAYFIELD SS,5/05/2025,20014,Red Delicious Apple(Each - serving),11,0,11,32,19,0,19,$6.27,0,0.00%,$0.00,$6.27,13,40.63%,$4.29,$10.56,,,,
HAYFIELD SS,5/05/2025,20038,Fat Free White Milk(Each),14,0,14,122,16,0,16,$5.28,0,0.00%,$0.00,$5.28,106,86.89%,$34.98,$40.26,,,,
HAYFIELD SS,5/05/2025,30003,Honey Cheerios Cereal(Each),15,0,15,20,16,0,16,$9.44,0,0.00%,$0.00,$9.44,4,20.00%,$2.36,$11.80,,,,
HAYFIELD SS,5/05/2025,30004,Blueberry Chex Cereal(Each),8,0,8,20,2,0,2,$1.18,0,0.00%,$0.00,$1.18,18,90.00%,$10.62,$11.80,,,,
HAYFIELD SS,5/05/2025,30006,Cinnamon Chex Cereal(Each),16,0,16,20,14,0,14,$8.26,0,0.00%,$0.00,$8.26,6,30.00%,$3.54,$11.80,,,,
HAYFIELD SS,5/05/2025,30008,Apple Juice(Each),168,0,168,204,204,0,204,$34.68,0,0.00%,$0.00,$34.68,0,0.00%,$0.00,$34.68,,,,
HAYFIELD SS,5/05/2025,30009,Orange Tangerine Juice(Each),103,0,103,306,182,0,182,$30.94,0,0.00%,$0.00,$30.94,124,40.52%,$21.08,$52.02,,,,
HAYFIELD SS,5/05/2025,30051,Natural Grape Jam(Packet),25,0,25,100,15,0,15,$1.35,0,0.00%,$0.00,$1.35,85,85.00%,$7.65,$9.00,,,,
HAYFIELD SS,5/05/2025,30093,Natural Breakfast Syrup(Each),35,0,35,100,45,0,45,$9.00,0,0.00%,$0.00,$9.00,55,55.00%,$11.00,$20.00,,,,
HAYFIELD SS,5/05/2025,60096,Strawberry Parfait(Parfait),0,0,0,40,37,0,37,$36.63,0,0.00%,$0.00,$36.63,3,7.50%,$2.97,$39.60,,,,
HAYFIELD SS,5/05/2025,60162,Chicken & Biscuit Sandwich(Sandwich),0,0,0,30,30,0,30,$15.90,0,0.00%,$0.00,$15.90,0,0.00%,$0.00,$15.90,,,,
HAYFIELD SS,5/05/2025,60165,Egg and American Cheese on Bagel(Sandwich),0,0,0,28,28,0,28,$16.24,0,0.00%,$0.00,$16.24,0,0.00%,$0.00,$16.24,,,,
HERNDON HS,5/05/2025,10040,Blueberry Muffin Top(Muffin Top),100,0,100,14,14,0,14,$5.88,0,0.00%,$0.00,$5.88,0,0.00%,$0.00,$5.88,,,,
HERNDON HS,5/05/2025,10041,Mini Maple Pancakes(Package),120,0,120,120,115,0,115,$44.85,0,0.00%,$0.00,$44.85,5,4.17%,$1.95,$46.80,,,,
HERNDON HS,5/05/2025,20001,1% White Milk(Each),50,0,50,50,25,0,25,$9.00,0,0.00%,$0.00,$9.00,25,50.00%,$9.00,$18.00,,,,
HERNDON HS,5/05/2025,20031,Banana(Each),60,0,60,50,49,0,49,$10.29,0,0.00%,$0.00,$10.29,1,2.00%,$0.21,$10.50,,,,
HERNDON HS,5/05/2025,20038,Fat Free White Milk(Each),30,0,30,30,14,0,14,$4.62,0,0.00%,$0.00,$4.62,16,53.33%,$5.28,$9.90,,,,
HERNDON HS,5/05/2025,30003,Honey Cheerios Cereal(Each),25,0,25,15,14,0,14,$8.26,0,0.00%,$0.00,$8.26,1,6.67%,$0.59,$8.85,,,,
HERNDON HS,5/05/2025,30004,Blueberry Chex Cereal(Each),25,0,25,10,4,0,4,$2.36,0,0.00%,$0.00,$2.36,6,60.00%,$3.54,$5.90,,,,
HERNDON HS,5/05/2025,30006,Cinnamon Chex Cereal(Each),25,0,25,10,5,0,5,$2.95,0,0.00%,$0.00,$2.95,5,50.00%,$2.95,$5.90,,,,
HERNDON HS,5/05/2025,30007,"Cinnamon Toast Crunch Cereal, 25% Less Sugar(Each)",25,0,25,5,2,0,2,$1.18,0,0.00%,$0.00,$1.18,3,60.00%,$1.77,$2.95,,,,
HERNDON HS,5/05/2025,30008,Apple Juice(Each),120,0,120,100,98,0,98,$16.66,0,0.00%,$0.00,$16.66,2,2.00%,$0.34,$17.00,,,,
HERNDON HS,5/05/2025,30009,Orange Tangerine Juice(Each),120,0,120,100,72,0,72,$12.24,0,0.00%,$0.00,$12.24,28,28.00%,$4.76,$17.00,,,,
HERNDON HS,5/05/2025,30051,Natural Grape Jam(Packet),20,0,20,120,105,0,105,$9.45,0,0.00%,$0.00,$9.45,15,12.50%,$1.35,$10.80,,,,
HERNDON HS,5/05/2025,30093,Natural Breakfast Syrup(Each),120,0,120,20,10,0,10,$2.00,0,0.00%,$0.00,$2.00,10,50.00%,$2.00,$4.00,,,,
HERNDON HS,5/05/2025,60034,Mandarin Orange Parfait(Parfait),35,0,35,25,20,0,20,$19.80,0,0.00%,$0.00,$19.80,5,20.00%,$4.95,$24.75,,,,
Halley Elementary,5/05/2025,10041,Mini Maple Pancakes(Package),79,0,79,100,97,0,97,$37.83,0,0.00%,$0.00,$37.83,3,3.00%,$1.17,$39.00,,,,
Halley Elementary,5/05/2025,20001,1% White Milk(Each),82,0,82,135,126,0,126,$45.36,0,0.00%,$0.00,$45.36,9,6.67%,$3.24,$48.60,,,,
Halley Elementary,5/05/2025,20014,Red Delicious Apple(Each - serving),41,0,41,50,29,0,29,$9.57,0,0.00%,$0.00,$9.57,21,42.00%,$6.93,$16.50,,,,
Halley Elementary,5/05/2025,20038,Fat Free White Milk(Each),24,0,24,25,14,0,14,$4.62,0,0.00%,$0.00,$4.62,11,44.00%,$3.63,$8.25,,,,
Halley Elementary,5/05/2025,20047,Orange Slices(3 slices per 1/4 cup),36,0,36,35,35,0,35,$7.00,0,0.00%,$0.00,$7.00,0,0.00%,$0.00,$7.00,,,,
Halley Elementary,5/05/2025,30003,Honey Cheerios Cereal(Each),17,0,17,30,18,1,19,$11.21,0,0.00%,$0.00,$11.21,11,36.67%,$6.49,$17.70,,,,
Halley Elementary,5/05/2025,30004,Blueberry Chex Cereal(Each),6,0,6,30,24,0,24,$14.16,0,0.00%,$0.00,$14.16,6,20.00%,$3.54,$17.70,,,,
Halley Elementary,5/05/2025,30006,Cinnamon Chex Cereal(Each),36,0,36,30,27,0,27,$15.93,0,0.00%,$0.00,$15.93,3,10.00%,$1.77,$17.70,,,,
Halley Elementary,5/05/2025,30007,"Cinnamon Toast Crunch Cereal, 25% Less Sugar(Each)",35,0,35,30,28,0,28,$16.52,0,0.00%,$0.00,$16.52,2,6.67%,$1.18,$17.70,,,,
Halley Elementary,5/05/2025,30008,Apple Juice(Each),101,0,101,101,98,0,98,$16.66,0,0.00%,$0.00,$16.66,3,2.97%,$0.51,$17.17,,,,
Halley Elementary,5/05/2025,30009,Orange Tangerine Juice(Each),89,0,89,90,84,3,87,$14.79,0,0.00%,$0.00,$14.79,3,3.33%,$0.51,$15.30,,,,
Halley Elementary,5/05/2025,60034,Mandarin Orange Parfait(Parfait),8,0,8,13,12,0,12,$11.88,1,7.69%,$0.99,$12.87,0,0.00%,$0.00,$12.87,,,,
Haycock Elementary,5/05/2025,10020,Bagel(Bagel),14,0,14,25,15,0,15,$4.80,0,0.00%,$0.00,$4.80,10,40.00%,$3.20,$8.00,,,,
Haycock Elementary,5/05/2025,10023,Blueberry Bread(1oz Grain (1/64 Baked Pan)),0,0,0,5,5,0,5,$2.05,0,0.00%,$0.00,$2.05,0,0.00%,$0.00,$2.05,,,,
Haycock Elementary,5/05/2025,10041,Mini Maple Pancakes(Package),0,0,0,22,22,0,22,$8.58,0,0.00%,$0.00,$8.58,0,0.00%,$0.00,$8.58,,,,
Haycock Elementary,5/05/2025,10096,"Batter, Pumpkin Bread(1oz Grain (1/64 Baked Pan))",0,0,0,5,4,0,4,$1.64,0,0.00%,$0.00,$1.64,1,20.00%,$0.41,$2.05,,,,
Haycock Elementary,5/05/2025,20001,1% White Milk(Each),4,0,4,5,3,0,3,$1.08,0,0.00%,$0.00,$1.08,2,40.00%,$0.72,$1.80,,,,
Haycock Elementary,5/05/2025,20009,Cream Cheese(Each),10,0,10,25,20,0,20,$5.80,0,0.00%,$0.00,$5.80,5,20.00%,$1.45,$7.25,,,,
Haycock Elementary,5/05/2025,20014,Red Delicious Apple(Each - serving),14,0,14,10,8,0,8,$2.64,0,0.00%,$0.00,$2.64,2,20.00%,$0.66,$3.30,,,,
Haycock Elementary,5/05/2025,20016,String Cheese(1 Stick),0,0,0,10,9,0,9,$1.98,0,0.00%,$0.00,$1.98,1,10.00%,$0.22,$2.20,,,,
Haycock Elementary,5/05/2025,20017,Orange(6 Slices per 1/2 cup),6,0,6,10,8,0,8,$2.72,0,0.00%,$0.00,$2.72,2,20.00%,$0.68,$3.40,,,,
Haycock Elementary,5/05/2025,20038,Fat Free White Milk(Each),3,0,3,5,3,0,3,$0.99,0,0.00%,$0.00,$0.99,2,40.00%,$0.66,$1.65,,,,
Haycock Elementary,5/05/2025,30004,Blueberry Chex Cereal(Each),6,0,6,16,11,0,11,$6.49,0,0.00%,$0.00,$6.49,5,31.25%,$2.95,$9.44,,,,
Haycock Elementary,5/05/2025,30007,"Cinnamon Toast Crunch Cereal, 25% Less Sugar(Each)",8,0,8,16,2,7,9,$5.31,0,0.00%,$0.00,$5.31,7,43.75%,$4.13,$9.44,,,,
Haycock Elementary,5/05/2025,30008,Apple Juice(Each),75,0,75,80,68,0,68,$11.56,0,0.00%,$0.00,$11.56,12,15.00%,$2.04,$13.60,,,,
Haycock Elementary,5/05/2025,30009,Orange Tangerine Juice(Each),30,0,30,40,30,0,30,$5.10,0,0.00%,$0.00,$5.10,10,25.00%,$1.70,$6.80,,,,
Haycock Elementary,5/05/2025,60096,Strawberry Parfait(Parfait),0,0,0,5,4,0,4,$3.96,0,0.00%,$0.00,$3.96,1,20.00%,$0.99,$4.95,,,,
Haycock Elementary,5/05/2025,60125,Egg and American Cheese on Biscuit(Sandwich),0,0,0,3,3,0,3,$1.41,0,0.00%,$0.00,$1.41,0,0.00%,$0.00,$1.41,,,,
Hayfield Elementary,5/05/2025,10021,Apple Cinnamon Bread(1oz Grain (1/64 Baked Pan)),0,0,0,32,32,0,32,$13.12,0,0.00%,$0.00,$13.12,0,0.00%,$0.00,$13.12,,,,
Hayfield Elementary,5/05/2025,20001,1% White Milk(Each),20,0,20,20,16,0,16,$5.76,0,0.00%,$0.00,$5.76,4,20.00%,$1.44,$7.20,,,,
Hayfield Elementary,5/05/2025,20016,String Cheese(1 Stick),0,0,0,32,32,0,32,$7.04,0,0.00%,$0.00,$7.04,0,0.00%,$0.00,$7.04,,,,
Hayfield Elementary,5/05/2025,20038,Fat Free White Milk(Each),5,0,5,5,2,0,2,$0.66,0,0.00%,$0.00,$0.66,3,60.00%,$0.99,$1.65,,,,
Hayfield Elementary,5/05/2025,20047,Orange Slices(3 slices per 1/4 cup),0,0,0,17,8,0,8,$1.60,0,0.00%,$0.00,$1.60,9,52.94%,$1.80,$3.40,,,,
Hayfield Elementary,5/05/2025,30003,Honey Cheerios Cereal(Each),12,0,12,12,12,0,12,$7.08,0,0.00%,$0.00,$7.08,0,0.00%,$0.00,$7.08,,,,
Hayfield Elementary,5/05/2025,30004,Blueberry Chex Cereal(Each),12,0,12,12,3,0,3,$1.77,0,0.00%,$0.00,$1.77,9,75.00%,$5.31,$7.08,,,,
Hayfield Elementary,5/05/2025,30006,Cinnamon Chex Cereal(Each),12,0,12,12,7,0,7,$4.13,0,0.00%,$0.00,$4.13,5,41.67%,$2.95,$7.08,,,,
Hayfield Elementary,5/05/2025,30007,"Cinnamon Toast Crunch Cereal, 25% Less Sugar(Each)",12,0,12,12,12,0,12,$7.08,0,0.00%,$0.00,$7.08,0,0.00%,$0.00,$7.08,,,,
Hayfield Elementary,5/05/2025,30008,Apple Juice(Each),55,0,55,55,53,0,53,$9.01,0,0.00%,$0.00,$9.01,2,3.64%,$0.34,$9.35,,,,
Hayfield Elementary,5/05/2025,30009,Orange Tangerine Juice(Each),25,0,25,25,17,0,17,$2.89,0,0.00%,$0.00,$2.89,8,32.00%,$1.36,$4.25,,,,
Hayfield Elementary,5/05/2025,60032,Blueberry Parfait(Parfait),0,0,0,3,3,0,3,$3.27,0,0.00%,$0.00,$3.27,0,0.00%,$0.00,$3.27,,,,
Herndon Elementary,5/05/2025,10020,Bagel(Bagel),0,0,0,34,34,0,34,$10.88,0,0.00%,$0.00,$10.88,0,0.00%,$0.00,$10.88,,,,
Herndon Elementary,5/05/2025,10041,Mini Maple Pancakes(Package),101,0,101,144,121,0,121,$47.19,0,0.00%,$0.00,$47.19,23,15.97%,$8.97,$56.16,,,,
Herndon Elementary,5/05/2025,20001,1% White Milk(Each),197,0,197,208,201,0,201,$72.36,0,0.00%,$0.00,$72.36,7,3.37%,$2.52,$74.88,,,,
Herndon Elementary,5/05/2025,20009,Cream Cheese(Each),0,0,0,34,34,0,34,$9.86,0,0.00%,$0.00,$9.86,0,0.00%,$0.00,$9.86,,,,
Herndon Elementary,5/05/2025,20014,Red Delicious Apple(Each - serving),44,0,44,50,47,0,47,$15.51,0,0.00%,$0.00,$15.51,3,6.00%,$0.99,$16.50,,,,
Herndon Elementary,5/05/2025,20038,Fat Free White Milk(Each),22,0,22,20,18,0,18,$5.94,0,0.00%,$0.00,$5.94,2,10.00%,$0.66,$6.60,,,,
Herndon Elementary,5/05/2025,20047,Orange Slices(3 slices per 1/4 cup),33,0,33,34,34,0,34,$6.80,0,0.00%,$0.00,$6.80,0,0.00%,$0.00,$6.80,,,,
Herndon Elementary,5/05/2025,30003,Honey Cheerios Cereal(Each),56,0,56,60,55,0,55,$32.45,0,0.00%,$0.00,$32.45,5,8.33%,$2.95,$35.40,,,,
Herndon Elementary,5/05/2025,30004,Blueberry Chex Cereal(Each),23,0,23,50,44,0,44,$25.96,0,0.00%,$0.00,$25.96,6,12.00%,$3.54,$29.50,,,,
Herndon Elementary,5/05/2025,30006,Cinnamon Chex Cereal(Each),55,0,55,60,56,0,56,$33.04,0,0.00%,$0.00,$33.04,4,6.67%,$2.36,$35.40,,,,
Herndon Elementary,5/05/2025,30008,Apple Juice(Each),151,0,151,150,143,0,143,$24.31,0,0.00%,$0.00,$24.31,7,4.67%,$1.19,$25.50,,,,
Herndon Elementary,5/05/2025,30009,Orange Tangerine Juice(Each),144,0,144,150,147,0,147,$24.99,0,0.00%,$0.00,$24.99,3,2.00%,$0.51,$25.50,,,,
Herndon Elementary,5/05/2025,30103,"Milk, Lactose Free,  Fat Free, Shelf-Stable(Each)",0,0,0,1,1,0,1,$0.48,0,0.00%,$0.00,$0.48,0,0.00%,$0.00,$0.48,,,,
Herndon Elementary,5/05/2025,60034,Mandarin Orange Parfait(Parfait),15,0,15,16,14,0,14,$13.86,2,12.50%,$1.98,$15.84,0,0.00%,$0.00,$15.84,,,,
Herndon Middle,5/05/2025,10041,Mini Maple Pancakes(Package),0,0,0,288,288,0,288,$112.32,0,0.00%,$0.00,$112.32,0,0.00%,$0.00,$112.32,,,,
Herndon Middle,5/05/2025,20001,1% White Milk(Each),49,0,49,75,37,0,37,$13.32,0,0.00%,$0.00,$13.32,38,50.67%,$13.68,$27.00,,,,
Herndon Middle,5/05/2025,20014,Red Delicious Apple(Each - serving),53,0,53,75,62,0,62,$20.46,0,0.00%,$0.00,$20.46,13,17.33%,$4.29,$24.75,,,,
Herndon Middle,5/05/2025,20038,Fat Free White Milk(Each),29,0,29,50,26,0,26,$8.58,0,0.00%,$0.00,$8.58,24,48.00%,$7.92,$16.50,,,,
Herndon Middle,5/05/2025,30003,Honey Cheerios Cereal(Each),9,0,9,25,23,0,23,$13.57,0,0.00%,$0.00,$13.57,2,8.00%,$1.18,$14.75,,,,
Herndon Middle,5/05/2025,30004,Blueberry Chex Cereal(Each),35,0,35,25,20,0,20,$11.80,0,0.00%,$0.00,$11.80,5,20.00%,$2.95,$14.75,,,,
Herndon Middle,5/05/2025,30006,Cinnamon Chex Cereal(Each),40,0,40,15,12,0,12,$7.08,0,0.00%,$0.00,$7.08,3,20.00%,$1.77,$8.85,,,,
Herndon Middle,5/05/2025,30007,"Cinnamon Toast Crunch Cereal, 25% Less Sugar(Each)",50,0,50,30,28,0,28,$16.52,0,0.00%,$0.00,$16.52,2,6.67%,$1.18,$17.70,,,,
Herndon Middle,5/05/2025,30008,Apple Juice(Each),321,0,321,360,336,0,336,$57.12,0,0.00%,$0.00,$57.12,24,6.67%,$4.08,$61.20,,,,
Herndon Middle,5/05/2025,30009,Orange Tangerine Juice(Each),36,0,36,40,37,0,37,$6.29,0,0.00%,$0.00,$6.29,3,7.50%,$0.51,$6.80,,,,
Herndon Middle,5/05/2025,60034,Mandarin Orange Parfait(Parfait),4,0,4,8,8,0,8,$7.92,0,0.00%,$0.00,$7.92,0,0.00%,$0.00,$7.92,,,,
Hollin Meadows Elementary,5/05/2025,10020,Bagel(Bagel),212,0,212,270,239,0,239,$76.48,0,0.00%,$0.00,$76.48,31,11.48%,$9.92,$86.40,,,,
Hollin Meadows Elementary,5/05/2025,20001,1% White Milk(Each),80,0,80,93,72,0,72,$25.92,0,0.00%,$0.00,$25.92,21,22.58%,$7.56,$33.48,,,,
Hollin Meadows Elementary,5/05/2025,20009,Cream Cheese(Each),205,0,205,270,231,0,231,$66.99,0,0.00%,$0.00,$66.99,39,14.44%,$11.31,$78.30,,,,
Hollin Meadows Elementary,5/05/2025,20014,Red Delicious Apple(Each - serving),114,0,114,125,118,0,118,$38.94,0,0.00%,$0.00,$38.94,7,5.60%,$2.31,$41.25,,,,
Hollin Meadows Elementary,5/05/2025,20017,Orange(6 Slices per 1/2 cup),9,0,9,17,17,0,17,$5.78,0,0.00%,$0.00,$5.78,0,0.00%,$0.00,$5.78,,,,
Hollin Meadows Elementary,5/05/2025,20038,Fat Free White Milk(Each),13,0,13,25,10,0,10,$3.30,0,0.00%,$0.00,$3.30,15,60.00%,$4.95,$8.25,,,,
Hollin Meadows Elementary,5/05/2025,20047,Orange Slices(3 slices per 1/4 cup),18,0,18,18,18,0,18,$3.60,0,0.00%,$0.00,$3.60,0,0.00%,$0.00,$3.60,,,,
Hollin Meadows Elementary,5/05/2025,30006,Cinnamon Chex Cereal(Each),108,0,108,90,87,0,87,$51.33,0,0.00%,$0.00,$51.33,3,3.33%,$1.77,$53.10,,,,
Hollin Meadows Elementary,5/05/2025,30008,Apple Juice(Each),325,0,325,350,341,0,341,$57.97,0,0.00%,$0.00,$57.97,9,2.57%,$1.53,$59.50,,,,
Hollin Meadows Elementary,5/05/2025,60034,Mandarin Orange Parfait(Parfait),30,0,30,40,33,0,33,$32.67,0,0.00%,$0.00,$32.67,7,17.50%,$6.93,$39.60,,,,
Holmes Middle,5/05/2025,10020,Bagel(Bagel),0,0,0,420,396,0,396,$126.72,0,0.00%,$0.00,$126.72,24,5.71%,$7.68,$134.40,,,,
Holmes Middle,5/05/2025,10021,Apple Cinnamon Bread(1oz Grain (1/64 Baked Pan)),0,0,0,60,60,0,60,$24.60,0,0.00%,$0.00,$24.60,0,0.00%,$0.00,$24.60,,,,
Holmes Middle,5/05/2025,20001,1% White Milk(Each),100,0,100,60,47,0,47,$16.92,0,0.00%,$0.00,$16.92,13,21.67%,$4.68,$21.60,,,,
Holmes Middle,5/05/2025,20008,Apple Slices(3 slices per 1/4 cup),0,0,0,15,15,0,15,$8.85,0,0.00%,$0.00,$8.85,0,0.00%,$0.00,$8.85,,,,
Holmes Middle,5/05/2025,20009,Cream Cheese(Each),0,0,0,420,381,0,381,$110.49,0,0.00%,$0.00,$110.49,39,9.29%,$11.31,$121.80,,,,
Holmes Middle,5/05/2025,20016,String Cheese(1 Stick),0,0,0,60,60,0,60,$13.20,0,0.00%,$0.00,$13.20,0,0.00%,$0.00,$13.20,,,,
Holmes Middle,5/05/2025,20038,Fat Free White Milk(Each),100,0,100,75,69,0,69,$22.77,0,0.00%,$0.00,$22.77,6,8.00%,$1.98,$24.75,,,,
Holmes Middle,5/05/2025,30004,Blueberry Chex Cereal(Each),201,0,201,160,160,0,160,$94.40,0,0.00%,$0.00,$94.40,0,0.00%,$0.00,$94.40,,,,
Holmes Middle,5/05/2025,30006,Cinnamon Chex Cereal(Each),111,0,111,180,152,0,152,$89.68,0,0.00%,$0.00,$89.68,28,15.56%,$16.52,$106.20,,,,
Holmes Middle,5/05/2025,30008,Apple Juice(Each),450,0,450,420,420,0,420,$71.40,0,0.00%,$0.00,$71.40,0,0.00%,$0.00,$71.40,,,,
Holmes Middle,5/05/2025,30009,Orange Tangerine Juice(Each),418,0,418,420,368,0,368,$62.56,0,0.00%,$0.00,$62.56,52,12.38%,$8.84,$71.40,,,,
Holmes Middle,5/05/2025,30044,Strawberry Flavored Dried Cranberries(2 Eaches),0,0,0,55,55,0,55,$26.40,0,0.00%,$0.00,$26.40,0,0.00%,$0.00,$26.40,,,,
Holmes Middle,5/05/2025,60096,Strawberry Parfait(Parfait),0,0,0,20,20,0,20,$19.80,0,0.00%,$0.00,$19.80,0,0.00%,$0.00,$19.80,,,,
Hughes Middle,5/05/2025,10041,Mini Maple Pancakes(Package),0,0,0,72,66,0,66,$25.74,0,0.00%,$0.00,$25.74,6,8.33%,$2.34,$28.08,,,,
Hughes Middle,5/05/2025,20001,1% White Milk(Each),12,0,12,40,7,0,7,$2.52,0,0.00%,$0.00,$2.52,33,82.50%,$11.88,$14.40,,,,
Hughes Middle,5/05/2025,20014,Red Delicious Apple(Each - serving),17,0,17,60,12,0,12,$3.96,0,0.00%,$0.00,$3.96,48,80.00%,$15.84,$19.80,,,,
Hughes Middle,5/05/2025,20038,Fat Free White Milk(Each),6,0,6,30,0,0,0,$0.00,0,0.00%,$0.00,$0.00,30,100.00%,$0.00,$0.00,,,,
Hughes Middle,5/05/2025,30003,Honey Cheerios Cereal(Each),15,0,15,18,11,0,11,$6.49,0,0.00%,$0.00,$6.49,7,38.89%,$4.13,$10.62,,,,
Hughes Middle,5/05/2025,30004,Blueberry Chex Cereal(Each),10,0,10,18,2,0,2,$1.18,0,0.00%,$0.00,$1.18,16,88.89%,$9.44,$10.62,,,,
Hughes Middle,5/05/2025,30006,Cinnamon Chex Cereal(Each),13,0,13,18,7,0,7,$4.13,0,0.00%,$0.00,$4.13,11,61.11%,$6.49,$10.62,,,,
Hughes Middle,5/05/2025,30007,"Cinnamon Toast Crunch Cereal, 25% Less Sugar(Each)",14,0,14,18,17,0,17,$10.03,0,0.00%,$0.00,$10.03,1,5.56%,$0.59,$10.62,,,,
Hughes Middle,5/05/2025,30008,Apple Juice(Each),63,0,63,60,55,0,55,$9.35,0,0.00%,$0.00,$9.35,5,8.33%,$0.85,$10.20,,,,
Hughes Middle,5/05/2025,30009,Orange Tangerine Juice(Each),34,0,34,60,55,0,55,$9.35,0,0.00%,$0.00,$9.35,5,8.33%,$0.85,$10.20,,,,
Hughes Middle,5/05/2025,30093,Natural Breakfast Syrup(Each),56,0,56,70,55,0,55,$11.00,0,0.00%,$0.00,$11.00,15,21.43%,$3.00,$14.00,,,,
Hughes Middle,5/05/2025,60034,Mandarin Orange Parfait(Parfait),1,0,1,6,1,0,1,$0.99,0,0.00%,$0.00,$0.99,5,83.33%,$4.95,$5.94,,,,
Hunt Valley Elementary,5/05/2025,10020,Bagel(Bagel),25,0,25,18,13,5,18,$5.76,0,0.00%,$0.00,$5.76,0,0.00%,$0.00,$5.76,,,,
Hunt Valley Elementary,5/05/2025,10021,Apple Cinnamon Bread(1oz Grain (1/64 Baked Pan)),0,0,0,7,6,1,7,$2.87,0,0.00%,$0.00,$2.87,0,0.00%,$0.00,$2.87,,,,
Hunt Valley Elementary,5/05/2025,10023,Blueberry Bread(1oz Grain (1/64 Baked Pan)),15,0,15,7,6,1,7,$2.87,0,0.00%,$0.00,$2.87,0,0.00%,$0.00,$2.87,,,,
Hunt Valley Elementary,5/05/2025,10041,Mini Maple Pancakes(Package),35,0,35,45,32,10,42,$16.38,0,0.00%,$0.00,$16.38,3,6.67%,$1.17,$17.55,,,,
Hunt Valley Elementary,5/05/2025,10096,"Batter, Pumpkin Bread(1oz Grain (1/64 Baked Pan))",24,0,24,14,9,5,14,$5.74,0,0.00%,$0.00,$5.74,0,0.00%,$0.00,$5.74,,,,
Hunt Valley Elementary,5/05/2025,20001,1% White Milk(Each),16,0,16,12,10,0,10,$3.60,0,0.00%,$0.00,$3.60,2,16.67%,$0.72,$4.32,,,,
Hunt Valley Elementary,5/05/2025,20009,Cream Cheese(Each),24,0,24,18,13,5,18,$5.22,0,0.00%,$0.00,$5.22,0,0.00%,$0.00,$5.22,,,,
Hunt Valley Elementary,5/05/2025,20014,Red Delicious Apple(Each - serving),6,0,6,6,2,0,2,$0.66,0,0.00%,$0.00,$0.66,4,66.67%,$1.32,$1.98,,,,
Hunt Valley Elementary,5/05/2025,30003,Honey Cheerios Cereal(Each),16,0,16,30,8,0,8,$4.72,0,0.00%,$0.00,$4.72,22,73.33%,$12.98,$17.70,,,,
Hunt Valley Elementary,5/05/2025,30006,Cinnamon Chex Cereal(Each),8,0,8,8,4,0,4,$2.36,0,0.00%,$0.00,$2.36,4,50.00%,$2.36,$4.72,,,,
Hunt Valley Elementary,5/05/2025,30007,"Cinnamon Toast Crunch Cereal, 25% Less Sugar(Each)",20,0,20,24,12,0,12,$7.08,0,0.00%,$0.00,$7.08,12,50.00%,$7.08,$14.16,,,,
Hunt Valley Elementary,5/05/2025,30008,Apple Juice(Each),80,0,80,80,69,6,75,$12.75,0,0.00%,$0.00,$12.75,5,6.25%,$0.85,$13.60,,,,
Hunt Valley Elementary,5/05/2025,30009,Orange Tangerine Juice(Each),40,0,40,40,18,6,24,$4.08,0,0.00%,$0.00,$4.08,16,40.00%,$2.72,$6.80,,,,
Hunt Valley Elementary,5/05/2025,30051,Natural Grape Jam(Packet),4,0,4,8,7,0,7,$0.63,0,0.00%,$0.00,$0.63,1,12.50%,$0.09,$0.72,,,,
Hunt Valley Elementary,5/05/2025,30097,Bottled Water(Bottle),0,0,0,2,2,0,2,$0.32,0,0.00%,$0.00,$0.32,0,0.00%,$0.00,$0.32,,,,
Hunt Valley Elementary,5/05/2025,30102,1% Unflavored Shelf-Stable Milk(Each),0,0,0,2,0,0,0,$0.00,0,0.00%,$0.00,$0.00,2,100.00%,$0.00,$0.00,,,,
Hunt Valley Elementary,5/05/2025,30108,Fat Free Unflavored Shelf-Stable Milk(Each),0,0,0,3,2,0,2,$0.76,0,0.00%,$0.00,$0.76,1,33.33%,$0.38,$1.14,,,,
Hunt Valley Elementary,5/05/2025,60034,Mandarin Orange Parfait(Parfait),11,0,11,14,13,0,13,$12.87,0,0.00%,$0.00,$12.87,1,7.14%,$0.99,$13.86,,,,
Hunters Woods Elementary,5/05/2025,10020,Bagel(Bagel),18,0,18,16,16,0,16,$5.12,0,0.00%,$0.00,$5.12,0,0.00%,$0.00,$5.12,,,,
Hunters Woods Elementary,5/05/2025,10041,Mini Maple Pancakes(Package),40,0,40,40,40,0,40,$15.60,0,0.00%,$0.00,$15.60,0,0.00%,$0.00,$15.60,,,,
Hunters Woods Elementary,5/05/2025,20001,1% White Milk(Each),46,0,46,44,28,0,28,$10.08,0,0.00%,$0.00,$10.08,16,36.36%,$5.76,$15.84,,,,
Hunters Woods Elementary,5/05/2025,20009,Cream Cheese(Each),18,0,18,16,16,0,16,$4.64,0,0.00%,$0.00,$4.64,0,0.00%,$0.00,$4.64,,,,
Hunters Woods Elementary,5/05/2025,20014,Red Delicious Apple(Each - serving),15,0,15,15,9,0,9,$2.97,0,0.00%,$0.00,$2.97,6,40.00%,$1.98,$4.95,,,,
Hunters Woods Elementary,5/05/2025,20038,Fat Free White Milk(Each),20,0,20,15,4,0,4,$1.32,0,0.00%,$0.00,$1.32,11,73.33%,$3.63,$4.95,,,,
Hunters Woods Elementary,5/05/2025,20043,"Lactose Free, White Milk(Each)",2,0,2,2,2,0,2,$1.16,0,0.00%,$0.00,$1.16,0,0.00%,$0.00,$1.16,,,,
Hunters Woods Elementary,5/05/2025,20047,Orange Slices(3 slices per 1/4 cup),17,0,17,15,15,0,15,$3.00,0,0.00%,$0.00,$3.00,0,0.00%,$0.00,$3.00,,,,
Hunters Woods Elementary,5/05/2025,30007,"Cinnamon Toast Crunch Cereal, 25% Less Sugar(Each)",12,0,12,24,18,0,18,$10.62,0,0.00%,$0.00,$10.62,6,25.00%,$3.54,$14.16,,,,
Hunters Woods Elementary,5/05/2025,30008,Apple Juice(Each),60,0,60,60,54,0,54,$9.18,0,0.00%,$0.00,$9.18,6,10.00%,$1.02,$10.20,,,,
Hunters Woods Elementary,5/05/2025,30009,Orange Tangerine Juice(Each),10,0,10,10,7,0,7,$1.19,0,0.00%,$0.00,$1.19,3,30.00%,$0.51,$1.70,,,,
Hunters Woods Elementary,5/05/2025,30051,Natural Grape Jam(Packet),18,0,18,16,16,0,16,$1.44,0,0.00%,$0.00,$1.44,0,0.00%,$0.00,$1.44,,,,
Hunters Woods Elementary,5/05/2025,30068,Chilled Peaches(1/2 cup (drained)),1,0,1,1,1,0,1,$0.51,0,0.00%,$0.00,$0.51,0,0.00%,$0.00,$0.51,,,,
Hunters Woods Elementary,5/05/2025,30093,Natural Breakfast Syrup(Each),40,0,40,40,40,0,40,$8.00,0,0.00%,$0.00,$8.00,0,0.00%,$0.00,$8.00,,,,
Hunters Woods Elementary,5/05/2025,60034,Mandarin Orange Parfait(Parfait),5,0,5,5,3,0,3,$2.97,0,0.00%,$0.00,$2.97,2,40.00%,$1.98,$4.95,,,,
Hutchison Elementary,5/05/2025,10041,Mini Maple Pancakes(Package),342,0,342,278,249,0,249,$97.11,0,0.00%,$0.00,$97.11,29,10.43%,$11.31,$108.42,,,,
Hutchison Elementary,5/05/2025,20001,1% White Milk(Each),142,0,142,147,133,0,133,$47.88,0,0.00%,$0.00,$47.88,14,9.52%,$5.04,$52.92,,,,
Hutchison Elementary,5/05/2025,20014,Red Delicious Apple(Each - serving),63,0,63,48,23,0,23,$7.59,0,0.00%,$0.00,$7.59,25,52.08%,$8.25,$15.84,,,,
Hutchison Elementary,5/05/2025,20038,Fat Free White Milk(Each),15,0,15,20,18,0,18,$5.94,0,0.00%,$0.00,$5.94,2,10.00%,$0.66,$6.60,,,,
Hutchison Elementary,5/05/2025,20043,"Lactose Free, White Milk(Each)",0,0,0,6,6,0,6,$3.48,0,0.00%,$0.00,$3.48,0,0.00%,$0.00,$3.48,,,,
Hutchison Elementary,5/05/2025,20047,Orange Slices(3 slices per 1/4 cup),54,0,54,54,54,0,54,$10.80,0,0.00%,$0.00,$10.80,0,0.00%,$0.00,$10.80,,,,
Hutchison Elementary,5/05/2025,30003,Honey Cheerios Cereal(Each),56,0,56,70,45,0,45,$26.55,0,0.00%,$0.00,$26.55,25,35.71%,$14.75,$41.30,,,,
Hutchison Elementary,5/05/2025,30004,Blueberry Chex Cereal(Each),59,0,59,70,45,0,45,$26.55,0,0.00%,$0.00,$26.55,25,35.71%,$14.75,$41.30,,,,
Hutchison Elementary,5/05/2025,30006,Cinnamon Chex Cereal(Each),59,0,59,70,45,0,45,$26.55,0,0.00%,$0.00,$26.55,25,35.71%,$14.75,$41.30,,,,
Hutchison Elementary,5/05/2025,30007,"Cinnamon Toast Crunch Cereal, 25% Less Sugar(Each)",40,0,40,66,35,0,35,$20.65,0,0.00%,$0.00,$20.65,31,46.97%,$18.29,$38.94,,,,
Hutchison Elementary,5/05/2025,30008,Apple Juice(Each),309,0,309,500,353,0,353,$60.01,0,0.00%,$0.00,$60.01,147,29.40%,$24.99,$85.00,,,,
Hutchison Elementary,5/05/2025,60034,Mandarin Orange Parfait(Parfait),5,0,5,20,0,0,0,$0.00,0,0.00%,$0.00,$0.00,20,100.00%,$0.00,$0.00,,,,
Hybla Valley Elementary,5/05/2025,10041,Mini Maple Pancakes(Package),295,0,295,463,370,0,370,$144.30,0,0.00%,$0.00,$144.30,93,20.09%,$36.27,$180.57,,,,
Hybla Valley Elementary,5/05/2025,20001,1% White Milk(Each),73,0,73,465,203,0,203,$73.08,0,0.00%,$0.00,$73.08,262,56.34%,$94.32,$167.40,,,,
Hybla Valley Elementary,5/05/2025,20017,Orange(6 Slices per 1/2 cup),48,0,48,200,80,0,80,$27.20,0,0.00%,$0.00,$27.20,120,60.00%,$40.80,$68.00,,,,
Hybla Valley Elementary,5/05/2025,20038,Fat Free White Milk(Each),12,0,12,50,0,0,0,$0.00,0,0.00%,$0.00,$0.00,50,100.00%,$0.00,$0.00,,,,
Hybla Valley Elementary,5/05/2025,20047,Orange Slices(3 slices per 1/4 cup),16,0,16,16,16,0,16,$3.20,0,0.00%,$0.00,$3.20,0,0.00%,$0.00,$3.20,,,,
Hybla Valley Elementary,5/05/2025,30003,Honey Cheerios Cereal(Each),21,0,21,0,0,0,0,$0.00,0,0.00%,$0.00,$0.00,0,0.00%,$0.00,$0.00,,,,
Hybla Valley Elementary,5/05/2025,30004,Blueberry Chex Cereal(Each),42,0,42,125,114,0,114,$67.26,0,0.00%,$0.00,$67.26,11,8.80%,$6.49,$73.75,,,,
Hybla Valley Elementary,5/05/2025,30006,Cinnamon Chex Cereal(Each),0,0,0,60,48,0,48,$28.32,0,0.00%,$0.00,$28.32,12,20.00%,$7.08,$35.40,,,,
Hybla Valley Elementary,5/05/2025,30007,"Cinnamon Toast Crunch Cereal, 25% Less Sugar(Each)",20,0,20,60,60,0,60,$35.40,0,0.00%,$0.00,$35.40,0,0.00%,$0.00,$35.40,,,,
Hybla Valley Elementary,5/05/2025,30008,Apple Juice(Each),201,0,201,201,125,0,125,$21.25,0,0.00%,$0.00,$21.25,76,37.81%,$12.92,$34.17,,,,
Hybla Valley Elementary,5/05/2025,30009,Orange Tangerine Juice(Each),256,0,256,390,380,0,380,$64.60,0,0.00%,$0.00,$64.60,10,2.56%,$1.70,$66.30,,,,
Hybla Valley Elementary,5/05/2025,30103,"Milk, Lactose Free,  Fat Free, Shelf-Stable(Each)",0,0,0,1,1,0,1,$0.48,0,0.00%,$0.00,$0.48,0,0.00%,$0.00,$0.48,,,,
Hybla Valley Elementary,5/05/2025,60034,Mandarin Orange Parfait(Parfait),52,0,52,0,0,0,0,$0.00,0,0.00%,$0.00,$0.00,0,0.00%,$0.00,$0.00,,,,
Irving Middle,5/05/2025,10023,Blueberry Bread(1oz Grain (1/64 Baked Pan)),0,0,0,3,2,0,2,$0.82,1,33.33%,$0.41,$1.23,0,0.00%,$0.00,$1.23,,,,
Irving Middle,5/05/2025,10041,Mini Maple Pancakes(Package),50,0,50,39,36,0,36,$14.04,0,0.00%,$0.00,$14.04,3,7.69%,$1.17,$15.21,,,,
Irving Middle,5/05/2025,20001,1% White Milk(Each),16,0,16,20,14,0,14,$5.04,0,0.00%,$0.00,$5.04,6,30.00%,$2.16,$7.20,,,,
Irving Middle,5/05/2025,20014,Red Delicious Apple(Each - serving),10,0,10,10,3,0,3,$0.99,0,0.00%,$0.00,$0.99,7,70.00%,$2.31,$3.30,,,,
Irving Middle,5/05/2025,20038,Fat Free White Milk(Each),4,0,4,10,3,0,3,$0.99,0,0.00%,$0.00,$0.99,7,70.00%,$2.31,$3.30,,,,
Irving Middle,5/05/2025,30003,Honey Cheerios Cereal(Each),4,0,4,10,8,0,8,$4.72,0,0.00%,$0.00,$4.72,2,20.00%,$1.18,$5.90,,,,
Irving Middle,5/05/2025,30004,Blueberry Chex Cereal(Each),3,0,3,10,0,0,0,$0.00,0,0.00%,$0.00,$0.00,10,100.00%,$0.00,$0.00,,,,
Irving Middle,5/05/2025,30006,Cinnamon Chex Cereal(Each),5,0,5,10,7,0,7,$4.13,0,0.00%,$0.00,$4.13,3,30.00%,$1.77,$5.90,,,,
Irving Middle,5/05/2025,30007,"Cinnamon Toast Crunch Cereal, 25% Less Sugar(Each)",12,0,12,10,5,0,5,$2.95,0,0.00%,$0.00,$2.95,5,50.00%,$2.95,$5.90,,,,
Irving Middle,5/05/2025,30008,Apple Juice(Each),35,0,35,50,49,0,49,$8.33,0,0.00%,$0.00,$8.33,1,2.00%,$0.17,$8.50,,,,
Irving Middle,5/05/2025,30009,Orange Tangerine Juice(Each),17,0,17,25,10,0,10,$1.70,0,0.00%,$0.00,$1.70,15,60.00%,$2.55,$4.25,,,,
Irving Middle,5/05/2025,30051,Natural Grape Jam(Packet),0,0,0,39,3,0,3,$0.27,0,0.00%,$0.00,$0.27,36,92.31%,$3.24,$3.51,,,,
Irving Middle,5/05/2025,30093,Natural Breakfast Syrup(Each),50,0,50,39,36,0,36,$7.20,0,0.00%,$0.00,$7.20,3,7.69%,$0.60,$7.80,,,,
Irving Middle,5/05/2025,60034,Mandarin Orange Parfait(Parfait),2,0,2,2,1,0,1,$0.99,0,0.00%,$0.00,$0.99,1,50.00%,$0.99,$1.98,,,,
Jefferson High,5/05/2025,10041,Mini Maple Pancakes(Package),39,0,39,43,35,0,35,$13.65,0,0.00%,$0.00,$13.65,8,18.60%,$3.12,$16.77,,,,
Jefferson High,5/05/2025,20001,1% White Milk(Each),15,0,15,80,55,0,55,$19.80,0,0.00%,$0.00,$19.80,25,31.25%,$9.00,$28.80,,,,
Jefferson High,5/05/2025,20014,Red Delicious Apple(Each - serving),19,0,19,20,17,0,17,$5.61,0,0.00%,$0.00,$5.61,3,15.00%,$0.99,$6.60,,,,
Jefferson High,5/05/2025,20017,Orange(6 Slices per 1/2 cup),0,0,0,0,0,0,0,$0.00,0,0.00%,$0.00,$0.00,0,0.00%,$0.00,$0.00,,,,
Jefferson High,5/05/2025,20031,Banana(Each),17,0,17,0,0,0,0,$0.00,0,0.00%,$0.00,$0.00,0,0.00%,$0.00,$0.00,,,,
Jefferson High,5/05/2025,20038,Fat Free White Milk(Each),11,0,11,0,0,0,0,$0.00,0,0.00%,$0.00,$0.00,0,0.00%,$0.00,$0.00,,,,
Jefferson High,5/05/2025,30003,Honey Cheerios Cereal(Each),16,0,16,15,12,0,12,$7.08,0,0.00%,$0.00,$7.08,3,20.00%,$1.77,$8.85,,,,
Jefferson High,5/05/2025,30004,Blueberry Chex Cereal(Each),6,0,6,15,9,0,9,$5.31,0,0.00%,$0.00,$5.31,6,40.00%,$3.54,$8.85,,,,
Jefferson High,5/05/2025,30006,Cinnamon Chex Cereal(Each),14,0,14,15,10,0,10,$5.90,0,0.00%,$0.00,$5.90,5,33.33%,$2.95,$8.85,,,,
Jefferson High,5/05/2025,30007,"Cinnamon Toast Crunch Cereal, 25% Less Sugar(Each)",13,0,13,15,13,0,13,$7.67,0,0.00%,$0.00,$7.67,2,13.33%,$1.18,$8.85,,,,
Jefferson High,5/05/2025,30008,Apple Juice(Each),39,0,39,50,32,0,32,$5.44,0,0.00%,$0.00,$5.44,18,36.00%,$3.06,$8.50,,,,
Jefferson High,5/05/2025,30009,Orange Tangerine Juice(Each),33,0,33,50,35,0,35,$5.95,0,0.00%,$0.00,$5.95,15,30.00%,$2.55,$8.50,,,,
Jefferson High,5/05/2025,30051,Natural Grape Jam(Packet),22,0,22,0,0,0,0,$0.00,0,0.00%,$0.00,$0.00,0,0.00%,$0.00,$0.00,,,,
Jefferson High,5/05/2025,30093,Natural Breakfast Syrup(Each),25,0,25,0,0,0,0,$0.00,0,0.00%,$0.00,$0.00,0,0.00%,$0.00,$0.00,,,,
Jefferson High,5/05/2025,60034,Mandarin Orange Parfait(Parfait),8,0,8,11,5,0,5,$4.95,0,0.00%,$0.00,$4.95,6,54.55%,$5.94,$10.89,,,,
Johnson Middle,5/05/2025,10020,Bagel(Bagel),0,0,0,24,23,0,23,$7.36,1,4.17%,$0.32,$7.68,0,0.00%,$0.00,$7.68,,,,
Johnson Middle,5/05/2025,10041,Mini Maple Pancakes(Package),72,0,72,72,65,0,65,$25.35,1,1.39%,$0.39,$25.74,6,8.33%,$2.34,$28.08,,,,
Johnson Middle,5/05/2025,20001,1% White Milk(Each),14,0,14,33,4,0,4,$1.44,0,0.00%,$0.00,$1.44,29,87.88%,$10.44,$11.88,,,,
Johnson Middle,5/05/2025,20009,Cream Cheese(Each),0,0,0,24,23,0,23,$6.67,0,0.00%,$0.00,$6.67,1,4.17%,$0.29,$6.96,,,,
Johnson Middle,5/05/2025,20013,Gala Apple(Each),0,0,0,20,13,0,13,$4.81,0,0.00%,$0.00,$4.81,7,35.00%,$2.59,$7.40,,,,
Johnson Middle,5/05/2025,20038,Fat Free White Milk(Each),13,0,13,16,7,0,7,$2.31,0,0.00%,$0.00,$2.31,9,56.25%,$2.97,$5.28,,,,
Johnson Middle,5/05/2025,30003,Honey Cheerios Cereal(Each),36,0,36,48,21,0,21,$12.39,2,4.17%,$1.18,$13.57,25,52.08%,$14.75,$28.32,,,,
Johnson Middle,5/05/2025,30004,Blueberry Chex Cereal(Each),18,0,18,24,19,0,19,$11.21,0,0.00%,$0.00,$11.21,5,20.83%,$2.95,$14.16,,,,
Johnson Middle,5/05/2025,30006,Cinnamon Chex Cereal(Each),42,0,42,48,31,0,31,$18.29,1,2.08%,$0.59,$18.88,16,33.33%,$9.44,$28.32,,,,
Johnson Middle,5/05/2025,30007,"Cinnamon Toast Crunch Cereal, 25% Less Sugar(Each)",42,0,42,48,47,0,47,$27.73,0,0.00%,$0.00,$27.73,1,2.08%,$0.59,$28.32,,,,
Johnson Middle,5/05/2025,30008,Apple Juice(Each),144,0,144,200,173,0,173,$29.41,1,0.50%,$0.17,$29.58,26,13.00%,$4.42,$34.00,,,,
Johnson Middle,5/05/2025,30009,Orange Tangerine Juice(Each),35,0,35,56,45,0,45,$7.65,0,0.00%,$0.00,$7.65,11,19.64%,$1.87,$9.52,,,,
Johnson Middle,5/05/2025,30034,Graham Crackers(Package),0,0,0,10,3,0,3,$0.42,0,0.00%,$0.00,$0.42,7,70.00%,$0.98,$1.40,,,,
Johnson Middle,5/05/2025,30097,Bottled Water(Bottle),10,0,10,9,4,0,4,$0.64,0,0.00%,$0.00,$0.64,5,55.56%,$0.80,$1.44,,,,
Johnson Middle,5/05/2025,30102,1% Unflavored Shelf-Stable Milk(Each),0,0,0,27,20,0,20,$7.60,0,0.00%,$0.00,$7.60,7,25.93%,$2.66,$10.26,,,,
Johnson Middle,5/05/2025,60096,Strawberry Parfait(Parfait),0,0,0,10,3,0,3,$2.97,0,0.00%,$0.00,$2.97,7,70.00%,$6.93,$9.90,,,,
Justice High,5/05/2025,10041,Mini Maple Pancakes(Package),152,0,152,215,131,0,131,$51.09,0,0.00%,$0.00,$51.09,84,39.07%,$32.76,$83.85,,,,
Justice High,5/05/2025,20001,1% White Milk(Each),63,0,63,100,71,0,71,$25.56,0,0.00%,$0.00,$25.56,29,29.00%,$10.44,$36.00,,,,
Justice High,5/05/2025,20009,Cream Cheese(Each),0,0,0,50,23,0,23,$6.67,0,0.00%,$0.00,$6.67,27,54.00%,$7.83,$14.50,,,,
Justice High,5/05/2025,20014,Red Delicious Apple(Each - serving),45,0,45,50,38,0,38,$12.54,0,0.00%,$0.00,$12.54,12,24.00%,$3.96,$16.50,,,,
Justice High,5/05/2025,20017,Orange(6 Slices per 1/2 cup),18,0,18,50,21,0,21,$7.14,0,0.00%,$0.00,$7.14,29,58.00%,$9.86,$17.00,,,,
Justice High,5/05/2025,20038,Fat Free White Milk(Each),19,0,19,50,29,0,29,$9.57,0,0.00%,$0.00,$9.57,21,42.00%,$6.93,$16.50,,,,
Justice High,5/05/2025,30003,Honey Cheerios Cereal(Each),29,0,29,50,31,0,31,$18.29,0,0.00%,$0.00,$18.29,19,38.00%,$11.21,$29.50,,,,
Justice High,5/05/2025,30004,Blueberry Chex Cereal(Each),29,0,29,50,25,0,25,$14.75,0,0.00%,$0.00,$14.75,25,50.00%,$14.75,$29.50,,,,
Justice High,5/05/2025,30006,Cinnamon Chex Cereal(Each),32,0,32,50,20,0,20,$11.80,0,0.00%,$0.00,$11.80,30,60.00%,$17.70,$29.50,,,,
Justice High,5/05/2025,30007,"Cinnamon Toast Crunch Cereal, 25% Less Sugar(Each)",40,0,40,50,44,0,44,$25.96,0,0.00%,$0.00,$25.96,6,12.00%,$3.54,$29.50,,,,
Justice High,5/05/2025,30008,Apple Juice(Each),208,0,208,200,190,0,190,$32.30,0,0.00%,$0.00,$32.30,10,5.00%,$1.70,$34.00,,,,
Justice High,5/05/2025,30009,Orange Tangerine Juice(Each),100,0,100,200,155,0,155,$26.35,0,0.00%,$0.00,$26.35,45,22.50%,$7.65,$34.00,,,,
Justice High,5/05/2025,30051,Natural Grape Jam(Packet),46,0,46,20,17,0,17,$1.53,0,0.00%,$0.00,$1.53,3,15.00%,$0.27,$1.80,,,,
Justice High,5/05/2025,30093,Natural Breakfast Syrup(Each),28,0,28,100,62,0,62,$12.40,0,0.00%,$0.00,$12.40,38,38.00%,$7.60,$20.00,,,,
Justice High,5/05/2025,60099,"Parfait, Triple Berry(Parfait)",0,0,0,120,115,0,115,$78.20,0,0.00%,$0.00,$78.20,5,4.17%,$3.40,$81.60,,,,
Justice High,5/05/2025,60165,Egg and American Cheese on Bagel(Sandwich),0,0,0,99,97,0,97,$56.26,2,2.02%,$1.16,$57.42,0,0.00%,$0.00,$57.42,,,,
Keene Mill Elementary,5/05/2025,10020,Bagel(Bagel),0,0,0,97,44,0,44,$14.08,0,0.00%,$0.00,$14.08,53,54.64%,$16.96,$31.04,,,,
Keene Mill Elementary,5/05/2025,10023,Blueberry Bread(1oz Grain (1/64 Baked Pan)),0,0,0,17,15,0,15,$6.15,2,11.76%,$0.82,$6.97,0,0.00%,$0.00,$6.97,,,,
Keene Mill Elementary,5/05/2025,20001,1% White Milk(Each),42,0,42,76,34,0,34,$12.24,0,0.00%,$0.00,$12.24,42,55.26%,$15.12,$27.36,,,,
Keene Mill Elementary,5/05/2025,20009,Cream Cheese(Each),0,0,0,44,44,0,44,$12.76,0,0.00%,$0.00,$12.76,0,0.00%,$0.00,$12.76,,,,
Keene Mill Elementary,5/05/2025,20031,Banana(Each),46,0,46,49,47,0,47,$9.87,0,0.00%,$0.00,$9.87,2,4.08%,$0.42,$10.29,,,,
Keene Mill Elementary,5/05/2025,20038,Fat Free White Milk(Each),23,0,23,56,6,0,6,$1.98,0,0.00%,$0.00,$1.98,50,89.29%,$16.50,$18.48,,,,
Keene Mill Elementary,5/05/2025,30003,Honey Cheerios Cereal(Each),11,0,11,6,6,0,6,$3.54,0,0.00%,$0.00,$3.54,0,0.00%,$0.00,$3.54,,,,
Keene Mill Elementary,5/05/2025,30004,Blueberry Chex Cereal(Each),11,0,11,8,5,0,5,$2.95,0,0.00%,$0.00,$2.95,3,37.50%,$1.77,$4.72,,,,
Keene Mill Elementary,5/05/2025,30006,Cinnamon Chex Cereal(Each),9,0,9,14,10,0,10,$5.90,0,0.00%,$0.00,$5.90,4,28.57%,$2.36,$8.26,,,,
Keene Mill Elementary,5/05/2025,30008,Apple Juice(Each),45,0,45,40,40,0,40,$6.80,0,0.00%,$0.00,$6.80,0,0.00%,$0.00,$6.80,,,,
Keene Mill Elementary,5/05/2025,30009,Orange Tangerine Juice(Each),29,0,29,72,35,0,35,$5.95,0,0.00%,$0.00,$5.95,37,51.39%,$6.29,$12.24,,,,
Keene Mill Elementary,5/05/2025,60032,Blueberry Parfait(Parfait),0,0,0,10,4,0,4,$4.36,0,0.00%,$0.00,$4.36,6,60.00%,$6.54,$10.90,,,,
Kent Gardens Elementary,5/05/2025,10020,Bagel(Bagel),0,0,0,30,19,0,19,$6.08,0,0.00%,$0.00,$6.08,11,36.67%,$3.52,$9.60,,,,
Kent Gardens Elementary,5/05/2025,10041,Mini Maple Pancakes(Package),26,0,26,40,18,0,18,$7.02,0,0.00%,$0.00,$7.02,22,55.00%,$8.58,$15.60,,,,
Kent Gardens Elementary,5/05/2025,20001,1% White Milk(Each),5,0,5,4,4,0,4,$1.44,0,0.00%,$0.00,$1.44,0,0.00%,$0.00,$1.44,,,,
Kent Gardens Elementary,5/05/2025,20009,Cream Cheese(Each),0,0,0,30,19,0,19,$5.51,0,0.00%,$0.00,$5.51,11,36.67%,$3.19,$8.70,,,,
Kent Gardens Elementary,5/05/2025,20014,Red Delicious Apple(Each - serving),33,0,33,33,31,0,31,$10.23,0,0.00%,$0.00,$10.23,2,6.06%,$0.66,$10.89,,,,
Kent Gardens Elementary,5/05/2025,20038,Fat Free White Milk(Each),1,0,1,8,0,0,0,$0.00,0,0.00%,$0.00,$0.00,8,100.00%,$0.00,$0.00,,,,
Kent Gardens Elementary,5/05/2025,30003,Honey Cheerios Cereal(Each),6,0,6,8,3,0,3,$1.77,0,0.00%,$0.00,$1.77,5,62.50%,$2.95,$4.72,,,,
Kent Gardens Elementary,5/05/2025,30004,Blueberry Chex Cereal(Each),1,0,1,4,1,0,1,$0.59,0,0.00%,$0.00,$0.59,3,75.00%,$1.77,$2.36,,,,
Kent Gardens Elementary,5/05/2025,30006,Cinnamon Chex Cereal(Each),1,0,1,3,0,0,0,$0.00,0,0.00%,$0.00,$0.00,3,100.00%,$0.00,$0.00,,,,
Kent Gardens Elementary,5/05/2025,30007,"Cinnamon Toast Crunch Cereal, 25% Less Sugar(Each)",5,0,5,9,3,0,3,$1.77,0,0.00%,$0.00,$1.77,6,66.67%,$3.54,$5.31,,,,
Kent Gardens Elementary,5/05/2025,30008,Apple Juice(Each),41,0,41,70,39,0,39,$6.63,0,0.00%,$0.00,$6.63,31,44.29%,$5.27,$11.90,,,,
Kent Gardens Elementary,5/05/2025,30009,Orange Tangerine Juice(Each),22,0,22,28,9,0,9,$1.53,0,0.00%,$0.00,$1.53,19,67.86%,$3.23,$4.76,,,,
Kent Gardens Elementary,5/05/2025,30051,Natural Grape Jam(Packet),11,0,11,40,18,0,18,$1.62,0,0.00%,$0.00,$1.62,22,55.00%,$1.98,$3.60,,,,
Kent Gardens Elementary,5/05/2025,30093,Natural Breakfast Syrup(Each),13,0,13,40,18,0,18,$3.60,0,0.00%,$0.00,$3.60,22,55.00%,$4.40,$8.00,,,,
Kent Gardens Elementary,5/05/2025,30097,Bottled Water(Bottle),0,0,0,2,2,0,2,$0.32,0,0.00%,$0.00,$0.32,0,0.00%,$0.00,$0.32,,,,
Key Middle,5/05/2025,10041,Mini Maple Pancakes(Package),58,0,58,76,71,0,71,$27.69,0,0.00%,$0.00,$27.69,5,6.58%,$1.95,$29.64,,,,
Key Middle,5/05/2025,20001,1% White Milk(Each),35,0,35,64,21,0,21,$7.56,0,0.00%,$0.00,$7.56,43,67.19%,$15.48,$23.04,,,,
Key Middle,5/05/2025,20017,Orange(6 Slices per 1/2 cup),33,0,33,42,39,0,39,$13.26,0,0.00%,$0.00,$13.26,3,7.14%,$1.02,$14.28,,,,
Key Middle,5/05/2025,20038,Fat Free White Milk(Each),11,0,11,72,4,0,4,$1.32,0,0.00%,$0.00,$1.32,68,94.44%,$22.44,$23.76,,,,
Key Middle,5/05/2025,20052,Assorted  4 oz Yogurt(Container),0,0,0,5,5,0,5,$0.00,0,0.00%,$0.00,$0.00,0,0.00%,$0.00,$0.00,,,,
Key Middle,5/05/2025,30003,Honey Cheerios Cereal(Each),9,0,9,12,10,0,10,$5.90,0,0.00%,$0.00,$5.90,2,16.67%,$1.18,$7.08,,,,
Key Middle,5/05/2025,30004,Blueberry Chex Cereal(Each),7,0,7,12,9,0,9,$5.31,0,0.00%,$0.00,$5.31,3,25.00%,$1.77,$7.08,,,,
Key Middle,5/05/2025,30006,Cinnamon Chex Cereal(Each),15,0,15,12,12,0,12,$7.08,0,0.00%,$0.00,$7.08,0,0.00%,$0.00,$7.08,,,,
Key Middle,5/05/2025,30007,"Cinnamon Toast Crunch Cereal, 25% Less Sugar(Each)",15,0,15,12,12,0,12,$7.08,0,0.00%,$0.00,$7.08,0,0.00%,$0.00,$7.08,,,,
Key Middle,5/05/2025,30008,Apple Juice(Each),84,0,84,88,74,0,74,$12.58,0,0.00%,$0.00,$12.58,14,15.91%,$2.38,$14.96,,,,
Key Middle,5/05/2025,30009,Orange Tangerine Juice(Each),13,0,13,72,51,0,51,$8.67,0,0.00%,$0.00,$8.67,21,29.17%,$3.57,$12.24,,,,
Key Middle,5/05/2025,30051,Natural Grape Jam(Packet),9,0,9,20,0,0,0,$0.00,0,0.00%,$0.00,$0.00,20,100.00%,$0.00,$0.00,,,,
Key Middle,5/05/2025,30093,Natural Breakfast Syrup(Each),26,0,26,10,5,0,5,$1.00,0,0.00%,$0.00,$1.00,5,50.00%,$1.00,$2.00,,,,
Key Middle,5/05/2025,60034,Mandarin Orange Parfait(Parfait),8,0,8,9,9,0,9,$8.91,0,0.00%,$0.00,$8.91,0,0.00%,$0.00,$8.91,,,,
Kilmer Middle,5/05/2025,10020,Bagel(Bagel),15,0,15,40,36,0,36,$11.52,2,5.00%,$0.64,$12.16,2,5.00%,$0.64,$12.80,,,,
Kilmer Middle,5/05/2025,10021,Apple Cinnamon Bread(1oz Grain (1/64 Baked Pan)),0,0,0,16,12,0,12,$4.92,4,25.00%,$1.64,$6.56,0,0.00%,$0.00,$6.56,,,,
Kilmer Middle,5/05/2025,10041,Mini Maple Pancakes(Package),29,2,31,25,21,0,21,$8.19,0,0.00%,$0.00,$8.19,4,16.00%,$1.56,$9.75,,,,
Kilmer Middle,5/05/2025,20001,1% White Milk(Each),35,0,35,45,34,0,34,$12.24,0,0.00%,$0.00,$12.24,11,24.44%,$3.96,$16.20,,,,
Kilmer Middle,5/05/2025,20009,Cream Cheese(Each),15,0,15,40,36,0,36,$10.44,0,0.00%,$0.00,$10.44,4,10.00%,$1.16,$11.60,,,,
Kilmer Middle,5/05/2025,20014,Red Delicious Apple(Each - serving),33,0,33,10,4,0,4,$1.32,0,0.00%,$0.00,$1.32,6,60.00%,$1.98,$3.30,,,,
Kilmer Middle,5/05/2025,20016,String Cheese(1 Stick),0,0,0,16,12,0,12,$2.64,0,0.00%,$0.00,$2.64,4,25.00%,$0.88,$3.52,,,,
Kilmer Middle,5/05/2025,20017,Orange(6 Slices per 1/2 cup),23,0,23,29,29,0,29,$9.86,0,0.00%,$0.00,$9.86,0,0.00%,$0.00,$9.86,,,,
Kilmer Middle,5/05/2025,20032,Strawberry Banana Yogurt(each),1,0,1,3,3,0,3,$1.05,0,0.00%,$0.00,$1.05,0,0.00%,$0.00,$1.05,,,,
Kilmer Middle,5/05/2025,20038,Fat Free White Milk(Each),5,0,5,5,2,0,2,$0.66,0,0.00%,$0.00,$0.66,3,60.00%,$0.99,$1.65,,,,
Kilmer Middle,5/05/2025,30003,Honey Cheerios Cereal(Each),5,0,5,4,3,0,3,$1.77,0,0.00%,$0.00,$1.77,1,25.00%,$0.59,$2.36,,,,
Kilmer Middle,5/05/2025,30006,Cinnamon Chex Cereal(Each),4,0,4,4,3,0,3,$1.77,0,0.00%,$0.00,$1.77,1,25.00%,$0.59,$2.36,,,,
Kilmer Middle,5/05/2025,30007,"Cinnamon Toast Crunch Cereal, 25% Less Sugar(Each)",9,0,9,10,9,0,9,$5.31,0,0.00%,$0.00,$5.31,1,10.00%,$0.59,$5.90,,,,
Kilmer Middle,5/05/2025,30008,Apple Juice(Each),61,0,61,75,74,0,74,$12.58,0,0.00%,$0.00,$12.58,1,1.33%,$0.17,$12.75,,,,
Kilmer Middle,5/05/2025,30009,Orange Tangerine Juice(Each),27,0,27,25,13,0,13,$2.21,0,0.00%,$0.00,$2.21,12,48.00%,$2.04,$4.25,,,,
Kilmer Middle,5/05/2025,30020,Applesauce(1/2 Cup),1,0,1,1,1,0,1,$0.21,0,0.00%,$0.00,$0.21,0,0.00%,$0.00,$0.21,,,,
Kilmer Middle,5/05/2025,30051,Natural Grape Jam(Packet),6,0,6,10,0,0,0,$0.00,0,0.00%,$0.00,$0.00,10,100.00%,$0.00,$0.00,,,,
Kilmer Middle,5/05/2025,30093,Natural Breakfast Syrup(Each),10,0,10,15,4,0,4,$0.80,0,0.00%,$0.00,$0.80,11,73.33%,$2.20,$3.00,,,,
Kings Glen Elementary,5/05/2025,10041,Mini Maple Pancakes(Package),30,0,30,45,40,0,40,$15.60,0,0.00%,$0.00,$15.60,5,11.11%,$1.95,$17.55,,,,
Kings Glen Elementary,5/05/2025,20001,1% White Milk(Each),5,0,5,20,5,0,5,$1.80,0,0.00%,$0.00,$1.80,15,75.00%,$5.40,$7.20,,,,
Kings Glen Elementary,5/05/2025,20014,Red Delicious Apple(Each - serving),9,0,9,20,10,0,10,$3.30,0,0.00%,$0.00,$3.30,10,50.00%,$3.30,$6.60,,,,
Kings Glen Elementary,5/05/2025,20038,Fat Free White Milk(Each),5,0,5,25,9,0,9,$2.97,0,0.00%,$0.00,$2.97,16,64.00%,$5.28,$8.25,,,,
Kings Glen Elementary,5/05/2025,30003,Honey Cheerios Cereal(Each),4,0,4,10,5,0,5,$2.95,0,0.00%,$0.00,$2.95,5,50.00%,$2.95,$5.90,,,,
Kings Glen Elementary,5/05/2025,30004,Blueberry Chex Cereal(Each),5,0,5,10,5,0,5,$2.95,0,0.00%,$0.00,$2.95,5,50.00%,$2.95,$5.90,,,,
Kings Glen Elementary,5/05/2025,30006,Cinnamon Chex Cereal(Each),5,0,5,10,5,0,5,$2.95,0,0.00%,$0.00,$2.95,5,50.00%,$2.95,$5.90,,,,
Kings Glen Elementary,5/05/2025,30007,"Cinnamon Toast Crunch Cereal, 25% Less Sugar(Each)",3,0,3,10,5,0,5,$2.95,0,0.00%,$0.00,$2.95,5,50.00%,$2.95,$5.90,,,,
Kings Glen Elementary,5/05/2025,30008,Apple Juice(Each),40,0,40,70,54,10,64,$10.88,0,0.00%,$0.00,$10.88,6,8.57%,$1.02,$11.90,,,,
Kings Glen Elementary,5/05/2025,30093,Natural Breakfast Syrup(Each),15,0,15,30,25,0,25,$5.00,0,0.00%,$0.00,$5.00,5,16.67%,$1.00,$6.00,,,,
Kings Park Elementary,5/05/2025,10020,Bagel(Bagel),39,0,39,55,45,0,45,$14.40,0,0.00%,$0.00,$14.40,10,18.18%,$3.20,$17.60,,,,
Kings Park Elementary,5/05/2025,10041,Mini Maple Pancakes(Package),0,0,0,70,61,0,61,$23.79,0,0.00%,$0.00,$23.79,9,12.86%,$3.51,$27.30,,,,
Kings Park Elementary,5/05/2025,20001,1% White Milk(Each),99,0,99,50,50,0,50,$18.00,0,0.00%,$0.00,$18.00,0,0.00%,$0.00,$18.00,,,,
Kings Park Elementary,5/05/2025,20009,Cream Cheese(Each),38,0,38,50,42,0,42,$12.18,0,0.00%,$0.00,$12.18,8,16.00%,$2.32,$14.50,,,,
Kings Park Elementary,5/05/2025,20017,Orange(6 Slices per 1/2 cup),76,0,76,100,82,0,82,$27.88,0,0.00%,$0.00,$27.88,18,18.00%,$6.12,$34.00,,,,
Kings Park Elementary,5/05/2025,20038,Fat Free White Milk(Each),21,0,21,30,30,0,30,$9.90,0,0.00%,$0.00,$9.90,0,0.00%,$0.00,$9.90,,,,
Kings Park Elementary,5/05/2025,20047,Orange Slices(3 slices per 1/4 cup),22,0,22,20,20,0,20,$4.00,0,0.00%,$0.00,$4.00,0,0.00%,$0.00,$4.00,,,,
Kings Park Elementary,5/05/2025,30003,Honey Cheerios Cereal(Each),18,0,18,25,15,0,15,$8.85,0,0.00%,$0.00,$8.85,10,40.00%,$5.90,$14.75,,,,
Kings Park Elementary,5/05/2025,30004,Blueberry Chex Cereal(Each),8,0,8,20,9,0,9,$5.31,0,0.00%,$0.00,$5.31,11,55.00%,$6.49,$11.80,,,,
Kings Park Elementary,5/05/2025,30006,Cinnamon Chex Cereal(Each),9,0,9,20,10,0,10,$5.90,0,0.00%,$0.00,$5.90,10,50.00%,$5.90,$11.80,,,,
Kings Park Elementary,5/05/2025,30008,Apple Juice(Each),87,0,87,95,80,0,80,$13.60,0,0.00%,$0.00,$13.60,15,15.79%,$2.55,$16.15,,,,
Kings Park Elementary,5/05/2025,30009,Orange Tangerine Juice(Each),59,0,59,80,62,0,62,$10.54,0,0.00%,$0.00,$10.54,18,22.50%,$3.06,$13.60,,,,
Kings Park Elementary,5/05/2025,30034,Graham Crackers(Package),0,0,0,25,14,0,14,$1.96,0,0.00%,$0.00,$1.96,11,44.00%,$1.54,$3.50,,,,
Kings Park Elementary,5/05/2025,30050,Natural Blackberry Jam(Packet),0,0,0,30,20,0,20,$3.00,0,0.00%,$0.00,$3.00,10,33.33%,$1.50,$4.50,,,,
Kings Park Elementary,5/05/2025,30102,1% Unflavored Shelf-Stable Milk(Each),0,0,0,26,22,0,22,$8.36,0,0.00%,$0.00,$8.36,4,15.38%,$1.52,$9.88,,,,
Kings Park Elementary,5/05/2025,30181,"Cereal, Cinnamon Toast Crunch 1 oz (Sub)(Each)",0,0,0,25,14,0,14,$4.48,0,0.00%,$0.00,$4.48,11,44.00%,$3.52,$8.00,,,,
Kings Park Elementary,5/05/2025,60032,Blueberry Parfait(Parfait),0,0,0,5,5,0,5,$5.45,0,0.00%,$0.00,$5.45,0,0.00%,$0.00,$5.45,,,,
Kings Park Elementary,5/05/2025,60034,Mandarin Orange Parfait(Parfait),0,0,0,1,1,0,1,$0.99,0,0.00%,$0.00,$0.99,0,0.00%,$0.00,$0.99,,,,
Lake Anne Elementary,5/05/2025,10041,Mini Maple Pancakes(Package),103,0,103,126,116,0,116,$45.24,0,0.00%,$0.00,$45.24,10,7.94%,$3.90,$49.14,,,,
Lake Anne Elementary,5/05/2025,20001,1% White Milk(Each),50,0,50,49,39,0,39,$14.04,0,0.00%,$0.00,$14.04,10,20.41%,$3.60,$17.64,,,,
Lake Anne Elementary,5/05/2025,20008,Apple Slices(3 slices per 1/4 cup),0,0,0,30,28,0,28,$16.52,0,0.00%,$0.00,$16.52,2,6.67%,$1.18,$17.70,,,,
Lake Anne Elementary,5/05/2025,20014,Red Delicious Apple(Each - serving),40,0,40,0,0,0,0,$0.00,0,0.00%,$0.00,$0.00,0,0.00%,$0.00,$0.00,,,,
Lake Anne Elementary,5/05/2025,20017,Orange(6 Slices per 1/2 cup),30,0,30,0,0,0,0,$0.00,0,0.00%,$0.00,$0.00,0,0.00%,$0.00,$0.00,,,,
Lake Anne Elementary,5/05/2025,20031,Banana(Each),30,0,30,0,0,0,0,$0.00,0,0.00%,$0.00,$0.00,0,0.00%,$0.00,$0.00,,,,
Lake Anne Elementary,5/05/2025,20038,Fat Free White Milk(Each),31,0,31,21,16,0,16,$5.28,0,0.00%,$0.00,$5.28,5,23.81%,$1.65,$6.93,,,,
Lake Anne Elementary,5/05/2025,20047,Orange Slices(3 slices per 1/4 cup),28,0,28,26,26,0,26,$5.20,0,0.00%,$0.00,$5.20,0,0.00%,$0.00,$5.20,,,,
Lake Anne Elementary,5/05/2025,30003,Honey Cheerios Cereal(Each),40,0,40,24,6,0,6,$3.54,0,0.00%,$0.00,$3.54,18,75.00%,$10.62,$14.16,,,,
Lake Anne Elementary,5/05/2025,30004,Blueberry Chex Cereal(Each),40,0,40,24,4,0,4,$2.36,0,0.00%,$0.00,$2.36,20,83.33%,$11.80,$14.16,,,,
Lake Anne Elementary,5/05/2025,30006,Cinnamon Chex Cereal(Each),40,0,40,24,13,0,13,$7.67,0,0.00%,$0.00,$7.67,11,45.83%,$6.49,$14.16,,,,
Lake Anne Elementary,5/05/2025,30007,"Cinnamon Toast Crunch Cereal, 25% Less Sugar(Each)",40,0,40,24,16,0,16,$9.44,0,0.00%,$0.00,$9.44,8,33.33%,$4.72,$14.16,,,,
Lake Anne Elementary,5/05/2025,30008,Apple Juice(Each),100,0,100,100,74,0,74,$12.58,0,0.00%,$0.00,$12.58,26,26.00%,$4.42,$17.00,,,,
Lake Anne Elementary,5/05/2025,30009,Orange Tangerine Juice(Each),50,0,50,40,28,0,28,$4.76,0,0.00%,$0.00,$4.76,12,30.00%,$2.04,$6.80,,,,
Lake Anne Elementary,5/05/2025,30102,1% Unflavored Shelf-Stable Milk(Each),0,0,0,13,13,0,13,$4.94,0,0.00%,$0.00,$4.94,0,0.00%,$0.00,$4.94,,,,
Lake Anne Elementary,5/05/2025,30103,"Milk, Lactose Free,  Fat Free, Shelf-Stable(Each)",2,0,2,2,2,0,2,$0.96,0,0.00%,$0.00,$0.96,0,0.00%,$0.00,$0.96,,,,
Lake Anne Elementary,5/05/2025,30188,"Milk, Soy, Plain, Bulk (12/32 oz)(1 cup)",1,0,1,1,1,0,1,$0.79,0,0.00%,$0.00,$0.79,0,0.00%,$0.00,$0.79,,,,
Lake Anne Elementary,5/05/2025,60034,Mandarin Orange Parfait(Parfait),10,0,10,6,1,0,1,$0.99,0,0.00%,$0.00,$0.99,5,83.33%,$4.95,$5.94,,,,
Lake Braddock Secondary,5/05/2025,10041,Mini Maple Pancakes(Package),95,0,95,175,96,14,110,$42.90,0,0.00%,$0.00,$42.90,65,37.14%,$25.35,$68.25,,,,
Lake Braddock Secondary,5/05/2025,20001,1% White Milk(Each),20,0,20,86,17,0,17,$6.12,0,0.00%,$0.00,$6.12,69,80.23%,$24.84,$30.96,,,,
Lake Braddock Secondary,5/05/2025,20014,Red Delicious Apple(Each - serving),6,0,6,20,8,0,8,$2.64,0,0.00%,$0.00,$2.64,12,60.00%,$3.96,$6.60,,,,
Lake Braddock Secondary,5/05/2025,20017,Orange(6 Slices per 1/2 cup),3,0,3,20,4,0,4,$1.36,0,0.00%,$0.00,$1.36,16,80.00%,$5.44,$6.80,,,,
Lake Braddock Secondary,5/05/2025,20038,Fat Free White Milk(Each),7,0,7,60,11,0,11,$3.63,0,0.00%,$0.00,$3.63,49,81.67%,$16.17,$19.80,,,,
Lake Braddock Secondary,5/05/2025,30003,Honey Cheerios Cereal(Each),17,0,17,32,18,2,20,$11.80,0,0.00%,$0.00,$11.80,12,37.50%,$7.08,$18.88,,,,
Lake Braddock Secondary,5/05/2025,30004,Blueberry Chex Cereal(Each),9,0,9,16,9,0,9,$5.31,0,0.00%,$0.00,$5.31,7,43.75%,$4.13,$9.44,,,,
Lake Braddock Secondary,5/05/2025,30006,Cinnamon Chex Cereal(Each),14,0,14,32,17,3,20,$11.80,2,6.25%,$1.18,$12.98,10,31.25%,$5.90,$18.88,,,,
Lake Braddock Secondary,5/05/2025,30007,"Cinnamon Toast Crunch Cereal, 25% Less Sugar(Each)",20,0,20,32,15,7,22,$12.98,0,0.00%,$0.00,$12.98,10,31.25%,$5.90,$18.88,,,,
Lake Braddock Secondary,5/05/2025,30008,Apple Juice(Each),149,0,149,162,121,10,131,$22.27,0,0.00%,$0.00,$22.27,31,19.14%,$5.27,$27.54,,,,
Lake Braddock Secondary,5/05/2025,30009,Orange Tangerine Juice(Each),55,0,55,130,53,2,55,$9.35,0,0.00%,$0.00,$9.35,75,57.69%,$12.75,$22.10,,,,
Lake Braddock Secondary,5/05/2025,30046,Granola(1/4 cup),0,0,0,36,12,0,12,$2.76,0,0.00%,$0.00,$2.76,24,66.67%,$5.52,$8.28,,,,
Lake Braddock Secondary,5/05/2025,30051,Natural Grape Jam(Packet),13,0,13,20,2,0,2,$0.18,0,0.00%,$0.00,$0.18,18,90.00%,$1.62,$1.80,,,,
Lake Braddock Secondary,5/05/2025,30093,Natural Breakfast Syrup(Each),54,0,54,80,34,0,34,$6.80,0,0.00%,$0.00,$6.80,46,57.50%,$9.20,$16.00,,,,
Lake Braddock Secondary,5/05/2025,30097,Bottled Water(Bottle),0,0,0,27,0,19,19,$0.00,0,0.00%,$0.00,$0.00,8,29.63%,$0.00,$0.00,,,,
Lake Braddock Secondary,5/05/2025,60004,Egg and American Cheese on English Muffin(Sandwich),0,0,0,40,26,0,26,$13.26,1,2.50%,$0.51,$13.77,13,32.50%,$6.63,$20.40,,,,
Lake Braddock Secondary,5/05/2025,60099,"Parfait, Triple Berry(Parfait)",0,0,0,36,12,0,12,$8.16,0,0.00%,$0.00,$8.16,24,66.67%,$16.32,$24.48,,,,
Lane Elementary,5/05/2025,10041,Mini Maple Pancakes(Package),80,0,80,85,79,0,79,$30.81,2,2.35%,$0.78,$31.59,4,4.71%,$1.56,$33.15,,,,
Lane Elementary,5/05/2025,20001,1% White Milk(Each),50,0,50,50,43,0,43,$15.48,0,0.00%,$0.00,$15.48,7,14.00%,$2.52,$18.00,,,,
Lane Elementary,5/05/2025,20014,Red Delicious Apple(Each - serving),60,0,60,60,51,0,51,$16.83,0,0.00%,$0.00,$16.83,9,15.00%,$2.97,$19.80,,,,
Lane Elementary,5/05/2025,20038,Fat Free White Milk(Each),25,0,25,20,10,0,10,$3.30,0,0.00%,$0.00,$3.30,10,50.00%,$3.30,$6.60,,,,
Lane Elementary,5/05/2025,30003,Honey Cheerios Cereal(Each),20,0,20,20,6,0,6,$3.54,0,0.00%,$0.00,$3.54,14,70.00%,$8.26,$11.80,,,,
Lane Elementary,5/05/2025,30004,Blueberry Chex Cereal(Each),10,0,10,10,2,0,2,$1.18,0,0.00%,$0.00,$1.18,8,80.00%,$4.72,$5.90,,,,
Lane Elementary,5/05/2025,30006,Cinnamon Chex Cereal(Each),20,0,20,20,8,0,8,$4.72,0,0.00%,$0.00,$4.72,12,60.00%,$7.08,$11.80,,,,
Lane Elementary,5/05/2025,30007,"Cinnamon Toast Crunch Cereal, 25% Less Sugar(Each)",10,0,10,10,5,0,5,$2.95,0,0.00%,$0.00,$2.95,5,50.00%,$2.95,$5.90,,,,
Lane Elementary,5/05/2025,30008,Apple Juice(Each),80,0,80,80,75,0,75,$12.75,0,0.00%,$0.00,$12.75,5,6.25%,$0.85,$13.60,,,,
Lane Elementary,5/05/2025,30009,Orange Tangerine Juice(Each),60,0,60,60,40,0,40,$6.80,0,0.00%,$0.00,$6.80,20,33.33%,$3.40,$10.20,,,,
Lane Elementary,5/05/2025,30051,Natural Grape Jam(Packet),80,0,80,85,79,0,79,$7.11,0,0.00%,$0.00,$7.11,6,7.06%,$0.54,$7.65,,,,
Lane Elementary,5/05/2025,30093,Natural Breakfast Syrup(Each),80,0,80,85,79,0,79,$15.80,0,0.00%,$0.00,$15.80,6,7.06%,$1.20,$17.00,,,,
Lane Elementary,5/05/2025,60034,Mandarin Orange Parfait(Parfait),10,0,10,5,3,0,3,$2.97,0,0.00%,$0.00,$2.97,2,40.00%,$1.98,$4.95,,,,
Langley High,5/05/2025,10020,Bagel(Bagel),16,0,16,20,14,3,17,$5.44,0,0.00%,$0.00,$5.44,3,15.00%,$0.96,$6.40,,,,
Langley High,5/05/2025,10021,Apple Cinnamon Bread(2oz Grain (1/32 Baked Pan)),0,0,0,25,14,6,20,$16.40,0,0.00%,$0.00,$16.40,5,20.00%,$4.10,$20.50,,,,
Langley High,5/05/2025,10041,Mini Maple Pancakes(Package),0,0,0,30,17,8,25,$9.75,0,0.00%,$0.00,$9.75,5,16.67%,$1.95,$11.70,,,,
Langley High,5/05/2025,20001,1% White Milk(Each),10,0,10,12,11,0,11,$3.96,0,0.00%,$0.00,$3.96,1,8.33%,$0.36,$4.32,,,,
Langley High,5/05/2025,20009,Cream Cheese(Each),16,0,16,20,14,3,17,$4.93,0,0.00%,$0.00,$4.93,3,15.00%,$0.87,$5.80,,,,
Langley High,5/05/2025,20015,Golden Delicious Apple(Each),0,0,0,10,8,0,8,$2.48,0,0.00%,$0.00,$2.48,2,20.00%,$0.62,$3.10,,,,
Langley High,5/05/2025,20016,String Cheese(1 Stick),0,0,0,25,14,6,20,$4.40,0,0.00%,$0.00,$4.40,5,20.00%,$1.10,$5.50,,,,
Langley High,5/05/2025,20038,Fat Free White Milk(Each),8,0,8,6,5,0,5,$1.65,0,0.00%,$0.00,$1.65,1,16.67%,$0.33,$1.98,,,,
Langley High,5/05/2025,30003,Honey Cheerios Cereal(Each),7,0,7,12,8,0,8,$4.72,0,0.00%,$0.00,$4.72,4,33.33%,$2.36,$7.08,,,,
Langley High,5/05/2025,30006,Cinnamon Chex Cereal(Each),5,0,5,18,9,4,13,$7.67,0,0.00%,$0.00,$7.67,5,27.78%,$2.95,$10.62,,,,
Langley High,5/05/2025,30008,Apple Juice(Each),49,0,49,60,53,0,53,$9.01,0,0.00%,$0.00,$9.01,7,11.67%,$1.19,$10.20,,,,
Langley High,5/05/2025,30009,Orange Tangerine Juice(Each),28,0,28,40,16,0,16,$2.72,0,0.00%,$0.00,$2.72,24,60.00%,$4.08,$6.80,,,,
Langley High,5/05/2025,30041,Orange Flavored Dried Cranberries(Each),0,0,0,10,9,0,9,$2.16,0,0.00%,$0.00,$2.16,1,10.00%,$0.24,$2.40,,,,
Langley High,5/05/2025,30097,Bottled Water(Bottle),0,0,0,30,0,30,30,$0.00,0,0.00%,$0.00,$0.00,0,0.00%,$0.00,$0.00,,,,
Langley High,5/05/2025,30197,"Nutri-Grain, Blueberry(each)",0,0,0,9,8,0,8,$3.60,0,0.00%,$0.00,$3.60,1,11.11%,$0.45,$4.05,,,,
Langley High,5/05/2025,30198,"Nutri-Grain, Strawberry(each)",0,0,0,8,1,0,1,$0.45,0,0.00%,$0.00,$0.45,7,87.50%,$3.15,$3.60,,,,
Langley High,5/05/2025,60096,Strawberry Parfait(Parfait),0,0,0,8,6,0,6,$5.94,0,0.00%,$0.00,$5.94,2,25.00%,$1.98,$7.92,,,,
Laurel Hill Elementary,5/05/2025,10041,Mini Maple Pancakes(Package),92,0,92,120,85,0,85,$33.15,0,0.00%,$0.00,$33.15,35,29.17%,$13.65,$46.80,,,,
Laurel Hill Elementary,5/05/2025,20001,1% White Milk(Each),1,0,1,0,0,0,0,$0.00,0,0.00%,$0.00,$0.00,0,0.00%,$0.00,$0.00,,,,
Laurel Hill Elementary,5/05/2025,20014,Red Delicious Apple(Each - serving),14,0,14,40,17,0,17,$5.61,0,0.00%,$0.00,$5.61,23,57.50%,$7.59,$13.20,,,,
Laurel Hill Elementary,5/05/2025,20038,Fat Free White Milk(Each),25,0,25,20,19,0,19,$6.27,0,0.00%,$0.00,$6.27,1,5.00%,$0.33,$6.60,,,,
Laurel Hill Elementary,5/05/2025,20047,Orange Slices(3 slices per 1/4 cup),1,0,1,0,0,0,0,$0.00,0,0.00%,$0.00,$0.00,0,0.00%,$0.00,$0.00,,,,
Laurel Hill Elementary,5/05/2025,30003,Honey Cheerios Cereal(Each),30,0,30,10,10,0,10,$5.90,0,0.00%,$0.00,$5.90,0,0.00%,$0.00,$5.90,,,,
Laurel Hill Elementary,5/05/2025,30004,Blueberry Chex Cereal(Each),28,0,28,20,9,0,9,$5.31,0,0.00%,$0.00,$5.31,11,55.00%,$6.49,$11.80,,,,
Laurel Hill Elementary,5/05/2025,30006,Cinnamon Chex Cereal(Each),29,0,29,20,20,0,20,$11.80,0,0.00%,$0.00,$11.80,0,0.00%,$0.00,$11.80,,,,
Laurel Hill Elementary,5/05/2025,30007,"Cinnamon Toast Crunch Cereal, 25% Less Sugar(Each)",18,0,18,10,10,0,10,$5.90,0,0.00%,$0.00,$5.90,0,0.00%,$0.00,$5.90,,,,
Laurel Hill Elementary,5/05/2025,30008,Apple Juice(Each),105,0,105,80,80,0,80,$13.60,0,0.00%,$0.00,$13.60,0,0.00%,$0.00,$13.60,,,,
Laurel Hill Elementary,5/05/2025,30009,Orange Tangerine Juice(Each),71,0,71,80,61,0,61,$10.37,0,0.00%,$0.00,$10.37,19,23.75%,$3.23,$13.60,,,,
Laurel Hill Elementary,5/05/2025,30044,Strawberry Flavored Dried Cranberries(2 Eaches),0,0,0,87,17,0,17,$8.16,0,0.00%,$0.00,$8.16,70,80.46%,$33.60,$41.76,,,,
Laurel Hill Elementary,5/05/2025,30102,1% Unflavored Shelf-Stable Milk(Each),0,0,0,41,11,0,11,$4.18,0,0.00%,$0.00,$4.18,30,73.17%,$11.40,$15.58,,,,
Laurel Hill Elementary,5/05/2025,60034,Mandarin Orange Parfait(Parfait),12,0,12,20,9,0,9,$8.91,0,0.00%,$0.00,$8.91,11,55.00%,$10.89,$19.80,,,,
Laurel Ridge Elementary,5/05/2025,10041,Mini Maple Pancakes(Package),7,0,7,72,54,9,63,$24.57,0,0.00%,$0.00,$24.57,9,12.50%,$3.51,$28.08,,,,
Laurel Ridge Elementary,5/05/2025,20001,1% White Milk(Each),30,0,30,43,36,1,37,$13.32,0,0.00%,$0.00,$13.32,6,13.95%,$2.16,$15.48,,,,
Laurel Ridge Elementary,5/05/2025,20014,Red Delicious Apple(Each - serving),30,0,30,30,25,0,25,$8.25,0,0.00%,$0.00,$8.25,5,16.67%,$1.65,$9.90,,,,
Laurel Ridge Elementary,5/05/2025,20017,Orange(6 Slices per 1/2 cup),30,0,30,30,25,0,25,$8.50,0,0.00%,$0.00,$8.50,5,16.67%,$1.70,$10.20,,,,
Laurel Ridge Elementary,5/05/2025,20038,Fat Free White Milk(Each),18,0,18,24,16,0,16,$5.28,0,0.00%,$0.00,$5.28,8,33.33%,$2.64,$7.92,,,,
Laurel Ridge Elementary,5/05/2025,30003,Honey Cheerios Cereal(Each),25,0,25,12,10,2,12,$7.08,0,0.00%,$0.00,$7.08,0,0.00%,$0.00,$7.08,,,,
Laurel Ridge Elementary,5/05/2025,30004,Blueberry Chex Cereal(Each),4,0,4,10,2,0,2,$1.18,0,0.00%,$0.00,$1.18,8,80.00%,$4.72,$5.90,,,,
Laurel Ridge Elementary,5/05/2025,30006,Cinnamon Chex Cereal(Each),7,0,7,10,7,0,7,$4.13,0,0.00%,$0.00,$4.13,3,30.00%,$1.77,$5.90,,,,
Laurel Ridge Elementary,5/05/2025,30007,"Cinnamon Toast Crunch Cereal, 25% Less Sugar(Each)",15,0,15,12,7,1,8,$4.72,0,0.00%,$0.00,$4.72,4,33.33%,$2.36,$7.08,,,,
Laurel Ridge Elementary,5/05/2025,30008,Apple Juice(Each),53,11,64,80,49,15,64,$10.88,0,0.00%,$0.00,$10.88,16,20.00%,$2.72,$13.60,,,,
Laurel Ridge Elementary,5/05/2025,30009,Orange Tangerine Juice(Each),41,2,43,40,37,3,40,$6.80,0,0.00%,$0.00,$6.80,0,0.00%,$0.00,$6.80,,,,
Laurel Ridge Elementary,5/05/2025,30037,IW Applesauce Cup(Each),37,0,37,37,34,3,37,$9.99,0,0.00%,$0.00,$9.99,0,0.00%,$0.00,$9.99,,,,
Laurel Ridge Elementary,5/05/2025,30097,Bottled Water(Bottle),0,0,0,5,0,3,3,$0.00,0,0.00%,$0.00,$0.00,2,40.00%,$0.00,$0.00,,,,
Laurel Ridge Elementary,5/05/2025,60034,Mandarin Orange Parfait(Parfait),4,0,4,7,6,0,6,$5.94,0,0.00%,$0.00,$5.94,1,14.29%,$0.99,$6.93,,,,
Lees Corner Elementary,5/05/2025,10041,Mini Maple Pancakes(Package),25,0,25,30,29,1,30,$11.70,0,0.00%,$0.00,$11.70,0,0.00%,$0.00,$11.70,,,,
Lees Corner Elementary,5/05/2025,20001,1% White Milk(Each),20,0,20,52,2,0,2,$0.72,0,0.00%,$0.00,$0.72,50,96.15%,$18.00,$18.72,,,,
Lees Corner Elementary,5/05/2025,20014,Red Delicious Apple(Each - serving),20,0,20,15,10,0,10,$3.30,0,0.00%,$0.00,$3.30,5,33.33%,$1.65,$4.95,,,,
Lees Corner Elementary,5/05/2025,20017,Orange(6 Slices per 1/2 cup),5,0,5,0,0,0,0,$0.00,0,0.00%,$0.00,$0.00,0,0.00%,$0.00,$0.00,,,,
Lees Corner Elementary,5/05/2025,20031,Banana(Each),12,0,12,0,0,0,0,$0.00,0,0.00%,$0.00,$0.00,0,0.00%,$0.00,$0.00,,,,
Lees Corner Elementary,5/05/2025,20038,Fat Free White Milk(Each),10,0,10,39,16,0,16,$5.28,0,0.00%,$0.00,$5.28,23,58.97%,$7.59,$12.87,,,,
Lees Corner Elementary,5/05/2025,30003,Honey Cheerios Cereal(Each),10,0,10,8,3,0,3,$1.77,0,0.00%,$0.00,$1.77,5,62.50%,$2.95,$4.72,,,,
Lees Corner Elementary,5/05/2025,30004,Blueberry Chex Cereal(Each),0,0,0,0,0,0,0,$0.00,0,0.00%,$0.00,$0.00,0,0.00%,$0.00,$0.00,,,,
Lees Corner Elementary,5/05/2025,30006,Cinnamon Chex Cereal(Each),10,0,10,8,4,0,4,$2.36,0,0.00%,$0.00,$2.36,4,50.00%,$2.36,$4.72,,,,
Lees Corner Elementary,5/05/2025,30007,"Cinnamon Toast Crunch Cereal, 25% Less Sugar(Each)",10,0,10,8,7,0,7,$4.13,0,0.00%,$0.00,$4.13,1,12.50%,$0.59,$4.72,,,,
Lees Corner Elementary,5/05/2025,30008,Apple Juice(Each),40,0,40,40,35,0,35,$5.95,0,0.00%,$0.00,$5.95,5,12.50%,$0.85,$6.80,,,,
Lees Corner Elementary,5/05/2025,30009,Orange Tangerine Juice(Each),20,0,20,20,12,0,12,$2.04,0,0.00%,$0.00,$2.04,8,40.00%,$1.36,$3.40,,,,
Lees Corner Elementary,5/05/2025,30051,Natural Grape Jam(Packet),0,0,0,0,0,0,0,$0.00,0,0.00%,$0.00,$0.00,0,0.00%,$0.00,$0.00,,,,
Lees Corner Elementary,5/05/2025,30093,Natural Breakfast Syrup(Each),25,0,25,30,29,1,30,$6.00,0,0.00%,$0.00,$6.00,0,0.00%,$0.00,$6.00,,,,
Lees Corner Elementary,5/05/2025,60034,Mandarin Orange Parfait(Parfait),6,0,6,0,0,0,0,$0.00,0,0.00%,$0.00,$0.00,0,0.00%,$0.00,$0.00,,,,
Lees Corner Elementary,5/05/2025,60099,"Parfait, Triple Berry(Parfait)",0,0,0,6,4,0,4,$2.72,0,0.00%,$0.00,$2.72,2,33.33%,$1.36,$4.08,,,,
Lemon Road Elementary,5/05/2025,10041,Mini Maple Pancakes(Package),33,0,33,72,36,0,36,$14.04,0,0.00%,$0.00,$14.04,36,50.00%,$14.04,$28.08,,,,
Lemon Road Elementary,5/05/2025,20001,1% White Milk(Each),25,0,25,57,19,0,19,$6.84,0,0.00%,$0.00,$6.84,38,66.67%,$13.68,$20.52,,,,
Lemon Road Elementary,5/05/2025,20014,Red Delicious Apple(Each - serving),24,0,24,30,28,0,28,$9.24,0,0.00%,$0.00,$9.24,2,6.67%,$0.66,$9.90,,,,
Lemon Road Elementary,5/05/2025,20017,Orange(6 Slices per 1/2 cup),21,0,21,15,11,0,11,$3.74,0,0.00%,$0.00,$3.74,4,26.67%,$1.36,$5.10,,,,
Lemon Road Elementary,5/05/2025,20038,Fat Free White Milk(Each),4,0,4,4,2,0,2,$0.66,0,0.00%,$0.00,$0.66,2,50.00%,$0.66,$1.32,,,,
Lemon Road Elementary,5/05/2025,20047,Orange Slices(3 slices per 1/4 cup),0,0,0,1,1,0,1,$0.20,0,0.00%,$0.00,$0.20,0,0.00%,$0.00,$0.20,,,,
Lemon Road Elementary,5/05/2025,30003,Honey Cheerios Cereal(Each),12,0,12,6,5,0,5,$2.95,0,0.00%,$0.00,$2.95,1,16.67%,$0.59,$3.54,,,,
Lemon Road Elementary,5/05/2025,30004,Blueberry Chex Cereal(Each),0,0,0,8,0,0,0,$0.00,0,0.00%,$0.00,$0.00,8,100.00%,$0.00,$0.00,,,,
Lemon Road Elementary,5/05/2025,30006,Cinnamon Chex Cereal(Each),7,0,7,14,3,0,3,$1.77,0,0.00%,$0.00,$1.77,11,78.57%,$6.49,$8.26,,,,
Lemon Road Elementary,5/05/2025,30007,"Cinnamon Toast Crunch Cereal, 25% Less Sugar(Each)",16,0,16,20,6,0,6,$3.54,0,0.00%,$0.00,$3.54,14,70.00%,$8.26,$11.80,,,,
Lemon Road Elementary,5/05/2025,30008,Apple Juice(Each),39,0,39,55,49,0,49,$8.33,0,0.00%,$0.00,$8.33,6,10.91%,$1.02,$9.35,,,,
Lemon Road Elementary,5/05/2025,30009,Orange Tangerine Juice(Each),28,0,28,36,15,0,15,$2.55,0,0.00%,$0.00,$2.55,21,58.33%,$3.57,$6.12,,,,
Lemon Road Elementary,5/05/2025,60034,Mandarin Orange Parfait(Parfait),1,0,1,5,3,0,3,$2.97,0,0.00%,$0.00,$2.97,2,40.00%,$1.98,$4.95,,,,
Lewis High,5/05/2025,10041,Mini Maple Pancakes(Package),186,0,186,270,268,0,268,$104.52,0,0.00%,$0.00,$104.52,2,0.74%,$0.78,$105.30,,,,
Lewis High,5/05/2025,20001,1% White Milk(Each),17,0,17,50,40,0,40,$14.40,0,0.00%,$0.00,$14.40,10,20.00%,$3.60,$18.00,,,,
Lewis High,5/05/2025,20014,Red Delicious Apple(Each - serving),76,0,76,112,79,0,79,$26.07,0,0.00%,$0.00,$26.07,33,29.46%,$10.89,$36.96,,,,
Lewis High,5/05/2025,20038,Fat Free White Milk(Each),18,0,18,25,10,0,10,$3.30,0,0.00%,$0.00,$3.30,15,60.00%,$4.95,$8.25,,,,
Lewis High,5/05/2025,30003,Honey Cheerios Cereal(Each),25,0,25,35,35,0,35,$20.65,0,0.00%,$0.00,$20.65,0,0.00%,$0.00,$20.65,,,,
Lewis High,5/05/2025,30004,Blueberry Chex Cereal(Each),30,0,30,35,26,0,26,$15.34,0,0.00%,$0.00,$15.34,9,25.71%,$5.31,$20.65,,,,
Lewis High,5/05/2025,30007,"Cinnamon Toast Crunch Cereal, 25% Less Sugar(Each)",36,0,36,40,40,0,40,$23.60,0,0.00%,$0.00,$23.60,0,0.00%,$0.00,$23.60,,,,
Lewis High,5/05/2025,30008,Apple Juice(Each),208,0,208,210,204,0,204,$34.68,0,0.00%,$0.00,$34.68,6,2.86%,$1.02,$35.70,,,,
Lewis High,5/05/2025,30009,Orange Tangerine Juice(Each),199,0,199,210,204,0,204,$34.68,0,0.00%,$0.00,$34.68,6,2.86%,$1.02,$35.70,,,,
Lewis High,5/05/2025,30051,Natural Grape Jam(Packet),35,0,35,100,88,0,88,$7.92,0,0.00%,$0.00,$7.92,12,12.00%,$1.08,$9.00,,,,
Lewis High,5/05/2025,30093,Natural Breakfast Syrup(Each),114,0,114,100,99,0,99,$19.80,0,0.00%,$0.00,$19.80,1,1.00%,$0.20,$20.00,,,,
Lewis High,5/05/2025,60096,Strawberry Parfait(Parfait),0,0,0,40,38,0,38,$37.62,0,0.00%,$0.00,$37.62,2,5.00%,$1.98,$39.60,,,,
Liberty Middle,5/05/2025,10020,Bagel(Bagel),0,0,0,12,11,0,11,$3.52,1,8.33%,$0.32,$3.84,0,0.00%,$0.00,$3.84,,,,
Liberty Middle,5/05/2025,10040,Blueberry Muffin Top(Muffin Top),0,0,0,15,15,0,15,$6.30,0,0.00%,$0.00,$6.30,0,0.00%,$0.00,$6.30,,,,
Liberty Middle,5/05/2025,10041,Mini Maple Pancakes(Package),25,0,25,40,30,3,33,$12.87,0,0.00%,$0.00,$12.87,7,17.50%,$2.73,$15.60,,,,
Liberty Middle,5/05/2025,20001,1% White Milk(Each),4,0,4,10,4,0,4,$1.44,0,0.00%,$0.00,$1.44,6,60.00%,$2.16,$3.60,,,,
Liberty Middle,5/05/2025,20009,Cream Cheese(Each),0,0,0,12,11,0,11,$3.19,0,0.00%,$0.00,$3.19,1,8.33%,$0.29,$3.48,,,,
Liberty Middle,5/05/2025,20014,Red Delicious Apple(Each - serving),5,0,5,10,4,0,4,$1.32,0,0.00%,$0.00,$1.32,6,60.00%,$1.98,$3.30,,,,
Liberty Middle,5/05/2025,20016,String Cheese(1 Stick),0,0,0,15,15,0,15,$3.30,0,0.00%,$0.00,$3.30,0,0.00%,$0.00,$3.30,,,,
Liberty Middle,5/05/2025,20017,Orange(6 Slices per 1/2 cup),6,0,6,10,8,0,8,$2.72,0,0.00%,$0.00,$2.72,2,20.00%,$0.68,$3.40,,,,
Liberty Middle,5/05/2025,30003,Honey Cheerios Cereal(Each),3,0,3,6,1,0,1,$0.59,0,0.00%,$0.00,$0.59,5,83.33%,$2.95,$3.54,,,,
Liberty Middle,5/05/2025,30006,Cinnamon Chex Cereal(Each),2,0,2,6,2,0,2,$1.18,0,0.00%,$0.00,$1.18,4,66.67%,$2.36,$3.54,,,,
Liberty Middle,5/05/2025,30007,"Cinnamon Toast Crunch Cereal, 25% Less Sugar(Each)",5,0,5,6,3,0,3,$1.77,0,0.00%,$0.00,$1.77,3,50.00%,$1.77,$3.54,,,,
Liberty Middle,5/05/2025,30008,Apple Juice(Each),33,0,33,35,35,0,35,$5.95,0,0.00%,$0.00,$5.95,0,0.00%,$0.00,$5.95,,,,
Liberty Middle,5/05/2025,30009,Orange Tangerine Juice(Each),27,0,27,40,30,0,30,$5.10,0,0.00%,$0.00,$5.10,10,25.00%,$1.70,$6.80,,,,
Liberty Middle,5/05/2025,30051,Natural Grape Jam(Packet),4,0,4,40,28,0,28,$2.52,0,0.00%,$0.00,$2.52,12,30.00%,$1.08,$3.60,,,,
Liberty Middle,5/05/2025,30093,Natural Breakfast Syrup(Each),27,0,27,40,36,0,36,$7.20,0,0.00%,$0.00,$7.20,4,10.00%,$0.80,$8.00,,,,
Liberty Middle,5/05/2025,30097,Bottled Water(Bottle),0,0,0,4,1,0,1,$0.16,0,0.00%,$0.00,$0.16,3,75.00%,$0.48,$0.64,,,,
Liberty Middle,5/05/2025,30108,Fat Free Unflavored Shelf-Stable Milk(Each),0,0,0,10,2,0,2,$0.76,0,0.00%,$0.00,$0.76,8,80.00%,$3.04,$3.80,,,,
Liberty Middle,5/05/2025,60099,"Parfait, Triple Berry(Parfait)",0,0,0,4,3,0,3,$2.04,0,0.00%,$0.00,$2.04,1,25.00%,$0.68,$2.72,,,,
Little Run Elementary,5/05/2025,10041,Mini Maple Pancakes(Package),52,0,52,47,45,0,45,$17.55,0,0.00%,$0.00,$17.55,2,4.26%,$0.78,$18.33,,,,
Little Run Elementary,5/05/2025,20001,1% White Milk(Each),13,0,13,22,19,0,19,$6.84,0,0.00%,$0.00,$6.84,3,13.64%,$1.08,$7.92,,,,
Little Run Elementary,5/05/2025,20014,Red Delicious Apple(Each - serving),10,0,10,10,7,0,7,$2.31,0,0.00%,$0.00,$2.31,3,30.00%,$0.99,$3.30,,,,
Little Run Elementary,5/05/2025,20038,Fat Free White Milk(Each),5,0,5,10,2,1,3,$0.99,0,0.00%,$0.00,$0.99,7,70.00%,$2.31,$3.30,,,,
Little Run Elementary,5/05/2025,20047,Orange Slices(3 slices per 1/4 cup),2,0,2,2,2,0,2,$0.40,0,0.00%,$0.00,$0.40,0,0.00%,$0.00,$0.40,,,,
Little Run Elementary,5/05/2025,30003,Honey Cheerios Cereal(Each),5,0,5,10,6,1,7,$4.13,0,0.00%,$0.00,$4.13,3,30.00%,$1.77,$5.90,,,,
Little Run Elementary,5/05/2025,30008,Apple Juice(Each),42,0,42,42,36,0,36,$6.12,0,0.00%,$0.00,$6.12,6,14.29%,$1.02,$7.14,,,,
Little Run Elementary,5/05/2025,30009,Orange Tangerine Juice(Each),30,0,30,30,23,0,23,$3.91,0,0.00%,$0.00,$3.91,7,23.33%,$1.19,$5.10,,,,
Little Run Elementary,5/05/2025,30034,Graham Crackers(Package),0,0,0,10,7,1,8,$1.12,0,0.00%,$0.00,$1.12,2,20.00%,$0.28,$1.40,,,,
Little Run Elementary,5/05/2025,30181,"Cereal, Cinnamon Toast Crunch 1 oz (Sub)(Each)",0,0,0,10,7,1,8,$2.56,0,0.00%,$0.00,$2.56,2,20.00%,$0.64,$3.20,,,,
Little Run Elementary,5/05/2025,60034,Mandarin Orange Parfait(Parfait),5,0,5,5,1,0,1,$0.99,0,0.00%,$0.00,$0.99,4,80.00%,$3.96,$4.95,,,,
London Towne Elementary,5/05/2025,10041,Mini Maple Pancakes(Package),190,0,190,216,176,0,176,$68.64,0,0.00%,$0.00,$68.64,40,18.52%,$15.60,$84.24,,,,
London Towne Elementary,5/05/2025,20001,1% White Milk(Each),74,0,74,85,78,0,78,$28.08,0,0.00%,$0.00,$28.08,7,8.24%,$2.52,$30.60,,,,
London Towne Elementary,5/05/2025,20014,Red Delicious Apple(Each - serving),34,0,34,30,29,0,29,$9.57,0,0.00%,$0.00,$9.57,1,3.33%,$0.33,$9.90,,,,
London Towne Elementary,5/05/2025,20038,Fat Free White Milk(Each),7,0,7,10,9,0,9,$2.97,0,0.00%,$0.00,$2.97,1,10.00%,$0.33,$3.30,,,,
London Towne Elementary,5/05/2025,20047,Orange Slices(3 slices per 1/4 cup),35,0,35,41,41,0,41,$8.20,0,0.00%,$0.00,$8.20,0,0.00%,$0.00,$8.20,,,,
London Towne Elementary,5/05/2025,30003,Honey Cheerios Cereal(Each),50,0,50,60,38,0,38,$22.42,0,0.00%,$0.00,$22.42,22,36.67%,$12.98,$35.40,,,,
London Towne Elementary,5/05/2025,30006,Cinnamon Chex Cereal(Each),50,0,50,60,52,0,52,$30.68,0,0.00%,$0.00,$30.68,8,13.33%,$4.72,$35.40,,,,
London Towne Elementary,5/05/2025,30007,"Cinnamon Toast Crunch Cereal, 25% Less Sugar(Each)",50,0,50,12,10,0,10,$5.90,0,0.00%,$0.00,$5.90,2,16.67%,$1.18,$7.08,,,,
London Towne Elementary,5/05/2025,30008,Apple Juice(Each),213,0,213,208,159,0,159,$27.03,0,0.00%,$0.00,$27.03,49,23.56%,$8.33,$35.36,,,,
London Towne Elementary,5/05/2025,30009,Orange Tangerine Juice(Each),37,0,37,92,75,0,75,$12.75,0,0.00%,$0.00,$12.75,17,18.48%,$2.89,$15.64,,,,
London Towne Elementary,5/05/2025,30103,"Milk, Lactose Free,  Fat Free, Shelf-Stable(Each)",0,0,0,4,4,0,4,$1.92,0,0.00%,$0.00,$1.92,0,0.00%,$0.00,$1.92,,,,
London Towne Elementary,5/05/2025,60034,Mandarin Orange Parfait(Parfait),9,0,9,16,16,0,16,$15.84,0,0.00%,$0.00,$15.84,0,0.00%,$0.00,$15.84,,,,
Longfellow Middle,5/05/2025,10020,Bagel(Bagel),0,0,0,28,18,0,18,$5.76,0,0.00%,$0.00,$5.76,10,35.71%,$3.20,$8.96,,,,
Longfellow Middle,5/05/2025,10041,Mini Maple Pancakes(Package),18,0,18,35,24,0,24,$9.36,0,0.00%,$0.00,$9.36,11,31.43%,$4.29,$13.65,,,,
Longfellow Middle,5/05/2025,20001,1% White Milk(Each),10,0,10,50,8,0,8,$2.88,0,0.00%,$0.00,$2.88,42,84.00%,$15.12,$18.00,,,,
Longfellow Middle,5/05/2025,20009,Cream Cheese(Each),0,0,0,28,18,0,18,$5.22,0,0.00%,$0.00,$5.22,10,35.71%,$2.90,$8.12,,,,
Longfellow Middle,5/05/2025,20014,Red Delicious Apple(Each - serving),14,0,14,25,11,0,11,$3.63,0,0.00%,$0.00,$3.63,14,56.00%,$4.62,$8.25,,,,
Longfellow Middle,5/05/2025,20017,Orange(6 Slices per 1/2 cup),9,0,9,20,10,0,10,$3.40,0,0.00%,$0.00,$3.40,10,50.00%,$3.40,$6.80,,,,
Longfellow Middle,5/05/2025,20038,Fat Free White Milk(Each),11,0,11,50,7,0,7,$2.31,0,0.00%,$0.00,$2.31,43,86.00%,$14.19,$16.50,,,,
Longfellow Middle,5/05/2025,30008,Apple Juice(Each),30,0,30,40,16,0,16,$2.72,0,0.00%,$0.00,$2.72,24,60.00%,$4.08,$6.80,,,,
Longfellow Middle,5/05/2025,30009,Orange Tangerine Juice(Each),30,0,30,40,16,0,16,$2.72,0,0.00%,$0.00,$2.72,24,60.00%,$4.08,$6.80,,,,
Longfellow Middle,5/05/2025,30051,Natural Grape Jam(Packet),9,0,9,20,8,0,8,$0.72,0,0.00%,$0.00,$0.72,12,60.00%,$1.08,$1.80,,,,
Longfellow Middle,5/05/2025,30093,Natural Breakfast Syrup(Each),10,0,10,40,15,0,15,$3.00,0,0.00%,$0.00,$3.00,25,62.50%,$5.00,$8.00,,,,
Longfellow Middle,5/05/2025,30181,"Cereal, Cinnamon Toast Crunch 1 oz (Sub)(Each)",0,0,0,10,4,0,4,$1.28,0,0.00%,$0.00,$1.28,6,60.00%,$1.92,$3.20,,,,
Longfellow Middle,5/05/2025,60034,Mandarin Orange Parfait(Parfait),1,0,1,4,0,0,0,$0.00,0,0.00%,$0.00,$0.00,4,100.00%,$0.00,$0.00,,,,
Lorton Station Elementary,5/05/2025,10020,Bagel(Bagel),0,0,0,30,30,0,30,$9.60,0,0.00%,$0.00,$9.60,0,0.00%,$0.00,$9.60,,,,
Lorton Station Elementary,5/05/2025,10041,Mini Maple Pancakes(Package),72,0,72,72,72,0,72,$28.08,0,0.00%,$0.00,$28.08,0,0.00%,$0.00,$28.08,,,,
Lorton Station Elementary,5/05/2025,20001,1% White Milk(Each),33,0,33,30,30,0,30,$10.80,0,0.00%,$0.00,$10.80,0,0.00%,$0.00,$10.80,,,,
Lorton Station Elementary,5/05/2025,20009,Cream Cheese(Each),0,0,0,29,29,0,29,$8.41,0,0.00%,$0.00,$8.41,0,0.00%,$0.00,$8.41,,,,
Lorton Station Elementary,5/05/2025,20014,Red Delicious Apple(Each - serving),50,0,50,50,5,0,5,$1.65,0,0.00%,$0.00,$1.65,45,90.00%,$14.85,$16.50,,,,
Lorton Station Elementary,5/05/2025,20047,Orange Slices(6 Slices per 1/2 cup),33,0,33,30,30,0,30,$12.00,0,0.00%,$0.00,$12.00,0,0.00%,$0.00,$12.00,,,,
Lorton Station Elementary,5/05/2025,30003,Honey Cheerios Cereal(Each),109,0,109,100,97,0,97,$57.23,0,0.00%,$0.00,$57.23,3,3.00%,$1.77,$59.00,,,,
Lorton Station Elementary,5/05/2025,30004,Blueberry Chex Cereal(Each),109,0,109,100,97,0,97,$57.23,0,0.00%,$0.00,$57.23,3,3.00%,$1.77,$59.00,,,,
Lorton Station Elementary,5/05/2025,30008,Apple Juice(Each),300,0,300,280,276,0,276,$46.92,0,0.00%,$0.00,$46.92,4,1.43%,$0.68,$47.60,,,,
Lorton Station Elementary,5/05/2025,30051,Natural Grape Jam(Packet),0,0,0,1,1,0,1,$0.09,0,0.00%,$0.00,$0.09,0,0.00%,$0.00,$0.09,,,,
Lorton Station Elementary,5/05/2025,30102,1% Unflavored Shelf-Stable Milk(Each),0,0,0,60,54,0,54,$20.52,0,0.00%,$0.00,$20.52,6,10.00%,$2.28,$22.80,,,,
Lorton Station Elementary,5/05/2025,30108,Fat Free Unflavored Shelf-Stable Milk(Each),0,0,0,30,27,0,27,$10.26,0,0.00%,$0.00,$10.26,3,10.00%,$1.14,$11.40,,,,
Lorton Station Elementary,5/05/2025,60034,Mandarin Orange Parfait(Parfait),10,0,10,15,10,0,10,$9.90,0,0.00%,$0.00,$9.90,5,33.33%,$4.95,$14.85,,,,
Louise Archer Elementary,5/05/2025,10041,Mini Maple Pancakes(Package),0,0,0,72,54,5,59,$23.01,0,0.00%,$0.00,$23.01,13,18.06%,$5.07,$28.08,,,,
Louise Archer Elementary,5/05/2025,20001,1% White Milk(Each),23,0,23,20,19,0,19,$6.84,0,0.00%,$0.00,$6.84,1,5.00%,$0.36,$7.20,,,,
Louise Archer Elementary,5/05/2025,20014,Red Delicious Apple(Each - serving),23,0,23,25,22,0,22,$7.26,0,0.00%,$0.00,$7.26,3,12.00%,$0.99,$8.25,,,,
Louise Archer Elementary,5/05/2025,20038,Fat Free White Milk(Each),17,0,17,10,8,0,8,$2.64,0,0.00%,$0.00,$2.64,2,20.00%,$0.66,$3.30,,,,
Louise Archer Elementary,5/05/2025,30004,Blueberry Chex Cereal(Each),11,0,11,5,4,0,4,$2.36,0,0.00%,$0.00,$2.36,1,20.00%,$0.59,$2.95,,,,
Louise Archer Elementary,5/05/2025,30006,Cinnamon Chex Cereal(Each),9,0,9,10,6,0,6,$3.54,0,0.00%,$0.00,$3.54,4,40.00%,$2.36,$5.90,,,,
Louise Archer Elementary,5/05/2025,30008,Apple Juice(Each),63,0,63,65,65,0,65,$11.05,0,0.00%,$0.00,$11.05,0,0.00%,$0.00,$11.05,,,,
Louise Archer Elementary,5/05/2025,30009,Orange Tangerine Juice(Each),21,0,21,20,10,0,10,$1.70,0,0.00%,$0.00,$1.70,10,50.00%,$1.70,$3.40,,,,
Louise Archer Elementary,5/05/2025,30034,Graham Crackers(Package),0,0,0,12,10,0,10,$1.40,0,0.00%,$0.00,$1.40,2,16.67%,$0.28,$1.68,,,,
Louise Archer Elementary,5/05/2025,30093,Natural Breakfast Syrup(Each),0,0,0,50,42,0,42,$8.40,0,0.00%,$0.00,$8.40,8,16.00%,$1.60,$10.00,,,,
Louise Archer Elementary,5/05/2025,30181,"Cereal, Cinnamon Toast Crunch 1 oz (Sub)(Each)",0,0,0,12,10,0,10,$3.20,0,0.00%,$0.00,$3.20,2,16.67%,$0.64,$3.84,,,,
Louise Archer Elementary,5/05/2025,60034,Mandarin Orange Parfait(Parfait),1,0,1,5,0,0,0,$0.00,0,0.00%,$0.00,$0.00,5,100.00%,$0.00,$0.00,,,,
Luther Jackson Middle,5/05/2025,10020,Bagel(Bagel),0,0,0,50,48,0,48,$15.36,0,0.00%,$0.00,$15.36,2,4.00%,$0.64,$16.00,,,,
Luther Jackson Middle,5/05/2025,10041,Mini Maple Pancakes(Package),120,0,120,70,56,0,56,$21.84,0,0.00%,$0.00,$21.84,14,20.00%,$5.46,$27.30,,,,
Luther Jackson Middle,5/05/2025,20001,1% White Milk(Each),15,0,15,17,8,0,8,$2.88,0,0.00%,$0.00,$2.88,9,52.94%,$3.24,$6.12,,,,
Luther Jackson Middle,5/05/2025,20009,Cream Cheese(Each),0,0,0,59,46,0,46,$13.34,0,0.00%,$0.00,$13.34,13,22.03%,$3.77,$17.11,,,,
Luther Jackson Middle,5/05/2025,20014,Red Delicious Apple(Each - serving),7,0,7,13,3,0,3,$0.99,0,0.00%,$0.00,$0.99,10,76.92%,$3.30,$4.29,,,,
Luther Jackson Middle,5/05/2025,20017,Orange(Each - serving),3,0,3,24,2,0,2,$0.68,0,0.00%,$0.00,$0.68,22,91.67%,$7.48,$8.16,,,,
Luther Jackson Middle,5/05/2025,20038,Fat Free White Milk(Each),6,0,6,6,2,0,2,$0.66,0,0.00%,$0.00,$0.66,4,66.67%,$1.32,$1.98,,,,
Luther Jackson Middle,5/05/2025,30003,Honey Cheerios Cereal(Each),12,0,12,12,7,0,7,$4.13,0,0.00%,$0.00,$4.13,5,41.67%,$2.95,$7.08,,,,
Luther Jackson Middle,5/05/2025,30004,Blueberry Chex Cereal(Each),12,0,12,12,7,0,7,$4.13,0,0.00%,$0.00,$4.13,5,41.67%,$2.95,$7.08,,,,
Luther Jackson Middle,5/05/2025,30006,Cinnamon Chex Cereal(Each),12,0,12,12,6,0,6,$3.54,0,0.00%,$0.00,$3.54,6,50.00%,$3.54,$7.08,,,,
Luther Jackson Middle,5/05/2025,30007,"Cinnamon Toast Crunch Cereal, 25% Less Sugar(Each)",12,0,12,12,8,0,8,$4.72,0,0.00%,$0.00,$4.72,4,33.33%,$2.36,$7.08,,,,
Luther Jackson Middle,5/05/2025,30008,Apple Juice(Each),80,0,80,80,80,0,80,$13.60,0,0.00%,$0.00,$13.60,0,0.00%,$0.00,$13.60,,,,
Luther Jackson Middle,5/05/2025,30009,Orange Tangerine Juice(Each),80,0,80,80,52,0,52,$8.84,0,0.00%,$0.00,$8.84,28,35.00%,$4.76,$13.60,,,,
Luther Jackson Middle,5/05/2025,30051,Natural Grape Jam(Packet),40,0,40,33,13,0,13,$1.17,0,0.00%,$0.00,$1.17,20,60.61%,$1.80,$2.97,,,,
Luther Jackson Middle,5/05/2025,30093,Natural Breakfast Syrup(Each),100,0,100,65,15,0,15,$3.00,0,0.00%,$0.00,$3.00,50,76.92%,$10.00,$13.00,,,,
Luther Jackson Middle,5/05/2025,60034,Mandarin Orange Parfait(Parfait),10,0,10,8,2,0,2,$1.98,0,0.00%,$0.00,$1.98,6,75.00%,$5.94,$7.92,,,,
Lynbrook Elementary,5/05/2025,10020,Bagel(Bagel),0,0,0,61,57,0,57,$18.24,0,0.00%,$0.00,$18.24,4,6.56%,$1.28,$19.52,,,,
Lynbrook Elementary,5/05/2025,10041,Mini Maple Pancakes(Package),122,0,122,154,116,0,116,$45.24,0,0.00%,$0.00,$45.24,38,24.68%,$14.82,$60.06,,,,
Lynbrook Elementary,5/05/2025,20001,1% White Milk(Each),104,0,104,130,109,0,109,$39.24,0,0.00%,$0.00,$39.24,21,16.15%,$7.56,$46.80,,,,
Lynbrook Elementary,5/05/2025,20009,Cream Cheese(Each),0,0,0,55,51,0,51,$14.79,0,0.00%,$0.00,$14.79,4,7.27%,$1.16,$15.95,,,,
Lynbrook Elementary,5/05/2025,20014,Red Delicious Apple(Each - serving),29,0,29,75,43,0,43,$14.19,0,0.00%,$0.00,$14.19,32,42.67%,$10.56,$24.75,,,,
Lynbrook Elementary,5/05/2025,20038,Fat Free White Milk(Each),48,0,48,60,40,0,40,$13.20,0,0.00%,$0.00,$13.20,20,33.33%,$6.60,$19.80,,,,
Lynbrook Elementary,5/05/2025,20043,"Lactose Free, White Milk(Each)",0,0,0,2,1,0,1,$0.58,0,0.00%,$0.00,$0.58,1,50.00%,$0.58,$1.16,,,,
Lynbrook Elementary,5/05/2025,20047,Orange Slices(3 slices per 1/4 cup),58,0,58,65,60,0,60,$12.00,0,0.00%,$0.00,$12.00,5,7.69%,$1.00,$13.00,,,,
Lynbrook Elementary,5/05/2025,30003,Honey Cheerios Cereal(Each),26,0,26,30,23,0,23,$13.57,0,0.00%,$0.00,$13.57,7,23.33%,$4.13,$17.70,,,,
Lynbrook Elementary,5/05/2025,30004,Blueberry Chex Cereal(Each),25,0,25,30,23,0,23,$13.57,0,0.00%,$0.00,$13.57,7,23.33%,$4.13,$17.70,,,,
Lynbrook Elementary,5/05/2025,30006,Cinnamon Chex Cereal(Each),23,0,23,30,23,0,23,$13.57,0,0.00%,$0.00,$13.57,7,23.33%,$4.13,$17.70,,,,
Lynbrook Elementary,5/05/2025,30007,"Cinnamon Toast Crunch Cereal, 25% Less Sugar(Each)",24,0,24,30,25,0,25,$14.75,0,0.00%,$0.00,$14.75,5,16.67%,$2.95,$17.70,,,,
Lynbrook Elementary,5/05/2025,30008,Apple Juice(Each),259,0,259,312,233,0,233,$39.61,0,0.00%,$0.00,$39.61,79,25.32%,$13.43,$53.04,,,,
Lynbrook Elementary,5/05/2025,60034,Mandarin Orange Parfait(Parfait),18,0,18,30,16,0,16,$15.84,0,0.00%,$0.00,$15.84,14,46.67%,$13.86,$29.70,,,,
MARSHALL HS,5/05/2025,10020,Bagel(Bagel),21,0,21,35,30,0,30,$9.60,0,0.00%,$0.00,$9.60,5,14.29%,$1.60,$11.20,,,,
MARSHALL HS,5/05/2025,10041,Mini Maple Pancakes(Package),0,0,0,50,40,0,40,$15.60,0,0.00%,$0.00,$15.60,10,20.00%,$3.90,$19.50,,,,
MARSHALL HS,5/05/2025,10096,"Batter, Pumpkin Bread(1oz Grain (1/64 Baked Pan))",0,0,0,19,19,0,19,$7.79,0,0.00%,$0.00,$7.79,0,0.00%,$0.00,$7.79,,,,
MARSHALL HS,5/05/2025,20001,1% White Milk(Each),31,0,31,50,26,0,26,$9.36,0,0.00%,$0.00,$9.36,24,48.00%,$8.64,$18.00,,,,
MARSHALL HS,5/05/2025,20009,Cream Cheese(Each),21,0,21,35,30,0,30,$8.70,0,0.00%,$0.00,$8.70,5,14.29%,$1.45,$10.15,,,,
MARSHALL HS,5/05/2025,20014,Red Delicious Apple(Each - serving),40,0,40,60,37,0,37,$12.21,0,0.00%,$0.00,$12.21,23,38.33%,$7.59,$19.80,,,,
MARSHALL HS,5/05/2025,20016,String Cheese(1 Stick),0,0,0,19,19,0,19,$4.18,0,0.00%,$0.00,$4.18,0,0.00%,$0.00,$4.18,,,,
MARSHALL HS,5/05/2025,20038,Fat Free White Milk(Each),12,0,12,11,11,0,11,$3.63,0,0.00%,$0.00,$3.63,0,0.00%,$0.00,$3.63,,,,
MARSHALL HS,5/05/2025,30003,Honey Cheerios Cereal(Each),8,0,8,8,8,0,8,$4.72,0,0.00%,$0.00,$4.72,0,0.00%,$0.00,$4.72,,,,
MARSHALL HS,5/05/2025,30004,Blueberry Chex Cereal(Each),3,0,3,4,2,0,2,$1.18,0,0.00%,$0.00,$1.18,2,50.00%,$1.18,$2.36,,,,
MARSHALL HS,5/05/2025,30006,Cinnamon Chex Cereal(Each),5,0,5,6,5,0,5,$2.95,0,0.00%,$0.00,$2.95,1,16.67%,$0.59,$3.54,,,,
MARSHALL HS,5/05/2025,30007,"Cinnamon Toast Crunch Cereal, 25% Less Sugar(Each)",9,0,9,8,8,0,8,$4.72,0,0.00%,$0.00,$4.72,0,0.00%,$0.00,$4.72,,,,
MARSHALL HS,5/05/2025,30008,Apple Juice(Each),79,0,79,80,76,0,76,$12.92,0,0.00%,$0.00,$12.92,4,5.00%,$0.68,$13.60,,,,
MARSHALL HS,5/05/2025,30009,Orange Tangerine Juice(Each),73,0,73,80,66,0,66,$11.22,0,0.00%,$0.00,$11.22,14,17.50%,$2.38,$13.60,,,,
MARSHALL HS,5/05/2025,30093,Natural Breakfast Syrup(Each),0,0,0,30,23,0,23,$4.60,0,0.00%,$0.00,$4.60,7,23.33%,$1.40,$6.00,,,,
MARSHALL HS,5/05/2025,30196,"Nutri-Grain, Apple Cinnamon(each)",0,0,0,1,1,0,1,$0.45,0,0.00%,$0.00,$0.45,0,0.00%,$0.00,$0.45,,,,
MARSHALL HS,5/05/2025,30197,"Nutri-Grain, Blueberry(each)",0,0,0,3,3,0,3,$1.35,0,0.00%,$0.00,$1.35,0,0.00%,$0.00,$1.35,,,,
MARSHALL HS,5/05/2025,30198,"Nutri-Grain, Strawberry(each)",0,0,0,3,3,0,3,$1.35,0,0.00%,$0.00,$1.35,0,0.00%,$0.00,$1.35,,,,
MARSHALL HS,5/05/2025,60011,Turkey Sausage Breakfast Biscuit(Sandwich),0,0,0,24,22,0,22,$9.68,0,0.00%,$0.00,$9.68,2,8.33%,$0.88,$10.56,,,,
MARSHALL HS,5/05/2025,60034,Mandarin Orange Parfait(Parfait),13,0,13,18,12,0,12,$11.88,0,0.00%,$0.00,$11.88,6,33.33%,$5.94,$17.82,,,,
MT VERNON HS,5/05/2025,10020,Bagel(Bagel),133,0,133,236,229,2,231,$73.92,0,0.00%,$0.00,$73.92,5,2.12%,$1.60,$75.52,,,,
MT VERNON HS,5/05/2025,10021,Apple Cinnamon Bread(1oz Grain (1/64 Baked Pan)),0,0,0,13,13,0,13,$5.33,0,0.00%,$0.00,$5.33,0,0.00%,$0.00,$5.33,,,,
MT VERNON HS,5/05/2025,10041,Mini Maple Pancakes(Package),0,0,0,210,136,0,136,$53.04,0,0.00%,$0.00,$53.04,74,35.24%,$28.86,$81.90,,,,
MT VERNON HS,5/05/2025,20001,1% White Milk(Each),129,0,129,161,91,0,91,$32.76,0,0.00%,$0.00,$32.76,70,43.48%,$25.20,$57.96,,,,
MT VERNON HS,5/05/2025,20009,Cream Cheese(Each),121,0,121,250,230,0,230,$66.70,0,0.00%,$0.00,$66.70,20,8.00%,$5.80,$72.50,,,,
MT VERNON HS,5/05/2025,20014,Red Delicious Apple(Each - serving),43,0,43,50,45,0,45,$14.85,0,0.00%,$0.00,$14.85,5,10.00%,$1.65,$16.50,,,,
MT VERNON HS,5/05/2025,20017,Orange(6 Slices per 1/2 cup),58,0,58,60,52,0,52,$17.68,0,0.00%,$0.00,$17.68,8,13.33%,$2.72,$20.40,,,,
MT VERNON HS,5/05/2025,20038,Fat Free White Milk(Each),7,0,7,15,3,0,3,$0.99,0,0.00%,$0.00,$0.99,12,80.00%,$3.96,$4.95,,,,
MT VERNON HS,5/05/2025,30003,Honey Cheerios Cereal(Each),38,0,38,19,17,0,17,$10.03,0,0.00%,$0.00,$10.03,2,10.53%,$1.18,$11.21,,,,
MT VERNON HS,5/05/2025,30004,Blueberry Chex Cereal(Each),21,0,21,60,8,0,8,$4.72,0,0.00%,$0.00,$4.72,52,86.67%,$30.68,$35.40,,,,
MT VERNON HS,5/05/2025,30006,Cinnamon Chex Cereal(Each),53,0,53,48,48,0,48,$28.32,0,0.00%,$0.00,$28.32,0,0.00%,$0.00,$28.32,,,,
MT VERNON HS,5/05/2025,30007,"Cinnamon Toast Crunch Cereal, 25% Less Sugar(Each)",49,0,49,88,35,0,35,$20.65,1,1.14%,$0.59,$21.24,52,59.09%,$30.68,$51.92,,,,
MT VERNON HS,5/05/2025,30008,Apple Juice(Each),490,0,490,550,509,0,509,$86.53,0,0.00%,$0.00,$86.53,41,7.45%,$6.97,$93.50,,,,
MT VERNON HS,5/05/2025,60034,Mandarin Orange Parfait(Parfait),39,0,39,40,23,0,23,$22.77,0,0.00%,$0.00,$22.77,17,42.50%,$16.83,$39.60,,,,
Madison High,5/05/2025,10020,Bagel(Bagel),15,0,15,10,8,0,8,$2.56,1,10.00%,$0.32,$2.88,1,10.00%,$0.32,$3.20,,,,
Madison High,5/05/2025,10023,Blueberry Bread(1oz Grain (1/64 Baked Pan)),0,0,0,18,8,0,8,$3.28,1,5.56%,$0.41,$3.69,9,50.00%,$3.69,$7.38,,,,
Madison High,5/05/2025,10041,Mini Maple Pancakes(Package),20,0,20,14,8,0,8,$3.12,0,0.00%,$0.00,$3.12,6,42.86%,$2.34,$5.46,,,,
Madison High,5/05/2025,20001,1% White Milk(Each),10,0,10,38,4,0,4,$1.44,34,89.47%,$12.24,$13.68,0,0.00%,$0.00,$13.68,,,,
Madison High,5/05/2025,20009,Cream Cheese(Each),15,0,15,10,2,0,2,$0.58,0,0.00%,$0.00,$0.58,8,80.00%,$2.32,$2.90,,,,
Madison High,5/05/2025,20014,Red Delicious Apple(Each - serving),20,0,20,20,7,0,7,$2.31,0,0.00%,$0.00,$2.31,13,65.00%,$4.29,$6.60,,,,
Madison High,5/05/2025,20038,Fat Free White Milk(Each),4,0,4,44,44,0,44,$14.52,0,0.00%,$0.00,$14.52,0,0.00%,$0.00,$14.52,,,,
Madison High,5/05/2025,30003,Honey Cheerios Cereal(Each),8,0,8,8,5,0,5,$2.95,0,0.00%,$0.00,$2.95,3,37.50%,$1.77,$4.72,,,,
Madison High,5/05/2025,30006,Cinnamon Chex Cereal(Each),8,0,8,8,1,0,1,$0.59,0,0.00%,$0.00,$0.59,7,87.50%,$4.13,$4.72,,,,
Madison High,5/05/2025,30008,Apple Juice(Each),30,0,30,30,17,0,17,$2.89,0,0.00%,$0.00,$2.89,13,43.33%,$2.21,$5.10,,,,
Madison High,5/05/2025,30009,Orange Tangerine Juice(Each),30,0,30,30,6,0,6,$1.02,0,0.00%,$0.00,$1.02,24,80.00%,$4.08,$5.10,,,,
Madison High,5/05/2025,30051,Natural Grape Jam(Packet),12,0,12,10,0,0,0,$0.00,0,0.00%,$0.00,$0.00,10,100.00%,$0.00,$0.00,,,,
Madison High,5/05/2025,30093,Natural Breakfast Syrup(Each),15,0,15,15,6,0,6,$1.20,0,0.00%,$0.00,$1.20,9,60.00%,$1.80,$3.00,,,,
Madison High,5/05/2025,60099,"Parfait, Triple Berry(Parfait)",0,0,0,5,4,0,4,$2.72,1,20.00%,$0.68,$3.40,0,0.00%,$0.00,$3.40,,,,
Madison High,5/05/2025,60169,Strawberry Smoothie(8oz portion),0,0,0,6,0,0,0,$0.00,0,0.00%,$0.00,$0.00,6,100.00%,$0.00,$0.00,,,,
Mantua Elementary,5/05/2025,10041,Mini Maple Pancakes(Package),41,0,41,72,54,0,54,$21.06,0,0.00%,$0.00,$21.06,18,25.00%,$7.02,$28.08,,,,
Mantua Elementary,5/05/2025,20001,1% White Milk(Each),22,0,22,175,23,0,23,$8.28,0,0.00%,$0.00,$8.28,152,86.86%,$54.72,$63.00,,,,
Mantua Elementary,5/05/2025,20038,Fat Free White Milk(Each),4,0,4,16,2,0,2,$0.66,0,0.00%,$0.00,$0.66,14,87.50%,$4.62,$5.28,,,,
Mantua Elementary,5/05/2025,30003,Honey Cheerios Cereal(Each),12,0,12,24,12,0,12,$7.08,0,0.00%,$0.00,$7.08,12,50.00%,$7.08,$14.16,,,,
Mantua Elementary,5/05/2025,30004,Blueberry Chex Cereal(Each),7,0,7,10,3,0,3,$1.77,0,0.00%,$0.00,$1.77,7,70.00%,$4.13,$5.90,,,,
Mantua Elementary,5/05/2025,30006,Cinnamon Chex Cereal(Each),6,0,6,10,4,0,4,$2.36,0,0.00%,$0.00,$2.36,6,60.00%,$3.54,$5.90,,,,
Mantua Elementary,5/05/2025,30007,"Cinnamon Toast Crunch Cereal, 25% Less Sugar(Each)",22,0,22,40,15,0,15,$8.85,0,0.00%,$0.00,$8.85,25,62.50%,$14.75,$23.60,,,,
Mantua Elementary,5/05/2025,30008,Apple Juice(Each),81,0,81,90,64,25,89,$15.13,0,0.00%,$0.00,$15.13,1,1.11%,$0.17,$15.30,,,,
Mantua Elementary,5/05/2025,30009,Orange Tangerine Juice(Each),51,0,51,40,25,8,33,$5.61,0,0.00%,$0.00,$5.61,7,17.50%,$1.19,$6.80,,,,
Mantua Elementary,5/05/2025,60096,Strawberry Parfait(Parfait),0,0,0,4,4,0,4,$3.96,0,0.00%,$0.00,$3.96,0,0.00%,$0.00,$3.96,,,,
Marshall Road Elementary,5/05/2025,10020,Bagel(Bagel),10,0,10,13,12,0,12,$3.84,0,0.00%,$0.00,$3.84,1,7.69%,$0.32,$4.16,,,,
Marshall Road Elementary,5/05/2025,10041,Mini Maple Pancakes(Package),0,0,0,94,85,0,85,$33.15,1,1.06%,$0.39,$33.54,8,8.51%,$3.12,$36.66,,,,
Marshall Road Elementary,5/05/2025,20001,1% White Milk(Each),36,0,36,35,33,0,33,$11.88,0,0.00%,$0.00,$11.88,2,5.71%,$0.72,$12.60,,,,
Marshall Road Elementary,5/05/2025,20009,Cream Cheese(Each),10,0,10,13,12,0,12,$3.48,0,0.00%,$0.00,$3.48,1,7.69%,$0.29,$3.77,,,,
Marshall Road Elementary,5/05/2025,20014,Red Delicious Apple(Each - serving),25,0,25,0,0,0,0,$0.00,0,0.00%,$0.00,$0.00,0,0.00%,$0.00,$0.00,,,,
Marshall Road Elementary,5/05/2025,20015,Golden Delicious Apple(Each),0,0,0,20,18,0,18,$5.58,0,0.00%,$0.00,$5.58,2,10.00%,$0.62,$6.20,,,,
Marshall Road Elementary,5/05/2025,20017,Orange(6 Slices per 1/2 cup),24,0,24,0,0,0,0,$0.00,0,0.00%,$0.00,$0.00,0,0.00%,$0.00,$0.00,,,,
Marshall Road Elementary,5/05/2025,20031,Banana(Each),19,0,19,0,0,0,0,$0.00,0,0.00%,$0.00,$0.00,0,0.00%,$0.00,$0.00,,,,
Marshall Road Elementary,5/05/2025,20038,Fat Free White Milk(Each),18,0,18,20,17,0,17,$5.61,0,0.00%,$0.00,$5.61,3,15.00%,$0.99,$6.60,,,,
Marshall Road Elementary,5/05/2025,20043,"Lactose Free, White Milk(Each)",0,0,0,1,1,0,1,$0.58,0,0.00%,$0.00,$0.58,0,0.00%,$0.00,$0.58,,,,
Marshall Road Elementary,5/05/2025,20047,Orange Slices(3 slices per 1/4 cup),12,0,12,13,12,0,12,$2.40,0,0.00%,$0.00,$2.40,1,7.69%,$0.20,$2.60,,,,
Marshall Road Elementary,5/05/2025,30003,Honey Cheerios Cereal(Each),16,0,16,12,9,0,9,$5.31,0,0.00%,$0.00,$5.31,3,25.00%,$1.77,$7.08,,,,
Marshall Road Elementary,5/05/2025,30004,Blueberry Chex Cereal(Each),15,0,15,8,7,0,7,$4.13,0,0.00%,$0.00,$4.13,1,12.50%,$0.59,$4.72,,,,
Marshall Road Elementary,5/05/2025,30006,Cinnamon Chex Cereal(Each),6,0,6,12,12,0,12,$7.08,0,0.00%,$0.00,$7.08,0,0.00%,$0.00,$7.08,,,,
Marshall Road Elementary,5/05/2025,30007,"Cinnamon Toast Crunch Cereal, 25% Less Sugar(Each)",21,0,21,16,10,0,10,$5.90,2,12.50%,$1.18,$7.08,4,25.00%,$2.36,$9.44,,,,
Marshall Road Elementary,5/05/2025,30008,Apple Juice(Each),51,0,51,51,51,0,51,$8.67,0,0.00%,$0.00,$8.67,0,0.00%,$0.00,$8.67,,,,
Marshall Road Elementary,5/05/2025,30009,Orange Tangerine Juice(Each),35,0,35,60,57,0,57,$9.69,0,0.00%,$0.00,$9.69,3,5.00%,$0.51,$10.20,,,,
Marshall Road Elementary,5/05/2025,60034,Mandarin Orange Parfait(Parfait),8,0,8,5,5,0,5,$4.95,0,0.00%,$0.00,$4.95,0,0.00%,$0.00,$4.95,,,,
Mason Crest Elementary,5/05/2025,10020,Bagel(Bagel),0,0,0,78,76,0,76,$24.32,2,2.56%,$0.64,$24.96,0,0.00%,$0.00,$24.96,,,,
Mason Crest Elementary,5/05/2025,10041,Mini Maple Pancakes(Package),100,0,100,101,96,1,97,$37.83,2,1.98%,$0.78,$38.61,2,1.98%,$0.78,$39.39,,,,
Mason Crest Elementary,5/05/2025,20001,1% White Milk(Each),157,0,157,145,136,0,136,$48.96,2,1.38%,$0.72,$49.68,7,4.83%,$2.52,$52.20,,,,
Mason Crest Elementary,5/05/2025,20009,Cream Cheese(Each),0,0,0,78,76,0,76,$22.04,2,2.56%,$0.58,$22.62,0,0.00%,$0.00,$22.62,,,,
Mason Crest Elementary,5/05/2025,20014,Red Delicious Apple(Each - serving),30,0,30,40,35,0,35,$11.55,0,0.00%,$0.00,$11.55,5,12.50%,$1.65,$13.20,,,,
Mason Crest Elementary,5/05/2025,20017,Orange(6 Slices per 1/2 cup),30,0,30,30,20,0,20,$6.80,0,0.00%,$0.00,$6.80,10,33.33%,$3.40,$10.20,,,,
Mason Crest Elementary,5/05/2025,20031,Banana(Each),30,0,30,10,0,0,0,$0.00,0,0.00%,$0.00,$0.00,10,100.00%,$0.00,$0.00,,,,
Mason Crest Elementary,5/05/2025,20038,Fat Free White Milk(Each),20,0,20,20,5,0,5,$1.65,0,0.00%,$0.00,$1.65,15,75.00%,$4.95,$6.60,,,,
Mason Crest Elementary,5/05/2025,20047,Orange Slices(6 Slices per 1/2 cup),72,0,72,72,70,0,70,$28.00,2,2.78%,$0.80,$28.80,0,0.00%,$0.00,$28.80,,,,
Mason Crest Elementary,5/05/2025,30003,Honey Cheerios Cereal(Each),20,0,20,10,0,0,0,$0.00,0,0.00%,$0.00,$0.00,10,100.00%,$0.00,$0.00,,,,
Mason Crest Elementary,5/05/2025,30004,Blueberry Chex Cereal(Each),10,0,10,10,0,0,0,$0.00,0,0.00%,$0.00,$0.00,10,100.00%,$0.00,$0.00,,,,
Mason Crest Elementary,5/05/2025,30006,Cinnamon Chex Cereal(Each),40,0,40,60,47,0,47,$27.73,1,1.67%,$0.59,$28.32,12,20.00%,$7.08,$35.40,,,,
Mason Crest Elementary,5/05/2025,30007,"Cinnamon Toast Crunch Cereal, 25% Less Sugar(Each)",20,0,20,10,0,0,0,$0.00,0,0.00%,$0.00,$0.00,10,100.00%,$0.00,$0.00,,,,
Mason Crest Elementary,5/05/2025,30008,Apple Juice(Each),135,0,135,126,112,2,114,$19.38,0,0.00%,$0.00,$19.38,12,9.52%,$2.04,$21.42,,,,
Mason Crest Elementary,5/05/2025,30009,Orange Tangerine Juice(Each),50,0,50,50,40,0,40,$6.80,0,0.00%,$0.00,$6.80,10,20.00%,$1.70,$8.50,,,,
Mason Crest Elementary,5/05/2025,30093,Natural Breakfast Syrup(Each),0,0,0,20,0,0,0,$0.00,0,0.00%,$0.00,$0.00,20,100.00%,$0.00,$0.00,,,,
Mason Crest Elementary,5/05/2025,30103,"Milk, Lactose Free,  Fat Free, Shelf-Stable(Each)",0,0,0,3,3,0,3,$1.44,0,0.00%,$0.00,$1.44,0,0.00%,$0.00,$1.44,,,,
Mason Crest Elementary,5/05/2025,60034,Mandarin Orange Parfait(Parfait),5,0,5,5,3,0,3,$2.97,0,0.00%,$0.00,$2.97,2,40.00%,$1.98,$4.95,,,,
McLean High,5/05/2025,10021,Apple Cinnamon Bread(1oz Grain (1/64 Baked Pan)),0,0,0,11,11,0,11,$4.51,0,0.00%,$0.00,$4.51,0,0.00%,$0.00,$4.51,,,,
McLean High,5/05/2025,10041,Mini Maple Pancakes(Package),160,0,160,148,148,0,148,$57.72,0,0.00%,$0.00,$57.72,0,0.00%,$0.00,$57.72,,,,
McLean High,5/05/2025,20001,1% White Milk(Each),56,0,56,56,32,0,32,$11.52,0,0.00%,$0.00,$11.52,24,42.86%,$8.64,$20.16,,,,
McLean High,5/05/2025,20014,Red Delicious Apple(Each - serving),30,0,30,30,18,0,18,$5.94,0,0.00%,$0.00,$5.94,12,40.00%,$3.96,$9.90,,,,
McLean High,5/05/2025,20017,Orange(6 Slices per 1/2 cup),30,0,30,30,20,0,20,$6.80,0,0.00%,$0.00,$6.80,10,33.33%,$3.40,$10.20,,,,
McLean High,5/05/2025,20038,Fat Free White Milk(Each),46,0,46,46,6,0,6,$1.98,0,0.00%,$0.00,$1.98,40,86.96%,$13.20,$15.18,,,,
McLean High,5/05/2025,30003,Honey Cheerios Cereal(Each),6,0,6,6,3,0,3,$1.77,0,0.00%,$0.00,$1.77,3,50.00%,$1.77,$3.54,,,,
McLean High,5/05/2025,30004,Blueberry Chex Cereal(Each),6,0,6,6,6,0,6,$3.54,0,0.00%,$0.00,$3.54,0,0.00%,$0.00,$3.54,,,,
McLean High,5/05/2025,30006,Cinnamon Chex Cereal(Each),6,0,6,6,6,0,6,$3.54,0,0.00%,$0.00,$3.54,0,0.00%,$0.00,$3.54,,,,
McLean High,5/05/2025,30007,"Cinnamon Toast Crunch Cereal, 25% Less Sugar(Each)",12,0,12,16,16,0,16,$9.44,0,0.00%,$0.00,$9.44,0,0.00%,$0.00,$9.44,,,,
McLean High,5/05/2025,30008,Apple Juice(Each),102,0,102,74,74,0,74,$12.58,0,0.00%,$0.00,$12.58,0,0.00%,$0.00,$12.58,,,,
McLean High,5/05/2025,30009,Orange Tangerine Juice(Each),102,0,102,74,66,0,66,$11.22,0,0.00%,$0.00,$11.22,8,10.81%,$1.36,$12.58,,,,
McLean High,5/05/2025,30051,Natural Grape Jam(Packet),80,0,80,80,68,0,68,$6.12,0,0.00%,$0.00,$6.12,12,15.00%,$1.08,$7.20,,,,
McLean High,5/05/2025,30093,Natural Breakfast Syrup(Each),160,0,160,148,142,0,142,$28.40,0,0.00%,$0.00,$28.40,6,4.05%,$1.20,$29.60,,,,
McLean High,5/05/2025,60034,Mandarin Orange Parfait(Parfait),20,0,20,16,14,0,14,$13.86,0,0.00%,$0.00,$13.86,2,12.50%,$1.98,$15.84,,,,
McNair Elementary,5/05/2025,10020,Bagel(Bagel),82,0,82,83,83,0,83,$26.56,0,0.00%,$0.00,$26.56,0,0.00%,$0.00,$26.56,,,,
McNair Elementary,5/05/2025,10041,Mini Maple Pancakes(Package),0,0,0,30,29,0,29,$11.31,1,3.33%,$0.39,$11.70,0,0.00%,$0.00,$11.70,,,,
McNair Elementary,5/05/2025,20001,1% White Milk(Each),109,0,109,86,86,0,86,$30.96,0,0.00%,$0.00,$30.96,0,0.00%,$0.00,$30.96,,,,
McNair Elementary,5/05/2025,20009,Cream Cheese(Each),82,0,82,83,83,0,83,$24.07,0,0.00%,$0.00,$24.07,0,0.00%,$0.00,$24.07,,,,
McNair Elementary,5/05/2025,20015,Golden Delicious Apple(Each),0,0,0,25,20,0,20,$6.20,0,0.00%,$0.00,$6.20,5,20.00%,$1.55,$7.75,,,,
McNair Elementary,5/05/2025,20038,Fat Free White Milk(Each),17,0,17,52,24,0,24,$7.92,0,0.00%,$0.00,$7.92,28,53.85%,$9.24,$17.16,,,,
McNair Elementary,5/05/2025,20047,Orange Slices(3 slices per 1/4 cup),83,0,83,84,84,0,84,$16.80,0,0.00%,$0.00,$16.80,0,0.00%,$0.00,$16.80,,,,
McNair Elementary,5/05/2025,30004,Blueberry Chex Cereal(Each),0,0,0,1,1,0,1,$0.59,0,0.00%,$0.00,$0.59,0,0.00%,$0.00,$0.59,,,,
McNair Elementary,5/05/2025,30006,Cinnamon Chex Cereal(Each),11,0,11,48,14,0,14,$8.26,0,0.00%,$0.00,$8.26,34,70.83%,$20.06,$28.32,,,,
McNair Elementary,5/05/2025,30007,"Cinnamon Toast Crunch Cereal, 25% Less Sugar(Each)",8,0,8,48,23,0,23,$13.57,0,0.00%,$0.00,$13.57,25,52.08%,$14.75,$28.32,,,,
McNair Elementary,5/05/2025,30008,Apple Juice(Each),52,0,52,77,65,0,65,$11.05,0,0.00%,$0.00,$11.05,12,15.58%,$2.04,$13.09,,,,
McNair Elementary,5/05/2025,30009,Orange Tangerine Juice(Each),25,0,25,15,15,0,15,$2.55,0,0.00%,$0.00,$2.55,0,0.00%,$0.00,$2.55,,,,
McNair Elementary,5/05/2025,30051,Natural Grape Jam(Packet),0,0,0,30,20,0,20,$1.80,0,0.00%,$0.00,$1.80,10,33.33%,$0.90,$2.70,,,,
McNair Elementary,5/05/2025,30103,"Milk, Lactose Free,  Fat Free, Shelf-Stable(Each)",0,0,0,3,3,0,3,$1.44,0,0.00%,$0.00,$1.44,0,0.00%,$0.00,$1.44,,,,
McNair Elementary,5/05/2025,30188,"Milk, Soy, Plain, Bulk (12/32 oz)(1 cup)",0,0,0,2,2,0,2,$1.58,0,0.00%,$0.00,$1.58,0,0.00%,$0.00,$1.58,,,,
McNair Elementary,5/05/2025,60034,Mandarin Orange Parfait(Parfait),6,0,6,9,8,0,8,$7.92,0,0.00%,$0.00,$7.92,1,11.11%,$0.99,$8.91,,,,
McNair Upper Elementary,5/05/2025,10041,Mini Maple Pancakes(Package),0,0,0,60,57,0,57,$22.23,3,5.00%,$1.17,$23.40,0,0.00%,$0.00,$23.40,,,,
McNair Upper Elementary,5/05/2025,20001,1% White Milk(Each),21,0,21,64,13,0,13,$4.68,0,0.00%,$0.00,$4.68,51,79.69%,$18.36,$23.04,,,,
McNair Upper Elementary,5/05/2025,20014,Red Delicious Apple(Each - serving),10,0,10,19,14,0,14,$4.62,0,0.00%,$0.00,$4.62,5,26.32%,$1.65,$6.27,,,,
McNair Upper Elementary,5/05/2025,20038,Fat Free White Milk(Each),7,0,7,17,3,0,3,$0.99,0,0.00%,$0.00,$0.99,14,82.35%,$4.62,$5.61,,,,
McNair Upper Elementary,5/05/2025,20043,"Lactose Free, White Milk(Each)",0,0,0,6,3,0,3,$1.74,0,0.00%,$0.00,$1.74,3,50.00%,$1.74,$3.48,,,,
McNair Upper Elementary,5/05/2025,30003,Honey Cheerios Cereal(Each),8,0,8,17,5,0,5,$2.95,0,0.00%,$0.00,$2.95,12,70.59%,$7.08,$10.03,,,,
McNair Upper Elementary,5/05/2025,30004,Blueberry Chex Cereal(Each),10,0,10,17,5,0,5,$2.95,0,0.00%,$0.00,$2.95,12,70.59%,$7.08,$10.03,,,,
McNair Upper Elementary,5/05/2025,30006,Cinnamon Chex Cereal(Each),13,0,13,17,7,0,7,$4.13,0,0.00%,$0.00,$4.13,10,58.82%,$5.90,$10.03,,,,
McNair Upper Elementary,5/05/2025,30007,"Cinnamon Toast Crunch Cereal, 25% Less Sugar(Each)",15,0,15,17,8,0,8,$4.72,0,0.00%,$0.00,$4.72,9,52.94%,$5.31,$10.03,,,,
McNair Upper Elementary,5/05/2025,30008,Apple Juice(Each),49,0,49,68,64,0,64,$10.88,0,0.00%,$0.00,$10.88,4,5.88%,$0.68,$11.56,,,,
McNair Upper Elementary,5/05/2025,30009,Orange Tangerine Juice(Each),29,0,29,14,14,0,14,$2.38,0,0.00%,$0.00,$2.38,0,0.00%,$0.00,$2.38,,,,
McNair Upper Elementary,5/05/2025,60034,Mandarin Orange Parfait(Parfait),4,0,4,5,5,0,5,$4.95,0,0.00%,$0.00,$4.95,0,0.00%,$0.00,$4.95,,,,
Mosaic Elementary,5/05/2025,10020,Bagel(Bagel),44,0,44,62,58,0,58,$18.56,0,0.00%,$0.00,$18.56,4,6.45%,$1.28,$19.84,,,,
Mosaic Elementary,5/05/2025,10041,Mini Maple Pancakes(Package),0,0,0,49,49,0,49,$19.11,0,0.00%,$0.00,$19.11,0,0.00%,$0.00,$19.11,,,,
Mosaic Elementary,5/05/2025,20001,1% White Milk(Each),74,0,74,116,65,0,65,$23.40,0,0.00%,$0.00,$23.40,51,43.97%,$18.36,$41.76,,,,
Mosaic Elementary,5/05/2025,20009,Cream Cheese(Each),55,0,55,62,58,0,58,$16.82,0,0.00%,$0.00,$16.82,4,6.45%,$1.16,$17.98,,,,
Mosaic Elementary,5/05/2025,20014,Red Delicious Apple(Each - serving),26,0,26,25,19,0,19,$6.27,0,0.00%,$0.00,$6.27,6,24.00%,$1.98,$8.25,,,,
Mosaic Elementary,5/05/2025,20038,Fat Free White Milk(Each),14,0,14,20,11,0,11,$3.63,0,0.00%,$0.00,$3.63,9,45.00%,$2.97,$6.60,,,,
Mosaic Elementary,5/05/2025,20047,Orange Slices(3 slices per 1/4 cup),17,0,17,17,17,0,17,$3.40,0,0.00%,$0.00,$3.40,0,0.00%,$0.00,$3.40,,,,
Mosaic Elementary,5/05/2025,30004,Blueberry Chex Cereal(Each),9,0,9,10,2,0,2,$1.18,0,0.00%,$0.00,$1.18,8,80.00%,$4.72,$5.90,,,,
Mosaic Elementary,5/05/2025,30006,Cinnamon Chex Cereal(Each),7,0,7,10,10,0,10,$5.90,0,0.00%,$0.00,$5.90,0,0.00%,$0.00,$5.90,,,,
Mosaic Elementary,5/05/2025,30007,"Cinnamon Toast Crunch Cereal, 25% Less Sugar(Each)",6,0,6,10,2,0,2,$1.18,0,0.00%,$0.00,$1.18,8,80.00%,$4.72,$5.90,,,,
Mosaic Elementary,5/05/2025,30008,Apple Juice(Each),62,0,62,80,55,0,55,$9.35,0,0.00%,$0.00,$9.35,25,31.25%,$4.25,$13.60,,,,
Mosaic Elementary,5/05/2025,30009,Orange Tangerine Juice(Each),17,0,17,40,27,0,27,$4.59,0,0.00%,$0.00,$4.59,13,32.50%,$2.21,$6.80,,,,
Mosaic Elementary,5/05/2025,30188,"Milk, Soy, Plain, Bulk (12/32 oz)(1 cup)",0,0,0,1,1,0,1,$0.79,0,0.00%,$0.00,$0.79,0,0.00%,$0.00,$0.79,,,,
Mosaic Elementary,5/05/2025,60034,Mandarin Orange Parfait(Parfait),3,0,3,3,2,0,2,$1.98,1,33.33%,$0.99,$2.97,0,0.00%,$0.00,$2.97,,,,
Mount Eagle Elementary,5/05/2025,10041,Mini Maple Pancakes(Package),124,0,124,178,178,0,178,$69.42,0,0.00%,$0.00,$69.42,0,0.00%,$0.00,$69.42,,,,
Mount Eagle Elementary,5/05/2025,20001,1% White Milk(Each),68,0,68,78,78,0,78,$28.08,0,0.00%,$0.00,$28.08,0,0.00%,$0.00,$28.08,,,,
Mount Eagle Elementary,5/05/2025,20014,Red Delicious Apple(Each - serving),42,0,42,75,75,0,75,$24.75,0,0.00%,$0.00,$24.75,0,0.00%,$0.00,$24.75,,,,
Mount Eagle Elementary,5/05/2025,20038,Fat Free White Milk(Each),3,0,3,5,5,0,5,$1.65,0,0.00%,$0.00,$1.65,0,0.00%,$0.00,$1.65,,,,
Mount Eagle Elementary,5/05/2025,20047,Orange Slices(3 slices per 1/4 cup),16,0,16,18,18,0,18,$3.60,0,0.00%,$0.00,$3.60,0,0.00%,$0.00,$3.60,,,,
Mount Eagle Elementary,5/05/2025,30003,Honey Cheerios Cereal(Each),31,0,31,20,18,0,18,$10.62,0,0.00%,$0.00,$10.62,2,10.00%,$1.18,$11.80,,,,
Mount Eagle Elementary,5/05/2025,30008,Apple Juice(Each),100,0,100,120,120,0,120,$20.40,0,0.00%,$0.00,$20.40,0,0.00%,$0.00,$20.40,,,,
Mount Eagle Elementary,5/05/2025,30009,Orange Tangerine Juice(Each),90,0,90,120,120,0,120,$20.40,0,0.00%,$0.00,$20.40,0,0.00%,$0.00,$20.40,,,,
Mt. Vernon Woods Elementary,5/05/2025,10020,Bagel(Bagel),0,0,0,41,41,0,41,$13.12,0,0.00%,$0.00,$13.12,0,0.00%,$0.00,$13.12,,,,
Mt. Vernon Woods Elementary,5/05/2025,10041,Mini Maple Pancakes(Package),97,0,97,92,90,0,90,$35.10,0,0.00%,$0.00,$35.10,2,2.17%,$0.78,$35.88,,,,
Mt. Vernon Woods Elementary,5/05/2025,20001,1% White Milk(Each),115,0,115,139,109,0,109,$39.24,0,0.00%,$0.00,$39.24,30,21.58%,$10.80,$50.04,,,,
Mt. Vernon Woods Elementary,5/05/2025,20009,Cream Cheese(Each),0,0,0,41,41,0,41,$11.89,0,0.00%,$0.00,$11.89,0,0.00%,$0.00,$11.89,,,,
Mt. Vernon Woods Elementary,5/05/2025,20014,Red Delicious Apple(Each - serving),31,0,31,45,33,0,33,$10.89,0,0.00%,$0.00,$10.89,12,26.67%,$3.96,$14.85,,,,
Mt. Vernon Woods Elementary,5/05/2025,20043,"Lactose Free, White Milk(Each)",0,0,0,28,14,0,14,$8.12,0,0.00%,$0.00,$8.12,14,50.00%,$8.12,$16.24,,,,
Mt. Vernon Woods Elementary,5/05/2025,20047,Orange Slices(3 slices per 1/4 cup),41,0,41,41,41,0,41,$8.20,0,0.00%,$0.00,$8.20,0,0.00%,$0.00,$8.20,,,,
Mt. Vernon Woods Elementary,5/05/2025,30003,Honey Cheerios Cereal(Each),25,0,25,42,21,0,21,$12.39,0,0.00%,$0.00,$12.39,21,50.00%,$12.39,$24.78,,,,
Mt. Vernon Woods Elementary,5/05/2025,30004,Blueberry Chex Cereal(Each),17,0,17,42,16,0,16,$9.44,0,0.00%,$0.00,$9.44,26,61.90%,$15.34,$24.78,,,,
Mt. Vernon Woods Elementary,5/05/2025,30006,Cinnamon Chex Cereal(Each),24,0,24,42,16,0,16,$9.44,0,0.00%,$0.00,$9.44,26,61.90%,$15.34,$24.78,,,,
Mt. Vernon Woods Elementary,5/05/2025,30007,"Cinnamon Toast Crunch Cereal, 25% Less Sugar(Each)",57,0,57,69,50,0,50,$29.50,0,0.00%,$0.00,$29.50,19,27.54%,$11.21,$40.71,,,,
Mt. Vernon Woods Elementary,5/05/2025,30008,Apple Juice(Each),165,0,165,220,156,0,156,$26.52,0,0.00%,$0.00,$26.52,64,29.09%,$10.88,$37.40,,,,
Mt. Vernon Woods Elementary,5/05/2025,30009,Orange Tangerine Juice(Each),61,0,61,78,53,0,53,$9.01,0,0.00%,$0.00,$9.01,25,32.05%,$4.25,$13.26,,,,
Mt. Vernon Woods Elementary,5/05/2025,60099,"Parfait, Triple Berry(Parfait)",0,0,0,10,6,0,6,$4.08,0,0.00%,$0.00,$4.08,4,40.00%,$2.72,$6.80,,,,
Navy Elementary,5/05/2025,10020,Bagel(Bagel),40,0,40,5,5,0,5,$1.60,0,0.00%,$0.00,$1.60,0,0.00%,$0.00,$1.60,,,,
Navy Elementary,5/05/2025,10041,Mini Maple Pancakes(Package),0,0,0,50,37,0,37,$14.43,0,0.00%,$0.00,$14.43,13,26.00%,$5.07,$19.50,,,,
Navy Elementary,5/05/2025,20001,1% White Milk(Each),10,0,10,10,9,0,9,$3.24,0,0.00%,$0.00,$3.24,1,10.00%,$0.36,$3.60,,,,
Navy Elementary,5/05/2025,20009,Cream Cheese(Each),40,0,40,5,0,0,0,$0.00,0,0.00%,$0.00,$0.00,5,100.00%,$0.00,$0.00,,,,
Navy Elementary,5/05/2025,20014,Red Delicious Apple(Each - serving),7,0,7,10,10,0,10,$3.30,0,0.00%,$0.00,$3.30,0,0.00%,$0.00,$3.30,,,,
Navy Elementary,5/05/2025,20038,Fat Free White Milk(Each),7,0,7,10,6,0,6,$1.98,0,0.00%,$0.00,$1.98,4,40.00%,$1.32,$3.30,,,,
Navy Elementary,5/05/2025,30003,Honey Cheerios Cereal(Each),5,0,5,5,4,0,4,$2.36,0,0.00%,$0.00,$2.36,1,20.00%,$0.59,$2.95,,,,
Navy Elementary,5/05/2025,30004,Blueberry Chex Cereal(Each),3,0,3,3,1,0,1,$0.59,0,0.00%,$0.00,$0.59,2,66.67%,$1.18,$1.77,,,,
Navy Elementary,5/05/2025,30006,Cinnamon Chex Cereal(Each),10,0,10,5,5,0,5,$2.95,0,0.00%,$0.00,$2.95,0,0.00%,$0.00,$2.95,,,,
Navy Elementary,5/05/2025,30007,"Cinnamon Toast Crunch Cereal, 25% Less Sugar(Each)",10,0,10,10,4,0,4,$2.36,0,0.00%,$0.00,$2.36,6,60.00%,$3.54,$5.90,,,,
Navy Elementary,5/05/2025,30008,Apple Juice(Each),36,0,36,40,39,0,39,$6.63,0,0.00%,$0.00,$6.63,1,2.50%,$0.17,$6.80,,,,
Navy Elementary,5/05/2025,30009,Orange Tangerine Juice(Each),20,0,20,30,15,0,15,$2.55,0,0.00%,$0.00,$2.55,15,50.00%,$2.55,$5.10,,,,
Navy Elementary,5/05/2025,60034,Mandarin Orange Parfait(Parfait),6,0,6,3,3,0,3,$2.97,0,0.00%,$0.00,$2.97,0,0.00%,$0.00,$2.97,,,,
Newington Forest Elementary,5/05/2025,10021,Apple Cinnamon Bread(1oz Grain (1/64 Baked Pan)),0,0,0,18,17,0,17,$6.97,1,5.56%,$0.41,$7.38,0,0.00%,$0.00,$7.38,,,,
Newington Forest Elementary,5/05/2025,10041,Mini Maple Pancakes(Package),60,0,60,60,47,0,47,$18.33,0,0.00%,$0.00,$18.33,13,21.67%,$5.07,$23.40,,,,
Newington Forest Elementary,5/05/2025,20001,1% White Milk(Each),50,0,50,50,23,0,23,$8.28,0,0.00%,$0.00,$8.28,27,54.00%,$9.72,$18.00,,,,
Newington Forest Elementary,5/05/2025,20014,Red Delicious Apple(Each - serving),20,0,20,20,14,0,14,$4.62,0,0.00%,$0.00,$4.62,6,30.00%,$1.98,$6.60,,,,
Newington Forest Elementary,5/05/2025,20017,Orange(6 Slices per 1/2 cup),20,0,20,0,0,0,0,$0.00,0,0.00%,$0.00,$0.00,0,0.00%,$0.00,$0.00,,,,
Newington Forest Elementary,5/05/2025,20031,Banana(Each),20,0,20,0,0,0,0,$0.00,0,0.00%,$0.00,$0.00,0,0.00%,$0.00,$0.00,,,,
Newington Forest Elementary,5/05/2025,20038,Fat Free White Milk(Each),25,0,25,25,11,0,11,$3.63,0,0.00%,$0.00,$3.63,14,56.00%,$4.62,$8.25,,,,
Newington Forest Elementary,5/05/2025,30003,Honey Cheerios Cereal(Each),30,0,30,30,6,0,6,$3.54,0,0.00%,$0.00,$3.54,24,80.00%,$14.16,$17.70,,,,
Newington Forest Elementary,5/05/2025,30004,Blueberry Chex Cereal(Each),30,0,30,30,7,0,7,$4.13,0,0.00%,$0.00,$4.13,23,76.67%,$13.57,$17.70,,,,
Newington Forest Elementary,5/05/2025,30006,Cinnamon Chex Cereal(Each),30,0,30,30,13,0,13,$7.67,0,0.00%,$0.00,$7.67,17,56.67%,$10.03,$17.70,,,,
Newington Forest Elementary,5/05/2025,30007,"Cinnamon Toast Crunch Cereal, 25% Less Sugar(Each)",30,0,30,30,13,0,13,$7.67,0,0.00%,$0.00,$7.67,17,56.67%,$10.03,$17.70,,,,
Newington Forest Elementary,5/05/2025,30008,Apple Juice(Each),60,0,60,40,40,0,40,$6.80,0,0.00%,$0.00,$6.80,0,0.00%,$0.00,$6.80,,,,
Newington Forest Elementary,5/05/2025,30009,Orange Tangerine Juice(Each),40,0,40,80,65,0,65,$11.05,0,0.00%,$0.00,$11.05,15,18.75%,$2.55,$13.60,,,,
Newington Forest Elementary,5/05/2025,30051,Natural Grape Jam(Packet),60,0,60,30,12,0,12,$1.08,0,0.00%,$0.00,$1.08,18,60.00%,$1.62,$2.70,,,,
Newington Forest Elementary,5/05/2025,30093,Natural Breakfast Syrup(Each),0,0,0,30,24,0,24,$4.80,0,0.00%,$0.00,$4.80,6,20.00%,$1.20,$6.00,,,,
Newington Forest Elementary,5/05/2025,60034,Mandarin Orange Parfait(Parfait),15,0,15,12,5,0,5,$4.95,0,0.00%,$0.00,$4.95,7,58.33%,$6.93,$11.88,,,,
North Springfield Elementary,5/05/2025,10041,Mini Maple Pancakes(Package),0,0,0,94,81,0,81,$31.59,0,0.00%,$0.00,$31.59,13,13.83%,$5.07,$36.66,,,,
North Springfield Elementary,5/05/2025,20001,1% White Milk(Each),52,0,52,56,44,0,44,$15.84,0,0.00%,$0.00,$15.84,12,21.43%,$4.32,$20.16,,,,
North Springfield Elementary,5/05/2025,20014,Red Delicious Apple(Each - serving),29,0,29,40,30,0,30,$9.90,0,0.00%,$0.00,$9.90,10,25.00%,$3.30,$13.20,,,,
North Springfield Elementary,5/05/2025,20038,Fat Free White Milk(Each),9,0,9,11,9,0,9,$2.97,0,0.00%,$0.00,$2.97,2,18.18%,$0.66,$3.63,,,,
North Springfield Elementary,5/05/2025,20043,"Lactose Free, White Milk(Each)",0,0,0,2,2,0,2,$1.16,0,0.00%,$0.00,$1.16,0,0.00%,$0.00,$1.16,,,,
North Springfield Elementary,5/05/2025,20047,Orange Slices(3 slices per 1/4 cup),34,0,34,34,34,0,34,$6.80,0,0.00%,$0.00,$6.80,0,0.00%,$0.00,$6.80,,,,
North Springfield Elementary,5/05/2025,30004,Blueberry Chex Cereal(Each),11,0,11,12,4,0,4,$2.36,0,0.00%,$0.00,$2.36,8,66.67%,$4.72,$7.08,,,,
North Springfield Elementary,5/05/2025,30007,"Cinnamon Toast Crunch Cereal, 25% Less Sugar(Each)",13,0,13,12,12,0,12,$7.08,0,0.00%,$0.00,$7.08,0,0.00%,$0.00,$7.08,,,,
North Springfield Elementary,5/05/2025,30008,Apple Juice(Each),43,0,43,40,40,0,40,$6.80,0,0.00%,$0.00,$6.80,0,0.00%,$0.00,$6.80,,,,
North Springfield Elementary,5/05/2025,30009,Orange Tangerine Juice(Each),35,0,35,40,20,0,20,$3.40,0,0.00%,$0.00,$3.40,20,50.00%,$3.40,$6.80,,,,
Oak Hill Elementary,5/05/2025,10041,Mini Maple Pancakes(Package),29,0,29,41,41,0,41,$15.99,0,0.00%,$0.00,$15.99,0,0.00%,$0.00,$15.99,,,,
Oak Hill Elementary,5/05/2025,20001,1% White Milk(Each),27,0,27,31,31,0,31,$11.16,0,0.00%,$0.00,$11.16,0,0.00%,$0.00,$11.16,,,,
Oak Hill Elementary,5/05/2025,20014,Red Delicious Apple(Each - serving),2,0,2,13,2,0,2,$0.66,0,0.00%,$0.00,$0.66,11,84.62%,$3.63,$4.29,,,,
Oak Hill Elementary,5/05/2025,20038,Fat Free White Milk(Each),20,0,20,21,21,0,21,$6.93,0,0.00%,$0.00,$6.93,0,0.00%,$0.00,$6.93,,,,
Oak Hill Elementary,5/05/2025,30003,Honey Cheerios Cereal(Each),6,0,6,8,8,0,8,$4.72,0,0.00%,$0.00,$4.72,0,0.00%,$0.00,$4.72,,,,
Oak Hill Elementary,5/05/2025,30004,Blueberry Chex Cereal(Each),4,0,4,0,0,0,0,$0.00,0,0.00%,$0.00,$0.00,0,0.00%,$0.00,$0.00,,,,
Oak Hill Elementary,5/05/2025,30006,Cinnamon Chex Cereal(Each),5,0,5,8,2,0,2,$1.18,0,0.00%,$0.00,$1.18,6,75.00%,$3.54,$4.72,,,,
Oak Hill Elementary,5/05/2025,30007,"Cinnamon Toast Crunch Cereal, 25% Less Sugar(Each)",7,0,7,8,5,0,5,$2.95,0,0.00%,$0.00,$2.95,3,37.50%,$1.77,$4.72,,,,
Oak Hill Elementary,5/05/2025,30008,Apple Juice(Each),33,0,33,37,34,3,37,$6.29,0,0.00%,$0.00,$6.29,0,0.00%,$0.00,$6.29,,,,
Oak Hill Elementary,5/05/2025,30009,Orange Tangerine Juice(Each),22,0,22,35,25,0,25,$4.25,0,0.00%,$0.00,$4.25,10,28.57%,$1.70,$5.95,,,,
Oak Hill Elementary,5/05/2025,60099,"Parfait, Triple Berry(Parfait)",0,0,0,4,3,0,3,$2.04,0,0.00%,$0.00,$2.04,1,25.00%,$0.68,$2.72,,,,
Oak View Elementary,5/05/2025,10041,Mini Maple Pancakes(Package),80,0,80,80,55,15,70,$27.30,1,1.25%,$0.39,$27.69,9,11.25%,$3.51,$31.20,,,,
Oak View Elementary,5/05/2025,20001,1% White Milk(Each),24,0,24,36,33,0,33,$11.88,0,0.00%,$0.00,$11.88,3,8.33%,$1.08,$12.96,,,,
Oak View Elementary,5/05/2025,20014,Red Delicious Apple(Each - serving),20,0,20,20,16,0,16,$5.28,0,0.00%,$0.00,$5.28,4,20.00%,$1.32,$6.60,,,,
Oak View Elementary,5/05/2025,20038,Fat Free White Milk(Each),8,0,8,12,8,0,8,$2.64,0,0.00%,$0.00,$2.64,4,33.33%,$1.32,$3.96,,,,
Oak View Elementary,5/05/2025,30003,Honey Cheerios Cereal(Each),16,0,16,28,9,0,9,$5.31,0,0.00%,$0.00,$5.31,19,67.86%,$11.21,$16.52,,,,
Oak View Elementary,5/05/2025,30006,Cinnamon Chex Cereal(Each),12,0,12,10,8,0,8,$4.72,0,0.00%,$0.00,$4.72,2,20.00%,$1.18,$5.90,,,,
Oak View Elementary,5/05/2025,30007,"Cinnamon Toast Crunch Cereal, 25% Less Sugar(Each)",16,0,16,34,9,6,15,$8.85,0,0.00%,$0.00,$8.85,19,55.88%,$11.21,$20.06,,,,
Oak View Elementary,5/05/2025,30008,Apple Juice(Each),90,0,90,99,57,25,82,$13.94,0,0.00%,$0.00,$13.94,17,17.17%,$2.89,$16.83,,,,
Oak View Elementary,5/05/2025,30009,Orange Tangerine Juice(Each),40,0,40,61,22,0,22,$3.74,0,0.00%,$0.00,$3.74,39,63.93%,$6.63,$10.37,,,,
Oak View Elementary,5/05/2025,30051,Natural Grape Jam(Packet),20,0,20,40,25,0,25,$2.25,0,0.00%,$0.00,$2.25,15,37.50%,$1.35,$3.60,,,,
Oak View Elementary,5/05/2025,30093,Natural Breakfast Syrup(Each),40,0,40,40,20,0,20,$4.00,0,0.00%,$0.00,$4.00,20,50.00%,$4.00,$8.00,,,,
Oak View Elementary,5/05/2025,60168,Triple Berry Parfait Power Pack(Power Pack),0,0,0,6,3,2,5,$6.60,0,0.00%,$0.00,$6.60,1,16.67%,$1.32,$7.92,,,,
Oakton Elementary,5/05/2025,10041,Mini Maple Pancakes(Package),45,0,45,45,44,0,44,$17.16,0,0.00%,$0.00,$17.16,1,2.22%,$0.39,$17.55,,,,
Oakton Elementary,5/05/2025,20001,1% White Milk(Each),30,0,30,20,18,0,18,$6.48,0,0.00%,$0.00,$6.48,2,10.00%,$0.72,$7.20,,,,
Oakton Elementary,5/05/2025,20014,Red Delicious Apple(Each - serving),25,0,25,25,22,0,22,$7.26,0,0.00%,$0.00,$7.26,3,12.00%,$0.99,$8.25,,,,
Oakton Elementary,5/05/2025,20017,Orange(1/4 cup),0,0,0,25,22,0,22,$3.74,0,0.00%,$0.00,$3.74,3,12.00%,$0.51,$4.25,,,,
Oakton Elementary,5/05/2025,20038,Fat Free White Milk(Each),20,0,20,5,4,0,4,$1.32,0,0.00%,$0.00,$1.32,1,20.00%,$0.33,$1.65,,,,
Oakton Elementary,5/05/2025,30003,Honey Cheerios Cereal(Each),12,0,12,12,10,0,10,$5.90,0,0.00%,$0.00,$5.90,2,16.67%,$1.18,$7.08,,,,
Oakton Elementary,5/05/2025,30004,Blueberry Chex Cereal(Each),12,0,12,12,7,0,7,$4.13,0,0.00%,$0.00,$4.13,5,41.67%,$2.95,$7.08,,,,
Oakton Elementary,5/05/2025,30006,Cinnamon Chex Cereal(Each),12,0,12,8,3,0,3,$1.77,0,0.00%,$0.00,$1.77,5,62.50%,$2.95,$4.72,,,,
Oakton Elementary,5/05/2025,30007,"Cinnamon Toast Crunch Cereal, 25% Less Sugar(Each)",12,0,12,12,11,0,11,$6.49,0,0.00%,$0.00,$6.49,1,8.33%,$0.59,$7.08,,,,
Oakton Elementary,5/05/2025,30009,Orange Tangerine Juice(Each),25,0,25,50,47,0,47,$7.99,0,0.00%,$0.00,$7.99,3,6.00%,$0.51,$8.50,,,,
Oakton Elementary,5/05/2025,30051,Natural Grape Jam(Packet),4,0,4,5,4,0,4,$0.36,0,0.00%,$0.00,$0.36,1,20.00%,$0.09,$0.45,,,,
Oakton Elementary,5/05/2025,60034,Mandarin Orange Parfait(Parfait),8,0,8,6,2,0,2,$1.98,0,0.00%,$0.00,$1.98,4,66.67%,$3.96,$5.94,,,,
Oakton High,5/05/2025,10020,Bagel(Bagel),60,0,60,75,43,0,43,$13.76,0,0.00%,$0.00,$13.76,32,42.67%,$10.24,$24.00,,,,
Oakton High,5/05/2025,10021,Apple Cinnamon Bread(2oz Grain (1/32 Baked Pan)),0,0,0,102,102,0,102,$83.64,0,0.00%,$0.00,$83.64,0,0.00%,$0.00,$83.64,,,,
Oakton High,5/05/2025,10041,Mini Maple Pancakes(Package),40,0,40,82,43,0,43,$16.77,0,0.00%,$0.00,$16.77,39,47.56%,$15.21,$31.98,,,,
Oakton High,5/05/2025,20001,1% White Milk(Each),15,0,15,15,9,0,9,$3.24,0,0.00%,$0.00,$3.24,6,40.00%,$2.16,$5.40,,,,
Oakton High,5/05/2025,20009,Cream Cheese(Each),0,0,0,68,54,0,54,$15.66,0,0.00%,$0.00,$15.66,14,20.59%,$4.06,$19.72,,,,
Oakton High,5/05/2025,20014,Red Delicious Apple(Each - serving),3,0,3,3,2,0,2,$0.66,0,0.00%,$0.00,$0.66,1,33.33%,$0.33,$0.99,,,,
Oakton High,5/05/2025,20017,Orange(6 Slices per 1/2 cup),3,0,3,6,1,0,1,$0.34,0,0.00%,$0.00,$0.34,5,83.33%,$1.70,$2.04,,,,
Oakton High,5/05/2025,20038,Fat Free White Milk(Each),5,0,5,5,1,0,1,$0.33,0,0.00%,$0.00,$0.33,4,80.00%,$1.32,$1.65,,,,
Oakton High,5/05/2025,30003,Honey Cheerios Cereal(Each),12,0,12,8,4,0,4,$2.36,0,0.00%,$0.00,$2.36,4,50.00%,$2.36,$4.72,,,,
Oakton High,5/05/2025,30004,Blueberry Chex Cereal(Each),8,0,8,8,1,0,1,$0.59,0,0.00%,$0.00,$0.59,7,87.50%,$4.13,$4.72,,,,
Oakton High,5/05/2025,30006,Cinnamon Chex Cereal(Each),8,0,8,8,3,0,3,$1.77,0,0.00%,$0.00,$1.77,5,62.50%,$2.95,$4.72,,,,
Oakton High,5/05/2025,30007,"Cinnamon Toast Crunch Cereal, 25% Less Sugar(Each)",20,0,20,24,15,0,15,$8.85,0,0.00%,$0.00,$8.85,9,37.50%,$5.31,$14.16,,,,
Oakton High,5/05/2025,30008,Apple Juice(Each),200,0,200,224,178,0,178,$30.26,0,0.00%,$0.00,$30.26,46,20.54%,$7.82,$38.08,,,,
Oakton High,5/05/2025,30009,Orange Tangerine Juice(Each),40,0,40,70,35,0,35,$5.95,0,0.00%,$0.00,$5.95,35,50.00%,$5.95,$11.90,,,,
Oakton High,5/05/2025,30051,Natural Grape Jam(Packet),1,0,1,24,3,0,3,$0.27,0,0.00%,$0.00,$0.27,21,87.50%,$1.89,$2.16,,,,
Oakton High,5/05/2025,30093,Natural Breakfast Syrup(Each),10,0,10,23,14,0,14,$2.80,0,0.00%,$0.00,$2.80,9,39.13%,$1.80,$4.60,,,,
Oakton High,5/05/2025,30097,Bottled Water(Bottle),20,0,20,32,22,0,22,$3.52,0,0.00%,$0.00,$3.52,10,31.25%,$1.60,$5.12,,,,
Oakton High,5/05/2025,60096,Strawberry Parfait(Parfait),0,0,0,6,6,0,6,$5.94,0,0.00%,$0.00,$5.94,0,0.00%,$0.00,$5.94,,,,
Oakton High,5/05/2025,60099,"Parfait, Triple Berry(Parfait)",0,0,0,3,3,0,3,$2.04,0,0.00%,$0.00,$2.04,0,0.00%,$0.00,$2.04,,,,
Oakton High,5/05/2025,60164,"Sandwich, Breakfast. Bagel, Turkey Sausage(Sandwich)",0,0,0,12,12,0,12,$6.48,0,0.00%,$0.00,$6.48,0,0.00%,$0.00,$6.48,,,,
Oakton High,5/05/2025,60165,Egg and American Cheese on Bagel(Sandwich),0,0,0,12,12,0,12,$6.96,0,0.00%,$0.00,$6.96,0,0.00%,$0.00,$6.96,,,,
Oakton High,5/05/2025,60169,Strawberry Smoothie(8oz portion),0,0,0,24,19,0,19,$16.34,0,0.00%,$0.00,$16.34,5,20.83%,$4.30,$20.64,,,,
Olde Creek Elementary,5/05/2025,10041,Mini Maple Pancakes(Package),40,0,40,46,31,3,34,$13.26,0,0.00%,$0.00,$13.26,12,26.09%,$4.68,$17.94,,,,
Olde Creek Elementary,5/05/2025,20001,1% White Milk(Each),20,0,20,20,12,0,12,$4.32,0,0.00%,$0.00,$4.32,8,40.00%,$2.88,$7.20,,,,
Olde Creek Elementary,5/05/2025,20015,Golden Delicious Apple(Each),0,0,0,20,8,0,8,$2.48,0,0.00%,$0.00,$2.48,12,60.00%,$3.72,$6.20,,,,
Olde Creek Elementary,5/05/2025,20038,Fat Free White Milk(Each),10,0,10,10,5,0,5,$1.65,0,0.00%,$0.00,$1.65,5,50.00%,$1.65,$3.30,,,,
Olde Creek Elementary,5/05/2025,30003,Honey Cheerios Cereal(Each),10,0,10,9,9,0,9,$5.31,0,0.00%,$0.00,$5.31,0,0.00%,$0.00,$5.31,,,,
Olde Creek Elementary,5/05/2025,30004,Blueberry Chex Cereal(Each),4,0,4,3,0,0,0,$0.00,0,0.00%,$0.00,$0.00,3,100.00%,$0.00,$0.00,,,,
Olde Creek Elementary,5/05/2025,30006,Cinnamon Chex Cereal(Each),6,0,6,12,1,0,1,$0.59,0,0.00%,$0.00,$0.59,11,91.67%,$6.49,$7.08,,,,
Olde Creek Elementary,5/05/2025,30008,Apple Juice(Each),40,0,40,40,35,0,35,$5.95,0,0.00%,$0.00,$5.95,5,12.50%,$0.85,$6.80,,,,
Olde Creek Elementary,5/05/2025,30009,Orange Tangerine Juice(Each),20,0,20,20,12,0,12,$2.04,0,0.00%,$0.00,$2.04,8,40.00%,$1.36,$3.40,,,,
Olde Creek Elementary,5/05/2025,60034,Mandarin Orange Parfait(Parfait),4,0,4,3,2,0,2,$1.98,0,0.00%,$0.00,$1.98,1,33.33%,$0.99,$2.97,,,,
Orange Hunt Elementary,5/05/2025,10041,Mini Maple Pancakes(Package),62,0,62,90,58,12,70,$27.30,0,0.00%,$0.00,$27.30,20,22.22%,$7.80,$35.10,,,,
Orange Hunt Elementary,5/05/2025,20001,1% White Milk(Each),28,0,28,30,23,0,23,$8.28,0,0.00%,$0.00,$8.28,7,23.33%,$2.52,$10.80,,,,
Orange Hunt Elementary,5/05/2025,20014,Red Delicious Apple(Each - serving),27,0,27,25,15,0,15,$4.95,0,0.00%,$0.00,$4.95,10,40.00%,$3.30,$8.25,,,,
Orange Hunt Elementary,5/05/2025,20017,Orange(6 Slices per 1/2 cup),18,0,18,0,0,0,0,$0.00,0,0.00%,$0.00,$0.00,0,0.00%,$0.00,$0.00,,,,
Orange Hunt Elementary,5/05/2025,20031,Banana(Each),11,0,11,0,0,0,0,$0.00,0,0.00%,$0.00,$0.00,0,0.00%,$0.00,$0.00,,,,
Orange Hunt Elementary,5/05/2025,20038,Fat Free White Milk(Each),8,0,8,30,9,0,9,$2.97,0,0.00%,$0.00,$2.97,21,70.00%,$6.93,$9.90,,,,
Orange Hunt Elementary,5/05/2025,30003,Honey Cheerios Cereal(Each),10,0,10,12,8,1,9,$5.31,0,0.00%,$0.00,$5.31,3,25.00%,$1.77,$7.08,,,,
Orange Hunt Elementary,5/05/2025,30004,Blueberry Chex Cereal(Each),10,0,10,0,0,0,0,$0.00,0,0.00%,$0.00,$0.00,0,0.00%,$0.00,$0.00,,,,
Orange Hunt Elementary,5/05/2025,30006,Cinnamon Chex Cereal(Each),10,0,10,12,5,0,5,$2.95,0,0.00%,$0.00,$2.95,7,58.33%,$4.13,$7.08,,,,
Orange Hunt Elementary,5/05/2025,30007,"Cinnamon Toast Crunch Cereal, 25% Less Sugar(Each)",10,0,10,20,8,2,10,$5.90,0,0.00%,$0.00,$5.90,10,50.00%,$5.90,$11.80,,,,
Orange Hunt Elementary,5/05/2025,30008,Apple Juice(Each),60,0,60,70,70,0,70,$11.90,0,0.00%,$0.00,$11.90,0,0.00%,$0.00,$11.90,,,,
Orange Hunt Elementary,5/05/2025,30009,Orange Tangerine Juice(Each),43,0,43,50,33,0,33,$5.61,0,0.00%,$0.00,$5.61,17,34.00%,$2.89,$8.50,,,,
Orange Hunt Elementary,5/05/2025,30051,Natural Grape Jam(Packet),14,0,14,0,0,0,0,$0.00,0,0.00%,$0.00,$0.00,0,0.00%,$0.00,$0.00,,,,
Orange Hunt Elementary,5/05/2025,30093,Natural Breakfast Syrup(Each),29,0,29,0,0,0,0,$0.00,0,0.00%,$0.00,$0.00,0,0.00%,$0.00,$0.00,,,,
Orange Hunt Elementary,5/05/2025,60034,Mandarin Orange Parfait(Parfait),3,0,3,10,2,0,2,$1.98,0,0.00%,$0.00,$1.98,8,80.00%,$7.92,$9.90,,,,
Parklawn Elementary,5/05/2025,10020,Bagel(Bagel),33,0,33,35,35,0,35,$11.20,0,0.00%,$0.00,$11.20,0,0.00%,$0.00,$11.20,,,,
Parklawn Elementary,5/05/2025,10041,Mini Maple Pancakes(Package),0,0,0,464,393,0,393,$153.27,0,0.00%,$0.00,$153.27,71,15.30%,$27.69,$180.96,,,,
Parklawn Elementary,5/05/2025,20001,1% White Milk(Each),131,0,131,237,78,0,78,$28.08,0,0.00%,$0.00,$28.08,159,67.09%,$57.24,$85.32,,,,
Parklawn Elementary,5/05/2025,20009,Cream Cheese(Each),33,0,33,35,35,0,35,$10.15,0,0.00%,$0.00,$10.15,0,0.00%,$0.00,$10.15,,,,
Parklawn Elementary,5/05/2025,20014,Red Delicious Apple(Each - serving),29,0,29,81,40,0,40,$13.20,0,0.00%,$0.00,$13.20,41,50.62%,$13.53,$26.73,,,,
Parklawn Elementary,5/05/2025,20038,Fat Free White Milk(Each),39,0,39,108,44,0,44,$14.52,0,0.00%,$0.00,$14.52,64,59.26%,$21.12,$35.64,,,,
Parklawn Elementary,5/05/2025,20047,Orange Slices(3 slices per 1/4 cup),33,0,33,35,35,0,35,$7.00,0,0.00%,$0.00,$7.00,0,0.00%,$0.00,$7.00,,,,
Parklawn Elementary,5/05/2025,30003,Honey Cheerios Cereal(Each),2,0,2,22,0,0,0,$0.00,0,0.00%,$0.00,$0.00,22,100.00%,$0.00,$0.00,,,,
Parklawn Elementary,5/05/2025,30004,Blueberry Chex Cereal(Each),39,0,39,18,0,0,0,$0.00,0,0.00%,$0.00,$0.00,18,100.00%,$0.00,$0.00,,,,
Parklawn Elementary,5/05/2025,30006,Cinnamon Chex Cereal(Each),62,0,62,123,71,0,71,$41.89,0,0.00%,$0.00,$41.89,52,42.28%,$30.68,$72.57,,,,
Parklawn Elementary,5/05/2025,30007,"Cinnamon Toast Crunch Cereal, 25% Less Sugar(Each)",60,0,60,46,12,0,12,$7.08,0,0.00%,$0.00,$7.08,34,73.91%,$20.06,$27.14,,,,
Parklawn Elementary,5/05/2025,30008,Apple Juice(Each),223,0,223,257,241,0,241,$40.97,0,0.00%,$0.00,$40.97,16,6.23%,$2.72,$43.69,,,,
Parklawn Elementary,5/05/2025,30009,Orange Tangerine Juice(Each),223,0,223,248,243,0,243,$41.31,0,0.00%,$0.00,$41.31,5,2.02%,$0.85,$42.16,,,,
Parklawn Elementary,5/05/2025,30093,Natural Breakfast Syrup(Each),0,0,0,200,200,0,200,$40.00,0,0.00%,$0.00,$40.00,0,0.00%,$0.00,$40.00,,,,
Parklawn Elementary,5/05/2025,60034,Mandarin Orange Parfait(Parfait),25,0,25,30,26,0,26,$25.74,0,0.00%,$0.00,$25.74,4,13.33%,$3.96,$29.70,,,,
Pine Spring Elementary,5/05/2025,10020,Bagel(Bagel),120,0,120,4,4,0,4,$1.28,0,0.00%,$0.00,$1.28,0,0.00%,$0.00,$1.28,,,,
Pine Spring Elementary,5/05/2025,10041,Mini Maple Pancakes(Package),0,0,0,133,131,0,131,$51.09,0,0.00%,$0.00,$51.09,2,1.50%,$0.78,$51.87,,,,
Pine Spring Elementary,5/05/2025,20001,1% White Milk(Each),153,0,153,173,152,0,152,$54.72,0,0.00%,$0.00,$54.72,21,12.14%,$7.56,$62.28,,,,
Pine Spring Elementary,5/05/2025,20009,Cream Cheese(Each),173,0,173,57,57,0,57,$16.53,0,0.00%,$0.00,$16.53,0,0.00%,$0.00,$16.53,,,,
Pine Spring Elementary,5/05/2025,20014,Red Delicious Apple(Each - serving),60,0,60,60,26,0,26,$8.58,0,0.00%,$0.00,$8.58,34,56.67%,$11.22,$19.80,,,,
Pine Spring Elementary,5/05/2025,20038,Fat Free White Milk(Each),10,0,10,16,14,0,14,$4.62,0,0.00%,$0.00,$4.62,2,12.50%,$0.66,$5.28,,,,
Pine Spring Elementary,5/05/2025,20047,Orange Slices(3 slices per 1/4 cup),53,0,53,53,53,0,53,$10.60,0,0.00%,$0.00,$10.60,0,0.00%,$0.00,$10.60,,,,
Pine Spring Elementary,5/05/2025,30003,Honey Cheerios Cereal(Each),30,0,30,60,49,0,49,$28.91,0,0.00%,$0.00,$28.91,11,18.33%,$6.49,$35.40,,,,
Pine Spring Elementary,5/05/2025,30004,Blueberry Chex Cereal(Each),30,0,30,82,55,0,55,$32.45,0,0.00%,$0.00,$32.45,27,32.93%,$15.93,$48.38,,,,
Pine Spring Elementary,5/05/2025,30006,Cinnamon Chex Cereal(Each),30,0,30,18,17,0,17,$10.03,0,0.00%,$0.00,$10.03,1,5.56%,$0.59,$10.62,,,,
Pine Spring Elementary,5/05/2025,30008,Apple Juice(Each),167,0,167,181,154,0,154,$26.18,0,0.00%,$0.00,$26.18,27,14.92%,$4.59,$30.77,,,,
Pine Spring Elementary,5/05/2025,30009,Orange Tangerine Juice(Each),150,0,150,136,106,0,106,$18.02,0,0.00%,$0.00,$18.02,30,22.06%,$5.10,$23.12,,,,
Pine Spring Elementary,5/05/2025,60011,Turkey Sausage Breakfast Biscuit(Sandwich),0,0,0,27,24,0,24,$10.56,0,0.00%,$0.00,$10.56,3,11.11%,$1.32,$11.88,,,,
Pine Spring Elementary,5/05/2025,60034,Mandarin Orange Parfait(Parfait),40,0,40,31,13,0,13,$12.87,5,16.13%,$4.95,$17.82,13,41.94%,$12.87,$30.69,,,,
Poe Middle,5/05/2025,10021,Apple Cinnamon Bread(1oz Grain (1/64 Baked Pan)),0,0,0,118,118,0,118,$48.38,0,0.00%,$0.00,$48.38,0,0.00%,$0.00,$48.38,,,,
Poe Middle,5/05/2025,10041,Mini Maple Pancakes(Package),282,0,282,504,370,0,370,$144.30,0,0.00%,$0.00,$144.30,134,26.59%,$52.26,$196.56,,,,
Poe Middle,5/05/2025,20001,1% White Milk(Each),110,0,110,258,112,0,112,$40.32,0,0.00%,$0.00,$40.32,146,56.59%,$52.56,$92.88,,,,
Poe Middle,5/05/2025,20014,Red Delicious Apple(Each - serving),34,0,34,75,49,0,49,$16.17,0,0.00%,$0.00,$16.17,26,34.67%,$8.58,$24.75,,,,
Poe Middle,5/05/2025,20038,Fat Free White Milk(Each),45,0,45,81,28,0,28,$9.24,0,0.00%,$0.00,$9.24,53,65.43%,$17.49,$26.73,,,,
Poe Middle,5/05/2025,30003,Honey Cheerios Cereal(Each),50,0,50,50,39,0,39,$23.01,0,0.00%,$0.00,$23.01,11,22.00%,$6.49,$29.50,,,,
Poe Middle,5/05/2025,30004,Blueberry Chex Cereal(Each),50,0,50,45,40,0,40,$23.60,0,0.00%,$0.00,$23.60,5,11.11%,$2.95,$26.55,,,,
Poe Middle,5/05/2025,30006,Cinnamon Chex Cereal(Each),49,0,49,45,38,0,38,$22.42,0,0.00%,$0.00,$22.42,7,15.56%,$4.13,$26.55,,,,
Poe Middle,5/05/2025,30007,"Cinnamon Toast Crunch Cereal, 25% Less Sugar(Each)",49,0,49,48,38,0,38,$22.42,0,0.00%,$0.00,$22.42,10,20.83%,$5.90,$28.32,,,,
Poe Middle,5/05/2025,30008,Apple Juice(Each),356,0,356,350,340,0,340,$57.80,0,0.00%,$0.00,$57.80,10,2.86%,$1.70,$59.50,,,,
Poe Middle,5/05/2025,30009,Orange Tangerine Juice(Each),353,0,353,350,336,0,336,$57.12,0,0.00%,$0.00,$57.12,14,4.00%,$2.38,$59.50,,,,
Poe Middle,5/05/2025,30051,Natural Grape Jam(Packet),12,0,12,20,8,0,8,$0.72,0,0.00%,$0.00,$0.72,12,60.00%,$1.08,$1.80,,,,
Poe Middle,5/05/2025,30093,Natural Breakfast Syrup(Each),289,0,289,400,314,0,314,$62.80,0,0.00%,$0.00,$62.80,86,21.50%,$17.20,$80.00,,,,
Poe Middle,5/05/2025,60099,"Parfait, Triple Berry(Parfait)",0,0,0,70,40,0,40,$27.20,0,0.00%,$0.00,$27.20,30,42.86%,$20.40,$47.60,,,,
Poplar Tree Elementary,5/05/2025,10041,Mini Maple Pancakes(Package),14,0,14,27,21,2,23,$8.97,0,0.00%,$0.00,$8.97,4,14.81%,$1.56,$10.53,,,,
Poplar Tree Elementary,5/05/2025,20001,1% White Milk(Each),5,0,5,12,6,0,6,$2.16,0,0.00%,$0.00,$2.16,6,50.00%,$2.16,$4.32,,,,
Poplar Tree Elementary,5/05/2025,20014,Red Delicious Apple(Each - serving),15,0,15,20,14,0,14,$4.62,0,0.00%,$0.00,$4.62,6,30.00%,$1.98,$6.60,,,,
Poplar Tree Elementary,5/05/2025,20038,Fat Free White Milk(Each),6,0,6,10,6,0,6,$1.98,0,0.00%,$0.00,$1.98,4,40.00%,$1.32,$3.30,,,,
Poplar Tree Elementary,5/05/2025,20047,Orange Slices(3 slices per 1/4 cup),1,0,1,2,2,0,2,$0.40,0,0.00%,$0.00,$0.40,0,0.00%,$0.00,$0.40,,,,
Poplar Tree Elementary,5/05/2025,30003,Honey Cheerios Cereal(Each),5,0,5,8,5,0,5,$2.95,0,0.00%,$0.00,$2.95,3,37.50%,$1.77,$4.72,,,,
Poplar Tree Elementary,5/05/2025,30004,Blueberry Chex Cereal(Each),3,0,3,8,1,0,1,$0.59,0,0.00%,$0.00,$0.59,7,87.50%,$4.13,$4.72,,,,
Poplar Tree Elementary,5/05/2025,30006,Cinnamon Chex Cereal(Each),3,0,3,8,1,0,1,$0.59,0,0.00%,$0.00,$0.59,7,87.50%,$4.13,$4.72,,,,
Poplar Tree Elementary,5/05/2025,30007,"Cinnamon Toast Crunch Cereal, 25% Less Sugar(Each)",5,0,5,8,2,0,2,$1.18,0,0.00%,$0.00,$1.18,6,75.00%,$3.54,$4.72,,,,
Poplar Tree Elementary,5/05/2025,30008,Apple Juice(Each),15,0,15,42,27,5,32,$5.44,0,0.00%,$0.00,$5.44,10,23.81%,$1.70,$7.14,,,,
Poplar Tree Elementary,5/05/2025,30009,Orange Tangerine Juice(Each),18,0,18,8,6,0,6,$1.02,0,0.00%,$0.00,$1.02,2,25.00%,$0.34,$1.36,,,,
Poplar Tree Elementary,5/05/2025,60034,Mandarin Orange Parfait(Parfait),3,0,3,4,3,0,3,$2.97,0,0.00%,$0.00,$2.97,1,25.00%,$0.99,$3.96,,,,
Providence Elementary,5/05/2025,10040,Blueberry Muffin Top(Muffin Top),0,0,0,32,19,0,19,$7.98,13,40.63%,$5.46,$13.44,0,0.00%,$0.00,$13.44,,,,
Providence Elementary,5/05/2025,10041,Mini Maple Pancakes(Package),93,0,93,87,68,0,68,$26.52,0,0.00%,$0.00,$26.52,19,21.84%,$7.41,$33.93,,,,
Providence Elementary,5/05/2025,20001,1% White Milk(Each),72,0,72,77,40,0,40,$14.40,0,0.00%,$0.00,$14.40,37,48.05%,$13.32,$27.72,,,,
Providence Elementary,5/05/2025,20038,Fat Free White Milk(Each),19,0,19,33,2,0,2,$0.66,0,0.00%,$0.00,$0.66,31,93.94%,$10.23,$10.89,,,,
Providence Elementary,5/05/2025,20047,Orange Slices(3 slices per 1/4 cup),17,0,17,15,15,0,15,$3.00,0,0.00%,$0.00,$3.00,0,0.00%,$0.00,$3.00,,,,
Providence Elementary,5/05/2025,30003,Honey Cheerios Cereal(Each),39,0,39,32,14,0,14,$8.26,0,0.00%,$0.00,$8.26,18,56.25%,$10.62,$18.88,,,,
Providence Elementary,5/05/2025,30004,Blueberry Chex Cereal(Each),24,0,24,16,7,0,7,$4.13,0,0.00%,$0.00,$4.13,9,56.25%,$5.31,$9.44,,,,
Providence Elementary,5/05/2025,30006,Cinnamon Chex Cereal(Each),33,0,33,16,14,0,14,$8.26,0,0.00%,$0.00,$8.26,2,12.50%,$1.18,$9.44,,,,
Providence Elementary,5/05/2025,30007,"Cinnamon Toast Crunch Cereal, 25% Less Sugar(Each)",57,0,57,32,11,0,11,$6.49,0,0.00%,$0.00,$6.49,21,65.63%,$12.39,$18.88,,,,
Providence Elementary,5/05/2025,30008,Apple Juice(Each),111,0,111,120,92,0,92,$15.64,0,0.00%,$0.00,$15.64,28,23.33%,$4.76,$20.40,,,,
Providence Elementary,5/05/2025,30009,Orange Tangerine Juice(Each),44,0,44,60,25,0,25,$4.25,0,0.00%,$0.00,$4.25,35,58.33%,$5.95,$10.20,,,,
Providence Elementary,5/05/2025,60034,Mandarin Orange Parfait(Parfait),5,0,5,20,6,0,6,$5.94,0,0.00%,$0.00,$5.94,14,70.00%,$13.86,$19.80,,,,
Ravensworth Elementary,5/05/2025,10020,Bagel(Bagel),0,0,0,0,0,0,0,$0.00,0,0.00%,$0.00,$0.00,0,0.00%,$0.00,$0.00,,,,
Ravensworth Elementary,5/05/2025,10041,Mini Maple Pancakes(Package),40,0,40,40,35,1,36,$14.04,0,0.00%,$0.00,$14.04,4,10.00%,$1.56,$15.60,,,,
Ravensworth Elementary,5/05/2025,20001,1% White Milk(Each),20,0,20,20,10,0,10,$3.60,0,0.00%,$0.00,$3.60,10,50.00%,$3.60,$7.20,,,,
Ravensworth Elementary,5/05/2025,20009,Cream Cheese(Each),0,0,0,0,0,0,0,$0.00,0,0.00%,$0.00,$0.00,0,0.00%,$0.00,$0.00,,,,
Ravensworth Elementary,5/05/2025,20014,Red Delicious Apple(Each - serving),12,0,12,12,7,0,7,$2.31,0,0.00%,$0.00,$2.31,5,41.67%,$1.65,$3.96,,,,
Ravensworth Elementary,5/05/2025,20043,"Lactose Free, White Milk(Each)",2,0,2,2,1,0,1,$0.58,0,0.00%,$0.00,$0.58,1,50.00%,$0.58,$1.16,,,,
Ravensworth Elementary,5/05/2025,20047,Orange Slices(3 slices per 1/4 cup),0,0,0,0,0,0,0,$0.00,0,0.00%,$0.00,$0.00,0,0.00%,$0.00,$0.00,,,,
Ravensworth Elementary,5/05/2025,30003,Honey Cheerios Cereal(Each),16,0,16,16,11,0,11,$6.49,0,0.00%,$0.00,$6.49,5,31.25%,$2.95,$9.44,,,,
Ravensworth Elementary,5/05/2025,30004,Blueberry Chex Cereal(Each),8,0,8,8,4,0,4,$2.36,0,0.00%,$0.00,$2.36,4,50.00%,$2.36,$4.72,,,,
Ravensworth Elementary,5/05/2025,30006,Cinnamon Chex Cereal(Each),8,0,8,8,4,0,4,$2.36,0,0.00%,$0.00,$2.36,4,50.00%,$2.36,$4.72,,,,
Ravensworth Elementary,5/05/2025,30007,"Cinnamon Toast Crunch Cereal, 25% Less Sugar(Each)",16,0,16,16,8,0,8,$4.72,0,0.00%,$0.00,$4.72,8,50.00%,$4.72,$9.44,,,,
Ravensworth Elementary,5/05/2025,30008,Apple Juice(Each),60,0,60,60,45,0,45,$7.65,0,0.00%,$0.00,$7.65,15,25.00%,$2.55,$10.20,,,,
Ravensworth Elementary,5/05/2025,30009,Orange Tangerine Juice(Each),40,0,40,40,34,0,34,$5.78,0,0.00%,$0.00,$5.78,6,15.00%,$1.02,$6.80,,,,
Ravensworth Elementary,5/05/2025,30093,Natural Breakfast Syrup(Each),0,0,0,25,23,0,23,$4.60,0,0.00%,$0.00,$4.60,2,8.00%,$0.40,$5.00,,,,
Ravensworth Elementary,5/05/2025,30108,Fat Free Unflavored Shelf-Stable Milk(Each),8,0,8,8,3,0,3,$1.14,0,0.00%,$0.00,$1.14,5,62.50%,$1.90,$3.04,,,,
Ravensworth Elementary,5/05/2025,60096,Strawberry Parfait(Parfait),3,0,3,3,3,0,3,$2.97,0,0.00%,$0.00,$2.97,0,0.00%,$0.00,$2.97,,,,
Riverside Elementary,5/05/2025,10041,Mini Maple Pancakes(Package),220,0,220,225,205,0,205,$79.95,0,0.00%,$0.00,$79.95,20,8.89%,$7.80,$87.75,,,,
Riverside Elementary,5/05/2025,20001,1% White Milk(Each),117,0,117,184,122,0,122,$43.92,0,0.00%,$0.00,$43.92,62,33.70%,$22.32,$66.24,,,,
Riverside Elementary,5/05/2025,20017,Orange(6 Slices per 1/2 cup),19,0,19,30,15,0,15,$5.10,0,0.00%,$0.00,$5.10,15,50.00%,$5.10,$10.20,,,,
Riverside Elementary,5/05/2025,20038,Fat Free White Milk(Each),25,0,25,19,13,0,13,$4.29,0,0.00%,$0.00,$4.29,6,31.58%,$1.98,$6.27,,,,
Riverside Elementary,5/05/2025,20047,Orange Slices(3 slices per 1/4 cup),40,0,40,38,38,0,38,$7.60,0,0.00%,$0.00,$7.60,0,0.00%,$0.00,$7.60,,,,
Riverside Elementary,5/05/2025,30006,Cinnamon Chex Cereal(Each),60,0,60,60,56,0,56,$33.04,0,0.00%,$0.00,$33.04,4,6.67%,$2.36,$35.40,,,,
Riverside Elementary,5/05/2025,30007,"Cinnamon Toast Crunch Cereal, 25% Less Sugar(Each)",47,0,47,66,60,0,60,$35.40,0,0.00%,$0.00,$35.40,6,9.09%,$3.54,$38.94,,,,
Riverside Elementary,5/05/2025,30008,Apple Juice(Each),173,0,173,207,179,0,179,$30.43,0,0.00%,$0.00,$30.43,28,13.53%,$4.76,$35.19,,,,
Riverside Elementary,5/05/2025,30009,Orange Tangerine Juice(Each),130,0,130,126,119,0,119,$20.23,0,0.00%,$0.00,$20.23,7,5.56%,$1.19,$21.42,,,,
Riverside Elementary,5/05/2025,30103,"Milk, Lactose Free,  Fat Free, Shelf-Stable(Each)",1,0,1,1,1,0,1,$0.48,0,0.00%,$0.00,$0.48,0,0.00%,$0.00,$0.48,,,,
Riverside Elementary,5/05/2025,30184,"Milk, Soy, Vanilla (24/8 oz)(each)",1,0,1,1,1,0,1,$1.02,0,0.00%,$0.00,$1.02,0,0.00%,$0.00,$1.02,,,,
Riverside Elementary,5/05/2025,60034,Mandarin Orange Parfait(Parfait),25,0,25,28,16,0,16,$15.84,0,0.00%,$0.00,$15.84,12,42.86%,$11.88,$27.72,,,,
Robinson Secondary,5/05/2025,10020,Bagel(Bagel),56,0,56,48,36,2,38,$12.16,0,0.00%,$0.00,$12.16,10,20.83%,$3.20,$15.36,,,,
Robinson Secondary,5/05/2025,10041,Mini Maple Pancakes(Package),0,0,0,73,72,0,72,$28.08,0,0.00%,$0.00,$28.08,1,1.37%,$0.39,$28.47,,,,
Robinson Secondary,5/05/2025,20001,1% White Milk(Each),21,0,21,36,16,0,16,$5.76,0,0.00%,$0.00,$5.76,20,55.56%,$7.20,$12.96,,,,
Robinson Secondary,5/05/2025,20009,Cream Cheese(Each),44,0,44,48,37,0,37,$10.73,0,0.00%,$0.00,$10.73,11,22.92%,$3.19,$13.92,,,,
Robinson Secondary,5/05/2025,20014,Red Delicious Apple(Each - serving),12,0,12,25,13,0,13,$4.29,0,0.00%,$0.00,$4.29,12,48.00%,$3.96,$8.25,,,,
Robinson Secondary,5/05/2025,20017,Orange(6 Slices per 1/2 cup),18,0,18,25,15,0,15,$5.10,0,0.00%,$0.00,$5.10,10,40.00%,$3.40,$8.50,,,,
Robinson Secondary,5/05/2025,20038,Fat Free White Milk(Each),18,0,18,25,11,0,11,$3.63,0,0.00%,$0.00,$3.63,14,56.00%,$4.62,$8.25,,,,
Robinson Secondary,5/05/2025,30003,Honey Cheerios Cereal(Each),7,0,7,10,5,0,5,$2.95,0,0.00%,$0.00,$2.95,5,50.00%,$2.95,$5.90,,,,
Robinson Secondary,5/05/2025,30004,Blueberry Chex Cereal(Each),8,0,8,7,4,0,4,$2.36,0,0.00%,$0.00,$2.36,3,42.86%,$1.77,$4.13,,,,
Robinson Secondary,5/05/2025,30006,Cinnamon Chex Cereal(Each),14,0,14,10,5,0,5,$2.95,0,0.00%,$0.00,$2.95,5,50.00%,$2.95,$5.90,,,,
Robinson Secondary,5/05/2025,30007,"Cinnamon Toast Crunch Cereal, 25% Less Sugar(Each)",9,0,9,10,5,0,5,$2.95,0,0.00%,$0.00,$2.95,5,50.00%,$2.95,$5.90,,,,
Robinson Secondary,5/05/2025,30008,Apple Juice(Each),62,0,62,80,60,15,75,$12.75,0,0.00%,$0.00,$12.75,5,6.25%,$0.85,$13.60,,,,
Robinson Secondary,5/05/2025,30009,Orange Tangerine Juice(Each),57,0,57,80,73,0,73,$12.41,0,0.00%,$0.00,$12.41,7,8.75%,$1.19,$13.60,,,,
Robinson Secondary,5/05/2025,30093,Natural Breakfast Syrup(Each),0,0,0,73,19,0,19,$3.80,0,0.00%,$0.00,$3.80,54,73.97%,$10.80,$14.60,,,,
Robinson Secondary,5/05/2025,60034,Mandarin Orange Parfait(Parfait),9,0,9,14,13,0,13,$12.87,0,0.00%,$0.00,$12.87,1,7.14%,$0.99,$13.86,,,,
Rocky Run Middle,5/05/2025,10041,Mini Maple Pancakes(Package),0,0,0,25,23,0,23,$8.97,0,0.00%,$0.00,$8.97,2,8.00%,$0.78,$9.75,,,,
Rocky Run Middle,5/05/2025,20001,1% White Milk(Each),7,0,7,17,9,0,9,$3.24,0,0.00%,$0.00,$3.24,8,47.06%,$2.88,$6.12,,,,
Rocky Run Middle,5/05/2025,20014,Red Delicious Apple(Each - serving),6,0,6,10,8,0,8,$2.64,0,0.00%,$0.00,$2.64,2,20.00%,$0.66,$3.30,,,,
Rocky Run Middle,5/05/2025,20017,Orange(6 Slices per 1/2 cup),2,0,2,10,6,0,6,$2.04,0,0.00%,$0.00,$2.04,4,40.00%,$1.36,$3.40,,,,
Rocky Run Middle,5/05/2025,20038,Fat Free White Milk(Each),3,0,3,13,1,0,1,$0.33,0,0.00%,$0.00,$0.33,12,92.31%,$3.96,$4.29,,,,
Rocky Run Middle,5/05/2025,30003,Honey Cheerios Cereal(Each),4,0,4,8,3,0,3,$1.77,0,0.00%,$0.00,$1.77,5,62.50%,$2.95,$4.72,,,,
Rocky Run Middle,5/05/2025,30006,Cinnamon Chex Cereal(Each),6,0,6,8,4,0,4,$2.36,0,0.00%,$0.00,$2.36,4,50.00%,$2.36,$4.72,,,,
Rocky Run Middle,5/05/2025,30007,"Cinnamon Toast Crunch Cereal, 25% Less Sugar(Each)",6,0,6,8,5,0,5,$2.95,0,0.00%,$0.00,$2.95,3,37.50%,$1.77,$4.72,,,,
Rocky Run Middle,5/05/2025,30009,Orange Tangerine Juice(Each),13,0,13,35,23,0,23,$3.91,0,0.00%,$0.00,$3.91,12,34.29%,$2.04,$5.95,,,,
Rocky Run Middle,5/05/2025,60034,Mandarin Orange Parfait(Parfait),5,0,5,5,0,0,0,$0.00,0,0.00%,$0.00,$0.00,5,100.00%,$0.00,$0.00,,,,
Rolling Valley Elementary,5/05/2025,10041,Mini Maple Pancakes(Package),0,0,0,65,59,2,61,$23.79,0,0.00%,$0.00,$23.79,4,6.15%,$1.56,$25.35,,,,
Rolling Valley Elementary,5/05/2025,20001,1% White Milk(Each),15,0,15,15,14,0,14,$5.04,0,0.00%,$0.00,$5.04,1,6.67%,$0.36,$5.40,,,,
Rolling Valley Elementary,5/05/2025,20014,Red Delicious Apple(Each - serving),0,0,0,0,0,0,0,$0.00,0,0.00%,$0.00,$0.00,0,0.00%,$0.00,$0.00,,,,
Rolling Valley Elementary,5/05/2025,20017,Orange(6 Slices per 1/2 cup),0,0,0,0,0,0,0,$0.00,0,0.00%,$0.00,$0.00,0,0.00%,$0.00,$0.00,,,,
Rolling Valley Elementary,5/05/2025,20031,Banana(Each),25,0,25,42,20,0,20,$4.20,0,0.00%,$0.00,$4.20,22,52.38%,$4.62,$8.82,,,,
Rolling Valley Elementary,5/05/2025,20038,Fat Free White Milk(Each),15,0,15,10,9,0,9,$2.97,0,0.00%,$0.00,$2.97,1,10.00%,$0.33,$3.30,,,,
Rolling Valley Elementary,5/05/2025,30003,Honey Cheerios Cereal(Each),12,0,12,12,9,0,9,$5.31,0,0.00%,$0.00,$5.31,3,25.00%,$1.77,$7.08,,,,
Rolling Valley Elementary,5/05/2025,30004,Blueberry Chex Cereal(Each),12,0,12,12,5,0,5,$2.95,0,0.00%,$0.00,$2.95,7,58.33%,$4.13,$7.08,,,,
Rolling Valley Elementary,5/05/2025,30006,Cinnamon Chex Cereal(Each),12,2,14,12,5,0,5,$2.95,0,0.00%,$0.00,$2.95,7,58.33%,$4.13,$7.08,,,,
Rolling Valley Elementary,5/05/2025,30007,"Cinnamon Toast Crunch Cereal, 25% Less Sugar(Each)",12,0,12,12,8,0,8,$4.72,0,0.00%,$0.00,$4.72,4,33.33%,$2.36,$7.08,,,,
Rolling Valley Elementary,5/05/2025,30008,Apple Juice(Each),40,11,51,55,46,8,54,$9.18,0,0.00%,$0.00,$9.18,1,1.82%,$0.17,$9.35,,,,
Rolling Valley Elementary,5/05/2025,30009,Orange Tangerine Juice(Each),40,10,50,40,30,0,30,$5.10,0,0.00%,$0.00,$5.10,10,25.00%,$1.70,$6.80,,,,
Rolling Valley Elementary,5/05/2025,60034,Mandarin Orange Parfait(Parfait),10,2,12,8,4,0,4,$3.96,0,0.00%,$0.00,$3.96,4,50.00%,$3.96,$7.92,,,,
Rose Hill Elementary,5/05/2025,10041,Mini Maple Pancakes(Package),100,0,100,128,122,0,122,$47.58,0,0.00%,$0.00,$47.58,6,4.69%,$2.34,$49.92,,,,
Rose Hill Elementary,5/05/2025,20001,1% White Milk(Each),126,0,126,178,128,0,128,$46.08,0,0.00%,$0.00,$46.08,50,28.09%,$18.00,$64.08,,,,
Rose Hill Elementary,5/05/2025,20014,Red Delicious Apple(Each - serving),93,0,93,120,100,0,100,$33.00,0,0.00%,$0.00,$33.00,20,16.67%,$6.60,$39.60,,,,
Rose Hill Elementary,5/05/2025,20038,Fat Free White Milk(Each),21,0,21,20,10,0,10,$3.30,0,0.00%,$0.00,$3.30,10,50.00%,$3.30,$6.60,,,,
Rose Hill Elementary,5/05/2025,20047,Orange Slices(3 slices per 1/4 cup),24,0,24,28,28,0,28,$5.60,0,0.00%,$0.00,$5.60,0,0.00%,$0.00,$5.60,,,,
Rose Hill Elementary,5/05/2025,30003,Honey Cheerios Cereal(Each),22,0,22,20,15,0,15,$8.85,0,0.00%,$0.00,$8.85,5,25.00%,$2.95,$11.80,,,,
Rose Hill Elementary,5/05/2025,30004,Blueberry Chex Cereal(Each),16,0,16,20,5,0,5,$2.95,0,0.00%,$0.00,$2.95,15,75.00%,$8.85,$11.80,,,,
Rose Hill Elementary,5/05/2025,30006,Cinnamon Chex Cereal(Each),15,0,15,20,5,0,5,$2.95,0,0.00%,$0.00,$2.95,15,75.00%,$8.85,$11.80,,,,
Rose Hill Elementary,5/05/2025,30007,"Cinnamon Toast Crunch Cereal, 25% Less Sugar(Each)",22,0,22,20,11,0,11,$6.49,0,0.00%,$0.00,$6.49,9,45.00%,$5.31,$11.80,,,,
Rose Hill Elementary,5/05/2025,30008,Apple Juice(Each),70,0,70,75,70,0,70,$11.90,0,0.00%,$0.00,$11.90,5,6.67%,$0.85,$12.75,,,,
Rose Hill Elementary,5/05/2025,30009,Orange Tangerine Juice(Each),59,0,59,75,60,0,60,$10.20,0,0.00%,$0.00,$10.20,15,20.00%,$2.55,$12.75,,,,
Rose Hill Elementary,5/05/2025,60034,Mandarin Orange Parfait(Parfait),7,0,7,10,6,0,6,$5.94,0,0.00%,$0.00,$5.94,4,40.00%,$3.96,$9.90,,,,
SOUTH COUNTY HS,5/05/2025,10020,Bagel(Bagel),35,3,38,35,24,0,24,$7.68,0,0.00%,$0.00,$7.68,11,31.43%,$3.52,$11.20,,,,
SOUTH COUNTY HS,5/05/2025,10021,Apple Cinnamon Bread(1oz Grain (1/64 Baked Pan)),0,0,0,57,50,5,55,$22.55,0,0.00%,$0.00,$22.55,2,3.51%,$0.82,$23.37,,,,
SOUTH COUNTY HS,5/05/2025,10041,Mini Maple Pancakes(Package),0,0,0,40,28,5,33,$12.87,0,0.00%,$0.00,$12.87,7,17.50%,$2.73,$15.60,,,,
SOUTH COUNTY HS,5/05/2025,20001,1% White Milk(Each),17,0,17,65,8,0,8,$2.88,0,0.00%,$0.00,$2.88,57,87.69%,$20.52,$23.40,,,,
SOUTH COUNTY HS,5/05/2025,20009,Cream Cheese(Each),31,0,31,35,24,0,24,$6.96,0,0.00%,$0.00,$6.96,11,31.43%,$3.19,$10.15,,,,
SOUTH COUNTY HS,5/05/2025,20014,Red Delicious Apple(Each - serving),17,0,17,15,8,0,8,$2.64,0,0.00%,$0.00,$2.64,7,46.67%,$2.31,$4.95,,,,
SOUTH COUNTY HS,5/05/2025,20038,Fat Free White Milk(Each),4,0,4,33,1,0,1,$0.33,0,0.00%,$0.00,$0.33,32,96.97%,$10.56,$10.89,,,,
SOUTH COUNTY HS,5/05/2025,30003,Honey Cheerios Cereal(Each),4,0,4,12,4,0,4,$2.36,0,0.00%,$0.00,$2.36,8,66.67%,$4.72,$7.08,,,,
SOUTH COUNTY HS,5/05/2025,30004,Blueberry Chex Cereal(Each),6,0,6,8,2,0,2,$1.18,0,0.00%,$0.00,$1.18,6,75.00%,$3.54,$4.72,,,,
SOUTH COUNTY HS,5/05/2025,30006,Cinnamon Chex Cereal(Each),12,0,12,10,2,0,2,$1.18,0,0.00%,$0.00,$1.18,8,80.00%,$4.72,$5.90,,,,
SOUTH COUNTY HS,5/05/2025,30007,"Cinnamon Toast Crunch Cereal, 25% Less Sugar(Each)",30,0,30,18,7,0,7,$4.13,0,0.00%,$0.00,$4.13,11,61.11%,$6.49,$10.62,,,,
SOUTH COUNTY HS,5/05/2025,30008,Apple Juice(Each),159,0,159,150,113,0,113,$19.21,0,0.00%,$0.00,$19.21,37,24.67%,$6.29,$25.50,,,,
SOUTH COUNTY HS,5/05/2025,30009,Orange Tangerine Juice(Each),55,0,55,65,33,0,33,$5.61,0,0.00%,$0.00,$5.61,32,49.23%,$5.44,$11.05,,,,
SOUTH COUNTY HS,5/05/2025,60034,Mandarin Orange Parfait(Parfait),16,2,18,37,17,1,18,$17.82,0,0.00%,$0.00,$17.82,19,51.35%,$18.81,$36.63,,,,
SOUTH COUNTY HS,5/05/2025,60165,Egg and American Cheese on Bagel(Sandwich),0,0,0,30,30,0,30,$17.40,0,0.00%,$0.00,$17.40,0,0.00%,$0.00,$17.40,,,,
Sandburg Middle,5/05/2025,10041,Mini Maple Pancakes(Package),0,0,0,66,65,0,65,$25.35,0,0.00%,$0.00,$25.35,1,1.52%,$0.39,$25.74,,,,
Sandburg Middle,5/05/2025,10096,"Batter, Pumpkin Bread(1oz Grain (1/64 Baked Pan))",0,0,0,14,9,0,9,$3.69,0,0.00%,$0.00,$3.69,5,35.71%,$2.05,$5.74,,,,
Sandburg Middle,5/05/2025,20001,1% White Milk(Each),5,0,5,33,8,0,8,$2.88,0,0.00%,$0.00,$2.88,25,75.76%,$9.00,$11.88,,,,
Sandburg Middle,5/05/2025,20014,Red Delicious Apple(Each - serving),25,0,25,25,13,0,13,$4.29,0,0.00%,$0.00,$4.29,12,48.00%,$3.96,$8.25,,,,
Sandburg Middle,5/05/2025,20038,Fat Free White Milk(Each),2,0,2,8,2,0,2,$0.66,0,0.00%,$0.00,$0.66,6,75.00%,$1.98,$2.64,,,,
Sandburg Middle,5/05/2025,30004,Blueberry Chex Cereal(Each),6,0,6,5,5,0,5,$2.95,0,0.00%,$0.00,$2.95,0,0.00%,$0.00,$2.95,,,,
Sandburg Middle,5/05/2025,30008,Apple Juice(Each),59,0,59,86,79,0,79,$13.43,0,0.00%,$0.00,$13.43,7,8.14%,$1.19,$14.62,,,,
Sandburg Middle,5/05/2025,30009,Orange Tangerine Juice(Each),28,0,28,71,23,0,23,$3.91,0,0.00%,$0.00,$3.91,48,67.61%,$8.16,$12.07,,,,
Sandburg Middle,5/05/2025,30051,Natural Grape Jam(Packet),0,0,0,2,2,0,2,$0.18,0,0.00%,$0.00,$0.18,0,0.00%,$0.00,$0.18,,,,
Sandburg Middle,5/05/2025,60011,Turkey Sausage Breakfast Biscuit(Sandwich),0,0,0,16,14,0,14,$6.16,0,0.00%,$0.00,$6.16,2,12.50%,$0.88,$7.04,,,,
Sandburg Middle,5/05/2025,60038,Peach Yogurt Power Pack(Power Packs),0,0,0,4,3,0,3,$2.40,0,0.00%,$0.00,$2.40,1,25.00%,$0.80,$3.20,,,,
Sandburg Middle,5/05/2025,60068,Biscuit(Biscuit),0,0,0,2,1,0,1,$0.21,0,0.00%,$0.00,$0.21,1,50.00%,$0.21,$0.42,,,,
Sangster Elementary,5/05/2025,10020,Bagel(Bagel),0,0,0,30,17,1,18,$5.76,0,0.00%,$0.00,$5.76,12,40.00%,$3.84,$9.60,,,,
Sangster Elementary,5/05/2025,10041,Mini Maple Pancakes(Package),60,0,60,62,41,5,46,$17.94,0,0.00%,$0.00,$17.94,16,25.81%,$6.24,$24.18,,,,
Sangster Elementary,5/05/2025,20001,1% White Milk(Each),5,0,5,8,5,0,5,$1.80,0,0.00%,$0.00,$1.80,3,37.50%,$1.08,$2.88,,,,
Sangster Elementary,5/05/2025,20014,Red Delicious Apple(Each - serving),10,0,10,10,2,0,2,$0.66,0,0.00%,$0.00,$0.66,8,80.00%,$2.64,$3.30,,,,
Sangster Elementary,5/05/2025,20038,Fat Free White Milk(Each),10,0,10,7,1,0,1,$0.33,0,0.00%,$0.00,$0.33,6,85.71%,$1.98,$2.31,,,,
Sangster Elementary,5/05/2025,30003,Honey Cheerios Cereal(Each),12,0,12,13,1,2,3,$1.77,0,0.00%,$0.00,$1.77,10,76.92%,$5.90,$7.67,,,,
Sangster Elementary,5/05/2025,30004,Blueberry Chex Cereal(Each),12,0,12,10,0,0,0,$0.00,0,0.00%,$0.00,$0.00,10,100.00%,$0.00,$0.00,,,,
Sangster Elementary,5/05/2025,30006,Cinnamon Chex Cereal(Each),12,0,12,1,1,0,1,$0.59,0,0.00%,$0.00,$0.59,0,0.00%,$0.00,$0.59,,,,
Sangster Elementary,5/05/2025,30007,"Cinnamon Toast Crunch Cereal, 25% Less Sugar(Each)",12,0,12,11,7,0,7,$4.13,0,0.00%,$0.00,$4.13,4,36.36%,$2.36,$6.49,,,,
Sangster Elementary,5/05/2025,30008,Apple Juice(Each),40,0,40,48,43,0,43,$7.31,0,0.00%,$0.00,$7.31,5,10.42%,$0.85,$8.16,,,,
Sangster Elementary,5/05/2025,30009,Orange Tangerine Juice(Each),40,0,40,27,27,0,27,$4.59,0,0.00%,$0.00,$4.59,0,0.00%,$0.00,$4.59,,,,
Sangster Elementary,5/05/2025,30051,Natural Grape Jam(Packet),30,0,30,30,5,0,5,$0.45,0,0.00%,$0.00,$0.45,25,83.33%,$2.25,$2.70,,,,
Sangster Elementary,5/05/2025,30093,Natural Breakfast Syrup(Each),30,0,30,30,10,0,10,$2.00,0,0.00%,$0.00,$2.00,20,66.67%,$4.00,$6.00,,,,
Sangster Elementary,5/05/2025,60034,Mandarin Orange Parfait(Parfait),8,0,8,12,1,0,1,$0.99,0,0.00%,$0.00,$0.99,11,91.67%,$10.89,$11.88,,,,
Saratoga Elementary,5/05/2025,10041,Mini Maple Pancakes(Package),131,0,131,102,98,0,98,$38.22,0,0.00%,$0.00,$38.22,4,3.92%,$1.56,$39.78,,,,
Saratoga Elementary,5/05/2025,20001,1% White Milk(Each),77,0,77,212,68,0,68,$24.48,0,0.00%,$0.00,$24.48,144,67.92%,$51.84,$76.32,,,,
Saratoga Elementary,5/05/2025,20038,Fat Free White Milk(Each),13,0,13,88,7,0,7,$2.31,0,0.00%,$0.00,$2.31,81,92.05%,$26.73,$29.04,,,,
Saratoga Elementary,5/05/2025,20047,Orange Slices(3 slices per 1/4 cup),41,0,41,67,54,0,54,$10.80,0,0.00%,$0.00,$10.80,13,19.40%,$2.60,$13.40,,,,
Saratoga Elementary,5/05/2025,30003,Honey Cheerios Cereal(Each),20,0,20,28,27,0,27,$15.93,0,0.00%,$0.00,$15.93,1,3.57%,$0.59,$16.52,,,,
Saratoga Elementary,5/05/2025,30004,Blueberry Chex Cereal(Each),0,0,0,18,14,0,14,$8.26,0,0.00%,$0.00,$8.26,4,22.22%,$2.36,$10.62,,,,
Saratoga Elementary,5/05/2025,30007,"Cinnamon Toast Crunch Cereal, 25% Less Sugar(Each)",20,0,20,19,5,0,5,$2.95,0,0.00%,$0.00,$2.95,14,73.68%,$8.26,$11.21,,,,
Saratoga Elementary,5/05/2025,30008,Apple Juice(Each),165,0,165,113,100,0,100,$17.00,0,0.00%,$0.00,$17.00,13,11.50%,$2.21,$19.21,,,,
Saratoga Elementary,5/05/2025,30009,Orange Tangerine Juice(Each),57,0,57,56,34,0,34,$5.78,0,0.00%,$0.00,$5.78,22,39.29%,$3.74,$9.52,,,,
Saratoga Elementary,5/05/2025,60034,Mandarin Orange Parfait(Parfait),14,0,14,7,6,0,6,$5.94,0,0.00%,$0.00,$5.94,1,14.29%,$0.99,$6.93,,,,
Shrevewood Elementary,5/05/2025,10020,Bagel(Bagel),78,0,78,19,16,0,16,$5.12,1,5.26%,$0.32,$5.44,2,10.53%,$0.64,$6.08,,,,
Shrevewood Elementary,5/05/2025,10041,Mini Maple Pancakes(Package),0,0,0,72,69,2,71,$27.69,0,0.00%,$0.00,$27.69,1,1.39%,$0.39,$28.08,,,,
Shrevewood Elementary,5/05/2025,20001,1% White Milk(Each),29,0,29,147,62,0,62,$22.32,0,0.00%,$0.00,$22.32,85,57.82%,$30.60,$52.92,,,,
Shrevewood Elementary,5/05/2025,20009,Cream Cheese(Each),58,0,58,36,36,0,36,$10.44,0,0.00%,$0.00,$10.44,0,0.00%,$0.00,$10.44,,,,
Shrevewood Elementary,5/05/2025,20014,Red Delicious Apple(Each - serving),6,0,6,20,15,0,15,$4.95,0,0.00%,$0.00,$4.95,5,25.00%,$1.65,$6.60,,,,
Shrevewood Elementary,5/05/2025,20038,Fat Free White Milk(Each),4,0,4,100,100,0,100,$33.00,0,0.00%,$0.00,$33.00,0,0.00%,$0.00,$33.00,,,,
Shrevewood Elementary,5/05/2025,20043,"Lactose Free, White Milk(Each)",0,0,0,1,1,0,1,$0.58,0,0.00%,$0.00,$0.58,0,0.00%,$0.00,$0.58,,,,
Shrevewood Elementary,5/05/2025,20047,Orange Slices(3 slices per 1/4 cup),16,0,16,16,16,0,16,$3.20,0,0.00%,$0.00,$3.20,0,0.00%,$0.00,$3.20,,,,
Shrevewood Elementary,5/05/2025,30003,Honey Cheerios Cereal(Each),0,0,0,24,9,0,9,$5.31,0,0.00%,$0.00,$5.31,15,62.50%,$8.85,$14.16,,,,
Shrevewood Elementary,5/05/2025,30004,Blueberry Chex Cereal(Each),0,0,0,24,9,0,9,$5.31,0,0.00%,$0.00,$5.31,15,62.50%,$8.85,$14.16,,,,
Shrevewood Elementary,5/05/2025,30006,Cinnamon Chex Cereal(Each),24,0,24,24,4,0,4,$2.36,0,0.00%,$0.00,$2.36,20,83.33%,$11.80,$14.16,,,,
Shrevewood Elementary,5/05/2025,30007,"Cinnamon Toast Crunch Cereal, 25% Less Sugar(Each)",0,0,0,24,13,0,13,$7.67,0,0.00%,$0.00,$7.67,11,45.83%,$6.49,$14.16,,,,
Shrevewood Elementary,5/05/2025,30008,Apple Juice(Each),0,0,0,62,62,0,62,$10.54,0,0.00%,$0.00,$10.54,0,0.00%,$0.00,$10.54,,,,
Shrevewood Elementary,5/05/2025,30009,Orange Tangerine Juice(Each),0,0,0,68,53,0,53,$9.01,0,0.00%,$0.00,$9.01,15,22.06%,$2.55,$11.56,,,,
Shrevewood Elementary,5/05/2025,30102,1% Unflavored Shelf-Stable Milk(Each),0,0,0,23,13,0,13,$4.94,0,0.00%,$0.00,$4.94,10,43.48%,$3.80,$8.74,,,,
Shrevewood Elementary,5/05/2025,60034,Mandarin Orange Parfait(Parfait),0,0,0,7,2,0,2,$1.98,0,0.00%,$0.00,$1.98,5,71.43%,$4.95,$6.93,,,,
Silverbrook Elementary,5/05/2025,10023,Blueberry Bread(1oz Grain (1/64 Baked Pan)),0,0,0,5,5,0,5,$2.05,0,0.00%,$0.00,$2.05,0,0.00%,$0.00,$2.05,,,,
Silverbrook Elementary,5/05/2025,10041,Mini Maple Pancakes(Package),32,0,32,38,32,0,32,$12.48,0,0.00%,$0.00,$12.48,6,15.79%,$2.34,$14.82,,,,
Silverbrook Elementary,5/05/2025,20001,1% White Milk(Each),27,0,27,27,19,0,19,$6.84,0,0.00%,$0.00,$6.84,8,29.63%,$2.88,$9.72,,,,
Silverbrook Elementary,5/05/2025,20014,Red Delicious Apple(Each - serving),24,0,24,24,18,0,18,$5.94,0,0.00%,$0.00,$5.94,6,25.00%,$1.98,$7.92,,,,
Silverbrook Elementary,5/05/2025,20017,Orange(6 Slices per 1/2 cup),10,0,10,20,6,0,6,$2.04,0,0.00%,$0.00,$2.04,14,70.00%,$4.76,$6.80,,,,
Silverbrook Elementary,5/05/2025,20038,Fat Free White Milk(Each),20,0,20,24,13,0,13,$4.29,0,0.00%,$0.00,$4.29,11,45.83%,$3.63,$7.92,,,,
Silverbrook Elementary,5/05/2025,20047,Orange Slices(3 slices per 1/4 cup),2,0,2,2,2,0,2,$0.40,0,0.00%,$0.00,$0.40,0,0.00%,$0.00,$0.40,,,,
Silverbrook Elementary,5/05/2025,30003,Honey Cheerios Cereal(Each),4,0,4,10,2,0,2,$1.18,0,0.00%,$0.00,$1.18,8,80.00%,$4.72,$5.90,,,,
Silverbrook Elementary,5/05/2025,30006,Cinnamon Chex Cereal(Each),6,0,6,8,2,0,2,$1.18,0,0.00%,$0.00,$1.18,6,75.00%,$3.54,$4.72,,,,
Silverbrook Elementary,5/05/2025,30007,"Cinnamon Toast Crunch Cereal, 25% Less Sugar(Each)",6,0,6,6,0,0,0,$0.00,0,0.00%,$0.00,$0.00,6,100.00%,$0.00,$0.00,,,,
Silverbrook Elementary,5/05/2025,30008,Apple Juice(Each),32,0,32,32,27,0,27,$4.59,0,0.00%,$0.00,$4.59,5,15.63%,$0.85,$5.44,,,,
Silverbrook Elementary,5/05/2025,30009,Orange Tangerine Juice(Each),20,0,20,22,16,0,16,$2.72,0,0.00%,$0.00,$2.72,6,27.27%,$1.02,$3.74,,,,
Silverbrook Elementary,5/05/2025,30108,Fat Free Unflavored Shelf-Stable Milk(Each),0,0,0,2,2,0,2,$0.76,0,0.00%,$0.00,$0.76,0,0.00%,$0.00,$0.76,,,,
Silverbrook Elementary,5/05/2025,60034,Mandarin Orange Parfait(Parfait),4,0,4,4,0,0,0,$0.00,0,0.00%,$0.00,$0.00,4,100.00%,$0.00,$0.00,,,,
Sleepy Hollow Elementary,5/05/2025,10020,Bagel(Bagel),117,0,117,22,7,0,7,$2.24,0,0.00%,$0.00,$2.24,15,68.18%,$4.80,$7.04,,,,
Sleepy Hollow Elementary,5/05/2025,10041,Mini Maple Pancakes(Package),0,0,0,144,132,0,132,$51.48,0,0.00%,$0.00,$51.48,12,8.33%,$4.68,$56.16,,,,
Sleepy Hollow Elementary,5/05/2025,20001,1% White Milk(Each),65,0,65,107,82,0,82,$29.52,0,0.00%,$0.00,$29.52,25,23.36%,$9.00,$38.52,,,,
Sleepy Hollow Elementary,5/05/2025,20009,Cream Cheese(Each),96,0,96,22,7,0,7,$2.03,0,0.00%,$0.00,$2.03,15,68.18%,$4.35,$6.38,,,,
Sleepy Hollow Elementary,5/05/2025,20014,Red Delicious Apple(Each - serving),30,0,30,35,32,0,32,$10.56,0,0.00%,$0.00,$10.56,3,8.57%,$0.99,$11.55,,,,
Sleepy Hollow Elementary,5/05/2025,20017,Orange(6 Slices per 1/2 cup),31,0,31,50,38,0,38,$12.92,0,0.00%,$0.00,$12.92,12,24.00%,$4.08,$17.00,,,,
Sleepy Hollow Elementary,5/05/2025,20038,Fat Free White Milk(Each),5,0,5,5,3,0,3,$0.99,0,0.00%,$0.00,$0.99,2,40.00%,$0.66,$1.65,,,,
Sleepy Hollow Elementary,5/05/2025,20047,Orange Slices(3 slices per 1/4 cup),7,0,7,7,7,0,7,$1.40,0,0.00%,$0.00,$1.40,0,0.00%,$0.00,$1.40,,,,
Sleepy Hollow Elementary,5/05/2025,30003,Honey Cheerios Cereal(Each),18,0,18,20,18,0,18,$10.62,0,0.00%,$0.00,$10.62,2,10.00%,$1.18,$11.80,,,,
Sleepy Hollow Elementary,5/05/2025,30004,Blueberry Chex Cereal(Each),32,0,32,20,19,0,19,$11.21,0,0.00%,$0.00,$11.21,1,5.00%,$0.59,$11.80,,,,
Sleepy Hollow Elementary,5/05/2025,30006,Cinnamon Chex Cereal(Each),22,0,22,20,19,0,19,$11.21,0,0.00%,$0.00,$11.21,1,5.00%,$0.59,$11.80,,,,
Sleepy Hollow Elementary,5/05/2025,30007,"Cinnamon Toast Crunch Cereal, 25% Less Sugar(Each)",20,0,20,20,19,0,19,$11.21,0,0.00%,$0.00,$11.21,1,5.00%,$0.59,$11.80,,,,
Sleepy Hollow Elementary,5/05/2025,30008,Apple Juice(Each),206,0,206,249,235,0,235,$39.95,0,0.00%,$0.00,$39.95,14,5.62%,$2.38,$42.33,,,,
Sleepy Hollow Elementary,5/05/2025,30009,Orange Tangerine Juice(Each),201,0,201,0,0,0,0,$0.00,0,0.00%,$0.00,$0.00,0,0.00%,$0.00,$0.00,,,,
Sleepy Hollow Elementary,5/05/2025,60034,Mandarin Orange Parfait(Parfait),14,0,14,27,6,0,6,$5.94,0,0.00%,$0.00,$5.94,21,77.78%,$20.79,$26.73,,,,
South County Middle,5/05/2025,10020,Bagel(Bagel),12,0,12,12,8,0,8,$2.56,0,0.00%,$0.00,$2.56,4,33.33%,$1.28,$3.84,,,,
South County Middle,5/05/2025,10041,Mini Maple Pancakes(Package),30,0,30,35,16,2,18,$7.02,0,0.00%,$0.00,$7.02,17,48.57%,$6.63,$13.65,,,,
South County Middle,5/05/2025,20001,1% White Milk(Each),30,0,30,30,3,0,3,$1.08,0,0.00%,$0.00,$1.08,27,90.00%,$9.72,$10.80,,,,
South County Middle,5/05/2025,20002,Fat Free Chocolate Milk(Each),50,0,50,54,1,0,1,$0.35,0,0.00%,$0.00,$0.35,53,98.15%,$18.55,$18.90,,,,
South County Middle,5/05/2025,20009,Cream Cheese(Each),12,0,12,12,8,0,8,$2.32,0,0.00%,$0.00,$2.32,4,33.33%,$1.16,$3.48,,,,
South County Middle,5/05/2025,20031,Banana(Each),5,0,5,5,0,0,0,$0.00,0,0.00%,$0.00,$0.00,5,100.00%,$0.00,$0.00,,,,
South County Middle,5/05/2025,20038,Fat Free White Milk(Each),20,0,20,20,0,0,0,$0.00,0,0.00%,$0.00,$0.00,20,100.00%,$0.00,$0.00,,,,
South County Middle,5/05/2025,30006,Cinnamon Chex Cereal(Each),5,0,5,5,3,0,3,$1.77,0,0.00%,$0.00,$1.77,2,40.00%,$1.18,$2.95,,,,
South County Middle,5/05/2025,30008,Apple Juice(Each),48,0,48,48,34,0,34,$5.78,0,0.00%,$0.00,$5.78,14,29.17%,$2.38,$8.16,,,,
South County Middle,5/05/2025,30009,Orange Tangerine Juice(Each),48,0,48,48,3,0,3,$0.51,0,0.00%,$0.00,$0.51,45,93.75%,$7.65,$8.16,,,,
South County Middle,5/05/2025,30093,Natural Breakfast Syrup(Each),30,0,30,35,18,0,18,$3.60,0,0.00%,$0.00,$3.60,17,48.57%,$3.40,$7.00,,,,
South County Middle,5/05/2025,30175,"Cereal, Cinnamon Toasters, Malt-O-Meal, IW (Sub)(1 Each)",4,0,4,4,1,0,1,$0.59,0,0.00%,$0.00,$0.59,3,75.00%,$1.77,$2.36,,,,
South County Middle,5/05/2025,30181,"Cereal, Cinnamon Toast Crunch 1 oz (Sub)(Each)",6,0,6,6,3,0,3,$0.96,0,0.00%,$0.00,$0.96,3,50.00%,$0.96,$1.92,,,,
South County Middle,5/05/2025,60004,Egg and American Cheese on English Muffin(Sandwich),4,0,4,4,3,0,3,$1.53,0,0.00%,$0.00,$1.53,1,25.00%,$0.51,$2.04,,,,
South County Middle,5/05/2025,60011,Turkey Sausage Breakfast Biscuit(Sandwich),4,0,4,4,3,0,3,$1.32,0,0.00%,$0.00,$1.32,1,25.00%,$0.44,$1.76,,,,
South Lakes High,5/05/2025,10041,Mini Maple Pancakes(Package),120,0,120,144,119,2,121,$47.19,0,0.00%,$0.00,$47.19,23,15.97%,$8.97,$56.16,,,,
South Lakes High,5/05/2025,20001,1% White Milk(Each),50,0,50,93,43,1,44,$15.84,0,0.00%,$0.00,$15.84,49,52.69%,$17.64,$33.48,,,,
South Lakes High,5/05/2025,20014,Red Delicious Apple(Each - serving),70,0,70,70,26,0,26,$8.58,0,0.00%,$0.00,$8.58,44,62.86%,$14.52,$23.10,,,,
South Lakes High,5/05/2025,20038,Fat Free White Milk(Each),25,0,25,34,5,0,5,$1.65,0,0.00%,$0.00,$1.65,29,85.29%,$9.57,$11.22,,,,
South Lakes High,5/05/2025,30003,Honey Cheerios Cereal(Each),30,0,30,30,8,0,8,$4.72,0,0.00%,$0.00,$4.72,22,73.33%,$12.98,$17.70,,,,
South Lakes High,5/05/2025,30004,Blueberry Chex Cereal(Each),10,0,10,10,4,0,4,$2.36,0,0.00%,$0.00,$2.36,6,60.00%,$3.54,$5.90,,,,
South Lakes High,5/05/2025,30006,Cinnamon Chex Cereal(Each),30,0,30,30,13,0,13,$7.67,0,0.00%,$0.00,$7.67,17,56.67%,$10.03,$17.70,,,,
South Lakes High,5/05/2025,30007,"Cinnamon Toast Crunch Cereal, 25% Less Sugar(Each)",40,0,40,40,22,2,24,$14.16,0,0.00%,$0.00,$14.16,16,40.00%,$9.44,$23.60,,,,
South Lakes High,5/05/2025,30008,Apple Juice(Each),175,0,175,175,137,5,142,$24.14,0,0.00%,$0.00,$24.14,33,18.86%,$5.61,$29.75,,,,
South Lakes High,5/05/2025,30009,Orange Tangerine Juice(Each),75,0,75,75,35,2,37,$6.29,0,0.00%,$0.00,$6.29,38,50.67%,$6.46,$12.75,,,,
South Lakes High,5/05/2025,30051,Natural Grape Jam(Packet),100,0,100,100,64,2,66,$5.94,0,0.00%,$0.00,$5.94,34,34.00%,$3.06,$9.00,,,,
South Lakes High,5/05/2025,30093,Natural Breakfast Syrup(Each),20,0,20,40,15,0,15,$3.00,0,0.00%,$0.00,$3.00,25,62.50%,$5.00,$8.00,,,,
South Lakes High,5/05/2025,60099,"Parfait, Triple Berry(Parfait)",0,0,0,15,11,0,11,$7.48,4,26.67%,$2.72,$10.20,0,0.00%,$0.00,$10.20,,,,
Spring Hill Elementary,5/05/2025,10041,Mini Maple Pancakes(Package),65,0,65,65,57,0,57,$22.23,1,1.54%,$0.39,$22.62,7,10.77%,$2.73,$25.35,,,,
Spring Hill Elementary,5/05/2025,20001,1% White Milk(Each),40,0,40,40,24,0,24,$8.64,0,0.00%,$0.00,$8.64,16,40.00%,$5.76,$14.40,,,,
Spring Hill Elementary,5/05/2025,20014,Red Delicious Apple(Each - serving),35,0,35,35,33,0,33,$10.89,0,0.00%,$0.00,$10.89,2,5.71%,$0.66,$11.55,,,,
Spring Hill Elementary,5/05/2025,20038,Fat Free White Milk(Each),18,0,18,18,10,0,10,$3.30,0,0.00%,$0.00,$3.30,8,44.44%,$2.64,$5.94,,,,
Spring Hill Elementary,5/05/2025,20047,Orange Slices(3 slices per 1/4 cup),0,0,0,0,0,0,0,$0.00,0,0.00%,$0.00,$0.00,0,0.00%,$0.00,$0.00,,,,
Spring Hill Elementary,5/05/2025,30004,Blueberry Chex Cereal(Each),10,0,10,10,6,0,6,$3.54,0,0.00%,$0.00,$3.54,4,40.00%,$2.36,$5.90,,,,
Spring Hill Elementary,5/05/2025,30006,Cinnamon Chex Cereal(Each),20,0,20,20,17,0,17,$10.03,0,0.00%,$0.00,$10.03,3,15.00%,$1.77,$11.80,,,,
Spring Hill Elementary,5/05/2025,30007,"Cinnamon Toast Crunch Cereal, 25% Less Sugar(Each)",20,0,20,20,16,0,16,$9.44,2,10.00%,$1.18,$10.62,2,10.00%,$1.18,$11.80,,,,
Spring Hill Elementary,5/05/2025,30008,Apple Juice(Each),60,0,60,70,62,0,62,$10.54,0,0.00%,$0.00,$10.54,8,11.43%,$1.36,$11.90,,,,
Spring Hill Elementary,5/05/2025,30009,Orange Tangerine Juice(Each),50,0,50,70,63,0,63,$10.71,0,0.00%,$0.00,$10.71,7,10.00%,$1.19,$11.90,,,,
Spring Hill Elementary,5/05/2025,60034,Mandarin Orange Parfait(Parfait),8,0,8,6,4,0,4,$3.96,0,0.00%,$0.00,$3.96,2,33.33%,$1.98,$5.94,,,,
Springfield Estates Elementary,5/05/2025,10020,Bagel(Bagel),0,0,0,22,22,0,22,$7.04,0,0.00%,$0.00,$7.04,0,0.00%,$0.00,$7.04,,,,
Springfield Estates Elementary,5/05/2025,10041,Mini Maple Pancakes(Package),42,0,42,56,43,0,43,$16.77,0,0.00%,$0.00,$16.77,13,23.21%,$5.07,$21.84,,,,
Springfield Estates Elementary,5/05/2025,20001,1% White Milk(Each),35,0,35,47,40,0,40,$14.40,0,0.00%,$0.00,$14.40,7,14.89%,$2.52,$16.92,,,,
Springfield Estates Elementary,5/05/2025,20009,Cream Cheese(Each),0,0,0,21,21,0,21,$6.09,0,0.00%,$0.00,$6.09,0,0.00%,$0.00,$6.09,,,,
Springfield Estates Elementary,5/05/2025,20017,Orange(6 Slices per 1/2 cup),10,0,10,25,16,0,16,$5.44,0,0.00%,$0.00,$5.44,9,36.00%,$3.06,$8.50,,,,
Springfield Estates Elementary,5/05/2025,20038,Fat Free White Milk(Each),8,0,8,9,2,0,2,$0.66,0,0.00%,$0.00,$0.66,7,77.78%,$2.31,$2.97,,,,
Springfield Estates Elementary,5/05/2025,20047,Orange Slices(3 slices per 1/4 cup),20,0,20,22,22,0,22,$4.40,0,0.00%,$0.00,$4.40,0,0.00%,$0.00,$4.40,,,,
Springfield Estates Elementary,5/05/2025,30003,Honey Cheerios Cereal(Each),14,0,14,20,20,0,20,$11.80,0,0.00%,$0.00,$11.80,0,0.00%,$0.00,$11.80,,,,
Springfield Estates Elementary,5/05/2025,30004,Blueberry Chex Cereal(Each),4,0,4,10,9,0,9,$5.31,0,0.00%,$0.00,$5.31,1,10.00%,$0.59,$5.90,,,,
Springfield Estates Elementary,5/05/2025,30006,Cinnamon Chex Cereal(Each),19,0,19,10,10,0,10,$5.90,0,0.00%,$0.00,$5.90,0,0.00%,$0.00,$5.90,,,,
Springfield Estates Elementary,5/05/2025,30008,Apple Juice(Each),52,0,52,80,47,0,47,$7.99,0,0.00%,$0.00,$7.99,33,41.25%,$5.61,$13.60,,,,
Springfield Estates Elementary,5/05/2025,30009,Orange Tangerine Juice(Each),14,0,14,20,20,0,20,$3.40,0,0.00%,$0.00,$3.40,0,0.00%,$0.00,$3.40,,,,
Springfield Estates Elementary,5/05/2025,30050,Natural Blackberry Jam(Packet),0,0,0,1,1,0,1,$0.15,0,0.00%,$0.00,$0.15,0,0.00%,$0.00,$0.15,,,,
Springfield Estates Elementary,5/05/2025,30051,Natural Grape Jam(Packet),0,0,0,25,5,0,5,$0.45,0,0.00%,$0.00,$0.45,20,80.00%,$1.80,$2.25,,,,
Springfield Estates Elementary,5/05/2025,30061,Chilled Mandarin Oranges(1/2 cup (drained)),0,0,0,10,10,0,10,$3.40,0,0.00%,$0.00,$3.40,0,0.00%,$0.00,$3.40,,,,
Springfield Estates Elementary,5/05/2025,30093,Natural Breakfast Syrup(Each),0,0,0,16,16,0,16,$3.20,0,0.00%,$0.00,$3.20,0,0.00%,$0.00,$3.20,,,,
Springfield Estates Elementary,5/05/2025,30097,Bottled Water(Bottle),0,0,0,1,1,0,1,$0.16,0,0.00%,$0.00,$0.16,0,0.00%,$0.00,$0.16,,,,
Springfield Estates Elementary,5/05/2025,60033,Peach Parfait(Parfait),0,0,0,2,2,0,2,$2.32,0,0.00%,$0.00,$2.32,0,0.00%,$0.00,$2.32,,,,
Stenwood Elementary,5/05/2025,10020,Bagel(Bagel),9,0,9,21,8,0,8,$2.56,0,0.00%,$0.00,$2.56,13,61.90%,$4.16,$6.72,,,,
Stenwood Elementary,5/05/2025,10021,Apple Cinnamon Bread(1oz Grain (1/64 Baked Pan)),0,0,0,15,9,0,9,$3.69,0,0.00%,$0.00,$3.69,6,40.00%,$2.46,$6.15,,,,
Stenwood Elementary,5/05/2025,10041,Mini Maple Pancakes(Package),0,0,0,25,23,0,23,$8.97,0,0.00%,$0.00,$8.97,2,8.00%,$0.78,$9.75,,,,
Stenwood Elementary,5/05/2025,20001,1% White Milk(Each),13,0,13,23,7,0,7,$2.52,0,0.00%,$0.00,$2.52,16,69.57%,$5.76,$8.28,,,,
Stenwood Elementary,5/05/2025,20009,Cream Cheese(Each),9,0,9,22,9,0,9,$2.61,0,0.00%,$0.00,$2.61,13,59.09%,$3.77,$6.38,,,,
Stenwood Elementary,5/05/2025,20014,Red Delicious Apple(Each - serving),15,0,15,17,11,0,11,$3.63,0,0.00%,$0.00,$3.63,6,35.29%,$1.98,$5.61,,,,
Stenwood Elementary,5/05/2025,20016,String Cheese(1 Stick),0,0,0,15,9,0,9,$1.98,0,0.00%,$0.00,$1.98,6,40.00%,$1.32,$3.30,,,,
Stenwood Elementary,5/05/2025,20038,Fat Free White Milk(Each),10,0,10,21,0,0,0,$0.00,0,0.00%,$0.00,$0.00,21,100.00%,$0.00,$0.00,,,,
Stenwood Elementary,5/05/2025,30004,Blueberry Chex Cereal(Each),4,0,4,4,0,0,0,$0.00,0,0.00%,$0.00,$0.00,4,100.00%,$0.00,$0.00,,,,
Stenwood Elementary,5/05/2025,30006,Cinnamon Chex Cereal(Each),8,0,8,25,3,0,3,$1.77,0,0.00%,$0.00,$1.77,22,88.00%,$12.98,$14.75,,,,
Stenwood Elementary,5/05/2025,30008,Apple Juice(Each),43,0,43,50,47,0,47,$7.99,0,0.00%,$0.00,$7.99,3,6.00%,$0.51,$8.50,,,,
Stenwood Elementary,5/05/2025,30009,Orange Tangerine Juice(Each),20,0,20,19,18,0,18,$3.06,0,0.00%,$0.00,$3.06,1,5.26%,$0.17,$3.23,,,,
Stenwood Elementary,5/05/2025,30108,Fat Free Unflavored Shelf-Stable Milk(Each),0,0,0,15,0,0,0,$0.00,0,0.00%,$0.00,$0.00,15,100.00%,$0.00,$0.00,,,,
Stenwood Elementary,5/05/2025,60032,Blueberry Parfait(Parfait),0,0,0,3,0,0,0,$0.00,0,0.00%,$0.00,$0.00,3,100.00%,$0.00,$0.00,,,,
Stenwood Elementary,5/05/2025,60165,Egg and American Cheese on Bagel(Sandwich),0,0,0,6,4,0,4,$2.32,2,33.33%,$1.16,$3.48,0,0.00%,$0.00,$3.48,,,,
Stone Middle,5/05/2025,10020,Bagel(Bagel),19,0,19,35,27,0,27,$8.64,0,0.00%,$0.00,$8.64,8,22.86%,$2.56,$11.20,,,,
Stone Middle,5/05/2025,10041,Mini Maple Pancakes(Package),0,0,0,29,27,1,28,$10.92,0,0.00%,$0.00,$10.92,1,3.45%,$0.39,$11.31,,,,
Stone Middle,5/05/2025,20001,1% White Milk(Each),13,0,13,10,8,0,8,$2.88,0,0.00%,$0.00,$2.88,2,20.00%,$0.72,$3.60,,,,
Stone Middle,5/05/2025,20009,Cream Cheese(Each),19,0,19,35,27,0,27,$7.83,0,0.00%,$0.00,$7.83,8,22.86%,$2.32,$10.15,,,,
Stone Middle,5/05/2025,20017,Orange(6 Slices per 1/2 cup),6,0,6,15,10,0,10,$3.40,0,0.00%,$0.00,$3.40,5,33.33%,$1.70,$5.10,,,,
Stone Middle,5/05/2025,30006,Cinnamon Chex Cereal(Each),9,0,9,10,9,1,10,$5.90,0,0.00%,$0.00,$5.90,0,0.00%,$0.00,$5.90,,,,
Stone Middle,5/05/2025,30007,"Cinnamon Toast Crunch Cereal, 25% Less Sugar(Each)",10,0,10,10,9,0,9,$5.31,0,0.00%,$0.00,$5.31,1,10.00%,$0.59,$5.90,,,,
Stone Middle,5/05/2025,30008,Apple Juice(Each),63,0,63,70,63,0,63,$10.71,0,0.00%,$0.00,$10.71,7,10.00%,$1.19,$11.90,,,,
Stone Middle,5/05/2025,30009,Orange Tangerine Juice(Each),8,0,8,20,12,0,12,$2.04,0,0.00%,$0.00,$2.04,8,40.00%,$1.36,$3.40,,,,
Stone Middle,5/05/2025,30108,Fat Free Unflavored Shelf-Stable Milk(Each),0,0,0,12,10,0,10,$3.80,0,0.00%,$0.00,$3.80,2,16.67%,$0.76,$4.56,,,,
Stone Middle,5/05/2025,60034,Mandarin Orange Parfait(Parfait),3,0,3,3,1,0,1,$0.99,0,0.00%,$0.00,$0.99,2,66.67%,$1.98,$2.97,,,,
Stratford Landing Elementary,5/05/2025,10041,Mini Maple Pancakes(Package),0,0,0,80,71,0,71,$27.69,0,0.00%,$0.00,$27.69,9,11.25%,$3.51,$31.20,,,,
Stratford Landing Elementary,5/05/2025,20001,1% White Milk(Each),143,0,143,69,34,0,34,$12.24,0,0.00%,$0.00,$12.24,35,50.72%,$12.60,$24.84,,,,
Stratford Landing Elementary,5/05/2025,20014,Red Delicious Apple(Each - serving),14,0,14,20,8,0,8,$2.64,0,0.00%,$0.00,$2.64,12,60.00%,$3.96,$6.60,,,,
Stratford Landing Elementary,5/05/2025,20017,Orange(6 Slices per 1/2 cup),17,0,17,0,0,0,0,$0.00,0,0.00%,$0.00,$0.00,0,0.00%,$0.00,$0.00,,,,
Stratford Landing Elementary,5/05/2025,20031,Banana(Each),15,0,15,0,0,0,0,$0.00,0,0.00%,$0.00,$0.00,0,0.00%,$0.00,$0.00,,,,
Stratford Landing Elementary,5/05/2025,20038,Fat Free White Milk(Each),6,0,6,63,8,0,8,$2.64,0,0.00%,$0.00,$2.64,55,87.30%,$18.15,$20.79,,,,
Stratford Landing Elementary,5/05/2025,20047,Orange Slices(3 slices per 1/4 cup),17,0,17,20,20,0,20,$4.00,0,0.00%,$0.00,$4.00,0,0.00%,$0.00,$4.00,,,,
Stratford Landing Elementary,5/05/2025,30003,Honey Cheerios Cereal(Each),27,0,27,0,0,0,0,$0.00,0,0.00%,$0.00,$0.00,0,0.00%,$0.00,$0.00,,,,
Stratford Landing Elementary,5/05/2025,30004,Blueberry Chex Cereal(Each),12,0,12,10,4,0,4,$2.36,0,0.00%,$0.00,$2.36,6,60.00%,$3.54,$5.90,,,,
Stratford Landing Elementary,5/05/2025,30006,Cinnamon Chex Cereal(Each),6,0,6,20,18,0,18,$10.62,0,0.00%,$0.00,$10.62,2,10.00%,$1.18,$11.80,,,,
Stratford Landing Elementary,5/05/2025,30007,"Cinnamon Toast Crunch Cereal, 25% Less Sugar(Each)",18,0,18,20,19,0,19,$11.21,0,0.00%,$0.00,$11.21,1,5.00%,$0.59,$11.80,,,,
Stratford Landing Elementary,5/05/2025,30008,Apple Juice(Each),78,0,78,53,53,0,53,$9.01,0,0.00%,$0.00,$9.01,0,0.00%,$0.00,$9.01,,,,
Stratford Landing Elementary,5/05/2025,30009,Orange Tangerine Juice(Each),62,0,62,62,62,0,62,$10.54,0,0.00%,$0.00,$10.54,0,0.00%,$0.00,$10.54,,,,
Stratford Landing Elementary,5/05/2025,60034,Mandarin Orange Parfait(Parfait),6,0,6,8,4,0,4,$3.96,0,0.00%,$0.00,$3.96,4,50.00%,$3.96,$7.92,,,,
Sunrise Valley Elementary,5/05/2025,10041,Mini Maple Pancakes(Package),42,0,42,49,48,0,48,$18.72,1,2.04%,$0.39,$19.11,0,0.00%,$0.00,$19.11,,,,
Sunrise Valley Elementary,5/05/2025,20001,1% White Milk(Each),14,0,14,7,2,0,2,$0.72,0,0.00%,$0.00,$0.72,5,71.43%,$1.80,$2.52,,,,
Sunrise Valley Elementary,5/05/2025,20014,Red Delicious Apple(Each - serving),12,0,12,12,9,0,9,$2.97,0,0.00%,$0.00,$2.97,3,25.00%,$0.99,$3.96,,,,
Sunrise Valley Elementary,5/05/2025,20017,Orange(6 Slices per 1/2 cup),12,0,12,8,4,0,4,$1.36,0,0.00%,$0.00,$1.36,4,50.00%,$1.36,$2.72,,,,
Sunrise Valley Elementary,5/05/2025,20047,Orange Slices(3 slices per 1/4 cup),2,0,2,1,1,0,1,$0.20,0,0.00%,$0.00,$0.20,0,0.00%,$0.00,$0.20,,,,
Sunrise Valley Elementary,5/05/2025,30003,Honey Cheerios Cereal(Each),12,0,12,12,2,0,2,$1.18,0,0.00%,$0.00,$1.18,10,83.33%,$5.90,$7.08,,,,
Sunrise Valley Elementary,5/05/2025,30004,Blueberry Chex Cereal(Each),12,0,12,12,1,0,1,$0.59,0,0.00%,$0.00,$0.59,11,91.67%,$6.49,$7.08,,,,
Sunrise Valley Elementary,5/05/2025,30006,Cinnamon Chex Cereal(Each),12,0,12,12,6,0,6,$3.54,0,0.00%,$0.00,$3.54,6,50.00%,$3.54,$7.08,,,,
Sunrise Valley Elementary,5/05/2025,30007,"Cinnamon Toast Crunch Cereal, 25% Less Sugar(Each)",12,0,12,12,9,0,9,$5.31,1,8.33%,$0.59,$5.90,2,16.67%,$1.18,$7.08,,,,
Sunrise Valley Elementary,5/05/2025,30008,Apple Juice(Each),57,0,57,73,53,0,53,$9.01,0,0.00%,$0.00,$9.01,20,27.40%,$3.40,$12.41,,,,
Sunrise Valley Elementary,5/05/2025,30009,Orange Tangerine Juice(Each),55,0,55,64,27,0,27,$4.59,0,0.00%,$0.00,$4.59,37,57.81%,$6.29,$10.88,,,,
Sunrise Valley Elementary,5/05/2025,30097,Bottled Water(Bottle),0,0,0,3,3,0,3,$0.48,0,0.00%,$0.00,$0.48,0,0.00%,$0.00,$0.48,,,,
Sunrise Valley Elementary,5/05/2025,30102,1% Unflavored Shelf-Stable Milk(Each),0,0,0,12,4,0,4,$1.52,0,0.00%,$0.00,$1.52,8,66.67%,$3.04,$4.56,,,,
Sunrise Valley Elementary,5/05/2025,30108,Fat Free Unflavored Shelf-Stable Milk(Each),0,0,0,10,3,0,3,$1.14,0,0.00%,$0.00,$1.14,7,70.00%,$2.66,$3.80,,,,
Sunrise Valley Elementary,5/05/2025,60034,Mandarin Orange Parfait(Parfait),5,0,5,6,2,0,2,$1.98,0,0.00%,$0.00,$1.98,4,66.67%,$3.96,$5.94,,,,
Terra Centre Elementary,5/05/2025,10040,Blueberry Muffin Top(Muffin Top),0,0,0,10,8,0,8,$3.36,2,20.00%,$0.84,$4.20,0,0.00%,$0.00,$4.20,,,,
Terra Centre Elementary,5/05/2025,10041,Mini Maple Pancakes(Package),34,0,34,43,37,4,41,$15.99,2,4.65%,$0.78,$16.77,0,0.00%,$0.00,$16.77,,,,
Terra Centre Elementary,5/05/2025,20001,1% White Milk(Each),36,0,36,71,33,0,33,$11.88,0,0.00%,$0.00,$11.88,38,53.52%,$13.68,$25.56,,,,
Terra Centre Elementary,5/05/2025,20014,Red Delicious Apple(Each - serving),3,0,3,10,2,0,2,$0.66,0,0.00%,$0.00,$0.66,8,80.00%,$2.64,$3.30,,,,
Terra Centre Elementary,5/05/2025,20017,Orange(6 Slices per 1/2 cup),5,0,5,10,5,0,5,$1.70,0,0.00%,$0.00,$1.70,5,50.00%,$1.70,$3.40,,,,
Terra Centre Elementary,5/05/2025,20031,Banana(Each),4,0,4,0,0,0,0,$0.00,0,0.00%,$0.00,$0.00,0,0.00%,$0.00,$0.00,,,,
Terra Centre Elementary,5/05/2025,20038,Fat Free White Milk(Each),4,0,4,12,5,0,5,$1.65,0,0.00%,$0.00,$1.65,7,58.33%,$2.31,$3.96,,,,
Terra Centre Elementary,5/05/2025,20047,Orange Slices(3 slices per 1/4 cup),23,0,23,23,23,0,23,$4.60,0,0.00%,$0.00,$4.60,0,0.00%,$0.00,$4.60,,,,
Terra Centre Elementary,5/05/2025,30003,Honey Cheerios Cereal(Each),2,0,2,0,0,0,0,$0.00,0,0.00%,$0.00,$0.00,0,0.00%,$0.00,$0.00,,,,
Terra Centre Elementary,5/05/2025,30004,Blueberry Chex Cereal(Each),2,0,2,10,2,0,2,$1.18,0,0.00%,$0.00,$1.18,8,80.00%,$4.72,$5.90,,,,
Terra Centre Elementary,5/05/2025,30006,Cinnamon Chex Cereal(Each),2,0,2,10,0,0,0,$0.00,0,0.00%,$0.00,$0.00,10,100.00%,$0.00,$0.00,,,,
Terra Centre Elementary,5/05/2025,30007,"Cinnamon Toast Crunch Cereal, 25% Less Sugar(Each)",2,0,2,10,5,0,5,$2.95,0,0.00%,$0.00,$2.95,5,50.00%,$2.95,$5.90,,,,
Terra Centre Elementary,5/05/2025,30008,Apple Juice(Each),25,0,25,43,28,5,33,$5.61,0,0.00%,$0.00,$5.61,10,23.26%,$1.70,$7.31,,,,
Terra Centre Elementary,5/05/2025,30009,Orange Tangerine Juice(Each),7,0,7,40,4,0,4,$0.68,0,0.00%,$0.00,$0.68,36,90.00%,$6.12,$6.80,,,,
Terra Centre Elementary,5/05/2025,30037,IW Applesauce Cup(Each),0,0,0,20,5,0,5,$1.35,0,0.00%,$0.00,$1.35,15,75.00%,$4.05,$5.40,,,,
Terra Centre Elementary,5/05/2025,30103,"Milk, Lactose Free,  Fat Free, Shelf-Stable(Each)",0,0,0,29,3,0,3,$1.44,0,0.00%,$0.00,$1.44,26,89.66%,$12.48,$13.92,,,,
Terra Centre Elementary,5/05/2025,60034,Mandarin Orange Parfait(Parfait),2,0,2,5,0,0,0,$0.00,0,0.00%,$0.00,$0.00,5,100.00%,$0.00,$0.00,,,,
Terraset Elementary,5/05/2025,10020,Bagel(Bagel),0,0,0,64,64,0,64,$20.48,0,0.00%,$0.00,$20.48,0,0.00%,$0.00,$20.48,,,,
Terraset Elementary,5/05/2025,20001,1% White Milk(Each),68,0,68,170,31,0,31,$11.16,0,0.00%,$0.00,$11.16,139,81.76%,$50.04,$61.20,,,,
Terraset Elementary,5/05/2025,20009,Cream Cheese(Each),0,0,0,64,61,0,61,$17.69,0,0.00%,$0.00,$17.69,3,4.69%,$0.87,$18.56,,,,
Terraset Elementary,5/05/2025,20038,Fat Free White Milk(Each),12,0,12,48,15,0,15,$4.95,0,0.00%,$0.00,$4.95,33,68.75%,$10.89,$15.84,,,,
Terraset Elementary,5/05/2025,20043,"Lactose Free, White Milk(Each)",0,0,0,1,1,0,1,$0.58,0,0.00%,$0.00,$0.58,0,0.00%,$0.00,$0.58,,,,
Terraset Elementary,5/05/2025,20047,Orange Slices(3 slices per 1/4 cup),19,0,19,16,16,0,16,$3.20,0,0.00%,$0.00,$3.20,0,0.00%,$0.00,$3.20,,,,
Terraset Elementary,5/05/2025,30004,Blueberry Chex Cereal(Each),12,0,12,48,10,0,10,$5.90,0,0.00%,$0.00,$5.90,38,79.17%,$22.42,$28.32,,,,
Terraset Elementary,5/05/2025,30006,Cinnamon Chex Cereal(Each),12,0,12,24,8,0,8,$4.72,0,0.00%,$0.00,$4.72,16,66.67%,$9.44,$14.16,,,,
Terraset Elementary,5/05/2025,30007,"Cinnamon Toast Crunch Cereal, 25% Less Sugar(Each)",12,0,12,24,24,0,24,$14.16,0,0.00%,$0.00,$14.16,0,0.00%,$0.00,$14.16,,,,
Terraset Elementary,5/05/2025,30008,Apple Juice(Each),86,0,86,120,94,0,94,$15.98,0,0.00%,$0.00,$15.98,26,21.67%,$4.42,$20.40,,,,
Terraset Elementary,5/05/2025,60034,Mandarin Orange Parfait(Parfait),12,0,12,12,8,0,8,$7.92,0,0.00%,$0.00,$7.92,4,33.33%,$3.96,$11.88,,,,
Terraset Elementary,5/05/2025,60090,Assorted Craisins(Packet),40,0,40,48,45,0,45,$10.80,0,0.00%,$0.00,$10.80,3,6.25%,$0.72,$11.52,,,,
Thoreau Middle,5/05/2025,10041,Mini Maple Pancakes(Package),40,0,40,40,20,0,20,$7.80,0,0.00%,$0.00,$7.80,20,50.00%,$7.80,$15.60,,,,
Thoreau Middle,5/05/2025,20001,1% White Milk(Each),10,0,10,5,0,0,0,$0.00,0,0.00%,$0.00,$0.00,5,100.00%,$0.00,$0.00,,,,
Thoreau Middle,5/05/2025,20014,Red Delicious Apple(Each - serving),5,0,5,5,0,0,0,$0.00,0,0.00%,$0.00,$0.00,5,100.00%,$0.00,$0.00,,,,
Thoreau Middle,5/05/2025,20017,Orange(6 Slices per 1/2 cup),5,0,5,5,0,0,0,$0.00,0,0.00%,$0.00,$0.00,5,100.00%,$0.00,$0.00,,,,
Thoreau Middle,5/05/2025,20031,Banana(Each),5,0,5,5,0,0,0,$0.00,0,0.00%,$0.00,$0.00,5,100.00%,$0.00,$0.00,,,,
Thoreau Middle,5/05/2025,20038,Fat Free White Milk(Each),10,0,10,5,0,0,0,$0.00,0,0.00%,$0.00,$0.00,5,100.00%,$0.00,$0.00,,,,
Thoreau Middle,5/05/2025,30003,Honey Cheerios Cereal(Each),10,0,10,10,0,0,0,$0.00,0,0.00%,$0.00,$0.00,10,100.00%,$0.00,$0.00,,,,
Thoreau Middle,5/05/2025,30004,Blueberry Chex Cereal(Each),5,0,5,10,0,0,0,$0.00,0,0.00%,$0.00,$0.00,10,100.00%,$0.00,$0.00,,,,
Thoreau Middle,5/05/2025,30006,Cinnamon Chex Cereal(Each),5,0,5,10,0,0,0,$0.00,0,0.00%,$0.00,$0.00,10,100.00%,$0.00,$0.00,,,,
Thoreau Middle,5/05/2025,30007,"Cinnamon Toast Crunch Cereal, 25% Less Sugar(Each)",20,0,20,10,0,0,0,$0.00,0,0.00%,$0.00,$0.00,10,100.00%,$0.00,$0.00,,,,
Thoreau Middle,5/05/2025,30008,Apple Juice(Each),40,0,40,40,20,0,20,$3.40,0,0.00%,$0.00,$3.40,20,50.00%,$3.40,$6.80,,,,
Thoreau Middle,5/05/2025,30009,Orange Tangerine Juice(Each),0,0,0,10,0,0,0,$0.00,0,0.00%,$0.00,$0.00,10,100.00%,$0.00,$0.00,,,,
Thoreau Middle,5/05/2025,30051,Natural Grape Jam(Packet),0,0,0,10,0,0,0,$0.00,0,0.00%,$0.00,$0.00,10,100.00%,$0.00,$0.00,,,,
Thoreau Middle,5/05/2025,30093,Natural Breakfast Syrup(Each),4,0,4,40,20,0,20,$4.00,0,0.00%,$0.00,$4.00,20,50.00%,$4.00,$8.00,,,,
Thoreau Middle,5/05/2025,60034,Mandarin Orange Parfait(Parfait),0,0,0,0,0,0,0,$0.00,0,0.00%,$0.00,$0.00,0,0.00%,$0.00,$0.00,,,,
Timber Lane Elementary,5/05/2025,10041,Mini Maple Pancakes(Package),165,0,165,159,139,0,139,$54.21,0,0.00%,$0.00,$54.21,20,12.58%,$7.80,$62.01,,,,
Timber Lane Elementary,5/05/2025,20001,1% White Milk(Each),153,0,153,168,67,0,67,$24.12,0,0.00%,$0.00,$24.12,101,60.12%,$36.36,$60.48,,,,
Timber Lane Elementary,5/05/2025,20038,Fat Free White Milk(Each),50,0,50,72,21,0,21,$6.93,0,0.00%,$0.00,$6.93,51,70.83%,$16.83,$23.76,,,,
Timber Lane Elementary,5/05/2025,20043,"Lactose Free, White Milk(Each)",2,0,2,2,2,0,2,$1.16,0,0.00%,$0.00,$1.16,0,0.00%,$0.00,$1.16,,,,
Timber Lane Elementary,5/05/2025,20047,Orange Slices(3 slices per 1/4 cup),50,0,50,47,47,0,47,$9.40,0,0.00%,$0.00,$9.40,0,0.00%,$0.00,$9.40,,,,
Timber Lane Elementary,5/05/2025,30003,Honey Cheerios Cereal(Each),18,0,18,18,10,0,10,$5.90,0,0.00%,$0.00,$5.90,8,44.44%,$4.72,$10.62,,,,
Timber Lane Elementary,5/05/2025,30004,Blueberry Chex Cereal(Each),18,0,18,18,11,0,11,$6.49,0,0.00%,$0.00,$6.49,7,38.89%,$4.13,$10.62,,,,
Timber Lane Elementary,5/05/2025,30006,Cinnamon Chex Cereal(Each),18,0,18,18,11,0,11,$6.49,0,0.00%,$0.00,$6.49,7,38.89%,$4.13,$10.62,,,,
Timber Lane Elementary,5/05/2025,30007,"Cinnamon Toast Crunch Cereal, 25% Less Sugar(Each)",18,0,18,18,11,0,11,$6.49,0,0.00%,$0.00,$6.49,7,38.89%,$4.13,$10.62,,,,
Timber Lane Elementary,5/05/2025,30008,Apple Juice(Each),160,0,160,160,126,0,126,$21.42,0,0.00%,$0.00,$21.42,34,21.25%,$5.78,$27.20,,,,
Timber Lane Elementary,5/05/2025,30044,Strawberry Flavored Dried Cranberries(2 Eaches),0,0,0,60,53,0,53,$25.44,0,0.00%,$0.00,$25.44,7,11.67%,$3.36,$28.80,,,,
Timber Lane Elementary,5/05/2025,30093,Natural Breakfast Syrup(Each),0,0,0,100,60,0,60,$12.00,0,0.00%,$0.00,$12.00,40,40.00%,$8.00,$20.00,,,,
Timber Lane Elementary,5/05/2025,60034,Mandarin Orange Parfait(Parfait),10,0,10,6,3,0,3,$2.97,0,0.00%,$0.00,$2.97,3,50.00%,$2.97,$5.94,,,,
Twain Middle,5/05/2025,10041,Mini Maple Pancakes(Package),0,0,0,35,31,0,31,$12.09,0,0.00%,$0.00,$12.09,4,11.43%,$1.56,$13.65,,,,
Twain Middle,5/05/2025,20014,Red Delicious Apple(Each - serving),7,0,7,5,2,0,2,$0.66,0,0.00%,$0.00,$0.66,3,60.00%,$0.99,$1.65,,,,
Twain Middle,5/05/2025,20038,Fat Free White Milk(Each),11,0,11,2,2,0,2,$0.66,0,0.00%,$0.00,$0.66,0,0.00%,$0.00,$0.66,,,,
Twain Middle,5/05/2025,30003,Honey Cheerios Cereal(Each),0,0,0,5,4,0,4,$2.36,0,0.00%,$0.00,$2.36,1,20.00%,$0.59,$2.95,,,,
Twain Middle,5/05/2025,30004,Blueberry Chex Cereal(Each),15,0,15,18,2,0,2,$1.18,0,0.00%,$0.00,$1.18,16,88.89%,$9.44,$10.62,,,,
Twain Middle,5/05/2025,30006,Cinnamon Chex Cereal(Each),18,0,18,21,7,0,7,$4.13,0,0.00%,$0.00,$4.13,14,66.67%,$8.26,$12.39,,,,
Twain Middle,5/05/2025,30007,"Cinnamon Toast Crunch Cereal, 25% Less Sugar(Each)",23,0,23,24,3,0,3,$1.77,0,0.00%,$0.00,$1.77,21,87.50%,$12.39,$14.16,,,,
Twain Middle,5/05/2025,30008,Apple Juice(Each),200,0,200,70,49,0,49,$8.33,0,0.00%,$0.00,$8.33,21,30.00%,$3.57,$11.90,,,,
Twain Middle,5/05/2025,30102,1% Unflavored Shelf-Stable Milk(Each),0,0,0,12,6,0,6,$2.28,0,0.00%,$0.00,$2.28,6,50.00%,$2.28,$4.56,,,,
Union Mill Elementary,5/05/2025,10041,Mini Maple Pancakes(Package),30,0,30,40,29,0,29,$11.31,0,0.00%,$0.00,$11.31,11,27.50%,$4.29,$15.60,,,,
Union Mill Elementary,5/05/2025,20001,1% White Milk(Each),30,0,30,27,12,0,12,$4.32,0,0.00%,$0.00,$4.32,15,55.56%,$5.40,$9.72,,,,
Union Mill Elementary,5/05/2025,20014,Red Delicious Apple(Each - serving),10,0,10,9,1,0,1,$0.33,0,0.00%,$0.00,$0.33,8,88.89%,$2.64,$2.97,,,,
Union Mill Elementary,5/05/2025,30003,Honey Cheerios Cereal(Each),12,0,12,12,1,0,1,$0.59,0,0.00%,$0.00,$0.59,11,91.67%,$6.49,$7.08,,,,
Union Mill Elementary,5/05/2025,30004,Blueberry Chex Cereal(Each),12,0,12,12,3,0,3,$1.77,0,0.00%,$0.00,$1.77,9,75.00%,$5.31,$7.08,,,,
Union Mill Elementary,5/05/2025,30006,Cinnamon Chex Cereal(Each),12,0,12,12,6,0,6,$3.54,0,0.00%,$0.00,$3.54,6,50.00%,$3.54,$7.08,,,,
Union Mill Elementary,5/05/2025,30007,"Cinnamon Toast Crunch Cereal, 25% Less Sugar(Each)",12,0,12,12,9,0,9,$5.31,0,0.00%,$0.00,$5.31,3,25.00%,$1.77,$7.08,,,,
Union Mill Elementary,5/05/2025,30008,Apple Juice(Each),40,0,40,41,36,0,36,$6.12,0,0.00%,$0.00,$6.12,5,12.20%,$0.85,$6.97,,,,
Union Mill Elementary,5/05/2025,30009,Orange Tangerine Juice(Each),30,0,30,32,14,0,14,$2.38,0,0.00%,$0.00,$2.38,18,56.25%,$3.06,$5.44,,,,
Union Mill Elementary,5/05/2025,30051,Natural Grape Jam(Packet),9,0,9,20,0,0,0,$0.00,0,0.00%,$0.00,$0.00,20,100.00%,$0.00,$0.00,,,,
Union Mill Elementary,5/05/2025,30093,Natural Breakfast Syrup(Each),11,0,11,20,10,0,10,$2.00,0,0.00%,$0.00,$2.00,10,50.00%,$2.00,$4.00,,,,
Union Mill Elementary,5/05/2025,30103,"Milk, Lactose Free,  Fat Free, Shelf-Stable(Each)",0,0,0,8,0,0,0,$0.00,0,0.00%,$0.00,$0.00,8,100.00%,$0.00,$0.00,,,,
Union Mill Elementary,5/05/2025,60034,Mandarin Orange Parfait(Parfait),5,0,5,5,2,0,2,$1.98,0,0.00%,$0.00,$1.98,3,60.00%,$2.97,$4.95,,,,
Vienna Elementary,5/05/2025,10040,Blueberry Muffin Top(Muffin Top),5,0,5,5,3,2,5,$2.10,0,0.00%,$0.00,$2.10,0,0.00%,$0.00,$2.10,,,,
Vienna Elementary,5/05/2025,10041,Mini Maple Pancakes(Package),20,5,25,32,16,1,17,$6.63,0,0.00%,$0.00,$6.63,15,46.88%,$5.85,$12.48,,,,
Vienna Elementary,5/05/2025,20001,1% White Milk(Each),4,0,4,4,3,0,3,$1.08,0,0.00%,$0.00,$1.08,1,25.00%,$0.36,$1.44,,,,
Vienna Elementary,5/05/2025,20014,Red Delicious Apple(Each - serving),15,0,15,12,9,0,9,$2.97,0,0.00%,$0.00,$2.97,3,25.00%,$0.99,$3.96,,,,
Vienna Elementary,5/05/2025,20016,String Cheese(1 Stick),5,0,5,10,8,0,8,$1.76,0,0.00%,$0.00,$1.76,2,20.00%,$0.44,$2.20,,,,
Vienna Elementary,5/05/2025,20017,Orange(6 Slices per 1/2 cup),10,0,10,12,12,0,12,$4.08,0,0.00%,$0.00,$4.08,0,0.00%,$0.00,$4.08,,,,
Vienna Elementary,5/05/2025,20038,Fat Free White Milk(Each),2,0,2,8,4,0,4,$1.32,0,0.00%,$0.00,$1.32,4,50.00%,$1.32,$2.64,,,,
Vienna Elementary,5/05/2025,20047,Orange Slices(3 slices per 1/4 cup),0,0,0,0,0,0,0,$0.00,0,0.00%,$0.00,$0.00,0,0.00%,$0.00,$0.00,,,,
Vienna Elementary,5/05/2025,30004,Blueberry Chex Cereal(Each),2,0,2,4,0,0,0,$0.00,0,0.00%,$0.00,$0.00,4,100.00%,$0.00,$0.00,,,,
Vienna Elementary,5/05/2025,30006,Cinnamon Chex Cereal(Each),2,0,2,10,2,0,2,$1.18,0,0.00%,$0.00,$1.18,8,80.00%,$4.72,$5.90,,,,
Vienna Elementary,5/05/2025,30007,"Cinnamon Toast Crunch Cereal, 25% Less Sugar(Each)",4,0,4,10,7,0,7,$4.13,0,0.00%,$0.00,$4.13,3,30.00%,$1.77,$5.90,,,,
Vienna Elementary,5/05/2025,30008,Apple Juice(Each),15,5,20,26,16,2,18,$3.06,0,0.00%,$0.00,$3.06,8,30.77%,$1.36,$4.42,,,,
Vienna Elementary,5/05/2025,30009,Orange Tangerine Juice(Each),12,5,17,26,10,0,10,$1.70,0,0.00%,$0.00,$1.70,16,61.54%,$2.72,$4.42,,,,
Vienna Elementary,5/05/2025,30093,Natural Breakfast Syrup(Each),0,0,0,20,13,0,13,$2.60,0,0.00%,$0.00,$2.60,7,35.00%,$1.40,$4.00,,,,
Vienna Elementary,5/05/2025,60034,Mandarin Orange Parfait(Parfait),4,0,4,4,3,1,4,$3.96,0,0.00%,$0.00,$3.96,0,0.00%,$0.00,$3.96,,,,
Vienna Elementary,5/05/2025,60178,Apple Cinnamon Bread (Grain for entree)(1 square),0,0,0,5,4,1,5,$2.05,0,0.00%,$0.00,$2.05,0,0.00%,$0.00,$2.05,,,,
Virginia Run Elementary,5/05/2025,10020,Bagel(Bagel),0,0,0,13,13,0,13,$4.16,0,0.00%,$0.00,$4.16,0,0.00%,$0.00,$4.16,,,,
Virginia Run Elementary,5/05/2025,10041,Mini Maple Pancakes(Package),39,0,39,81,68,0,68,$26.52,1,1.23%,$0.39,$26.91,12,14.81%,$4.68,$31.59,,,,
Virginia Run Elementary,5/05/2025,20001,1% White Milk(Each),115,0,115,146,96,0,96,$34.56,0,0.00%,$0.00,$34.56,50,34.25%,$18.00,$52.56,,,,
Virginia Run Elementary,5/05/2025,20009,Cream Cheese(Each),0,0,0,13,13,0,13,$3.77,0,0.00%,$0.00,$3.77,0,0.00%,$0.00,$3.77,,,,
Virginia Run Elementary,5/05/2025,20038,Fat Free White Milk(Each),21,0,21,58,23,0,23,$7.59,0,0.00%,$0.00,$7.59,35,60.34%,$11.55,$19.14,,,,
Virginia Run Elementary,5/05/2025,20043,"Lactose Free, White Milk(Each)",0,0,0,2,2,0,2,$1.16,0,0.00%,$0.00,$1.16,0,0.00%,$0.00,$1.16,,,,
Virginia Run Elementary,5/05/2025,20047,Orange Slices(3 slices per 1/4 cup),18,0,18,13,13,0,13,$2.60,0,0.00%,$0.00,$2.60,0,0.00%,$0.00,$2.60,,,,
Virginia Run Elementary,5/05/2025,30003,Honey Cheerios Cereal(Each),40,0,40,36,17,0,17,$10.03,0,0.00%,$0.00,$10.03,19,52.78%,$11.21,$21.24,,,,
Virginia Run Elementary,5/05/2025,30004,Blueberry Chex Cereal(Each),8,0,8,18,6,0,6,$3.54,0,0.00%,$0.00,$3.54,12,66.67%,$7.08,$10.62,,,,
Virginia Run Elementary,5/05/2025,30006,Cinnamon Chex Cereal(Each),28,0,28,36,19,0,19,$11.21,0,0.00%,$0.00,$11.21,17,47.22%,$10.03,$21.24,,,,
Virginia Run Elementary,5/05/2025,30007,"Cinnamon Toast Crunch Cereal, 25% Less Sugar(Each)",61,0,61,54,41,0,41,$24.19,0,0.00%,$0.00,$24.19,13,24.07%,$7.67,$31.86,,,,
Virginia Run Elementary,5/05/2025,30008,Apple Juice(Each),143,0,143,160,130,0,130,$22.10,0,0.00%,$0.00,$22.10,30,18.75%,$5.10,$27.20,,,,
Virginia Run Elementary,5/05/2025,30009,Orange Tangerine Juice(Each),37,0,37,65,21,0,21,$3.57,0,0.00%,$0.00,$3.57,44,67.69%,$7.48,$11.05,,,,
Virginia Run Elementary,5/05/2025,60034,Mandarin Orange Parfait(Parfait),5,0,5,6,3,0,3,$2.97,0,0.00%,$0.00,$2.97,3,50.00%,$2.97,$5.94,,,,
WESTFIELD HS,5/05/2025,10020,Bagel(Bagel),120,0,120,140,135,2,137,$43.84,0,0.00%,$0.00,$43.84,3,2.14%,$0.96,$44.80,,,,
WESTFIELD HS,5/05/2025,10041,Mini Maple Pancakes(Package),0,0,0,91,82,0,82,$31.98,0,0.00%,$0.00,$31.98,9,9.89%,$3.51,$35.49,,,,
WESTFIELD HS,5/05/2025,20001,1% White Milk(Each),31,0,31,30,21,0,21,$7.56,0,0.00%,$0.00,$7.56,9,30.00%,$3.24,$10.80,,,,
WESTFIELD HS,5/05/2025,20009,Cream Cheese(Each),120,0,120,140,135,2,137,$39.73,0,0.00%,$0.00,$39.73,3,2.14%,$0.87,$40.60,,,,
WESTFIELD HS,5/05/2025,20014,Red Delicious Apple(Each - serving),23,0,23,40,22,0,22,$7.26,0,0.00%,$0.00,$7.26,18,45.00%,$5.94,$13.20,,,,
WESTFIELD HS,5/05/2025,20038,Fat Free White Milk(Each),19,0,19,42,29,0,29,$9.57,0,0.00%,$0.00,$9.57,13,30.95%,$4.29,$13.86,,,,
WESTFIELD HS,5/05/2025,30003,Honey Cheerios Cereal(Each),9,0,9,10,9,0,9,$5.31,0,0.00%,$0.00,$5.31,1,10.00%,$0.59,$5.90,,,,
WESTFIELD HS,5/05/2025,30006,Cinnamon Chex Cereal(Each),29,0,29,40,34,2,36,$21.24,0,0.00%,$0.00,$21.24,4,10.00%,$2.36,$23.60,,,,
WESTFIELD HS,5/05/2025,30008,Apple Juice(Each),282,0,282,300,275,0,275,$46.75,0,0.00%,$0.00,$46.75,25,8.33%,$4.25,$51.00,,,,
WESTFIELD HS,5/05/2025,60034,Mandarin Orange Parfait(Parfait),23,0,23,35,23,0,23,$22.77,0,0.00%,$0.00,$22.77,12,34.29%,$11.88,$34.65,,,,
Wakefield Forest Elementary,5/05/2025,10041,Mini Maple Pancakes(Package),0,0,0,74,52,2,54,$21.06,0,0.00%,$0.00,$21.06,20,27.03%,$7.80,$28.86,,,,
Wakefield Forest Elementary,5/05/2025,20001,1% White Milk(Each),8,0,8,130,13,0,13,$4.68,0,0.00%,$0.00,$4.68,117,90.00%,$42.12,$46.80,,,,
Wakefield Forest Elementary,5/05/2025,20014,Red Delicious Apple(Each - serving),7,0,7,0,0,0,0,$0.00,0,0.00%,$0.00,$0.00,0,0.00%,$0.00,$0.00,,,,
Wakefield Forest Elementary,5/05/2025,20017,Orange(6 Slices per 1/2 cup),0,0,0,5,2,0,2,$0.68,0,0.00%,$0.00,$0.68,3,60.00%,$1.02,$1.70,,,,
Wakefield Forest Elementary,5/05/2025,20031,Banana(Each),2,0,2,0,0,0,0,$0.00,0,0.00%,$0.00,$0.00,0,0.00%,$0.00,$0.00,,,,
Wakefield Forest Elementary,5/05/2025,20038,Fat Free White Milk(Each),3,0,3,26,7,0,7,$2.31,0,0.00%,$0.00,$2.31,19,73.08%,$6.27,$8.58,,,,
Wakefield Forest Elementary,5/05/2025,30003,Honey Cheerios Cereal(Each),11,0,11,11,8,0,8,$4.72,0,0.00%,$0.00,$4.72,3,27.27%,$1.77,$6.49,,,,
Wakefield Forest Elementary,5/05/2025,30004,Blueberry Chex Cereal(Each),3,0,3,6,6,0,6,$3.54,0,0.00%,$0.00,$3.54,0,0.00%,$0.00,$3.54,,,,
Wakefield Forest Elementary,5/05/2025,30007,"Cinnamon Toast Crunch Cereal, 25% Less Sugar(Each)",8,0,8,6,6,0,6,$3.54,0,0.00%,$0.00,$3.54,0,0.00%,$0.00,$3.54,,,,
Wakefield Forest Elementary,5/05/2025,30008,Apple Juice(Each),27,0,27,40,40,0,40,$6.80,0,0.00%,$0.00,$6.80,0,0.00%,$0.00,$6.80,,,,
Wakefield Forest Elementary,5/05/2025,30009,Orange Tangerine Juice(Each),24,0,24,40,34,0,34,$5.78,0,0.00%,$0.00,$5.78,6,15.00%,$1.02,$6.80,,,,
Wakefield Forest Elementary,5/05/2025,60034,Mandarin Orange Parfait(Parfait),2,0,2,7,2,2,4,$3.96,0,0.00%,$0.00,$3.96,3,42.86%,$2.97,$6.93,,,,
Waples Mill Elementary,5/05/2025,10041,Mini Maple Pancakes(Package),24,0,24,32,25,0,25,$9.75,0,0.00%,$0.00,$9.75,7,21.88%,$2.73,$12.48,,,,
Waples Mill Elementary,5/05/2025,20001,1% White Milk(Each),8,0,8,1,1,0,1,$0.36,0,0.00%,$0.00,$0.36,0,0.00%,$0.00,$0.36,,,,
Waples Mill Elementary,5/05/2025,20014,Red Delicious Apple(Each - serving),4,0,4,6,6,0,6,$1.98,0,0.00%,$0.00,$1.98,0,0.00%,$0.00,$1.98,,,,
Waples Mill Elementary,5/05/2025,20038,Fat Free White Milk(Each),3,0,3,0,0,0,0,$0.00,0,0.00%,$0.00,$0.00,0,0.00%,$0.00,$0.00,,,,
Waples Mill Elementary,5/05/2025,20047,Orange Slices(3 slices per 1/4 cup),0,0,0,0,0,0,0,$0.00,0,0.00%,$0.00,$0.00,0,0.00%,$0.00,$0.00,,,,
Waples Mill Elementary,5/05/2025,30003,Honey Cheerios Cereal(Each),7,0,7,10,10,0,10,$5.90,0,0.00%,$0.00,$5.90,0,0.00%,$0.00,$5.90,,,,
Waples Mill Elementary,5/05/2025,30004,Blueberry Chex Cereal(Each),2,0,2,10,8,0,8,$4.72,0,0.00%,$0.00,$4.72,2,20.00%,$1.18,$5.90,,,,
Waples Mill Elementary,5/05/2025,30008,Apple Juice(Each),25,0,25,30,29,0,29,$4.93,0,0.00%,$0.00,$4.93,1,3.33%,$0.17,$5.10,,,,
Waples Mill Elementary,5/05/2025,30009,Orange Tangerine Juice(Each),12,0,12,10,10,0,10,$1.70,0,0.00%,$0.00,$1.70,0,0.00%,$0.00,$1.70,,,,
Waples Mill Elementary,5/05/2025,30102,1% Unflavored Shelf-Stable Milk(Each),0,0,0,8,6,0,6,$2.28,0,0.00%,$0.00,$2.28,2,25.00%,$0.76,$3.04,,,,
Waples Mill Elementary,5/05/2025,60034,Mandarin Orange Parfait(Parfait),1,0,1,5,2,0,2,$1.98,0,0.00%,$0.00,$1.98,3,60.00%,$2.97,$4.95,,,,
Washington Mill Elementary,5/05/2025,10041,Mini Maple Pancakes(Package),189,0,189,216,213,0,213,$83.07,0,0.00%,$0.00,$83.07,3,1.39%,$1.17,$84.24,,,,
Washington Mill Elementary,5/05/2025,20001,1% White Milk(Each),58,0,58,190,76,0,76,$27.36,0,0.00%,$0.00,$27.36,114,60.00%,$41.04,$68.40,,,,
Washington Mill Elementary,5/05/2025,20014,Red Delicious Apple(Each - serving),21,0,21,80,52,0,52,$17.16,0,0.00%,$0.00,$17.16,28,35.00%,$9.24,$26.40,,,,
Washington Mill Elementary,5/05/2025,20038,Fat Free White Milk(Each),12,0,12,59,10,0,10,$3.30,0,0.00%,$0.00,$3.30,49,83.05%,$16.17,$19.47,,,,
Washington Mill Elementary,5/05/2025,20047,Orange Slices(3 slices per 1/4 cup),18,0,18,17,17,0,17,$3.40,0,0.00%,$0.00,$3.40,0,0.00%,$0.00,$3.40,,,,
Washington Mill Elementary,5/05/2025,30006,Cinnamon Chex Cereal(Each),103,0,103,100,86,0,86,$50.74,0,0.00%,$0.00,$50.74,14,14.00%,$8.26,$59.00,,,,
Washington Mill Elementary,5/05/2025,30007,"Cinnamon Toast Crunch Cereal, 25% Less Sugar(Each)",40,0,40,12,12,0,12,$7.08,0,0.00%,$0.00,$7.08,0,0.00%,$0.00,$7.08,,,,
Washington Mill Elementary,5/05/2025,30008,Apple Juice(Each),279,0,279,360,301,0,301,$51.17,0,0.00%,$0.00,$51.17,59,16.39%,$10.03,$61.20,,,,
Washington Mill Elementary,5/05/2025,30009,Orange Tangerine Juice(Each),274,0,274,0,0,0,0,$0.00,0,0.00%,$0.00,$0.00,0,0.00%,$0.00,$0.00,,,,
Washington Mill Elementary,5/05/2025,60034,Mandarin Orange Parfait(Parfait),20,0,20,20,10,0,10,$9.90,0,0.00%,$0.00,$9.90,10,50.00%,$9.90,$19.80,,,,
Waynewood Elementary,5/05/2025,10021,Apple Cinnamon Bread(1oz Grain (1/64 Baked Pan)),0,0,0,20,13,0,13,$5.33,0,0.00%,$0.00,$5.33,7,35.00%,$2.87,$8.20,,,,
Waynewood Elementary,5/05/2025,10041,Mini Maple Pancakes(Package),40,0,40,40,36,0,36,$14.04,0,0.00%,$0.00,$14.04,4,10.00%,$1.56,$15.60,,,,
Waynewood Elementary,5/05/2025,20001,1% White Milk(Each),7,0,7,50,48,0,48,$17.28,0,0.00%,$0.00,$17.28,2,4.00%,$0.72,$18.00,,,,
Waynewood Elementary,5/05/2025,20015,Golden Delicious Apple(Each),0,0,0,20,9,0,9,$2.79,0,0.00%,$0.00,$2.79,11,55.00%,$3.41,$6.20,,,,
Waynewood Elementary,5/05/2025,20038,Fat Free White Milk(Each),18,0,18,10,8,0,8,$2.64,0,0.00%,$0.00,$2.64,2,20.00%,$0.66,$3.30,,,,
Waynewood Elementary,5/05/2025,30003,Honey Cheerios Cereal(Each),6,0,6,10,2,0,2,$1.18,0,0.00%,$0.00,$1.18,8,80.00%,$4.72,$5.90,,,,
Waynewood Elementary,5/05/2025,30004,Blueberry Chex Cereal(Each),10,0,10,10,5,0,5,$2.95,0,0.00%,$0.00,$2.95,5,50.00%,$2.95,$5.90,,,,
Waynewood Elementary,5/05/2025,30006,Cinnamon Chex Cereal(Each),11,0,11,10,3,0,3,$1.77,0,0.00%,$0.00,$1.77,7,70.00%,$4.13,$5.90,,,,
Waynewood Elementary,5/05/2025,30007,"Cinnamon Toast Crunch Cereal, 25% Less Sugar(Each)",5,0,5,15,4,0,4,$2.36,0,0.00%,$0.00,$2.36,11,73.33%,$6.49,$8.85,,,,
Waynewood Elementary,5/05/2025,30008,Apple Juice(Each),33,0,33,40,38,0,38,$6.46,0,0.00%,$0.00,$6.46,2,5.00%,$0.34,$6.80,,,,
Waynewood Elementary,5/05/2025,30009,Orange Tangerine Juice(Each),28,0,28,40,29,0,29,$4.93,0,0.00%,$0.00,$4.93,11,27.50%,$1.87,$6.80,,,,
Waynewood Elementary,5/05/2025,30093,Natural Breakfast Syrup(Each),16,0,16,20,8,0,8,$1.60,0,0.00%,$0.00,$1.60,12,60.00%,$2.40,$4.00,,,,
Waynewood Elementary,5/05/2025,60034,Mandarin Orange Parfait(Parfait),5,0,5,9,4,0,4,$3.96,0,0.00%,$0.00,$3.96,5,55.56%,$4.95,$8.91,,,,
West Potomac High,5/05/2025,10020,Bagel(Bagel),219,0,219,290,251,0,251,$80.32,0,0.00%,$0.00,$80.32,39,13.45%,$12.48,$92.80,,,,
West Potomac High,5/05/2025,20001,1% White Milk(Each),221,0,221,350,151,0,151,$54.36,0,0.00%,$0.00,$54.36,199,56.86%,$71.64,$126.00,,,,
West Potomac High,5/05/2025,20009,Cream Cheese(Each),229,0,229,290,251,0,251,$72.79,0,0.00%,$0.00,$72.79,39,13.45%,$11.31,$84.10,,,,
West Potomac High,5/05/2025,20014,Red Delicious Apple(Each - serving),388,0,388,550,370,0,370,$122.10,0,0.00%,$0.00,$122.10,180,32.73%,$59.40,$181.50,,,,
West Potomac High,5/05/2025,20017,Orange(6 Slices per 1/2 cup),0,0,0,0,0,0,0,$0.00,0,0.00%,$0.00,$0.00,0,0.00%,$0.00,$0.00,,,,
West Potomac High,5/05/2025,20031,Banana(Each),270,0,270,0,0,0,0,$0.00,0,0.00%,$0.00,$0.00,0,0.00%,$0.00,$0.00,,,,
West Potomac High,5/05/2025,20038,Fat Free White Milk(Each),15,0,15,50,9,0,9,$2.97,0,0.00%,$0.00,$2.97,41,82.00%,$13.53,$16.50,,,,
West Potomac High,5/05/2025,30003,Honey Cheerios Cereal(Each),58,0,58,80,80,0,80,$47.20,0,0.00%,$0.00,$47.20,0,0.00%,$0.00,$47.20,,,,
West Potomac High,5/05/2025,30004,Blueberry Chex Cereal(Each),37,0,37,20,20,0,20,$11.80,0,0.00%,$0.00,$11.80,0,0.00%,$0.00,$11.80,,,,
West Potomac High,5/05/2025,30006,Cinnamon Chex Cereal(Each),55,0,55,60,35,0,35,$20.65,0,0.00%,$0.00,$20.65,25,41.67%,$14.75,$35.40,,,,
West Potomac High,5/05/2025,30007,"Cinnamon Toast Crunch Cereal, 25% Less Sugar(Each)",61,0,61,90,57,0,57,$33.63,0,0.00%,$0.00,$33.63,33,36.67%,$19.47,$53.10,,,,
West Potomac High,5/05/2025,30008,Apple Juice(Each),469,0,469,500,468,0,468,$79.56,0,0.00%,$0.00,$79.56,32,6.40%,$5.44,$85.00,,,,
West Potomac High,5/05/2025,30009,Orange Tangerine Juice(Each),0,0,0,0,0,0,0,$0.00,0,0.00%,$0.00,$0.00,0,0.00%,$0.00,$0.00,,,,
West Potomac High,5/05/2025,60034,Mandarin Orange Parfait(Parfait),70,0,70,80,60,0,60,$59.40,0,0.00%,$0.00,$59.40,20,25.00%,$19.80,$79.20,,,,
West Springfield Elementary,5/05/2025,10041,Mini Maple Pancakes(Package),23,0,23,27,25,0,25,$9.75,0,0.00%,$0.00,$9.75,2,7.41%,$0.78,$10.53,,,,
West Springfield Elementary,5/05/2025,20001,1% White Milk(Each),4,0,4,4,0,0,0,$0.00,0,0.00%,$0.00,$0.00,4,100.00%,$0.00,$0.00,,,,
West Springfield Elementary,5/05/2025,20017,Orange(6 Slices per 1/2 cup),2,0,2,16,4,0,4,$1.36,0,0.00%,$0.00,$1.36,12,75.00%,$4.08,$5.44,,,,
West Springfield Elementary,5/05/2025,20038,Fat Free White Milk(Each),1,0,1,2,0,0,0,$0.00,0,0.00%,$0.00,$0.00,2,100.00%,$0.00,$0.00,,,,
West Springfield Elementary,5/05/2025,20047,Orange Slices(3 slices per 1/4 cup),0,0,0,2,0,0,0,$0.00,0,0.00%,$0.00,$0.00,2,100.00%,$0.00,$0.00,,,,
West Springfield Elementary,5/05/2025,30003,Honey Cheerios Cereal(Each),7,0,7,10,8,0,8,$4.72,0,0.00%,$0.00,$4.72,2,20.00%,$1.18,$5.90,,,,
West Springfield Elementary,5/05/2025,30004,Blueberry Chex Cereal(Each),0,0,0,3,1,0,1,$0.59,0,0.00%,$0.00,$0.59,2,66.67%,$1.18,$1.77,,,,
West Springfield Elementary,5/05/2025,30006,Cinnamon Chex Cereal(Each),5,0,5,6,4,0,4,$2.36,0,0.00%,$0.00,$2.36,2,33.33%,$1.18,$3.54,,,,
West Springfield Elementary,5/05/2025,30007,"Cinnamon Toast Crunch Cereal, 25% Less Sugar(Each)",8,0,8,8,8,0,8,$4.72,0,0.00%,$0.00,$4.72,0,0.00%,$0.00,$4.72,,,,
West Springfield Elementary,5/05/2025,30008,Apple Juice(Each),31,0,31,42,37,0,37,$6.29,0,0.00%,$0.00,$6.29,5,11.90%,$0.85,$7.14,,,,
West Springfield Elementary,5/05/2025,30009,Orange Tangerine Juice(Each),11,0,11,25,14,0,14,$2.38,0,0.00%,$0.00,$2.38,11,44.00%,$1.87,$4.25,,,,
West Springfield Elementary,5/05/2025,60034,Mandarin Orange Parfait(Parfait),0,0,0,2,0,0,0,$0.00,0,0.00%,$0.00,$0.00,2,100.00%,$0.00,$0.00,,,,
West Springfield High,5/05/2025,10020,Bagel(Bagel),35,0,35,45,26,10,36,$11.52,0,0.00%,$0.00,$11.52,9,20.00%,$2.88,$14.40,,,,
West Springfield High,5/05/2025,10021,Apple Cinnamon Bread(1oz Grain (1/64 Baked Pan)),0,0,0,11,9,2,11,$4.51,0,0.00%,$0.00,$4.51,0,0.00%,$0.00,$4.51,,,,
West Springfield High,5/05/2025,10041,Mini Maple Pancakes(Package),45,0,45,60,36,10,46,$17.94,0,0.00%,$0.00,$17.94,14,23.33%,$5.46,$23.40,,,,
West Springfield High,5/05/2025,20001,1% White Milk(Each),50,0,50,50,20,5,25,$9.00,0,0.00%,$0.00,$9.00,25,50.00%,$9.00,$18.00,,,,
West Springfield High,5/05/2025,20008,Apple Slices(3 slices per 1/4 cup),0,0,0,20,14,5,19,$11.21,0,0.00%,$0.00,$11.21,1,5.00%,$0.59,$11.80,,,,
West Springfield High,5/05/2025,20009,Cream Cheese(Each),35,0,35,45,26,10,36,$10.44,0,0.00%,$0.00,$10.44,9,20.00%,$2.61,$13.05,,,,
West Springfield High,5/05/2025,20016,String Cheese(1 Stick),48,0,48,11,9,2,11,$2.42,0,0.00%,$0.00,$2.42,0,0.00%,$0.00,$2.42,,,,
West Springfield High,5/05/2025,20031,Banana(Each),7,0,7,10,2,0,2,$0.42,0,0.00%,$0.00,$0.42,8,80.00%,$1.68,$2.10,,,,
West Springfield High,5/05/2025,20038,Fat Free White Milk(Each),50,0,50,50,4,1,5,$1.65,0,0.00%,$0.00,$1.65,45,90.00%,$14.85,$16.50,,,,
West Springfield High,5/05/2025,30003,Honey Cheerios Cereal(Each),4,0,4,8,3,1,4,$2.36,0,0.00%,$0.00,$2.36,4,50.00%,$2.36,$4.72,,,,
West Springfield High,5/05/2025,30004,Blueberry Chex Cereal(Each),2,0,2,6,1,1,2,$1.18,0,0.00%,$0.00,$1.18,4,66.67%,$2.36,$3.54,,,,
West Springfield High,5/05/2025,30006,Cinnamon Chex Cereal(Each),2,0,2,6,3,1,4,$2.36,0,0.00%,$0.00,$2.36,2,33.33%,$1.18,$3.54,,,,
West Springfield High,5/05/2025,30007,"Cinnamon Toast Crunch Cereal, 25% Less Sugar(Each)",7,0,7,12,11,1,12,$7.08,0,0.00%,$0.00,$7.08,0,0.00%,$0.00,$7.08,,,,
West Springfield High,5/05/2025,30008,Apple Juice(Each),120,0,120,120,98,20,118,$20.06,0,0.00%,$0.00,$20.06,2,1.67%,$0.34,$20.40,,,,
West Springfield High,5/05/2025,30009,Orange Tangerine Juice(Each),40,0,40,40,27,5,32,$5.44,0,0.00%,$0.00,$5.44,8,20.00%,$1.36,$6.80,,,,
West Springfield High,5/05/2025,30051,Natural Grape Jam(Packet),2,0,2,10,3,1,4,$0.36,0,0.00%,$0.00,$0.36,6,60.00%,$0.54,$0.90,,,,
West Springfield High,5/05/2025,30093,Natural Breakfast Syrup(Each),45,0,45,60,28,10,38,$7.60,0,0.00%,$0.00,$7.60,22,36.67%,$4.40,$12.00,,,,
West Springfield High,5/05/2025,60096,Strawberry Parfait(Parfait),15,0,15,15,10,1,11,$10.89,0,0.00%,$0.00,$10.89,4,26.67%,$3.96,$14.85,,,,
West Springfield High,5/05/2025,60169,Strawberry Smoothie(8oz portion),0,0,0,22,20,1,21,$18.06,0,0.00%,$0.00,$18.06,1,4.55%,$0.86,$18.92,,,,
Westbriar Elementary,5/05/2025,10020,Bagel(Bagel),0,0,0,0,0,0,0,$0.00,0,0.00%,$0.00,$0.00,0,0.00%,$0.00,$0.00,,,,
Westbriar Elementary,5/05/2025,10041,Mini Maple Pancakes(Package),0,0,0,30,27,0,27,$10.53,0,0.00%,$0.00,$10.53,3,10.00%,$1.17,$11.70,,,,
Westbriar Elementary,5/05/2025,20001,1% White Milk(Each),6,0,6,10,8,0,8,$2.88,0,0.00%,$0.00,$2.88,2,20.00%,$0.72,$3.60,,,,
Westbriar Elementary,5/05/2025,20009,Cream Cheese(Each),0,0,0,0,0,0,0,$0.00,0,0.00%,$0.00,$0.00,0,0.00%,$0.00,$0.00,,,,
Westbriar Elementary,5/05/2025,20014,Red Delicious Apple(Each - serving),16,0,16,20,20,0,20,$6.60,0,0.00%,$0.00,$6.60,0,0.00%,$0.00,$6.60,,,,
Westbriar Elementary,5/05/2025,20038,Fat Free White Milk(Each),6,0,6,10,7,0,7,$2.31,0,0.00%,$0.00,$2.31,3,30.00%,$0.99,$3.30,,,,
Westbriar Elementary,5/05/2025,20047,Orange Slices(3 slices per 1/4 cup),0,0,0,0,0,0,0,$0.00,0,0.00%,$0.00,$0.00,0,0.00%,$0.00,$0.00,,,,
Westbriar Elementary,5/05/2025,30003,Honey Cheerios Cereal(Each),6,0,6,10,6,0,6,$3.54,0,0.00%,$0.00,$3.54,4,40.00%,$2.36,$5.90,,,,
Westbriar Elementary,5/05/2025,30004,Blueberry Chex Cereal(Each),6,0,6,10,6,0,6,$3.54,0,0.00%,$0.00,$3.54,4,40.00%,$2.36,$5.90,,,,
Westbriar Elementary,5/05/2025,30006,Cinnamon Chex Cereal(Each),6,0,6,10,6,0,6,$3.54,0,0.00%,$0.00,$3.54,4,40.00%,$2.36,$5.90,,,,
Westbriar Elementary,5/05/2025,30007,"Cinnamon Toast Crunch Cereal, 25% Less Sugar(Each)",5,0,5,5,1,0,1,$0.59,0,0.00%,$0.00,$0.59,4,80.00%,$2.36,$2.95,,,,
Westbriar Elementary,5/05/2025,30008,Apple Juice(Each),19,0,19,25,22,0,22,$3.74,0,0.00%,$0.00,$3.74,3,12.00%,$0.51,$4.25,,,,
Westbriar Elementary,5/05/2025,30009,Orange Tangerine Juice(Each),16,0,16,25,21,0,21,$3.57,0,0.00%,$0.00,$3.57,4,16.00%,$0.68,$4.25,,,,
Westgate Elementary,5/05/2025,10041,Mini Maple Pancakes(Package),98,0,98,100,99,0,99,$38.61,0,0.00%,$0.00,$38.61,1,1.00%,$0.39,$39.00,,,,
Westgate Elementary,5/05/2025,20001,1% White Milk(Each),39,0,39,41,26,0,26,$9.36,0,0.00%,$0.00,$9.36,15,36.59%,$5.40,$14.76,,,,
Westgate Elementary,5/05/2025,20014,Red Delicious Apple(Each - serving),11,0,11,20,7,0,7,$2.31,0,0.00%,$0.00,$2.31,13,65.00%,$4.29,$6.60,,,,
Westgate Elementary,5/05/2025,20017,Orange(6 Slices per 1/2 cup),9,0,9,20,10,0,10,$3.40,0,0.00%,$0.00,$3.40,10,50.00%,$3.40,$6.80,,,,
Westgate Elementary,5/05/2025,20038,Fat Free White Milk(Each),5,0,5,12,2,0,2,$0.66,0,0.00%,$0.00,$0.66,10,83.33%,$3.30,$3.96,,,,
Westgate Elementary,5/05/2025,20043,"Lactose Free, White Milk(Each)",2,0,2,2,2,0,2,$1.16,0,0.00%,$0.00,$1.16,0,0.00%,$0.00,$1.16,,,,
Westgate Elementary,5/05/2025,20047,Orange Slices(3 slices per 1/4 cup),18,0,18,18,17,0,17,$3.40,0,0.00%,$0.00,$3.40,1,5.56%,$0.20,$3.60,,,,
Westgate Elementary,5/05/2025,30003,Honey Cheerios Cereal(Each),24,0,24,24,7,0,7,$4.13,0,0.00%,$0.00,$4.13,17,70.83%,$10.03,$14.16,,,,
Westgate Elementary,5/05/2025,30004,Blueberry Chex Cereal(Each),7,0,7,12,3,0,3,$1.77,0,0.00%,$0.00,$1.77,9,75.00%,$5.31,$7.08,,,,
Westgate Elementary,5/05/2025,30006,Cinnamon Chex Cereal(Each),7,0,7,24,9,0,9,$5.31,0,0.00%,$0.00,$5.31,15,62.50%,$8.85,$14.16,,,,
Westgate Elementary,5/05/2025,30007,"Cinnamon Toast Crunch Cereal, 25% Less Sugar(Each)",27,0,27,36,11,0,11,$6.49,0,0.00%,$0.00,$6.49,25,69.44%,$14.75,$21.24,,,,
Westgate Elementary,5/05/2025,30008,Apple Juice(Each),75,0,75,120,74,0,74,$12.58,0,0.00%,$0.00,$12.58,46,38.33%,$7.82,$20.40,,,,
Westgate Elementary,5/05/2025,30009,Orange Tangerine Juice(Each),31,0,31,80,24,0,24,$4.08,0,0.00%,$0.00,$4.08,56,70.00%,$9.52,$13.60,,,,
Westgate Elementary,5/05/2025,60096,Strawberry Parfait(Parfait),0,0,0,6,3,0,3,$2.97,0,0.00%,$0.00,$2.97,3,50.00%,$2.97,$5.94,,,,
Westgate Elementary,5/05/2025,60099,"Parfait, Triple Berry(Parfait)",0,0,0,6,1,0,1,$0.68,0,0.00%,$0.00,$0.68,5,83.33%,$3.40,$4.08,,,,
Westlawn Elementary,5/05/2025,10041,Mini Maple Pancakes(Package),0,0,0,280,251,0,251,$97.89,0,0.00%,$0.00,$97.89,29,10.36%,$11.31,$109.20,,,,
Westlawn Elementary,5/05/2025,20001,1% White Milk(Each),66,0,66,99,48,0,48,$17.28,0,0.00%,$0.00,$17.28,51,51.52%,$18.36,$35.64,,,,
Westlawn Elementary,5/05/2025,20014,Red Delicious Apple(Each - serving),0,0,0,0,0,0,0,$0.00,0,0.00%,$0.00,$0.00,0,0.00%,$0.00,$0.00,,,,
Westlawn Elementary,5/05/2025,20017,Orange(6 Slices per 1/2 cup),32,0,32,60,34,0,34,$11.56,0,0.00%,$0.00,$11.56,26,43.33%,$8.84,$20.40,,,,
Westlawn Elementary,5/05/2025,20031,Banana(Each),49,0,49,0,0,0,0,$0.00,0,0.00%,$0.00,$0.00,0,0.00%,$0.00,$0.00,,,,
Westlawn Elementary,5/05/2025,20038,Fat Free White Milk(Each),7,0,7,20,4,0,4,$1.32,0,0.00%,$0.00,$1.32,16,80.00%,$5.28,$6.60,,,,
Westlawn Elementary,5/05/2025,20043,"Lactose Free, White Milk(Each)",0,0,0,1,1,0,1,$0.58,0,0.00%,$0.00,$0.58,0,0.00%,$0.00,$0.58,,,,
Westlawn Elementary,5/05/2025,20047,Orange Slices(3 slices per 1/4 cup),29,0,29,30,30,0,30,$6.00,0,0.00%,$0.00,$6.00,0,0.00%,$0.00,$6.00,,,,
Westlawn Elementary,5/05/2025,30003,Honey Cheerios Cereal(Each),7,0,7,10,10,0,10,$5.90,0,0.00%,$0.00,$5.90,0,0.00%,$0.00,$5.90,,,,
Westlawn Elementary,5/05/2025,30006,Cinnamon Chex Cereal(Each),6,0,6,10,10,0,10,$5.90,0,0.00%,$0.00,$5.90,0,0.00%,$0.00,$5.90,,,,
Westlawn Elementary,5/05/2025,30007,"Cinnamon Toast Crunch Cereal, 25% Less Sugar(Each)",6,0,6,10,5,0,5,$2.95,0,0.00%,$0.00,$2.95,5,50.00%,$2.95,$5.90,,,,
Westlawn Elementary,5/05/2025,30008,Apple Juice(Each),341,0,341,332,302,0,302,$51.34,0,0.00%,$0.00,$51.34,30,9.04%,$5.10,$56.44,,,,
Westlawn Elementary,5/05/2025,60034,Mandarin Orange Parfait(Parfait),21,0,21,25,20,0,20,$19.80,0,0.00%,$0.00,$19.80,5,20.00%,$4.95,$24.75,,,,
Weyanoke Elementary,5/05/2025,10020,Bagel(Bagel),41,0,41,39,39,0,39,$12.48,0,0.00%,$0.00,$12.48,0,0.00%,$0.00,$12.48,,,,
Weyanoke Elementary,5/05/2025,10041,Mini Maple Pancakes(Package),0,0,0,280,132,0,132,$51.48,0,0.00%,$0.00,$51.48,148,52.86%,$57.72,$109.20,,,,
Weyanoke Elementary,5/05/2025,10074,"Frozen Berry, Triple Berry Blend(1/2 cup (thawed))",0,0,0,16,6,0,6,$0.18,0,0.00%,$0.00,$0.18,10,62.50%,$0.30,$0.48,,,,
Weyanoke Elementary,5/05/2025,20001,1% White Milk(Each),81,0,81,145,126,0,126,$45.36,0,0.00%,$0.00,$45.36,19,13.10%,$6.84,$52.20,,,,
Weyanoke Elementary,5/05/2025,20009,Cream Cheese(Each),39,0,39,39,39,0,39,$11.31,0,0.00%,$0.00,$11.31,0,0.00%,$0.00,$11.31,,,,
Weyanoke Elementary,5/05/2025,20015,Golden Delicious Apple(Each),0,0,0,24,12,0,12,$3.72,0,0.00%,$0.00,$3.72,12,50.00%,$3.72,$7.44,,,,
Weyanoke Elementary,5/05/2025,20017,Orange(6 Slices per 1/2 cup),16,0,16,24,13,0,13,$4.42,0,0.00%,$0.00,$4.42,11,45.83%,$3.74,$8.16,,,,
Weyanoke Elementary,5/05/2025,20038,Fat Free White Milk(Each),6,0,6,5,4,0,4,$1.32,0,0.00%,$0.00,$1.32,1,20.00%,$0.33,$1.65,,,,
Weyanoke Elementary,5/05/2025,20043,"Lactose Free, White Milk(Each)",2,0,2,2,2,0,2,$1.16,0,0.00%,$0.00,$1.16,0,0.00%,$0.00,$1.16,,,,
Weyanoke Elementary,5/05/2025,20047,Orange Slices(3 slices per 1/4 cup),41,0,41,39,39,0,39,$7.80,0,0.00%,$0.00,$7.80,0,0.00%,$0.00,$7.80,,,,
Weyanoke Elementary,5/05/2025,20053,"Egg, Hard Boiled, Bulk pouch(Each)",1,0,1,1,1,0,1,$0.28,0,0.00%,$0.00,$0.28,0,0.00%,$0.00,$0.28,,,,
Weyanoke Elementary,5/05/2025,30004,Blueberry Chex Cereal(Each),30,0,30,4,4,0,4,$2.36,0,0.00%,$0.00,$2.36,0,0.00%,$0.00,$2.36,,,,
Weyanoke Elementary,5/05/2025,30006,Cinnamon Chex Cereal(Each),15,0,15,76,40,0,40,$23.60,0,0.00%,$0.00,$23.60,36,47.37%,$21.24,$44.84,,,,
Weyanoke Elementary,5/05/2025,30007,"Cinnamon Toast Crunch Cereal, 25% Less Sugar(Each)",16,0,16,106,69,0,69,$40.71,0,0.00%,$0.00,$40.71,37,34.91%,$21.83,$62.54,,,,
Weyanoke Elementary,5/05/2025,30008,Apple Juice(Each),131,0,131,167,152,0,152,$25.84,0,0.00%,$0.00,$25.84,15,8.98%,$2.55,$28.39,,,,
Weyanoke Elementary,5/05/2025,30009,Orange Tangerine Juice(Each),129,0,129,160,102,0,102,$17.34,0,0.00%,$0.00,$17.34,58,36.25%,$9.86,$27.20,,,,
Weyanoke Elementary,5/05/2025,30037,IW Applesauce Cup(Each),1,0,1,1,1,0,1,$0.27,0,0.00%,$0.00,$0.27,0,0.00%,$0.00,$0.27,,,,
Weyanoke Elementary,5/05/2025,30093,Natural Breakfast Syrup(Each),0,0,0,280,95,0,95,$19.00,0,0.00%,$0.00,$19.00,185,66.07%,$37.00,$56.00,,,,
Weyanoke Elementary,5/05/2025,60165,Egg and American Cheese on Bagel(Sandwich),0,0,0,35,17,0,17,$9.86,0,0.00%,$0.00,$9.86,18,51.43%,$10.44,$20.30,,,,
White Oaks Elementary,5/05/2025,10041,Mini Maple Pancakes(Package),72,0,72,111,103,0,103,$40.17,0,0.00%,$0.00,$40.17,8,7.21%,$3.12,$43.29,,,,
White Oaks Elementary,5/05/2025,20001,1% White Milk(Each),34,0,34,30,27,0,27,$9.72,0,0.00%,$0.00,$9.72,3,10.00%,$1.08,$10.80,,,,
White Oaks Elementary,5/05/2025,20014,Red Delicious Apple(Each - serving),12,0,12,15,10,0,10,$3.30,0,0.00%,$0.00,$3.30,5,33.33%,$1.65,$4.95,,,,
White Oaks Elementary,5/05/2025,20017,Orange(6 Slices per 1/2 cup),6,0,6,15,7,0,7,$2.38,0,0.00%,$0.00,$2.38,8,53.33%,$2.72,$5.10,,,,
White Oaks Elementary,5/05/2025,20038,Fat Free White Milk(Each),11,0,11,20,10,0,10,$3.30,0,0.00%,$0.00,$3.30,10,50.00%,$3.30,$6.60,,,,
White Oaks Elementary,5/05/2025,20043,"Lactose Free, White Milk(Each)",0,0,0,1,1,0,1,$0.58,0,0.00%,$0.00,$0.58,0,0.00%,$0.00,$0.58,,,,
White Oaks Elementary,5/05/2025,20047,Orange Slices(3 slices per 1/4 cup),23,0,23,21,21,0,21,$4.20,0,0.00%,$0.00,$4.20,0,0.00%,$0.00,$4.20,,,,
White Oaks Elementary,5/05/2025,30003,Honey Cheerios Cereal(Each),20,0,20,20,19,0,19,$11.21,0,0.00%,$0.00,$11.21,1,5.00%,$0.59,$11.80,,,,
White Oaks Elementary,5/05/2025,30008,Apple Juice(Each),73,0,73,87,83,2,85,$14.45,0,0.00%,$0.00,$14.45,2,2.30%,$0.34,$14.79,,,,
White Oaks Elementary,5/05/2025,30009,Orange Tangerine Juice(Each),31,0,31,40,29,0,29,$4.93,0,0.00%,$0.00,$4.93,11,27.50%,$1.87,$6.80,,,,
White Oaks Elementary,5/05/2025,60034,Mandarin Orange Parfait(Parfait),6,0,6,5,4,0,4,$3.96,0,0.00%,$0.00,$3.96,1,20.00%,$0.99,$4.95,,,,
Whitman Middle School,5/05/2025,10020,Bagel(Bagel),0,0,0,85,85,0,85,$27.20,0,0.00%,$0.00,$27.20,0,0.00%,$0.00,$27.20,,,,
Whitman Middle School,5/05/2025,10041,Mini Maple Pancakes(Package),97,0,97,76,76,0,76,$29.64,0,0.00%,$0.00,$29.64,0,0.00%,$0.00,$29.64,,,,
Whitman Middle School,5/05/2025,20001,1% White Milk(Each),12,0,12,72,6,0,6,$2.16,0,0.00%,$0.00,$2.16,66,91.67%,$23.76,$25.92,,,,
Whitman Middle School,5/05/2025,20008,Apple Slices(3 slices per 1/4 cup),0,0,0,45,33,0,33,$19.47,0,0.00%,$0.00,$19.47,12,26.67%,$7.08,$26.55,,,,
Whitman Middle School,5/05/2025,20038,Fat Free White Milk(Each),5,0,5,116,5,0,5,$1.65,0,0.00%,$0.00,$1.65,111,95.69%,$36.63,$38.28,,,,
Whitman Middle School,5/05/2025,30003,Honey Cheerios Cereal(Each),40,0,40,18,18,0,18,$10.62,0,0.00%,$0.00,$10.62,0,0.00%,$0.00,$10.62,,,,
Whitman Middle School,5/05/2025,30004,Blueberry Chex Cereal(Each),20,0,20,18,18,0,18,$10.62,0,0.00%,$0.00,$10.62,0,0.00%,$0.00,$10.62,,,,
Whitman Middle School,5/05/2025,30006,Cinnamon Chex Cereal(Each),17,0,17,18,18,0,18,$10.62,0,0.00%,$0.00,$10.62,0,0.00%,$0.00,$10.62,,,,
Whitman Middle School,5/05/2025,30007,"Cinnamon Toast Crunch Cereal, 25% Less Sugar(Each)",20,0,20,18,18,0,18,$10.62,0,0.00%,$0.00,$10.62,0,0.00%,$0.00,$10.62,,,,
Whitman Middle School,5/05/2025,30008,Apple Juice(Each),131,0,131,140,115,0,115,$19.55,0,0.00%,$0.00,$19.55,25,17.86%,$4.25,$23.80,,,,
Whitman Middle School,5/05/2025,30009,Orange Tangerine Juice(Each),117,0,117,140,112,0,112,$19.04,0,0.00%,$0.00,$19.04,28,20.00%,$4.76,$23.80,,,,
Whitman Middle School,5/05/2025,30051,Natural Grape Jam(Packet),135,0,135,50,25,0,25,$2.25,0,0.00%,$0.00,$2.25,25,50.00%,$2.25,$4.50,,,,
Whitman Middle School,5/05/2025,30093,Natural Breakfast Syrup(Each),107,0,107,100,76,0,76,$15.20,0,0.00%,$0.00,$15.20,24,24.00%,$4.80,$20.00,,,,
Whitman Middle School,5/05/2025,60034,Mandarin Orange Parfait(Parfait),18,0,18,18,4,0,4,$3.96,0,0.00%,$0.00,$3.96,14,77.78%,$13.86,$17.82,,,,
Willow Springs Elementary,5/05/2025,10041,Mini Maple Pancakes(Package),49,0,49,50,44,1,45,$17.55,0,0.00%,$0.00,$17.55,5,10.00%,$1.95,$19.50,,,,
Willow Springs Elementary,5/05/2025,20001,1% White Milk(Each),11,0,11,15,10,1,11,$3.96,0,0.00%,$0.00,$3.96,4,26.67%,$1.44,$5.40,,,,
Willow Springs Elementary,5/05/2025,20014,Red Delicious Apple(Each - serving),21,0,21,20,17,1,18,$5.94,0,0.00%,$0.00,$5.94,2,10.00%,$0.66,$6.60,,,,
Willow Springs Elementary,5/05/2025,20038,Fat Free White Milk(Each),7,0,7,15,12,1,13,$4.29,0,0.00%,$0.00,$4.29,2,13.33%,$0.66,$4.95,,,,
Willow Springs Elementary,5/05/2025,30004,Blueberry Chex Cereal(Each),8,0,8,10,6,1,7,$4.13,0,0.00%,$0.00,$4.13,3,30.00%,$1.77,$5.90,,,,
Willow Springs Elementary,5/05/2025,30007,"Cinnamon Toast Crunch Cereal, 25% Less Sugar(Each)",9,0,9,15,10,1,11,$6.49,0,0.00%,$0.00,$6.49,4,26.67%,$2.36,$8.85,,,,
Willow Springs Elementary,5/05/2025,30008,Apple Juice(Each),31,0,31,40,39,1,40,$6.80,0,0.00%,$0.00,$6.80,0,0.00%,$0.00,$6.80,,,,
Willow Springs Elementary,5/05/2025,30009,Orange Tangerine Juice(Each),24,0,24,25,22,1,23,$3.91,0,0.00%,$0.00,$3.91,2,8.00%,$0.34,$4.25,,,,
Willow Springs Elementary,5/05/2025,30051,Natural Grape Jam(Packet),31,0,31,45,44,1,45,$4.05,0,0.00%,$0.00,$4.05,0,0.00%,$0.00,$4.05,,,,
Willow Springs Elementary,5/05/2025,30093,Natural Breakfast Syrup(Each),44,0,44,45,44,1,45,$9.00,0,0.00%,$0.00,$9.00,0,0.00%,$0.00,$9.00,,,,
Willow Springs Elementary,5/05/2025,60096,Strawberry Parfait(Parfait),0,0,0,8,6,1,7,$6.93,0,0.00%,$0.00,$6.93,1,12.50%,$0.99,$7.92,,,,
Wolftrap Elementary,5/05/2025,10041,Mini Maple Pancakes(Package),13,0,13,16,15,0,15,$5.85,1,6.25%,$0.39,$6.24,0,0.00%,$0.00,$6.24,,,,
Wolftrap Elementary,5/05/2025,20001,1% White Milk(Each),10,0,10,13,10,0,10,$3.60,0,0.00%,$0.00,$3.60,3,23.08%,$1.08,$4.68,,,,
Wolftrap Elementary,5/05/2025,20014,Red Delicious Apple(Each - serving),10,0,10,15,13,0,13,$4.29,0,0.00%,$0.00,$4.29,2,13.33%,$0.66,$4.95,,,,
Wolftrap Elementary,5/05/2025,20038,Fat Free White Milk(Each),3,0,3,10,6,0,6,$1.98,0,0.00%,$0.00,$1.98,4,40.00%,$1.32,$3.30,,,,
Wolftrap Elementary,5/05/2025,20047,Orange Slices(3 slices per 1/4 cup),4,0,4,3,3,0,3,$0.60,0,0.00%,$0.00,$0.60,0,0.00%,$0.00,$0.60,,,,
Wolftrap Elementary,5/05/2025,30003,Honey Cheerios Cereal(Each),0,0,0,8,0,0,0,$0.00,0,0.00%,$0.00,$0.00,8,100.00%,$0.00,$0.00,,,,
Wolftrap Elementary,5/05/2025,30004,Blueberry Chex Cereal(Each),0,0,0,8,0,0,0,$0.00,0,0.00%,$0.00,$0.00,8,100.00%,$0.00,$0.00,,,,
Wolftrap Elementary,5/05/2025,30006,Cinnamon Chex Cereal(Each),0,0,0,8,1,0,1,$0.59,0,0.00%,$0.00,$0.59,7,87.50%,$4.13,$4.72,,,,
Wolftrap Elementary,5/05/2025,30007,"Cinnamon Toast Crunch Cereal, 25% Less Sugar(Each)",0,0,0,8,1,0,1,$0.59,0,0.00%,$0.00,$0.59,7,87.50%,$4.13,$4.72,,,,
Wolftrap Elementary,5/05/2025,30008,Apple Juice(Each),10,0,10,13,10,0,10,$1.70,0,0.00%,$0.00,$1.70,3,23.08%,$0.51,$2.21,,,,
Wolftrap Elementary,5/05/2025,30009,Orange Tangerine Juice(Each),4,0,4,10,7,0,7,$1.19,0,0.00%,$0.00,$1.19,3,30.00%,$0.51,$1.70,,,,
Wolftrap Elementary,5/05/2025,60034,Mandarin Orange Parfait(Parfait),0,0,0,0,0,0,0,$0.00,0,0.00%,$0.00,$0.00,0,0.00%,$0.00,$0.00,,,,
Woodburn Elementary,5/05/2025,10020,Bagel(Bagel),0,0,0,11,11,0,11,$3.52,0,0.00%,$0.00,$3.52,0,0.00%,$0.00,$3.52,,,,
Woodburn Elementary,5/05/2025,10041,Mini Maple Pancakes(Package),120,0,120,101,94,1,95,$37.05,0,0.00%,$0.00,$37.05,6,5.94%,$2.34,$39.39,,,,
Woodburn Elementary,5/05/2025,20001,1% White Milk(Each),112,0,112,111,83,0,83,$29.88,0,0.00%,$0.00,$29.88,28,25.23%,$10.08,$39.96,,,,
Woodburn Elementary,5/05/2025,20009,Cream Cheese(Each),0,0,0,11,11,0,11,$3.19,0,0.00%,$0.00,$3.19,0,0.00%,$0.00,$3.19,,,,
Woodburn Elementary,5/05/2025,20038,Fat Free White Milk(Each),50,0,50,50,25,0,25,$8.25,0,0.00%,$0.00,$8.25,25,50.00%,$8.25,$16.50,,,,
Woodburn Elementary,5/05/2025,20047,Orange Slices(6 Slices per 1/2 cup),12,0,12,11,11,0,11,$4.40,0,0.00%,$0.00,$4.40,0,0.00%,$0.00,$4.40,,,,
Woodburn Elementary,5/05/2025,30006,Cinnamon Chex Cereal(Each),25,0,25,45,40,0,40,$23.60,0,0.00%,$0.00,$23.60,5,11.11%,$2.95,$26.55,,,,
Woodburn Elementary,5/05/2025,30007,"Cinnamon Toast Crunch Cereal, 25% Less Sugar(Each)",25,0,25,45,40,0,40,$23.60,0,0.00%,$0.00,$23.60,5,11.11%,$2.95,$26.55,,,,
Woodburn Elementary,5/05/2025,30008,Apple Juice(Each),100,0,100,95,89,0,89,$15.13,0,0.00%,$0.00,$15.13,6,6.32%,$1.02,$16.15,,,,
Woodburn Elementary,5/05/2025,30009,Orange Tangerine Juice(Each),100,0,100,95,89,0,89,$15.13,0,0.00%,$0.00,$15.13,6,6.32%,$1.02,$16.15,,,,
Woodburn Elementary,5/05/2025,30044,Strawberry Flavored Dried Cranberries(Each),0,0,0,100,86,0,86,$20.64,0,0.00%,$0.00,$20.64,14,14.00%,$3.36,$24.00,,,,
Woodburn Elementary,5/05/2025,60034,Mandarin Orange Parfait(Parfait),20,0,20,10,3,0,3,$2.97,0,0.00%,$0.00,$2.97,7,70.00%,$6.93,$9.90,,,,
Woodlawn Elementary,5/05/2025,10020,Bagel(Bagel),0,0,0,35,32,0,32,$10.24,0,0.00%,$0.00,$10.24,3,8.57%,$0.96,$11.20,,,,
Woodlawn Elementary,5/05/2025,10041,Mini Maple Pancakes(Package),87,0,87,115,81,0,81,$31.59,0,0.00%,$0.00,$31.59,34,29.57%,$13.26,$44.85,,,,
Woodlawn Elementary,5/05/2025,20001,1% White Milk(Each),63,0,63,108,75,0,75,$27.00,0,0.00%,$0.00,$27.00,33,30.56%,$11.88,$38.88,,,,
Woodlawn Elementary,5/05/2025,20014,Red Delicious Apple(Each - serving),19,0,19,15,13,0,13,$4.29,0,0.00%,$0.00,$4.29,2,13.33%,$0.66,$4.95,,,,
Woodlawn Elementary,5/05/2025,20017,Orange(6 Slices per 1/2 cup),12,0,12,10,10,0,10,$3.40,0,0.00%,$0.00,$3.40,0,0.00%,$0.00,$3.40,,,,
Woodlawn Elementary,5/05/2025,20038,Fat Free White Milk(Each),16,0,16,10,5,0,5,$1.65,0,0.00%,$0.00,$1.65,5,50.00%,$1.65,$3.30,,,,
Woodlawn Elementary,5/05/2025,20043,"Lactose Free, White Milk(Each)",5,0,5,5,5,0,5,$2.90,0,0.00%,$0.00,$2.90,0,0.00%,$0.00,$2.90,,,,
Woodlawn Elementary,5/05/2025,20047,Orange Slices(3 slices per 1/4 cup),32,0,32,35,32,0,32,$6.40,0,0.00%,$0.00,$6.40,3,8.57%,$0.60,$7.00,,,,
Woodlawn Elementary,5/05/2025,30004,Blueberry Chex Cereal(Each),13,0,13,39,24,0,24,$14.16,0,0.00%,$0.00,$14.16,15,38.46%,$8.85,$23.01,,,,
Woodlawn Elementary,5/05/2025,30006,Cinnamon Chex Cereal(Each),38,0,38,5,4,0,4,$2.36,0,0.00%,$0.00,$2.36,1,20.00%,$0.59,$2.95,,,,
Woodlawn Elementary,5/05/2025,30007,"Cinnamon Toast Crunch Cereal, 25% Less Sugar(Each)",43,0,43,41,34,0,34,$20.06,0,0.00%,$0.00,$20.06,7,17.07%,$4.13,$24.19,,,,
Woodlawn Elementary,5/05/2025,30008,Apple Juice(Each),59,0,59,83,53,0,53,$9.01,0,0.00%,$0.00,$9.01,30,36.14%,$5.10,$14.11,,,,
Woodlawn Elementary,5/05/2025,30009,Orange Tangerine Juice(Each),59,0,59,80,60,0,60,$10.20,0,0.00%,$0.00,$10.20,20,25.00%,$3.40,$13.60,,,,
Woodlawn Elementary,5/05/2025,60034,Mandarin Orange Parfait(Parfait),12,0,12,12,8,0,8,$7.92,0,0.00%,$0.00,$7.92,4,33.33%,$3.96,$11.88,,,,
Woodlawn Elementary,5/05/2025,60090,Assorted Craisins(Packet),0,0,0,20,17,0,17,$4.08,0,0.00%,$0.00,$4.08,3,15.00%,$0.72,$4.80,,,,
Woodley Hills Elementary,5/05/2025,10041,Mini Maple Pancakes(Package),75,0,75,130,126,0,126,$49.14,0,0.00%,$0.00,$49.14,4,3.08%,$1.56,$50.70,,,,
Woodley Hills Elementary,5/05/2025,20001,1% White Milk(Each),70,0,70,263,85,0,85,$30.60,0,0.00%,$0.00,$30.60,178,67.68%,$64.08,$94.68,,,,
Woodley Hills Elementary,5/05/2025,20014,Red Delicious Apple(Each - serving),0,0,0,20,10,0,10,$3.30,0,0.00%,$0.00,$3.30,10,50.00%,$3.30,$6.60,,,,
Woodley Hills Elementary,5/05/2025,20038,Fat Free White Milk(Each),18,0,18,35,19,0,19,$6.27,0,0.00%,$0.00,$6.27,16,45.71%,$5.28,$11.55,,,,
Woodley Hills Elementary,5/05/2025,20047,Orange Slices(3 slices per 1/4 cup),17,0,17,20,20,0,20,$4.00,0,0.00%,$0.00,$4.00,0,0.00%,$0.00,$4.00,,,,
Woodley Hills Elementary,5/05/2025,30004,Blueberry Chex Cereal(Each),22,0,22,40,26,0,26,$15.34,0,0.00%,$0.00,$15.34,14,35.00%,$8.26,$23.60,,,,
Woodley Hills Elementary,5/05/2025,30006,Cinnamon Chex Cereal(Each),48,0,48,78,59,0,59,$34.81,0,0.00%,$0.00,$34.81,19,24.36%,$11.21,$46.02,,,,
Woodley Hills Elementary,5/05/2025,30008,Apple Juice(Each),218,0,218,224,202,0,202,$34.34,0,0.00%,$0.00,$34.34,22,9.82%,$3.74,$38.08,,,,
Woodley Hills Elementary,5/05/2025,60034,Mandarin Orange Parfait(Parfait),27,0,27,40,17,0,17,$16.83,0,0.00%,$0.00,$16.83,23,57.50%,$22.77,$39.60,,,,
Woodson High,5/05/2025,10020,Bagel(Bagel),50,1,51,46,38,0,38,$12.16,0,0.00%,$0.00,$12.16,8,17.39%,$2.56,$14.72,,,,
Woodson High,5/05/2025,10041,Mini Maple Pancakes(Package),120,0,120,56,41,0,41,$15.99,0,0.00%,$0.00,$15.99,15,26.79%,$5.85,$21.84,,,,
Woodson High,5/05/2025,20001,1% White Milk(Each),35,0,35,20,12,0,12,$4.32,0,0.00%,$0.00,$4.32,8,40.00%,$2.88,$7.20,,,,
Woodson High,5/05/2025,20009,Cream Cheese(Each),55,1,56,50,38,0,38,$11.02,0,0.00%,$0.00,$11.02,12,24.00%,$3.48,$14.50,,,,
Woodson High,5/05/2025,20014,Red Delicious Apple(Each - serving),50,0,50,33,23,0,23,$7.59,0,0.00%,$0.00,$7.59,10,30.30%,$3.30,$10.89,,,,
Woodson High,5/05/2025,20017,Orange(6 Slices per 1/2 cup),50,0,50,15,7,0,7,$2.38,0,0.00%,$0.00,$2.38,8,53.33%,$2.72,$5.10,,,,
Woodson High,5/05/2025,20031,Banana(Each),50,0,50,30,22,0,22,$4.62,0,0.00%,$0.00,$4.62,8,26.67%,$1.68,$6.30,,,,
Woodson High,5/05/2025,20038,Fat Free White Milk(Each),35,0,35,20,7,0,7,$2.31,0,0.00%,$0.00,$2.31,13,65.00%,$4.29,$6.60,,,,
Woodson High,5/05/2025,30003,Honey Cheerios Cereal(Each),20,0,20,15,9,0,9,$5.31,0,0.00%,$0.00,$5.31,6,40.00%,$3.54,$8.85,,,,
Woodson High,5/05/2025,30008,Apple Juice(Each),125,0,125,110,85,0,85,$14.45,0,0.00%,$0.00,$14.45,25,22.73%,$4.25,$18.70,,,,
Woodson High,5/05/2025,30009,Orange Tangerine Juice(Each),85,0,85,49,33,0,33,$5.61,0,0.00%,$0.00,$5.61,16,32.65%,$2.72,$8.33,,,,
Woodson High,5/05/2025,30051,Natural Grape Jam(Packet),120,0,120,50,25,0,25,$2.25,0,0.00%,$0.00,$2.25,25,50.00%,$2.25,$4.50,,,,
Woodson High,5/05/2025,30093,Natural Breakfast Syrup(Each),120,0,120,50,30,0,30,$6.00,0,0.00%,$0.00,$6.00,20,40.00%,$4.00,$10.00,,,,
Woodson High,5/05/2025,60034,Mandarin Orange Parfait(Parfait),20,0,20,5,3,0,3,$2.97,0,0.00%,$0.00,$2.97,2,40.00%,$1.98,$4.95,,,,
Woodson High,5/05/2025,60090,Assorted Craisins(Packet),35,1,36,30,15,0,15,$3.60,0,0.00%,$0.00,$3.60,15,50.00%,$3.60,$7.20,,,,
Woodson High,5/05/2025,60099,"Parfait, Triple Berry(Parfait)",30,1,31,15,13,0,13,$8.84,0,0.00%,$0.00,$8.84,2,13.33%,$1.36,$10.20,,,,
Woodson High,5/05/2025,60165,Egg and American Cheese on Bagel(Sandwich),25,1,26,15,14,0,14,$8.12,0,0.00%,$0.00,$8.12,1,6.67%,$0.58,$8.70,,,,
