school_name,date,identifier,name,planned_reimbursable,planned_non-reimbursable,planned_total,offered,served_reimbursable,served_non-reimbursable,served_total,served_cost,discarded_total,discarded_percent_of_offered,discarded_cost,subtotal_cost,left_over_total,left_over_percent_of_offered,left_over_cost,production_cost_total
Aldrin Elementary,5/06/2025,20001,1% White Milk(Each),41,0,41,40,35,0,35,$12.60,0,0.00%,$0.00,$12.60,5,12.50%,$1.80,$14.40
Aldrin Elementary,5/06/2025,30008,Apple Juice(Each),40,0,40,45,42,0,42,$7.14,0,0.00%,$0.00,$7.14,3,6.67%,$0.51,$7.65
Aldrin Elementary,5/06/2025,30020,Applesauce(1/2 Cup),9,0,9,15,13,0,13,$2.73,0,0.00%,$0.00,$2.73,2,13.33%,$0.42,$3.15
Aldrin Elementary,5/06/2025,60089,Assorted Cereal(Cereal Cup),0,0,0,10,6,0,6,$3.54,0,0.00%,$0.00,$3.54,4,40.00%,$2.36,$5.90
Aldrin Elementary,5/06/2025,60068,Biscuit(Biscuit),14,0,14,23,20,0,20,$4.20,1,4.35%,$0.21,$4.41,2,8.70%,$0.42,$4.83
Aldrin Elementary,5/06/2025,30004,Blueberry Chex Cereal(Each),11,0,11,20,3,0,3,$1.77,0,0.00%,$0.00,$1.77,17,85.00%,$10.03,$11.80
Aldrin Elementary,5/06/2025,30006,Cinnamon Chex Cereal(Each),11,0,11,20,17,0,17,$10.03,0,0.00%,$0.00,$10.03,3,15.00%,$1.77,$11.80
Aldrin Elementary,5/06/2025,30007,"Cinnamon Toast Crunch Cereal, 25% Less Sugar(Each)",10,0,10,20,16,0,16,$9.44,0,0.00%,$0.00,$9.44,4,20.00%,$2.36,$11.80
Aldrin Elementary,5/06/2025,20038,Fat Free White Milk(Each),15,0,15,15,13,0,13,$4.29,0,0.00%,$0.00,$4.29,2,13.33%,$0.66,$4.95
Aldrin Elementary,5/06/2025,30003,Honey Cheerios Cereal(Each),10,0,10,20,16,0,16,$9.44,0,0.00%,$0.00,$9.44,4,20.00%,$2.36,$11.80
Aldrin Elementary,5/06/2025,30051,Natural Grape Jam(Packet),15,0,15,23,20,0,20,$1.80,0,0.00%,$0.00,$1.80,3,13.04%,$0.27,$2.07
Aldrin Elementary,5/06/2025,20017,Orange(6 Slices per 1/2 cup),52,0,52,55,53,0,53,$18.02,0,0.00%,$0.00,$18.02,2,3.64%,$0.68,$18.70
Aldrin Elementary,5/06/2025,30009,Orange Tangerine Juice(Each),37,0,37,40,36,0,36,$6.12,0,0.00%,$0.00,$6.12,4,10.00%,$0.68,$6.80
Aldrin Elementary,5/06/2025,60096,Strawberry Parfait(Parfait),4,0,4,6,3,0,3,$2.97,0,0.00%,$0.00,$2.97,3,50.00%,$2.97,$5.94
Aldrin Elementary,5/06/2025,60011,Turkey Sausage Breakfast Biscuit(Sandwich),14,0,14,10,8,0,8,$3.52,1,10.00%,$0.44,$3.96,1,10.00%,$0.44,$4.40
Annandale High,5/06/2025,20001,1% White Milk(Each),75,0,75,78,73,0,73,$26.28,0,0.00%,$0.00,$26.28,5,6.41%,$1.80,$28.08
Annandale High,5/06/2025,30008,Apple Juice(Each),800,0,800,833,767,0,767,$130.39,0,0.00%,$0.00,$130.39,66,7.92%,$11.22,$141.61
Annandale High,5/06/2025,10020,Bagel(Bagel),0,0,0,150,128,0,128,$40.96,0,0.00%,$0.00,$40.96,22,14.67%,$7.04,$48.00
Annandale High,5/06/2025,20031,Banana(Each),110,0,110,160,131,0,131,$27.51,0,0.00%,$0.00,$27.51,29,18.13%,$6.09,$33.60
Annandale High,5/06/2025,30004,Blueberry Chex Cereal(Each),50,0,50,163,159,0,159,$93.81,0,0.00%,$0.00,$93.81,4,2.45%,$2.36,$96.17
Annandale High,5/06/2025,30006,Cinnamon Chex Cereal(Each),50,0,50,22,21,0,21,$12.39,0,0.00%,$0.00,$12.39,1,4.55%,$0.59,$12.98
Annandale High,5/06/2025,30007,"Cinnamon Toast Crunch Cereal, 25% Less Sugar(Each)",75,0,75,28,26,0,26,$15.34,0,0.00%,$0.00,$15.34,2,7.14%,$1.18,$16.52
Annandale High,5/06/2025,20009,Cream Cheese(Each),0,0,0,150,128,0,128,$37.12,0,0.00%,$0.00,$37.12,22,14.67%,$6.38,$43.50
Annandale High,5/06/2025,60165,Egg and American Cheese on Bagel(Sandwich),0,0,0,300,244,0,244,$141.52,0,0.00%,$0.00,$141.52,56,18.67%,$32.48,$174.00
Annandale High,5/06/2025,20038,Fat Free White Milk(Each),75,0,75,90,64,0,64,$21.12,0,0.00%,$0.00,$21.12,26,28.89%,$8.58,$29.70
Annandale High,5/06/2025,20013,Gala Apple(Each),0,0,0,50,24,0,24,$8.88,0,0.00%,$0.00,$8.88,26,52.00%,$9.62,$18.50
Annandale High,5/06/2025,30003,Honey Cheerios Cereal(Each),75,0,75,37,37,0,37,$21.83,0,0.00%,$0.00,$21.83,0,0.00%,$0.00,$21.83
Annandale High,5/06/2025,10041,Mini Maple Pancakes(Package),0,0,0,215,189,0,189,$73.71,0,0.00%,$0.00,$73.71,26,12.09%,$10.14,$83.85
Annandale High,5/06/2025,20017,Orange(6 Slices per 1/2 cup),125,0,125,50,30,0,30,$10.20,0,0.00%,$0.00,$10.20,20,40.00%,$6.80,$17.00
Annandale High,5/06/2025,30009,Orange Tangerine Juice(Each),200,0,200,270,228,0,228,$38.76,0,0.00%,$0.00,$38.76,42,15.56%,$7.14,$45.90
Annandale High,5/06/2025,20014,Red Delicious Apple(Each - serving),125,0,125,80,49,0,49,$16.17,0,0.00%,$0.00,$16.17,31,38.75%,$10.23,$26.40
Annandale High,5/06/2025,60096,Strawberry Parfait(Parfait),125,0,125,122,114,0,114,$112.86,1,0.82%,$0.99,$113.85,7,5.74%,$6.93,$120.78
Annandale Terrace Elementary,5/06/2025,20001,1% White Milk(Each),102,0,102,147,139,0,139,$50.04,0,0.00%,$0.00,$50.04,8,5.44%,$2.88,$52.92
Annandale Terrace Elementary,5/06/2025,30008,Apple Juice(Each),196,0,196,200,180,0,180,$30.60,0,0.00%,$0.00,$30.60,20,10.00%,$3.40,$34.00
Annandale Terrace Elementary,5/06/2025,30020,Applesauce(1/2 Cup),59,0,59,61,61,0,61,$12.81,0,0.00%,$0.00,$12.81,0,0.00%,$0.00,$12.81
Annandale Terrace Elementary,5/06/2025,60068,Biscuit(Biscuit),20,0,20,14,5,0,5,$1.05,0,0.00%,$0.00,$1.05,9,64.29%,$1.89,$2.94
Annandale Terrace Elementary,5/06/2025,30004,Blueberry Chex Cereal(Each),35,0,35,40,39,0,39,$23.01,0,0.00%,$0.00,$23.01,1,2.50%,$0.59,$23.60
Annandale Terrace Elementary,5/06/2025,30006,Cinnamon Chex Cereal(Each),48,0,48,40,39,0,39,$23.01,0,0.00%,$0.00,$23.01,1,2.50%,$0.59,$23.60
Annandale Terrace Elementary,5/06/2025,30007,"Cinnamon Toast Crunch Cereal, 25% Less Sugar(Each)",44,0,44,45,40,0,40,$23.60,0,0.00%,$0.00,$23.60,5,11.11%,$2.95,$26.55
Annandale Terrace Elementary,5/06/2025,20038,Fat Free White Milk(Each),25,0,25,35,31,0,31,$10.23,0,0.00%,$0.00,$10.23,4,11.43%,$1.32,$11.55
Annandale Terrace Elementary,5/06/2025,30003,Honey Cheerios Cereal(Each),23,0,23,40,38,0,38,$22.42,0,0.00%,$0.00,$22.42,2,5.00%,$1.18,$23.60
Annandale Terrace Elementary,5/06/2025,20043,"Lactose Free, White Milk(Each)",3,0,3,3,3,0,3,$1.74,0,0.00%,$0.00,$1.74,0,0.00%,$0.00,$1.74
Annandale Terrace Elementary,5/06/2025,30188,"Milk, Soy, Plain, Bulk (12/32 oz)(1 cup)",1,0,1,1,1,0,1,$0.79,0,0.00%,$0.00,$0.79,0,0.00%,$0.00,$0.79
Annandale Terrace Elementary,5/06/2025,10041,Mini Maple Pancakes(Package),0,0,0,167,159,0,159,$62.01,0,0.00%,$0.00,$62.01,8,4.79%,$3.12,$65.13
Annandale Terrace Elementary,5/06/2025,30051,Natural Grape Jam(Packet),27,0,27,14,5,0,5,$0.45,0,0.00%,$0.00,$0.45,9,64.29%,$0.81,$1.26
Annandale Terrace Elementary,5/06/2025,30009,Orange Tangerine Juice(Each),146,0,146,210,191,0,191,$32.47,0,0.00%,$0.00,$32.47,19,9.05%,$3.23,$35.70
Annandale Terrace Elementary,5/06/2025,20014,Red Delicious Apple(Each - serving),84,0,84,120,97,0,97,$32.01,0,0.00%,$0.00,$32.01,23,19.17%,$7.59,$39.60
Annandale Terrace Elementary,5/06/2025,60096,Strawberry Parfait(Parfait),21,0,21,26,26,0,26,$25.74,0,0.00%,$0.00,$25.74,0,0.00%,$0.00,$25.74
Annandale Terrace Elementary,5/06/2025,60011,Turkey Sausage Breakfast Biscuit(Sandwich),205,0,205,78,76,0,76,$33.44,0,0.00%,$0.00,$33.44,2,2.56%,$0.88,$34.32
Armstrong Elementary,5/06/2025,20001,1% White Milk(Each),20,0,20,40,29,0,29,$10.44,0,0.00%,$0.00,$10.44,11,27.50%,$3.96,$14.40
Armstrong Elementary,5/06/2025,30008,Apple Juice(Each),23,0,23,40,33,0,33,$5.61,0,0.00%,$0.00,$5.61,7,17.50%,$1.19,$6.80
Armstrong Elementary,5/06/2025,10020,Bagel(Bagel),0,0,0,8,8,0,8,$2.56,0,0.00%,$0.00,$2.56,0,0.00%,$0.00,$2.56
Armstrong Elementary,5/06/2025,20031,Banana(Each),14,0,14,15,13,0,13,$2.73,0,0.00%,$0.00,$2.73,2,13.33%,$0.42,$3.15
Armstrong Elementary,5/06/2025,60068,Biscuit(Biscuit),0,0,0,2,0,0,0,$0.00,2,100.00%,$0.00,$0.00,0,0.00%,$0.00,$0.00
Armstrong Elementary,5/06/2025,30004,Blueberry Chex Cereal(Each),2,0,2,10,4,0,4,$2.36,0,0.00%,$0.00,$2.36,6,60.00%,$3.54,$5.90
Armstrong Elementary,5/06/2025,30006,Cinnamon Chex Cereal(Each),7,0,7,10,7,0,7,$4.13,0,0.00%,$0.00,$4.13,3,30.00%,$1.77,$5.90
Armstrong Elementary,5/06/2025,20038,Fat Free White Milk(Each),15,0,15,30,17,0,17,$5.61,1,3.33%,$0.33,$5.94,12,40.00%,$3.96,$9.90
Armstrong Elementary,5/06/2025,30003,Honey Cheerios Cereal(Each),5,0,5,10,10,0,10,$5.90,0,0.00%,$0.00,$5.90,0,0.00%,$0.00,$5.90
Armstrong Elementary,5/06/2025,10041,Mini Maple Pancakes(Package),0,0,0,20,19,0,19,$7.41,1,5.00%,$0.39,$7.80,0,0.00%,$0.00,$7.80
Armstrong Elementary,5/06/2025,30093,Natural Breakfast Syrup(Each),0,0,0,15,15,0,15,$3.00,0,0.00%,$0.00,$3.00,0,0.00%,$0.00,$3.00
Armstrong Elementary,5/06/2025,30051,Natural Grape Jam(Packet),5,0,5,10,8,0,8,$0.72,0,0.00%,$0.00,$0.72,2,20.00%,$0.18,$0.90
Armstrong Elementary,5/06/2025,30009,Orange Tangerine Juice(Each),24,0,24,40,30,0,30,$5.10,0,0.00%,$0.00,$5.10,10,25.00%,$1.70,$6.80
Armstrong Elementary,5/06/2025,20014,Red Delicious Apple(Each - serving),2,0,2,10,9,0,9,$2.97,0,0.00%,$0.00,$2.97,1,10.00%,$0.33,$3.30
Armstrong Elementary,5/06/2025,60096,Strawberry Parfait(Parfait),2,0,2,4,3,0,3,$2.97,1,25.00%,$0.99,$3.96,0,0.00%,$0.00,$3.96
Armstrong Elementary,5/06/2025,60011,Turkey Sausage Breakfast Biscuit(Sandwich),15,0,15,15,14,0,14,$6.16,1,6.67%,$0.44,$6.60,0,0.00%,$0.00,$6.60
Baileys Lower Elementary,5/06/2025,20001,1% White Milk(Each),349,0,349,309,232,0,232,$83.52,5,1.62%,$1.80,$85.32,72,23.30%,$25.92,$111.24
Baileys Lower Elementary,5/06/2025,30008,Apple Juice(Each),250,0,250,240,157,0,157,$26.69,0,0.00%,$0.00,$26.69,83,34.58%,$14.11,$40.80
Baileys Lower Elementary,5/06/2025,30020,Applesauce(1/2 Cup),114,0,114,116,116,0,116,$24.36,0,0.00%,$0.00,$24.36,0,0.00%,$0.00,$24.36
Baileys Lower Elementary,5/06/2025,10020,Bagel(Bagel),0,0,0,6,6,0,6,$1.92,0,0.00%,$0.00,$1.92,0,0.00%,$0.00,$1.92
Baileys Lower Elementary,5/06/2025,30004,Blueberry Chex Cereal(Each),36,0,36,60,49,0,49,$28.91,0,0.00%,$0.00,$28.91,11,18.33%,$6.49,$35.40
Baileys Lower Elementary,5/06/2025,20009,Cream Cheese(Each),0,0,0,2,2,0,2,$0.58,0,0.00%,$0.00,$0.58,0,0.00%,$0.00,$0.58
Baileys Lower Elementary,5/06/2025,20038,Fat Free White Milk(Each),50,0,50,50,30,0,30,$9.90,0,0.00%,$0.00,$9.90,20,40.00%,$6.60,$16.50
Baileys Lower Elementary,5/06/2025,30003,Honey Cheerios Cereal(Each),36,0,36,180,157,0,157,$92.63,0,0.00%,$0.00,$92.63,23,12.78%,$13.57,$106.20
Baileys Lower Elementary,5/06/2025,20043,"Lactose Free, White Milk(Each)",0,0,0,7,7,0,7,$4.06,0,0.00%,$0.00,$4.06,0,0.00%,$0.00,$4.06
Baileys Lower Elementary,5/06/2025,60034,Mandarin Orange Parfait(Parfait),0,0,0,52,51,0,51,$50.49,1,1.92%,$0.99,$51.48,0,0.00%,$0.00,$51.48
Baileys Lower Elementary,5/06/2025,10041,Mini Maple Pancakes(Package),0,0,0,80,79,0,79,$30.81,1,1.25%,$0.39,$31.20,0,0.00%,$0.00,$31.20
Baileys Lower Elementary,5/06/2025,30051,Natural Grape Jam(Packet),311,0,311,121,111,0,111,$9.99,0,0.00%,$0.00,$9.99,10,8.26%,$0.90,$10.89
Baileys Lower Elementary,5/06/2025,30009,Orange Tangerine Juice(Each),250,0,250,240,140,0,140,$23.80,0,0.00%,$0.00,$23.80,100,41.67%,$17.00,$40.80
Baileys Lower Elementary,5/06/2025,20014,Red Delicious Apple(Each - serving),140,0,140,195,114,0,114,$37.62,0,0.00%,$0.00,$37.62,81,41.54%,$26.73,$64.35
Baileys Lower Elementary,5/06/2025,60011,Turkey Sausage Breakfast Biscuit(Sandwich),360,0,360,142,140,0,140,$61.60,2,1.41%,$0.88,$62.48,0,0.00%,$0.00,$62.48
Baileys Upper Elementary,5/06/2025,20001,1% White Milk(Each),45,0,45,94,73,0,73,$26.28,0,0.00%,$0.00,$26.28,21,22.34%,$7.56,$33.84
Baileys Upper Elementary,5/06/2025,30008,Apple Juice(Each),259,0,259,226,218,0,218,$37.06,0,0.00%,$0.00,$37.06,8,3.54%,$1.36,$38.42
Baileys Upper Elementary,5/06/2025,30003,Honey Cheerios Cereal(Each),60,0,60,65,60,0,60,$35.40,0,0.00%,$0.00,$35.40,5,7.69%,$2.95,$38.35
Baileys Upper Elementary,5/06/2025,10041,Mini Maple Pancakes(Package),0,0,0,30,30,0,30,$11.70,0,0.00%,$0.00,$11.70,0,0.00%,$0.00,$11.70
Baileys Upper Elementary,5/06/2025,30093,Natural Breakfast Syrup(Each),0,0,0,30,30,0,30,$6.00,0,0.00%,$0.00,$6.00,0,0.00%,$0.00,$6.00
Baileys Upper Elementary,5/06/2025,30051,Natural Grape Jam(Packet),0,0,0,30,10,0,10,$0.90,0,0.00%,$0.00,$0.90,20,66.67%,$1.80,$2.70
Baileys Upper Elementary,5/06/2025,20014,Red Delicious Apple(Each - serving),0,0,0,96,78,0,78,$25.74,0,0.00%,$0.00,$25.74,18,18.75%,$5.94,$31.68
Baileys Upper Elementary,5/06/2025,60164,"Sandwich, Breakfast. Bagel, Turkey Sausage(Sandwich)",0,0,0,96,88,0,88,$47.52,8,8.33%,$4.32,$51.84,0,0.00%,$0.00,$51.84
Baileys Upper Elementary,5/06/2025,60096,Strawberry Parfait(Parfait),60,0,60,45,40,0,40,$39.60,0,0.00%,$0.00,$39.60,5,11.11%,$4.95,$44.55
Beech Tree Elementary,5/06/2025,20001,1% White Milk(Each),57,0,57,94,75,0,75,$27.00,7,7.45%,$2.52,$29.52,12,12.77%,$4.32,$33.84
Beech Tree Elementary,5/06/2025,30008,Apple Juice(Each),140,0,140,140,128,0,128,$21.76,0,0.00%,$0.00,$21.76,12,8.57%,$2.04,$23.80
Beech Tree Elementary,5/06/2025,20069,"Apple, Slices, IW - ER Supper Only(Each)",0,0,0,55,43,0,43,$14.19,0,0.00%,$0.00,$14.19,12,21.82%,$3.96,$18.15
Beech Tree Elementary,5/06/2025,30020,Applesauce(1/2 Cup),7,0,7,8,6,0,6,$1.26,2,25.00%,$0.42,$1.68,0,0.00%,$0.00,$1.68
Beech Tree Elementary,5/06/2025,30004,Blueberry Chex Cereal(Each),25,0,25,16,8,0,8,$4.72,0,0.00%,$0.00,$4.72,8,50.00%,$4.72,$9.44
Beech Tree Elementary,5/06/2025,30006,Cinnamon Chex Cereal(Each),25,0,25,26,14,0,14,$8.26,0,0.00%,$0.00,$8.26,12,46.15%,$7.08,$15.34
Beech Tree Elementary,5/06/2025,30007,"Cinnamon Toast Crunch Cereal, 25% Less Sugar(Each)",25,0,25,26,14,0,14,$8.26,0,0.00%,$0.00,$8.26,12,46.15%,$7.08,$15.34
Beech Tree Elementary,5/06/2025,60165,Egg and American Cheese on Bagel(Sandwich),0,0,0,144,128,0,128,$74.24,16,11.11%,$9.28,$83.52,0,0.00%,$0.00,$83.52
Beech Tree Elementary,5/06/2025,20038,Fat Free White Milk(Each),20,0,20,14,6,0,6,$1.98,0,0.00%,$0.00,$1.98,8,57.14%,$2.64,$4.62
Beech Tree Elementary,5/06/2025,30003,Honey Cheerios Cereal(Each),25,0,25,32,30,0,30,$17.70,0,0.00%,$0.00,$17.70,2,6.25%,$1.18,$18.88
Beech Tree Elementary,5/06/2025,30037,IW Applesauce Cup(Each),0,0,0,36,31,0,31,$8.37,5,13.89%,$1.35,$9.72,0,0.00%,$0.00,$9.72
Beech Tree Elementary,5/06/2025,30009,Orange Tangerine Juice(Each),40,0,40,40,32,0,32,$5.44,0,0.00%,$0.00,$5.44,8,20.00%,$1.36,$6.80
Beech Tree Elementary,5/06/2025,60096,Strawberry Parfait(Parfait),20,0,20,15,7,0,7,$6.93,8,53.33%,$7.92,$14.85,0,0.00%,$0.00,$14.85
Belle View Elementary,5/06/2025,20001,1% White Milk(Each),21,0,21,40,35,0,35,$12.60,0,0.00%,$0.00,$12.60,5,12.50%,$1.80,$14.40
Belle View Elementary,5/06/2025,30008,Apple Juice(Each),54,0,54,60,59,0,59,$10.03,0,0.00%,$0.00,$10.03,1,1.67%,$0.17,$10.20
Belle View Elementary,5/06/2025,30105,"Bar, Lemon Blueberry(Each)",0,0,0,8,8,0,8,$3.36,0,0.00%,$0.00,$3.36,0,0.00%,$0.00,$3.36
Belle View Elementary,5/06/2025,30006,Cinnamon Chex Cereal(Each),6,0,6,16,15,0,15,$8.85,0,0.00%,$0.00,$8.85,1,6.25%,$0.59,$9.44
Belle View Elementary,5/06/2025,30007,"Cinnamon Toast Crunch Cereal, 25% Less Sugar(Each)",16,0,16,20,17,0,17,$10.03,0,0.00%,$0.00,$10.03,3,15.00%,$1.77,$11.80
Belle View Elementary,5/06/2025,60125,Egg and American Cheese on Biscuit(Sandwich),0,0,0,5,5,0,5,$2.35,0,0.00%,$0.00,$2.35,0,0.00%,$0.00,$2.35
Belle View Elementary,5/06/2025,20038,Fat Free White Milk(Each),7,0,7,10,6,0,6,$1.98,0,0.00%,$0.00,$1.98,4,40.00%,$1.32,$3.30
Belle View Elementary,5/06/2025,20015,Golden Delicious Apple(Each),0,0,0,30,30,0,30,$9.30,0,0.00%,$0.00,$9.30,0,0.00%,$0.00,$9.30
Belle View Elementary,5/06/2025,30003,Honey Cheerios Cereal(Each),13,0,13,20,17,0,17,$10.03,0,0.00%,$0.00,$10.03,3,15.00%,$1.77,$11.80
Belle View Elementary,5/06/2025,30009,Orange Tangerine Juice(Each),14,0,14,15,14,0,14,$2.38,0,0.00%,$0.00,$2.38,1,6.67%,$0.17,$2.55
Belle View Elementary,5/06/2025,60096,Strawberry Parfait(Parfait),3,0,3,4,4,0,4,$3.96,0,0.00%,$0.00,$3.96,0,0.00%,$0.00,$3.96
Belle View Elementary,5/06/2025,60011,Turkey Sausage Breakfast Biscuit(Sandwich),7,0,7,12,7,0,7,$3.08,0,0.00%,$0.00,$3.08,5,41.67%,$2.20,$5.28
Belvedere Elementary,5/06/2025,20001,1% White Milk(Each),105,0,105,189,105,0,105,$37.80,0,0.00%,$0.00,$37.80,84,44.44%,$30.24,$68.04
Belvedere Elementary,5/06/2025,30008,Apple Juice(Each),69,0,69,80,47,0,47,$7.99,0,0.00%,$0.00,$7.99,33,41.25%,$5.61,$13.60
Belvedere Elementary,5/06/2025,30020,Applesauce(1/2 Cup),74,0,74,64,64,0,64,$13.44,0,0.00%,$0.00,$13.44,0,0.00%,$0.00,$13.44
Belvedere Elementary,5/06/2025,10020,Bagel(Bagel),0,0,0,32,29,0,29,$9.28,0,0.00%,$0.00,$9.28,3,9.38%,$0.96,$10.24
Belvedere Elementary,5/06/2025,20031,Banana(Each),20,0,20,0,0,0,0,$0.00,0,0.00%,$0.00,$0.00,0,0.00%,$0.00,$0.00
Belvedere Elementary,5/06/2025,30004,Blueberry Chex Cereal(Each),30,0,30,71,51,0,51,$30.09,0,0.00%,$0.00,$30.09,20,28.17%,$11.80,$41.89
Belvedere Elementary,5/06/2025,30006,Cinnamon Chex Cereal(Each),0,0,0,0,0,0,0,$0.00,0,0.00%,$0.00,$0.00,0,0.00%,$0.00,$0.00
Belvedere Elementary,5/06/2025,30007,"Cinnamon Toast Crunch Cereal, 25% Less Sugar(Each)",0,0,0,0,0,0,0,$0.00,0,0.00%,$0.00,$0.00,0,0.00%,$0.00,$0.00
Belvedere Elementary,5/06/2025,20009,Cream Cheese(Each),0,0,0,35,13,0,13,$3.77,0,0.00%,$0.00,$3.77,22,62.86%,$6.38,$10.15
Belvedere Elementary,5/06/2025,20038,Fat Free White Milk(Each),9,0,9,20,8,0,8,$2.64,0,0.00%,$0.00,$2.64,12,60.00%,$3.96,$6.60
Belvedere Elementary,5/06/2025,30003,Honey Cheerios Cereal(Each),30,0,30,0,0,0,0,$0.00,0,0.00%,$0.00,$0.00,0,0.00%,$0.00,$0.00
Belvedere Elementary,5/06/2025,30051,Natural Grape Jam(Packet),95,0,95,77,39,0,39,$3.51,0,0.00%,$0.00,$3.51,38,49.35%,$3.42,$6.93
Belvedere Elementary,5/06/2025,20017,Orange(6 Slices per 1/2 cup),18,0,18,20,20,0,20,$6.80,0,0.00%,$0.00,$6.80,0,0.00%,$0.00,$6.80
Belvedere Elementary,5/06/2025,30009,Orange Tangerine Juice(Each),46,0,46,80,66,0,66,$11.22,0,0.00%,$0.00,$11.22,14,17.50%,$2.38,$13.60
Belvedere Elementary,5/06/2025,20014,Red Delicious Apple(Each - serving),26,0,26,35,27,0,27,$8.91,0,0.00%,$0.00,$8.91,8,22.86%,$2.64,$11.55
Belvedere Elementary,5/06/2025,60164,"Sandwich, Breakfast. Bagel, Turkey Sausage(Sandwich)",0,0,0,82,76,3,79,$42.66,0,0.00%,$0.00,$42.66,3,3.66%,$1.62,$44.28
Belvedere Elementary,5/06/2025,60096,Strawberry Parfait(Parfait),9,0,9,15,9,0,9,$8.91,0,0.00%,$0.00,$8.91,6,40.00%,$5.94,$14.85
Bonnie Brae Elementary,5/06/2025,20001,1% White Milk(Each),134,0,134,134,124,0,124,$44.64,0,0.00%,$0.00,$44.64,10,7.46%,$3.60,$48.24
Bonnie Brae Elementary,5/06/2025,30008,Apple Juice(Each),79,0,79,120,110,0,110,$18.70,0,0.00%,$0.00,$18.70,10,8.33%,$1.70,$20.40
Bonnie Brae Elementary,5/06/2025,30020,Applesauce(1/2 Cup),33,0,33,34,34,0,34,$7.14,0,0.00%,$0.00,$7.14,0,0.00%,$0.00,$7.14
Bonnie Brae Elementary,5/06/2025,20031,Banana(Each),105,0,105,0,0,0,0,$0.00,0,0.00%,$0.00,$0.00,0,0.00%,$0.00,$0.00
Bonnie Brae Elementary,5/06/2025,60068,Biscuit(Biscuit),9,0,9,9,8,0,8,$1.68,1,11.11%,$0.21,$1.89,0,0.00%,$0.00,$1.89
Bonnie Brae Elementary,5/06/2025,30004,Blueberry Chex Cereal(Each),14,0,14,30,25,0,25,$14.75,0,0.00%,$0.00,$14.75,5,16.67%,$2.95,$17.70
Bonnie Brae Elementary,5/06/2025,30006,Cinnamon Chex Cereal(Each),15,0,15,30,25,0,25,$14.75,0,0.00%,$0.00,$14.75,5,16.67%,$2.95,$17.70
Bonnie Brae Elementary,5/06/2025,30007,"Cinnamon Toast Crunch Cereal, 25% Less Sugar(Each)",5,0,5,30,13,0,13,$7.67,0,0.00%,$0.00,$7.67,17,56.67%,$10.03,$17.70
Bonnie Brae Elementary,5/06/2025,20038,Fat Free White Milk(Each),18,0,18,50,30,0,30,$9.90,0,0.00%,$0.00,$9.90,20,40.00%,$6.60,$16.50
Bonnie Brae Elementary,5/06/2025,30003,Honey Cheerios Cereal(Each),12,0,12,30,25,0,25,$14.75,0,0.00%,$0.00,$14.75,5,16.67%,$2.95,$17.70
Bonnie Brae Elementary,5/06/2025,30051,Natural Grape Jam(Packet),43,0,43,44,41,0,41,$3.69,3,6.82%,$0.27,$3.96,0,0.00%,$0.00,$3.96
Bonnie Brae Elementary,5/06/2025,20017,Orange(6 Slices per 1/2 cup),97,0,97,120,115,0,115,$39.10,5,4.17%,$1.70,$40.80,0,0.00%,$0.00,$40.80
Bonnie Brae Elementary,5/06/2025,30009,Orange Tangerine Juice(Each),38,0,38,50,30,0,30,$5.10,0,0.00%,$0.00,$5.10,20,40.00%,$3.40,$8.50
Bonnie Brae Elementary,5/06/2025,20014,Red Delicious Apple(Each - serving),94,0,94,0,0,0,0,$0.00,0,0.00%,$0.00,$0.00,0,0.00%,$0.00,$0.00
Bonnie Brae Elementary,5/06/2025,60096,Strawberry Parfait(Parfait),8,0,8,8,7,0,7,$6.93,1,12.50%,$0.99,$7.92,0,0.00%,$0.00,$7.92
Bonnie Brae Elementary,5/06/2025,60011,Turkey Sausage Breakfast Biscuit(Sandwich),51,0,51,52,35,15,50,$22.00,2,3.85%,$0.88,$22.88,0,0.00%,$0.00,$22.88
Braddock Elementary,5/06/2025,20001,1% White Milk(Each),228,0,228,250,250,0,250,$90.00,0,0.00%,$0.00,$90.00,0,0.00%,$0.00,$90.00
Braddock Elementary,5/06/2025,30008,Apple Juice(Each),282,0,282,350,350,0,350,$59.50,0,0.00%,$0.00,$59.50,0,0.00%,$0.00,$59.50
Braddock Elementary,5/06/2025,30020,Applesauce(1/2 Cup),52,0,52,50,50,0,50,$10.50,0,0.00%,$0.00,$10.50,0,0.00%,$0.00,$10.50
Braddock Elementary,5/06/2025,20031,Banana(Each),146,0,146,330,330,0,330,$69.30,0,0.00%,$0.00,$69.30,0,0.00%,$0.00,$69.30
Braddock Elementary,5/06/2025,60068,Biscuit(Biscuit),113,0,113,102,102,0,102,$21.42,0,0.00%,$0.00,$21.42,0,0.00%,$0.00,$21.42
Braddock Elementary,5/06/2025,30004,Blueberry Chex Cereal(Each),25,0,25,30,30,0,30,$17.70,0,0.00%,$0.00,$17.70,0,0.00%,$0.00,$17.70
Braddock Elementary,5/06/2025,30006,Cinnamon Chex Cereal(Each),25,0,25,30,30,0,30,$17.70,0,0.00%,$0.00,$17.70,0,0.00%,$0.00,$17.70
Braddock Elementary,5/06/2025,30007,"Cinnamon Toast Crunch Cereal, 25% Less Sugar(Each)",13,0,13,30,30,0,30,$17.70,0,0.00%,$0.00,$17.70,0,0.00%,$0.00,$17.70
Braddock Elementary,5/06/2025,20038,Fat Free White Milk(Each),17,0,17,4,4,0,4,$1.32,0,0.00%,$0.00,$1.32,0,0.00%,$0.00,$1.32
Braddock Elementary,5/06/2025,30003,Honey Cheerios Cereal(Each),10,0,10,30,30,0,30,$17.70,0,0.00%,$0.00,$17.70,0,0.00%,$0.00,$17.70
Braddock Elementary,5/06/2025,30051,Natural Grape Jam(Packet),251,0,251,350,350,0,350,$31.50,0,0.00%,$0.00,$31.50,0,0.00%,$0.00,$31.50
Braddock Elementary,5/06/2025,20017,Orange(6 Slices per 1/2 cup),0,0,0,0,0,0,0,$0.00,0,0.00%,$0.00,$0.00,0,0.00%,$0.00,$0.00
Braddock Elementary,5/06/2025,30009,Orange Tangerine Juice(Each),238,0,238,140,140,0,140,$23.80,0,0.00%,$0.00,$23.80,0,0.00%,$0.00,$23.80
Braddock Elementary,5/06/2025,20014,Red Delicious Apple(Each - serving),290,0,290,0,0,0,0,$0.00,0,0.00%,$0.00,$0.00,0,0.00%,$0.00,$0.00
Braddock Elementary,5/06/2025,60096,Strawberry Parfait(Parfait),49,0,49,75,75,0,75,$74.25,0,0.00%,$0.00,$74.25,0,0.00%,$0.00,$74.25
Braddock Elementary,5/06/2025,60011,Turkey Sausage Breakfast Biscuit(Sandwich),348,0,348,298,298,0,298,$131.12,0,0.00%,$0.00,$131.12,0,0.00%,$0.00,$131.12
Bren Mar Park Elementary,5/06/2025,20001,1% White Milk(Each),83,0,83,83,77,0,77,$27.72,1,1.20%,$0.36,$28.08,5,6.02%,$1.80,$29.88
Bren Mar Park Elementary,5/06/2025,30020,Applesauce(1/2 Cup),36,0,36,36,35,0,35,$7.35,1,2.78%,$0.21,$7.56,0,0.00%,$0.00,$7.56
Bren Mar Park Elementary,5/06/2025,10020,Bagel(Bagel),0,0,0,90,87,0,87,$27.84,0,0.00%,$0.00,$27.84,3,3.33%,$0.96,$28.80
Bren Mar Park Elementary,5/06/2025,60068,Biscuit(Biscuit),2,0,2,2,2,0,2,$0.42,0,0.00%,$0.00,$0.42,0,0.00%,$0.00,$0.42
Bren Mar Park Elementary,5/06/2025,30007,"Cinnamon Toast Crunch Cereal, 25% Less Sugar(Each)",63,0,63,70,68,0,68,$40.12,0,0.00%,$0.00,$40.12,2,2.86%,$1.18,$41.30
Bren Mar Park Elementary,5/06/2025,20009,Cream Cheese(Each),0,0,0,90,87,0,87,$25.23,0,0.00%,$0.00,$25.23,3,3.33%,$0.87,$26.10
Bren Mar Park Elementary,5/06/2025,20038,Fat Free White Milk(Each),50,0,50,50,38,0,38,$12.54,0,0.00%,$0.00,$12.54,12,24.00%,$3.96,$16.50
Bren Mar Park Elementary,5/06/2025,20043,"Lactose Free, White Milk(Each)",3,0,3,3,3,0,3,$1.74,0,0.00%,$0.00,$1.74,0,0.00%,$0.00,$1.74
Bren Mar Park Elementary,5/06/2025,10041,Mini Maple Pancakes(Package),0,0,0,46,46,0,46,$17.94,0,0.00%,$0.00,$17.94,0,0.00%,$0.00,$17.94
Bren Mar Park Elementary,5/06/2025,30051,Natural Grape Jam(Packet),11,0,11,14,13,0,13,$1.17,1,7.14%,$0.09,$1.26,0,0.00%,$0.00,$1.26
Bren Mar Park Elementary,5/06/2025,30009,Orange Tangerine Juice(Each),259,0,259,260,220,0,220,$37.40,0,0.00%,$0.00,$37.40,40,15.38%,$6.80,$44.20
Bren Mar Park Elementary,5/06/2025,20014,Red Delicious Apple(Each - serving),45,0,45,60,48,0,48,$15.84,0,0.00%,$0.00,$15.84,12,20.00%,$3.96,$19.80
Bren Mar Park Elementary,5/06/2025,60096,Strawberry Parfait(Parfait),20,0,20,22,22,0,22,$21.78,0,0.00%,$0.00,$21.78,0,0.00%,$0.00,$21.78
Bren Mar Park Elementary,5/06/2025,60011,Turkey Sausage Breakfast Biscuit(Sandwich),65,0,65,62,61,0,61,$26.84,1,1.61%,$0.44,$27.28,0,0.00%,$0.00,$27.28
Brookfield Elementary,5/06/2025,20001,1% White Milk(Each),96,0,96,62,54,0,54,$19.44,0,0.00%,$0.00,$19.44,8,12.90%,$2.88,$22.32
Brookfield Elementary,5/06/2025,30008,Apple Juice(Each),280,0,280,280,259,0,259,$44.03,0,0.00%,$0.00,$44.03,21,7.50%,$3.57,$47.60
Brookfield Elementary,5/06/2025,30020,Applesauce(1/2 Cup),36,0,36,32,32,0,32,$6.72,0,0.00%,$0.00,$6.72,0,0.00%,$0.00,$6.72
Brookfield Elementary,5/06/2025,10020,Bagel(Bagel),0,0,0,75,74,0,74,$23.68,1,1.33%,$0.32,$24.00,0,0.00%,$0.00,$24.00
Brookfield Elementary,5/06/2025,30004,Blueberry Chex Cereal(Each),50,0,50,30,25,0,25,$14.75,0,0.00%,$0.00,$14.75,5,16.67%,$2.95,$17.70
Brookfield Elementary,5/06/2025,30006,Cinnamon Chex Cereal(Each),50,0,50,40,32,0,32,$18.88,0,0.00%,$0.00,$18.88,8,20.00%,$4.72,$23.60
Brookfield Elementary,5/06/2025,20009,Cream Cheese(Each),0,0,0,83,82,0,82,$23.78,0,0.00%,$0.00,$23.78,1,1.20%,$0.29,$24.07
Brookfield Elementary,5/06/2025,20038,Fat Free White Milk(Each),40,0,40,30,16,0,16,$5.28,0,0.00%,$0.00,$5.28,14,46.67%,$4.62,$9.90
Brookfield Elementary,5/06/2025,30003,Honey Cheerios Cereal(Each),50,0,50,40,32,0,32,$18.88,0,0.00%,$0.00,$18.88,8,20.00%,$4.72,$23.60
Brookfield Elementary,5/06/2025,60034,Mandarin Orange Parfait(Parfait),0,0,0,12,12,0,12,$11.88,0,0.00%,$0.00,$11.88,0,0.00%,$0.00,$11.88
Brookfield Elementary,5/06/2025,10041,Mini Maple Pancakes(Package),0,0,0,26,26,0,26,$10.14,0,0.00%,$0.00,$10.14,0,0.00%,$0.00,$10.14
Brookfield Elementary,5/06/2025,60099,"Parfait, Triple Berry(Parfait)",0,0,0,9,1,0,1,$0.68,0,0.00%,$0.00,$0.68,8,88.89%,$5.44,$6.12
Brookfield Elementary,5/06/2025,20014,Red Delicious Apple(Each - serving),60,0,60,40,36,0,36,$11.88,4,10.00%,$1.32,$13.20,0,0.00%,$0.00,$13.20
Brookfield Elementary,5/06/2025,60164,"Sandwich, Breakfast. Bagel, Turkey Sausage(Sandwich)",0,0,0,89,89,0,89,$48.06,0,0.00%,$0.00,$48.06,0,0.00%,$0.00,$48.06
Bucknell Elementary,5/06/2025,20001,1% White Milk(Each),67,0,67,105,61,0,61,$21.96,0,0.00%,$0.00,$21.96,44,41.90%,$15.84,$37.80
Bucknell Elementary,5/06/2025,10021,Apple Cinnamon Bread(1oz Grain (1/64 Baked Pan)),0,0,0,130,124,0,124,$50.84,0,0.00%,$0.00,$50.84,6,4.62%,$2.46,$53.30
Bucknell Elementary,5/06/2025,30008,Apple Juice(Each),74,0,74,95,82,0,82,$13.94,0,0.00%,$0.00,$13.94,13,13.68%,$2.21,$16.15
Bucknell Elementary,5/06/2025,30020,Applesauce(1/2 Cup),55,0,55,58,58,0,58,$12.18,0,0.00%,$0.00,$12.18,0,0.00%,$0.00,$12.18
Bucknell Elementary,5/06/2025,30006,Cinnamon Chex Cereal(Each),40,0,40,60,25,0,25,$14.75,0,0.00%,$0.00,$14.75,35,58.33%,$20.65,$35.40
Bucknell Elementary,5/06/2025,30007,"Cinnamon Toast Crunch Cereal, 25% Less Sugar(Each)",30,0,30,34,34,0,34,$20.06,0,0.00%,$0.00,$20.06,0,0.00%,$0.00,$20.06
Bucknell Elementary,5/06/2025,20038,Fat Free White Milk(Each),15,0,15,28,9,0,9,$2.97,0,0.00%,$0.00,$2.97,19,67.86%,$6.27,$9.24
Bucknell Elementary,5/06/2025,30103,"Milk, Lactose Free,  Fat Free, Shelf-Stable(Each)",0,0,0,20,20,0,20,$9.60,0,0.00%,$0.00,$9.60,0,0.00%,$0.00,$9.60
Bucknell Elementary,5/06/2025,30009,Orange Tangerine Juice(Each),72,0,72,66,63,0,63,$10.71,0,0.00%,$0.00,$10.71,3,4.55%,$0.51,$11.22
Bucknell Elementary,5/06/2025,60099,"Parfait, Triple Berry(Parfait)",0,0,0,12,10,0,10,$6.80,0,0.00%,$0.00,$6.80,2,16.67%,$1.36,$8.16
Bucknell Elementary,5/06/2025,30043,Raspberry Lemonade Flavored Dried Cranberries(2 Eaches),0,0,0,20,16,0,16,$7.68,0,0.00%,$0.00,$7.68,4,20.00%,$1.92,$9.60
Bucknell Elementary,5/06/2025,20016,String Cheese(1 Stick),0,0,0,105,99,0,99,$21.78,0,0.00%,$0.00,$21.78,6,5.71%,$1.32,$23.10
Bull Run Elementary,5/06/2025,20001,1% White Milk(Each),63,0,63,67,65,0,65,$23.40,0,0.00%,$0.00,$23.40,2,2.99%,$0.72,$24.12
Bull Run Elementary,5/06/2025,30008,Apple Juice(Each),98,0,98,120,108,0,108,$18.36,0,0.00%,$0.00,$18.36,12,10.00%,$2.04,$20.40
Bull Run Elementary,5/06/2025,30020,Applesauce(1/2 Cup),13,0,13,13,13,0,13,$2.73,0,0.00%,$0.00,$2.73,0,0.00%,$0.00,$2.73
Bull Run Elementary,5/06/2025,10020,Bagel(Bagel),0,0,0,13,13,0,13,$4.16,0,0.00%,$0.00,$4.16,0,0.00%,$0.00,$4.16
Bull Run Elementary,5/06/2025,20031,Banana(Each),21,0,21,25,22,0,22,$4.62,0,0.00%,$0.00,$4.62,3,12.00%,$0.63,$5.25
Bull Run Elementary,5/06/2025,60068,Biscuit(Biscuit),0,0,0,0,0,0,0,$0.00,0,0.00%,$0.00,$0.00,0,0.00%,$0.00,$0.00
Bull Run Elementary,5/06/2025,30004,Blueberry Chex Cereal(Each),19,0,19,20,10,0,10,$5.90,0,0.00%,$0.00,$5.90,10,50.00%,$5.90,$11.80
Bull Run Elementary,5/06/2025,30006,Cinnamon Chex Cereal(Each),24,0,24,35,30,0,30,$17.70,0,0.00%,$0.00,$17.70,5,14.29%,$2.95,$20.65
Bull Run Elementary,5/06/2025,30007,"Cinnamon Toast Crunch Cereal, 25% Less Sugar(Each)",29,0,29,40,32,0,32,$18.88,0,0.00%,$0.00,$18.88,8,20.00%,$4.72,$23.60
Bull Run Elementary,5/06/2025,20009,Cream Cheese(Each),0,0,0,13,13,0,13,$3.77,0,0.00%,$0.00,$3.77,0,0.00%,$0.00,$3.77
Bull Run Elementary,5/06/2025,60165,Egg and American Cheese on Bagel(Sandwich),0,0,0,60,58,0,58,$33.64,0,0.00%,$0.00,$33.64,2,3.33%,$1.16,$34.80
Bull Run Elementary,5/06/2025,20038,Fat Free White Milk(Each),17,0,17,20,19,0,19,$6.27,0,0.00%,$0.00,$6.27,1,5.00%,$0.33,$6.60
Bull Run Elementary,5/06/2025,30003,Honey Cheerios Cereal(Each),28,0,28,40,35,0,35,$20.65,0,0.00%,$0.00,$20.65,5,12.50%,$2.95,$23.60
Bull Run Elementary,5/06/2025,30103,"Milk, Lactose Free,  Fat Free, Shelf-Stable(Each)",0,0,0,1,1,0,1,$0.48,0,0.00%,$0.00,$0.48,0,0.00%,$0.00,$0.48
Bull Run Elementary,5/06/2025,30051,Natural Grape Jam(Packet),13,0,13,13,13,0,13,$1.17,0,0.00%,$0.00,$1.17,0,0.00%,$0.00,$1.17
Bull Run Elementary,5/06/2025,30009,Orange Tangerine Juice(Each),49,0,49,60,50,0,50,$8.50,0,0.00%,$0.00,$8.50,10,16.67%,$1.70,$10.20
Bull Run Elementary,5/06/2025,60096,Strawberry Parfait(Parfait),14,0,14,12,9,0,9,$8.91,0,0.00%,$0.00,$8.91,3,25.00%,$2.97,$11.88
Bull Run Elementary,5/06/2025,60011,Turkey Sausage Breakfast Biscuit(Sandwich),0,0,0,0,0,0,0,$0.00,0,0.00%,$0.00,$0.00,0,0.00%,$0.00,$0.00
Bush Hill Elementary,5/06/2025,20001,1% White Milk(Each),23,0,23,22,18,0,18,$6.48,0,0.00%,$0.00,$6.48,4,18.18%,$1.44,$7.92
Bush Hill Elementary,5/06/2025,30008,Apple Juice(Each),80,0,80,80,80,0,80,$13.60,0,0.00%,$0.00,$13.60,0,0.00%,$0.00,$13.60
Bush Hill Elementary,5/06/2025,30020,Applesauce(1/2 Cup),10,0,10,0,0,0,0,$0.00,0,0.00%,$0.00,$0.00,0,0.00%,$0.00,$0.00
Bush Hill Elementary,5/06/2025,10020,Bagel(Bagel),0,0,0,84,73,1,74,$23.68,0,0.00%,$0.00,$23.68,10,11.90%,$3.20,$26.88
Bush Hill Elementary,5/06/2025,20031,Banana(Each),10,0,10,0,0,0,0,$0.00,0,0.00%,$0.00,$0.00,0,0.00%,$0.00,$0.00
Bush Hill Elementary,5/06/2025,60068,Biscuit(Biscuit),50,0,50,0,0,0,0,$0.00,0,0.00%,$0.00,$0.00,0,0.00%,$0.00,$0.00
Bush Hill Elementary,5/06/2025,30004,Blueberry Chex Cereal(Each),10,0,10,28,27,0,27,$15.93,0,0.00%,$0.00,$15.93,1,3.57%,$0.59,$16.52
Bush Hill Elementary,5/06/2025,30061,Chilled Mandarin Oranges(1/2 cup (drained)),0,0,0,6,6,0,6,$2.04,0,0.00%,$0.00,$2.04,0,0.00%,$0.00,$2.04
Bush Hill Elementary,5/06/2025,30006,Cinnamon Chex Cereal(Each),10,0,10,0,0,0,0,$0.00,0,0.00%,$0.00,$0.00,0,0.00%,$0.00,$0.00
Bush Hill Elementary,5/06/2025,30007,"Cinnamon Toast Crunch Cereal, 25% Less Sugar(Each)",10,0,10,12,12,0,12,$7.08,0,0.00%,$0.00,$7.08,0,0.00%,$0.00,$7.08
Bush Hill Elementary,5/06/2025,20009,Cream Cheese(Each),0,0,0,75,75,0,75,$21.75,0,0.00%,$0.00,$21.75,0,0.00%,$0.00,$21.75
Bush Hill Elementary,5/06/2025,20038,Fat Free White Milk(Each),15,0,15,15,14,0,14,$4.62,0,0.00%,$0.00,$4.62,1,6.67%,$0.33,$4.95
Bush Hill Elementary,5/06/2025,30003,Honey Cheerios Cereal(Each),10,0,10,3,3,0,3,$1.77,0,0.00%,$0.00,$1.77,0,0.00%,$0.00,$1.77
Bush Hill Elementary,5/06/2025,10041,Mini Maple Pancakes(Package),0,0,0,20,19,1,20,$7.80,0,0.00%,$0.00,$7.80,0,0.00%,$0.00,$7.80
Bush Hill Elementary,5/06/2025,30093,Natural Breakfast Syrup(Each),0,0,0,18,18,0,18,$3.60,0,0.00%,$0.00,$3.60,0,0.00%,$0.00,$3.60
Bush Hill Elementary,5/06/2025,30051,Natural Grape Jam(Packet),60,0,60,0,0,0,0,$0.00,0,0.00%,$0.00,$0.00,0,0.00%,$0.00,$0.00
Bush Hill Elementary,5/06/2025,20017,Orange(6 Slices per 1/2 cup),10,0,10,0,0,0,0,$0.00,0,0.00%,$0.00,$0.00,0,0.00%,$0.00,$0.00
Bush Hill Elementary,5/06/2025,30009,Orange Tangerine Juice(Each),65,0,65,63,60,0,60,$10.20,0,0.00%,$0.00,$10.20,3,4.76%,$0.51,$10.71
Bush Hill Elementary,5/06/2025,60099,"Parfait, Triple Berry(Parfait)",0,0,0,7,7,0,7,$4.76,0,0.00%,$0.00,$4.76,0,0.00%,$0.00,$4.76
Bush Hill Elementary,5/06/2025,20014,Red Delicious Apple(Each - serving),10,0,10,30,23,0,23,$7.59,0,0.00%,$0.00,$7.59,7,23.33%,$2.31,$9.90
Bush Hill Elementary,5/06/2025,60096,Strawberry Parfait(Parfait),10,0,10,0,0,0,0,$0.00,0,0.00%,$0.00,$0.00,0,0.00%,$0.00,$0.00
Bush Hill Elementary,5/06/2025,60011,Turkey Sausage Breakfast Biscuit(Sandwich),70,0,70,0,0,0,0,$0.00,0,0.00%,$0.00,$0.00,0,0.00%,$0.00,$0.00
Camelot Elementary,5/06/2025,20001,1% White Milk(Each),54,0,54,56,55,0,55,$19.80,0,0.00%,$0.00,$19.80,1,1.79%,$0.36,$20.16
Camelot Elementary,5/06/2025,30008,Apple Juice(Each),96,0,96,100,95,0,95,$16.15,0,0.00%,$0.00,$16.15,5,5.00%,$0.85,$17.00
Camelot Elementary,5/06/2025,30020,Applesauce(1/2 Cup),21,0,21,21,21,0,21,$4.41,0,0.00%,$0.00,$4.41,0,0.00%,$0.00,$4.41
Camelot Elementary,5/06/2025,10020,Bagel(Bagel),0,0,0,5,3,1,4,$1.28,0,0.00%,$0.00,$1.28,1,20.00%,$0.32,$1.60
Camelot Elementary,5/06/2025,60068,Biscuit(Biscuit),2,0,2,2,2,0,2,$0.42,0,0.00%,$0.00,$0.42,0,0.00%,$0.00,$0.42
Camelot Elementary,5/06/2025,30004,Blueberry Chex Cereal(Each),14,0,14,16,15,0,15,$8.85,0,0.00%,$0.00,$8.85,1,6.25%,$0.59,$9.44
Camelot Elementary,5/06/2025,30006,Cinnamon Chex Cereal(Each),15,0,15,10,8,0,8,$4.72,0,0.00%,$0.00,$4.72,2,20.00%,$1.18,$5.90
Camelot Elementary,5/06/2025,30007,"Cinnamon Toast Crunch Cereal, 25% Less Sugar(Each)",9,0,9,15,14,0,14,$8.26,0,0.00%,$0.00,$8.26,1,6.67%,$0.59,$8.85
Camelot Elementary,5/06/2025,60125,Egg and American Cheese on Biscuit(Sandwich),0,0,0,26,20,0,20,$9.40,0,0.00%,$0.00,$9.40,6,23.08%,$2.82,$12.22
Camelot Elementary,5/06/2025,20038,Fat Free White Milk(Each),25,0,25,30,25,0,25,$8.25,0,0.00%,$0.00,$8.25,5,16.67%,$1.65,$9.90
Camelot Elementary,5/06/2025,30003,Honey Cheerios Cereal(Each),19,0,19,2,1,0,1,$0.59,0,0.00%,$0.00,$0.59,1,50.00%,$0.59,$1.18
Camelot Elementary,5/06/2025,10041,Mini Maple Pancakes(Package),0,0,0,151,114,7,121,$47.19,0,0.00%,$0.00,$47.19,30,19.87%,$11.70,$58.89
Camelot Elementary,5/06/2025,30051,Natural Grape Jam(Packet),2,0,2,2,2,0,2,$0.18,0,0.00%,$0.00,$0.18,0,0.00%,$0.00,$0.18
Camelot Elementary,5/06/2025,20017,Orange(6 Slices per 1/2 cup),20,0,20,25,24,0,24,$8.16,0,0.00%,$0.00,$8.16,1,4.00%,$0.34,$8.50
Camelot Elementary,5/06/2025,30009,Orange Tangerine Juice(Each),82,0,82,86,74,0,74,$12.58,0,0.00%,$0.00,$12.58,12,13.95%,$2.04,$14.62
Camelot Elementary,5/06/2025,60096,Strawberry Parfait(Parfait),2,0,2,11,7,1,8,$7.92,2,18.18%,$1.98,$9.90,1,9.09%,$0.99,$10.89
Cameron Elementary,5/06/2025,20001,1% White Milk(Each),151,0,151,134,134,0,134,$48.24,0,0.00%,$0.00,$48.24,0,0.00%,$0.00,$48.24
Cameron Elementary,5/06/2025,30008,Apple Juice(Each),160,0,160,200,190,0,190,$32.30,0,0.00%,$0.00,$32.30,10,5.00%,$1.70,$34.00
Cameron Elementary,5/06/2025,30020,Applesauce(1/2 Cup),59,0,59,54,54,0,54,$11.34,0,0.00%,$0.00,$11.34,0,0.00%,$0.00,$11.34
Cameron Elementary,5/06/2025,10020,Bagel(Bagel),0,0,0,125,125,0,125,$40.00,0,0.00%,$0.00,$40.00,0,0.00%,$0.00,$40.00
Cameron Elementary,5/06/2025,30004,Blueberry Chex Cereal(Each),48,0,48,33,23,0,23,$13.57,0,0.00%,$0.00,$13.57,10,30.30%,$5.90,$19.47
Cameron Elementary,5/06/2025,30006,Cinnamon Chex Cereal(Each),9,0,9,21,21,0,21,$12.39,0,0.00%,$0.00,$12.39,0,0.00%,$0.00,$12.39
Cameron Elementary,5/06/2025,30007,"Cinnamon Toast Crunch Cereal, 25% Less Sugar(Each)",94,0,94,60,6,0,6,$3.54,0,0.00%,$0.00,$3.54,54,90.00%,$31.86,$35.40
Cameron Elementary,5/06/2025,20038,Fat Free White Milk(Each),39,0,39,20,20,0,20,$6.60,0,0.00%,$0.00,$6.60,0,0.00%,$0.00,$6.60
Cameron Elementary,5/06/2025,30003,Honey Cheerios Cereal(Each),63,0,63,60,49,0,49,$28.91,0,0.00%,$0.00,$28.91,11,18.33%,$6.49,$35.40
Cameron Elementary,5/06/2025,10041,Mini Maple Pancakes(Package),0,0,0,65,65,0,65,$25.35,0,0.00%,$0.00,$25.35,0,0.00%,$0.00,$25.35
Cameron Elementary,5/06/2025,30009,Orange Tangerine Juice(Each),143,0,143,180,180,0,180,$30.60,0,0.00%,$0.00,$30.60,0,0.00%,$0.00,$30.60
Cameron Elementary,5/06/2025,60099,"Parfait, Triple Berry(Parfait)",0,0,0,30,30,0,30,$20.40,0,0.00%,$0.00,$20.40,0,0.00%,$0.00,$20.40
Cameron Elementary,5/06/2025,20014,Red Delicious Apple(Each - serving),164,0,164,20,5,0,5,$1.65,0,0.00%,$0.00,$1.65,15,75.00%,$4.95,$6.60
Canterbury Woods Elementary,5/06/2025,20001,1% White Milk(Each),4,0,4,6,5,0,5,$1.80,0,0.00%,$0.00,$1.80,1,16.67%,$0.36,$2.16
Canterbury Woods Elementary,5/06/2025,30008,Apple Juice(Each),40,0,40,40,40,0,40,$6.80,0,0.00%,$0.00,$6.80,0,0.00%,$0.00,$6.80
Canterbury Woods Elementary,5/06/2025,30004,Blueberry Chex Cereal(Each),0,0,0,3,3,0,3,$1.77,0,0.00%,$0.00,$1.77,0,0.00%,$0.00,$1.77
Canterbury Woods Elementary,5/06/2025,60032,Blueberry Parfait(Parfait),0,0,0,2,2,0,2,$2.18,0,0.00%,$0.00,$2.18,0,0.00%,$0.00,$2.18
Canterbury Woods Elementary,5/06/2025,30006,Cinnamon Chex Cereal(Each),0,0,0,10,3,0,3,$1.77,0,0.00%,$0.00,$1.77,7,70.00%,$4.13,$5.90
Canterbury Woods Elementary,5/06/2025,30007,"Cinnamon Toast Crunch Cereal, 25% Less Sugar(Each)",0,0,0,10,4,0,4,$2.36,0,0.00%,$0.00,$2.36,6,60.00%,$3.54,$5.90
Canterbury Woods Elementary,5/06/2025,20038,Fat Free White Milk(Each),2,0,2,5,1,0,1,$0.33,0,0.00%,$0.00,$0.33,4,80.00%,$1.32,$1.65
Canterbury Woods Elementary,5/06/2025,20015,Golden Delicious Apple(Each),0,0,0,15,15,0,15,$4.65,0,0.00%,$0.00,$4.65,0,0.00%,$0.00,$4.65
Canterbury Woods Elementary,5/06/2025,30003,Honey Cheerios Cereal(Each),0,0,0,10,8,0,8,$4.72,0,0.00%,$0.00,$4.72,2,20.00%,$1.18,$5.90
Canterbury Woods Elementary,5/06/2025,10041,Mini Maple Pancakes(Package),0,0,0,50,47,0,47,$18.33,0,0.00%,$0.00,$18.33,3,6.00%,$1.17,$19.50
Canterbury Woods Elementary,5/06/2025,30093,Natural Breakfast Syrup(Each),0,0,0,50,47,0,47,$9.40,0,0.00%,$0.00,$9.40,3,6.00%,$0.60,$10.00
Canterbury Woods Elementary,5/06/2025,30009,Orange Tangerine Juice(Each),24,0,24,30,27,0,27,$4.59,0,0.00%,$0.00,$4.59,3,10.00%,$0.51,$5.10
Canterbury Woods Elementary,5/06/2025,60164,"Sandwich, Breakfast. Bagel, Turkey Sausage(Sandwich)",0,0,0,5,5,0,5,$2.70,0,0.00%,$0.00,$2.70,0,0.00%,$0.00,$2.70
Cardinal Forest Elementary,5/06/2025,30102,1% Unflavored Shelf-Stable Milk(Each),0,0,0,33,33,0,33,$12.54,0,0.00%,$0.00,$12.54,0,0.00%,$0.00,$12.54
Cardinal Forest Elementary,5/06/2025,20001,1% White Milk(Each),33,0,33,100,46,0,46,$16.56,0,0.00%,$0.00,$16.56,54,54.00%,$19.44,$36.00
Cardinal Forest Elementary,5/06/2025,30008,Apple Juice(Each),60,0,60,80,54,0,54,$9.18,0,0.00%,$0.00,$9.18,26,32.50%,$4.42,$13.60
Cardinal Forest Elementary,5/06/2025,30020,Applesauce(1/2 Cup),28,0,28,33,33,0,33,$6.93,0,0.00%,$0.00,$6.93,0,0.00%,$0.00,$6.93
Cardinal Forest Elementary,5/06/2025,60068,Biscuit(Biscuit),0,0,0,33,33,0,33,$6.93,0,0.00%,$0.00,$6.93,0,0.00%,$0.00,$6.93
Cardinal Forest Elementary,5/06/2025,30004,Blueberry Chex Cereal(Each),10,0,10,5,0,0,0,$0.00,0,0.00%,$0.00,$0.00,5,100.00%,$0.00,$0.00
Cardinal Forest Elementary,5/06/2025,10040,Blueberry Muffin Top(Muffin Top),0,0,0,45,44,1,45,$18.90,0,0.00%,$0.00,$18.90,0,0.00%,$0.00,$18.90
Cardinal Forest Elementary,5/06/2025,30006,Cinnamon Chex Cereal(Each),10,0,10,15,3,0,3,$1.77,0,0.00%,$0.00,$1.77,12,80.00%,$7.08,$8.85
Cardinal Forest Elementary,5/06/2025,30007,"Cinnamon Toast Crunch Cereal, 25% Less Sugar(Each)",10,0,10,17,13,0,13,$7.67,0,0.00%,$0.00,$7.67,4,23.53%,$2.36,$10.03
Cardinal Forest Elementary,5/06/2025,30003,Honey Cheerios Cereal(Each),10,0,10,5,0,0,0,$0.00,0,0.00%,$0.00,$0.00,5,100.00%,$0.00,$0.00
Cardinal Forest Elementary,5/06/2025,30051,Natural Grape Jam(Packet),31,0,31,33,33,0,33,$2.97,0,0.00%,$0.00,$2.97,0,0.00%,$0.00,$2.97
Cardinal Forest Elementary,5/06/2025,30041,Orange Flavored Dried Cranberries(2 Eaches),0,0,0,20,20,0,20,$9.60,0,0.00%,$0.00,$9.60,0,0.00%,$0.00,$9.60
Cardinal Forest Elementary,5/06/2025,30009,Orange Tangerine Juice(Each),42,0,42,66,61,0,61,$10.37,0,0.00%,$0.00,$10.37,5,7.58%,$0.85,$11.22
Cardinal Forest Elementary,5/06/2025,60099,"Parfait, Triple Berry(Parfait)",0,0,0,11,11,0,11,$7.48,0,0.00%,$0.00,$7.48,0,0.00%,$0.00,$7.48
Cardinal Forest Elementary,5/06/2025,20014,Red Delicious Apple(Each - serving),41,0,41,10,10,0,10,$3.30,0,0.00%,$0.00,$3.30,0,0.00%,$0.00,$3.30
Carson Middle,5/06/2025,20001,1% White Milk(Each),28,0,28,35,32,0,32,$11.52,0,0.00%,$0.00,$11.52,3,8.57%,$1.08,$12.60
Carson Middle,5/06/2025,30008,Apple Juice(Each),53,4,57,90,77,7,84,$14.28,0,0.00%,$0.00,$14.28,6,6.67%,$1.02,$15.30
Carson Middle,5/06/2025,10020,Bagel(Bagel),58,3,61,42,38,3,41,$13.12,1,2.38%,$0.32,$13.44,0,0.00%,$0.00,$13.44
Carson Middle,5/06/2025,60068,Biscuit(Biscuit),4,0,4,5,0,0,0,$0.00,5,100.00%,$0.00,$0.00,0,0.00%,$0.00,$0.00
Carson Middle,5/06/2025,30006,Cinnamon Chex Cereal(Each),14,0,14,18,14,0,14,$8.26,0,0.00%,$0.00,$8.26,4,22.22%,$2.36,$10.62
Carson Middle,5/06/2025,20009,Cream Cheese(Each),0,0,0,45,45,0,45,$13.05,0,0.00%,$0.00,$13.05,0,0.00%,$0.00,$13.05
Carson Middle,5/06/2025,20038,Fat Free White Milk(Each),19,0,19,30,28,0,28,$9.24,0,0.00%,$0.00,$9.24,2,6.67%,$0.66,$9.90
Carson Middle,5/06/2025,30003,Honey Cheerios Cereal(Each),29,0,29,18,13,0,13,$7.67,0,0.00%,$0.00,$7.67,5,27.78%,$2.95,$10.62
Carson Middle,5/06/2025,30051,Natural Grape Jam(Packet),27,0,27,5,5,0,5,$0.45,0,0.00%,$0.00,$0.45,0,0.00%,$0.00,$0.45
Carson Middle,5/06/2025,20017,Orange(6 Slices per 1/2 cup),5,0,5,5,5,0,5,$1.70,0,0.00%,$0.00,$1.70,0,0.00%,$0.00,$1.70
Carson Middle,5/06/2025,30009,Orange Tangerine Juice(Each),25,0,25,40,24,0,24,$4.08,0,0.00%,$0.00,$4.08,16,40.00%,$2.72,$6.80
Carson Middle,5/06/2025,20014,Red Delicious Apple(Each - serving),3,0,3,12,5,0,5,$1.65,0,0.00%,$0.00,$1.65,7,58.33%,$2.31,$3.96
Carson Middle,5/06/2025,60096,Strawberry Parfait(Parfait),3,0,3,12,11,0,11,$10.89,1,8.33%,$0.99,$11.88,0,0.00%,$0.00,$11.88
Carson Middle,5/06/2025,60011,Turkey Sausage Breakfast Biscuit(Sandwich),21,0,21,25,25,0,25,$11.00,0,0.00%,$0.00,$11.00,0,0.00%,$0.00,$11.00
Centre Ridge Elementary,5/06/2025,20001,1% White Milk(Each),105,0,105,138,103,0,103,$37.08,0,0.00%,$0.00,$37.08,35,25.36%,$12.60,$49.68
Centre Ridge Elementary,5/06/2025,30008,Apple Juice(Each),124,0,124,160,139,0,139,$23.63,0,0.00%,$0.00,$23.63,21,13.13%,$3.57,$27.20
Centre Ridge Elementary,5/06/2025,30020,Applesauce(1/2 Cup),36,0,36,35,35,0,35,$7.35,0,0.00%,$0.00,$7.35,0,0.00%,$0.00,$7.35
Centre Ridge Elementary,5/06/2025,20031,Banana(Each),25,0,25,28,28,0,28,$5.88,0,0.00%,$0.00,$5.88,0,0.00%,$0.00,$5.88
Centre Ridge Elementary,5/06/2025,60068,Biscuit(Biscuit),27,0,27,4,4,0,4,$0.84,0,0.00%,$0.00,$0.84,0,0.00%,$0.00,$0.84
Centre Ridge Elementary,5/06/2025,30004,Blueberry Chex Cereal(Each),42,0,42,44,38,0,38,$22.42,0,0.00%,$0.00,$22.42,6,13.64%,$3.54,$25.96
Centre Ridge Elementary,5/06/2025,30006,Cinnamon Chex Cereal(Each),36,0,36,41,33,0,33,$19.47,0,0.00%,$0.00,$19.47,8,19.51%,$4.72,$24.19
Centre Ridge Elementary,5/06/2025,30007,"Cinnamon Toast Crunch Cereal, 25% Less Sugar(Each)",46,0,46,64,52,0,52,$30.68,0,0.00%,$0.00,$30.68,12,18.75%,$7.08,$37.76
Centre Ridge Elementary,5/06/2025,20038,Fat Free White Milk(Each),25,0,25,50,43,0,43,$14.19,0,0.00%,$0.00,$14.19,7,14.00%,$2.31,$16.50
Centre Ridge Elementary,5/06/2025,30003,Honey Cheerios Cereal(Each),29,0,29,43,37,0,37,$21.83,0,0.00%,$0.00,$21.83,6,13.95%,$3.54,$25.37
Centre Ridge Elementary,5/06/2025,20043,"Lactose Free, White Milk(Each)",0,0,0,2,2,0,2,$1.16,0,0.00%,$0.00,$1.16,0,0.00%,$0.00,$1.16
Centre Ridge Elementary,5/06/2025,30051,Natural Grape Jam(Packet),54,0,54,105,105,0,105,$9.45,0,0.00%,$0.00,$9.45,0,0.00%,$0.00,$9.45
Centre Ridge Elementary,5/06/2025,20017,Orange(6 Slices per 1/2 cup),0,0,0,0,0,0,0,$0.00,0,0.00%,$0.00,$0.00,0,0.00%,$0.00,$0.00
Centre Ridge Elementary,5/06/2025,30009,Orange Tangerine Juice(Each),106,0,106,160,116,0,116,$19.72,0,0.00%,$0.00,$19.72,44,27.50%,$7.48,$27.20
Centre Ridge Elementary,5/06/2025,60099,"Parfait, Triple Berry(Parfait)",0,0,0,40,29,0,29,$19.72,0,0.00%,$0.00,$19.72,11,27.50%,$7.48,$27.20
Centre Ridge Elementary,5/06/2025,20014,Red Delicious Apple(Each - serving),25,0,25,0,0,0,0,$0.00,0,0.00%,$0.00,$0.00,0,0.00%,$0.00,$0.00
Centre Ridge Elementary,5/06/2025,60011,Turkey Sausage Breakfast Biscuit(Sandwich),58,0,58,105,77,0,77,$33.88,0,0.00%,$0.00,$33.88,28,26.67%,$12.32,$46.20
Centreville Elementary,5/06/2025,20001,1% White Milk(Each),55,0,55,64,57,0,57,$20.52,0,0.00%,$0.00,$20.52,7,10.94%,$2.52,$23.04
Centreville Elementary,5/06/2025,30008,Apple Juice(Each),90,0,90,102,86,0,86,$14.62,0,0.00%,$0.00,$14.62,16,15.69%,$2.72,$17.34
Centreville Elementary,5/06/2025,30020,Applesauce(1/2 Cup),38,0,38,39,39,0,39,$8.19,0,0.00%,$0.00,$8.19,0,0.00%,$0.00,$8.19
Centreville Elementary,5/06/2025,20031,Banana(Each),30,0,30,30,29,0,29,$6.09,0,0.00%,$0.00,$6.09,1,3.33%,$0.21,$6.30
Centreville Elementary,5/06/2025,60068,Biscuit(Biscuit),17,0,17,10,9,0,9,$1.89,1,10.00%,$0.21,$2.10,0,0.00%,$0.00,$2.10
Centreville Elementary,5/06/2025,30004,Blueberry Chex Cereal(Each),12,0,12,18,8,0,8,$4.72,0,0.00%,$0.00,$4.72,10,55.56%,$5.90,$10.62
Centreville Elementary,5/06/2025,30006,Cinnamon Chex Cereal(Each),24,0,24,32,28,0,28,$16.52,0,0.00%,$0.00,$16.52,4,12.50%,$2.36,$18.88
Centreville Elementary,5/06/2025,30007,"Cinnamon Toast Crunch Cereal, 25% Less Sugar(Each)",24,0,24,50,45,0,45,$26.55,0,0.00%,$0.00,$26.55,5,10.00%,$2.95,$29.50
Centreville Elementary,5/06/2025,20038,Fat Free White Milk(Each),20,0,20,50,42,0,42,$13.86,0,0.00%,$0.00,$13.86,8,16.00%,$2.64,$16.50
Centreville Elementary,5/06/2025,30003,Honey Cheerios Cereal(Each),36,0,36,34,28,0,28,$16.52,0,0.00%,$0.00,$16.52,6,17.65%,$3.54,$20.06
Centreville Elementary,5/06/2025,20043,"Lactose Free, White Milk(Each)",1,0,1,1,1,0,1,$0.58,0,0.00%,$0.00,$0.58,0,0.00%,$0.00,$0.58
Centreville Elementary,5/06/2025,30188,"Milk, Soy, Plain, Bulk (12/32 oz)(1 cup)",1,0,1,1,1,0,1,$0.79,0,0.00%,$0.00,$0.79,0,0.00%,$0.00,$0.79
Centreville Elementary,5/06/2025,30051,Natural Grape Jam(Packet),17,0,17,10,9,0,9,$0.81,0,0.00%,$0.00,$0.81,1,10.00%,$0.09,$0.90
Centreville Elementary,5/06/2025,20017,Orange(6 Slices per 1/2 cup),0,0,0,0,0,0,0,$0.00,0,0.00%,$0.00,$0.00,0,0.00%,$0.00,$0.00
Centreville Elementary,5/06/2025,30009,Orange Tangerine Juice(Each),45,0,45,58,50,0,50,$8.50,0,0.00%,$0.00,$8.50,8,13.79%,$1.36,$9.86
Centreville Elementary,5/06/2025,20014,Red Delicious Apple(Each - serving),50,0,50,40,20,0,20,$6.60,0,0.00%,$0.00,$6.60,20,50.00%,$6.60,$13.20
Centreville Elementary,5/06/2025,60096,Strawberry Parfait(Parfait),10,0,10,10,8,0,8,$7.92,0,0.00%,$0.00,$7.92,2,20.00%,$1.98,$9.90
Centreville Elementary,5/06/2025,60011,Turkey Sausage Breakfast Biscuit(Sandwich),51,0,51,50,48,0,48,$21.12,2,4.00%,$0.88,$22.00,0,0.00%,$0.00,$22.00
Centreville High,5/06/2025,20001,1% White Milk(Each),40,0,40,30,20,0,20,$7.20,0,0.00%,$0.00,$7.20,10,33.33%,$3.60,$10.80
Centreville High,5/06/2025,30008,Apple Juice(Each),160,0,160,160,139,0,139,$23.63,0,0.00%,$0.00,$23.63,21,13.13%,$3.57,$27.20
Centreville High,5/06/2025,10020,Bagel(Bagel),0,0,0,59,59,0,59,$18.88,0,0.00%,$0.00,$18.88,0,0.00%,$0.00,$18.88
Centreville High,5/06/2025,30004,Blueberry Chex Cereal(Each),15,0,15,10,1,0,1,$0.59,0,0.00%,$0.00,$0.59,9,90.00%,$5.31,$5.90
Centreville High,5/06/2025,30006,Cinnamon Chex Cereal(Each),25,0,25,20,13,0,13,$7.67,0,0.00%,$0.00,$7.67,7,35.00%,$4.13,$11.80
Centreville High,5/06/2025,30007,"Cinnamon Toast Crunch Cereal, 25% Less Sugar(Each)",25,0,25,20,13,0,13,$7.67,0,0.00%,$0.00,$7.67,7,35.00%,$4.13,$11.80
Centreville High,5/06/2025,20009,Cream Cheese(Each),0,0,0,60,35,0,35,$10.15,0,0.00%,$0.00,$10.15,25,41.67%,$7.25,$17.40
Centreville High,5/06/2025,20038,Fat Free White Milk(Each),30,0,30,20,3,0,3,$0.99,0,0.00%,$0.00,$0.99,17,85.00%,$5.61,$6.60
Centreville High,5/06/2025,20015,Golden Delicious Apple(Each),0,0,0,40,23,0,23,$7.13,0,0.00%,$0.00,$7.13,17,42.50%,$5.27,$12.40
Centreville High,5/06/2025,30003,Honey Cheerios Cereal(Each),15,0,15,10,4,0,4,$2.36,0,0.00%,$0.00,$2.36,6,60.00%,$3.54,$5.90
Centreville High,5/06/2025,10041,Mini Maple Pancakes(Package),0,0,0,18,18,0,18,$7.02,0,0.00%,$0.00,$7.02,0,0.00%,$0.00,$7.02
Centreville High,5/06/2025,30093,Natural Breakfast Syrup(Each),0,0,0,50,8,0,8,$1.60,0,0.00%,$0.00,$1.60,42,84.00%,$8.40,$10.00
Centreville High,5/06/2025,30051,Natural Grape Jam(Packet),40,0,40,59,59,0,59,$5.31,0,0.00%,$0.00,$5.31,0,0.00%,$0.00,$5.31
Centreville High,5/06/2025,30009,Orange Tangerine Juice(Each),50,0,50,50,28,0,28,$4.76,0,0.00%,$0.00,$4.76,22,44.00%,$3.74,$8.50
Centreville High,5/06/2025,60099,"Parfait, Triple Berry(Parfait)",0,0,0,21,21,0,21,$14.28,0,0.00%,$0.00,$14.28,0,0.00%,$0.00,$14.28
Centreville High,5/06/2025,60164,"Sandwich, Breakfast. Bagel, Turkey Sausage(Sandwich)",0,0,0,39,39,0,39,$21.06,0,0.00%,$0.00,$21.06,0,0.00%,$0.00,$21.06
CHANTILLY HS,5/06/2025,30008,Apple Juice(Each),160,20,180,200,116,10,126,$21.42,0,0.00%,$0.00,$21.42,74,37.00%,$12.58,$34.00
CHANTILLY HS,5/06/2025,10020,Bagel(Bagel),0,0,0,70,69,1,70,$22.40,0,0.00%,$0.00,$22.40,0,0.00%,$0.00,$22.40
CHANTILLY HS,5/06/2025,30004,Blueberry Chex Cereal(Each),10,2,12,12,5,0,5,$2.95,0,0.00%,$0.00,$2.95,7,58.33%,$4.13,$7.08
CHANTILLY HS,5/06/2025,30097,Bottled Water(Bottle),0,0,0,18,1,11,12,$1.92,0,0.00%,$0.00,$1.92,6,33.33%,$0.96,$2.88
CHANTILLY HS,5/06/2025,30007,"Cinnamon Toast Crunch Cereal, 25% Less Sugar(Each)",24,6,30,18,13,1,14,$8.26,0,0.00%,$0.00,$8.26,4,22.22%,$2.36,$10.62
CHANTILLY HS,5/06/2025,20009,Cream Cheese(Each),0,0,0,70,65,0,65,$18.85,0,0.00%,$0.00,$18.85,5,7.14%,$1.45,$20.30
CHANTILLY HS,5/06/2025,60004,Egg and American Cheese on English Muffin(Sandwich),0,0,0,62,23,0,23,$11.73,1,1.61%,$0.51,$12.24,38,61.29%,$19.38,$31.62
CHANTILLY HS,5/06/2025,30003,Honey Cheerios Cereal(Each),10,2,12,18,7,0,7,$4.13,0,0.00%,$0.00,$4.13,11,61.11%,$6.49,$10.62
CHANTILLY HS,5/06/2025,30103,"Milk, Lactose Free,  Fat Free, Shelf-Stable(Each)",0,0,0,67,17,1,18,$8.64,0,0.00%,$0.00,$8.64,49,73.13%,$23.52,$32.16
CHANTILLY HS,5/06/2025,10041,Mini Maple Pancakes(Package),0,0,0,82,75,2,77,$30.03,0,0.00%,$0.00,$30.03,5,6.10%,$1.95,$31.98
CHANTILLY HS,5/06/2025,30051,Natural Grape Jam(Packet),8,2,10,70,45,0,45,$4.05,0,0.00%,$0.00,$4.05,25,35.71%,$2.25,$6.30
CHANTILLY HS,5/06/2025,20017,Orange(6 Slices per 1/2 cup),15,5,20,20,1,0,1,$0.34,0,0.00%,$0.00,$0.34,19,95.00%,$6.46,$6.80
CHANTILLY HS,5/06/2025,30009,Orange Tangerine Juice(Each),80,20,100,114,59,3,62,$10.54,0,0.00%,$0.00,$10.54,52,45.61%,$8.84,$19.38
CHANTILLY HS,5/06/2025,20014,Red Delicious Apple(Each - serving),15,5,20,20,6,0,6,$1.98,0,0.00%,$0.00,$1.98,14,70.00%,$4.62,$6.60
CHANTILLY HS,5/06/2025,60096,Strawberry Parfait(Parfait),15,5,20,20,17,2,19,$18.81,0,0.00%,$0.00,$18.81,1,5.00%,$0.99,$19.80
Cherry Run Elementary,5/06/2025,20001,1% White Milk(Each),15,0,15,16,15,0,15,$5.40,0,0.00%,$0.00,$5.40,1,6.25%,$0.36,$5.76
Cherry Run Elementary,5/06/2025,30008,Apple Juice(Each),16,0,16,20,15,0,15,$2.55,0,0.00%,$0.00,$2.55,5,25.00%,$0.85,$3.40
Cherry Run Elementary,5/06/2025,30020,Applesauce(1/2 Cup),2,0,2,2,2,0,2,$0.42,0,0.00%,$0.00,$0.42,0,0.00%,$0.00,$0.42
Cherry Run Elementary,5/06/2025,30004,Blueberry Chex Cereal(Each),1,0,1,6,1,0,1,$0.59,0,0.00%,$0.00,$0.59,5,83.33%,$2.95,$3.54
Cherry Run Elementary,5/06/2025,30007,"Cinnamon Toast Crunch Cereal, 25% Less Sugar(Each)",8,0,8,8,7,0,7,$4.13,0,0.00%,$0.00,$4.13,1,12.50%,$0.59,$4.72
Cherry Run Elementary,5/06/2025,20038,Fat Free White Milk(Each),5,0,5,4,3,0,3,$0.99,0,0.00%,$0.00,$0.99,1,25.00%,$0.33,$1.32
Cherry Run Elementary,5/06/2025,30003,Honey Cheerios Cereal(Each),8,0,8,8,8,0,8,$4.72,0,0.00%,$0.00,$4.72,0,0.00%,$0.00,$4.72
Cherry Run Elementary,5/06/2025,10041,Mini Maple Pancakes(Package),0,0,0,10,5,5,10,$3.90,0,0.00%,$0.00,$3.90,0,0.00%,$0.00,$3.90
Cherry Run Elementary,5/06/2025,30051,Natural Grape Jam(Packet),1,0,1,2,2,0,2,$0.18,0,0.00%,$0.00,$0.18,0,0.00%,$0.00,$0.18
Cherry Run Elementary,5/06/2025,20017,Orange(6 Slices per 1/2 cup),12,0,12,15,13,0,13,$4.42,0,0.00%,$0.00,$4.42,2,13.33%,$0.68,$5.10
Cherry Run Elementary,5/06/2025,30009,Orange Tangerine Juice(Each),11,0,11,12,12,0,12,$2.04,0,0.00%,$0.00,$2.04,0,0.00%,$0.00,$2.04
Cherry Run Elementary,5/06/2025,60096,Strawberry Parfait(Parfait),3,0,3,4,3,0,3,$2.97,0,0.00%,$0.00,$2.97,1,25.00%,$0.99,$3.96
Cherry Run Elementary,5/06/2025,60011,Turkey Sausage Breakfast Biscuit(Sandwich),6,0,6,5,3,0,3,$1.32,0,0.00%,$0.00,$1.32,2,40.00%,$0.88,$2.20
Chesterbrook Elementary,5/06/2025,20001,1% White Milk(Each),3,0,3,6,6,0,6,$2.16,0,0.00%,$0.00,$2.16,0,0.00%,$0.00,$2.16
Chesterbrook Elementary,5/06/2025,30008,Apple Juice(Each),18,0,18,40,20,20,40,$6.80,0,0.00%,$0.00,$6.80,0,0.00%,$0.00,$6.80
Chesterbrook Elementary,5/06/2025,30004,Blueberry Chex Cereal(Each),4,0,4,15,5,5,10,$5.90,0,0.00%,$0.00,$5.90,5,33.33%,$2.95,$8.85
Chesterbrook Elementary,5/06/2025,30097,Bottled Water(Bottle),0,0,0,1,1,0,1,$0.16,0,0.00%,$0.00,$0.16,0,0.00%,$0.00,$0.16
Chesterbrook Elementary,5/06/2025,30006,Cinnamon Chex Cereal(Each),4,0,4,15,5,5,10,$5.90,0,0.00%,$0.00,$5.90,5,33.33%,$2.95,$8.85
Chesterbrook Elementary,5/06/2025,30007,"Cinnamon Toast Crunch Cereal, 25% Less Sugar(Each)",3,0,3,17,7,8,15,$8.85,0,0.00%,$0.00,$8.85,2,11.76%,$1.18,$10.03
Chesterbrook Elementary,5/06/2025,20038,Fat Free White Milk(Each),2,0,2,6,4,0,4,$1.32,0,0.00%,$0.00,$1.32,2,33.33%,$0.66,$1.98
Chesterbrook Elementary,5/06/2025,30003,Honey Cheerios Cereal(Each),4,0,4,15,5,5,10,$5.90,0,0.00%,$0.00,$5.90,5,33.33%,$2.95,$8.85
Chesterbrook Elementary,5/06/2025,30009,Orange Tangerine Juice(Each),11,0,11,40,10,15,25,$4.25,0,0.00%,$0.00,$4.25,15,37.50%,$2.55,$6.80
Chesterbrook Elementary,5/06/2025,20014,Red Delicious Apple(Each - serving),1,0,1,10,3,1,4,$1.32,0,0.00%,$0.00,$1.32,6,60.00%,$1.98,$3.30
Chesterbrook Elementary,5/06/2025,60096,Strawberry Parfait(Parfait),0,0,0,7,7,0,7,$6.93,0,0.00%,$0.00,$6.93,0,0.00%,$0.00,$6.93
Chesterbrook Elementary,5/06/2025,60011,Turkey Sausage Breakfast Biscuit(Sandwich),3,0,3,14,7,5,12,$5.28,2,14.29%,$0.88,$6.16,0,0.00%,$0.00,$6.16
Churchill Road Elementary,5/06/2025,30102,1% Unflavored Shelf-Stable Milk(Each),0,0,0,6,3,0,3,$1.14,0,0.00%,$0.00,$1.14,3,50.00%,$1.14,$2.28
Churchill Road Elementary,5/06/2025,30008,Apple Juice(Each),55,0,55,80,51,0,51,$8.67,0,0.00%,$0.00,$8.67,29,36.25%,$4.93,$13.60
Churchill Road Elementary,5/06/2025,20031,Banana(Each),7,0,7,10,8,0,8,$1.68,0,0.00%,$0.00,$1.68,2,20.00%,$0.42,$2.10
Churchill Road Elementary,5/06/2025,60068,Biscuit(Biscuit),3,0,3,4,3,0,3,$0.63,0,0.00%,$0.00,$0.63,1,25.00%,$0.21,$0.84
Churchill Road Elementary,5/06/2025,30004,Blueberry Chex Cereal(Each),1,0,1,6,1,0,1,$0.59,0,0.00%,$0.00,$0.59,5,83.33%,$2.95,$3.54
Churchill Road Elementary,5/06/2025,30006,Cinnamon Chex Cereal(Each),3,0,3,12,8,0,8,$4.72,0,0.00%,$0.00,$4.72,4,33.33%,$2.36,$7.08
Churchill Road Elementary,5/06/2025,30007,"Cinnamon Toast Crunch Cereal, 25% Less Sugar(Each)",6,0,6,18,15,0,15,$8.85,0,0.00%,$0.00,$8.85,3,16.67%,$1.77,$10.62
Churchill Road Elementary,5/06/2025,20038,Fat Free White Milk(Each),2,0,2,2,1,0,1,$0.33,0,0.00%,$0.00,$0.33,1,50.00%,$0.33,$0.66
Churchill Road Elementary,5/06/2025,30003,Honey Cheerios Cereal(Each),8,0,8,18,18,0,18,$10.62,0,0.00%,$0.00,$10.62,0,0.00%,$0.00,$10.62
Churchill Road Elementary,5/06/2025,30051,Natural Grape Jam(Packet),5,0,5,8,8,0,8,$0.72,0,0.00%,$0.00,$0.72,0,0.00%,$0.00,$0.72
Churchill Road Elementary,5/06/2025,30009,Orange Tangerine Juice(Each),42,0,42,40,14,0,14,$2.38,0,0.00%,$0.00,$2.38,26,65.00%,$4.42,$6.80
Churchill Road Elementary,5/06/2025,20014,Red Delicious Apple(Each - serving),14,0,14,25,24,0,24,$7.92,0,0.00%,$0.00,$7.92,1,4.00%,$0.33,$8.25
Churchill Road Elementary,5/06/2025,60096,Strawberry Parfait(Parfait),7,0,7,7,6,0,6,$5.94,0,0.00%,$0.00,$5.94,1,14.29%,$0.99,$6.93
Churchill Road Elementary,5/06/2025,60011,Turkey Sausage Breakfast Biscuit(Sandwich),5,0,5,8,8,0,8,$3.52,0,0.00%,$0.00,$3.52,0,0.00%,$0.00,$3.52
Clearview Elementary,5/06/2025,20001,1% White Milk(Each),147,0,147,139,119,0,119,$42.84,0,0.00%,$0.00,$42.84,20,14.39%,$7.20,$50.04
Clearview Elementary,5/06/2025,30008,Apple Juice(Each),86,0,86,96,90,0,90,$15.30,0,0.00%,$0.00,$15.30,6,6.25%,$1.02,$16.32
Clearview Elementary,5/06/2025,30020,Applesauce(1/2 Cup),78,0,78,64,64,0,64,$13.44,0,0.00%,$0.00,$13.44,0,0.00%,$0.00,$13.44
Clearview Elementary,5/06/2025,10020,Bagel(Bagel),0,0,0,4,4,0,4,$1.28,0,0.00%,$0.00,$1.28,0,0.00%,$0.00,$1.28
Clearview Elementary,5/06/2025,30006,Cinnamon Chex Cereal(Each),22,0,22,48,35,0,35,$20.65,0,0.00%,$0.00,$20.65,13,27.08%,$7.67,$28.32
Clearview Elementary,5/06/2025,30007,"Cinnamon Toast Crunch Cereal, 25% Less Sugar(Each)",24,0,24,24,21,0,21,$12.39,0,0.00%,$0.00,$12.39,3,12.50%,$1.77,$14.16
Clearview Elementary,5/06/2025,20038,Fat Free White Milk(Each),18,0,18,10,10,0,10,$3.30,0,0.00%,$0.00,$3.30,0,0.00%,$0.00,$3.30
Clearview Elementary,5/06/2025,20013,Gala Apple(Each),0,0,0,50,50,0,50,$18.50,0,0.00%,$0.00,$18.50,0,0.00%,$0.00,$18.50
Clearview Elementary,5/06/2025,30003,Honey Cheerios Cereal(Each),18,0,18,24,23,0,23,$13.57,0,0.00%,$0.00,$13.57,1,4.17%,$0.59,$14.16
Clearview Elementary,5/06/2025,20043,"Lactose Free, White Milk(Each)",0,0,0,5,5,0,5,$2.90,0,0.00%,$0.00,$2.90,0,0.00%,$0.00,$2.90
Clearview Elementary,5/06/2025,30188,"Milk, Soy, Plain, Bulk (12/32 oz)(1 cup)",0,0,0,1,1,0,1,$0.79,0,0.00%,$0.00,$0.79,0,0.00%,$0.00,$0.79
Clearview Elementary,5/06/2025,10041,Mini Maple Pancakes(Package),0,0,0,35,34,0,34,$13.26,1,2.86%,$0.39,$13.65,0,0.00%,$0.00,$13.65
Clearview Elementary,5/06/2025,30051,Natural Grape Jam(Packet),109,0,109,94,94,0,94,$8.46,0,0.00%,$0.00,$8.46,0,0.00%,$0.00,$8.46
Clearview Elementary,5/06/2025,20017,Orange(6 Slices per 1/2 cup),27,0,27,25,25,0,25,$8.50,0,0.00%,$0.00,$8.50,0,0.00%,$0.00,$8.50
Clearview Elementary,5/06/2025,30009,Orange Tangerine Juice(Each),101,0,101,109,83,0,83,$14.11,0,0.00%,$0.00,$14.11,26,23.85%,$4.42,$18.53
Clearview Elementary,5/06/2025,60099,"Parfait, Triple Berry(Parfait)",0,0,0,18,14,0,14,$9.52,4,22.22%,$2.72,$12.24,0,0.00%,$0.00,$12.24
Clearview Elementary,5/06/2025,60164,"Sandwich, Breakfast. Bagel, Turkey Sausage(Sandwich)",0,0,0,96,92,0,92,$49.68,4,4.17%,$2.16,$51.84,0,0.00%,$0.00,$51.84
Clermont Elementary,5/06/2025,20001,1% White Milk(Each),12,0,12,27,16,0,16,$5.76,0,0.00%,$0.00,$5.76,11,40.74%,$3.96,$9.72
Clermont Elementary,5/06/2025,30008,Apple Juice(Each),33,0,33,59,52,0,52,$8.84,0,0.00%,$0.00,$8.84,7,11.86%,$1.19,$10.03
Clermont Elementary,5/06/2025,10020,Bagel(Bagel),0,0,0,67,51,5,56,$17.92,0,0.00%,$0.00,$17.92,11,16.42%,$3.52,$21.44
Clermont Elementary,5/06/2025,30006,Cinnamon Chex Cereal(Each),13,0,13,10,7,0,7,$4.13,0,0.00%,$0.00,$4.13,3,30.00%,$1.77,$5.90
Clermont Elementary,5/06/2025,30007,"Cinnamon Toast Crunch Cereal, 25% Less Sugar(Each)",13,0,13,38,17,2,19,$11.21,0,0.00%,$0.00,$11.21,19,50.00%,$11.21,$22.42
Clermont Elementary,5/06/2025,20009,Cream Cheese(Each),0,0,0,42,37,0,37,$10.73,0,0.00%,$0.00,$10.73,5,11.90%,$1.45,$12.18
Clermont Elementary,5/06/2025,20038,Fat Free White Milk(Each),8,0,8,10,9,0,9,$2.97,0,0.00%,$0.00,$2.97,1,10.00%,$0.33,$3.30
Clermont Elementary,5/06/2025,20015,Golden Delicious Apple(Each),0,0,0,15,9,0,9,$2.79,0,0.00%,$0.00,$2.79,6,40.00%,$1.86,$4.65
Clermont Elementary,5/06/2025,10041,Mini Maple Pancakes(Package),0,0,0,13,10,3,13,$5.07,0,0.00%,$0.00,$5.07,0,0.00%,$0.00,$5.07
Clermont Elementary,5/06/2025,30093,Natural Breakfast Syrup(Each),0,0,0,12,8,0,8,$1.60,0,0.00%,$0.00,$1.60,4,33.33%,$0.80,$2.40
Clermont Elementary,5/06/2025,30051,Natural Grape Jam(Packet),10,0,10,4,4,0,4,$0.36,0,0.00%,$0.00,$0.36,0,0.00%,$0.00,$0.36
Clermont Elementary,5/06/2025,30009,Orange Tangerine Juice(Each),33,0,33,46,38,0,38,$6.46,0,0.00%,$0.00,$6.46,8,17.39%,$1.36,$7.82
Clermont Elementary,5/06/2025,60096,Strawberry Parfait(Parfait),4,0,4,8,4,0,4,$3.96,0,0.00%,$0.00,$3.96,4,50.00%,$3.96,$7.92
Coates Elementary,5/06/2025,30102,1% Unflavored Shelf-Stable Milk(Each),0,0,0,54,41,0,41,$15.58,0,0.00%,$0.00,$15.58,13,24.07%,$4.94,$20.52
Coates Elementary,5/06/2025,20001,1% White Milk(Each),95,0,95,120,114,0,114,$41.04,0,0.00%,$0.00,$41.04,6,5.00%,$2.16,$43.20
Coates Elementary,5/06/2025,30008,Apple Juice(Each),170,0,170,360,336,0,336,$57.12,0,0.00%,$0.00,$57.12,24,6.67%,$4.08,$61.20
Coates Elementary,5/06/2025,10020,Bagel(Bagel),0,0,0,46,46,0,46,$14.72,0,0.00%,$0.00,$14.72,0,0.00%,$0.00,$14.72
Coates Elementary,5/06/2025,60068,Biscuit(Biscuit),11,0,11,10,10,0,10,$2.10,0,0.00%,$0.00,$2.10,0,0.00%,$0.00,$2.10
Coates Elementary,5/06/2025,30004,Blueberry Chex Cereal(Each),49,0,49,120,84,0,84,$49.56,0,0.00%,$0.00,$49.56,36,30.00%,$21.24,$70.80
Coates Elementary,5/06/2025,30006,Cinnamon Chex Cereal(Each),68,0,68,120,114,0,114,$67.26,0,0.00%,$0.00,$67.26,6,5.00%,$3.54,$70.80
Coates Elementary,5/06/2025,30007,"Cinnamon Toast Crunch Cereal, 25% Less Sugar(Each)",98,0,98,165,153,0,153,$90.27,0,0.00%,$0.00,$90.27,12,7.27%,$7.08,$97.35
Coates Elementary,5/06/2025,20009,Cream Cheese(Each),0,0,0,46,46,0,46,$13.34,0,0.00%,$0.00,$13.34,0,0.00%,$0.00,$13.34
Coates Elementary,5/06/2025,20038,Fat Free White Milk(Each),88,0,88,120,74,0,74,$24.42,0,0.00%,$0.00,$24.42,46,38.33%,$15.18,$39.60
Coates Elementary,5/06/2025,30003,Honey Cheerios Cereal(Each),46,0,46,5,5,0,5,$2.95,0,0.00%,$0.00,$2.95,0,0.00%,$0.00,$2.95
Coates Elementary,5/06/2025,10041,Mini Maple Pancakes(Package),0,0,0,17,17,0,17,$6.63,0,0.00%,$0.00,$6.63,0,0.00%,$0.00,$6.63
Coates Elementary,5/06/2025,30093,Natural Breakfast Syrup(Each),0,0,0,17,17,0,17,$3.40,0,0.00%,$0.00,$3.40,0,0.00%,$0.00,$3.40
Coates Elementary,5/06/2025,30051,Natural Grape Jam(Packet),27,0,27,100,65,0,65,$5.85,0,0.00%,$0.00,$5.85,35,35.00%,$3.15,$9.00
Coates Elementary,5/06/2025,30009,Orange Tangerine Juice(Each),246,0,246,160,155,0,155,$26.35,0,0.00%,$0.00,$26.35,5,3.13%,$0.85,$27.20
Coates Elementary,5/06/2025,20014,Red Delicious Apple(Each - serving),50,0,50,60,48,0,48,$15.84,0,0.00%,$0.00,$15.84,12,20.00%,$3.96,$19.80
Coates Elementary,5/06/2025,60096,Strawberry Parfait(Parfait),18,0,18,30,27,0,27,$26.73,0,0.00%,$0.00,$26.73,3,10.00%,$2.97,$29.70
Coates Elementary,5/06/2025,60011,Turkey Sausage Breakfast Biscuit(Sandwich),35,0,35,58,58,0,58,$25.52,0,0.00%,$0.00,$25.52,0,0.00%,$0.00,$25.52
Colin Powell Elementary,5/06/2025,20001,1% White Milk(Each),15,0,15,21,20,0,20,$7.20,0,0.00%,$0.00,$7.20,1,4.76%,$0.36,$7.56
Colin Powell Elementary,5/06/2025,30008,Apple Juice(Each),36,0,36,36,36,0,36,$6.12,0,0.00%,$0.00,$6.12,0,0.00%,$0.00,$6.12
Colin Powell Elementary,5/06/2025,20008,Apple Slices(3 slices per 1/4 cup),0,0,0,20,17,0,17,$10.03,0,0.00%,$0.00,$10.03,3,15.00%,$1.77,$11.80
Colin Powell Elementary,5/06/2025,30020,Applesauce(1/2 Cup),6,0,6,7,7,0,7,$1.47,0,0.00%,$0.00,$1.47,0,0.00%,$0.00,$1.47
Colin Powell Elementary,5/06/2025,10020,Bagel(Bagel),36,0,36,45,43,0,43,$13.76,0,0.00%,$0.00,$13.76,2,4.44%,$0.64,$14.40
Colin Powell Elementary,5/06/2025,30007,"Cinnamon Toast Crunch Cereal, 25% Less Sugar(Each)",6,0,6,6,6,0,6,$3.54,0,0.00%,$0.00,$3.54,0,0.00%,$0.00,$3.54
Colin Powell Elementary,5/06/2025,20038,Fat Free White Milk(Each),10,0,10,6,4,0,4,$1.32,0,0.00%,$0.00,$1.32,2,33.33%,$0.66,$1.98
Colin Powell Elementary,5/06/2025,30003,Honey Cheerios Cereal(Each),6,0,6,20,17,0,17,$10.03,0,0.00%,$0.00,$10.03,3,15.00%,$1.77,$11.80
Colin Powell Elementary,5/06/2025,30051,Natural Grape Jam(Packet),36,0,36,37,32,0,32,$2.88,0,0.00%,$0.00,$2.88,5,13.51%,$0.45,$3.33
Colin Powell Elementary,5/06/2025,30009,Orange Tangerine Juice(Each),31,0,31,37,35,0,35,$5.95,0,0.00%,$0.00,$5.95,2,5.41%,$0.34,$6.29
Colin Powell Elementary,5/06/2025,60096,Strawberry Parfait(Parfait),5,0,5,5,3,0,3,$2.97,0,0.00%,$0.00,$2.97,2,40.00%,$1.98,$4.95
Columbia Elementary,5/06/2025,30102,1% Unflavored Shelf-Stable Milk(Each),0,0,0,10,9,0,9,$3.42,0,0.00%,$0.00,$3.42,1,10.00%,$0.38,$3.80
Columbia Elementary,5/06/2025,20001,1% White Milk(Each),29,0,29,40,22,0,22,$7.92,0,0.00%,$0.00,$7.92,18,45.00%,$6.48,$14.40
Columbia Elementary,5/06/2025,30008,Apple Juice(Each),39,0,39,45,40,0,40,$6.80,0,0.00%,$0.00,$6.80,5,11.11%,$0.85,$7.65
Columbia Elementary,5/06/2025,30020,Applesauce(1/2 Cup),8,0,8,10,9,0,9,$1.89,0,0.00%,$0.00,$1.89,1,10.00%,$0.21,$2.10
Columbia Elementary,5/06/2025,20031,Banana(Each),4,0,4,0,0,0,0,$0.00,0,0.00%,$0.00,$0.00,0,0.00%,$0.00,$0.00
Columbia Elementary,5/06/2025,60068,Biscuit(Biscuit),0,0,0,5,0,0,0,$0.00,0,0.00%,$0.00,$0.00,5,100.00%,$0.00,$0.00
Columbia Elementary,5/06/2025,30004,Blueberry Chex Cereal(Each),16,0,16,15,12,0,12,$7.08,0,0.00%,$0.00,$7.08,3,20.00%,$1.77,$8.85
Columbia Elementary,5/06/2025,30006,Cinnamon Chex Cereal(Each),19,0,19,15,12,0,12,$7.08,0,0.00%,$0.00,$7.08,3,20.00%,$1.77,$8.85
Columbia Elementary,5/06/2025,30007,"Cinnamon Toast Crunch Cereal, 25% Less Sugar(Each)",20,0,20,25,23,0,23,$13.57,0,0.00%,$0.00,$13.57,2,8.00%,$1.18,$14.75
Columbia Elementary,5/06/2025,20038,Fat Free White Milk(Each),24,0,24,64,24,0,24,$7.92,0,0.00%,$0.00,$7.92,40,62.50%,$13.20,$21.12
Columbia Elementary,5/06/2025,30003,Honey Cheerios Cereal(Each),3,0,3,25,21,0,21,$12.39,0,0.00%,$0.00,$12.39,4,16.00%,$2.36,$14.75
Columbia Elementary,5/06/2025,60034,Mandarin Orange Parfait(Parfait),0,0,0,10,5,0,5,$4.95,0,0.00%,$0.00,$4.95,5,50.00%,$4.95,$9.90
Columbia Elementary,5/06/2025,30051,Natural Grape Jam(Packet),8,0,8,0,0,0,0,$0.00,0,0.00%,$0.00,$0.00,0,0.00%,$0.00,$0.00
Columbia Elementary,5/06/2025,20017,Orange(6 Slices per 1/2 cup),0,0,0,0,0,0,0,$0.00,0,0.00%,$0.00,$0.00,0,0.00%,$0.00,$0.00
Columbia Elementary,5/06/2025,30009,Orange Tangerine Juice(Each),60,0,60,60,43,0,43,$7.31,0,0.00%,$0.00,$7.31,17,28.33%,$2.89,$10.20
Columbia Elementary,5/06/2025,20014,Red Delicious Apple(Each - serving),15,0,15,50,14,0,14,$4.62,0,0.00%,$0.00,$4.62,36,72.00%,$11.88,$16.50
Columbia Elementary,5/06/2025,60011,Turkey Sausage Breakfast Biscuit(Sandwich),45,0,45,29,21,0,21,$9.24,0,0.00%,$0.00,$9.24,8,27.59%,$3.52,$12.76
Colvin Run Elementary,5/06/2025,20001,1% White Milk(Each),4,0,4,8,7,0,7,$2.52,0,0.00%,$0.00,$2.52,1,12.50%,$0.36,$2.88
Colvin Run Elementary,5/06/2025,30008,Apple Juice(Each),18,0,18,56,7,47,54,$9.18,0,0.00%,$0.00,$9.18,2,3.57%,$0.34,$9.52
Colvin Run Elementary,5/06/2025,30004,Blueberry Chex Cereal(Each),2,0,2,12,6,0,6,$3.54,0,0.00%,$0.00,$3.54,6,50.00%,$3.54,$7.08
Colvin Run Elementary,5/06/2025,30006,Cinnamon Chex Cereal(Each),5,0,5,12,9,0,9,$5.31,0,0.00%,$0.00,$5.31,3,25.00%,$1.77,$7.08
Colvin Run Elementary,5/06/2025,30007,"Cinnamon Toast Crunch Cereal, 25% Less Sugar(Each)",6,0,6,12,6,5,11,$6.49,0,0.00%,$0.00,$6.49,1,8.33%,$0.59,$7.08
Colvin Run Elementary,5/06/2025,20038,Fat Free White Milk(Each),2,0,2,6,5,0,5,$1.65,0,0.00%,$0.00,$1.65,1,16.67%,$0.33,$1.98
Colvin Run Elementary,5/06/2025,30003,Honey Cheerios Cereal(Each),6,0,6,12,6,5,11,$6.49,0,0.00%,$0.00,$6.49,1,8.33%,$0.59,$7.08
Colvin Run Elementary,5/06/2025,30009,Orange Tangerine Juice(Each),13,0,13,40,18,10,28,$4.76,0,0.00%,$0.00,$4.76,12,30.00%,$2.04,$6.80
Colvin Run Elementary,5/06/2025,20014,Red Delicious Apple(Each - serving),3,0,3,12,4,2,6,$1.98,0,0.00%,$0.00,$1.98,6,50.00%,$1.98,$3.96
Colvin Run Elementary,5/06/2025,60096,Strawberry Parfait(Parfait),1,0,1,3,0,1,1,$0.00,2,66.67%,$0.00,$0.00,0,0.00%,$0.00,$0.00
Colvin Run Elementary,5/06/2025,60011,Turkey Sausage Breakfast Biscuit(Sandwich),1,0,1,6,1,0,1,$0.44,5,83.33%,$2.20,$2.64,0,0.00%,$0.00,$2.64
Cooper Middle,5/06/2025,20001,1% White Milk(Each),2,0,2,6,2,0,2,$0.72,0,0.00%,$0.00,$0.72,4,66.67%,$1.44,$2.16
Cooper Middle,5/06/2025,30008,Apple Juice(Each),25,0,25,35,30,0,30,$5.10,0,0.00%,$0.00,$5.10,5,14.29%,$0.85,$5.95
Cooper Middle,5/06/2025,20031,Banana(Each),2,0,2,4,1,0,1,$0.21,0,0.00%,$0.00,$0.21,3,75.00%,$0.63,$0.84
Cooper Middle,5/06/2025,60068,Biscuit(Biscuit),0,0,0,1,0,0,0,$0.00,0,0.00%,$0.00,$0.00,1,100.00%,$0.00,$0.00
Cooper Middle,5/06/2025,30004,Blueberry Chex Cereal(Each),4,0,4,8,1,0,1,$0.59,0,0.00%,$0.00,$0.59,7,87.50%,$4.13,$4.72
Cooper Middle,5/06/2025,30006,Cinnamon Chex Cereal(Each),5,0,5,8,2,0,2,$1.18,0,0.00%,$0.00,$1.18,6,75.00%,$3.54,$4.72
Cooper Middle,5/06/2025,30007,"Cinnamon Toast Crunch Cereal, 25% Less Sugar(Each)",6,0,6,10,6,0,6,$3.54,0,0.00%,$0.00,$3.54,4,40.00%,$2.36,$5.90
Cooper Middle,5/06/2025,30003,Honey Cheerios Cereal(Each),6,0,6,10,6,0,6,$3.54,0,0.00%,$0.00,$3.54,4,40.00%,$2.36,$5.90
Cooper Middle,5/06/2025,30103,"Milk, Lactose Free,  Fat Free, Shelf-Stable(Each)",0,0,0,6,2,0,2,$0.96,0,0.00%,$0.00,$0.96,4,66.67%,$1.92,$2.88
Cooper Middle,5/06/2025,10041,Mini Maple Pancakes(Package),16,0,16,14,9,0,9,$3.51,0,0.00%,$0.00,$3.51,5,35.71%,$1.95,$5.46
Cooper Middle,5/06/2025,30051,Natural Grape Jam(Packet),2,0,2,2,0,0,0,$0.00,0,0.00%,$0.00,$0.00,2,100.00%,$0.00,$0.00
Cooper Middle,5/06/2025,20017,Orange(6 Slices per 1/2 cup),1,0,1,4,1,0,1,$0.34,0,0.00%,$0.00,$0.34,3,75.00%,$1.02,$1.36
Cooper Middle,5/06/2025,30009,Orange Tangerine Juice(Each),6,0,6,15,8,0,8,$1.36,0,0.00%,$0.00,$1.36,7,46.67%,$1.19,$2.55
Cooper Middle,5/06/2025,20014,Red Delicious Apple(Each - serving),2,0,2,6,2,0,2,$0.66,0,0.00%,$0.00,$0.66,4,66.67%,$1.32,$1.98
Cooper Middle,5/06/2025,60011,Turkey Sausage Breakfast Biscuit(Sandwich),2,0,2,4,2,0,2,$0.88,0,0.00%,$0.00,$0.88,2,50.00%,$0.88,$1.76
Crestwood Elementary,5/06/2025,20001,1% White Milk(Each),129,0,129,144,135,0,135,$48.60,0,0.00%,$0.00,$48.60,9,6.25%,$3.24,$51.84
Crestwood Elementary,5/06/2025,30008,Apple Juice(Each),151,0,151,139,131,0,131,$22.27,0,0.00%,$0.00,$22.27,8,5.76%,$1.36,$23.63
Crestwood Elementary,5/06/2025,30020,Applesauce(1/2 Cup),47,0,47,50,50,0,50,$10.50,0,0.00%,$0.00,$10.50,0,0.00%,$0.00,$10.50
Crestwood Elementary,5/06/2025,60068,Biscuit(Biscuit),13,0,13,45,43,0,43,$9.03,2,4.44%,$0.42,$9.45,0,0.00%,$0.00,$9.45
Crestwood Elementary,5/06/2025,30006,Cinnamon Chex Cereal(Each),37,0,37,60,59,0,59,$34.81,0,0.00%,$0.00,$34.81,1,1.67%,$0.59,$35.40
Crestwood Elementary,5/06/2025,30007,"Cinnamon Toast Crunch Cereal, 25% Less Sugar(Each)",0,0,0,20,20,0,20,$11.80,0,0.00%,$0.00,$11.80,0,0.00%,$0.00,$11.80
Crestwood Elementary,5/06/2025,60004,Egg and American Cheese on English Muffin(Sandwich),0,0,0,60,49,0,49,$24.99,11,18.33%,$5.61,$30.60,0,0.00%,$0.00,$30.60
Crestwood Elementary,5/06/2025,20038,Fat Free White Milk(Each),42,0,42,50,38,0,38,$12.54,0,0.00%,$0.00,$12.54,12,24.00%,$3.96,$16.50
Crestwood Elementary,5/06/2025,30003,Honey Cheerios Cereal(Each),47,0,47,60,58,0,58,$34.22,0,0.00%,$0.00,$34.22,2,3.33%,$1.18,$35.40
Crestwood Elementary,5/06/2025,20043,"Lactose Free, White Milk(Each)",0,0,0,2,2,0,2,$1.16,0,0.00%,$0.00,$1.16,0,0.00%,$0.00,$1.16
Crestwood Elementary,5/06/2025,10041,Mini Maple Pancakes(Package),0,0,0,47,47,0,47,$18.33,0,0.00%,$0.00,$18.33,0,0.00%,$0.00,$18.33
Crestwood Elementary,5/06/2025,30051,Natural Grape Jam(Packet),24,0,24,45,44,0,44,$3.96,0,0.00%,$0.00,$3.96,1,2.22%,$0.09,$4.05
Crestwood Elementary,5/06/2025,30009,Orange Tangerine Juice(Each),143,0,143,138,125,0,125,$21.25,0,0.00%,$0.00,$21.25,13,9.42%,$2.21,$23.46
Crestwood Elementary,5/06/2025,20014,Red Delicious Apple(Each - serving),37,0,37,80,68,0,68,$22.44,0,0.00%,$0.00,$22.44,12,15.00%,$3.96,$26.40
Crestwood Elementary,5/06/2025,60096,Strawberry Parfait(Parfait),11,0,11,20,16,0,16,$15.84,0,0.00%,$0.00,$15.84,4,20.00%,$3.96,$19.80
Crestwood Elementary,5/06/2025,60011,Turkey Sausage Breakfast Biscuit(Sandwich),45,0,45,15,15,0,15,$6.60,0,0.00%,$0.00,$6.60,0,0.00%,$0.00,$6.60
Crossfield Elementary,5/06/2025,20001,1% White Milk(Each),11,0,11,9,9,0,9,$3.24,0,0.00%,$0.00,$3.24,0,0.00%,$0.00,$3.24
Crossfield Elementary,5/06/2025,30008,Apple Juice(Each),53,0,53,56,56,0,56,$9.52,0,0.00%,$0.00,$9.52,0,0.00%,$0.00,$9.52
Crossfield Elementary,5/06/2025,30020,Applesauce(1/2 Cup),0,0,0,2,2,0,2,$0.42,0,0.00%,$0.00,$0.42,0,0.00%,$0.00,$0.42
Crossfield Elementary,5/06/2025,20031,Banana(Each),27,0,27,21,21,0,21,$4.41,0,0.00%,$0.00,$4.41,0,0.00%,$0.00,$4.41
Crossfield Elementary,5/06/2025,60068,Biscuit(Biscuit),3,0,3,5,5,0,5,$1.05,0,0.00%,$0.00,$1.05,0,0.00%,$0.00,$1.05
Crossfield Elementary,5/06/2025,30004,Blueberry Chex Cereal(Each),3,0,3,3,3,0,3,$1.77,0,0.00%,$0.00,$1.77,0,0.00%,$0.00,$1.77
Crossfield Elementary,5/06/2025,30006,Cinnamon Chex Cereal(Each),9,0,9,4,4,0,4,$2.36,0,0.00%,$0.00,$2.36,0,0.00%,$0.00,$2.36
Crossfield Elementary,5/06/2025,30007,"Cinnamon Toast Crunch Cereal, 25% Less Sugar(Each)",7,0,7,7,7,0,7,$4.13,0,0.00%,$0.00,$4.13,0,0.00%,$0.00,$4.13
Crossfield Elementary,5/06/2025,20038,Fat Free White Milk(Each),5,0,5,4,4,0,4,$1.32,0,0.00%,$0.00,$1.32,0,0.00%,$0.00,$1.32
Crossfield Elementary,5/06/2025,30003,Honey Cheerios Cereal(Each),5,0,5,14,14,0,14,$8.26,0,0.00%,$0.00,$8.26,0,0.00%,$0.00,$8.26
Crossfield Elementary,5/06/2025,30051,Natural Grape Jam(Packet),5,0,5,0,0,0,0,$0.00,0,0.00%,$0.00,$0.00,0,0.00%,$0.00,$0.00
Crossfield Elementary,5/06/2025,20017,Orange(6 Slices per 1/2 cup),27,0,27,0,0,0,0,$0.00,0,0.00%,$0.00,$0.00,0,0.00%,$0.00,$0.00
Crossfield Elementary,5/06/2025,30009,Orange Tangerine Juice(Each),0,0,0,0,0,0,0,$0.00,0,0.00%,$0.00,$0.00,0,0.00%,$0.00,$0.00
Crossfield Elementary,5/06/2025,20014,Red Delicious Apple(Each - serving),19,0,19,0,0,0,0,$0.00,0,0.00%,$0.00,$0.00,0,0.00%,$0.00,$0.00
Crossfield Elementary,5/06/2025,60096,Strawberry Parfait(Parfait),2,0,2,5,2,0,2,$1.98,3,60.00%,$2.97,$4.95,0,0.00%,$0.00,$4.95
Crossfield Elementary,5/06/2025,60011,Turkey Sausage Breakfast Biscuit(Sandwich),4,0,4,7,5,0,5,$2.20,2,28.57%,$0.88,$3.08,0,0.00%,$0.00,$3.08
Cub Run Elementary,5/06/2025,30102,1% Unflavored Shelf-Stable Milk(Each),0,0,0,4,4,0,4,$1.52,0,0.00%,$0.00,$1.52,0,0.00%,$0.00,$1.52
Cub Run Elementary,5/06/2025,30008,Apple Juice(Each),51,0,51,54,52,0,52,$8.84,0,0.00%,$0.00,$8.84,2,3.70%,$0.34,$9.18
Cub Run Elementary,5/06/2025,60068,Biscuit(Biscuit),2,0,2,0,0,0,0,$0.00,0,0.00%,$0.00,$0.00,0,0.00%,$0.00,$0.00
Cub Run Elementary,5/06/2025,30004,Blueberry Chex Cereal(Each),3,0,3,0,0,0,0,$0.00,0,0.00%,$0.00,$0.00,0,0.00%,$0.00,$0.00
Cub Run Elementary,5/06/2025,30061,Chilled Mandarin Oranges(1/2 cup (drained)),0,0,0,3,3,0,3,$1.02,0,0.00%,$0.00,$1.02,0,0.00%,$0.00,$1.02
Cub Run Elementary,5/06/2025,30006,Cinnamon Chex Cereal(Each),8,0,8,19,16,0,16,$9.44,0,0.00%,$0.00,$9.44,3,15.79%,$1.77,$11.21
Cub Run Elementary,5/06/2025,30007,"Cinnamon Toast Crunch Cereal, 25% Less Sugar(Each)",7,0,7,35,32,0,32,$18.88,0,0.00%,$0.00,$18.88,3,8.57%,$1.77,$20.65
Cub Run Elementary,5/06/2025,30003,Honey Cheerios Cereal(Each),22,0,22,9,6,0,6,$3.54,0,0.00%,$0.00,$3.54,3,33.33%,$1.77,$5.31
Cub Run Elementary,5/06/2025,30103,"Milk, Lactose Free,  Fat Free, Shelf-Stable(Each)",0,0,0,32,30,0,30,$14.40,0,0.00%,$0.00,$14.40,2,6.25%,$0.96,$15.36
Cub Run Elementary,5/06/2025,30051,Natural Grape Jam(Packet),8,0,8,8,8,0,8,$0.72,0,0.00%,$0.00,$0.72,0,0.00%,$0.00,$0.72
Cub Run Elementary,5/06/2025,30009,Orange Tangerine Juice(Each),21,0,21,26,19,0,19,$3.23,0,0.00%,$0.00,$3.23,7,26.92%,$1.19,$4.42
Cub Run Elementary,5/06/2025,20014,Red Delicious Apple(Each - serving),4,0,4,5,3,0,3,$0.99,0,0.00%,$0.00,$0.99,2,40.00%,$0.66,$1.65
Cub Run Elementary,5/06/2025,60096,Strawberry Parfait(Parfait),5,0,5,9,9,0,9,$8.91,0,0.00%,$0.00,$8.91,0,0.00%,$0.00,$8.91
Cub Run Elementary,5/06/2025,60011,Turkey Sausage Breakfast Biscuit(Sandwich),6,0,6,8,8,0,8,$3.52,0,0.00%,$0.00,$3.52,0,0.00%,$0.00,$3.52
Cunningham Park Elementary,5/06/2025,20001,1% White Milk(Each),30,0,30,35,24,0,24,$8.64,0,0.00%,$0.00,$8.64,11,31.43%,$3.96,$12.60
Cunningham Park Elementary,5/06/2025,30008,Apple Juice(Each),23,0,23,25,24,0,24,$4.08,0,0.00%,$0.00,$4.08,1,4.00%,$0.17,$4.25
Cunningham Park Elementary,5/06/2025,30020,Applesauce(1/2 Cup),6,0,6,0,0,0,0,$0.00,0,0.00%,$0.00,$0.00,0,0.00%,$0.00,$0.00
Cunningham Park Elementary,5/06/2025,10020,Bagel(Bagel),0,0,0,5,5,0,5,$1.60,0,0.00%,$0.00,$1.60,0,0.00%,$0.00,$1.60
Cunningham Park Elementary,5/06/2025,60068,Biscuit(Biscuit),3,0,3,3,3,0,3,$0.63,0,0.00%,$0.00,$0.63,0,0.00%,$0.00,$0.63
Cunningham Park Elementary,5/06/2025,30004,Blueberry Chex Cereal(Each),6,0,6,8,7,0,7,$4.13,0,0.00%,$0.00,$4.13,1,12.50%,$0.59,$4.72
Cunningham Park Elementary,5/06/2025,30006,Cinnamon Chex Cereal(Each),5,0,5,7,6,0,6,$3.54,0,0.00%,$0.00,$3.54,1,14.29%,$0.59,$4.13
Cunningham Park Elementary,5/06/2025,30007,"Cinnamon Toast Crunch Cereal, 25% Less Sugar(Each)",9,0,9,8,7,0,7,$4.13,0,0.00%,$0.00,$4.13,1,12.50%,$0.59,$4.72
Cunningham Park Elementary,5/06/2025,20009,Cream Cheese(Each),0,0,0,5,5,0,5,$1.45,0,0.00%,$0.00,$1.45,0,0.00%,$0.00,$1.45
Cunningham Park Elementary,5/06/2025,60165,Egg and American Cheese on Bagel(Sandwich),0,0,0,42,34,0,34,$19.72,0,0.00%,$0.00,$19.72,8,19.05%,$4.64,$24.36
Cunningham Park Elementary,5/06/2025,20038,Fat Free White Milk(Each),3,0,3,13,4,0,4,$1.32,0,0.00%,$0.00,$1.32,9,69.23%,$2.97,$4.29
Cunningham Park Elementary,5/06/2025,10006,"Frozen, Blueberries(1/2 cup)",0,0,0,6,6,0,6,$2.40,0,0.00%,$0.00,$2.40,0,0.00%,$0.00,$2.40
Cunningham Park Elementary,5/06/2025,30003,Honey Cheerios Cereal(Each),6,0,6,7,6,0,6,$3.54,0,0.00%,$0.00,$3.54,1,14.29%,$0.59,$4.13
Cunningham Park Elementary,5/06/2025,30037,IW Applesauce Cup(Each),0,0,0,15,15,0,15,$4.05,0,0.00%,$0.00,$4.05,0,0.00%,$0.00,$4.05
Cunningham Park Elementary,5/06/2025,30188,"Milk, Soy, Plain, Bulk (12/32 oz)(1 cup)",0,0,0,1,1,0,1,$0.79,0,0.00%,$0.00,$0.79,0,0.00%,$0.00,$0.79
Cunningham Park Elementary,5/06/2025,10041,Mini Maple Pancakes(Package),0,0,0,8,8,0,8,$3.12,0,0.00%,$0.00,$3.12,0,0.00%,$0.00,$3.12
Cunningham Park Elementary,5/06/2025,30093,Natural Breakfast Syrup(Each),0,0,0,8,5,0,5,$1.00,0,0.00%,$0.00,$1.00,3,37.50%,$0.60,$1.60
Cunningham Park Elementary,5/06/2025,30051,Natural Grape Jam(Packet),6,0,6,3,3,0,3,$0.27,0,0.00%,$0.00,$0.27,0,0.00%,$0.00,$0.27
Cunningham Park Elementary,5/06/2025,20017,Orange(6 Slices per 1/2 cup),8,0,8,3,3,0,3,$1.02,0,0.00%,$0.00,$1.02,0,0.00%,$0.00,$1.02
Cunningham Park Elementary,5/06/2025,30009,Orange Tangerine Juice(Each),25,0,25,33,32,0,32,$5.44,0,0.00%,$0.00,$5.44,1,3.03%,$0.17,$5.61
Cunningham Park Elementary,5/06/2025,20014,Red Delicious Apple(Each - serving),6,0,6,3,3,0,3,$0.99,0,0.00%,$0.00,$0.99,0,0.00%,$0.00,$0.99
Cunningham Park Elementary,5/06/2025,60011,Turkey Sausage Breakfast Biscuit(Sandwich),1,0,1,0,0,0,0,$0.00,0,0.00%,$0.00,$0.00,0,0.00%,$0.00,$0.00
Daniels Run Elementary,5/06/2025,20001,1% White Milk(Each),39,0,39,58,33,0,33,$11.88,0,0.00%,$0.00,$11.88,25,43.10%,$9.00,$20.88
Daniels Run Elementary,5/06/2025,30008,Apple Juice(Each),115,0,115,160,120,0,120,$20.40,0,0.00%,$0.00,$20.40,40,25.00%,$6.80,$27.20
Daniels Run Elementary,5/06/2025,30020,Applesauce(1/2 Cup),6,0,6,8,8,0,8,$1.68,0,0.00%,$0.00,$1.68,0,0.00%,$0.00,$1.68
Daniels Run Elementary,5/06/2025,10020,Bagel(Bagel),0,0,0,50,50,0,50,$16.00,0,0.00%,$0.00,$16.00,0,0.00%,$0.00,$16.00
Daniels Run Elementary,5/06/2025,30004,Blueberry Chex Cereal(Each),11,0,11,12,4,0,4,$2.36,0,0.00%,$0.00,$2.36,8,66.67%,$4.72,$7.08
Daniels Run Elementary,5/06/2025,30006,Cinnamon Chex Cereal(Each),10,0,10,24,8,0,8,$4.72,0,0.00%,$0.00,$4.72,16,66.67%,$9.44,$14.16
Daniels Run Elementary,5/06/2025,30007,"Cinnamon Toast Crunch Cereal, 25% Less Sugar(Each)",14,0,14,36,15,0,15,$8.85,0,0.00%,$0.00,$8.85,21,58.33%,$12.39,$21.24
Daniels Run Elementary,5/06/2025,20009,Cream Cheese(Each),0,0,0,50,50,0,50,$14.50,0,0.00%,$0.00,$14.50,0,0.00%,$0.00,$14.50
Daniels Run Elementary,5/06/2025,20038,Fat Free White Milk(Each),14,0,14,27,7,0,7,$2.31,0,0.00%,$0.00,$2.31,20,74.07%,$6.60,$8.91
Daniels Run Elementary,5/06/2025,30003,Honey Cheerios Cereal(Each),23,0,23,24,12,2,14,$8.26,0,0.00%,$0.00,$8.26,10,41.67%,$5.90,$14.16
Daniels Run Elementary,5/06/2025,10041,Mini Maple Pancakes(Package),0,0,0,72,62,4,66,$25.74,0,0.00%,$0.00,$25.74,6,8.33%,$2.34,$28.08
Daniels Run Elementary,5/06/2025,30051,Natural Grape Jam(Packet),7,0,7,8,8,0,8,$0.72,0,0.00%,$0.00,$0.72,0,0.00%,$0.00,$0.72
Daniels Run Elementary,5/06/2025,30009,Orange Tangerine Juice(Each),45,0,45,60,48,0,48,$8.16,0,0.00%,$0.00,$8.16,12,20.00%,$2.04,$10.20
Daniels Run Elementary,5/06/2025,20014,Red Delicious Apple(Each - serving),12,0,12,20,13,0,13,$4.29,0,0.00%,$0.00,$4.29,7,35.00%,$2.31,$6.60
Daniels Run Elementary,5/06/2025,60096,Strawberry Parfait(Parfait),11,0,11,10,10,0,10,$9.90,0,0.00%,$0.00,$9.90,0,0.00%,$0.00,$9.90
Daniels Run Elementary,5/06/2025,60011,Turkey Sausage Breakfast Biscuit(Sandwich),13,0,13,18,16,0,16,$7.04,0,0.00%,$0.00,$7.04,2,11.11%,$0.88,$7.92
Deer Park Elementary,5/06/2025,20001,1% White Milk(Each),35,0,35,65,60,0,60,$21.60,0,0.00%,$0.00,$21.60,5,7.69%,$1.80,$23.40
Deer Park Elementary,5/06/2025,30008,Apple Juice(Each),80,0,80,90,87,0,87,$14.79,0,0.00%,$0.00,$14.79,3,3.33%,$0.51,$15.30
Deer Park Elementary,5/06/2025,30020,Applesauce(1/2 Cup),17,0,17,17,17,0,17,$3.57,0,0.00%,$0.00,$3.57,0,0.00%,$0.00,$3.57
Deer Park Elementary,5/06/2025,10020,Bagel(Bagel),0,0,0,25,25,0,25,$8.00,0,0.00%,$0.00,$8.00,0,0.00%,$0.00,$8.00
Deer Park Elementary,5/06/2025,60068,Biscuit(Biscuit),0,0,0,0,0,0,0,$0.00,0,0.00%,$0.00,$0.00,0,0.00%,$0.00,$0.00
Deer Park Elementary,5/06/2025,30181,"Cereal, Cinnamon Toast Crunch 1 oz (Sub)(Each)",0,0,0,1,1,0,1,$0.32,0,0.00%,$0.00,$0.32,0,0.00%,$0.00,$0.32
Deer Park Elementary,5/06/2025,30006,Cinnamon Chex Cereal(Each),25,0,25,24,22,0,22,$12.98,0,0.00%,$0.00,$12.98,2,8.33%,$1.18,$14.16
Deer Park Elementary,5/06/2025,30007,"Cinnamon Toast Crunch Cereal, 25% Less Sugar(Each)",25,0,25,32,29,0,29,$17.11,0,0.00%,$0.00,$17.11,3,9.38%,$1.77,$18.88
Deer Park Elementary,5/06/2025,20009,Cream Cheese(Each),0,0,0,39,39,0,39,$11.31,0,0.00%,$0.00,$11.31,0,0.00%,$0.00,$11.31
Deer Park Elementary,5/06/2025,20038,Fat Free White Milk(Each),5,0,5,10,9,0,9,$2.97,0,0.00%,$0.00,$2.97,1,10.00%,$0.33,$3.30
Deer Park Elementary,5/06/2025,30003,Honey Cheerios Cereal(Each),25,0,25,28,28,0,28,$16.52,0,0.00%,$0.00,$16.52,0,0.00%,$0.00,$16.52
Deer Park Elementary,5/06/2025,20043,"Lactose Free, White Milk(Each)",2,0,2,2,2,0,2,$1.16,0,0.00%,$0.00,$1.16,0,0.00%,$0.00,$1.16
Deer Park Elementary,5/06/2025,30051,Natural Grape Jam(Packet),0,0,0,3,3,0,3,$0.27,0,0.00%,$0.00,$0.27,0,0.00%,$0.00,$0.27
Deer Park Elementary,5/06/2025,20017,Orange(6 Slices per 1/2 cup),15,0,15,40,39,0,39,$13.26,0,0.00%,$0.00,$13.26,1,2.50%,$0.34,$13.60
Deer Park Elementary,5/06/2025,30009,Orange Tangerine Juice(Each),43,0,43,48,32,0,32,$5.44,0,0.00%,$0.00,$5.44,16,33.33%,$2.72,$8.16
Deer Park Elementary,5/06/2025,60096,Strawberry Parfait(Parfait),10,0,10,13,12,0,12,$11.88,0,0.00%,$0.00,$11.88,1,7.69%,$0.99,$12.87
Deer Park Elementary,5/06/2025,60011,Turkey Sausage Breakfast Biscuit(Sandwich),52,0,52,31,28,0,28,$12.32,0,0.00%,$0.00,$12.32,3,9.68%,$1.32,$13.64
Dogwood Elementary,5/06/2025,20001,1% White Milk(Each),177,0,177,170,170,0,170,$61.20,0,0.00%,$0.00,$61.20,0,0.00%,$0.00,$61.20
Dogwood Elementary,5/06/2025,30008,Apple Juice(Each),233,0,233,240,240,0,240,$40.80,0,0.00%,$0.00,$40.80,0,0.00%,$0.00,$40.80
Dogwood Elementary,5/06/2025,30020,Applesauce(1/2 Cup),91,0,91,90,90,0,90,$18.90,0,0.00%,$0.00,$18.90,0,0.00%,$0.00,$18.90
Dogwood Elementary,5/06/2025,60068,Biscuit(Biscuit),18,0,18,37,37,0,37,$7.77,0,0.00%,$0.00,$7.77,0,0.00%,$0.00,$7.77
Dogwood Elementary,5/06/2025,60151,Blueberry Bread(1 square),0,0,0,120,120,0,120,$49.20,0,0.00%,$0.00,$49.20,0,0.00%,$0.00,$49.20
Dogwood Elementary,5/06/2025,30004,Blueberry Chex Cereal(Each),22,0,22,30,30,0,30,$17.70,0,0.00%,$0.00,$17.70,0,0.00%,$0.00,$17.70
Dogwood Elementary,5/06/2025,30006,Cinnamon Chex Cereal(Each),36,0,36,30,30,0,30,$17.70,0,0.00%,$0.00,$17.70,0,0.00%,$0.00,$17.70
Dogwood Elementary,5/06/2025,30007,"Cinnamon Toast Crunch Cereal, 25% Less Sugar(Each)",20,0,20,30,30,0,30,$17.70,0,0.00%,$0.00,$17.70,0,0.00%,$0.00,$17.70
Dogwood Elementary,5/06/2025,20038,Fat Free White Milk(Each),26,0,26,20,20,0,20,$6.60,0,0.00%,$0.00,$6.60,0,0.00%,$0.00,$6.60
Dogwood Elementary,5/06/2025,30003,Honey Cheerios Cereal(Each),27,0,27,30,30,0,30,$17.70,0,0.00%,$0.00,$17.70,0,0.00%,$0.00,$17.70
Dogwood Elementary,5/06/2025,10041,Mini Maple Pancakes(Package),0,0,0,144,144,0,144,$56.16,0,0.00%,$0.00,$56.16,0,0.00%,$0.00,$56.16
Dogwood Elementary,5/06/2025,30051,Natural Grape Jam(Packet),122,0,122,100,100,0,100,$9.00,0,0.00%,$0.00,$9.00,0,0.00%,$0.00,$9.00
Dogwood Elementary,5/06/2025,30009,Orange Tangerine Juice(Each),165,0,165,230,204,0,204,$34.68,0,0.00%,$0.00,$34.68,26,11.30%,$4.42,$39.10
Dogwood Elementary,5/06/2025,20014,Red Delicious Apple(Each - serving),49,0,49,60,60,0,60,$19.80,0,0.00%,$0.00,$19.80,0,0.00%,$0.00,$19.80
Dogwood Elementary,5/06/2025,60096,Strawberry Parfait(Parfait),35,0,35,30,30,0,30,$29.70,0,0.00%,$0.00,$29.70,0,0.00%,$0.00,$29.70
Dogwood Elementary,5/06/2025,60011,Turkey Sausage Breakfast Biscuit(Sandwich),175,0,175,93,93,0,93,$40.92,0,0.00%,$0.00,$40.92,0,0.00%,$0.00,$40.92
Dranesville Elementary,5/06/2025,20001,1% White Milk(Each),66,0,66,37,16,21,37,$13.32,0,0.00%,$0.00,$13.32,0,0.00%,$0.00,$13.32
Dranesville Elementary,5/06/2025,30008,Apple Juice(Each),103,0,103,94,92,2,94,$15.98,0,0.00%,$0.00,$15.98,0,0.00%,$0.00,$15.98
Dranesville Elementary,5/06/2025,30020,Applesauce(1/2 Cup),0,0,0,0,0,0,0,$0.00,0,0.00%,$0.00,$0.00,0,0.00%,$0.00,$0.00
Dranesville Elementary,5/06/2025,60068,Biscuit(Biscuit),26,0,26,40,30,10,40,$8.40,0,0.00%,$0.00,$8.40,0,0.00%,$0.00,$8.40
Dranesville Elementary,5/06/2025,30004,Blueberry Chex Cereal(Each),12,0,12,24,12,12,24,$14.16,0,0.00%,$0.00,$14.16,0,0.00%,$0.00,$14.16
Dranesville Elementary,5/06/2025,30006,Cinnamon Chex Cereal(Each),21,0,21,48,31,17,48,$28.32,0,0.00%,$0.00,$28.32,0,0.00%,$0.00,$28.32
Dranesville Elementary,5/06/2025,60125,Egg and American Cheese on Biscuit(Sandwich),0,0,0,13,8,5,13,$6.11,0,0.00%,$0.00,$6.11,0,0.00%,$0.00,$6.11
Dranesville Elementary,5/06/2025,20038,Fat Free White Milk(Each),20,0,20,60,52,8,60,$19.80,0,0.00%,$0.00,$19.80,0,0.00%,$0.00,$19.80
Dranesville Elementary,5/06/2025,30003,Honey Cheerios Cereal(Each),26,0,26,48,42,6,48,$28.32,0,0.00%,$0.00,$28.32,0,0.00%,$0.00,$28.32
Dranesville Elementary,5/06/2025,60034,Mandarin Orange Parfait(Parfait),0,0,0,2,2,0,2,$1.98,0,0.00%,$0.00,$1.98,0,0.00%,$0.00,$1.98
Dranesville Elementary,5/06/2025,30103,"Milk, Lactose Free,  Fat Free, Shelf-Stable(Each)",0,0,0,54,17,37,54,$25.92,0,0.00%,$0.00,$25.92,0,0.00%,$0.00,$25.92
Dranesville Elementary,5/06/2025,10041,Mini Maple Pancakes(Package),0,0,0,20,20,0,20,$7.80,0,0.00%,$0.00,$7.80,0,0.00%,$0.00,$7.80
Dranesville Elementary,5/06/2025,30051,Natural Grape Jam(Packet),19,0,19,60,23,37,60,$5.40,0,0.00%,$0.00,$5.40,0,0.00%,$0.00,$5.40
Dranesville Elementary,5/06/2025,20017,Orange(6 Slices per 1/2 cup),46,0,46,32,32,0,32,$10.88,0,0.00%,$0.00,$10.88,0,0.00%,$0.00,$10.88
Dranesville Elementary,5/06/2025,30009,Orange Tangerine Juice(Each),59,0,59,72,61,11,72,$12.24,0,0.00%,$0.00,$12.24,0,0.00%,$0.00,$12.24
Dranesville Elementary,5/06/2025,20014,Red Delicious Apple(Each - serving),19,0,19,35,26,9,35,$11.55,0,0.00%,$0.00,$11.55,0,0.00%,$0.00,$11.55
Dranesville Elementary,5/06/2025,60096,Strawberry Parfait(Parfait),17,0,17,17,16,1,17,$16.83,0,0.00%,$0.00,$16.83,0,0.00%,$0.00,$16.83
Dranesville Elementary,5/06/2025,60011,Turkey Sausage Breakfast Biscuit(Sandwich),27,0,27,27,22,5,27,$11.88,0,0.00%,$0.00,$11.88,0,0.00%,$0.00,$11.88
Eagle View Elementary,5/06/2025,30102,1% Unflavored Shelf-Stable Milk(Each),0,0,0,49,49,0,49,$18.62,0,0.00%,$0.00,$18.62,0,0.00%,$0.00,$18.62
Eagle View Elementary,5/06/2025,30008,Apple Juice(Each),78,0,78,34,34,0,34,$5.78,0,0.00%,$0.00,$5.78,0,0.00%,$0.00,$5.78
Eagle View Elementary,5/06/2025,10020,Bagel(Bagel),0,0,0,6,6,0,6,$1.92,0,0.00%,$0.00,$1.92,0,0.00%,$0.00,$1.92
Eagle View Elementary,5/06/2025,30004,Blueberry Chex Cereal(Each),8,0,8,26,23,0,23,$13.57,0,0.00%,$0.00,$13.57,3,11.54%,$1.77,$15.34
Eagle View Elementary,5/06/2025,30006,Cinnamon Chex Cereal(Each),10,0,10,24,18,0,18,$10.62,0,0.00%,$0.00,$10.62,6,25.00%,$3.54,$14.16
Eagle View Elementary,5/06/2025,30007,"Cinnamon Toast Crunch Cereal, 25% Less Sugar(Each)",48,0,48,25,25,0,25,$14.75,0,0.00%,$0.00,$14.75,0,0.00%,$0.00,$14.75
Eagle View Elementary,5/06/2025,30003,Honey Cheerios Cereal(Each),18,0,18,24,24,0,24,$14.16,0,0.00%,$0.00,$14.16,0,0.00%,$0.00,$14.16
Eagle View Elementary,5/06/2025,30037,IW Applesauce Cup(Each),0,0,0,34,34,0,34,$9.18,0,0.00%,$0.00,$9.18,0,0.00%,$0.00,$9.18
Eagle View Elementary,5/06/2025,60034,Mandarin Orange Parfait(Parfait),0,0,0,6,6,0,6,$5.94,0,0.00%,$0.00,$5.94,0,0.00%,$0.00,$5.94
Eagle View Elementary,5/06/2025,30103,"Milk, Lactose Free,  Fat Free, Shelf-Stable(Each)",0,0,0,21,21,0,21,$10.08,0,0.00%,$0.00,$10.08,0,0.00%,$0.00,$10.08
Eagle View Elementary,5/06/2025,10041,Mini Maple Pancakes(Package),0,0,0,44,44,0,44,$17.16,0,0.00%,$0.00,$17.16,0,0.00%,$0.00,$17.16
Eagle View Elementary,5/06/2025,30051,Natural Grape Jam(Packet),14,0,14,30,30,0,30,$2.70,0,0.00%,$0.00,$2.70,0,0.00%,$0.00,$2.70
Eagle View Elementary,5/06/2025,30041,Orange Flavored Dried Cranberries(2 Eaches),0,0,0,27,22,0,22,$10.56,0,0.00%,$0.00,$10.56,5,18.52%,$2.40,$12.96
Eagle View Elementary,5/06/2025,30009,Orange Tangerine Juice(Each),51,0,51,113,90,0,90,$15.30,0,0.00%,$0.00,$15.30,23,20.35%,$3.91,$19.21
Eagle View Elementary,5/06/2025,60164,"Sandwich, Breakfast. Bagel, Turkey Sausage(Sandwich)",0,0,0,46,45,0,45,$24.30,0,0.00%,$0.00,$24.30,1,2.17%,$0.54,$24.84
Edison High,5/06/2025,20001,1% White Milk(Each),19,0,19,40,30,0,30,$10.80,0,0.00%,$0.00,$10.80,10,25.00%,$3.60,$14.40
Edison High,5/06/2025,30008,Apple Juice(Each),54,0,54,60,50,0,50,$8.50,0,0.00%,$0.00,$8.50,10,16.67%,$1.70,$10.20
Edison High,5/06/2025,20038,Fat Free White Milk(Each),22,0,22,30,25,0,25,$8.25,0,0.00%,$0.00,$8.25,5,16.67%,$1.65,$9.90
Edison High,5/06/2025,30051,Natural Grape Jam(Packet),0,0,0,20,10,0,10,$0.90,0,0.00%,$0.00,$0.90,10,50.00%,$0.90,$1.80
Edison High,5/06/2025,30009,Orange Tangerine Juice(Each),26,0,26,4,4,0,4,$0.68,0,0.00%,$0.00,$0.68,0,0.00%,$0.00,$0.68
Edison High,5/06/2025,20014,Red Delicious Apple(Each - serving),10,0,10,50,30,0,30,$9.90,0,0.00%,$0.00,$9.90,20,40.00%,$6.60,$16.50
Edison High,5/06/2025,60096,Strawberry Parfait(Parfait),8,0,8,1,1,0,1,$0.99,0,0.00%,$0.00,$0.99,0,0.00%,$0.00,$0.99
Edison High,5/06/2025,60011,Turkey Sausage Breakfast Biscuit(Sandwich),26,0,26,47,44,0,44,$19.36,0,0.00%,$0.00,$19.36,3,6.38%,$1.32,$20.68
Fairfax High,5/06/2025,20001,1% White Milk(Each),20,0,20,17,17,0,17,$6.12,0,0.00%,$0.00,$6.12,0,0.00%,$0.00,$6.12
Fairfax High,5/06/2025,10021,Apple Cinnamon Bread(1oz Grain (1/64 Baked Pan)),0,0,0,96,87,9,96,$39.36,0,0.00%,$0.00,$39.36,0,0.00%,$0.00,$39.36
Fairfax High,5/06/2025,30008,Apple Juice(Each),150,0,150,164,164,0,164,$27.88,0,0.00%,$0.00,$27.88,0,0.00%,$0.00,$27.88
Fairfax High,5/06/2025,10020,Bagel(Bagel),0,0,0,16,16,0,16,$5.12,0,0.00%,$0.00,$5.12,0,0.00%,$0.00,$5.12
Fairfax High,5/06/2025,60068,Biscuit(Biscuit),20,0,20,3,2,0,2,$0.42,1,33.33%,$0.21,$0.63,0,0.00%,$0.00,$0.63
Fairfax High,5/06/2025,30004,Blueberry Chex Cereal(Each),12,0,12,19,16,0,16,$9.44,0,0.00%,$0.00,$9.44,3,15.79%,$1.77,$11.21
Fairfax High,5/06/2025,30097,Bottled Water(Bottle),0,0,0,8,6,0,6,$0.96,0,0.00%,$0.00,$0.96,2,25.00%,$0.32,$1.28
Fairfax High,5/06/2025,30006,Cinnamon Chex Cereal(Each),12,0,12,20,19,0,19,$11.21,0,0.00%,$0.00,$11.21,1,5.00%,$0.59,$11.80
Fairfax High,5/06/2025,30007,"Cinnamon Toast Crunch Cereal, 25% Less Sugar(Each)",24,0,24,32,20,1,21,$12.39,0,0.00%,$0.00,$12.39,11,34.38%,$6.49,$18.88
Fairfax High,5/06/2025,20038,Fat Free White Milk(Each),10,0,10,40,20,0,20,$6.60,0,0.00%,$0.00,$6.60,20,50.00%,$6.60,$13.20
Fairfax High,5/06/2025,30003,Honey Cheerios Cereal(Each),12,0,12,26,21,0,21,$12.39,0,0.00%,$0.00,$12.39,5,19.23%,$2.95,$15.34
Fairfax High,5/06/2025,10041,Mini Maple Pancakes(Package),0,0,0,30,12,0,12,$4.68,0,0.00%,$0.00,$4.68,18,60.00%,$7.02,$11.70
Fairfax High,5/06/2025,30051,Natural Grape Jam(Packet),20,0,20,30,24,0,24,$2.16,0,0.00%,$0.00,$2.16,6,20.00%,$0.54,$2.70
Fairfax High,5/06/2025,30009,Orange Tangerine Juice(Each),50,0,50,80,72,0,72,$12.24,0,0.00%,$0.00,$12.24,8,10.00%,$1.36,$13.60
Fairfax High,5/06/2025,20014,Red Delicious Apple(Each - serving),15,0,15,18,17,0,17,$5.61,0,0.00%,$0.00,$5.61,1,5.56%,$0.33,$5.94
Fairfax High,5/06/2025,60096,Strawberry Parfait(Parfait),20,0,20,33,26,0,26,$25.74,0,0.00%,$0.00,$25.74,7,21.21%,$6.93,$32.67
Fairfax High,5/06/2025,60011,Turkey Sausage Breakfast Biscuit(Sandwich),50,0,50,30,15,13,28,$12.32,2,6.67%,$0.88,$13.20,0,0.00%,$0.00,$13.20
Fairfax Villa Elementary,5/06/2025,20001,1% White Milk(Each),22,0,22,50,40,0,40,$14.40,0,0.00%,$0.00,$14.40,10,20.00%,$3.60,$18.00
Fairfax Villa Elementary,5/06/2025,30008,Apple Juice(Each),60,0,60,80,71,0,71,$12.07,0,0.00%,$0.00,$12.07,9,11.25%,$1.53,$13.60
Fairfax Villa Elementary,5/06/2025,30020,Applesauce(1/2 Cup),0,0,0,0,0,0,0,$0.00,0,0.00%,$0.00,$0.00,0,0.00%,$0.00,$0.00
Fairfax Villa Elementary,5/06/2025,60068,Biscuit(Biscuit),1,0,1,2,1,0,1,$0.21,0,0.00%,$0.00,$0.21,1,50.00%,$0.21,$0.42
Fairfax Villa Elementary,5/06/2025,30006,Cinnamon Chex Cereal(Each),10,0,10,10,8,0,8,$4.72,0,0.00%,$0.00,$4.72,2,20.00%,$1.18,$5.90
Fairfax Villa Elementary,5/06/2025,30007,"Cinnamon Toast Crunch Cereal, 25% Less Sugar(Each)",10,0,10,10,8,0,8,$4.72,0,0.00%,$0.00,$4.72,2,20.00%,$1.18,$5.90
Fairfax Villa Elementary,5/06/2025,20038,Fat Free White Milk(Each),10,0,10,10,6,0,6,$1.98,0,0.00%,$0.00,$1.98,4,40.00%,$1.32,$3.30
Fairfax Villa Elementary,5/06/2025,30003,Honey Cheerios Cereal(Each),10,0,10,10,8,0,8,$4.72,0,0.00%,$0.00,$4.72,2,20.00%,$1.18,$5.90
Fairfax Villa Elementary,5/06/2025,10041,Mini Maple Pancakes(Package),70,0,70,75,72,0,72,$28.08,0,0.00%,$0.00,$28.08,3,4.00%,$1.17,$29.25
Fairfax Villa Elementary,5/06/2025,30051,Natural Grape Jam(Packet),1,0,1,2,1,0,1,$0.09,0,0.00%,$0.00,$0.09,1,50.00%,$0.09,$0.18
Fairfax Villa Elementary,5/06/2025,30009,Orange Tangerine Juice(Each),50,0,50,40,32,0,32,$5.44,0,0.00%,$0.00,$5.44,8,20.00%,$1.36,$6.80
Fairfax Villa Elementary,5/06/2025,20014,Red Delicious Apple(Each - serving),20,0,20,20,6,0,6,$1.98,0,0.00%,$0.00,$1.98,14,70.00%,$4.62,$6.60
Fairfax Villa Elementary,5/06/2025,60096,Strawberry Parfait(Parfait),2,0,2,5,4,0,4,$3.96,0,0.00%,$0.00,$3.96,1,20.00%,$0.99,$4.95
Fairfax Villa Elementary,5/06/2025,60011,Turkey Sausage Breakfast Biscuit(Sandwich),10,0,10,10,9,0,9,$3.96,0,0.00%,$0.00,$3.96,1,10.00%,$0.44,$4.40
Fairhill Elementary,5/06/2025,20001,1% White Milk(Each),52,0,52,57,48,0,48,$17.28,0,0.00%,$0.00,$17.28,9,15.79%,$3.24,$20.52
Fairhill Elementary,5/06/2025,30008,Apple Juice(Each),40,0,40,40,34,0,34,$5.78,0,0.00%,$0.00,$5.78,6,15.00%,$1.02,$6.80
Fairhill Elementary,5/06/2025,30020,Applesauce(1/2 Cup),22,0,22,23,23,0,23,$4.83,0,0.00%,$0.00,$4.83,0,0.00%,$0.00,$4.83
Fairhill Elementary,5/06/2025,10020,Bagel(Bagel),0,0,0,20,20,0,20,$6.40,0,0.00%,$0.00,$6.40,0,0.00%,$0.00,$6.40
Fairhill Elementary,5/06/2025,20031,Banana(Each),10,0,10,22,22,0,22,$4.62,0,0.00%,$0.00,$4.62,0,0.00%,$0.00,$4.62
Fairhill Elementary,5/06/2025,60068,Biscuit(Biscuit),9,0,9,0,0,0,0,$0.00,0,0.00%,$0.00,$0.00,0,0.00%,$0.00,$0.00
Fairhill Elementary,5/06/2025,30004,Blueberry Chex Cereal(Each),10,0,10,10,10,0,10,$5.90,0,0.00%,$0.00,$5.90,0,0.00%,$0.00,$5.90
Fairhill Elementary,5/06/2025,30006,Cinnamon Chex Cereal(Each),10,0,10,10,10,0,10,$5.90,0,0.00%,$0.00,$5.90,0,0.00%,$0.00,$5.90
Fairhill Elementary,5/06/2025,30007,"Cinnamon Toast Crunch Cereal, 25% Less Sugar(Each)",10,0,10,0,0,0,0,$0.00,0,0.00%,$0.00,$0.00,0,0.00%,$0.00,$0.00
Fairhill Elementary,5/06/2025,20009,Cream Cheese(Each),0,0,0,20,20,0,20,$5.80,0,0.00%,$0.00,$5.80,0,0.00%,$0.00,$5.80
Fairhill Elementary,5/06/2025,60125,Egg and American Cheese on Biscuit(Sandwich),0,0,0,43,38,3,41,$19.27,0,0.00%,$0.00,$19.27,2,4.65%,$0.94,$20.21
Fairhill Elementary,5/06/2025,20038,Fat Free White Milk(Each),6,0,6,32,8,0,8,$2.64,0,0.00%,$0.00,$2.64,24,75.00%,$7.92,$10.56
Fairhill Elementary,5/06/2025,30003,Honey Cheerios Cereal(Each),10,0,10,20,17,0,17,$10.03,0,0.00%,$0.00,$10.03,3,15.00%,$1.77,$11.80
Fairhill Elementary,5/06/2025,20043,"Lactose Free, White Milk(Each)",0,0,0,1,1,0,1,$0.58,0,0.00%,$0.00,$0.58,0,0.00%,$0.00,$0.58
Fairhill Elementary,5/06/2025,30051,Natural Grape Jam(Packet),8,0,8,20,20,0,20,$1.80,0,0.00%,$0.00,$1.80,0,0.00%,$0.00,$1.80
Fairhill Elementary,5/06/2025,20017,Orange(6 Slices per 1/2 cup),0,0,0,0,0,0,0,$0.00,0,0.00%,$0.00,$0.00,0,0.00%,$0.00,$0.00
Fairhill Elementary,5/06/2025,30009,Orange Tangerine Juice(Each),46,0,46,46,27,0,27,$4.59,0,0.00%,$0.00,$4.59,19,41.30%,$3.23,$7.82
Fairhill Elementary,5/06/2025,20014,Red Delicious Apple(Each - serving),20,0,20,10,2,0,2,$0.66,0,0.00%,$0.00,$0.66,8,80.00%,$2.64,$3.30
Fairhill Elementary,5/06/2025,60096,Strawberry Parfait(Parfait),4,0,4,10,3,0,3,$2.97,0,0.00%,$0.00,$2.97,7,70.00%,$6.93,$9.90
Fairview Elementary,5/06/2025,20001,1% White Milk(Each),12,0,12,15,11,0,11,$3.96,0,0.00%,$0.00,$3.96,4,26.67%,$1.44,$5.40
Fairview Elementary,5/06/2025,30008,Apple Juice(Each),65,0,65,81,59,22,81,$13.77,0,0.00%,$0.00,$13.77,0,0.00%,$0.00,$13.77
Fairview Elementary,5/06/2025,30004,Blueberry Chex Cereal(Each),12,0,12,5,5,0,5,$2.95,0,0.00%,$0.00,$2.95,0,0.00%,$0.00,$2.95
Fairview Elementary,5/06/2025,30097,Bottled Water(Bottle),0,0,0,1,0,1,1,$0.00,0,0.00%,$0.00,$0.00,0,0.00%,$0.00,$0.00
Fairview Elementary,5/06/2025,30006,Cinnamon Chex Cereal(Each),12,0,12,6,5,1,6,$3.54,0,0.00%,$0.00,$3.54,0,0.00%,$0.00,$3.54
Fairview Elementary,5/06/2025,30003,Honey Cheerios Cereal(Each),12,0,12,5,5,0,5,$2.95,0,0.00%,$0.00,$2.95,0,0.00%,$0.00,$2.95
Fairview Elementary,5/06/2025,10041,Mini Maple Pancakes(Package),0,0,0,112,102,10,112,$43.68,0,0.00%,$0.00,$43.68,0,0.00%,$0.00,$43.68
Fairview Elementary,5/06/2025,30093,Natural Breakfast Syrup(Each),0,0,0,50,40,8,48,$9.60,0,0.00%,$0.00,$9.60,2,4.00%,$0.40,$10.00
Fairview Elementary,5/06/2025,30009,Orange Tangerine Juice(Each),65,0,65,80,60,20,80,$13.60,0,0.00%,$0.00,$13.60,0,0.00%,$0.00,$13.60
Fairview Elementary,5/06/2025,20014,Red Delicious Apple(Each - serving),10,0,10,12,9,0,9,$2.97,0,0.00%,$0.00,$2.97,3,25.00%,$0.99,$3.96
Fairview Elementary,5/06/2025,60096,Strawberry Parfait(Parfait),4,0,4,3,0,2,2,$0.00,0,0.00%,$0.00,$0.00,1,33.33%,$0.00,$0.00
Fairview Elementary,5/06/2025,60011,Turkey Sausage Breakfast Biscuit(Sandwich),12,0,12,12,6,1,7,$3.08,0,0.00%,$0.00,$3.08,5,41.67%,$2.20,$5.28
FALLS CHURCH HS,5/06/2025,30008,Apple Juice(Each),400,0,400,400,309,0,309,$52.53,0,0.00%,$0.00,$52.53,91,22.75%,$15.47,$68.00
FALLS CHURCH HS,5/06/2025,10020,Bagel(Bagel),224,0,224,224,153,0,153,$48.96,0,0.00%,$0.00,$48.96,71,31.70%,$22.72,$71.68
FALLS CHURCH HS,5/06/2025,10023,Blueberry Bread(1oz Grain (1/64 Baked Pan)),122,0,122,122,101,0,101,$41.41,0,0.00%,$0.00,$41.41,21,17.21%,$8.61,$50.02
FALLS CHURCH HS,5/06/2025,30007,"Cinnamon Toast Crunch Cereal, 25% Less Sugar(Each)",20,0,20,20,7,0,7,$4.13,0,0.00%,$0.00,$4.13,13,65.00%,$7.67,$11.80
FALLS CHURCH HS,5/06/2025,30108,Fat Free Unflavored Shelf-Stable Milk(Each),0,0,0,117,67,0,67,$25.46,0,0.00%,$0.00,$25.46,50,42.74%,$19.00,$44.46
FALLS CHURCH HS,5/06/2025,30003,Honey Cheerios Cereal(Each),20,0,20,20,14,0,14,$8.26,0,0.00%,$0.00,$8.26,6,30.00%,$3.54,$11.80
FALLS CHURCH HS,5/06/2025,10041,Mini Maple Pancakes(Package),72,0,72,72,72,0,72,$28.08,0,0.00%,$0.00,$28.08,0,0.00%,$0.00,$28.08
FALLS CHURCH HS,5/06/2025,30009,Orange Tangerine Juice(Each),100,0,100,100,98,0,98,$16.66,0,0.00%,$0.00,$16.66,2,2.00%,$0.34,$17.00
FALLS CHURCH HS,5/06/2025,20014,Red Delicious Apple(Each - serving),32,0,32,32,27,0,27,$8.91,0,0.00%,$0.00,$8.91,5,15.63%,$1.65,$10.56
FALLS CHURCH HS,5/06/2025,60096,Strawberry Parfait(Parfait),40,0,40,40,40,0,40,$39.60,0,0.00%,$0.00,$39.60,0,0.00%,$0.00,$39.60
FALLS CHURCH HS,5/06/2025,60011,Turkey Sausage Breakfast Biscuit(Sandwich),20,0,20,20,20,0,20,$8.80,0,0.00%,$0.00,$8.80,0,0.00%,$0.00,$8.80
Flint Hill Elementary,5/06/2025,30102,1% Unflavored Shelf-Stable Milk(Each),0,0,0,2,2,0,2,$0.76,0,0.00%,$0.00,$0.76,0,0.00%,$0.00,$0.76
Flint Hill Elementary,5/06/2025,20001,1% White Milk(Each),12,0,12,14,14,0,14,$5.04,0,0.00%,$0.00,$5.04,0,0.00%,$0.00,$5.04
Flint Hill Elementary,5/06/2025,30008,Apple Juice(Each),26,0,26,5,5,0,5,$0.85,0,0.00%,$0.00,$0.85,0,0.00%,$0.00,$0.85
Flint Hill Elementary,5/06/2025,30004,Blueberry Chex Cereal(Each),4,0,4,5,4,1,5,$2.95,0,0.00%,$0.00,$2.95,0,0.00%,$0.00,$2.95
Flint Hill Elementary,5/06/2025,30007,"Cinnamon Toast Crunch Cereal, 25% Less Sugar(Each)",10,0,10,11,9,2,11,$6.49,0,0.00%,$0.00,$6.49,0,0.00%,$0.00,$6.49
Flint Hill Elementary,5/06/2025,30003,Honey Cheerios Cereal(Each),10,0,10,7,6,1,7,$4.13,0,0.00%,$0.00,$4.13,0,0.00%,$0.00,$4.13
Flint Hill Elementary,5/06/2025,10041,Mini Maple Pancakes(Package),0,0,0,21,14,7,21,$8.19,0,0.00%,$0.00,$8.19,0,0.00%,$0.00,$8.19
Flint Hill Elementary,5/06/2025,30093,Natural Breakfast Syrup(Each),0,0,0,18,18,0,18,$3.60,0,0.00%,$0.00,$3.60,0,0.00%,$0.00,$3.60
Flint Hill Elementary,5/06/2025,30051,Natural Grape Jam(Packet),11,0,11,18,18,0,18,$1.62,0,0.00%,$0.00,$1.62,0,0.00%,$0.00,$1.62
Flint Hill Elementary,5/06/2025,20017,Orange(6 Slices per 1/2 cup),9,0,9,12,12,0,12,$4.08,0,0.00%,$0.00,$4.08,0,0.00%,$0.00,$4.08
Flint Hill Elementary,5/06/2025,30009,Orange Tangerine Juice(Each),12,0,12,55,32,0,32,$5.44,0,0.00%,$0.00,$5.44,23,41.82%,$3.91,$9.35
Flint Hill Elementary,5/06/2025,60099,"Parfait, Triple Berry(Parfait)",0,0,0,2,1,1,2,$1.36,0,0.00%,$0.00,$1.36,0,0.00%,$0.00,$1.36
Floris Elementary,5/06/2025,20001,1% White Milk(Each),35,0,35,35,16,0,16,$5.76,0,0.00%,$0.00,$5.76,19,54.29%,$6.84,$12.60
Floris Elementary,5/06/2025,30008,Apple Juice(Each),80,0,80,94,74,15,89,$15.13,0,0.00%,$0.00,$15.13,5,5.32%,$0.85,$15.98
Floris Elementary,5/06/2025,60068,Biscuit(Biscuit),15,0,15,15,12,1,13,$2.73,2,13.33%,$0.42,$3.15,0,0.00%,$0.00,$3.15
Floris Elementary,5/06/2025,30004,Blueberry Chex Cereal(Each),12,0,12,12,5,0,5,$2.95,0,0.00%,$0.00,$2.95,7,58.33%,$4.13,$7.08
Floris Elementary,5/06/2025,30006,Cinnamon Chex Cereal(Each),24,0,24,12,12,0,12,$7.08,0,0.00%,$0.00,$7.08,0,0.00%,$0.00,$7.08
Floris Elementary,5/06/2025,30007,"Cinnamon Toast Crunch Cereal, 25% Less Sugar(Each)",24,0,24,36,19,0,19,$11.21,0,0.00%,$0.00,$11.21,17,47.22%,$10.03,$21.24
Floris Elementary,5/06/2025,20038,Fat Free White Milk(Each),25,0,25,75,15,0,15,$4.95,0,0.00%,$0.00,$4.95,60,80.00%,$19.80,$24.75
Floris Elementary,5/06/2025,30003,Honey Cheerios Cereal(Each),12,0,12,18,17,0,17,$10.03,0,0.00%,$0.00,$10.03,1,5.56%,$0.59,$10.62
Floris Elementary,5/06/2025,60034,Mandarin Orange Parfait(Parfait),0,0,0,6,4,0,4,$3.96,2,33.33%,$1.98,$5.94,0,0.00%,$0.00,$5.94
Floris Elementary,5/06/2025,30051,Natural Grape Jam(Packet),25,0,25,40,26,0,26,$2.34,0,0.00%,$0.00,$2.34,14,35.00%,$1.26,$3.60
Floris Elementary,5/06/2025,30009,Orange Tangerine Juice(Each),60,0,60,76,23,9,32,$5.44,0,0.00%,$0.00,$5.44,44,57.89%,$7.48,$12.92
Floris Elementary,5/06/2025,20014,Red Delicious Apple(Each - serving),10,0,10,30,12,0,12,$3.96,0,0.00%,$0.00,$3.96,18,60.00%,$5.94,$9.90
Floris Elementary,5/06/2025,60096,Strawberry Parfait(Parfait),15,0,15,18,8,0,8,$7.92,0,0.00%,$0.00,$7.92,10,55.56%,$9.90,$17.82
Floris Elementary,5/06/2025,60011,Turkey Sausage Breakfast Biscuit(Sandwich),30,0,30,30,16,7,23,$10.12,7,23.33%,$3.08,$13.20,0,0.00%,$0.00,$13.20
Forest Edge Elementary,5/06/2025,20001,1% White Milk(Each),66,0,66,131,128,0,128,$46.08,0,0.00%,$0.00,$46.08,3,2.29%,$1.08,$47.16
Forest Edge Elementary,5/06/2025,30008,Apple Juice(Each),71,0,71,120,94,0,94,$15.98,0,0.00%,$0.00,$15.98,26,21.67%,$4.42,$20.40
Forest Edge Elementary,5/06/2025,30020,Applesauce(1/2 Cup),64,0,64,31,31,0,31,$6.51,0,0.00%,$0.00,$6.51,0,0.00%,$0.00,$6.51
Forest Edge Elementary,5/06/2025,10020,Bagel(Bagel),0,0,0,7,7,0,7,$2.24,0,0.00%,$0.00,$2.24,0,0.00%,$0.00,$2.24
Forest Edge Elementary,5/06/2025,20031,Banana(Each),35,0,35,70,70,0,70,$14.70,0,0.00%,$0.00,$14.70,0,0.00%,$0.00,$14.70
Forest Edge Elementary,5/06/2025,30006,Cinnamon Chex Cereal(Each),29,0,29,22,22,0,22,$12.98,0,0.00%,$0.00,$12.98,0,0.00%,$0.00,$12.98
Forest Edge Elementary,5/06/2025,30007,"Cinnamon Toast Crunch Cereal, 25% Less Sugar(Each)",40,0,40,60,60,0,60,$35.40,0,0.00%,$0.00,$35.40,0,0.00%,$0.00,$35.40
Forest Edge Elementary,5/06/2025,20038,Fat Free White Milk(Each),44,0,44,25,25,0,25,$8.25,0,0.00%,$0.00,$8.25,0,0.00%,$0.00,$8.25
Forest Edge Elementary,5/06/2025,30103,"Milk, Lactose Free,  Fat Free, Shelf-Stable(Each)",0,0,0,3,3,0,3,$1.44,0,0.00%,$0.00,$1.44,0,0.00%,$0.00,$1.44
Forest Edge Elementary,5/06/2025,30188,"Milk, Soy, Plain, Bulk (12/32 oz)(1 cup)",0,0,0,1,1,0,1,$0.79,0,0.00%,$0.00,$0.79,0,0.00%,$0.00,$0.79
Forest Edge Elementary,5/06/2025,10041,Mini Maple Pancakes(Package),0,0,0,12,12,0,12,$4.68,0,0.00%,$0.00,$4.68,0,0.00%,$0.00,$4.68
Forest Edge Elementary,5/06/2025,30093,Natural Breakfast Syrup(Each),0,0,0,12,12,0,12,$2.40,0,0.00%,$0.00,$2.40,0,0.00%,$0.00,$2.40
Forest Edge Elementary,5/06/2025,30051,Natural Grape Jam(Packet),98,0,98,115,115,0,115,$10.35,0,0.00%,$0.00,$10.35,0,0.00%,$0.00,$10.35
Forest Edge Elementary,5/06/2025,30041,Orange Flavored Dried Cranberries(2 Eaches),0,0,0,35,22,0,22,$10.56,0,0.00%,$0.00,$10.56,13,37.14%,$6.24,$16.80
Forest Edge Elementary,5/06/2025,30009,Orange Tangerine Juice(Each),92,0,92,114,114,0,114,$19.38,0,0.00%,$0.00,$19.38,0,0.00%,$0.00,$19.38
Forest Edge Elementary,5/06/2025,60164,"Sandwich, Breakfast. Bagel, Turkey Sausage(Sandwich)",0,0,0,148,144,0,144,$77.76,0,0.00%,$0.00,$77.76,4,2.70%,$2.16,$79.92
Forest Edge Elementary,5/06/2025,60096,Strawberry Parfait(Parfait),9,0,9,6,6,0,6,$5.94,0,0.00%,$0.00,$5.94,0,0.00%,$0.00,$5.94
Forestdale Elementary,5/06/2025,20001,1% White Milk(Each),44,0,44,73,71,0,71,$25.56,0,0.00%,$0.00,$25.56,2,2.74%,$0.72,$26.28
Forestdale Elementary,5/06/2025,30008,Apple Juice(Each),154,0,154,150,150,0,150,$25.50,0,0.00%,$0.00,$25.50,0,0.00%,$0.00,$25.50
Forestdale Elementary,5/06/2025,30020,Applesauce(1/2 Cup),37,0,37,40,40,0,40,$8.40,0,0.00%,$0.00,$8.40,0,0.00%,$0.00,$8.40
Forestdale Elementary,5/06/2025,10020,Bagel(Bagel),288,0,288,288,211,0,211,$67.52,0,0.00%,$0.00,$67.52,77,26.74%,$24.64,$92.16
Forestdale Elementary,5/06/2025,60068,Biscuit(Biscuit),3,0,3,0,0,0,0,$0.00,0,0.00%,$0.00,$0.00,0,0.00%,$0.00,$0.00
Forestdale Elementary,5/06/2025,30004,Blueberry Chex Cereal(Each),60,0,60,60,59,0,59,$34.81,0,0.00%,$0.00,$34.81,1,1.67%,$0.59,$35.40
Forestdale Elementary,5/06/2025,20009,Cream Cheese(Each),288,0,288,0,0,0,0,$0.00,0,0.00%,$0.00,$0.00,0,0.00%,$0.00,$0.00
Forestdale Elementary,5/06/2025,20038,Fat Free White Milk(Each),17,0,17,30,27,0,27,$8.91,0,0.00%,$0.00,$8.91,3,10.00%,$0.99,$9.90
Forestdale Elementary,5/06/2025,20015,Golden Delicious Apple(Each),0,0,0,30,26,0,26,$8.06,0,0.00%,$0.00,$8.06,4,13.33%,$1.24,$9.30
Forestdale Elementary,5/06/2025,20043,"Lactose Free, White Milk(Each)",2,0,2,2,2,0,2,$1.16,0,0.00%,$0.00,$1.16,0,0.00%,$0.00,$1.16
Forestdale Elementary,5/06/2025,10041,Mini Maple Pancakes(Package),0,0,0,63,63,0,63,$24.57,0,0.00%,$0.00,$24.57,0,0.00%,$0.00,$24.57
Forestdale Elementary,5/06/2025,30051,Natural Grape Jam(Packet),22,0,22,3,3,0,3,$0.27,0,0.00%,$0.00,$0.27,0,0.00%,$0.00,$0.27
Forestdale Elementary,5/06/2025,30009,Orange Tangerine Juice(Each),135,0,135,160,155,0,155,$26.35,0,0.00%,$0.00,$26.35,5,3.13%,$0.85,$27.20
Forestdale Elementary,5/06/2025,60096,Strawberry Parfait(Parfait),10,0,10,10,5,0,5,$4.95,0,0.00%,$0.00,$4.95,5,50.00%,$4.95,$9.90
Forestdale Elementary,5/06/2025,60011,Turkey Sausage Breakfast Biscuit(Sandwich),49,0,49,0,0,0,0,$0.00,0,0.00%,$0.00,$0.00,0,0.00%,$0.00,$0.00
Forestville Elementary,5/06/2025,20001,1% White Milk(Each),6,0,6,7,6,0,6,$2.16,0,0.00%,$0.00,$2.16,1,14.29%,$0.36,$2.52
Forestville Elementary,5/06/2025,30008,Apple Juice(Each),34,0,34,67,42,0,42,$7.14,0,0.00%,$0.00,$7.14,25,37.31%,$4.25,$11.39
Forestville Elementary,5/06/2025,10020,Bagel(Bagel),10,0,10,24,21,0,21,$6.72,0,0.00%,$0.00,$6.72,3,12.50%,$0.96,$7.68
Forestville Elementary,5/06/2025,20031,Banana(Each),0,0,0,1,1,0,1,$0.21,0,0.00%,$0.00,$0.21,0,0.00%,$0.00,$0.21
Forestville Elementary,5/06/2025,60068,Biscuit(Biscuit),0,0,0,2,0,0,0,$0.00,2,100.00%,$0.00,$0.00,0,0.00%,$0.00,$0.00
Forestville Elementary,5/06/2025,30004,Blueberry Chex Cereal(Each),1,0,1,13,6,0,6,$3.54,0,0.00%,$0.00,$3.54,7,53.85%,$4.13,$7.67
Forestville Elementary,5/06/2025,20038,Fat Free White Milk(Each),2,0,2,5,3,0,3,$0.99,0,0.00%,$0.00,$0.99,2,40.00%,$0.66,$1.65
Forestville Elementary,5/06/2025,30003,Honey Cheerios Cereal(Each),6,0,6,12,12,0,12,$7.08,0,0.00%,$0.00,$7.08,0,0.00%,$0.00,$7.08
Forestville Elementary,5/06/2025,10041,Mini Maple Pancakes(Package),10,0,10,25,25,0,25,$9.75,0,0.00%,$0.00,$9.75,0,0.00%,$0.00,$9.75
Forestville Elementary,5/06/2025,30051,Natural Grape Jam(Packet),2,0,2,10,5,0,5,$0.45,0,0.00%,$0.00,$0.45,5,50.00%,$0.45,$0.90
Forestville Elementary,5/06/2025,30009,Orange Tangerine Juice(Each),17,0,17,20,9,0,9,$1.53,0,0.00%,$0.00,$1.53,11,55.00%,$1.87,$3.40
Forestville Elementary,5/06/2025,20014,Red Delicious Apple(Each - serving),5,0,5,10,4,0,4,$1.32,0,0.00%,$0.00,$1.32,6,60.00%,$1.98,$3.30
Forestville Elementary,5/06/2025,60011,Turkey Sausage Breakfast Biscuit(Sandwich),2,0,2,8,4,0,4,$1.76,4,50.00%,$1.76,$3.52,0,0.00%,$0.00,$3.52
Fort Belvoir Primary Elementary,5/06/2025,20001,1% White Milk(Each),201,0,201,316,153,0,153,$55.08,0,0.00%,$0.00,$55.08,163,51.58%,$58.68,$113.76
Fort Belvoir Primary Elementary,5/06/2025,30008,Apple Juice(Each),121,0,121,240,229,0,229,$38.93,0,0.00%,$0.00,$38.93,11,4.58%,$1.87,$40.80
Fort Belvoir Primary Elementary,5/06/2025,30020,Applesauce(1/2 Cup),51,0,51,34,34,0,34,$7.14,0,0.00%,$0.00,$7.14,0,0.00%,$0.00,$7.14
Fort Belvoir Primary Elementary,5/06/2025,60068,Biscuit(Biscuit),0,0,0,29,29,0,29,$6.09,0,0.00%,$0.00,$6.09,0,0.00%,$0.00,$6.09
Fort Belvoir Primary Elementary,5/06/2025,30006,Cinnamon Chex Cereal(Each),35,0,35,58,49,1,50,$29.50,0,0.00%,$0.00,$29.50,8,13.79%,$4.72,$34.22
Fort Belvoir Primary Elementary,5/06/2025,60165,Egg and American Cheese on Bagel(Sandwich),0,0,0,87,51,7,58,$33.64,0,0.00%,$0.00,$33.64,29,33.33%,$16.82,$50.46
Fort Belvoir Primary Elementary,5/06/2025,20038,Fat Free White Milk(Each),27,0,27,32,16,0,16,$5.28,0,0.00%,$0.00,$5.28,16,50.00%,$5.28,$10.56
Fort Belvoir Primary Elementary,5/06/2025,30003,Honey Cheerios Cereal(Each),35,0,35,62,62,0,62,$36.58,0,0.00%,$0.00,$36.58,0,0.00%,$0.00,$36.58
Fort Belvoir Primary Elementary,5/06/2025,20043,"Lactose Free, White Milk(Each)",1,0,1,1,1,0,1,$0.58,0,0.00%,$0.00,$0.58,0,0.00%,$0.00,$0.58
Fort Belvoir Primary Elementary,5/06/2025,30188,"Milk, Soy, Plain, Bulk (12/32 oz)(1 cup)",0,0,0,2,2,0,2,$1.58,0,0.00%,$0.00,$1.58,0,0.00%,$0.00,$1.58
Fort Belvoir Primary Elementary,5/06/2025,10041,Mini Maple Pancakes(Package),0,0,0,39,30,7,37,$14.43,2,5.13%,$0.78,$15.21,0,0.00%,$0.00,$15.21
Fort Belvoir Primary Elementary,5/06/2025,30051,Natural Grape Jam(Packet),51,0,51,34,34,0,34,$3.06,0,0.00%,$0.00,$3.06,0,0.00%,$0.00,$3.06
Fort Belvoir Primary Elementary,5/06/2025,30009,Orange Tangerine Juice(Each),15,0,15,5,5,0,5,$0.85,0,0.00%,$0.00,$0.85,0,0.00%,$0.00,$0.85
Fort Belvoir Primary Elementary,5/06/2025,20014,Red Delicious Apple(Each - serving),70,0,70,95,90,0,90,$29.70,0,0.00%,$0.00,$29.70,5,5.26%,$1.65,$31.35
Fort Belvoir Primary Elementary,5/06/2025,60096,Strawberry Parfait(Parfait),40,0,40,28,27,0,27,$26.73,1,3.57%,$0.99,$27.72,0,0.00%,$0.00,$27.72
Fort Belvoir Upper Elementary,5/06/2025,20001,1% White Milk(Each),69,0,69,53,53,0,53,$19.08,0,0.00%,$0.00,$19.08,0,0.00%,$0.00,$19.08
Fort Belvoir Upper Elementary,5/06/2025,30008,Apple Juice(Each),74,0,74,120,102,0,102,$17.34,0,0.00%,$0.00,$17.34,18,15.00%,$3.06,$20.40
Fort Belvoir Upper Elementary,5/06/2025,20008,Apple Slices(3 slices per 1/4 cup),0,0,0,12,12,0,12,$7.08,0,0.00%,$0.00,$7.08,0,0.00%,$0.00,$7.08
Fort Belvoir Upper Elementary,5/06/2025,10020,Bagel(Bagel),0,0,0,108,92,0,92,$29.44,0,0.00%,$0.00,$29.44,16,14.81%,$5.12,$34.56
Fort Belvoir Upper Elementary,5/06/2025,30004,Blueberry Chex Cereal(Each),8,0,8,12,10,0,10,$5.90,0,0.00%,$0.00,$5.90,2,16.67%,$1.18,$7.08
Fort Belvoir Upper Elementary,5/06/2025,30006,Cinnamon Chex Cereal(Each),16,0,16,26,22,0,22,$12.98,0,0.00%,$0.00,$12.98,4,15.38%,$2.36,$15.34
Fort Belvoir Upper Elementary,5/06/2025,30007,"Cinnamon Toast Crunch Cereal, 25% Less Sugar(Each)",29,0,29,25,21,0,21,$12.39,0,0.00%,$0.00,$12.39,4,16.00%,$2.36,$14.75
Fort Belvoir Upper Elementary,5/06/2025,20009,Cream Cheese(Each),0,0,0,87,67,0,67,$19.43,0,0.00%,$0.00,$19.43,20,22.99%,$5.80,$25.23
Fort Belvoir Upper Elementary,5/06/2025,20038,Fat Free White Milk(Each),13,0,13,20,20,0,20,$6.60,0,0.00%,$0.00,$6.60,0,0.00%,$0.00,$6.60
Fort Belvoir Upper Elementary,5/06/2025,30003,Honey Cheerios Cereal(Each),27,0,27,25,23,0,23,$13.57,0,0.00%,$0.00,$13.57,2,8.00%,$1.18,$14.75
Fort Belvoir Upper Elementary,5/06/2025,30037,IW Applesauce Cup(Each),0,0,0,33,33,0,33,$8.91,0,0.00%,$0.00,$8.91,0,0.00%,$0.00,$8.91
Fort Belvoir Upper Elementary,5/06/2025,30184,"Milk, Soy, Vanilla (24/8 oz)(each)",0,0,0,2,2,0,2,$2.04,0,0.00%,$0.00,$2.04,0,0.00%,$0.00,$2.04
Fort Belvoir Upper Elementary,5/06/2025,10041,Mini Maple Pancakes(Package),0,0,0,16,16,0,16,$6.24,0,0.00%,$0.00,$6.24,0,0.00%,$0.00,$6.24
Fort Belvoir Upper Elementary,5/06/2025,30051,Natural Grape Jam(Packet),36,0,36,97,45,0,45,$4.05,0,0.00%,$0.00,$4.05,52,53.61%,$4.68,$8.73
Fort Belvoir Upper Elementary,5/06/2025,30009,Orange Tangerine Juice(Each),95,0,95,92,52,0,52,$8.84,0,0.00%,$0.00,$8.84,40,43.48%,$6.80,$15.64
Fort Belvoir Upper Elementary,5/06/2025,60099,"Parfait, Triple Berry(Parfait)",0,0,0,30,28,0,28,$19.04,0,0.00%,$0.00,$19.04,2,6.67%,$1.36,$20.40
Fort Belvoir Upper Elementary,5/06/2025,20014,Red Delicious Apple(Each - serving),17,0,17,25,21,0,21,$6.93,0,0.00%,$0.00,$6.93,4,16.00%,$1.32,$8.25
Fort Hunt Elementary,5/06/2025,20001,1% White Milk(Each),20,0,20,68,27,0,27,$9.72,0,0.00%,$0.00,$9.72,41,60.29%,$14.76,$24.48
Fort Hunt Elementary,5/06/2025,30008,Apple Juice(Each),55,0,55,64,47,0,47,$7.99,0,0.00%,$0.00,$7.99,17,26.56%,$2.89,$10.88
Fort Hunt Elementary,5/06/2025,60068,Biscuit(Biscuit),5,0,5,8,5,0,5,$1.05,0,0.00%,$0.00,$1.05,3,37.50%,$0.63,$1.68
Fort Hunt Elementary,5/06/2025,30004,Blueberry Chex Cereal(Each),8,0,8,6,6,0,6,$3.54,0,0.00%,$0.00,$3.54,0,0.00%,$0.00,$3.54
Fort Hunt Elementary,5/06/2025,30007,"Cinnamon Toast Crunch Cereal, 25% Less Sugar(Each)",10,0,10,6,6,0,6,$3.54,0,0.00%,$0.00,$3.54,0,0.00%,$0.00,$3.54
Fort Hunt Elementary,5/06/2025,20038,Fat Free White Milk(Each),4,0,4,24,2,0,2,$0.66,0,0.00%,$0.00,$0.66,22,91.67%,$7.26,$7.92
Fort Hunt Elementary,5/06/2025,30003,Honey Cheerios Cereal(Each),11,0,11,19,19,0,19,$11.21,0,0.00%,$0.00,$11.21,0,0.00%,$0.00,$11.21
Fort Hunt Elementary,5/06/2025,10041,Mini Maple Pancakes(Package),0,0,0,13,13,0,13,$5.07,0,0.00%,$0.00,$5.07,0,0.00%,$0.00,$5.07
Fort Hunt Elementary,5/06/2025,30051,Natural Grape Jam(Packet),18,0,18,20,0,0,0,$0.00,0,0.00%,$0.00,$0.00,20,100.00%,$0.00,$0.00
Fort Hunt Elementary,5/06/2025,30009,Orange Tangerine Juice(Each),22,0,22,36,20,0,20,$3.40,0,0.00%,$0.00,$3.40,16,44.44%,$2.72,$6.12
Fort Hunt Elementary,5/06/2025,60099,"Parfait, Triple Berry(Parfait)",0,0,0,5,5,0,5,$3.40,0,0.00%,$0.00,$3.40,0,0.00%,$0.00,$3.40
Fort Hunt Elementary,5/06/2025,30043,Raspberry Lemonade Flavored Dried Cranberries(2 Eaches),0,0,0,30,26,0,26,$12.48,0,0.00%,$0.00,$12.48,4,13.33%,$1.92,$14.40
Fort Hunt Elementary,5/06/2025,60096,Strawberry Parfait(Parfait),7,0,7,5,3,0,3,$2.97,0,0.00%,$0.00,$2.97,2,40.00%,$1.98,$4.95
Fort Hunt Elementary,5/06/2025,60011,Turkey Sausage Breakfast Biscuit(Sandwich),13,0,13,35,17,0,17,$7.48,3,8.57%,$1.32,$8.80,15,42.86%,$6.60,$15.40
Fox Mill Elementary,5/06/2025,20001,1% White Milk(Each),0,0,0,0,0,0,0,$0.00,0,0.00%,$0.00,$0.00,0,0.00%,$0.00,$0.00
Fox Mill Elementary,5/06/2025,30008,Apple Juice(Each),42,0,42,50,47,0,47,$7.99,0,0.00%,$0.00,$7.99,3,6.00%,$0.51,$8.50
Fox Mill Elementary,5/06/2025,10020,Bagel(Bagel),0,0,0,20,15,0,15,$4.80,5,25.00%,$1.60,$6.40,0,0.00%,$0.00,$6.40
Fox Mill Elementary,5/06/2025,20031,Banana(Each),19,0,19,0,0,0,0,$0.00,0,0.00%,$0.00,$0.00,0,0.00%,$0.00,$0.00
Fox Mill Elementary,5/06/2025,60068,Biscuit(Biscuit),4,0,4,0,0,0,0,$0.00,0,0.00%,$0.00,$0.00,0,0.00%,$0.00,$0.00
Fox Mill Elementary,5/06/2025,30004,Blueberry Chex Cereal(Each),1,0,1,4,1,0,1,$0.59,0,0.00%,$0.00,$0.59,3,75.00%,$1.77,$2.36
Fox Mill Elementary,5/06/2025,30006,Cinnamon Chex Cereal(Each),2,0,2,8,4,0,4,$2.36,0,0.00%,$0.00,$2.36,4,50.00%,$2.36,$4.72
Fox Mill Elementary,5/06/2025,30007,"Cinnamon Toast Crunch Cereal, 25% Less Sugar(Each)",5,0,5,12,11,0,11,$6.49,0,0.00%,$0.00,$6.49,1,8.33%,$0.59,$7.08
Fox Mill Elementary,5/06/2025,30108,Fat Free Unflavored Shelf-Stable Milk(Each),0,0,0,15,7,0,7,$2.66,0,0.00%,$0.00,$2.66,8,53.33%,$3.04,$5.70
Fox Mill Elementary,5/06/2025,20038,Fat Free White Milk(Each),0,0,0,0,0,0,0,$0.00,0,0.00%,$0.00,$0.00,0,0.00%,$0.00,$0.00
Fox Mill Elementary,5/06/2025,30003,Honey Cheerios Cereal(Each),0,0,0,0,0,0,0,$0.00,0,0.00%,$0.00,$0.00,0,0.00%,$0.00,$0.00
Fox Mill Elementary,5/06/2025,10041,Mini Maple Pancakes(Package),0,0,0,26,22,0,22,$8.58,1,3.85%,$0.39,$8.97,3,11.54%,$1.17,$10.14
Fox Mill Elementary,5/06/2025,30093,Natural Breakfast Syrup(Each),0,0,0,25,21,0,21,$4.20,0,0.00%,$0.00,$4.20,4,16.00%,$0.80,$5.00
Fox Mill Elementary,5/06/2025,30051,Natural Grape Jam(Packet),2,0,2,20,10,0,10,$0.90,0,0.00%,$0.00,$0.90,10,50.00%,$0.90,$1.80
Fox Mill Elementary,5/06/2025,20017,Orange(6 Slices per 1/2 cup),0,0,0,50,46,0,46,$15.64,0,0.00%,$0.00,$15.64,4,8.00%,$1.36,$17.00
Fox Mill Elementary,5/06/2025,30009,Orange Tangerine Juice(Each),27,0,27,0,0,0,0,$0.00,0,0.00%,$0.00,$0.00,0,0.00%,$0.00,$0.00
Fox Mill Elementary,5/06/2025,20014,Red Delicious Apple(Each - serving),32,0,32,0,0,0,0,$0.00,0,0.00%,$0.00,$0.00,0,0.00%,$0.00,$0.00
Fox Mill Elementary,5/06/2025,60096,Strawberry Parfait(Parfait),4,0,4,5,0,0,0,$0.00,0,0.00%,$0.00,$0.00,5,100.00%,$0.00,$0.00
Fox Mill Elementary,5/06/2025,60011,Turkey Sausage Breakfast Biscuit(Sandwich),2,0,2,20,15,0,15,$6.60,5,25.00%,$2.20,$8.80,0,0.00%,$0.00,$8.80
Franconia Elementary,5/06/2025,20001,1% White Milk(Each),15,0,15,62,15,0,15,$5.40,0,0.00%,$0.00,$5.40,47,75.81%,$16.92,$22.32
Franconia Elementary,5/06/2025,30008,Apple Juice(Each),39,0,39,40,37,3,40,$6.80,0,0.00%,$0.00,$6.80,0,0.00%,$0.00,$6.80
Franconia Elementary,5/06/2025,20031,Banana(Each),17,0,17,0,0,0,0,$0.00,0,0.00%,$0.00,$0.00,0,0.00%,$0.00,$0.00
Franconia Elementary,5/06/2025,60068,Biscuit(Biscuit),7,0,7,5,4,0,4,$0.84,0,0.00%,$0.00,$0.84,1,20.00%,$0.21,$1.05
Franconia Elementary,5/06/2025,30004,Blueberry Chex Cereal(Each),5,0,5,12,8,0,8,$4.72,0,0.00%,$0.00,$4.72,4,33.33%,$2.36,$7.08
Franconia Elementary,5/06/2025,30007,"Cinnamon Toast Crunch Cereal, 25% Less Sugar(Each)",6,0,6,12,9,2,11,$6.49,0,0.00%,$0.00,$6.49,1,8.33%,$0.59,$7.08
Franconia Elementary,5/06/2025,20038,Fat Free White Milk(Each),4,0,4,12,8,0,8,$2.64,0,0.00%,$0.00,$2.64,4,33.33%,$1.32,$3.96
Franconia Elementary,5/06/2025,30003,Honey Cheerios Cereal(Each),11,0,11,24,24,0,24,$14.16,0,0.00%,$0.00,$14.16,0,0.00%,$0.00,$14.16
Franconia Elementary,5/06/2025,10041,Mini Maple Pancakes(Package),0,0,0,13,13,0,13,$5.07,0,0.00%,$0.00,$5.07,0,0.00%,$0.00,$5.07
Franconia Elementary,5/06/2025,30051,Natural Grape Jam(Packet),5,0,5,10,3,0,3,$0.27,0,0.00%,$0.00,$0.27,7,70.00%,$0.63,$0.90
Franconia Elementary,5/06/2025,20017,Orange(6 Slices per 1/2 cup),12,0,12,0,0,0,0,$0.00,0,0.00%,$0.00,$0.00,0,0.00%,$0.00,$0.00
Franconia Elementary,5/06/2025,30009,Orange Tangerine Juice(Each),28,0,28,40,25,3,28,$4.76,0,0.00%,$0.00,$4.76,12,30.00%,$2.04,$6.80
Franconia Elementary,5/06/2025,20014,Red Delicious Apple(Each - serving),20,0,20,15,6,0,6,$1.98,0,0.00%,$0.00,$1.98,9,60.00%,$2.97,$4.95
Franconia Elementary,5/06/2025,60096,Strawberry Parfait(Parfait),6,0,6,5,5,0,5,$4.95,0,0.00%,$0.00,$4.95,0,0.00%,$0.00,$4.95
Franconia Elementary,5/06/2025,60011,Turkey Sausage Breakfast Biscuit(Sandwich),20,0,20,5,2,0,2,$0.88,0,0.00%,$0.00,$0.88,3,60.00%,$1.32,$2.20
Franklin Middle,5/06/2025,20001,1% White Milk(Each),10,0,10,10,6,0,6,$2.16,0,0.00%,$0.00,$2.16,4,40.00%,$1.44,$3.60
Franklin Middle,5/06/2025,30008,Apple Juice(Each),45,0,45,60,57,0,57,$9.69,0,0.00%,$0.00,$9.69,3,5.00%,$0.51,$10.20
Franklin Middle,5/06/2025,20031,Banana(Each),9,0,9,0,0,0,0,$0.00,0,0.00%,$0.00,$0.00,0,0.00%,$0.00,$0.00
Franklin Middle,5/06/2025,60068,Biscuit(Biscuit),2,0,2,2,0,0,0,$0.00,0,0.00%,$0.00,$0.00,2,100.00%,$0.00,$0.00
Franklin Middle,5/06/2025,30004,Blueberry Chex Cereal(Each),3,0,3,0,0,0,0,$0.00,0,0.00%,$0.00,$0.00,0,0.00%,$0.00,$0.00
Franklin Middle,5/06/2025,30097,Bottled Water(Bottle),0,0,0,12,10,0,10,$1.60,0,0.00%,$0.00,$1.60,2,16.67%,$0.32,$1.92
Franklin Middle,5/06/2025,30006,Cinnamon Chex Cereal(Each),7,0,7,0,0,0,0,$0.00,0,0.00%,$0.00,$0.00,0,0.00%,$0.00,$0.00
Franklin Middle,5/06/2025,30007,"Cinnamon Toast Crunch Cereal, 25% Less Sugar(Each)",17,0,17,18,15,0,15,$8.85,1,5.56%,$0.59,$9.44,2,11.11%,$1.18,$10.62
Franklin Middle,5/06/2025,60004,Egg and American Cheese on English Muffin(Sandwich),0,0,0,12,10,0,10,$5.10,1,8.33%,$0.51,$5.61,1,8.33%,$0.51,$6.12
Franklin Middle,5/06/2025,20038,Fat Free White Milk(Each),810,0,810,10,5,0,5,$1.65,0,0.00%,$0.00,$1.65,5,50.00%,$1.65,$3.30
Franklin Middle,5/06/2025,30046,Granola(1/4 cup),0,0,0,5,2,0,2,$0.46,0,0.00%,$0.00,$0.46,3,60.00%,$0.69,$1.15
Franklin Middle,5/06/2025,30003,Honey Cheerios Cereal(Each),8,0,8,12,9,0,9,$5.31,0,0.00%,$0.00,$5.31,3,25.00%,$1.77,$7.08
Franklin Middle,5/06/2025,10041,Mini Maple Pancakes(Package),0,0,0,39,37,0,37,$14.43,0,0.00%,$0.00,$14.43,2,5.13%,$0.78,$15.21
Franklin Middle,5/06/2025,30093,Natural Breakfast Syrup(Each),0,0,0,39,33,0,33,$6.60,0,0.00%,$0.00,$6.60,6,15.38%,$1.20,$7.80
Franklin Middle,5/06/2025,30051,Natural Grape Jam(Packet),10,0,10,15,9,0,9,$0.81,0,0.00%,$0.00,$0.81,6,40.00%,$0.54,$1.35
Franklin Middle,5/06/2025,20017,Orange(6 Slices per 1/2 cup),2,0,2,0,0,0,0,$0.00,0,0.00%,$0.00,$0.00,0,0.00%,$0.00,$0.00
Franklin Middle,5/06/2025,30009,Orange Tangerine Juice(Each),9,0,9,15,13,0,13,$2.21,0,0.00%,$0.00,$2.21,2,13.33%,$0.34,$2.55
Franklin Middle,5/06/2025,60099,"Parfait, Triple Berry(Parfait)",0,0,0,5,2,0,2,$1.36,0,0.00%,$0.00,$1.36,3,60.00%,$2.04,$3.40
Franklin Middle,5/06/2025,20014,Red Delicious Apple(Each - serving),8,0,8,20,17,0,17,$5.61,0,0.00%,$0.00,$5.61,3,15.00%,$0.99,$6.60
Franklin Sherman Elementary,5/06/2025,20001,1% White Milk(Each),12,0,12,12,6,0,6,$2.16,0,0.00%,$0.00,$2.16,6,50.00%,$2.16,$4.32
Franklin Sherman Elementary,5/06/2025,30008,Apple Juice(Each),40,0,40,36,18,4,22,$3.74,0,0.00%,$0.00,$3.74,14,38.89%,$2.38,$6.12
Franklin Sherman Elementary,5/06/2025,10020,Bagel(Bagel),0,0,0,23,7,10,17,$5.44,0,0.00%,$0.00,$5.44,6,26.09%,$1.92,$7.36
Franklin Sherman Elementary,5/06/2025,30004,Blueberry Chex Cereal(Each),8,0,8,4,2,0,2,$1.18,0,0.00%,$0.00,$1.18,2,50.00%,$1.18,$2.36
Franklin Sherman Elementary,5/06/2025,30097,Bottled Water(Bottle),0,0,0,4,0,1,1,$0.00,0,0.00%,$0.00,$0.00,3,75.00%,$0.00,$0.00
Franklin Sherman Elementary,5/06/2025,30006,Cinnamon Chex Cereal(Each),8,0,8,8,2,0,2,$1.18,0,0.00%,$0.00,$1.18,6,75.00%,$3.54,$4.72
Franklin Sherman Elementary,5/06/2025,30007,"Cinnamon Toast Crunch Cereal, 25% Less Sugar(Each)",12,0,12,8,2,2,4,$2.36,0,0.00%,$0.00,$2.36,4,50.00%,$2.36,$4.72
Franklin Sherman Elementary,5/06/2025,20009,Cream Cheese(Each),0,0,0,20,12,0,12,$3.48,0,0.00%,$0.00,$3.48,8,40.00%,$2.32,$5.80
Franklin Sherman Elementary,5/06/2025,20038,Fat Free White Milk(Each),8,0,8,8,3,0,3,$0.99,0,0.00%,$0.00,$0.99,5,62.50%,$1.65,$2.64
Franklin Sherman Elementary,5/06/2025,30003,Honey Cheerios Cereal(Each),12,0,12,8,2,1,3,$1.77,0,0.00%,$0.00,$1.77,5,62.50%,$2.95,$4.72
Franklin Sherman Elementary,5/06/2025,10041,Mini Maple Pancakes(Package),0,0,0,12,11,1,12,$4.68,0,0.00%,$0.00,$4.68,0,0.00%,$0.00,$4.68
Franklin Sherman Elementary,5/06/2025,30051,Natural Grape Jam(Packet),12,0,12,6,6,0,6,$0.54,0,0.00%,$0.00,$0.54,0,0.00%,$0.00,$0.54
Franklin Sherman Elementary,5/06/2025,20017,Orange(6 Slices per 1/2 cup),12,0,12,12,5,0,5,$1.70,0,0.00%,$0.00,$1.70,7,58.33%,$2.38,$4.08
Franklin Sherman Elementary,5/06/2025,30009,Orange Tangerine Juice(Each),30,0,30,27,15,0,15,$2.55,0,0.00%,$0.00,$2.55,12,44.44%,$2.04,$4.59
Franklin Sherman Elementary,5/06/2025,60099,"Parfait, Triple Berry(Parfait)",0,0,0,5,1,0,1,$0.68,0,0.00%,$0.00,$0.68,4,80.00%,$2.72,$3.40
Franklin Sherman Elementary,5/06/2025,20014,Red Delicious Apple(Each - serving),12,0,12,12,3,0,3,$0.99,0,0.00%,$0.00,$0.99,9,75.00%,$2.97,$3.96
Franklin Sherman Elementary,5/06/2025,60011,Turkey Sausage Breakfast Biscuit(Sandwich),8,0,8,8,6,1,7,$3.08,1,12.50%,$0.44,$3.52,0,0.00%,$0.00,$3.52
Freedom Hill Elementary,5/06/2025,20001,1% White Milk(Each),48,0,48,184,51,0,51,$18.36,0,0.00%,$0.00,$18.36,133,72.28%,$47.88,$66.24
Freedom Hill Elementary,5/06/2025,30008,Apple Juice(Each),37,0,37,40,40,0,40,$6.80,0,0.00%,$0.00,$6.80,0,0.00%,$0.00,$6.80
Freedom Hill Elementary,5/06/2025,30020,Applesauce(1/2 Cup),15,0,15,17,17,0,17,$3.57,0,0.00%,$0.00,$3.57,0,0.00%,$0.00,$3.57
Freedom Hill Elementary,5/06/2025,20031,Banana(Each),17,0,17,20,16,0,16,$3.36,0,0.00%,$0.00,$3.36,4,20.00%,$0.84,$4.20
Freedom Hill Elementary,5/06/2025,60068,Biscuit(Biscuit),9,0,9,6,3,0,3,$0.63,0,0.00%,$0.00,$0.63,3,50.00%,$0.63,$1.26
Freedom Hill Elementary,5/06/2025,30004,Blueberry Chex Cereal(Each),12,0,12,18,18,0,18,$10.62,0,0.00%,$0.00,$10.62,0,0.00%,$0.00,$10.62
Freedom Hill Elementary,5/06/2025,30006,Cinnamon Chex Cereal(Each),10,0,10,18,18,0,18,$10.62,0,0.00%,$0.00,$10.62,0,0.00%,$0.00,$10.62
Freedom Hill Elementary,5/06/2025,30007,"Cinnamon Toast Crunch Cereal, 25% Less Sugar(Each)",15,0,15,23,21,0,21,$12.39,0,0.00%,$0.00,$12.39,2,8.70%,$1.18,$13.57
Freedom Hill Elementary,5/06/2025,20038,Fat Free White Milk(Each),11,0,11,121,18,0,18,$5.94,0,0.00%,$0.00,$5.94,103,85.12%,$33.99,$39.93
Freedom Hill Elementary,5/06/2025,30003,Honey Cheerios Cereal(Each),13,0,13,12,12,0,12,$7.08,0,0.00%,$0.00,$7.08,0,0.00%,$0.00,$7.08
Freedom Hill Elementary,5/06/2025,30051,Natural Grape Jam(Packet),30,0,30,37,29,0,29,$2.61,0,0.00%,$0.00,$2.61,8,21.62%,$0.72,$3.33
Freedom Hill Elementary,5/06/2025,20017,Orange(6 Slices per 1/2 cup),3,0,3,0,0,0,0,$0.00,0,0.00%,$0.00,$0.00,0,0.00%,$0.00,$0.00
Freedom Hill Elementary,5/06/2025,30009,Orange Tangerine Juice(Each),21,0,21,40,24,0,24,$4.08,0,0.00%,$0.00,$4.08,16,40.00%,$2.72,$6.80
Freedom Hill Elementary,5/06/2025,20014,Red Delicious Apple(Each - serving),2,0,2,0,0,0,0,$0.00,0,0.00%,$0.00,$0.00,0,0.00%,$0.00,$0.00
Freedom Hill Elementary,5/06/2025,60096,Strawberry Parfait(Parfait),2,0,2,5,4,0,4,$3.96,0,0.00%,$0.00,$3.96,1,20.00%,$0.99,$4.95
Freedom Hill Elementary,5/06/2025,60011,Turkey Sausage Breakfast Biscuit(Sandwich),20,0,20,29,25,0,25,$11.00,0,0.00%,$0.00,$11.00,4,13.79%,$1.76,$12.76
Frost Middle,5/06/2025,20001,1% White Milk(Each),20,0,20,15,13,0,13,$4.68,0,0.00%,$0.00,$4.68,2,13.33%,$0.72,$5.40
Frost Middle,5/06/2025,30008,Apple Juice(Each),60,0,60,97,65,0,65,$11.05,0,0.00%,$0.00,$11.05,32,32.99%,$5.44,$16.49
Frost Middle,5/06/2025,10020,Bagel(Bagel),0,0,0,4,4,0,4,$1.28,0,0.00%,$0.00,$1.28,0,0.00%,$0.00,$1.28
Frost Middle,5/06/2025,60068,Biscuit(Biscuit),12,0,12,20,11,0,11,$2.31,0,0.00%,$0.00,$2.31,9,45.00%,$1.89,$4.20
Frost Middle,5/06/2025,30004,Blueberry Chex Cereal(Each),10,0,10,12,1,0,1,$0.59,0,0.00%,$0.00,$0.59,11,91.67%,$6.49,$7.08
Frost Middle,5/06/2025,30006,Cinnamon Chex Cereal(Each),10,0,10,14,7,0,7,$4.13,0,0.00%,$0.00,$4.13,7,50.00%,$4.13,$8.26
Frost Middle,5/06/2025,30007,"Cinnamon Toast Crunch Cereal, 25% Less Sugar(Each)",20,0,20,36,26,0,26,$15.34,0,0.00%,$0.00,$15.34,10,27.78%,$5.90,$21.24
Frost Middle,5/06/2025,20009,Cream Cheese(Each),0,0,0,4,4,0,4,$1.16,0,0.00%,$0.00,$1.16,0,0.00%,$0.00,$1.16
Frost Middle,5/06/2025,20038,Fat Free White Milk(Each),20,0,20,30,5,0,5,$1.65,0,0.00%,$0.00,$1.65,25,83.33%,$8.25,$9.90
Frost Middle,5/06/2025,30003,Honey Cheerios Cereal(Each),10,0,10,24,14,0,14,$8.26,0,0.00%,$0.00,$8.26,10,41.67%,$5.90,$14.16
Frost Middle,5/06/2025,30051,Natural Grape Jam(Packet),24,0,24,32,23,0,23,$2.07,0,0.00%,$0.00,$2.07,9,28.13%,$0.81,$2.88
Frost Middle,5/06/2025,30009,Orange Tangerine Juice(Each),40,0,40,25,25,0,25,$4.25,0,0.00%,$0.00,$4.25,0,0.00%,$0.00,$4.25
Frost Middle,5/06/2025,20014,Red Delicious Apple(Each - serving),10,0,10,14,2,0,2,$0.66,0,0.00%,$0.00,$0.66,12,85.71%,$3.96,$4.62
Frost Middle,5/06/2025,60096,Strawberry Parfait(Parfait),6,0,6,5,5,0,5,$4.95,0,0.00%,$0.00,$4.95,0,0.00%,$0.00,$4.95
Frost Middle,5/06/2025,60011,Turkey Sausage Breakfast Biscuit(Sandwich),12,0,12,12,12,0,12,$5.28,0,0.00%,$0.00,$5.28,0,0.00%,$0.00,$5.28
Garfield Elementary,5/06/2025,20001,1% White Milk(Each),61,0,61,59,59,0,59,$21.24,0,0.00%,$0.00,$21.24,0,0.00%,$0.00,$21.24
Garfield Elementary,5/06/2025,30008,Apple Juice(Each),80,0,80,76,76,0,76,$12.92,0,0.00%,$0.00,$12.92,0,0.00%,$0.00,$12.92
Garfield Elementary,5/06/2025,30020,Applesauce(1/2 Cup),36,0,36,35,35,0,35,$7.35,0,0.00%,$0.00,$7.35,0,0.00%,$0.00,$7.35
Garfield Elementary,5/06/2025,60068,Biscuit(Biscuit),10,0,10,5,0,0,0,$0.00,0,0.00%,$0.00,$0.00,5,100.00%,$0.00,$0.00
Garfield Elementary,5/06/2025,30004,Blueberry Chex Cereal(Each),36,0,36,66,66,0,66,$38.94,0,0.00%,$0.00,$38.94,0,0.00%,$0.00,$38.94
Garfield Elementary,5/06/2025,30006,Cinnamon Chex Cereal(Each),36,0,36,23,23,0,23,$13.57,0,0.00%,$0.00,$13.57,0,0.00%,$0.00,$13.57
Garfield Elementary,5/06/2025,20038,Fat Free White Milk(Each),15,0,15,6,6,0,6,$1.98,0,0.00%,$0.00,$1.98,0,0.00%,$0.00,$1.98
Garfield Elementary,5/06/2025,30003,Honey Cheerios Cereal(Each),36,0,36,23,23,0,23,$13.57,0,0.00%,$0.00,$13.57,0,0.00%,$0.00,$13.57
Garfield Elementary,5/06/2025,10041,Mini Maple Pancakes(Package),0,0,0,56,52,0,52,$20.28,0,0.00%,$0.00,$20.28,4,7.14%,$1.56,$21.84
Garfield Elementary,5/06/2025,30051,Natural Grape Jam(Packet),30,0,30,5,0,0,0,$0.00,0,0.00%,$0.00,$0.00,5,100.00%,$0.00,$0.00
Garfield Elementary,5/06/2025,30009,Orange Tangerine Juice(Each),60,0,60,59,59,0,59,$10.03,0,0.00%,$0.00,$10.03,0,0.00%,$0.00,$10.03
Garfield Elementary,5/06/2025,20014,Red Delicious Apple(Each - serving),20,0,20,13,13,0,13,$4.29,0,0.00%,$0.00,$4.29,0,0.00%,$0.00,$4.29
Garfield Elementary,5/06/2025,60096,Strawberry Parfait(Parfait),12,0,12,12,6,0,6,$5.94,0,0.00%,$0.00,$5.94,6,50.00%,$5.94,$11.88
Garfield Elementary,5/06/2025,60011,Turkey Sausage Breakfast Biscuit(Sandwich),20,0,20,5,0,0,0,$0.00,0,0.00%,$0.00,$0.00,5,100.00%,$0.00,$0.00
Glasgow Middle,5/06/2025,20001,1% White Milk(Each),86,0,86,85,75,0,75,$27.00,0,0.00%,$0.00,$27.00,10,11.76%,$3.60,$30.60
Glasgow Middle,5/06/2025,30008,Apple Juice(Each),329,0,329,350,335,0,335,$56.95,0,0.00%,$0.00,$56.95,15,4.29%,$2.55,$59.50
Glasgow Middle,5/06/2025,10020,Bagel(Bagel),0,0,0,110,100,0,100,$32.00,0,0.00%,$0.00,$32.00,10,9.09%,$3.20,$35.20
Glasgow Middle,5/06/2025,20031,Banana(Each),85,0,85,75,70,0,70,$14.70,0,0.00%,$0.00,$14.70,5,6.67%,$1.05,$15.75
Glasgow Middle,5/06/2025,30004,Blueberry Chex Cereal(Each),28,0,28,28,25,0,25,$14.75,0,0.00%,$0.00,$14.75,3,10.71%,$1.77,$16.52
Glasgow Middle,5/06/2025,30006,Cinnamon Chex Cereal(Each),28,0,28,28,25,0,25,$14.75,0,0.00%,$0.00,$14.75,3,10.71%,$1.77,$16.52
Glasgow Middle,5/06/2025,30007,"Cinnamon Toast Crunch Cereal, 25% Less Sugar(Each)",28,0,28,28,25,0,25,$14.75,0,0.00%,$0.00,$14.75,3,10.71%,$1.77,$16.52
Glasgow Middle,5/06/2025,20038,Fat Free White Milk(Each),37,0,37,40,35,0,35,$11.55,0,0.00%,$0.00,$11.55,5,12.50%,$1.65,$13.20
Glasgow Middle,5/06/2025,30003,Honey Cheerios Cereal(Each),28,0,28,28,25,0,25,$14.75,0,0.00%,$0.00,$14.75,3,10.71%,$1.77,$16.52
Glasgow Middle,5/06/2025,10041,Mini Maple Pancakes(Package),0,0,0,215,200,0,200,$78.00,0,0.00%,$0.00,$78.00,15,6.98%,$5.85,$83.85
Glasgow Middle,5/06/2025,20017,Orange(6 Slices per 1/2 cup),82,0,82,65,50,0,50,$17.00,0,0.00%,$0.00,$17.00,15,23.08%,$5.10,$22.10
Glasgow Middle,5/06/2025,30009,Orange Tangerine Juice(Each),227,0,227,230,210,0,210,$35.70,0,0.00%,$0.00,$35.70,20,8.70%,$3.40,$39.10
Glasgow Middle,5/06/2025,60049,Pineapple Parfait(Parfait),0,0,0,45,43,0,43,$40.85,0,0.00%,$0.00,$40.85,2,4.44%,$1.90,$42.75
Glasgow Middle,5/06/2025,20014,Red Delicious Apple(Each - serving),72,0,72,85,75,0,75,$24.75,0,0.00%,$0.00,$24.75,10,11.76%,$3.30,$28.05
Glasgow Middle,5/06/2025,60011,Turkey Sausage Breakfast Biscuit(Sandwich),0,0,0,105,100,0,100,$44.00,0,0.00%,$0.00,$44.00,5,4.76%,$2.20,$46.20
Glen Forest Elementary,5/06/2025,20001,1% White Milk(Each),244,0,244,119,84,0,84,$30.24,0,0.00%,$0.00,$30.24,35,29.41%,$12.60,$42.84
Glen Forest Elementary,5/06/2025,30008,Apple Juice(Each),250,0,250,250,179,0,179,$30.43,0,0.00%,$0.00,$30.43,71,28.40%,$12.07,$42.50
Glen Forest Elementary,5/06/2025,10020,Bagel(Bagel),0,0,0,94,83,0,83,$26.56,0,0.00%,$0.00,$26.56,11,11.70%,$3.52,$30.08
Glen Forest Elementary,5/06/2025,60068,Biscuit(Biscuit),9,0,9,8,8,0,8,$1.68,0,0.00%,$0.00,$1.68,0,0.00%,$0.00,$1.68
Glen Forest Elementary,5/06/2025,20009,Cream Cheese(Each),0,0,0,100,81,0,81,$23.49,0,0.00%,$0.00,$23.49,19,19.00%,$5.51,$29.00
Glen Forest Elementary,5/06/2025,20038,Fat Free White Milk(Each),50,0,50,100,89,0,89,$29.37,0,0.00%,$0.00,$29.37,11,11.00%,$3.63,$33.00
Glen Forest Elementary,5/06/2025,30003,Honey Cheerios Cereal(Each),100,0,100,214,183,0,183,$107.97,0,0.00%,$0.00,$107.97,31,14.49%,$18.29,$126.26
Glen Forest Elementary,5/06/2025,30037,IW Applesauce Cup(Each),0,0,0,73,73,0,73,$19.71,0,0.00%,$0.00,$19.71,0,0.00%,$0.00,$19.71
Glen Forest Elementary,5/06/2025,30103,"Milk, Lactose Free,  Fat Free, Shelf-Stable(Each)",0,0,0,2,2,0,2,$0.96,0,0.00%,$0.00,$0.96,0,0.00%,$0.00,$0.96
Glen Forest Elementary,5/06/2025,30188,"Milk, Soy, Plain, Bulk (12/32 oz)(1 cup)",0,0,0,2,2,0,2,$1.58,0,0.00%,$0.00,$1.58,0,0.00%,$0.00,$1.58
Glen Forest Elementary,5/06/2025,10041,Mini Maple Pancakes(Package),0,0,0,39,39,0,39,$15.21,0,0.00%,$0.00,$15.21,0,0.00%,$0.00,$15.21
Glen Forest Elementary,5/06/2025,30051,Natural Grape Jam(Packet),154,0,154,58,29,0,29,$2.61,0,0.00%,$0.00,$2.61,29,50.00%,$2.61,$5.22
Glen Forest Elementary,5/06/2025,30009,Orange Tangerine Juice(Each),250,0,250,250,113,0,113,$19.21,0,0.00%,$0.00,$19.21,137,54.80%,$23.29,$42.50
Glen Forest Elementary,5/06/2025,20014,Red Delicious Apple(Each - serving),50,0,50,50,36,0,36,$11.88,0,0.00%,$0.00,$11.88,14,28.00%,$4.62,$16.50
Glen Forest Elementary,5/06/2025,60011,Turkey Sausage Breakfast Biscuit(Sandwich),170,0,170,75,72,0,72,$31.68,0,0.00%,$0.00,$31.68,3,4.00%,$1.32,$33.00
Graham Road Elementary,5/06/2025,20001,1% White Milk(Each),80,0,80,101,90,0,90,$32.40,0,0.00%,$0.00,$32.40,11,10.89%,$3.96,$36.36
Graham Road Elementary,5/06/2025,30008,Apple Juice(Each),0,0,0,203,196,0,196,$33.32,0,0.00%,$0.00,$33.32,7,3.45%,$1.19,$34.51
Graham Road Elementary,5/06/2025,30020,Applesauce(1/2 Cup),48,0,48,43,43,0,43,$9.03,0,0.00%,$0.00,$9.03,0,0.00%,$0.00,$9.03
Graham Road Elementary,5/06/2025,20031,Banana(Each),0,0,0,30,30,0,30,$6.30,0,0.00%,$0.00,$6.30,0,0.00%,$0.00,$6.30
Graham Road Elementary,5/06/2025,30004,Blueberry Chex Cereal(Each),25,0,25,20,16,0,16,$9.44,0,0.00%,$0.00,$9.44,4,20.00%,$2.36,$11.80
Graham Road Elementary,5/06/2025,30006,Cinnamon Chex Cereal(Each),25,0,25,20,15,0,15,$8.85,0,0.00%,$0.00,$8.85,5,25.00%,$2.95,$11.80
Graham Road Elementary,5/06/2025,30007,"Cinnamon Toast Crunch Cereal, 25% Less Sugar(Each)",25,0,25,30,22,0,22,$12.98,0,0.00%,$0.00,$12.98,8,26.67%,$4.72,$17.70
Graham Road Elementary,5/06/2025,20038,Fat Free White Milk(Each),6,0,6,20,6,0,6,$1.98,0,0.00%,$0.00,$1.98,14,70.00%,$4.62,$6.60
Graham Road Elementary,5/06/2025,30003,Honey Cheerios Cereal(Each),25,0,25,24,18,0,18,$10.62,0,0.00%,$0.00,$10.62,6,25.00%,$3.54,$14.16
Graham Road Elementary,5/06/2025,20043,"Lactose Free, White Milk(Each)",0,0,0,2,2,0,2,$1.16,0,0.00%,$0.00,$1.16,0,0.00%,$0.00,$1.16
Graham Road Elementary,5/06/2025,30009,Orange Tangerine Juice(Each),12,0,12,12,12,0,12,$2.04,0,0.00%,$0.00,$2.04,0,0.00%,$0.00,$2.04
Graham Road Elementary,5/06/2025,20014,Red Delicious Apple(Each - serving),50,0,50,30,27,0,27,$8.91,0,0.00%,$0.00,$8.91,3,10.00%,$0.99,$9.90
Graham Road Elementary,5/06/2025,60096,Strawberry Parfait(Parfait),15,0,15,30,22,0,22,$21.78,0,0.00%,$0.00,$21.78,8,26.67%,$7.92,$29.70
Graham Road Elementary,5/06/2025,60011,Turkey Sausage Breakfast Biscuit(Sandwich),78,0,78,117,108,0,108,$47.52,1,0.85%,$0.44,$47.96,8,6.84%,$3.52,$51.48
Great Falls Elementary,5/06/2025,20001,1% White Milk(Each),7,0,7,50,8,0,8,$2.88,0,0.00%,$0.00,$2.88,42,84.00%,$15.12,$18.00
Great Falls Elementary,5/06/2025,30008,Apple Juice(Each),22,0,22,40,23,0,23,$3.91,0,0.00%,$0.00,$3.91,17,42.50%,$2.89,$6.80
Great Falls Elementary,5/06/2025,60068,Biscuit(Biscuit),6,0,6,8,6,0,6,$1.26,0,0.00%,$0.00,$1.26,2,25.00%,$0.42,$1.68
Great Falls Elementary,5/06/2025,30006,Cinnamon Chex Cereal(Each),10,0,10,12,9,0,9,$5.31,0,0.00%,$0.00,$5.31,3,25.00%,$1.77,$7.08
Great Falls Elementary,5/06/2025,30007,"Cinnamon Toast Crunch Cereal, 25% Less Sugar(Each)",12,0,12,12,12,0,12,$7.08,0,0.00%,$0.00,$7.08,0,0.00%,$0.00,$7.08
Great Falls Elementary,5/06/2025,20013,Gala Apple(Each),0,0,0,20,12,0,12,$4.44,0,0.00%,$0.00,$4.44,8,40.00%,$2.96,$7.40
Great Falls Elementary,5/06/2025,30051,Natural Grape Jam(Packet),6,0,6,8,6,0,6,$0.54,0,0.00%,$0.00,$0.54,2,25.00%,$0.18,$0.72
Great Falls Elementary,5/06/2025,20017,Orange(6 Slices per 1/2 cup),13,0,13,20,10,0,10,$3.40,0,0.00%,$0.00,$3.40,10,50.00%,$3.40,$6.80
Great Falls Elementary,5/06/2025,30009,Orange Tangerine Juice(Each),9,0,9,41,16,0,16,$2.72,0,0.00%,$0.00,$2.72,25,60.98%,$4.25,$6.97
Great Falls Elementary,5/06/2025,60096,Strawberry Parfait(Parfait),6,0,6,6,5,0,5,$4.95,0,0.00%,$0.00,$4.95,1,16.67%,$0.99,$5.94
Great Falls Elementary,5/06/2025,60011,Turkey Sausage Breakfast Biscuit(Sandwich),14,0,14,12,11,0,11,$4.84,0,0.00%,$0.00,$4.84,1,8.33%,$0.44,$5.28
Greenbriar East Elementary,5/06/2025,20001,1% White Milk(Each),95,0,95,55,55,0,55,$19.80,0,0.00%,$0.00,$19.80,0,0.00%,$0.00,$19.80
Greenbriar East Elementary,5/06/2025,30008,Apple Juice(Each),141,0,141,100,100,0,100,$17.00,0,0.00%,$0.00,$17.00,0,0.00%,$0.00,$17.00
Greenbriar East Elementary,5/06/2025,30020,Applesauce(1/2 Cup),18,0,18,20,20,0,20,$4.20,0,0.00%,$0.00,$4.20,0,0.00%,$0.00,$4.20
Greenbriar East Elementary,5/06/2025,20031,Banana(Each),15,0,15,30,30,0,30,$6.30,0,0.00%,$0.00,$6.30,0,0.00%,$0.00,$6.30
Greenbriar East Elementary,5/06/2025,60068,Biscuit(Biscuit),8,0,8,6,4,0,4,$0.84,0,0.00%,$0.00,$0.84,2,33.33%,$0.42,$1.26
Greenbriar East Elementary,5/06/2025,30004,Blueberry Chex Cereal(Each),10,0,10,30,30,0,30,$17.70,0,0.00%,$0.00,$17.70,0,0.00%,$0.00,$17.70
Greenbriar East Elementary,5/06/2025,30006,Cinnamon Chex Cereal(Each),12,0,12,30,30,0,30,$17.70,0,0.00%,$0.00,$17.70,0,0.00%,$0.00,$17.70
Greenbriar East Elementary,5/06/2025,30007,"Cinnamon Toast Crunch Cereal, 25% Less Sugar(Each)",28,0,28,27,27,0,27,$15.93,0,0.00%,$0.00,$15.93,0,0.00%,$0.00,$15.93
Greenbriar East Elementary,5/06/2025,20038,Fat Free White Milk(Each),4,0,4,35,28,0,28,$9.24,0,0.00%,$0.00,$9.24,7,20.00%,$2.31,$11.55
Greenbriar East Elementary,5/06/2025,30003,Honey Cheerios Cereal(Each),24,0,24,30,30,0,30,$17.70,0,0.00%,$0.00,$17.70,0,0.00%,$0.00,$17.70
Greenbriar East Elementary,5/06/2025,10041,Mini Maple Pancakes(Package),0,0,0,32,32,0,32,$12.48,0,0.00%,$0.00,$12.48,0,0.00%,$0.00,$12.48
Greenbriar East Elementary,5/06/2025,30051,Natural Grape Jam(Packet),21,0,21,45,45,0,45,$4.05,0,0.00%,$0.00,$4.05,0,0.00%,$0.00,$4.05
Greenbriar East Elementary,5/06/2025,30009,Orange Tangerine Juice(Each),38,0,38,104,79,0,79,$13.43,0,0.00%,$0.00,$13.43,25,24.04%,$4.25,$17.68
Greenbriar East Elementary,5/06/2025,20014,Red Delicious Apple(Each - serving),12,0,12,30,30,0,30,$9.90,0,0.00%,$0.00,$9.90,0,0.00%,$0.00,$9.90
Greenbriar East Elementary,5/06/2025,60096,Strawberry Parfait(Parfait),4,0,4,18,17,0,17,$16.83,0,0.00%,$0.00,$16.83,1,5.56%,$0.99,$17.82
Greenbriar East Elementary,5/06/2025,60011,Turkey Sausage Breakfast Biscuit(Sandwich),27,0,27,42,26,0,26,$11.44,0,0.00%,$0.00,$11.44,16,38.10%,$7.04,$18.48
Greenbriar West Elementary,5/06/2025,20001,1% White Milk(Each),34,1,35,29,15,0,15,$5.40,0,0.00%,$0.00,$5.40,14,48.28%,$5.04,$10.44
Greenbriar West Elementary,5/06/2025,30008,Apple Juice(Each),65,1,66,68,57,0,57,$9.69,0,0.00%,$0.00,$9.69,11,16.18%,$1.87,$11.56
Greenbriar West Elementary,5/06/2025,10020,Bagel(Bagel),35,1,36,36,34,0,34,$10.88,0,0.00%,$0.00,$10.88,2,5.56%,$0.64,$11.52
Greenbriar West Elementary,5/06/2025,30004,Blueberry Chex Cereal(Each),5,0,5,4,2,0,2,$1.18,0,0.00%,$0.00,$1.18,2,50.00%,$1.18,$2.36
Greenbriar West Elementary,5/06/2025,30007,"Cinnamon Toast Crunch Cereal, 25% Less Sugar(Each)",25,1,26,24,20,0,20,$11.80,0,0.00%,$0.00,$11.80,4,16.67%,$2.36,$14.16
Greenbriar West Elementary,5/06/2025,20009,Cream Cheese(Each),34,1,35,36,34,0,34,$9.86,0,0.00%,$0.00,$9.86,2,5.56%,$0.58,$10.44
Greenbriar West Elementary,5/06/2025,30003,Honey Cheerios Cereal(Each),17,1,18,15,14,0,14,$8.26,0,0.00%,$0.00,$8.26,1,6.67%,$0.59,$8.85
Greenbriar West Elementary,5/06/2025,30037,IW Applesauce Cup(Each),2,0,2,2,0,0,0,$0.00,0,0.00%,$0.00,$0.00,2,100.00%,$0.00,$0.00
Greenbriar West Elementary,5/06/2025,60034,Mandarin Orange Parfait(Parfait),0,0,0,3,3,0,3,$2.97,0,0.00%,$0.00,$2.97,0,0.00%,$0.00,$2.97
Greenbriar West Elementary,5/06/2025,30103,"Milk, Lactose Free,  Fat Free, Shelf-Stable(Each)",15,1,16,14,7,0,7,$3.36,0,0.00%,$0.00,$3.36,7,50.00%,$3.36,$6.72
Greenbriar West Elementary,5/06/2025,10041,Mini Maple Pancakes(Package),0,0,0,21,21,0,21,$8.19,0,0.00%,$0.00,$8.19,0,0.00%,$0.00,$8.19
Greenbriar West Elementary,5/06/2025,30051,Natural Grape Jam(Packet),13,0,13,10,7,0,7,$0.63,0,0.00%,$0.00,$0.63,3,30.00%,$0.27,$0.90
Greenbriar West Elementary,5/06/2025,20017,Orange(6 Slices per 1/2 cup),18,0,18,10,9,0,9,$3.06,0,0.00%,$0.00,$3.06,1,10.00%,$0.34,$3.40
Greenbriar West Elementary,5/06/2025,30009,Orange Tangerine Juice(Each),45,1,46,55,50,0,50,$8.50,0,0.00%,$0.00,$8.50,5,9.09%,$0.85,$9.35
Greenbriar West Elementary,5/06/2025,60099,"Parfait, Triple Berry(Parfait)",8,1,9,6,4,0,4,$2.72,0,0.00%,$0.00,$2.72,2,33.33%,$1.36,$4.08
Greenbriar West Elementary,5/06/2025,20014,Red Delicious Apple(Each - serving),18,0,18,12,10,0,10,$3.30,0,0.00%,$0.00,$3.30,2,16.67%,$0.66,$3.96
Greenbriar West Elementary,5/06/2025,60164,"Sandwich, Breakfast. Bagel, Turkey Sausage(Sandwich)",20,1,21,16,15,0,15,$8.10,1,6.25%,$0.54,$8.64,0,0.00%,$0.00,$8.64
Groveton Elementary,5/06/2025,20001,1% White Milk(Each),169,0,169,174,174,0,174,$62.64,0,0.00%,$0.00,$62.64,0,0.00%,$0.00,$62.64
Groveton Elementary,5/06/2025,30020,Applesauce(1/2 Cup),31,0,31,26,26,0,26,$5.46,0,0.00%,$0.00,$5.46,0,0.00%,$0.00,$5.46
Groveton Elementary,5/06/2025,10020,Bagel(Bagel),0,0,0,3,3,0,3,$0.96,0,0.00%,$0.00,$0.96,0,0.00%,$0.00,$0.96
Groveton Elementary,5/06/2025,30007,"Cinnamon Toast Crunch Cereal, 25% Less Sugar(Each)",92,0,92,246,234,0,234,$138.06,0,0.00%,$0.00,$138.06,12,4.88%,$7.08,$145.14
Groveton Elementary,5/06/2025,20009,Cream Cheese(Each),0,0,0,3,3,0,3,$0.87,0,0.00%,$0.00,$0.87,0,0.00%,$0.00,$0.87
Groveton Elementary,5/06/2025,20038,Fat Free White Milk(Each),55,0,55,55,55,0,55,$18.15,0,0.00%,$0.00,$18.15,0,0.00%,$0.00,$18.15
Groveton Elementary,5/06/2025,30103,"Milk, Lactose Free,  Fat Free, Shelf-Stable(Each)",0,0,0,2,2,0,2,$0.96,0,0.00%,$0.00,$0.96,0,0.00%,$0.00,$0.96
Groveton Elementary,5/06/2025,30009,Orange Tangerine Juice(Each),347,0,347,396,357,0,357,$60.69,0,0.00%,$0.00,$60.69,39,9.85%,$6.63,$67.32
Groveton Elementary,5/06/2025,60099,"Parfait, Triple Berry(Parfait)",0,0,0,26,26,0,26,$17.68,0,0.00%,$0.00,$17.68,0,0.00%,$0.00,$17.68
Groveton Elementary,5/06/2025,20014,Red Delicious Apple(Each - serving),47,0,47,60,60,0,60,$19.80,0,0.00%,$0.00,$19.80,0,0.00%,$0.00,$19.80
Groveton Elementary,5/06/2025,60164,"Sandwich, Breakfast. Bagel, Turkey Sausage(Sandwich)",0,0,0,123,123,0,123,$66.42,0,0.00%,$0.00,$66.42,0,0.00%,$0.00,$66.42
Gunston Elementary,5/06/2025,20001,1% White Milk(Each),105,0,105,144,65,0,65,$23.40,0,0.00%,$0.00,$23.40,79,54.86%,$28.44,$51.84
Gunston Elementary,5/06/2025,30020,Applesauce(1/2 Cup),30,0,30,18,18,0,18,$3.78,0,0.00%,$0.00,$3.78,0,0.00%,$0.00,$3.78
Gunston Elementary,5/06/2025,60068,Biscuit(Biscuit),15,0,15,10,6,0,6,$1.26,4,40.00%,$0.84,$2.10,0,0.00%,$0.00,$2.10
Gunston Elementary,5/06/2025,30004,Blueberry Chex Cereal(Each),12,0,12,60,60,0,60,$35.40,0,0.00%,$0.00,$35.40,0,0.00%,$0.00,$35.40
Gunston Elementary,5/06/2025,30061,Chilled Mandarin Oranges(1/2 cup (drained)),0,0,0,45,40,0,40,$13.60,0,0.00%,$0.00,$13.60,5,11.11%,$1.70,$15.30
Gunston Elementary,5/06/2025,30007,"Cinnamon Toast Crunch Cereal, 25% Less Sugar(Each)",25,0,25,5,5,0,5,$2.95,0,0.00%,$0.00,$2.95,0,0.00%,$0.00,$2.95
Gunston Elementary,5/06/2025,20038,Fat Free White Milk(Each),50,0,50,24,1,0,1,$0.33,0,0.00%,$0.00,$0.33,23,95.83%,$7.59,$7.92
Gunston Elementary,5/06/2025,30034,Graham Crackers(Package),0,0,0,20,20,0,20,$2.80,0,0.00%,$0.00,$2.80,0,0.00%,$0.00,$2.80
Gunston Elementary,5/06/2025,30003,Honey Cheerios Cereal(Each),12,0,12,16,16,0,16,$9.44,0,0.00%,$0.00,$9.44,0,0.00%,$0.00,$9.44
Gunston Elementary,5/06/2025,30051,Natural Grape Jam(Packet),50,0,50,50,21,0,21,$1.89,0,0.00%,$0.00,$1.89,29,58.00%,$2.61,$4.50
Gunston Elementary,5/06/2025,20017,Orange(Each - serving),25,0,25,20,10,0,10,$3.40,0,0.00%,$0.00,$3.40,10,50.00%,$3.40,$6.80
Gunston Elementary,5/06/2025,30009,Orange Tangerine Juice(Each),95,0,95,166,159,0,159,$27.03,0,0.00%,$0.00,$27.03,7,4.22%,$1.19,$28.22
Gunston Elementary,5/06/2025,20014,Red Delicious Apple(Each - serving),25,0,25,20,17,0,17,$5.61,0,0.00%,$0.00,$5.61,3,15.00%,$0.99,$6.60
Gunston Elementary,5/06/2025,30044,Strawberry Flavored Dried Cranberries(Each),0,0,0,20,13,0,13,$3.12,0,0.00%,$0.00,$3.12,7,35.00%,$1.68,$4.80
Gunston Elementary,5/06/2025,60096,Strawberry Parfait(Parfait),15,0,15,18,12,0,12,$11.88,6,33.33%,$5.94,$17.82,0,0.00%,$0.00,$17.82
Gunston Elementary,5/06/2025,60011,Turkey Sausage Breakfast Biscuit(Sandwich),60,0,60,39,29,3,32,$14.08,7,17.95%,$3.08,$17.16,0,0.00%,$0.00,$17.16
Halley Elementary,5/06/2025,20001,1% White Milk(Each),82,0,82,131,125,0,125,$45.00,0,0.00%,$0.00,$45.00,6,4.58%,$2.16,$47.16
Halley Elementary,5/06/2025,30008,Apple Juice(Each),91,0,91,90,70,0,70,$11.90,0,0.00%,$0.00,$11.90,20,22.22%,$3.40,$15.30
Halley Elementary,5/06/2025,30020,Applesauce(1/2 Cup),35,0,35,31,31,0,31,$6.51,0,0.00%,$0.00,$6.51,0,0.00%,$0.00,$6.51
Halley Elementary,5/06/2025,60068,Biscuit(Biscuit),16,0,16,5,4,0,4,$0.84,1,20.00%,$0.21,$1.05,0,0.00%,$0.00,$1.05
Halley Elementary,5/06/2025,10023,Blueberry Bread(1oz Grain (1/64 Baked Pan)),0,0,0,21,21,0,21,$8.61,0,0.00%,$0.00,$8.61,0,0.00%,$0.00,$8.61
Halley Elementary,5/06/2025,30004,Blueberry Chex Cereal(Each),6,0,6,30,27,0,27,$15.93,0,0.00%,$0.00,$15.93,3,10.00%,$1.77,$17.70
Halley Elementary,5/06/2025,30006,Cinnamon Chex Cereal(Each),36,0,36,30,26,0,26,$15.34,0,0.00%,$0.00,$15.34,4,13.33%,$2.36,$17.70
Halley Elementary,5/06/2025,30007,"Cinnamon Toast Crunch Cereal, 25% Less Sugar(Each)",35,0,35,30,25,0,25,$14.75,0,0.00%,$0.00,$14.75,5,16.67%,$2.95,$17.70
Halley Elementary,5/06/2025,20038,Fat Free White Milk(Each),24,0,24,24,10,0,10,$3.30,0,0.00%,$0.00,$3.30,14,58.33%,$4.62,$7.92
Halley Elementary,5/06/2025,30003,Honey Cheerios Cereal(Each),17,0,17,30,18,1,19,$11.21,0,0.00%,$0.00,$11.21,11,36.67%,$6.49,$17.70
Halley Elementary,5/06/2025,30051,Natural Grape Jam(Packet),40,0,40,48,45,0,45,$4.05,0,0.00%,$0.00,$4.05,3,6.25%,$0.27,$4.32
Halley Elementary,5/06/2025,30009,Orange Tangerine Juice(Each),100,0,100,99,72,3,75,$12.75,0,0.00%,$0.00,$12.75,24,24.24%,$4.08,$16.83
Halley Elementary,5/06/2025,20014,Red Delicious Apple(Each - serving),41,0,41,45,34,0,34,$11.22,0,0.00%,$0.00,$11.22,11,24.44%,$3.63,$14.85
Halley Elementary,5/06/2025,60096,Strawberry Parfait(Parfait),9,0,9,2,2,0,2,$1.98,0,0.00%,$0.00,$1.98,0,0.00%,$0.00,$1.98
Halley Elementary,5/06/2025,60011,Turkey Sausage Breakfast Biscuit(Sandwich),57,0,57,43,41,0,41,$18.04,2,4.65%,$0.88,$18.92,0,0.00%,$0.00,$18.92
Haycock Elementary,5/06/2025,20001,1% White Milk(Each),5,0,5,5,4,0,4,$1.44,0,0.00%,$0.00,$1.44,1,20.00%,$0.36,$1.80
Haycock Elementary,5/06/2025,30008,Apple Juice(Each),60,0,60,80,80,0,80,$13.60,0,0.00%,$0.00,$13.60,0,0.00%,$0.00,$13.60
Haycock Elementary,5/06/2025,10020,Bagel(Bagel),0,0,0,21,15,0,15,$4.80,0,0.00%,$0.00,$4.80,6,28.57%,$1.92,$6.72
Haycock Elementary,5/06/2025,60068,Biscuit(Biscuit),0,0,0,5,0,0,0,$0.00,5,100.00%,$0.00,$0.00,0,0.00%,$0.00,$0.00
Haycock Elementary,5/06/2025,10023,Blueberry Bread(1oz Grain (1/64 Baked Pan)),0,0,0,6,6,0,6,$2.46,0,0.00%,$0.00,$2.46,0,0.00%,$0.00,$2.46
Haycock Elementary,5/06/2025,30004,Blueberry Chex Cereal(Each),6,0,6,23,11,0,11,$6.49,0,0.00%,$0.00,$6.49,12,52.17%,$7.08,$13.57
Haycock Elementary,5/06/2025,30007,"Cinnamon Toast Crunch Cereal, 25% Less Sugar(Each)",6,0,6,23,9,11,20,$11.80,0,0.00%,$0.00,$11.80,3,13.04%,$1.77,$13.57
Haycock Elementary,5/06/2025,20009,Cream Cheese(Each),0,0,0,21,17,0,17,$4.93,0,0.00%,$0.00,$4.93,4,19.05%,$1.16,$6.09
Haycock Elementary,5/06/2025,60125,Egg and American Cheese on Biscuit(Sandwich),0,0,0,4,4,0,4,$1.88,0,0.00%,$0.00,$1.88,0,0.00%,$0.00,$1.88
Haycock Elementary,5/06/2025,30108,Fat Free Unflavored Shelf-Stable Milk(Each),0,0,0,11,10,0,10,$3.80,0,0.00%,$0.00,$3.80,1,9.09%,$0.38,$4.18
Haycock Elementary,5/06/2025,10041,Mini Maple Pancakes(Package),0,0,0,30,24,6,30,$11.70,0,0.00%,$0.00,$11.70,0,0.00%,$0.00,$11.70
Haycock Elementary,5/06/2025,30093,Natural Breakfast Syrup(Each),0,0,0,30,24,6,30,$6.00,0,0.00%,$0.00,$6.00,0,0.00%,$0.00,$6.00
Haycock Elementary,5/06/2025,30051,Natural Grape Jam(Packet),6,0,6,3,0,0,0,$0.00,0,0.00%,$0.00,$0.00,3,100.00%,$0.00,$0.00
Haycock Elementary,5/06/2025,20017,Orange(6 Slices per 1/2 cup),11,0,11,10,10,0,10,$3.40,0,0.00%,$0.00,$3.40,0,0.00%,$0.00,$3.40
Haycock Elementary,5/06/2025,30009,Orange Tangerine Juice(Each),21,0,21,40,33,0,33,$5.61,0,0.00%,$0.00,$5.61,7,17.50%,$1.19,$6.80
Haycock Elementary,5/06/2025,20014,Red Delicious Apple(Each - serving),13,0,13,10,7,0,7,$2.31,0,0.00%,$0.00,$2.31,3,30.00%,$0.99,$3.30
Haycock Elementary,5/06/2025,60096,Strawberry Parfait(Parfait),3,0,3,3,3,0,3,$2.97,0,0.00%,$0.00,$2.97,0,0.00%,$0.00,$2.97
Haycock Elementary,5/06/2025,20016,String Cheese(1 Stick),0,0,0,6,6,0,6,$1.32,0,0.00%,$0.00,$1.32,0,0.00%,$0.00,$1.32
Haycock Elementary,5/06/2025,60011,Turkey Sausage Breakfast Biscuit(Sandwich),1,0,1,7,0,0,0,$0.00,7,100.00%,$0.00,$0.00,0,0.00%,$0.00,$0.00
Hayfield Elementary,5/06/2025,20001,1% White Milk(Each),20,0,20,26,21,0,21,$7.56,0,0.00%,$0.00,$7.56,5,19.23%,$1.80,$9.36
Hayfield Elementary,5/06/2025,30008,Apple Juice(Each),55,0,55,55,54,0,54,$9.18,0,0.00%,$0.00,$9.18,1,1.82%,$0.17,$9.35
Hayfield Elementary,5/06/2025,60068,Biscuit(Biscuit),10,0,10,12,12,0,12,$2.52,0,0.00%,$0.00,$2.52,0,0.00%,$0.00,$2.52
Hayfield Elementary,5/06/2025,30004,Blueberry Chex Cereal(Each),12,0,12,12,8,0,8,$4.72,0,0.00%,$0.00,$4.72,4,33.33%,$2.36,$7.08
Hayfield Elementary,5/06/2025,60032,Blueberry Parfait(Parfait),2,0,2,3,3,0,3,$3.27,0,0.00%,$0.00,$3.27,0,0.00%,$0.00,$3.27
Hayfield Elementary,5/06/2025,30006,Cinnamon Chex Cereal(Each),12,0,12,15,15,0,15,$8.85,0,0.00%,$0.00,$8.85,0,0.00%,$0.00,$8.85
Hayfield Elementary,5/06/2025,30007,"Cinnamon Toast Crunch Cereal, 25% Less Sugar(Each)",12,0,12,12,12,0,12,$7.08,0,0.00%,$0.00,$7.08,0,0.00%,$0.00,$7.08
Hayfield Elementary,5/06/2025,60125,Egg and American Cheese on Biscuit(Sandwich),0,0,0,12,12,0,12,$5.64,0,0.00%,$0.00,$5.64,0,0.00%,$0.00,$5.64
Hayfield Elementary,5/06/2025,20038,Fat Free White Milk(Each),5,0,5,5,3,0,3,$0.99,0,0.00%,$0.00,$0.99,2,40.00%,$0.66,$1.65
Hayfield Elementary,5/06/2025,30003,Honey Cheerios Cereal(Each),12,0,12,12,12,0,12,$7.08,0,0.00%,$0.00,$7.08,0,0.00%,$0.00,$7.08
Hayfield Elementary,5/06/2025,30051,Natural Grape Jam(Packet),10,0,10,12,9,0,9,$0.81,0,0.00%,$0.00,$0.81,3,25.00%,$0.27,$1.08
Hayfield Elementary,5/06/2025,20047,Orange Slices(6 Slices per 1/2 cup),0,0,0,9,9,0,9,$3.60,0,0.00%,$0.00,$3.60,0,0.00%,$0.00,$3.60
Hayfield Elementary,5/06/2025,30009,Orange Tangerine Juice(Each),25,0,25,25,23,0,23,$3.91,0,0.00%,$0.00,$3.91,2,8.00%,$0.34,$4.25
HAYFIELD SS,5/06/2025,20001,1% White Milk(Each),17,0,17,97,18,0,18,$6.48,0,0.00%,$0.00,$6.48,79,81.44%,$28.44,$34.92
HAYFIELD SS,5/06/2025,10021,Apple Cinnamon Bread(1oz Grain (1/64 Baked Pan)),0,0,0,67,67,0,67,$27.47,0,0.00%,$0.00,$27.47,0,0.00%,$0.00,$27.47
HAYFIELD SS,5/06/2025,30008,Apple Juice(Each),168,0,168,204,184,0,184,$31.28,0,0.00%,$0.00,$31.28,20,9.80%,$3.40,$34.68
HAYFIELD SS,5/06/2025,10020,Bagel(Bagel),0,0,0,90,85,0,85,$27.20,0,0.00%,$0.00,$27.20,5,5.56%,$1.60,$28.80
HAYFIELD SS,5/06/2025,30004,Blueberry Chex Cereal(Each),8,0,8,20,7,0,7,$4.13,0,0.00%,$0.00,$4.13,13,65.00%,$7.67,$11.80
HAYFIELD SS,5/06/2025,60162,Chicken & Biscuit Sandwich(Sandwich),0,0,0,30,30,0,30,$15.90,0,0.00%,$0.00,$15.90,0,0.00%,$0.00,$15.90
HAYFIELD SS,5/06/2025,30006,Cinnamon Chex Cereal(Each),16,0,16,20,16,0,16,$9.44,0,0.00%,$0.00,$9.44,4,20.00%,$2.36,$11.80
HAYFIELD SS,5/06/2025,20009,Cream Cheese(Each),0,0,0,90,85,0,85,$24.65,0,0.00%,$0.00,$24.65,5,5.56%,$1.45,$26.10
HAYFIELD SS,5/06/2025,60165,Egg and American Cheese on Bagel(Sandwich),0,0,0,50,50,0,50,$29.00,0,0.00%,$0.00,$29.00,0,0.00%,$0.00,$29.00
HAYFIELD SS,5/06/2025,20038,Fat Free White Milk(Each),14,0,14,93,16,0,16,$5.28,0,0.00%,$0.00,$5.28,77,82.80%,$25.41,$30.69
HAYFIELD SS,5/06/2025,10074,"Frozen Berry, Triple Berry Blend(1/2 cup (thawed))",0,0,0,40,40,0,40,$1.20,0,0.00%,$0.00,$1.20,0,0.00%,$0.00,$1.20
HAYFIELD SS,5/06/2025,30003,Honey Cheerios Cereal(Each),15,0,15,20,15,0,15,$8.85,0,0.00%,$0.00,$8.85,5,25.00%,$2.95,$11.80
HAYFIELD SS,5/06/2025,10041,Mini Maple Pancakes(Package),0,0,0,110,97,0,97,$37.83,0,0.00%,$0.00,$37.83,13,11.82%,$5.07,$42.90
HAYFIELD SS,5/06/2025,30093,Natural Breakfast Syrup(Each),0,0,0,110,55,0,55,$11.00,0,0.00%,$0.00,$11.00,55,50.00%,$11.00,$22.00
HAYFIELD SS,5/06/2025,30009,Orange Tangerine Juice(Each),103,0,103,306,140,0,140,$23.80,0,0.00%,$0.00,$23.80,166,54.25%,$28.22,$52.02
HAYFIELD SS,5/06/2025,20014,Red Delicious Apple(Each - serving),11,0,11,32,15,0,15,$4.95,0,0.00%,$0.00,$4.95,17,53.13%,$5.61,$10.56
Herndon Elementary,5/06/2025,20001,1% White Milk(Each),197,0,197,285,283,0,283,$101.88,0,0.00%,$0.00,$101.88,2,0.70%,$0.72,$102.60
Herndon Elementary,5/06/2025,30008,Apple Juice(Each),151,0,151,150,144,0,144,$24.48,0,0.00%,$0.00,$24.48,6,4.00%,$1.02,$25.50
Herndon Elementary,5/06/2025,10020,Bagel(Bagel),0,0,0,111,111,0,111,$35.52,0,0.00%,$0.00,$35.52,0,0.00%,$0.00,$35.52
Herndon Elementary,5/06/2025,60068,Biscuit(Biscuit),10,0,10,2,2,0,2,$0.42,0,0.00%,$0.00,$0.42,0,0.00%,$0.00,$0.42
Herndon Elementary,5/06/2025,30006,Cinnamon Chex Cereal(Each),55,0,55,60,59,0,59,$34.81,0,0.00%,$0.00,$34.81,1,1.67%,$0.59,$35.40
Herndon Elementary,5/06/2025,30007,"Cinnamon Toast Crunch Cereal, 25% Less Sugar(Each)",53,0,53,60,58,0,58,$34.22,0,0.00%,$0.00,$34.22,2,3.33%,$1.18,$35.40
Herndon Elementary,5/06/2025,20009,Cream Cheese(Each),0,0,0,111,111,0,111,$32.19,0,0.00%,$0.00,$32.19,0,0.00%,$0.00,$32.19
Herndon Elementary,5/06/2025,20038,Fat Free White Milk(Each),22,0,22,20,19,0,19,$6.27,0,0.00%,$0.00,$6.27,1,5.00%,$0.33,$6.60
Herndon Elementary,5/06/2025,30003,Honey Cheerios Cereal(Each),56,0,56,80,76,0,76,$44.84,0,0.00%,$0.00,$44.84,4,5.00%,$2.36,$47.20
Herndon Elementary,5/06/2025,30103,"Milk, Lactose Free,  Fat Free, Shelf-Stable(Each)",0,0,0,1,1,0,1,$0.48,0,0.00%,$0.00,$0.48,0,0.00%,$0.00,$0.48
Herndon Elementary,5/06/2025,10041,Mini Maple Pancakes(Package),0,0,0,40,40,0,40,$15.60,0,0.00%,$0.00,$15.60,0,0.00%,$0.00,$15.60
Herndon Elementary,5/06/2025,30051,Natural Grape Jam(Packet),10,0,10,2,2,0,2,$0.18,0,0.00%,$0.00,$0.18,0,0.00%,$0.00,$0.18
Herndon Elementary,5/06/2025,20017,Orange(1/4 cup),0,0,0,111,111,0,111,$18.87,0,0.00%,$0.00,$18.87,0,0.00%,$0.00,$18.87
Herndon Elementary,5/06/2025,30009,Orange Tangerine Juice(Each),144,0,144,150,145,0,145,$24.65,0,0.00%,$0.00,$24.65,5,3.33%,$0.85,$25.50
Herndon Elementary,5/06/2025,20014,Red Delicious Apple(Each - serving),44,0,44,50,47,0,47,$15.51,0,0.00%,$0.00,$15.51,3,6.00%,$0.99,$16.50
Herndon Elementary,5/06/2025,60096,Strawberry Parfait(Parfait),12,0,12,16,15,0,15,$14.85,1,6.25%,$0.99,$15.84,0,0.00%,$0.00,$15.84
Herndon Elementary,5/06/2025,60011,Turkey Sausage Breakfast Biscuit(Sandwich),54,0,54,40,39,0,39,$17.16,1,2.50%,$0.44,$17.60,0,0.00%,$0.00,$17.60
HERNDON HS,5/06/2025,20001,1% White Milk(Each),50,0,50,50,26,0,26,$9.36,0,0.00%,$0.00,$9.36,24,48.00%,$8.64,$18.00
HERNDON HS,5/06/2025,30008,Apple Juice(Each),120,0,120,100,98,0,98,$16.66,0,0.00%,$0.00,$16.66,2,2.00%,$0.34,$17.00
HERNDON HS,5/06/2025,60068,Biscuit(Biscuit),15,0,15,10,5,0,5,$1.05,0,0.00%,$0.00,$1.05,5,50.00%,$1.05,$2.10
HERNDON HS,5/06/2025,30004,Blueberry Chex Cereal(Each),20,0,20,10,7,0,7,$4.13,0,0.00%,$0.00,$4.13,3,30.00%,$1.77,$5.90
HERNDON HS,5/06/2025,30006,Cinnamon Chex Cereal(Each),20,0,20,15,9,0,9,$5.31,0,0.00%,$0.00,$5.31,6,40.00%,$3.54,$8.85
HERNDON HS,5/06/2025,30007,"Cinnamon Toast Crunch Cereal, 25% Less Sugar(Each)",20,0,20,10,5,0,5,$2.95,0,0.00%,$0.00,$2.95,5,50.00%,$2.95,$5.90
HERNDON HS,5/06/2025,20038,Fat Free White Milk(Each),30,0,30,30,17,0,17,$5.61,0,0.00%,$0.00,$5.61,13,43.33%,$4.29,$9.90
HERNDON HS,5/06/2025,30003,Honey Cheerios Cereal(Each),20,0,20,15,13,0,13,$7.67,0,0.00%,$0.00,$7.67,2,13.33%,$1.18,$8.85
HERNDON HS,5/06/2025,10041,Mini Maple Pancakes(Package),100,0,100,100,85,0,85,$33.15,0,0.00%,$0.00,$33.15,15,15.00%,$5.85,$39.00
HERNDON HS,5/06/2025,30051,Natural Grape Jam(Packet),15,0,15,10,5,0,5,$0.45,0,0.00%,$0.00,$0.45,5,50.00%,$0.45,$0.90
HERNDON HS,5/06/2025,20017,Orange(6 Slices per 1/2 cup),25,0,25,30,29,0,29,$9.86,0,0.00%,$0.00,$9.86,1,3.33%,$0.34,$10.20
HERNDON HS,5/06/2025,30009,Orange Tangerine Juice(Each),120,0,120,100,74,0,74,$12.58,0,0.00%,$0.00,$12.58,26,26.00%,$4.42,$17.00
HERNDON HS,5/06/2025,20014,Red Delicious Apple(Each - serving),40,0,40,35,33,0,33,$10.89,0,0.00%,$0.00,$10.89,2,5.71%,$0.66,$11.55
HERNDON HS,5/06/2025,60096,Strawberry Parfait(Parfait),35,0,35,35,30,0,30,$29.70,0,0.00%,$0.00,$29.70,5,14.29%,$4.95,$34.65
HERNDON HS,5/06/2025,60011,Turkey Sausage Breakfast Biscuit(Sandwich),80,0,80,60,51,0,51,$22.44,0,0.00%,$0.00,$22.44,9,15.00%,$3.96,$26.40
Herndon Middle,5/06/2025,20001,1% White Milk(Each),41,0,41,75,53,0,53,$19.08,0,0.00%,$0.00,$19.08,22,29.33%,$7.92,$27.00
Herndon Middle,5/06/2025,30008,Apple Juice(Each),342,0,342,320,313,0,313,$53.21,0,0.00%,$0.00,$53.21,7,2.19%,$1.19,$54.40
Herndon Middle,5/06/2025,60068,Biscuit(Biscuit),0,0,0,24,24,0,24,$5.04,0,0.00%,$0.00,$5.04,0,0.00%,$0.00,$5.04
Herndon Middle,5/06/2025,30004,Blueberry Chex Cereal(Each),1,0,1,10,7,0,7,$4.13,0,0.00%,$0.00,$4.13,3,30.00%,$1.77,$5.90
Herndon Middle,5/06/2025,30006,Cinnamon Chex Cereal(Each),37,0,37,120,110,0,110,$64.90,0,0.00%,$0.00,$64.90,10,8.33%,$5.90,$70.80
Herndon Middle,5/06/2025,30007,"Cinnamon Toast Crunch Cereal, 25% Less Sugar(Each)",69,0,69,100,98,0,98,$57.82,0,0.00%,$0.00,$57.82,2,2.00%,$1.18,$59.00
Herndon Middle,5/06/2025,20038,Fat Free White Milk(Each),31,0,31,50,37,0,37,$12.21,0,0.00%,$0.00,$12.21,13,26.00%,$4.29,$16.50
Herndon Middle,5/06/2025,30003,Honey Cheerios Cereal(Each),77,0,77,90,84,0,84,$49.56,0,0.00%,$0.00,$49.56,6,6.67%,$3.54,$53.10
Herndon Middle,5/06/2025,30051,Natural Grape Jam(Packet),103,0,103,24,24,0,24,$2.16,0,0.00%,$0.00,$2.16,0,0.00%,$0.00,$2.16
Herndon Middle,5/06/2025,30009,Orange Tangerine Juice(Each),36,0,36,40,40,0,40,$6.80,0,0.00%,$0.00,$6.80,0,0.00%,$0.00,$6.80
Herndon Middle,5/06/2025,60099,"Parfait, Triple Berry(Parfait)",0,0,0,10,5,0,5,$3.40,0,0.00%,$0.00,$3.40,5,50.00%,$3.40,$6.80
Herndon Middle,5/06/2025,20014,Red Delicious Apple(Each - serving),58,0,58,45,42,0,42,$13.86,0,0.00%,$0.00,$13.86,3,6.67%,$0.99,$14.85
Herndon Middle,5/06/2025,60011,Turkey Sausage Breakfast Biscuit(Sandwich),49,0,49,24,24,0,24,$10.56,0,0.00%,$0.00,$10.56,0,0.00%,$0.00,$10.56
Hollin Meadows Elementary,5/06/2025,20001,1% White Milk(Each),80,0,80,93,91,0,91,$32.76,0,0.00%,$0.00,$32.76,2,2.15%,$0.72,$33.48
Hollin Meadows Elementary,5/06/2025,30008,Apple Juice(Each),325,0,325,360,358,0,358,$60.86,0,0.00%,$0.00,$60.86,2,0.56%,$0.34,$61.20
Hollin Meadows Elementary,5/06/2025,30020,Applesauce(1/2 Cup),18,0,18,18,18,0,18,$3.78,0,0.00%,$0.00,$3.78,0,0.00%,$0.00,$3.78
Hollin Meadows Elementary,5/06/2025,60068,Biscuit(Biscuit),176,0,176,218,201,0,201,$42.21,0,0.00%,$0.00,$42.21,17,7.80%,$3.57,$45.78
Hollin Meadows Elementary,5/06/2025,30004,Blueberry Chex Cereal(Each),93,0,93,120,105,0,105,$61.95,0,0.00%,$0.00,$61.95,15,12.50%,$8.85,$70.80
Hollin Meadows Elementary,5/06/2025,20038,Fat Free White Milk(Each),13,0,13,25,13,0,13,$4.29,0,0.00%,$0.00,$4.29,12,48.00%,$3.96,$8.25
Hollin Meadows Elementary,5/06/2025,30051,Natural Grape Jam(Packet),72,0,72,118,43,0,43,$3.87,0,0.00%,$0.00,$3.87,75,63.56%,$6.75,$10.62
Hollin Meadows Elementary,5/06/2025,20017,Orange(6 Slices per 1/2 cup),9,0,9,16,16,0,16,$5.44,0,0.00%,$0.00,$5.44,0,0.00%,$0.00,$5.44
Hollin Meadows Elementary,5/06/2025,20014,Red Delicious Apple(Each - serving),114,0,114,125,122,0,122,$40.26,0,0.00%,$0.00,$40.26,3,2.40%,$0.99,$41.25
Hollin Meadows Elementary,5/06/2025,60096,Strawberry Parfait(Parfait),48,0,48,60,54,0,54,$53.46,0,0.00%,$0.00,$53.46,6,10.00%,$5.94,$59.40
Hollin Meadows Elementary,5/06/2025,60011,Turkey Sausage Breakfast Biscuit(Sandwich),208,0,208,232,215,0,215,$94.60,0,0.00%,$0.00,$94.60,17,7.33%,$7.48,$102.08
Holmes Middle,5/06/2025,20001,1% White Milk(Each),100,0,100,9,9,0,9,$3.24,0,0.00%,$0.00,$3.24,0,0.00%,$0.00,$3.24
Holmes Middle,5/06/2025,10021,Apple Cinnamon Bread(1oz Grain (1/64 Baked Pan)),0,0,0,800,738,0,738,$302.58,0,0.00%,$0.00,$302.58,62,7.75%,$25.42,$328.00
Holmes Middle,5/06/2025,30008,Apple Juice(Each),450,0,450,420,420,0,420,$71.40,0,0.00%,$0.00,$71.40,0,0.00%,$0.00,$71.40
Holmes Middle,5/06/2025,10020,Bagel(Bagel),0,0,0,20,20,0,20,$6.40,0,0.00%,$0.00,$6.40,0,0.00%,$0.00,$6.40
Holmes Middle,5/06/2025,20031,Banana(Each),51,0,51,15,15,0,15,$3.15,0,0.00%,$0.00,$3.15,0,0.00%,$0.00,$3.15
Holmes Middle,5/06/2025,20009,Cream Cheese(Each),0,0,0,20,20,0,20,$5.80,0,0.00%,$0.00,$5.80,0,0.00%,$0.00,$5.80
Holmes Middle,5/06/2025,20038,Fat Free White Milk(Each),100,0,100,150,22,0,22,$7.26,0,0.00%,$0.00,$7.26,128,85.33%,$42.24,$49.50
Holmes Middle,5/06/2025,30009,Orange Tangerine Juice(Each),418,0,418,420,358,0,358,$60.86,0,0.00%,$0.00,$60.86,62,14.76%,$10.54,$71.40
Holmes Middle,5/06/2025,20014,Red Delicious Apple(Each - serving),48,0,48,25,25,0,25,$8.25,0,0.00%,$0.00,$8.25,0,0.00%,$0.00,$8.25
Holmes Middle,5/06/2025,60096,Strawberry Parfait(Parfait),22,0,22,20,20,0,20,$19.80,0,0.00%,$0.00,$19.80,0,0.00%,$0.00,$19.80
Holmes Middle,5/06/2025,20016,String Cheese(1 Stick),0,0,0,800,738,0,738,$162.36,0,0.00%,$0.00,$162.36,62,7.75%,$13.64,$176.00
Hughes Middle,5/06/2025,20001,1% White Milk(Each),12,0,12,40,8,0,8,$2.88,0,0.00%,$0.00,$2.88,32,80.00%,$11.52,$14.40
Hughes Middle,5/06/2025,30008,Apple Juice(Each),63,0,63,60,58,0,58,$9.86,0,0.00%,$0.00,$9.86,2,3.33%,$0.34,$10.20
Hughes Middle,5/06/2025,10020,Bagel(Bagel),0,0,0,50,47,0,47,$15.04,0,0.00%,$0.00,$15.04,3,6.00%,$0.96,$16.00
Hughes Middle,5/06/2025,30004,Blueberry Chex Cereal(Each),10,0,10,18,9,0,9,$5.31,0,0.00%,$0.00,$5.31,9,50.00%,$5.31,$10.62
Hughes Middle,5/06/2025,30006,Cinnamon Chex Cereal(Each),13,0,13,18,9,0,9,$5.31,0,0.00%,$0.00,$5.31,9,50.00%,$5.31,$10.62
Hughes Middle,5/06/2025,30007,"Cinnamon Toast Crunch Cereal, 25% Less Sugar(Each)",14,0,14,18,16,0,16,$9.44,0,0.00%,$0.00,$9.44,2,11.11%,$1.18,$10.62
Hughes Middle,5/06/2025,20009,Cream Cheese(Each),0,0,0,50,45,0,45,$13.05,0,0.00%,$0.00,$13.05,5,10.00%,$1.45,$14.50
Hughes Middle,5/06/2025,60004,Egg and American Cheese on English Muffin(Sandwich),0,0,0,18,15,0,15,$7.65,0,0.00%,$0.00,$7.65,3,16.67%,$1.53,$9.18
Hughes Middle,5/06/2025,20038,Fat Free White Milk(Each),6,0,6,30,0,0,0,$0.00,0,0.00%,$0.00,$0.00,30,100.00%,$0.00,$0.00
Hughes Middle,5/06/2025,30003,Honey Cheerios Cereal(Each),15,0,15,18,10,0,10,$5.90,0,0.00%,$0.00,$5.90,8,44.44%,$4.72,$10.62
Hughes Middle,5/06/2025,30051,Natural Grape Jam(Packet),14,0,14,50,20,0,20,$1.80,0,0.00%,$0.00,$1.80,30,60.00%,$2.70,$4.50
Hughes Middle,5/06/2025,30009,Orange Tangerine Juice(Each),34,0,34,60,55,0,55,$9.35,0,0.00%,$0.00,$9.35,5,8.33%,$0.85,$10.20
Hughes Middle,5/06/2025,20014,Red Delicious Apple(Each - serving),17,0,17,60,11,0,11,$3.63,0,0.00%,$0.00,$3.63,49,81.67%,$16.17,$19.80
Hughes Middle,5/06/2025,60096,Strawberry Parfait(Parfait),2,0,2,6,2,0,2,$1.98,0,0.00%,$0.00,$1.98,4,66.67%,$3.96,$5.94
Hunt Valley Elementary,5/06/2025,30102,1% Unflavored Shelf-Stable Milk(Each),0,0,0,6,1,0,1,$0.38,0,0.00%,$0.00,$0.38,5,83.33%,$1.90,$2.28
Hunt Valley Elementary,5/06/2025,20001,1% White Milk(Each),16,0,16,16,12,1,13,$4.68,0,0.00%,$0.00,$4.68,3,18.75%,$1.08,$5.76
Hunt Valley Elementary,5/06/2025,10021,Apple Cinnamon Bread(1oz Grain (1/64 Baked Pan)),0,0,0,15,14,1,15,$6.15,0,0.00%,$0.00,$6.15,0,0.00%,$0.00,$6.15
Hunt Valley Elementary,5/06/2025,30008,Apple Juice(Each),80,0,80,86,74,9,83,$14.11,0,0.00%,$0.00,$14.11,3,3.49%,$0.51,$14.62
Hunt Valley Elementary,5/06/2025,10020,Bagel(Bagel),25,0,25,19,17,2,19,$6.08,0,0.00%,$0.00,$6.08,0,0.00%,$0.00,$6.08
Hunt Valley Elementary,5/06/2025,10096,"Batter, Pumpkin Bread(1oz Grain (1/64 Baked Pan))",24,0,24,15,10,5,15,$6.15,0,0.00%,$0.00,$6.15,0,0.00%,$0.00,$6.15
Hunt Valley Elementary,5/06/2025,60068,Biscuit(Biscuit),1,0,1,1,0,0,0,$0.00,0,0.00%,$0.00,$0.00,1,100.00%,$0.00,$0.00
Hunt Valley Elementary,5/06/2025,10023,Blueberry Bread(1oz Grain (1/64 Baked Pan)),15,0,15,1,0,1,1,$0.00,0,0.00%,$0.00,$0.00,0,0.00%,$0.00,$0.00
Hunt Valley Elementary,5/06/2025,30004,Blueberry Chex Cereal(Each),4,0,4,6,1,0,1,$0.59,0,0.00%,$0.00,$0.59,5,83.33%,$2.95,$3.54
Hunt Valley Elementary,5/06/2025,30097,Bottled Water(Bottle),0,0,0,5,5,0,5,$0.80,0,0.00%,$0.00,$0.80,0,0.00%,$0.00,$0.80
Hunt Valley Elementary,5/06/2025,30006,Cinnamon Chex Cereal(Each),8,0,8,12,3,0,3,$1.77,0,0.00%,$0.00,$1.77,9,75.00%,$5.31,$7.08
Hunt Valley Elementary,5/06/2025,30007,"Cinnamon Toast Crunch Cereal, 25% Less Sugar(Each)",20,0,20,24,20,0,20,$11.80,0,0.00%,$0.00,$11.80,4,16.67%,$2.36,$14.16
Hunt Valley Elementary,5/06/2025,20009,Cream Cheese(Each),25,0,25,19,19,0,19,$5.51,0,0.00%,$0.00,$5.51,0,0.00%,$0.00,$5.51
Hunt Valley Elementary,5/06/2025,30108,Fat Free Unflavored Shelf-Stable Milk(Each),0,0,0,2,0,0,0,$0.00,0,0.00%,$0.00,$0.00,2,100.00%,$0.00,$0.00
Hunt Valley Elementary,5/06/2025,30003,Honey Cheerios Cereal(Each),16,0,16,30,9,0,9,$5.31,0,0.00%,$0.00,$5.31,21,70.00%,$12.39,$17.70
Hunt Valley Elementary,5/06/2025,10041,Mini Maple Pancakes(Package),35,0,35,40,30,10,40,$15.60,0,0.00%,$0.00,$15.60,0,0.00%,$0.00,$15.60
Hunt Valley Elementary,5/06/2025,30051,Natural Grape Jam(Packet),1,0,1,8,7,0,7,$0.63,0,0.00%,$0.00,$0.63,1,12.50%,$0.09,$0.72
Hunt Valley Elementary,5/06/2025,30009,Orange Tangerine Juice(Each),40,0,40,50,38,9,47,$7.99,0,0.00%,$0.00,$7.99,3,6.00%,$0.51,$8.50
Hunt Valley Elementary,5/06/2025,20014,Red Delicious Apple(Each - serving),6,0,6,6,2,0,2,$0.66,0,0.00%,$0.00,$0.66,4,66.67%,$1.32,$1.98
Hunt Valley Elementary,5/06/2025,60096,Strawberry Parfait(Parfait),11,0,11,10,9,0,9,$8.91,0,0.00%,$0.00,$8.91,1,10.00%,$0.99,$9.90
Hunt Valley Elementary,5/06/2025,60011,Turkey Sausage Breakfast Biscuit(Sandwich),5,0,5,6,4,1,5,$2.20,0,0.00%,$0.00,$2.20,1,16.67%,$0.44,$2.64
Hunters Woods Elementary,5/06/2025,20001,1% White Milk(Each),46,0,46,58,56,0,56,$20.16,0,0.00%,$0.00,$20.16,2,3.45%,$0.72,$20.88
Hunters Woods Elementary,5/06/2025,30008,Apple Juice(Each),60,0,60,80,75,0,75,$12.75,0,0.00%,$0.00,$12.75,5,6.25%,$0.85,$13.60
Hunters Woods Elementary,5/06/2025,30020,Applesauce(1/2 Cup),0,0,0,0,0,0,0,$0.00,0,0.00%,$0.00,$0.00,0,0.00%,$0.00,$0.00
Hunters Woods Elementary,5/06/2025,60068,Biscuit(Biscuit),0,0,0,0,0,0,0,$0.00,0,0.00%,$0.00,$0.00,0,0.00%,$0.00,$0.00
Hunters Woods Elementary,5/06/2025,30004,Blueberry Chex Cereal(Each),16,0,16,2,2,0,2,$1.18,0,0.00%,$0.00,$1.18,0,0.00%,$0.00,$1.18
Hunters Woods Elementary,5/06/2025,30007,"Cinnamon Toast Crunch Cereal, 25% Less Sugar(Each)",16,0,16,50,47,0,47,$27.73,0,0.00%,$0.00,$27.73,3,6.00%,$1.77,$29.50
Hunters Woods Elementary,5/06/2025,60165,Egg and American Cheese on Bagel(Sandwich),16,0,16,17,15,0,15,$8.70,2,11.76%,$1.16,$9.86,0,0.00%,$0.00,$9.86
Hunters Woods Elementary,5/06/2025,20038,Fat Free White Milk(Each),20,0,20,9,9,0,9,$2.97,0,0.00%,$0.00,$2.97,0,0.00%,$0.00,$2.97
Hunters Woods Elementary,5/06/2025,30003,Honey Cheerios Cereal(Each),10,0,10,10,8,0,8,$4.72,0,0.00%,$0.00,$4.72,2,20.00%,$1.18,$5.90
Hunters Woods Elementary,5/06/2025,30037,IW Applesauce Cup(Each),18,0,18,15,15,0,15,$4.05,0,0.00%,$0.00,$4.05,0,0.00%,$0.00,$4.05
Hunters Woods Elementary,5/06/2025,20043,"Lactose Free, White Milk(Each)",2,0,2,2,2,0,2,$1.16,0,0.00%,$0.00,$1.16,0,0.00%,$0.00,$1.16
Hunters Woods Elementary,5/06/2025,60034,Mandarin Orange Parfait(Parfait),2,0,2,2,2,0,2,$1.98,0,0.00%,$0.00,$1.98,0,0.00%,$0.00,$1.98
Hunters Woods Elementary,5/06/2025,30051,Natural Grape Jam(Packet),0,0,0,0,0,0,0,$0.00,0,0.00%,$0.00,$0.00,0,0.00%,$0.00,$0.00
Hunters Woods Elementary,5/06/2025,30009,Orange Tangerine Juice(Each),10,0,10,10,10,0,10,$1.70,0,0.00%,$0.00,$1.70,0,0.00%,$0.00,$1.70
Hunters Woods Elementary,5/06/2025,60099,"Parfait, Triple Berry(Parfait)",4,0,4,4,4,0,4,$2.72,0,0.00%,$0.00,$2.72,0,0.00%,$0.00,$2.72
Hunters Woods Elementary,5/06/2025,20014,Red Delicious Apple(Each - serving),20,0,20,20,15,0,15,$4.95,0,0.00%,$0.00,$4.95,5,25.00%,$1.65,$6.60
Hunters Woods Elementary,5/06/2025,60164,"Sandwich, Breakfast. Bagel, Turkey Sausage(Sandwich)",23,0,23,23,22,0,22,$11.88,1,4.35%,$0.54,$12.42,0,0.00%,$0.00,$12.42
Hunters Woods Elementary,5/06/2025,60011,Turkey Sausage Breakfast Biscuit(Sandwich),0,0,0,0,0,0,0,$0.00,0,0.00%,$0.00,$0.00,0,0.00%,$0.00,$0.00
Hutchison Elementary,5/06/2025,20001,1% White Milk(Each),142,0,142,208,172,0,172,$61.92,0,0.00%,$0.00,$61.92,36,17.31%,$12.96,$74.88
Hutchison Elementary,5/06/2025,30008,Apple Juice(Each),309,0,309,495,366,0,366,$62.22,0,0.00%,$0.00,$62.22,129,26.06%,$21.93,$84.15
Hutchison Elementary,5/06/2025,30020,Applesauce(1/2 Cup),54,0,54,54,54,0,54,$11.34,0,0.00%,$0.00,$11.34,0,0.00%,$0.00,$11.34
Hutchison Elementary,5/06/2025,60068,Biscuit(Biscuit),28,0,28,11,1,0,1,$0.21,0,0.00%,$0.00,$0.21,10,90.91%,$2.10,$2.31
Hutchison Elementary,5/06/2025,30004,Blueberry Chex Cereal(Each),59,0,59,72,48,0,48,$28.32,0,0.00%,$0.00,$28.32,24,33.33%,$14.16,$42.48
Hutchison Elementary,5/06/2025,30006,Cinnamon Chex Cereal(Each),59,0,59,72,48,0,48,$28.32,0,0.00%,$0.00,$28.32,24,33.33%,$14.16,$42.48
Hutchison Elementary,5/06/2025,30007,"Cinnamon Toast Crunch Cereal, 25% Less Sugar(Each)",40,0,40,72,48,0,48,$28.32,0,0.00%,$0.00,$28.32,24,33.33%,$14.16,$42.48
Hutchison Elementary,5/06/2025,20038,Fat Free White Milk(Each),15,0,15,20,8,0,8,$2.64,0,0.00%,$0.00,$2.64,12,60.00%,$3.96,$6.60
Hutchison Elementary,5/06/2025,30003,Honey Cheerios Cereal(Each),56,0,56,72,48,0,48,$28.32,0,0.00%,$0.00,$28.32,24,33.33%,$14.16,$42.48
Hutchison Elementary,5/06/2025,20043,"Lactose Free, White Milk(Each)",0,0,0,6,6,0,6,$3.48,0,0.00%,$0.00,$3.48,0,0.00%,$0.00,$3.48
Hutchison Elementary,5/06/2025,30051,Natural Grape Jam(Packet),135,0,135,134,119,0,119,$10.71,0,0.00%,$0.00,$10.71,15,11.19%,$1.35,$12.06
Hutchison Elementary,5/06/2025,20014,Red Delicious Apple(Each - serving),63,0,63,48,29,0,29,$9.57,0,0.00%,$0.00,$9.57,19,39.58%,$6.27,$15.84
Hutchison Elementary,5/06/2025,60096,Strawberry Parfait(Parfait),7,0,7,15,0,0,0,$0.00,0,0.00%,$0.00,$0.00,15,100.00%,$0.00,$0.00
Hutchison Elementary,5/06/2025,60011,Turkey Sausage Breakfast Biscuit(Sandwich),112,0,112,114,96,0,96,$42.24,0,0.00%,$0.00,$42.24,18,15.79%,$7.92,$50.16
Hybla Valley Elementary,5/06/2025,20001,1% White Milk(Each),73,0,73,199,199,0,199,$71.64,0,0.00%,$0.00,$71.64,0,0.00%,$0.00,$71.64
Hybla Valley Elementary,5/06/2025,30008,Apple Juice(Each),201,0,201,406,307,0,307,$52.19,0,0.00%,$0.00,$52.19,99,24.38%,$16.83,$69.02
Hybla Valley Elementary,5/06/2025,30020,Applesauce(1/2 Cup),16,0,16,17,17,0,17,$3.57,0,0.00%,$0.00,$3.57,0,0.00%,$0.00,$3.57
Hybla Valley Elementary,5/06/2025,60068,Biscuit(Biscuit),27,0,27,66,62,0,62,$13.02,0,0.00%,$0.00,$13.02,4,6.06%,$0.84,$13.86
Hybla Valley Elementary,5/06/2025,30004,Blueberry Chex Cereal(Each),42,0,42,0,0,0,0,$0.00,0,0.00%,$0.00,$0.00,0,0.00%,$0.00,$0.00
Hybla Valley Elementary,5/06/2025,30006,Cinnamon Chex Cereal(Each),0,0,0,135,135,0,135,$79.65,0,0.00%,$0.00,$79.65,0,0.00%,$0.00,$79.65
Hybla Valley Elementary,5/06/2025,30007,"Cinnamon Toast Crunch Cereal, 25% Less Sugar(Each)",20,0,20,174,174,0,174,$102.66,0,0.00%,$0.00,$102.66,0,0.00%,$0.00,$102.66
Hybla Valley Elementary,5/06/2025,20038,Fat Free White Milk(Each),12,0,12,47,34,0,34,$11.22,0,0.00%,$0.00,$11.22,13,27.66%,$4.29,$15.51
Hybla Valley Elementary,5/06/2025,30003,Honey Cheerios Cereal(Each),21,0,21,0,0,0,0,$0.00,0,0.00%,$0.00,$0.00,0,0.00%,$0.00,$0.00
Hybla Valley Elementary,5/06/2025,30103,"Milk, Lactose Free,  Fat Free, Shelf-Stable(Each)",0,0,0,1,1,0,1,$0.48,0,0.00%,$0.00,$0.48,0,0.00%,$0.00,$0.48
Hybla Valley Elementary,5/06/2025,10041,Mini Maple Pancakes(Package),0,0,0,68,68,0,68,$26.52,0,0.00%,$0.00,$26.52,0,0.00%,$0.00,$26.52
Hybla Valley Elementary,5/06/2025,30051,Natural Grape Jam(Packet),97,0,97,107,87,0,87,$7.83,0,0.00%,$0.00,$7.83,20,18.69%,$1.80,$9.63
Hybla Valley Elementary,5/06/2025,30009,Orange Tangerine Juice(Each),256,0,256,230,153,0,153,$26.01,0,0.00%,$0.00,$26.01,77,33.48%,$13.09,$39.10
Hybla Valley Elementary,5/06/2025,20014,Red Delicious Apple(Each - serving),169,0,169,200,180,0,180,$59.40,0,0.00%,$0.00,$59.40,20,10.00%,$6.60,$66.00
Hybla Valley Elementary,5/06/2025,60096,Strawberry Parfait(Parfait),54,0,54,0,0,0,0,$0.00,0,0.00%,$0.00,$0.00,0,0.00%,$0.00,$0.00
Hybla Valley Elementary,5/06/2025,60011,Turkey Sausage Breakfast Biscuit(Sandwich),292,0,292,233,172,0,172,$75.68,0,0.00%,$0.00,$75.68,61,26.18%,$26.84,$102.52
Irving Middle,5/06/2025,20001,1% White Milk(Each),16,0,16,20,18,0,18,$6.48,0,0.00%,$0.00,$6.48,2,10.00%,$0.72,$7.20
Irving Middle,5/06/2025,30008,Apple Juice(Each),35,0,35,45,35,0,35,$5.95,0,0.00%,$0.00,$5.95,10,22.22%,$1.70,$7.65
Irving Middle,5/06/2025,60068,Biscuit(Biscuit),2,0,2,2,0,0,0,$0.00,0,0.00%,$0.00,$0.00,2,100.00%,$0.00,$0.00
Irving Middle,5/06/2025,30004,Blueberry Chex Cereal(Each),3,0,3,10,10,0,10,$5.90,0,0.00%,$0.00,$5.90,0,0.00%,$0.00,$5.90
Irving Middle,5/06/2025,30006,Cinnamon Chex Cereal(Each),5,0,5,20,16,0,16,$9.44,0,0.00%,$0.00,$9.44,4,20.00%,$2.36,$11.80
Irving Middle,5/06/2025,30007,"Cinnamon Toast Crunch Cereal, 25% Less Sugar(Each)",12,0,12,0,0,0,0,$0.00,0,0.00%,$0.00,$0.00,0,0.00%,$0.00,$0.00
Irving Middle,5/06/2025,20038,Fat Free White Milk(Each),4,0,4,10,7,0,7,$2.31,0,0.00%,$0.00,$2.31,3,30.00%,$0.99,$3.30
Irving Middle,5/06/2025,30003,Honey Cheerios Cereal(Each),4,0,4,10,10,0,10,$5.90,0,0.00%,$0.00,$5.90,0,0.00%,$0.00,$5.90
Irving Middle,5/06/2025,10041,Mini Maple Pancakes(Package),0,0,0,3,0,0,0,$0.00,0,0.00%,$0.00,$0.00,3,100.00%,$0.00,$0.00
Irving Middle,5/06/2025,30051,Natural Grape Jam(Packet),2,0,2,2,2,0,2,$0.18,0,0.00%,$0.00,$0.18,0,0.00%,$0.00,$0.18
Irving Middle,5/06/2025,30009,Orange Tangerine Juice(Each),14,0,14,25,18,0,18,$3.06,0,0.00%,$0.00,$3.06,7,28.00%,$1.19,$4.25
Irving Middle,5/06/2025,20014,Red Delicious Apple(Each - serving),10,0,10,10,4,0,4,$1.32,0,0.00%,$0.00,$1.32,6,60.00%,$1.98,$3.30
Irving Middle,5/06/2025,60096,Strawberry Parfait(Parfait),5,0,5,5,3,0,3,$2.97,0,0.00%,$0.00,$2.97,2,40.00%,$1.98,$4.95
Irving Middle,5/06/2025,60011,Turkey Sausage Breakfast Biscuit(Sandwich),5,0,5,13,11,0,11,$4.84,2,15.38%,$0.88,$5.72,0,0.00%,$0.00,$5.72
Jefferson High,5/06/2025,20001,1% White Milk(Each),15,0,15,80,75,0,75,$27.00,0,0.00%,$0.00,$27.00,5,6.25%,$1.80,$28.80
Jefferson High,5/06/2025,30008,Apple Juice(Each),39,0,39,50,35,0,35,$5.95,0,0.00%,$0.00,$5.95,15,30.00%,$2.55,$8.50
Jefferson High,5/06/2025,20031,Banana(Each),17,0,17,40,30,0,30,$6.30,0,0.00%,$0.00,$6.30,10,25.00%,$2.10,$8.40
Jefferson High,5/06/2025,60068,Biscuit(Biscuit),12,0,12,0,0,0,0,$0.00,0,0.00%,$0.00,$0.00,0,0.00%,$0.00,$0.00
Jefferson High,5/06/2025,30004,Blueberry Chex Cereal(Each),6,0,6,15,13,0,13,$7.67,0,0.00%,$0.00,$7.67,2,13.33%,$1.18,$8.85
Jefferson High,5/06/2025,30006,Cinnamon Chex Cereal(Each),14,0,14,15,12,0,12,$7.08,0,0.00%,$0.00,$7.08,3,20.00%,$1.77,$8.85
Jefferson High,5/06/2025,30007,"Cinnamon Toast Crunch Cereal, 25% Less Sugar(Each)",13,0,13,15,15,0,15,$8.85,0,0.00%,$0.00,$8.85,0,0.00%,$0.00,$8.85
Jefferson High,5/06/2025,20038,Fat Free White Milk(Each),11,0,11,0,0,0,0,$0.00,0,0.00%,$0.00,$0.00,0,0.00%,$0.00,$0.00
Jefferson High,5/06/2025,30003,Honey Cheerios Cereal(Each),16,0,16,15,15,0,15,$8.85,0,0.00%,$0.00,$8.85,0,0.00%,$0.00,$8.85
Jefferson High,5/06/2025,30051,Natural Grape Jam(Packet),22,0,22,0,0,0,0,$0.00,0,0.00%,$0.00,$0.00,0,0.00%,$0.00,$0.00
Jefferson High,5/06/2025,20017,Orange(6 Slices per 1/2 cup),0,0,0,0,0,0,0,$0.00,0,0.00%,$0.00,$0.00,0,0.00%,$0.00,$0.00
Jefferson High,5/06/2025,30009,Orange Tangerine Juice(Each),33,0,33,50,35,0,35,$5.95,0,0.00%,$0.00,$5.95,15,30.00%,$2.55,$8.50
Jefferson High,5/06/2025,20014,Red Delicious Apple(Each - serving),19,0,19,20,17,0,17,$5.61,0,0.00%,$0.00,$5.61,3,15.00%,$0.99,$6.60
Jefferson High,5/06/2025,60096,Strawberry Parfait(Parfait),7,0,7,12,8,0,8,$7.92,0,0.00%,$0.00,$7.92,4,33.33%,$3.96,$11.88
Jefferson High,5/06/2025,60011,Turkey Sausage Breakfast Biscuit(Sandwich),55,0,55,46,46,0,46,$20.24,0,0.00%,$0.00,$20.24,0,0.00%,$0.00,$20.24
Johnson Middle,5/06/2025,20001,1% White Milk(Each),14,0,14,25,21,0,21,$7.56,0,0.00%,$0.00,$7.56,4,16.00%,$1.44,$9.00
Johnson Middle,5/06/2025,30008,Apple Juice(Each),144,0,144,180,155,0,155,$26.35,1,0.56%,$0.17,$26.52,24,13.33%,$4.08,$30.60
Johnson Middle,5/06/2025,30004,Blueberry Chex Cereal(Each),18,0,18,24,18,0,18,$10.62,0,0.00%,$0.00,$10.62,6,25.00%,$3.54,$14.16
Johnson Middle,5/06/2025,30097,Bottled Water(Bottle),10,0,10,10,4,0,4,$0.64,0,0.00%,$0.00,$0.64,6,60.00%,$0.96,$1.60
Johnson Middle,5/06/2025,30006,Cinnamon Chex Cereal(Each),42,0,42,48,43,0,43,$25.37,0,0.00%,$0.00,$25.37,5,10.42%,$2.95,$28.32
Johnson Middle,5/06/2025,30007,"Cinnamon Toast Crunch Cereal, 25% Less Sugar(Each)",42,0,42,48,48,0,48,$28.32,0,0.00%,$0.00,$28.32,0,0.00%,$0.00,$28.32
Johnson Middle,5/06/2025,20038,Fat Free White Milk(Each),13,0,13,35,9,0,9,$2.97,0,0.00%,$0.00,$2.97,26,74.29%,$8.58,$11.55
Johnson Middle,5/06/2025,20013,Gala Apple(Each),0,0,0,15,12,0,12,$4.44,0,0.00%,$0.00,$4.44,3,20.00%,$1.11,$5.55
Johnson Middle,5/06/2025,30034,Graham Crackers(Package),0,0,0,15,14,0,14,$1.96,0,0.00%,$0.00,$1.96,1,6.67%,$0.14,$2.10
Johnson Middle,5/06/2025,30003,Honey Cheerios Cereal(Each),36,0,36,48,35,0,35,$20.65,1,2.08%,$0.59,$21.24,12,25.00%,$7.08,$28.32
Johnson Middle,5/06/2025,10041,Mini Maple Pancakes(Package),0,0,0,54,54,0,54,$21.06,0,0.00%,$0.00,$21.06,0,0.00%,$0.00,$21.06
Johnson Middle,5/06/2025,30051,Natural Grape Jam(Packet),12,0,12,12,8,0,8,$0.72,1,8.33%,$0.09,$0.81,3,25.00%,$0.27,$1.08
Johnson Middle,5/06/2025,30009,Orange Tangerine Juice(Each),35,0,35,91,72,0,72,$12.24,0,0.00%,$0.00,$12.24,19,20.88%,$3.23,$15.47
Johnson Middle,5/06/2025,60096,Strawberry Parfait(Parfait),12,0,12,15,14,0,14,$13.86,0,0.00%,$0.00,$13.86,1,6.67%,$0.99,$14.85
Johnson Middle,5/06/2025,60011,Turkey Sausage Breakfast Biscuit(Sandwich),12,0,12,12,8,0,8,$3.52,1,8.33%,$0.44,$3.96,3,25.00%,$1.32,$5.28
Justice High,5/06/2025,20001,1% White Milk(Each),63,0,63,100,69,0,69,$24.84,0,0.00%,$0.00,$24.84,31,31.00%,$11.16,$36.00
Justice High,5/06/2025,30008,Apple Juice(Each),208,0,208,200,174,0,174,$29.58,0,0.00%,$0.00,$29.58,26,13.00%,$4.42,$34.00
Justice High,5/06/2025,10020,Bagel(Bagel),0,0,0,32,32,0,32,$10.24,0,0.00%,$0.00,$10.24,0,0.00%,$0.00,$10.24
Justice High,5/06/2025,30004,Blueberry Chex Cereal(Each),29,0,29,50,44,0,44,$25.96,0,0.00%,$0.00,$25.96,6,12.00%,$3.54,$29.50
Justice High,5/06/2025,30006,Cinnamon Chex Cereal(Each),32,0,32,50,37,0,37,$21.83,0,0.00%,$0.00,$21.83,13,26.00%,$7.67,$29.50
Justice High,5/06/2025,30007,"Cinnamon Toast Crunch Cereal, 25% Less Sugar(Each)",40,0,40,60,54,0,54,$31.86,0,0.00%,$0.00,$31.86,6,10.00%,$3.54,$35.40
Justice High,5/06/2025,20009,Cream Cheese(Each),0,0,0,50,30,0,30,$8.70,0,0.00%,$0.00,$8.70,20,40.00%,$5.80,$14.50
Justice High,5/06/2025,60165,Egg and American Cheese on Bagel(Sandwich),0,0,0,180,134,0,134,$77.72,0,0.00%,$0.00,$77.72,46,25.56%,$26.68,$104.40
Justice High,5/06/2025,20038,Fat Free White Milk(Each),0,0,0,50,30,0,30,$9.90,0,0.00%,$0.00,$9.90,20,40.00%,$6.60,$16.50
Justice High,5/06/2025,30003,Honey Cheerios Cereal(Each),29,0,29,11,11,0,11,$6.49,0,0.00%,$0.00,$6.49,0,0.00%,$0.00,$6.49
Justice High,5/06/2025,10041,Mini Maple Pancakes(Package),0,0,0,87,87,0,87,$33.93,0,0.00%,$0.00,$33.93,0,0.00%,$0.00,$33.93
Justice High,5/06/2025,30093,Natural Breakfast Syrup(Each),0,0,0,50,25,0,25,$5.00,0,0.00%,$0.00,$5.00,25,50.00%,$5.00,$10.00
Justice High,5/06/2025,30051,Natural Grape Jam(Packet),46,0,46,50,30,0,30,$2.70,0,0.00%,$0.00,$2.70,20,40.00%,$1.80,$4.50
Justice High,5/06/2025,20017,Orange(6 Slices per 1/2 cup),18,0,18,50,17,0,17,$5.78,0,0.00%,$0.00,$5.78,33,66.00%,$11.22,$17.00
Justice High,5/06/2025,30009,Orange Tangerine Juice(Each),100,0,100,250,208,0,208,$35.36,0,0.00%,$0.00,$35.36,42,16.80%,$7.14,$42.50
Justice High,5/06/2025,60099,"Parfait, Triple Berry(Parfait)",0,0,0,104,104,0,104,$70.72,0,0.00%,$0.00,$70.72,0,0.00%,$0.00,$70.72
Justice High,5/06/2025,20014,Red Delicious Apple(Each - serving),45,0,45,50,43,0,43,$14.19,0,0.00%,$0.00,$14.19,7,14.00%,$2.31,$16.50
Justice High,5/06/2025,60096,Strawberry Parfait(Parfait),92,0,92,13,13,0,13,$12.87,0,0.00%,$0.00,$12.87,0,0.00%,$0.00,$12.87
Keene Mill Elementary,5/06/2025,20001,1% White Milk(Each),42,0,42,50,42,0,42,$15.12,0,0.00%,$0.00,$15.12,8,16.00%,$2.88,$18.00
Keene Mill Elementary,5/06/2025,30008,Apple Juice(Each),45,0,45,40,36,0,36,$6.12,0,0.00%,$0.00,$6.12,4,10.00%,$0.68,$6.80
Keene Mill Elementary,5/06/2025,30020,Applesauce(1/2 Cup),9,0,9,10,10,0,10,$2.10,0,0.00%,$0.00,$2.10,0,0.00%,$0.00,$2.10
Keene Mill Elementary,5/06/2025,60068,Biscuit(Biscuit),5,0,5,3,3,0,3,$0.63,0,0.00%,$0.00,$0.63,0,0.00%,$0.00,$0.63
Keene Mill Elementary,5/06/2025,30004,Blueberry Chex Cereal(Each),11,0,11,15,14,0,14,$8.26,0,0.00%,$0.00,$8.26,1,6.67%,$0.59,$8.85
Keene Mill Elementary,5/06/2025,30007,"Cinnamon Toast Crunch Cereal, 25% Less Sugar(Each)",15,0,15,20,17,0,17,$10.03,0,0.00%,$0.00,$10.03,3,15.00%,$1.77,$11.80
Keene Mill Elementary,5/06/2025,20038,Fat Free White Milk(Each),23,0,23,40,28,0,28,$9.24,0,0.00%,$0.00,$9.24,12,30.00%,$3.96,$13.20
Keene Mill Elementary,5/06/2025,30051,Natural Grape Jam(Packet),36,0,36,43,38,0,38,$3.42,0,0.00%,$0.00,$3.42,5,11.63%,$0.45,$3.87
Keene Mill Elementary,5/06/2025,30009,Orange Tangerine Juice(Each),29,0,29,40,34,0,34,$5.78,0,0.00%,$0.00,$5.78,6,15.00%,$1.02,$6.80
Keene Mill Elementary,5/06/2025,20014,Red Delicious Apple(Each - serving),48,0,48,55,51,0,51,$16.83,0,0.00%,$0.00,$16.83,4,7.27%,$1.32,$18.15
Keene Mill Elementary,5/06/2025,60096,Strawberry Parfait(Parfait),6,0,6,8,6,0,6,$5.94,0,0.00%,$0.00,$5.94,2,25.00%,$1.98,$7.92
Keene Mill Elementary,5/06/2025,60011,Turkey Sausage Breakfast Biscuit(Sandwich),41,0,41,40,40,0,40,$17.60,0,0.00%,$0.00,$17.60,0,0.00%,$0.00,$17.60
Kent Gardens Elementary,5/06/2025,20001,1% White Milk(Each),5,0,5,10,5,0,5,$1.80,0,0.00%,$0.00,$1.80,5,50.00%,$1.80,$3.60
Kent Gardens Elementary,5/06/2025,60178,Apple Cinnamon Bread (Grain for entree)(1 square),0,0,0,20,12,0,12,$4.92,0,0.00%,$0.00,$4.92,8,40.00%,$3.28,$8.20
Kent Gardens Elementary,5/06/2025,30008,Apple Juice(Each),41,0,41,70,42,0,42,$7.14,0,0.00%,$0.00,$7.14,28,40.00%,$4.76,$11.90
Kent Gardens Elementary,5/06/2025,10020,Bagel(Bagel),0,0,0,30,16,0,16,$5.12,0,0.00%,$0.00,$5.12,14,46.67%,$4.48,$9.60
Kent Gardens Elementary,5/06/2025,60068,Biscuit(Biscuit),3,0,3,5,4,0,4,$0.84,0,0.00%,$0.00,$0.84,1,20.00%,$0.21,$1.05
Kent Gardens Elementary,5/06/2025,30004,Blueberry Chex Cereal(Each),1,0,1,4,1,0,1,$0.59,0,0.00%,$0.00,$0.59,3,75.00%,$1.77,$2.36
Kent Gardens Elementary,5/06/2025,30006,Cinnamon Chex Cereal(Each),1,0,1,4,2,0,2,$1.18,0,0.00%,$0.00,$1.18,2,50.00%,$1.18,$2.36
Kent Gardens Elementary,5/06/2025,30007,"Cinnamon Toast Crunch Cereal, 25% Less Sugar(Each)",5,0,5,6,4,0,4,$2.36,0,0.00%,$0.00,$2.36,2,33.33%,$1.18,$3.54
Kent Gardens Elementary,5/06/2025,20009,Cream Cheese(Each),0,0,0,30,15,0,15,$4.35,0,0.00%,$0.00,$4.35,15,50.00%,$4.35,$8.70
Kent Gardens Elementary,5/06/2025,20038,Fat Free White Milk(Each),1,0,1,5,0,0,0,$0.00,0,0.00%,$0.00,$0.00,5,100.00%,$0.00,$0.00
Kent Gardens Elementary,5/06/2025,30003,Honey Cheerios Cereal(Each),6,0,6,8,2,0,2,$1.18,0,0.00%,$0.00,$1.18,6,75.00%,$3.54,$4.72
Kent Gardens Elementary,5/06/2025,60034,Mandarin Orange Parfait(Parfait),0,0,0,5,4,0,4,$3.96,0,0.00%,$0.00,$3.96,1,20.00%,$0.99,$4.95
Kent Gardens Elementary,5/06/2025,10041,Mini Maple Pancakes(Package),0,0,0,40,30,0,30,$11.70,0,0.00%,$0.00,$11.70,10,25.00%,$3.90,$15.60
Kent Gardens Elementary,5/06/2025,30093,Natural Breakfast Syrup(Each),0,0,0,40,28,0,28,$5.60,0,0.00%,$0.00,$5.60,12,30.00%,$2.40,$8.00
Kent Gardens Elementary,5/06/2025,30051,Natural Grape Jam(Packet),11,0,11,20,10,0,10,$0.90,0,0.00%,$0.00,$0.90,10,50.00%,$0.90,$1.80
Kent Gardens Elementary,5/06/2025,30009,Orange Tangerine Juice(Each),22,0,22,43,18,0,18,$3.06,0,0.00%,$0.00,$3.06,25,58.14%,$4.25,$7.31
Kent Gardens Elementary,5/06/2025,20014,Red Delicious Apple(Each - serving),33,0,33,30,27,0,27,$8.91,0,0.00%,$0.00,$8.91,3,10.00%,$0.99,$9.90
Kent Gardens Elementary,5/06/2025,60011,Turkey Sausage Breakfast Biscuit(Sandwich),3,0,3,5,4,0,4,$1.76,0,0.00%,$0.00,$1.76,1,20.00%,$0.44,$2.20
Key Middle,5/06/2025,20001,1% White Milk(Each),35,0,35,30,25,0,25,$9.00,0,0.00%,$0.00,$9.00,5,16.67%,$1.80,$10.80
Key Middle,5/06/2025,30008,Apple Juice(Each),84,0,84,84,71,0,71,$12.07,0,0.00%,$0.00,$12.07,13,15.48%,$2.21,$14.28
Key Middle,5/06/2025,20052,Assorted  4 oz Yogurt(Container),0,0,0,7,6,0,6,$0.00,0,0.00%,$0.00,$0.00,1,14.29%,$0.00,$0.00
Key Middle,5/06/2025,60068,Biscuit(Biscuit),12,0,12,10,0,0,0,$0.00,0,0.00%,$0.00,$0.00,10,100.00%,$0.00,$0.00
Key Middle,5/06/2025,30004,Blueberry Chex Cereal(Each),7,0,7,16,13,0,13,$7.67,0,0.00%,$0.00,$7.67,3,18.75%,$1.77,$9.44
Key Middle,5/06/2025,30006,Cinnamon Chex Cereal(Each),15,0,15,16,16,0,16,$9.44,0,0.00%,$0.00,$9.44,0,0.00%,$0.00,$9.44
Key Middle,5/06/2025,30007,"Cinnamon Toast Crunch Cereal, 25% Less Sugar(Each)",15,0,15,18,18,0,18,$10.62,0,0.00%,$0.00,$10.62,0,0.00%,$0.00,$10.62
Key Middle,5/06/2025,20038,Fat Free White Milk(Each),11,0,11,20,5,0,5,$1.65,0,0.00%,$0.00,$1.65,15,75.00%,$4.95,$6.60
Key Middle,5/06/2025,30003,Honey Cheerios Cereal(Each),9,0,9,18,18,0,18,$10.62,0,0.00%,$0.00,$10.62,0,0.00%,$0.00,$10.62
Key Middle,5/06/2025,30037,IW Applesauce Cup(Each),0,0,0,2,2,0,2,$0.54,0,0.00%,$0.00,$0.54,0,0.00%,$0.00,$0.54
Key Middle,5/06/2025,30051,Natural Grape Jam(Packet),9,0,9,10,0,0,0,$0.00,0,0.00%,$0.00,$0.00,10,100.00%,$0.00,$0.00
Key Middle,5/06/2025,20017,Orange(6 Slices per 1/2 cup),33,0,33,14,13,0,13,$4.42,0,0.00%,$0.00,$4.42,1,7.14%,$0.34,$4.76
Key Middle,5/06/2025,30009,Orange Tangerine Juice(Each),13,0,13,72,61,0,61,$10.37,0,0.00%,$0.00,$10.37,11,15.28%,$1.87,$12.24
Key Middle,5/06/2025,20014,Red Delicious Apple(Each - serving),37,0,37,38,37,0,37,$12.21,0,0.00%,$0.00,$12.21,1,2.63%,$0.33,$12.54
Key Middle,5/06/2025,60096,Strawberry Parfait(Parfait),10,0,10,10,10,0,10,$9.90,0,0.00%,$0.00,$9.90,0,0.00%,$0.00,$9.90
Key Middle,5/06/2025,60011,Turkey Sausage Breakfast Biscuit(Sandwich),48,0,48,60,60,0,60,$26.40,0,0.00%,$0.00,$26.40,0,0.00%,$0.00,$26.40
Kilmer Middle,5/06/2025,20001,1% White Milk(Each),35,0,35,40,34,0,34,$12.24,0,0.00%,$0.00,$12.24,6,15.00%,$2.16,$14.40
Kilmer Middle,5/06/2025,30008,Apple Juice(Each),4561,0,4561,45,44,0,44,$7.48,0,0.00%,$0.00,$7.48,1,2.22%,$0.17,$7.65
Kilmer Middle,5/06/2025,30020,Applesauce(1/2 Cup),1,0,1,1,1,0,1,$0.21,0,0.00%,$0.00,$0.21,0,0.00%,$0.00,$0.21
Kilmer Middle,5/06/2025,10020,Bagel(Bagel),15,0,15,15,13,0,13,$4.16,2,13.33%,$0.64,$4.80,0,0.00%,$0.00,$4.80
Kilmer Middle,5/06/2025,60068,Biscuit(Biscuit),2,0,2,4,3,0,3,$0.63,1,25.00%,$0.21,$0.84,0,0.00%,$0.00,$0.84
Kilmer Middle,5/06/2025,30061,Chilled Mandarin Oranges(1/2 cup (drained)),0,0,0,29,29,0,29,$9.86,0,0.00%,$0.00,$9.86,0,0.00%,$0.00,$9.86
Kilmer Middle,5/06/2025,30006,Cinnamon Chex Cereal(Each),4,0,4,4,4,0,4,$2.36,0,0.00%,$0.00,$2.36,0,0.00%,$0.00,$2.36
Kilmer Middle,5/06/2025,30007,"Cinnamon Toast Crunch Cereal, 25% Less Sugar(Each)",9,0,9,7,6,0,6,$3.54,0,0.00%,$0.00,$3.54,1,14.29%,$0.59,$4.13
Kilmer Middle,5/06/2025,20009,Cream Cheese(Each),15,0,15,15,13,0,13,$3.77,0,0.00%,$0.00,$3.77,2,13.33%,$0.58,$4.35
Kilmer Middle,5/06/2025,20038,Fat Free White Milk(Each),5,0,5,5,2,0,2,$0.66,0,0.00%,$0.00,$0.66,3,60.00%,$0.99,$1.65
Kilmer Middle,5/06/2025,30003,Honey Cheerios Cereal(Each),9,0,9,8,7,0,7,$4.13,0,0.00%,$0.00,$4.13,1,12.50%,$0.59,$4.72
Kilmer Middle,5/06/2025,10041,Mini Maple Pancakes(Package),45,0,45,53,46,0,46,$17.94,0,0.00%,$0.00,$17.94,7,13.21%,$2.73,$20.67
Kilmer Middle,5/06/2025,30093,Natural Breakfast Syrup(Each),10,0,10,20,5,0,5,$1.00,0,0.00%,$0.00,$1.00,15,75.00%,$3.00,$4.00
Kilmer Middle,5/06/2025,30051,Natural Grape Jam(Packet),6,0,6,10,9,0,9,$0.81,0,0.00%,$0.00,$0.81,1,10.00%,$0.09,$0.90
Kilmer Middle,5/06/2025,20017,Orange(6 Slices per 1/2 cup),23,0,23,10,6,0,6,$2.04,0,0.00%,$0.00,$2.04,4,40.00%,$1.36,$3.40
Kilmer Middle,5/06/2025,30009,Orange Tangerine Juice(Each),55,0,55,55,49,0,49,$8.33,0,0.00%,$0.00,$8.33,6,10.91%,$1.02,$9.35
Kilmer Middle,5/06/2025,20032,Strawberry Banana Yogurt(each),10,0,10,9,9,0,9,$3.15,0,0.00%,$0.00,$3.15,0,0.00%,$0.00,$3.15
Kilmer Middle,5/06/2025,60011,Turkey Sausage Breakfast Biscuit(Sandwich),4,0,4,7,6,0,6,$2.64,1,14.29%,$0.44,$3.08,0,0.00%,$0.00,$3.08
Kings Glen Elementary,5/06/2025,20001,1% White Milk(Each),5,0,5,20,10,0,10,$3.60,0,0.00%,$0.00,$3.60,10,50.00%,$3.60,$7.20
Kings Glen Elementary,5/06/2025,60178,Apple Cinnamon Bread (Grain for entree)(1 square),0,0,0,50,34,10,44,$18.04,0,0.00%,$0.00,$18.04,6,12.00%,$2.46,$20.50
Kings Glen Elementary,5/06/2025,30008,Apple Juice(Each),40,0,40,70,58,10,68,$11.56,0,0.00%,$0.00,$11.56,2,2.86%,$0.34,$11.90
Kings Glen Elementary,5/06/2025,30004,Blueberry Chex Cereal(Each),5,0,5,10,5,0,5,$2.95,0,0.00%,$0.00,$2.95,5,50.00%,$2.95,$5.90
Kings Glen Elementary,5/06/2025,30006,Cinnamon Chex Cereal(Each),5,0,5,10,5,0,5,$2.95,0,0.00%,$0.00,$2.95,5,50.00%,$2.95,$5.90
Kings Glen Elementary,5/06/2025,30007,"Cinnamon Toast Crunch Cereal, 25% Less Sugar(Each)",3,0,3,20,14,0,14,$8.26,0,0.00%,$0.00,$8.26,6,30.00%,$3.54,$11.80
Kings Glen Elementary,5/06/2025,20038,Fat Free White Milk(Each),5,0,5,20,5,0,5,$1.65,0,0.00%,$0.00,$1.65,15,75.00%,$4.95,$6.60
Kings Glen Elementary,5/06/2025,20017,Orange(6 Slices per 1/2 cup),10,0,10,20,10,0,10,$3.40,0,0.00%,$0.00,$3.40,10,50.00%,$3.40,$6.80
Kings Glen Elementary,5/06/2025,20016,String Cheese(1 Stick),0,0,0,50,34,10,44,$9.68,0,0.00%,$0.00,$9.68,6,12.00%,$1.32,$11.00
Kings Park Elementary,5/06/2025,30102,1% Unflavored Shelf-Stable Milk(Each),0,0,0,23,11,0,11,$4.18,0,0.00%,$0.00,$4.18,12,52.17%,$4.56,$8.74
Kings Park Elementary,5/06/2025,20001,1% White Milk(Each),99,0,99,209,89,0,89,$32.04,0,0.00%,$0.00,$32.04,120,57.42%,$43.20,$75.24
Kings Park Elementary,5/06/2025,30008,Apple Juice(Each),81,0,81,90,78,0,78,$13.26,0,0.00%,$0.00,$13.26,12,13.33%,$2.04,$15.30
Kings Park Elementary,5/06/2025,30020,Applesauce(1/2 Cup),22,0,22,21,21,0,21,$4.41,0,0.00%,$0.00,$4.41,0,0.00%,$0.00,$4.41
Kings Park Elementary,5/06/2025,10020,Bagel(Bagel),0,0,0,50,36,0,36,$11.52,0,0.00%,$0.00,$11.52,14,28.00%,$4.48,$16.00
Kings Park Elementary,5/06/2025,20031,Banana(Each),59,0,59,25,17,0,17,$3.57,0,0.00%,$0.00,$3.57,8,32.00%,$1.68,$5.25
Kings Park Elementary,5/06/2025,60068,Biscuit(Biscuit),1,0,1,0,0,0,0,$0.00,0,0.00%,$0.00,$0.00,0,0.00%,$0.00,$0.00
Kings Park Elementary,5/06/2025,30004,Blueberry Chex Cereal(Each),8,0,8,20,5,0,5,$2.95,0,0.00%,$0.00,$2.95,15,75.00%,$8.85,$11.80
Kings Park Elementary,5/06/2025,60032,Blueberry Parfait(Parfait),0,0,0,7,7,0,7,$7.63,0,0.00%,$0.00,$7.63,0,0.00%,$0.00,$7.63
Kings Park Elementary,5/06/2025,30181,"Cereal, Cinnamon Toast Crunch 1 oz (Sub)(Each)",0,0,0,30,15,0,15,$4.80,0,0.00%,$0.00,$4.80,15,50.00%,$4.80,$9.60
Kings Park Elementary,5/06/2025,30006,Cinnamon Chex Cereal(Each),9,0,9,20,9,0,9,$5.31,0,0.00%,$0.00,$5.31,11,55.00%,$6.49,$11.80
Kings Park Elementary,5/06/2025,20009,Cream Cheese(Each),0,0,0,40,35,0,35,$10.15,0,0.00%,$0.00,$10.15,5,12.50%,$1.45,$11.60
Kings Park Elementary,5/06/2025,20038,Fat Free White Milk(Each),21,0,21,74,14,0,14,$4.62,0,0.00%,$0.00,$4.62,60,81.08%,$19.80,$24.42
Kings Park Elementary,5/06/2025,30034,Graham Crackers(Package),0,0,0,15,15,0,15,$2.10,0,0.00%,$0.00,$2.10,0,0.00%,$0.00,$2.10
Kings Park Elementary,5/06/2025,30003,Honey Cheerios Cereal(Each),18,0,18,25,18,0,18,$10.62,0,0.00%,$0.00,$10.62,7,28.00%,$4.13,$14.75
Kings Park Elementary,5/06/2025,10041,Mini Maple Pancakes(Package),0,0,0,65,50,0,50,$19.50,0,0.00%,$0.00,$19.50,15,23.08%,$5.85,$25.35
Kings Park Elementary,5/06/2025,30093,Natural Breakfast Syrup(Each),0,0,0,50,42,0,42,$8.40,0,0.00%,$0.00,$8.40,8,16.00%,$1.60,$10.00
Kings Park Elementary,5/06/2025,30051,Natural Grape Jam(Packet),35,0,35,71,54,0,54,$4.86,0,0.00%,$0.00,$4.86,17,23.94%,$1.53,$6.39
Kings Park Elementary,5/06/2025,20017,Orange(6 Slices per 1/2 cup),76,0,76,75,65,0,65,$22.10,0,0.00%,$0.00,$22.10,10,13.33%,$3.40,$25.50
Kings Park Elementary,5/06/2025,30009,Orange Tangerine Juice(Each),65,0,65,86,76,0,76,$12.92,0,0.00%,$0.00,$12.92,10,11.63%,$1.70,$14.62
Kings Park Elementary,5/06/2025,60011,Turkey Sausage Breakfast Biscuit(Sandwich),26,0,26,29,29,0,29,$12.76,0,0.00%,$0.00,$12.76,0,0.00%,$0.00,$12.76
Lake Anne Elementary,5/06/2025,30102,1% Unflavored Shelf-Stable Milk(Each),0,0,0,11,11,0,11,$4.18,0,0.00%,$0.00,$4.18,0,0.00%,$0.00,$4.18
Lake Anne Elementary,5/06/2025,20001,1% White Milk(Each),49,0,49,50,45,0,45,$16.20,0,0.00%,$0.00,$16.20,5,10.00%,$1.80,$18.00
Lake Anne Elementary,5/06/2025,30008,Apple Juice(Each),100,0,100,100,86,0,86,$14.62,0,0.00%,$0.00,$14.62,14,14.00%,$2.38,$17.00
Lake Anne Elementary,5/06/2025,20008,Apple Slices(3 slices per 1/4 cup),0,0,0,30,28,0,28,$16.52,0,0.00%,$0.00,$16.52,2,6.67%,$1.18,$17.70
Lake Anne Elementary,5/06/2025,30020,Applesauce(1/2 Cup),29,0,29,25,25,0,25,$5.25,0,0.00%,$0.00,$5.25,0,0.00%,$0.00,$5.25
Lake Anne Elementary,5/06/2025,20031,Banana(Each),30,0,30,0,0,0,0,$0.00,0,0.00%,$0.00,$0.00,0,0.00%,$0.00,$0.00
Lake Anne Elementary,5/06/2025,60068,Biscuit(Biscuit),36,0,36,22,20,0,20,$4.20,2,9.09%,$0.42,$4.62,0,0.00%,$0.00,$4.62
Lake Anne Elementary,5/06/2025,30004,Blueberry Chex Cereal(Each),40,0,40,24,10,0,10,$5.90,0,0.00%,$0.00,$5.90,14,58.33%,$8.26,$14.16
Lake Anne Elementary,5/06/2025,30006,Cinnamon Chex Cereal(Each),40,0,40,32,27,0,27,$15.93,0,0.00%,$0.00,$15.93,5,15.63%,$2.95,$18.88
Lake Anne Elementary,5/06/2025,30007,"Cinnamon Toast Crunch Cereal, 25% Less Sugar(Each)",40,0,40,32,32,0,32,$18.88,0,0.00%,$0.00,$18.88,0,0.00%,$0.00,$18.88
Lake Anne Elementary,5/06/2025,20038,Fat Free White Milk(Each),31,0,31,21,18,0,18,$5.94,0,0.00%,$0.00,$5.94,3,14.29%,$0.99,$6.93
Lake Anne Elementary,5/06/2025,30003,Honey Cheerios Cereal(Each),40,0,40,24,14,0,14,$8.26,0,0.00%,$0.00,$8.26,10,41.67%,$5.90,$14.16
Lake Anne Elementary,5/06/2025,30103,"Milk, Lactose Free,  Fat Free, Shelf-Stable(Each)",2,0,2,2,2,0,2,$0.96,0,0.00%,$0.00,$0.96,0,0.00%,$0.00,$0.96
Lake Anne Elementary,5/06/2025,30188,"Milk, Soy, Plain, Bulk (12/32 oz)(1 cup)",1,0,1,1,1,0,1,$0.79,0,0.00%,$0.00,$0.79,0,0.00%,$0.00,$0.79
Lake Anne Elementary,5/06/2025,10041,Mini Maple Pancakes(Package),0,0,0,24,24,0,24,$9.36,0,0.00%,$0.00,$9.36,0,0.00%,$0.00,$9.36
Lake Anne Elementary,5/06/2025,30051,Natural Grape Jam(Packet),44,0,44,32,17,0,17,$1.53,0,0.00%,$0.00,$1.53,15,46.88%,$1.35,$2.88
Lake Anne Elementary,5/06/2025,20017,Orange(6 Slices per 1/2 cup),30,0,30,0,0,0,0,$0.00,0,0.00%,$0.00,$0.00,0,0.00%,$0.00,$0.00
Lake Anne Elementary,5/06/2025,30009,Orange Tangerine Juice(Each),50,0,50,40,33,0,33,$5.61,0,0.00%,$0.00,$5.61,7,17.50%,$1.19,$6.80
Lake Anne Elementary,5/06/2025,20014,Red Delicious Apple(Each - serving),40,0,40,0,0,0,0,$0.00,0,0.00%,$0.00,$0.00,0,0.00%,$0.00,$0.00
Lake Anne Elementary,5/06/2025,60096,Strawberry Parfait(Parfait),8,0,8,6,3,0,3,$2.97,3,50.00%,$2.97,$5.94,0,0.00%,$0.00,$5.94
Lake Anne Elementary,5/06/2025,60011,Turkey Sausage Breakfast Biscuit(Sandwich),63,0,63,37,33,0,33,$14.52,0,0.00%,$0.00,$14.52,4,10.81%,$1.76,$16.28
Lake Braddock Secondary,5/06/2025,20001,1% White Milk(Each),20,0,20,76,20,0,20,$7.20,0,0.00%,$0.00,$7.20,56,73.68%,$20.16,$27.36
Lake Braddock Secondary,5/06/2025,30008,Apple Juice(Each),149,0,149,170,134,9,143,$24.31,0,0.00%,$0.00,$24.31,27,15.88%,$4.59,$28.90
Lake Braddock Secondary,5/06/2025,20031,Banana(Each),12,0,12,20,13,0,13,$2.73,0,0.00%,$0.00,$2.73,7,35.00%,$1.47,$4.20
Lake Braddock Secondary,5/06/2025,60068,Biscuit(Biscuit),13,0,13,10,7,0,7,$1.47,0,0.00%,$0.00,$1.47,3,30.00%,$0.63,$2.10
Lake Braddock Secondary,5/06/2025,30004,Blueberry Chex Cereal(Each),9,0,9,16,12,0,12,$7.08,0,0.00%,$0.00,$7.08,4,25.00%,$2.36,$9.44
Lake Braddock Secondary,5/06/2025,30097,Bottled Water(Bottle),0,0,0,22,0,17,17,$0.00,0,0.00%,$0.00,$0.00,5,22.73%,$0.00,$0.00
Lake Braddock Secondary,5/06/2025,30006,Cinnamon Chex Cereal(Each),14,0,14,36,31,1,32,$18.88,0,0.00%,$0.00,$18.88,4,11.11%,$2.36,$21.24
Lake Braddock Secondary,5/06/2025,30007,"Cinnamon Toast Crunch Cereal, 25% Less Sugar(Each)",20,0,20,36,26,6,32,$18.88,0,0.00%,$0.00,$18.88,4,11.11%,$2.36,$21.24
Lake Braddock Secondary,5/06/2025,20038,Fat Free White Milk(Each),7,0,7,70,15,0,15,$4.95,0,0.00%,$0.00,$4.95,55,78.57%,$18.15,$23.10
Lake Braddock Secondary,5/06/2025,30046,Granola(1/4 cup),0,0,0,24,20,0,20,$4.60,0,0.00%,$0.00,$4.60,4,16.67%,$0.92,$5.52
Lake Braddock Secondary,5/06/2025,30003,Honey Cheerios Cereal(Each),17,0,17,19,16,3,19,$11.21,0,0.00%,$0.00,$11.21,0,0.00%,$0.00,$11.21
Lake Braddock Secondary,5/06/2025,10041,Mini Maple Pancakes(Package),0,0,0,65,57,8,65,$25.35,0,0.00%,$0.00,$25.35,0,0.00%,$0.00,$25.35
Lake Braddock Secondary,5/06/2025,30051,Natural Grape Jam(Packet),13,0,13,10,7,0,7,$0.63,0,0.00%,$0.00,$0.63,3,30.00%,$0.27,$0.90
Lake Braddock Secondary,5/06/2025,20017,Orange(6 Slices per 1/2 cup),3,0,3,16,1,0,1,$0.34,0,0.00%,$0.00,$0.34,15,93.75%,$5.10,$5.44
Lake Braddock Secondary,5/06/2025,30009,Orange Tangerine Juice(Each),55,0,55,130,55,0,55,$9.35,0,0.00%,$0.00,$9.35,75,57.69%,$12.75,$22.10
Lake Braddock Secondary,5/06/2025,60099,"Parfait, Triple Berry(Parfait)",0,0,0,24,20,0,20,$13.60,0,0.00%,$0.00,$13.60,4,16.67%,$2.72,$16.32
Lake Braddock Secondary,5/06/2025,20014,Red Delicious Apple(Each - serving),6,0,6,20,6,0,6,$1.98,0,0.00%,$0.00,$1.98,14,70.00%,$4.62,$6.60
Lake Braddock Secondary,5/06/2025,60011,Turkey Sausage Breakfast Biscuit(Sandwich),35,0,35,44,35,2,37,$16.28,0,0.00%,$0.00,$16.28,7,15.91%,$3.08,$19.36
Lane Elementary,5/06/2025,20001,1% White Milk(Each),50,0,50,50,45,0,45,$16.20,0,0.00%,$0.00,$16.20,5,10.00%,$1.80,$18.00
Lane Elementary,5/06/2025,30008,Apple Juice(Each),80,0,80,80,77,0,77,$13.09,0,0.00%,$0.00,$13.09,3,3.75%,$0.51,$13.60
Lane Elementary,5/06/2025,60068,Biscuit(Biscuit),5,0,5,5,2,0,2,$0.42,0,0.00%,$0.00,$0.42,3,60.00%,$0.63,$1.05
Lane Elementary,5/06/2025,30004,Blueberry Chex Cereal(Each),10,0,10,10,5,0,5,$2.95,0,0.00%,$0.00,$2.95,5,50.00%,$2.95,$5.90
Lane Elementary,5/06/2025,30006,Cinnamon Chex Cereal(Each),25,0,25,20,16,0,16,$9.44,0,0.00%,$0.00,$9.44,4,20.00%,$2.36,$11.80
Lane Elementary,5/06/2025,30007,"Cinnamon Toast Crunch Cereal, 25% Less Sugar(Each)",10,0,10,10,4,0,4,$2.36,0,0.00%,$0.00,$2.36,6,60.00%,$3.54,$5.90
Lane Elementary,5/06/2025,20038,Fat Free White Milk(Each),20,0,20,20,9,0,9,$2.97,0,0.00%,$0.00,$2.97,11,55.00%,$3.63,$6.60
Lane Elementary,5/06/2025,30003,Honey Cheerios Cereal(Each),25,0,25,20,8,0,8,$4.72,0,0.00%,$0.00,$4.72,12,60.00%,$7.08,$11.80
Lane Elementary,5/06/2025,30051,Natural Grape Jam(Packet),30,0,30,60,59,0,59,$5.31,0,0.00%,$0.00,$5.31,1,1.67%,$0.09,$5.40
Lane Elementary,5/06/2025,30009,Orange Tangerine Juice(Each),60,0,60,60,50,0,50,$8.50,0,0.00%,$0.00,$8.50,10,16.67%,$1.70,$10.20
Lane Elementary,5/06/2025,20014,Red Delicious Apple(Each - serving),55,0,55,55,51,0,51,$16.83,0,0.00%,$0.00,$16.83,4,7.27%,$1.32,$18.15
Lane Elementary,5/06/2025,60096,Strawberry Parfait(Parfait),10,0,10,5,2,0,2,$1.98,1,20.00%,$0.99,$2.97,2,40.00%,$1.98,$4.95
Lane Elementary,5/06/2025,60011,Turkey Sausage Breakfast Biscuit(Sandwich),25,0,25,20,15,0,15,$6.60,3,15.00%,$1.32,$7.92,2,10.00%,$0.88,$8.80
Lane Elementary,5/06/2025,60102,"Waffle (Grain), Belgian, Buttery Maple, Bulk(Waffle)",0,0,0,60,59,0,59,$25.96,1,1.67%,$0.44,$26.40,0,0.00%,$0.00,$26.40
Langley High,5/06/2025,20001,1% White Milk(Each),10,0,10,12,7,0,7,$2.52,0,0.00%,$0.00,$2.52,5,41.67%,$1.80,$4.32
Langley High,5/06/2025,10021,Apple Cinnamon Bread(2oz Grain (1/32 Baked Pan)),0,0,0,20,12,4,16,$13.12,0,0.00%,$0.00,$13.12,4,20.00%,$3.28,$16.40
Langley High,5/06/2025,30008,Apple Juice(Each),49,0,49,60,41,0,41,$6.97,0,0.00%,$0.00,$6.97,19,31.67%,$3.23,$10.20
Langley High,5/06/2025,10020,Bagel(Bagel),0,0,0,20,13,3,16,$5.12,0,0.00%,$0.00,$5.12,4,20.00%,$1.28,$6.40
Langley High,5/06/2025,60068,Biscuit(Biscuit),2,0,2,5,3,1,4,$0.84,0,0.00%,$0.00,$0.84,1,20.00%,$0.21,$1.05
Langley High,5/06/2025,30097,Bottled Water(Bottle),0,0,0,20,20,0,20,$3.20,0,0.00%,$0.00,$3.20,0,0.00%,$0.00,$3.20
Langley High,5/06/2025,30006,Cinnamon Chex Cereal(Each),5,0,5,24,12,3,15,$8.85,0,0.00%,$0.00,$8.85,9,37.50%,$5.31,$14.16
Langley High,5/06/2025,20009,Cream Cheese(Each),0,0,0,20,13,3,16,$4.64,0,0.00%,$0.00,$4.64,4,20.00%,$1.16,$5.80
Langley High,5/06/2025,20038,Fat Free White Milk(Each),8,0,8,7,6,0,6,$1.98,0,0.00%,$0.00,$1.98,1,14.29%,$0.33,$2.31
Langley High,5/06/2025,20015,Golden Delicious Apple(Each),0,0,0,10,8,0,8,$2.48,0,0.00%,$0.00,$2.48,2,20.00%,$0.62,$3.10
Langley High,5/06/2025,30003,Honey Cheerios Cereal(Each),7,0,7,5,4,0,4,$2.36,0,0.00%,$0.00,$2.36,1,20.00%,$0.59,$2.95
Langley High,5/06/2025,10041,Mini Maple Pancakes(Package),0,0,0,20,14,3,17,$6.63,0,0.00%,$0.00,$6.63,3,15.00%,$1.17,$7.80
Langley High,5/06/2025,30051,Natural Grape Jam(Packet),11,0,11,10,7,0,7,$0.63,0,0.00%,$0.00,$0.63,3,30.00%,$0.27,$0.90
Langley High,5/06/2025,30196,"Nutri-Grain, Apple Cinnamon(each)",0,0,0,6,5,0,5,$2.25,0,0.00%,$0.00,$2.25,1,16.67%,$0.45,$2.70
Langley High,5/06/2025,30198,"Nutri-Grain, Strawberry(each)",0,0,0,11,8,0,8,$3.60,0,0.00%,$0.00,$3.60,3,27.27%,$1.35,$4.95
Langley High,5/06/2025,30009,Orange Tangerine Juice(Each),28,0,28,40,18,0,18,$3.06,0,0.00%,$0.00,$3.06,22,55.00%,$3.74,$6.80
Langley High,5/06/2025,60096,Strawberry Parfait(Parfait),4,0,4,8,6,1,7,$6.93,0,0.00%,$0.00,$6.93,1,12.50%,$0.99,$7.92
Langley High,5/06/2025,20016,String Cheese(1 Stick),0,0,0,20,12,4,16,$3.52,0,0.00%,$0.00,$3.52,4,20.00%,$0.88,$4.40
Langley High,5/06/2025,60011,Turkey Sausage Breakfast Biscuit(Sandwich),4,0,4,6,4,1,5,$2.20,0,0.00%,$0.00,$2.20,1,16.67%,$0.44,$2.64
Laurel Hill Elementary,5/06/2025,30102,1% Unflavored Shelf-Stable Milk(Each),0,0,0,57,35,0,35,$13.30,0,0.00%,$0.00,$13.30,22,38.60%,$8.36,$21.66
Laurel Hill Elementary,5/06/2025,20001,1% White Milk(Each),0,0,0,1,0,0,0,$0.00,0,0.00%,$0.00,$0.00,1,100.00%,$0.00,$0.00
Laurel Hill Elementary,5/06/2025,30008,Apple Juice(Each),84,0,84,80,80,0,80,$13.60,0,0.00%,$0.00,$13.60,0,0.00%,$0.00,$13.60
Laurel Hill Elementary,5/06/2025,30020,Applesauce(1/2 Cup),1,0,1,1,0,0,0,$0.00,0,0.00%,$0.00,$0.00,1,100.00%,$0.00,$0.00
Laurel Hill Elementary,5/06/2025,60068,Biscuit(Biscuit),11,0,11,11,10,0,10,$2.10,0,0.00%,$0.00,$2.10,1,9.09%,$0.21,$2.31
Laurel Hill Elementary,5/06/2025,30004,Blueberry Chex Cereal(Each),13,0,13,30,28,0,28,$16.52,0,0.00%,$0.00,$16.52,2,6.67%,$1.18,$17.70
Laurel Hill Elementary,5/06/2025,30006,Cinnamon Chex Cereal(Each),9,0,9,30,30,0,30,$17.70,0,0.00%,$0.00,$17.70,0,0.00%,$0.00,$17.70
Laurel Hill Elementary,5/06/2025,30003,Honey Cheerios Cereal(Each),19,0,19,30,30,0,30,$17.70,0,0.00%,$0.00,$17.70,0,0.00%,$0.00,$17.70
Laurel Hill Elementary,5/06/2025,10041,Mini Maple Pancakes(Package),0,0,0,35,35,0,35,$13.65,0,0.00%,$0.00,$13.65,0,0.00%,$0.00,$13.65
Laurel Hill Elementary,5/06/2025,30051,Natural Grape Jam(Packet),15,0,15,11,10,0,10,$0.90,0,0.00%,$0.00,$0.90,1,9.09%,$0.09,$0.99
Laurel Hill Elementary,5/06/2025,20017,Orange(6 Slices per 1/2 cup),2,0,2,40,21,0,21,$7.14,0,0.00%,$0.00,$7.14,19,47.50%,$6.46,$13.60
Laurel Hill Elementary,5/06/2025,30009,Orange Tangerine Juice(Each),65,0,65,81,69,0,69,$11.73,0,0.00%,$0.00,$11.73,12,14.81%,$2.04,$13.77
Laurel Hill Elementary,5/06/2025,30044,Strawberry Flavored Dried Cranberries(2 Eaches),0,0,0,40,14,0,14,$6.72,0,0.00%,$0.00,$6.72,26,65.00%,$12.48,$19.20
Laurel Hill Elementary,5/06/2025,60096,Strawberry Parfait(Parfait),8,0,8,20,12,0,12,$11.88,0,0.00%,$0.00,$11.88,8,40.00%,$7.92,$19.80
Laurel Hill Elementary,5/06/2025,60011,Turkey Sausage Breakfast Biscuit(Sandwich),18,0,18,21,17,0,17,$7.48,0,0.00%,$0.00,$7.48,4,19.05%,$1.76,$9.24
Laurel Ridge Elementary,5/06/2025,20001,1% White Milk(Each),38,1,39,39,32,0,32,$11.52,0,0.00%,$0.00,$11.52,7,17.95%,$2.52,$14.04
Laurel Ridge Elementary,5/06/2025,60178,Apple Cinnamon Bread (Grain for entree)(1 square),7,0,7,10,10,0,10,$4.10,0,0.00%,$0.00,$4.10,0,0.00%,$0.00,$4.10
Laurel Ridge Elementary,5/06/2025,30008,Apple Juice(Each),80,17,97,80,80,0,80,$13.60,0,0.00%,$0.00,$13.60,0,0.00%,$0.00,$13.60
Laurel Ridge Elementary,5/06/2025,30020,Applesauce(1/2 Cup),7,0,7,7,7,0,7,$1.47,0,0.00%,$0.00,$1.47,0,0.00%,$0.00,$1.47
Laurel Ridge Elementary,5/06/2025,30004,Blueberry Chex Cereal(Each),3,0,3,3,1,0,1,$0.59,0,0.00%,$0.00,$0.59,2,66.67%,$1.18,$1.77
Laurel Ridge Elementary,5/06/2025,30097,Bottled Water(Bottle),0,0,0,5,0,2,2,$0.00,0,0.00%,$0.00,$0.00,3,60.00%,$0.00,$0.00
Laurel Ridge Elementary,5/06/2025,30006,Cinnamon Chex Cereal(Each),10,0,10,8,3,0,3,$1.77,0,0.00%,$0.00,$1.77,5,62.50%,$2.95,$4.72
Laurel Ridge Elementary,5/06/2025,30007,"Cinnamon Toast Crunch Cereal, 25% Less Sugar(Each)",10,0,10,10,10,0,10,$5.90,0,0.00%,$0.00,$5.90,0,0.00%,$0.00,$5.90
Laurel Ridge Elementary,5/06/2025,20038,Fat Free White Milk(Each),22,0,22,24,18,0,18,$5.94,0,0.00%,$0.00,$5.94,6,25.00%,$1.98,$7.92
Laurel Ridge Elementary,5/06/2025,30003,Honey Cheerios Cereal(Each),12,0,12,12,12,0,12,$7.08,0,0.00%,$0.00,$7.08,0,0.00%,$0.00,$7.08
Laurel Ridge Elementary,5/06/2025,30037,IW Applesauce Cup(Each),30,0,30,30,30,0,30,$8.10,0,0.00%,$0.00,$8.10,0,0.00%,$0.00,$8.10
Laurel Ridge Elementary,5/06/2025,10041,Mini Maple Pancakes(Package),57,0,57,60,38,14,52,$20.28,0,0.00%,$0.00,$20.28,8,13.33%,$3.12,$23.40
Laurel Ridge Elementary,5/06/2025,30051,Natural Grape Jam(Packet),12,0,12,12,10,2,12,$1.08,0,0.00%,$0.00,$1.08,0,0.00%,$0.00,$1.08
Laurel Ridge Elementary,5/06/2025,20017,Orange(6 Slices per 1/2 cup),30,0,30,30,22,0,22,$7.48,0,0.00%,$0.00,$7.48,8,26.67%,$2.72,$10.20
Laurel Ridge Elementary,5/06/2025,30009,Orange Tangerine Juice(Each),40,4,44,40,40,0,40,$6.80,0,0.00%,$0.00,$6.80,0,0.00%,$0.00,$6.80
Laurel Ridge Elementary,5/06/2025,20014,Red Delicious Apple(Each - serving),30,0,30,30,28,0,28,$9.24,0,0.00%,$0.00,$9.24,2,6.67%,$0.66,$9.90
Laurel Ridge Elementary,5/06/2025,60096,Strawberry Parfait(Parfait),8,0,8,7,3,0,3,$2.97,0,0.00%,$0.00,$2.97,4,57.14%,$3.96,$6.93
Laurel Ridge Elementary,5/06/2025,60011,Turkey Sausage Breakfast Biscuit(Sandwich),12,2,14,12,10,2,12,$5.28,0,0.00%,$0.00,$5.28,0,0.00%,$0.00,$5.28
Lees Corner Elementary,5/06/2025,20001,1% White Milk(Each),20,0,20,26,14,0,14,$5.04,0,0.00%,$0.00,$5.04,12,46.15%,$4.32,$9.36
Lees Corner Elementary,5/06/2025,30008,Apple Juice(Each),40,0,40,40,30,1,31,$5.27,0,0.00%,$0.00,$5.27,9,22.50%,$1.53,$6.80
Lees Corner Elementary,5/06/2025,20031,Banana(Each),9,0,9,0,0,0,0,$0.00,0,0.00%,$0.00,$0.00,0,0.00%,$0.00,$0.00
Lees Corner Elementary,5/06/2025,60068,Biscuit(Biscuit),3,0,3,0,0,0,0,$0.00,0,0.00%,$0.00,$0.00,0,0.00%,$0.00,$0.00
Lees Corner Elementary,5/06/2025,30004,Blueberry Chex Cereal(Each),0,0,0,0,0,0,0,$0.00,0,0.00%,$0.00,$0.00,0,0.00%,$0.00,$0.00
Lees Corner Elementary,5/06/2025,30006,Cinnamon Chex Cereal(Each),10,0,10,8,6,0,6,$3.54,0,0.00%,$0.00,$3.54,2,25.00%,$1.18,$4.72
Lees Corner Elementary,5/06/2025,30007,"Cinnamon Toast Crunch Cereal, 25% Less Sugar(Each)",10,0,10,8,7,0,7,$4.13,0,0.00%,$0.00,$4.13,1,12.50%,$0.59,$4.72
Lees Corner Elementary,5/06/2025,20038,Fat Free White Milk(Each),10,0,10,20,6,0,6,$1.98,0,0.00%,$0.00,$1.98,14,70.00%,$4.62,$6.60
Lees Corner Elementary,5/06/2025,30003,Honey Cheerios Cereal(Each),10,0,10,8,5,0,5,$2.95,0,0.00%,$0.00,$2.95,3,37.50%,$1.77,$4.72
Lees Corner Elementary,5/06/2025,10041,Mini Maple Pancakes(Package),0,0,0,16,16,0,16,$6.24,0,0.00%,$0.00,$6.24,0,0.00%,$0.00,$6.24
Lees Corner Elementary,5/06/2025,30093,Natural Breakfast Syrup(Each),0,0,0,16,16,0,16,$3.20,0,0.00%,$0.00,$3.20,0,0.00%,$0.00,$3.20
Lees Corner Elementary,5/06/2025,30051,Natural Grape Jam(Packet),10,0,10,8,7,0,7,$0.63,0,0.00%,$0.00,$0.63,1,12.50%,$0.09,$0.72
Lees Corner Elementary,5/06/2025,20017,Orange(6 Slices per 1/2 cup),5,0,5,0,0,0,0,$0.00,0,0.00%,$0.00,$0.00,0,0.00%,$0.00,$0.00
Lees Corner Elementary,5/06/2025,30009,Orange Tangerine Juice(Each),20,0,20,20,13,0,13,$2.21,0,0.00%,$0.00,$2.21,7,35.00%,$1.19,$3.40
Lees Corner Elementary,5/06/2025,20014,Red Delicious Apple(Each - serving),15,0,15,15,11,0,11,$3.63,0,0.00%,$0.00,$3.63,4,26.67%,$1.32,$4.95
Lees Corner Elementary,5/06/2025,60096,Strawberry Parfait(Parfait),10,0,10,4,2,2,4,$3.96,0,0.00%,$0.00,$3.96,0,0.00%,$0.00,$3.96
Lees Corner Elementary,5/06/2025,60011,Turkey Sausage Breakfast Biscuit(Sandwich),7,0,7,8,7,0,7,$3.08,1,12.50%,$0.44,$3.52,0,0.00%,$0.00,$3.52
Lemon Road Elementary,5/06/2025,20001,1% White Milk(Each),25,0,25,33,29,0,29,$10.44,0,0.00%,$0.00,$10.44,4,12.12%,$1.44,$11.88
Lemon Road Elementary,5/06/2025,30008,Apple Juice(Each),39,0,39,54,44,8,52,$8.84,0,0.00%,$0.00,$8.84,2,3.70%,$0.34,$9.18
Lemon Road Elementary,5/06/2025,20031,Banana(Each),18,0,18,10,9,0,9,$1.89,0,0.00%,$0.00,$1.89,1,10.00%,$0.21,$2.10
Lemon Road Elementary,5/06/2025,30004,Blueberry Chex Cereal(Each),0,0,0,8,0,0,0,$0.00,0,0.00%,$0.00,$0.00,8,100.00%,$0.00,$0.00
Lemon Road Elementary,5/06/2025,30006,Cinnamon Chex Cereal(Each),7,0,7,14,6,0,6,$3.54,0,0.00%,$0.00,$3.54,8,57.14%,$4.72,$8.26
Lemon Road Elementary,5/06/2025,30007,"Cinnamon Toast Crunch Cereal, 25% Less Sugar(Each)",16,0,16,20,8,0,8,$4.72,1,5.00%,$0.59,$5.31,11,55.00%,$6.49,$11.80
Lemon Road Elementary,5/06/2025,20009,Cream Cheese(Each),0,0,0,12,12,0,12,$3.48,0,0.00%,$0.00,$3.48,0,0.00%,$0.00,$3.48
Lemon Road Elementary,5/06/2025,20038,Fat Free White Milk(Each),4,0,4,2,1,0,1,$0.33,0,0.00%,$0.00,$0.33,1,50.00%,$0.33,$0.66
Lemon Road Elementary,5/06/2025,30003,Honey Cheerios Cereal(Each),12,0,12,6,6,0,6,$3.54,0,0.00%,$0.00,$3.54,0,0.00%,$0.00,$3.54
Lemon Road Elementary,5/06/2025,10041,Mini Maple Pancakes(Package),0,0,0,36,31,5,36,$14.04,0,0.00%,$0.00,$14.04,0,0.00%,$0.00,$14.04
Lemon Road Elementary,5/06/2025,30051,Natural Grape Jam(Packet),13,0,13,12,12,0,12,$1.08,0,0.00%,$0.00,$1.08,0,0.00%,$0.00,$1.08
Lemon Road Elementary,5/06/2025,20017,Orange(6 Slices per 1/2 cup),21,0,21,30,18,0,18,$6.12,0,0.00%,$0.00,$6.12,12,40.00%,$4.08,$10.20
Lemon Road Elementary,5/06/2025,30009,Orange Tangerine Juice(Each),28,0,28,37,16,0,16,$2.72,0,0.00%,$0.00,$2.72,21,56.76%,$3.57,$6.29
Lemon Road Elementary,5/06/2025,20014,Red Delicious Apple(Each - serving),24,0,24,21,16,0,16,$5.28,0,0.00%,$0.00,$5.28,5,23.81%,$1.65,$6.93
Lemon Road Elementary,5/06/2025,60164,"Sandwich, Breakfast. Bagel, Turkey Sausage(Sandwich)",0,0,0,12,8,3,11,$5.94,1,8.33%,$0.54,$6.48,0,0.00%,$0.00,$6.48
Lemon Road Elementary,5/06/2025,60096,Strawberry Parfait(Parfait),1,0,1,5,3,0,3,$2.97,0,0.00%,$0.00,$2.97,2,40.00%,$1.98,$4.95
Lewis High,5/06/2025,20001,1% White Milk(Each),17,0,17,50,38,0,38,$13.68,0,0.00%,$0.00,$13.68,12,24.00%,$4.32,$18.00
Lewis High,5/06/2025,30008,Apple Juice(Each),208,0,208,200,176,0,176,$29.92,0,0.00%,$0.00,$29.92,24,12.00%,$4.08,$34.00
Lewis High,5/06/2025,30004,Blueberry Chex Cereal(Each),30,0,30,40,35,0,35,$20.65,0,0.00%,$0.00,$20.65,5,12.50%,$2.95,$23.60
Lewis High,5/06/2025,30007,"Cinnamon Toast Crunch Cereal, 25% Less Sugar(Each)",36,0,36,30,30,0,30,$17.70,0,0.00%,$0.00,$17.70,0,0.00%,$0.00,$17.70
Lewis High,5/06/2025,20038,Fat Free White Milk(Each),18,0,18,15,5,0,5,$1.65,0,0.00%,$0.00,$1.65,10,66.67%,$3.30,$4.95
Lewis High,5/06/2025,30003,Honey Cheerios Cereal(Each),25,0,25,30,30,0,30,$17.70,0,0.00%,$0.00,$17.70,0,0.00%,$0.00,$17.70
Lewis High,5/06/2025,10041,Mini Maple Pancakes(Package),0,0,0,90,90,0,90,$35.10,0,0.00%,$0.00,$35.10,0,0.00%,$0.00,$35.10
Lewis High,5/06/2025,30051,Natural Grape Jam(Packet),35,0,35,100,88,0,88,$7.92,0,0.00%,$0.00,$7.92,12,12.00%,$1.08,$9.00
Lewis High,5/06/2025,30009,Orange Tangerine Juice(Each),199,0,199,200,176,0,176,$29.92,0,0.00%,$0.00,$29.92,24,12.00%,$4.08,$34.00
Lewis High,5/06/2025,20014,Red Delicious Apple(Each - serving),76,0,76,112,100,0,100,$33.00,0,0.00%,$0.00,$33.00,12,10.71%,$3.96,$36.96
Lewis High,5/06/2025,60096,Strawberry Parfait(Parfait),32,0,32,40,35,0,35,$34.65,0,0.00%,$0.00,$34.65,5,12.50%,$4.95,$39.60
Lewis High,5/06/2025,60011,Turkey Sausage Breakfast Biscuit(Sandwich),149,0,149,150,131,0,131,$57.64,0,0.00%,$0.00,$57.64,19,12.67%,$8.36,$66.00
Liberty Middle,5/06/2025,20001,1% White Milk(Each),4,0,4,10,4,0,4,$1.44,0,0.00%,$0.00,$1.44,6,60.00%,$2.16,$3.60
Liberty Middle,5/06/2025,30008,Apple Juice(Each),33,0,33,40,33,1,34,$5.78,0,0.00%,$0.00,$5.78,6,15.00%,$1.02,$6.80
Liberty Middle,5/06/2025,60068,Biscuit(Biscuit),1,0,1,3,0,0,0,$0.00,0,0.00%,$0.00,$0.00,3,100.00%,$0.00,$0.00
Liberty Middle,5/06/2025,30006,Cinnamon Chex Cereal(Each),2,0,2,6,6,0,6,$3.54,0,0.00%,$0.00,$3.54,0,0.00%,$0.00,$3.54
Liberty Middle,5/06/2025,30007,"Cinnamon Toast Crunch Cereal, 25% Less Sugar(Each)",5,0,5,6,6,0,6,$3.54,0,0.00%,$0.00,$3.54,0,0.00%,$0.00,$3.54
Liberty Middle,5/06/2025,30108,Fat Free Unflavored Shelf-Stable Milk(Each),0,0,0,10,3,0,3,$1.14,0,0.00%,$0.00,$1.14,7,70.00%,$2.66,$3.80
Liberty Middle,5/06/2025,30003,Honey Cheerios Cereal(Each),3,0,3,6,3,0,3,$1.77,0,0.00%,$0.00,$1.77,3,50.00%,$1.77,$3.54
Liberty Middle,5/06/2025,10041,Mini Maple Pancakes(Package),0,0,0,30,28,2,30,$11.70,0,0.00%,$0.00,$11.70,0,0.00%,$0.00,$11.70
Liberty Middle,5/06/2025,30051,Natural Grape Jam(Packet),4,0,4,3,0,0,0,$0.00,0,0.00%,$0.00,$0.00,3,100.00%,$0.00,$0.00
Liberty Middle,5/06/2025,20017,Orange(6 Slices per 1/2 cup),6,0,6,10,4,0,4,$1.36,0,0.00%,$0.00,$1.36,6,60.00%,$2.04,$3.40
Liberty Middle,5/06/2025,30009,Orange Tangerine Juice(Each),27,0,27,40,29,0,29,$4.93,0,0.00%,$0.00,$4.93,11,27.50%,$1.87,$6.80
Liberty Middle,5/06/2025,20014,Red Delicious Apple(Each - serving),5,0,5,10,3,0,3,$0.99,0,0.00%,$0.00,$0.99,7,70.00%,$2.31,$3.30
Liberty Middle,5/06/2025,60096,Strawberry Parfait(Parfait),5,0,5,6,6,0,6,$5.94,0,0.00%,$0.00,$5.94,0,0.00%,$0.00,$5.94
Liberty Middle,5/06/2025,60011,Turkey Sausage Breakfast Biscuit(Sandwich),10,0,10,15,13,1,14,$6.16,0,0.00%,$0.00,$6.16,1,6.67%,$0.44,$6.60
Little Run Elementary,5/06/2025,20001,1% White Milk(Each),14,0,14,23,21,0,21,$7.56,0,0.00%,$0.00,$7.56,2,8.70%,$0.72,$8.28
Little Run Elementary,5/06/2025,30008,Apple Juice(Each),36,0,36,39,30,4,34,$5.78,0,0.00%,$0.00,$5.78,5,12.82%,$0.85,$6.63
Little Run Elementary,5/06/2025,30020,Applesauce(1/2 Cup),3,0,3,3,3,0,3,$0.63,0,0.00%,$0.00,$0.63,0,0.00%,$0.00,$0.63
Little Run Elementary,5/06/2025,60068,Biscuit(Biscuit),3,0,3,7,2,2,4,$0.84,0,0.00%,$0.00,$0.84,3,42.86%,$0.63,$1.47
Little Run Elementary,5/06/2025,30181,"Cereal, Cinnamon Toast Crunch 1 oz (Sub)(Each)",0,0,0,20,16,2,18,$5.76,0,0.00%,$0.00,$5.76,2,10.00%,$0.64,$6.40
Little Run Elementary,5/06/2025,30006,Cinnamon Chex Cereal(Each),10,0,10,11,11,0,11,$6.49,0,0.00%,$0.00,$6.49,0,0.00%,$0.00,$6.49
Little Run Elementary,5/06/2025,20038,Fat Free White Milk(Each),5,0,5,15,6,0,6,$1.98,0,0.00%,$0.00,$1.98,9,60.00%,$2.97,$4.95
Little Run Elementary,5/06/2025,30034,Graham Crackers(Package),0,0,0,20,16,2,18,$2.52,0,0.00%,$0.00,$2.52,2,10.00%,$0.28,$2.80
Little Run Elementary,5/06/2025,30003,Honey Cheerios Cereal(Each),10,0,10,10,10,0,10,$5.90,0,0.00%,$0.00,$5.90,0,0.00%,$0.00,$5.90
Little Run Elementary,5/06/2025,30051,Natural Grape Jam(Packet),19,0,19,22,17,0,17,$1.53,0,0.00%,$0.00,$1.53,5,22.73%,$0.45,$1.98
Little Run Elementary,5/06/2025,30009,Orange Tangerine Juice(Each),23,0,23,33,28,0,28,$4.76,0,0.00%,$0.00,$4.76,5,15.15%,$0.85,$5.61
Little Run Elementary,5/06/2025,20014,Red Delicious Apple(Each - serving),0,0,0,10,8,0,8,$2.64,0,0.00%,$0.00,$2.64,2,20.00%,$0.66,$3.30
Little Run Elementary,5/06/2025,60096,Strawberry Parfait(Parfait),10,0,10,5,5,0,5,$4.95,0,0.00%,$0.00,$4.95,0,0.00%,$0.00,$4.95
Little Run Elementary,5/06/2025,60011,Turkey Sausage Breakfast Biscuit(Sandwich),20,0,20,17,14,3,17,$7.48,0,0.00%,$0.00,$7.48,0,0.00%,$0.00,$7.48
London Towne Elementary,5/06/2025,20001,1% White Milk(Each),74,0,74,119,83,0,83,$29.88,0,0.00%,$0.00,$29.88,36,30.25%,$12.96,$42.84
London Towne Elementary,5/06/2025,10021,Apple Cinnamon Bread(1oz Grain (1/64 Baked Pan)),0,0,0,100,82,0,82,$33.62,0,0.00%,$0.00,$33.62,18,18.00%,$7.38,$41.00
London Towne Elementary,5/06/2025,30008,Apple Juice(Each),203,0,203,220,170,0,170,$28.90,0,0.00%,$0.00,$28.90,50,22.73%,$8.50,$37.40
London Towne Elementary,5/06/2025,30020,Applesauce(1/2 Cup),39,0,39,38,38,0,38,$7.98,0,0.00%,$0.00,$7.98,0,0.00%,$0.00,$7.98
London Towne Elementary,5/06/2025,10020,Bagel(Bagel),0,0,0,38,38,0,38,$12.16,0,0.00%,$0.00,$12.16,0,0.00%,$0.00,$12.16
London Towne Elementary,5/06/2025,30006,Cinnamon Chex Cereal(Each),50,0,50,71,25,1,26,$15.34,0,0.00%,$0.00,$15.34,45,63.38%,$26.55,$41.89
London Towne Elementary,5/06/2025,30007,"Cinnamon Toast Crunch Cereal, 25% Less Sugar(Each)",50,0,50,50,43,0,43,$25.37,0,0.00%,$0.00,$25.37,7,14.00%,$4.13,$29.50
London Towne Elementary,5/06/2025,20009,Cream Cheese(Each),0,0,0,38,38,0,38,$11.02,0,0.00%,$0.00,$11.02,0,0.00%,$0.00,$11.02
London Towne Elementary,5/06/2025,20038,Fat Free White Milk(Each),7,0,7,5,4,0,4,$1.32,0,0.00%,$0.00,$1.32,1,20.00%,$0.33,$1.65
London Towne Elementary,5/06/2025,30003,Honey Cheerios Cereal(Each),50,0,50,50,40,0,40,$23.60,0,0.00%,$0.00,$23.60,10,20.00%,$5.90,$29.50
London Towne Elementary,5/06/2025,30103,"Milk, Lactose Free,  Fat Free, Shelf-Stable(Each)",0,0,0,3,3,0,3,$1.44,0,0.00%,$0.00,$1.44,0,0.00%,$0.00,$1.44
London Towne Elementary,5/06/2025,10041,Mini Maple Pancakes(Package),0,0,0,40,40,0,40,$15.60,0,0.00%,$0.00,$15.60,0,0.00%,$0.00,$15.60
London Towne Elementary,5/06/2025,30009,Orange Tangerine Juice(Each),39,0,39,80,61,0,61,$10.37,0,0.00%,$0.00,$10.37,19,23.75%,$3.23,$13.60
London Towne Elementary,5/06/2025,60099,"Parfait, Triple Berry(Parfait)",0,0,0,5,5,0,5,$3.40,0,0.00%,$0.00,$3.40,0,0.00%,$0.00,$3.40
London Towne Elementary,5/06/2025,20014,Red Delicious Apple(Each - serving),34,0,34,32,30,0,30,$9.90,0,0.00%,$0.00,$9.90,2,6.25%,$0.66,$10.56
London Towne Elementary,5/06/2025,20016,String Cheese(1 Stick),0,0,0,40,38,0,38,$8.36,0,0.00%,$0.00,$8.36,2,5.00%,$0.44,$8.80
Longfellow Middle,5/06/2025,20001,1% White Milk(Each),10,0,10,50,10,0,10,$3.60,0,0.00%,$0.00,$3.60,40,80.00%,$14.40,$18.00
Longfellow Middle,5/06/2025,30008,Apple Juice(Each),30,0,30,40,23,0,23,$3.91,0,0.00%,$0.00,$3.91,17,42.50%,$2.89,$6.80
Longfellow Middle,5/06/2025,10020,Bagel(Bagel),0,0,0,30,23,0,23,$7.36,0,0.00%,$0.00,$7.36,7,23.33%,$2.24,$9.60
Longfellow Middle,5/06/2025,30181,"Cereal, Cinnamon Toast Crunch 1 oz (Sub)(Each)",0,0,0,10,7,0,7,$2.24,0,0.00%,$0.00,$2.24,3,30.00%,$0.96,$3.20
Longfellow Middle,5/06/2025,20038,Fat Free White Milk(Each),11,0,11,50,12,0,12,$3.96,0,0.00%,$0.00,$3.96,38,76.00%,$12.54,$16.50
Longfellow Middle,5/06/2025,10041,Mini Maple Pancakes(Package),0,0,0,40,35,0,35,$13.65,0,0.00%,$0.00,$13.65,5,12.50%,$1.95,$15.60
Longfellow Middle,5/06/2025,30093,Natural Breakfast Syrup(Each),20,0,20,40,20,0,20,$4.00,0,0.00%,$0.00,$4.00,20,50.00%,$4.00,$8.00
Longfellow Middle,5/06/2025,30051,Natural Grape Jam(Packet),9,0,9,20,10,0,10,$0.90,0,0.00%,$0.00,$0.90,10,50.00%,$0.90,$1.80
Longfellow Middle,5/06/2025,20017,Orange(6 Slices per 1/2 cup),9,0,9,20,10,0,10,$3.40,0,0.00%,$0.00,$3.40,10,50.00%,$3.40,$6.80
Longfellow Middle,5/06/2025,30009,Orange Tangerine Juice(Each),30,0,30,40,23,0,23,$3.91,0,0.00%,$0.00,$3.91,17,42.50%,$2.89,$6.80
Longfellow Middle,5/06/2025,20014,Red Delicious Apple(Each - serving),20,0,20,25,15,0,15,$4.95,0,0.00%,$0.00,$4.95,10,40.00%,$3.30,$8.25
Longfellow Middle,5/06/2025,60096,Strawberry Parfait(Parfait),4,0,4,4,0,0,0,$0.00,0,0.00%,$0.00,$0.00,4,100.00%,$0.00,$0.00
Lorton Station Elementary,5/06/2025,30102,1% Unflavored Shelf-Stable Milk(Each),0,0,0,60,56,0,56,$21.28,0,0.00%,$0.00,$21.28,4,6.67%,$1.52,$22.80
Lorton Station Elementary,5/06/2025,20001,1% White Milk(Each),33,0,33,31,31,0,31,$11.16,0,0.00%,$0.00,$11.16,0,0.00%,$0.00,$11.16
Lorton Station Elementary,5/06/2025,30008,Apple Juice(Each),300,0,300,310,306,0,306,$52.02,0,0.00%,$0.00,$52.02,4,1.29%,$0.68,$52.70
Lorton Station Elementary,5/06/2025,30020,Applesauce(1/2 Cup),33,0,33,31,31,0,31,$6.51,0,0.00%,$0.00,$6.51,0,0.00%,$0.00,$6.51
Lorton Station Elementary,5/06/2025,60068,Biscuit(Biscuit),22,0,22,44,43,0,43,$9.03,0,0.00%,$0.00,$9.03,1,2.27%,$0.21,$9.24
Lorton Station Elementary,5/06/2025,30006,Cinnamon Chex Cereal(Each),133,0,133,135,130,0,130,$76.70,0,0.00%,$0.00,$76.70,5,3.70%,$2.95,$79.65
Lorton Station Elementary,5/06/2025,60125,Egg and American Cheese on Biscuit(Sandwich),0,0,0,12,12,0,12,$5.64,0,0.00%,$0.00,$5.64,0,0.00%,$0.00,$5.64
Lorton Station Elementary,5/06/2025,30108,Fat Free Unflavored Shelf-Stable Milk(Each),0,0,0,27,27,0,27,$10.26,0,0.00%,$0.00,$10.26,0,0.00%,$0.00,$10.26
Lorton Station Elementary,5/06/2025,30003,Honey Cheerios Cereal(Each),133,0,133,135,130,0,130,$76.70,0,0.00%,$0.00,$76.70,5,3.70%,$2.95,$79.65
Lorton Station Elementary,5/06/2025,30051,Natural Grape Jam(Packet),33,0,33,55,54,0,54,$4.86,0,0.00%,$0.00,$4.86,1,1.82%,$0.09,$4.95
Lorton Station Elementary,5/06/2025,20014,Red Delicious Apple(Each - serving),50,0,50,50,5,0,5,$1.65,0,0.00%,$0.00,$1.65,45,90.00%,$14.85,$16.50
Lorton Station Elementary,5/06/2025,60096,Strawberry Parfait(Parfait),10,0,10,15,10,0,10,$9.90,0,0.00%,$0.00,$9.90,5,33.33%,$4.95,$14.85
Lorton Station Elementary,5/06/2025,60011,Turkey Sausage Breakfast Biscuit(Sandwich),11,0,11,11,11,0,11,$4.84,0,0.00%,$0.00,$4.84,0,0.00%,$0.00,$4.84
Louise Archer Elementary,5/06/2025,20001,1% White Milk(Each),23,0,23,25,20,0,20,$7.20,0,0.00%,$0.00,$7.20,5,20.00%,$1.80,$9.00
Louise Archer Elementary,5/06/2025,30008,Apple Juice(Each),63,0,63,65,60,0,60,$10.20,0,0.00%,$0.00,$10.20,5,7.69%,$0.85,$11.05
Louise Archer Elementary,5/06/2025,10020,Bagel(Bagel),0,0,0,36,36,0,36,$11.52,0,0.00%,$0.00,$11.52,0,0.00%,$0.00,$11.52
Louise Archer Elementary,5/06/2025,30004,Blueberry Chex Cereal(Each),11,0,11,10,10,0,10,$5.90,0,0.00%,$0.00,$5.90,0,0.00%,$0.00,$5.90
Louise Archer Elementary,5/06/2025,30181,"Cereal, Cinnamon Toast Crunch 1 oz (Sub)(Each)",0,0,0,15,12,0,12,$3.84,0,0.00%,$0.00,$3.84,3,20.00%,$0.96,$4.80
Louise Archer Elementary,5/06/2025,30006,Cinnamon Chex Cereal(Each),9,0,9,10,10,0,10,$5.90,0,0.00%,$0.00,$5.90,0,0.00%,$0.00,$5.90
Louise Archer Elementary,5/06/2025,20009,Cream Cheese(Each),0,0,0,30,30,0,30,$8.70,0,0.00%,$0.00,$8.70,0,0.00%,$0.00,$8.70
Louise Archer Elementary,5/06/2025,20038,Fat Free White Milk(Each),17,0,17,10,8,0,8,$2.64,0,0.00%,$0.00,$2.64,2,20.00%,$0.66,$3.30
Louise Archer Elementary,5/06/2025,30034,Graham Crackers(Package),0,0,0,15,10,0,10,$1.40,0,0.00%,$0.00,$1.40,5,33.33%,$0.70,$2.10
Louise Archer Elementary,5/06/2025,30009,Orange Tangerine Juice(Each),21,0,21,10,6,0,6,$1.02,0,0.00%,$0.00,$1.02,4,40.00%,$0.68,$1.70
Louise Archer Elementary,5/06/2025,20014,Red Delicious Apple(Each - serving),23,0,23,25,23,0,23,$7.59,0,0.00%,$0.00,$7.59,2,8.00%,$0.66,$8.25
Louise Archer Elementary,5/06/2025,60096,Strawberry Parfait(Parfait),1,0,1,5,2,0,2,$1.98,0,0.00%,$0.00,$1.98,3,60.00%,$2.97,$4.95
Luther Jackson Middle,5/06/2025,20001,1% White Milk(Each),15,0,15,18,6,0,6,$2.16,0,0.00%,$0.00,$2.16,12,66.67%,$4.32,$6.48
Luther Jackson Middle,5/06/2025,30008,Apple Juice(Each),80,0,80,80,80,0,80,$13.60,0,0.00%,$0.00,$13.60,0,0.00%,$0.00,$13.60
Luther Jackson Middle,5/06/2025,10020,Bagel(Bagel),120,0,120,60,44,0,44,$14.08,0,0.00%,$0.00,$14.08,16,26.67%,$5.12,$19.20
Luther Jackson Middle,5/06/2025,30004,Blueberry Chex Cereal(Each),12,0,12,12,8,0,8,$4.72,0,0.00%,$0.00,$4.72,4,33.33%,$2.36,$7.08
Luther Jackson Middle,5/06/2025,30006,Cinnamon Chex Cereal(Each),12,0,12,12,5,0,5,$2.95,0,0.00%,$0.00,$2.95,7,58.33%,$4.13,$7.08
Luther Jackson Middle,5/06/2025,30007,"Cinnamon Toast Crunch Cereal, 25% Less Sugar(Each)",12,0,12,12,8,0,8,$4.72,0,0.00%,$0.00,$4.72,4,33.33%,$2.36,$7.08
Luther Jackson Middle,5/06/2025,20009,Cream Cheese(Each),120,0,120,60,45,0,45,$13.05,0,0.00%,$0.00,$13.05,15,25.00%,$4.35,$17.40
Luther Jackson Middle,5/06/2025,20038,Fat Free White Milk(Each),6,0,6,6,2,0,2,$0.66,0,0.00%,$0.00,$0.66,4,66.67%,$1.32,$1.98
Luther Jackson Middle,5/06/2025,30003,Honey Cheerios Cereal(Each),12,0,12,12,6,0,6,$3.54,0,0.00%,$0.00,$3.54,6,50.00%,$3.54,$7.08
Luther Jackson Middle,5/06/2025,10041,Mini Maple Pancakes(Package),0,0,0,61,49,0,49,$19.11,0,0.00%,$0.00,$19.11,12,19.67%,$4.68,$23.79
Luther Jackson Middle,5/06/2025,30093,Natural Breakfast Syrup(Each),0,0,0,53,14,0,14,$2.80,0,0.00%,$0.00,$2.80,39,73.58%,$7.80,$10.60
Luther Jackson Middle,5/06/2025,30051,Natural Grape Jam(Packet),6,0,6,32,2,0,2,$0.18,0,0.00%,$0.00,$0.18,30,93.75%,$2.70,$2.88
Luther Jackson Middle,5/06/2025,20017,Orange(6 Slices per 1/2 cup),3,0,3,15,2,0,2,$0.68,0,0.00%,$0.00,$0.68,13,86.67%,$4.42,$5.10
Luther Jackson Middle,5/06/2025,30009,Orange Tangerine Juice(Each),80,0,80,80,44,0,44,$7.48,0,0.00%,$0.00,$7.48,36,45.00%,$6.12,$13.60
Luther Jackson Middle,5/06/2025,20014,Red Delicious Apple(Each - serving),15,0,15,25,3,0,3,$0.99,0,0.00%,$0.00,$0.99,22,88.00%,$7.26,$8.25
Luther Jackson Middle,5/06/2025,60168,Triple Berry Parfait Power Pack(Power Pack),0,0,0,10,5,0,5,$6.60,0,0.00%,$0.00,$6.60,5,50.00%,$6.60,$13.20
Luther Jackson Middle,5/06/2025,60011,Turkey Sausage Breakfast Biscuit(Sandwich),8,0,8,8,5,0,5,$2.20,3,37.50%,$1.32,$3.52,0,0.00%,$0.00,$3.52
Lynbrook Elementary,5/06/2025,20001,1% White Milk(Each),104,0,104,121,104,0,104,$37.44,0,0.00%,$0.00,$37.44,17,14.05%,$6.12,$43.56
Lynbrook Elementary,5/06/2025,30020,Applesauce(1/2 Cup),57,0,57,56,50,0,50,$10.50,0,0.00%,$0.00,$10.50,6,10.71%,$1.26,$11.76
Lynbrook Elementary,5/06/2025,20031,Banana(Each),59,0,59,75,57,0,57,$11.97,0,0.00%,$0.00,$11.97,18,24.00%,$3.78,$15.75
Lynbrook Elementary,5/06/2025,60068,Biscuit(Biscuit),6,0,6,20,16,0,16,$3.36,0,0.00%,$0.00,$3.36,4,20.00%,$0.84,$4.20
Lynbrook Elementary,5/06/2025,30004,Blueberry Chex Cereal(Each),25,0,25,32,30,0,30,$17.70,0,0.00%,$0.00,$17.70,2,6.25%,$1.18,$18.88
Lynbrook Elementary,5/06/2025,30006,Cinnamon Chex Cereal(Each),23,0,23,32,30,0,30,$17.70,0,0.00%,$0.00,$17.70,2,6.25%,$1.18,$18.88
Lynbrook Elementary,5/06/2025,30007,"Cinnamon Toast Crunch Cereal, 25% Less Sugar(Each)",24,0,24,32,30,0,30,$17.70,0,0.00%,$0.00,$17.70,2,6.25%,$1.18,$18.88
Lynbrook Elementary,5/06/2025,60125,Egg and American Cheese on Biscuit(Sandwich),0,0,0,136,104,0,104,$48.88,0,0.00%,$0.00,$48.88,32,23.53%,$15.04,$63.92
Lynbrook Elementary,5/06/2025,20038,Fat Free White Milk(Each),48,0,48,60,55,0,55,$18.15,0,0.00%,$0.00,$18.15,5,8.33%,$1.65,$19.80
Lynbrook Elementary,5/06/2025,30003,Honey Cheerios Cereal(Each),26,0,26,32,30,0,30,$17.70,0,0.00%,$0.00,$17.70,2,6.25%,$1.18,$18.88
Lynbrook Elementary,5/06/2025,20043,"Lactose Free, White Milk(Each)",0,0,0,2,1,0,1,$0.58,0,0.00%,$0.00,$0.58,1,50.00%,$0.58,$1.16
Lynbrook Elementary,5/06/2025,10041,Mini Maple Pancakes(Package),0,0,0,37,37,0,37,$14.43,0,0.00%,$0.00,$14.43,0,0.00%,$0.00,$14.43
Lynbrook Elementary,5/06/2025,30051,Natural Grape Jam(Packet),26,0,26,106,94,0,94,$8.46,0,0.00%,$0.00,$8.46,12,11.32%,$1.08,$9.54
Lynbrook Elementary,5/06/2025,30009,Orange Tangerine Juice(Each),257,0,257,303,276,0,276,$46.92,0,0.00%,$0.00,$46.92,27,8.91%,$4.59,$51.51
Lynbrook Elementary,5/06/2025,60096,Strawberry Parfait(Parfait),23,0,23,40,36,0,36,$35.64,0,0.00%,$0.00,$35.64,4,10.00%,$3.96,$39.60
Madison High,5/06/2025,20001,1% White Milk(Each),10,0,10,34,4,0,4,$1.44,0,0.00%,$0.00,$1.44,30,88.24%,$10.80,$12.24
Madison High,5/06/2025,30008,Apple Juice(Each),30,0,30,30,18,0,18,$3.06,0,0.00%,$0.00,$3.06,12,40.00%,$2.04,$5.10
Madison High,5/06/2025,60068,Biscuit(Biscuit),2,0,2,2,1,0,1,$0.21,1,50.00%,$0.21,$0.42,0,0.00%,$0.00,$0.42
Madison High,5/06/2025,10023,Blueberry Bread(1oz Grain (1/64 Baked Pan)),0,0,0,15,14,0,14,$5.74,1,6.67%,$0.41,$6.15,0,0.00%,$0.00,$6.15
Madison High,5/06/2025,30006,Cinnamon Chex Cereal(Each),8,0,8,7,5,0,5,$2.95,0,0.00%,$0.00,$2.95,2,28.57%,$1.18,$4.13
Madison High,5/06/2025,60125,Egg and American Cheese on Biscuit(Sandwich),0,0,0,24,5,0,5,$2.35,1,4.17%,$0.47,$2.82,18,75.00%,$8.46,$11.28
Madison High,5/06/2025,20038,Fat Free White Milk(Each),4,0,4,40,4,0,4,$1.32,0,0.00%,$0.00,$1.32,36,90.00%,$11.88,$13.20
Madison High,5/06/2025,30003,Honey Cheerios Cereal(Each),8,0,8,8,1,0,1,$0.59,0,0.00%,$0.00,$0.59,7,87.50%,$4.13,$4.72
Madison High,5/06/2025,10041,Mini Maple Pancakes(Package),12,0,12,10,10,0,10,$3.90,0,0.00%,$0.00,$3.90,0,0.00%,$0.00,$3.90
Madison High,5/06/2025,30093,Natural Breakfast Syrup(Each),12,0,12,5,1,0,1,$0.20,0,0.00%,$0.00,$0.20,4,80.00%,$0.80,$1.00
Madison High,5/06/2025,30051,Natural Grape Jam(Packet),12,0,12,10,0,0,0,$0.00,0,0.00%,$0.00,$0.00,10,100.00%,$0.00,$0.00
Madison High,5/06/2025,30009,Orange Tangerine Juice(Each),30,0,30,30,11,0,11,$1.87,0,0.00%,$0.00,$1.87,19,63.33%,$3.23,$5.10
Madison High,5/06/2025,20014,Red Delicious Apple(Each - serving),20,0,20,20,5,0,5,$1.65,0,0.00%,$0.00,$1.65,15,75.00%,$4.95,$6.60
Madison High,5/06/2025,60096,Strawberry Parfait(Parfait),6,0,6,3,0,0,0,$0.00,0,0.00%,$0.00,$0.00,3,100.00%,$0.00,$0.00
Madison High,5/06/2025,60169,Strawberry Smoothie(8oz portion),0,0,0,6,5,0,5,$4.30,1,16.67%,$0.86,$5.16,0,0.00%,$0.00,$5.16
Mantua Elementary,5/06/2025,20001,1% White Milk(Each),22,0,22,136,20,0,20,$7.20,0,0.00%,$0.00,$7.20,116,85.29%,$41.76,$48.96
Mantua Elementary,5/06/2025,30008,Apple Juice(Each),81,0,81,99,72,25,97,$16.49,0,0.00%,$0.00,$16.49,2,2.02%,$0.34,$16.83
Mantua Elementary,5/06/2025,30004,Blueberry Chex Cereal(Each),7,0,7,10,6,0,6,$3.54,0,0.00%,$0.00,$3.54,4,40.00%,$2.36,$5.90
Mantua Elementary,5/06/2025,30006,Cinnamon Chex Cereal(Each),6,0,6,12,6,0,6,$3.54,0,0.00%,$0.00,$3.54,6,50.00%,$3.54,$7.08
Mantua Elementary,5/06/2025,30007,"Cinnamon Toast Crunch Cereal, 25% Less Sugar(Each)",22,0,22,30,18,0,18,$10.62,0,0.00%,$0.00,$10.62,12,40.00%,$7.08,$17.70
Mantua Elementary,5/06/2025,20038,Fat Free White Milk(Each),4,0,4,27,7,0,7,$2.31,0,0.00%,$0.00,$2.31,20,74.07%,$6.60,$8.91
Mantua Elementary,5/06/2025,30003,Honey Cheerios Cereal(Each),12,0,12,24,10,0,10,$5.90,0,0.00%,$0.00,$5.90,14,58.33%,$8.26,$14.16
Mantua Elementary,5/06/2025,10041,Mini Maple Pancakes(Package),0,0,0,72,61,0,61,$23.79,0,0.00%,$0.00,$23.79,11,15.28%,$4.29,$28.08
Mantua Elementary,5/06/2025,30009,Orange Tangerine Juice(Each),51,0,51,40,30,10,40,$6.80,0,0.00%,$0.00,$6.80,0,0.00%,$0.00,$6.80
Mantua Elementary,5/06/2025,60096,Strawberry Parfait(Parfait),5,0,5,4,4,0,4,$3.96,0,0.00%,$0.00,$3.96,0,0.00%,$0.00,$3.96
MARSHALL HS,5/06/2025,20001,1% White Milk(Each),31,0,31,47,31,0,31,$11.16,0,0.00%,$0.00,$11.16,16,34.04%,$5.76,$16.92
MARSHALL HS,5/06/2025,30008,Apple Juice(Each),79,0,79,80,74,0,74,$12.58,0,0.00%,$0.00,$12.58,6,7.50%,$1.02,$13.60
MARSHALL HS,5/06/2025,10020,Bagel(Bagel),0,0,0,30,21,0,21,$6.72,0,0.00%,$0.00,$6.72,9,30.00%,$2.88,$9.60
MARSHALL HS,5/06/2025,10096,"Batter, Pumpkin Bread(1oz Grain (1/64 Baked Pan))",0,0,0,25,23,0,23,$9.43,0,0.00%,$0.00,$9.43,2,8.00%,$0.82,$10.25
MARSHALL HS,5/06/2025,30004,Blueberry Chex Cereal(Each),3,0,3,4,2,0,2,$1.18,0,0.00%,$0.00,$1.18,2,50.00%,$1.18,$2.36
MARSHALL HS,5/06/2025,30006,Cinnamon Chex Cereal(Each),5,0,5,6,4,0,4,$2.36,0,0.00%,$0.00,$2.36,2,33.33%,$1.18,$3.54
MARSHALL HS,5/06/2025,30007,"Cinnamon Toast Crunch Cereal, 25% Less Sugar(Each)",9,0,9,8,7,0,7,$4.13,0,0.00%,$0.00,$4.13,1,12.50%,$0.59,$4.72
MARSHALL HS,5/06/2025,20009,Cream Cheese(Each),0,0,0,30,21,0,21,$6.09,0,0.00%,$0.00,$6.09,9,30.00%,$2.61,$8.70
MARSHALL HS,5/06/2025,20038,Fat Free White Milk(Each),12,0,12,49,10,0,10,$3.30,0,0.00%,$0.00,$3.30,39,79.59%,$12.87,$16.17
MARSHALL HS,5/06/2025,30003,Honey Cheerios Cereal(Each),8,0,8,8,8,0,8,$4.72,0,0.00%,$0.00,$4.72,0,0.00%,$0.00,$4.72
MARSHALL HS,5/06/2025,10041,Mini Maple Pancakes(Package),0,0,0,50,43,0,43,$16.77,0,0.00%,$0.00,$16.77,7,14.00%,$2.73,$19.50
MARSHALL HS,5/06/2025,30093,Natural Breakfast Syrup(Each),0,0,0,30,26,0,26,$5.20,0,0.00%,$0.00,$5.20,4,13.33%,$0.80,$6.00
MARSHALL HS,5/06/2025,30051,Natural Grape Jam(Packet),6,0,6,10,10,0,10,$0.90,0,0.00%,$0.00,$0.90,0,0.00%,$0.00,$0.90
MARSHALL HS,5/06/2025,30196,"Nutri-Grain, Apple Cinnamon(each)",0,0,0,3,3,0,3,$1.35,0,0.00%,$0.00,$1.35,0,0.00%,$0.00,$1.35
MARSHALL HS,5/06/2025,30197,"Nutri-Grain, Blueberry(each)",0,0,0,2,2,0,2,$0.90,0,0.00%,$0.00,$0.90,0,0.00%,$0.00,$0.90
MARSHALL HS,5/06/2025,30198,"Nutri-Grain, Strawberry(each)",0,0,0,3,3,0,3,$1.35,0,0.00%,$0.00,$1.35,0,0.00%,$0.00,$1.35
MARSHALL HS,5/06/2025,30009,Orange Tangerine Juice(Each),73,0,73,80,62,0,62,$10.54,0,0.00%,$0.00,$10.54,18,22.50%,$3.06,$13.60
MARSHALL HS,5/06/2025,20014,Red Delicious Apple(Each - serving),40,0,40,60,46,0,46,$15.18,0,0.00%,$0.00,$15.18,14,23.33%,$4.62,$19.80
MARSHALL HS,5/06/2025,60096,Strawberry Parfait(Parfait),12,0,12,18,13,0,13,$12.87,0,0.00%,$0.00,$12.87,5,27.78%,$4.95,$17.82
MARSHALL HS,5/06/2025,20016,String Cheese(1 Stick),0,0,0,23,23,0,23,$5.06,0,0.00%,$0.00,$5.06,0,0.00%,$0.00,$5.06
MARSHALL HS,5/06/2025,60011,Turkey Sausage Breakfast Biscuit(Sandwich),15,0,15,18,18,0,18,$7.92,0,0.00%,$0.00,$7.92,0,0.00%,$0.00,$7.92
Marshall Road Elementary,5/06/2025,20001,1% White Milk(Each),36,0,36,34,30,0,30,$10.80,0,0.00%,$0.00,$10.80,4,11.76%,$1.44,$12.24
Marshall Road Elementary,5/06/2025,30008,Apple Juice(Each),51,0,51,67,64,0,64,$10.88,0,0.00%,$0.00,$10.88,3,4.48%,$0.51,$11.39
Marshall Road Elementary,5/06/2025,30020,Applesauce(1/2 Cup),13,0,13,10,10,0,10,$2.10,0,0.00%,$0.00,$2.10,0,0.00%,$0.00,$2.10
Marshall Road Elementary,5/06/2025,20031,Banana(Each),19,0,19,0,0,0,0,$0.00,0,0.00%,$0.00,$0.00,0,0.00%,$0.00,$0.00
Marshall Road Elementary,5/06/2025,60068,Biscuit(Biscuit),5,0,5,8,6,0,6,$1.26,1,12.50%,$0.21,$1.47,1,12.50%,$0.21,$1.68
Marshall Road Elementary,5/06/2025,30004,Blueberry Chex Cereal(Each),15,0,15,8,4,0,4,$2.36,0,0.00%,$0.00,$2.36,4,50.00%,$2.36,$4.72
Marshall Road Elementary,5/06/2025,30006,Cinnamon Chex Cereal(Each),6,0,6,20,6,0,6,$3.54,0,0.00%,$0.00,$3.54,14,70.00%,$8.26,$11.80
Marshall Road Elementary,5/06/2025,30007,"Cinnamon Toast Crunch Cereal, 25% Less Sugar(Each)",21,0,21,16,8,0,8,$4.72,0,0.00%,$0.00,$4.72,8,50.00%,$4.72,$9.44
Marshall Road Elementary,5/06/2025,20038,Fat Free White Milk(Each),18,0,18,15,6,0,6,$1.98,0,0.00%,$0.00,$1.98,9,60.00%,$2.97,$4.95
Marshall Road Elementary,5/06/2025,30003,Honey Cheerios Cereal(Each),16,0,16,31,10,0,10,$5.90,0,0.00%,$0.00,$5.90,21,67.74%,$12.39,$18.29
Marshall Road Elementary,5/06/2025,20043,"Lactose Free, White Milk(Each)",0,0,0,1,1,0,1,$0.58,0,0.00%,$0.00,$0.58,0,0.00%,$0.00,$0.58
Marshall Road Elementary,5/06/2025,60034,Mandarin Orange Parfait(Parfait),0,0,0,5,3,0,3,$2.97,1,20.00%,$0.99,$3.96,1,20.00%,$0.99,$4.95
Marshall Road Elementary,5/06/2025,10041,Mini Maple Pancakes(Package),0,0,0,60,56,0,56,$21.84,2,3.33%,$0.78,$22.62,2,3.33%,$0.78,$23.40
Marshall Road Elementary,5/06/2025,30051,Natural Grape Jam(Packet),61,0,61,8,7,0,7,$0.63,0,0.00%,$0.00,$0.63,1,12.50%,$0.09,$0.72
Marshall Road Elementary,5/06/2025,20017,Orange(6 Slices per 1/2 cup),24,0,24,0,0,0,0,$0.00,0,0.00%,$0.00,$0.00,0,0.00%,$0.00,$0.00
Marshall Road Elementary,5/06/2025,30009,Orange Tangerine Juice(Each),35,0,35,23,23,0,23,$3.91,0,0.00%,$0.00,$3.91,0,0.00%,$0.00,$3.91
Marshall Road Elementary,5/06/2025,20014,Red Delicious Apple(Each - serving),25,0,25,15,15,0,15,$4.95,0,0.00%,$0.00,$4.95,0,0.00%,$0.00,$4.95
Marshall Road Elementary,5/06/2025,60096,Strawberry Parfait(Parfait),8,0,8,0,0,0,0,$0.00,0,0.00%,$0.00,$0.00,0,0.00%,$0.00,$0.00
Marshall Road Elementary,5/06/2025,60011,Turkey Sausage Breakfast Biscuit(Sandwich),29,0,29,16,11,0,11,$4.84,0,0.00%,$0.00,$4.84,5,31.25%,$2.20,$7.04
Mason Crest Elementary,5/06/2025,20001,1% White Milk(Each),162,0,162,172,162,0,162,$58.32,1,0.58%,$0.36,$58.68,9,5.23%,$3.24,$61.92
Mason Crest Elementary,5/06/2025,30008,Apple Juice(Each),130,0,130,130,121,3,124,$21.08,1,0.77%,$0.17,$21.25,5,3.85%,$0.85,$22.10
Mason Crest Elementary,5/06/2025,10020,Bagel(Bagel),0,0,0,61,60,0,60,$19.20,1,1.64%,$0.32,$19.52,0,0.00%,$0.00,$19.52
Mason Crest Elementary,5/06/2025,20031,Banana(Each),50,0,50,10,0,0,0,$0.00,0,0.00%,$0.00,$0.00,10,100.00%,$0.00,$0.00
Mason Crest Elementary,5/06/2025,60068,Biscuit(Biscuit),15,0,15,7,0,0,0,$0.00,0,0.00%,$0.00,$0.00,7,100.00%,$0.00,$0.00
Mason Crest Elementary,5/06/2025,30004,Blueberry Chex Cereal(Each),20,0,20,20,4,0,4,$2.36,0,0.00%,$0.00,$2.36,16,80.00%,$9.44,$11.80
Mason Crest Elementary,5/06/2025,30006,Cinnamon Chex Cereal(Each),30,0,30,100,84,0,84,$49.56,0,0.00%,$0.00,$49.56,16,16.00%,$9.44,$59.00
Mason Crest Elementary,5/06/2025,30007,"Cinnamon Toast Crunch Cereal, 25% Less Sugar(Each)",30,0,30,10,0,0,0,$0.00,0,0.00%,$0.00,$0.00,10,100.00%,$0.00,$0.00
Mason Crest Elementary,5/06/2025,20009,Cream Cheese(Each),0,0,0,61,60,0,60,$17.40,1,1.64%,$0.29,$17.69,0,0.00%,$0.00,$17.69
Mason Crest Elementary,5/06/2025,60165,Egg and American Cheese on Bagel(Sandwich),0,0,0,36,34,0,34,$19.72,1,2.78%,$0.58,$20.30,1,2.78%,$0.58,$20.88
Mason Crest Elementary,5/06/2025,20038,Fat Free White Milk(Each),20,0,20,20,5,0,5,$1.65,0,0.00%,$0.00,$1.65,15,75.00%,$4.95,$6.60
Mason Crest Elementary,5/06/2025,30003,Honey Cheerios Cereal(Each),20,0,20,10,0,0,0,$0.00,0,0.00%,$0.00,$0.00,10,100.00%,$0.00,$0.00
Mason Crest Elementary,5/06/2025,30037,IW Applesauce Cup(Each),0,0,0,69,68,0,68,$18.36,1,1.45%,$0.27,$18.63,0,0.00%,$0.00,$18.63
Mason Crest Elementary,5/06/2025,60034,Mandarin Orange Parfait(Parfait),0,0,0,2,2,0,2,$1.98,0,0.00%,$0.00,$1.98,0,0.00%,$0.00,$1.98
Mason Crest Elementary,5/06/2025,30103,"Milk, Lactose Free,  Fat Free, Shelf-Stable(Each)",0,0,0,3,3,0,3,$1.44,0,0.00%,$0.00,$1.44,0,0.00%,$0.00,$1.44
Mason Crest Elementary,5/06/2025,10041,Mini Maple Pancakes(Package),0,0,0,35,35,0,35,$13.65,0,0.00%,$0.00,$13.65,0,0.00%,$0.00,$13.65
Mason Crest Elementary,5/06/2025,30051,Natural Grape Jam(Packet),112,0,112,35,14,0,14,$1.26,0,0.00%,$0.00,$1.26,21,60.00%,$1.89,$3.15
Mason Crest Elementary,5/06/2025,20017,Orange(6 Slices per 1/2 cup),50,0,50,70,60,0,60,$20.40,0,0.00%,$0.00,$20.40,10,14.29%,$3.40,$23.80
Mason Crest Elementary,5/06/2025,30009,Orange Tangerine Juice(Each),55,0,55,56,46,0,46,$7.82,0,0.00%,$0.00,$7.82,10,17.86%,$1.70,$9.52
Mason Crest Elementary,5/06/2025,60099,"Parfait, Triple Berry(Parfait)",0,0,0,5,4,0,4,$2.72,0,0.00%,$0.00,$2.72,1,20.00%,$0.68,$3.40
Mason Crest Elementary,5/06/2025,20014,Red Delicious Apple(Each - serving),30,0,30,30,25,0,25,$8.25,0,0.00%,$0.00,$8.25,5,16.67%,$1.65,$9.90
Mason Crest Elementary,5/06/2025,60011,Turkey Sausage Breakfast Biscuit(Sandwich),92,0,92,20,15,0,15,$6.60,0,0.00%,$0.00,$6.60,5,25.00%,$2.20,$8.80
McLean High,5/06/2025,20001,1% White Milk(Each),56,0,56,56,26,0,26,$9.36,0,0.00%,$0.00,$9.36,30,53.57%,$10.80,$20.16
McLean High,5/06/2025,30008,Apple Juice(Each),102,0,102,70,70,0,70,$11.90,0,0.00%,$0.00,$11.90,0,0.00%,$0.00,$11.90
McLean High,5/06/2025,20031,Banana(Each),30,0,30,30,14,0,14,$2.94,0,0.00%,$0.00,$2.94,16,53.33%,$3.36,$6.30
McLean High,5/06/2025,30004,Blueberry Chex Cereal(Each),6,0,6,6,6,0,6,$3.54,0,0.00%,$0.00,$3.54,0,0.00%,$0.00,$3.54
McLean High,5/06/2025,30006,Cinnamon Chex Cereal(Each),6,0,6,12,12,0,12,$7.08,0,0.00%,$0.00,$7.08,0,0.00%,$0.00,$7.08
McLean High,5/06/2025,30007,"Cinnamon Toast Crunch Cereal, 25% Less Sugar(Each)",12,0,12,12,12,0,12,$7.08,0,0.00%,$0.00,$7.08,0,0.00%,$0.00,$7.08
McLean High,5/06/2025,20038,Fat Free White Milk(Each),46,0,46,46,43,0,43,$14.19,0,0.00%,$0.00,$14.19,3,6.52%,$0.99,$15.18
McLean High,5/06/2025,30003,Honey Cheerios Cereal(Each),6,0,6,6,6,0,6,$3.54,0,0.00%,$0.00,$3.54,0,0.00%,$0.00,$3.54
McLean High,5/06/2025,10041,Mini Maple Pancakes(Package),0,0,0,82,82,0,82,$31.98,0,0.00%,$0.00,$31.98,0,0.00%,$0.00,$31.98
McLean High,5/06/2025,30093,Natural Breakfast Syrup(Each),0,0,0,82,82,0,82,$16.40,0,0.00%,$0.00,$16.40,0,0.00%,$0.00,$16.40
McLean High,5/06/2025,30009,Orange Tangerine Juice(Each),102,0,102,70,66,0,66,$11.22,0,0.00%,$0.00,$11.22,4,5.71%,$0.68,$11.90
McLean High,5/06/2025,20014,Red Delicious Apple(Each - serving),30,0,30,30,18,0,18,$5.94,0,0.00%,$0.00,$5.94,12,40.00%,$3.96,$9.90
McLean High,5/06/2025,60096,Strawberry Parfait(Parfait),20,0,20,20,17,0,17,$16.83,0,0.00%,$0.00,$16.83,3,15.00%,$2.97,$19.80
McLean High,5/06/2025,60011,Turkey Sausage Breakfast Biscuit(Sandwich),65,0,65,46,45,0,45,$19.80,0,0.00%,$0.00,$19.80,1,2.17%,$0.44,$20.24
McNair Elementary,5/06/2025,20001,1% White Milk(Each),109,0,109,162,119,0,119,$42.84,0,0.00%,$0.00,$42.84,43,26.54%,$15.48,$58.32
McNair Elementary,5/06/2025,30008,Apple Juice(Each),48,0,48,68,51,0,51,$8.67,0,0.00%,$0.00,$8.67,17,25.00%,$2.89,$11.56
McNair Elementary,5/06/2025,30020,Applesauce(1/2 Cup),87,0,87,93,93,0,93,$19.53,0,0.00%,$0.00,$19.53,0,0.00%,$0.00,$19.53
McNair Elementary,5/06/2025,60068,Biscuit(Biscuit),24,0,24,24,24,0,24,$5.04,0,0.00%,$0.00,$5.04,0,0.00%,$0.00,$5.04
McNair Elementary,5/06/2025,30004,Blueberry Chex Cereal(Each),0,0,0,1,1,0,1,$0.59,0,0.00%,$0.00,$0.59,0,0.00%,$0.00,$0.59
McNair Elementary,5/06/2025,60032,Blueberry Parfait(Parfait),0,0,0,8,4,0,4,$4.36,0,0.00%,$0.00,$4.36,4,50.00%,$4.36,$8.72
McNair Elementary,5/06/2025,30006,Cinnamon Chex Cereal(Each),11,0,11,48,14,0,14,$8.26,0,0.00%,$0.00,$8.26,34,70.83%,$20.06,$28.32
McNair Elementary,5/06/2025,30007,"Cinnamon Toast Crunch Cereal, 25% Less Sugar(Each)",8,0,8,48,32,0,32,$18.88,0,0.00%,$0.00,$18.88,16,33.33%,$9.44,$28.32
McNair Elementary,5/06/2025,20038,Fat Free White Milk(Each),17,0,17,28,17,0,17,$5.61,0,0.00%,$0.00,$5.61,11,39.29%,$3.63,$9.24
McNair Elementary,5/06/2025,20015,Golden Delicious Apple(Each),0,0,0,25,18,0,18,$5.58,1,4.00%,$0.31,$5.89,6,24.00%,$1.86,$7.75
McNair Elementary,5/06/2025,30103,"Milk, Lactose Free,  Fat Free, Shelf-Stable(Each)",0,0,0,4,4,0,4,$1.92,0,0.00%,$0.00,$1.92,0,0.00%,$0.00,$1.92
McNair Elementary,5/06/2025,30188,"Milk, Soy, Plain, Bulk (12/32 oz)(1 cup)",0,0,0,1,1,0,1,$0.79,0,0.00%,$0.00,$0.79,0,0.00%,$0.00,$0.79
McNair Elementary,5/06/2025,30051,Natural Grape Jam(Packet),87,0,87,35,35,0,35,$3.15,0,0.00%,$0.00,$3.15,0,0.00%,$0.00,$3.15
McNair Elementary,5/06/2025,30009,Orange Tangerine Juice(Each),25,0,25,26,25,0,25,$4.25,0,0.00%,$0.00,$4.25,1,3.85%,$0.17,$4.42
McNair Elementary,5/06/2025,60011,Turkey Sausage Breakfast Biscuit(Sandwich),74,0,74,82,79,0,79,$34.76,2,2.44%,$0.88,$35.64,1,1.22%,$0.44,$36.08
McNair Upper Elementary,5/06/2025,20001,1% White Milk(Each),21,0,21,51,21,0,21,$7.56,0,0.00%,$0.00,$7.56,30,58.82%,$10.80,$18.36
McNair Upper Elementary,5/06/2025,30008,Apple Juice(Each),49,0,49,46,46,0,46,$7.82,0,0.00%,$0.00,$7.82,0,0.00%,$0.00,$7.82
McNair Upper Elementary,5/06/2025,60068,Biscuit(Biscuit),2,0,2,4,4,0,4,$0.84,0,0.00%,$0.00,$0.84,0,0.00%,$0.00,$0.84
McNair Upper Elementary,5/06/2025,30004,Blueberry Chex Cereal(Each),10,0,10,20,17,0,17,$10.03,0,0.00%,$0.00,$10.03,3,15.00%,$1.77,$11.80
McNair Upper Elementary,5/06/2025,30006,Cinnamon Chex Cereal(Each),13,0,13,20,19,0,19,$11.21,0,0.00%,$0.00,$11.21,1,5.00%,$0.59,$11.80
McNair Upper Elementary,5/06/2025,30007,"Cinnamon Toast Crunch Cereal, 25% Less Sugar(Each)",15,0,15,17,16,0,16,$9.44,0,0.00%,$0.00,$9.44,1,5.88%,$0.59,$10.03
McNair Upper Elementary,5/06/2025,20038,Fat Free White Milk(Each),7,0,7,12,7,0,7,$2.31,0,0.00%,$0.00,$2.31,5,41.67%,$1.65,$3.96
McNair Upper Elementary,5/06/2025,30003,Honey Cheerios Cereal(Each),8,0,8,21,21,0,21,$12.39,0,0.00%,$0.00,$12.39,0,0.00%,$0.00,$12.39
McNair Upper Elementary,5/06/2025,20043,"Lactose Free, White Milk(Each)",0,0,0,13,7,0,7,$4.06,0,0.00%,$0.00,$4.06,6,46.15%,$3.48,$7.54
McNair Upper Elementary,5/06/2025,30051,Natural Grape Jam(Packet),9,0,9,20,5,0,5,$0.45,0,0.00%,$0.00,$0.45,15,75.00%,$1.35,$1.80
McNair Upper Elementary,5/06/2025,30009,Orange Tangerine Juice(Each),29,0,29,39,36,0,36,$6.12,0,0.00%,$0.00,$6.12,3,7.69%,$0.51,$6.63
McNair Upper Elementary,5/06/2025,30043,Raspberry Lemonade Flavored Dried Cranberries(2 Eaches),0,0,0,19,5,0,5,$2.40,0,0.00%,$0.00,$2.40,14,73.68%,$6.72,$9.12
McNair Upper Elementary,5/06/2025,20014,Red Delicious Apple(Each - serving),10,0,10,20,12,0,12,$3.96,0,0.00%,$0.00,$3.96,8,40.00%,$2.64,$6.60
McNair Upper Elementary,5/06/2025,60096,Strawberry Parfait(Parfait),5,0,5,5,4,0,4,$3.96,0,0.00%,$0.00,$3.96,1,20.00%,$0.99,$4.95
McNair Upper Elementary,5/06/2025,60011,Turkey Sausage Breakfast Biscuit(Sandwich),12,0,12,10,10,0,10,$4.40,0,0.00%,$0.00,$4.40,0,0.00%,$0.00,$4.40
Mosaic Elementary,5/06/2025,20001,1% White Milk(Each),75,0,75,117,59,0,59,$21.24,0,0.00%,$0.00,$21.24,58,49.57%,$20.88,$42.12
Mosaic Elementary,5/06/2025,30008,Apple Juice(Each),80,0,80,80,60,0,60,$10.20,0,0.00%,$0.00,$10.20,20,25.00%,$3.40,$13.60
Mosaic Elementary,5/06/2025,30020,Applesauce(1/2 Cup),18,0,18,17,17,0,17,$3.57,0,0.00%,$0.00,$3.57,0,0.00%,$0.00,$3.57
Mosaic Elementary,5/06/2025,10020,Bagel(Bagel),0,0,0,57,50,0,50,$16.00,0,0.00%,$0.00,$16.00,7,12.28%,$2.24,$18.24
Mosaic Elementary,5/06/2025,30004,Blueberry Chex Cereal(Each),10,0,10,10,0,0,0,$0.00,0,0.00%,$0.00,$0.00,10,100.00%,$0.00,$0.00
Mosaic Elementary,5/06/2025,30006,Cinnamon Chex Cereal(Each),10,0,10,10,10,0,10,$5.90,0,0.00%,$0.00,$5.90,0,0.00%,$0.00,$5.90
Mosaic Elementary,5/06/2025,20009,Cream Cheese(Each),0,0,0,57,50,0,50,$14.50,0,0.00%,$0.00,$14.50,7,12.28%,$2.03,$16.53
Mosaic Elementary,5/06/2025,60004,Egg and American Cheese on English Muffin(Sandwich),0,0,0,15,7,0,7,$3.57,0,0.00%,$0.00,$3.57,8,53.33%,$4.08,$7.65
Mosaic Elementary,5/06/2025,20038,Fat Free White Milk(Each),13,0,13,30,8,0,8,$2.64,0,0.00%,$0.00,$2.64,22,73.33%,$7.26,$9.90
Mosaic Elementary,5/06/2025,30184,"Milk, Soy, Vanilla (24/8 oz)(each)",0,0,0,1,1,0,1,$1.02,0,0.00%,$0.00,$1.02,0,0.00%,$0.00,$1.02
Mosaic Elementary,5/06/2025,10041,Mini Maple Pancakes(Package),0,0,0,50,45,0,45,$17.55,0,0.00%,$0.00,$17.55,5,10.00%,$1.95,$19.50
Mosaic Elementary,5/06/2025,20017,Orange(1/4 cup),0,0,0,20,17,0,17,$2.89,0,0.00%,$0.00,$2.89,3,15.00%,$0.51,$3.40
Mosaic Elementary,5/06/2025,30009,Orange Tangerine Juice(Each),40,0,40,40,5,0,5,$0.85,0,0.00%,$0.00,$0.85,35,87.50%,$5.95,$6.80
Mosaic Elementary,5/06/2025,60096,Strawberry Parfait(Parfait),3,0,3,5,3,0,3,$2.97,0,0.00%,$0.00,$2.97,2,40.00%,$1.98,$4.95
Mount Eagle Elementary,5/06/2025,20001,1% White Milk(Each),68,0,68,68,54,0,54,$19.44,0,0.00%,$0.00,$19.44,14,20.59%,$5.04,$24.48
Mount Eagle Elementary,5/06/2025,30008,Apple Juice(Each),100,0,100,120,116,0,116,$19.72,0,0.00%,$0.00,$19.72,4,3.33%,$0.68,$20.40
Mount Eagle Elementary,5/06/2025,30020,Applesauce(1/2 Cup),17,0,17,18,18,0,18,$3.78,0,0.00%,$0.00,$3.78,0,0.00%,$0.00,$3.78
Mount Eagle Elementary,5/06/2025,10020,Bagel(Bagel),0,0,0,200,172,0,172,$55.04,0,0.00%,$0.00,$55.04,28,14.00%,$8.96,$64.00
Mount Eagle Elementary,5/06/2025,30004,Blueberry Chex Cereal(Each),17,0,17,10,10,0,10,$5.90,0,0.00%,$0.00,$5.90,0,0.00%,$0.00,$5.90
Mount Eagle Elementary,5/06/2025,30006,Cinnamon Chex Cereal(Each),32,0,32,10,10,0,10,$5.90,0,0.00%,$0.00,$5.90,0,0.00%,$0.00,$5.90
Mount Eagle Elementary,5/06/2025,20009,Cream Cheese(Each),0,0,0,200,172,0,172,$49.88,0,0.00%,$0.00,$49.88,28,14.00%,$8.12,$58.00
Mount Eagle Elementary,5/06/2025,20038,Fat Free White Milk(Each),3,0,3,5,1,0,1,$0.33,0,0.00%,$0.00,$0.33,4,80.00%,$1.32,$1.65
Mount Eagle Elementary,5/06/2025,30003,Honey Cheerios Cereal(Each),31,0,31,10,10,0,10,$5.90,0,0.00%,$0.00,$5.90,0,0.00%,$0.00,$5.90
Mount Eagle Elementary,5/06/2025,30051,Natural Grape Jam(Packet),93,0,93,68,61,0,61,$5.49,0,0.00%,$0.00,$5.49,7,10.29%,$0.63,$6.12
Mount Eagle Elementary,5/06/2025,30009,Orange Tangerine Juice(Each),90,0,90,120,100,0,100,$17.00,0,0.00%,$0.00,$17.00,20,16.67%,$3.40,$20.40
Mount Eagle Elementary,5/06/2025,20014,Red Delicious Apple(Each - serving),42,0,42,100,68,0,68,$22.44,0,0.00%,$0.00,$22.44,32,32.00%,$10.56,$33.00
Mount Eagle Elementary,5/06/2025,60096,Strawberry Parfait(Parfait),33,0,33,30,28,0,28,$27.72,0,0.00%,$0.00,$27.72,2,6.67%,$1.98,$29.70
MT VERNON HS,5/06/2025,20001,1% White Milk(Each),114,0,114,232,112,0,112,$40.32,0,0.00%,$0.00,$40.32,120,51.72%,$43.20,$83.52
MT VERNON HS,5/06/2025,10021,Apple Cinnamon Bread(1oz Grain (1/64 Baked Pan)),0,0,0,46,44,0,44,$18.04,2,4.35%,$0.82,$18.86,0,0.00%,$0.00,$18.86
MT VERNON HS,5/06/2025,30008,Apple Juice(Each),526,0,526,472,468,0,468,$79.56,0,0.00%,$0.00,$79.56,4,0.85%,$0.68,$80.24
MT VERNON HS,5/06/2025,20069,"Apple, Slices, IW - ER Supper Only(Each)",0,0,0,100,88,0,88,$29.04,0,0.00%,$0.00,$29.04,12,12.00%,$3.96,$33.00
MT VERNON HS,5/06/2025,10020,Bagel(Bagel),0,0,0,176,158,0,158,$50.56,2,1.14%,$0.64,$51.20,16,9.09%,$5.12,$56.32
MT VERNON HS,5/06/2025,30004,Blueberry Chex Cereal(Each),14,0,14,54,31,0,31,$18.29,0,0.00%,$0.00,$18.29,23,42.59%,$13.57,$31.86
MT VERNON HS,5/06/2025,30007,"Cinnamon Toast Crunch Cereal, 25% Less Sugar(Each)",42,0,42,62,42,0,42,$24.78,0,0.00%,$0.00,$24.78,20,32.26%,$11.80,$36.58
MT VERNON HS,5/06/2025,20009,Cream Cheese(Each),0,0,0,200,170,0,170,$49.30,0,0.00%,$0.00,$49.30,30,15.00%,$8.70,$58.00
MT VERNON HS,5/06/2025,60165,Egg and American Cheese on Bagel(Sandwich),0,0,0,50,50,0,50,$29.00,0,0.00%,$0.00,$29.00,0,0.00%,$0.00,$29.00
MT VERNON HS,5/06/2025,20038,Fat Free White Milk(Each),7,0,7,101,14,0,14,$4.62,0,0.00%,$0.00,$4.62,87,86.14%,$28.71,$33.33
MT VERNON HS,5/06/2025,30003,Honey Cheerios Cereal(Each),35,0,35,30,28,0,28,$16.52,0,0.00%,$0.00,$16.52,2,6.67%,$1.18,$17.70
MT VERNON HS,5/06/2025,10041,Mini Maple Pancakes(Package),0,0,0,218,105,3,108,$42.12,3,1.38%,$1.17,$43.29,107,49.08%,$41.73,$85.02
MT VERNON HS,5/06/2025,30051,Natural Grape Jam(Packet),54,0,54,50,50,0,50,$4.50,0,0.00%,$0.00,$4.50,0,0.00%,$0.00,$4.50
MT VERNON HS,5/06/2025,20017,Orange(6 Slices per 1/2 cup),59,0,59,65,50,0,50,$17.00,0,0.00%,$0.00,$17.00,15,23.08%,$5.10,$22.10
MT VERNON HS,5/06/2025,30009,Orange Tangerine Juice(Each),63,0,63,80,41,0,41,$6.97,0,0.00%,$0.00,$6.97,39,48.75%,$6.63,$13.60
MT VERNON HS,5/06/2025,20014,Red Delicious Apple(Each - serving),47,0,47,20,20,0,20,$6.60,0,0.00%,$0.00,$6.60,0,0.00%,$0.00,$6.60
MT VERNON HS,5/06/2025,60096,Strawberry Parfait(Parfait),47,0,47,56,51,0,51,$50.49,2,3.57%,$1.98,$52.47,3,5.36%,$2.97,$55.44
Mt. Vernon Woods Elementary,5/06/2025,20001,1% White Milk(Each),115,0,115,162,145,0,145,$52.20,0,0.00%,$0.00,$52.20,17,10.49%,$6.12,$58.32
Mt. Vernon Woods Elementary,5/06/2025,30008,Apple Juice(Each),151,0,151,207,145,0,145,$24.65,0,0.00%,$0.00,$24.65,62,29.95%,$10.54,$35.19
Mt. Vernon Woods Elementary,5/06/2025,30020,Applesauce(1/2 Cup),45,0,45,41,41,0,41,$8.61,0,0.00%,$0.00,$8.61,0,0.00%,$0.00,$8.61
Mt. Vernon Woods Elementary,5/06/2025,30004,Blueberry Chex Cereal(Each),17,0,17,42,27,0,27,$15.93,0,0.00%,$0.00,$15.93,15,35.71%,$8.85,$24.78
Mt. Vernon Woods Elementary,5/06/2025,30006,Cinnamon Chex Cereal(Each),24,0,24,83,71,0,71,$41.89,0,0.00%,$0.00,$41.89,12,14.46%,$7.08,$48.97
Mt. Vernon Woods Elementary,5/06/2025,30007,"Cinnamon Toast Crunch Cereal, 25% Less Sugar(Each)",57,0,57,83,59,0,59,$34.81,0,0.00%,$0.00,$34.81,24,28.92%,$14.16,$48.97
Mt. Vernon Woods Elementary,5/06/2025,60165,Egg and American Cheese on Bagel(Sandwich),0,0,0,40,40,0,40,$23.20,0,0.00%,$0.00,$23.20,0,0.00%,$0.00,$23.20
Mt. Vernon Woods Elementary,5/06/2025,20038,Fat Free White Milk(Each),16,0,16,10,2,0,2,$0.66,0,0.00%,$0.00,$0.66,8,80.00%,$2.64,$3.30
Mt. Vernon Woods Elementary,5/06/2025,30003,Honey Cheerios Cereal(Each),25,0,25,42,30,0,30,$17.70,0,0.00%,$0.00,$17.70,12,28.57%,$7.08,$24.78
Mt. Vernon Woods Elementary,5/06/2025,20043,"Lactose Free, White Milk(Each)",0,0,0,3,3,0,3,$1.74,0,0.00%,$0.00,$1.74,0,0.00%,$0.00,$1.74
Mt. Vernon Woods Elementary,5/06/2025,60034,Mandarin Orange Parfait(Parfait),0,0,0,18,16,0,16,$15.84,0,0.00%,$0.00,$15.84,2,11.11%,$1.98,$17.82
Mt. Vernon Woods Elementary,5/06/2025,30009,Orange Tangerine Juice(Each),75,0,75,90,64,0,64,$10.88,0,0.00%,$0.00,$10.88,26,28.89%,$4.42,$15.30
Mt. Vernon Woods Elementary,5/06/2025,20014,Red Delicious Apple(Each - serving),31,0,31,50,35,0,35,$11.55,0,0.00%,$0.00,$11.55,15,30.00%,$4.95,$16.50
Navy Elementary,5/06/2025,20001,1% White Milk(Each),10,0,10,10,10,0,10,$3.60,0,0.00%,$0.00,$3.60,0,0.00%,$0.00,$3.60
Navy Elementary,5/06/2025,30008,Apple Juice(Each),36,0,36,40,40,0,40,$6.80,0,0.00%,$0.00,$6.80,0,0.00%,$0.00,$6.80
Navy Elementary,5/06/2025,10020,Bagel(Bagel),35,0,35,12,9,0,9,$2.88,0,0.00%,$0.00,$2.88,3,25.00%,$0.96,$3.84
Navy Elementary,5/06/2025,30004,Blueberry Chex Cereal(Each),3,0,3,4,4,0,4,$2.36,0,0.00%,$0.00,$2.36,0,0.00%,$0.00,$2.36
Navy Elementary,5/06/2025,30006,Cinnamon Chex Cereal(Each),10,0,10,10,6,0,6,$3.54,0,0.00%,$0.00,$3.54,4,40.00%,$2.36,$5.90
Navy Elementary,5/06/2025,30007,"Cinnamon Toast Crunch Cereal, 25% Less Sugar(Each)",10,0,10,10,6,0,6,$3.54,0,0.00%,$0.00,$3.54,4,40.00%,$2.36,$5.90
Navy Elementary,5/06/2025,60135,Cinnamon Waffle(each),0,0,0,15,13,0,13,$5.72,0,0.00%,$0.00,$5.72,2,13.33%,$0.88,$6.60
Navy Elementary,5/06/2025,20009,Cream Cheese(Each),0,0,0,12,9,0,9,$2.61,0,0.00%,$0.00,$2.61,3,25.00%,$0.87,$3.48
Navy Elementary,5/06/2025,20038,Fat Free White Milk(Each),7,0,7,10,8,0,8,$2.64,0,0.00%,$0.00,$2.64,2,20.00%,$0.66,$3.30
Navy Elementary,5/06/2025,30003,Honey Cheerios Cereal(Each),5,0,5,7,7,0,7,$4.13,0,0.00%,$0.00,$4.13,0,0.00%,$0.00,$4.13
Navy Elementary,5/06/2025,10041,Mini Maple Pancakes(Package),0,0,0,18,16,0,16,$6.24,0,0.00%,$0.00,$6.24,2,11.11%,$0.78,$7.02
Navy Elementary,5/06/2025,30051,Natural Grape Jam(Packet),6,0,6,6,5,0,5,$0.45,0,0.00%,$0.00,$0.45,1,16.67%,$0.09,$0.54
Navy Elementary,5/06/2025,20017,Orange(6 Slices per 1/2 cup),9,0,9,12,11,0,11,$3.74,0,0.00%,$0.00,$3.74,1,8.33%,$0.34,$4.08
Navy Elementary,5/06/2025,30009,Orange Tangerine Juice(Each),20,0,20,30,22,0,22,$3.74,0,0.00%,$0.00,$3.74,8,26.67%,$1.36,$5.10
Navy Elementary,5/06/2025,60096,Strawberry Parfait(Parfait),6,0,6,5,3,0,3,$2.97,0,0.00%,$0.00,$2.97,2,40.00%,$1.98,$4.95
Navy Elementary,5/06/2025,60011,Turkey Sausage Breakfast Biscuit(Sandwich),4,0,4,6,6,0,6,$2.64,0,0.00%,$0.00,$2.64,0,0.00%,$0.00,$2.64
Newington Forest Elementary,5/06/2025,20001,1% White Milk(Each),50,0,50,50,25,0,25,$9.00,0,0.00%,$0.00,$9.00,25,50.00%,$9.00,$18.00
Newington Forest Elementary,5/06/2025,30008,Apple Juice(Each),60,0,60,60,52,0,52,$8.84,0,0.00%,$0.00,$8.84,8,13.33%,$1.36,$10.20
Newington Forest Elementary,5/06/2025,20031,Banana(Each),20,0,20,0,0,0,0,$0.00,0,0.00%,$0.00,$0.00,0,0.00%,$0.00,$0.00
Newington Forest Elementary,5/06/2025,60068,Biscuit(Biscuit),10,0,10,5,1,0,1,$0.21,0,0.00%,$0.00,$0.21,4,80.00%,$0.84,$1.05
Newington Forest Elementary,5/06/2025,30004,Blueberry Chex Cereal(Each),30,0,30,30,13,0,13,$7.67,0,0.00%,$0.00,$7.67,17,56.67%,$10.03,$17.70
Newington Forest Elementary,5/06/2025,30006,Cinnamon Chex Cereal(Each),30,0,30,30,6,0,6,$3.54,0,0.00%,$0.00,$3.54,24,80.00%,$14.16,$17.70
Newington Forest Elementary,5/06/2025,30007,"Cinnamon Toast Crunch Cereal, 25% Less Sugar(Each)",30,0,30,30,23,0,23,$13.57,0,0.00%,$0.00,$13.57,7,23.33%,$4.13,$17.70
Newington Forest Elementary,5/06/2025,20038,Fat Free White Milk(Each),25,0,25,25,20,0,20,$6.60,0,0.00%,$0.00,$6.60,5,20.00%,$1.65,$8.25
Newington Forest Elementary,5/06/2025,30003,Honey Cheerios Cereal(Each),30,0,30,30,21,0,21,$12.39,0,0.00%,$0.00,$12.39,9,30.00%,$5.31,$17.70
Newington Forest Elementary,5/06/2025,30051,Natural Grape Jam(Packet),10,0,10,5,1,0,1,$0.09,0,0.00%,$0.00,$0.09,4,80.00%,$0.36,$0.45
Newington Forest Elementary,5/06/2025,20017,Orange(6 Slices per 1/2 cup),20,0,20,0,0,0,0,$0.00,0,0.00%,$0.00,$0.00,0,0.00%,$0.00,$0.00
Newington Forest Elementary,5/06/2025,30009,Orange Tangerine Juice(Each),50,0,50,50,45,0,45,$7.65,0,0.00%,$0.00,$7.65,5,10.00%,$0.85,$8.50
Newington Forest Elementary,5/06/2025,20014,Red Delicious Apple(Each - serving),20,0,20,15,11,0,11,$3.63,0,0.00%,$0.00,$3.63,4,26.67%,$1.32,$4.95
Newington Forest Elementary,5/06/2025,60096,Strawberry Parfait(Parfait),15,0,15,15,9,0,9,$8.91,0,0.00%,$0.00,$8.91,6,40.00%,$5.94,$14.85
Newington Forest Elementary,5/06/2025,60011,Turkey Sausage Breakfast Biscuit(Sandwich),25,0,25,20,10,0,10,$4.40,0,0.00%,$0.00,$4.40,10,50.00%,$4.40,$8.80
North Springfield Elementary,5/06/2025,20001,1% White Milk(Each),49,0,49,54,47,0,47,$16.92,0,0.00%,$0.00,$16.92,7,12.96%,$2.52,$19.44
North Springfield Elementary,5/06/2025,10021,Apple Cinnamon Bread(1oz Grain (1/64 Baked Pan)),0,0,0,32,32,0,32,$13.12,0,0.00%,$0.00,$13.12,0,0.00%,$0.00,$13.12
North Springfield Elementary,5/06/2025,30008,Apple Juice(Each),46,0,46,40,40,0,40,$6.80,0,0.00%,$0.00,$6.80,0,0.00%,$0.00,$6.80
North Springfield Elementary,5/06/2025,30004,Blueberry Chex Cereal(Each),10,0,10,12,3,0,3,$1.77,0,0.00%,$0.00,$1.77,9,75.00%,$5.31,$7.08
North Springfield Elementary,5/06/2025,30061,Chilled Mandarin Oranges(1/2 cup (drained)),0,0,0,32,32,0,32,$10.88,0,0.00%,$0.00,$10.88,0,0.00%,$0.00,$10.88
North Springfield Elementary,5/06/2025,30007,"Cinnamon Toast Crunch Cereal, 25% Less Sugar(Each)",12,0,12,12,12,0,12,$7.08,0,0.00%,$0.00,$7.08,0,0.00%,$0.00,$7.08
North Springfield Elementary,5/06/2025,20038,Fat Free White Milk(Each),8,0,8,12,5,0,5,$1.65,0,0.00%,$0.00,$1.65,7,58.33%,$2.31,$3.96
North Springfield Elementary,5/06/2025,20043,"Lactose Free, White Milk(Each)",0,0,0,2,2,0,2,$1.16,0,0.00%,$0.00,$1.16,0,0.00%,$0.00,$1.16
North Springfield Elementary,5/06/2025,10041,Mini Maple Pancakes(Package),0,0,0,60,53,0,53,$20.67,0,0.00%,$0.00,$20.67,7,11.67%,$2.73,$23.40
North Springfield Elementary,5/06/2025,30009,Orange Tangerine Juice(Each),26,0,26,40,29,0,29,$4.93,0,0.00%,$0.00,$4.93,11,27.50%,$1.87,$6.80
North Springfield Elementary,5/06/2025,60033,Peach Parfait(Parfait),0,0,0,4,2,0,2,$2.32,0,0.00%,$0.00,$2.32,2,50.00%,$2.32,$4.64
North Springfield Elementary,5/06/2025,20014,Red Delicious Apple(Each - serving),30,0,30,40,30,0,30,$9.90,0,0.00%,$0.00,$9.90,10,25.00%,$3.30,$13.20
North Springfield Elementary,5/06/2025,20016,String Cheese(1 Stick),0,0,0,32,32,0,32,$7.04,0,0.00%,$0.00,$7.04,0,0.00%,$0.00,$7.04
Oak Hill Elementary,5/06/2025,20001,1% White Milk(Each),27,0,27,27,27,0,27,$9.72,0,0.00%,$0.00,$9.72,0,0.00%,$0.00,$9.72
Oak Hill Elementary,5/06/2025,30008,Apple Juice(Each),31,0,31,35,33,0,33,$5.61,0,0.00%,$0.00,$5.61,2,5.71%,$0.34,$5.95
Oak Hill Elementary,5/06/2025,30020,Applesauce(1/2 Cup),2,0,2,0,0,0,0,$0.00,0,0.00%,$0.00,$0.00,0,0.00%,$0.00,$0.00
Oak Hill Elementary,5/06/2025,10020,Bagel(Bagel),0,0,0,7,7,0,7,$2.24,0,0.00%,$0.00,$2.24,0,0.00%,$0.00,$2.24
Oak Hill Elementary,5/06/2025,60068,Biscuit(Biscuit),2,0,2,2,2,0,2,$0.42,0,0.00%,$0.00,$0.42,0,0.00%,$0.00,$0.42
Oak Hill Elementary,5/06/2025,30004,Blueberry Chex Cereal(Each),4,0,4,0,0,0,0,$0.00,0,0.00%,$0.00,$0.00,0,0.00%,$0.00,$0.00
Oak Hill Elementary,5/06/2025,30006,Cinnamon Chex Cereal(Each),5,0,5,8,5,0,5,$2.95,0,0.00%,$0.00,$2.95,3,37.50%,$1.77,$4.72
Oak Hill Elementary,5/06/2025,30007,"Cinnamon Toast Crunch Cereal, 25% Less Sugar(Each)",7,0,7,8,8,0,8,$4.72,0,0.00%,$0.00,$4.72,0,0.00%,$0.00,$4.72
Oak Hill Elementary,5/06/2025,20009,Cream Cheese(Each),0,0,0,7,7,0,7,$2.03,0,0.00%,$0.00,$2.03,0,0.00%,$0.00,$2.03
Oak Hill Elementary,5/06/2025,20038,Fat Free White Milk(Each),20,0,20,25,25,0,25,$8.25,0,0.00%,$0.00,$8.25,0,0.00%,$0.00,$8.25
Oak Hill Elementary,5/06/2025,30003,Honey Cheerios Cereal(Each),6,0,6,8,8,0,8,$4.72,0,0.00%,$0.00,$4.72,0,0.00%,$0.00,$4.72
Oak Hill Elementary,5/06/2025,30051,Natural Grape Jam(Packet),13,0,13,22,18,0,18,$1.62,0,0.00%,$0.00,$1.62,4,18.18%,$0.36,$1.98
Oak Hill Elementary,5/06/2025,20017,Orange(6 Slices per 1/2 cup),2,0,2,24,17,0,17,$5.78,0,0.00%,$0.00,$5.78,7,29.17%,$2.38,$8.16
Oak Hill Elementary,5/06/2025,30009,Orange Tangerine Juice(Each),24,0,24,37,19,1,20,$3.40,0,0.00%,$0.00,$3.40,17,45.95%,$2.89,$6.29
Oak Hill Elementary,5/06/2025,60099,"Parfait, Triple Berry(Parfait)",0,0,0,4,4,0,4,$2.72,0,0.00%,$0.00,$2.72,0,0.00%,$0.00,$2.72
Oak Hill Elementary,5/06/2025,60011,Turkey Sausage Breakfast Biscuit(Sandwich),14,0,14,20,16,0,16,$7.04,4,20.00%,$1.76,$8.80,0,0.00%,$0.00,$8.80
Oak View Elementary,5/06/2025,20001,1% White Milk(Each),24,0,24,36,28,0,28,$10.08,0,0.00%,$0.00,$10.08,8,22.22%,$2.88,$12.96
Oak View Elementary,5/06/2025,30008,Apple Juice(Each),90,0,90,97,51,31,82,$13.94,0,0.00%,$0.00,$13.94,15,15.46%,$2.55,$16.49
Oak View Elementary,5/06/2025,30006,Cinnamon Chex Cereal(Each),12,0,12,10,2,0,2,$1.18,0,0.00%,$0.00,$1.18,8,80.00%,$4.72,$5.90
Oak View Elementary,5/06/2025,30007,"Cinnamon Toast Crunch Cereal, 25% Less Sugar(Each)",16,0,16,51,20,5,25,$14.75,2,3.92%,$1.18,$15.93,24,47.06%,$14.16,$30.09
Oak View Elementary,5/06/2025,20038,Fat Free White Milk(Each),8,0,8,12,6,0,6,$1.98,0,0.00%,$0.00,$1.98,6,50.00%,$1.98,$3.96
Oak View Elementary,5/06/2025,30003,Honey Cheerios Cereal(Each),16,0,16,19,12,0,12,$7.08,0,0.00%,$0.00,$7.08,7,36.84%,$4.13,$11.21
Oak View Elementary,5/06/2025,10041,Mini Maple Pancakes(Package),80,0,80,60,36,12,48,$18.72,0,0.00%,$0.00,$18.72,12,20.00%,$4.68,$23.40
Oak View Elementary,5/06/2025,30051,Natural Grape Jam(Packet),12,0,12,40,30,0,30,$2.70,0,0.00%,$0.00,$2.70,10,25.00%,$0.90,$3.60
Oak View Elementary,5/06/2025,30009,Orange Tangerine Juice(Each),36,0,36,45,29,0,29,$4.93,0,0.00%,$0.00,$4.93,16,35.56%,$2.72,$7.65
Oak View Elementary,5/06/2025,20014,Red Delicious Apple(Each - serving),20,0,20,18,13,0,13,$4.29,0,0.00%,$0.00,$4.29,5,27.78%,$1.65,$5.94
Oak View Elementary,5/06/2025,60096,Strawberry Parfait(Parfait),6,0,6,7,5,0,5,$4.95,0,0.00%,$0.00,$4.95,2,28.57%,$1.98,$6.93
Oak View Elementary,5/06/2025,60011,Turkey Sausage Breakfast Biscuit(Sandwich),12,0,12,10,6,0,6,$2.64,0,0.00%,$0.00,$2.64,4,40.00%,$1.76,$4.40
Oakton Elementary,5/06/2025,20001,1% White Milk(Each),24,0,24,20,18,0,18,$6.48,0,0.00%,$0.00,$6.48,2,10.00%,$0.72,$7.20
Oakton Elementary,5/06/2025,10021,Apple Cinnamon Bread(1oz Grain (1/64 Baked Pan)),0,0,0,2,2,0,2,$0.82,0,0.00%,$0.00,$0.82,3,150.00%,$1.23,$0.82
Oakton Elementary,5/06/2025,20031,Banana(Each),11,0,11,13,10,0,10,$2.10,0,0.00%,$0.00,$2.10,3,23.08%,$0.63,$2.73
Oakton Elementary,5/06/2025,60068,Biscuit(Biscuit),4,0,4,4,3,0,3,$0.63,0,0.00%,$0.00,$0.63,1,25.00%,$0.21,$0.84
Oakton Elementary,5/06/2025,30004,Blueberry Chex Cereal(Each),12,0,12,8,5,0,5,$2.95,0,0.00%,$0.00,$2.95,3,37.50%,$1.77,$4.72
Oakton Elementary,5/06/2025,30006,Cinnamon Chex Cereal(Each),12,0,12,8,8,0,8,$4.72,0,0.00%,$0.00,$4.72,0,0.00%,$0.00,$4.72
Oakton Elementary,5/06/2025,30007,"Cinnamon Toast Crunch Cereal, 25% Less Sugar(Each)",12,0,12,16,16,0,16,$9.44,0,0.00%,$0.00,$9.44,0,0.00%,$0.00,$9.44
Oakton Elementary,5/06/2025,20038,Fat Free White Milk(Each),12,0,12,5,4,0,4,$1.32,0,0.00%,$0.00,$1.32,1,20.00%,$0.33,$1.65
Oakton Elementary,5/06/2025,30003,Honey Cheerios Cereal(Each),12,0,12,16,15,0,15,$8.85,0,0.00%,$0.00,$8.85,1,6.25%,$0.59,$9.44
Oakton Elementary,5/06/2025,60034,Mandarin Orange Parfait(Parfait),0,0,0,5,1,0,1,$0.99,4,80.00%,$3.96,$4.95,0,0.00%,$0.00,$4.95
Oakton Elementary,5/06/2025,30051,Natural Grape Jam(Packet),4,0,4,4,3,0,3,$0.27,0,0.00%,$0.00,$0.27,1,25.00%,$0.09,$0.36
Oakton Elementary,5/06/2025,20017,Orange(6 Slices per 1/2 cup),9,0,9,13,9,0,9,$3.06,0,0.00%,$0.00,$3.06,4,30.77%,$1.36,$4.42
Oakton Elementary,5/06/2025,30009,Orange Tangerine Juice(Each),18,0,18,48,33,0,33,$5.61,0,0.00%,$0.00,$5.61,15,31.25%,$2.55,$8.16
Oakton Elementary,5/06/2025,20014,Red Delicious Apple(Each - serving),13,0,13,13,11,0,11,$3.63,0,0.00%,$0.00,$3.63,2,15.38%,$0.66,$4.29
Oakton Elementary,5/06/2025,60011,Turkey Sausage Breakfast Biscuit(Sandwich),10,0,10,8,7,0,7,$3.08,0,0.00%,$0.00,$3.08,1,12.50%,$0.44,$3.52
Oakton High,5/06/2025,20001,1% White Milk(Each),15,0,15,15,11,0,11,$3.96,0,0.00%,$0.00,$3.96,4,26.67%,$1.44,$5.40
Oakton High,5/06/2025,10021,Apple Cinnamon Bread(2oz Grain (1/32 Baked Pan)),0,0,0,144,99,0,99,$81.18,2,1.39%,$1.64,$82.82,43,29.86%,$35.26,$118.08
Oakton High,5/06/2025,30008,Apple Juice(Each),200,0,200,209,197,0,197,$33.49,0,0.00%,$0.00,$33.49,12,5.74%,$2.04,$35.53
Oakton High,5/06/2025,10020,Bagel(Bagel),60,0,60,46,43,0,43,$13.76,0,0.00%,$0.00,$13.76,3,6.52%,$0.96,$14.72
Oakton High,5/06/2025,30004,Blueberry Chex Cereal(Each),8,0,8,8,2,0,2,$1.18,0,0.00%,$0.00,$1.18,6,75.00%,$3.54,$4.72
Oakton High,5/06/2025,30097,Bottled Water(Bottle),20,0,20,29,22,0,22,$3.52,0,0.00%,$0.00,$3.52,7,24.14%,$1.12,$4.64
Oakton High,5/06/2025,30006,Cinnamon Chex Cereal(Each),8,0,8,8,5,0,5,$2.95,0,0.00%,$0.00,$2.95,3,37.50%,$1.77,$4.72
Oakton High,5/06/2025,30007,"Cinnamon Toast Crunch Cereal, 25% Less Sugar(Each)",20,0,20,24,17,0,17,$10.03,0,0.00%,$0.00,$10.03,7,29.17%,$4.13,$14.16
Oakton High,5/06/2025,20009,Cream Cheese(Each),0,0,0,64,38,0,38,$11.02,0,0.00%,$0.00,$11.02,26,40.63%,$7.54,$18.56
Oakton High,5/06/2025,60165,Egg and American Cheese on Bagel(Sandwich),0,0,0,12,12,0,12,$6.96,0,0.00%,$0.00,$6.96,0,0.00%,$0.00,$6.96
Oakton High,5/06/2025,20038,Fat Free White Milk(Each),5,0,5,5,3,0,3,$0.99,0,0.00%,$0.00,$0.99,2,40.00%,$0.66,$1.65
Oakton High,5/06/2025,30003,Honey Cheerios Cereal(Each),12,0,12,8,5,0,5,$2.95,0,0.00%,$0.00,$2.95,3,37.50%,$1.77,$4.72
Oakton High,5/06/2025,10041,Mini Maple Pancakes(Package),40,0,40,39,38,0,38,$14.82,1,2.56%,$0.39,$15.21,0,0.00%,$0.00,$15.21
Oakton High,5/06/2025,30093,Natural Breakfast Syrup(Each),10,0,10,17,10,0,10,$2.00,0,0.00%,$0.00,$2.00,7,41.18%,$1.40,$3.40
Oakton High,5/06/2025,30051,Natural Grape Jam(Packet),1,0,1,21,6,0,6,$0.54,0,0.00%,$0.00,$0.54,15,71.43%,$1.35,$1.89
Oakton High,5/06/2025,20017,Orange(6 Slices per 1/2 cup),3,0,3,5,2,0,2,$0.68,0,0.00%,$0.00,$0.68,3,60.00%,$1.02,$1.70
Oakton High,5/06/2025,30009,Orange Tangerine Juice(Each),40,0,40,75,26,0,26,$4.42,0,0.00%,$0.00,$4.42,49,65.33%,$8.33,$12.75
Oakton High,5/06/2025,20014,Red Delicious Apple(Each - serving),3,0,3,3,2,0,2,$0.66,0,0.00%,$0.00,$0.66,1,33.33%,$0.33,$0.99
Oakton High,5/06/2025,60164,"Sandwich, Breakfast. Bagel, Turkey Sausage(Sandwich)",0,0,0,12,12,0,12,$6.48,0,0.00%,$0.00,$6.48,0,0.00%,$0.00,$6.48
Oakton High,5/06/2025,60096,Strawberry Parfait(Parfait),0,0,0,10,8,0,8,$7.92,0,0.00%,$0.00,$7.92,2,20.00%,$1.98,$9.90
Oakton High,5/06/2025,60169,Strawberry Smoothie(8oz portion),0,0,0,17,17,0,17,$14.62,0,0.00%,$0.00,$14.62,0,0.00%,$0.00,$14.62
Olde Creek Elementary,5/06/2025,20001,1% White Milk(Each),20,0,20,20,14,0,14,$5.04,0,0.00%,$0.00,$5.04,6,30.00%,$2.16,$7.20
Olde Creek Elementary,5/06/2025,30008,Apple Juice(Each),40,0,40,40,38,0,38,$6.46,0,0.00%,$0.00,$6.46,2,5.00%,$0.34,$6.80
Olde Creek Elementary,5/06/2025,30006,Cinnamon Chex Cereal(Each),8,0,8,8,4,0,4,$2.36,0,0.00%,$0.00,$2.36,4,50.00%,$2.36,$4.72
Olde Creek Elementary,5/06/2025,20038,Fat Free White Milk(Each),10,0,10,10,2,0,2,$0.66,0,0.00%,$0.00,$0.66,8,80.00%,$2.64,$3.30
Olde Creek Elementary,5/06/2025,30003,Honey Cheerios Cereal(Each),10,0,10,16,7,0,7,$4.13,0,0.00%,$0.00,$4.13,9,56.25%,$5.31,$9.44
Olde Creek Elementary,5/06/2025,60034,Mandarin Orange Parfait(Parfait),0,0,0,4,3,0,3,$2.97,0,0.00%,$0.00,$2.97,1,25.00%,$0.99,$3.96
Olde Creek Elementary,5/06/2025,10041,Mini Maple Pancakes(Package),30,0,30,40,31,3,34,$13.26,0,0.00%,$0.00,$13.26,6,15.00%,$2.34,$15.60
Olde Creek Elementary,5/06/2025,20047,Orange Slices(3 slices per 1/4 cup),0,0,0,20,10,0,10,$2.00,0,0.00%,$0.00,$2.00,10,50.00%,$2.00,$4.00
Olde Creek Elementary,5/06/2025,30009,Orange Tangerine Juice(Each),20,0,20,20,19,0,19,$3.23,0,0.00%,$0.00,$3.23,1,5.00%,$0.17,$3.40
Olde Creek Elementary,5/06/2025,60011,Turkey Sausage Breakfast Biscuit(Sandwich),6,0,6,6,2,0,2,$0.88,0,0.00%,$0.00,$0.88,4,66.67%,$1.76,$2.64
Orange Hunt Elementary,5/06/2025,20001,1% White Milk(Each),28,0,28,10,9,0,9,$3.24,0,0.00%,$0.00,$3.24,1,10.00%,$0.36,$3.60
Orange Hunt Elementary,5/06/2025,30008,Apple Juice(Each),60,0,60,70,68,0,68,$11.56,0,0.00%,$0.00,$11.56,2,2.86%,$0.34,$11.90
Orange Hunt Elementary,5/06/2025,20031,Banana(Each),11,0,11,0,0,0,0,$0.00,0,0.00%,$0.00,$0.00,0,0.00%,$0.00,$0.00
Orange Hunt Elementary,5/06/2025,60068,Biscuit(Biscuit),1,0,1,0,0,0,0,$0.00,0,0.00%,$0.00,$0.00,0,0.00%,$0.00,$0.00
Orange Hunt Elementary,5/06/2025,30004,Blueberry Chex Cereal(Each),10,0,10,12,3,0,3,$1.77,0,0.00%,$0.00,$1.77,9,75.00%,$5.31,$7.08
Orange Hunt Elementary,5/06/2025,30006,Cinnamon Chex Cereal(Each),10,0,10,12,4,0,4,$2.36,0,0.00%,$0.00,$2.36,8,66.67%,$4.72,$7.08
Orange Hunt Elementary,5/06/2025,30007,"Cinnamon Toast Crunch Cereal, 25% Less Sugar(Each)",10,0,10,13,13,0,13,$7.67,0,0.00%,$0.00,$7.67,0,0.00%,$0.00,$7.67
Orange Hunt Elementary,5/06/2025,60125,Egg and American Cheese on Biscuit(Sandwich),0,0,0,10,3,0,3,$1.41,0,0.00%,$0.00,$1.41,7,70.00%,$3.29,$4.70
Orange Hunt Elementary,5/06/2025,20038,Fat Free White Milk(Each),8,0,8,30,11,0,11,$3.63,0,0.00%,$0.00,$3.63,19,63.33%,$6.27,$9.90
Orange Hunt Elementary,5/06/2025,30003,Honey Cheerios Cereal(Each),10,0,10,12,12,0,12,$7.08,0,0.00%,$0.00,$7.08,0,0.00%,$0.00,$7.08
Orange Hunt Elementary,5/06/2025,10041,Mini Maple Pancakes(Package),0,0,0,50,50,0,50,$19.50,0,0.00%,$0.00,$19.50,0,0.00%,$0.00,$19.50
Orange Hunt Elementary,5/06/2025,30051,Natural Grape Jam(Packet),14,0,14,10,10,0,10,$0.90,0,0.00%,$0.00,$0.90,0,0.00%,$0.00,$0.90
Orange Hunt Elementary,5/06/2025,20017,Orange(6 Slices per 1/2 cup),18,0,18,0,0,0,0,$0.00,0,0.00%,$0.00,$0.00,0,0.00%,$0.00,$0.00
Orange Hunt Elementary,5/06/2025,30009,Orange Tangerine Juice(Each),43,0,43,50,32,0,32,$5.44,0,0.00%,$0.00,$5.44,18,36.00%,$3.06,$8.50
Orange Hunt Elementary,5/06/2025,20014,Red Delicious Apple(Each - serving),27,0,27,25,25,0,25,$8.25,0,0.00%,$0.00,$8.25,0,0.00%,$0.00,$8.25
Orange Hunt Elementary,5/06/2025,60096,Strawberry Parfait(Parfait),5,0,5,10,3,0,3,$2.97,0,0.00%,$0.00,$2.97,7,70.00%,$6.93,$9.90
Orange Hunt Elementary,5/06/2025,60011,Turkey Sausage Breakfast Biscuit(Sandwich),5,0,5,0,0,0,0,$0.00,0,0.00%,$0.00,$0.00,0,0.00%,$0.00,$0.00
Parklawn Elementary,5/06/2025,20001,1% White Milk(Each),131,0,131,131,131,0,131,$47.16,0,0.00%,$0.00,$47.16,0,0.00%,$0.00,$47.16
Parklawn Elementary,5/06/2025,30008,Apple Juice(Each),223,0,223,292,292,0,292,$49.64,0,0.00%,$0.00,$49.64,0,0.00%,$0.00,$49.64
Parklawn Elementary,5/06/2025,30020,Applesauce(1/2 Cup),35,0,35,35,35,0,35,$7.35,0,0.00%,$0.00,$7.35,0,0.00%,$0.00,$7.35
Parklawn Elementary,5/06/2025,10020,Bagel(Bagel),0,0,0,444,276,0,276,$88.32,0,0.00%,$0.00,$88.32,168,37.84%,$53.76,$142.08
Parklawn Elementary,5/06/2025,20031,Banana(Each),48,0,48,20,20,0,20,$4.20,0,0.00%,$0.00,$4.20,0,0.00%,$0.00,$4.20
Parklawn Elementary,5/06/2025,30004,Blueberry Chex Cereal(Each),39,0,39,30,30,0,30,$17.70,0,0.00%,$0.00,$17.70,0,0.00%,$0.00,$17.70
Parklawn Elementary,5/06/2025,30006,Cinnamon Chex Cereal(Each),62,0,62,52,48,0,48,$28.32,0,0.00%,$0.00,$28.32,4,7.69%,$2.36,$30.68
Parklawn Elementary,5/06/2025,30007,"Cinnamon Toast Crunch Cereal, 25% Less Sugar(Each)",60,0,60,81,81,0,81,$47.79,0,0.00%,$0.00,$47.79,0,0.00%,$0.00,$47.79
Parklawn Elementary,5/06/2025,20009,Cream Cheese(Each),0,0,0,35,35,0,35,$10.15,0,0.00%,$0.00,$10.15,0,0.00%,$0.00,$10.15
Parklawn Elementary,5/06/2025,20038,Fat Free White Milk(Each),39,0,39,49,49,0,49,$16.17,0,0.00%,$0.00,$16.17,0,0.00%,$0.00,$16.17
Parklawn Elementary,5/06/2025,30003,Honey Cheerios Cereal(Each),2,0,2,20,0,0,0,$0.00,0,0.00%,$0.00,$0.00,20,100.00%,$0.00,$0.00
Parklawn Elementary,5/06/2025,30051,Natural Grape Jam(Packet),129,0,129,296,231,0,231,$20.79,0,0.00%,$0.00,$20.79,65,21.96%,$5.85,$26.64
Parklawn Elementary,5/06/2025,30009,Orange Tangerine Juice(Each),223,0,223,234,234,0,234,$39.78,0,0.00%,$0.00,$39.78,0,0.00%,$0.00,$39.78
Parklawn Elementary,5/06/2025,60099,"Parfait, Triple Berry(Parfait)",0,0,0,48,38,0,38,$25.84,0,0.00%,$0.00,$25.84,10,20.83%,$6.80,$32.64
Parklawn Elementary,5/06/2025,20014,Red Delicious Apple(Each - serving),29,0,29,39,32,0,32,$10.56,0,0.00%,$0.00,$10.56,7,17.95%,$2.31,$12.87
Parklawn Elementary,5/06/2025,60011,Turkey Sausage Breakfast Biscuit(Sandwich),87,0,87,86,76,0,76,$33.44,10,11.63%,$4.40,$37.84,0,0.00%,$0.00,$37.84
Pine Spring Elementary,5/06/2025,20001,1% White Milk(Each),154,0,154,117,117,0,117,$42.12,0,0.00%,$0.00,$42.12,0,0.00%,$0.00,$42.12
Pine Spring Elementary,5/06/2025,30008,Apple Juice(Each),150,0,150,154,147,0,147,$24.99,0,0.00%,$0.00,$24.99,7,4.55%,$1.19,$26.18
Pine Spring Elementary,5/06/2025,30020,Applesauce(1/2 Cup),36,0,36,36,36,0,36,$7.56,0,0.00%,$0.00,$7.56,0,0.00%,$0.00,$7.56
Pine Spring Elementary,5/06/2025,30020,Applesauce(1/4 cup),17,0,17,17,17,0,17,$1.87,0,0.00%,$0.00,$1.87,0,0.00%,$0.00,$1.87
Pine Spring Elementary,5/06/2025,60068,Biscuit(Biscuit),6,0,6,6,6,0,6,$1.26,0,0.00%,$0.00,$1.26,0,0.00%,$0.00,$1.26
Pine Spring Elementary,5/06/2025,30004,Blueberry Chex Cereal(Each),40,0,40,65,59,0,59,$34.81,0,0.00%,$0.00,$34.81,6,9.23%,$3.54,$38.35
Pine Spring Elementary,5/06/2025,30006,Cinnamon Chex Cereal(Each),40,0,40,43,43,0,43,$25.37,0,0.00%,$0.00,$25.37,0,0.00%,$0.00,$25.37
Pine Spring Elementary,5/06/2025,20038,Fat Free White Milk(Each),50,0,50,50,33,0,33,$10.89,0,0.00%,$0.00,$10.89,17,34.00%,$5.61,$16.50
Pine Spring Elementary,5/06/2025,30003,Honey Cheerios Cereal(Each),40,0,40,12,12,0,12,$7.08,0,0.00%,$0.00,$7.08,0,0.00%,$0.00,$7.08
Pine Spring Elementary,5/06/2025,60034,Mandarin Orange Parfait(Parfait),0,0,0,13,10,0,10,$9.90,3,23.08%,$2.97,$12.87,0,0.00%,$0.00,$12.87
Pine Spring Elementary,5/06/2025,10041,Mini Maple Pancakes(Package),0,0,0,150,145,0,145,$56.55,0,0.00%,$0.00,$56.55,5,3.33%,$1.95,$58.50
Pine Spring Elementary,5/06/2025,30051,Natural Grape Jam(Packet),53,0,53,53,53,0,53,$4.77,0,0.00%,$0.00,$4.77,0,0.00%,$0.00,$4.77
Pine Spring Elementary,5/06/2025,30009,Orange Tangerine Juice(Each),167,0,167,161,161,0,161,$27.37,0,0.00%,$0.00,$27.37,0,0.00%,$0.00,$27.37
Pine Spring Elementary,5/06/2025,20014,Red Delicious Apple(Each - serving),100,0,100,60,60,0,60,$19.80,0,0.00%,$0.00,$19.80,0,0.00%,$0.00,$19.80
Pine Spring Elementary,5/06/2025,60096,Strawberry Parfait(Parfait),40,0,40,20,9,0,9,$8.91,0,0.00%,$0.00,$8.91,11,55.00%,$10.89,$19.80
Pine Spring Elementary,5/06/2025,60011,Turkey Sausage Breakfast Biscuit(Sandwich),47,0,47,47,47,0,47,$20.68,0,0.00%,$0.00,$20.68,0,0.00%,$0.00,$20.68
Poe Middle,5/06/2025,20001,1% White Milk(Each),110,0,110,118,104,0,104,$37.44,0,0.00%,$0.00,$37.44,14,11.86%,$5.04,$42.48
Poe Middle,5/06/2025,10021,Apple Cinnamon Bread(1oz Grain (1/64 Baked Pan)),0,0,0,128,128,0,128,$52.48,0,0.00%,$0.00,$52.48,0,0.00%,$0.00,$52.48
Poe Middle,5/06/2025,30008,Apple Juice(Each),356,0,356,350,339,0,339,$57.63,0,0.00%,$0.00,$57.63,11,3.14%,$1.87,$59.50
Poe Middle,5/06/2025,30004,Blueberry Chex Cereal(Each),50,0,50,60,54,0,54,$31.86,0,0.00%,$0.00,$31.86,6,10.00%,$3.54,$35.40
Poe Middle,5/06/2025,30006,Cinnamon Chex Cereal(Each),49,0,49,60,57,0,57,$33.63,0,0.00%,$0.00,$33.63,3,5.00%,$1.77,$35.40
Poe Middle,5/06/2025,30007,"Cinnamon Toast Crunch Cereal, 25% Less Sugar(Each)",49,0,49,60,57,0,57,$33.63,0,0.00%,$0.00,$33.63,3,5.00%,$1.77,$35.40
Poe Middle,5/06/2025,20038,Fat Free White Milk(Each),45,0,45,43,11,0,11,$3.63,0,0.00%,$0.00,$3.63,32,74.42%,$10.56,$14.19
Poe Middle,5/06/2025,30003,Honey Cheerios Cereal(Each),50,0,50,60,56,0,56,$33.04,0,0.00%,$0.00,$33.04,4,6.67%,$2.36,$35.40
Poe Middle,5/06/2025,10041,Mini Maple Pancakes(Package),0,0,0,225,219,0,219,$85.41,0,0.00%,$0.00,$85.41,6,2.67%,$2.34,$87.75
Poe Middle,5/06/2025,30051,Natural Grape Jam(Packet),12,0,12,12,2,0,2,$0.18,0,0.00%,$0.00,$0.18,10,83.33%,$0.90,$1.08
Poe Middle,5/06/2025,30009,Orange Tangerine Juice(Each),353,0,353,360,342,0,342,$58.14,0,0.00%,$0.00,$58.14,18,5.00%,$3.06,$61.20
Poe Middle,5/06/2025,20014,Red Delicious Apple(Each - serving),34,0,34,125,42,0,42,$13.86,0,0.00%,$0.00,$13.86,83,66.40%,$27.39,$41.25
Poe Middle,5/06/2025,60096,Strawberry Parfait(Parfait),61,0,61,70,50,0,50,$49.50,0,0.00%,$0.00,$49.50,20,28.57%,$19.80,$69.30
Poe Middle,5/06/2025,60011,Turkey Sausage Breakfast Biscuit(Sandwich),129,0,129,68,65,0,65,$28.60,0,0.00%,$0.00,$28.60,3,4.41%,$1.32,$29.92
Poplar Tree Elementary,5/06/2025,20001,1% White Milk(Each),5,0,5,12,8,0,8,$2.88,0,0.00%,$0.00,$2.88,4,33.33%,$1.44,$4.32
Poplar Tree Elementary,5/06/2025,30008,Apple Juice(Each),14,0,14,50,28,15,43,$7.31,0,0.00%,$0.00,$7.31,7,14.00%,$1.19,$8.50
Poplar Tree Elementary,5/06/2025,30020,Applesauce(1/2 Cup),1,0,1,2,2,0,2,$0.42,0,0.00%,$0.00,$0.42,0,0.00%,$0.00,$0.42
Poplar Tree Elementary,5/06/2025,60068,Biscuit(Biscuit),4,0,4,10,8,0,8,$1.68,0,0.00%,$0.00,$1.68,2,20.00%,$0.42,$2.10
Poplar Tree Elementary,5/06/2025,30004,Blueberry Chex Cereal(Each),3,0,3,8,5,0,5,$2.95,0,0.00%,$0.00,$2.95,3,37.50%,$1.77,$4.72
Poplar Tree Elementary,5/06/2025,30006,Cinnamon Chex Cereal(Each),3,0,3,8,5,0,5,$2.95,0,0.00%,$0.00,$2.95,3,37.50%,$1.77,$4.72
Poplar Tree Elementary,5/06/2025,30007,"Cinnamon Toast Crunch Cereal, 25% Less Sugar(Each)",5,0,5,8,5,0,5,$2.95,0,0.00%,$0.00,$2.95,3,37.50%,$1.77,$4.72
Poplar Tree Elementary,5/06/2025,20038,Fat Free White Milk(Each),6,0,6,10,4,0,4,$1.32,0,0.00%,$0.00,$1.32,6,60.00%,$1.98,$3.30
Poplar Tree Elementary,5/06/2025,30003,Honey Cheerios Cereal(Each),5,0,5,8,5,1,6,$3.54,0,0.00%,$0.00,$3.54,2,25.00%,$1.18,$4.72
Poplar Tree Elementary,5/06/2025,30051,Natural Grape Jam(Packet),4,0,4,10,8,0,8,$0.72,0,0.00%,$0.00,$0.72,2,20.00%,$0.18,$0.90
Poplar Tree Elementary,5/06/2025,30009,Orange Tangerine Juice(Each),19,0,19,12,7,0,7,$1.19,0,0.00%,$0.00,$1.19,5,41.67%,$0.85,$2.04
Poplar Tree Elementary,5/06/2025,20014,Red Delicious Apple(Each - serving),15,0,15,22,14,0,14,$4.62,0,0.00%,$0.00,$4.62,8,36.36%,$2.64,$7.26
Poplar Tree Elementary,5/06/2025,60096,Strawberry Parfait(Parfait),3,0,3,5,5,0,5,$4.95,0,0.00%,$0.00,$4.95,0,0.00%,$0.00,$4.95
Poplar Tree Elementary,5/06/2025,60011,Turkey Sausage Breakfast Biscuit(Sandwich),5,0,5,7,2,0,2,$0.88,3,42.86%,$1.32,$2.20,2,28.57%,$0.88,$3.08
Providence Elementary,5/06/2025,20001,1% White Milk(Each),71,0,71,137,40,0,40,$14.40,0,0.00%,$0.00,$14.40,97,70.80%,$34.92,$49.32
Providence Elementary,5/06/2025,30008,Apple Juice(Each),112,0,112,120,97,0,97,$16.49,0,0.00%,$0.00,$16.49,23,19.17%,$3.91,$20.40
Providence Elementary,5/06/2025,10020,Bagel(Bagel),0,0,0,16,0,0,0,$0.00,0,0.00%,$0.00,$0.00,16,100.00%,$0.00,$0.00
Providence Elementary,5/06/2025,30007,"Cinnamon Toast Crunch Cereal, 25% Less Sugar(Each)",26,0,26,96,54,0,54,$31.86,13,13.54%,$7.67,$39.53,29,30.21%,$17.11,$56.64
Providence Elementary,5/06/2025,60165,Egg and American Cheese on Bagel(Sandwich),0,0,0,40,36,0,36,$20.88,0,0.00%,$0.00,$20.88,4,10.00%,$2.32,$23.20
Providence Elementary,5/06/2025,20038,Fat Free White Milk(Each),28,0,28,74,6,0,6,$1.98,0,0.00%,$0.00,$1.98,68,91.89%,$22.44,$24.42
Providence Elementary,5/06/2025,30034,Graham Crackers(Package),0,0,0,30,30,0,30,$4.20,0,0.00%,$0.00,$4.20,0,0.00%,$0.00,$4.20
Providence Elementary,5/06/2025,60034,Mandarin Orange Parfait(Parfait),0,0,0,12,10,0,10,$9.90,0,0.00%,$0.00,$9.90,2,16.67%,$1.98,$11.88
Providence Elementary,5/06/2025,30051,Natural Grape Jam(Packet),16,0,16,16,16,0,16,$1.44,0,0.00%,$0.00,$1.44,0,0.00%,$0.00,$1.44
Providence Elementary,5/06/2025,30009,Orange Tangerine Juice(Each),42,0,42,60,33,0,33,$5.61,0,0.00%,$0.00,$5.61,27,45.00%,$4.59,$10.20
Ravensworth Elementary,5/06/2025,20001,1% White Milk(Each),20,0,20,20,10,0,10,$3.60,0,0.00%,$0.00,$3.60,10,50.00%,$3.60,$7.20
Ravensworth Elementary,5/06/2025,30008,Apple Juice(Each),60,0,60,60,47,0,47,$7.99,0,0.00%,$0.00,$7.99,13,21.67%,$2.21,$10.20
Ravensworth Elementary,5/06/2025,30020,Applesauce(1/2 Cup),0,0,0,0,0,0,0,$0.00,0,0.00%,$0.00,$0.00,0,0.00%,$0.00,$0.00
Ravensworth Elementary,5/06/2025,10020,Bagel(Bagel),30,0,30,35,34,1,35,$11.20,0,0.00%,$0.00,$11.20,0,0.00%,$0.00,$11.20
Ravensworth Elementary,5/06/2025,60068,Biscuit(Biscuit),0,0,0,0,0,0,0,$0.00,0,0.00%,$0.00,$0.00,0,0.00%,$0.00,$0.00
Ravensworth Elementary,5/06/2025,30004,Blueberry Chex Cereal(Each),8,0,8,8,4,0,4,$2.36,0,0.00%,$0.00,$2.36,4,50.00%,$2.36,$4.72
Ravensworth Elementary,5/06/2025,30006,Cinnamon Chex Cereal(Each),8,0,8,8,5,0,5,$2.95,0,0.00%,$0.00,$2.95,3,37.50%,$1.77,$4.72
Ravensworth Elementary,5/06/2025,30007,"Cinnamon Toast Crunch Cereal, 25% Less Sugar(Each)",16,0,16,16,15,0,15,$8.85,0,0.00%,$0.00,$8.85,1,6.25%,$0.59,$9.44
Ravensworth Elementary,5/06/2025,20009,Cream Cheese(Each),30,0,30,35,34,1,35,$10.15,0,0.00%,$0.00,$10.15,0,0.00%,$0.00,$10.15
Ravensworth Elementary,5/06/2025,30108,Fat Free Unflavored Shelf-Stable Milk(Each),8,0,8,8,2,0,2,$0.76,0,0.00%,$0.00,$0.76,6,75.00%,$2.28,$3.04
Ravensworth Elementary,5/06/2025,30003,Honey Cheerios Cereal(Each),16,0,16,16,12,1,13,$7.67,0,0.00%,$0.00,$7.67,3,18.75%,$1.77,$9.44
Ravensworth Elementary,5/06/2025,20043,"Lactose Free, White Milk(Each)",2,0,2,2,2,0,2,$1.16,0,0.00%,$0.00,$1.16,0,0.00%,$0.00,$1.16
Ravensworth Elementary,5/06/2025,30051,Natural Grape Jam(Packet),6,0,6,6,5,0,5,$0.45,0,0.00%,$0.00,$0.45,1,16.67%,$0.09,$0.54
Ravensworth Elementary,5/06/2025,30009,Orange Tangerine Juice(Each),40,0,40,40,29,0,29,$4.93,0,0.00%,$0.00,$4.93,11,27.50%,$1.87,$6.80
Ravensworth Elementary,5/06/2025,20014,Red Delicious Apple(Each - serving),12,0,12,12,9,0,9,$2.97,0,0.00%,$0.00,$2.97,3,25.00%,$0.99,$3.96
Ravensworth Elementary,5/06/2025,60096,Strawberry Parfait(Parfait),3,0,3,3,3,0,3,$2.97,0,0.00%,$0.00,$2.97,0,0.00%,$0.00,$2.97
Ravensworth Elementary,5/06/2025,60011,Turkey Sausage Breakfast Biscuit(Sandwich),4,0,4,5,5,0,5,$2.20,0,0.00%,$0.00,$2.20,0,0.00%,$0.00,$2.20
Riverside Elementary,5/06/2025,30102,1% Unflavored Shelf-Stable Milk(Each),0,0,0,124,60,0,60,$22.80,0,0.00%,$0.00,$22.80,64,51.61%,$24.32,$47.12
Riverside Elementary,5/06/2025,20001,1% White Milk(Each),165,0,165,36,36,0,36,$12.96,0,0.00%,$0.00,$12.96,0,0.00%,$0.00,$12.96
Riverside Elementary,5/06/2025,30008,Apple Juice(Each),160,0,160,160,148,0,148,$25.16,0,0.00%,$0.00,$25.16,12,7.50%,$2.04,$27.20
Riverside Elementary,5/06/2025,30020,Applesauce(1/2 Cup),35,0,35,39,39,0,39,$8.19,0,0.00%,$0.00,$8.19,0,0.00%,$0.00,$8.19
Riverside Elementary,5/06/2025,30004,Blueberry Chex Cereal(Each),60,0,60,35,33,0,33,$19.47,0,0.00%,$0.00,$19.47,2,5.71%,$1.18,$20.65
Riverside Elementary,5/06/2025,30006,Cinnamon Chex Cereal(Each),60,0,60,120,113,0,113,$66.67,0,0.00%,$0.00,$66.67,7,5.83%,$4.13,$70.80
Riverside Elementary,5/06/2025,60004,Egg and American Cheese on English Muffin(Sandwich),65,0,65,51,51,0,51,$26.01,0,0.00%,$0.00,$26.01,0,0.00%,$0.00,$26.01
Riverside Elementary,5/06/2025,20038,Fat Free White Milk(Each),50,0,50,36,36,0,36,$11.88,0,0.00%,$0.00,$11.88,0,0.00%,$0.00,$11.88
Riverside Elementary,5/06/2025,30003,Honey Cheerios Cereal(Each),68,0,68,60,43,0,43,$25.37,0,0.00%,$0.00,$25.37,17,28.33%,$10.03,$35.40
Riverside Elementary,5/06/2025,30103,"Milk, Lactose Free,  Fat Free, Shelf-Stable(Each)",1,0,1,1,1,0,1,$0.48,0,0.00%,$0.00,$0.48,0,0.00%,$0.00,$0.48
Riverside Elementary,5/06/2025,30184,"Milk, Soy, Vanilla (24/8 oz)(each)",1,0,1,1,1,0,1,$1.02,0,0.00%,$0.00,$1.02,0,0.00%,$0.00,$1.02
Riverside Elementary,5/06/2025,30009,Orange Tangerine Juice(Each),150,0,150,182,144,0,144,$24.48,0,0.00%,$0.00,$24.48,38,20.88%,$6.46,$30.94
Riverside Elementary,5/06/2025,20014,Red Delicious Apple(Each - serving),40,0,40,30,15,0,15,$4.95,0,0.00%,$0.00,$4.95,15,50.00%,$4.95,$9.90
Riverside Elementary,5/06/2025,60164,"Sandwich, Breakfast. Bagel, Turkey Sausage(Sandwich)",50,0,50,33,16,0,16,$8.64,0,0.00%,$0.00,$8.64,17,51.52%,$9.18,$17.82
Riverside Elementary,5/06/2025,60096,Strawberry Parfait(Parfait),24,0,24,36,34,0,34,$33.66,0,0.00%,$0.00,$33.66,2,5.56%,$1.98,$35.64
Robinson Secondary,5/06/2025,20001,1% White Milk(Each),21,0,21,25,14,0,14,$5.04,0,0.00%,$0.00,$5.04,11,44.00%,$3.96,$9.00
Robinson Secondary,5/06/2025,30008,Apple Juice(Each),62,0,62,80,48,24,72,$12.24,0,0.00%,$0.00,$12.24,8,10.00%,$1.36,$13.60
Robinson Secondary,5/06/2025,10020,Bagel(Bagel),0,0,0,10,10,0,10,$3.20,0,0.00%,$0.00,$3.20,0,0.00%,$0.00,$3.20
Robinson Secondary,5/06/2025,20031,Banana(Each),33,0,33,30,30,0,30,$6.30,0,0.00%,$0.00,$6.30,0,0.00%,$0.00,$6.30
Robinson Secondary,5/06/2025,60068,Biscuit(Biscuit),29,0,29,30,30,0,30,$6.30,0,0.00%,$0.00,$6.30,0,0.00%,$0.00,$6.30
Robinson Secondary,5/06/2025,30004,Blueberry Chex Cereal(Each),8,0,8,10,6,0,6,$3.54,0,0.00%,$0.00,$3.54,4,40.00%,$2.36,$5.90
Robinson Secondary,5/06/2025,30006,Cinnamon Chex Cereal(Each),14,0,14,10,5,0,5,$2.95,0,0.00%,$0.00,$2.95,5,50.00%,$2.95,$5.90
Robinson Secondary,5/06/2025,30007,"Cinnamon Toast Crunch Cereal, 25% Less Sugar(Each)",9,0,9,10,3,3,6,$3.54,0,0.00%,$0.00,$3.54,4,40.00%,$2.36,$5.90
Robinson Secondary,5/06/2025,20009,Cream Cheese(Each),0,0,0,10,10,0,10,$2.90,0,0.00%,$0.00,$2.90,0,0.00%,$0.00,$2.90
Robinson Secondary,5/06/2025,20038,Fat Free White Milk(Each),18,0,18,25,10,0,10,$3.30,0,0.00%,$0.00,$3.30,15,60.00%,$4.95,$8.25
Robinson Secondary,5/06/2025,30003,Honey Cheerios Cereal(Each),7,0,7,10,6,0,6,$3.54,0,0.00%,$0.00,$3.54,4,40.00%,$2.36,$5.90
Robinson Secondary,5/06/2025,60034,Mandarin Orange Parfait(Parfait),0,0,0,1,1,0,1,$0.99,0,0.00%,$0.00,$0.99,0,0.00%,$0.00,$0.99
Robinson Secondary,5/06/2025,10041,Mini Maple Pancakes(Package),0,0,0,1,1,0,1,$0.39,0,0.00%,$0.00,$0.39,0,0.00%,$0.00,$0.39
Robinson Secondary,5/06/2025,30093,Natural Breakfast Syrup(Each),0,0,0,1,1,0,1,$0.20,0,0.00%,$0.00,$0.20,0,0.00%,$0.00,$0.20
Robinson Secondary,5/06/2025,30051,Natural Grape Jam(Packet),9,0,9,30,30,0,30,$2.70,0,0.00%,$0.00,$2.70,0,0.00%,$0.00,$2.70
Robinson Secondary,5/06/2025,20017,Orange(6 Slices per 1/2 cup),18,0,18,25,10,0,10,$3.40,0,0.00%,$0.00,$3.40,15,60.00%,$5.10,$8.50
Robinson Secondary,5/06/2025,30009,Orange Tangerine Juice(Each),57,0,57,80,62,0,62,$10.54,0,0.00%,$0.00,$10.54,18,22.50%,$3.06,$13.60
Robinson Secondary,5/06/2025,20014,Red Delicious Apple(Each - serving),12,0,12,25,14,0,14,$4.62,0,0.00%,$0.00,$4.62,11,44.00%,$3.63,$8.25
Robinson Secondary,5/06/2025,60096,Strawberry Parfait(Parfait),11,0,11,15,15,0,15,$14.85,0,0.00%,$0.00,$14.85,0,0.00%,$0.00,$14.85
Robinson Secondary,5/06/2025,60011,Turkey Sausage Breakfast Biscuit(Sandwich),30,0,30,50,40,1,41,$18.04,1,2.00%,$0.44,$18.48,8,16.00%,$3.52,$22.00
Rocky Run Middle,5/06/2025,20001,1% White Milk(Each),7,0,7,52,12,0,12,$4.32,0,0.00%,$0.00,$4.32,40,76.92%,$14.40,$18.72
Rocky Run Middle,5/06/2025,60068,Biscuit(Biscuit),1,0,1,5,0,0,0,$0.00,0,0.00%,$0.00,$0.00,5,100.00%,$0.00,$0.00
Rocky Run Middle,5/06/2025,30006,Cinnamon Chex Cereal(Each),6,0,6,8,0,0,0,$0.00,0,0.00%,$0.00,$0.00,8,100.00%,$0.00,$0.00
Rocky Run Middle,5/06/2025,30007,"Cinnamon Toast Crunch Cereal, 25% Less Sugar(Each)",6,0,6,8,2,0,2,$1.18,0,0.00%,$0.00,$1.18,6,75.00%,$3.54,$4.72
Rocky Run Middle,5/06/2025,20038,Fat Free White Milk(Each),3,0,3,53,2,0,2,$0.66,0,0.00%,$0.00,$0.66,51,96.23%,$16.83,$17.49
Rocky Run Middle,5/06/2025,30003,Honey Cheerios Cereal(Each),4,0,4,8,0,0,0,$0.00,0,0.00%,$0.00,$0.00,8,100.00%,$0.00,$0.00
Rocky Run Middle,5/06/2025,30051,Natural Grape Jam(Packet),5,0,5,5,0,0,0,$0.00,0,0.00%,$0.00,$0.00,5,100.00%,$0.00,$0.00
Rocky Run Middle,5/06/2025,20017,Orange(6 Slices per 1/2 cup),2,0,2,10,3,0,3,$1.02,0,0.00%,$0.00,$1.02,7,70.00%,$2.38,$3.40
Rocky Run Middle,5/06/2025,30009,Orange Tangerine Juice(Each),13,0,13,40,20,0,20,$3.40,0,0.00%,$0.00,$3.40,20,50.00%,$3.40,$6.80
Rocky Run Middle,5/06/2025,60153,Pumpkin Bread(1 square),0,0,0,20,15,0,15,$6.15,0,0.00%,$0.00,$6.15,5,25.00%,$2.05,$8.20
Rocky Run Middle,5/06/2025,20014,Red Delicious Apple(Each - serving),6,0,6,10,5,0,5,$1.65,0,0.00%,$0.00,$1.65,5,50.00%,$1.65,$3.30
Rocky Run Middle,5/06/2025,60096,Strawberry Parfait(Parfait),3,0,3,5,1,0,1,$0.99,0,0.00%,$0.00,$0.99,4,80.00%,$3.96,$4.95
Rocky Run Middle,5/06/2025,60011,Turkey Sausage Breakfast Biscuit(Sandwich),12,0,12,10,9,0,9,$3.96,0,0.00%,$0.00,$3.96,1,10.00%,$0.44,$4.40
Rolling Valley Elementary,5/06/2025,20001,1% White Milk(Each),15,0,15,16,15,0,15,$5.40,0,0.00%,$0.00,$5.40,1,6.25%,$0.36,$5.76
Rolling Valley Elementary,5/06/2025,30008,Apple Juice(Each),40,11,51,41,41,0,41,$6.97,0,0.00%,$0.00,$6.97,0,0.00%,$0.00,$6.97
Rolling Valley Elementary,5/06/2025,20031,Banana(Each),20,0,20,30,17,0,17,$3.57,0,0.00%,$0.00,$3.57,13,43.33%,$2.73,$6.30
Rolling Valley Elementary,5/06/2025,60068,Biscuit(Biscuit),5,0,5,8,5,0,5,$1.05,0,0.00%,$0.00,$1.05,3,37.50%,$0.63,$1.68
Rolling Valley Elementary,5/06/2025,30004,Blueberry Chex Cereal(Each),12,0,12,0,0,0,0,$0.00,0,0.00%,$0.00,$0.00,0,0.00%,$0.00,$0.00
Rolling Valley Elementary,5/06/2025,30006,Cinnamon Chex Cereal(Each),12,2,14,36,30,1,31,$18.29,0,0.00%,$0.00,$18.29,5,13.89%,$2.95,$21.24
Rolling Valley Elementary,5/06/2025,30007,"Cinnamon Toast Crunch Cereal, 25% Less Sugar(Each)",12,0,12,0,0,0,0,$0.00,0,0.00%,$0.00,$0.00,0,0.00%,$0.00,$0.00
Rolling Valley Elementary,5/06/2025,20038,Fat Free White Milk(Each),15,0,15,20,18,0,18,$5.94,0,0.00%,$0.00,$5.94,2,10.00%,$0.66,$6.60
Rolling Valley Elementary,5/06/2025,30003,Honey Cheerios Cereal(Each),12,0,12,36,30,0,30,$17.70,0,0.00%,$0.00,$17.70,6,16.67%,$3.54,$21.24
Rolling Valley Elementary,5/06/2025,30051,Natural Grape Jam(Packet),15,0,15,15,6,0,6,$0.54,0,0.00%,$0.00,$0.54,9,60.00%,$0.81,$1.35
Rolling Valley Elementary,5/06/2025,20017,Orange(6 Slices per 1/2 cup),0,0,0,0,0,0,0,$0.00,0,0.00%,$0.00,$0.00,0,0.00%,$0.00,$0.00
Rolling Valley Elementary,5/06/2025,30009,Orange Tangerine Juice(Each),40,10,50,40,24,9,33,$5.61,0,0.00%,$0.00,$5.61,7,17.50%,$1.19,$6.80
Rolling Valley Elementary,5/06/2025,20014,Red Delicious Apple(Each - serving),0,0,0,0,0,0,0,$0.00,0,0.00%,$0.00,$0.00,0,0.00%,$0.00,$0.00
Rolling Valley Elementary,5/06/2025,60096,Strawberry Parfait(Parfait),5,2,7,8,6,0,6,$5.94,0,0.00%,$0.00,$5.94,2,25.00%,$1.98,$7.92
Rolling Valley Elementary,5/06/2025,60011,Turkey Sausage Breakfast Biscuit(Sandwich),5,4,9,12,11,0,11,$4.84,0,0.00%,$0.00,$4.84,1,8.33%,$0.44,$5.28
Rose Hill Elementary,5/06/2025,20001,1% White Milk(Each),126,0,126,146,141,0,141,$50.76,0,0.00%,$0.00,$50.76,5,3.42%,$1.80,$52.56
Rose Hill Elementary,5/06/2025,30008,Apple Juice(Each),70,0,70,75,67,0,67,$11.39,0,0.00%,$0.00,$11.39,8,10.67%,$1.36,$12.75
Rose Hill Elementary,5/06/2025,30020,Applesauce(1/2 Cup),25,0,25,26,26,0,26,$5.46,0,0.00%,$0.00,$5.46,0,0.00%,$0.00,$5.46
Rose Hill Elementary,5/06/2025,10020,Bagel(Bagel),0,0,0,78,77,0,77,$24.64,0,0.00%,$0.00,$24.64,1,1.28%,$0.32,$24.96
Rose Hill Elementary,5/06/2025,30004,Blueberry Chex Cereal(Each),16,0,16,20,17,0,17,$10.03,0,0.00%,$0.00,$10.03,3,15.00%,$1.77,$11.80
Rose Hill Elementary,5/06/2025,30006,Cinnamon Chex Cereal(Each),15,0,15,20,15,0,15,$8.85,0,0.00%,$0.00,$8.85,5,25.00%,$2.95,$11.80
Rose Hill Elementary,5/06/2025,30007,"Cinnamon Toast Crunch Cereal, 25% Less Sugar(Each)",22,0,22,25,20,0,20,$11.80,0,0.00%,$0.00,$11.80,5,20.00%,$2.95,$14.75
Rose Hill Elementary,5/06/2025,20009,Cream Cheese(Each),0,0,0,75,70,0,70,$20.30,0,0.00%,$0.00,$20.30,5,6.67%,$1.45,$21.75
Rose Hill Elementary,5/06/2025,20038,Fat Free White Milk(Each),21,0,21,20,10,0,10,$3.30,0,0.00%,$0.00,$3.30,10,50.00%,$3.30,$6.60
Rose Hill Elementary,5/06/2025,30003,Honey Cheerios Cereal(Each),22,0,22,25,20,0,20,$11.80,0,0.00%,$0.00,$11.80,5,20.00%,$2.95,$14.75
Rose Hill Elementary,5/06/2025,10041,Mini Maple Pancakes(Package),0,0,0,11,11,0,11,$4.29,0,0.00%,$0.00,$4.29,0,0.00%,$0.00,$4.29
Rose Hill Elementary,5/06/2025,30009,Orange Tangerine Juice(Each),59,0,59,75,66,0,66,$11.22,0,0.00%,$0.00,$11.22,9,12.00%,$1.53,$12.75
Rose Hill Elementary,5/06/2025,20014,Red Delicious Apple(Each - serving),93,0,93,120,102,0,102,$33.66,0,0.00%,$0.00,$33.66,18,15.00%,$5.94,$39.60
Rose Hill Elementary,5/06/2025,60096,Strawberry Parfait(Parfait),8,0,8,15,12,0,12,$11.88,0,0.00%,$0.00,$11.88,3,20.00%,$2.97,$14.85
Sandburg Middle,5/06/2025,20001,1% White Milk(Each),5,0,5,14,5,0,5,$1.80,0,0.00%,$0.00,$1.80,9,64.29%,$3.24,$5.04
Sandburg Middle,5/06/2025,10021,Apple Cinnamon Bread(1oz Grain (1/64 Baked Pan)),0,0,0,48,42,0,42,$17.22,0,0.00%,$0.00,$17.22,6,12.50%,$2.46,$19.68
Sandburg Middle,5/06/2025,30008,Apple Juice(Each),59,0,59,87,68,0,68,$11.56,0,0.00%,$0.00,$11.56,19,21.84%,$3.23,$14.79
Sandburg Middle,5/06/2025,10020,Bagel(Bagel),0,0,0,1,1,0,1,$0.32,0,0.00%,$0.00,$0.32,0,0.00%,$0.00,$0.32
Sandburg Middle,5/06/2025,10096,"Batter, Pumpkin Bread(1oz Grain (1/64 Baked Pan))",0,0,0,5,1,0,1,$0.41,0,0.00%,$0.00,$0.41,4,80.00%,$1.64,$2.05
Sandburg Middle,5/06/2025,60068,Biscuit(Biscuit),4,0,4,1,1,0,1,$0.21,0,0.00%,$0.00,$0.21,0,0.00%,$0.00,$0.21
Sandburg Middle,5/06/2025,20038,Fat Free White Milk(Each),2,0,2,14,3,0,3,$0.99,0,0.00%,$0.00,$0.99,11,78.57%,$3.63,$4.62
Sandburg Middle,5/06/2025,10041,Mini Maple Pancakes(Package),0,0,0,49,49,0,49,$19.11,0,0.00%,$0.00,$19.11,0,0.00%,$0.00,$19.11
Sandburg Middle,5/06/2025,30051,Natural Grape Jam(Packet),12,0,12,1,1,0,1,$0.09,0,0.00%,$0.00,$0.09,0,0.00%,$0.00,$0.09
Sandburg Middle,5/06/2025,20017,Orange(6 Slices per 1/2 cup),6,0,6,25,25,0,25,$8.50,0,0.00%,$0.00,$8.50,0,0.00%,$0.00,$8.50
Sandburg Middle,5/06/2025,30009,Orange Tangerine Juice(Each),28,0,28,48,24,0,24,$4.08,0,0.00%,$0.00,$4.08,24,50.00%,$4.08,$8.16
Sandburg Middle,5/06/2025,60011,Turkey Sausage Breakfast Biscuit(Sandwich),12,0,12,2,2,0,2,$0.88,0,0.00%,$0.00,$0.88,0,0.00%,$0.00,$0.88
Sangster Elementary,5/06/2025,20001,1% White Milk(Each),5,0,5,8,8,0,8,$2.88,0,0.00%,$0.00,$2.88,0,0.00%,$0.00,$2.88
Sangster Elementary,5/06/2025,30008,Apple Juice(Each),40,0,40,40,40,0,40,$6.80,0,0.00%,$0.00,$6.80,0,0.00%,$0.00,$6.80
Sangster Elementary,5/06/2025,10020,Bagel(Bagel),0,0,0,30,20,10,30,$9.60,0,0.00%,$0.00,$9.60,0,0.00%,$0.00,$9.60
Sangster Elementary,5/06/2025,60068,Biscuit(Biscuit),5,0,5,5,2,0,2,$0.42,0,0.00%,$0.00,$0.42,3,60.00%,$0.63,$1.05
Sangster Elementary,5/06/2025,30004,Blueberry Chex Cereal(Each),12,0,12,10,10,0,10,$5.90,0,0.00%,$0.00,$5.90,0,0.00%,$0.00,$5.90
Sangster Elementary,5/06/2025,30006,Cinnamon Chex Cereal(Each),12,0,12,10,10,0,10,$5.90,0,0.00%,$0.00,$5.90,0,0.00%,$0.00,$5.90
Sangster Elementary,5/06/2025,30007,"Cinnamon Toast Crunch Cereal, 25% Less Sugar(Each)",12,0,12,10,10,0,10,$5.90,0,0.00%,$0.00,$5.90,0,0.00%,$0.00,$5.90
Sangster Elementary,5/06/2025,20009,Cream Cheese(Each),0,0,0,30,30,0,30,$8.70,0,0.00%,$0.00,$8.70,0,0.00%,$0.00,$8.70
Sangster Elementary,5/06/2025,20038,Fat Free White Milk(Each),10,0,10,8,8,0,8,$2.64,0,0.00%,$0.00,$2.64,0,0.00%,$0.00,$2.64
Sangster Elementary,5/06/2025,30003,Honey Cheerios Cereal(Each),12,0,12,10,10,0,10,$5.90,0,0.00%,$0.00,$5.90,0,0.00%,$0.00,$5.90
Sangster Elementary,5/06/2025,60034,Mandarin Orange Parfait(Parfait),0,0,0,6,2,0,2,$1.98,0,0.00%,$0.00,$1.98,4,66.67%,$3.96,$5.94
Sangster Elementary,5/06/2025,10041,Mini Maple Pancakes(Package),0,0,0,30,20,10,30,$11.70,0,0.00%,$0.00,$11.70,0,0.00%,$0.00,$11.70
Sangster Elementary,5/06/2025,30093,Natural Breakfast Syrup(Each),0,0,0,30,30,0,30,$6.00,0,0.00%,$0.00,$6.00,0,0.00%,$0.00,$6.00
Sangster Elementary,5/06/2025,30051,Natural Grape Jam(Packet),15,0,15,20,20,0,20,$1.80,0,0.00%,$0.00,$1.80,0,0.00%,$0.00,$1.80
Sangster Elementary,5/06/2025,20017,Orange(6 Slices per 1/2 cup),10,0,10,10,10,0,10,$3.40,0,0.00%,$0.00,$3.40,0,0.00%,$0.00,$3.40
Sangster Elementary,5/06/2025,30009,Orange Tangerine Juice(Each),40,0,40,40,40,0,40,$6.80,0,0.00%,$0.00,$6.80,0,0.00%,$0.00,$6.80
Sangster Elementary,5/06/2025,60011,Turkey Sausage Breakfast Biscuit(Sandwich),5,0,5,10,3,3,6,$2.64,0,0.00%,$0.00,$2.64,4,40.00%,$1.76,$4.40
Saratoga Elementary,5/06/2025,20001,1% White Milk(Each),77,0,77,150,53,0,53,$19.08,0,0.00%,$0.00,$19.08,97,64.67%,$34.92,$54.00
Saratoga Elementary,5/06/2025,30008,Apple Juice(Each),160,0,160,112,98,0,98,$16.66,0,0.00%,$0.00,$16.66,14,12.50%,$2.38,$19.04
Saratoga Elementary,5/06/2025,20008,Apple Slices(3 slices per 1/4 cup),0,0,0,50,40,0,40,$23.60,0,0.00%,$0.00,$23.60,10,20.00%,$5.90,$29.50
Saratoga Elementary,5/06/2025,30020,Applesauce(1/2 Cup),41,0,41,31,31,0,31,$6.51,0,0.00%,$0.00,$6.51,0,0.00%,$0.00,$6.51
Saratoga Elementary,5/06/2025,60068,Biscuit(Biscuit),12,0,12,31,31,0,31,$6.51,0,0.00%,$0.00,$6.51,0,0.00%,$0.00,$6.51
Saratoga Elementary,5/06/2025,30006,Cinnamon Chex Cereal(Each),30,0,30,23,20,0,20,$11.80,0,0.00%,$0.00,$11.80,3,13.04%,$1.77,$13.57
Saratoga Elementary,5/06/2025,30007,"Cinnamon Toast Crunch Cereal, 25% Less Sugar(Each)",20,0,20,43,41,0,41,$24.19,0,0.00%,$0.00,$24.19,2,4.65%,$1.18,$25.37
Saratoga Elementary,5/06/2025,60125,Egg and American Cheese on Biscuit(Sandwich),0,0,0,31,30,0,30,$14.10,1,3.23%,$0.47,$14.57,0,0.00%,$0.00,$14.57
Saratoga Elementary,5/06/2025,20038,Fat Free White Milk(Each),13,0,13,72,20,0,20,$6.60,0,0.00%,$0.00,$6.60,52,72.22%,$17.16,$23.76
Saratoga Elementary,5/06/2025,30003,Honey Cheerios Cereal(Each),20,0,20,20,18,0,18,$10.62,0,0.00%,$0.00,$10.62,2,10.00%,$1.18,$11.80
Saratoga Elementary,5/06/2025,20043,"Lactose Free, White Milk(Each)",0,0,0,5,5,0,5,$2.90,0,0.00%,$0.00,$2.90,0,0.00%,$0.00,$2.90
Saratoga Elementary,5/06/2025,30188,"Milk, Soy, Plain, Bulk (12/32 oz)(1 cup)",0,0,0,2,2,0,2,$1.58,0,0.00%,$0.00,$1.58,0,0.00%,$0.00,$1.58
Saratoga Elementary,5/06/2025,30051,Natural Grape Jam(Packet),39,0,39,31,31,0,31,$2.79,0,0.00%,$0.00,$2.79,0,0.00%,$0.00,$2.79
Saratoga Elementary,5/06/2025,30009,Orange Tangerine Juice(Each),62,0,62,57,35,0,35,$5.95,0,0.00%,$0.00,$5.95,22,38.60%,$3.74,$9.69
Saratoga Elementary,5/06/2025,60096,Strawberry Parfait(Parfait),14,0,14,10,9,0,9,$8.91,0,0.00%,$0.00,$8.91,1,10.00%,$0.99,$9.90
Shrevewood Elementary,5/06/2025,20001,1% White Milk(Each),26,0,26,135,57,0,57,$20.52,0,0.00%,$0.00,$20.52,78,57.78%,$28.08,$48.60
Shrevewood Elementary,5/06/2025,30008,Apple Juice(Each),16,0,16,64,56,0,56,$9.52,0,0.00%,$0.00,$9.52,8,12.50%,$1.36,$10.88
Shrevewood Elementary,5/06/2025,30020,Applesauce(1/2 Cup),19,0,19,16,16,0,16,$3.36,0,0.00%,$0.00,$3.36,0,0.00%,$0.00,$3.36
Shrevewood Elementary,5/06/2025,60068,Biscuit(Biscuit),2,0,2,16,14,0,14,$2.94,0,0.00%,$0.00,$2.94,2,12.50%,$0.42,$3.36
Shrevewood Elementary,5/06/2025,30004,Blueberry Chex Cereal(Each),5,0,5,24,20,0,20,$11.80,0,0.00%,$0.00,$11.80,4,16.67%,$2.36,$14.16
Shrevewood Elementary,5/06/2025,30006,Cinnamon Chex Cereal(Each),5,0,5,24,23,0,23,$13.57,0,0.00%,$0.00,$13.57,1,4.17%,$0.59,$14.16
Shrevewood Elementary,5/06/2025,30007,"Cinnamon Toast Crunch Cereal, 25% Less Sugar(Each)",7,0,7,24,24,0,24,$14.16,0,0.00%,$0.00,$14.16,0,0.00%,$0.00,$14.16
Shrevewood Elementary,5/06/2025,60125,Egg and American Cheese on Biscuit(Sandwich),0,0,0,20,10,0,10,$4.70,0,0.00%,$0.00,$4.70,10,50.00%,$4.70,$9.40
Shrevewood Elementary,5/06/2025,20038,Fat Free White Milk(Each),7,0,7,98,11,0,11,$3.63,0,0.00%,$0.00,$3.63,87,88.78%,$28.71,$32.34
Shrevewood Elementary,5/06/2025,30003,Honey Cheerios Cereal(Each),4,0,4,24,24,0,24,$14.16,0,0.00%,$0.00,$14.16,0,0.00%,$0.00,$14.16
Shrevewood Elementary,5/06/2025,20043,"Lactose Free, White Milk(Each)",0,0,0,1,1,0,1,$0.58,0,0.00%,$0.00,$0.58,0,0.00%,$0.00,$0.58
Shrevewood Elementary,5/06/2025,30051,Natural Grape Jam(Packet),17,0,17,16,6,0,6,$0.54,0,0.00%,$0.00,$0.54,10,62.50%,$0.90,$1.44
Shrevewood Elementary,5/06/2025,30009,Orange Tangerine Juice(Each),14,0,14,67,48,0,48,$8.16,0,0.00%,$0.00,$8.16,19,28.36%,$3.23,$11.39
Shrevewood Elementary,5/06/2025,20014,Red Delicious Apple(Each - serving),14,0,14,20,20,0,20,$6.60,0,0.00%,$0.00,$6.60,0,0.00%,$0.00,$6.60
Shrevewood Elementary,5/06/2025,60096,Strawberry Parfait(Parfait),0,0,0,7,7,0,7,$6.93,0,0.00%,$0.00,$6.93,0,0.00%,$0.00,$6.93
Silverbrook Elementary,5/06/2025,20001,1% White Milk(Each),27,0,27,27,18,0,18,$6.48,0,0.00%,$0.00,$6.48,9,33.33%,$3.24,$9.72
Silverbrook Elementary,5/06/2025,30008,Apple Juice(Each),30,0,30,30,24,0,24,$4.08,0,0.00%,$0.00,$4.08,6,20.00%,$1.02,$5.10
Silverbrook Elementary,5/06/2025,30020,Applesauce(1/2 Cup),2,0,2,2,0,0,0,$0.00,0,0.00%,$0.00,$0.00,2,100.00%,$0.00,$0.00
Silverbrook Elementary,5/06/2025,60068,Biscuit(Biscuit),8,0,8,16,12,0,12,$2.52,0,0.00%,$0.00,$2.52,4,25.00%,$0.84,$3.36
Silverbrook Elementary,5/06/2025,30006,Cinnamon Chex Cereal(Each),8,0,8,8,1,0,1,$0.59,0,0.00%,$0.00,$0.59,7,87.50%,$4.13,$4.72
Silverbrook Elementary,5/06/2025,30007,"Cinnamon Toast Crunch Cereal, 25% Less Sugar(Each)",6,0,6,8,0,0,0,$0.00,0,0.00%,$0.00,$0.00,8,100.00%,$0.00,$0.00
Silverbrook Elementary,5/06/2025,20038,Fat Free White Milk(Each),20,0,20,20,10,0,10,$3.30,0,0.00%,$0.00,$3.30,10,50.00%,$3.30,$6.60
Silverbrook Elementary,5/06/2025,30003,Honey Cheerios Cereal(Each),6,0,6,10,7,0,7,$4.13,0,0.00%,$0.00,$4.13,3,30.00%,$1.77,$5.90
Silverbrook Elementary,5/06/2025,10056,Maple Belgian Waffle(Waffle),0,0,0,18,18,0,18,$7.92,0,0.00%,$0.00,$7.92,0,0.00%,$0.00,$7.92
Silverbrook Elementary,5/06/2025,30051,Natural Grape Jam(Packet),8,0,8,20,18,0,18,$1.62,0,0.00%,$0.00,$1.62,2,10.00%,$0.18,$1.80
Silverbrook Elementary,5/06/2025,20017,Orange(6 Slices per 1/2 cup),12,0,12,20,10,0,10,$3.40,0,0.00%,$0.00,$3.40,10,50.00%,$3.40,$6.80
Silverbrook Elementary,5/06/2025,30009,Orange Tangerine Juice(Each),22,0,22,22,14,0,14,$2.38,0,0.00%,$0.00,$2.38,8,36.36%,$1.36,$3.74
Silverbrook Elementary,5/06/2025,20014,Red Delicious Apple(Each - serving),25,0,25,24,15,0,15,$4.95,0,0.00%,$0.00,$4.95,9,37.50%,$2.97,$7.92
Silverbrook Elementary,5/06/2025,60096,Strawberry Parfait(Parfait),4,0,4,8,0,0,0,$0.00,0,0.00%,$0.00,$0.00,8,100.00%,$0.00,$0.00
Silverbrook Elementary,5/06/2025,60011,Turkey Sausage Breakfast Biscuit(Sandwich),8,0,8,16,12,0,12,$5.28,0,0.00%,$0.00,$5.28,4,25.00%,$1.76,$7.04
Sleepy Hollow Elementary,5/06/2025,20001,1% White Milk(Each),75,0,75,105,80,0,80,$28.80,0,0.00%,$0.00,$28.80,25,23.81%,$9.00,$37.80
Sleepy Hollow Elementary,5/06/2025,30008,Apple Juice(Each),218,0,218,0,0,0,0,$0.00,0,0.00%,$0.00,$0.00,0,0.00%,$0.00,$0.00
Sleepy Hollow Elementary,5/06/2025,30020,Applesauce(1/2 Cup),7,0,7,7,7,0,7,$1.47,0,0.00%,$0.00,$1.47,0,0.00%,$0.00,$1.47
Sleepy Hollow Elementary,5/06/2025,60068,Biscuit(Biscuit),0,0,0,6,3,0,3,$0.63,0,0.00%,$0.00,$0.63,3,50.00%,$0.63,$1.26
Sleepy Hollow Elementary,5/06/2025,10023,Blueberry Bread(1oz Grain (1/64 Baked Pan)),0,0,0,75,70,0,70,$28.70,0,0.00%,$0.00,$28.70,5,6.67%,$2.05,$30.75
Sleepy Hollow Elementary,5/06/2025,30004,Blueberry Chex Cereal(Each),21,0,21,22,21,0,21,$12.39,0,0.00%,$0.00,$12.39,1,4.55%,$0.59,$12.98
Sleepy Hollow Elementary,5/06/2025,30006,Cinnamon Chex Cereal(Each),21,0,21,22,21,0,21,$12.39,0,0.00%,$0.00,$12.39,1,4.55%,$0.59,$12.98
Sleepy Hollow Elementary,5/06/2025,30007,"Cinnamon Toast Crunch Cereal, 25% Less Sugar(Each)",21,0,21,22,21,0,21,$12.39,0,0.00%,$0.00,$12.39,1,4.55%,$0.59,$12.98
Sleepy Hollow Elementary,5/06/2025,20038,Fat Free White Milk(Each),5,0,5,5,3,0,3,$0.99,0,0.00%,$0.00,$0.99,2,40.00%,$0.66,$1.65
Sleepy Hollow Elementary,5/06/2025,30003,Honey Cheerios Cereal(Each),21,0,21,22,21,0,21,$12.39,0,0.00%,$0.00,$12.39,1,4.55%,$0.59,$12.98
Sleepy Hollow Elementary,5/06/2025,30051,Natural Grape Jam(Packet),16,0,16,40,25,0,25,$2.25,0,0.00%,$0.00,$2.25,15,37.50%,$1.35,$3.60
Sleepy Hollow Elementary,5/06/2025,20017,Orange(6 Slices per 1/2 cup),34,0,34,35,30,0,30,$10.20,0,0.00%,$0.00,$10.20,5,14.29%,$1.70,$11.90
Sleepy Hollow Elementary,5/06/2025,30009,Orange Tangerine Juice(Each),226,0,226,249,211,0,211,$35.87,0,0.00%,$0.00,$35.87,38,15.26%,$6.46,$42.33
Sleepy Hollow Elementary,5/06/2025,20014,Red Delicious Apple(Each - serving),24,0,24,50,35,0,35,$11.55,0,0.00%,$0.00,$11.55,15,30.00%,$4.95,$16.50
Sleepy Hollow Elementary,5/06/2025,60096,Strawberry Parfait(Parfait),21,0,21,22,17,0,17,$16.83,0,0.00%,$0.00,$16.83,5,22.73%,$4.95,$21.78
Sleepy Hollow Elementary,5/06/2025,60011,Turkey Sausage Breakfast Biscuit(Sandwich),52,0,52,51,39,0,39,$17.16,0,0.00%,$0.00,$17.16,12,23.53%,$5.28,$22.44
SOUTH COUNTY HS,5/06/2025,20001,1% White Milk(Each),17,0,17,35,8,0,8,$2.88,0,0.00%,$0.00,$2.88,27,77.14%,$9.72,$12.60
SOUTH COUNTY HS,5/06/2025,60178,Apple Cinnamon Bread (Grain for entree)(1 square),0,0,0,56,46,5,51,$20.91,0,0.00%,$0.00,$20.91,5,8.93%,$2.05,$22.96
SOUTH COUNTY HS,5/06/2025,30008,Apple Juice(Each),159,0,159,145,114,0,114,$19.38,0,0.00%,$0.00,$19.38,31,21.38%,$5.27,$24.65
SOUTH COUNTY HS,5/06/2025,10020,Bagel(Bagel),0,0,0,30,24,2,26,$8.32,0,0.00%,$0.00,$8.32,4,13.33%,$1.28,$9.60
SOUTH COUNTY HS,5/06/2025,20031,Banana(Each),24,0,24,19,19,0,19,$3.99,0,0.00%,$0.00,$3.99,0,0.00%,$0.00,$3.99
SOUTH COUNTY HS,5/06/2025,30004,Blueberry Chex Cereal(Each),6,0,6,18,12,0,12,$7.08,0,0.00%,$0.00,$7.08,6,33.33%,$3.54,$10.62
SOUTH COUNTY HS,5/06/2025,30006,Cinnamon Chex Cereal(Each),12,0,12,10,2,0,2,$1.18,0,0.00%,$0.00,$1.18,8,80.00%,$4.72,$5.90
SOUTH COUNTY HS,5/06/2025,30007,"Cinnamon Toast Crunch Cereal, 25% Less Sugar(Each)",30,0,30,22,8,0,8,$4.72,0,0.00%,$0.00,$4.72,14,63.64%,$8.26,$12.98
SOUTH COUNTY HS,5/06/2025,20038,Fat Free White Milk(Each),4,0,4,74,2,0,2,$0.66,0,0.00%,$0.00,$0.66,72,97.30%,$23.76,$24.42
SOUTH COUNTY HS,5/06/2025,30003,Honey Cheerios Cereal(Each),4,0,4,10,3,0,3,$1.77,0,0.00%,$0.00,$1.77,7,70.00%,$4.13,$5.90
SOUTH COUNTY HS,5/06/2025,30051,Natural Grape Jam(Packet),30,0,30,30,20,0,20,$1.80,0,0.00%,$0.00,$1.80,10,33.33%,$0.90,$2.70
SOUTH COUNTY HS,5/06/2025,30009,Orange Tangerine Juice(Each),55,0,55,65,37,0,37,$6.29,0,0.00%,$0.00,$6.29,28,43.08%,$4.76,$11.05
SOUTH COUNTY HS,5/06/2025,20014,Red Delicious Apple(Each - serving),17,0,17,16,4,0,4,$1.32,0,0.00%,$0.00,$1.32,12,75.00%,$3.96,$5.28
SOUTH COUNTY HS,5/06/2025,60096,Strawberry Parfait(Parfait),21,2,23,39,17,5,22,$21.78,0,0.00%,$0.00,$21.78,17,43.59%,$16.83,$38.61
SOUTH COUNTY HS,5/06/2025,60011,Turkey Sausage Breakfast Biscuit(Sandwich),26,1,27,30,29,0,29,$12.76,0,0.00%,$0.00,$12.76,1,3.33%,$0.44,$13.20
South County Middle,5/06/2025,20001,1% White Milk(Each),30,0,30,30,6,0,6,$2.16,0,0.00%,$0.00,$2.16,24,80.00%,$8.64,$10.80
South County Middle,5/06/2025,30008,Apple Juice(Each),48,0,48,48,46,0,46,$7.82,0,0.00%,$0.00,$7.82,2,4.17%,$0.34,$8.16
South County Middle,5/06/2025,10020,Bagel(Bagel),12,0,12,26,24,0,24,$7.68,0,0.00%,$0.00,$7.68,2,7.69%,$0.64,$8.32
South County Middle,5/06/2025,20031,Banana(Each),5,0,5,5,0,0,0,$0.00,0,0.00%,$0.00,$0.00,5,100.00%,$0.00,$0.00
South County Middle,5/06/2025,30181,"Cereal, Cinnamon Toast Crunch 1 oz (Sub)(Each)",6,0,6,6,4,0,4,$1.28,0,0.00%,$0.00,$1.28,2,33.33%,$0.64,$1.92
South County Middle,5/06/2025,30175,"Cereal, Cinnamon Toasters, Malt-O-Meal, IW (Sub)(1 Each)",4,0,4,4,2,0,2,$1.18,0,0.00%,$0.00,$1.18,2,50.00%,$1.18,$2.36
South County Middle,5/06/2025,30006,Cinnamon Chex Cereal(Each),5,0,5,5,2,0,2,$1.18,0,0.00%,$0.00,$1.18,3,60.00%,$1.77,$2.95
South County Middle,5/06/2025,20009,Cream Cheese(Each),12,0,12,24,22,0,22,$6.38,0,0.00%,$0.00,$6.38,2,8.33%,$0.58,$6.96
South County Middle,5/06/2025,60004,Egg and American Cheese on English Muffin(Sandwich),4,0,4,5,4,1,5,$2.55,0,0.00%,$0.00,$2.55,0,0.00%,$0.00,$2.55
South County Middle,5/06/2025,20002,Fat Free Chocolate Milk(Each),50,0,50,50,2,0,2,$0.70,0,0.00%,$0.00,$0.70,48,96.00%,$16.80,$17.50
South County Middle,5/06/2025,20038,Fat Free White Milk(Each),20,0,20,20,0,0,0,$0.00,0,0.00%,$0.00,$0.00,20,100.00%,$0.00,$0.00
South County Middle,5/06/2025,10041,Mini Maple Pancakes(Package),30,0,30,17,16,1,17,$6.63,0,0.00%,$0.00,$6.63,0,0.00%,$0.00,$6.63
South County Middle,5/06/2025,30093,Natural Breakfast Syrup(Each),30,0,30,17,17,0,17,$3.40,0,0.00%,$0.00,$3.40,0,0.00%,$0.00,$3.40
South County Middle,5/06/2025,30009,Orange Tangerine Juice(Each),48,0,48,48,4,0,4,$0.68,0,0.00%,$0.00,$0.68,44,91.67%,$7.48,$8.16
South County Middle,5/06/2025,60011,Turkey Sausage Breakfast Biscuit(Sandwich),4,0,4,5,4,0,4,$1.76,0,0.00%,$0.00,$1.76,1,20.00%,$0.44,$2.20
South Lakes High,5/06/2025,20001,1% White Milk(Each),50,0,50,74,29,0,29,$10.44,0,0.00%,$0.00,$10.44,45,60.81%,$16.20,$26.64
South Lakes High,5/06/2025,30008,Apple Juice(Each),175,0,175,175,102,3,105,$17.85,0,0.00%,$0.00,$17.85,70,40.00%,$11.90,$29.75
South Lakes High,5/06/2025,60068,Biscuit(Biscuit),25,0,25,30,11,3,14,$2.94,0,0.00%,$0.00,$2.94,16,53.33%,$3.36,$6.30
South Lakes High,5/06/2025,30004,Blueberry Chex Cereal(Each),10,0,10,10,1,0,1,$0.59,0,0.00%,$0.00,$0.59,9,90.00%,$5.31,$5.90
South Lakes High,5/06/2025,30006,Cinnamon Chex Cereal(Each),30,0,30,30,10,0,10,$5.90,0,0.00%,$0.00,$5.90,20,66.67%,$11.80,$17.70
South Lakes High,5/06/2025,30007,"Cinnamon Toast Crunch Cereal, 25% Less Sugar(Each)",40,0,40,40,16,1,17,$10.03,0,0.00%,$0.00,$10.03,23,57.50%,$13.57,$23.60
South Lakes High,5/06/2025,60125,Egg and American Cheese on Biscuit(Sandwich),0,0,0,80,37,0,37,$17.39,43,53.75%,$20.21,$37.60,0,0.00%,$0.00,$37.60
South Lakes High,5/06/2025,20038,Fat Free White Milk(Each),25,0,25,16,3,0,3,$0.99,0,0.00%,$0.00,$0.99,13,81.25%,$4.29,$5.28
South Lakes High,5/06/2025,30003,Honey Cheerios Cereal(Each),30,0,30,30,10,0,10,$5.90,0,0.00%,$0.00,$5.90,20,66.67%,$11.80,$17.70
South Lakes High,5/06/2025,10041,Mini Maple Pancakes(Package),0,0,0,25,25,0,25,$9.75,0,0.00%,$0.00,$9.75,0,0.00%,$0.00,$9.75
South Lakes High,5/06/2025,30051,Natural Grape Jam(Packet),25,0,25,30,5,0,5,$0.45,0,0.00%,$0.00,$0.45,25,83.33%,$2.25,$2.70
South Lakes High,5/06/2025,30009,Orange Tangerine Juice(Each),75,0,75,75,24,0,24,$4.08,0,0.00%,$0.00,$4.08,51,68.00%,$8.67,$12.75
South Lakes High,5/06/2025,20014,Red Delicious Apple(Each - serving),70,0,70,70,27,0,27,$8.91,0,0.00%,$0.00,$8.91,43,61.43%,$14.19,$23.10
South Lakes High,5/06/2025,60096,Strawberry Parfait(Parfait),25,0,25,20,17,0,17,$16.83,3,15.00%,$2.97,$19.80,0,0.00%,$0.00,$19.80
Spring Hill Elementary,5/06/2025,20001,1% White Milk(Each),40,0,40,40,22,0,22,$7.92,0,0.00%,$0.00,$7.92,18,45.00%,$6.48,$14.40
Spring Hill Elementary,5/06/2025,30008,Apple Juice(Each),60,0,60,70,61,0,61,$10.37,0,0.00%,$0.00,$10.37,9,12.86%,$1.53,$11.90
Spring Hill Elementary,5/06/2025,30020,Applesauce(1/2 Cup),0,0,0,0,0,0,0,$0.00,0,0.00%,$0.00,$0.00,0,0.00%,$0.00,$0.00
Spring Hill Elementary,5/06/2025,60068,Biscuit(Biscuit),4,0,4,15,7,0,7,$1.47,0,0.00%,$0.00,$1.47,8,53.33%,$1.68,$3.15
Spring Hill Elementary,5/06/2025,30004,Blueberry Chex Cereal(Each),10,0,10,15,11,0,11,$6.49,0,0.00%,$0.00,$6.49,4,26.67%,$2.36,$8.85
Spring Hill Elementary,5/06/2025,30097,Bottled Water(Bottle),0,0,0,10,8,0,8,$1.28,0,0.00%,$0.00,$1.28,2,20.00%,$0.32,$1.60
Spring Hill Elementary,5/06/2025,30006,Cinnamon Chex Cereal(Each),20,0,20,28,24,0,24,$14.16,0,0.00%,$0.00,$14.16,4,14.29%,$2.36,$16.52
Spring Hill Elementary,5/06/2025,30007,"Cinnamon Toast Crunch Cereal, 25% Less Sugar(Each)",20,0,20,22,20,0,20,$11.80,0,0.00%,$0.00,$11.80,2,9.09%,$1.18,$12.98
Spring Hill Elementary,5/06/2025,20038,Fat Free White Milk(Each),18,0,18,18,14,0,14,$4.62,0,0.00%,$0.00,$4.62,4,22.22%,$1.32,$5.94
Spring Hill Elementary,5/06/2025,30003,Honey Cheerios Cereal(Each),20,0,20,20,17,0,17,$10.03,0,0.00%,$0.00,$10.03,3,15.00%,$1.77,$11.80
Spring Hill Elementary,5/06/2025,30051,Natural Grape Jam(Packet),5,0,5,15,7,0,7,$0.63,0,0.00%,$0.00,$0.63,8,53.33%,$0.72,$1.35
Spring Hill Elementary,5/06/2025,20017,Orange(6 Slices per 1/2 cup),0,0,0,15,10,0,10,$3.40,0,0.00%,$0.00,$3.40,5,33.33%,$1.70,$5.10
Spring Hill Elementary,5/06/2025,30009,Orange Tangerine Juice(Each),50,0,50,70,62,0,62,$10.54,0,0.00%,$0.00,$10.54,8,11.43%,$1.36,$11.90
Spring Hill Elementary,5/06/2025,20014,Red Delicious Apple(Each - serving),30,0,30,28,25,0,25,$8.25,0,0.00%,$0.00,$8.25,3,10.71%,$0.99,$9.24
Spring Hill Elementary,5/06/2025,60096,Strawberry Parfait(Parfait),6,0,6,8,7,0,7,$6.93,1,12.50%,$0.99,$7.92,0,0.00%,$0.00,$7.92
Spring Hill Elementary,5/06/2025,60011,Turkey Sausage Breakfast Biscuit(Sandwich),12,0,12,15,9,0,9,$3.96,0,0.00%,$0.00,$3.96,6,40.00%,$2.64,$6.60
Springfield Estates Elementary,5/06/2025,20001,1% White Milk(Each),36,0,36,42,39,0,39,$14.04,0,0.00%,$0.00,$14.04,3,7.14%,$1.08,$15.12
Springfield Estates Elementary,5/06/2025,30008,Apple Juice(Each),60,0,60,65,52,0,52,$8.84,0,0.00%,$0.00,$8.84,13,20.00%,$2.21,$11.05
Springfield Estates Elementary,5/06/2025,30020,Applesauce(1/2 Cup),20,0,20,22,22,0,22,$4.62,0,0.00%,$0.00,$4.62,0,0.00%,$0.00,$4.62
Springfield Estates Elementary,5/06/2025,20031,Banana(Each),8,0,8,5,5,0,5,$1.05,0,0.00%,$0.00,$1.05,0,0.00%,$0.00,$1.05
Springfield Estates Elementary,5/06/2025,60068,Biscuit(Biscuit),3,0,3,3,3,0,3,$0.63,0,0.00%,$0.00,$0.63,0,0.00%,$0.00,$0.63
Springfield Estates Elementary,5/06/2025,30004,Blueberry Chex Cereal(Each),4,0,4,15,10,0,10,$5.90,0,0.00%,$0.00,$5.90,5,33.33%,$2.95,$8.85
Springfield Estates Elementary,5/06/2025,30068,Chilled Peaches(1/2 cup (drained)),0,0,0,10,10,0,10,$5.10,0,0.00%,$0.00,$5.10,0,0.00%,$0.00,$5.10
Springfield Estates Elementary,5/06/2025,30006,Cinnamon Chex Cereal(Each),17,0,17,10,10,0,10,$5.90,0,0.00%,$0.00,$5.90,0,0.00%,$0.00,$5.90
Springfield Estates Elementary,5/06/2025,30007,"Cinnamon Toast Crunch Cereal, 25% Less Sugar(Each)",16,0,16,22,22,0,22,$12.98,0,0.00%,$0.00,$12.98,0,0.00%,$0.00,$12.98
Springfield Estates Elementary,5/06/2025,20038,Fat Free White Milk(Each),9,0,9,51,13,0,13,$4.29,0,0.00%,$0.00,$4.29,38,74.51%,$12.54,$16.83
Springfield Estates Elementary,5/06/2025,20015,Golden Delicious Apple(Each),0,0,0,17,9,0,9,$2.79,0,0.00%,$0.00,$2.79,8,47.06%,$2.48,$5.27
Springfield Estates Elementary,5/06/2025,30003,Honey Cheerios Cereal(Each),14,0,14,25,24,0,24,$14.16,0,0.00%,$0.00,$14.16,1,4.00%,$0.59,$14.75
Springfield Estates Elementary,5/06/2025,10041,Mini Maple Pancakes(Package),0,0,0,22,22,0,22,$8.58,0,0.00%,$0.00,$8.58,0,0.00%,$0.00,$8.58
Springfield Estates Elementary,5/06/2025,30093,Natural Breakfast Syrup(Each),0,0,0,22,22,0,22,$4.40,0,0.00%,$0.00,$4.40,0,0.00%,$0.00,$4.40
Springfield Estates Elementary,5/06/2025,30051,Natural Grape Jam(Packet),3,0,3,3,3,0,3,$0.27,0,0.00%,$0.00,$0.27,0,0.00%,$0.00,$0.27
Springfield Estates Elementary,5/06/2025,30009,Orange Tangerine Juice(Each),18,0,18,21,21,0,21,$3.57,0,0.00%,$0.00,$3.57,0,0.00%,$0.00,$3.57
Springfield Estates Elementary,5/06/2025,60096,Strawberry Parfait(Parfait),4,0,4,4,4,0,4,$3.96,0,0.00%,$0.00,$3.96,0,0.00%,$0.00,$3.96
Springfield Estates Elementary,5/06/2025,60011,Turkey Sausage Breakfast Biscuit(Sandwich),18,0,18,19,19,0,19,$8.36,0,0.00%,$0.00,$8.36,0,0.00%,$0.00,$8.36
Stenwood Elementary,5/06/2025,20001,1% White Milk(Each),13,0,13,47,10,0,10,$3.60,0,0.00%,$0.00,$3.60,37,78.72%,$13.32,$16.92
Stenwood Elementary,5/06/2025,10021,Apple Cinnamon Bread(1oz Grain (1/64 Baked Pan)),0,0,0,14,7,0,7,$2.87,0,0.00%,$0.00,$2.87,7,50.00%,$2.87,$5.74
Stenwood Elementary,5/06/2025,30008,Apple Juice(Each),40,0,40,41,36,0,36,$6.12,0,0.00%,$0.00,$6.12,5,12.20%,$0.85,$6.97
Stenwood Elementary,5/06/2025,10020,Bagel(Bagel),0,0,0,17,9,0,9,$2.88,0,0.00%,$0.00,$2.88,8,47.06%,$2.56,$5.44
Stenwood Elementary,5/06/2025,30004,Blueberry Chex Cereal(Each),4,0,4,4,1,0,1,$0.59,0,0.00%,$0.00,$0.59,3,75.00%,$1.77,$2.36
Stenwood Elementary,5/06/2025,60032,Blueberry Parfait(Parfait),0,0,0,6,1,0,1,$1.09,0,0.00%,$0.00,$1.09,5,83.33%,$5.45,$6.54
Stenwood Elementary,5/06/2025,30006,Cinnamon Chex Cereal(Each),8,0,8,22,6,0,6,$3.54,0,0.00%,$0.00,$3.54,16,72.73%,$9.44,$12.98
Stenwood Elementary,5/06/2025,30007,"Cinnamon Toast Crunch Cereal, 25% Less Sugar(Each)",8,0,8,13,6,0,6,$3.54,0,0.00%,$0.00,$3.54,7,53.85%,$4.13,$7.67
Stenwood Elementary,5/06/2025,20009,Cream Cheese(Each),0,0,0,16,7,0,7,$2.03,0,0.00%,$0.00,$2.03,9,56.25%,$2.61,$4.64
Stenwood Elementary,5/06/2025,60165,Egg and American Cheese on Bagel(Sandwich),0,0,0,6,4,0,4,$2.32,2,33.33%,$1.16,$3.48,0,0.00%,$0.00,$3.48
Stenwood Elementary,5/06/2025,30108,Fat Free Unflavored Shelf-Stable Milk(Each),0,0,0,4,0,0,0,$0.00,0,0.00%,$0.00,$0.00,4,100.00%,$0.00,$0.00
Stenwood Elementary,5/06/2025,20038,Fat Free White Milk(Each),10,0,10,17,0,0,0,$0.00,0,0.00%,$0.00,$0.00,17,100.00%,$0.00,$0.00
Stenwood Elementary,5/06/2025,10041,Mini Maple Pancakes(Package),0,0,0,22,20,0,20,$7.80,0,0.00%,$0.00,$7.80,2,9.09%,$0.78,$8.58
Stenwood Elementary,5/06/2025,30009,Orange Tangerine Juice(Each),23,0,23,21,20,0,20,$3.40,0,0.00%,$0.00,$3.40,1,4.76%,$0.17,$3.57
Stenwood Elementary,5/06/2025,20014,Red Delicious Apple(Each - serving),11,0,11,18,18,0,18,$5.94,0,0.00%,$0.00,$5.94,0,0.00%,$0.00,$5.94
Stenwood Elementary,5/06/2025,20016,String Cheese(1 Stick),0,0,0,14,7,0,7,$1.54,0,0.00%,$0.00,$1.54,7,50.00%,$1.54,$3.08
Stone Middle,5/06/2025,20001,1% White Milk(Each),13,0,13,10,9,0,9,$3.24,0,0.00%,$0.00,$3.24,1,10.00%,$0.36,$3.60
Stone Middle,5/06/2025,30008,Apple Juice(Each),63,0,63,80,75,0,75,$12.75,0,0.00%,$0.00,$12.75,5,6.25%,$0.85,$13.60
Stone Middle,5/06/2025,10020,Bagel(Bagel),0,0,0,30,30,0,30,$9.60,0,0.00%,$0.00,$9.60,0,0.00%,$0.00,$9.60
Stone Middle,5/06/2025,30006,Cinnamon Chex Cereal(Each),9,0,9,10,8,0,8,$4.72,0,0.00%,$0.00,$4.72,2,20.00%,$1.18,$5.90
Stone Middle,5/06/2025,30007,"Cinnamon Toast Crunch Cereal, 25% Less Sugar(Each)",10,0,10,10,10,0,10,$5.90,0,0.00%,$0.00,$5.90,0,0.00%,$0.00,$5.90
Stone Middle,5/06/2025,20009,Cream Cheese(Each),0,0,0,30,30,0,30,$8.70,0,0.00%,$0.00,$8.70,0,0.00%,$0.00,$8.70
Stone Middle,5/06/2025,30108,Fat Free Unflavored Shelf-Stable Milk(Each),0,0,0,6,2,0,2,$0.76,0,0.00%,$0.00,$0.76,4,66.67%,$1.52,$2.28
Stone Middle,5/06/2025,10041,Mini Maple Pancakes(Package),0,0,0,30,25,0,25,$9.75,0,0.00%,$0.00,$9.75,5,16.67%,$1.95,$11.70
Stone Middle,5/06/2025,20017,Orange(6 Slices per 1/2 cup),6,0,6,15,9,0,9,$3.06,0,0.00%,$0.00,$3.06,6,40.00%,$2.04,$5.10
Stone Middle,5/06/2025,30009,Orange Tangerine Juice(Each),8,0,8,14,9,0,9,$1.53,0,0.00%,$0.00,$1.53,5,35.71%,$0.85,$2.38
Stone Middle,5/06/2025,60096,Strawberry Parfait(Parfait),0,0,0,8,4,0,4,$3.96,0,0.00%,$0.00,$3.96,4,50.00%,$3.96,$7.92
Stone Middle,5/06/2025,60011,Turkey Sausage Breakfast Biscuit(Sandwich),11,0,11,11,9,1,10,$4.40,1,9.09%,$0.44,$4.84,0,0.00%,$0.00,$4.84
Stratford Landing Elementary,5/06/2025,20001,1% White Milk(Each),143,0,143,46,40,0,40,$14.40,0,0.00%,$0.00,$14.40,6,13.04%,$2.16,$16.56
Stratford Landing Elementary,5/06/2025,30008,Apple Juice(Each),72,0,72,50,50,0,50,$8.50,0,0.00%,$0.00,$8.50,0,0.00%,$0.00,$8.50
Stratford Landing Elementary,5/06/2025,30020,Applesauce(1/2 Cup),19,0,19,24,24,0,24,$5.04,0,0.00%,$0.00,$5.04,0,0.00%,$0.00,$5.04
Stratford Landing Elementary,5/06/2025,10020,Bagel(Bagel),0,0,0,64,53,0,53,$16.96,0,0.00%,$0.00,$16.96,11,17.19%,$3.52,$20.48
Stratford Landing Elementary,5/06/2025,20031,Banana(Each),15,0,15,0,0,0,0,$0.00,0,0.00%,$0.00,$0.00,0,0.00%,$0.00,$0.00
Stratford Landing Elementary,5/06/2025,60068,Biscuit(Biscuit),6,0,6,10,2,0,2,$0.42,0,0.00%,$0.00,$0.42,8,80.00%,$1.68,$2.10
Stratford Landing Elementary,5/06/2025,30004,Blueberry Chex Cereal(Each),12,0,12,10,6,0,6,$3.54,0,0.00%,$0.00,$3.54,4,40.00%,$2.36,$5.90
Stratford Landing Elementary,5/06/2025,30006,Cinnamon Chex Cereal(Each),6,0,6,10,8,0,8,$4.72,0,0.00%,$0.00,$4.72,2,20.00%,$1.18,$5.90
Stratford Landing Elementary,5/06/2025,30007,"Cinnamon Toast Crunch Cereal, 25% Less Sugar(Each)",18,0,18,20,20,0,20,$11.80,0,0.00%,$0.00,$11.80,0,0.00%,$0.00,$11.80
Stratford Landing Elementary,5/06/2025,20009,Cream Cheese(Each),0,0,0,64,56,0,56,$16.24,0,0.00%,$0.00,$16.24,8,12.50%,$2.32,$18.56
Stratford Landing Elementary,5/06/2025,20038,Fat Free White Milk(Each),6,0,6,54,9,0,9,$2.97,0,0.00%,$0.00,$2.97,45,83.33%,$14.85,$17.82
Stratford Landing Elementary,5/06/2025,30003,Honey Cheerios Cereal(Each),27,0,27,20,20,0,20,$11.80,0,0.00%,$0.00,$11.80,0,0.00%,$0.00,$11.80
Stratford Landing Elementary,5/06/2025,30051,Natural Grape Jam(Packet),33,0,33,10,5,0,5,$0.45,0,0.00%,$0.00,$0.45,5,50.00%,$0.45,$0.90
Stratford Landing Elementary,5/06/2025,20017,Orange(6 Slices per 1/2 cup),17,0,17,0,0,0,0,$0.00,0,0.00%,$0.00,$0.00,0,0.00%,$0.00,$0.00
Stratford Landing Elementary,5/06/2025,30009,Orange Tangerine Juice(Each),69,0,69,96,96,0,96,$16.32,0,0.00%,$0.00,$16.32,0,0.00%,$0.00,$16.32
Stratford Landing Elementary,5/06/2025,20014,Red Delicious Apple(Each - serving),14,0,14,25,20,0,20,$6.60,0,0.00%,$0.00,$6.60,5,20.00%,$1.65,$8.25
Stratford Landing Elementary,5/06/2025,60096,Strawberry Parfait(Parfait),8,0,8,6,2,0,2,$1.98,0,0.00%,$0.00,$1.98,4,66.67%,$3.96,$5.94
Stratford Landing Elementary,5/06/2025,60134,Turkey & Cheese on Biscuit(Sandwich),0,0,0,12,9,0,9,$5.67,0,0.00%,$0.00,$5.67,3,25.00%,$1.89,$7.56
Stratford Landing Elementary,5/06/2025,60011,Turkey Sausage Breakfast Biscuit(Sandwich),18,0,18,0,0,0,0,$0.00,0,0.00%,$0.00,$0.00,0,0.00%,$0.00,$0.00
Sunrise Valley Elementary,5/06/2025,30102,1% Unflavored Shelf-Stable Milk(Each),0,0,0,11,4,0,4,$1.52,0,0.00%,$0.00,$1.52,7,63.64%,$2.66,$4.18
Sunrise Valley Elementary,5/06/2025,20001,1% White Milk(Each),13,0,13,9,7,0,7,$2.52,0,0.00%,$0.00,$2.52,2,22.22%,$0.72,$3.24
Sunrise Valley Elementary,5/06/2025,10021,Apple Cinnamon Bread(1oz Grain (1/64 Baked Pan)),0,0,0,3,3,0,3,$1.23,0,0.00%,$0.00,$1.23,0,0.00%,$0.00,$1.23
Sunrise Valley Elementary,5/06/2025,30008,Apple Juice(Each),55,0,55,72,52,0,52,$8.84,0,0.00%,$0.00,$8.84,20,27.78%,$3.40,$12.24
Sunrise Valley Elementary,5/06/2025,30020,Applesauce(1/2 Cup),2,0,2,1,1,0,1,$0.21,0,0.00%,$0.00,$0.21,0,0.00%,$0.00,$0.21
Sunrise Valley Elementary,5/06/2025,10020,Bagel(Bagel),0,0,0,27,27,0,27,$8.64,0,0.00%,$0.00,$8.64,0,0.00%,$0.00,$8.64
Sunrise Valley Elementary,5/06/2025,20031,Banana(Each),12,0,12,12,6,0,6,$1.26,0,0.00%,$0.00,$1.26,6,50.00%,$1.26,$2.52
Sunrise Valley Elementary,5/06/2025,60068,Biscuit(Biscuit),8,0,8,4,2,0,2,$0.42,2,50.00%,$0.42,$0.84,0,0.00%,$0.00,$0.84
Sunrise Valley Elementary,5/06/2025,30004,Blueberry Chex Cereal(Each),12,0,12,12,5,0,5,$2.95,0,0.00%,$0.00,$2.95,7,58.33%,$4.13,$7.08
Sunrise Valley Elementary,5/06/2025,30006,Cinnamon Chex Cereal(Each),12,0,12,12,12,0,12,$7.08,0,0.00%,$0.00,$7.08,0,0.00%,$0.00,$7.08
Sunrise Valley Elementary,5/06/2025,30007,"Cinnamon Toast Crunch Cereal, 25% Less Sugar(Each)",12,0,12,12,12,0,12,$7.08,0,0.00%,$0.00,$7.08,0,0.00%,$0.00,$7.08
Sunrise Valley Elementary,5/06/2025,20009,Cream Cheese(Each),0,0,0,27,27,0,27,$7.83,0,0.00%,$0.00,$7.83,0,0.00%,$0.00,$7.83
Sunrise Valley Elementary,5/06/2025,30108,Fat Free Unflavored Shelf-Stable Milk(Each),0,0,0,8,1,0,1,$0.38,0,0.00%,$0.00,$0.38,7,87.50%,$2.66,$3.04
Sunrise Valley Elementary,5/06/2025,30003,Honey Cheerios Cereal(Each),12,0,12,12,8,0,8,$4.72,0,0.00%,$0.00,$4.72,4,33.33%,$2.36,$7.08
Sunrise Valley Elementary,5/06/2025,30051,Natural Grape Jam(Packet),8,0,8,31,28,0,28,$2.52,0,0.00%,$0.00,$2.52,3,9.68%,$0.27,$2.79
Sunrise Valley Elementary,5/06/2025,30009,Orange Tangerine Juice(Each),56,0,56,73,41,0,41,$6.97,0,0.00%,$0.00,$6.97,32,43.84%,$5.44,$12.41
Sunrise Valley Elementary,5/06/2025,20014,Red Delicious Apple(Each - serving),12,0,12,12,9,0,9,$2.97,0,0.00%,$0.00,$2.97,3,25.00%,$0.99,$3.96
Sunrise Valley Elementary,5/06/2025,60096,Strawberry Parfait(Parfait),6,0,6,4,1,0,1,$0.99,0,0.00%,$0.00,$0.99,3,75.00%,$2.97,$3.96
Sunrise Valley Elementary,5/06/2025,20016,String Cheese(1 Stick),0,0,0,3,3,0,3,$0.66,0,0.00%,$0.00,$0.66,0,0.00%,$0.00,$0.66
Sunrise Valley Elementary,5/06/2025,60011,Turkey Sausage Breakfast Biscuit(Sandwich),7,0,7,8,8,0,8,$3.52,0,0.00%,$0.00,$3.52,0,0.00%,$0.00,$3.52
Terra Centre Elementary,5/06/2025,20001,1% White Milk(Each),36,0,36,38,30,0,30,$10.80,0,0.00%,$0.00,$10.80,8,21.05%,$2.88,$13.68
Terra Centre Elementary,5/06/2025,30008,Apple Juice(Each),21,0,21,37,24,0,24,$4.08,0,0.00%,$0.00,$4.08,13,35.14%,$2.21,$6.29
Terra Centre Elementary,5/06/2025,30020,Applesauce(1/2 Cup),21,0,21,24,24,0,24,$5.04,0,0.00%,$0.00,$5.04,0,0.00%,$0.00,$5.04
Terra Centre Elementary,5/06/2025,30004,Blueberry Chex Cereal(Each),2,0,2,7,1,0,1,$0.59,0,0.00%,$0.00,$0.59,6,85.71%,$3.54,$4.13
Terra Centre Elementary,5/06/2025,30006,Cinnamon Chex Cereal(Each),2,0,2,12,2,0,2,$1.18,0,0.00%,$0.00,$1.18,10,83.33%,$5.90,$7.08
Terra Centre Elementary,5/06/2025,30007,"Cinnamon Toast Crunch Cereal, 25% Less Sugar(Each)",2,0,2,14,8,0,8,$4.72,0,0.00%,$0.00,$4.72,6,42.86%,$3.54,$8.26
Terra Centre Elementary,5/06/2025,30108,Fat Free Unflavored Shelf-Stable Milk(Each),0,0,0,2,1,0,1,$0.38,0,0.00%,$0.00,$0.38,1,50.00%,$0.38,$0.76
Terra Centre Elementary,5/06/2025,20038,Fat Free White Milk(Each),4,0,4,2,1,0,1,$0.33,0,0.00%,$0.00,$0.33,1,50.00%,$0.33,$0.66
Terra Centre Elementary,5/06/2025,30003,Honey Cheerios Cereal(Each),2,0,2,12,3,0,3,$1.77,0,0.00%,$0.00,$1.77,9,75.00%,$5.31,$7.08
Terra Centre Elementary,5/06/2025,30103,"Milk, Lactose Free,  Fat Free, Shelf-Stable(Each)",0,0,0,1,1,0,1,$0.48,0,0.00%,$0.00,$0.48,0,0.00%,$0.00,$0.48
Terra Centre Elementary,5/06/2025,10041,Mini Maple Pancakes(Package),0,0,0,26,18,0,18,$7.02,2,7.69%,$0.78,$7.80,6,23.08%,$2.34,$10.14
Terra Centre Elementary,5/06/2025,30093,Natural Breakfast Syrup(Each),0,0,0,26,18,0,18,$3.60,0,0.00%,$0.00,$3.60,8,30.77%,$1.60,$5.20
Terra Centre Elementary,5/06/2025,30051,Natural Grape Jam(Packet),5,0,5,22,22,0,22,$1.98,0,0.00%,$0.00,$1.98,0,0.00%,$0.00,$1.98
Terra Centre Elementary,5/06/2025,30009,Orange Tangerine Juice(Each),11,0,11,30,10,0,10,$1.70,0,0.00%,$0.00,$1.70,20,66.67%,$3.40,$5.10
Terra Centre Elementary,5/06/2025,60033,Peach Parfait(Parfait),0,0,0,5,3,0,3,$3.48,0,0.00%,$0.00,$3.48,2,40.00%,$2.32,$5.80
Terra Centre Elementary,5/06/2025,20014,Red Delicious Apple(Each - serving),3,0,3,12,10,0,10,$3.30,0,0.00%,$0.00,$3.30,2,16.67%,$0.66,$3.96
Terra Centre Elementary,5/06/2025,60011,Turkey Sausage Breakfast Biscuit(Sandwich),21,0,21,37,23,0,23,$10.12,2,5.41%,$0.88,$11.00,12,32.43%,$5.28,$16.28
Terraset Elementary,5/06/2025,20001,1% White Milk(Each),64,0,64,89,52,0,52,$18.72,0,0.00%,$0.00,$18.72,37,41.57%,$13.32,$32.04
Terraset Elementary,5/06/2025,30008,Apple Juice(Each),85,0,85,45,45,0,45,$7.65,0,0.00%,$0.00,$7.65,0,0.00%,$0.00,$7.65
Terraset Elementary,5/06/2025,30020,Applesauce(1/2 Cup),19,0,19,19,19,0,19,$3.99,0,0.00%,$0.00,$3.99,0,0.00%,$0.00,$3.99
Terraset Elementary,5/06/2025,60068,Biscuit(Biscuit),3,0,3,3,3,0,3,$0.63,0,0.00%,$0.00,$0.63,0,0.00%,$0.00,$0.63
Terraset Elementary,5/06/2025,30004,Blueberry Chex Cereal(Each),12,0,12,21,9,0,9,$5.31,1,4.76%,$0.59,$5.90,11,52.38%,$6.49,$12.39
Terraset Elementary,5/06/2025,30039,Cherry Flavored Dried Cranberries(2 Eaches),0,0,0,40,25,0,25,$12.00,0,0.00%,$0.00,$12.00,15,37.50%,$7.20,$19.20
Terraset Elementary,5/06/2025,30006,Cinnamon Chex Cereal(Each),24,0,24,51,51,0,51,$30.09,0,0.00%,$0.00,$30.09,0,0.00%,$0.00,$30.09
Terraset Elementary,5/06/2025,20038,Fat Free White Milk(Each),12,0,12,26,13,0,13,$4.29,0,0.00%,$0.00,$4.29,13,50.00%,$4.29,$8.58
Terraset Elementary,5/06/2025,20043,"Lactose Free, White Milk(Each)",0,0,0,1,1,0,1,$0.58,0,0.00%,$0.00,$0.58,0,0.00%,$0.00,$0.58
Terraset Elementary,5/06/2025,30051,Natural Grape Jam(Packet),39,0,39,39,29,0,29,$2.61,0,0.00%,$0.00,$2.61,10,25.64%,$0.90,$3.51
Terraset Elementary,5/06/2025,30009,Orange Tangerine Juice(Each),41,0,41,93,61,0,61,$10.37,0,0.00%,$0.00,$10.37,32,34.41%,$5.44,$15.81
Terraset Elementary,5/06/2025,60096,Strawberry Parfait(Parfait),12,0,12,16,13,0,13,$12.87,0,0.00%,$0.00,$12.87,3,18.75%,$2.97,$15.84
Terraset Elementary,5/06/2025,60011,Turkey Sausage Breakfast Biscuit(Sandwich),51,0,51,40,32,0,32,$14.08,0,0.00%,$0.00,$14.08,8,20.00%,$3.52,$17.60
Thoreau Middle,5/06/2025,20001,1% White Milk(Each),5,0,5,5,0,0,0,$0.00,0,0.00%,$0.00,$0.00,5,100.00%,$0.00,$0.00
Thoreau Middle,5/06/2025,30008,Apple Juice(Each),40,0,40,40,24,0,24,$4.08,0,0.00%,$0.00,$4.08,16,40.00%,$2.72,$6.80
Thoreau Middle,5/06/2025,20031,Banana(Each),5,0,5,5,0,0,0,$0.00,0,0.00%,$0.00,$0.00,5,100.00%,$0.00,$0.00
Thoreau Middle,5/06/2025,60068,Biscuit(Biscuit),30,0,30,15,15,0,15,$3.15,0,0.00%,$0.00,$3.15,0,0.00%,$0.00,$3.15
Thoreau Middle,5/06/2025,30004,Blueberry Chex Cereal(Each),5,0,5,10,0,0,0,$0.00,0,0.00%,$0.00,$0.00,10,100.00%,$0.00,$0.00
Thoreau Middle,5/06/2025,30006,Cinnamon Chex Cereal(Each),5,0,5,10,0,0,0,$0.00,0,0.00%,$0.00,$0.00,10,100.00%,$0.00,$0.00
Thoreau Middle,5/06/2025,30007,"Cinnamon Toast Crunch Cereal, 25% Less Sugar(Each)",20,0,20,10,10,0,10,$5.90,0,0.00%,$0.00,$5.90,0,0.00%,$0.00,$5.90
Thoreau Middle,5/06/2025,20038,Fat Free White Milk(Each),5,0,5,5,2,0,2,$0.66,0,0.00%,$0.00,$0.66,3,60.00%,$0.99,$1.65
Thoreau Middle,5/06/2025,30003,Honey Cheerios Cereal(Each),10,0,10,10,0,0,0,$0.00,0,0.00%,$0.00,$0.00,10,100.00%,$0.00,$0.00
Thoreau Middle,5/06/2025,30051,Natural Grape Jam(Packet),0,0,0,26,11,0,11,$0.99,0,0.00%,$0.00,$0.99,15,57.69%,$1.35,$2.34
Thoreau Middle,5/06/2025,20017,Orange(6 Slices per 1/2 cup),5,0,5,5,0,0,0,$0.00,0,0.00%,$0.00,$0.00,5,100.00%,$0.00,$0.00
Thoreau Middle,5/06/2025,30009,Orange Tangerine Juice(Each),0,0,0,10,0,0,0,$0.00,0,0.00%,$0.00,$0.00,10,100.00%,$0.00,$0.00
Thoreau Middle,5/06/2025,20014,Red Delicious Apple(Each - serving),5,0,5,5,0,0,0,$0.00,0,0.00%,$0.00,$0.00,5,100.00%,$0.00,$0.00
Thoreau Middle,5/06/2025,60096,Strawberry Parfait(Parfait),0,0,0,0,0,0,0,$0.00,0,0.00%,$0.00,$0.00,0,0.00%,$0.00,$0.00
Thoreau Middle,5/06/2025,60011,Turkey Sausage Breakfast Biscuit(Sandwich),30,0,30,15,15,0,15,$6.60,0,0.00%,$0.00,$6.60,0,0.00%,$0.00,$6.60
Timber Lane Elementary,5/06/2025,20001,1% White Milk(Each),153,0,153,123,81,0,81,$29.16,0,0.00%,$0.00,$29.16,42,34.15%,$15.12,$44.28
Timber Lane Elementary,5/06/2025,10021,Apple Cinnamon Bread(1oz Grain (1/64 Baked Pan)),0,0,0,91,56,0,56,$22.96,0,0.00%,$0.00,$22.96,35,38.46%,$14.35,$37.31
Timber Lane Elementary,5/06/2025,30020,Applesauce(1/2 Cup),50,0,50,50,50,0,50,$10.50,0,0.00%,$0.00,$10.50,0,0.00%,$0.00,$10.50
Timber Lane Elementary,5/06/2025,10020,Bagel(Bagel),0,0,0,50,50,0,50,$16.00,0,0.00%,$0.00,$16.00,0,0.00%,$0.00,$16.00
Timber Lane Elementary,5/06/2025,30004,Blueberry Chex Cereal(Each),24,0,24,18,15,0,15,$8.85,0,0.00%,$0.00,$8.85,3,16.67%,$1.77,$10.62
Timber Lane Elementary,5/06/2025,30006,Cinnamon Chex Cereal(Each),24,0,24,18,15,0,15,$8.85,0,0.00%,$0.00,$8.85,3,16.67%,$1.77,$10.62
Timber Lane Elementary,5/06/2025,30007,"Cinnamon Toast Crunch Cereal, 25% Less Sugar(Each)",24,0,24,18,16,0,16,$9.44,0,0.00%,$0.00,$9.44,2,11.11%,$1.18,$10.62
Timber Lane Elementary,5/06/2025,20009,Cream Cheese(Each),0,0,0,50,50,0,50,$14.50,0,0.00%,$0.00,$14.50,0,0.00%,$0.00,$14.50
Timber Lane Elementary,5/06/2025,60004,Egg and American Cheese on English Muffin(Sandwich),0,0,0,9,2,0,2,$1.02,0,0.00%,$0.00,$1.02,7,77.78%,$3.57,$4.59
Timber Lane Elementary,5/06/2025,20038,Fat Free White Milk(Each),50,0,50,98,22,0,22,$7.26,0,0.00%,$0.00,$7.26,76,77.55%,$25.08,$32.34
Timber Lane Elementary,5/06/2025,30003,Honey Cheerios Cereal(Each),24,0,24,18,15,0,15,$8.85,0,0.00%,$0.00,$8.85,3,16.67%,$1.77,$10.62
Timber Lane Elementary,5/06/2025,20043,"Lactose Free, White Milk(Each)",2,0,2,2,2,0,2,$1.16,0,0.00%,$0.00,$1.16,0,0.00%,$0.00,$1.16
Timber Lane Elementary,5/06/2025,30009,Orange Tangerine Juice(Each),165,0,165,177,135,0,135,$22.95,0,0.00%,$0.00,$22.95,42,23.73%,$7.14,$30.09
Timber Lane Elementary,5/06/2025,60099,"Parfait, Triple Berry(Parfait)",0,0,0,10,9,0,9,$6.12,0,0.00%,$0.00,$6.12,1,10.00%,$0.68,$6.80
Timber Lane Elementary,5/06/2025,30044,Strawberry Flavored Dried Cranberries(2 Eaches),0,0,0,50,36,0,36,$17.28,0,0.00%,$0.00,$17.28,14,28.00%,$6.72,$24.00
Twain Middle,5/06/2025,30102,1% Unflavored Shelf-Stable Milk(Each),0,0,0,19,9,0,9,$3.42,0,0.00%,$0.00,$3.42,10,52.63%,$3.80,$7.22
Twain Middle,5/06/2025,30008,Apple Juice(Each),200,0,200,70,57,0,57,$9.69,0,0.00%,$0.00,$9.69,13,18.57%,$2.21,$11.90
Twain Middle,5/06/2025,30004,Blueberry Chex Cereal(Each),15,0,15,21,11,0,11,$6.49,0,0.00%,$0.00,$6.49,10,47.62%,$5.90,$12.39
Twain Middle,5/06/2025,30006,Cinnamon Chex Cereal(Each),18,0,18,14,7,0,7,$4.13,0,0.00%,$0.00,$4.13,7,50.00%,$4.13,$8.26
Twain Middle,5/06/2025,30007,"Cinnamon Toast Crunch Cereal, 25% Less Sugar(Each)",23,0,23,33,13,0,13,$7.67,0,0.00%,$0.00,$7.67,20,60.61%,$11.80,$19.47
Twain Middle,5/06/2025,20038,Fat Free White Milk(Each),11,0,11,5,3,0,3,$0.99,0,0.00%,$0.00,$0.99,2,40.00%,$0.66,$1.65
Twain Middle,5/06/2025,30003,Honey Cheerios Cereal(Each),28,0,28,8,7,0,7,$4.13,0,0.00%,$0.00,$4.13,1,12.50%,$0.59,$4.72
Twain Middle,5/06/2025,20014,Red Delicious Apple(Each - serving),7,0,7,5,2,0,2,$0.66,0,0.00%,$0.00,$0.66,3,60.00%,$0.99,$1.65
Twain Middle,5/06/2025,60096,Strawberry Parfait(Parfait),0,0,0,3,3,0,3,$2.97,0,0.00%,$0.00,$2.97,0,0.00%,$0.00,$2.97
Twain Middle,5/06/2025,60011,Turkey Sausage Breakfast Biscuit(Sandwich),408,0,408,12,11,0,11,$4.84,1,8.33%,$0.44,$5.28,0,0.00%,$0.00,$5.28
Union Mill Elementary,5/06/2025,20001,1% White Milk(Each),13,0,13,36,8,0,8,$2.88,0,0.00%,$0.00,$2.88,28,77.78%,$10.08,$12.96
Union Mill Elementary,5/06/2025,30008,Apple Juice(Each),36,0,36,45,39,0,39,$6.63,0,0.00%,$0.00,$6.63,6,13.33%,$1.02,$7.65
Union Mill Elementary,5/06/2025,10020,Bagel(Bagel),0,0,0,20,19,0,19,$6.08,1,5.00%,$0.32,$6.40,0,0.00%,$0.00,$6.40
Union Mill Elementary,5/06/2025,30004,Blueberry Chex Cereal(Each),2,0,2,12,2,0,2,$1.18,0,0.00%,$0.00,$1.18,10,83.33%,$5.90,$7.08
Union Mill Elementary,5/06/2025,30006,Cinnamon Chex Cereal(Each),14,0,14,12,8,0,8,$4.72,0,0.00%,$0.00,$4.72,4,33.33%,$2.36,$7.08
Union Mill Elementary,5/06/2025,30007,"Cinnamon Toast Crunch Cereal, 25% Less Sugar(Each)",7,0,7,12,12,0,12,$7.08,0,0.00%,$0.00,$7.08,0,0.00%,$0.00,$7.08
Union Mill Elementary,5/06/2025,20009,Cream Cheese(Each),0,0,0,20,18,0,18,$5.22,0,0.00%,$0.00,$5.22,2,10.00%,$0.58,$5.80
Union Mill Elementary,5/06/2025,20038,Fat Free White Milk(Each),7,0,7,44,8,0,8,$2.64,0,0.00%,$0.00,$2.64,36,81.82%,$11.88,$14.52
Union Mill Elementary,5/06/2025,30003,Honey Cheerios Cereal(Each),11,0,11,12,5,0,5,$2.95,0,0.00%,$0.00,$2.95,7,58.33%,$4.13,$7.08
Union Mill Elementary,5/06/2025,60034,Mandarin Orange Parfait(Parfait),0,0,0,3,2,0,2,$1.98,1,33.33%,$0.99,$2.97,0,0.00%,$0.00,$2.97
Union Mill Elementary,5/06/2025,30051,Natural Grape Jam(Packet),2,0,2,20,2,0,2,$0.18,0,0.00%,$0.00,$0.18,18,90.00%,$1.62,$1.80
Union Mill Elementary,5/06/2025,30009,Orange Tangerine Juice(Each),16,0,16,38,21,0,21,$3.57,0,0.00%,$0.00,$3.57,17,44.74%,$2.89,$6.46
Union Mill Elementary,5/06/2025,20014,Red Delicious Apple(Each - serving),2,0,2,8,2,0,2,$0.66,0,0.00%,$0.00,$0.66,6,75.00%,$1.98,$2.64
Union Mill Elementary,5/06/2025,60164,"Sandwich, Breakfast. Bagel, Turkey Sausage(Sandwich)",0,0,0,10,7,0,7,$3.78,3,30.00%,$1.62,$5.40,0,0.00%,$0.00,$5.40
Union Mill Elementary,5/06/2025,60096,Strawberry Parfait(Parfait),8,0,8,10,3,0,3,$2.97,0,0.00%,$0.00,$2.97,7,70.00%,$6.93,$9.90
Vienna Elementary,5/06/2025,20001,1% White Milk(Each),3,0,3,4,1,0,1,$0.36,0,0.00%,$0.00,$0.36,3,75.00%,$1.08,$1.44
Vienna Elementary,5/06/2025,60178,Apple Cinnamon Bread (Grain for entree)(1 square),0,0,0,9,5,2,7,$2.87,0,0.00%,$0.00,$2.87,2,22.22%,$0.82,$3.69
Vienna Elementary,5/06/2025,30008,Apple Juice(Each),15,5,20,26,19,4,23,$3.91,0,0.00%,$0.00,$3.91,3,11.54%,$0.51,$4.42
Vienna Elementary,5/06/2025,30020,Applesauce(1/2 Cup),0,0,0,0,0,0,0,$0.00,0,0.00%,$0.00,$0.00,0,0.00%,$0.00,$0.00
Vienna Elementary,5/06/2025,10020,Bagel(Bagel),0,0,0,4,4,0,4,$1.28,0,0.00%,$0.00,$1.28,0,0.00%,$0.00,$1.28
Vienna Elementary,5/06/2025,60068,Biscuit(Biscuit),4,0,4,2,0,0,0,$0.00,0,0.00%,$0.00,$0.00,2,100.00%,$0.00,$0.00
Vienna Elementary,5/06/2025,30004,Blueberry Chex Cereal(Each),2,0,2,3,0,0,0,$0.00,0,0.00%,$0.00,$0.00,3,100.00%,$0.00,$0.00
Vienna Elementary,5/06/2025,10040,Blueberry Muffin Top(Muffin Top),5,0,5,9,5,0,5,$2.10,0,0.00%,$0.00,$2.10,4,44.44%,$1.68,$3.78
Vienna Elementary,5/06/2025,30097,Bottled Water(Bottle),0,0,0,1,0,1,1,$0.00,0,0.00%,$0.00,$0.00,0,0.00%,$0.00,$0.00
Vienna Elementary,5/06/2025,30006,Cinnamon Chex Cereal(Each),3,0,3,10,0,0,0,$0.00,0,0.00%,$0.00,$0.00,10,100.00%,$0.00,$0.00
Vienna Elementary,5/06/2025,30007,"Cinnamon Toast Crunch Cereal, 25% Less Sugar(Each)",3,0,3,10,2,0,2,$1.18,0,0.00%,$0.00,$1.18,8,80.00%,$4.72,$5.90
Vienna Elementary,5/06/2025,20009,Cream Cheese(Each),0,0,0,4,4,0,4,$1.16,0,0.00%,$0.00,$1.16,0,0.00%,$0.00,$1.16
Vienna Elementary,5/06/2025,20038,Fat Free White Milk(Each),3,0,3,8,1,0,1,$0.33,0,0.00%,$0.00,$0.33,7,87.50%,$2.31,$2.64
Vienna Elementary,5/06/2025,10041,Mini Maple Pancakes(Package),10,2,12,24,16,0,16,$6.24,0,0.00%,$0.00,$6.24,8,33.33%,$3.12,$9.36
Vienna Elementary,5/06/2025,30093,Natural Breakfast Syrup(Each),10,0,10,20,16,1,17,$3.40,0,0.00%,$0.00,$3.40,3,15.00%,$0.60,$4.00
Vienna Elementary,5/06/2025,30051,Natural Grape Jam(Packet),4,0,4,2,0,0,0,$0.00,0,0.00%,$0.00,$0.00,2,100.00%,$0.00,$0.00
Vienna Elementary,5/06/2025,20017,Orange(6 Slices per 1/2 cup),10,0,10,15,15,0,15,$5.10,0,0.00%,$0.00,$5.10,0,0.00%,$0.00,$5.10
Vienna Elementary,5/06/2025,30009,Orange Tangerine Juice(Each),12,3,15,26,6,2,8,$1.36,0,0.00%,$0.00,$1.36,18,69.23%,$3.06,$4.42
Vienna Elementary,5/06/2025,20014,Red Delicious Apple(Each - serving),10,0,10,2,2,0,2,$0.66,0,0.00%,$0.00,$0.66,0,0.00%,$0.00,$0.66
Vienna Elementary,5/06/2025,60096,Strawberry Parfait(Parfait),4,0,4,4,0,1,1,$0.00,1,25.00%,$0.00,$0.00,2,50.00%,$0.00,$0.00
Vienna Elementary,5/06/2025,20016,String Cheese(1 Stick),5,0,5,14,9,1,10,$2.20,0,0.00%,$0.00,$2.20,4,28.57%,$0.88,$3.08
Vienna Elementary,5/06/2025,60011,Turkey Sausage Breakfast Biscuit(Sandwich),6,0,6,4,3,1,4,$1.76,0,0.00%,$0.00,$1.76,0,0.00%,$0.00,$1.76
Virginia Run Elementary,5/06/2025,20001,1% White Milk(Each),117,0,117,113,111,0,111,$39.96,0,0.00%,$0.00,$39.96,2,1.77%,$0.72,$40.68
Virginia Run Elementary,5/06/2025,30008,Apple Juice(Each),161,0,161,150,130,0,130,$22.10,0,0.00%,$0.00,$22.10,20,13.33%,$3.40,$25.50
Virginia Run Elementary,5/06/2025,30020,Applesauce(1/2 Cup),17,0,17,16,16,0,16,$3.36,0,0.00%,$0.00,$3.36,0,0.00%,$0.00,$3.36
Virginia Run Elementary,5/06/2025,60068,Biscuit(Biscuit),3,0,3,1,1,0,1,$0.21,0,0.00%,$0.00,$0.21,0,0.00%,$0.00,$0.21
Virginia Run Elementary,5/06/2025,30004,Blueberry Chex Cereal(Each),4,0,4,18,7,0,7,$4.13,0,0.00%,$0.00,$4.13,11,61.11%,$6.49,$10.62
Virginia Run Elementary,5/06/2025,30006,Cinnamon Chex Cereal(Each),28,0,28,46,40,0,40,$23.60,0,0.00%,$0.00,$23.60,6,13.04%,$3.54,$27.14
Virginia Run Elementary,5/06/2025,30007,"Cinnamon Toast Crunch Cereal, 25% Less Sugar(Each)",63,0,63,64,64,0,64,$37.76,0,0.00%,$0.00,$37.76,0,0.00%,$0.00,$37.76
Virginia Run Elementary,5/06/2025,60125,Egg and American Cheese on Biscuit(Sandwich),0,0,0,15,15,0,15,$7.05,0,0.00%,$0.00,$7.05,0,0.00%,$0.00,$7.05
Virginia Run Elementary,5/06/2025,60004,Egg and American Cheese on English Muffin(Sandwich),0,0,0,18,16,0,16,$8.16,2,11.11%,$1.02,$9.18,0,0.00%,$0.00,$9.18
Virginia Run Elementary,5/06/2025,20038,Fat Free White Milk(Each),22,0,22,30,25,0,25,$8.25,0,0.00%,$0.00,$8.25,5,16.67%,$1.65,$9.90
Virginia Run Elementary,5/06/2025,30003,Honey Cheerios Cereal(Each),35,0,35,36,33,0,33,$19.47,0,0.00%,$0.00,$19.47,3,8.33%,$1.77,$21.24
Virginia Run Elementary,5/06/2025,30051,Natural Grape Jam(Packet),19,0,19,3,3,0,3,$0.27,0,0.00%,$0.00,$0.27,0,0.00%,$0.00,$0.27
Virginia Run Elementary,5/06/2025,30009,Orange Tangerine Juice(Each),38,0,38,36,34,0,34,$5.78,0,0.00%,$0.00,$5.78,2,5.56%,$0.34,$6.12
Virginia Run Elementary,5/06/2025,60099,"Parfait, Triple Berry(Parfait)",0,0,0,6,6,0,6,$4.08,0,0.00%,$0.00,$4.08,0,0.00%,$0.00,$4.08
Virginia Run Elementary,5/06/2025,60011,Turkey Sausage Breakfast Biscuit(Sandwich),0,0,0,0,0,0,0,$0.00,0,0.00%,$0.00,$0.00,0,0.00%,$0.00,$0.00
Wakefield Forest Elementary,5/06/2025,20001,1% White Milk(Each),8,0,8,16,16,0,16,$5.76,0,0.00%,$0.00,$5.76,0,0.00%,$0.00,$5.76
Wakefield Forest Elementary,5/06/2025,30008,Apple Juice(Each),27,0,27,26,26,0,26,$4.42,0,0.00%,$0.00,$4.42,0,0.00%,$0.00,$4.42
Wakefield Forest Elementary,5/06/2025,20031,Banana(Each),2,0,2,0,0,0,0,$0.00,0,0.00%,$0.00,$0.00,0,0.00%,$0.00,$0.00
Wakefield Forest Elementary,5/06/2025,60068,Biscuit(Biscuit),7,0,7,20,17,0,17,$3.57,3,15.00%,$0.63,$4.20,0,0.00%,$0.00,$4.20
Wakefield Forest Elementary,5/06/2025,30004,Blueberry Chex Cereal(Each),3,0,3,10,0,0,0,$0.00,0,0.00%,$0.00,$0.00,10,100.00%,$0.00,$0.00
Wakefield Forest Elementary,5/06/2025,30006,Cinnamon Chex Cereal(Each),9,0,9,0,0,0,0,$0.00,0,0.00%,$0.00,$0.00,0,0.00%,$0.00,$0.00
Wakefield Forest Elementary,5/06/2025,30007,"Cinnamon Toast Crunch Cereal, 25% Less Sugar(Each)",8,0,8,10,5,0,5,$2.95,0,0.00%,$0.00,$2.95,5,50.00%,$2.95,$5.90
Wakefield Forest Elementary,5/06/2025,20038,Fat Free White Milk(Each),3,0,3,24,24,0,24,$7.92,0,0.00%,$0.00,$7.92,0,0.00%,$0.00,$7.92
Wakefield Forest Elementary,5/06/2025,30003,Honey Cheerios Cereal(Each),11,0,11,10,5,0,5,$2.95,0,0.00%,$0.00,$2.95,5,50.00%,$2.95,$5.90
Wakefield Forest Elementary,5/06/2025,30051,Natural Grape Jam(Packet),7,0,7,20,17,0,17,$1.53,0,0.00%,$0.00,$1.53,3,15.00%,$0.27,$1.80
Wakefield Forest Elementary,5/06/2025,20017,Orange(6 Slices per 1/2 cup),0,0,0,0,0,0,0,$0.00,0,0.00%,$0.00,$0.00,0,0.00%,$0.00,$0.00
Wakefield Forest Elementary,5/06/2025,30009,Orange Tangerine Juice(Each),24,0,24,26,26,0,26,$4.42,0,0.00%,$0.00,$4.42,0,0.00%,$0.00,$4.42
Wakefield Forest Elementary,5/06/2025,20014,Red Delicious Apple(Each - serving),7,0,7,15,6,0,6,$1.98,0,0.00%,$0.00,$1.98,9,60.00%,$2.97,$4.95
Wakefield Forest Elementary,5/06/2025,60096,Strawberry Parfait(Parfait),2,0,2,2,1,0,1,$0.99,0,0.00%,$0.00,$0.99,1,50.00%,$0.99,$1.98
Wakefield Forest Elementary,5/06/2025,60011,Turkey Sausage Breakfast Biscuit(Sandwich),6,0,6,15,11,0,11,$4.84,4,26.67%,$1.76,$6.60,0,0.00%,$0.00,$6.60
Waples Mill Elementary,5/06/2025,30102,1% Unflavored Shelf-Stable Milk(Each),0,0,0,15,15,0,15,$5.70,0,0.00%,$0.00,$5.70,0,0.00%,$0.00,$5.70
Waples Mill Elementary,5/06/2025,20001,1% White Milk(Each),8,0,8,1,1,0,1,$0.36,0,0.00%,$0.00,$0.36,0,0.00%,$0.00,$0.36
Waples Mill Elementary,5/06/2025,30008,Apple Juice(Each),25,0,25,20,20,0,20,$3.40,0,0.00%,$0.00,$3.40,0,0.00%,$0.00,$3.40
Waples Mill Elementary,5/06/2025,30020,Applesauce(1/2 Cup),1,0,1,0,0,0,0,$0.00,0,0.00%,$0.00,$0.00,0,0.00%,$0.00,$0.00
Waples Mill Elementary,5/06/2025,60068,Biscuit(Biscuit),2,0,2,0,0,0,0,$0.00,0,0.00%,$0.00,$0.00,0,0.00%,$0.00,$0.00
Waples Mill Elementary,5/06/2025,30004,Blueberry Chex Cereal(Each),2,0,2,15,15,0,15,$8.85,0,0.00%,$0.00,$8.85,0,0.00%,$0.00,$8.85
Waples Mill Elementary,5/06/2025,30003,Honey Cheerios Cereal(Each),7,0,7,15,15,0,15,$8.85,0,0.00%,$0.00,$8.85,0,0.00%,$0.00,$8.85
Waples Mill Elementary,5/06/2025,30051,Natural Grape Jam(Packet),3,0,3,12,7,0,7,$0.63,0,0.00%,$0.00,$0.63,5,41.67%,$0.45,$1.08
Waples Mill Elementary,5/06/2025,20017,Orange(6 Slices per 1/2 cup),0,0,0,10,7,0,7,$2.38,0,0.00%,$0.00,$2.38,3,30.00%,$1.02,$3.40
Waples Mill Elementary,5/06/2025,30009,Orange Tangerine Juice(Each),12,0,12,40,21,0,21,$3.57,0,0.00%,$0.00,$3.57,19,47.50%,$3.23,$6.80
Waples Mill Elementary,5/06/2025,60096,Strawberry Parfait(Parfait),2,0,2,4,2,0,2,$1.98,0,0.00%,$0.00,$1.98,2,50.00%,$1.98,$3.96
Waples Mill Elementary,5/06/2025,60011,Turkey Sausage Breakfast Biscuit(Sandwich),3,0,3,12,12,0,12,$5.28,0,0.00%,$0.00,$5.28,0,0.00%,$0.00,$5.28
Washington Mill Elementary,5/06/2025,20001,1% White Milk(Each),58,0,58,67,67,0,67,$24.12,0,0.00%,$0.00,$24.12,0,0.00%,$0.00,$24.12
Washington Mill Elementary,5/06/2025,30020,Applesauce(1/2 Cup),18,0,18,17,17,0,17,$3.57,0,0.00%,$0.00,$3.57,0,0.00%,$0.00,$3.57
Washington Mill Elementary,5/06/2025,10020,Bagel(Bagel),0,0,0,215,215,0,215,$68.80,0,0.00%,$0.00,$68.80,0,0.00%,$0.00,$68.80
Washington Mill Elementary,5/06/2025,30006,Cinnamon Chex Cereal(Each),103,0,103,24,24,0,24,$14.16,0,0.00%,$0.00,$14.16,0,0.00%,$0.00,$14.16
Washington Mill Elementary,5/06/2025,30007,"Cinnamon Toast Crunch Cereal, 25% Less Sugar(Each)",40,0,40,105,105,0,105,$61.95,0,0.00%,$0.00,$61.95,0,0.00%,$0.00,$61.95
Washington Mill Elementary,5/06/2025,20009,Cream Cheese(Each),0,0,0,215,215,0,215,$62.35,0,0.00%,$0.00,$62.35,0,0.00%,$0.00,$62.35
Washington Mill Elementary,5/06/2025,20038,Fat Free White Milk(Each),12,0,12,17,17,0,17,$5.61,0,0.00%,$0.00,$5.61,0,0.00%,$0.00,$5.61
Washington Mill Elementary,5/06/2025,30009,Orange Tangerine Juice(Each),274,0,274,337,337,0,337,$57.29,0,0.00%,$0.00,$57.29,0,0.00%,$0.00,$57.29
Washington Mill Elementary,5/06/2025,20014,Red Delicious Apple(Each - serving),21,0,21,20,20,0,20,$6.60,0,0.00%,$0.00,$6.60,0,0.00%,$0.00,$6.60
Washington Mill Elementary,5/06/2025,60096,Strawberry Parfait(Parfait),9,0,9,10,10,0,10,$9.90,0,0.00%,$0.00,$9.90,0,0.00%,$0.00,$9.90
Waynewood Elementary,5/06/2025,20001,1% White Milk(Each),7,0,7,50,23,0,23,$8.28,0,0.00%,$0.00,$8.28,27,54.00%,$9.72,$18.00
Waynewood Elementary,5/06/2025,60178,Apple Cinnamon Bread (Grain for entree)(1 square),0,0,0,30,18,0,18,$7.38,0,0.00%,$0.00,$7.38,12,40.00%,$4.92,$12.30
Waynewood Elementary,5/06/2025,30008,Apple Juice(Each),33,0,33,60,52,0,52,$8.84,0,0.00%,$0.00,$8.84,8,13.33%,$1.36,$10.20
Waynewood Elementary,5/06/2025,30004,Blueberry Chex Cereal(Each),10,0,10,10,5,0,5,$2.95,0,0.00%,$0.00,$2.95,5,50.00%,$2.95,$5.90
Waynewood Elementary,5/06/2025,30006,Cinnamon Chex Cereal(Each),11,0,11,10,8,0,8,$4.72,0,0.00%,$0.00,$4.72,2,20.00%,$1.18,$5.90
Waynewood Elementary,5/06/2025,30007,"Cinnamon Toast Crunch Cereal, 25% Less Sugar(Each)",5,0,5,10,6,0,6,$3.54,0,0.00%,$0.00,$3.54,4,40.00%,$2.36,$5.90
Waynewood Elementary,5/06/2025,60004,Egg and American Cheese on English Muffin(Sandwich),0,0,0,10,2,0,2,$1.02,8,80.00%,$4.08,$5.10,0,0.00%,$0.00,$5.10
Waynewood Elementary,5/06/2025,20038,Fat Free White Milk(Each),18,0,18,10,6,0,6,$1.98,0,0.00%,$0.00,$1.98,4,40.00%,$1.32,$3.30
Waynewood Elementary,5/06/2025,20015,Golden Delicious Apple(Each),0,0,0,20,8,0,8,$2.48,0,0.00%,$0.00,$2.48,12,60.00%,$3.72,$6.20
Waynewood Elementary,5/06/2025,30003,Honey Cheerios Cereal(Each),6,0,6,15,10,0,10,$5.90,0,0.00%,$0.00,$5.90,5,33.33%,$2.95,$8.85
Waynewood Elementary,5/06/2025,10041,Mini Maple Pancakes(Package),0,0,0,72,50,0,50,$19.50,0,0.00%,$0.00,$19.50,22,30.56%,$8.58,$28.08
Waynewood Elementary,5/06/2025,30009,Orange Tangerine Juice(Each),28,0,28,40,28,0,28,$4.76,0,0.00%,$0.00,$4.76,12,30.00%,$2.04,$6.80
Waynewood Elementary,5/06/2025,60096,Strawberry Parfait(Parfait),6,0,6,9,3,0,3,$2.97,0,0.00%,$0.00,$2.97,6,66.67%,$5.94,$8.91
West Potomac High,5/06/2025,20001,1% White Milk(Each),140,0,140,390,187,0,187,$67.32,0,0.00%,$0.00,$67.32,203,52.05%,$73.08,$140.40
West Potomac High,5/06/2025,30008,Apple Juice(Each),425,0,425,0,0,0,0,$0.00,0,0.00%,$0.00,$0.00,0,0.00%,$0.00,$0.00
West Potomac High,5/06/2025,20031,Banana(Each),276,0,276,550,351,0,351,$73.71,0,0.00%,$0.00,$73.71,199,36.18%,$41.79,$115.50
West Potomac High,5/06/2025,60068,Biscuit(Biscuit),113,0,113,280,262,0,262,$55.02,0,0.00%,$0.00,$55.02,18,6.43%,$3.78,$58.80
West Potomac High,5/06/2025,30004,Blueberry Chex Cereal(Each),24,0,24,30,11,0,11,$6.49,0,0.00%,$0.00,$6.49,19,63.33%,$11.21,$17.70
West Potomac High,5/06/2025,30006,Cinnamon Chex Cereal(Each),41,0,41,60,42,0,42,$24.78,0,0.00%,$0.00,$24.78,18,30.00%,$10.62,$35.40
West Potomac High,5/06/2025,30007,"Cinnamon Toast Crunch Cereal, 25% Less Sugar(Each)",49,0,49,90,69,0,69,$40.71,0,0.00%,$0.00,$40.71,21,23.33%,$12.39,$53.10
West Potomac High,5/06/2025,20038,Fat Free White Milk(Each),10,0,10,50,2,0,2,$0.66,0,0.00%,$0.00,$0.66,48,96.00%,$15.84,$16.50
West Potomac High,5/06/2025,30003,Honey Cheerios Cereal(Each),45,0,45,90,71,0,71,$41.89,0,0.00%,$0.00,$41.89,19,21.11%,$11.21,$53.10
West Potomac High,5/06/2025,30051,Natural Grape Jam(Packet),107,0,107,260,162,0,162,$14.58,0,0.00%,$0.00,$14.58,98,37.69%,$8.82,$23.40
West Potomac High,5/06/2025,20017,Orange(6 Slices per 1/2 cup),0,0,0,0,0,0,0,$0.00,0,0.00%,$0.00,$0.00,0,0.00%,$0.00,$0.00
West Potomac High,5/06/2025,30009,Orange Tangerine Juice(Each),164,0,164,550,516,0,516,$87.72,0,0.00%,$0.00,$87.72,34,6.18%,$5.78,$93.50
West Potomac High,5/06/2025,20014,Red Delicious Apple(Each - serving),352,0,352,0,0,0,0,$0.00,0,0.00%,$0.00,$0.00,0,0.00%,$0.00,$0.00
West Potomac High,5/06/2025,60096,Strawberry Parfait(Parfait),66,0,66,75,50,0,50,$49.50,0,0.00%,$0.00,$49.50,25,33.33%,$24.75,$74.25
West Potomac High,5/06/2025,60011,Turkey Sausage Breakfast Biscuit(Sandwich),145,0,145,280,262,0,262,$115.28,0,0.00%,$0.00,$115.28,18,6.43%,$7.92,$123.20
West Springfield Elementary,5/06/2025,20001,1% White Milk(Each),4,0,4,37,3,0,3,$1.08,0,0.00%,$0.00,$1.08,34,91.89%,$12.24,$13.32
West Springfield Elementary,5/06/2025,30008,Apple Juice(Each),31,0,31,43,41,0,41,$6.97,0,0.00%,$0.00,$6.97,2,4.65%,$0.34,$7.31
West Springfield Elementary,5/06/2025,30020,Applesauce(1/2 Cup),1,0,1,2,0,0,0,$0.00,0,0.00%,$0.00,$0.00,2,100.00%,$0.00,$0.00
West Springfield Elementary,5/06/2025,30004,Blueberry Chex Cereal(Each),0,0,0,3,3,0,3,$1.77,0,0.00%,$0.00,$1.77,0,0.00%,$0.00,$1.77
West Springfield Elementary,5/06/2025,30006,Cinnamon Chex Cereal(Each),5,0,5,8,5,0,5,$2.95,0,0.00%,$0.00,$2.95,3,37.50%,$1.77,$4.72
West Springfield Elementary,5/06/2025,30007,"Cinnamon Toast Crunch Cereal, 25% Less Sugar(Each)",8,0,8,6,2,0,2,$1.18,0,0.00%,$0.00,$1.18,4,66.67%,$2.36,$3.54
West Springfield Elementary,5/06/2025,60125,Egg and American Cheese on Biscuit(Sandwich),0,0,0,4,1,0,1,$0.47,1,25.00%,$0.47,$0.94,2,50.00%,$0.94,$1.88
West Springfield Elementary,5/06/2025,20038,Fat Free White Milk(Each),1,0,1,7,0,0,0,$0.00,0,0.00%,$0.00,$0.00,7,100.00%,$0.00,$0.00
West Springfield Elementary,5/06/2025,30003,Honey Cheerios Cereal(Each),7,0,7,8,8,0,8,$4.72,0,0.00%,$0.00,$4.72,0,0.00%,$0.00,$4.72
West Springfield Elementary,5/06/2025,10041,Mini Maple Pancakes(Package),0,0,0,24,24,0,24,$9.36,0,0.00%,$0.00,$9.36,0,0.00%,$0.00,$9.36
West Springfield Elementary,5/06/2025,30051,Natural Grape Jam(Packet),0,0,0,8,1,0,1,$0.09,0,0.00%,$0.00,$0.09,7,87.50%,$0.63,$0.72
West Springfield Elementary,5/06/2025,20017,Orange(6 Slices per 1/2 cup),2,0,2,15,2,0,2,$0.68,0,0.00%,$0.00,$0.68,13,86.67%,$4.42,$5.10
West Springfield Elementary,5/06/2025,30009,Orange Tangerine Juice(Each),12,0,12,24,15,0,15,$2.55,0,0.00%,$0.00,$2.55,9,37.50%,$1.53,$4.08
West Springfield Elementary,5/06/2025,60096,Strawberry Parfait(Parfait),0,0,0,2,0,0,0,$0.00,0,0.00%,$0.00,$0.00,2,100.00%,$0.00,$0.00
West Springfield Elementary,5/06/2025,60011,Turkey Sausage Breakfast Biscuit(Sandwich),2,0,2,6,1,0,1,$0.44,1,16.67%,$0.44,$0.88,4,66.67%,$1.76,$2.64
West Springfield High,5/06/2025,20001,1% White Milk(Each),50,0,50,50,22,3,25,$9.00,0,0.00%,$0.00,$9.00,25,50.00%,$9.00,$18.00
West Springfield High,5/06/2025,30008,Apple Juice(Each),120,0,120,120,86,25,111,$18.87,0,0.00%,$0.00,$18.87,9,7.50%,$1.53,$20.40
West Springfield High,5/06/2025,20008,Apple Slices(3 slices per 1/4 cup),0,0,0,22,12,5,17,$10.03,0,0.00%,$0.00,$10.03,5,22.73%,$2.95,$12.98
West Springfield High,5/06/2025,10020,Bagel(Bagel),35,0,35,45,24,4,28,$8.96,0,0.00%,$0.00,$8.96,17,37.78%,$5.44,$14.40
West Springfield High,5/06/2025,20031,Banana(Each),7,0,7,10,3,2,5,$1.05,0,0.00%,$0.00,$1.05,5,50.00%,$1.05,$2.10
West Springfield High,5/06/2025,30004,Blueberry Chex Cereal(Each),6,0,6,6,4,1,5,$2.95,0,0.00%,$0.00,$2.95,1,16.67%,$0.59,$3.54
West Springfield High,5/06/2025,30006,Cinnamon Chex Cereal(Each),6,0,6,6,2,1,3,$1.77,0,0.00%,$0.00,$1.77,3,50.00%,$1.77,$3.54
West Springfield High,5/06/2025,30007,"Cinnamon Toast Crunch Cereal, 25% Less Sugar(Each)",10,0,10,12,8,1,9,$5.31,0,0.00%,$0.00,$5.31,3,25.00%,$1.77,$7.08
West Springfield High,5/06/2025,20009,Cream Cheese(Each),35,0,35,45,24,4,28,$8.12,0,0.00%,$0.00,$8.12,17,37.78%,$4.93,$13.05
West Springfield High,5/06/2025,20038,Fat Free White Milk(Each),50,0,50,50,3,2,5,$1.65,0,0.00%,$0.00,$1.65,45,90.00%,$14.85,$16.50
West Springfield High,5/06/2025,30003,Honey Cheerios Cereal(Each),8,0,8,8,1,1,2,$1.18,0,0.00%,$0.00,$1.18,6,75.00%,$3.54,$4.72
West Springfield High,5/06/2025,10041,Mini Maple Pancakes(Package),45,0,45,60,35,16,51,$19.89,0,0.00%,$0.00,$19.89,9,15.00%,$3.51,$23.40
West Springfield High,5/06/2025,30093,Natural Breakfast Syrup(Each),45,0,45,60,19,16,35,$7.00,0,0.00%,$0.00,$7.00,25,41.67%,$5.00,$12.00
West Springfield High,5/06/2025,30051,Natural Grape Jam(Packet),10,0,10,10,4,0,4,$0.36,0,0.00%,$0.00,$0.36,6,60.00%,$0.54,$0.90
West Springfield High,5/06/2025,30009,Orange Tangerine Juice(Each),40,0,40,40,27,5,32,$5.44,0,0.00%,$0.00,$5.44,8,20.00%,$1.36,$6.80
West Springfield High,5/06/2025,60096,Strawberry Parfait(Parfait),15,0,15,15,4,1,5,$4.95,0,0.00%,$0.00,$4.95,10,66.67%,$9.90,$14.85
West Springfield High,5/06/2025,60169,Strawberry Smoothie(8oz portion),0,0,0,21,14,1,15,$12.90,0,0.00%,$0.00,$12.90,6,28.57%,$5.16,$18.06
West Springfield High,5/06/2025,60011,Turkey Sausage Breakfast Biscuit(Sandwich),20,0,20,20,17,1,18,$7.92,0,0.00%,$0.00,$7.92,2,10.00%,$0.88,$8.80
Westbriar Elementary,5/06/2025,20001,1% White Milk(Each),6,0,6,10,5,0,5,$1.80,0,0.00%,$0.00,$1.80,5,50.00%,$1.80,$3.60
Westbriar Elementary,5/06/2025,30008,Apple Juice(Each),19,0,19,20,14,0,14,$2.38,0,0.00%,$0.00,$2.38,6,30.00%,$1.02,$3.40
Westbriar Elementary,5/06/2025,30020,Applesauce(1/2 Cup),0,0,0,0,0,0,0,$0.00,0,0.00%,$0.00,$0.00,0,0.00%,$0.00,$0.00
Westbriar Elementary,5/06/2025,60068,Biscuit(Biscuit),5,0,5,3,0,0,0,$0.00,3,100.00%,$0.00,$0.00,0,0.00%,$0.00,$0.00
Westbriar Elementary,5/06/2025,30004,Blueberry Chex Cereal(Each),10,0,10,10,6,0,6,$3.54,0,0.00%,$0.00,$3.54,4,40.00%,$2.36,$5.90
Westbriar Elementary,5/06/2025,30006,Cinnamon Chex Cereal(Each),10,0,10,10,7,0,7,$4.13,0,0.00%,$0.00,$4.13,3,30.00%,$1.77,$5.90
Westbriar Elementary,5/06/2025,30007,"Cinnamon Toast Crunch Cereal, 25% Less Sugar(Each)",10,0,10,10,6,0,6,$3.54,0,0.00%,$0.00,$3.54,4,40.00%,$2.36,$5.90
Westbriar Elementary,5/06/2025,20038,Fat Free White Milk(Each),6,0,6,10,6,0,6,$1.98,0,0.00%,$0.00,$1.98,4,40.00%,$1.32,$3.30
Westbriar Elementary,5/06/2025,30003,Honey Cheerios Cereal(Each),10,0,10,10,6,0,6,$3.54,0,0.00%,$0.00,$3.54,4,40.00%,$2.36,$5.90
Westbriar Elementary,5/06/2025,30051,Natural Grape Jam(Packet),10,0,10,6,6,0,6,$0.54,0,0.00%,$0.00,$0.54,0,0.00%,$0.00,$0.54
Westbriar Elementary,5/06/2025,30009,Orange Tangerine Juice(Each),16,0,16,20,18,0,18,$3.06,0,0.00%,$0.00,$3.06,2,10.00%,$0.34,$3.40
Westbriar Elementary,5/06/2025,20014,Red Delicious Apple(Each - serving),16,0,16,20,17,0,17,$5.61,0,0.00%,$0.00,$5.61,3,15.00%,$0.99,$6.60
Westbriar Elementary,5/06/2025,60096,Strawberry Parfait(Parfait),3,0,3,8,8,0,8,$7.92,0,0.00%,$0.00,$7.92,0,0.00%,$0.00,$7.92
Westbriar Elementary,5/06/2025,60011,Turkey Sausage Breakfast Biscuit(Sandwich),15,0,15,10,4,0,4,$1.76,6,60.00%,$2.64,$4.40,0,0.00%,$0.00,$4.40
WESTFIELD HS,5/06/2025,20001,1% White Milk(Each),31,0,31,68,35,0,35,$12.60,0,0.00%,$0.00,$12.60,33,48.53%,$11.88,$24.48
WESTFIELD HS,5/06/2025,10020,Bagel(Bagel),0,0,0,129,121,3,124,$39.68,0,0.00%,$0.00,$39.68,5,3.88%,$1.60,$41.28
WESTFIELD HS,5/06/2025,20031,Banana(Each),41,0,41,60,50,0,50,$10.50,0,0.00%,$0.00,$10.50,10,16.67%,$2.10,$12.60
WESTFIELD HS,5/06/2025,60068,Biscuit(Biscuit),9,0,9,10,9,0,9,$1.89,1,10.00%,$0.21,$2.10,0,0.00%,$0.00,$2.10
WESTFIELD HS,5/06/2025,30006,Cinnamon Chex Cereal(Each),29,0,29,35,30,2,32,$18.88,0,0.00%,$0.00,$18.88,3,8.57%,$1.77,$20.65
WESTFIELD HS,5/06/2025,20009,Cream Cheese(Each),0,0,0,129,121,3,124,$35.96,0,0.00%,$0.00,$35.96,5,3.88%,$1.45,$37.41
WESTFIELD HS,5/06/2025,20038,Fat Free White Milk(Each),19,0,19,66,16,0,16,$5.28,0,0.00%,$0.00,$5.28,50,75.76%,$16.50,$21.78
WESTFIELD HS,5/06/2025,30003,Honey Cheerios Cereal(Each),9,0,9,8,5,0,5,$2.95,0,0.00%,$0.00,$2.95,3,37.50%,$1.77,$4.72
WESTFIELD HS,5/06/2025,10041,Mini Maple Pancakes(Package),0,0,0,79,68,1,69,$26.91,0,0.00%,$0.00,$26.91,10,12.66%,$3.90,$30.81
WESTFIELD HS,5/06/2025,30051,Natural Grape Jam(Packet),29,0,29,20,8,0,8,$0.72,0,0.00%,$0.00,$0.72,12,60.00%,$1.08,$1.80
WESTFIELD HS,5/06/2025,30009,Orange Tangerine Juice(Each),282,0,282,312,305,0,305,$51.85,0,0.00%,$0.00,$51.85,7,2.24%,$1.19,$53.04
WESTFIELD HS,5/06/2025,60096,Strawberry Parfait(Parfait),58,0,58,70,64,0,64,$63.36,0,0.00%,$0.00,$63.36,6,8.57%,$5.94,$69.30
WESTFIELD HS,5/06/2025,60011,Turkey Sausage Breakfast Biscuit(Sandwich),27,0,27,30,25,1,26,$11.44,4,13.33%,$1.76,$13.20,0,0.00%,$0.00,$13.20
Westgate Elementary,5/06/2025,20001,1% White Milk(Each),39,0,39,41,35,0,35,$12.60,0,0.00%,$0.00,$12.60,6,14.63%,$2.16,$14.76
Westgate Elementary,5/06/2025,30008,Apple Juice(Each),75,0,75,120,67,0,67,$11.39,0,0.00%,$0.00,$11.39,53,44.17%,$9.01,$20.40
Westgate Elementary,5/06/2025,30020,Applesauce(1/2 Cup),18,0,18,18,16,0,16,$3.36,0,0.00%,$0.00,$3.36,2,11.11%,$0.42,$3.78
Westgate Elementary,5/06/2025,10020,Bagel(Bagel),0,0,0,6,6,0,6,$1.92,0,0.00%,$0.00,$1.92,0,0.00%,$0.00,$1.92
Westgate Elementary,5/06/2025,30004,Blueberry Chex Cereal(Each),12,0,12,12,9,0,9,$5.31,0,0.00%,$0.00,$5.31,3,25.00%,$1.77,$7.08
Westgate Elementary,5/06/2025,30006,Cinnamon Chex Cereal(Each),12,0,12,24,13,0,13,$7.67,0,0.00%,$0.00,$7.67,11,45.83%,$6.49,$14.16
Westgate Elementary,5/06/2025,30007,"Cinnamon Toast Crunch Cereal, 25% Less Sugar(Each)",36,0,36,36,28,0,28,$16.52,0,0.00%,$0.00,$16.52,8,22.22%,$4.72,$21.24
Westgate Elementary,5/06/2025,20009,Cream Cheese(Each),0,0,0,4,4,0,4,$1.16,0,0.00%,$0.00,$1.16,0,0.00%,$0.00,$1.16
Westgate Elementary,5/06/2025,20038,Fat Free White Milk(Each),5,0,5,12,7,0,7,$2.31,0,0.00%,$0.00,$2.31,5,41.67%,$1.65,$3.96
Westgate Elementary,5/06/2025,30003,Honey Cheerios Cereal(Each),36,0,36,24,18,0,18,$10.62,0,0.00%,$0.00,$10.62,6,25.00%,$3.54,$14.16
Westgate Elementary,5/06/2025,20043,"Lactose Free, White Milk(Each)",2,0,2,2,2,0,2,$1.16,0,0.00%,$0.00,$1.16,0,0.00%,$0.00,$1.16
Westgate Elementary,5/06/2025,60034,Mandarin Orange Parfait(Parfait),0,0,0,4,4,0,4,$3.96,0,0.00%,$0.00,$3.96,0,0.00%,$0.00,$3.96
Westgate Elementary,5/06/2025,30051,Natural Grape Jam(Packet),14,0,14,38,22,0,22,$1.98,0,0.00%,$0.00,$1.98,16,42.11%,$1.44,$3.42
Westgate Elementary,5/06/2025,20017,Orange(6 Slices per 1/2 cup),9,0,9,15,13,0,13,$4.42,0,0.00%,$0.00,$4.42,2,13.33%,$0.68,$5.10
Westgate Elementary,5/06/2025,30009,Orange Tangerine Juice(Each),31,0,31,80,10,0,10,$1.70,0,0.00%,$0.00,$1.70,70,87.50%,$11.90,$13.60
Westgate Elementary,5/06/2025,60099,"Parfait, Triple Berry(Parfait)",0,0,0,2,2,0,2,$1.36,0,0.00%,$0.00,$1.36,0,0.00%,$0.00,$1.36
Westgate Elementary,5/06/2025,20014,Red Delicious Apple(Each - serving),11,0,11,20,8,0,8,$2.64,0,0.00%,$0.00,$2.64,12,60.00%,$3.96,$6.60
Westgate Elementary,5/06/2025,20018,Red Seedless Grapes(16 grapes per 1/2 cup),0,0,0,11,11,0,11,$5.61,0,0.00%,$0.00,$5.61,0,0.00%,$0.00,$5.61
Westgate Elementary,5/06/2025,60164,"Sandwich, Breakfast. Bagel, Turkey Sausage(Sandwich)",0,0,0,28,26,0,26,$14.04,0,0.00%,$0.00,$14.04,2,7.14%,$1.08,$15.12
Westgate Elementary,5/06/2025,60096,Strawberry Parfait(Parfait),8,0,8,1,1,0,1,$0.99,0,0.00%,$0.00,$0.99,0,0.00%,$0.00,$0.99
Westlawn Elementary,5/06/2025,30102,1% Unflavored Shelf-Stable Milk(Each),0,0,0,80,51,0,51,$19.38,0,0.00%,$0.00,$19.38,29,36.25%,$11.02,$30.40
Westlawn Elementary,5/06/2025,20001,1% White Milk(Each),22,0,22,19,19,0,19,$6.84,0,0.00%,$0.00,$6.84,0,0.00%,$0.00,$6.84
Westlawn Elementary,5/06/2025,30020,Applesauce(1/2 Cup),29,0,29,30,30,0,30,$6.30,0,0.00%,$0.00,$6.30,0,0.00%,$0.00,$6.30
Westlawn Elementary,5/06/2025,10020,Bagel(Bagel),0,0,0,50,50,0,50,$16.00,0,0.00%,$0.00,$16.00,0,0.00%,$0.00,$16.00
Westlawn Elementary,5/06/2025,20031,Banana(Each),49,0,49,6,6,0,6,$1.26,0,0.00%,$0.00,$1.26,0,0.00%,$0.00,$1.26
Westlawn Elementary,5/06/2025,30004,Blueberry Chex Cereal(Each),3,0,3,20,12,0,12,$7.08,0,0.00%,$0.00,$7.08,8,40.00%,$4.72,$11.80
Westlawn Elementary,5/06/2025,30006,Cinnamon Chex Cereal(Each),6,0,6,20,15,0,15,$8.85,0,0.00%,$0.00,$8.85,5,25.00%,$2.95,$11.80
Westlawn Elementary,5/06/2025,30007,"Cinnamon Toast Crunch Cereal, 25% Less Sugar(Each)",6,0,6,20,16,0,16,$9.44,0,0.00%,$0.00,$9.44,4,20.00%,$2.36,$11.80
Westlawn Elementary,5/06/2025,20038,Fat Free White Milk(Each),7,0,7,20,8,0,8,$2.64,0,0.00%,$0.00,$2.64,12,60.00%,$3.96,$6.60
Westlawn Elementary,5/06/2025,30003,Honey Cheerios Cereal(Each),7,0,7,20,16,0,16,$9.44,0,0.00%,$0.00,$9.44,4,20.00%,$2.36,$11.80
Westlawn Elementary,5/06/2025,20043,"Lactose Free, White Milk(Each)",0,0,0,1,1,0,1,$0.58,0,0.00%,$0.00,$0.58,0,0.00%,$0.00,$0.58
Westlawn Elementary,5/06/2025,10041,Mini Maple Pancakes(Package),0,0,0,37,37,0,37,$14.43,0,0.00%,$0.00,$14.43,0,0.00%,$0.00,$14.43
Westlawn Elementary,5/06/2025,20017,Orange(6 Slices per 1/2 cup),32,0,32,0,0,0,0,$0.00,0,0.00%,$0.00,$0.00,0,0.00%,$0.00,$0.00
Westlawn Elementary,5/06/2025,30009,Orange Tangerine Juice(Each),323,0,323,332,307,0,307,$52.19,0,0.00%,$0.00,$52.19,25,7.53%,$4.25,$56.44
Westlawn Elementary,5/06/2025,20014,Red Delicious Apple(Each - serving),0,0,0,0,0,0,0,$0.00,0,0.00%,$0.00,$0.00,0,0.00%,$0.00,$0.00
Westlawn Elementary,5/06/2025,60096,Strawberry Parfait(Parfait),29,0,29,25,20,0,20,$19.80,0,0.00%,$0.00,$19.80,5,20.00%,$4.95,$24.75
Westlawn Elementary,5/06/2025,60011,Turkey Sausage Breakfast Biscuit(Sandwich),108,0,108,155,134,0,134,$58.96,0,0.00%,$0.00,$58.96,21,13.55%,$9.24,$68.20
Weyanoke Elementary,5/06/2025,20001,1% White Milk(Each),120,0,120,154,154,0,154,$55.44,0,0.00%,$0.00,$55.44,0,0.00%,$0.00,$55.44
Weyanoke Elementary,5/06/2025,30008,Apple Juice(Each),206,0,206,167,167,0,167,$28.39,0,0.00%,$0.00,$28.39,0,0.00%,$0.00,$28.39
Weyanoke Elementary,5/06/2025,30020,Applesauce(1/2 Cup),41,0,41,41,41,0,41,$8.61,0,0.00%,$0.00,$8.61,0,0.00%,$0.00,$8.61
Weyanoke Elementary,5/06/2025,30004,Blueberry Chex Cereal(Each),0,0,0,34,34,0,34,$20.06,0,0.00%,$0.00,$20.06,0,0.00%,$0.00,$20.06
Weyanoke Elementary,5/06/2025,30006,Cinnamon Chex Cereal(Each),50,0,50,102,58,0,58,$34.22,0,0.00%,$0.00,$34.22,44,43.14%,$25.96,$60.18
Weyanoke Elementary,5/06/2025,30007,"Cinnamon Toast Crunch Cereal, 25% Less Sugar(Each)",100,0,100,96,72,0,72,$42.48,0,0.00%,$0.00,$42.48,24,25.00%,$14.16,$56.64
Weyanoke Elementary,5/06/2025,60165,Egg and American Cheese on Bagel(Sandwich),0,0,0,17,7,0,7,$4.06,0,0.00%,$0.00,$4.06,10,58.82%,$5.80,$9.86
Weyanoke Elementary,5/06/2025,20053,"Egg, Hard Boiled, Bulk pouch(Each)",1,0,1,1,1,0,1,$0.28,0,0.00%,$0.00,$0.28,0,0.00%,$0.00,$0.28
Weyanoke Elementary,5/06/2025,20038,Fat Free White Milk(Each),5,0,5,5,3,0,3,$0.99,0,0.00%,$0.00,$0.99,2,40.00%,$0.66,$1.65
Weyanoke Elementary,5/06/2025,20015,Golden Delicious Apple(Each),0,0,0,24,17,0,17,$5.27,0,0.00%,$0.00,$5.27,7,29.17%,$2.17,$7.44
Weyanoke Elementary,5/06/2025,20043,"Lactose Free, White Milk(Each)",2,0,2,2,2,0,2,$1.16,0,0.00%,$0.00,$1.16,0,0.00%,$0.00,$1.16
Weyanoke Elementary,5/06/2025,10041,Mini Maple Pancakes(Package),0,0,0,148,130,0,130,$50.70,0,0.00%,$0.00,$50.70,18,12.16%,$7.02,$57.72
Weyanoke Elementary,5/06/2025,30093,Natural Breakfast Syrup(Each),0,0,0,148,108,0,108,$21.60,0,0.00%,$0.00,$21.60,40,27.03%,$8.00,$29.60
Weyanoke Elementary,5/06/2025,20017,Orange(6 Slices per 1/2 cup),12,0,12,24,18,0,18,$6.12,0,0.00%,$0.00,$6.12,6,25.00%,$2.04,$8.16
Weyanoke Elementary,5/06/2025,30009,Orange Tangerine Juice(Each),200,0,200,160,117,0,117,$19.89,0,0.00%,$0.00,$19.89,43,26.88%,$7.31,$27.20
Weyanoke Elementary,5/06/2025,60099,"Parfait, Triple Berry(Parfait)",0,0,0,18,13,0,13,$8.84,0,0.00%,$0.00,$8.84,5,27.78%,$3.40,$12.24
Weyanoke Elementary,5/06/2025,60164,"Sandwich, Breakfast. Bagel, Turkey Sausage(Sandwich)",0,0,0,35,10,0,10,$5.40,0,0.00%,$0.00,$5.40,25,71.43%,$13.50,$18.90
White Oaks Elementary,5/06/2025,20001,1% White Milk(Each),23,0,23,23,23,0,23,$8.28,0,0.00%,$0.00,$8.28,0,0.00%,$0.00,$8.28
White Oaks Elementary,5/06/2025,10021,Apple Cinnamon Bread(1oz Grain (1/64 Baked Pan)),0,0,0,50,48,0,48,$19.68,0,0.00%,$0.00,$19.68,2,4.00%,$0.82,$20.50
White Oaks Elementary,5/06/2025,30008,Apple Juice(Each),70,0,70,80,71,4,75,$12.75,0,0.00%,$0.00,$12.75,5,6.25%,$0.85,$13.60
White Oaks Elementary,5/06/2025,30020,Applesauce(1/2 Cup),22,0,22,24,24,0,24,$5.04,0,0.00%,$0.00,$5.04,0,0.00%,$0.00,$5.04
White Oaks Elementary,5/06/2025,60068,Biscuit(Biscuit),6,0,6,5,3,0,3,$0.63,0,0.00%,$0.00,$0.63,2,40.00%,$0.42,$1.05
White Oaks Elementary,5/06/2025,20038,Fat Free White Milk(Each),28,0,28,30,14,0,14,$4.62,0,0.00%,$0.00,$4.62,16,53.33%,$5.28,$9.90
White Oaks Elementary,5/06/2025,20015,Golden Delicious Apple(Each),0,0,0,20,18,0,18,$5.58,0,0.00%,$0.00,$5.58,2,10.00%,$0.62,$6.20
White Oaks Elementary,5/06/2025,30003,Honey Cheerios Cereal(Each),19,0,19,20,17,0,17,$10.03,0,0.00%,$0.00,$10.03,3,15.00%,$1.77,$11.80
White Oaks Elementary,5/06/2025,20043,"Lactose Free, White Milk(Each)",0,0,0,1,1,0,1,$0.58,0,0.00%,$0.00,$0.58,0,0.00%,$0.00,$0.58
White Oaks Elementary,5/06/2025,30051,Natural Grape Jam(Packet),23,0,23,44,33,0,33,$2.97,0,0.00%,$0.00,$2.97,11,25.00%,$0.99,$3.96
White Oaks Elementary,5/06/2025,30009,Orange Tangerine Juice(Each),31,0,31,46,24,0,24,$4.08,0,0.00%,$0.00,$4.08,22,47.83%,$3.74,$7.82
White Oaks Elementary,5/06/2025,60096,Strawberry Parfait(Parfait),4,0,4,20,19,0,19,$18.81,0,0.00%,$0.00,$18.81,1,5.00%,$0.99,$19.80
White Oaks Elementary,5/06/2025,60011,Turkey Sausage Breakfast Biscuit(Sandwich),23,0,23,34,26,0,26,$11.44,0,0.00%,$0.00,$11.44,8,23.53%,$3.52,$14.96
Whitman Middle School,5/06/2025,20001,1% White Milk(Each),12,0,12,92,6,0,6,$2.16,0,0.00%,$0.00,$2.16,86,93.48%,$30.96,$33.12
Whitman Middle School,5/06/2025,30008,Apple Juice(Each),131,0,131,140,138,0,138,$23.46,0,0.00%,$0.00,$23.46,2,1.43%,$0.34,$23.80
Whitman Middle School,5/06/2025,20074,"Apple Slices(3 slices, 1/4 cup)",0,0,0,60,48,0,48,$8.64,0,0.00%,$0.00,$8.64,12,20.00%,$2.16,$10.80
Whitman Middle School,5/06/2025,10020,Bagel(Bagel),0,0,0,60,60,0,60,$19.20,0,0.00%,$0.00,$19.20,0,0.00%,$0.00,$19.20
Whitman Middle School,5/06/2025,60068,Biscuit(Biscuit),19,0,19,20,20,0,20,$4.20,0,0.00%,$0.00,$4.20,0,0.00%,$0.00,$4.20
Whitman Middle School,5/06/2025,30004,Blueberry Chex Cereal(Each),20,0,20,18,18,0,18,$10.62,0,0.00%,$0.00,$10.62,0,0.00%,$0.00,$10.62
Whitman Middle School,5/06/2025,30006,Cinnamon Chex Cereal(Each),17,0,17,26,24,0,24,$14.16,0,0.00%,$0.00,$14.16,2,7.69%,$1.18,$15.34
Whitman Middle School,5/06/2025,30007,"Cinnamon Toast Crunch Cereal, 25% Less Sugar(Each)",20,0,20,18,18,0,18,$10.62,0,0.00%,$0.00,$10.62,0,0.00%,$0.00,$10.62
Whitman Middle School,5/06/2025,20038,Fat Free White Milk(Each),5,0,5,94,6,0,6,$1.98,0,0.00%,$0.00,$1.98,88,93.62%,$29.04,$31.02
Whitman Middle School,5/06/2025,30003,Honey Cheerios Cereal(Each),40,0,40,18,18,0,18,$10.62,0,0.00%,$0.00,$10.62,0,0.00%,$0.00,$10.62
Whitman Middle School,5/06/2025,60034,Mandarin Orange Parfait(Parfait),0,0,0,14,14,0,14,$13.86,0,0.00%,$0.00,$13.86,0,0.00%,$0.00,$13.86
Whitman Middle School,5/06/2025,30051,Natural Grape Jam(Packet),135,0,135,120,110,0,110,$9.90,0,0.00%,$0.00,$9.90,10,8.33%,$0.90,$10.80
Whitman Middle School,5/06/2025,30009,Orange Tangerine Juice(Each),117,0,117,140,123,0,123,$20.91,0,0.00%,$0.00,$20.91,17,12.14%,$2.89,$23.80
Whitman Middle School,5/06/2025,60011,Turkey Sausage Breakfast Biscuit(Sandwich),118,0,118,100,100,0,100,$44.00,0,0.00%,$0.00,$44.00,0,0.00%,$0.00,$44.00
Willow Springs Elementary,5/06/2025,20001,1% White Milk(Each),11,0,11,7,7,0,7,$2.52,0,0.00%,$0.00,$2.52,0,0.00%,$0.00,$2.52
Willow Springs Elementary,5/06/2025,30008,Apple Juice(Each),31,0,31,50,45,1,46,$7.82,0,0.00%,$0.00,$7.82,4,8.00%,$0.68,$8.50
Willow Springs Elementary,5/06/2025,60068,Biscuit(Biscuit),9,0,9,15,13,1,14,$2.94,0,0.00%,$0.00,$2.94,1,6.67%,$0.21,$3.15
Willow Springs Elementary,5/06/2025,30004,Blueberry Chex Cereal(Each),0,0,0,15,15,0,15,$8.85,0,0.00%,$0.00,$8.85,0,0.00%,$0.00,$8.85
Willow Springs Elementary,5/06/2025,30007,"Cinnamon Toast Crunch Cereal, 25% Less Sugar(Each)",9,0,9,30,28,1,29,$17.11,0,0.00%,$0.00,$17.11,1,3.33%,$0.59,$17.70
Willow Springs Elementary,5/06/2025,20038,Fat Free White Milk(Each),7,0,7,15,10,1,11,$3.63,0,0.00%,$0.00,$3.63,4,26.67%,$1.32,$4.95
Willow Springs Elementary,5/06/2025,30051,Natural Grape Jam(Packet),31,0,31,35,30,1,31,$2.79,0,0.00%,$0.00,$2.79,4,11.43%,$0.36,$3.15
Willow Springs Elementary,5/06/2025,30009,Orange Tangerine Juice(Each),24,0,24,35,25,1,26,$4.42,0,0.00%,$0.00,$4.42,9,25.71%,$1.53,$5.95
Willow Springs Elementary,5/06/2025,20014,Red Delicious Apple(Each - serving),21,0,21,25,22,1,23,$7.59,0,0.00%,$0.00,$7.59,2,8.00%,$0.66,$8.25
Willow Springs Elementary,5/06/2025,60011,Turkey Sausage Breakfast Biscuit(Sandwich),10,0,10,20,17,1,18,$7.92,2,10.00%,$0.88,$8.80,0,0.00%,$0.00,$8.80
Wolftrap Elementary,5/06/2025,20001,1% White Milk(Each),10,0,10,13,11,0,11,$3.96,0,0.00%,$0.00,$3.96,2,15.38%,$0.72,$4.68
Wolftrap Elementary,5/06/2025,30008,Apple Juice(Each),6,0,6,10,7,0,7,$1.19,0,0.00%,$0.00,$1.19,3,30.00%,$0.51,$1.70
Wolftrap Elementary,5/06/2025,30020,Applesauce(1/2 Cup),3,0,3,3,3,0,3,$0.63,0,0.00%,$0.00,$0.63,0,0.00%,$0.00,$0.63
Wolftrap Elementary,5/06/2025,60068,Biscuit(Biscuit),0,0,0,1,0,0,0,$0.00,1,100.00%,$0.00,$0.00,0,0.00%,$0.00,$0.00
Wolftrap Elementary,5/06/2025,30004,Blueberry Chex Cereal(Each),0,0,0,8,0,0,0,$0.00,0,0.00%,$0.00,$0.00,8,100.00%,$0.00,$0.00
Wolftrap Elementary,5/06/2025,30006,Cinnamon Chex Cereal(Each),0,0,0,11,3,0,3,$1.77,0,0.00%,$0.00,$1.77,8,72.73%,$4.72,$6.49
Wolftrap Elementary,5/06/2025,30007,"Cinnamon Toast Crunch Cereal, 25% Less Sugar(Each)",0,0,0,8,1,0,1,$0.59,0,0.00%,$0.00,$0.59,7,87.50%,$4.13,$4.72
Wolftrap Elementary,5/06/2025,20038,Fat Free White Milk(Each),3,0,3,10,3,0,3,$0.99,0,0.00%,$0.00,$0.99,7,70.00%,$2.31,$3.30
Wolftrap Elementary,5/06/2025,30003,Honey Cheerios Cereal(Each),0,0,0,8,0,0,0,$0.00,0,0.00%,$0.00,$0.00,8,100.00%,$0.00,$0.00
Wolftrap Elementary,5/06/2025,10041,Mini Maple Pancakes(Package),0,0,0,12,11,0,11,$4.29,1,8.33%,$0.39,$4.68,0,0.00%,$0.00,$4.68
Wolftrap Elementary,5/06/2025,30051,Natural Grape Jam(Packet),3,0,3,6,2,0,2,$0.18,0,0.00%,$0.00,$0.18,4,66.67%,$0.36,$0.54
Wolftrap Elementary,5/06/2025,30009,Orange Tangerine Juice(Each),7,0,7,13,8,0,8,$1.36,0,0.00%,$0.00,$1.36,5,38.46%,$0.85,$2.21
Wolftrap Elementary,5/06/2025,20014,Red Delicious Apple(Each - serving),10,0,10,15,11,0,11,$3.63,0,0.00%,$0.00,$3.63,4,26.67%,$1.32,$4.95
Wolftrap Elementary,5/06/2025,60096,Strawberry Parfait(Parfait),0,0,0,0,0,0,0,$0.00,0,0.00%,$0.00,$0.00,0,0.00%,$0.00,$0.00
Wolftrap Elementary,5/06/2025,60011,Turkey Sausage Breakfast Biscuit(Sandwich),1,0,1,5,2,0,2,$0.88,3,60.00%,$1.32,$2.20,0,0.00%,$0.00,$2.20
Woodburn Elementary,5/06/2025,20001,1% White Milk(Each),112,0,112,111,83,0,83,$29.88,0,0.00%,$0.00,$29.88,28,25.23%,$10.08,$39.96
Woodburn Elementary,5/06/2025,30008,Apple Juice(Each),103,0,103,100,95,0,95,$16.15,0,0.00%,$0.00,$16.15,5,5.00%,$0.85,$17.00
Woodburn Elementary,5/06/2025,30020,Applesauce(1/2 Cup),12,0,12,11,11,0,11,$2.31,0,0.00%,$0.00,$2.31,0,0.00%,$0.00,$2.31
Woodburn Elementary,5/06/2025,30007,"Cinnamon Toast Crunch Cereal, 25% Less Sugar(Each)",30,0,30,40,38,0,38,$22.42,0,0.00%,$0.00,$22.42,2,5.00%,$1.18,$23.60
Woodburn Elementary,5/06/2025,20038,Fat Free White Milk(Each),50,0,50,50,22,0,22,$7.26,0,0.00%,$0.00,$7.26,28,56.00%,$9.24,$16.50
Woodburn Elementary,5/06/2025,30003,Honey Cheerios Cereal(Each),40,0,40,40,37,0,37,$21.83,0,0.00%,$0.00,$21.83,3,7.50%,$1.77,$23.60
Woodburn Elementary,5/06/2025,10041,Mini Maple Pancakes(Package),0,0,0,106,98,1,99,$38.61,0,0.00%,$0.00,$38.61,7,6.60%,$2.73,$41.34
Woodburn Elementary,5/06/2025,30051,Natural Grape Jam(Packet),12,0,12,11,11,0,11,$0.99,0,0.00%,$0.00,$0.99,0,0.00%,$0.00,$0.99
Woodburn Elementary,5/06/2025,30009,Orange Tangerine Juice(Each),103,0,103,100,96,0,96,$16.32,0,0.00%,$0.00,$16.32,4,4.00%,$0.68,$17.00
Woodburn Elementary,5/06/2025,30044,Strawberry Flavored Dried Cranberries(Each),0,0,0,100,85,0,85,$20.40,0,0.00%,$0.00,$20.40,15,15.00%,$3.60,$24.00
Woodburn Elementary,5/06/2025,60096,Strawberry Parfait(Parfait),20,0,20,10,5,0,5,$4.95,0,0.00%,$0.00,$4.95,5,50.00%,$4.95,$9.90
Woodburn Elementary,5/06/2025,60011,Turkey Sausage Breakfast Biscuit(Sandwich),62,0,62,26,24,0,24,$10.56,0,0.00%,$0.00,$10.56,2,7.69%,$0.88,$11.44
Woodlawn Elementary,5/06/2025,20001,1% White Milk(Each),63,0,63,125,88,0,88,$31.68,0,0.00%,$0.00,$31.68,37,29.60%,$13.32,$45.00
Woodlawn Elementary,5/06/2025,30008,Apple Juice(Each),59,0,59,88,58,0,58,$9.86,0,0.00%,$0.00,$9.86,30,34.09%,$5.10,$14.96
Woodlawn Elementary,5/06/2025,30020,Applesauce(1/2 Cup),36,0,36,35,33,0,33,$6.93,0,0.00%,$0.00,$6.93,2,5.71%,$0.42,$7.35
Woodlawn Elementary,5/06/2025,60090,Assorted Craisins(Packet),0,0,0,20,16,0,16,$3.84,0,0.00%,$0.00,$3.84,4,20.00%,$0.96,$4.80
Woodlawn Elementary,5/06/2025,30004,Blueberry Chex Cereal(Each),13,0,13,16,15,0,15,$8.85,0,0.00%,$0.00,$8.85,1,6.25%,$0.59,$9.44
Woodlawn Elementary,5/06/2025,30007,"Cinnamon Toast Crunch Cereal, 25% Less Sugar(Each)",43,0,43,9,4,0,4,$2.36,0,0.00%,$0.00,$2.36,5,55.56%,$2.95,$5.31
Woodlawn Elementary,5/06/2025,20038,Fat Free White Milk(Each),16,0,16,10,5,0,5,$1.65,0,0.00%,$0.00,$1.65,5,50.00%,$1.65,$3.30
Woodlawn Elementary,5/06/2025,30003,Honey Cheerios Cereal(Each),36,0,36,60,52,0,52,$30.68,0,0.00%,$0.00,$30.68,8,13.33%,$4.72,$35.40
Woodlawn Elementary,5/06/2025,20043,"Lactose Free, White Milk(Each)",5,0,5,5,5,0,5,$2.90,0,0.00%,$0.00,$2.90,0,0.00%,$0.00,$2.90
Woodlawn Elementary,5/06/2025,10041,Mini Maple Pancakes(Package),0,0,0,68,66,0,66,$25.74,0,0.00%,$0.00,$25.74,2,2.94%,$0.78,$26.52
Woodlawn Elementary,5/06/2025,30051,Natural Grape Jam(Packet),2,0,2,31,26,0,26,$2.34,0,0.00%,$0.00,$2.34,5,16.13%,$0.45,$2.79
Woodlawn Elementary,5/06/2025,20017,Orange(6 Slices per 1/2 cup),12,0,12,10,10,0,10,$3.40,0,0.00%,$0.00,$3.40,0,0.00%,$0.00,$3.40
Woodlawn Elementary,5/06/2025,30009,Orange Tangerine Juice(Each),59,0,59,80,55,0,55,$9.35,0,0.00%,$0.00,$9.35,25,31.25%,$4.25,$13.60
Woodlawn Elementary,5/06/2025,20014,Red Delicious Apple(Each - serving),19,0,19,10,8,0,8,$2.64,0,0.00%,$0.00,$2.64,2,20.00%,$0.66,$3.30
Woodlawn Elementary,5/06/2025,60096,Strawberry Parfait(Parfait),12,0,12,12,10,0,10,$9.90,0,0.00%,$0.00,$9.90,2,16.67%,$1.98,$11.88
Woodlawn Elementary,5/06/2025,60011,Turkey Sausage Breakfast Biscuit(Sandwich),33,0,33,31,26,0,26,$11.44,0,0.00%,$0.00,$11.44,5,16.13%,$2.20,$13.64
Woodley Hills Elementary,5/06/2025,20001,1% White Milk(Each),70,0,70,280,57,0,57,$20.52,0,0.00%,$0.00,$20.52,223,79.64%,$80.28,$100.80
Woodley Hills Elementary,5/06/2025,30020,Applesauce(1/2 Cup),22,0,22,20,20,0,20,$4.20,0,0.00%,$0.00,$4.20,0,0.00%,$0.00,$4.20
Woodley Hills Elementary,5/06/2025,10020,Bagel(Bagel),0,0,0,20,20,0,20,$6.40,0,0.00%,$0.00,$6.40,0,0.00%,$0.00,$6.40
Woodley Hills Elementary,5/06/2025,20031,Banana(Each),17,0,17,10,10,0,10,$2.10,0,0.00%,$0.00,$2.10,0,0.00%,$0.00,$2.10
Woodley Hills Elementary,5/06/2025,60068,Biscuit(Biscuit),0,0,0,0,0,0,0,$0.00,0,0.00%,$0.00,$0.00,0,0.00%,$0.00,$0.00
Woodley Hills Elementary,5/06/2025,30004,Blueberry Chex Cereal(Each),22,0,22,49,40,0,40,$23.60,0,0.00%,$0.00,$23.60,9,18.37%,$5.31,$28.91
Woodley Hills Elementary,5/06/2025,30006,Cinnamon Chex Cereal(Each),48,0,48,79,79,0,79,$46.61,0,0.00%,$0.00,$46.61,0,0.00%,$0.00,$46.61
Woodley Hills Elementary,5/06/2025,20009,Cream Cheese(Each),0,0,0,20,20,0,20,$5.80,0,0.00%,$0.00,$5.80,0,0.00%,$0.00,$5.80
Woodley Hills Elementary,5/06/2025,60004,Egg and American Cheese on English Muffin(Sandwich),0,0,0,77,47,0,47,$23.97,0,0.00%,$0.00,$23.97,30,38.96%,$15.30,$39.27
Woodley Hills Elementary,5/06/2025,20038,Fat Free White Milk(Each),18,0,18,61,29,0,29,$9.57,0,0.00%,$0.00,$9.57,32,52.46%,$10.56,$20.13
Woodley Hills Elementary,5/06/2025,30051,Natural Grape Jam(Packet),42,0,42,40,40,0,40,$3.60,0,0.00%,$0.00,$3.60,0,0.00%,$0.00,$3.60
Woodley Hills Elementary,5/06/2025,30009,Orange Tangerine Juice(Each),201,0,201,240,204,0,204,$34.68,0,0.00%,$0.00,$34.68,36,15.00%,$6.12,$40.80
Woodley Hills Elementary,5/06/2025,60096,Strawberry Parfait(Parfait),30,0,30,45,40,0,40,$39.60,0,0.00%,$0.00,$39.60,5,11.11%,$4.95,$44.55
Woodley Hills Elementary,5/06/2025,60011,Turkey Sausage Breakfast Biscuit(Sandwich),0,0,0,0,0,0,0,$0.00,0,0.00%,$0.00,$0.00,0,0.00%,$0.00,$0.00
Woodson High,5/06/2025,20001,1% White Milk(Each),50,0,50,20,15,0,15,$5.40,0,0.00%,$0.00,$5.40,5,25.00%,$1.80,$7.20
Woodson High,5/06/2025,30008,Apple Juice(Each),125,0,125,120,105,0,105,$17.85,0,0.00%,$0.00,$17.85,15,12.50%,$2.55,$20.40
Woodson High,5/06/2025,10020,Bagel(Bagel),55,1,56,51,41,0,41,$13.12,0,0.00%,$0.00,$13.12,10,19.61%,$3.20,$16.32
Woodson High,5/06/2025,20031,Banana(Each),50,0,50,35,25,0,25,$5.25,0,0.00%,$0.00,$5.25,10,28.57%,$2.10,$7.35
Woodson High,5/06/2025,30006,Cinnamon Chex Cereal(Each),20,0,20,10,5,0,5,$2.95,0,0.00%,$0.00,$2.95,5,50.00%,$2.95,$5.90
Woodson High,5/06/2025,30007,"Cinnamon Toast Crunch Cereal, 25% Less Sugar(Each)",20,0,20,12,6,0,6,$3.54,0,0.00%,$0.00,$3.54,6,50.00%,$3.54,$7.08
Woodson High,5/06/2025,20009,Cream Cheese(Each),55,1,56,55,40,0,40,$11.60,0,0.00%,$0.00,$11.60,15,27.27%,$4.35,$15.95
Woodson High,5/06/2025,20038,Fat Free White Milk(Each),50,0,50,20,8,0,8,$2.64,0,0.00%,$0.00,$2.64,12,60.00%,$3.96,$6.60
Woodson High,5/06/2025,30003,Honey Cheerios Cereal(Each),20,0,20,10,3,0,3,$1.77,0,0.00%,$0.00,$1.77,7,70.00%,$4.13,$5.90
Woodson High,5/06/2025,10041,Mini Maple Pancakes(Package),55,2,57,45,42,0,42,$16.38,0,0.00%,$0.00,$16.38,3,6.67%,$1.17,$17.55
Woodson High,5/06/2025,30051,Natural Grape Jam(Packet),85,0,85,30,18,0,18,$1.62,0,0.00%,$0.00,$1.62,12,40.00%,$1.08,$2.70
Woodson High,5/06/2025,20017,Orange(6 Slices per 1/2 cup),50,0,50,15,8,0,8,$2.72,0,0.00%,$0.00,$2.72,7,46.67%,$2.38,$5.10
Woodson High,5/06/2025,30009,Orange Tangerine Juice(Each),65,0,65,56,41,0,41,$6.97,0,0.00%,$0.00,$6.97,15,26.79%,$2.55,$9.52
Woodson High,5/06/2025,60099,"Parfait, Triple Berry(Parfait)",30,1,31,20,18,0,18,$12.24,0,0.00%,$0.00,$12.24,2,10.00%,$1.36,$13.60
Woodson High,5/06/2025,20014,Red Delicious Apple(Each - serving),50,0,50,35,27,0,27,$8.91,0,0.00%,$0.00,$8.91,8,22.86%,$2.64,$11.55
Woodson High,5/06/2025,60011,Turkey Sausage Breakfast Biscuit(Sandwich),85,0,85,20,19,0,19,$8.36,0,0.00%,$0.00,$8.36,1,5.00%,$0.44,$8.80
