School_Name,Date,Identifier,Name,Planned_Reimbursable,Planned_Non-Reimbursable,Planned_Total,Offered_Reimbursable,Offered_Non-Reimbursable,Offered_Total,Served_Reimbursable,Served_Non-Reimbursable,Served_Total,Discarded_Total,Discarded_Cost,Subtotal_Cost,Left_Over_Total,Left_Over_Percent_of_Offered,Left_Over_Cost,Production_Cost_Total
Aldrin Elementary,5/15/2025,10041,Mini Maple Pancakes (Package),61,0,61,73,70,0,70,$27.30,0,0.00%,$0.00,$27.30,3,4.11%,$1.17,$28.47
Aldrin Elementary,5/15/2025,20001,1% White Milk (Each),34,0,34,35,31,0,31,$11.16,0,0.00%,$0.00,$11.16,4,11.43%,$1.44,$12.60
Aldrin Elementary,5/15/2025,20017,Orange (6 Slices per 1/2 cup),51,0,51,55,52,0,52,$17.68,0,0.00%,$0.00,$17.68,3,5.45%,$1.02,$18.70
Aldrin Elementary,5/15/2025,20038,Fat Free White Milk (Each),12,0,12,15,13,0,13,$4.29,0,0.00%,$0.00,$4.29,2,13.33%,$0.66,$4.95
Aldrin Elementary,5/15/2025,30003,Honey Cheerios Cereal (Each),7,0,7,10,4,0,4,$2.36,0,0.00%,$0.00,$2.36,6,60.00%,$3.54,$5.90
Aldrin Elementary,5/15/2025,30004,Blueberry Chex Cereal (Each),7,0,7,10,5,0,5,$2.95,0,0.00%,$0.00,$2.95,5,50.00%,$2.95,$5.90
Aldrin Elementary,5/15/2025,30006,Cinnamon Chex Cereal (Each),8,0,8,10,6,0,6,$3.54,0,0.00%,$0.00,$3.54,4,40.00%,$2.36,$5.90
Aldrin Elementary,5/15/2025,30007,"Cinnamon Toast Crunch Cereal, 25% Less Sugar (Each)",6,0,6,10,6,0,6,$3.54,0,0.00%,$0.00,$3.54,4,40.00%,$2.36,$5.90
Aldrin Elementary,5/15/2025,30008,Apple Juice (Each),42,0,42,55,51,0,51,$8.67,0,0.00%,$0.00,$8.67,4,7.27%,$0.68,$9.35
Aldrin Elementary,5/15/2025,30009,Orange Tangerine Juice (Each),33,0,33,45,39,0,39,$6.63,0,0.00%,$0.00,$6.63,6,13.33%,$1.02,$7.65
Aldrin Elementary,5/15/2025,30068,Chilled Peaches (1/2 cup (drained)),13,0,13,10,8,0,8,$4.08,0,0.00%,$0.00,$4.08,2,20.00%,$1.02,$5.10
Aldrin Elementary,5/15/2025,60089,Assorted Cereal (Cereal Cup),0,0,0,10,6,0,6,$3.54,0,0.00%,$0.00,$3.54,4,40.00%,$2.36,$5.90
Aldrin Elementary,5/15/2025,60096,Strawberry Parfait (Parfait),3,0,3,3,2,0,2,$1.98,0,0.00%,$0.00,$1.98,1,33.33%,$0.99,$2.97
Aldrin Elementary,5/15/2025,60125,Egg and American Cheese on Biscuit (Sandwich),2,0,2,5,3,0,3,$1.41,2,40.00%,$0.94,$2.35,0,0.00%,$0.00,$2.35
Annandale High,5/15/2025,10041,Mini Maple Pancakes (Package),300,0,300,519,390,0,390,$152.10,0,0.00%,$0.00,$152.10,129,24.86%,$50.31,$202.41
Annandale High,5/15/2025,20001,1% White Milk (Each),75,0,75,89,78,0,78,$28.08,0,0.00%,$0.00,$28.08,11,12.36%,$3.96,$32.04
Annandale High,5/15/2025,20014,Red Delicious Apple (Each - serving),125,0,125,135,91,0,91,$30.03,0,0.00%,$0.00,$30.03,44,32.59%,$14.52,$44.55
Annandale High,5/15/2025,20015,Golden Delicious Apple (Each),0,0,0,50,38,0,38,$11.78,0,0.00%,$0.00,$11.78,12,24.00%,$3.72,$15.50
Annandale High,5/15/2025,20017,Orange (6 Slices per 1/2 cup),138,0,138,75,60,0,60,$20.40,0,0.00%,$0.00,$20.40,15,20.00%,$5.10,$25.50
Annandale High,5/15/2025,20031,Banana (Each),110,0,110,50,46,0,46,$9.66,0,0.00%,$0.00,$9.66,4,8.00%,$0.84,$10.50
Annandale High,5/15/2025,20038,Fat Free White Milk (Each),75,0,75,102,73,0,73,$24.09,0,0.00%,$0.00,$24.09,29,28.43%,$9.57,$33.66
Annandale High,5/15/2025,30003,Honey Cheerios Cereal (Each),75,0,75,120,118,0,118,$69.62,0,0.00%,$0.00,$69.62,2,1.67%,$1.18,$70.80
Annandale High,5/15/2025,30004,Blueberry Chex Cereal (Each),50,0,50,67,65,0,65,$38.35,0,0.00%,$0.00,$38.35,2,2.99%,$1.18,$39.53
Annandale High,5/15/2025,30007,"Cinnamon Toast Crunch Cereal, 25% Less Sugar (Each)",75,0,75,65,63,0,63,$37.17,0,0.00%,$0.00,$37.17,2,3.08%,$1.18,$38.35
Annandale High,5/15/2025,30008,Apple Juice (Each),800,0,800,845,736,0,736,$125.12,0,0.00%,$0.00,$125.12,109,12.90%,$18.53,$143.65
Annandale High,5/15/2025,30009,Orange Tangerine Juice (Each),200,0,200,234,193,0,193,$32.81,0,0.00%,$0.00,$32.81,41,17.52%,$6.97,$39.78
Annandale High,5/15/2025,60096,Strawberry Parfait (Parfait),123,0,123,90,87,0,87,$86.13,0,0.00%,$0.00,$86.13,3,3.33%,$2.97,$89.10
Annandale High,5/15/2025,60164,"Sandwich, Breakfast. Bagel, Turkey Sausage (Sandwich)",0,0,0,240,223,0,223,$120.42,1,0.42%,$0.54,$120.96,16,6.67%,$8.64,$129.60
Annandale Terrace Elementary,5/15/2025,10041,Mini Maple Pancakes (Package),351,0,351,316,291,0,291,$113.49,0,0.00%,$0.00,$113.49,25,7.91%,$9.75,$123.24
Annandale Terrace Elementary,5/15/2025,20001,1% White Milk (Each),101,0,101,106,96,0,96,$34.56,0,0.00%,$0.00,$34.56,10,9.43%,$3.60,$38.16
Annandale Terrace Elementary,5/15/2025,20014,Red Delicious Apple (Each - serving),117,0,117,90,82,0,82,$27.06,0,0.00%,$0.00,$27.06,8,8.89%,$2.64,$29.70
Annandale Terrace Elementary,5/15/2025,20038,Fat Free White Milk (Each),25,0,25,40,30,0,30,$9.90,0,0.00%,$0.00,$9.90,10,25.00%,$3.30,$13.20
Annandale Terrace Elementary,5/15/2025,20043,"Lactose Free, White Milk (Each)",0,0,0,3,3,0,3,$1.74,0,0.00%,$0.00,$1.74,0,0.00%,$0.00,$1.74
Annandale Terrace Elementary,5/15/2025,30003,Honey Cheerios Cereal (Each),25,0,25,31,30,0,30,$17.70,0,0.00%,$0.00,$17.70,1,3.23%,$0.59,$18.29
Annandale Terrace Elementary,5/15/2025,30004,Blueberry Chex Cereal (Each),50,0,50,15,14,0,14,$8.26,0,0.00%,$0.00,$8.26,1,6.67%,$0.59,$8.85
Annandale Terrace Elementary,5/15/2025,30006,Cinnamon Chex Cereal (Each),25,0,25,15,15,0,15,$8.85,0,0.00%,$0.00,$8.85,0,0.00%,$0.00,$8.85
Annandale Terrace Elementary,5/15/2025,30007,"Cinnamon Toast Crunch Cereal, 25% Less Sugar (Each)",50,0,50,20,18,0,18,$10.62,0,0.00%,$0.00,$10.62,2,10.00%,$1.18,$11.80
Annandale Terrace Elementary,5/15/2025,30008,Apple Juice (Each),205,0,205,175,173,0,173,$29.41,0,0.00%,$0.00,$29.41,2,1.14%,$0.34,$29.75
Annandale Terrace Elementary,5/15/2025,30009,Orange Tangerine Juice (Each),207,0,207,185,181,0,181,$30.77,0,0.00%,$0.00,$30.77,4,2.16%,$0.68,$31.45
Annandale Terrace Elementary,5/15/2025,30061,Chilled Mandarin Oranges (1/2 cup (drained)),0,0,0,60,60,0,60,$20.40,0,0.00%,$0.00,$20.40,0,0.00%,$0.00,$20.40
Annandale Terrace Elementary,5/15/2025,30188,"Milk, Soy, Plain, Bulk (12/32 oz) (1 cup)",0,0,0,1,1,0,1,$0.79,0,0.00%,$0.00,$0.79,0,0.00%,$0.00,$0.79
Annandale Terrace Elementary,5/15/2025,60096,Strawberry Parfait (Parfait),25,0,25,16,16,0,16,$15.84,0,0.00%,$0.00,$15.84,0,0.00%,$0.00,$15.84
Annandale Terrace Elementary,5/15/2025,60125,Egg and American Cheese on Biscuit (Sandwich),31,0,31,20,20,0,20,$9.40,0,0.00%,$0.00,$9.40,0,0.00%,$0.00,$9.40
Armstrong Elementary,5/15/2025,10020,Bagel (Bagel),0,0,0,12,9,0,9,$2.88,0,0.00%,$0.00,$2.88,3,25.00%,$0.96,$3.84
Armstrong Elementary,5/15/2025,10041,Mini Maple Pancakes (Package),29,0,29,29,22,0,22,$8.58,0,0.00%,$0.00,$8.58,7,24.14%,$2.73,$11.31
Armstrong Elementary,5/15/2025,20001,1% White Milk (Each),23,0,23,50,21,0,21,$7.56,0,0.00%,$0.00,$7.56,29,58.00%,$10.44,$18.00
Armstrong Elementary,5/15/2025,20014,Red Delicious Apple (Each - serving),2,0,2,12,9,0,9,$2.97,0,0.00%,$0.00,$2.97,3,25.00%,$0.99,$3.96
Armstrong Elementary,5/15/2025,20017,Orange (6 Slices per 1/2 cup),16,0,16,10,9,0,9,$3.06,0,0.00%,$0.00,$3.06,1,10.00%,$0.34,$3.40
Armstrong Elementary,5/15/2025,20031,Banana (Each),16,0,16,0,0,0,0,$0.00,0,0.00%,$0.00,$0.00,0,0.00%,$0.00,$0.00
Armstrong Elementary,5/15/2025,20038,Fat Free White Milk (Each),18,0,18,50,12,0,12,$3.96,0,0.00%,$0.00,$3.96,38,76.00%,$12.54,$16.50
Armstrong Elementary,5/15/2025,30003,Honey Cheerios Cereal (Each),7,0,7,12,5,0,5,$2.95,0,0.00%,$0.00,$2.95,7,58.33%,$4.13,$7.08
Armstrong Elementary,5/15/2025,30004,Blueberry Chex Cereal (Each),4,0,4,3,1,0,1,$0.59,0,0.00%,$0.00,$0.59,2,66.67%,$1.18,$1.77
Armstrong Elementary,5/15/2025,30006,Cinnamon Chex Cereal (Each),7,0,7,12,7,0,7,$4.13,0,0.00%,$0.00,$4.13,5,41.67%,$2.95,$7.08
Armstrong Elementary,5/15/2025,30007,"Cinnamon Toast Crunch Cereal, 25% Less Sugar (Each)",9,0,9,11,11,0,11,$6.49,0,0.00%,$0.00,$6.49,0,0.00%,$0.00,$6.49
Armstrong Elementary,5/15/2025,30008,Apple Juice (Each),29,0,29,36,34,0,34,$5.78,0,0.00%,$0.00,$5.78,2,5.56%,$0.34,$6.12
Armstrong Elementary,5/15/2025,30009,Orange Tangerine Juice (Each),27,0,27,30,21,0,21,$3.57,0,0.00%,$0.00,$3.57,9,30.00%,$1.53,$5.10
Armstrong Elementary,5/15/2025,60096,Strawberry Parfait (Parfait),1,0,1,5,1,0,1,$0.99,0,0.00%,$0.00,$0.99,4,80.00%,$3.96,$4.95
Armstrong Elementary,5/15/2025,60125,Egg and American Cheese on Biscuit (Sandwich),11,0,11,7,4,0,4,$1.88,3,42.86%,$1.41,$3.29,0,0.00%,$0.00,$3.29
Baileys Lower Elementary,5/15/2025,10041,Mini Maple Pancakes (Package),297,0,297,321,319,0,319,$124.41,2,0.62%,$0.78,$125.19,0,0.00%,$0.00,$125.19
Baileys Lower Elementary,5/15/2025,20001,1% White Milk (Each),266,0,266,326,293,0,293,$105.48,3,0.92%,$1.08,$106.56,30,9.20%,$10.80,$117.36
Baileys Lower Elementary,5/15/2025,20031,Banana (Each),120,0,120,196,154,0,154,$32.34,6,3.06%,$1.26,$33.60,36,18.37%,$7.56,$41.16
Baileys Lower Elementary,5/15/2025,20038,Fat Free White Milk (Each),20,0,20,50,22,0,22,$7.26,0,0.00%,$0.00,$7.26,28,56.00%,$9.24,$16.50
Baileys Lower Elementary,5/15/2025,20043,"Lactose Free, White Milk (Each)",0,0,0,7,7,0,7,$4.06,0,0.00%,$0.00,$4.06,0,0.00%,$0.00,$4.06
Baileys Lower Elementary,5/15/2025,30003,Honey Cheerios Cereal (Each),0,0,0,80,75,0,75,$44.25,0,0.00%,$0.00,$44.25,5,6.25%,$2.95,$47.20
Baileys Lower Elementary,5/15/2025,30007,"Cinnamon Toast Crunch Cereal, 25% Less Sugar (Each)",27,0,27,120,107,0,107,$63.13,0,0.00%,$0.00,$63.13,13,10.83%,$7.67,$70.80
Baileys Lower Elementary,5/15/2025,30008,Apple Juice (Each),206,0,206,230,183,0,183,$31.11,0,0.00%,$0.00,$31.11,47,20.43%,$7.99,$39.10
Baileys Lower Elementary,5/15/2025,30009,Orange Tangerine Juice (Each),203,0,203,230,150,0,150,$25.50,0,0.00%,$0.00,$25.50,80,34.78%,$13.60,$39.10
Baileys Lower Elementary,5/15/2025,30068,Chilled Peaches (1/2 cup (drained)),115,0,115,119,119,0,119,$60.69,0,0.00%,$0.00,$60.69,0,0.00%,$0.00,$60.69
Baileys Lower Elementary,5/15/2025,60099,"Parfait, Triple Berry (Parfait)",0,0,0,32,30,0,30,$20.40,2,6.25%,$1.36,$21.76,0,0.00%,$0.00,$21.76
Baileys Upper Elementary,5/15/2025,10041,Mini Maple Pancakes (Package),144,0,144,144,106,0,106,$41.34,0,0.00%,$0.00,$41.34,38,26.39%,$14.82,$56.16
Baileys Upper Elementary,5/15/2025,20001,1% White Milk (Each),52,0,52,82,61,0,61,$21.96,0,0.00%,$0.00,$21.96,21,25.61%,$7.56,$29.52
Baileys Upper Elementary,5/15/2025,20014,Red Delicious Apple (Each - serving),0,0,0,192,87,0,87,$28.71,0,0.00%,$0.00,$28.71,105,54.69%,$34.65,$63.36
Baileys Upper Elementary,5/15/2025,30003,Honey Cheerios Cereal (Each),60,0,60,65,60,0,60,$35.40,0,0.00%,$0.00,$35.40,5,7.69%,$2.95,$38.35
Baileys Upper Elementary,5/15/2025,30008,Apple Juice (Each),249,0,249,290,251,0,251,$42.67,0,0.00%,$0.00,$42.67,39,13.45%,$6.63,$49.30
Baileys Upper Elementary,5/15/2025,30051,Natural Grape Jam (Packet),0,0,0,50,20,0,20,$1.80,0,0.00%,$0.00,$1.80,30,60.00%,$2.70,$4.50
Baileys Upper Elementary,5/15/2025,30093,Natural Breakfast Syrup (Each),0,0,0,144,106,0,106,$21.20,0,0.00%,$0.00,$21.20,38,26.39%,$7.60,$28.80
Baileys Upper Elementary,5/15/2025,60034,Mandarin Orange Parfait (Parfait),0,0,0,42,41,0,41,$40.59,0,0.00%,$0.00,$40.59,1,2.38%,$0.99,$41.58
Baileys Upper Elementary,5/15/2025,60179,Egg and American Cheese on Bagel (Sandwich),0,0,0,44,44,0,44,$16.72,0,0.00%,$0.00,$16.72,0,0.00%,$0.00,$16.72
Beech Tree Elementary,5/15/2025,10041,Mini Maple Pancakes (Package),143,0,143,143,135,0,135,$52.65,0,0.00%,$0.00,$52.65,8,5.59%,$3.12,$55.77
Beech Tree Elementary,5/15/2025,20001,1% White Milk (Each),93,0,93,93,78,0,78,$28.08,0,0.00%,$0.00,$28.08,15,16.13%,$5.40,$33.48
Beech Tree Elementary,5/15/2025,20038,Fat Free White Milk (Each),14,0,14,15,7,0,7,$2.31,0,0.00%,$0.00,$2.31,8,53.33%,$2.64,$4.95
Beech Tree Elementary,5/15/2025,20069,"Apple, Slices, IW - ER Supper Only (Each)",0,0,0,60,56,0,56,$18.48,0,0.00%,$0.00,$18.48,4,6.67%,$1.32,$19.80
Beech Tree Elementary,5/15/2025,30003,Honey Cheerios Cereal (Each),25,0,25,26,18,0,18,$10.62,0,0.00%,$0.00,$10.62,8,30.77%,$4.72,$15.34
Beech Tree Elementary,5/15/2025,30004,Blueberry Chex Cereal (Each),25,0,25,26,22,0,22,$12.98,0,0.00%,$0.00,$12.98,4,15.38%,$2.36,$15.34
Beech Tree Elementary,5/15/2025,30006,Cinnamon Chex Cereal (Each),25,0,25,6,4,0,4,$2.36,0,0.00%,$0.00,$2.36,2,33.33%,$1.18,$3.54
Beech Tree Elementary,5/15/2025,30007,"Cinnamon Toast Crunch Cereal, 25% Less Sugar (Each)",25,0,25,26,20,0,20,$11.80,0,0.00%,$0.00,$11.80,6,23.08%,$3.54,$15.34
Beech Tree Elementary,5/15/2025,30008,Apple Juice (Each),140,0,140,122,119,0,119,$20.23,0,0.00%,$0.00,$20.23,3,2.46%,$0.51,$20.74
Beech Tree Elementary,5/15/2025,30009,Orange Tangerine Juice (Each),40,0,40,42,39,0,39,$6.63,0,0.00%,$0.00,$6.63,3,7.14%,$0.51,$7.14
Beech Tree Elementary,5/15/2025,30068,Chilled Peaches (1/2 cup (drained)),43,0,43,43,40,0,40,$20.40,0,0.00%,$0.00,$20.40,3,6.98%,$1.53,$21.93
Beech Tree Elementary,5/15/2025,60096,Strawberry Parfait (Parfait),20,0,20,20,10,0,10,$9.90,0,0.00%,$0.00,$9.90,10,50.00%,$9.90,$19.80
Belle View Elementary,5/15/2025,10041,Mini Maple Pancakes (Package),34,0,34,35,35,0,35,$13.65,0,0.00%,$0.00,$13.65,0,0.00%,$0.00,$13.65
Belle View Elementary,5/15/2025,20001,1% White Milk (Each),21,0,21,30,25,0,25,$9.00,0,0.00%,$0.00,$9.00,5,16.67%,$1.80,$10.80
Belle View Elementary,5/15/2025,20017,Orange (6 Slices per 1/2 cup),25,0,25,20,20,0,20,$6.80,0,0.00%,$0.00,$6.80,0,0.00%,$0.00,$6.80
Belle View Elementary,5/15/2025,20031,Banana (Each),12,0,12,10,7,0,7,$1.47,0,0.00%,$0.00,$1.47,3,30.00%,$0.63,$2.10
Belle View Elementary,5/15/2025,20038,Fat Free White Milk (Each),7,0,7,5,4,0,4,$1.32,0,0.00%,$0.00,$1.32,1,20.00%,$0.33,$1.65
Belle View Elementary,5/15/2025,30003,Honey Cheerios Cereal (Each),13,0,13,5,2,0,2,$1.18,0,0.00%,$0.00,$1.18,3,60.00%,$1.77,$2.95
Belle View Elementary,5/15/2025,30004,Blueberry Chex Cereal (Each),6,0,6,10,5,0,5,$2.95,0,0.00%,$0.00,$2.95,5,50.00%,$2.95,$5.90
Belle View Elementary,5/15/2025,30006,Cinnamon Chex Cereal (Each),6,0,6,10,8,0,8,$4.72,0,0.00%,$0.00,$4.72,2,20.00%,$1.18,$5.90
Belle View Elementary,5/15/2025,30007,"Cinnamon Toast Crunch Cereal, 25% Less Sugar (Each)",16,0,16,16,10,0,10,$5.90,0,0.00%,$0.00,$5.90,6,37.50%,$3.54,$9.44
Belle View Elementary,5/15/2025,30008,Apple Juice (Each),54,0,54,60,58,0,58,$9.86,0,0.00%,$0.00,$9.86,2,3.33%,$0.34,$10.20
Belle View Elementary,5/15/2025,30009,Orange Tangerine Juice (Each),14,0,14,20,16,0,16,$2.72,0,0.00%,$0.00,$2.72,4,20.00%,$0.68,$3.40
Belle View Elementary,5/15/2025,60096,Strawberry Parfait (Parfait),3,0,3,3,2,0,2,$1.98,0,0.00%,$0.00,$1.98,1,33.33%,$0.99,$2.97
Belle View Elementary,5/15/2025,60125,Egg and American Cheese on Biscuit (Sandwich),10,0,10,10,10,0,10,$4.70,0,0.00%,$0.00,$4.70,0,0.00%,$0.00,$4.70
Belle View Elementary,5/15/2025,60162,Chicken & Biscuit Sandwich (Sandwich),0,0,0,2,2,0,2,$1.06,0,0.00%,$0.00,$1.06,0,0.00%,$0.00,$1.06
Belvedere Elementary,5/15/2025,10041,Mini Maple Pancakes (Package),82,0,82,99,82,17,99,$38.61,0,0.00%,$0.00,$38.61,0,0.00%,$0.00,$38.61
Belvedere Elementary,5/15/2025,20001,1% White Milk (Each),118,0,118,167,95,0,95,$34.20,0,0.00%,$0.00,$34.20,72,43.11%,$25.92,$60.12
Belvedere Elementary,5/15/2025,20014,Red Delicious Apple (Each - serving),30,0,30,19,19,0,19,$6.27,0,0.00%,$0.00,$6.27,0,0.00%,$0.00,$6.27
Belvedere Elementary,5/15/2025,20031,Banana (Each),22,0,22,25,25,0,25,$5.25,0,0.00%,$0.00,$5.25,0,0.00%,$0.00,$5.25
Belvedere Elementary,5/15/2025,20038,Fat Free White Milk (Each),7,0,7,10,7,0,7,$2.31,0,0.00%,$0.00,$2.31,3,30.00%,$0.99,$3.30
Belvedere Elementary,5/15/2025,30004,Blueberry Chex Cereal (Each),30,0,30,57,18,3,21,$12.39,0,0.00%,$0.00,$12.39,36,63.16%,$21.24,$33.63
Belvedere Elementary,5/15/2025,30008,Apple Juice (Each),92,0,92,60,44,0,44,$7.48,0,0.00%,$0.00,$7.48,16,26.67%,$2.72,$10.20
Belvedere Elementary,5/15/2025,30009,Orange Tangerine Juice (Each),38,0,38,100,64,0,64,$10.88,0,0.00%,$0.00,$10.88,36,36.00%,$6.12,$17.00
Belvedere Elementary,5/15/2025,30068,Chilled Peaches (1/2 cup (drained)),82,0,82,72,72,0,72,$36.72,0,0.00%,$0.00,$36.72,0,0.00%,$0.00,$36.72
Belvedere Elementary,5/15/2025,30103,"Milk, Lactose Free,  Fat Free, Shelf-Stable (Each)",0,0,0,1,1,0,1,$0.48,0,0.00%,$0.00,$0.48,0,0.00%,$0.00,$0.48
Belvedere Elementary,5/15/2025,30188,"Milk, Soy, Plain, Bulk (12/32 oz) (1 cup)",0,0,0,1,1,0,1,$0.79,0,0.00%,$0.00,$0.79,0,0.00%,$0.00,$0.79
Belvedere Elementary,5/15/2025,60034,Mandarin Orange Parfait (Parfait),0,0,0,8,3,3,6,$5.94,0,0.00%,$0.00,$5.94,2,25.00%,$1.98,$7.92
Belvedere Elementary,5/15/2025,60096,Strawberry Parfait (Parfait),9,0,9,9,1,1,2,$1.98,0,0.00%,$0.00,$1.98,7,77.78%,$6.93,$8.91
Belvedere Elementary,5/15/2025,60165,Egg and American Cheese on Bagel (Sandwich),0,0,0,50,4,8,12,$6.96,19,38.00%,$11.02,$17.98,19,38.00%,$11.02,$29.00
Bonnie Brae Elementary,5/15/2025,10041,Mini Maple Pancakes (Package),36,0,36,62,62,0,62,$24.18,0,0.00%,$0.00,$24.18,0,0.00%,$0.00,$24.18
Bonnie Brae Elementary,5/15/2025,20001,1% White Milk (Each),142,0,142,0,0,0,0,$0.00,0,0.00%,$0.00,$0.00,0,0.00%,$0.00,$0.00
Bonnie Brae Elementary,5/15/2025,20014,Red Delicious Apple (Each - serving),103,0,103,0,0,0,0,$0.00,0,0.00%,$0.00,$0.00,0,0.00%,$0.00,$0.00
Bonnie Brae Elementary,5/15/2025,20017,Orange (6 Slices per 1/2 cup),106,0,106,0,0,0,0,$0.00,0,0.00%,$0.00,$0.00,0,0.00%,$0.00,$0.00
Bonnie Brae Elementary,5/15/2025,20031,Banana (Each),115,0,115,0,0,0,0,$0.00,0,0.00%,$0.00,$0.00,0,0.00%,$0.00,$0.00
Bonnie Brae Elementary,5/15/2025,20038,Fat Free White Milk (Each),20,0,20,0,0,0,0,$0.00,0,0.00%,$0.00,$0.00,0,0.00%,$0.00,$0.00
Bonnie Brae Elementary,5/15/2025,30003,Honey Cheerios Cereal (Each),12,0,12,20,20,0,20,$11.80,0,0.00%,$0.00,$11.80,0,0.00%,$0.00,$11.80
Bonnie Brae Elementary,5/15/2025,30004,Blueberry Chex Cereal (Each),14,0,14,15,15,0,15,$8.85,0,0.00%,$0.00,$8.85,0,0.00%,$0.00,$8.85
Bonnie Brae Elementary,5/15/2025,30006,Cinnamon Chex Cereal (Each),15,0,15,20,15,0,15,$8.85,0,0.00%,$0.00,$8.85,5,25.00%,$2.95,$11.80
Bonnie Brae Elementary,5/15/2025,30007,"Cinnamon Toast Crunch Cereal, 25% Less Sugar (Each)",5,0,5,10,8,0,8,$4.72,0,0.00%,$0.00,$4.72,2,20.00%,$1.18,$5.90
Bonnie Brae Elementary,5/15/2025,30008,Apple Juice (Each),87,0,87,100,87,0,87,$14.79,0,0.00%,$0.00,$14.79,13,13.00%,$2.21,$17.00
Bonnie Brae Elementary,5/15/2025,30009,Orange Tangerine Juice (Each),41,0,41,80,74,0,74,$12.58,0,0.00%,$0.00,$12.58,6,7.50%,$1.02,$13.60
Bonnie Brae Elementary,5/15/2025,30068,Chilled Peaches (1/2 cup (drained)),37,0,37,0,0,0,0,$0.00,0,0.00%,$0.00,$0.00,0,0.00%,$0.00,$0.00
Bonnie Brae Elementary,5/15/2025,60096,Strawberry Parfait (Parfait),8,0,8,10,5,0,5,$4.95,0,0.00%,$0.00,$4.95,5,50.00%,$4.95,$9.90
Bonnie Brae Elementary,5/15/2025,60125,Egg and American Cheese on Biscuit (Sandwich),8,0,8,6,6,0,6,$2.82,0,0.00%,$0.00,$2.82,0,0.00%,$0.00,$2.82
Braddock Elementary,5/15/2025,10041,Mini Maple Pancakes (Package),412,0,412,338,338,0,338,$131.82,0,0.00%,$0.00,$131.82,0,0.00%,$0.00,$131.82
Braddock Elementary,5/15/2025,20001,1% White Milk (Each),202,0,202,200,200,0,200,$72.00,0,0.00%,$0.00,$72.00,0,0.00%,$0.00,$72.00
Braddock Elementary,5/15/2025,20014,Red Delicious Apple (Each - serving),250,0,250,250,250,0,250,$82.50,0,0.00%,$0.00,$82.50,0,0.00%,$0.00,$82.50
Braddock Elementary,5/15/2025,20017,Orange (6 Slices per 1/2 cup),0,0,0,0,0,0,0,$0.00,0,0.00%,$0.00,$0.00,0,0.00%,$0.00,$0.00
Braddock Elementary,5/15/2025,20031,Banana (Each),220,0,220,220,220,0,220,$46.20,0,0.00%,$0.00,$46.20,0,0.00%,$0.00,$46.20
Braddock Elementary,5/15/2025,20038,Fat Free White Milk (Each),20,0,20,10,10,0,10,$3.30,0,0.00%,$0.00,$3.30,0,0.00%,$0.00,$3.30
Braddock Elementary,5/15/2025,30003,Honey Cheerios Cereal (Each),30,0,30,30,30,0,30,$17.70,0,0.00%,$0.00,$17.70,0,0.00%,$0.00,$17.70
Braddock Elementary,5/15/2025,30004,Blueberry Chex Cereal (Each),30,0,30,30,30,0,30,$17.70,0,0.00%,$0.00,$17.70,0,0.00%,$0.00,$17.70
Braddock Elementary,5/15/2025,30006,Cinnamon Chex Cereal (Each),30,0,30,30,30,0,30,$17.70,0,0.00%,$0.00,$17.70,0,0.00%,$0.00,$17.70
Braddock Elementary,5/15/2025,30007,"Cinnamon Toast Crunch Cereal, 25% Less Sugar (Each)",30,0,30,30,30,0,30,$17.70,0,0.00%,$0.00,$17.70,0,0.00%,$0.00,$17.70
Braddock Elementary,5/15/2025,30008,Apple Juice (Each),329,0,329,350,350,0,350,$59.50,0,0.00%,$0.00,$59.50,0,0.00%,$0.00,$59.50
Braddock Elementary,5/15/2025,30009,Orange Tangerine Juice (Each),241,0,241,275,275,0,275,$46.75,0,0.00%,$0.00,$46.75,0,0.00%,$0.00,$46.75
Braddock Elementary,5/15/2025,30068,Chilled Peaches (1/2 cup (drained)),52,0,52,50,50,0,50,$25.50,0,0.00%,$0.00,$25.50,0,0.00%,$0.00,$25.50
Braddock Elementary,5/15/2025,60096,Strawberry Parfait (Parfait),65,0,65,26,26,0,26,$25.74,0,0.00%,$0.00,$25.74,0,0.00%,$0.00,$25.74
Braddock Elementary,5/15/2025,60125,Egg and American Cheese on Biscuit (Sandwich),216,0,216,117,117,0,117,$54.99,0,0.00%,$0.00,$54.99,0,0.00%,$0.00,$54.99
Bren Mar Park Elementary,5/15/2025,10020,Bagel (Bagel),0,0,0,60,60,0,60,$19.20,0,0.00%,$0.00,$19.20,0,0.00%,$0.00,$19.20
Bren Mar Park Elementary,5/15/2025,10041,Mini Maple Pancakes (Package),177,0,177,136,132,0,132,$51.48,0,0.00%,$0.00,$51.48,4,2.94%,$1.56,$53.04
Bren Mar Park Elementary,5/15/2025,20001,1% White Milk (Each),84,0,84,83,71,0,71,$25.56,0,0.00%,$0.00,$25.56,12,14.46%,$4.32,$29.88
Bren Mar Park Elementary,5/15/2025,20009,Cream Cheese (Each),0,0,0,60,60,0,60,$17.40,0,0.00%,$0.00,$17.40,0,0.00%,$0.00,$17.40
Bren Mar Park Elementary,5/15/2025,20014,Red Delicious Apple (Each - serving),60,0,60,60,48,0,48,$15.84,0,0.00%,$0.00,$15.84,12,20.00%,$3.96,$19.80
Bren Mar Park Elementary,5/15/2025,20038,Fat Free White Milk (Each),50,0,50,50,36,0,36,$11.88,0,0.00%,$0.00,$11.88,14,28.00%,$4.62,$16.50
Bren Mar Park Elementary,5/15/2025,20043,"Lactose Free, White Milk (Each)",3,0,3,3,3,0,3,$1.74,0,0.00%,$0.00,$1.74,0,0.00%,$0.00,$1.74
Bren Mar Park Elementary,5/15/2025,30006,Cinnamon Chex Cereal (Each),58,0,58,50,50,0,50,$29.50,0,0.00%,$0.00,$29.50,0,0.00%,$0.00,$29.50
Bren Mar Park Elementary,5/15/2025,30009,Orange Tangerine Juice (Each),235,0,235,260,236,0,236,$40.12,0,0.00%,$0.00,$40.12,24,9.23%,$4.08,$44.20
Bren Mar Park Elementary,5/15/2025,30068,Chilled Peaches (1/2 cup (drained)),37,0,37,36,36,0,36,$18.36,0,0.00%,$0.00,$18.36,0,0.00%,$0.00,$18.36
Bren Mar Park Elementary,5/15/2025,60096,Strawberry Parfait (Parfait),20,0,20,20,20,0,20,$19.80,0,0.00%,$0.00,$19.80,0,0.00%,$0.00,$19.80
Bren Mar Park Elementary,5/15/2025,60125,Egg and American Cheese on Biscuit (Sandwich),30,0,30,30,30,0,30,$14.10,0,0.00%,$0.00,$14.10,0,0.00%,$0.00,$14.10
Brookfield Elementary,5/15/2025,10041,Mini Maple Pancakes (Package),180,0,180,180,173,0,173,$67.47,3,1.67%,$1.17,$68.64,4,2.22%,$1.56,$70.20
Brookfield Elementary,5/15/2025,20001,1% White Milk (Each),96,0,96,66,60,0,60,$21.60,3,4.55%,$1.08,$22.68,3,4.55%,$1.08,$23.76
Brookfield Elementary,5/15/2025,20031,Banana (Each),0,0,0,50,48,0,48,$10.08,0,0.00%,$0.00,$10.08,2,4.00%,$0.42,$10.50
Brookfield Elementary,5/15/2025,20038,Fat Free White Milk (Each),40,0,40,30,29,0,29,$9.57,0,0.00%,$0.00,$9.57,1,3.33%,$0.33,$9.90
Brookfield Elementary,5/15/2025,30003,Honey Cheerios Cereal (Each),40,0,40,50,39,0,39,$23.01,0,0.00%,$0.00,$23.01,11,22.00%,$6.49,$29.50
Brookfield Elementary,5/15/2025,30004,Blueberry Chex Cereal (Each),30,0,30,40,35,0,35,$20.65,0,0.00%,$0.00,$20.65,5,12.50%,$2.95,$23.60
Brookfield Elementary,5/15/2025,30006,Cinnamon Chex Cereal (Each),30,0,30,50,42,0,42,$24.78,0,0.00%,$0.00,$24.78,8,16.00%,$4.72,$29.50
Brookfield Elementary,5/15/2025,30008,Apple Juice (Each),300,0,300,300,285,0,285,$48.45,0,0.00%,$0.00,$48.45,15,5.00%,$2.55,$51.00
Brookfield Elementary,5/15/2025,30068,Chilled Peaches (1/2 cup (drained)),36,0,36,33,33,0,33,$16.83,0,0.00%,$0.00,$16.83,0,0.00%,$0.00,$16.83
Brookfield Elementary,5/15/2025,60099,"Parfait, Triple Berry (Parfait)",0,0,0,14,11,0,11,$7.48,3,21.43%,$2.04,$9.52,0,0.00%,$0.00,$9.52
Brookfield Elementary,5/15/2025,60165,Egg and American Cheese on Bagel (Sandwich),0,0,0,20,18,0,18,$10.44,2,10.00%,$1.16,$11.60,0,0.00%,$0.00,$11.60
Bucknell Elementary,5/15/2025,10041,Mini Maple Pancakes (Package),58,0,58,107,103,0,103,$40.17,0,0.00%,$0.00,$40.17,4,3.74%,$1.56,$41.73
Bucknell Elementary,5/15/2025,20001,1% White Milk (Each),77,0,77,62,55,0,55,$19.80,0,0.00%,$0.00,$19.80,7,11.29%,$2.52,$22.32
Bucknell Elementary,5/15/2025,20031,Banana (Each),17,0,17,25,24,0,24,$5.04,0,0.00%,$0.00,$5.04,1,4.00%,$0.21,$5.25
Bucknell Elementary,5/15/2025,20038,Fat Free White Milk (Each),9,0,9,49,11,0,11,$3.63,0,0.00%,$0.00,$3.63,38,77.55%,$12.54,$16.17
Bucknell Elementary,5/15/2025,30006,Cinnamon Chex Cereal (Each),40,0,40,21,19,0,19,$11.21,0,0.00%,$0.00,$11.21,2,9.52%,$1.18,$12.39
Bucknell Elementary,5/15/2025,30007,"Cinnamon Toast Crunch Cereal, 25% Less Sugar (Each)",24,0,24,35,25,0,25,$14.75,0,0.00%,$0.00,$14.75,10,28.57%,$5.90,$20.65
Bucknell Elementary,5/15/2025,30008,Apple Juice (Each),80,0,80,81,81,0,81,$13.77,0,0.00%,$0.00,$13.77,0,0.00%,$0.00,$13.77
Bucknell Elementary,5/15/2025,30009,Orange Tangerine Juice (Each),74,0,74,90,72,0,72,$12.24,0,0.00%,$0.00,$12.24,18,20.00%,$3.06,$15.30
Bucknell Elementary,5/15/2025,30068,Chilled Peaches (1/2 cup (drained)),58,0,58,56,56,0,56,$28.56,0,0.00%,$0.00,$28.56,0,0.00%,$0.00,$28.56
Bucknell Elementary,5/15/2025,30103,"Milk, Lactose Free,  Fat Free, Shelf-Stable (Each)",0,0,0,2,2,0,2,$0.96,0,0.00%,$0.00,$0.96,0,0.00%,$0.00,$0.96
Bucknell Elementary,5/15/2025,60099,"Parfait, Triple Berry (Parfait)",0,0,0,13,8,0,8,$5.44,0,0.00%,$0.00,$5.44,5,38.46%,$3.40,$8.84
Bucknell Elementary,5/15/2025,60108,Chicken Tenders Sub (Sandwich),0,0,0,32,32,0,32,$39.68,0,0.00%,$0.00,$39.68,0,0.00%,$0.00,$39.68
Bucknell Elementary,5/15/2025,60125,Egg and American Cheese on Biscuit (Sandwich),7,0,7,20,9,0,9,$4.23,0,0.00%,$0.00,$4.23,11,55.00%,$5.17,$9.40
Bull Run Elementary,5/15/2025,10041,Mini Maple Pancakes (Package),98,0,98,138,129,6,135,$52.65,0,0.00%,$0.00,$52.65,3,2.17%,$1.17,$53.82
Bull Run Elementary,5/15/2025,20001,1% White Milk (Each),64,0,64,62,59,0,59,$21.24,0,0.00%,$0.00,$21.24,3,4.84%,$1.08,$22.32
Bull Run Elementary,5/15/2025,20031,Banana (Each),21,0,21,20,19,0,19,$3.99,0,0.00%,$0.00,$3.99,1,5.00%,$0.21,$4.20
Bull Run Elementary,5/15/2025,20038,Fat Free White Milk (Each),16,0,16,20,12,0,12,$3.96,0,0.00%,$0.00,$3.96,8,40.00%,$2.64,$6.60
Bull Run Elementary,5/15/2025,20043,"Lactose Free, White Milk (Each)",0,0,0,1,1,0,1,$0.58,0,0.00%,$0.00,$0.58,0,0.00%,$0.00,$0.58
Bull Run Elementary,5/15/2025,20047,Orange Slices (3 slices per 1/4 cup),0,0,0,13,13,0,13,$2.60,0,0.00%,$0.00,$2.60,0,0.00%,$0.00,$2.60
Bull Run Elementary,5/15/2025,30003,Honey Cheerios Cereal (Each),21,0,21,25,20,0,20,$11.80,0,0.00%,$0.00,$11.80,5,20.00%,$2.95,$14.75
Bull Run Elementary,5/15/2025,30004,Blueberry Chex Cereal (Each),8,0,8,15,10,0,10,$5.90,0,0.00%,$0.00,$5.90,5,33.33%,$2.95,$8.85
Bull Run Elementary,5/15/2025,30006,Cinnamon Chex Cereal (Each),12,0,12,25,17,0,17,$10.03,0,0.00%,$0.00,$10.03,8,32.00%,$4.72,$14.75
Bull Run Elementary,5/15/2025,30007,"Cinnamon Toast Crunch Cereal, 25% Less Sugar (Each)",18,0,18,25,21,0,21,$12.39,0,0.00%,$0.00,$12.39,4,16.00%,$2.36,$14.75
Bull Run Elementary,5/15/2025,30008,Apple Juice (Each),112,0,112,132,124,0,124,$21.08,0,0.00%,$0.00,$21.08,8,6.06%,$1.36,$22.44
Bull Run Elementary,5/15/2025,30009,Orange Tangerine Juice (Each),52,0,52,60,52,0,52,$8.84,0,0.00%,$0.00,$8.84,8,13.33%,$1.36,$10.20
Bull Run Elementary,5/15/2025,30068,Chilled Peaches (1/2 cup (drained)),0,0,0,0,0,0,0,$0.00,0,0.00%,$0.00,$0.00,0,0.00%,$0.00,$0.00
Bull Run Elementary,5/15/2025,60096,Strawberry Parfait (Parfait),11,0,11,12,9,0,9,$8.91,0,0.00%,$0.00,$8.91,3,25.00%,$2.97,$11.88
Bush Hill Elementary,5/15/2025,10040,Blueberry Muffin Top (Muffin Top),0,0,0,60,56,1,57,$23.94,3,5.00%,$1.26,$25.20,0,0.00%,$0.00,$25.20
Bush Hill Elementary,5/15/2025,10041,Mini Maple Pancakes (Package),80,0,80,37,36,1,37,$14.43,0,0.00%,$0.00,$14.43,0,0.00%,$0.00,$14.43
Bush Hill Elementary,5/15/2025,20001,1% White Milk (Each),25,0,25,23,23,0,23,$8.28,0,0.00%,$0.00,$8.28,0,0.00%,$0.00,$8.28
Bush Hill Elementary,5/15/2025,20014,Red Delicious Apple (Each - serving),10,0,10,30,22,0,22,$7.26,0,0.00%,$0.00,$7.26,8,26.67%,$2.64,$9.90
Bush Hill Elementary,5/15/2025,20016,String Cheese (1 Stick),0,0,0,40,39,0,39,$8.58,0,0.00%,$0.00,$8.58,1,2.50%,$0.22,$8.80
Bush Hill Elementary,5/15/2025,20038,Fat Free White Milk (Each),20,0,20,15,14,0,14,$4.62,0,0.00%,$0.00,$4.62,1,6.67%,$0.33,$4.95
Bush Hill Elementary,5/15/2025,30003,Honey Cheerios Cereal (Each),20,0,20,10,10,0,10,$5.90,0,0.00%,$0.00,$5.90,0,0.00%,$0.00,$5.90
Bush Hill Elementary,5/15/2025,30004,Blueberry Chex Cereal (Each),15,0,15,10,5,0,5,$2.95,0,0.00%,$0.00,$2.95,5,50.00%,$2.95,$5.90
Bush Hill Elementary,5/15/2025,30006,Cinnamon Chex Cereal (Each),15,0,15,29,29,0,29,$17.11,0,0.00%,$0.00,$17.11,0,0.00%,$0.00,$17.11
Bush Hill Elementary,5/15/2025,30007,"Cinnamon Toast Crunch Cereal, 25% Less Sugar (Each)",20,0,20,0,0,0,0,$0.00,0,0.00%,$0.00,$0.00,0,0.00%,$0.00,$0.00
Bush Hill Elementary,5/15/2025,30008,Apple Juice (Each),100,0,100,80,80,0,80,$13.60,0,0.00%,$0.00,$13.60,0,0.00%,$0.00,$13.60
Bush Hill Elementary,5/15/2025,30009,Orange Tangerine Juice (Each),60,0,60,58,55,0,55,$9.35,0,0.00%,$0.00,$9.35,3,5.17%,$0.51,$9.86
Bush Hill Elementary,5/15/2025,30068,Chilled Peaches (1/2 cup (drained)),10,0,10,8,8,0,8,$4.08,0,0.00%,$0.00,$4.08,0,0.00%,$0.00,$4.08
Bush Hill Elementary,5/15/2025,60099,"Parfait, Triple Berry (Parfait)",0,0,0,9,8,1,9,$6.12,0,0.00%,$0.00,$6.12,0,0.00%,$0.00,$6.12
CHANTILLY HS,5/15/2025,10020,Bagel (Bagel),0,0,0,37,22,0,22,$7.04,0,0.00%,$0.00,$7.04,15,40.54%,$4.80,$11.84
CHANTILLY HS,5/15/2025,10041,Mini Maple Pancakes (Package),100,20,120,80,23,1,24,$9.36,0,0.00%,$0.00,$9.36,56,70.00%,$21.84,$31.20
CHANTILLY HS,5/15/2025,20014,Red Delicious Apple (Each - serving),15,5,20,20,1,0,1,$0.33,0,0.00%,$0.00,$0.33,19,95.00%,$6.27,$6.60
CHANTILLY HS,5/15/2025,20017,Orange (6 Slices per 1/2 cup),15,5,20,20,0,0,0,$0.00,0,0.00%,$0.00,$0.00,20,100.00%,$0.00,$0.00
CHANTILLY HS,5/15/2025,30003,Honey Cheerios Cereal (Each),10,2,12,12,1,0,1,$0.59,0,0.00%,$0.00,$0.59,11,91.67%,$6.49,$7.08
CHANTILLY HS,5/15/2025,30004,Blueberry Chex Cereal (Each),10,2,12,7,0,0,0,$0.00,0,0.00%,$0.00,$0.00,7,100.00%,$0.00,$0.00
CHANTILLY HS,5/15/2025,30006,Cinnamon Chex Cereal (Each),10,2,12,28,17,0,17,$10.03,0,0.00%,$0.00,$10.03,11,39.29%,$6.49,$16.52
CHANTILLY HS,5/15/2025,30007,"Cinnamon Toast Crunch Cereal, 25% Less Sugar (Each)",24,6,30,18,7,0,7,$4.13,0,0.00%,$0.00,$4.13,11,61.11%,$6.49,$10.62
CHANTILLY HS,5/15/2025,30008,Apple Juice (Each),180,20,200,205,55,3,58,$9.86,0,0.00%,$0.00,$9.86,147,71.71%,$24.99,$34.85
CHANTILLY HS,5/15/2025,30009,Orange Tangerine Juice (Each),80,20,100,129,38,0,38,$6.46,0,0.00%,$0.00,$6.46,91,70.54%,$15.47,$21.93
CHANTILLY HS,5/15/2025,30039,Cherry Flavored Dried Cranberries (2 Eaches),0,0,0,24,9,0,9,$4.32,0,0.00%,$0.00,$4.32,15,62.50%,$7.20,$11.52
CHANTILLY HS,5/15/2025,30097,Bottled Water (Bottle),0,0,0,18,0,4,4,$0.00,0,0.00%,$0.00,$0.00,14,77.78%,$0.00,$0.00
CHANTILLY HS,5/15/2025,60096,Strawberry Parfait (Parfait),15,5,20,20,5,2,7,$6.93,0,0.00%,$0.00,$6.93,13,65.00%,$12.87,$19.80
CHANTILLY HS,5/15/2025,60162,Chicken & Biscuit Sandwich (Sandwich),0,0,0,9,7,0,7,$3.71,2,22.22%,$1.06,$4.77,0,0.00%,$0.00,$4.77
CHANTILLY HS,5/15/2025,60165,Egg and American Cheese on Bagel (Sandwich),0,0,0,53,16,0,16,$9.28,2,3.77%,$1.16,$10.44,35,66.04%,$20.30,$30.74
Camelot Elementary,5/15/2025,10020,Bagel (Bagel),0,0,0,60,53,0,53,$16.96,0,0.00%,$0.00,$16.96,7,11.67%,$2.24,$19.20
Camelot Elementary,5/15/2025,10041,Mini Maple Pancakes (Package),142,0,142,102,94,0,94,$36.66,0,0.00%,$0.00,$36.66,8,7.84%,$3.12,$39.78
Camelot Elementary,5/15/2025,20001,1% White Milk (Each),56,0,56,57,56,0,56,$20.16,0,0.00%,$0.00,$20.16,1,1.75%,$0.36,$20.52
Camelot Elementary,5/15/2025,20009,Cream Cheese (Each),0,0,0,60,53,0,53,$15.37,0,0.00%,$0.00,$15.37,7,11.67%,$2.03,$17.40
Camelot Elementary,5/15/2025,20014,Red Delicious Apple (Each - serving),0,0,0,20,19,0,19,$6.27,0,0.00%,$0.00,$6.27,1,5.00%,$0.33,$6.60
Camelot Elementary,5/15/2025,20038,Fat Free White Milk (Each),27,0,27,30,25,0,25,$8.25,0,0.00%,$0.00,$8.25,5,16.67%,$1.65,$9.90
Camelot Elementary,5/15/2025,20047,Orange Slices (3 slices per 1/4 cup),0,0,0,22,22,0,22,$4.40,0,0.00%,$0.00,$4.40,0,0.00%,$0.00,$4.40
Camelot Elementary,5/15/2025,30003,Honey Cheerios Cereal (Each),19,0,19,15,14,0,14,$8.26,0,0.00%,$0.00,$8.26,1,6.67%,$0.59,$8.85
Camelot Elementary,5/15/2025,30004,Blueberry Chex Cereal (Each),14,0,14,10,9,0,9,$5.31,0,0.00%,$0.00,$5.31,1,10.00%,$0.59,$5.90
Camelot Elementary,5/15/2025,30006,Cinnamon Chex Cereal (Each),15,0,15,20,19,0,19,$11.21,0,0.00%,$0.00,$11.21,1,5.00%,$0.59,$11.80
Camelot Elementary,5/15/2025,30007,"Cinnamon Toast Crunch Cereal, 25% Less Sugar (Each)",9,0,9,20,19,0,19,$11.21,0,0.00%,$0.00,$11.21,1,5.00%,$0.59,$11.80
Camelot Elementary,5/15/2025,30008,Apple Juice (Each),103,0,103,126,125,0,125,$21.25,0,0.00%,$0.00,$21.25,1,0.79%,$0.17,$21.42
Camelot Elementary,5/15/2025,30009,Orange Tangerine Juice (Each),87,0,87,86,80,0,80,$13.60,0,0.00%,$0.00,$13.60,6,6.98%,$1.02,$14.62
Camelot Elementary,5/15/2025,60096,Strawberry Parfait (Parfait),2,0,2,10,7,0,7,$6.93,3,30.00%,$2.97,$9.90,0,0.00%,$0.00,$9.90
Camelot Elementary,5/15/2025,60125,Egg and American Cheese on Biscuit (Sandwich),10,0,10,5,0,0,0,$0.00,5,100.00%,$0.00,$0.00,0,0.00%,$0.00,$0.00
Cameron Elementary,5/15/2025,10020,Bagel (Bagel),0,0,0,168,125,0,125,$40.00,0,0.00%,$0.00,$40.00,43,25.60%,$13.76,$53.76
Cameron Elementary,5/15/2025,20001,1% White Milk (Each),155,0,155,106,106,0,106,$38.16,0,0.00%,$0.00,$38.16,0,0.00%,$0.00,$38.16
Cameron Elementary,5/15/2025,20014,Red Delicious Apple (Each - serving),170,0,170,30,22,0,22,$7.26,0,0.00%,$0.00,$7.26,8,26.67%,$2.64,$9.90
Cameron Elementary,5/15/2025,30003,Honey Cheerios Cereal (Each),63,0,63,88,88,0,88,$51.92,0,0.00%,$0.00,$51.92,0,0.00%,$0.00,$51.92
Cameron Elementary,5/15/2025,30004,Blueberry Chex Cereal (Each),48,0,48,64,44,0,44,$25.96,0,0.00%,$0.00,$25.96,20,31.25%,$11.80,$37.76
Cameron Elementary,5/15/2025,30007,"Cinnamon Toast Crunch Cereal, 25% Less Sugar (Each)",94,0,94,41,41,0,41,$24.19,0,0.00%,$0.00,$24.19,0,0.00%,$0.00,$24.19
Cameron Elementary,5/15/2025,30008,Apple Juice (Each),166,0,166,200,200,0,200,$34.00,0,0.00%,$0.00,$34.00,0,0.00%,$0.00,$34.00
Cameron Elementary,5/15/2025,30009,Orange Tangerine Juice (Each),148,0,148,180,167,0,167,$28.39,0,0.00%,$0.00,$28.39,13,7.22%,$2.21,$30.60
Cameron Elementary,5/15/2025,30068,Chilled Peaches (1/2 cup (drained)),57,0,57,56,56,0,56,$28.56,0,0.00%,$0.00,$28.56,0,0.00%,$0.00,$28.56
Cameron Elementary,5/15/2025,60099,"Parfait, Triple Berry (Parfait)",0,0,0,34,34,0,34,$23.12,0,0.00%,$0.00,$23.12,0,0.00%,$0.00,$23.12
Canterbury Woods Elementary,5/15/2025,10020,Bagel (Bagel),0,0,0,28,27,1,28,$8.96,0,0.00%,$0.00,$8.96,0,0.00%,$0.00,$8.96
Canterbury Woods Elementary,5/15/2025,10041,Mini Maple Pancakes (Package),51,0,51,13,13,0,13,$5.07,0,0.00%,$0.00,$5.07,0,0.00%,$0.00,$5.07
Canterbury Woods Elementary,5/15/2025,20001,1% White Milk (Each),4,0,4,0,0,0,0,$0.00,0,0.00%,$0.00,$0.00,0,0.00%,$0.00,$0.00
Canterbury Woods Elementary,5/15/2025,20009,Cream Cheese (Each),0,0,0,28,28,0,28,$8.12,0,0.00%,$0.00,$8.12,0,0.00%,$0.00,$8.12
Canterbury Woods Elementary,5/15/2025,20015,Golden Delicious Apple (Each),0,0,0,15,15,0,15,$4.65,0,0.00%,$0.00,$4.65,0,0.00%,$0.00,$4.65
Canterbury Woods Elementary,5/15/2025,20038,Fat Free White Milk (Each),2,0,2,10,7,0,7,$2.31,0,0.00%,$0.00,$2.31,3,30.00%,$0.99,$3.30
Canterbury Woods Elementary,5/15/2025,30004,Blueberry Chex Cereal (Each),2,0,2,5,5,0,5,$2.95,0,0.00%,$0.00,$2.95,0,0.00%,$0.00,$2.95
Canterbury Woods Elementary,5/15/2025,30006,Cinnamon Chex Cereal (Each),0,0,0,10,9,0,9,$5.31,0,0.00%,$0.00,$5.31,1,10.00%,$0.59,$5.90
Canterbury Woods Elementary,5/15/2025,30007,"Cinnamon Toast Crunch Cereal, 25% Less Sugar (Each)",0,0,0,10,10,0,10,$5.90,0,0.00%,$0.00,$5.90,0,0.00%,$0.00,$5.90
Canterbury Woods Elementary,5/15/2025,30008,Apple Juice (Each),40,0,40,39,39,0,39,$6.63,0,0.00%,$0.00,$6.63,0,0.00%,$0.00,$6.63
Canterbury Woods Elementary,5/15/2025,30009,Orange Tangerine Juice (Each),24,0,24,30,27,0,27,$4.59,0,0.00%,$0.00,$4.59,3,10.00%,$0.51,$5.10
Canterbury Woods Elementary,5/15/2025,60032,Blueberry Parfait (Parfait),0,0,0,2,2,0,2,$2.18,0,0.00%,$0.00,$2.18,0,0.00%,$0.00,$2.18
Cardinal Forest Elementary,5/15/2025,10041,Mini Maple Pancakes (Package),75,0,75,73,72,1,73,$28.47,0,0.00%,$0.00,$28.47,0,0.00%,$0.00,$28.47
Cardinal Forest Elementary,5/15/2025,20001,1% White Milk (Each),66,0,66,153,109,0,109,$39.24,0,0.00%,$0.00,$39.24,44,28.76%,$15.84,$55.08
Cardinal Forest Elementary,5/15/2025,20014,Red Delicious Apple (Each - serving),44,0,44,25,24,0,24,$7.92,0,0.00%,$0.00,$7.92,1,4.00%,$0.33,$8.25
Cardinal Forest Elementary,5/15/2025,30003,Honey Cheerios Cereal (Each),10,0,10,8,8,0,8,$4.72,0,0.00%,$0.00,$4.72,0,0.00%,$0.00,$4.72
Cardinal Forest Elementary,5/15/2025,30004,Blueberry Chex Cereal (Each),7,0,7,0,0,0,0,$0.00,0,0.00%,$0.00,$0.00,0,0.00%,$0.00,$0.00
Cardinal Forest Elementary,5/15/2025,30006,Cinnamon Chex Cereal (Each),8,0,8,20,16,0,16,$9.44,0,0.00%,$0.00,$9.44,4,20.00%,$2.36,$11.80
Cardinal Forest Elementary,5/15/2025,30007,"Cinnamon Toast Crunch Cereal, 25% Less Sugar (Each)",11,0,11,16,16,0,16,$9.44,0,0.00%,$0.00,$9.44,0,0.00%,$0.00,$9.44
Cardinal Forest Elementary,5/15/2025,30008,Apple Juice (Each),46,0,46,40,40,0,40,$6.80,0,0.00%,$0.00,$6.80,0,0.00%,$0.00,$6.80
Cardinal Forest Elementary,5/15/2025,30009,Orange Tangerine Juice (Each),45,0,45,102,100,0,100,$17.00,0,0.00%,$0.00,$17.00,2,1.96%,$0.34,$17.34
Cardinal Forest Elementary,5/15/2025,30068,Chilled Peaches (1/2 cup (drained)),30,0,30,33,33,0,33,$16.83,0,0.00%,$0.00,$16.83,0,0.00%,$0.00,$16.83
Cardinal Forest Elementary,5/15/2025,60099,"Parfait, Triple Berry (Parfait)",0,0,0,10,9,1,10,$6.80,0,0.00%,$0.00,$6.80,0,0.00%,$0.00,$6.80
Cardinal Forest Elementary,5/15/2025,60125,Egg and American Cheese on Biscuit (Sandwich),5,0,5,12,12,0,12,$5.64,0,0.00%,$0.00,$5.64,0,0.00%,$0.00,$5.64
Carson Middle,5/15/2025,10041,Mini Maple Pancakes (Package),27,2,29,18,14,1,15,$5.85,3,16.67%,$1.17,$7.02,0,0.00%,$0.00,$7.02
Carson Middle,5/15/2025,20001,1% White Milk (Each),28,0,28,35,31,1,32,$11.52,0,0.00%,$0.00,$11.52,3,8.57%,$1.08,$12.60
Carson Middle,5/15/2025,20014,Red Delicious Apple (Each - serving),3,0,3,0,0,0,0,$0.00,0,0.00%,$0.00,$0.00,0,0.00%,$0.00,$0.00
Carson Middle,5/15/2025,20017,Orange (6 Slices per 1/2 cup),5,0,5,10,7,0,7,$2.38,0,0.00%,$0.00,$2.38,3,30.00%,$1.02,$3.40
Carson Middle,5/15/2025,20031,Banana (Each),4,0,4,8,5,0,5,$1.05,0,0.00%,$0.00,$1.05,3,37.50%,$0.63,$1.68
Carson Middle,5/15/2025,20038,Fat Free White Milk (Each),19,0,19,30,30,0,30,$9.90,0,0.00%,$0.00,$9.90,0,0.00%,$0.00,$9.90
Carson Middle,5/15/2025,30003,Honey Cheerios Cereal (Each),29,0,29,24,21,0,21,$12.39,0,0.00%,$0.00,$12.39,3,12.50%,$1.77,$14.16
Carson Middle,5/15/2025,30004,Blueberry Chex Cereal (Each),6,0,6,12,12,0,12,$7.08,0,0.00%,$0.00,$7.08,0,0.00%,$0.00,$7.08
Carson Middle,5/15/2025,30006,Cinnamon Chex Cereal (Each),14,0,14,12,12,0,12,$7.08,0,0.00%,$0.00,$7.08,0,0.00%,$0.00,$7.08
Carson Middle,5/15/2025,30008,Apple Juice (Each),53,4,57,90,74,12,86,$14.62,0,0.00%,$0.00,$14.62,4,4.44%,$0.68,$15.30
Carson Middle,5/15/2025,30009,Orange Tangerine Juice (Each),25,0,25,40,37,0,37,$6.29,0,0.00%,$0.00,$6.29,3,7.50%,$0.51,$6.80
Carson Middle,5/15/2025,60096,Strawberry Parfait (Parfait),3,0,3,12,11,0,11,$10.89,1,8.33%,$0.99,$11.88,0,0.00%,$0.00,$11.88
Carson Middle,5/15/2025,60179,Egg and American Cheese on Bagel (Sandwich),0,0,0,45,42,0,42,$15.96,3,6.67%,$1.14,$17.10,0,0.00%,$0.00,$17.10
Centre Ridge Elementary,5/15/2025,10041,Mini Maple Pancakes (Package),128,0,128,195,173,0,173,$67.47,0,0.00%,$0.00,$67.47,22,11.28%,$8.58,$76.05
Centre Ridge Elementary,5/15/2025,20001,1% White Milk (Each),111,0,111,148,90,0,90,$32.40,0,0.00%,$0.00,$32.40,58,39.19%,$20.88,$53.28
Centre Ridge Elementary,5/15/2025,20014,Red Delicious Apple (Each - serving),27,0,27,0,0,0,0,$0.00,0,0.00%,$0.00,$0.00,0,0.00%,$0.00,$0.00
Centre Ridge Elementary,5/15/2025,20017,Orange (6 Slices per 1/2 cup),0,0,0,0,0,0,0,$0.00,0,0.00%,$0.00,$0.00,0,0.00%,$0.00,$0.00
Centre Ridge Elementary,5/15/2025,20031,Banana (Each),27,0,27,28,28,0,28,$5.88,0,0.00%,$0.00,$5.88,0,0.00%,$0.00,$5.88
Centre Ridge Elementary,5/15/2025,20038,Fat Free White Milk (Each),27,0,27,40,26,0,26,$8.58,0,0.00%,$0.00,$8.58,14,35.00%,$4.62,$13.20
Centre Ridge Elementary,5/15/2025,20043,"Lactose Free, White Milk (Each)",0,0,0,2,2,0,2,$1.16,0,0.00%,$0.00,$1.16,0,0.00%,$0.00,$1.16
Centre Ridge Elementary,5/15/2025,30003,Honey Cheerios Cereal (Each),29,0,29,76,41,0,41,$24.19,0,0.00%,$0.00,$24.19,35,46.05%,$20.65,$44.84
Centre Ridge Elementary,5/15/2025,30004,Blueberry Chex Cereal (Each),42,0,42,9,6,0,6,$3.54,0,0.00%,$0.00,$3.54,3,33.33%,$1.77,$5.31
Centre Ridge Elementary,5/15/2025,30006,Cinnamon Chex Cereal (Each),36,0,36,3,3,0,3,$1.77,0,0.00%,$0.00,$1.77,0,0.00%,$0.00,$1.77
Centre Ridge Elementary,5/15/2025,30007,"Cinnamon Toast Crunch Cereal, 25% Less Sugar (Each)",46,0,46,85,56,0,56,$33.04,0,0.00%,$0.00,$33.04,29,34.12%,$17.11,$50.15
Centre Ridge Elementary,5/15/2025,30008,Apple Juice (Each),135,0,135,160,143,0,143,$24.31,0,0.00%,$0.00,$24.31,17,10.63%,$2.89,$27.20
Centre Ridge Elementary,5/15/2025,30009,Orange Tangerine Juice (Each),115,0,115,160,136,0,136,$23.12,0,0.00%,$0.00,$23.12,24,15.00%,$4.08,$27.20
Centre Ridge Elementary,5/15/2025,30068,Chilled Peaches (1/2 cup (drained)),36,0,36,35,35,0,35,$17.85,0,0.00%,$0.00,$17.85,0,0.00%,$0.00,$17.85
Centre Ridge Elementary,5/15/2025,30093,Natural Breakfast Syrup (Each),0,0,0,120,120,0,120,$24.00,0,0.00%,$0.00,$24.00,0,0.00%,$0.00,$24.00
Centre Ridge Elementary,5/15/2025,60011,Turkey Sausage Breakfast Biscuit (Sandwich),0,0,0,60,40,0,40,$17.60,0,0.00%,$0.00,$17.60,20,33.33%,$8.80,$26.40
Centre Ridge Elementary,5/15/2025,60096,Strawberry Parfait (Parfait),27,0,27,40,24,0,24,$23.76,0,0.00%,$0.00,$23.76,16,40.00%,$15.84,$39.60
Centreville Elementary,5/15/2025,10041,Mini Maple Pancakes (Package),158,0,158,136,134,0,134,$52.26,0,0.00%,$0.00,$52.26,2,1.47%,$0.78,$53.04
Centreville Elementary,5/15/2025,20001,1% White Milk (Each),45,0,45,49,45,0,45,$16.20,0,0.00%,$0.00,$16.20,4,8.16%,$1.44,$17.64
Centreville Elementary,5/15/2025,20008,Apple Slices (3 slices per 1/4 cup),0,0,0,36,36,0,36,$21.24,0,0.00%,$0.00,$21.24,0,0.00%,$0.00,$21.24
Centreville Elementary,5/15/2025,20014,Red Delicious Apple (Each - serving),50,0,50,30,27,0,27,$8.91,0,0.00%,$0.00,$8.91,3,10.00%,$0.99,$9.90
Centreville Elementary,5/15/2025,20017,Orange (6 Slices per 1/2 cup),0,0,0,0,0,0,0,$0.00,0,0.00%,$0.00,$0.00,0,0.00%,$0.00,$0.00
Centreville Elementary,5/15/2025,20031,Banana (Each),20,0,20,20,20,0,20,$4.20,0,0.00%,$0.00,$4.20,0,0.00%,$0.00,$4.20
Centreville Elementary,5/15/2025,20038,Fat Free White Milk (Each),25,0,25,30,23,0,23,$7.59,0,0.00%,$0.00,$7.59,7,23.33%,$2.31,$9.90
Centreville Elementary,5/15/2025,20043,"Lactose Free, White Milk (Each)",1,0,1,1,1,0,1,$0.58,0,0.00%,$0.00,$0.58,0,0.00%,$0.00,$0.58
Centreville Elementary,5/15/2025,30003,Honey Cheerios Cereal (Each),12,0,12,28,15,0,15,$8.85,0,0.00%,$0.00,$8.85,13,46.43%,$7.67,$16.52
Centreville Elementary,5/15/2025,30004,Blueberry Chex Cereal (Each),12,0,12,18,1,0,1,$0.59,0,0.00%,$0.00,$0.59,17,94.44%,$10.03,$10.62
Centreville Elementary,5/15/2025,30006,Cinnamon Chex Cereal (Each),12,0,12,28,11,0,11,$6.49,0,0.00%,$0.00,$6.49,17,60.71%,$10.03,$16.52
Centreville Elementary,5/15/2025,30007,"Cinnamon Toast Crunch Cereal, 25% Less Sugar (Each)",12,0,12,24,10,0,10,$5.90,0,0.00%,$0.00,$5.90,14,58.33%,$8.26,$14.16
Centreville Elementary,5/15/2025,30008,Apple Juice (Each),108,0,108,102,94,0,94,$15.98,0,0.00%,$0.00,$15.98,8,7.84%,$1.36,$17.34
Centreville Elementary,5/15/2025,30009,Orange Tangerine Juice (Each),51,0,51,53,46,0,46,$7.82,0,0.00%,$0.00,$7.82,7,13.21%,$1.19,$9.01
Centreville Elementary,5/15/2025,30068,Chilled Peaches (1/2 cup (drained)),38,0,38,0,0,0,0,$0.00,0,0.00%,$0.00,$0.00,0,0.00%,$0.00,$0.00
Centreville Elementary,5/15/2025,30188,"Milk, Soy, Plain, Bulk (12/32 oz) (1 cup)",1,0,1,1,1,0,1,$0.79,0,0.00%,$0.00,$0.79,0,0.00%,$0.00,$0.79
Centreville Elementary,5/15/2025,60096,Strawberry Parfait (Parfait),5,0,5,6,6,0,6,$5.94,0,0.00%,$0.00,$5.94,0,0.00%,$0.00,$5.94
Centreville Elementary,5/15/2025,60125,Egg and American Cheese on Biscuit (Sandwich),10,0,10,10,5,0,5,$2.35,0,0.00%,$0.00,$2.35,5,50.00%,$2.35,$4.70
Centreville High,5/15/2025,10041,Mini Maple Pancakes (Package),90,0,90,69,69,0,69,$26.91,0,0.00%,$0.00,$26.91,0,0.00%,$0.00,$26.91
Centreville High,5/15/2025,20001,1% White Milk (Each),40,0,40,30,15,0,15,$5.40,0,0.00%,$0.00,$5.40,15,50.00%,$5.40,$10.80
Centreville High,5/15/2025,20015,Golden Delicious Apple (Each),0,0,0,40,16,0,16,$4.96,0,0.00%,$0.00,$4.96,24,60.00%,$7.44,$12.40
Centreville High,5/15/2025,20038,Fat Free White Milk (Each),30,0,30,20,8,0,8,$2.64,0,0.00%,$0.00,$2.64,12,60.00%,$3.96,$6.60
Centreville High,5/15/2025,30004,Blueberry Chex Cereal (Each),15,0,15,15,5,0,5,$2.95,0,0.00%,$0.00,$2.95,10,66.67%,$5.90,$8.85
Centreville High,5/15/2025,30006,Cinnamon Chex Cereal (Each),25,0,25,20,15,0,15,$8.85,0,0.00%,$0.00,$8.85,5,25.00%,$2.95,$11.80
Centreville High,5/15/2025,30007,"Cinnamon Toast Crunch Cereal, 25% Less Sugar (Each)",25,0,25,20,13,0,13,$7.67,0,0.00%,$0.00,$7.67,7,35.00%,$4.13,$11.80
Centreville High,5/15/2025,30008,Apple Juice (Each),160,0,160,100,99,0,99,$16.83,0,0.00%,$0.00,$16.83,1,1.00%,$0.17,$17.00
Centreville High,5/15/2025,30009,Orange Tangerine Juice (Each),50,0,50,100,46,0,46,$7.82,0,0.00%,$0.00,$7.82,54,54.00%,$9.18,$17.00
Centreville High,5/15/2025,60099,"Parfait, Triple Berry (Parfait)",0,0,0,17,17,0,17,$11.56,0,0.00%,$0.00,$11.56,0,0.00%,$0.00,$11.56
Centreville High,5/15/2025,60162,Chicken & Biscuit Sandwich (Sandwich),0,0,0,7,7,0,7,$3.71,0,0.00%,$0.00,$3.71,0,0.00%,$0.00,$3.71
Centreville High,5/15/2025,60165,Egg and American Cheese on Bagel (Sandwich),0,0,0,24,23,0,23,$13.34,1,4.17%,$0.58,$13.92,0,0.00%,$0.00,$13.92
Cherry Run Elementary,5/15/2025,10041,Mini Maple Pancakes (Package),17,0,17,17,12,1,13,$5.07,0,0.00%,$0.00,$5.07,4,23.53%,$1.56,$6.63
Cherry Run Elementary,5/15/2025,20001,1% White Milk (Each),14,0,14,17,14,0,14,$5.04,0,0.00%,$0.00,$5.04,3,17.65%,$1.08,$6.12
Cherry Run Elementary,5/15/2025,20031,Banana (Each),10,0,10,15,15,0,15,$3.15,0,0.00%,$0.00,$3.15,0,0.00%,$0.00,$3.15
Cherry Run Elementary,5/15/2025,30003,Honey Cheerios Cereal (Each),7,0,7,8,7,0,7,$4.13,0,0.00%,$0.00,$4.13,1,12.50%,$0.59,$4.72
Cherry Run Elementary,5/15/2025,30006,Cinnamon Chex Cereal (Each),7,0,7,1,0,0,0,$0.00,0,0.00%,$0.00,$0.00,1,100.00%,$0.00,$0.00
Cherry Run Elementary,5/15/2025,30007,"Cinnamon Toast Crunch Cereal, 25% Less Sugar (Each)",7,0,7,8,7,0,7,$4.13,0,0.00%,$0.00,$4.13,1,12.50%,$0.59,$4.72
Cherry Run Elementary,5/15/2025,30008,Apple Juice (Each),12,0,12,30,14,0,14,$2.38,0,0.00%,$0.00,$2.38,16,53.33%,$2.72,$5.10
Cherry Run Elementary,5/15/2025,30009,Orange Tangerine Juice (Each),11,0,11,12,10,0,10,$1.70,0,0.00%,$0.00,$1.70,2,16.67%,$0.34,$2.04
Cherry Run Elementary,5/15/2025,60096,Strawberry Parfait (Parfait),3,0,3,1,0,0,0,$0.00,0,0.00%,$0.00,$0.00,1,100.00%,$0.00,$0.00
Cherry Run Elementary,5/15/2025,60125,Egg and American Cheese on Biscuit (Sandwich),2,0,2,2,0,2,2,$0.00,0,0.00%,$0.00,$0.00,0,0.00%,$0.00,$0.00
Chesterbrook Elementary,5/15/2025,10041,Mini Maple Pancakes (Package),41,0,41,72,22,34,56,$21.84,0,0.00%,$0.00,$21.84,16,22.22%,$6.24,$28.08
Chesterbrook Elementary,5/15/2025,20001,1% White Milk (Each),31,0,31,6,3,0,3,$1.08,0,0.00%,$0.00,$1.08,3,50.00%,$1.08,$2.16
Chesterbrook Elementary,5/15/2025,20014,Red Delicious Apple (Each - serving),13,0,13,10,2,2,4,$1.32,0,0.00%,$0.00,$1.32,6,60.00%,$1.98,$3.30
Chesterbrook Elementary,5/15/2025,20038,Fat Free White Milk (Each),3,0,3,6,3,0,3,$0.99,0,0.00%,$0.00,$0.99,3,50.00%,$0.99,$1.98
Chesterbrook Elementary,5/15/2025,30003,Honey Cheerios Cereal (Each),11,0,11,15,0,5,5,$0.00,0,0.00%,$0.00,$0.00,10,66.67%,$0.00,$0.00
Chesterbrook Elementary,5/15/2025,30004,Blueberry Chex Cereal (Each),6,0,6,15,5,5,10,$5.90,0,0.00%,$0.00,$5.90,5,33.33%,$2.95,$8.85
Chesterbrook Elementary,5/15/2025,30006,Cinnamon Chex Cereal (Each),7,0,7,15,5,5,10,$5.90,0,0.00%,$0.00,$5.90,5,33.33%,$2.95,$8.85
Chesterbrook Elementary,5/15/2025,30007,"Cinnamon Toast Crunch Cereal, 25% Less Sugar (Each)",12,0,12,16,2,4,6,$3.54,0,0.00%,$0.00,$3.54,10,62.50%,$5.90,$9.44
Chesterbrook Elementary,5/15/2025,30008,Apple Juice (Each),32,0,32,40,30,10,40,$6.80,0,0.00%,$0.00,$6.80,0,0.00%,$0.00,$6.80
Chesterbrook Elementary,5/15/2025,30009,Orange Tangerine Juice (Each),27,0,27,40,13,7,20,$3.40,0,0.00%,$0.00,$3.40,20,50.00%,$3.40,$6.80
Chesterbrook Elementary,5/15/2025,30097,Bottled Water (Bottle),0,0,0,2,2,0,2,$0.32,0,0.00%,$0.00,$0.32,0,0.00%,$0.00,$0.32
Chesterbrook Elementary,5/15/2025,60096,Strawberry Parfait (Parfait),2,0,2,8,4,0,4,$3.96,4,50.00%,$3.96,$7.92,0,0.00%,$0.00,$7.92
Chesterbrook Elementary,5/15/2025,60125,Egg and American Cheese on Biscuit (Sandwich),23,0,23,6,3,2,5,$2.35,0,0.00%,$0.00,$2.35,1,16.67%,$0.47,$2.82
Churchill Road Elementary,5/15/2025,10041,Mini Maple Pancakes (Package),42,0,42,53,40,3,43,$16.77,1,1.89%,$0.39,$17.16,9,16.98%,$3.51,$20.67
Churchill Road Elementary,5/15/2025,20001,1% White Milk (Each),5,0,5,10,6,0,6,$2.16,0,0.00%,$0.00,$2.16,4,40.00%,$1.44,$3.60
Churchill Road Elementary,5/15/2025,20014,Red Delicious Apple (Each - serving),13,0,13,25,25,0,25,$8.25,0,0.00%,$0.00,$8.25,0,0.00%,$0.00,$8.25
Churchill Road Elementary,5/15/2025,20017,Orange (6 Slices per 1/2 cup),4,0,4,4,4,0,4,$1.36,0,0.00%,$0.00,$1.36,0,0.00%,$0.00,$1.36
Churchill Road Elementary,5/15/2025,20031,Banana (Each),4,0,4,25,23,0,23,$4.83,0,0.00%,$0.00,$4.83,2,8.00%,$0.42,$5.25
Churchill Road Elementary,5/15/2025,20038,Fat Free White Milk (Each),2,0,2,5,4,0,4,$1.32,0,0.00%,$0.00,$1.32,1,20.00%,$0.33,$1.65
Churchill Road Elementary,5/15/2025,30003,Honey Cheerios Cereal (Each),15,0,15,12,8,0,8,$4.72,0,0.00%,$0.00,$4.72,4,33.33%,$2.36,$7.08
Churchill Road Elementary,5/15/2025,30004,Blueberry Chex Cereal (Each),3,0,3,12,3,0,3,$1.77,0,0.00%,$0.00,$1.77,9,75.00%,$5.31,$7.08
Churchill Road Elementary,5/15/2025,30006,Cinnamon Chex Cereal (Each),4,0,4,12,0,0,0,$0.00,0,0.00%,$0.00,$0.00,12,100.00%,$0.00,$0.00
Churchill Road Elementary,5/15/2025,30007,"Cinnamon Toast Crunch Cereal, 25% Less Sugar (Each)",8,0,8,12,9,1,10,$5.90,0,0.00%,$0.00,$5.90,2,16.67%,$1.18,$7.08
Churchill Road Elementary,5/15/2025,30008,Apple Juice (Each),59,0,59,80,39,39,78,$13.26,0,0.00%,$0.00,$13.26,2,2.50%,$0.34,$13.60
Churchill Road Elementary,5/15/2025,30009,Orange Tangerine Juice (Each),24,0,24,40,22,0,22,$3.74,0,0.00%,$0.00,$3.74,18,45.00%,$3.06,$6.80
Churchill Road Elementary,5/15/2025,60096,Strawberry Parfait (Parfait),6,0,6,7,3,0,3,$2.97,0,0.00%,$0.00,$2.97,4,57.14%,$3.96,$6.93
Churchill Road Elementary,5/15/2025,60125,Egg and American Cheese on Biscuit (Sandwich),4,0,4,16,7,4,11,$5.17,2,12.50%,$0.94,$6.11,3,18.75%,$1.41,$7.52
Churchill Road Elementary,5/15/2025,60162,Chicken & Biscuit Sandwich (Sandwich),0,0,0,17,0,16,16,$0.00,1,5.88%,$0.00,$0.00,0,0.00%,$0.00,$0.00
Clearview Elementary,5/15/2025,10041,Mini Maple Pancakes (Package),102,0,102,162,140,0,140,$54.60,0,0.00%,$0.00,$54.60,22,13.58%,$8.58,$63.18
Clearview Elementary,5/15/2025,20001,1% White Milk (Each),138,0,138,128,113,0,113,$40.68,15,11.72%,$5.40,$46.08,0,0.00%,$0.00,$46.08
Clearview Elementary,5/15/2025,20014,Red Delicious Apple (Each - serving),38,0,38,30,30,0,30,$9.90,0,0.00%,$0.00,$9.90,0,0.00%,$0.00,$9.90
Clearview Elementary,5/15/2025,20017,Orange (6 Slices per 1/2 cup),35,0,35,30,30,0,30,$10.20,0,0.00%,$0.00,$10.20,0,0.00%,$0.00,$10.20
Clearview Elementary,5/15/2025,20031,Banana (Each),33,0,33,30,30,0,30,$6.30,0,0.00%,$0.00,$6.30,0,0.00%,$0.00,$6.30
Clearview Elementary,5/15/2025,20038,Fat Free White Milk (Each),37,0,37,20,9,0,9,$2.97,11,55.00%,$3.63,$6.60,0,0.00%,$0.00,$6.60
Clearview Elementary,5/15/2025,20043,"Lactose Free, White Milk (Each)",0,0,0,5,5,0,5,$2.90,0,0.00%,$0.00,$2.90,0,0.00%,$0.00,$2.90
Clearview Elementary,5/15/2025,30003,Honey Cheerios Cereal (Each),20,0,20,18,18,0,18,$10.62,0,0.00%,$0.00,$10.62,0,0.00%,$0.00,$10.62
Clearview Elementary,5/15/2025,30004,Blueberry Chex Cereal (Each),14,0,14,18,14,0,14,$8.26,0,0.00%,$0.00,$8.26,4,22.22%,$2.36,$10.62
Clearview Elementary,5/15/2025,30006,Cinnamon Chex Cereal (Each),25,0,25,18,13,0,13,$7.67,0,0.00%,$0.00,$7.67,5,27.78%,$2.95,$10.62
Clearview Elementary,5/15/2025,30007,"Cinnamon Toast Crunch Cereal, 25% Less Sugar (Each)",23,0,23,18,15,0,15,$8.85,0,0.00%,$0.00,$8.85,3,16.67%,$1.77,$10.62
Clearview Elementary,5/15/2025,30008,Apple Juice (Each),105,0,105,96,96,0,96,$16.32,0,0.00%,$0.00,$16.32,0,0.00%,$0.00,$16.32
Clearview Elementary,5/15/2025,30009,Orange Tangerine Juice (Each),123,0,123,109,79,0,79,$13.43,0,0.00%,$0.00,$13.43,30,27.52%,$5.10,$18.53
Clearview Elementary,5/15/2025,30068,Chilled Peaches (1/2 cup (drained)),78,0,78,62,62,0,62,$31.62,0,0.00%,$0.00,$31.62,0,0.00%,$0.00,$31.62
Clearview Elementary,5/15/2025,30093,Natural Breakfast Syrup (Each),0,0,0,100,80,0,80,$16.00,0,0.00%,$0.00,$16.00,20,20.00%,$4.00,$20.00
Clearview Elementary,5/15/2025,30188,"Milk, Soy, Plain, Bulk (12/32 oz) (1 cup)",0,0,0,1,1,0,1,$0.79,0,0.00%,$0.00,$0.79,0,0.00%,$0.00,$0.79
Clearview Elementary,5/15/2025,60099,"Parfait, Triple Berry (Parfait)",0,0,0,12,10,0,10,$6.80,2,16.67%,$1.36,$8.16,0,0.00%,$0.00,$8.16
Clearview Elementary,5/15/2025,60165,Egg and American Cheese on Bagel (Sandwich),0,0,0,20,18,0,18,$10.44,2,10.00%,$1.16,$11.60,0,0.00%,$0.00,$11.60
Clermont Elementary,5/15/2025,10020,Bagel (Bagel),0,0,0,18,16,2,18,$5.76,0,0.00%,$0.00,$5.76,0,0.00%,$0.00,$5.76
Clermont Elementary,5/15/2025,10041,Mini Maple Pancakes (Package),36,0,36,60,53,6,59,$23.01,0,0.00%,$0.00,$23.01,1,1.67%,$0.39,$23.40
Clermont Elementary,5/15/2025,20001,1% White Milk (Each),16,0,16,21,19,0,19,$6.84,0,0.00%,$0.00,$6.84,2,9.52%,$0.72,$7.56
Clermont Elementary,5/15/2025,20009,Cream Cheese (Each),0,0,0,18,13,0,13,$3.77,0,0.00%,$0.00,$3.77,5,27.78%,$1.45,$5.22
Clermont Elementary,5/15/2025,20015,Golden Delicious Apple (Each),0,0,0,20,11,0,11,$3.41,0,0.00%,$0.00,$3.41,9,45.00%,$2.79,$6.20
Clermont Elementary,5/15/2025,20038,Fat Free White Milk (Each),10,0,10,17,15,0,15,$4.95,0,0.00%,$0.00,$4.95,2,11.76%,$0.66,$5.61
Clermont Elementary,5/15/2025,30006,Cinnamon Chex Cereal (Each),15,0,15,16,6,0,6,$3.54,0,0.00%,$0.00,$3.54,10,62.50%,$5.90,$9.44
Clermont Elementary,5/15/2025,30007,"Cinnamon Toast Crunch Cereal, 25% Less Sugar (Each)",13,0,13,32,20,0,20,$11.80,0,0.00%,$0.00,$11.80,12,37.50%,$7.08,$18.88
Clermont Elementary,5/15/2025,30008,Apple Juice (Each),41,0,41,50,50,0,50,$8.50,0,0.00%,$0.00,$8.50,0,0.00%,$0.00,$8.50
Clermont Elementary,5/15/2025,30009,Orange Tangerine Juice (Each),42,0,42,50,48,0,48,$8.16,0,0.00%,$0.00,$8.16,2,4.00%,$0.34,$8.50
Clermont Elementary,5/15/2025,30093,Natural Breakfast Syrup (Each),0,0,0,40,30,0,30,$6.00,0,0.00%,$0.00,$6.00,10,25.00%,$2.00,$8.00
Clermont Elementary,5/15/2025,60096,Strawberry Parfait (Parfait),3,0,3,5,3,0,3,$2.97,0,0.00%,$0.00,$2.97,2,40.00%,$1.98,$4.95
Coates Elementary,5/15/2025,10041,Mini Maple Pancakes (Package),217,0,217,292,258,0,258,$100.62,0,0.00%,$0.00,$100.62,34,11.64%,$13.26,$113.88
Coates Elementary,5/15/2025,20001,1% White Milk (Each),95,0,95,110,82,0,82,$29.52,0,0.00%,$0.00,$29.52,28,25.45%,$10.08,$39.60
Coates Elementary,5/15/2025,20014,Red Delicious Apple (Each - serving),50,0,50,60,56,0,56,$18.48,0,0.00%,$0.00,$18.48,4,6.67%,$1.32,$19.80
Coates Elementary,5/15/2025,20038,Fat Free White Milk (Each),88,0,88,110,77,0,77,$25.41,0,0.00%,$0.00,$25.41,33,30.00%,$10.89,$36.30
Coates Elementary,5/15/2025,30003,Honey Cheerios Cereal (Each),46,0,46,90,57,0,57,$33.63,0,0.00%,$0.00,$33.63,33,36.67%,$19.47,$53.10
Coates Elementary,5/15/2025,30004,Blueberry Chex Cereal (Each),49,0,49,30,7,0,7,$4.13,0,0.00%,$0.00,$4.13,23,76.67%,$13.57,$17.70
Coates Elementary,5/15/2025,30006,Cinnamon Chex Cereal (Each),68,0,68,120,61,0,61,$35.99,0,0.00%,$0.00,$35.99,59,49.17%,$34.81,$70.80
Coates Elementary,5/15/2025,30007,"Cinnamon Toast Crunch Cereal, 25% Less Sugar (Each)",98,0,98,130,80,0,80,$47.20,0,0.00%,$0.00,$47.20,50,38.46%,$29.50,$76.70
Coates Elementary,5/15/2025,30008,Apple Juice (Each),170,0,170,350,347,0,347,$58.99,0,0.00%,$0.00,$58.99,3,0.86%,$0.51,$59.50
Coates Elementary,5/15/2025,30009,Orange Tangerine Juice (Each),246,0,246,200,170,0,170,$28.90,0,0.00%,$0.00,$28.90,30,15.00%,$5.10,$34.00
Coates Elementary,5/15/2025,30093,Natural Breakfast Syrup (Each),0,0,0,300,200,0,200,$40.00,0,0.00%,$0.00,$40.00,100,33.33%,$20.00,$60.00
Coates Elementary,5/15/2025,60096,Strawberry Parfait (Parfait),18,0,18,32,14,0,14,$13.86,0,0.00%,$0.00,$13.86,18,56.25%,$17.82,$31.68
Coates Elementary,5/15/2025,60125,Egg and American Cheese on Biscuit (Sandwich),39,0,39,49,49,0,49,$23.03,0,0.00%,$0.00,$23.03,0,0.00%,$0.00,$23.03
Colin Powell Elementary,5/15/2025,10041,Mini Maple Pancakes (Package),46,0,46,60,57,0,57,$22.23,0,0.00%,$0.00,$22.23,3,5.00%,$1.17,$23.40
Colin Powell Elementary,5/15/2025,10074,"Frozen Berry, Triple Berry Blend (1/2 cup (thawed))",0,0,0,7,7,0,7,$0.21,0,0.00%,$0.00,$0.21,0,0.00%,$0.00,$0.21
Colin Powell Elementary,5/15/2025,20001,1% White Milk (Each),13,0,13,16,15,0,15,$5.40,0,0.00%,$0.00,$5.40,1,6.25%,$0.36,$5.76
Colin Powell Elementary,5/15/2025,20038,Fat Free White Milk (Each),9,0,9,10,6,0,6,$1.98,0,0.00%,$0.00,$1.98,4,40.00%,$1.32,$3.30
Colin Powell Elementary,5/15/2025,20047,Orange Slices (3 slices per 1/4 cup),0,0,0,20,17,0,17,$3.40,0,0.00%,$0.00,$3.40,3,15.00%,$0.60,$4.00
Colin Powell Elementary,5/15/2025,30003,Honey Cheerios Cereal (Each),6,0,6,6,6,0,6,$3.54,0,0.00%,$0.00,$3.54,0,0.00%,$0.00,$3.54
Colin Powell Elementary,5/15/2025,30004,Blueberry Chex Cereal (Each),6,0,6,6,2,0,2,$1.18,0,0.00%,$0.00,$1.18,4,66.67%,$2.36,$3.54
Colin Powell Elementary,5/15/2025,30006,Cinnamon Chex Cereal (Each),6,0,6,6,2,0,2,$1.18,0,0.00%,$0.00,$1.18,4,66.67%,$2.36,$3.54
Colin Powell Elementary,5/15/2025,30007,"Cinnamon Toast Crunch Cereal, 25% Less Sugar (Each)",6,0,6,6,6,0,6,$3.54,0,0.00%,$0.00,$3.54,0,0.00%,$0.00,$3.54
Colin Powell Elementary,5/15/2025,30008,Apple Juice (Each),36,0,36,40,36,0,36,$6.12,0,0.00%,$0.00,$6.12,4,10.00%,$0.68,$6.80
Colin Powell Elementary,5/15/2025,30009,Orange Tangerine Juice (Each),30,0,30,40,40,0,40,$6.80,0,0.00%,$0.00,$6.80,0,0.00%,$0.00,$6.80
Colin Powell Elementary,5/15/2025,60096,Strawberry Parfait (Parfait),5,0,5,5,3,0,3,$2.97,0,0.00%,$0.00,$2.97,2,40.00%,$1.98,$4.95
Columbia Elementary,5/15/2025,10021,Apple Cinnamon Bread (1oz Grain (1/64 Baked Pan)),0,0,0,17,17,0,17,$6.97,0,0.00%,$0.00,$6.97,0,0.00%,$0.00,$6.97
Columbia Elementary,5/15/2025,10041,Mini Maple Pancakes (Package),70,0,70,60,47,0,47,$18.33,0,0.00%,$0.00,$18.33,13,21.67%,$5.07,$23.40
Columbia Elementary,5/15/2025,20001,1% White Milk (Each),32,0,32,68,39,0,39,$14.04,0,0.00%,$0.00,$14.04,29,42.65%,$10.44,$24.48
Columbia Elementary,5/15/2025,20014,Red Delicious Apple (Each - serving),50,0,50,0,0,0,0,$0.00,0,0.00%,$0.00,$0.00,0,0.00%,$0.00,$0.00
Columbia Elementary,5/15/2025,20017,Orange (6 Slices per 1/2 cup),0,0,0,0,0,0,0,$0.00,0,0.00%,$0.00,$0.00,0,0.00%,$0.00,$0.00
Columbia Elementary,5/15/2025,20031,Banana (Each),0,0,0,25,19,0,19,$3.99,0,0.00%,$0.00,$3.99,6,24.00%,$1.26,$5.25
Columbia Elementary,5/15/2025,20038,Fat Free White Milk (Each),21,0,21,64,16,0,16,$5.28,0,0.00%,$0.00,$5.28,48,75.00%,$15.84,$21.12
Columbia Elementary,5/15/2025,30003,Honey Cheerios Cereal (Each),12,0,12,0,0,0,0,$0.00,0,0.00%,$0.00,$0.00,0,0.00%,$0.00,$0.00
Columbia Elementary,5/15/2025,30004,Blueberry Chex Cereal (Each),12,0,12,0,0,0,0,$0.00,0,0.00%,$0.00,$0.00,0,0.00%,$0.00,$0.00
Columbia Elementary,5/15/2025,30006,Cinnamon Chex Cereal (Each),24,0,24,36,14,0,14,$8.26,0,0.00%,$0.00,$8.26,22,61.11%,$12.98,$21.24
Columbia Elementary,5/15/2025,30007,"Cinnamon Toast Crunch Cereal, 25% Less Sugar (Each)",24,0,24,36,20,0,20,$11.80,0,0.00%,$0.00,$11.80,16,44.44%,$9.44,$21.24
Columbia Elementary,5/15/2025,30008,Apple Juice (Each),52,0,52,61,56,0,56,$9.52,0,0.00%,$0.00,$9.52,5,8.20%,$0.85,$10.37
Columbia Elementary,5/15/2025,30009,Orange Tangerine Juice (Each),50,0,50,51,40,0,40,$6.80,0,0.00%,$0.00,$6.80,11,21.57%,$1.87,$8.67
Columbia Elementary,5/15/2025,30068,Chilled Peaches (1/2 cup (drained)),10,0,10,0,0,0,0,$0.00,0,0.00%,$0.00,$0.00,0,0.00%,$0.00,$0.00
Columbia Elementary,5/15/2025,60099,"Parfait, Triple Berry (Parfait)",0,0,0,10,0,0,0,$0.00,0,0.00%,$0.00,$0.00,10,100.00%,$0.00,$0.00
Columbia Elementary,5/15/2025,60125,Egg and American Cheese on Biscuit (Sandwich),15,0,15,15,0,0,0,$0.00,0,0.00%,$0.00,$0.00,15,100.00%,$0.00,$0.00
Colvin Run Elementary,5/15/2025,10041,Mini Maple Pancakes (Package),11,0,11,58,25,13,38,$14.82,0,0.00%,$0.00,$14.82,20,34.48%,$7.80,$22.62
Colvin Run Elementary,5/15/2025,20001,1% White Milk (Each),3,0,3,6,2,0,2,$0.72,0,0.00%,$0.00,$0.72,4,66.67%,$1.44,$2.16
Colvin Run Elementary,5/15/2025,20031,Banana (Each),2,0,2,11,4,1,5,$1.05,0,0.00%,$0.00,$1.05,6,54.55%,$1.26,$2.31
Colvin Run Elementary,5/15/2025,20038,Fat Free White Milk (Each),4,0,4,4,2,0,2,$0.66,0,0.00%,$0.00,$0.66,2,50.00%,$0.66,$1.32
Colvin Run Elementary,5/15/2025,30003,Honey Cheerios Cereal (Each),6,0,6,12,3,5,8,$4.72,0,0.00%,$0.00,$4.72,4,33.33%,$2.36,$7.08
Colvin Run Elementary,5/15/2025,30004,Blueberry Chex Cereal (Each),4,0,4,12,4,0,4,$2.36,0,0.00%,$0.00,$2.36,8,66.67%,$4.72,$7.08
Colvin Run Elementary,5/15/2025,30006,Cinnamon Chex Cereal (Each),5,0,5,12,1,0,1,$0.59,0,0.00%,$0.00,$0.59,11,91.67%,$6.49,$7.08
Colvin Run Elementary,5/15/2025,30007,"Cinnamon Toast Crunch Cereal, 25% Less Sugar (Each)",5,0,5,12,6,5,11,$6.49,0,0.00%,$0.00,$6.49,1,8.33%,$0.59,$7.08
Colvin Run Elementary,5/15/2025,30008,Apple Juice (Each),12,0,12,83,59,0,59,$10.03,0,0.00%,$0.00,$10.03,24,28.92%,$4.08,$14.11
Colvin Run Elementary,5/15/2025,30009,Orange Tangerine Juice (Each),12,0,12,18,16,0,16,$2.72,0,0.00%,$0.00,$2.72,2,11.11%,$0.34,$3.06
Colvin Run Elementary,5/15/2025,60096,Strawberry Parfait (Parfait),1,0,1,4,0,2,2,$0.00,0,0.00%,$0.00,$0.00,2,50.00%,$0.00,$0.00
Colvin Run Elementary,5/15/2025,60125,Egg and American Cheese on Biscuit (Sandwich),2,0,2,6,4,0,4,$1.88,2,33.33%,$0.94,$2.82,0,0.00%,$0.00,$2.82
Cooper Middle,5/15/2025,10020,Bagel (Bagel),0,0,0,8,3,0,3,$0.96,0,0.00%,$0.00,$0.96,5,62.50%,$1.60,$2.56
Cooper Middle,5/15/2025,10056,Maple Belgian Waffle (Waffle),0,0,0,8,6,0,6,$2.64,0,0.00%,$0.00,$2.64,2,25.00%,$0.88,$3.52
Cooper Middle,5/15/2025,10096,"Batter, Pumpkin Bread (1oz Grain (1/64 Baked Pan))",0,0,0,4,4,0,4,$1.64,0,0.00%,$0.00,$1.64,0,0.00%,$0.00,$1.64
Cooper Middle,5/15/2025,20001,1% White Milk (Each),2,0,2,6,2,0,2,$0.72,0,0.00%,$0.00,$0.72,4,66.67%,$1.44,$2.16
Cooper Middle,5/15/2025,20009,Cream Cheese (Each),0,0,0,8,3,0,3,$0.87,0,0.00%,$0.00,$0.87,5,62.50%,$1.45,$2.32
Cooper Middle,5/15/2025,20014,Red Delicious Apple (Each - serving),2,0,2,6,2,0,2,$0.66,0,0.00%,$0.00,$0.66,4,66.67%,$1.32,$1.98
Cooper Middle,5/15/2025,20016,String Cheese (1 Stick),0,0,0,4,4,0,4,$0.88,0,0.00%,$0.00,$0.88,0,0.00%,$0.00,$0.88
Cooper Middle,5/15/2025,20017,Orange (6 Slices per 1/2 cup),2,0,2,4,1,0,1,$0.34,0,0.00%,$0.00,$0.34,3,75.00%,$1.02,$1.36
Cooper Middle,5/15/2025,20031,Banana (Each),2,0,2,6,3,0,3,$0.63,0,0.00%,$0.00,$0.63,3,50.00%,$0.63,$1.26
Cooper Middle,5/15/2025,20038,Fat Free White Milk (Each),2,0,2,6,2,0,2,$0.66,0,0.00%,$0.00,$0.66,4,66.67%,$1.32,$1.98
Cooper Middle,5/15/2025,30003,Honey Cheerios Cereal (Each),4,0,4,8,6,0,6,$3.54,0,0.00%,$0.00,$3.54,2,25.00%,$1.18,$4.72
Cooper Middle,5/15/2025,30004,Blueberry Chex Cereal (Each),1,0,1,6,1,0,1,$0.59,0,0.00%,$0.00,$0.59,5,83.33%,$2.95,$3.54
Cooper Middle,5/15/2025,30006,Cinnamon Chex Cereal (Each),2,0,2,6,2,0,2,$1.18,0,0.00%,$0.00,$1.18,4,66.67%,$2.36,$3.54
Cooper Middle,5/15/2025,30007,"Cinnamon Toast Crunch Cereal, 25% Less Sugar (Each)",5,0,5,12,9,0,9,$5.31,0,0.00%,$0.00,$5.31,3,25.00%,$1.77,$7.08
Cooper Middle,5/15/2025,30008,Apple Juice (Each),24,0,24,35,31,0,31,$5.27,0,0.00%,$0.00,$5.27,4,11.43%,$0.68,$5.95
Cooper Middle,5/15/2025,30009,Orange Tangerine Juice (Each),6,0,6,15,8,0,8,$1.36,0,0.00%,$0.00,$1.36,7,46.67%,$1.19,$2.55
Cooper Middle,5/15/2025,30093,Natural Breakfast Syrup (Each),0,0,0,8,2,0,2,$0.40,0,0.00%,$0.00,$0.40,6,75.00%,$1.20,$1.60
Cooper Middle,5/15/2025,30097,Bottled Water (Bottle),0,0,0,10,7,0,7,$1.12,0,0.00%,$0.00,$1.12,3,30.00%,$0.48,$1.60
Cooper Middle,5/15/2025,60125,Egg and American Cheese on Biscuit (Sandwich),2,0,2,4,3,0,3,$1.41,1,25.00%,$0.47,$1.88,0,0.00%,$0.00,$1.88
Crestwood Elementary,5/15/2025,10041,Mini Maple Pancakes (Package),134,0,134,216,204,0,204,$79.56,0,0.00%,$0.00,$79.56,12,5.56%,$4.68,$84.24
Crestwood Elementary,5/15/2025,20001,1% White Milk (Each),133,0,133,145,129,0,129,$46.44,0,0.00%,$0.00,$46.44,16,11.03%,$5.76,$52.20
Crestwood Elementary,5/15/2025,20014,Red Delicious Apple (Each - serving),42,0,42,80,68,0,68,$22.44,0,0.00%,$0.00,$22.44,12,15.00%,$3.96,$26.40
Crestwood Elementary,5/15/2025,20038,Fat Free White Milk (Each),43,0,43,50,38,0,38,$12.54,0,0.00%,$0.00,$12.54,12,24.00%,$3.96,$16.50
Crestwood Elementary,5/15/2025,20043,"Lactose Free, White Milk (Each)",0,0,0,2,2,0,2,$1.16,0,0.00%,$0.00,$1.16,0,0.00%,$0.00,$1.16
Crestwood Elementary,5/15/2025,30003,Honey Cheerios Cereal (Each),54,0,54,70,54,0,54,$31.86,0,0.00%,$0.00,$31.86,16,22.86%,$9.44,$41.30
Crestwood Elementary,5/15/2025,30007,"Cinnamon Toast Crunch Cereal, 25% Less Sugar (Each)",53,0,53,70,56,0,56,$33.04,0,0.00%,$0.00,$33.04,14,20.00%,$8.26,$41.30
Crestwood Elementary,5/15/2025,30008,Apple Juice (Each),145,0,145,171,149,0,149,$25.33,0,0.00%,$0.00,$25.33,22,12.87%,$3.74,$29.07
Crestwood Elementary,5/15/2025,30009,Orange Tangerine Juice (Each),135,0,135,170,140,0,140,$23.80,0,0.00%,$0.00,$23.80,30,17.65%,$5.10,$28.90
Crestwood Elementary,5/15/2025,30068,Chilled Peaches (1/2 cup (drained)),50,0,50,51,51,0,51,$26.01,0,0.00%,$0.00,$26.01,0,0.00%,$0.00,$26.01
Crestwood Elementary,5/15/2025,60096,Strawberry Parfait (Parfait),13,0,13,10,4,0,4,$3.96,0,0.00%,$0.00,$3.96,6,60.00%,$5.94,$9.90
Crestwood Elementary,5/15/2025,60125,Egg and American Cheese on Biscuit (Sandwich),32,0,32,26,22,0,22,$10.34,4,15.38%,$1.88,$12.22,0,0.00%,$0.00,$12.22
Crossfield Elementary,5/15/2025,10041,Mini Maple Pancakes (Package),33,0,33,24,24,0,24,$9.36,0,0.00%,$0.00,$9.36,0,0.00%,$0.00,$9.36
Crossfield Elementary,5/15/2025,20001,1% White Milk (Each),4,0,4,10,10,0,10,$3.60,0,0.00%,$0.00,$3.60,0,0.00%,$0.00,$3.60
Crossfield Elementary,5/15/2025,20014,Red Delicious Apple (Each - serving),19,0,19,0,0,0,0,$0.00,0,0.00%,$0.00,$0.00,0,0.00%,$0.00,$0.00
Crossfield Elementary,5/15/2025,20017,Orange (6 Slices per 1/2 cup),27,0,27,0,0,0,0,$0.00,0,0.00%,$0.00,$0.00,0,0.00%,$0.00,$0.00
Crossfield Elementary,5/15/2025,20031,Banana (Each),16,0,16,21,21,0,21,$4.41,0,0.00%,$0.00,$4.41,0,0.00%,$0.00,$4.41
Crossfield Elementary,5/15/2025,20038,Fat Free White Milk (Each),1,0,1,3,3,0,3,$0.99,0,0.00%,$0.00,$0.99,0,0.00%,$0.00,$0.99
Crossfield Elementary,5/15/2025,30003,Honey Cheerios Cereal (Each),9,0,9,2,2,0,2,$1.18,0,0.00%,$0.00,$1.18,0,0.00%,$0.00,$1.18
Crossfield Elementary,5/15/2025,30004,Blueberry Chex Cereal (Each),1,0,1,1,1,0,1,$0.59,0,0.00%,$0.00,$0.59,0,0.00%,$0.00,$0.59
Crossfield Elementary,5/15/2025,30006,Cinnamon Chex Cereal (Each),10,0,10,7,7,0,7,$4.13,0,0.00%,$0.00,$4.13,0,0.00%,$0.00,$4.13
Crossfield Elementary,5/15/2025,30007,"Cinnamon Toast Crunch Cereal, 25% Less Sugar (Each)",8,0,8,3,3,0,3,$1.77,0,0.00%,$0.00,$1.77,0,0.00%,$0.00,$1.77
Crossfield Elementary,5/15/2025,30008,Apple Juice (Each),34,0,34,55,55,0,55,$9.35,0,0.00%,$0.00,$9.35,0,0.00%,$0.00,$9.35
Crossfield Elementary,5/15/2025,30009,Orange Tangerine Juice (Each),3,0,3,0,0,0,0,$0.00,0,0.00%,$0.00,$0.00,0,0.00%,$0.00,$0.00
Crossfield Elementary,5/15/2025,30068,Chilled Peaches (1/2 cup (drained)),0,0,0,3,3,0,3,$1.53,0,0.00%,$0.00,$1.53,0,0.00%,$0.00,$1.53
Crossfield Elementary,5/15/2025,60096,Strawberry Parfait (Parfait),2,0,2,3,1,0,1,$0.99,2,66.67%,$1.98,$2.97,0,0.00%,$0.00,$2.97
Crossfield Elementary,5/15/2025,60125,Egg and American Cheese on Biscuit (Sandwich),3,0,3,5,0,0,0,$0.00,5,100.00%,$0.00,$0.00,0,0.00%,$0.00,$0.00
Cub Run Elementary,5/15/2025,10041,Mini Maple Pancakes (Package),49,0,49,69,55,1,56,$21.84,0,0.00%,$0.00,$21.84,13,18.84%,$5.07,$26.91
Cub Run Elementary,5/15/2025,20001,1% White Milk (Each),21,0,21,34,24,0,24,$8.64,0,0.00%,$0.00,$8.64,10,29.41%,$3.60,$12.24
Cub Run Elementary,5/15/2025,20014,Red Delicious Apple (Each - serving),2,0,2,5,2,0,2,$0.66,0,0.00%,$0.00,$0.66,3,60.00%,$0.99,$1.65
Cub Run Elementary,5/15/2025,20038,Fat Free White Milk (Each),5,0,5,6,6,0,6,$1.98,0,0.00%,$0.00,$1.98,0,0.00%,$0.00,$1.98
Cub Run Elementary,5/15/2025,20047,Orange Slices (3 slices per 1/4 cup),0,0,0,3,3,0,3,$0.60,0,0.00%,$0.00,$0.60,0,0.00%,$0.00,$0.60
Cub Run Elementary,5/15/2025,30003,Honey Cheerios Cereal (Each),4,0,4,10,5,0,5,$2.95,0,0.00%,$0.00,$2.95,5,50.00%,$2.95,$5.90
Cub Run Elementary,5/15/2025,30004,Blueberry Chex Cereal (Each),3,0,3,0,0,0,0,$0.00,0,0.00%,$0.00,$0.00,0,0.00%,$0.00,$0.00
Cub Run Elementary,5/15/2025,30006,Cinnamon Chex Cereal (Each),6,0,6,10,3,0,3,$1.77,0,0.00%,$0.00,$1.77,7,70.00%,$4.13,$5.90
Cub Run Elementary,5/15/2025,30007,"Cinnamon Toast Crunch Cereal, 25% Less Sugar (Each)",14,0,14,30,19,0,19,$11.21,0,0.00%,$0.00,$11.21,11,36.67%,$6.49,$17.70
Cub Run Elementary,5/15/2025,30008,Apple Juice (Each),54,0,54,64,59,0,59,$10.03,0,0.00%,$0.00,$10.03,5,7.81%,$0.85,$10.88
Cub Run Elementary,5/15/2025,30009,Orange Tangerine Juice (Each),19,0,19,23,22,0,22,$3.74,0,0.00%,$0.00,$3.74,1,4.35%,$0.17,$3.91
Cub Run Elementary,5/15/2025,60096,Strawberry Parfait (Parfait),5,0,5,8,2,0,2,$1.98,0,0.00%,$0.00,$1.98,6,75.00%,$5.94,$7.92
Cub Run Elementary,5/15/2025,60125,Egg and American Cheese on Biscuit (Sandwich),4,0,4,6,3,0,3,$1.41,0,0.00%,$0.00,$1.41,3,50.00%,$1.41,$2.82
Cunningham Park Elementary,5/15/2025,10021,Apple Cinnamon Bread (1oz Grain (1/64 Baked Pan)),0,0,0,5,4,0,4,$1.64,1,20.00%,$0.41,$2.05,0,0.00%,$0.00,$2.05
Cunningham Park Elementary,5/15/2025,10041,Mini Maple Pancakes (Package),42,0,42,47,47,0,47,$18.33,0,0.00%,$0.00,$18.33,0,0.00%,$0.00,$18.33
Cunningham Park Elementary,5/15/2025,20001,1% White Milk (Each),32,0,32,44,34,0,34,$12.24,0,0.00%,$0.00,$12.24,10,22.73%,$3.60,$15.84
Cunningham Park Elementary,5/15/2025,20014,Red Delicious Apple (Each - serving),8,0,8,20,20,0,20,$6.60,0,0.00%,$0.00,$6.60,0,0.00%,$0.00,$6.60
Cunningham Park Elementary,5/15/2025,20016,String Cheese (1 Stick),0,0,0,5,3,0,3,$0.66,0,0.00%,$0.00,$0.66,2,40.00%,$0.44,$1.10
Cunningham Park Elementary,5/15/2025,20038,Fat Free White Milk (Each),4,0,4,10,3,0,3,$0.99,0,0.00%,$0.00,$0.99,7,70.00%,$2.31,$3.30
Cunningham Park Elementary,5/15/2025,30003,Honey Cheerios Cereal (Each),9,0,9,8,7,0,7,$4.13,0,0.00%,$0.00,$4.13,1,12.50%,$0.59,$4.72
Cunningham Park Elementary,5/15/2025,30004,Blueberry Chex Cereal (Each),5,0,5,6,5,0,5,$2.95,0,0.00%,$0.00,$2.95,1,16.67%,$0.59,$3.54
Cunningham Park Elementary,5/15/2025,30006,Cinnamon Chex Cereal (Each),4,0,4,7,6,0,6,$3.54,0,0.00%,$0.00,$3.54,1,14.29%,$0.59,$4.13
Cunningham Park Elementary,5/15/2025,30007,"Cinnamon Toast Crunch Cereal, 25% Less Sugar (Each)",5,0,5,7,6,0,6,$3.54,0,0.00%,$0.00,$3.54,1,14.29%,$0.59,$4.13
Cunningham Park Elementary,5/15/2025,30008,Apple Juice (Each),27,0,27,34,31,0,31,$5.27,0,0.00%,$0.00,$5.27,3,8.82%,$0.51,$5.78
Cunningham Park Elementary,5/15/2025,30009,Orange Tangerine Juice (Each),23,0,23,26,23,0,23,$3.91,0,0.00%,$0.00,$3.91,3,11.54%,$0.51,$4.42
Cunningham Park Elementary,5/15/2025,30061,Chilled Mandarin Oranges (1/2 cup (drained)),0,0,0,19,19,0,19,$6.46,0,0.00%,$0.00,$6.46,0,0.00%,$0.00,$6.46
Cunningham Park Elementary,5/15/2025,30068,Chilled Peaches (1/2 cup (drained)),6,0,6,0,0,0,0,$0.00,0,0.00%,$0.00,$0.00,0,0.00%,$0.00,$0.00
Cunningham Park Elementary,5/15/2025,30188,"Milk, Soy, Plain, Bulk (12/32 oz) (1 cup)",0,0,0,1,1,0,1,$0.79,0,0.00%,$0.00,$0.79,0,0.00%,$0.00,$0.79
Cunningham Park Elementary,5/15/2025,60099,"Parfait, Triple Berry (Parfait)",0,0,0,4,4,0,4,$2.72,0,0.00%,$0.00,$2.72,0,0.00%,$0.00,$2.72
Cunningham Park Elementary,5/15/2025,60125,Egg and American Cheese on Biscuit (Sandwich),15,0,15,10,5,0,5,$2.35,0,0.00%,$0.00,$2.35,5,50.00%,$2.35,$4.70
Daniels Run Elementary,5/15/2025,10020,Bagel (Bagel),0,0,0,44,44,0,44,$14.08,0,0.00%,$0.00,$14.08,0,0.00%,$0.00,$14.08
Daniels Run Elementary,5/15/2025,10041,Mini Maple Pancakes (Package),87,0,87,94,75,4,79,$30.81,0,0.00%,$0.00,$30.81,15,15.96%,$5.85,$36.66
Daniels Run Elementary,5/15/2025,20001,1% White Milk (Each),42,0,42,66,49,0,49,$17.64,0,0.00%,$0.00,$17.64,17,25.76%,$6.12,$23.76
Daniels Run Elementary,5/15/2025,20009,Cream Cheese (Each),0,0,0,44,44,0,44,$12.76,0,0.00%,$0.00,$12.76,0,0.00%,$0.00,$12.76
Daniels Run Elementary,5/15/2025,20014,Red Delicious Apple (Each - serving),13,0,13,20,17,0,17,$5.61,0,0.00%,$0.00,$5.61,3,15.00%,$0.99,$6.60
Daniels Run Elementary,5/15/2025,30003,Honey Cheerios Cereal (Each),16,0,16,24,12,0,12,$7.08,0,0.00%,$0.00,$7.08,12,50.00%,$7.08,$14.16
Daniels Run Elementary,5/15/2025,30004,Blueberry Chex Cereal (Each),5,0,5,12,6,0,6,$3.54,0,0.00%,$0.00,$3.54,6,50.00%,$3.54,$7.08
Daniels Run Elementary,5/15/2025,30006,Cinnamon Chex Cereal (Each),9,0,9,24,9,0,9,$5.31,0,0.00%,$0.00,$5.31,15,62.50%,$8.85,$14.16
Daniels Run Elementary,5/15/2025,30007,"Cinnamon Toast Crunch Cereal, 25% Less Sugar (Each)",25,0,25,36,19,0,19,$11.21,0,0.00%,$0.00,$11.21,17,47.22%,$10.03,$21.24
Daniels Run Elementary,5/15/2025,30008,Apple Juice (Each),122,0,122,160,123,0,123,$20.91,0,0.00%,$0.00,$20.91,37,23.13%,$6.29,$27.20
Daniels Run Elementary,5/15/2025,30009,Orange Tangerine Juice (Each),48,0,48,60,47,0,47,$7.99,0,0.00%,$0.00,$7.99,13,21.67%,$2.21,$10.20
Daniels Run Elementary,5/15/2025,30068,Chilled Peaches (1/2 cup (drained)),7,0,7,8,8,0,8,$4.08,0,0.00%,$0.00,$4.08,0,0.00%,$0.00,$4.08
Daniels Run Elementary,5/15/2025,60096,Strawberry Parfait (Parfait),10,0,10,10,6,2,8,$7.92,0,0.00%,$0.00,$7.92,2,20.00%,$1.98,$9.90
Daniels Run Elementary,5/15/2025,60125,Egg and American Cheese on Biscuit (Sandwich),7,0,7,5,5,0,5,$2.35,0,0.00%,$0.00,$2.35,0,0.00%,$0.00,$2.35
Deer Park Elementary,5/15/2025,10041,Mini Maple Pancakes (Package),77,0,77,73,66,4,70,$27.30,0,0.00%,$0.00,$27.30,3,4.11%,$1.17,$28.47
Deer Park Elementary,5/15/2025,20001,1% White Milk (Each),34,0,34,34,29,1,30,$10.80,0,0.00%,$0.00,$10.80,4,11.76%,$1.44,$12.24
Deer Park Elementary,5/15/2025,20017,Orange (6 Slices per 1/2 cup),10,0,10,15,11,0,11,$3.74,0,0.00%,$0.00,$3.74,4,26.67%,$1.36,$5.10
Deer Park Elementary,5/15/2025,20038,Fat Free White Milk (Each),10,0,10,4,3,0,3,$0.99,0,0.00%,$0.00,$0.99,1,25.00%,$0.33,$1.32
Deer Park Elementary,5/15/2025,20043,"Lactose Free, White Milk (Each)",2,0,2,2,2,0,2,$1.16,0,0.00%,$0.00,$1.16,0,0.00%,$0.00,$1.16
Deer Park Elementary,5/15/2025,30003,Honey Cheerios Cereal (Each),15,0,15,20,19,0,19,$11.21,0,0.00%,$0.00,$11.21,1,5.00%,$0.59,$11.80
Deer Park Elementary,5/15/2025,30006,Cinnamon Chex Cereal (Each),15,0,15,24,17,0,17,$10.03,0,0.00%,$0.00,$10.03,7,29.17%,$4.13,$14.16
Deer Park Elementary,5/15/2025,30007,"Cinnamon Toast Crunch Cereal, 25% Less Sugar (Each)",15,0,15,24,13,0,13,$7.67,0,0.00%,$0.00,$7.67,11,45.83%,$6.49,$14.16
Deer Park Elementary,5/15/2025,30008,Apple Juice (Each),85,0,85,81,72,8,80,$13.60,0,0.00%,$0.00,$13.60,1,1.23%,$0.17,$13.77
Deer Park Elementary,5/15/2025,30009,Orange Tangerine Juice (Each),43,0,43,43,26,0,26,$4.42,0,0.00%,$0.00,$4.42,17,39.53%,$2.89,$7.31
Deer Park Elementary,5/15/2025,30061,Chilled Mandarin Oranges (1/2 cup (drained)),0,0,0,13,13,0,13,$4.42,0,0.00%,$0.00,$4.42,0,0.00%,$0.00,$4.42
Deer Park Elementary,5/15/2025,60096,Strawberry Parfait (Parfait),10,0,10,5,4,0,4,$3.96,1,20.00%,$0.99,$4.95,0,0.00%,$0.00,$4.95
Deer Park Elementary,5/15/2025,60125,Egg and American Cheese on Biscuit (Sandwich),5,0,5,10,5,2,7,$3.29,3,30.00%,$1.41,$4.70,0,0.00%,$0.00,$4.70
Dogwood Elementary,5/15/2025,10020,Bagel (Bagel),0,0,0,51,51,0,51,$16.32,0,0.00%,$0.00,$16.32,0,0.00%,$0.00,$16.32
Dogwood Elementary,5/15/2025,10023,Blueberry Bread (1oz Grain (1/64 Baked Pan)),0,0,0,70,70,0,70,$28.70,0,0.00%,$0.00,$28.70,0,0.00%,$0.00,$28.70
Dogwood Elementary,5/15/2025,10041,Mini Maple Pancakes (Package),259,0,259,168,168,0,168,$65.52,0,0.00%,$0.00,$65.52,0,0.00%,$0.00,$65.52
Dogwood Elementary,5/15/2025,20001,1% White Milk (Each),185,0,185,176,176,0,176,$63.36,0,0.00%,$0.00,$63.36,0,0.00%,$0.00,$63.36
Dogwood Elementary,5/15/2025,20009,Cream Cheese (Each),0,0,0,51,51,0,51,$14.79,0,0.00%,$0.00,$14.79,0,0.00%,$0.00,$14.79
Dogwood Elementary,5/15/2025,20014,Red Delicious Apple (Each - serving),53,0,53,60,60,0,60,$19.80,0,0.00%,$0.00,$19.80,0,0.00%,$0.00,$19.80
Dogwood Elementary,5/15/2025,20016,String Cheese (1 Stick),0,0,0,70,70,0,70,$15.40,0,0.00%,$0.00,$15.40,0,0.00%,$0.00,$15.40
Dogwood Elementary,5/15/2025,20031,Banana (Each),68,0,68,30,30,0,30,$6.30,0,0.00%,$0.00,$6.30,0,0.00%,$0.00,$6.30
Dogwood Elementary,5/15/2025,20038,Fat Free White Milk (Each),29,0,29,20,20,0,20,$6.60,0,0.00%,$0.00,$6.60,0,0.00%,$0.00,$6.60
Dogwood Elementary,5/15/2025,30003,Honey Cheerios Cereal (Each),27,0,27,30,30,0,30,$17.70,0,0.00%,$0.00,$17.70,0,0.00%,$0.00,$17.70
Dogwood Elementary,5/15/2025,30004,Blueberry Chex Cereal (Each),22,0,22,30,30,0,30,$17.70,0,0.00%,$0.00,$17.70,0,0.00%,$0.00,$17.70
Dogwood Elementary,5/15/2025,30006,Cinnamon Chex Cereal (Each),36,0,36,30,30,0,30,$17.70,0,0.00%,$0.00,$17.70,0,0.00%,$0.00,$17.70
Dogwood Elementary,5/15/2025,30007,"Cinnamon Toast Crunch Cereal, 25% Less Sugar (Each)",20,0,20,30,30,0,30,$17.70,0,0.00%,$0.00,$17.70,0,0.00%,$0.00,$17.70
Dogwood Elementary,5/15/2025,30008,Apple Juice (Each),256,0,256,240,240,0,240,$40.80,0,0.00%,$0.00,$40.80,0,0.00%,$0.00,$40.80
Dogwood Elementary,5/15/2025,30009,Orange Tangerine Juice (Each),178,0,178,190,183,0,183,$31.11,0,0.00%,$0.00,$31.11,7,3.68%,$1.19,$32.30
Dogwood Elementary,5/15/2025,30068,Chilled Peaches (1/2 cup (drained)),79,0,79,96,96,0,96,$48.96,0,0.00%,$0.00,$48.96,0,0.00%,$0.00,$48.96
Dogwood Elementary,5/15/2025,60096,Strawberry Parfait (Parfait),35,0,35,30,30,0,30,$29.70,0,0.00%,$0.00,$29.70,0,0.00%,$0.00,$29.70
Dogwood Elementary,5/15/2025,60125,Egg and American Cheese on Biscuit (Sandwich),70,0,70,60,60,0,60,$28.20,0,0.00%,$0.00,$28.20,0,0.00%,$0.00,$28.20
Dranesville Elementary,5/15/2025,10041,Mini Maple Pancakes (Package),89,0,89,75,73,2,75,$29.25,0,0.00%,$0.00,$29.25,0,0.00%,$0.00,$29.25
Dranesville Elementary,5/15/2025,20001,1% White Milk (Each),72,0,72,90,36,54,90,$32.40,0,0.00%,$0.00,$32.40,0,0.00%,$0.00,$32.40
Dranesville Elementary,5/15/2025,20014,Red Delicious Apple (Each - serving),34,0,34,20,20,0,20,$6.60,0,0.00%,$0.00,$6.60,0,0.00%,$0.00,$6.60
Dranesville Elementary,5/15/2025,20017,Orange (6 Slices per 1/2 cup),46,0,46,42,32,10,42,$14.28,0,0.00%,$0.00,$14.28,0,0.00%,$0.00,$14.28
Dranesville Elementary,5/15/2025,20038,Fat Free White Milk (Each),34,0,34,125,47,78,125,$41.25,0,0.00%,$0.00,$41.25,0,0.00%,$0.00,$41.25
Dranesville Elementary,5/15/2025,30003,Honey Cheerios Cereal (Each),28,0,28,48,20,28,48,$28.32,0,0.00%,$0.00,$28.32,0,0.00%,$0.00,$28.32
Dranesville Elementary,5/15/2025,30004,Blueberry Chex Cereal (Each),6,0,6,24,14,10,24,$14.16,0,0.00%,$0.00,$14.16,0,0.00%,$0.00,$14.16
Dranesville Elementary,5/15/2025,30006,Cinnamon Chex Cereal (Each),15,0,15,48,17,31,48,$28.32,0,0.00%,$0.00,$28.32,0,0.00%,$0.00,$28.32
Dranesville Elementary,5/15/2025,30007,"Cinnamon Toast Crunch Cereal, 25% Less Sugar (Each)",26,0,26,24,24,0,24,$14.16,0,0.00%,$0.00,$14.16,0,0.00%,$0.00,$14.16
Dranesville Elementary,5/15/2025,30008,Apple Juice (Each),112,0,112,126,111,15,126,$21.42,0,0.00%,$0.00,$21.42,0,0.00%,$0.00,$21.42
Dranesville Elementary,5/15/2025,30009,Orange Tangerine Juice (Each),53,0,53,72,57,15,72,$12.24,0,0.00%,$0.00,$12.24,0,0.00%,$0.00,$12.24
Dranesville Elementary,5/15/2025,30068,Chilled Peaches (1/2 cup (drained)),0,0,0,0,0,0,0,$0.00,0,0.00%,$0.00,$0.00,0,0.00%,$0.00,$0.00
Dranesville Elementary,5/15/2025,60096,Strawberry Parfait (Parfait),12,0,12,12,10,2,12,$11.88,0,0.00%,$0.00,$11.88,0,0.00%,$0.00,$11.88
Dranesville Elementary,5/15/2025,60162,Chicken & Biscuit Sandwich (Sandwich),0,0,0,12,11,1,12,$6.36,0,0.00%,$0.00,$6.36,0,0.00%,$0.00,$6.36
Eagle View Elementary,5/15/2025,10021,Apple Cinnamon Bread (1oz Grain (1/64 Baked Pan)),0,0,0,15,15,0,15,$6.15,0,0.00%,$0.00,$6.15,0,0.00%,$0.00,$6.15
Eagle View Elementary,5/15/2025,10041,Mini Maple Pancakes (Package),98,0,98,72,72,0,72,$28.08,0,0.00%,$0.00,$28.08,0,0.00%,$0.00,$28.08
Eagle View Elementary,5/15/2025,20001,1% White Milk (Each),61,0,61,94,69,0,69,$24.84,0,0.00%,$0.00,$24.84,25,26.60%,$9.00,$33.84
Eagle View Elementary,5/15/2025,20016,String Cheese (1 Stick),0,0,0,2,2,0,2,$0.44,0,0.00%,$0.00,$0.44,0,0.00%,$0.00,$0.44
Eagle View Elementary,5/15/2025,20038,Fat Free White Milk (Each),41,0,41,0,0,0,0,$0.00,0,0.00%,$0.00,$0.00,0,0.00%,$0.00,$0.00
Eagle View Elementary,5/15/2025,30003,Honey Cheerios Cereal (Each),26,0,26,24,24,0,24,$14.16,0,0.00%,$0.00,$14.16,0,0.00%,$0.00,$14.16
Eagle View Elementary,5/15/2025,30004,Blueberry Chex Cereal (Each),10,0,10,25,18,0,18,$10.62,0,0.00%,$0.00,$10.62,7,28.00%,$4.13,$14.75
Eagle View Elementary,5/15/2025,30006,Cinnamon Chex Cereal (Each),19,0,19,24,20,0,20,$11.80,0,0.00%,$0.00,$11.80,4,16.67%,$2.36,$14.16
Eagle View Elementary,5/15/2025,30007,"Cinnamon Toast Crunch Cereal, 25% Less Sugar (Each)",29,0,29,24,24,0,24,$14.16,0,0.00%,$0.00,$14.16,0,0.00%,$0.00,$14.16
Eagle View Elementary,5/15/2025,30008,Apple Juice (Each),126,0,126,86,86,0,86,$14.62,0,0.00%,$0.00,$14.62,0,0.00%,$0.00,$14.62
Eagle View Elementary,5/15/2025,30009,Orange Tangerine Juice (Each),65,0,65,64,62,0,62,$10.54,0,0.00%,$0.00,$10.54,2,3.13%,$0.34,$10.88
Eagle View Elementary,5/15/2025,30044,Strawberry Flavored Dried Cranberries (2 Eaches),0,0,0,18,13,0,13,$6.24,0,0.00%,$0.00,$6.24,5,27.78%,$2.40,$8.64
Eagle View Elementary,5/15/2025,30068,Chilled Peaches (1/2 cup (drained)),33,0,33,34,34,0,34,$17.34,0,0.00%,$0.00,$17.34,0,0.00%,$0.00,$17.34
Eagle View Elementary,5/15/2025,60034,Mandarin Orange Parfait (Parfait),0,0,0,21,11,0,11,$10.89,0,0.00%,$0.00,$10.89,10,47.62%,$9.90,$20.79
Eagle View Elementary,5/15/2025,60165,Egg and American Cheese on Bagel (Sandwich),0,0,0,25,25,0,25,$14.50,0,0.00%,$0.00,$14.50,0,0.00%,$0.00,$14.50
FALLS CHURCH HS,5/15/2025,10020,Bagel (Bagel),383,0,383,383,358,0,358,$114.56,0,0.00%,$0.00,$114.56,25,6.53%,$8.00,$122.56
FALLS CHURCH HS,5/15/2025,10023,Blueberry Bread (1oz Grain (1/64 Baked Pan)),92,0,92,92,92,0,92,$37.72,0,0.00%,$0.00,$37.72,0,0.00%,$0.00,$37.72
FALLS CHURCH HS,5/15/2025,10041,Mini Maple Pancakes (Package),400,0,400,400,313,0,313,$122.07,0,0.00%,$0.00,$122.07,87,21.75%,$33.93,$156.00
FALLS CHURCH HS,5/15/2025,20001,1% White Milk (Each),200,0,200,200,147,0,147,$52.92,0,0.00%,$0.00,$52.92,53,26.50%,$19.08,$72.00
FALLS CHURCH HS,5/15/2025,20014,Red Delicious Apple (Each - serving),120,0,120,120,91,0,91,$30.03,0,0.00%,$0.00,$30.03,29,24.17%,$9.57,$39.60
FALLS CHURCH HS,5/15/2025,20038,Fat Free White Milk (Each),50,0,50,50,18,0,18,$5.94,0,0.00%,$0.00,$5.94,32,64.00%,$10.56,$16.50
FALLS CHURCH HS,5/15/2025,30003,Honey Cheerios Cereal (Each),82,0,82,82,63,0,63,$37.17,0,0.00%,$0.00,$37.17,19,23.17%,$11.21,$48.38
FALLS CHURCH HS,5/15/2025,30006,Cinnamon Chex Cereal (Each),60,0,60,60,52,0,52,$30.68,0,0.00%,$0.00,$30.68,8,13.33%,$4.72,$35.40
FALLS CHURCH HS,5/15/2025,30007,"Cinnamon Toast Crunch Cereal, 25% Less Sugar (Each)",150,0,150,150,133,0,133,$78.47,0,0.00%,$0.00,$78.47,17,11.33%,$10.03,$88.50
FALLS CHURCH HS,5/15/2025,30008,Apple Juice (Each),1100,0,1100,1100,998,0,998,$169.66,0,0.00%,$0.00,$169.66,102,9.27%,$17.34,$187.00
FALLS CHURCH HS,5/15/2025,30009,Orange Tangerine Juice (Each),260,0,260,260,213,0,213,$36.21,0,0.00%,$0.00,$36.21,47,18.08%,$7.99,$44.20
FALLS CHURCH HS,5/15/2025,60099,"Parfait, Triple Berry (Parfait)",100,0,100,100,100,0,100,$68.00,0,0.00%,$0.00,$68.00,0,0.00%,$0.00,$68.00
FALLS CHURCH HS,5/15/2025,60165,Egg and American Cheese on Bagel (Sandwich),100,0,100,100,100,0,100,$58.00,0,0.00%,$0.00,$58.00,0,0.00%,$0.00,$58.00
Fairfax High,5/15/2025,10020,Bagel (Bagel),0,0,0,60,21,1,22,$7.04,2,3.33%,$0.64,$7.68,36,60.00%,$11.52,$19.20
Fairfax High,5/15/2025,10041,Mini Maple Pancakes (Package),200,0,200,60,55,0,55,$21.45,0,0.00%,$0.00,$21.45,5,8.33%,$1.95,$23.40
Fairfax High,5/15/2025,20001,1% White Milk (Each),25,0,25,50,23,0,23,$8.28,0,0.00%,$0.00,$8.28,27,54.00%,$9.72,$18.00
Fairfax High,5/15/2025,20009,Cream Cheese (Each),0,0,0,30,21,0,21,$6.09,0,0.00%,$0.00,$6.09,9,30.00%,$2.61,$8.70
Fairfax High,5/15/2025,20014,Red Delicious Apple (Each - serving),20,0,20,20,17,0,17,$5.61,0,0.00%,$0.00,$5.61,3,15.00%,$0.99,$6.60
Fairfax High,5/15/2025,20017,Orange (6 Slices per 1/2 cup),15,0,15,13,13,0,13,$4.42,0,0.00%,$0.00,$4.42,0,0.00%,$0.00,$4.42
Fairfax High,5/15/2025,20038,Fat Free White Milk (Each),15,0,15,23,14,0,14,$4.62,0,0.00%,$0.00,$4.62,9,39.13%,$2.97,$7.59
Fairfax High,5/15/2025,30003,Honey Cheerios Cereal (Each),20,0,20,25,19,6,25,$14.75,0,0.00%,$0.00,$14.75,0,0.00%,$0.00,$14.75
Fairfax High,5/15/2025,30004,Blueberry Chex Cereal (Each),15,0,15,20,13,0,13,$7.67,0,0.00%,$0.00,$7.67,7,35.00%,$4.13,$11.80
Fairfax High,5/15/2025,30006,Cinnamon Chex Cereal (Each),17,0,17,25,20,5,25,$14.75,0,0.00%,$0.00,$14.75,0,0.00%,$0.00,$14.75
Fairfax High,5/15/2025,30007,"Cinnamon Toast Crunch Cereal, 25% Less Sugar (Each)",25,0,25,30,20,10,30,$17.70,0,0.00%,$0.00,$17.70,0,0.00%,$0.00,$17.70
Fairfax High,5/15/2025,30008,Apple Juice (Each),160,0,160,80,80,0,80,$13.60,0,0.00%,$0.00,$13.60,0,0.00%,$0.00,$13.60
Fairfax High,5/15/2025,30009,Orange Tangerine Juice (Each),80,0,80,30,30,0,30,$5.10,0,0.00%,$0.00,$5.10,0,0.00%,$0.00,$5.10
Fairfax High,5/15/2025,30097,Bottled Water (Bottle),0,0,0,11,11,0,11,$1.76,0,0.00%,$0.00,$1.76,0,0.00%,$0.00,$1.76
Fairfax High,5/15/2025,60090,Assorted Craisins (Packet),0,0,0,50,36,0,36,$8.64,0,0.00%,$0.00,$8.64,14,28.00%,$3.36,$12.00
Fairfax High,5/15/2025,60096,Strawberry Parfait (Parfait),18,0,18,18,18,0,18,$17.82,0,0.00%,$0.00,$17.82,0,0.00%,$0.00,$17.82
Fairfax High,5/15/2025,60125,Egg and American Cheese on Biscuit (Sandwich),50,0,50,40,25,5,30,$14.10,3,7.50%,$1.41,$15.51,7,17.50%,$3.29,$18.80
Fairfax Villa Elementary,5/15/2025,10041,Mini Maple Pancakes (Package),75,0,75,90,84,0,84,$32.76,0,0.00%,$0.00,$32.76,6,6.67%,$2.34,$35.10
Fairfax Villa Elementary,5/15/2025,20001,1% White Milk (Each),15,0,15,25,20,0,20,$7.20,0,0.00%,$0.00,$7.20,5,20.00%,$1.80,$9.00
Fairfax Villa Elementary,5/15/2025,20013,Gala Apple (Each),0,0,0,15,10,0,10,$3.70,0,0.00%,$0.00,$3.70,5,33.33%,$1.85,$5.55
Fairfax Villa Elementary,5/15/2025,20038,Fat Free White Milk (Each),6,0,6,8,6,0,6,$1.98,0,0.00%,$0.00,$1.98,2,25.00%,$0.66,$2.64
Fairfax Villa Elementary,5/15/2025,30003,Honey Cheerios Cereal (Each),8,0,8,8,6,0,6,$3.54,0,0.00%,$0.00,$3.54,2,25.00%,$1.18,$4.72
Fairfax Villa Elementary,5/15/2025,30004,Blueberry Chex Cereal (Each),6,0,6,8,6,0,6,$3.54,0,0.00%,$0.00,$3.54,2,25.00%,$1.18,$4.72
Fairfax Villa Elementary,5/15/2025,30007,"Cinnamon Toast Crunch Cereal, 25% Less Sugar (Each)",8,0,8,8,6,0,6,$3.54,0,0.00%,$0.00,$3.54,2,25.00%,$1.18,$4.72
Fairfax Villa Elementary,5/15/2025,30008,Apple Juice (Each),58,0,58,80,79,0,79,$13.43,0,0.00%,$0.00,$13.43,1,1.25%,$0.17,$13.60
Fairfax Villa Elementary,5/15/2025,30009,Orange Tangerine Juice (Each),45,0,45,40,25,0,25,$4.25,0,0.00%,$0.00,$4.25,15,37.50%,$2.55,$6.80
Fairfax Villa Elementary,5/15/2025,30068,Chilled Peaches (1/2 cup (drained)),0,0,0,0,0,0,0,$0.00,0,0.00%,$0.00,$0.00,0,0.00%,$0.00,$0.00
Fairfax Villa Elementary,5/15/2025,60096,Strawberry Parfait (Parfait),1,0,1,5,3,0,3,$2.97,0,0.00%,$0.00,$2.97,2,40.00%,$1.98,$4.95
Fairfax Villa Elementary,5/15/2025,60125,Egg and American Cheese on Biscuit (Sandwich),8,0,8,8,5,0,5,$2.35,0,0.00%,$0.00,$2.35,3,37.50%,$1.41,$3.76
Fairhill Elementary,5/15/2025,10041,Mini Maple Pancakes (Package),54,0,54,74,71,0,71,$27.69,0,0.00%,$0.00,$27.69,3,4.05%,$1.17,$28.86
Fairhill Elementary,5/15/2025,20001,1% White Milk (Each),34,0,34,77,45,0,45,$16.20,0,0.00%,$0.00,$16.20,32,41.56%,$11.52,$27.72
Fairhill Elementary,5/15/2025,20014,Red Delicious Apple (Each - serving),12,0,12,10,7,0,7,$2.31,0,0.00%,$0.00,$2.31,3,30.00%,$0.99,$3.30
Fairhill Elementary,5/15/2025,20017,Orange (6 Slices per 1/2 cup),0,0,0,0,0,0,0,$0.00,0,0.00%,$0.00,$0.00,0,0.00%,$0.00,$0.00
Fairhill Elementary,5/15/2025,20031,Banana (Each),1,0,1,15,15,0,15,$3.15,0,0.00%,$0.00,$3.15,0,0.00%,$0.00,$3.15
Fairhill Elementary,5/15/2025,20038,Fat Free White Milk (Each),10,0,10,39,10,0,10,$3.30,0,0.00%,$0.00,$3.30,29,74.36%,$9.57,$12.87
Fairhill Elementary,5/15/2025,20043,"Lactose Free, White Milk (Each)",0,0,0,1,1,0,1,$0.58,0,0.00%,$0.00,$0.58,0,0.00%,$0.00,$0.58
Fairhill Elementary,5/15/2025,30003,Honey Cheerios Cereal (Each),0,0,0,12,12,0,12,$7.08,0,0.00%,$0.00,$7.08,0,0.00%,$0.00,$7.08
Fairhill Elementary,5/15/2025,30004,Blueberry Chex Cereal (Each),2,0,2,9,5,0,5,$2.95,0,0.00%,$0.00,$2.95,4,44.44%,$2.36,$5.31
Fairhill Elementary,5/15/2025,30006,Cinnamon Chex Cereal (Each),6,0,6,4,4,0,4,$2.36,0,0.00%,$0.00,$2.36,0,0.00%,$0.00,$2.36
Fairhill Elementary,5/15/2025,30007,"Cinnamon Toast Crunch Cereal, 25% Less Sugar (Each)",7,0,7,0,0,0,0,$0.00,0,0.00%,$0.00,$0.00,0,0.00%,$0.00,$0.00
Fairhill Elementary,5/15/2025,30008,Apple Juice (Each),24,0,24,40,25,0,25,$4.25,0,0.00%,$0.00,$4.25,15,37.50%,$2.55,$6.80
Fairhill Elementary,5/15/2025,30009,Orange Tangerine Juice (Each),17,0,17,46,42,0,42,$7.14,0,0.00%,$0.00,$7.14,4,8.70%,$0.68,$7.82
Fairhill Elementary,5/15/2025,30068,Chilled Peaches (1/2 cup (drained)),23,0,23,24,24,0,24,$12.24,0,0.00%,$0.00,$12.24,0,0.00%,$0.00,$12.24
Fairhill Elementary,5/15/2025,60096,Strawberry Parfait (Parfait),4,0,4,0,0,0,0,$0.00,0,0.00%,$0.00,$0.00,0,0.00%,$0.00,$0.00
Fairhill Elementary,5/15/2025,60125,Egg and American Cheese on Biscuit (Sandwich),6,0,6,0,0,0,0,$0.00,0,0.00%,$0.00,$0.00,0,0.00%,$0.00,$0.00
Fairview Elementary,5/15/2025,10041,Mini Maple Pancakes (Package),84,0,84,120,93,12,105,$40.95,3,2.50%,$1.17,$42.12,12,10.00%,$4.68,$46.80
Fairview Elementary,5/15/2025,20001,1% White Milk (Each),8,0,8,12,7,1,8,$2.88,1,8.33%,$0.36,$3.24,3,25.00%,$1.08,$4.32
Fairview Elementary,5/15/2025,20014,Red Delicious Apple (Each - serving),10,0,10,8,4,0,4,$1.32,0,0.00%,$0.00,$1.32,4,50.00%,$1.32,$2.64
Fairview Elementary,5/15/2025,20038,Fat Free White Milk (Each),6,0,6,12,2,0,2,$0.66,0,0.00%,$0.00,$0.66,10,83.33%,$3.30,$3.96
Fairview Elementary,5/15/2025,30003,Honey Cheerios Cereal (Each),8,0,8,6,6,0,6,$3.54,0,0.00%,$0.00,$3.54,0,0.00%,$0.00,$3.54
Fairview Elementary,5/15/2025,30004,Blueberry Chex Cereal (Each),8,0,8,6,6,0,6,$3.54,0,0.00%,$0.00,$3.54,0,0.00%,$0.00,$3.54
Fairview Elementary,5/15/2025,30007,"Cinnamon Toast Crunch Cereal, 25% Less Sugar (Each)",8,0,8,4,4,0,4,$2.36,0,0.00%,$0.00,$2.36,0,0.00%,$0.00,$2.36
Fairview Elementary,5/15/2025,30008,Apple Juice (Each),103,0,103,80,60,20,80,$13.60,0,0.00%,$0.00,$13.60,0,0.00%,$0.00,$13.60
Fairview Elementary,5/15/2025,30009,Orange Tangerine Juice (Each),35,0,35,67,55,12,67,$11.39,0,0.00%,$0.00,$11.39,0,0.00%,$0.00,$11.39
Fairview Elementary,5/15/2025,30093,Natural Breakfast Syrup (Each),0,0,0,40,22,12,34,$6.80,0,0.00%,$0.00,$6.80,6,15.00%,$1.20,$8.00
Fairview Elementary,5/15/2025,30097,Bottled Water (Bottle),0,0,0,2,0,2,2,$0.00,0,0.00%,$0.00,$0.00,0,0.00%,$0.00,$0.00
Fairview Elementary,5/15/2025,60096,Strawberry Parfait (Parfait),2,0,2,2,2,0,2,$1.98,0,0.00%,$0.00,$1.98,0,0.00%,$0.00,$1.98
Fairview Elementary,5/15/2025,60125,Egg and American Cheese on Biscuit (Sandwich),12,0,12,10,7,1,8,$3.76,0,0.00%,$0.00,$3.76,2,20.00%,$0.94,$4.70
Fairview Elementary,5/15/2025,60162,Chicken & Biscuit Sandwich (Sandwich),0,0,0,2,2,0,2,$1.06,0,0.00%,$0.00,$1.06,0,0.00%,$0.00,$1.06
Flint Hill Elementary,5/15/2025,10041,Mini Maple Pancakes (Package),14,0,14,20,17,3,20,$7.80,0,0.00%,$0.00,$7.80,0,0.00%,$0.00,$7.80
Flint Hill Elementary,5/15/2025,20014,Red Delicious Apple (Each - serving),11,0,11,8,2,0,2,$0.66,0,0.00%,$0.00,$0.66,6,75.00%,$1.98,$2.64
Flint Hill Elementary,5/15/2025,20017,Orange (6 Slices per 1/2 cup),6,0,6,0,0,0,0,$0.00,0,0.00%,$0.00,$0.00,0,0.00%,$0.00,$0.00
Flint Hill Elementary,5/15/2025,30003,Honey Cheerios Cereal (Each),4,0,4,4,3,1,4,$2.36,0,0.00%,$0.00,$2.36,0,0.00%,$0.00,$2.36
Flint Hill Elementary,5/15/2025,30004,Blueberry Chex Cereal (Each),5,0,5,4,4,0,4,$2.36,0,0.00%,$0.00,$2.36,0,0.00%,$0.00,$2.36
Flint Hill Elementary,5/15/2025,30006,Cinnamon Chex Cereal (Each),6,0,6,3,2,1,3,$1.77,0,0.00%,$0.00,$1.77,0,0.00%,$0.00,$1.77
Flint Hill Elementary,5/15/2025,30007,"Cinnamon Toast Crunch Cereal, 25% Less Sugar (Each)",6,0,6,12,4,8,12,$7.08,0,0.00%,$0.00,$7.08,0,0.00%,$0.00,$7.08
Flint Hill Elementary,5/15/2025,30008,Apple Juice (Each),27,0,27,45,41,0,41,$6.97,0,0.00%,$0.00,$6.97,4,8.89%,$0.68,$7.65
Flint Hill Elementary,5/15/2025,30009,Orange Tangerine Juice (Each),18,0,18,18,7,0,7,$1.19,0,0.00%,$0.00,$1.19,11,61.11%,$1.87,$3.06
Flint Hill Elementary,5/15/2025,30097,Bottled Water (Bottle),0,0,0,1,1,0,1,$0.16,0,0.00%,$0.00,$0.16,0,0.00%,$0.00,$0.16
Flint Hill Elementary,5/15/2025,30103,"Milk, Lactose Free,  Fat Free, Shelf-Stable (Each)",0,0,0,9,9,0,9,$4.32,0,0.00%,$0.00,$4.32,0,0.00%,$0.00,$4.32
Flint Hill Elementary,5/15/2025,60034,Mandarin Orange Parfait (Parfait),0,0,0,2,1,0,1,$0.99,0,0.00%,$0.00,$0.99,1,50.00%,$0.99,$1.98
Flint Hill Elementary,5/15/2025,60125,Egg and American Cheese on Biscuit (Sandwich),5,0,5,2,0,0,0,$0.00,2,100.00%,$0.00,$0.00,0,0.00%,$0.00,$0.00
Floris Elementary,5/15/2025,10041,Mini Maple Pancakes (Package),80,0,80,75,50,12,62,$24.18,0,0.00%,$0.00,$24.18,13,17.33%,$5.07,$29.25
Floris Elementary,5/15/2025,20001,1% White Milk (Each),35,0,35,42,11,0,11,$3.96,0,0.00%,$0.00,$3.96,31,73.81%,$11.16,$15.12
Floris Elementary,5/15/2025,20014,Red Delicious Apple (Each - serving),10,0,10,35,18,0,18,$5.94,0,0.00%,$0.00,$5.94,17,48.57%,$5.61,$11.55
Floris Elementary,5/15/2025,20038,Fat Free White Milk (Each),25,0,25,71,6,0,6,$1.98,0,0.00%,$0.00,$1.98,65,91.55%,$21.45,$23.43
Floris Elementary,5/15/2025,30003,Honey Cheerios Cereal (Each),12,0,12,12,10,0,10,$5.90,0,0.00%,$0.00,$5.90,2,16.67%,$1.18,$7.08
Floris Elementary,5/15/2025,30004,Blueberry Chex Cereal (Each),12,0,12,12,2,0,2,$1.18,0,0.00%,$0.00,$1.18,10,83.33%,$5.90,$7.08
Floris Elementary,5/15/2025,30006,Cinnamon Chex Cereal (Each),24,0,24,24,8,0,8,$4.72,0,0.00%,$0.00,$4.72,16,66.67%,$9.44,$14.16
Floris Elementary,5/15/2025,30007,"Cinnamon Toast Crunch Cereal, 25% Less Sugar (Each)",24,0,24,24,6,0,6,$3.54,0,0.00%,$0.00,$3.54,18,75.00%,$10.62,$14.16
Floris Elementary,5/15/2025,30008,Apple Juice (Each),80,0,80,107,67,20,87,$14.79,0,0.00%,$0.00,$14.79,20,18.69%,$3.40,$18.19
Floris Elementary,5/15/2025,30009,Orange Tangerine Juice (Each),60,0,60,61,29,13,42,$7.14,0,0.00%,$0.00,$7.14,19,31.15%,$3.23,$10.37
Floris Elementary,5/15/2025,60099,"Parfait, Triple Berry (Parfait)",0,0,0,23,4,1,5,$3.40,0,0.00%,$0.00,$3.40,18,78.26%,$12.24,$15.64
Floris Elementary,5/15/2025,60179,Egg and American Cheese on Bagel (Sandwich),0,0,0,20,13,0,13,$4.94,7,35.00%,$2.66,$7.60,0,0.00%,$0.00,$7.60
Forest Edge Elementary,5/15/2025,10041,Mini Maple Pancakes (Package),164,0,164,159,146,0,146,$56.94,0,0.00%,$0.00,$56.94,13,8.18%,$5.07,$62.01
Forest Edge Elementary,5/15/2025,20001,1% White Milk (Each),128,0,128,106,106,0,106,$38.16,0,0.00%,$0.00,$38.16,0,0.00%,$0.00,$38.16
Forest Edge Elementary,5/15/2025,20014,Red Delicious Apple (Each - serving),59,0,59,60,60,0,60,$19.80,0,0.00%,$0.00,$19.80,0,0.00%,$0.00,$19.80
Forest Edge Elementary,5/15/2025,20031,Banana (Each),51,0,51,60,60,0,60,$12.60,0,0.00%,$0.00,$12.60,0,0.00%,$0.00,$12.60
Forest Edge Elementary,5/15/2025,20038,Fat Free White Milk (Each),32,0,32,50,38,0,38,$12.54,0,0.00%,$0.00,$12.54,12,24.00%,$3.96,$16.50
Forest Edge Elementary,5/15/2025,20043,"Lactose Free, White Milk (Each)",0,0,0,3,3,0,3,$1.74,0,0.00%,$0.00,$1.74,0,0.00%,$0.00,$1.74
Forest Edge Elementary,5/15/2025,30003,Honey Cheerios Cereal (Each),16,0,16,1,1,0,1,$0.59,0,0.00%,$0.00,$0.59,0,0.00%,$0.00,$0.59
Forest Edge Elementary,5/15/2025,30004,Blueberry Chex Cereal (Each),31,0,31,0,0,0,0,$0.00,0,0.00%,$0.00,$0.00,0,0.00%,$0.00,$0.00
Forest Edge Elementary,5/15/2025,30006,Cinnamon Chex Cereal (Each),28,0,28,0,0,0,0,$0.00,0,0.00%,$0.00,$0.00,0,0.00%,$0.00,$0.00
Forest Edge Elementary,5/15/2025,30007,"Cinnamon Toast Crunch Cereal, 25% Less Sugar (Each)",20,0,20,41,41,0,41,$24.19,0,0.00%,$0.00,$24.19,0,0.00%,$0.00,$24.19
Forest Edge Elementary,5/15/2025,30008,Apple Juice (Each),134,0,134,80,80,0,80,$13.60,0,0.00%,$0.00,$13.60,0,0.00%,$0.00,$13.60
Forest Edge Elementary,5/15/2025,30009,Orange Tangerine Juice (Each),95,0,95,108,86,0,86,$14.62,0,0.00%,$0.00,$14.62,22,20.37%,$3.74,$18.36
Forest Edge Elementary,5/15/2025,30045,Watermelon Flavored Dried Cranberries (2 Eaches),0,0,0,30,25,0,25,$12.00,0,0.00%,$0.00,$12.00,5,16.67%,$2.40,$14.40
Forest Edge Elementary,5/15/2025,30051,Natural Grape Jam (Packet),0,0,0,20,20,0,20,$1.80,0,0.00%,$0.00,$1.80,0,0.00%,$0.00,$1.80
Forest Edge Elementary,5/15/2025,30061,Chilled Mandarin Oranges (1/2 cup (drained)),0,0,0,44,44,0,44,$14.96,0,0.00%,$0.00,$14.96,0,0.00%,$0.00,$14.96
Forest Edge Elementary,5/15/2025,30093,Natural Breakfast Syrup (Each),0,0,0,80,80,0,80,$16.00,0,0.00%,$0.00,$16.00,0,0.00%,$0.00,$16.00
Forest Edge Elementary,5/15/2025,30188,"Milk, Soy, Plain, Bulk (12/32 oz) (1 cup)",0,0,0,1,1,0,1,$0.79,0,0.00%,$0.00,$0.79,0,0.00%,$0.00,$0.79
Forest Edge Elementary,5/15/2025,60099,"Parfait, Triple Berry (Parfait)",0,0,0,12,12,0,12,$8.16,0,0.00%,$0.00,$8.16,0,0.00%,$0.00,$8.16
Forest Edge Elementary,5/15/2025,60165,Egg and American Cheese on Bagel (Sandwich),0,0,0,40,40,0,40,$23.20,0,0.00%,$0.00,$23.20,0,0.00%,$0.00,$23.20
Forestdale Elementary,5/15/2025,10041,Mini Maple Pancakes (Package),328,0,328,279,253,0,253,$98.67,0,0.00%,$0.00,$98.67,26,9.32%,$10.14,$108.81
Forestdale Elementary,5/15/2025,20001,1% White Milk (Each),64,0,64,51,48,0,48,$17.28,0,0.00%,$0.00,$17.28,3,5.88%,$1.08,$18.36
Forestdale Elementary,5/15/2025,20014,Red Delicious Apple (Each - serving),29,0,29,30,27,0,27,$8.91,0,0.00%,$0.00,$8.91,3,10.00%,$0.99,$9.90
Forestdale Elementary,5/15/2025,20038,Fat Free White Milk (Each),26,0,26,15,10,0,10,$3.30,0,0.00%,$0.00,$3.30,5,33.33%,$1.65,$4.95
Forestdale Elementary,5/15/2025,20043,"Lactose Free, White Milk (Each)",2,0,2,2,2,0,2,$1.16,0,0.00%,$0.00,$1.16,0,0.00%,$0.00,$1.16
Forestdale Elementary,5/15/2025,30006,Cinnamon Chex Cereal (Each),60,0,60,20,12,0,12,$7.08,0,0.00%,$0.00,$7.08,8,40.00%,$4.72,$11.80
Forestdale Elementary,5/15/2025,30008,Apple Juice (Each),181,0,181,150,139,0,139,$23.63,0,0.00%,$0.00,$23.63,11,7.33%,$1.87,$25.50
Forestdale Elementary,5/15/2025,30009,Orange Tangerine Juice (Each),160,0,160,160,145,0,145,$24.65,0,0.00%,$0.00,$24.65,15,9.38%,$2.55,$27.20
Forestdale Elementary,5/15/2025,30068,Chilled Peaches (1/2 cup (drained)),40,0,40,38,38,0,38,$19.38,0,0.00%,$0.00,$19.38,0,0.00%,$0.00,$19.38
Forestdale Elementary,5/15/2025,60096,Strawberry Parfait (Parfait),9,0,9,10,10,0,10,$9.90,0,0.00%,$0.00,$9.90,0,0.00%,$0.00,$9.90
Forestdale Elementary,5/15/2025,60125,Egg and American Cheese on Biscuit (Sandwich),28,0,28,41,37,0,37,$17.39,0,0.00%,$0.00,$17.39,4,9.76%,$1.88,$19.27
Forestville Elementary,5/15/2025,10041,Mini Maple Pancakes (Package),28,0,28,40,40,0,40,$15.60,0,0.00%,$0.00,$15.60,0,0.00%,$0.00,$15.60
Forestville Elementary,5/15/2025,20001,1% White Milk (Each),6,0,6,8,6,0,6,$2.16,0,0.00%,$0.00,$2.16,2,25.00%,$0.72,$2.88
Forestville Elementary,5/15/2025,20014,Red Delicious Apple (Each - serving),4,0,4,10,4,0,4,$1.32,0,0.00%,$0.00,$1.32,6,60.00%,$1.98,$3.30
Forestville Elementary,5/15/2025,20031,Banana (Each),0,0,0,1,1,0,1,$0.21,0,0.00%,$0.00,$0.21,0,0.00%,$0.00,$0.21
Forestville Elementary,5/15/2025,20038,Fat Free White Milk (Each),2,0,2,5,3,0,3,$0.99,0,0.00%,$0.00,$0.99,2,40.00%,$0.66,$1.65
Forestville Elementary,5/15/2025,30003,Honey Cheerios Cereal (Each),6,0,6,6,5,0,5,$2.95,0,0.00%,$0.00,$2.95,1,16.67%,$0.59,$3.54
Forestville Elementary,5/15/2025,30004,Blueberry Chex Cereal (Each),4,0,4,7,3,0,3,$1.77,0,0.00%,$0.00,$1.77,4,57.14%,$2.36,$4.13
Forestville Elementary,5/15/2025,30006,Cinnamon Chex Cereal (Each),8,0,8,12,10,0,10,$5.90,0,0.00%,$0.00,$5.90,2,16.67%,$1.18,$7.08
Forestville Elementary,5/15/2025,30008,Apple Juice (Each),36,0,36,60,52,0,52,$8.84,0,0.00%,$0.00,$8.84,8,13.33%,$1.36,$10.20
Forestville Elementary,5/15/2025,60034,Mandarin Orange Parfait (Parfait),0,0,0,3,0,0,0,$0.00,3,100.00%,$0.00,$0.00,0,0.00%,$0.00,$0.00
Forestville Elementary,5/15/2025,60125,Egg and American Cheese on Biscuit (Sandwich),2,0,2,5,2,0,2,$0.94,3,60.00%,$1.41,$2.35,0,0.00%,$0.00,$2.35
Forestville Elementary,5/15/2025,60162,Chicken & Biscuit Sandwich (Sandwich),0,0,0,5,3,0,3,$1.59,2,40.00%,$1.06,$2.65,0,0.00%,$0.00,$2.65
Fort Belvoir Primary Elementary,5/15/2025,10041,Mini Maple Pancakes (Package),167,0,167,145,137,8,145,$56.55,0,0.00%,$0.00,$56.55,0,0.00%,$0.00,$56.55
Fort Belvoir Primary Elementary,5/15/2025,20001,1% White Milk (Each),201,0,201,551,169,0,169,$60.84,0,0.00%,$0.00,$60.84,382,69.33%,$137.52,$198.36
Fort Belvoir Primary Elementary,5/15/2025,20014,Red Delicious Apple (Each - serving),79,0,79,75,73,0,73,$24.09,0,0.00%,$0.00,$24.09,2,2.67%,$0.66,$24.75
Fort Belvoir Primary Elementary,5/15/2025,20031,Banana (Each),81,0,81,100,65,0,65,$13.65,35,35.00%,$7.35,$21.00,0,0.00%,$0.00,$21.00
Fort Belvoir Primary Elementary,5/15/2025,20038,Fat Free White Milk (Each),26,0,26,121,17,0,17,$5.61,0,0.00%,$0.00,$5.61,104,85.95%,$34.32,$39.93
Fort Belvoir Primary Elementary,5/15/2025,20043,"Lactose Free, White Milk (Each)",0,0,0,1,1,0,1,$0.58,0,0.00%,$0.00,$0.58,0,0.00%,$0.00,$0.58
Fort Belvoir Primary Elementary,5/15/2025,30003,Honey Cheerios Cereal (Each),37,0,37,27,26,0,26,$15.34,1,3.70%,$0.59,$15.93,0,0.00%,$0.00,$15.93
Fort Belvoir Primary Elementary,5/15/2025,30004,Blueberry Chex Cereal (Each),39,0,39,58,39,0,39,$23.01,0,0.00%,$0.00,$23.01,19,32.76%,$11.21,$34.22
Fort Belvoir Primary Elementary,5/15/2025,30006,Cinnamon Chex Cereal (Each),29,0,29,24,23,1,24,$14.16,0,0.00%,$0.00,$14.16,0,0.00%,$0.00,$14.16
Fort Belvoir Primary Elementary,5/15/2025,30008,Apple Juice (Each),165,0,165,140,140,0,140,$23.80,0,0.00%,$0.00,$23.80,0,0.00%,$0.00,$23.80
Fort Belvoir Primary Elementary,5/15/2025,30009,Orange Tangerine Juice (Each),93,0,93,125,116,0,116,$19.72,0,0.00%,$0.00,$19.72,9,7.20%,$1.53,$21.25
Fort Belvoir Primary Elementary,5/15/2025,30068,Chilled Peaches (1/2 cup (drained)),34,0,34,31,31,0,31,$15.81,0,0.00%,$0.00,$15.81,0,0.00%,$0.00,$15.81
Fort Belvoir Primary Elementary,5/15/2025,30188,"Milk, Soy, Plain, Bulk (12/32 oz) (1 cup)",0,0,0,2,2,0,2,$1.58,0,0.00%,$0.00,$1.58,0,0.00%,$0.00,$1.58
Fort Belvoir Primary Elementary,5/15/2025,60096,Strawberry Parfait (Parfait),40,0,40,30,28,0,28,$27.72,1,3.33%,$0.99,$28.71,1,3.33%,$0.99,$29.70
Fort Belvoir Primary Elementary,5/15/2025,60165,Egg and American Cheese on Bagel (Sandwich),0,0,0,21,20,0,20,$11.60,1,4.76%,$0.58,$12.18,0,0.00%,$0.00,$12.18
Fort Belvoir Upper Elementary,5/15/2025,10020,Bagel (Bagel),0,0,0,10,10,0,10,$3.20,0,0.00%,$0.00,$3.20,0,0.00%,$0.00,$3.20
Fort Belvoir Upper Elementary,5/15/2025,10021,Apple Cinnamon Bread (1oz Grain (1/64 Baked Pan)),0,0,0,2,2,0,2,$0.82,0,0.00%,$0.00,$0.82,0,0.00%,$0.00,$0.82
Fort Belvoir Upper Elementary,5/15/2025,10041,Mini Maple Pancakes (Package),132,0,132,144,117,1,118,$46.02,0,0.00%,$0.00,$46.02,26,18.06%,$10.14,$56.16
Fort Belvoir Upper Elementary,5/15/2025,20001,1% White Milk (Each),71,0,71,143,75,0,75,$27.00,0,0.00%,$0.00,$27.00,68,47.55%,$24.48,$51.48
Fort Belvoir Upper Elementary,5/15/2025,20009,Cream Cheese (Each),0,0,0,10,10,0,10,$2.90,0,0.00%,$0.00,$2.90,0,0.00%,$0.00,$2.90
Fort Belvoir Upper Elementary,5/15/2025,20038,Fat Free White Milk (Each),8,0,8,2,2,0,2,$0.66,0,0.00%,$0.00,$0.66,0,0.00%,$0.00,$0.66
Fort Belvoir Upper Elementary,5/15/2025,20069,"Apple, Slices, IW - ER Supper Only (Each)",0,0,0,50,45,0,45,$14.85,0,0.00%,$0.00,$14.85,5,10.00%,$1.65,$16.50
Fort Belvoir Upper Elementary,5/15/2025,30003,Honey Cheerios Cereal (Each),19,0,19,20,12,0,12,$7.08,0,0.00%,$0.00,$7.08,8,40.00%,$4.72,$11.80
Fort Belvoir Upper Elementary,5/15/2025,30004,Blueberry Chex Cereal (Each),9,0,9,12,9,0,9,$5.31,0,0.00%,$0.00,$5.31,3,25.00%,$1.77,$7.08
Fort Belvoir Upper Elementary,5/15/2025,30006,Cinnamon Chex Cereal (Each),14,0,14,15,10,0,10,$5.90,0,0.00%,$0.00,$5.90,5,33.33%,$2.95,$8.85
Fort Belvoir Upper Elementary,5/15/2025,30007,"Cinnamon Toast Crunch Cereal, 25% Less Sugar (Each)",24,0,24,20,15,0,15,$8.85,0,0.00%,$0.00,$8.85,5,25.00%,$2.95,$11.80
Fort Belvoir Upper Elementary,5/15/2025,30008,Apple Juice (Each),98,0,98,122,82,0,82,$13.94,0,0.00%,$0.00,$13.94,40,32.79%,$6.80,$20.74
Fort Belvoir Upper Elementary,5/15/2025,30009,Orange Tangerine Juice (Each),63,0,63,90,58,0,58,$9.86,0,0.00%,$0.00,$9.86,32,35.56%,$5.44,$15.30
Fort Belvoir Upper Elementary,5/15/2025,30051,Natural Grape Jam (Packet),0,0,0,10,7,0,7,$0.63,0,0.00%,$0.00,$0.63,3,30.00%,$0.27,$0.90
Fort Belvoir Upper Elementary,5/15/2025,30068,Chilled Peaches (1/2 cup (drained)),40,0,40,43,43,0,43,$21.93,0,0.00%,$0.00,$21.93,0,0.00%,$0.00,$21.93
Fort Belvoir Upper Elementary,5/15/2025,60099,"Parfait, Triple Berry (Parfait)",0,0,0,17,16,0,16,$10.88,0,0.00%,$0.00,$10.88,1,5.88%,$0.68,$11.56
Fort Belvoir Upper Elementary,5/15/2025,60125,Egg and American Cheese on Biscuit (Sandwich),28,0,28,14,13,0,13,$6.11,1,7.14%,$0.47,$6.58,0,0.00%,$0.00,$6.58
Fort Hunt Elementary,5/15/2025,10041,Mini Maple Pancakes (Package),63,0,63,50,50,0,50,$19.50,0,0.00%,$0.00,$19.50,0,0.00%,$0.00,$19.50
Fort Hunt Elementary,5/15/2025,20001,1% White Milk (Each),21,0,21,39,21,0,21,$7.56,0,0.00%,$0.00,$7.56,18,46.15%,$6.48,$14.04
Fort Hunt Elementary,5/15/2025,30003,Honey Cheerios Cereal (Each),6,0,6,12,9,0,9,$5.31,0,0.00%,$0.00,$5.31,3,25.00%,$1.77,$7.08
Fort Hunt Elementary,5/15/2025,30006,Cinnamon Chex Cereal (Each),9,0,9,19,12,0,12,$7.08,0,0.00%,$0.00,$7.08,7,36.84%,$4.13,$11.21
Fort Hunt Elementary,5/15/2025,30008,Apple Juice (Each),51,0,51,64,52,0,52,$8.84,0,0.00%,$0.00,$8.84,12,18.75%,$2.04,$10.88
Fort Hunt Elementary,5/15/2025,30009,Orange Tangerine Juice (Each),20,0,20,36,20,0,20,$3.40,0,0.00%,$0.00,$3.40,16,44.44%,$2.72,$6.12
Fort Hunt Elementary,5/15/2025,30045,Watermelon Flavored Dried Cranberries (2 Eaches),0,0,0,30,25,0,25,$12.00,0,0.00%,$0.00,$12.00,5,16.67%,$2.40,$14.40
Fort Hunt Elementary,5/15/2025,30103,"Milk, Lactose Free,  Fat Free, Shelf-Stable (Each)",0,0,0,20,4,0,4,$1.92,0,0.00%,$0.00,$1.92,16,80.00%,$7.68,$9.60
Fort Hunt Elementary,5/15/2025,60033,Peach Parfait (Parfait),0,0,0,7,0,0,0,$0.00,0,0.00%,$0.00,$0.00,7,100.00%,$0.00,$0.00
Fort Hunt Elementary,5/15/2025,60096,Strawberry Parfait (Parfait),6,0,6,2,1,0,1,$0.99,0,0.00%,$0.00,$0.99,1,50.00%,$0.99,$1.98
Fort Hunt Elementary,5/15/2025,60162,Chicken & Biscuit Sandwich (Sandwich),0,0,0,14,6,0,6,$3.18,0,0.00%,$0.00,$3.18,8,57.14%,$4.24,$7.42
Fox Mill Elementary,5/15/2025,10041,Mini Maple Pancakes (Package),27,0,27,0,0,0,0,$0.00,0,0.00%,$0.00,$0.00,0,0.00%,$0.00,$0.00
Fox Mill Elementary,5/15/2025,10096,"Batter, Pumpkin Bread (1oz Grain (1/64 Baked Pan))",0,0,0,11,11,0,11,$4.51,0,0.00%,$0.00,$4.51,0,0.00%,$0.00,$4.51
Fox Mill Elementary,5/15/2025,20001,1% White Milk (Each),0,0,0,0,0,0,0,$0.00,0,0.00%,$0.00,$0.00,0,0.00%,$0.00,$0.00
Fox Mill Elementary,5/15/2025,20014,Red Delicious Apple (Each - serving),33,0,33,0,0,0,0,$0.00,0,0.00%,$0.00,$0.00,0,0.00%,$0.00,$0.00
Fox Mill Elementary,5/15/2025,20015,Golden Delicious Apple (Each),0,0,0,50,38,0,38,$11.78,0,0.00%,$0.00,$11.78,12,24.00%,$3.72,$15.50
Fox Mill Elementary,5/15/2025,20016,String Cheese (1 Stick),0,0,0,11,11,0,11,$2.42,0,0.00%,$0.00,$2.42,0,0.00%,$0.00,$2.42
Fox Mill Elementary,5/15/2025,20017,Orange (6 Slices per 1/2 cup),27,0,27,0,0,0,0,$0.00,0,0.00%,$0.00,$0.00,0,0.00%,$0.00,$0.00
Fox Mill Elementary,5/15/2025,20031,Banana (Each),17,0,17,0,0,0,0,$0.00,0,0.00%,$0.00,$0.00,0,0.00%,$0.00,$0.00
Fox Mill Elementary,5/15/2025,20038,Fat Free White Milk (Each),0,0,0,0,0,0,0,$0.00,0,0.00%,$0.00,$0.00,0,0.00%,$0.00,$0.00
Fox Mill Elementary,5/15/2025,30003,Honey Cheerios Cereal (Each),0,0,0,0,0,0,0,$0.00,0,0.00%,$0.00,$0.00,0,0.00%,$0.00,$0.00
Fox Mill Elementary,5/15/2025,30004,Blueberry Chex Cereal (Each),0,0,0,4,4,0,4,$2.36,0,0.00%,$0.00,$2.36,0,0.00%,$0.00,$2.36
Fox Mill Elementary,5/15/2025,30006,Cinnamon Chex Cereal (Each),5,0,5,8,4,0,4,$2.36,0,0.00%,$0.00,$2.36,4,50.00%,$2.36,$4.72
Fox Mill Elementary,5/15/2025,30007,"Cinnamon Toast Crunch Cereal, 25% Less Sugar (Each)",7,0,7,12,4,0,4,$2.36,0,0.00%,$0.00,$2.36,8,66.67%,$4.72,$7.08
Fox Mill Elementary,5/15/2025,30008,Apple Juice (Each),39,0,39,50,45,0,45,$7.65,0,0.00%,$0.00,$7.65,5,10.00%,$0.85,$8.50
Fox Mill Elementary,5/15/2025,30009,Orange Tangerine Juice (Each),27,0,27,0,0,0,0,$0.00,0,0.00%,$0.00,$0.00,0,0.00%,$0.00,$0.00
Fox Mill Elementary,5/15/2025,30108,Fat Free Unflavored Shelf-Stable Milk (Each),0,0,0,15,12,0,12,$4.56,0,0.00%,$0.00,$4.56,3,20.00%,$1.14,$5.70
Fox Mill Elementary,5/15/2025,60096,Strawberry Parfait (Parfait),3,0,3,10,5,0,5,$4.95,0,0.00%,$0.00,$4.95,5,50.00%,$4.95,$9.90
Fox Mill Elementary,5/15/2025,60125,Egg and American Cheese on Biscuit (Sandwich),4,0,4,32,18,0,18,$8.46,0,0.00%,$0.00,$8.46,14,43.75%,$6.58,$15.04
Franconia Elementary,5/15/2025,10041,Mini Maple Pancakes (Package),39,0,39,40,35,1,36,$14.04,0,0.00%,$0.00,$14.04,4,10.00%,$1.56,$15.60
Franconia Elementary,5/15/2025,20001,1% White Milk (Each),15,0,15,64,22,0,22,$7.92,0,0.00%,$0.00,$7.92,42,65.63%,$15.12,$23.04
Franconia Elementary,5/15/2025,20014,Red Delicious Apple (Each - serving),15,0,15,20,8,0,8,$2.64,0,0.00%,$0.00,$2.64,12,60.00%,$3.96,$6.60
Franconia Elementary,5/15/2025,20038,Fat Free White Milk (Each),31,0,31,7,4,0,4,$1.32,0,0.00%,$0.00,$1.32,3,42.86%,$0.99,$2.31
Franconia Elementary,5/15/2025,30003,Honey Cheerios Cereal (Each),11,0,11,12,7,0,7,$4.13,0,0.00%,$0.00,$4.13,5,41.67%,$2.95,$7.08
Franconia Elementary,5/15/2025,30004,Blueberry Chex Cereal (Each),6,0,6,12,7,0,7,$4.13,0,0.00%,$0.00,$4.13,5,41.67%,$2.95,$7.08
Franconia Elementary,5/15/2025,30006,Cinnamon Chex Cereal (Each),9,0,9,12,7,0,7,$4.13,0,0.00%,$0.00,$4.13,5,41.67%,$2.95,$7.08
Franconia Elementary,5/15/2025,30007,"Cinnamon Toast Crunch Cereal, 25% Less Sugar (Each)",7,0,7,12,9,0,9,$5.31,0,0.00%,$0.00,$5.31,3,25.00%,$1.77,$7.08
Franconia Elementary,5/15/2025,30008,Apple Juice (Each),38,0,38,40,39,1,40,$6.80,0,0.00%,$0.00,$6.80,0,0.00%,$0.00,$6.80
Franconia Elementary,5/15/2025,30009,Orange Tangerine Juice (Each),24,0,24,40,39,0,39,$6.63,0,0.00%,$0.00,$6.63,1,2.50%,$0.17,$6.80
Franconia Elementary,5/15/2025,60096,Strawberry Parfait (Parfait),5,0,5,8,8,0,8,$7.92,0,0.00%,$0.00,$7.92,0,0.00%,$0.00,$7.92
Franconia Elementary,5/15/2025,60125,Egg and American Cheese on Biscuit (Sandwich),8,0,8,12,12,0,12,$5.64,0,0.00%,$0.00,$5.64,0,0.00%,$0.00,$5.64
Franklin Middle,5/15/2025,10020,Bagel (Bagel),0,0,0,12,10,0,10,$3.20,0,0.00%,$0.00,$3.20,2,16.67%,$0.64,$3.84
Franklin Middle,5/15/2025,10041,Mini Maple Pancakes (Package),32,0,32,30,25,0,25,$9.75,0,0.00%,$0.00,$9.75,5,16.67%,$1.95,$11.70
Franklin Middle,5/15/2025,20001,1% White Milk (Each),8,0,8,10,8,0,8,$2.88,0,0.00%,$0.00,$2.88,2,20.00%,$0.72,$3.60
Franklin Middle,5/15/2025,20009,Cream Cheese (Each),0,0,0,12,10,0,10,$2.90,0,0.00%,$0.00,$2.90,2,16.67%,$0.58,$3.48
Franklin Middle,5/15/2025,20014,Red Delicious Apple (Each - serving),14,0,14,14,8,0,8,$2.64,0,0.00%,$0.00,$2.64,6,42.86%,$1.98,$4.62
Franklin Middle,5/15/2025,20031,Banana (Each),7,0,7,5,4,0,4,$0.84,0,0.00%,$0.00,$0.84,1,20.00%,$0.21,$1.05
Franklin Middle,5/15/2025,20038,Fat Free White Milk (Each),8,0,8,10,6,0,6,$1.98,0,0.00%,$0.00,$1.98,4,40.00%,$1.32,$3.30
Franklin Middle,5/15/2025,30003,Honey Cheerios Cereal (Each),7,0,7,12,6,0,6,$3.54,0,0.00%,$0.00,$3.54,6,50.00%,$3.54,$7.08
Franklin Middle,5/15/2025,30004,Blueberry Chex Cereal (Each),3,0,3,0,0,0,0,$0.00,0,0.00%,$0.00,$0.00,0,0.00%,$0.00,$0.00
Franklin Middle,5/15/2025,30006,Cinnamon Chex Cereal (Each),7,0,7,0,0,0,0,$0.00,0,0.00%,$0.00,$0.00,0,0.00%,$0.00,$0.00
Franklin Middle,5/15/2025,30007,"Cinnamon Toast Crunch Cereal, 25% Less Sugar (Each)",9,0,9,20,16,0,16,$9.44,0,0.00%,$0.00,$9.44,4,20.00%,$2.36,$11.80
Franklin Middle,5/15/2025,30008,Apple Juice (Each),63,0,63,60,55,0,55,$9.35,0,0.00%,$0.00,$9.35,5,8.33%,$0.85,$10.20
Franklin Middle,5/15/2025,30009,Orange Tangerine Juice (Each),12,0,12,13,10,0,10,$1.70,0,0.00%,$0.00,$1.70,3,23.08%,$0.51,$2.21
Franklin Middle,5/15/2025,30046,Granola (1/4 cup),0,0,0,4,1,0,1,$0.23,3,75.00%,$0.69,$0.92,0,0.00%,$0.00,$0.92
Franklin Middle,5/15/2025,30093,Natural Breakfast Syrup (Each),0,0,0,30,20,0,20,$4.00,0,0.00%,$0.00,$4.00,10,33.33%,$2.00,$6.00
Franklin Middle,5/15/2025,30097,Bottled Water (Bottle),10,0,10,10,9,0,9,$1.44,0,0.00%,$0.00,$1.44,1,10.00%,$0.16,$1.60
Franklin Middle,5/15/2025,60099,"Parfait, Triple Berry (Parfait)",0,0,0,4,1,0,1,$0.68,0,0.00%,$0.00,$0.68,3,75.00%,$2.04,$2.72
Franklin Middle,5/15/2025,60125,Egg and American Cheese on Biscuit (Sandwich),6,0,6,15,4,0,4,$1.88,6,40.00%,$2.82,$4.70,5,33.33%,$2.35,$7.05
Franklin Sherman Elementary,5/15/2025,10020,Bagel (Bagel),0,0,0,1,1,0,1,$0.32,0,0.00%,$0.00,$0.32,0,0.00%,$0.00,$0.32
Franklin Sherman Elementary,5/15/2025,10021,Apple Cinnamon Bread (1oz Grain (1/64 Baked Pan)),0,0,0,18,11,5,16,$6.56,0,0.00%,$0.00,$6.56,2,11.11%,$0.82,$7.38
Franklin Sherman Elementary,5/15/2025,10041,Mini Maple Pancakes (Package),32,0,32,25,13,10,23,$8.97,0,0.00%,$0.00,$8.97,2,8.00%,$0.78,$9.75
Franklin Sherman Elementary,5/15/2025,20001,1% White Milk (Each),12,0,12,12,7,0,7,$2.52,0,0.00%,$0.00,$2.52,5,41.67%,$1.80,$4.32
Franklin Sherman Elementary,5/15/2025,20014,Red Delicious Apple (Each - serving),8,0,8,8,2,0,2,$0.66,0,0.00%,$0.00,$0.66,6,75.00%,$1.98,$2.64
Franklin Sherman Elementary,5/15/2025,20017,Orange (6 Slices per 1/2 cup),8,0,8,8,3,0,3,$1.02,0,0.00%,$0.00,$1.02,5,62.50%,$1.70,$2.72
Franklin Sherman Elementary,5/15/2025,20031,Banana (Each),8,0,8,8,3,0,3,$0.63,0,0.00%,$0.00,$0.63,5,62.50%,$1.05,$1.68
Franklin Sherman Elementary,5/15/2025,20038,Fat Free White Milk (Each),5,0,5,8,3,0,3,$0.99,0,0.00%,$0.00,$0.99,5,62.50%,$1.65,$2.64
Franklin Sherman Elementary,5/15/2025,30003,Honey Cheerios Cereal (Each),12,0,12,8,5,0,5,$2.95,0,0.00%,$0.00,$2.95,3,37.50%,$1.77,$4.72
Franklin Sherman Elementary,5/15/2025,30004,Blueberry Chex Cereal (Each),4,0,4,4,0,0,0,$0.00,0,0.00%,$0.00,$0.00,4,100.00%,$0.00,$0.00
Franklin Sherman Elementary,5/15/2025,30006,Cinnamon Chex Cereal (Each),8,0,8,8,2,0,2,$1.18,0,0.00%,$0.00,$1.18,6,75.00%,$3.54,$4.72
Franklin Sherman Elementary,5/15/2025,30007,"Cinnamon Toast Crunch Cereal, 25% Less Sugar (Each)",12,0,12,8,3,0,3,$1.77,0,0.00%,$0.00,$1.77,5,62.50%,$2.95,$4.72
Franklin Sherman Elementary,5/15/2025,30008,Apple Juice (Each),40,0,40,40,20,8,28,$4.76,0,0.00%,$0.00,$4.76,12,30.00%,$2.04,$6.80
Franklin Sherman Elementary,5/15/2025,30009,Orange Tangerine Juice (Each),30,0,30,24,16,5,21,$3.57,0,0.00%,$0.00,$3.57,3,12.50%,$0.51,$4.08
Franklin Sherman Elementary,5/15/2025,30092,Roasted Sunflower Seeds (Package),0,0,0,12,8,0,8,$2.48,0,0.00%,$0.00,$2.48,4,33.33%,$1.24,$3.72
Franklin Sherman Elementary,5/15/2025,30097,Bottled Water (Bottle),0,0,0,4,0,1,1,$0.00,0,0.00%,$0.00,$0.00,3,75.00%,$0.00,$0.00
Franklin Sherman Elementary,5/15/2025,60096,Strawberry Parfait (Parfait),6,0,6,4,1,0,1,$0.99,0,0.00%,$0.00,$0.99,3,75.00%,$2.97,$3.96
Freedom Hill Elementary,5/15/2025,10041,Mini Maple Pancakes (Package),59,0,59,67,60,0,60,$23.40,0,0.00%,$0.00,$23.40,7,10.45%,$2.73,$26.13
Freedom Hill Elementary,5/15/2025,20001,1% White Milk (Each),55,0,55,93,39,0,39,$14.04,0,0.00%,$0.00,$14.04,54,58.06%,$19.44,$33.48
Freedom Hill Elementary,5/15/2025,20014,Red Delicious Apple (Each - serving),0,0,0,0,0,0,0,$0.00,0,0.00%,$0.00,$0.00,0,0.00%,$0.00,$0.00
Freedom Hill Elementary,5/15/2025,20017,Orange (6 Slices per 1/2 cup),4,0,4,0,0,0,0,$0.00,0,0.00%,$0.00,$0.00,0,0.00%,$0.00,$0.00
Freedom Hill Elementary,5/15/2025,20031,Banana (Each),12,0,12,20,16,0,16,$3.36,0,0.00%,$0.00,$3.36,4,20.00%,$0.84,$4.20
Freedom Hill Elementary,5/15/2025,20038,Fat Free White Milk (Each),13,0,13,135,9,0,9,$2.97,0,0.00%,$0.00,$2.97,126,93.33%,$41.58,$44.55
Freedom Hill Elementary,5/15/2025,30003,Honey Cheerios Cereal (Each),8,0,8,12,2,0,2,$1.18,0,0.00%,$0.00,$1.18,10,83.33%,$5.90,$7.08
Freedom Hill Elementary,5/15/2025,30004,Blueberry Chex Cereal (Each),10,0,10,18,4,0,4,$2.36,0,0.00%,$0.00,$2.36,14,77.78%,$8.26,$10.62
Freedom Hill Elementary,5/15/2025,30006,Cinnamon Chex Cereal (Each),8,0,8,18,4,0,4,$2.36,0,0.00%,$0.00,$2.36,14,77.78%,$8.26,$10.62
Freedom Hill Elementary,5/15/2025,30007,"Cinnamon Toast Crunch Cereal, 25% Less Sugar (Each)",8,0,8,18,12,0,12,$7.08,0,0.00%,$0.00,$7.08,6,33.33%,$3.54,$10.62
Freedom Hill Elementary,5/15/2025,30008,Apple Juice (Each),36,0,36,40,40,0,40,$6.80,0,0.00%,$0.00,$6.80,0,0.00%,$0.00,$6.80
Freedom Hill Elementary,5/15/2025,30009,Orange Tangerine Juice (Each),37,0,37,40,28,0,28,$4.76,0,0.00%,$0.00,$4.76,12,30.00%,$2.04,$6.80
Freedom Hill Elementary,5/15/2025,30068,Chilled Peaches (1/2 cup (drained)),17,0,17,13,13,0,13,$6.63,0,0.00%,$0.00,$6.63,0,0.00%,$0.00,$6.63
Freedom Hill Elementary,5/15/2025,60096,Strawberry Parfait (Parfait),2,0,2,6,1,0,1,$0.99,0,0.00%,$0.00,$0.99,5,83.33%,$4.95,$5.94
Freedom Hill Elementary,5/15/2025,60125,Egg and American Cheese on Biscuit (Sandwich),5,0,5,5,0,0,0,$0.00,0,0.00%,$0.00,$0.00,5,100.00%,$0.00,$0.00
Freedom Hill Elementary,5/15/2025,60162,Chicken & Biscuit Sandwich (Sandwich),0,0,0,12,7,0,7,$3.71,5,41.67%,$2.65,$6.36,0,0.00%,$0.00,$6.36
Frost Middle,5/15/2025,10020,Bagel (Bagel),0,0,0,1,1,0,1,$0.32,0,0.00%,$0.00,$0.32,0,0.00%,$0.00,$0.32
Frost Middle,5/15/2025,10041,Mini Maple Pancakes (Package),40,0,40,60,42,0,42,$16.38,0,0.00%,$0.00,$16.38,18,30.00%,$7.02,$23.40
Frost Middle,5/15/2025,20001,1% White Milk (Each),20,0,20,33,10,0,10,$3.60,0,0.00%,$0.00,$3.60,23,69.70%,$8.28,$11.88
Frost Middle,5/15/2025,20009,Cream Cheese (Each),0,0,0,1,1,0,1,$0.29,0,0.00%,$0.00,$0.29,0,0.00%,$0.00,$0.29
Frost Middle,5/15/2025,20014,Red Delicious Apple (Each - serving),10,0,10,17,2,0,2,$0.66,0,0.00%,$0.00,$0.66,15,88.24%,$4.95,$5.61
Frost Middle,5/15/2025,20031,Banana (Each),10,0,10,10,1,0,1,$0.21,0,0.00%,$0.00,$0.21,9,90.00%,$1.89,$2.10
Frost Middle,5/15/2025,20038,Fat Free White Milk (Each),20,0,20,11,5,0,5,$1.65,0,0.00%,$0.00,$1.65,6,54.55%,$1.98,$3.63
Frost Middle,5/15/2025,30003,Honey Cheerios Cereal (Each),10,0,10,11,6,0,6,$3.54,0,0.00%,$0.00,$3.54,5,45.45%,$2.95,$6.49
Frost Middle,5/15/2025,30004,Blueberry Chex Cereal (Each),10,0,10,25,5,0,5,$2.95,0,0.00%,$0.00,$2.95,20,80.00%,$11.80,$14.75
Frost Middle,5/15/2025,30006,Cinnamon Chex Cereal (Each),10,0,10,17,8,0,8,$4.72,0,0.00%,$0.00,$4.72,9,52.94%,$5.31,$10.03
Frost Middle,5/15/2025,30007,"Cinnamon Toast Crunch Cereal, 25% Less Sugar (Each)",20,0,20,15,8,0,8,$4.72,0,0.00%,$0.00,$4.72,7,46.67%,$4.13,$8.85
Frost Middle,5/15/2025,30008,Apple Juice (Each),60,0,60,87,59,0,59,$10.03,0,0.00%,$0.00,$10.03,28,32.18%,$4.76,$14.79
Frost Middle,5/15/2025,30009,Orange Tangerine Juice (Each),30,0,30,54,34,0,34,$5.78,0,0.00%,$0.00,$5.78,20,37.04%,$3.40,$9.18
Frost Middle,5/15/2025,60096,Strawberry Parfait (Parfait),6,0,6,3,3,0,3,$2.97,0,0.00%,$0.00,$2.97,0,0.00%,$0.00,$2.97
Frost Middle,5/15/2025,60125,Egg and American Cheese on Biscuit (Sandwich),12,0,12,12,10,0,10,$4.70,0,0.00%,$0.00,$4.70,2,16.67%,$0.94,$5.64
Frost Middle,5/15/2025,60162,Chicken & Biscuit Sandwich (Sandwich),0,0,0,3,3,0,3,$1.59,0,0.00%,$0.00,$1.59,0,0.00%,$0.00,$1.59
Garfield Elementary,5/15/2025,10041,Mini Maple Pancakes (Package),108,0,108,90,90,0,90,$35.10,0,0.00%,$0.00,$35.10,0,0.00%,$0.00,$35.10
Garfield Elementary,5/15/2025,20001,1% White Milk (Each),61,0,61,61,61,0,61,$21.96,0,0.00%,$0.00,$21.96,0,0.00%,$0.00,$21.96
Garfield Elementary,5/15/2025,20014,Red Delicious Apple (Each - serving),20,0,20,14,14,0,14,$4.62,0,0.00%,$0.00,$4.62,0,0.00%,$0.00,$4.62
Garfield Elementary,5/15/2025,20038,Fat Free White Milk (Each),15,0,15,5,5,0,5,$1.65,0,0.00%,$0.00,$1.65,0,0.00%,$0.00,$1.65
Garfield Elementary,5/15/2025,30003,Honey Cheerios Cereal (Each),20,0,20,14,14,0,14,$8.26,0,0.00%,$0.00,$8.26,0,0.00%,$0.00,$8.26
Garfield Elementary,5/15/2025,30004,Blueberry Chex Cereal (Each),20,0,20,10,10,0,10,$5.90,0,0.00%,$0.00,$5.90,0,0.00%,$0.00,$5.90
Garfield Elementary,5/15/2025,30006,Cinnamon Chex Cereal (Each),20,0,20,21,21,0,21,$12.39,0,0.00%,$0.00,$12.39,0,0.00%,$0.00,$12.39
Garfield Elementary,5/15/2025,30007,"Cinnamon Toast Crunch Cereal, 25% Less Sugar (Each)",20,0,20,21,21,0,21,$12.39,0,0.00%,$0.00,$12.39,0,0.00%,$0.00,$12.39
Garfield Elementary,5/15/2025,30008,Apple Juice (Each),80,0,80,76,76,0,76,$12.92,0,0.00%,$0.00,$12.92,0,0.00%,$0.00,$12.92
Garfield Elementary,5/15/2025,30009,Orange Tangerine Juice (Each),80,0,80,49,49,0,49,$8.33,0,0.00%,$0.00,$8.33,0,0.00%,$0.00,$8.33
Garfield Elementary,5/15/2025,30068,Chilled Peaches (1/2 cup (drained)),36,0,36,35,35,0,35,$17.85,0,0.00%,$0.00,$17.85,0,0.00%,$0.00,$17.85
Garfield Elementary,5/15/2025,30093,Natural Breakfast Syrup (Each),0,0,0,34,34,0,34,$6.80,0,0.00%,$0.00,$6.80,0,0.00%,$0.00,$6.80
Garfield Elementary,5/15/2025,60096,Strawberry Parfait (Parfait),12,0,12,12,4,0,4,$3.96,0,0.00%,$0.00,$3.96,8,66.67%,$7.92,$11.88
Glasgow Middle,5/15/2025,10041,Mini Maple Pancakes (Package),84,0,84,240,200,0,200,$78.00,0,0.00%,$0.00,$78.00,40,16.67%,$15.60,$93.60
Glasgow Middle,5/15/2025,20001,1% White Milk (Each),86,0,86,75,69,0,69,$24.84,0,0.00%,$0.00,$24.84,6,8.00%,$2.16,$27.00
Glasgow Middle,5/15/2025,20014,Red Delicious Apple (Each - serving),72,0,72,85,74,0,74,$24.42,0,0.00%,$0.00,$24.42,11,12.94%,$3.63,$28.05
Glasgow Middle,5/15/2025,20017,Orange (6 Slices per 1/2 cup),82,0,82,75,69,0,69,$23.46,0,0.00%,$0.00,$23.46,6,8.00%,$2.04,$25.50
Glasgow Middle,5/15/2025,20031,Banana (Each),85,0,85,95,70,0,70,$14.70,0,0.00%,$0.00,$14.70,25,26.32%,$5.25,$19.95
Glasgow Middle,5/15/2025,20038,Fat Free White Milk (Each),37,0,37,45,33,0,33,$10.89,0,0.00%,$0.00,$10.89,12,26.67%,$3.96,$14.85
Glasgow Middle,5/15/2025,30003,Honey Cheerios Cereal (Each),28,0,28,35,25,0,25,$14.75,0,0.00%,$0.00,$14.75,10,28.57%,$5.90,$20.65
Glasgow Middle,5/15/2025,30004,Blueberry Chex Cereal (Each),28,0,28,35,25,0,25,$14.75,0,0.00%,$0.00,$14.75,10,28.57%,$5.90,$20.65
Glasgow Middle,5/15/2025,30006,Cinnamon Chex Cereal (Each),28,0,28,45,35,0,35,$20.65,0,0.00%,$0.00,$20.65,10,22.22%,$5.90,$26.55
Glasgow Middle,5/15/2025,30007,"Cinnamon Toast Crunch Cereal, 25% Less Sugar (Each)",28,0,28,45,35,0,35,$20.65,0,0.00%,$0.00,$20.65,10,22.22%,$5.90,$26.55
Glasgow Middle,5/15/2025,30008,Apple Juice (Each),329,0,329,350,324,0,324,$55.08,0,0.00%,$0.00,$55.08,26,7.43%,$4.42,$59.50
Glasgow Middle,5/15/2025,30009,Orange Tangerine Juice (Each),227,0,227,250,205,0,205,$34.85,0,0.00%,$0.00,$34.85,45,18.00%,$7.65,$42.50
Glasgow Middle,5/15/2025,60096,Strawberry Parfait (Parfait),92,0,92,140,139,0,139,$137.61,0,0.00%,$0.00,$137.61,1,0.71%,$0.99,$138.60
Glasgow Middle,5/15/2025,60125,Egg and American Cheese on Biscuit (Sandwich),67,0,67,60,50,0,50,$23.50,0,0.00%,$0.00,$23.50,10,16.67%,$4.70,$28.20
Glasgow Middle,5/15/2025,60165,Egg and American Cheese on Bagel (Sandwich),0,0,0,60,50,0,50,$29.00,0,0.00%,$0.00,$29.00,10,16.67%,$5.80,$34.80
Glen Forest Elementary,5/15/2025,10020,Bagel (Bagel),0,0,0,18,18,0,18,$5.76,0,0.00%,$0.00,$5.76,0,0.00%,$0.00,$5.76
Glen Forest Elementary,5/15/2025,10041,Mini Maple Pancakes (Package),244,0,244,294,267,0,267,$104.13,0,0.00%,$0.00,$104.13,27,9.18%,$10.53,$114.66
Glen Forest Elementary,5/15/2025,20001,1% White Milk (Each),244,0,244,170,126,0,126,$45.36,0,0.00%,$0.00,$45.36,44,25.88%,$15.84,$61.20
Glen Forest Elementary,5/15/2025,20014,Red Delicious Apple (Each - serving),50,0,50,30,18,0,18,$5.94,0,0.00%,$0.00,$5.94,12,40.00%,$3.96,$9.90
Glen Forest Elementary,5/15/2025,20038,Fat Free White Milk (Each),50,0,50,100,50,0,50,$16.50,0,0.00%,$0.00,$16.50,50,50.00%,$16.50,$33.00
Glen Forest Elementary,5/15/2025,30003,Honey Cheerios Cereal (Each),100,0,100,150,120,0,120,$70.80,0,0.00%,$0.00,$70.80,30,20.00%,$17.70,$88.50
Glen Forest Elementary,5/15/2025,30004,Blueberry Chex Cereal (Each),100,0,100,41,35,0,35,$20.65,0,0.00%,$0.00,$20.65,6,14.63%,$3.54,$24.19
Glen Forest Elementary,5/15/2025,30008,Apple Juice (Each),250,0,250,250,199,0,199,$33.83,0,0.00%,$0.00,$33.83,51,20.40%,$8.67,$42.50
Glen Forest Elementary,5/15/2025,30009,Orange Tangerine Juice (Each),250,0,250,250,187,0,187,$31.79,0,0.00%,$0.00,$31.79,63,25.20%,$10.71,$42.50
Glen Forest Elementary,5/15/2025,30068,Chilled Peaches (1/2 cup (drained)),94,0,94,74,74,0,74,$37.74,0,0.00%,$0.00,$37.74,0,0.00%,$0.00,$37.74
Glen Forest Elementary,5/15/2025,30103,"Milk, Lactose Free,  Fat Free, Shelf-Stable (Each)",0,0,0,2,2,0,2,$0.96,0,0.00%,$0.00,$0.96,0,0.00%,$0.00,$0.96
Glen Forest Elementary,5/15/2025,30188,"Milk, Soy, Plain, Bulk (12/32 oz) (1 cup)",0,0,0,2,2,0,2,$1.58,0,0.00%,$0.00,$1.58,0,0.00%,$0.00,$1.58
Glen Forest Elementary,5/15/2025,60099,"Parfait, Triple Berry (Parfait)",0,0,0,34,33,0,33,$22.44,0,0.00%,$0.00,$22.44,1,2.94%,$0.68,$23.12
Graham Road Elementary,5/15/2025,10041,Mini Maple Pancakes (Package),195,0,195,118,118,0,118,$46.02,0,0.00%,$0.00,$46.02,0,0.00%,$0.00,$46.02
Graham Road Elementary,5/15/2025,20001,1% White Milk (Each),102,0,102,121,94,0,94,$33.84,0,0.00%,$0.00,$33.84,27,22.31%,$9.72,$43.56
Graham Road Elementary,5/15/2025,20014,Red Delicious Apple (Each - serving),37,0,37,30,30,0,30,$9.90,0,0.00%,$0.00,$9.90,0,0.00%,$0.00,$9.90
Graham Road Elementary,5/15/2025,20017,Orange (6 Slices per 1/2 cup),18,0,18,0,0,0,0,$0.00,0,0.00%,$0.00,$0.00,0,0.00%,$0.00,$0.00
Graham Road Elementary,5/15/2025,20031,Banana (Each),0,0,0,0,0,0,0,$0.00,0,0.00%,$0.00,$0.00,0,0.00%,$0.00,$0.00
Graham Road Elementary,5/15/2025,20038,Fat Free White Milk (Each),5,0,5,25,7,0,7,$2.31,0,0.00%,$0.00,$2.31,18,72.00%,$5.94,$8.25
Graham Road Elementary,5/15/2025,30003,Honey Cheerios Cereal (Each),19,0,19,20,15,0,15,$8.85,0,0.00%,$0.00,$8.85,5,25.00%,$2.95,$11.80
Graham Road Elementary,5/15/2025,30004,Blueberry Chex Cereal (Each),13,0,13,20,15,0,15,$8.85,0,0.00%,$0.00,$8.85,5,25.00%,$2.95,$11.80
Graham Road Elementary,5/15/2025,30006,Cinnamon Chex Cereal (Each),15,0,15,10,9,0,9,$5.31,0,0.00%,$0.00,$5.31,1,10.00%,$0.59,$5.90
Graham Road Elementary,5/15/2025,30007,"Cinnamon Toast Crunch Cereal, 25% Less Sugar (Each)",17,0,17,21,21,0,21,$12.39,0,0.00%,$0.00,$12.39,0,0.00%,$0.00,$12.39
Graham Road Elementary,5/15/2025,30008,Apple Juice (Each),155,0,155,0,0,0,0,$0.00,0,0.00%,$0.00,$0.00,0,0.00%,$0.00,$0.00
Graham Road Elementary,5/15/2025,30009,Orange Tangerine Juice (Each),92,0,92,110,110,0,110,$18.70,0,0.00%,$0.00,$18.70,0,0.00%,$0.00,$18.70
Graham Road Elementary,5/15/2025,30068,Chilled Peaches (1/2 cup (drained)),45,0,45,46,46,0,46,$23.46,0,0.00%,$0.00,$23.46,0,0.00%,$0.00,$23.46
Graham Road Elementary,5/15/2025,60096,Strawberry Parfait (Parfait),17,0,17,15,15,0,15,$14.85,0,0.00%,$0.00,$14.85,0,0.00%,$0.00,$14.85
Graham Road Elementary,5/15/2025,60125,Egg and American Cheese on Biscuit (Sandwich),51,0,51,50,50,0,50,$23.50,0,0.00%,$0.00,$23.50,0,0.00%,$0.00,$23.50
Great Falls Elementary,5/15/2025,10041,Mini Maple Pancakes (Package),48,0,48,50,43,0,43,$16.77,0,0.00%,$0.00,$16.77,7,14.00%,$2.73,$19.50
Great Falls Elementary,5/15/2025,20001,1% White Milk (Each),9,0,9,51,6,0,6,$2.16,0,0.00%,$0.00,$2.16,45,88.24%,$16.20,$18.36
Great Falls Elementary,5/15/2025,20031,Banana (Each),0,0,0,20,5,0,5,$1.05,0,0.00%,$0.00,$1.05,15,75.00%,$3.15,$4.20
Great Falls Elementary,5/15/2025,30004,Blueberry Chex Cereal (Each),1,0,1,11,1,0,1,$0.59,0,0.00%,$0.00,$0.59,10,90.91%,$5.90,$6.49
Great Falls Elementary,5/15/2025,30006,Cinnamon Chex Cereal (Each),4,0,4,5,5,0,5,$2.95,0,0.00%,$0.00,$2.95,0,0.00%,$0.00,$2.95
Great Falls Elementary,5/15/2025,30008,Apple Juice (Each),25,0,25,28,21,0,21,$3.57,0,0.00%,$0.00,$3.57,7,25.00%,$1.19,$4.76
Great Falls Elementary,5/15/2025,30009,Orange Tangerine Juice (Each),11,0,11,35,15,0,15,$2.55,0,0.00%,$0.00,$2.55,20,57.14%,$3.40,$5.95
Great Falls Elementary,5/15/2025,30037,IW Applesauce Cup (Each),0,0,0,12,12,0,12,$3.24,0,0.00%,$0.00,$3.24,0,0.00%,$0.00,$3.24
Great Falls Elementary,5/15/2025,60096,Strawberry Parfait (Parfait),6,0,6,6,4,0,4,$3.96,0,0.00%,$0.00,$3.96,2,33.33%,$1.98,$5.94
Great Falls Elementary,5/15/2025,60125,Egg and American Cheese on Biscuit (Sandwich),4,0,4,10,3,0,3,$1.41,7,70.00%,$3.29,$4.70,0,0.00%,$0.00,$4.70
Greenbriar East Elementary,5/15/2025,10041,Mini Maple Pancakes (Package),107,0,107,140,112,0,112,$43.68,0,0.00%,$0.00,$43.68,28,20.00%,$10.92,$54.60
Greenbriar East Elementary,5/15/2025,20001,1% White Milk (Each),85,0,85,94,91,0,91,$32.76,0,0.00%,$0.00,$32.76,3,3.19%,$1.08,$33.84
Greenbriar East Elementary,5/15/2025,20014,Red Delicious Apple (Each - serving),17,0,17,20,18,0,18,$5.94,0,0.00%,$0.00,$5.94,2,10.00%,$0.66,$6.60
Greenbriar East Elementary,5/15/2025,20038,Fat Free White Milk (Each),17,0,17,50,5,0,5,$1.65,0,0.00%,$0.00,$1.65,45,90.00%,$14.85,$16.50
Greenbriar East Elementary,5/15/2025,20043,"Lactose Free, White Milk (Each)",0,0,0,1,1,0,1,$0.58,0,0.00%,$0.00,$0.58,0,0.00%,$0.00,$0.58
Greenbriar East Elementary,5/15/2025,30003,Honey Cheerios Cereal (Each),24,0,24,24,15,0,15,$8.85,0,0.00%,$0.00,$8.85,9,37.50%,$5.31,$14.16
Greenbriar East Elementary,5/15/2025,30004,Blueberry Chex Cereal (Each),11,0,11,24,19,0,19,$11.21,0,0.00%,$0.00,$11.21,5,20.83%,$2.95,$14.16
Greenbriar East Elementary,5/15/2025,30006,Cinnamon Chex Cereal (Each),14,0,14,24,21,0,21,$12.39,0,0.00%,$0.00,$12.39,3,12.50%,$1.77,$14.16
Greenbriar East Elementary,5/15/2025,30007,"Cinnamon Toast Crunch Cereal, 25% Less Sugar (Each)",26,0,26,25,20,0,20,$11.80,0,0.00%,$0.00,$11.80,5,20.00%,$2.95,$14.75
Greenbriar East Elementary,5/15/2025,30008,Apple Juice (Each),131,0,131,150,148,0,148,$25.16,0,0.00%,$0.00,$25.16,2,1.33%,$0.34,$25.50
Greenbriar East Elementary,5/15/2025,30009,Orange Tangerine Juice (Each),67,0,67,44,39,0,39,$6.63,0,0.00%,$0.00,$6.63,5,11.36%,$0.85,$7.48
Greenbriar East Elementary,5/15/2025,30068,Chilled Peaches (1/2 cup (drained)),21,0,21,20,20,0,20,$10.20,0,0.00%,$0.00,$10.20,0,0.00%,$0.00,$10.20
Greenbriar East Elementary,5/15/2025,60096,Strawberry Parfait (Parfait),5,0,5,15,9,0,9,$8.91,0,0.00%,$0.00,$8.91,6,40.00%,$5.94,$14.85
Greenbriar East Elementary,5/15/2025,60125,Egg and American Cheese on Biscuit (Sandwich),6,0,6,10,9,0,9,$4.23,1,10.00%,$0.47,$4.70,0,0.00%,$0.00,$4.70
Greenbriar West Elementary,5/15/2025,10021,Apple Cinnamon Bread (1oz Grain (1/64 Baked Pan)),0,0,0,29,17,1,18,$7.38,8,27.59%,$3.28,$10.66,3,10.34%,$1.23,$11.89
Greenbriar West Elementary,5/15/2025,10041,Mini Maple Pancakes (Package),65,2,67,72,49,0,49,$19.11,0,0.00%,$0.00,$19.11,23,31.94%,$8.97,$28.08
Greenbriar West Elementary,5/15/2025,20014,Red Delicious Apple (Each - serving),7,0,7,10,4,0,4,$1.32,0,0.00%,$0.00,$1.32,6,60.00%,$1.98,$3.30
Greenbriar West Elementary,5/15/2025,20016,String Cheese (1 Stick),0,0,0,29,17,1,18,$3.96,0,0.00%,$0.00,$3.96,11,37.93%,$2.42,$6.38
Greenbriar West Elementary,5/15/2025,20017,Orange (6 Slices per 1/2 cup),13,1,14,12,4,0,4,$1.36,0,0.00%,$0.00,$1.36,8,66.67%,$2.72,$4.08
Greenbriar West Elementary,5/15/2025,30003,Honey Cheerios Cereal (Each),16,1,17,12,4,0,4,$2.36,0,0.00%,$0.00,$2.36,8,66.67%,$4.72,$7.08
Greenbriar West Elementary,5/15/2025,30004,Blueberry Chex Cereal (Each),4,0,4,6,3,0,3,$1.77,0,0.00%,$0.00,$1.77,3,50.00%,$1.77,$3.54
Greenbriar West Elementary,5/15/2025,30006,Cinnamon Chex Cereal (Each),5,1,6,12,8,0,8,$4.72,0,0.00%,$0.00,$4.72,4,33.33%,$2.36,$7.08
Greenbriar West Elementary,5/15/2025,30008,Apple Juice (Each),65,1,66,79,51,0,51,$8.67,0,0.00%,$0.00,$8.67,28,35.44%,$4.76,$13.43
Greenbriar West Elementary,5/15/2025,30009,Orange Tangerine Juice (Each),47,1,48,79,44,0,44,$7.48,0,0.00%,$0.00,$7.48,35,44.30%,$5.95,$13.43
Greenbriar West Elementary,5/15/2025,30068,Chilled Peaches (1/2 cup (drained)),2,0,2,1,0,0,0,$0.00,0,0.00%,$0.00,$0.00,1,100.00%,$0.00,$0.00
Greenbriar West Elementary,5/15/2025,30102,1% Unflavored Shelf-Stable Milk (Each),30,2,32,25,21,0,21,$7.98,0,0.00%,$0.00,$7.98,4,16.00%,$1.52,$9.50
Greenbriar West Elementary,5/15/2025,30103,"Milk, Lactose Free,  Fat Free, Shelf-Stable (Each)",11,1,12,10,4,0,4,$1.92,0,0.00%,$0.00,$1.92,6,60.00%,$2.88,$4.80
Greenbriar West Elementary,5/15/2025,60099,"Parfait, Triple Berry (Parfait)",6,1,7,7,2,0,2,$1.36,0,0.00%,$0.00,$1.36,5,71.43%,$3.40,$4.76
Greenbriar West Elementary,5/15/2025,60165,Egg and American Cheese on Bagel (Sandwich),18,1,19,15,14,0,14,$8.12,1,6.67%,$0.58,$8.70,0,0.00%,$0.00,$8.70
Groveton Elementary,5/15/2025,10041,Mini Maple Pancakes (Package),30,0,30,143,143,0,143,$55.77,0,0.00%,$0.00,$55.77,0,0.00%,$0.00,$55.77
Groveton Elementary,5/15/2025,20001,1% White Milk (Each),157,0,157,179,135,0,135,$48.60,0,0.00%,$0.00,$48.60,44,24.58%,$15.84,$64.44
Groveton Elementary,5/15/2025,20014,Red Delicious Apple (Each - serving),45,0,45,60,60,0,60,$19.80,0,0.00%,$0.00,$19.80,0,0.00%,$0.00,$19.80
Groveton Elementary,5/15/2025,20038,Fat Free White Milk (Each),56,0,56,55,55,0,55,$18.15,0,0.00%,$0.00,$18.15,0,0.00%,$0.00,$18.15
Groveton Elementary,5/15/2025,30004,Blueberry Chex Cereal (Each),49,0,49,60,60,0,60,$35.40,0,0.00%,$0.00,$35.40,0,0.00%,$0.00,$35.40
Groveton Elementary,5/15/2025,30006,Cinnamon Chex Cereal (Each),62,0,62,75,75,0,75,$44.25,0,0.00%,$0.00,$44.25,0,0.00%,$0.00,$44.25
Groveton Elementary,5/15/2025,30009,Orange Tangerine Juice (Each),348,0,348,423,352,0,352,$59.84,0,0.00%,$0.00,$59.84,71,16.78%,$12.07,$71.91
Groveton Elementary,5/15/2025,30068,Chilled Peaches (1/2 cup (drained)),31,0,31,31,31,0,31,$15.81,0,0.00%,$0.00,$15.81,0,0.00%,$0.00,$15.81
Groveton Elementary,5/15/2025,30103,"Milk, Lactose Free,  Fat Free, Shelf-Stable (Each)",0,0,0,2,2,0,2,$0.96,0,0.00%,$0.00,$0.96,0,0.00%,$0.00,$0.96
Groveton Elementary,5/15/2025,60096,Strawberry Parfait (Parfait),24,0,24,28,28,0,28,$27.72,0,0.00%,$0.00,$27.72,0,0.00%,$0.00,$27.72
Groveton Elementary,5/15/2025,60165,Egg and American Cheese on Bagel (Sandwich),0,0,0,88,82,0,82,$47.56,0,0.00%,$0.00,$47.56,6,6.82%,$3.48,$51.04
Gunston Elementary,5/15/2025,10041,Mini Maple Pancakes (Package),105,0,105,87,87,0,87,$33.93,0,0.00%,$0.00,$33.93,0,0.00%,$0.00,$33.93
Gunston Elementary,5/15/2025,20001,1% White Milk (Each),105,0,105,144,55,0,55,$19.80,0,0.00%,$0.00,$19.80,89,61.81%,$32.04,$51.84
Gunston Elementary,5/15/2025,20014,Red Delicious Apple (Each - serving),25,0,25,20,6,0,6,$1.98,0,0.00%,$0.00,$1.98,14,70.00%,$4.62,$6.60
Gunston Elementary,5/15/2025,20017,Orange (Each - serving),25,0,25,20,11,0,11,$3.74,0,0.00%,$0.00,$3.74,9,45.00%,$3.06,$6.80
Gunston Elementary,5/15/2025,20038,Fat Free White Milk (Each),50,0,50,22,0,0,0,$0.00,0,0.00%,$0.00,$0.00,22,100.00%,$0.00,$0.00
Gunston Elementary,5/15/2025,20043,"Lactose Free, White Milk (Each)",25,0,25,22,1,0,1,$0.58,0,0.00%,$0.00,$0.58,21,95.45%,$12.18,$12.76
Gunston Elementary,5/15/2025,20047,Orange Slices (6 Slices per 1/2 cup),0,0,0,12,12,0,12,$4.80,0,0.00%,$0.00,$4.80,0,0.00%,$0.00,$4.80
Gunston Elementary,5/15/2025,30003,Honey Cheerios Cereal (Each),12,0,12,27,27,0,27,$15.93,0,0.00%,$0.00,$15.93,0,0.00%,$0.00,$15.93
Gunston Elementary,5/15/2025,30006,Cinnamon Chex Cereal (Each),25,0,25,24,24,0,24,$14.16,0,0.00%,$0.00,$14.16,0,0.00%,$0.00,$14.16
Gunston Elementary,5/15/2025,30007,"Cinnamon Toast Crunch Cereal, 25% Less Sugar (Each)",25,0,25,26,26,0,26,$15.34,0,0.00%,$0.00,$15.34,0,0.00%,$0.00,$15.34
Gunston Elementary,5/15/2025,30008,Apple Juice (Each),80,0,80,80,80,0,80,$13.60,0,0.00%,$0.00,$13.60,0,0.00%,$0.00,$13.60
Gunston Elementary,5/15/2025,30009,Orange Tangerine Juice (Each),95,0,95,86,86,0,86,$14.62,0,0.00%,$0.00,$14.62,0,0.00%,$0.00,$14.62
Gunston Elementary,5/15/2025,30034,Graham Crackers (Package),0,0,0,5,5,0,5,$0.70,0,0.00%,$0.00,$0.70,0,0.00%,$0.00,$0.70
Gunston Elementary,5/15/2025,30044,Strawberry Flavored Dried Cranberries (Each),0,0,0,20,11,0,11,$2.64,0,0.00%,$0.00,$2.64,9,45.00%,$2.16,$4.80
Gunston Elementary,5/15/2025,30061,Chilled Mandarin Oranges (1/2 cup (drained)),0,0,0,46,42,0,42,$14.28,0,0.00%,$0.00,$14.28,4,8.70%,$1.36,$15.64
Gunston Elementary,5/15/2025,30093,Natural Breakfast Syrup (Each),0,0,0,12,12,0,12,$2.40,0,0.00%,$0.00,$2.40,0,0.00%,$0.00,$2.40
Gunston Elementary,5/15/2025,60096,Strawberry Parfait (Parfait),15,0,15,8,4,0,4,$3.96,4,50.00%,$3.96,$7.92,0,0.00%,$0.00,$7.92
Gunston Elementary,5/15/2025,60125,Egg and American Cheese on Biscuit (Sandwich),25,0,25,16,12,4,16,$7.52,0,0.00%,$0.00,$7.52,0,0.00%,$0.00,$7.52
HAYFIELD SS,5/15/2025,10020,Bagel (Bagel),0,0,0,109,83,0,83,$26.56,0,0.00%,$0.00,$26.56,26,23.85%,$8.32,$34.88
HAYFIELD SS,5/15/2025,10041,Mini Maple Pancakes (Package),89,0,89,146,123,0,123,$47.97,0,0.00%,$0.00,$47.97,23,15.75%,$8.97,$56.94
HAYFIELD SS,5/15/2025,20001,1% White Milk (Each),32,0,32,68,19,0,19,$6.84,0,0.00%,$0.00,$6.84,49,72.06%,$17.64,$24.48
HAYFIELD SS,5/15/2025,20009,Cream Cheese (Each),0,0,0,179,179,0,179,$51.91,0,0.00%,$0.00,$51.91,0,0.00%,$0.00,$51.91
HAYFIELD SS,5/15/2025,20014,Red Delicious Apple (Each - serving),17,0,17,32,14,0,14,$4.62,0,0.00%,$0.00,$4.62,18,56.25%,$5.94,$10.56
HAYFIELD SS,5/15/2025,20038,Fat Free White Milk (Each),18,0,18,45,18,0,18,$5.94,0,0.00%,$0.00,$5.94,27,60.00%,$8.91,$14.85
HAYFIELD SS,5/15/2025,30003,Honey Cheerios Cereal (Each),13,0,13,17,16,0,16,$9.44,0,0.00%,$0.00,$9.44,1,5.88%,$0.59,$10.03
HAYFIELD SS,5/15/2025,30004,Blueberry Chex Cereal (Each),14,0,14,23,14,0,14,$8.26,0,0.00%,$0.00,$8.26,9,39.13%,$5.31,$13.57
HAYFIELD SS,5/15/2025,30007,"Cinnamon Toast Crunch Cereal, 25% Less Sugar (Each)",22,0,22,20,18,0,18,$10.62,0,0.00%,$0.00,$10.62,2,10.00%,$1.18,$11.80
HAYFIELD SS,5/15/2025,30008,Apple Juice (Each),170,0,170,204,189,0,189,$32.13,0,0.00%,$0.00,$32.13,15,7.35%,$2.55,$34.68
HAYFIELD SS,5/15/2025,30009,Orange Tangerine Juice (Each),138,0,138,306,130,0,130,$22.10,0,0.00%,$0.00,$22.10,176,57.52%,$29.92,$52.02
HAYFIELD SS,5/15/2025,60099,"Parfait, Triple Berry (Parfait)",0,0,0,40,40,0,40,$27.20,0,0.00%,$0.00,$27.20,0,0.00%,$0.00,$27.20
HAYFIELD SS,5/15/2025,60162,Chicken & Biscuit Sandwich (Sandwich),0,0,0,39,39,0,39,$20.67,0,0.00%,$0.00,$20.67,0,0.00%,$0.00,$20.67
HAYFIELD SS,5/15/2025,60165,Egg and American Cheese on Bagel (Sandwich),0,0,0,40,40,0,40,$23.20,0,0.00%,$0.00,$23.20,0,0.00%,$0.00,$23.20
HERNDON HS,5/15/2025,10041,Mini Maple Pancakes (Package),150,0,150,100,81,0,81,$31.59,0,0.00%,$0.00,$31.59,19,19.00%,$7.41,$39.00
HERNDON HS,5/15/2025,20001,1% White Milk (Each),50,0,50,50,24,0,24,$8.64,0,0.00%,$0.00,$8.64,26,52.00%,$9.36,$18.00
HERNDON HS,5/15/2025,20014,Red Delicious Apple (Each - serving),37,0,37,45,39,0,39,$12.87,0,0.00%,$0.00,$12.87,6,13.33%,$1.98,$14.85
HERNDON HS,5/15/2025,20017,Orange (6 Slices per 1/2 cup),34,0,34,35,34,0,34,$11.56,0,0.00%,$0.00,$11.56,1,2.86%,$0.34,$11.90
HERNDON HS,5/15/2025,20038,Fat Free White Milk (Each),30,0,30,30,16,0,16,$5.28,0,0.00%,$0.00,$5.28,14,46.67%,$4.62,$9.90
HERNDON HS,5/15/2025,30003,Honey Cheerios Cereal (Each),25,0,25,15,14,0,14,$8.26,0,0.00%,$0.00,$8.26,1,6.67%,$0.59,$8.85
HERNDON HS,5/15/2025,30004,Blueberry Chex Cereal (Each),25,0,25,10,5,0,5,$2.95,0,0.00%,$0.00,$2.95,5,50.00%,$2.95,$5.90
HERNDON HS,5/15/2025,30006,Cinnamon Chex Cereal (Each),25,0,25,10,7,0,7,$4.13,0,0.00%,$0.00,$4.13,3,30.00%,$1.77,$5.90
HERNDON HS,5/15/2025,30007,"Cinnamon Toast Crunch Cereal, 25% Less Sugar (Each)",25,0,25,10,4,0,4,$2.36,0,0.00%,$0.00,$2.36,6,60.00%,$3.54,$5.90
HERNDON HS,5/15/2025,30008,Apple Juice (Each),120,0,120,100,100,0,100,$17.00,0,0.00%,$0.00,$17.00,0,0.00%,$0.00,$17.00
HERNDON HS,5/15/2025,30009,Orange Tangerine Juice (Each),120,0,120,100,76,0,76,$12.92,0,0.00%,$0.00,$12.92,24,24.00%,$4.08,$17.00
HERNDON HS,5/15/2025,60096,Strawberry Parfait (Parfait),35,0,35,30,25,0,25,$24.75,0,0.00%,$0.00,$24.75,5,16.67%,$4.95,$29.70
HERNDON HS,5/15/2025,60125,Egg and American Cheese on Biscuit (Sandwich),60,0,60,50,45,0,45,$21.15,0,0.00%,$0.00,$21.15,5,10.00%,$2.35,$23.50
HERNDON HS,5/15/2025,60162,Chicken & Biscuit Sandwich (Sandwich),0,0,0,11,11,0,11,$5.83,0,0.00%,$0.00,$5.83,0,0.00%,$0.00,$5.83
Halley Elementary,5/15/2025,10041,Mini Maple Pancakes (Package),108,0,108,102,96,0,96,$37.44,0,0.00%,$0.00,$37.44,6,5.88%,$2.34,$39.78
Halley Elementary,5/15/2025,20001,1% White Milk (Each),80,0,80,132,121,0,121,$43.56,0,0.00%,$0.00,$43.56,11,8.33%,$3.96,$47.52
Halley Elementary,5/15/2025,20031,Banana (Each),22,0,22,75,68,0,68,$14.28,0,0.00%,$0.00,$14.28,7,9.33%,$1.47,$15.75
Halley Elementary,5/15/2025,20038,Fat Free White Milk (Each),45,0,45,24,10,0,10,$3.30,0,0.00%,$0.00,$3.30,14,58.33%,$4.62,$7.92
Halley Elementary,5/15/2025,30003,Honey Cheerios Cereal (Each),23,0,23,15,13,0,13,$7.67,0,0.00%,$0.00,$7.67,2,13.33%,$1.18,$8.85
Halley Elementary,5/15/2025,30004,Blueberry Chex Cereal (Each),14,0,14,10,6,0,6,$3.54,0,0.00%,$0.00,$3.54,4,40.00%,$2.36,$5.90
Halley Elementary,5/15/2025,30006,Cinnamon Chex Cereal (Each),19,0,19,25,23,0,23,$13.57,0,0.00%,$0.00,$13.57,2,8.00%,$1.18,$14.75
Halley Elementary,5/15/2025,30007,"Cinnamon Toast Crunch Cereal, 25% Less Sugar (Each)",27,0,27,25,22,1,23,$13.57,0,0.00%,$0.00,$13.57,2,8.00%,$1.18,$14.75
Halley Elementary,5/15/2025,30008,Apple Juice (Each),90,0,90,90,84,3,87,$14.79,0,0.00%,$0.00,$14.79,3,3.33%,$0.51,$15.30
Halley Elementary,5/15/2025,30009,Orange Tangerine Juice (Each),100,0,100,99,91,3,94,$15.98,0,0.00%,$0.00,$15.98,5,5.05%,$0.85,$16.83
Halley Elementary,5/15/2025,30068,Chilled Peaches (1/2 cup (drained)),36,0,36,32,32,0,32,$16.32,0,0.00%,$0.00,$16.32,0,0.00%,$0.00,$16.32
Halley Elementary,5/15/2025,60096,Strawberry Parfait (Parfait),10,0,10,8,7,0,7,$6.93,1,12.50%,$0.99,$7.92,0,0.00%,$0.00,$7.92
Halley Elementary,5/15/2025,60125,Egg and American Cheese on Biscuit (Sandwich),15,0,15,32,31,0,31,$14.57,1,3.13%,$0.47,$15.04,0,0.00%,$0.00,$15.04
Haycock Elementary,5/15/2025,10020,Bagel (Bagel),0,0,0,25,19,5,24,$7.68,0,0.00%,$0.00,$7.68,1,4.00%,$0.32,$8.00
Haycock Elementary,5/15/2025,10040,Blueberry Muffin Top (Muffin Top),0,0,0,12,12,0,12,$5.04,0,0.00%,$0.00,$5.04,0,0.00%,$0.00,$5.04
Haycock Elementary,5/15/2025,10041,Mini Maple Pancakes (Package),22,0,22,25,20,5,25,$9.75,0,0.00%,$0.00,$9.75,0,0.00%,$0.00,$9.75
Haycock Elementary,5/15/2025,20001,1% White Milk (Each),6,0,6,6,2,0,2,$0.72,0,0.00%,$0.00,$0.72,4,66.67%,$1.44,$2.16
Haycock Elementary,5/15/2025,20009,Cream Cheese (Each),0,0,0,30,30,0,30,$8.70,0,0.00%,$0.00,$8.70,0,0.00%,$0.00,$8.70
Haycock Elementary,5/15/2025,20014,Red Delicious Apple (Each - serving),9,0,9,20,10,0,10,$3.30,0,0.00%,$0.00,$3.30,10,50.00%,$3.30,$6.60
Haycock Elementary,5/15/2025,20016,String Cheese (1 Stick),0,0,0,12,12,0,12,$2.64,0,0.00%,$0.00,$2.64,0,0.00%,$0.00,$2.64
Haycock Elementary,5/15/2025,20017,Orange (6 Slices per 1/2 cup),5,0,5,5,4,0,4,$1.36,0,0.00%,$0.00,$1.36,1,20.00%,$0.34,$1.70
Haycock Elementary,5/15/2025,20038,Fat Free White Milk (Each),6,0,6,6,3,0,3,$0.99,0,0.00%,$0.00,$0.99,3,50.00%,$0.99,$1.98
Haycock Elementary,5/15/2025,30006,Cinnamon Chex Cereal (Each),7,0,7,24,10,7,17,$10.03,0,0.00%,$0.00,$10.03,7,29.17%,$4.13,$14.16
Haycock Elementary,5/15/2025,30008,Apple Juice (Each),73,0,73,80,60,0,60,$10.20,0,0.00%,$0.00,$10.20,20,25.00%,$3.40,$13.60
Haycock Elementary,5/15/2025,30009,Orange Tangerine Juice (Each),30,0,30,40,32,0,32,$5.44,0,0.00%,$0.00,$5.44,8,20.00%,$1.36,$6.80
Haycock Elementary,5/15/2025,30093,Natural Breakfast Syrup (Each),0,0,0,30,30,0,30,$6.00,0,0.00%,$0.00,$6.00,0,0.00%,$0.00,$6.00
Haycock Elementary,5/15/2025,60099,"Parfait, Triple Berry (Parfait)",0,0,0,2,2,0,2,$1.36,0,0.00%,$0.00,$1.36,0,0.00%,$0.00,$1.36
Hayfield Elementary,5/15/2025,10041,Mini Maple Pancakes (Package),50,0,50,58,58,0,58,$22.62,0,0.00%,$0.00,$22.62,0,0.00%,$0.00,$22.62
Hayfield Elementary,5/15/2025,20001,1% White Milk (Each),20,0,20,20,18,0,18,$6.48,0,0.00%,$0.00,$6.48,2,10.00%,$0.72,$7.20
Hayfield Elementary,5/15/2025,20017,Orange (6 Slices per 1/2 cup),10,0,10,10,10,0,10,$3.40,0,0.00%,$0.00,$3.40,0,0.00%,$0.00,$3.40
Hayfield Elementary,5/15/2025,20038,Fat Free White Milk (Each),5,0,5,5,5,0,5,$1.65,0,0.00%,$0.00,$1.65,0,0.00%,$0.00,$1.65
Hayfield Elementary,5/15/2025,30003,Honey Cheerios Cereal (Each),12,0,12,12,10,0,10,$5.90,0,0.00%,$0.00,$5.90,2,16.67%,$1.18,$7.08
Hayfield Elementary,5/15/2025,30004,Blueberry Chex Cereal (Each),12,0,12,12,3,0,3,$1.77,0,0.00%,$0.00,$1.77,9,75.00%,$5.31,$7.08
Hayfield Elementary,5/15/2025,30006,Cinnamon Chex Cereal (Each),12,0,12,12,6,0,6,$3.54,0,0.00%,$0.00,$3.54,6,50.00%,$3.54,$7.08
Hayfield Elementary,5/15/2025,30007,"Cinnamon Toast Crunch Cereal, 25% Less Sugar (Each)",12,0,12,12,12,0,12,$7.08,0,0.00%,$0.00,$7.08,0,0.00%,$0.00,$7.08
Hayfield Elementary,5/15/2025,30008,Apple Juice (Each),55,0,55,65,65,0,65,$11.05,0,0.00%,$0.00,$11.05,0,0.00%,$0.00,$11.05
Hayfield Elementary,5/15/2025,30009,Orange Tangerine Juice (Each),25,0,25,25,25,0,25,$4.25,0,0.00%,$0.00,$4.25,0,0.00%,$0.00,$4.25
Hayfield Elementary,5/15/2025,30051,Natural Grape Jam (Packet),0,0,0,12,2,0,2,$0.18,0,0.00%,$0.00,$0.18,10,83.33%,$0.90,$1.08
Hayfield Elementary,5/15/2025,30093,Natural Breakfast Syrup (Each),0,0,0,58,28,0,28,$5.60,0,0.00%,$0.00,$5.60,30,51.72%,$6.00,$11.60
Hayfield Elementary,5/15/2025,60033,Peach Parfait (Parfait),0,0,0,3,1,0,1,$1.16,0,0.00%,$0.00,$1.16,2,66.67%,$2.32,$3.48
Herndon Elementary,5/15/2025,10041,Mini Maple Pancakes (Package),32,0,32,140,128,0,128,$49.92,0,0.00%,$0.00,$49.92,12,8.57%,$4.68,$54.60
Herndon Elementary,5/15/2025,20001,1% White Milk (Each),214,0,214,204,201,0,201,$72.36,0,0.00%,$0.00,$72.36,3,1.47%,$1.08,$73.44
Herndon Elementary,5/15/2025,20014,Red Delicious Apple (Each - serving),48,0,48,50,46,0,46,$15.18,0,0.00%,$0.00,$15.18,4,8.00%,$1.32,$16.50
Herndon Elementary,5/15/2025,20038,Fat Free White Milk (Each),24,0,24,20,18,0,18,$5.94,0,0.00%,$0.00,$5.94,2,10.00%,$0.66,$6.60
Herndon Elementary,5/15/2025,30003,Honey Cheerios Cereal (Each),56,0,56,60,58,0,58,$34.22,0,0.00%,$0.00,$34.22,2,3.33%,$1.18,$35.40
Herndon Elementary,5/15/2025,30006,Cinnamon Chex Cereal (Each),55,0,55,60,56,0,56,$33.04,0,0.00%,$0.00,$33.04,4,6.67%,$2.36,$35.40
Herndon Elementary,5/15/2025,30007,"Cinnamon Toast Crunch Cereal, 25% Less Sugar (Each)",53,0,53,60,56,0,56,$33.04,0,0.00%,$0.00,$33.04,4,6.67%,$2.36,$35.40
Herndon Elementary,5/15/2025,30008,Apple Juice (Each),166,0,166,160,155,0,155,$26.35,0,0.00%,$0.00,$26.35,5,3.13%,$0.85,$27.20
Herndon Elementary,5/15/2025,30009,Orange Tangerine Juice (Each),159,0,159,160,156,0,156,$26.52,0,0.00%,$0.00,$26.52,4,2.50%,$0.68,$27.20
Herndon Elementary,5/15/2025,30068,Chilled Peaches (1/2 cup (drained)),32,0,32,30,30,0,30,$15.30,0,0.00%,$0.00,$15.30,0,0.00%,$0.00,$15.30
Herndon Elementary,5/15/2025,30103,"Milk, Lactose Free,  Fat Free, Shelf-Stable (Each)",0,0,0,1,1,0,1,$0.48,0,0.00%,$0.00,$0.48,0,0.00%,$0.00,$0.48
Herndon Elementary,5/15/2025,60096,Strawberry Parfait (Parfait),12,0,12,16,14,0,14,$13.86,2,12.50%,$1.98,$15.84,0,0.00%,$0.00,$15.84
Herndon Elementary,5/15/2025,60125,Egg and American Cheese on Biscuit (Sandwich),33,0,33,20,19,0,19,$8.93,1,5.00%,$0.47,$9.40,0,0.00%,$0.00,$9.40
Herndon Middle,5/15/2025,10041,Mini Maple Pancakes (Package),240,0,240,216,216,0,216,$84.24,0,0.00%,$0.00,$84.24,0,0.00%,$0.00,$84.24
Herndon Middle,5/15/2025,20001,1% White Milk (Each),49,0,49,50,31,0,31,$11.16,0,0.00%,$0.00,$11.16,19,38.00%,$6.84,$18.00
Herndon Middle,5/15/2025,20014,Red Delicious Apple (Each - serving),52,0,52,60,42,0,42,$13.86,0,0.00%,$0.00,$13.86,18,30.00%,$5.94,$19.80
Herndon Middle,5/15/2025,20038,Fat Free White Milk (Each),28,0,28,30,17,0,17,$5.61,0,0.00%,$0.00,$5.61,13,43.33%,$4.29,$9.90
Herndon Middle,5/15/2025,30003,Honey Cheerios Cereal (Each),70,0,70,50,48,0,48,$28.32,0,0.00%,$0.00,$28.32,2,4.00%,$1.18,$29.50
Herndon Middle,5/15/2025,30006,Cinnamon Chex Cereal (Each),60,0,60,20,16,0,16,$9.44,0,0.00%,$0.00,$9.44,4,20.00%,$2.36,$11.80
Herndon Middle,5/15/2025,30007,"Cinnamon Toast Crunch Cereal, 25% Less Sugar (Each)",93,0,93,40,39,0,39,$23.01,0,0.00%,$0.00,$23.01,1,2.50%,$0.59,$23.60
Herndon Middle,5/15/2025,30008,Apple Juice (Each),339,0,339,360,338,0,338,$57.46,0,0.00%,$0.00,$57.46,22,6.11%,$3.74,$61.20
Herndon Middle,5/15/2025,30009,Orange Tangerine Juice (Each),37,0,37,40,30,0,30,$5.10,0,0.00%,$0.00,$5.10,10,25.00%,$1.70,$6.80
Herndon Middle,5/15/2025,60034,Mandarin Orange Parfait (Parfait),0,0,0,6,6,0,6,$5.94,0,0.00%,$0.00,$5.94,0,0.00%,$0.00,$5.94
Herndon Middle,5/15/2025,60125,Egg and American Cheese on Biscuit (Sandwich),48,0,48,48,48,0,48,$22.56,0,0.00%,$0.00,$22.56,0,0.00%,$0.00,$22.56
Hollin Meadows Elementary,5/15/2025,10041,Mini Maple Pancakes (Package),231,0,231,306,282,0,282,$109.98,0,0.00%,$0.00,$109.98,24,7.84%,$9.36,$119.34
Hollin Meadows Elementary,5/15/2025,20001,1% White Milk (Each),90,0,90,93,74,0,74,$26.64,0,0.00%,$0.00,$26.64,19,20.43%,$6.84,$33.48
Hollin Meadows Elementary,5/15/2025,20014,Red Delicious Apple (Each - serving),121,0,121,125,116,0,116,$38.28,0,0.00%,$0.00,$38.28,9,7.20%,$2.97,$41.25
Hollin Meadows Elementary,5/15/2025,20017,Orange (6 Slices per 1/2 cup),11,0,11,12,12,0,12,$4.08,0,0.00%,$0.00,$4.08,0,0.00%,$0.00,$4.08
Hollin Meadows Elementary,5/15/2025,20031,Banana (Each),11,0,11,18,18,0,18,$3.78,0,0.00%,$0.00,$3.78,0,0.00%,$0.00,$3.78
Hollin Meadows Elementary,5/15/2025,20038,Fat Free White Milk (Each),12,0,12,15,9,0,9,$2.97,0,0.00%,$0.00,$2.97,6,40.00%,$1.98,$4.95
Hollin Meadows Elementary,5/15/2025,30004,Blueberry Chex Cereal (Each),103,0,103,90,84,0,84,$49.56,0,0.00%,$0.00,$49.56,6,6.67%,$3.54,$53.10
Hollin Meadows Elementary,5/15/2025,30008,Apple Juice (Each),372,0,372,400,381,0,381,$64.77,0,0.00%,$0.00,$64.77,19,4.75%,$3.23,$68.00
Hollin Meadows Elementary,5/15/2025,30068,Chilled Peaches (1/2 cup (drained)),18,0,18,18,18,0,18,$9.18,0,0.00%,$0.00,$9.18,0,0.00%,$0.00,$9.18
Hollin Meadows Elementary,5/15/2025,60096,Strawberry Parfait (Parfait),45,0,45,45,33,0,33,$32.67,0,0.00%,$0.00,$32.67,12,26.67%,$11.88,$44.55
Holmes Middle,5/15/2025,10020,Bagel (Bagel),0,0,0,470,470,0,470,$150.40,0,0.00%,$0.00,$150.40,0,0.00%,$0.00,$150.40
Holmes Middle,5/15/2025,10041,Mini Maple Pancakes (Package),600,0,600,74,74,0,74,$28.86,0,0.00%,$0.00,$28.86,0,0.00%,$0.00,$28.86
Holmes Middle,5/15/2025,20001,1% White Milk (Each),50,0,50,62,33,0,33,$11.88,0,0.00%,$0.00,$11.88,29,46.77%,$10.44,$22.32
Holmes Middle,5/15/2025,20009,Cream Cheese (Each),0,0,0,470,470,0,470,$136.30,0,0.00%,$0.00,$136.30,0,0.00%,$0.00,$136.30
Holmes Middle,5/15/2025,20038,Fat Free White Milk (Each),50,0,50,89,49,0,49,$16.17,0,0.00%,$0.00,$16.17,40,44.94%,$13.20,$29.37
Holmes Middle,5/15/2025,30004,Blueberry Chex Cereal (Each),201,0,201,60,59,0,59,$34.81,0,0.00%,$0.00,$34.81,1,1.67%,$0.59,$35.40
Holmes Middle,5/15/2025,30006,Cinnamon Chex Cereal (Each),146,0,146,138,128,0,128,$75.52,0,0.00%,$0.00,$75.52,10,7.25%,$5.90,$81.42
Holmes Middle,5/15/2025,30008,Apple Juice (Each),450,0,450,435,430,0,430,$73.10,0,0.00%,$0.00,$73.10,5,1.15%,$0.85,$73.95
Holmes Middle,5/15/2025,30009,Orange Tangerine Juice (Each),418,0,418,429,428,0,428,$72.76,0,0.00%,$0.00,$72.76,1,0.23%,$0.17,$72.93
Holmes Middle,5/15/2025,60090,Assorted Craisins (Packet),0,0,0,75,45,0,45,$10.80,0,0.00%,$0.00,$10.80,30,40.00%,$7.20,$18.00
Holmes Middle,5/15/2025,60096,Strawberry Parfait (Parfait),21,0,21,20,19,0,19,$18.81,0,0.00%,$0.00,$18.81,1,5.00%,$0.99,$19.80
Holmes Middle,5/15/2025,60125,Egg and American Cheese on Biscuit (Sandwich),100,0,100,68,68,0,68,$31.96,0,0.00%,$0.00,$31.96,0,0.00%,$0.00,$31.96
Hughes Middle,5/15/2025,10041,Mini Maple Pancakes (Package),54,0,54,80,59,0,59,$23.01,0,0.00%,$0.00,$23.01,21,26.25%,$8.19,$31.20
Hughes Middle,5/15/2025,20001,1% White Milk (Each),18,0,18,40,8,0,8,$2.88,0,0.00%,$0.00,$2.88,32,80.00%,$11.52,$14.40
Hughes Middle,5/15/2025,20017,Orange (6 Slices per 1/2 cup),5,0,5,60,11,0,11,$3.74,0,0.00%,$0.00,$3.74,49,81.67%,$16.66,$20.40
Hughes Middle,5/15/2025,20038,Fat Free White Milk (Each),10,0,10,30,0,0,0,$0.00,0,0.00%,$0.00,$0.00,30,100.00%,$0.00,$0.00
Hughes Middle,5/15/2025,30003,Honey Cheerios Cereal (Each),15,0,15,18,12,0,12,$7.08,0,0.00%,$0.00,$7.08,6,33.33%,$3.54,$10.62
Hughes Middle,5/15/2025,30004,Blueberry Chex Cereal (Each),5,0,5,5,0,0,0,$0.00,0,0.00%,$0.00,$0.00,5,100.00%,$0.00,$0.00
Hughes Middle,5/15/2025,30006,Cinnamon Chex Cereal (Each),9,0,9,18,13,0,13,$7.67,0,0.00%,$0.00,$7.67,5,27.78%,$2.95,$10.62
Hughes Middle,5/15/2025,30007,"Cinnamon Toast Crunch Cereal, 25% Less Sugar (Each)",17,0,17,18,17,0,17,$10.03,0,0.00%,$0.00,$10.03,1,5.56%,$0.59,$10.62
Hughes Middle,5/15/2025,30008,Apple Juice (Each),56,0,56,80,70,0,70,$11.90,0,0.00%,$0.00,$11.90,10,12.50%,$1.70,$13.60
Hughes Middle,5/15/2025,30009,Orange Tangerine Juice (Each),54,0,54,80,68,0,68,$11.56,0,0.00%,$0.00,$11.56,12,15.00%,$2.04,$13.60
Hughes Middle,5/15/2025,60096,Strawberry Parfait (Parfait),2,0,2,6,0,0,0,$0.00,0,0.00%,$0.00,$0.00,6,100.00%,$0.00,$0.00
Hughes Middle,5/15/2025,60125,Egg and American Cheese on Biscuit (Sandwich),13,0,13,20,18,0,18,$8.46,0,0.00%,$0.00,$8.46,2,10.00%,$0.94,$9.40
Hunt Valley Elementary,5/15/2025,10020,Bagel (Bagel),20,0,20,18,13,5,18,$5.76,0,0.00%,$0.00,$5.76,0,0.00%,$0.00,$5.76
Hunt Valley Elementary,5/15/2025,10021,Apple Cinnamon Bread (2oz Grain (1/32 Baked Pan)),10,0,10,27,22,5,27,$22.14,0,0.00%,$0.00,$22.14,0,0.00%,$0.00,$22.14
Hunt Valley Elementary,5/15/2025,10023,Blueberry Bread (1oz Grain (1/64 Baked Pan)),12,0,12,3,3,0,3,$1.23,0,0.00%,$0.00,$1.23,0,0.00%,$0.00,$1.23
Hunt Valley Elementary,5/15/2025,10041,Mini Maple Pancakes (Package),35,0,35,46,35,10,45,$17.55,0,0.00%,$0.00,$17.55,1,2.17%,$0.39,$17.94
Hunt Valley Elementary,5/15/2025,20001,1% White Milk (Each),20,0,20,24,24,0,24,$8.64,0,0.00%,$0.00,$8.64,0,0.00%,$0.00,$8.64
Hunt Valley Elementary,5/15/2025,20009,Cream Cheese (Each),20,0,20,18,13,5,18,$5.22,0,0.00%,$0.00,$5.22,0,0.00%,$0.00,$5.22
Hunt Valley Elementary,5/15/2025,20014,Red Delicious Apple (Each - serving),6,0,6,6,2,0,2,$0.66,0,0.00%,$0.00,$0.66,4,66.67%,$1.32,$1.98
Hunt Valley Elementary,5/15/2025,20016,String Cheese (1 Stick),0,0,0,3,3,0,3,$0.66,0,0.00%,$0.00,$0.66,0,0.00%,$0.00,$0.66
Hunt Valley Elementary,5/15/2025,30003,Honey Cheerios Cereal (Each),16,0,16,30,10,0,10,$5.90,0,0.00%,$0.00,$5.90,20,66.67%,$11.80,$17.70
Hunt Valley Elementary,5/15/2025,30004,Blueberry Chex Cereal (Each),4,0,4,6,1,0,1,$0.59,0,0.00%,$0.00,$0.59,5,83.33%,$2.95,$3.54
Hunt Valley Elementary,5/15/2025,30006,Cinnamon Chex Cereal (Each),8,0,8,12,9,0,9,$5.31,0,0.00%,$0.00,$5.31,3,25.00%,$1.77,$7.08
Hunt Valley Elementary,5/15/2025,30007,"Cinnamon Toast Crunch Cereal, 25% Less Sugar (Each)",20,0,20,24,20,0,20,$11.80,0,0.00%,$0.00,$11.80,4,16.67%,$2.36,$14.16
Hunt Valley Elementary,5/15/2025,30008,Apple Juice (Each),80,0,80,100,81,15,96,$16.32,0,0.00%,$0.00,$16.32,4,4.00%,$0.68,$17.00
Hunt Valley Elementary,5/15/2025,30009,Orange Tangerine Juice (Each),40,0,40,40,34,5,39,$6.63,0,0.00%,$0.00,$6.63,1,2.50%,$0.17,$6.80
Hunt Valley Elementary,5/15/2025,30097,Bottled Water (Bottle),0,0,0,6,6,0,6,$0.96,0,0.00%,$0.00,$0.96,0,0.00%,$0.00,$0.96
Hunt Valley Elementary,5/15/2025,30108,Fat Free Unflavored Shelf-Stable Milk (Each),0,0,0,5,5,0,5,$1.90,0,0.00%,$0.00,$1.90,0,0.00%,$0.00,$1.90
Hunt Valley Elementary,5/15/2025,60096,Strawberry Parfait (Parfait),11,0,11,10,4,3,7,$6.93,0,0.00%,$0.00,$6.93,3,30.00%,$2.97,$9.90
Hunt Valley Elementary,5/15/2025,60125,Egg and American Cheese on Biscuit (Sandwich),3,0,3,2,1,0,1,$0.47,0,0.00%,$0.00,$0.47,1,50.00%,$0.47,$0.94
Hunters Woods Elementary,5/15/2025,10041,Mini Maple Pancakes (Package),47,0,47,55,55,0,55,$21.45,0,0.00%,$0.00,$21.45,0,0.00%,$0.00,$21.45
Hunters Woods Elementary,5/15/2025,20001,1% White Milk (Each),46,0,46,44,34,0,34,$12.24,0,0.00%,$0.00,$12.24,10,22.73%,$3.60,$15.84
Hunters Woods Elementary,5/15/2025,20014,Red Delicious Apple (Each - serving),15,0,15,15,10,0,10,$3.30,0,0.00%,$0.00,$3.30,5,33.33%,$1.65,$4.95
Hunters Woods Elementary,5/15/2025,20038,Fat Free White Milk (Each),20,0,20,17,4,0,4,$1.32,0,0.00%,$0.00,$1.32,13,76.47%,$4.29,$5.61
Hunters Woods Elementary,5/15/2025,20043,"Lactose Free, White Milk (Each)",2,0,2,2,2,0,2,$1.16,0,0.00%,$0.00,$1.16,0,0.00%,$0.00,$1.16
Hunters Woods Elementary,5/15/2025,30006,Cinnamon Chex Cereal (Each),1,0,1,1,1,0,1,$0.59,0,0.00%,$0.00,$0.59,0,0.00%,$0.00,$0.59
Hunters Woods Elementary,5/15/2025,30007,"Cinnamon Toast Crunch Cereal, 25% Less Sugar (Each)",8,0,8,25,22,0,22,$12.98,0,0.00%,$0.00,$12.98,3,12.00%,$1.77,$14.75
Hunters Woods Elementary,5/15/2025,30008,Apple Juice (Each),60,0,60,75,72,0,72,$12.24,0,0.00%,$0.00,$12.24,3,4.00%,$0.51,$12.75
Hunters Woods Elementary,5/15/2025,30009,Orange Tangerine Juice (Each),10,0,10,10,6,0,6,$1.02,0,0.00%,$0.00,$1.02,4,40.00%,$0.68,$1.70
Hunters Woods Elementary,5/15/2025,30068,Chilled Peaches (1/2 cup (drained)),18,0,18,16,16,0,16,$8.16,0,0.00%,$0.00,$8.16,0,0.00%,$0.00,$8.16
Hunters Woods Elementary,5/15/2025,60096,Strawberry Parfait (Parfait),5,0,5,5,4,0,4,$3.96,0,0.00%,$0.00,$3.96,1,20.00%,$0.99,$4.95
Hunters Woods Elementary,5/15/2025,60179,Egg and American Cheese on Bagel (Sandwich),15,0,15,15,7,0,7,$2.66,8,53.33%,$3.04,$5.70,0,0.00%,$0.00,$5.70
Hutchison Elementary,5/15/2025,10041,Mini Maple Pancakes (Package),261,0,261,230,211,0,211,$82.29,0,0.00%,$0.00,$82.29,19,8.26%,$7.41,$89.70
Hutchison Elementary,5/15/2025,20001,1% White Milk (Each),165,0,165,158,134,0,134,$48.24,0,0.00%,$0.00,$48.24,24,15.19%,$8.64,$56.88
Hutchison Elementary,5/15/2025,20014,Red Delicious Apple (Each - serving),33,0,33,48,26,0,26,$8.58,0,0.00%,$0.00,$8.58,22,45.83%,$7.26,$15.84
Hutchison Elementary,5/15/2025,20038,Fat Free White Milk (Each),15,0,15,20,13,0,13,$4.29,0,0.00%,$0.00,$4.29,7,35.00%,$2.31,$6.60
Hutchison Elementary,5/15/2025,20043,"Lactose Free, White Milk (Each)",0,0,0,6,6,0,6,$3.48,0,0.00%,$0.00,$3.48,0,0.00%,$0.00,$3.48
Hutchison Elementary,5/15/2025,30003,Honey Cheerios Cereal (Each),60,0,60,75,60,0,60,$35.40,0,0.00%,$0.00,$35.40,15,20.00%,$8.85,$44.25
Hutchison Elementary,5/15/2025,30004,Blueberry Chex Cereal (Each),61,0,61,80,50,0,50,$29.50,0,0.00%,$0.00,$29.50,30,37.50%,$17.70,$47.20
Hutchison Elementary,5/15/2025,30006,Cinnamon Chex Cereal (Each),60,0,60,80,50,0,50,$29.50,0,0.00%,$0.00,$29.50,30,37.50%,$17.70,$47.20
Hutchison Elementary,5/15/2025,30008,Apple Juice (Each),399,0,399,495,441,0,441,$74.97,0,0.00%,$0.00,$74.97,54,10.91%,$9.18,$84.15
Hutchison Elementary,5/15/2025,30068,Chilled Peaches (1/2 cup (drained)),55,0,55,54,54,0,54,$27.54,0,0.00%,$0.00,$27.54,0,0.00%,$0.00,$27.54
Hutchison Elementary,5/15/2025,60096,Strawberry Parfait (Parfait),11,0,11,19,16,0,16,$15.84,0,0.00%,$0.00,$15.84,3,15.79%,$2.97,$18.81
Hutchison Elementary,5/15/2025,60125,Egg and American Cheese on Biscuit (Sandwich),36,0,36,41,40,0,40,$18.80,0,0.00%,$0.00,$18.80,1,2.44%,$0.47,$19.27
Hybla Valley Elementary,5/15/2025,10041,Mini Maple Pancakes (Package),176,0,176,357,349,0,349,$136.11,0,0.00%,$0.00,$136.11,8,2.24%,$3.12,$139.23
Hybla Valley Elementary,5/15/2025,20001,1% White Milk (Each),148,0,148,580,168,0,168,$60.48,0,0.00%,$0.00,$60.48,412,71.03%,$148.32,$208.80
Hybla Valley Elementary,5/15/2025,20014,Red Delicious Apple (Each - serving),177,0,177,200,120,0,120,$39.60,0,0.00%,$0.00,$39.60,80,40.00%,$26.40,$66.00
Hybla Valley Elementary,5/15/2025,20038,Fat Free White Milk (Each),8,0,8,0,0,0,0,$0.00,0,0.00%,$0.00,$0.00,0,0.00%,$0.00,$0.00
Hybla Valley Elementary,5/15/2025,20043,"Lactose Free, White Milk (Each)",0,0,0,1,1,0,1,$0.58,0,0.00%,$0.00,$0.58,0,0.00%,$0.00,$0.58
Hybla Valley Elementary,5/15/2025,30003,Honey Cheerios Cereal (Each),40,0,40,100,100,0,100,$59.00,0,0.00%,$0.00,$59.00,0,0.00%,$0.00,$59.00
Hybla Valley Elementary,5/15/2025,30004,Blueberry Chex Cereal (Each),32,0,32,0,0,0,0,$0.00,0,0.00%,$0.00,$0.00,0,0.00%,$0.00,$0.00
Hybla Valley Elementary,5/15/2025,30006,Cinnamon Chex Cereal (Each),3,0,3,0,0,0,0,$0.00,0,0.00%,$0.00,$0.00,0,0.00%,$0.00,$0.00
Hybla Valley Elementary,5/15/2025,30007,"Cinnamon Toast Crunch Cereal, 25% Less Sugar (Each)",83,0,83,60,60,0,60,$35.40,0,0.00%,$0.00,$35.40,0,0.00%,$0.00,$35.40
Hybla Valley Elementary,5/15/2025,30008,Apple Juice (Each),385,0,385,325,227,0,227,$38.59,0,0.00%,$0.00,$38.59,98,30.15%,$16.66,$55.25
Hybla Valley Elementary,5/15/2025,30009,Orange Tangerine Juice (Each),61,0,61,300,211,0,211,$35.87,0,0.00%,$0.00,$35.87,89,29.67%,$15.13,$51.00
Hybla Valley Elementary,5/15/2025,30068,Chilled Peaches (1/2 cup (drained)),18,0,18,18,18,0,18,$9.18,0,0.00%,$0.00,$9.18,0,0.00%,$0.00,$9.18
Hybla Valley Elementary,5/15/2025,60096,Strawberry Parfait (Parfait),50,0,50,112,90,0,90,$89.10,0,0.00%,$0.00,$89.10,22,19.64%,$21.78,$110.88
Hybla Valley Elementary,5/15/2025,60149,Hot Turkey & Cheese (sandwich),0,0,0,48,48,0,48,$62.40,0,0.00%,$0.00,$62.40,0,0.00%,$0.00,$62.40
Irving Middle,5/15/2025,10041,Mini Maple Pancakes (Package),45,0,45,42,31,1,32,$12.48,0,0.00%,$0.00,$12.48,10,23.81%,$3.90,$16.38
Irving Middle,5/15/2025,20001,1% White Milk (Each),13,0,13,15,12,0,12,$4.32,0,0.00%,$0.00,$4.32,3,20.00%,$1.08,$5.40
Irving Middle,5/15/2025,20031,Banana (Each),10,0,10,10,3,0,3,$0.63,0,0.00%,$0.00,$0.63,7,70.00%,$1.47,$2.10
Irving Middle,5/15/2025,20038,Fat Free White Milk (Each),7,0,7,10,5,0,5,$1.65,0,0.00%,$0.00,$1.65,5,50.00%,$1.65,$3.30
Irving Middle,5/15/2025,30003,Honey Cheerios Cereal (Each),5,0,5,10,3,0,3,$1.77,0,0.00%,$0.00,$1.77,7,70.00%,$4.13,$5.90
Irving Middle,5/15/2025,30004,Blueberry Chex Cereal (Each),2,0,2,10,2,0,2,$1.18,0,0.00%,$0.00,$1.18,8,80.00%,$4.72,$5.90
Irving Middle,5/15/2025,30006,Cinnamon Chex Cereal (Each),5,0,5,10,2,0,2,$1.18,0,0.00%,$0.00,$1.18,8,80.00%,$4.72,$5.90
Irving Middle,5/15/2025,30007,"Cinnamon Toast Crunch Cereal, 25% Less Sugar (Each)",11,0,11,10,10,0,10,$5.90,0,0.00%,$0.00,$5.90,0,0.00%,$0.00,$5.90
Irving Middle,5/15/2025,30008,Apple Juice (Each),42,0,42,50,49,0,49,$8.33,0,0.00%,$0.00,$8.33,1,2.00%,$0.17,$8.50
Irving Middle,5/15/2025,30009,Orange Tangerine Juice (Each),10,0,10,20,12,0,12,$2.04,0,0.00%,$0.00,$2.04,8,40.00%,$1.36,$3.40
Irving Middle,5/15/2025,60096,Strawberry Parfait (Parfait),4,0,4,4,1,0,1,$0.99,0,0.00%,$0.00,$0.99,3,75.00%,$2.97,$3.96
Irving Middle,5/15/2025,60125,Egg and American Cheese on Biscuit (Sandwich),2,0,2,2,0,0,0,$0.00,2,100.00%,$0.00,$0.00,0,0.00%,$0.00,$0.00
Irving Middle,5/15/2025,60178,Apple Cinnamon Bread (Grain for entree) (1 square),0,0,0,11,11,0,11,$4.51,0,0.00%,$0.00,$4.51,0,0.00%,$0.00,$4.51
Jefferson High,5/15/2025,10041,Mini Maple Pancakes (Package),40,0,40,21,21,0,21,$8.19,0,0.00%,$0.00,$8.19,0,0.00%,$0.00,$8.19
Jefferson High,5/15/2025,20001,1% White Milk (Each),18,0,18,40,34,0,34,$12.24,0,0.00%,$0.00,$12.24,6,15.00%,$2.16,$14.40
Jefferson High,5/15/2025,20014,Red Delicious Apple (Each - serving),31,0,31,40,35,0,35,$11.55,0,0.00%,$0.00,$11.55,5,12.50%,$1.65,$13.20
Jefferson High,5/15/2025,20017,Orange (6 Slices per 1/2 cup),0,0,0,0,0,0,0,$0.00,0,0.00%,$0.00,$0.00,0,0.00%,$0.00,$0.00
Jefferson High,5/15/2025,20031,Banana (Each),28,0,28,0,0,0,0,$0.00,0,0.00%,$0.00,$0.00,0,0.00%,$0.00,$0.00
Jefferson High,5/15/2025,20038,Fat Free White Milk (Each),14,0,14,40,37,0,37,$12.21,0,0.00%,$0.00,$12.21,3,7.50%,$0.99,$13.20
Jefferson High,5/15/2025,30003,Honey Cheerios Cereal (Each),14,0,14,15,14,0,14,$8.26,0,0.00%,$0.00,$8.26,1,6.67%,$0.59,$8.85
Jefferson High,5/15/2025,30004,Blueberry Chex Cereal (Each),13,0,13,15,13,0,13,$7.67,0,0.00%,$0.00,$7.67,2,13.33%,$1.18,$8.85
Jefferson High,5/15/2025,30006,Cinnamon Chex Cereal (Each),11,0,11,15,13,0,13,$7.67,0,0.00%,$0.00,$7.67,2,13.33%,$1.18,$8.85
Jefferson High,5/15/2025,30007,"Cinnamon Toast Crunch Cereal, 25% Less Sugar (Each)",16,0,16,15,14,0,14,$8.26,0,0.00%,$0.00,$8.26,1,6.67%,$0.59,$8.85
Jefferson High,5/15/2025,30008,Apple Juice (Each),42,0,42,40,40,0,40,$6.80,0,0.00%,$0.00,$6.80,0,0.00%,$0.00,$6.80
Jefferson High,5/15/2025,30009,Orange Tangerine Juice (Each),40,0,40,40,35,0,35,$5.95,0,0.00%,$0.00,$5.95,5,12.50%,$0.85,$6.80
Jefferson High,5/15/2025,60096,Strawberry Parfait (Parfait),5,0,5,11,3,0,3,$2.97,0,0.00%,$0.00,$2.97,8,72.73%,$7.92,$10.89
Jefferson High,5/15/2025,60125,Egg and American Cheese on Biscuit (Sandwich),19,0,19,24,24,0,24,$11.28,0,0.00%,$0.00,$11.28,0,0.00%,$0.00,$11.28
Johnson Middle,5/15/2025,10041,Mini Maple Pancakes (Package),72,0,72,72,71,0,71,$27.69,1,1.39%,$0.39,$28.08,0,0.00%,$0.00,$28.08
Johnson Middle,5/15/2025,20001,1% White Milk (Each),20,0,20,16,12,0,12,$4.32,0,0.00%,$0.00,$4.32,4,25.00%,$1.44,$5.76
Johnson Middle,5/15/2025,20014,Red Delicious Apple (Each - serving),15,0,15,15,14,0,14,$4.62,0,0.00%,$0.00,$4.62,1,6.67%,$0.33,$4.95
Johnson Middle,5/15/2025,20038,Fat Free White Milk (Each),11,0,11,8,4,0,4,$1.32,0,0.00%,$0.00,$1.32,4,50.00%,$1.32,$2.64
Johnson Middle,5/15/2025,30003,Honey Cheerios Cereal (Each),48,0,48,48,31,0,31,$18.29,1,2.08%,$0.59,$18.88,16,33.33%,$9.44,$28.32
Johnson Middle,5/15/2025,30004,Blueberry Chex Cereal (Each),18,0,18,24,14,0,14,$8.26,0,0.00%,$0.00,$8.26,10,41.67%,$5.90,$14.16
Johnson Middle,5/15/2025,30006,Cinnamon Chex Cereal (Each),48,0,48,48,32,0,32,$18.88,0,0.00%,$0.00,$18.88,16,33.33%,$9.44,$28.32
Johnson Middle,5/15/2025,30007,"Cinnamon Toast Crunch Cereal, 25% Less Sugar (Each)",48,0,48,48,46,0,46,$27.14,0,0.00%,$0.00,$27.14,2,4.17%,$1.18,$28.32
Johnson Middle,5/15/2025,30008,Apple Juice (Each),165,0,165,221,179,0,179,$30.43,0,0.00%,$0.00,$30.43,42,19.00%,$7.14,$37.57
Johnson Middle,5/15/2025,30009,Orange Tangerine Juice (Each),46,0,46,41,36,0,36,$6.12,0,0.00%,$0.00,$6.12,5,12.20%,$0.85,$6.97
Johnson Middle,5/15/2025,30046,Granola (1/4 cup),0,0,0,7,2,0,2,$0.46,0,0.00%,$0.00,$0.46,5,71.43%,$1.15,$1.61
Johnson Middle,5/15/2025,30097,Bottled Water (Bottle),10,0,10,10,6,0,6,$0.96,0,0.00%,$0.00,$0.96,4,40.00%,$0.64,$1.60
Johnson Middle,5/15/2025,60096,Strawberry Parfait (Parfait),8,0,8,7,2,0,2,$1.98,0,0.00%,$0.00,$1.98,5,71.43%,$4.95,$6.93
Johnson Middle,5/15/2025,60125,Egg and American Cheese on Biscuit (Sandwich),12,0,12,8,6,0,6,$2.82,0,0.00%,$0.00,$2.82,2,25.00%,$0.94,$3.76
Johnson Middle,5/15/2025,60162,Chicken & Biscuit Sandwich (Sandwich),0,0,0,13,13,0,13,$6.89,0,0.00%,$0.00,$6.89,0,0.00%,$0.00,$6.89
Justice High,5/15/2025,10020,Bagel (Bagel),0,0,0,85,85,0,85,$27.20,0,0.00%,$0.00,$27.20,0,0.00%,$0.00,$27.20
Justice High,5/15/2025,10041,Mini Maple Pancakes (Package),214,0,214,150,102,0,102,$39.78,0,0.00%,$0.00,$39.78,48,32.00%,$18.72,$58.50
Justice High,5/15/2025,20001,1% White Milk (Each),54,0,54,100,50,0,50,$18.00,0,0.00%,$0.00,$18.00,50,50.00%,$18.00,$36.00
Justice High,5/15/2025,20009,Cream Cheese (Each),0,0,0,85,85,0,85,$24.65,0,0.00%,$0.00,$24.65,0,0.00%,$0.00,$24.65
Justice High,5/15/2025,20014,Red Delicious Apple (Each - serving),34,0,34,50,42,0,42,$13.86,0,0.00%,$0.00,$13.86,8,16.00%,$2.64,$16.50
Justice High,5/15/2025,20017,Orange (6 Slices per 1/2 cup),25,0,25,50,32,0,32,$10.88,0,0.00%,$0.00,$10.88,18,36.00%,$6.12,$17.00
Justice High,5/15/2025,20038,Fat Free White Milk (Each),30,0,30,50,17,0,17,$5.61,0,0.00%,$0.00,$5.61,33,66.00%,$10.89,$16.50
Justice High,5/15/2025,30003,Honey Cheerios Cereal (Each),50,0,50,50,29,0,29,$17.11,0,0.00%,$0.00,$17.11,21,42.00%,$12.39,$29.50
Justice High,5/15/2025,30004,Blueberry Chex Cereal (Each),50,0,50,50,30,0,30,$17.70,0,0.00%,$0.00,$17.70,20,40.00%,$11.80,$29.50
Justice High,5/15/2025,30006,Cinnamon Chex Cereal (Each),50,0,50,50,30,0,30,$17.70,0,0.00%,$0.00,$17.70,20,40.00%,$11.80,$29.50
Justice High,5/15/2025,30007,"Cinnamon Toast Crunch Cereal, 25% Less Sugar (Each)",50,0,50,50,24,0,24,$14.16,0,0.00%,$0.00,$14.16,26,52.00%,$15.34,$29.50
Justice High,5/15/2025,30008,Apple Juice (Each),192,0,192,250,207,0,207,$35.19,0,0.00%,$0.00,$35.19,43,17.20%,$7.31,$42.50
Justice High,5/15/2025,30009,Orange Tangerine Juice (Each),138,0,138,200,175,0,175,$29.75,0,0.00%,$0.00,$29.75,25,12.50%,$4.25,$34.00
Justice High,5/15/2025,30051,Natural Grape Jam (Packet),0,0,0,50,17,0,17,$1.53,0,0.00%,$0.00,$1.53,33,66.00%,$2.97,$4.50
Justice High,5/15/2025,30093,Natural Breakfast Syrup (Each),0,0,0,100,52,0,52,$10.40,0,0.00%,$0.00,$10.40,48,48.00%,$9.60,$20.00
Justice High,5/15/2025,60004,Egg and American Cheese on English Muffin (Sandwich),0,0,0,68,68,0,68,$34.68,0,0.00%,$0.00,$34.68,0,0.00%,$0.00,$34.68
Justice High,5/15/2025,60099,"Parfait, Triple Berry (Parfait)",0,0,0,112,112,0,112,$76.16,0,0.00%,$0.00,$76.16,0,0.00%,$0.00,$76.16
Keene Mill Elementary,5/15/2025,10041,Mini Maple Pancakes (Package),9,0,9,59,59,0,59,$23.01,0,0.00%,$0.00,$23.01,0,0.00%,$0.00,$23.01
Keene Mill Elementary,5/15/2025,20001,1% White Milk (Each),45,0,45,49,43,0,43,$15.48,0,0.00%,$0.00,$15.48,6,12.24%,$2.16,$17.64
Keene Mill Elementary,5/15/2025,20031,Banana (Each),51,0,51,55,53,0,53,$11.13,0,0.00%,$0.00,$11.13,2,3.64%,$0.42,$11.55
Keene Mill Elementary,5/15/2025,20038,Fat Free White Milk (Each),26,0,26,40,28,0,28,$9.24,0,0.00%,$0.00,$9.24,12,30.00%,$3.96,$13.20
Keene Mill Elementary,5/15/2025,30003,Honey Cheerios Cereal (Each),11,0,11,15,10,0,10,$5.90,0,0.00%,$0.00,$5.90,5,33.33%,$2.95,$8.85
Keene Mill Elementary,5/15/2025,30007,"Cinnamon Toast Crunch Cereal, 25% Less Sugar (Each)",15,0,15,10,7,0,7,$4.13,0,0.00%,$0.00,$4.13,3,30.00%,$1.77,$5.90
Keene Mill Elementary,5/15/2025,30008,Apple Juice (Each),49,0,49,45,44,0,44,$7.48,0,0.00%,$0.00,$7.48,1,2.22%,$0.17,$7.65
Keene Mill Elementary,5/15/2025,30009,Orange Tangerine Juice (Each),32,0,32,45,42,0,42,$7.14,0,0.00%,$0.00,$7.14,3,6.67%,$0.51,$7.65
Keene Mill Elementary,5/15/2025,30068,Chilled Peaches (1/2 cup (drained)),9,0,9,9,9,0,9,$4.59,0,0.00%,$0.00,$4.59,0,0.00%,$0.00,$4.59
Keene Mill Elementary,5/15/2025,60096,Strawberry Parfait (Parfait),6,0,6,5,2,0,2,$1.98,0,0.00%,$0.00,$1.98,3,60.00%,$2.97,$4.95
Keene Mill Elementary,5/15/2025,60125,Egg and American Cheese on Biscuit (Sandwich),12,0,12,17,17,0,17,$7.99,0,0.00%,$0.00,$7.99,0,0.00%,$0.00,$7.99
Kent Gardens Elementary,5/15/2025,10020,Bagel (Bagel),0,0,0,30,13,0,13,$4.16,0,0.00%,$0.00,$4.16,17,56.67%,$5.44,$9.60
Kent Gardens Elementary,5/15/2025,10041,Mini Maple Pancakes (Package),24,0,24,40,22,0,22,$8.58,0,0.00%,$0.00,$8.58,18,45.00%,$7.02,$15.60
Kent Gardens Elementary,5/15/2025,20001,1% White Milk (Each),7,0,7,10,4,0,4,$1.44,0,0.00%,$0.00,$1.44,6,60.00%,$2.16,$3.60
Kent Gardens Elementary,5/15/2025,20009,Cream Cheese (Each),0,0,0,30,13,0,13,$3.77,0,0.00%,$0.00,$3.77,17,56.67%,$4.93,$8.70
Kent Gardens Elementary,5/15/2025,20014,Red Delicious Apple (Each - serving),29,0,29,30,27,0,27,$8.91,0,0.00%,$0.00,$8.91,3,10.00%,$0.99,$9.90
Kent Gardens Elementary,5/15/2025,20038,Fat Free White Milk (Each),0,0,0,5,0,0,0,$0.00,0,0.00%,$0.00,$0.00,5,100.00%,$0.00,$0.00
Kent Gardens Elementary,5/15/2025,30003,Honey Cheerios Cereal (Each),7,0,7,8,4,0,4,$2.36,0,0.00%,$0.00,$2.36,4,50.00%,$2.36,$4.72
Kent Gardens Elementary,5/15/2025,30004,Blueberry Chex Cereal (Each),1,0,1,4,0,0,0,$0.00,0,0.00%,$0.00,$0.00,4,100.00%,$0.00,$0.00
Kent Gardens Elementary,5/15/2025,30006,Cinnamon Chex Cereal (Each),2,0,2,5,2,0,2,$1.18,0,0.00%,$0.00,$1.18,3,60.00%,$1.77,$2.95
Kent Gardens Elementary,5/15/2025,30007,"Cinnamon Toast Crunch Cereal, 25% Less Sugar (Each)",6,0,6,11,9,0,9,$5.31,0,0.00%,$0.00,$5.31,2,18.18%,$1.18,$6.49
Kent Gardens Elementary,5/15/2025,30008,Apple Juice (Each),41,0,41,55,48,0,48,$8.16,0,0.00%,$0.00,$8.16,7,12.73%,$1.19,$9.35
Kent Gardens Elementary,5/15/2025,30009,Orange Tangerine Juice (Each),28,0,28,47,11,0,11,$1.87,0,0.00%,$0.00,$1.87,36,76.60%,$6.12,$7.99
Kent Gardens Elementary,5/15/2025,30093,Natural Breakfast Syrup (Each),0,0,0,40,22,0,22,$4.40,0,0.00%,$0.00,$4.40,18,45.00%,$3.60,$8.00
Kent Gardens Elementary,5/15/2025,30097,Bottled Water (Bottle),0,0,0,10,9,0,9,$1.44,0,0.00%,$0.00,$1.44,1,10.00%,$0.16,$1.60
Kent Gardens Elementary,5/15/2025,60096,Strawberry Parfait (Parfait),1,0,1,3,3,0,3,$2.97,0,0.00%,$0.00,$2.97,0,0.00%,$0.00,$2.97
Key Middle,5/15/2025,10041,Mini Maple Pancakes (Package),72,0,72,80,70,0,70,$27.30,0,0.00%,$0.00,$27.30,10,12.50%,$3.90,$31.20
Key Middle,5/15/2025,20001,1% White Milk (Each),40,0,40,16,12,0,12,$4.32,0,0.00%,$0.00,$4.32,4,25.00%,$1.44,$5.76
Key Middle,5/15/2025,20014,Red Delicious Apple (Each - serving),28,0,28,40,39,0,39,$12.87,0,0.00%,$0.00,$12.87,1,2.50%,$0.33,$13.20
Key Middle,5/15/2025,20038,Fat Free White Milk (Each),14,0,14,64,8,0,8,$2.64,0,0.00%,$0.00,$2.64,56,87.50%,$18.48,$21.12
Key Middle,5/15/2025,20052,Assorted  4 oz Yogurt (Container),0,0,0,5,3,0,3,$0.00,0,0.00%,$0.00,$0.00,2,40.00%,$0.00,$0.00
Key Middle,5/15/2025,30003,Honey Cheerios Cereal (Each),11,0,11,24,23,0,23,$13.57,0,0.00%,$0.00,$13.57,1,4.17%,$0.59,$14.16
Key Middle,5/15/2025,30007,"Cinnamon Toast Crunch Cereal, 25% Less Sugar (Each)",12,0,12,24,24,0,24,$14.16,0,0.00%,$0.00,$14.16,0,0.00%,$0.00,$14.16
Key Middle,5/15/2025,30008,Apple Juice (Each),78,0,78,80,76,0,76,$12.92,0,0.00%,$0.00,$12.92,4,5.00%,$0.68,$13.60
Key Middle,5/15/2025,30009,Orange Tangerine Juice (Each),38,0,38,60,59,0,59,$10.03,0,0.00%,$0.00,$10.03,1,1.67%,$0.17,$10.20
Key Middle,5/15/2025,60096,Strawberry Parfait (Parfait),7,0,7,10,9,0,9,$8.91,0,0.00%,$0.00,$8.91,1,10.00%,$0.99,$9.90
Key Middle,5/15/2025,60125,Egg and American Cheese on Biscuit (Sandwich),20,0,20,30,21,0,21,$9.87,0,0.00%,$0.00,$9.87,9,30.00%,$4.23,$14.10
Kilmer Middle,5/15/2025,10020,Bagel (Bagel),45,0,45,40,37,0,37,$11.84,3,7.50%,$0.96,$12.80,0,0.00%,$0.00,$12.80
Kilmer Middle,5/15/2025,10041,Mini Maple Pancakes (Package),27,1,28,25,25,0,25,$9.75,0,0.00%,$0.00,$9.75,0,0.00%,$0.00,$9.75
Kilmer Middle,5/15/2025,20001,1% White Milk (Each),40,0,40,10,5,0,5,$1.80,0,0.00%,$0.00,$1.80,5,50.00%,$1.80,$3.60
Kilmer Middle,5/15/2025,20009,Cream Cheese (Each),45,0,45,40,37,0,37,$10.73,0,0.00%,$0.00,$10.73,3,7.50%,$0.87,$11.60
Kilmer Middle,5/15/2025,20014,Red Delicious Apple (Each - serving),33,0,33,29,29,0,29,$9.57,0,0.00%,$0.00,$9.57,0,0.00%,$0.00,$9.57
Kilmer Middle,5/15/2025,20031,Banana (Each),0,0,0,10,5,0,5,$1.05,0,0.00%,$0.00,$1.05,5,50.00%,$1.05,$2.10
Kilmer Middle,5/15/2025,20032,Strawberry Banana Yogurt (each),4,0,4,3,3,0,3,$1.05,0,0.00%,$0.00,$1.05,0,0.00%,$0.00,$1.05
Kilmer Middle,5/15/2025,30003,Honey Cheerios Cereal (Each),7,0,7,7,5,0,5,$2.95,0,0.00%,$0.00,$2.95,2,28.57%,$1.18,$4.13
Kilmer Middle,5/15/2025,30006,Cinnamon Chex Cereal (Each),3,0,3,4,4,0,4,$2.36,0,0.00%,$0.00,$2.36,0,0.00%,$0.00,$2.36
Kilmer Middle,5/15/2025,30007,"Cinnamon Toast Crunch Cereal, 25% Less Sugar (Each)",7,0,7,8,7,0,7,$4.13,0,0.00%,$0.00,$4.13,1,12.50%,$0.59,$4.72
Kilmer Middle,5/15/2025,30008,Apple Juice (Each),45,0,45,45,44,0,44,$7.48,0,0.00%,$0.00,$7.48,1,2.22%,$0.17,$7.65
Kilmer Middle,5/15/2025,30009,Orange Tangerine Juice (Each),60,0,60,55,49,0,49,$8.33,0,0.00%,$0.00,$8.33,6,10.91%,$1.02,$9.35
Kilmer Middle,5/15/2025,30020,Applesauce (1/2 Cup),0,0,0,1,1,0,1,$0.21,0,0.00%,$0.00,$0.21,0,0.00%,$0.00,$0.21
Kilmer Middle,5/15/2025,30093,Natural Breakfast Syrup (Each),20,0,20,10,5,0,5,$1.00,0,0.00%,$0.00,$1.00,5,50.00%,$1.00,$2.00
Kilmer Middle,5/15/2025,30108,Fat Free Unflavored Shelf-Stable Milk (Each),0,0,0,37,34,0,34,$12.92,0,0.00%,$0.00,$12.92,3,8.11%,$1.14,$14.06
Kilmer Middle,5/15/2025,60125,Egg and American Cheese on Biscuit (Sandwich),5,0,5,6,5,0,5,$2.35,1,16.67%,$0.47,$2.82,0,0.00%,$0.00,$2.82
Kilmer Middle,5/15/2025,60162,Chicken & Biscuit Sandwich (Sandwich),0,0,0,15,13,0,13,$6.89,0,0.00%,$0.00,$6.89,2,13.33%,$1.06,$7.95
Kings Glen Elementary,5/15/2025,10041,Mini Maple Pancakes (Package),30,0,30,21,12,9,21,$8.19,0,0.00%,$0.00,$8.19,0,0.00%,$0.00,$8.19
Kings Glen Elementary,5/15/2025,20001,1% White Milk (Each),5,0,5,20,10,0,10,$3.60,0,0.00%,$0.00,$3.60,10,50.00%,$3.60,$7.20
Kings Glen Elementary,5/15/2025,20014,Red Delicious Apple (Each - serving),9,0,9,20,10,0,10,$3.30,0,0.00%,$0.00,$3.30,10,50.00%,$3.30,$6.60
Kings Glen Elementary,5/15/2025,20038,Fat Free White Milk (Each),5,0,5,20,10,0,10,$3.30,0,0.00%,$0.00,$3.30,10,50.00%,$3.30,$6.60
Kings Glen Elementary,5/15/2025,30003,Honey Cheerios Cereal (Each),4,0,4,10,5,0,5,$2.95,0,0.00%,$0.00,$2.95,5,50.00%,$2.95,$5.90
Kings Glen Elementary,5/15/2025,30004,Blueberry Chex Cereal (Each),5,0,5,10,5,0,5,$2.95,0,0.00%,$0.00,$2.95,5,50.00%,$2.95,$5.90
Kings Glen Elementary,5/15/2025,30006,Cinnamon Chex Cereal (Each),5,0,5,10,5,0,5,$2.95,0,0.00%,$0.00,$2.95,5,50.00%,$2.95,$5.90
Kings Glen Elementary,5/15/2025,30007,"Cinnamon Toast Crunch Cereal, 25% Less Sugar (Each)",3,0,3,20,12,0,12,$7.08,0,0.00%,$0.00,$7.08,8,40.00%,$4.72,$11.80
Kings Glen Elementary,5/15/2025,30008,Apple Juice (Each),40,0,40,70,58,11,69,$11.73,0,0.00%,$0.00,$11.73,1,1.43%,$0.17,$11.90
Kings Glen Elementary,5/15/2025,60125,Egg and American Cheese on Biscuit (Sandwich),22,0,22,19,19,0,19,$8.93,0,0.00%,$0.00,$8.93,0,0.00%,$0.00,$8.93
Kings Park Elementary,5/15/2025,10020,Bagel (Bagel),0,0,0,38,38,0,38,$12.16,0,0.00%,$0.00,$12.16,0,0.00%,$0.00,$12.16
Kings Park Elementary,5/15/2025,10023,Blueberry Bread (1oz Grain (1/64 Baked Pan)),0,0,0,9,9,0,9,$3.69,0,0.00%,$0.00,$3.69,0,0.00%,$0.00,$3.69
Kings Park Elementary,5/15/2025,10041,Mini Maple Pancakes (Package),22,0,22,63,63,0,63,$24.57,0,0.00%,$0.00,$24.57,0,0.00%,$0.00,$24.57
Kings Park Elementary,5/15/2025,20001,1% White Milk (Each),107,0,107,46,45,1,46,$16.56,0,0.00%,$0.00,$16.56,0,0.00%,$0.00,$16.56
Kings Park Elementary,5/15/2025,20009,Cream Cheese (Each),0,0,0,38,38,0,38,$11.02,0,0.00%,$0.00,$11.02,0,0.00%,$0.00,$11.02
Kings Park Elementary,5/15/2025,20016,String Cheese (1 Stick),0,0,0,9,9,0,9,$1.98,0,0.00%,$0.00,$1.98,0,0.00%,$0.00,$1.98
Kings Park Elementary,5/15/2025,20017,Orange (6 Slices per 1/2 cup),84,0,84,120,95,0,95,$32.30,0,0.00%,$0.00,$32.30,25,20.83%,$8.50,$40.80
Kings Park Elementary,5/15/2025,20038,Fat Free White Milk (Each),23,0,23,50,50,0,50,$16.50,0,0.00%,$0.00,$16.50,0,0.00%,$0.00,$16.50
Kings Park Elementary,5/15/2025,20047,Orange Slices (3 slices per 1/4 cup),0,0,0,21,21,0,21,$4.20,0,0.00%,$0.00,$4.20,0,0.00%,$0.00,$4.20
Kings Park Elementary,5/15/2025,30003,Honey Cheerios Cereal (Each),18,0,18,35,27,0,27,$15.93,0,0.00%,$0.00,$15.93,8,22.86%,$4.72,$20.65
Kings Park Elementary,5/15/2025,30004,Blueberry Chex Cereal (Each),8,0,8,20,5,0,5,$2.95,0,0.00%,$0.00,$2.95,15,75.00%,$8.85,$11.80
Kings Park Elementary,5/15/2025,30006,Cinnamon Chex Cereal (Each),9,0,9,20,6,0,6,$3.54,0,0.00%,$0.00,$3.54,14,70.00%,$8.26,$11.80
Kings Park Elementary,5/15/2025,30008,Apple Juice (Each),90,0,90,90,79,0,79,$13.43,0,0.00%,$0.00,$13.43,11,12.22%,$1.87,$15.30
Kings Park Elementary,5/15/2025,30009,Orange Tangerine Juice (Each),71,0,71,87,75,0,75,$12.75,0,0.00%,$0.00,$12.75,12,13.79%,$2.04,$14.79
Kings Park Elementary,5/15/2025,30034,Graham Crackers (Package),0,0,0,20,15,0,15,$2.10,0,0.00%,$0.00,$2.10,5,25.00%,$0.70,$2.80
Kings Park Elementary,5/15/2025,30051,Natural Grape Jam (Packet),0,0,0,35,25,0,25,$2.25,0,0.00%,$0.00,$2.25,10,28.57%,$0.90,$3.15
Kings Park Elementary,5/15/2025,30181,"Cereal, Cinnamon Toast Crunch 1 oz (Sub) (Each)",0,0,0,25,15,0,15,$4.80,0,0.00%,$0.00,$4.80,10,40.00%,$3.20,$8.00
Kings Park Elementary,5/15/2025,60096,Strawberry Parfait (Parfait),4,0,4,8,8,0,8,$7.92,0,0.00%,$0.00,$7.92,0,0.00%,$0.00,$7.92
Lake Anne Elementary,5/15/2025,10041,Mini Maple Pancakes (Package),74,0,74,116,102,0,102,$39.78,0,0.00%,$0.00,$39.78,14,12.07%,$5.46,$45.24
Lake Anne Elementary,5/15/2025,20001,1% White Milk (Each),62,0,62,63,58,0,58,$20.88,0,0.00%,$0.00,$20.88,5,7.94%,$1.80,$22.68
Lake Anne Elementary,5/15/2025,20014,Red Delicious Apple (Each - serving),40,0,40,0,0,0,0,$0.00,0,0.00%,$0.00,$0.00,0,0.00%,$0.00,$0.00
Lake Anne Elementary,5/15/2025,20017,Orange (6 Slices per 1/2 cup),40,0,40,10,10,0,10,$3.40,0,0.00%,$0.00,$3.40,0,0.00%,$0.00,$3.40
Lake Anne Elementary,5/15/2025,20031,Banana (Each),40,0,40,25,23,0,23,$4.83,0,0.00%,$0.00,$4.83,2,8.00%,$0.42,$5.25
Lake Anne Elementary,5/15/2025,20038,Fat Free White Milk (Each),31,0,31,21,19,0,19,$6.27,0,0.00%,$0.00,$6.27,2,9.52%,$0.66,$6.93
Lake Anne Elementary,5/15/2025,30003,Honey Cheerios Cereal (Each),20,0,20,24,12,0,12,$7.08,0,0.00%,$0.00,$7.08,12,50.00%,$7.08,$14.16
Lake Anne Elementary,5/15/2025,30004,Blueberry Chex Cereal (Each),20,0,20,24,0,0,0,$0.00,0,0.00%,$0.00,$0.00,24,100.00%,$0.00,$0.00
Lake Anne Elementary,5/15/2025,30006,Cinnamon Chex Cereal (Each),100,0,100,24,9,0,9,$5.31,0,0.00%,$0.00,$5.31,15,62.50%,$8.85,$14.16
Lake Anne Elementary,5/15/2025,30007,"Cinnamon Toast Crunch Cereal, 25% Less Sugar (Each)",20,0,20,24,17,0,17,$10.03,0,0.00%,$0.00,$10.03,7,29.17%,$4.13,$14.16
Lake Anne Elementary,5/15/2025,30008,Apple Juice (Each),100,0,100,120,102,0,102,$17.34,0,0.00%,$0.00,$17.34,18,15.00%,$3.06,$20.40
Lake Anne Elementary,5/15/2025,30009,Orange Tangerine Juice (Each),50,0,50,50,31,0,31,$5.27,0,0.00%,$0.00,$5.27,19,38.00%,$3.23,$8.50
Lake Anne Elementary,5/15/2025,30068,Chilled Peaches (1/2 cup (drained)),29,0,29,27,27,0,27,$13.77,0,0.00%,$0.00,$13.77,0,0.00%,$0.00,$13.77
Lake Anne Elementary,5/15/2025,30103,"Milk, Lactose Free,  Fat Free, Shelf-Stable (Each)",2,0,2,2,2,0,2,$0.96,0,0.00%,$0.00,$0.96,0,0.00%,$0.00,$0.96
Lake Anne Elementary,5/15/2025,30181,"Cereal, Cinnamon Toast Crunch 1 oz (Sub) (Each)",0,0,0,1,1,0,1,$0.32,0,0.00%,$0.00,$0.32,0,0.00%,$0.00,$0.32
Lake Anne Elementary,5/15/2025,30188,"Milk, Soy, Plain, Bulk (12/32 oz) (1 cup)",1,0,1,1,1,0,1,$0.79,0,0.00%,$0.00,$0.79,0,0.00%,$0.00,$0.79
Lake Anne Elementary,5/15/2025,60096,Strawberry Parfait (Parfait),10,0,10,4,2,0,2,$1.98,2,50.00%,$1.98,$3.96,0,0.00%,$0.00,$3.96
Lake Anne Elementary,5/15/2025,60125,Egg and American Cheese on Biscuit (Sandwich),60,0,60,20,17,0,17,$7.99,3,15.00%,$1.41,$9.40,0,0.00%,$0.00,$9.40
Lake Braddock Secondary,5/15/2025,10041,Mini Maple Pancakes (Package),85,0,85,175,126,20,146,$56.94,0,0.00%,$0.00,$56.94,29,16.57%,$11.31,$68.25
Lake Braddock Secondary,5/15/2025,10096,"Batter, Pumpkin Bread (1oz Grain (1/64 Baked Pan))",0,0,0,25,25,0,25,$10.25,0,0.00%,$0.00,$10.25,0,0.00%,$0.00,$10.25
Lake Braddock Secondary,5/15/2025,20001,1% White Milk (Each),15,0,15,60,17,0,17,$6.12,0,0.00%,$0.00,$6.12,43,71.67%,$15.48,$21.60
Lake Braddock Secondary,5/15/2025,20014,Red Delicious Apple (Each - serving),5,0,5,20,3,0,3,$0.99,0,0.00%,$0.00,$0.99,17,85.00%,$5.61,$6.60
Lake Braddock Secondary,5/15/2025,20016,String Cheese (1 Stick),0,0,0,25,25,0,25,$5.50,0,0.00%,$0.00,$5.50,0,0.00%,$0.00,$5.50
Lake Braddock Secondary,5/15/2025,20017,Orange (6 Slices per 1/2 cup),4,0,4,20,3,0,3,$1.02,0,0.00%,$0.00,$1.02,17,85.00%,$5.78,$6.80
Lake Braddock Secondary,5/15/2025,20031,Banana (Each),11,0,11,20,15,4,19,$3.99,0,0.00%,$0.00,$3.99,1,5.00%,$0.21,$4.20
Lake Braddock Secondary,5/15/2025,20038,Fat Free White Milk (Each),12,0,12,60,13,0,13,$4.29,0,0.00%,$0.00,$4.29,47,78.33%,$15.51,$19.80
Lake Braddock Secondary,5/15/2025,30003,Honey Cheerios Cereal (Each),13,0,13,16,11,0,11,$6.49,0,0.00%,$0.00,$6.49,5,31.25%,$2.95,$9.44
Lake Braddock Secondary,5/15/2025,30004,Blueberry Chex Cereal (Each),7,0,7,16,5,0,5,$2.95,0,0.00%,$0.00,$2.95,11,68.75%,$6.49,$9.44
Lake Braddock Secondary,5/15/2025,30006,Cinnamon Chex Cereal (Each),12,0,12,40,19,2,21,$12.39,0,0.00%,$0.00,$12.39,19,47.50%,$11.21,$23.60
Lake Braddock Secondary,5/15/2025,30007,"Cinnamon Toast Crunch Cereal, 25% Less Sugar (Each)",20,0,20,40,22,3,25,$14.75,0,0.00%,$0.00,$14.75,15,37.50%,$8.85,$23.60
Lake Braddock Secondary,5/15/2025,30008,Apple Juice (Each),147,0,147,190,160,20,180,$30.60,0,0.00%,$0.00,$30.60,10,5.26%,$1.70,$32.30
Lake Braddock Secondary,5/15/2025,30009,Orange Tangerine Juice (Each),64,0,64,130,75,6,81,$13.77,0,0.00%,$0.00,$13.77,49,37.69%,$8.33,$22.10
Lake Braddock Secondary,5/15/2025,30046,Granola (1/4 cup),0,0,0,23,11,0,11,$2.53,0,0.00%,$0.00,$2.53,12,52.17%,$2.76,$5.29
Lake Braddock Secondary,5/15/2025,30093,Natural Breakfast Syrup (Each),0,0,0,90,54,0,54,$10.80,0,0.00%,$0.00,$10.80,36,40.00%,$7.20,$18.00
Lake Braddock Secondary,5/15/2025,30097,Bottled Water (Bottle),0,0,0,22,0,16,16,$0.00,0,0.00%,$0.00,$0.00,6,27.27%,$0.00,$0.00
Lake Braddock Secondary,5/15/2025,60004,Egg and American Cheese on English Muffin (Sandwich),0,0,0,40,29,1,30,$15.30,1,2.50%,$0.51,$15.81,9,22.50%,$4.59,$20.40
Lake Braddock Secondary,5/15/2025,60099,"Parfait, Triple Berry (Parfait)",0,0,0,23,11,0,11,$7.48,12,52.17%,$8.16,$15.64,0,0.00%,$0.00,$15.64
Lane Elementary,5/15/2025,10041,Mini Maple Pancakes (Package),72,0,72,85,71,0,71,$27.69,2,2.35%,$0.78,$28.47,12,14.12%,$4.68,$33.15
Lane Elementary,5/15/2025,20001,1% White Milk (Each),50,0,50,50,41,0,41,$14.76,0,0.00%,$0.00,$14.76,9,18.00%,$3.24,$18.00
Lane Elementary,5/15/2025,20014,Red Delicious Apple (Each - serving),55,0,55,50,36,0,36,$11.88,0,0.00%,$0.00,$11.88,14,28.00%,$4.62,$16.50
Lane Elementary,5/15/2025,20031,Banana (Each),0,0,0,20,20,0,20,$4.20,0,0.00%,$0.00,$4.20,0,0.00%,$0.00,$4.20
Lane Elementary,5/15/2025,20038,Fat Free White Milk (Each),25,0,25,25,12,0,12,$3.96,0,0.00%,$0.00,$3.96,13,52.00%,$4.29,$8.25
Lane Elementary,5/15/2025,30003,Honey Cheerios Cereal (Each),20,0,20,20,8,0,8,$4.72,0,0.00%,$0.00,$4.72,12,60.00%,$7.08,$11.80
Lane Elementary,5/15/2025,30004,Blueberry Chex Cereal (Each),10,0,10,10,4,0,4,$2.36,0,0.00%,$0.00,$2.36,6,60.00%,$3.54,$5.90
Lane Elementary,5/15/2025,30006,Cinnamon Chex Cereal (Each),20,0,20,20,9,0,9,$5.31,0,0.00%,$0.00,$5.31,11,55.00%,$6.49,$11.80
Lane Elementary,5/15/2025,30007,"Cinnamon Toast Crunch Cereal, 25% Less Sugar (Each)",10,0,10,10,4,0,4,$2.36,0,0.00%,$0.00,$2.36,6,60.00%,$3.54,$5.90
Lane Elementary,5/15/2025,30008,Apple Juice (Each),80,0,80,80,79,0,79,$13.43,0,0.00%,$0.00,$13.43,1,1.25%,$0.17,$13.60
Lane Elementary,5/15/2025,30009,Orange Tangerine Juice (Each),60,0,60,60,50,0,50,$8.50,0,0.00%,$0.00,$8.50,10,16.67%,$1.70,$10.20
Lane Elementary,5/15/2025,60096,Strawberry Parfait (Parfait),10,0,10,6,2,0,2,$1.98,1,16.67%,$0.99,$2.97,3,50.00%,$2.97,$5.94
Lane Elementary,5/15/2025,60162,Chicken & Biscuit Sandwich (Sandwich),0,0,0,12,11,0,11,$5.83,1,8.33%,$0.53,$6.36,0,0.00%,$0.00,$6.36
Langley High,5/15/2025,10020,Bagel (Bagel),0,0,0,15,11,2,13,$4.16,0,0.00%,$0.00,$4.16,2,13.33%,$0.64,$4.80
Langley High,5/15/2025,10040,Blueberry Muffin Top (Muffin Top),0,0,0,10,6,3,9,$3.78,0,0.00%,$0.00,$3.78,1,10.00%,$0.42,$4.20
Langley High,5/15/2025,10041,Mini Maple Pancakes (Package),20,0,20,25,16,4,20,$7.80,0,0.00%,$0.00,$7.80,5,20.00%,$1.95,$9.75
Langley High,5/15/2025,20001,1% White Milk (Each),10,0,10,14,13,0,13,$4.68,0,0.00%,$0.00,$4.68,1,7.14%,$0.36,$5.04
Langley High,5/15/2025,20015,Golden Delicious Apple (Each),0,0,0,10,9,0,9,$2.79,0,0.00%,$0.00,$2.79,1,10.00%,$0.31,$3.10
Langley High,5/15/2025,20038,Fat Free White Milk (Each),6,0,6,7,6,0,6,$1.98,0,0.00%,$0.00,$1.98,1,14.29%,$0.33,$2.31
Langley High,5/15/2025,30003,Honey Cheerios Cereal (Each),8,0,8,10,4,1,5,$2.95,0,0.00%,$0.00,$2.95,5,50.00%,$2.95,$5.90
Langley High,5/15/2025,30006,Cinnamon Chex Cereal (Each),5,0,5,12,7,4,11,$6.49,0,0.00%,$0.00,$6.49,1,8.33%,$0.59,$7.08
Langley High,5/15/2025,30007,"Cinnamon Toast Crunch Cereal, 25% Less Sugar (Each)",9,0,9,11,8,2,10,$5.90,0,0.00%,$0.00,$5.90,1,9.09%,$0.59,$6.49
Langley High,5/15/2025,30008,Apple Juice (Each),45,0,45,60,47,0,47,$7.99,0,0.00%,$0.00,$7.99,13,21.67%,$2.21,$10.20
Langley High,5/15/2025,30009,Orange Tangerine Juice (Each),26,0,26,40,21,0,21,$3.57,0,0.00%,$0.00,$3.57,19,47.50%,$3.23,$6.80
Langley High,5/15/2025,30045,Watermelon Flavored Dried Cranberries (Each),0,0,0,6,4,0,4,$0.96,0,0.00%,$0.00,$0.96,2,33.33%,$0.48,$1.44
Langley High,5/15/2025,30097,Bottled Water (Bottle),0,0,0,30,0,30,30,$0.00,0,0.00%,$0.00,$0.00,0,0.00%,$0.00,$0.00
Langley High,5/15/2025,60004,Egg and American Cheese on English Muffin (Sandwich),0,0,0,10,5,0,5,$2.55,0,0.00%,$0.00,$2.55,5,50.00%,$2.55,$5.10
Langley High,5/15/2025,60068,Biscuit (Biscuit),0,0,0,1,1,0,1,$0.21,0,0.00%,$0.00,$0.21,0,0.00%,$0.00,$0.21
Langley High,5/15/2025,60099,"Parfait, Triple Berry (Parfait)",0,0,0,10,6,1,7,$4.76,0,0.00%,$0.00,$4.76,3,30.00%,$2.04,$6.80
Langley High,5/15/2025,60162,Chicken & Biscuit Sandwich (Sandwich),0,0,0,4,3,1,4,$2.12,0,0.00%,$0.00,$2.12,0,0.00%,$0.00,$2.12
Laurel Hill Elementary,5/15/2025,10041,Mini Maple Pancakes (Package),97,0,97,100,92,0,92,$35.88,0,0.00%,$0.00,$35.88,8,8.00%,$3.12,$39.00
Laurel Hill Elementary,5/15/2025,20001,1% White Milk (Each),21,0,21,7,5,0,5,$1.80,0,0.00%,$0.00,$1.80,2,28.57%,$0.72,$2.52
Laurel Hill Elementary,5/15/2025,20014,Red Delicious Apple (Each - serving),4,0,4,22,21,0,21,$6.93,0,0.00%,$0.00,$6.93,1,4.55%,$0.33,$7.26
Laurel Hill Elementary,5/15/2025,20017,Orange (6 Slices per 1/2 cup),2,0,2,20,11,0,11,$3.74,0,0.00%,$0.00,$3.74,9,45.00%,$3.06,$6.80
Laurel Hill Elementary,5/15/2025,20031,Banana (Each),7,0,7,24,21,0,21,$4.41,0,0.00%,$0.00,$4.41,3,12.50%,$0.63,$5.04
Laurel Hill Elementary,5/15/2025,20038,Fat Free White Milk (Each),16,0,16,25,23,0,23,$7.59,0,0.00%,$0.00,$7.59,2,8.00%,$0.66,$8.25
Laurel Hill Elementary,5/15/2025,30003,Honey Cheerios Cereal (Each),19,0,19,60,50,0,50,$29.50,0,0.00%,$0.00,$29.50,10,16.67%,$5.90,$35.40
Laurel Hill Elementary,5/15/2025,30008,Apple Juice (Each),84,0,84,80,80,0,80,$13.60,0,0.00%,$0.00,$13.60,0,0.00%,$0.00,$13.60
Laurel Hill Elementary,5/15/2025,30009,Orange Tangerine Juice (Each),65,0,65,80,76,0,76,$12.92,0,0.00%,$0.00,$12.92,4,5.00%,$0.68,$13.60
Laurel Hill Elementary,5/15/2025,30068,Chilled Peaches (1/2 cup (drained)),1,0,1,0,0,0,0,$0.00,0,0.00%,$0.00,$0.00,0,0.00%,$0.00,$0.00
Laurel Hill Elementary,5/15/2025,60096,Strawberry Parfait (Parfait),8,0,8,10,7,0,7,$6.93,0,0.00%,$0.00,$6.93,3,30.00%,$2.97,$9.90
Laurel Hill Elementary,5/15/2025,60125,Egg and American Cheese on Biscuit (Sandwich),10,0,10,20,17,0,17,$7.99,0,0.00%,$0.00,$7.99,3,15.00%,$1.41,$9.40
Laurel Ridge Elementary,5/15/2025,10041,Mini Maple Pancakes (Package),47,10,57,57,45,9,54,$21.06,0,0.00%,$0.00,$21.06,3,5.26%,$1.17,$22.23
Laurel Ridge Elementary,5/15/2025,20001,1% White Milk (Each),40,0,40,43,38,0,38,$13.68,0,0.00%,$0.00,$13.68,5,11.63%,$1.80,$15.48
Laurel Ridge Elementary,5/15/2025,20014,Red Delicious Apple (Each - serving),30,0,30,30,30,0,30,$9.90,0,0.00%,$0.00,$9.90,0,0.00%,$0.00,$9.90
Laurel Ridge Elementary,5/15/2025,20017,Orange (6 Slices per 1/2 cup),25,0,25,30,28,0,28,$9.52,0,0.00%,$0.00,$9.52,2,6.67%,$0.68,$10.20
Laurel Ridge Elementary,5/15/2025,20031,Banana (Each),25,0,25,37,34,2,36,$7.56,0,0.00%,$0.00,$7.56,1,2.70%,$0.21,$7.77
Laurel Ridge Elementary,5/15/2025,20038,Fat Free White Milk (Each),18,0,18,24,21,0,21,$6.93,0,0.00%,$0.00,$6.93,3,12.50%,$0.99,$7.92
Laurel Ridge Elementary,5/15/2025,30003,Honey Cheerios Cereal (Each),21,0,21,18,16,1,17,$10.03,0,0.00%,$0.00,$10.03,1,5.56%,$0.59,$10.62
Laurel Ridge Elementary,5/15/2025,30004,Blueberry Chex Cereal (Each),4,0,4,6,2,0,2,$1.18,0,0.00%,$0.00,$1.18,4,66.67%,$2.36,$3.54
Laurel Ridge Elementary,5/15/2025,30006,Cinnamon Chex Cereal (Each),12,0,12,12,6,0,6,$3.54,0,0.00%,$0.00,$3.54,6,50.00%,$3.54,$7.08
Laurel Ridge Elementary,5/15/2025,30007,"Cinnamon Toast Crunch Cereal, 25% Less Sugar (Each)",14,0,14,40,12,28,40,$23.60,0,0.00%,$0.00,$23.60,0,0.00%,$0.00,$23.60
Laurel Ridge Elementary,5/15/2025,30008,Apple Juice (Each),58,6,64,80,55,15,70,$11.90,0,0.00%,$0.00,$11.90,10,12.50%,$1.70,$13.60
Laurel Ridge Elementary,5/15/2025,30009,Orange Tangerine Juice (Each),33,3,36,40,37,3,40,$6.80,0,0.00%,$0.00,$6.80,0,0.00%,$0.00,$6.80
Laurel Ridge Elementary,5/15/2025,30097,Bottled Water (Bottle),0,0,0,5,0,2,2,$0.00,0,0.00%,$0.00,$0.00,3,60.00%,$0.00,$0.00
Laurel Ridge Elementary,5/15/2025,60099,"Parfait, Triple Berry (Parfait)",0,0,0,5,5,0,5,$3.40,0,0.00%,$0.00,$3.40,0,0.00%,$0.00,$3.40
Laurel Ridge Elementary,5/15/2025,60125,Egg and American Cheese on Biscuit (Sandwich),10,3,13,12,6,4,10,$4.70,2,16.67%,$0.94,$5.64,0,0.00%,$0.00,$5.64
Lees Corner Elementary,5/15/2025,10041,Mini Maple Pancakes (Package),25,0,25,22,22,0,22,$8.58,0,0.00%,$0.00,$8.58,0,0.00%,$0.00,$8.58
Lees Corner Elementary,5/15/2025,20001,1% White Milk (Each),20,0,20,100,20,0,20,$7.20,0,0.00%,$0.00,$7.20,80,80.00%,$28.80,$36.00
Lees Corner Elementary,5/15/2025,20014,Red Delicious Apple (Each - serving),20,0,20,0,0,0,0,$0.00,0,0.00%,$0.00,$0.00,0,0.00%,$0.00,$0.00
Lees Corner Elementary,5/15/2025,20017,Orange (6 Slices per 1/2 cup),5,0,5,0,0,0,0,$0.00,0,0.00%,$0.00,$0.00,0,0.00%,$0.00,$0.00
Lees Corner Elementary,5/15/2025,20031,Banana (Each),0,0,0,15,13,0,13,$2.73,0,0.00%,$0.00,$2.73,2,13.33%,$0.42,$3.15
Lees Corner Elementary,5/15/2025,20038,Fat Free White Milk (Each),10,0,10,50,7,0,7,$2.31,0,0.00%,$0.00,$2.31,43,86.00%,$14.19,$16.50
Lees Corner Elementary,5/15/2025,30003,Honey Cheerios Cereal (Each),10,0,10,8,6,0,6,$3.54,0,0.00%,$0.00,$3.54,2,25.00%,$1.18,$4.72
Lees Corner Elementary,5/15/2025,30004,Blueberry Chex Cereal (Each),0,0,0,0,0,0,0,$0.00,0,0.00%,$0.00,$0.00,0,0.00%,$0.00,$0.00
Lees Corner Elementary,5/15/2025,30006,Cinnamon Chex Cereal (Each),10,0,10,8,6,0,6,$3.54,0,0.00%,$0.00,$3.54,2,25.00%,$1.18,$4.72
Lees Corner Elementary,5/15/2025,30007,"Cinnamon Toast Crunch Cereal, 25% Less Sugar (Each)",10,0,10,8,6,2,8,$4.72,0,0.00%,$0.00,$4.72,0,0.00%,$0.00,$4.72
Lees Corner Elementary,5/15/2025,30008,Apple Juice (Each),40,0,40,40,27,1,28,$4.76,0,0.00%,$0.00,$4.76,12,30.00%,$2.04,$6.80
Lees Corner Elementary,5/15/2025,30009,Orange Tangerine Juice (Each),20,0,20,20,20,0,20,$3.40,0,0.00%,$0.00,$3.40,0,0.00%,$0.00,$3.40
Lees Corner Elementary,5/15/2025,30093,Natural Breakfast Syrup (Each),25,0,25,22,22,0,22,$4.40,0,0.00%,$0.00,$4.40,0,0.00%,$0.00,$4.40
Lees Corner Elementary,5/15/2025,60096,Strawberry Parfait (Parfait),3,0,3,10,7,1,8,$7.92,0,0.00%,$0.00,$7.92,2,20.00%,$1.98,$9.90
Lees Corner Elementary,5/15/2025,60125,Egg and American Cheese on Biscuit (Sandwich),5,0,5,0,0,0,0,$0.00,0,0.00%,$0.00,$0.00,0,0.00%,$0.00,$0.00
Lemon Road Elementary,5/15/2025,10041,Mini Maple Pancakes (Package),38,0,38,67,41,0,41,$15.99,1,1.49%,$0.39,$16.38,25,37.31%,$9.75,$26.13
Lemon Road Elementary,5/15/2025,20001,1% White Milk (Each),32,0,32,81,21,0,21,$7.56,0,0.00%,$0.00,$7.56,60,74.07%,$21.60,$29.16
Lemon Road Elementary,5/15/2025,20014,Red Delicious Apple (Each - serving),26,0,26,30,20,0,20,$6.60,0,0.00%,$0.00,$6.60,10,33.33%,$3.30,$9.90
Lemon Road Elementary,5/15/2025,30003,Honey Cheerios Cereal (Each),4,0,4,14,4,0,4,$2.36,0,0.00%,$0.00,$2.36,10,71.43%,$5.90,$8.26
Lemon Road Elementary,5/15/2025,30004,Blueberry Chex Cereal (Each),3,0,3,6,1,0,1,$0.59,0,0.00%,$0.00,$0.59,5,83.33%,$2.95,$3.54
Lemon Road Elementary,5/15/2025,30006,Cinnamon Chex Cereal (Each),3,0,3,14,2,0,2,$1.18,0,0.00%,$0.00,$1.18,12,85.71%,$7.08,$8.26
Lemon Road Elementary,5/15/2025,30007,"Cinnamon Toast Crunch Cereal, 25% Less Sugar (Each)",7,0,7,20,10,0,10,$5.90,0,0.00%,$0.00,$5.90,10,50.00%,$5.90,$11.80
Lemon Road Elementary,5/15/2025,30008,Apple Juice (Each),41,0,41,72,45,0,45,$7.65,0,0.00%,$0.00,$7.65,27,37.50%,$4.59,$12.24
Lemon Road Elementary,5/15/2025,30009,Orange Tangerine Juice (Each),29,0,29,37,19,0,19,$3.23,0,0.00%,$0.00,$3.23,18,48.65%,$3.06,$6.29
Lemon Road Elementary,5/15/2025,30068,Chilled Peaches (1/2 cup (drained)),1,0,1,1,1,0,1,$0.51,0,0.00%,$0.00,$0.51,0,0.00%,$0.00,$0.51
Lemon Road Elementary,5/15/2025,60096,Strawberry Parfait (Parfait),1,0,1,4,2,0,2,$1.98,0,0.00%,$0.00,$1.98,2,50.00%,$1.98,$3.96
Lewis High,5/15/2025,10041,Mini Maple Pancakes (Package),184,0,184,105,103,0,103,$40.17,0,0.00%,$0.00,$40.17,2,1.90%,$0.78,$40.95
Lewis High,5/15/2025,20001,1% White Milk (Each),40,0,40,100,61,0,61,$21.96,0,0.00%,$0.00,$21.96,39,39.00%,$14.04,$36.00
Lewis High,5/15/2025,20014,Red Delicious Apple (Each - serving),47,0,47,110,89,0,89,$29.37,0,0.00%,$0.00,$29.37,21,19.09%,$6.93,$36.30
Lewis High,5/15/2025,20038,Fat Free White Milk (Each),5,0,5,15,5,0,5,$1.65,0,0.00%,$0.00,$1.65,10,66.67%,$3.30,$4.95
Lewis High,5/15/2025,30003,Honey Cheerios Cereal (Each),27,0,27,30,30,0,30,$17.70,0,0.00%,$0.00,$17.70,0,0.00%,$0.00,$17.70
Lewis High,5/15/2025,30004,Blueberry Chex Cereal (Each),24,0,24,30,16,0,16,$9.44,0,0.00%,$0.00,$9.44,14,46.67%,$8.26,$17.70
Lewis High,5/15/2025,30007,"Cinnamon Toast Crunch Cereal, 25% Less Sugar (Each)",36,0,36,30,30,0,30,$17.70,0,0.00%,$0.00,$17.70,0,0.00%,$0.00,$17.70
Lewis High,5/15/2025,30008,Apple Juice (Each),164,0,164,200,198,0,198,$33.66,0,0.00%,$0.00,$33.66,2,1.00%,$0.34,$34.00
Lewis High,5/15/2025,30009,Orange Tangerine Juice (Each),174,0,174,200,198,0,198,$33.66,0,0.00%,$0.00,$33.66,2,1.00%,$0.34,$34.00
Lewis High,5/15/2025,60096,Strawberry Parfait (Parfait),28,0,28,40,39,0,39,$38.61,0,0.00%,$0.00,$38.61,1,2.50%,$0.99,$39.60
Lewis High,5/15/2025,60125,Egg and American Cheese on Biscuit (Sandwich),87,0,87,180,173,0,173,$81.31,0,0.00%,$0.00,$81.31,7,3.89%,$3.29,$84.60
Liberty Middle,5/15/2025,10041,Mini Maple Pancakes (Package),31,0,31,50,45,0,45,$17.55,0,0.00%,$0.00,$17.55,5,10.00%,$1.95,$19.50
Liberty Middle,5/15/2025,20001,1% White Milk (Each),3,0,3,1,0,0,0,$0.00,0,0.00%,$0.00,$0.00,1,100.00%,$0.00,$0.00
Liberty Middle,5/15/2025,20014,Red Delicious Apple (Each - serving),5,0,5,10,4,0,4,$1.32,0,0.00%,$0.00,$1.32,6,60.00%,$1.98,$3.30
Liberty Middle,5/15/2025,20017,Orange (6 Slices per 1/2 cup),5,0,5,10,3,0,3,$1.02,0,0.00%,$0.00,$1.02,7,70.00%,$2.38,$3.40
Liberty Middle,5/15/2025,20038,Fat Free White Milk (Each),7,0,7,10,7,0,7,$2.31,0,0.00%,$0.00,$2.31,3,30.00%,$0.99,$3.30
Liberty Middle,5/15/2025,30003,Honey Cheerios Cereal (Each),3,0,3,6,3,0,3,$1.77,0,0.00%,$0.00,$1.77,3,50.00%,$1.77,$3.54
Liberty Middle,5/15/2025,30006,Cinnamon Chex Cereal (Each),3,0,3,6,5,0,5,$2.95,0,0.00%,$0.00,$2.95,1,16.67%,$0.59,$3.54
Liberty Middle,5/15/2025,30007,"Cinnamon Toast Crunch Cereal, 25% Less Sugar (Each)",4,0,4,6,6,0,6,$3.54,0,0.00%,$0.00,$3.54,0,0.00%,$0.00,$3.54
Liberty Middle,5/15/2025,30008,Apple Juice (Each),28,0,28,40,40,0,40,$6.80,0,0.00%,$0.00,$6.80,0,0.00%,$0.00,$6.80
Liberty Middle,5/15/2025,30009,Orange Tangerine Juice (Each),30,0,30,40,32,0,32,$5.44,0,0.00%,$0.00,$5.44,8,20.00%,$1.36,$6.80
Liberty Middle,5/15/2025,30097,Bottled Water (Bottle),0,0,0,3,1,0,1,$0.16,0,0.00%,$0.00,$0.16,2,66.67%,$0.32,$0.48
Liberty Middle,5/15/2025,60096,Strawberry Parfait (Parfait),5,0,5,6,6,0,6,$5.94,0,0.00%,$0.00,$5.94,0,0.00%,$0.00,$5.94
Liberty Middle,5/15/2025,60125,Egg and American Cheese on Biscuit (Sandwich),14,0,14,12,7,3,10,$4.70,0,0.00%,$0.00,$4.70,2,16.67%,$0.94,$5.64
Little Run Elementary,5/15/2025,10041,Mini Maple Pancakes (Package),42,0,42,46,38,1,39,$15.21,0,0.00%,$0.00,$15.21,7,15.22%,$2.73,$17.94
Little Run Elementary,5/15/2025,20001,1% White Milk (Each),22,0,22,22,10,0,10,$3.60,0,0.00%,$0.00,$3.60,12,54.55%,$4.32,$7.92
Little Run Elementary,5/15/2025,20014,Red Delicious Apple (Each - serving),0,0,0,5,4,0,4,$1.32,0,0.00%,$0.00,$1.32,1,20.00%,$0.33,$1.65
Little Run Elementary,5/15/2025,20031,Banana (Each),12,0,12,14,9,0,9,$1.89,0,0.00%,$0.00,$1.89,5,35.71%,$1.05,$2.94
Little Run Elementary,5/15/2025,20038,Fat Free White Milk (Each),7,0,7,15,4,0,4,$1.32,0,0.00%,$0.00,$1.32,11,73.33%,$3.63,$4.95
Little Run Elementary,5/15/2025,30003,Honey Cheerios Cereal (Each),0,0,0,1,0,0,0,$0.00,0,0.00%,$0.00,$0.00,1,100.00%,$0.00,$0.00
Little Run Elementary,5/15/2025,30004,Blueberry Chex Cereal (Each),0,0,0,8,4,1,5,$2.95,0,0.00%,$0.00,$2.95,3,37.50%,$1.77,$4.72
Little Run Elementary,5/15/2025,30006,Cinnamon Chex Cereal (Each),10,0,10,6,6,0,6,$3.54,0,0.00%,$0.00,$3.54,0,0.00%,$0.00,$3.54
Little Run Elementary,5/15/2025,30008,Apple Juice (Each),38,0,38,45,36,2,38,$6.46,0,0.00%,$0.00,$6.46,7,15.56%,$1.19,$7.65
Little Run Elementary,5/15/2025,30009,Orange Tangerine Juice (Each),32,0,32,32,21,1,22,$3.74,0,0.00%,$0.00,$3.74,10,31.25%,$1.70,$5.44
Little Run Elementary,5/15/2025,60096,Strawberry Parfait (Parfait),2,0,2,8,3,0,3,$2.97,0,0.00%,$0.00,$2.97,5,62.50%,$4.95,$7.92
Little Run Elementary,5/15/2025,60125,Egg and American Cheese on Biscuit (Sandwich),6,0,6,8,7,0,7,$3.29,0,0.00%,$0.00,$3.29,1,12.50%,$0.47,$3.76
London Towne Elementary,5/15/2025,10020,Bagel (Bagel),0,0,0,48,48,0,48,$15.36,0,0.00%,$0.00,$15.36,0,0.00%,$0.00,$15.36
London Towne Elementary,5/15/2025,10041,Mini Maple Pancakes (Package),191,0,191,144,133,0,133,$51.87,0,0.00%,$0.00,$51.87,11,7.64%,$4.29,$56.16
London Towne Elementary,5/15/2025,20001,1% White Milk (Each),62,0,62,94,80,0,80,$28.80,0,0.00%,$0.00,$28.80,14,14.89%,$5.04,$33.84
London Towne Elementary,5/15/2025,20009,Cream Cheese (Each),0,0,0,50,48,0,48,$13.92,0,0.00%,$0.00,$13.92,2,4.00%,$0.58,$14.50
London Towne Elementary,5/15/2025,20014,Red Delicious Apple (Each - serving),29,0,29,30,26,0,26,$8.58,0,0.00%,$0.00,$8.58,4,13.33%,$1.32,$9.90
London Towne Elementary,5/15/2025,30003,Honey Cheerios Cereal (Each),50,0,50,40,37,0,37,$21.83,0,0.00%,$0.00,$21.83,3,7.50%,$1.77,$23.60
London Towne Elementary,5/15/2025,30006,Cinnamon Chex Cereal (Each),50,0,50,41,36,0,36,$21.24,0,0.00%,$0.00,$21.24,5,12.20%,$2.95,$24.19
London Towne Elementary,5/15/2025,30007,"Cinnamon Toast Crunch Cereal, 25% Less Sugar (Each)",0,0,0,40,30,0,30,$17.70,0,0.00%,$0.00,$17.70,10,25.00%,$5.90,$23.60
London Towne Elementary,5/15/2025,30008,Apple Juice (Each),192,0,192,232,212,0,212,$36.04,0,0.00%,$0.00,$36.04,20,8.62%,$3.40,$39.44
London Towne Elementary,5/15/2025,30009,Orange Tangerine Juice (Each),65,0,65,68,59,0,59,$10.03,0,0.00%,$0.00,$10.03,9,13.24%,$1.53,$11.56
London Towne Elementary,5/15/2025,30068,Chilled Peaches (1/2 cup (drained)),0,0,0,42,42,0,42,$21.42,0,0.00%,$0.00,$21.42,0,0.00%,$0.00,$21.42
London Towne Elementary,5/15/2025,30103,"Milk, Lactose Free,  Fat Free, Shelf-Stable (Each)",0,0,0,12,7,0,7,$3.36,0,0.00%,$0.00,$3.36,5,41.67%,$2.40,$5.76
London Towne Elementary,5/15/2025,60099,"Parfait, Triple Berry (Parfait)",0,0,0,16,10,0,10,$6.80,0,0.00%,$0.00,$6.80,6,37.50%,$4.08,$10.88
London Towne Elementary,5/15/2025,60165,Egg and American Cheese on Bagel (Sandwich),0,0,0,45,45,0,45,$26.10,0,0.00%,$0.00,$26.10,0,0.00%,$0.00,$26.10
Longfellow Middle,5/15/2025,10020,Bagel (Bagel),0,0,0,15,11,0,11,$3.52,0,0.00%,$0.00,$3.52,4,26.67%,$1.28,$4.80
Longfellow Middle,5/15/2025,10023,Blueberry Bread (1oz Grain (1/64 Baked Pan)),0,0,0,30,25,0,25,$10.25,0,0.00%,$0.00,$10.25,5,16.67%,$2.05,$12.30
Longfellow Middle,5/15/2025,10041,Mini Maple Pancakes (Package),40,0,40,30,11,0,11,$4.29,0,0.00%,$0.00,$4.29,19,63.33%,$7.41,$11.70
Longfellow Middle,5/15/2025,20001,1% White Milk (Each),20,0,20,50,8,0,8,$2.88,0,0.00%,$0.00,$2.88,42,84.00%,$15.12,$18.00
Longfellow Middle,5/15/2025,20009,Cream Cheese (Each),0,0,0,15,11,0,11,$3.19,0,0.00%,$0.00,$3.19,4,26.67%,$1.16,$4.35
Longfellow Middle,5/15/2025,20014,Red Delicious Apple (Each - serving),25,0,25,25,13,0,13,$4.29,0,0.00%,$0.00,$4.29,12,48.00%,$3.96,$8.25
Longfellow Middle,5/15/2025,20016,String Cheese (1 Stick),0,0,0,30,25,0,25,$5.50,0,0.00%,$0.00,$5.50,5,16.67%,$1.10,$6.60
Longfellow Middle,5/15/2025,20017,Orange (6 Slices per 1/2 cup),20,0,20,20,10,0,10,$3.40,0,0.00%,$0.00,$3.40,10,50.00%,$3.40,$6.80
Longfellow Middle,5/15/2025,20038,Fat Free White Milk (Each),20,0,20,50,7,0,7,$2.31,0,0.00%,$0.00,$2.31,43,86.00%,$14.19,$16.50
Longfellow Middle,5/15/2025,30008,Apple Juice (Each),40,0,40,40,18,0,18,$3.06,0,0.00%,$0.00,$3.06,22,55.00%,$3.74,$6.80
Longfellow Middle,5/15/2025,30009,Orange Tangerine Juice (Each),40,0,40,40,18,0,18,$3.06,0,0.00%,$0.00,$3.06,22,55.00%,$3.74,$6.80
Longfellow Middle,5/15/2025,30051,Natural Grape Jam (Packet),0,0,0,20,5,0,5,$0.45,0,0.00%,$0.00,$0.45,15,75.00%,$1.35,$1.80
Longfellow Middle,5/15/2025,30093,Natural Breakfast Syrup (Each),0,0,0,40,10,0,10,$2.00,0,0.00%,$0.00,$2.00,30,75.00%,$6.00,$8.00
Longfellow Middle,5/15/2025,30181,"Cereal, Cinnamon Toast Crunch 1 oz (Sub) (Each)",12,0,12,10,5,0,5,$1.60,0,0.00%,$0.00,$1.60,5,50.00%,$1.60,$3.20
Longfellow Middle,5/15/2025,60096,Strawberry Parfait (Parfait),4,0,4,4,0,0,0,$0.00,0,0.00%,$0.00,$0.00,4,100.00%,$0.00,$0.00
Lorton Station Elementary,5/15/2025,10041,Mini Maple Pancakes (Package),104,0,104,102,102,0,102,$39.78,0,0.00%,$0.00,$39.78,0,0.00%,$0.00,$39.78
Lorton Station Elementary,5/15/2025,20001,1% White Milk (Each),132,0,132,112,107,0,107,$38.52,0,0.00%,$0.00,$38.52,5,4.46%,$1.80,$40.32
Lorton Station Elementary,5/15/2025,20014,Red Delicious Apple (Each - serving),50,0,50,50,5,0,5,$1.65,0,0.00%,$0.00,$1.65,45,90.00%,$14.85,$16.50
Lorton Station Elementary,5/15/2025,20038,Fat Free White Milk (Each),20,0,20,20,15,0,15,$4.95,0,0.00%,$0.00,$4.95,5,25.00%,$1.65,$6.60
Lorton Station Elementary,5/15/2025,30003,Honey Cheerios Cereal (Each),108,0,108,107,102,0,102,$60.18,0,0.00%,$0.00,$60.18,5,4.67%,$2.95,$63.13
Lorton Station Elementary,5/15/2025,30006,Cinnamon Chex Cereal (Each),108,0,108,105,99,0,99,$58.41,0,0.00%,$0.00,$58.41,6,5.71%,$3.54,$61.95
Lorton Station Elementary,5/15/2025,30008,Apple Juice (Each),300,0,300,300,293,0,293,$49.81,0,0.00%,$0.00,$49.81,7,2.33%,$1.19,$51.00
Lorton Station Elementary,5/15/2025,30068,Chilled Peaches (1/2 cup (drained)),32,0,32,32,32,0,32,$16.32,0,0.00%,$0.00,$16.32,0,0.00%,$0.00,$16.32
Lorton Station Elementary,5/15/2025,60096,Strawberry Parfait (Parfait),10,0,10,15,10,0,10,$9.90,0,0.00%,$0.00,$9.90,5,33.33%,$4.95,$14.85
Lorton Station Elementary,5/15/2025,60125,Egg and American Cheese on Biscuit (Sandwich),12,0,12,12,12,0,12,$5.64,0,0.00%,$0.00,$5.64,0,0.00%,$0.00,$5.64
Louise Archer Elementary,5/15/2025,10041,Mini Maple Pancakes (Package),63,0,63,72,66,5,71,$27.69,0,0.00%,$0.00,$27.69,1,1.39%,$0.39,$28.08
Louise Archer Elementary,5/15/2025,20001,1% White Milk (Each),19,0,19,25,24,0,24,$8.64,0,0.00%,$0.00,$8.64,1,4.00%,$0.36,$9.00
Louise Archer Elementary,5/15/2025,20014,Red Delicious Apple (Each - serving),24,0,24,25,24,0,24,$7.92,0,0.00%,$0.00,$7.92,1,4.00%,$0.33,$8.25
Louise Archer Elementary,5/15/2025,20038,Fat Free White Milk (Each),10,0,10,12,10,0,10,$3.30,0,0.00%,$0.00,$3.30,2,16.67%,$0.66,$3.96
Louise Archer Elementary,5/15/2025,30008,Apple Juice (Each),60,0,60,75,70,0,70,$11.90,0,0.00%,$0.00,$11.90,5,6.67%,$0.85,$12.75
Louise Archer Elementary,5/15/2025,30009,Orange Tangerine Juice (Each),20,0,20,30,21,0,21,$3.57,0,0.00%,$0.00,$3.57,9,30.00%,$1.53,$5.10
Louise Archer Elementary,5/15/2025,30034,Graham Crackers (Package),0,0,0,25,16,0,16,$2.24,0,0.00%,$0.00,$2.24,9,36.00%,$1.26,$3.50
Louise Archer Elementary,5/15/2025,30181,"Cereal, Cinnamon Toast Crunch 1 oz (Sub) (Each)",0,0,0,25,20,0,20,$6.40,0,0.00%,$0.00,$6.40,5,20.00%,$1.60,$8.00
Louise Archer Elementary,5/15/2025,60096,Strawberry Parfait (Parfait),1,0,1,2,2,0,2,$1.98,0,0.00%,$0.00,$1.98,0,0.00%,$0.00,$1.98
Luther Jackson Middle,5/15/2025,10020,Bagel (Bagel),0,0,0,55,45,2,47,$15.04,0,0.00%,$0.00,$15.04,8,14.55%,$2.56,$17.60
Luther Jackson Middle,5/15/2025,10041,Mini Maple Pancakes (Package),100,0,100,64,51,0,51,$19.89,0,0.00%,$0.00,$19.89,13,20.31%,$5.07,$24.96
Luther Jackson Middle,5/15/2025,20001,1% White Milk (Each),20,0,20,17,2,0,2,$0.72,0,0.00%,$0.00,$0.72,15,88.24%,$5.40,$6.12
Luther Jackson Middle,5/15/2025,20009,Cream Cheese (Each),0,0,0,60,39,0,39,$11.31,0,0.00%,$0.00,$11.31,21,35.00%,$6.09,$17.40
Luther Jackson Middle,5/15/2025,20017,Orange (6 Slices per 1/2 cup),4,0,4,17,7,0,7,$2.38,0,0.00%,$0.00,$2.38,10,58.82%,$3.40,$5.78
Luther Jackson Middle,5/15/2025,20031,Banana (Each),4,0,4,20,2,0,2,$0.42,0,0.00%,$0.00,$0.42,18,90.00%,$3.78,$4.20
Luther Jackson Middle,5/15/2025,20038,Fat Free White Milk (Each),6,0,6,6,2,0,2,$0.66,0,0.00%,$0.00,$0.66,4,66.67%,$1.32,$1.98
Luther Jackson Middle,5/15/2025,30003,Honey Cheerios Cereal (Each),12,0,12,12,5,0,5,$2.95,0,0.00%,$0.00,$2.95,7,58.33%,$4.13,$7.08
Luther Jackson Middle,5/15/2025,30004,Blueberry Chex Cereal (Each),12,0,12,12,5,0,5,$2.95,0,0.00%,$0.00,$2.95,7,58.33%,$4.13,$7.08
Luther Jackson Middle,5/15/2025,30006,Cinnamon Chex Cereal (Each),12,0,12,12,5,0,5,$2.95,0,0.00%,$0.00,$2.95,7,58.33%,$4.13,$7.08
Luther Jackson Middle,5/15/2025,30007,"Cinnamon Toast Crunch Cereal, 25% Less Sugar (Each)",12,0,12,12,9,0,9,$5.31,0,0.00%,$0.00,$5.31,3,25.00%,$1.77,$7.08
Luther Jackson Middle,5/15/2025,30008,Apple Juice (Each),80,0,80,80,80,0,80,$13.60,0,0.00%,$0.00,$13.60,0,0.00%,$0.00,$13.60
Luther Jackson Middle,5/15/2025,30009,Orange Tangerine Juice (Each),80,0,80,80,43,0,43,$7.31,0,0.00%,$0.00,$7.31,37,46.25%,$6.29,$13.60
Luther Jackson Middle,5/15/2025,30051,Natural Grape Jam (Packet),0,0,0,42,2,0,2,$0.18,0,0.00%,$0.00,$0.18,40,95.24%,$3.60,$3.78
Luther Jackson Middle,5/15/2025,30093,Natural Breakfast Syrup (Each),0,0,0,75,14,0,14,$2.80,0,0.00%,$0.00,$2.80,61,81.33%,$12.20,$15.00
Luther Jackson Middle,5/15/2025,30103,"Milk, Lactose Free,  Fat Free, Shelf-Stable (Each)",0,0,0,6,0,0,0,$0.00,0,0.00%,$0.00,$0.00,6,100.00%,$0.00,$0.00
Luther Jackson Middle,5/15/2025,60004,Egg and American Cheese on English Muffin (Sandwich),0,0,0,6,5,0,5,$2.55,1,16.67%,$0.51,$3.06,0,0.00%,$0.00,$3.06
Luther Jackson Middle,5/15/2025,60168,Triple Berry Parfait Power Pack (Power Pack),0,0,0,8,1,0,1,$1.32,0,0.00%,$0.00,$1.32,7,87.50%,$9.24,$10.56
Lynbrook Elementary,5/15/2025,10041,Mini Maple Pancakes (Package),164,0,164,206,193,0,193,$75.27,0,0.00%,$0.00,$75.27,13,6.31%,$5.07,$80.34
Lynbrook Elementary,5/15/2025,20001,1% White Milk (Each),104,0,104,107,94,0,94,$33.84,0,0.00%,$0.00,$33.84,13,12.15%,$4.68,$38.52
Lynbrook Elementary,5/15/2025,20014,Red Delicious Apple (Each - serving),46,0,46,85,76,0,76,$25.08,0,0.00%,$0.00,$25.08,9,10.59%,$2.97,$28.05
Lynbrook Elementary,5/15/2025,20038,Fat Free White Milk (Each),39,0,39,50,43,0,43,$14.19,0,0.00%,$0.00,$14.19,7,14.00%,$2.31,$16.50
Lynbrook Elementary,5/15/2025,20043,"Lactose Free, White Milk (Each)",0,0,0,2,1,0,1,$0.58,0,0.00%,$0.00,$0.58,1,50.00%,$0.58,$1.16
Lynbrook Elementary,5/15/2025,30003,Honey Cheerios Cereal (Each),29,0,29,30,25,0,25,$14.75,0,0.00%,$0.00,$14.75,5,16.67%,$2.95,$17.70
Lynbrook Elementary,5/15/2025,30004,Blueberry Chex Cereal (Each),24,0,24,30,25,0,25,$14.75,0,0.00%,$0.00,$14.75,5,16.67%,$2.95,$17.70
Lynbrook Elementary,5/15/2025,30006,Cinnamon Chex Cereal (Each),25,0,25,30,25,0,25,$14.75,0,0.00%,$0.00,$14.75,5,16.67%,$2.95,$17.70
Lynbrook Elementary,5/15/2025,30007,"Cinnamon Toast Crunch Cereal, 25% Less Sugar (Each)",27,0,27,30,25,0,25,$14.75,0,0.00%,$0.00,$14.75,5,16.67%,$2.95,$17.70
Lynbrook Elementary,5/15/2025,30009,Orange Tangerine Juice (Each),218,0,218,245,242,0,242,$41.14,0,0.00%,$0.00,$41.14,3,1.22%,$0.51,$41.65
Lynbrook Elementary,5/15/2025,30068,Chilled Peaches (1/2 cup (drained)),55,0,55,57,52,0,52,$26.52,0,0.00%,$0.00,$26.52,5,8.77%,$2.55,$29.07
Lynbrook Elementary,5/15/2025,60096,Strawberry Parfait (Parfait),20,0,20,30,22,0,22,$21.78,0,0.00%,$0.00,$21.78,8,26.67%,$7.92,$29.70
Lynbrook Elementary,5/15/2025,60125,Egg and American Cheese on Biscuit (Sandwich),27,0,27,23,22,0,22,$10.34,0,0.00%,$0.00,$10.34,1,4.35%,$0.47,$10.81
MARSHALL HS,5/15/2025,10020,Bagel (Bagel),0,0,0,30,27,0,27,$8.64,0,0.00%,$0.00,$8.64,3,10.00%,$0.96,$9.60
MARSHALL HS,5/15/2025,10041,Mini Maple Pancakes (Package),42,0,42,50,43,0,43,$16.77,0,0.00%,$0.00,$16.77,7,14.00%,$2.73,$19.50
MARSHALL HS,5/15/2025,10096,"Batter, Pumpkin Bread (1oz Grain (1/64 Baked Pan))",0,0,0,25,25,0,25,$10.25,0,0.00%,$0.00,$10.25,0,0.00%,$0.00,$10.25
MARSHALL HS,5/15/2025,20001,1% White Milk (Each),31,0,31,67,26,0,26,$9.36,0,0.00%,$0.00,$9.36,41,61.19%,$14.76,$24.12
MARSHALL HS,5/15/2025,20009,Cream Cheese (Each),0,0,0,30,27,0,27,$7.83,0,0.00%,$0.00,$7.83,3,10.00%,$0.87,$8.70
MARSHALL HS,5/15/2025,20014,Red Delicious Apple (Each - serving),40,0,40,60,37,0,37,$12.21,0,0.00%,$0.00,$12.21,23,38.33%,$7.59,$19.80
MARSHALL HS,5/15/2025,20016,String Cheese (1 Stick),0,0,0,25,25,0,25,$5.50,0,0.00%,$0.00,$5.50,0,0.00%,$0.00,$5.50
MARSHALL HS,5/15/2025,20038,Fat Free White Milk (Each),12,0,12,75,20,0,20,$6.60,0,0.00%,$0.00,$6.60,55,73.33%,$18.15,$24.75
MARSHALL HS,5/15/2025,30003,Honey Cheerios Cereal (Each),8,0,8,10,9,0,9,$5.31,0,0.00%,$0.00,$5.31,1,10.00%,$0.59,$5.90
MARSHALL HS,5/15/2025,30004,Blueberry Chex Cereal (Each),3,0,3,5,4,0,4,$2.36,0,0.00%,$0.00,$2.36,1,20.00%,$0.59,$2.95
MARSHALL HS,5/15/2025,30006,Cinnamon Chex Cereal (Each),5,0,5,8,8,0,8,$4.72,0,0.00%,$0.00,$4.72,0,0.00%,$0.00,$4.72
MARSHALL HS,5/15/2025,30007,"Cinnamon Toast Crunch Cereal, 25% Less Sugar (Each)",9,0,9,10,7,0,7,$4.13,0,0.00%,$0.00,$4.13,3,30.00%,$1.77,$5.90
MARSHALL HS,5/15/2025,30008,Apple Juice (Each),79,0,79,80,78,0,78,$13.26,0,0.00%,$0.00,$13.26,2,2.50%,$0.34,$13.60
MARSHALL HS,5/15/2025,30009,Orange Tangerine Juice (Each),73,0,73,80,68,0,68,$11.56,0,0.00%,$0.00,$11.56,12,15.00%,$2.04,$13.60
MARSHALL HS,5/15/2025,30093,Natural Breakfast Syrup (Each),0,0,0,30,18,0,18,$3.60,0,0.00%,$0.00,$3.60,12,40.00%,$2.40,$6.00
MARSHALL HS,5/15/2025,60096,Strawberry Parfait (Parfait),12,0,12,20,18,0,18,$17.82,0,0.00%,$0.00,$17.82,2,10.00%,$1.98,$19.80
MARSHALL HS,5/15/2025,60125,Egg and American Cheese on Biscuit (Sandwich),14,0,14,14,11,0,11,$5.17,0,0.00%,$0.00,$5.17,3,21.43%,$1.41,$6.58
MARSHALL HS,5/15/2025,60162,Chicken & Biscuit Sandwich (Sandwich),0,0,0,3,3,0,3,$1.59,0,0.00%,$0.00,$1.59,0,0.00%,$0.00,$1.59
MT VERNON HS,5/15/2025,10020,Bagel (Bagel),0,0,0,230,195,0,195,$62.40,0,0.00%,$0.00,$62.40,35,15.22%,$11.20,$73.60
MT VERNON HS,5/15/2025,10041,Mini Maple Pancakes (Package),106,0,106,188,130,1,131,$51.09,0,0.00%,$0.00,$51.09,57,30.32%,$22.23,$73.32
MT VERNON HS,5/15/2025,20001,1% White Milk (Each),157,0,157,205,131,0,131,$47.16,0,0.00%,$0.00,$47.16,74,36.10%,$26.64,$73.80
MT VERNON HS,5/15/2025,20009,Cream Cheese (Each),0,0,0,240,195,0,195,$56.55,0,0.00%,$0.00,$56.55,45,18.75%,$13.05,$69.60
MT VERNON HS,5/15/2025,20014,Red Delicious Apple (Each - serving),48,0,48,88,76,0,76,$25.08,0,0.00%,$0.00,$25.08,12,13.64%,$3.96,$29.04
MT VERNON HS,5/15/2025,20017,Orange (6 Slices per 1/2 cup),61,0,61,50,50,0,50,$17.00,0,0.00%,$0.00,$17.00,0,0.00%,$0.00,$17.00
MT VERNON HS,5/15/2025,20038,Fat Free White Milk (Each),6,0,6,6,3,0,3,$0.99,0,0.00%,$0.00,$0.99,3,50.00%,$0.99,$1.98
MT VERNON HS,5/15/2025,20069,"Apple, Slices, IW - ER Supper Only (Each)",0,0,0,40,40,0,40,$13.20,0,0.00%,$0.00,$13.20,0,0.00%,$0.00,$13.20
MT VERNON HS,5/15/2025,30003,Honey Cheerios Cereal (Each),31,0,31,80,77,0,77,$45.43,0,0.00%,$0.00,$45.43,3,3.75%,$1.77,$47.20
MT VERNON HS,5/15/2025,30004,Blueberry Chex Cereal (Each),9,0,9,1,1,0,1,$0.59,0,0.00%,$0.00,$0.59,0,0.00%,$0.00,$0.59
MT VERNON HS,5/15/2025,30006,Cinnamon Chex Cereal (Each),31,0,31,73,27,0,27,$15.93,0,0.00%,$0.00,$15.93,46,63.01%,$27.14,$43.07
MT VERNON HS,5/15/2025,30007,"Cinnamon Toast Crunch Cereal, 25% Less Sugar (Each)",43,0,43,5,5,0,5,$2.95,0,0.00%,$0.00,$2.95,0,0.00%,$0.00,$2.95
MT VERNON HS,5/15/2025,30008,Apple Juice (Each),508,0,508,600,548,0,548,$93.16,0,0.00%,$0.00,$93.16,52,8.67%,$8.84,$102.00
MT VERNON HS,5/15/2025,60096,Strawberry Parfait (Parfait),51,0,51,60,51,0,51,$50.49,2,3.33%,$1.98,$52.47,7,11.67%,$6.93,$59.40
MT VERNON HS,5/15/2025,60164,"Sandwich, Breakfast. Bagel, Turkey Sausage (Sandwich)",0,0,0,65,62,0,62,$33.48,3,4.62%,$1.62,$35.10,0,0.00%,$0.00,$35.10
Madison High,5/15/2025,10041,Mini Maple Pancakes (Package),20,0,20,18,16,0,16,$6.24,0,0.00%,$0.00,$6.24,2,11.11%,$0.78,$7.02
Madison High,5/15/2025,10096,"Batter, Pumpkin Bread (1oz Grain (1/64 Baked Pan))",0,0,0,8,8,0,8,$3.28,0,0.00%,$0.00,$3.28,0,0.00%,$0.00,$3.28
Madison High,5/15/2025,20001,1% White Milk (Each),15,0,15,47,3,0,3,$1.08,0,0.00%,$0.00,$1.08,44,93.62%,$15.84,$16.92
Madison High,5/15/2025,20014,Red Delicious Apple (Each - serving),20,0,20,20,4,0,4,$1.32,0,0.00%,$0.00,$1.32,16,80.00%,$5.28,$6.60
Madison High,5/15/2025,20038,Fat Free White Milk (Each),15,0,15,50,3,0,3,$0.99,0,0.00%,$0.00,$0.99,47,94.00%,$15.51,$16.50
Madison High,5/15/2025,30003,Honey Cheerios Cereal (Each),8,0,8,8,4,0,4,$2.36,0,0.00%,$0.00,$2.36,4,50.00%,$2.36,$4.72
Madison High,5/15/2025,30004,Blueberry Chex Cereal (Each),8,0,8,8,1,0,1,$0.59,0,0.00%,$0.00,$0.59,7,87.50%,$4.13,$4.72
Madison High,5/15/2025,30008,Apple Juice (Each),30,0,30,30,22,0,22,$3.74,0,0.00%,$0.00,$3.74,8,26.67%,$1.36,$5.10
Madison High,5/15/2025,30009,Orange Tangerine Juice (Each),30,0,30,30,8,0,8,$1.36,0,0.00%,$0.00,$1.36,22,73.33%,$3.74,$5.10
Madison High,5/15/2025,60096,Strawberry Parfait (Parfait),6,0,6,7,2,0,2,$1.98,1,14.29%,$0.99,$2.97,4,57.14%,$3.96,$6.93
Madison High,5/15/2025,60125,Egg and American Cheese on Biscuit (Sandwich),12,0,12,12,3,0,3,$1.41,1,8.33%,$0.47,$1.88,8,66.67%,$3.76,$5.64
Mantua Elementary,5/15/2025,10041,Mini Maple Pancakes (Package),54,0,54,40,38,0,38,$14.82,1,2.50%,$0.39,$15.21,1,2.50%,$0.39,$15.60
Mantua Elementary,5/15/2025,20001,1% White Milk (Each),30,0,30,66,29,0,29,$10.44,0,0.00%,$0.00,$10.44,37,56.06%,$13.32,$23.76
Mantua Elementary,5/15/2025,20014,Red Delicious Apple (Each - serving),20,0,20,10,10,0,10,$3.30,0,0.00%,$0.00,$3.30,0,0.00%,$0.00,$3.30
Mantua Elementary,5/15/2025,20017,Orange (6 Slices per 1/2 cup),20,0,20,0,0,0,0,$0.00,0,0.00%,$0.00,$0.00,0,0.00%,$0.00,$0.00
Mantua Elementary,5/15/2025,20038,Fat Free White Milk (Each),20,0,20,15,8,0,8,$2.64,0,0.00%,$0.00,$2.64,7,46.67%,$2.31,$4.95
Mantua Elementary,5/15/2025,30003,Honey Cheerios Cereal (Each),16,0,16,10,10,0,10,$5.90,0,0.00%,$0.00,$5.90,0,0.00%,$0.00,$5.90
Mantua Elementary,5/15/2025,30004,Blueberry Chex Cereal (Each),8,0,8,0,0,0,0,$0.00,0,0.00%,$0.00,$0.00,0,0.00%,$0.00,$0.00
Mantua Elementary,5/15/2025,30006,Cinnamon Chex Cereal (Each),8,0,8,10,10,0,10,$5.90,0,0.00%,$0.00,$5.90,0,0.00%,$0.00,$5.90
Mantua Elementary,5/15/2025,30007,"Cinnamon Toast Crunch Cereal, 25% Less Sugar (Each)",16,0,16,45,38,0,38,$22.42,0,0.00%,$0.00,$22.42,7,15.56%,$4.13,$26.55
Mantua Elementary,5/15/2025,30008,Apple Juice (Each),100,0,100,120,116,0,116,$19.72,0,0.00%,$0.00,$19.72,4,3.33%,$0.68,$20.40
Mantua Elementary,5/15/2025,30009,Orange Tangerine Juice (Each),44,0,44,12,12,0,12,$2.04,0,0.00%,$0.00,$2.04,0,0.00%,$0.00,$2.04
Mantua Elementary,5/15/2025,30068,Chilled Peaches (1/2 cup (drained)),0,0,0,0,0,0,0,$0.00,0,0.00%,$0.00,$0.00,0,0.00%,$0.00,$0.00
Mantua Elementary,5/15/2025,60096,Strawberry Parfait (Parfait),3,0,3,0,0,0,0,$0.00,0,0.00%,$0.00,$0.00,0,0.00%,$0.00,$0.00
Mantua Elementary,5/15/2025,60125,Egg and American Cheese on Biscuit (Sandwich),10,0,10,30,15,0,15,$7.05,15,50.00%,$7.05,$14.10,0,0.00%,$0.00,$14.10
Marshall Road Elementary,5/15/2025,10041,Mini Maple Pancakes (Package),59,0,59,85,49,0,49,$19.11,0,0.00%,$0.00,$19.11,36,42.35%,$14.04,$33.15
Marshall Road Elementary,5/15/2025,20001,1% White Milk (Each),38,0,38,41,30,0,30,$10.80,0,0.00%,$0.00,$10.80,11,26.83%,$3.96,$14.76
Marshall Road Elementary,5/15/2025,20014,Red Delicious Apple (Each - serving),27,0,27,15,15,0,15,$4.95,0,0.00%,$0.00,$4.95,0,0.00%,$0.00,$4.95
Marshall Road Elementary,5/15/2025,20038,Fat Free White Milk (Each),19,0,19,28,16,0,16,$5.28,0,0.00%,$0.00,$5.28,12,42.86%,$3.96,$9.24
Marshall Road Elementary,5/15/2025,30003,Honey Cheerios Cereal (Each),16,0,16,20,20,0,20,$11.80,0,0.00%,$0.00,$11.80,0,0.00%,$0.00,$11.80
Marshall Road Elementary,5/15/2025,30004,Blueberry Chex Cereal (Each),15,0,15,16,16,0,16,$9.44,0,0.00%,$0.00,$9.44,0,0.00%,$0.00,$9.44
Marshall Road Elementary,5/15/2025,30006,Cinnamon Chex Cereal (Each),6,0,6,3,3,0,3,$1.77,0,0.00%,$0.00,$1.77,0,0.00%,$0.00,$1.77
Marshall Road Elementary,5/15/2025,30007,"Cinnamon Toast Crunch Cereal, 25% Less Sugar (Each)",21,0,21,33,17,0,17,$10.03,0,0.00%,$0.00,$10.03,16,48.48%,$9.44,$19.47
Marshall Road Elementary,5/15/2025,30008,Apple Juice (Each),56,0,56,68,65,0,65,$11.05,0,0.00%,$0.00,$11.05,3,4.41%,$0.51,$11.56
Marshall Road Elementary,5/15/2025,30009,Orange Tangerine Juice (Each),38,0,38,53,53,0,53,$9.01,0,0.00%,$0.00,$9.01,0,0.00%,$0.00,$9.01
Marshall Road Elementary,5/15/2025,30068,Chilled Peaches (1/2 cup (drained)),12,0,12,13,5,0,5,$2.55,0,0.00%,$0.00,$2.55,8,61.54%,$4.08,$6.63
Marshall Road Elementary,5/15/2025,60096,Strawberry Parfait (Parfait),8,0,8,5,5,0,5,$4.95,0,0.00%,$0.00,$4.95,0,0.00%,$0.00,$4.95
Marshall Road Elementary,5/15/2025,60125,Egg and American Cheese on Biscuit (Sandwich),13,0,13,24,21,0,21,$9.87,0,0.00%,$0.00,$9.87,3,12.50%,$1.41,$11.28
Mason Crest Elementary,5/15/2025,10041,Mini Maple Pancakes (Package),172,0,172,195,180,2,182,$70.98,2,1.03%,$0.78,$71.76,11,5.64%,$4.29,$76.05
Mason Crest Elementary,5/15/2025,20001,1% White Milk (Each),152,0,152,161,141,0,141,$50.76,1,0.62%,$0.36,$51.12,19,11.80%,$6.84,$57.96
Mason Crest Elementary,5/15/2025,20014,Red Delicious Apple (Each - serving),30,0,30,35,31,0,31,$10.23,0,0.00%,$0.00,$10.23,4,11.43%,$1.32,$11.55
Mason Crest Elementary,5/15/2025,20017,Orange (6 Slices per 1/2 cup),30,0,30,50,40,0,40,$13.60,0,0.00%,$0.00,$13.60,10,20.00%,$3.40,$17.00
Mason Crest Elementary,5/15/2025,20031,Banana (Each),30,0,30,50,30,0,30,$6.30,0,0.00%,$0.00,$6.30,20,40.00%,$4.20,$10.50
Mason Crest Elementary,5/15/2025,20038,Fat Free White Milk (Each),20,0,20,20,5,0,5,$1.65,0,0.00%,$0.00,$1.65,15,75.00%,$4.95,$6.60
Mason Crest Elementary,5/15/2025,30003,Honey Cheerios Cereal (Each),50,0,50,40,29,0,29,$17.11,0,0.00%,$0.00,$17.11,11,27.50%,$6.49,$23.60
Mason Crest Elementary,5/15/2025,30004,Blueberry Chex Cereal (Each),10,0,10,20,17,0,17,$10.03,0,0.00%,$0.00,$10.03,3,15.00%,$1.77,$11.80
Mason Crest Elementary,5/15/2025,30006,Cinnamon Chex Cereal (Each),50,0,50,20,12,0,12,$7.08,0,0.00%,$0.00,$7.08,8,40.00%,$4.72,$11.80
Mason Crest Elementary,5/15/2025,30007,"Cinnamon Toast Crunch Cereal, 25% Less Sugar (Each)",10,0,10,10,0,0,0,$0.00,0,0.00%,$0.00,$0.00,10,100.00%,$0.00,$0.00
Mason Crest Elementary,5/15/2025,30008,Apple Juice (Each),120,0,120,140,125,2,127,$21.59,0,0.00%,$0.00,$21.59,13,9.29%,$2.21,$23.80
Mason Crest Elementary,5/15/2025,30009,Orange Tangerine Juice (Each),55,0,55,55,45,0,45,$7.65,0,0.00%,$0.00,$7.65,10,18.18%,$1.70,$9.35
Mason Crest Elementary,5/15/2025,30068,Chilled Peaches (1/2 cup (drained)),67,0,67,68,67,0,67,$34.17,1,1.47%,$0.51,$34.68,0,0.00%,$0.00,$34.68
Mason Crest Elementary,5/15/2025,30093,Natural Breakfast Syrup (Each),0,0,0,20,0,0,0,$0.00,0,0.00%,$0.00,$0.00,20,100.00%,$0.00,$0.00
Mason Crest Elementary,5/15/2025,30103,"Milk, Lactose Free,  Fat Free, Shelf-Stable (Each)",0,0,0,2,2,0,2,$0.96,0,0.00%,$0.00,$0.96,0,0.00%,$0.00,$0.96
Mason Crest Elementary,5/15/2025,60096,Strawberry Parfait (Parfait),5,0,5,1,0,0,0,$0.00,0,0.00%,$0.00,$0.00,1,100.00%,$0.00,$0.00
Mason Crest Elementary,5/15/2025,60099,"Parfait, Triple Berry (Parfait)",0,0,0,6,5,0,5,$3.40,0,0.00%,$0.00,$3.40,1,16.67%,$0.68,$4.08
Mason Crest Elementary,5/15/2025,60125,Egg and American Cheese on Biscuit (Sandwich),0,0,0,10,0,0,0,$0.00,0,0.00%,$0.00,$0.00,10,100.00%,$0.00,$0.00
McLean High,5/15/2025,10020,Bagel (Bagel),0,0,0,32,32,0,32,$10.24,0,0.00%,$0.00,$10.24,0,0.00%,$0.00,$10.24
McLean High,5/15/2025,10096,"Batter, Pumpkin Bread (1oz Grain (1/64 Baked Pan))",0,0,0,34,34,0,34,$13.94,0,0.00%,$0.00,$13.94,0,0.00%,$0.00,$13.94
McLean High,5/15/2025,20001,1% White Milk (Each),56,0,56,56,30,0,30,$10.80,0,0.00%,$0.00,$10.80,26,46.43%,$9.36,$20.16
McLean High,5/15/2025,20009,Cream Cheese (Each),0,0,0,24,24,0,24,$6.96,0,0.00%,$0.00,$6.96,0,0.00%,$0.00,$6.96
McLean High,5/15/2025,20014,Red Delicious Apple (Each - serving),30,0,30,30,18,0,18,$5.94,0,0.00%,$0.00,$5.94,12,40.00%,$3.96,$9.90
McLean High,5/15/2025,20017,Orange (6 Slices per 1/2 cup),30,0,30,30,20,0,20,$6.80,0,0.00%,$0.00,$6.80,10,33.33%,$3.40,$10.20
McLean High,5/15/2025,20038,Fat Free White Milk (Each),46,0,46,46,6,0,6,$1.98,0,0.00%,$0.00,$1.98,40,86.96%,$13.20,$15.18
McLean High,5/15/2025,30003,Honey Cheerios Cereal (Each),6,0,6,6,6,0,6,$3.54,0,0.00%,$0.00,$3.54,0,0.00%,$0.00,$3.54
McLean High,5/15/2025,30004,Blueberry Chex Cereal (Each),6,0,6,6,6,0,6,$3.54,0,0.00%,$0.00,$3.54,0,0.00%,$0.00,$3.54
McLean High,5/15/2025,30006,Cinnamon Chex Cereal (Each),6,0,6,6,6,0,6,$3.54,0,0.00%,$0.00,$3.54,0,0.00%,$0.00,$3.54
McLean High,5/15/2025,30007,"Cinnamon Toast Crunch Cereal, 25% Less Sugar (Each)",12,0,12,18,14,0,14,$8.26,0,0.00%,$0.00,$8.26,4,22.22%,$2.36,$10.62
McLean High,5/15/2025,30008,Apple Juice (Each),88,0,88,84,84,0,84,$14.28,0,0.00%,$0.00,$14.28,0,0.00%,$0.00,$14.28
McLean High,5/15/2025,30009,Orange Tangerine Juice (Each),88,0,88,84,78,0,78,$13.26,0,0.00%,$0.00,$13.26,6,7.14%,$1.02,$14.28
McLean High,5/15/2025,60096,Strawberry Parfait (Parfait),20,0,20,16,14,0,14,$13.86,0,0.00%,$0.00,$13.86,2,12.50%,$1.98,$15.84
McLean High,5/15/2025,60125,Egg and American Cheese on Biscuit (Sandwich),58,0,58,56,56,0,56,$26.32,0,0.00%,$0.00,$26.32,0,0.00%,$0.00,$26.32
McLean High,5/15/2025,60162,Chicken & Biscuit Sandwich (Sandwich),0,0,0,28,28,0,28,$14.84,0,0.00%,$0.00,$14.84,0,0.00%,$0.00,$14.84
McNair Elementary,5/15/2025,10041,Mini Maple Pancakes (Package),84,0,84,131,112,0,112,$43.68,0,0.00%,$0.00,$43.68,19,14.50%,$7.41,$51.09
McNair Elementary,5/15/2025,20001,1% White Milk (Each),110,0,110,102,91,0,91,$32.76,0,0.00%,$0.00,$32.76,11,10.78%,$3.96,$36.72
McNair Elementary,5/15/2025,20014,Red Delicious Apple (Each - serving),19,0,19,25,17,0,17,$5.61,0,0.00%,$0.00,$5.61,8,32.00%,$2.64,$8.25
McNair Elementary,5/15/2025,20038,Fat Free White Milk (Each),18,0,18,94,42,0,42,$13.86,0,0.00%,$0.00,$13.86,52,55.32%,$17.16,$31.02
McNair Elementary,5/15/2025,30003,Honey Cheerios Cereal (Each),16,0,16,18,18,0,18,$10.62,0,0.00%,$0.00,$10.62,0,0.00%,$0.00,$10.62
McNair Elementary,5/15/2025,30004,Blueberry Chex Cereal (Each),10,0,10,18,8,0,8,$4.72,0,0.00%,$0.00,$4.72,10,55.56%,$5.90,$10.62
McNair Elementary,5/15/2025,30006,Cinnamon Chex Cereal (Each),11,0,11,8,8,0,8,$4.72,0,0.00%,$0.00,$4.72,0,0.00%,$0.00,$4.72
McNair Elementary,5/15/2025,30007,"Cinnamon Toast Crunch Cereal, 25% Less Sugar (Each)",8,0,8,22,14,0,14,$8.26,0,0.00%,$0.00,$8.26,8,36.36%,$4.72,$12.98
McNair Elementary,5/15/2025,30008,Apple Juice (Each),51,0,51,52,49,0,49,$8.33,0,0.00%,$0.00,$8.33,3,5.77%,$0.51,$8.84
McNair Elementary,5/15/2025,30009,Orange Tangerine Juice (Each),26,0,26,52,44,0,44,$7.48,0,0.00%,$0.00,$7.48,8,15.38%,$1.36,$8.84
McNair Elementary,5/15/2025,30051,Natural Grape Jam (Packet),0,0,0,30,24,0,24,$2.16,0,0.00%,$0.00,$2.16,6,20.00%,$0.54,$2.70
McNair Elementary,5/15/2025,30068,Chilled Peaches (1/2 cup (drained)),89,0,89,101,90,0,90,$45.90,0,0.00%,$0.00,$45.90,11,10.89%,$5.61,$51.51
McNair Elementary,5/15/2025,30103,"Milk, Lactose Free,  Fat Free, Shelf-Stable (Each)",0,0,0,3,3,0,3,$1.44,0,0.00%,$0.00,$1.44,0,0.00%,$0.00,$1.44
McNair Elementary,5/15/2025,30188,"Milk, Soy, Plain, Bulk (12/32 oz) (1 cup)",0,0,0,1,1,0,1,$0.79,0,0.00%,$0.00,$0.79,0,0.00%,$0.00,$0.79
McNair Elementary,5/15/2025,60032,Blueberry Parfait (Parfait),0,0,0,2,0,0,0,$0.00,0,0.00%,$0.00,$0.00,2,100.00%,$0.00,$0.00
McNair Elementary,5/15/2025,60034,Mandarin Orange Parfait (Parfait),0,0,0,8,5,0,5,$4.95,0,0.00%,$0.00,$4.95,3,37.50%,$2.97,$7.92
McNair Upper Elementary,5/15/2025,10041,Mini Maple Pancakes (Package),42,0,42,59,59,0,59,$23.01,0,0.00%,$0.00,$23.01,0,0.00%,$0.00,$23.01
McNair Upper Elementary,5/15/2025,20001,1% White Milk (Each),18,0,18,37,21,0,21,$7.56,0,0.00%,$0.00,$7.56,16,43.24%,$5.76,$13.32
McNair Upper Elementary,5/15/2025,20008,Apple Slices (3 slices per 1/4 cup),0,0,0,23,19,0,19,$11.21,0,0.00%,$0.00,$11.21,4,17.39%,$2.36,$13.57
McNair Upper Elementary,5/15/2025,20038,Fat Free White Milk (Each),7,0,7,25,8,0,8,$2.64,0,0.00%,$0.00,$2.64,17,68.00%,$5.61,$8.25
McNair Upper Elementary,5/15/2025,30003,Honey Cheerios Cereal (Each),8,0,8,17,9,0,9,$5.31,0,0.00%,$0.00,$5.31,8,47.06%,$4.72,$10.03
McNair Upper Elementary,5/15/2025,30004,Blueberry Chex Cereal (Each),8,0,8,17,6,0,6,$3.54,0,0.00%,$0.00,$3.54,11,64.71%,$6.49,$10.03
McNair Upper Elementary,5/15/2025,30006,Cinnamon Chex Cereal (Each),12,0,12,17,10,0,10,$5.90,0,0.00%,$0.00,$5.90,7,41.18%,$4.13,$10.03
McNair Upper Elementary,5/15/2025,30007,"Cinnamon Toast Crunch Cereal, 25% Less Sugar (Each)",14,0,14,17,17,0,17,$10.03,0,0.00%,$0.00,$10.03,0,0.00%,$0.00,$10.03
McNair Upper Elementary,5/15/2025,30008,Apple Juice (Each),49,0,49,62,62,0,62,$10.54,0,0.00%,$0.00,$10.54,0,0.00%,$0.00,$10.54
McNair Upper Elementary,5/15/2025,30009,Orange Tangerine Juice (Each),28,0,28,46,36,0,36,$6.12,0,0.00%,$0.00,$6.12,10,21.74%,$1.70,$7.82
McNair Upper Elementary,5/15/2025,30045,Watermelon Flavored Dried Cranberries (2 Eaches),0,0,0,14,3,0,3,$1.44,0,0.00%,$0.00,$1.44,11,78.57%,$5.28,$6.72
McNair Upper Elementary,5/15/2025,30093,Natural Breakfast Syrup (Each),0,0,0,44,43,0,43,$8.60,0,0.00%,$0.00,$8.60,1,2.27%,$0.20,$8.80
McNair Upper Elementary,5/15/2025,60096,Strawberry Parfait (Parfait),6,0,6,5,2,0,2,$1.98,1,20.00%,$0.99,$2.97,2,40.00%,$1.98,$4.95
McNair Upper Elementary,5/15/2025,60125,Egg and American Cheese on Biscuit (Sandwich),3,0,3,10,4,0,4,$1.88,0,0.00%,$0.00,$1.88,6,60.00%,$2.82,$4.70
Mosaic Elementary,5/15/2025,10020,Bagel (Bagel),0,0,0,30,28,0,28,$8.96,0,0.00%,$0.00,$8.96,2,6.67%,$0.64,$9.60
Mosaic Elementary,5/15/2025,10041,Mini Maple Pancakes (Package),16,0,16,36,35,0,35,$13.65,0,0.00%,$0.00,$13.65,1,2.78%,$0.39,$14.04
Mosaic Elementary,5/15/2025,20001,1% White Milk (Each),78,0,78,115,69,0,69,$24.84,0,0.00%,$0.00,$24.84,46,40.00%,$16.56,$41.40
Mosaic Elementary,5/15/2025,20009,Cream Cheese (Each),0,0,0,30,28,0,28,$8.12,0,0.00%,$0.00,$8.12,2,6.67%,$0.58,$8.70
Mosaic Elementary,5/15/2025,20038,Fat Free White Milk (Each),12,0,12,30,12,0,12,$3.96,0,0.00%,$0.00,$3.96,18,60.00%,$5.94,$9.90
Mosaic Elementary,5/15/2025,20047,Orange Slices (3 slices per 1/4 cup),0,0,0,30,25,0,25,$5.00,0,0.00%,$0.00,$5.00,5,16.67%,$1.00,$6.00
Mosaic Elementary,5/15/2025,30003,Honey Cheerios Cereal (Each),10,0,10,20,9,0,9,$5.31,0,0.00%,$0.00,$5.31,11,55.00%,$6.49,$11.80
Mosaic Elementary,5/15/2025,30004,Blueberry Chex Cereal (Each),12,0,12,15,15,0,15,$8.85,0,0.00%,$0.00,$8.85,0,0.00%,$0.00,$8.85
Mosaic Elementary,5/15/2025,30006,Cinnamon Chex Cereal (Each),9,0,9,15,10,0,10,$5.90,0,0.00%,$0.00,$5.90,5,33.33%,$2.95,$8.85
Mosaic Elementary,5/15/2025,30008,Apple Juice (Each),70,0,70,80,49,0,49,$8.33,0,0.00%,$0.00,$8.33,31,38.75%,$5.27,$13.60
Mosaic Elementary,5/15/2025,30009,Orange Tangerine Juice (Each),30,0,30,40,27,0,27,$4.59,0,0.00%,$0.00,$4.59,13,32.50%,$2.21,$6.80
Mosaic Elementary,5/15/2025,30068,Chilled Peaches (1/2 cup (drained)),17,0,17,16,16,0,16,$8.16,0,0.00%,$0.00,$8.16,0,0.00%,$0.00,$8.16
Mosaic Elementary,5/15/2025,30184,"Milk, Soy, Vanilla (24/8 oz) (each)",0,0,0,1,1,0,1,$1.02,0,0.00%,$0.00,$1.02,0,0.00%,$0.00,$1.02
Mosaic Elementary,5/15/2025,60096,Strawberry Parfait (Parfait),3,0,3,3,1,0,1,$0.99,0,0.00%,$0.00,$0.99,2,66.67%,$1.98,$2.97
Mosaic Elementary,5/15/2025,60125,Egg and American Cheese on Biscuit (Sandwich),10,0,10,15,14,0,14,$6.58,1,6.67%,$0.47,$7.05,0,0.00%,$0.00,$7.05
Mount Eagle Elementary,5/15/2025,10041,Mini Maple Pancakes (Package),16,0,16,216,210,0,210,$81.90,0,0.00%,$0.00,$81.90,6,2.78%,$2.34,$84.24
Mount Eagle Elementary,5/15/2025,20001,1% White Milk (Each),70,0,70,68,62,0,62,$22.32,0,0.00%,$0.00,$22.32,6,8.82%,$2.16,$24.48
Mount Eagle Elementary,5/15/2025,20014,Red Delicious Apple (Each - serving),44,0,44,80,77,0,77,$25.41,0,0.00%,$0.00,$25.41,3,3.75%,$0.99,$26.40
Mount Eagle Elementary,5/15/2025,20038,Fat Free White Milk (Each),3,0,3,3,2,0,2,$0.66,0,0.00%,$0.00,$0.66,1,33.33%,$0.33,$0.99
Mount Eagle Elementary,5/15/2025,30003,Honey Cheerios Cereal (Each),31,0,31,12,12,0,12,$7.08,0,0.00%,$0.00,$7.08,0,0.00%,$0.00,$7.08
Mount Eagle Elementary,5/15/2025,30004,Blueberry Chex Cereal (Each),17,0,17,12,12,0,12,$7.08,0,0.00%,$0.00,$7.08,0,0.00%,$0.00,$7.08
Mount Eagle Elementary,5/15/2025,30007,"Cinnamon Toast Crunch Cereal, 25% Less Sugar (Each)",29,0,29,12,7,0,7,$4.13,0,0.00%,$0.00,$4.13,5,41.67%,$2.95,$7.08
Mount Eagle Elementary,5/15/2025,30008,Apple Juice (Each),104,0,104,120,120,0,120,$20.40,0,0.00%,$0.00,$20.40,0,0.00%,$0.00,$20.40
Mount Eagle Elementary,5/15/2025,30009,Orange Tangerine Juice (Each),94,0,94,120,120,0,120,$20.40,0,0.00%,$0.00,$20.40,0,0.00%,$0.00,$20.40
Mount Eagle Elementary,5/15/2025,30068,Chilled Peaches (1/2 cup (drained)),17,0,17,18,18,0,18,$9.18,0,0.00%,$0.00,$9.18,0,0.00%,$0.00,$9.18
Mt. Vernon Woods Elementary,5/15/2025,10041,Mini Maple Pancakes (Package),43,0,43,164,154,0,154,$60.06,0,0.00%,$0.00,$60.06,10,6.10%,$3.90,$63.96
Mt. Vernon Woods Elementary,5/15/2025,20001,1% White Milk (Each),121,0,121,142,125,0,125,$45.00,0,0.00%,$0.00,$45.00,17,11.97%,$6.12,$51.12
Mt. Vernon Woods Elementary,5/15/2025,20008,Apple Slices (3 slices per 1/4 cup),0,0,0,44,39,0,39,$23.01,0,0.00%,$0.00,$23.01,5,11.36%,$2.95,$25.96
Mt. Vernon Woods Elementary,5/15/2025,20038,Fat Free White Milk (Each),17,0,17,24,11,0,11,$3.63,0,0.00%,$0.00,$3.63,13,54.17%,$4.29,$7.92
Mt. Vernon Woods Elementary,5/15/2025,20043,"Lactose Free, White Milk (Each)",0,0,0,4,4,0,4,$2.32,0,0.00%,$0.00,$2.32,0,0.00%,$0.00,$2.32
Mt. Vernon Woods Elementary,5/15/2025,30003,Honey Cheerios Cereal (Each),25,0,25,42,18,0,18,$10.62,0,0.00%,$0.00,$10.62,24,57.14%,$14.16,$24.78
Mt. Vernon Woods Elementary,5/15/2025,30004,Blueberry Chex Cereal (Each),17,0,17,42,20,0,20,$11.80,0,0.00%,$0.00,$11.80,22,52.38%,$12.98,$24.78
Mt. Vernon Woods Elementary,5/15/2025,30006,Cinnamon Chex Cereal (Each),24,0,24,42,23,0,23,$13.57,0,0.00%,$0.00,$13.57,19,45.24%,$11.21,$24.78
Mt. Vernon Woods Elementary,5/15/2025,30007,"Cinnamon Toast Crunch Cereal, 25% Less Sugar (Each)",57,0,57,69,28,0,28,$16.52,0,0.00%,$0.00,$16.52,41,59.42%,$24.19,$40.71
Mt. Vernon Woods Elementary,5/15/2025,30008,Apple Juice (Each),162,0,162,207,151,0,151,$25.67,0,0.00%,$0.00,$25.67,56,27.05%,$9.52,$35.19
Mt. Vernon Woods Elementary,5/15/2025,30009,Orange Tangerine Juice (Each),79,0,79,91,75,0,75,$12.75,0,0.00%,$0.00,$12.75,16,17.58%,$2.72,$15.47
Mt. Vernon Woods Elementary,5/15/2025,30068,Chilled Peaches (1/2 cup (drained)),53,0,53,44,44,0,44,$22.44,0,0.00%,$0.00,$22.44,0,0.00%,$0.00,$22.44
Mt. Vernon Woods Elementary,5/15/2025,60099,"Parfait, Triple Berry (Parfait)",0,0,0,7,5,0,5,$3.40,0,0.00%,$0.00,$3.40,2,28.57%,$1.36,$4.76
Mt. Vernon Woods Elementary,5/15/2025,60165,Egg and American Cheese on Bagel (Sandwich),0,0,0,18,14,0,14,$8.12,4,22.22%,$2.32,$10.44,0,0.00%,$0.00,$10.44
Navy Elementary,5/15/2025,10020,Bagel (Bagel),0,0,0,3,1,0,1,$0.32,0,0.00%,$0.00,$0.32,2,66.67%,$0.64,$0.96
Navy Elementary,5/15/2025,10041,Mini Maple Pancakes (Package),41,0,41,50,38,0,38,$14.82,0,0.00%,$0.00,$14.82,12,24.00%,$4.68,$19.50
Navy Elementary,5/15/2025,20001,1% White Milk (Each),10,0,10,7,7,0,7,$2.52,0,0.00%,$0.00,$2.52,0,0.00%,$0.00,$2.52
Navy Elementary,5/15/2025,20009,Cream Cheese (Each),0,0,0,3,1,0,1,$0.29,0,0.00%,$0.00,$0.29,2,66.67%,$0.58,$0.87
Navy Elementary,5/15/2025,20031,Banana (Each),10,0,10,8,5,0,5,$1.05,0,0.00%,$0.00,$1.05,3,37.50%,$0.63,$1.68
Navy Elementary,5/15/2025,20038,Fat Free White Milk (Each),10,0,10,10,10,0,10,$3.30,0,0.00%,$0.00,$3.30,0,0.00%,$0.00,$3.30
Navy Elementary,5/15/2025,30003,Honey Cheerios Cereal (Each),4,0,4,5,5,0,5,$2.95,0,0.00%,$0.00,$2.95,0,0.00%,$0.00,$2.95
Navy Elementary,5/15/2025,30004,Blueberry Chex Cereal (Each),2,0,2,3,1,0,1,$0.59,0,0.00%,$0.00,$0.59,2,66.67%,$1.18,$1.77
Navy Elementary,5/15/2025,30006,Cinnamon Chex Cereal (Each),10,0,10,10,8,0,8,$4.72,0,0.00%,$0.00,$4.72,2,20.00%,$1.18,$5.90
Navy Elementary,5/15/2025,30007,"Cinnamon Toast Crunch Cereal, 25% Less Sugar (Each)",10,0,10,11,11,0,11,$6.49,0,0.00%,$0.00,$6.49,0,0.00%,$0.00,$6.49
Navy Elementary,5/15/2025,30008,Apple Juice (Each),42,0,42,45,45,0,45,$7.65,0,0.00%,$0.00,$7.65,0,0.00%,$0.00,$7.65
Navy Elementary,5/15/2025,30009,Orange Tangerine Juice (Each),19,0,19,20,19,0,19,$3.23,0,0.00%,$0.00,$3.23,1,5.00%,$0.17,$3.40
Navy Elementary,5/15/2025,60011,Turkey Sausage Breakfast Biscuit (Sandwich),0,0,0,3,3,0,3,$1.32,0,0.00%,$0.00,$1.32,0,0.00%,$0.00,$1.32
Navy Elementary,5/15/2025,60096,Strawberry Parfait (Parfait),6,0,6,4,2,0,2,$1.98,0,0.00%,$0.00,$1.98,2,50.00%,$1.98,$3.96
Navy Elementary,5/15/2025,60135,Cinnamon Waffle (each),0,0,0,2,2,0,2,$0.88,0,0.00%,$0.00,$0.88,0,0.00%,$0.00,$0.88
Newington Forest Elementary,5/15/2025,10041,Mini Maple Pancakes (Package),65,0,65,40,38,0,38,$14.82,0,0.00%,$0.00,$14.82,2,5.00%,$0.78,$15.60
Newington Forest Elementary,5/15/2025,20001,1% White Milk (Each),50,0,50,50,30,0,30,$10.80,0,0.00%,$0.00,$10.80,20,40.00%,$7.20,$18.00
Newington Forest Elementary,5/15/2025,20014,Red Delicious Apple (Each - serving),20,0,20,20,20,0,20,$6.60,0,0.00%,$0.00,$6.60,0,0.00%,$0.00,$6.60
Newington Forest Elementary,5/15/2025,20017,Orange (6 Slices per 1/2 cup),20,0,20,0,0,0,0,$0.00,0,0.00%,$0.00,$0.00,0,0.00%,$0.00,$0.00
Newington Forest Elementary,5/15/2025,20031,Banana (Each),20,0,20,0,0,0,0,$0.00,0,0.00%,$0.00,$0.00,0,0.00%,$0.00,$0.00
Newington Forest Elementary,5/15/2025,20038,Fat Free White Milk (Each),25,0,25,25,15,0,15,$4.95,0,0.00%,$0.00,$4.95,10,40.00%,$3.30,$8.25
Newington Forest Elementary,5/15/2025,30003,Honey Cheerios Cereal (Each),30,0,30,30,20,0,20,$11.80,0,0.00%,$0.00,$11.80,10,33.33%,$5.90,$17.70
Newington Forest Elementary,5/15/2025,30004,Blueberry Chex Cereal (Each),30,0,30,30,18,0,18,$10.62,0,0.00%,$0.00,$10.62,12,40.00%,$7.08,$17.70
Newington Forest Elementary,5/15/2025,30006,Cinnamon Chex Cereal (Each),30,0,30,30,18,0,18,$10.62,0,0.00%,$0.00,$10.62,12,40.00%,$7.08,$17.70
Newington Forest Elementary,5/15/2025,30007,"Cinnamon Toast Crunch Cereal, 25% Less Sugar (Each)",30,0,30,30,20,0,20,$11.80,0,0.00%,$0.00,$11.80,10,33.33%,$5.90,$17.70
Newington Forest Elementary,5/15/2025,30008,Apple Juice (Each),65,0,65,70,69,0,69,$11.73,0,0.00%,$0.00,$11.73,1,1.43%,$0.17,$11.90
Newington Forest Elementary,5/15/2025,30009,Orange Tangerine Juice (Each),45,0,45,50,40,0,40,$6.80,0,0.00%,$0.00,$6.80,10,20.00%,$1.70,$8.50
Newington Forest Elementary,5/15/2025,60096,Strawberry Parfait (Parfait),12,0,12,12,10,0,10,$9.90,0,0.00%,$0.00,$9.90,2,16.67%,$1.98,$11.88
Newington Forest Elementary,5/15/2025,60125,Egg and American Cheese on Biscuit (Sandwich),15,0,15,15,4,0,4,$1.88,0,0.00%,$0.00,$1.88,11,73.33%,$5.17,$7.05
North Springfield Elementary,5/15/2025,10041,Mini Maple Pancakes (Package),70,0,70,63,63,0,63,$24.57,0,0.00%,$0.00,$24.57,0,0.00%,$0.00,$24.57
North Springfield Elementary,5/15/2025,10074,"Frozen Berry, Triple Berry Blend (1/2 cup (thawed))",0,0,0,33,33,0,33,$0.99,0,0.00%,$0.00,$0.99,0,0.00%,$0.00,$0.99
North Springfield Elementary,5/15/2025,20001,1% White Milk (Each),53,0,53,55,50,0,50,$18.00,0,0.00%,$0.00,$18.00,5,9.09%,$1.80,$19.80
North Springfield Elementary,5/15/2025,20015,Golden Delicious Apple (Each),0,0,0,30,25,0,25,$7.75,0,0.00%,$0.00,$7.75,5,16.67%,$1.55,$9.30
North Springfield Elementary,5/15/2025,20031,Banana (Each),25,0,25,10,10,0,10,$2.10,0,0.00%,$0.00,$2.10,0,0.00%,$0.00,$2.10
North Springfield Elementary,5/15/2025,20038,Fat Free White Milk (Each),10,0,10,12,7,0,7,$2.31,0,0.00%,$0.00,$2.31,5,41.67%,$1.65,$3.96
North Springfield Elementary,5/15/2025,20043,"Lactose Free, White Milk (Each)",0,0,0,2,2,0,2,$1.16,0,0.00%,$0.00,$1.16,0,0.00%,$0.00,$1.16
North Springfield Elementary,5/15/2025,30003,Honey Cheerios Cereal (Each),12,0,12,12,12,0,12,$7.08,0,0.00%,$0.00,$7.08,0,0.00%,$0.00,$7.08
North Springfield Elementary,5/15/2025,30004,Blueberry Chex Cereal (Each),10,0,10,12,12,0,12,$7.08,0,0.00%,$0.00,$7.08,0,0.00%,$0.00,$7.08
North Springfield Elementary,5/15/2025,30006,Cinnamon Chex Cereal (Each),0,0,0,5,5,0,5,$2.95,0,0.00%,$0.00,$2.95,0,0.00%,$0.00,$2.95
North Springfield Elementary,5/15/2025,30008,Apple Juice (Each),47,0,47,40,40,0,40,$6.80,0,0.00%,$0.00,$6.80,0,0.00%,$0.00,$6.80
North Springfield Elementary,5/15/2025,30009,Orange Tangerine Juice (Each),43,0,43,40,33,0,33,$5.61,0,0.00%,$0.00,$5.61,7,17.50%,$1.19,$6.80
North Springfield Elementary,5/15/2025,60096,Strawberry Parfait (Parfait),0,0,0,6,5,0,5,$4.95,0,0.00%,$0.00,$4.95,1,16.67%,$0.99,$5.94
North Springfield Elementary,5/15/2025,60165,Egg and American Cheese on Bagel (Sandwich),0,0,0,10,10,0,10,$5.80,0,0.00%,$0.00,$5.80,0,0.00%,$0.00,$5.80
Oak Hill Elementary,5/15/2025,10020,Bagel (Bagel),0,0,0,10,10,0,10,$3.20,0,0.00%,$0.00,$3.20,0,0.00%,$0.00,$3.20
Oak Hill Elementary,5/15/2025,10041,Mini Maple Pancakes (Package),2,0,2,2,2,0,2,$0.78,0,0.00%,$0.00,$0.78,0,0.00%,$0.00,$0.78
Oak Hill Elementary,5/15/2025,20001,1% White Milk (Each),27,0,27,35,35,0,35,$12.60,0,0.00%,$0.00,$12.60,0,0.00%,$0.00,$12.60
Oak Hill Elementary,5/15/2025,20017,Orange (6 Slices per 1/2 cup),2,0,2,5,0,0,0,$0.00,0,0.00%,$0.00,$0.00,5,100.00%,$0.00,$0.00
Oak Hill Elementary,5/15/2025,20038,Fat Free White Milk (Each),20,0,20,20,20,0,20,$6.60,0,0.00%,$0.00,$6.60,0,0.00%,$0.00,$6.60
Oak Hill Elementary,5/15/2025,30003,Honey Cheerios Cereal (Each),6,0,6,17,12,0,12,$7.08,0,0.00%,$0.00,$7.08,5,29.41%,$2.95,$10.03
Oak Hill Elementary,5/15/2025,30004,Blueberry Chex Cereal (Each),4,0,4,1,1,0,1,$0.59,0,0.00%,$0.00,$0.59,0,0.00%,$0.00,$0.59
Oak Hill Elementary,5/15/2025,30006,Cinnamon Chex Cereal (Each),5,0,5,16,7,0,7,$4.13,0,0.00%,$0.00,$4.13,9,56.25%,$5.31,$9.44
Oak Hill Elementary,5/15/2025,30007,"Cinnamon Toast Crunch Cereal, 25% Less Sugar (Each)",7,0,7,14,14,0,14,$8.26,0,0.00%,$0.00,$8.26,0,0.00%,$0.00,$8.26
Oak Hill Elementary,5/15/2025,30008,Apple Juice (Each),31,0,31,30,30,0,30,$5.10,0,0.00%,$0.00,$5.10,0,0.00%,$0.00,$5.10
Oak Hill Elementary,5/15/2025,30009,Orange Tangerine Juice (Each),24,0,24,36,36,0,36,$6.12,0,0.00%,$0.00,$6.12,0,0.00%,$0.00,$6.12
Oak Hill Elementary,5/15/2025,30068,Chilled Peaches (1/2 cup (drained)),0,0,0,0,0,0,0,$0.00,0,0.00%,$0.00,$0.00,0,0.00%,$0.00,$0.00
Oak Hill Elementary,5/15/2025,60011,Turkey Sausage Breakfast Biscuit (Sandwich),0,0,0,10,10,0,10,$4.40,0,0.00%,$0.00,$4.40,0,0.00%,$0.00,$4.40
Oak Hill Elementary,5/15/2025,60099,"Parfait, Triple Berry (Parfait)",0,0,0,10,8,0,8,$5.44,0,0.00%,$0.00,$5.44,2,20.00%,$1.36,$6.80
Oak View Elementary,5/15/2025,10020,Bagel (Bagel),0,0,0,36,22,5,27,$8.64,0,0.00%,$0.00,$8.64,9,25.00%,$2.88,$11.52
Oak View Elementary,5/15/2025,20001,1% White Milk (Each),24,0,24,35,28,0,28,$10.08,0,0.00%,$0.00,$10.08,7,20.00%,$2.52,$12.60
Oak View Elementary,5/15/2025,20009,Cream Cheese (Each),0,0,0,36,22,5,27,$7.83,0,0.00%,$0.00,$7.83,9,25.00%,$2.61,$10.44
Oak View Elementary,5/15/2025,20014,Red Delicious Apple (Each - serving),20,0,20,21,10,0,10,$3.30,0,0.00%,$0.00,$3.30,11,52.38%,$3.63,$6.93
Oak View Elementary,5/15/2025,20038,Fat Free White Milk (Each),10,0,10,12,7,0,7,$2.31,0,0.00%,$0.00,$2.31,5,41.67%,$1.65,$3.96
Oak View Elementary,5/15/2025,30003,Honey Cheerios Cereal (Each),18,0,18,20,13,5,18,$10.62,0,0.00%,$0.00,$10.62,2,10.00%,$1.18,$11.80
Oak View Elementary,5/15/2025,30004,Blueberry Chex Cereal (Each),6,0,6,4,4,0,4,$2.36,0,0.00%,$0.00,$2.36,0,0.00%,$0.00,$2.36
Oak View Elementary,5/15/2025,30006,Cinnamon Chex Cereal (Each),16,0,16,22,12,0,12,$7.08,0,0.00%,$0.00,$7.08,10,45.45%,$5.90,$12.98
Oak View Elementary,5/15/2025,30007,"Cinnamon Toast Crunch Cereal, 25% Less Sugar (Each)",18,0,18,26,15,5,20,$11.80,0,0.00%,$0.00,$11.80,6,23.08%,$3.54,$15.34
Oak View Elementary,5/15/2025,30008,Apple Juice (Each),80,0,80,106,56,27,83,$14.11,0,0.00%,$0.00,$14.11,23,21.70%,$3.91,$18.02
Oak View Elementary,5/15/2025,30009,Orange Tangerine Juice (Each),30,0,30,54,24,0,24,$4.08,0,0.00%,$0.00,$4.08,30,55.56%,$5.10,$9.18
Oak View Elementary,5/15/2025,60096,Strawberry Parfait (Parfait),6,0,6,6,1,1,2,$1.98,0,0.00%,$0.00,$1.98,4,66.67%,$3.96,$5.94
Oak View Elementary,5/15/2025,60162,Chicken & Biscuit Sandwich (Sandwich),0,0,0,17,13,4,17,$9.01,0,0.00%,$0.00,$9.01,0,0.00%,$0.00,$9.01
Oakton Elementary,5/15/2025,10041,Mini Maple Pancakes (Package),38,0,38,45,44,0,44,$17.16,0,0.00%,$0.00,$17.16,1,2.22%,$0.39,$17.55
Oakton Elementary,5/15/2025,20001,1% White Milk (Each),23,0,23,20,18,0,18,$6.48,0,0.00%,$0.00,$6.48,2,10.00%,$0.72,$7.20
Oakton Elementary,5/15/2025,20017,Orange (1/4 cup),0,0,0,15,15,0,15,$2.55,0,0.00%,$0.00,$2.55,0,0.00%,$0.00,$2.55
Oakton Elementary,5/15/2025,20031,Banana (Each),13,0,13,15,15,0,15,$3.15,0,0.00%,$0.00,$3.15,0,0.00%,$0.00,$3.15
Oakton Elementary,5/15/2025,20038,Fat Free White Milk (Each),14,0,14,8,8,0,8,$2.64,0,0.00%,$0.00,$2.64,0,0.00%,$0.00,$2.64
Oakton Elementary,5/15/2025,30003,Honey Cheerios Cereal (Each),12,0,12,12,12,0,12,$7.08,0,0.00%,$0.00,$7.08,0,0.00%,$0.00,$7.08
Oakton Elementary,5/15/2025,30004,Blueberry Chex Cereal (Each),12,0,12,8,2,0,2,$1.18,6,75.00%,$3.54,$4.72,0,0.00%,$0.00,$4.72
Oakton Elementary,5/15/2025,30006,Cinnamon Chex Cereal (Each),12,0,12,12,9,0,9,$5.31,3,25.00%,$1.77,$7.08,0,0.00%,$0.00,$7.08
Oakton Elementary,5/15/2025,30007,"Cinnamon Toast Crunch Cereal, 25% Less Sugar (Each)",12,0,12,16,2,0,2,$1.18,14,87.50%,$8.26,$9.44,0,0.00%,$0.00,$9.44
Oakton Elementary,5/15/2025,30008,Apple Juice (Each),24,0,24,30,28,0,28,$4.76,0,0.00%,$0.00,$4.76,2,6.67%,$0.34,$5.10
Oakton Elementary,5/15/2025,30009,Orange Tangerine Juice (Each),35,0,35,30,29,0,29,$4.93,0,0.00%,$0.00,$4.93,1,3.33%,$0.17,$5.10
Oakton Elementary,5/15/2025,60096,Strawberry Parfait (Parfait),4,0,4,6,2,0,2,$1.98,0,0.00%,$0.00,$1.98,4,66.67%,$3.96,$5.94
Oakton Elementary,5/15/2025,60125,Egg and American Cheese on Biscuit (Sandwich),5,0,5,5,3,0,3,$1.41,0,0.00%,$0.00,$1.41,2,40.00%,$0.94,$2.35
Oakton High,5/15/2025,10020,Bagel (Bagel),48,0,48,68,60,0,60,$19.20,0,0.00%,$0.00,$19.20,8,11.76%,$2.56,$21.76
Oakton High,5/15/2025,10041,Mini Maple Pancakes (Package),48,0,48,50,50,0,50,$19.50,0,0.00%,$0.00,$19.50,0,0.00%,$0.00,$19.50
Oakton High,5/15/2025,20001,1% White Milk (Each),11,0,11,15,15,0,15,$5.40,0,0.00%,$0.00,$5.40,0,0.00%,$0.00,$5.40
Oakton High,5/15/2025,20009,Cream Cheese (Each),50,0,50,60,55,0,55,$15.95,0,0.00%,$0.00,$15.95,5,8.33%,$1.45,$17.40
Oakton High,5/15/2025,20014,Red Delicious Apple (Each - serving),3,0,3,15,11,0,11,$3.63,0,0.00%,$0.00,$3.63,4,26.67%,$1.32,$4.95
Oakton High,5/15/2025,20031,Banana (Each),3,0,3,12,11,0,11,$2.31,0,0.00%,$0.00,$2.31,1,8.33%,$0.21,$2.52
Oakton High,5/15/2025,20038,Fat Free White Milk (Each),3,0,3,5,3,0,3,$0.99,0,0.00%,$0.00,$0.99,2,40.00%,$0.66,$1.65
Oakton High,5/15/2025,30003,Honey Cheerios Cereal (Each),4,0,4,8,6,0,6,$3.54,0,0.00%,$0.00,$3.54,2,25.00%,$1.18,$4.72
Oakton High,5/15/2025,30004,Blueberry Chex Cereal (Each),4,0,4,8,8,0,8,$4.72,0,0.00%,$0.00,$4.72,0,0.00%,$0.00,$4.72
Oakton High,5/15/2025,30006,Cinnamon Chex Cereal (Each),4,0,4,8,5,0,5,$2.95,0,0.00%,$0.00,$2.95,3,37.50%,$1.77,$4.72
Oakton High,5/15/2025,30007,"Cinnamon Toast Crunch Cereal, 25% Less Sugar (Each)",20,0,20,24,19,0,19,$11.21,0,0.00%,$0.00,$11.21,5,20.83%,$2.95,$14.16
Oakton High,5/15/2025,30008,Apple Juice (Each),200,0,200,211,179,0,179,$30.43,0,0.00%,$0.00,$30.43,32,15.17%,$5.44,$35.87
Oakton High,5/15/2025,30009,Orange Tangerine Juice (Each),20,0,20,54,24,0,24,$4.08,0,0.00%,$0.00,$4.08,30,55.56%,$5.10,$9.18
Oakton High,5/15/2025,30051,Natural Grape Jam (Packet),2,0,2,22,7,0,7,$0.63,0,0.00%,$0.00,$0.63,15,68.18%,$1.35,$1.98
Oakton High,5/15/2025,30097,Bottled Water (Bottle),20,0,20,30,16,0,16,$2.56,0,0.00%,$0.00,$2.56,14,46.67%,$2.24,$4.80
Oakton High,5/15/2025,60034,Mandarin Orange Parfait (Parfait),3,0,3,3,2,0,2,$1.98,1,33.33%,$0.99,$2.97,0,0.00%,$0.00,$2.97
Oakton High,5/15/2025,60099,"Parfait, Triple Berry (Parfait)",0,0,0,7,4,0,4,$2.72,3,42.86%,$2.04,$4.76,0,0.00%,$0.00,$4.76
Oakton High,5/15/2025,60164,"Sandwich, Breakfast. Bagel, Turkey Sausage (Sandwich)",0,0,0,42,35,0,35,$18.90,0,0.00%,$0.00,$18.90,7,16.67%,$3.78,$22.68
Oakton High,5/15/2025,60165,Egg and American Cheese on Bagel (Sandwich),0,0,0,45,45,0,45,$26.10,0,0.00%,$0.00,$26.10,0,0.00%,$0.00,$26.10
Olde Creek Elementary,5/15/2025,10041,Mini Maple Pancakes (Package),40,0,40,36,34,0,34,$13.26,0,0.00%,$0.00,$13.26,2,5.56%,$0.78,$14.04
Olde Creek Elementary,5/15/2025,20001,1% White Milk (Each),20,0,20,20,12,0,12,$4.32,0,0.00%,$0.00,$4.32,8,40.00%,$2.88,$7.20
Olde Creek Elementary,5/15/2025,20014,Red Delicious Apple (Each - serving),20,0,20,20,10,0,10,$3.30,0,0.00%,$0.00,$3.30,10,50.00%,$3.30,$6.60
Olde Creek Elementary,5/15/2025,20038,Fat Free White Milk (Each),10,0,10,10,4,0,4,$1.32,0,0.00%,$0.00,$1.32,6,60.00%,$1.98,$3.30
Olde Creek Elementary,5/15/2025,30003,Honey Cheerios Cereal (Each),8,0,8,10,7,0,7,$4.13,0,0.00%,$0.00,$4.13,3,30.00%,$1.77,$5.90
Olde Creek Elementary,5/15/2025,30006,Cinnamon Chex Cereal (Each),6,0,6,5,5,0,5,$2.95,0,0.00%,$0.00,$2.95,0,0.00%,$0.00,$2.95
Olde Creek Elementary,5/15/2025,30007,"Cinnamon Toast Crunch Cereal, 25% Less Sugar (Each)",6,0,6,6,5,0,5,$2.95,0,0.00%,$0.00,$2.95,1,16.67%,$0.59,$3.54
Olde Creek Elementary,5/15/2025,30008,Apple Juice (Each),40,0,40,44,40,0,40,$6.80,0,0.00%,$0.00,$6.80,4,9.09%,$0.68,$7.48
Olde Creek Elementary,5/15/2025,30009,Orange Tangerine Juice (Each),20,0,20,20,17,0,17,$2.89,0,0.00%,$0.00,$2.89,3,15.00%,$0.51,$3.40
Olde Creek Elementary,5/15/2025,30051,Natural Grape Jam (Packet),0,0,0,20,8,0,8,$0.72,0,0.00%,$0.00,$0.72,12,60.00%,$1.08,$1.80
Olde Creek Elementary,5/15/2025,30093,Natural Breakfast Syrup (Each),0,0,0,36,34,0,34,$6.80,0,0.00%,$0.00,$6.80,2,5.56%,$0.40,$7.20
Olde Creek Elementary,5/15/2025,60034,Mandarin Orange Parfait (Parfait),0,0,0,3,1,0,1,$0.99,2,66.67%,$1.98,$2.97,0,0.00%,$0.00,$2.97
Olde Creek Elementary,5/15/2025,60125,Egg and American Cheese on Biscuit (Sandwich),8,0,8,4,2,0,2,$0.94,2,50.00%,$0.94,$1.88,0,0.00%,$0.00,$1.88
Orange Hunt Elementary,5/15/2025,10041,Mini Maple Pancakes (Package),62,0,62,85,82,0,82,$31.98,0,0.00%,$0.00,$31.98,3,3.53%,$1.17,$33.15
Orange Hunt Elementary,5/15/2025,20001,1% White Milk (Each),29,0,29,30,28,0,28,$10.08,0,0.00%,$0.00,$10.08,2,6.67%,$0.72,$10.80
Orange Hunt Elementary,5/15/2025,20014,Red Delicious Apple (Each - serving),26,0,26,25,23,0,23,$7.59,0,0.00%,$0.00,$7.59,2,8.00%,$0.66,$8.25
Orange Hunt Elementary,5/15/2025,20017,Orange (6 Slices per 1/2 cup),19,0,19,25,22,0,22,$7.48,0,0.00%,$0.00,$7.48,3,12.00%,$1.02,$8.50
Orange Hunt Elementary,5/15/2025,20031,Banana (Each),11,0,11,15,15,0,15,$3.15,0,0.00%,$0.00,$3.15,0,0.00%,$0.00,$3.15
Orange Hunt Elementary,5/15/2025,20038,Fat Free White Milk (Each),8,0,8,10,8,0,8,$2.64,0,0.00%,$0.00,$2.64,2,20.00%,$0.66,$3.30
Orange Hunt Elementary,5/15/2025,30003,Honey Cheerios Cereal (Each),9,0,9,7,6,0,6,$3.54,0,0.00%,$0.00,$3.54,1,14.29%,$0.59,$4.13
Orange Hunt Elementary,5/15/2025,30004,Blueberry Chex Cereal (Each),9,0,9,7,5,0,5,$2.95,0,0.00%,$0.00,$2.95,2,28.57%,$1.18,$4.13
Orange Hunt Elementary,5/15/2025,30006,Cinnamon Chex Cereal (Each),9,0,9,7,6,0,6,$3.54,0,0.00%,$0.00,$3.54,1,14.29%,$0.59,$4.13
Orange Hunt Elementary,5/15/2025,30007,"Cinnamon Toast Crunch Cereal, 25% Less Sugar (Each)",10,0,10,7,6,0,6,$3.54,0,0.00%,$0.00,$3.54,1,14.29%,$0.59,$4.13
Orange Hunt Elementary,5/15/2025,30008,Apple Juice (Each),57,0,57,70,69,0,69,$11.73,0,0.00%,$0.00,$11.73,1,1.43%,$0.17,$11.90
Orange Hunt Elementary,5/15/2025,30009,Orange Tangerine Juice (Each),41,0,41,50,49,0,49,$8.33,0,0.00%,$0.00,$8.33,1,2.00%,$0.17,$8.50
Orange Hunt Elementary,5/15/2025,60096,Strawberry Parfait (Parfait),5,0,5,10,9,0,9,$8.91,0,0.00%,$0.00,$8.91,1,10.00%,$0.99,$9.90
Orange Hunt Elementary,5/15/2025,60125,Egg and American Cheese on Biscuit (Sandwich),5,0,5,5,3,0,3,$1.41,0,0.00%,$0.00,$1.41,2,40.00%,$0.94,$2.35
Parklawn Elementary,5/15/2025,10041,Mini Maple Pancakes (Package),484,0,484,480,383,0,383,$149.37,0,0.00%,$0.00,$149.37,97,20.21%,$37.83,$187.20
Parklawn Elementary,5/15/2025,20001,1% White Milk (Each),109,0,109,142,129,0,129,$46.44,0,0.00%,$0.00,$46.44,13,9.15%,$4.68,$51.12
Parklawn Elementary,5/15/2025,20014,Red Delicious Apple (Each - serving),52,0,52,55,55,0,55,$18.15,0,0.00%,$0.00,$18.15,16,29.09%,$5.28,$18.15
Parklawn Elementary,5/15/2025,20038,Fat Free White Milk (Each),43,0,43,86,82,0,82,$27.06,0,0.00%,$0.00,$27.06,4,4.65%,$1.32,$28.38
Parklawn Elementary,5/15/2025,30003,Honey Cheerios Cereal (Each),40,0,40,155,110,0,110,$64.90,0,0.00%,$0.00,$64.90,45,29.03%,$26.55,$91.45
Parklawn Elementary,5/15/2025,30004,Blueberry Chex Cereal (Each),34,0,34,5,4,0,4,$2.36,0,0.00%,$0.00,$2.36,1,20.00%,$0.59,$2.95
Parklawn Elementary,5/15/2025,30006,Cinnamon Chex Cereal (Each),32,0,32,20,0,0,0,$0.00,0,0.00%,$0.00,$0.00,20,100.00%,$0.00,$0.00
Parklawn Elementary,5/15/2025,30007,"Cinnamon Toast Crunch Cereal, 25% Less Sugar (Each)",33,0,33,99,86,0,86,$50.74,0,0.00%,$0.00,$50.74,13,13.13%,$7.67,$58.41
Parklawn Elementary,5/15/2025,30008,Apple Juice (Each),322,0,322,328,297,0,297,$50.49,0,0.00%,$0.00,$50.49,31,9.45%,$5.27,$55.76
Parklawn Elementary,5/15/2025,30009,Orange Tangerine Juice (Each),274,0,274,394,322,0,322,$54.74,0,0.00%,$0.00,$54.74,72,18.27%,$12.24,$66.98
Parklawn Elementary,5/15/2025,30068,Chilled Peaches (1/2 cup (drained)),34,0,34,36,36,0,36,$18.36,0,0.00%,$0.00,$18.36,0,0.00%,$0.00,$18.36
Parklawn Elementary,5/15/2025,60034,Mandarin Orange Parfait (Parfait),0,0,0,24,24,0,24,$23.76,0,0.00%,$0.00,$23.76,0,0.00%,$0.00,$23.76
Parklawn Elementary,5/15/2025,60099,"Parfait, Triple Berry (Parfait)",0,0,0,18,18,0,18,$12.24,0,0.00%,$0.00,$12.24,0,0.00%,$0.00,$12.24
Parklawn Elementary,5/15/2025,60125,Egg and American Cheese on Biscuit (Sandwich),73,0,73,28,28,0,28,$13.16,0,0.00%,$0.00,$13.16,0,0.00%,$0.00,$13.16
Pine Spring Elementary,5/15/2025,10041,Mini Maple Pancakes (Package),205,0,205,154,150,0,150,$58.50,0,0.00%,$0.00,$58.50,4,2.60%,$1.56,$60.06
Pine Spring Elementary,5/15/2025,20001,1% White Milk (Each),155,0,155,174,119,0,119,$42.84,0,0.00%,$0.00,$42.84,55,31.61%,$19.80,$62.64
Pine Spring Elementary,5/15/2025,20014,Red Delicious Apple (Each - serving),60,0,60,50,34,0,34,$11.22,0,0.00%,$0.00,$11.22,16,32.00%,$5.28,$16.50
Pine Spring Elementary,5/15/2025,20038,Fat Free White Milk (Each),10,0,10,15,14,0,14,$4.62,0,0.00%,$0.00,$4.62,1,6.67%,$0.33,$4.95
Pine Spring Elementary,5/15/2025,30003,Honey Cheerios Cereal (Each),30,0,30,35,34,0,34,$20.06,0,0.00%,$0.00,$20.06,1,2.86%,$0.59,$20.65
Pine Spring Elementary,5/15/2025,30004,Blueberry Chex Cereal (Each),30,0,30,30,24,0,24,$14.16,0,0.00%,$0.00,$14.16,6,20.00%,$3.54,$17.70
Pine Spring Elementary,5/15/2025,30006,Cinnamon Chex Cereal (Each),30,0,30,13,12,0,12,$7.08,0,0.00%,$0.00,$7.08,1,7.69%,$0.59,$7.67
Pine Spring Elementary,5/15/2025,30007,"Cinnamon Toast Crunch Cereal, 25% Less Sugar (Each)",30,0,30,18,18,0,18,$10.62,0,0.00%,$0.00,$10.62,0,0.00%,$0.00,$10.62
Pine Spring Elementary,5/15/2025,30008,Apple Juice (Each),150,0,150,175,172,0,172,$29.24,0,0.00%,$0.00,$29.24,3,1.71%,$0.51,$29.75
Pine Spring Elementary,5/15/2025,30009,Orange Tangerine Juice (Each),169,0,169,193,149,0,149,$25.33,0,0.00%,$0.00,$25.33,44,22.80%,$7.48,$32.81
Pine Spring Elementary,5/15/2025,30068,Chilled Peaches (1/2 cup (drained)),55,0,55,54,54,0,54,$27.54,0,0.00%,$0.00,$27.54,0,0.00%,$0.00,$27.54
Pine Spring Elementary,5/15/2025,60034,Mandarin Orange Parfait (Parfait),0,0,0,13,10,0,10,$9.90,0,0.00%,$0.00,$9.90,3,23.08%,$2.97,$12.87
Pine Spring Elementary,5/15/2025,60096,Strawberry Parfait (Parfait),40,0,40,20,11,0,11,$10.89,0,0.00%,$0.00,$10.89,9,45.00%,$8.91,$19.80
Pine Spring Elementary,5/15/2025,60108,Chicken Tenders Sub (Sandwich),0,0,0,14,12,0,12,$14.88,0,0.00%,$0.00,$14.88,2,14.29%,$2.48,$17.36
Pine Spring Elementary,5/15/2025,60125,Egg and American Cheese on Biscuit (Sandwich),50,0,50,38,26,0,26,$12.22,0,0.00%,$0.00,$12.22,12,31.58%,$5.64,$17.86
Pine Spring Elementary,5/15/2025,60178,Apple Cinnamon Bread (Grain for entree) (1 square),0,0,0,23,23,0,23,$9.43,0,0.00%,$0.00,$9.43,0,0.00%,$0.00,$9.43
Poe Middle,5/15/2025,10020,Bagel (Bagel),0,0,0,84,84,0,84,$26.88,0,0.00%,$0.00,$26.88,0,0.00%,$0.00,$26.88
Poe Middle,5/15/2025,10041,Mini Maple Pancakes (Package),274,0,274,432,296,0,296,$115.44,0,0.00%,$0.00,$115.44,136,31.48%,$53.04,$168.48
Poe Middle,5/15/2025,20001,1% White Milk (Each),102,0,102,218,121,0,121,$43.56,0,0.00%,$0.00,$43.56,97,44.50%,$34.92,$78.48
Poe Middle,5/15/2025,20009,Cream Cheese (Each),0,0,0,84,84,0,84,$24.36,0,0.00%,$0.00,$24.36,0,0.00%,$0.00,$24.36
Poe Middle,5/15/2025,20017,Orange (6 Slices per 1/2 cup),47,0,47,40,22,0,22,$7.48,0,0.00%,$0.00,$7.48,18,45.00%,$6.12,$13.60
Poe Middle,5/15/2025,20031,Banana (Each),24,0,24,30,25,0,25,$5.25,0,0.00%,$0.00,$5.25,5,16.67%,$1.05,$6.30
Poe Middle,5/15/2025,20038,Fat Free White Milk (Each),25,0,25,33,24,0,24,$7.92,0,0.00%,$0.00,$7.92,9,27.27%,$2.97,$10.89
Poe Middle,5/15/2025,30003,Honey Cheerios Cereal (Each),63,0,63,50,47,0,47,$27.73,0,0.00%,$0.00,$27.73,3,6.00%,$1.77,$29.50
Poe Middle,5/15/2025,30004,Blueberry Chex Cereal (Each),47,0,47,50,49,0,49,$28.91,0,0.00%,$0.00,$28.91,1,2.00%,$0.59,$29.50
Poe Middle,5/15/2025,30006,Cinnamon Chex Cereal (Each),39,0,39,50,47,0,47,$27.73,0,0.00%,$0.00,$27.73,3,6.00%,$1.77,$29.50
Poe Middle,5/15/2025,30007,"Cinnamon Toast Crunch Cereal, 25% Less Sugar (Each)",44,0,44,50,47,0,47,$27.73,0,0.00%,$0.00,$27.73,3,6.00%,$1.77,$29.50
Poe Middle,5/15/2025,30008,Apple Juice (Each),338,0,338,340,335,0,335,$56.95,0,0.00%,$0.00,$56.95,5,1.47%,$0.85,$57.80
Poe Middle,5/15/2025,30009,Orange Tangerine Juice (Each),332,0,332,340,331,0,331,$56.27,0,0.00%,$0.00,$56.27,9,2.65%,$1.53,$57.80
Poe Middle,5/15/2025,60034,Mandarin Orange Parfait (Parfait),0,0,0,48,29,0,29,$28.71,0,0.00%,$0.00,$28.71,19,39.58%,$18.81,$47.52
Poe Middle,5/15/2025,60165,Egg and American Cheese on Bagel (Sandwich),0,0,0,84,78,0,78,$45.24,0,0.00%,$0.00,$45.24,6,7.14%,$3.48,$48.72
Poplar Tree Elementary,5/15/2025,10041,Mini Maple Pancakes (Package),13,0,13,17,12,0,12,$4.68,0,0.00%,$0.00,$4.68,5,29.41%,$1.95,$6.63
Poplar Tree Elementary,5/15/2025,20001,1% White Milk (Each),6,0,6,12,6,0,6,$2.16,0,0.00%,$0.00,$2.16,6,50.00%,$2.16,$4.32
Poplar Tree Elementary,5/15/2025,20014,Red Delicious Apple (Each - serving),17,0,17,20,16,0,16,$5.28,0,0.00%,$0.00,$5.28,4,20.00%,$1.32,$6.60
Poplar Tree Elementary,5/15/2025,20038,Fat Free White Milk (Each),5,0,5,10,6,0,6,$1.98,0,0.00%,$0.00,$1.98,4,40.00%,$1.32,$3.30
Poplar Tree Elementary,5/15/2025,30003,Honey Cheerios Cereal (Each),4,0,4,8,6,0,6,$3.54,0,0.00%,$0.00,$3.54,2,25.00%,$1.18,$4.72
Poplar Tree Elementary,5/15/2025,30004,Blueberry Chex Cereal (Each),3,0,3,8,4,0,4,$2.36,0,0.00%,$0.00,$2.36,4,50.00%,$2.36,$4.72
Poplar Tree Elementary,5/15/2025,30006,Cinnamon Chex Cereal (Each),4,0,4,8,4,0,4,$2.36,0,0.00%,$0.00,$2.36,4,50.00%,$2.36,$4.72
Poplar Tree Elementary,5/15/2025,30007,"Cinnamon Toast Crunch Cereal, 25% Less Sugar (Each)",4,0,4,8,4,0,4,$2.36,0,0.00%,$0.00,$2.36,4,50.00%,$2.36,$4.72
Poplar Tree Elementary,5/15/2025,30008,Apple Juice (Each),20,0,20,20,10,6,16,$2.72,0,0.00%,$0.00,$2.72,4,20.00%,$0.68,$3.40
Poplar Tree Elementary,5/15/2025,30009,Orange Tangerine Juice (Each),16,0,16,27,25,0,25,$4.25,0,0.00%,$0.00,$4.25,2,7.41%,$0.34,$4.59
Poplar Tree Elementary,5/15/2025,30068,Chilled Peaches (1/2 cup (drained)),2,0,2,2,2,0,2,$1.02,0,0.00%,$0.00,$1.02,0,0.00%,$0.00,$1.02
Poplar Tree Elementary,5/15/2025,60004,Egg and American Cheese on English Muffin (Sandwich),0,0,0,4,3,0,3,$1.53,1,25.00%,$0.51,$2.04,0,0.00%,$0.00,$2.04
Poplar Tree Elementary,5/15/2025,60096,Strawberry Parfait (Parfait),3,0,3,3,2,0,2,$1.98,0,0.00%,$0.00,$1.98,1,33.33%,$0.99,$2.97
Providence Elementary,5/15/2025,10020,Bagel (Bagel),0,0,0,23,20,0,20,$6.40,3,13.04%,$0.96,$7.36,0,0.00%,$0.00,$7.36
Providence Elementary,5/15/2025,10041,Mini Maple Pancakes (Package),68,0,68,89,89,0,89,$34.71,0,0.00%,$0.00,$34.71,0,0.00%,$0.00,$34.71
Providence Elementary,5/15/2025,20001,1% White Milk (Each),68,0,68,75,45,0,45,$16.20,0,0.00%,$0.00,$16.20,30,40.00%,$10.80,$27.00
Providence Elementary,5/15/2025,20009,Cream Cheese (Each),0,0,0,23,23,0,23,$6.67,0,0.00%,$0.00,$6.67,0,0.00%,$0.00,$6.67
Providence Elementary,5/15/2025,20015,Golden Delicious Apple (Each),0,0,0,20,11,0,11,$3.41,0,0.00%,$0.00,$3.41,9,45.00%,$2.79,$6.20
Providence Elementary,5/15/2025,20038,Fat Free White Milk (Each),20,0,20,135,35,0,35,$11.55,0,0.00%,$0.00,$11.55,100,74.07%,$33.00,$44.55
Providence Elementary,5/15/2025,30003,Honey Cheerios Cereal (Each),12,0,12,0,0,0,0,$0.00,0,0.00%,$0.00,$0.00,0,0.00%,$0.00,$0.00
Providence Elementary,5/15/2025,30004,Blueberry Chex Cereal (Each),12,0,12,32,21,0,21,$12.39,0,0.00%,$0.00,$12.39,11,34.38%,$6.49,$18.88
Providence Elementary,5/15/2025,30006,Cinnamon Chex Cereal (Each),12,0,12,32,18,0,18,$10.62,0,0.00%,$0.00,$10.62,14,43.75%,$8.26,$18.88
Providence Elementary,5/15/2025,30007,"Cinnamon Toast Crunch Cereal, 25% Less Sugar (Each)",12,0,12,32,26,0,26,$15.34,0,0.00%,$0.00,$15.34,6,18.75%,$3.54,$18.88
Providence Elementary,5/15/2025,30008,Apple Juice (Each),120,0,120,120,120,0,120,$20.40,0,0.00%,$0.00,$20.40,0,0.00%,$0.00,$20.40
Providence Elementary,5/15/2025,30009,Orange Tangerine Juice (Each),50,0,50,60,50,0,50,$8.50,0,0.00%,$0.00,$8.50,10,16.67%,$1.70,$10.20
Providence Elementary,5/15/2025,30061,Chilled Mandarin Oranges (1/2 cup (drained)),0,0,0,17,17,0,17,$5.78,0,0.00%,$0.00,$5.78,0,0.00%,$0.00,$5.78
Providence Elementary,5/15/2025,60099,"Parfait, Triple Berry (Parfait)",0,0,0,9,7,0,7,$4.76,2,22.22%,$1.36,$6.12,0,0.00%,$0.00,$6.12
Providence Elementary,5/15/2025,60165,Egg and American Cheese on Bagel (Sandwich),0,0,0,20,17,0,17,$9.86,3,15.00%,$1.74,$11.60,0,0.00%,$0.00,$11.60
Ravensworth Elementary,5/15/2025,10041,Mini Maple Pancakes (Package),40,0,40,40,30,5,35,$13.65,0,0.00%,$0.00,$13.65,5,12.50%,$1.95,$15.60
Ravensworth Elementary,5/15/2025,20001,1% White Milk (Each),20,0,20,20,12,2,14,$5.04,0,0.00%,$0.00,$5.04,6,30.00%,$2.16,$7.20
Ravensworth Elementary,5/15/2025,20014,Red Delicious Apple (Each - serving),12,0,12,12,9,0,9,$2.97,0,0.00%,$0.00,$2.97,3,25.00%,$0.99,$3.96
Ravensworth Elementary,5/15/2025,20038,Fat Free White Milk (Each),5,0,5,6,0,0,0,$0.00,0,0.00%,$0.00,$0.00,6,100.00%,$0.00,$0.00
Ravensworth Elementary,5/15/2025,30003,Honey Cheerios Cereal (Each),16,0,16,16,16,0,16,$9.44,0,0.00%,$0.00,$9.44,0,0.00%,$0.00,$9.44
Ravensworth Elementary,5/15/2025,30004,Blueberry Chex Cereal (Each),8,0,8,8,8,0,8,$4.72,0,0.00%,$0.00,$4.72,0,0.00%,$0.00,$4.72
Ravensworth Elementary,5/15/2025,30007,"Cinnamon Toast Crunch Cereal, 25% Less Sugar (Each)",16,0,16,16,16,0,16,$9.44,0,0.00%,$0.00,$9.44,0,0.00%,$0.00,$9.44
Ravensworth Elementary,5/15/2025,30008,Apple Juice (Each),60,0,60,60,39,17,56,$9.52,0,0.00%,$0.00,$9.52,4,6.67%,$0.68,$10.20
Ravensworth Elementary,5/15/2025,30009,Orange Tangerine Juice (Each),40,0,40,40,30,6,36,$6.12,0,0.00%,$0.00,$6.12,4,10.00%,$0.68,$6.80
Ravensworth Elementary,5/15/2025,30068,Chilled Peaches (1/2 cup (drained)),0,0,0,0,0,0,0,$0.00,0,0.00%,$0.00,$0.00,0,0.00%,$0.00,$0.00
Ravensworth Elementary,5/15/2025,60096,Strawberry Parfait (Parfait),3,0,3,3,3,0,3,$2.97,0,0.00%,$0.00,$2.97,0,0.00%,$0.00,$2.97
Ravensworth Elementary,5/15/2025,60125,Egg and American Cheese on Biscuit (Sandwich),4,0,4,4,4,0,4,$1.88,0,0.00%,$0.00,$1.88,0,0.00%,$0.00,$1.88
Riverside Elementary,5/15/2025,10041,Mini Maple Pancakes (Package),40,0,40,247,242,0,242,$94.38,0,0.00%,$0.00,$94.38,5,2.02%,$1.95,$96.33
Riverside Elementary,5/15/2025,20001,1% White Milk (Each),121,0,121,158,95,0,95,$34.20,0,0.00%,$0.00,$34.20,63,39.87%,$22.68,$56.88
Riverside Elementary,5/15/2025,20014,Red Delicious Apple (Each - serving),28,0,28,40,25,0,25,$8.25,0,0.00%,$0.00,$8.25,15,37.50%,$4.95,$13.20
Riverside Elementary,5/15/2025,20038,Fat Free White Milk (Each),26,0,26,69,25,0,25,$8.25,0,0.00%,$0.00,$8.25,44,63.77%,$14.52,$22.77
Riverside Elementary,5/15/2025,30003,Honey Cheerios Cereal (Each),68,0,68,65,60,0,60,$35.40,0,0.00%,$0.00,$35.40,5,7.69%,$2.95,$38.35
Riverside Elementary,5/15/2025,30004,Blueberry Chex Cereal (Each),47,0,47,12,9,0,9,$5.31,0,0.00%,$0.00,$5.31,3,25.00%,$1.77,$7.08
Riverside Elementary,5/15/2025,30007,"Cinnamon Toast Crunch Cereal, 25% Less Sugar (Each)",47,0,47,12,3,0,3,$1.77,0,0.00%,$0.00,$1.77,9,75.00%,$5.31,$7.08
Riverside Elementary,5/15/2025,30008,Apple Juice (Each),164,0,164,100,87,0,87,$14.79,0,0.00%,$0.00,$14.79,13,13.00%,$2.21,$17.00
Riverside Elementary,5/15/2025,30009,Orange Tangerine Juice (Each),156,0,156,234,224,0,224,$38.08,0,0.00%,$0.00,$38.08,10,4.27%,$1.70,$39.78
Riverside Elementary,5/15/2025,30068,Chilled Peaches (1/2 cup (drained)),41,0,41,174,174,0,174,$88.74,0,0.00%,$0.00,$88.74,0,0.00%,$0.00,$88.74
Riverside Elementary,5/15/2025,30103,"Milk, Lactose Free,  Fat Free, Shelf-Stable (Each)",1,0,1,1,1,0,1,$0.48,0,0.00%,$0.00,$0.48,0,0.00%,$0.00,$0.48
Riverside Elementary,5/15/2025,30184,"Milk, Soy, Vanilla (24/8 oz) (each)",1,0,1,1,1,0,1,$1.02,0,0.00%,$0.00,$1.02,0,0.00%,$0.00,$1.02
Riverside Elementary,5/15/2025,60096,Strawberry Parfait (Parfait),19,0,19,19,15,0,15,$14.85,0,0.00%,$0.00,$14.85,4,21.05%,$3.96,$18.81
Riverside Elementary,5/15/2025,60165,Egg and American Cheese on Bagel (Sandwich),30,0,30,30,25,0,25,$14.50,0,0.00%,$0.00,$14.50,5,16.67%,$2.90,$17.40
Robinson Secondary,5/15/2025,10041,Mini Maple Pancakes (Package),68,0,68,72,27,3,30,$11.70,0,0.00%,$0.00,$11.70,42,58.33%,$16.38,$28.08
Robinson Secondary,5/15/2025,20001,1% White Milk (Each),21,0,21,61,57,0,57,$20.52,0,0.00%,$0.00,$20.52,4,6.56%,$1.44,$21.96
Robinson Secondary,5/15/2025,20014,Red Delicious Apple (Each - serving),12,0,12,20,10,1,11,$3.63,0,0.00%,$0.00,$3.63,9,45.00%,$2.97,$6.60
Robinson Secondary,5/15/2025,20031,Banana (Each),33,0,33,20,13,0,13,$2.73,0,0.00%,$0.00,$2.73,7,35.00%,$1.47,$4.20
Robinson Secondary,5/15/2025,20038,Fat Free White Milk (Each),18,0,18,25,14,0,14,$4.62,0,0.00%,$0.00,$4.62,11,44.00%,$3.63,$8.25
Robinson Secondary,5/15/2025,30003,Honey Cheerios Cereal (Each),7,0,7,10,9,0,9,$5.31,0,0.00%,$0.00,$5.31,1,10.00%,$0.59,$5.90
Robinson Secondary,5/15/2025,30004,Blueberry Chex Cereal (Each),8,0,8,8,3,0,3,$1.77,0,0.00%,$0.00,$1.77,5,62.50%,$2.95,$4.72
Robinson Secondary,5/15/2025,30006,Cinnamon Chex Cereal (Each),14,0,14,10,5,1,6,$3.54,0,0.00%,$0.00,$3.54,4,40.00%,$2.36,$5.90
Robinson Secondary,5/15/2025,30007,"Cinnamon Toast Crunch Cereal, 25% Less Sugar (Each)",9,0,9,10,9,0,9,$5.31,0,0.00%,$0.00,$5.31,1,10.00%,$0.59,$5.90
Robinson Secondary,5/15/2025,30008,Apple Juice (Each),62,0,62,80,64,14,78,$13.26,0,0.00%,$0.00,$13.26,2,2.50%,$0.34,$13.60
Robinson Secondary,5/15/2025,30009,Orange Tangerine Juice (Each),57,0,57,80,62,0,62,$10.54,0,0.00%,$0.00,$10.54,18,22.50%,$3.06,$13.60
Robinson Secondary,5/15/2025,60032,Blueberry Parfait (Parfait),0,0,0,18,13,1,14,$15.26,0,0.00%,$0.00,$15.26,4,22.22%,$4.36,$19.62
Robinson Secondary,5/15/2025,60034,Mandarin Orange Parfait (Parfait),0,0,0,3,3,0,3,$2.97,0,0.00%,$0.00,$2.97,0,0.00%,$0.00,$2.97
Robinson Secondary,5/15/2025,60125,Egg and American Cheese on Biscuit (Sandwich),31,0,31,52,39,4,43,$20.21,0,0.00%,$0.00,$20.21,9,17.31%,$4.23,$24.44
Robinson Secondary,5/15/2025,60162,Chicken & Biscuit Sandwich (Sandwich),0,0,0,22,22,0,22,$11.66,0,0.00%,$0.00,$11.66,0,0.00%,$0.00,$11.66
Rocky Run Middle,5/15/2025,20001,1% White Milk (Each),7,0,7,26,6,0,6,$2.16,0,0.00%,$0.00,$2.16,20,76.92%,$7.20,$9.36
Rocky Run Middle,5/15/2025,20014,Red Delicious Apple (Each - serving),6,0,6,10,5,0,5,$1.65,0,0.00%,$0.00,$1.65,5,50.00%,$1.65,$3.30
Rocky Run Middle,5/15/2025,20017,Orange (6 Slices per 1/2 cup),2,0,2,10,6,0,6,$2.04,0,0.00%,$0.00,$2.04,4,40.00%,$1.36,$3.40
Rocky Run Middle,5/15/2025,20031,Banana (Each),6,0,6,10,9,0,9,$1.89,0,0.00%,$0.00,$1.89,1,10.00%,$0.21,$2.10
Rocky Run Middle,5/15/2025,20038,Fat Free White Milk (Each),3,0,3,39,2,0,2,$0.66,0,0.00%,$0.00,$0.66,37,94.87%,$12.21,$12.87
Rocky Run Middle,5/15/2025,30003,Honey Cheerios Cereal (Each),4,0,4,8,6,0,6,$3.54,0,0.00%,$0.00,$3.54,2,25.00%,$1.18,$4.72
Rocky Run Middle,5/15/2025,30004,Blueberry Chex Cereal (Each),0,0,0,8,5,0,5,$2.95,0,0.00%,$0.00,$2.95,3,37.50%,$1.77,$4.72
Rocky Run Middle,5/15/2025,30006,Cinnamon Chex Cereal (Each),6,0,6,8,7,0,7,$4.13,0,0.00%,$0.00,$4.13,1,12.50%,$0.59,$4.72
Rocky Run Middle,5/15/2025,30007,"Cinnamon Toast Crunch Cereal, 25% Less Sugar (Each)",6,0,6,8,6,0,6,$3.54,0,0.00%,$0.00,$3.54,2,25.00%,$1.18,$4.72
Rocky Run Middle,5/15/2025,30008,Apple Juice (Each),15,0,15,40,35,0,35,$5.95,0,0.00%,$0.00,$5.95,5,12.50%,$0.85,$6.80
Rocky Run Middle,5/15/2025,60096,Strawberry Parfait (Parfait),3,0,3,5,3,0,3,$2.97,0,0.00%,$0.00,$2.97,2,40.00%,$1.98,$4.95
Rocky Run Middle,5/15/2025,60125,Egg and American Cheese on Biscuit (Sandwich),8,0,8,25,23,0,23,$10.81,0,0.00%,$0.00,$10.81,2,8.00%,$0.94,$11.75
Rolling Valley Elementary,5/15/2025,10021,Apple Cinnamon Bread (1oz Grain (1/64 Baked Pan)),0,0,0,16,15,0,15,$6.15,0,0.00%,$0.00,$6.15,1,6.25%,$0.41,$6.56
Rolling Valley Elementary,5/15/2025,10041,Mini Maple Pancakes (Package),72,0,72,25,21,0,21,$8.19,0,0.00%,$0.00,$8.19,4,16.00%,$1.56,$9.75
Rolling Valley Elementary,5/15/2025,20001,1% White Milk (Each),15,0,15,25,21,0,21,$7.56,0,0.00%,$0.00,$7.56,4,16.00%,$1.44,$9.00
Rolling Valley Elementary,5/15/2025,20014,Red Delicious Apple (Each - serving),25,0,25,45,29,0,29,$9.57,0,0.00%,$0.00,$9.57,16,35.56%,$5.28,$14.85
Rolling Valley Elementary,5/15/2025,20017,Orange (6 Slices per 1/2 cup),0,0,0,0,0,0,0,$0.00,0,0.00%,$0.00,$0.00,0,0.00%,$0.00,$0.00
Rolling Valley Elementary,5/15/2025,20031,Banana (Each),0,0,0,0,0,0,0,$0.00,0,0.00%,$0.00,$0.00,0,0.00%,$0.00,$0.00
Rolling Valley Elementary,5/15/2025,20038,Fat Free White Milk (Each),15,0,15,15,14,0,14,$4.62,0,0.00%,$0.00,$4.62,1,6.67%,$0.33,$4.95
Rolling Valley Elementary,5/15/2025,30003,Honey Cheerios Cereal (Each),12,0,12,18,13,0,13,$7.67,0,0.00%,$0.00,$7.67,5,27.78%,$2.95,$10.62
Rolling Valley Elementary,5/15/2025,30004,Blueberry Chex Cereal (Each),12,0,12,18,13,0,13,$7.67,0,0.00%,$0.00,$7.67,5,27.78%,$2.95,$10.62
Rolling Valley Elementary,5/15/2025,30006,Cinnamon Chex Cereal (Each),12,2,14,18,13,0,13,$7.67,0,0.00%,$0.00,$7.67,5,27.78%,$2.95,$10.62
Rolling Valley Elementary,5/15/2025,30007,"Cinnamon Toast Crunch Cereal, 25% Less Sugar (Each)",12,0,12,18,18,0,18,$10.62,0,0.00%,$0.00,$10.62,0,0.00%,$0.00,$10.62
Rolling Valley Elementary,5/15/2025,30008,Apple Juice (Each),50,9,59,40,33,7,40,$6.80,0,0.00%,$0.00,$6.80,0,0.00%,$0.00,$6.80
Rolling Valley Elementary,5/15/2025,30009,Orange Tangerine Juice (Each),40,5,45,40,38,0,38,$6.46,0,0.00%,$0.00,$6.46,2,5.00%,$0.34,$6.80
Rolling Valley Elementary,5/15/2025,60068,Biscuit (Biscuit),0,0,0,4,2,0,2,$0.42,0,0.00%,$0.00,$0.42,2,50.00%,$0.42,$0.84
Rolling Valley Elementary,5/15/2025,60096,Strawberry Parfait (Parfait),5,0,5,6,4,0,4,$3.96,0,0.00%,$0.00,$3.96,2,33.33%,$1.98,$5.94
Rolling Valley Elementary,5/15/2025,60125,Egg and American Cheese on Biscuit (Sandwich),5,0,5,12,4,0,4,$1.88,0,0.00%,$0.00,$1.88,8,66.67%,$3.76,$5.64
Rose Hill Elementary,5/15/2025,10041,Mini Maple Pancakes (Package),26,0,26,106,97,0,97,$37.83,0,0.00%,$0.00,$37.83,9,8.49%,$3.51,$41.34
Rose Hill Elementary,5/15/2025,20001,1% White Milk (Each),148,0,148,146,139,0,139,$50.04,0,0.00%,$0.00,$50.04,7,4.79%,$2.52,$52.56
Rose Hill Elementary,5/15/2025,20014,Red Delicious Apple (Each - serving),86,0,86,120,100,0,100,$33.00,0,0.00%,$0.00,$33.00,20,16.67%,$6.60,$39.60
Rose Hill Elementary,5/15/2025,20038,Fat Free White Milk (Each),13,0,13,20,11,0,11,$3.63,0,0.00%,$0.00,$3.63,9,45.00%,$2.97,$6.60
Rose Hill Elementary,5/15/2025,30003,Honey Cheerios Cereal (Each),15,0,15,30,25,0,25,$14.75,0,0.00%,$0.00,$14.75,5,16.67%,$2.95,$17.70
Rose Hill Elementary,5/15/2025,30004,Blueberry Chex Cereal (Each),12,0,12,20,15,0,15,$8.85,0,0.00%,$0.00,$8.85,5,25.00%,$2.95,$11.80
Rose Hill Elementary,5/15/2025,30006,Cinnamon Chex Cereal (Each),13,0,13,20,15,0,15,$8.85,0,0.00%,$0.00,$8.85,5,25.00%,$2.95,$11.80
Rose Hill Elementary,5/15/2025,30007,"Cinnamon Toast Crunch Cereal, 25% Less Sugar (Each)",15,0,15,20,13,0,13,$7.67,0,0.00%,$0.00,$7.67,7,35.00%,$4.13,$11.80
Rose Hill Elementary,5/15/2025,30008,Apple Juice (Each),76,0,76,75,73,0,73,$12.41,0,0.00%,$0.00,$12.41,2,2.67%,$0.34,$12.75
Rose Hill Elementary,5/15/2025,30009,Orange Tangerine Juice (Each),68,0,68,75,70,0,70,$11.90,0,0.00%,$0.00,$11.90,5,6.67%,$0.85,$12.75
Rose Hill Elementary,5/15/2025,30068,Chilled Peaches (1/2 cup (drained)),27,0,27,26,26,0,26,$13.26,0,0.00%,$0.00,$13.26,0,0.00%,$0.00,$13.26
Rose Hill Elementary,5/15/2025,60096,Strawberry Parfait (Parfait),7,0,7,20,14,0,14,$13.86,0,0.00%,$0.00,$13.86,6,30.00%,$5.94,$19.80
Rose Hill Elementary,5/15/2025,60165,Egg and American Cheese on Bagel (Sandwich),0,0,0,7,0,0,0,$0.00,7,100.00%,$0.00,$0.00,0,0.00%,$0.00,$0.00
SOUTH COUNTY HS,5/15/2025,10020,Bagel (Bagel),0,0,0,35,32,0,32,$10.24,0,0.00%,$0.00,$10.24,3,8.57%,$0.96,$11.20
SOUTH COUNTY HS,5/15/2025,10041,Mini Maple Pancakes (Package),37,5,42,45,42,2,44,$17.16,0,0.00%,$0.00,$17.16,1,2.22%,$0.39,$17.55
SOUTH COUNTY HS,5/15/2025,20001,1% White Milk (Each),17,0,17,30,10,0,10,$3.60,0,0.00%,$0.00,$3.60,20,66.67%,$7.20,$10.80
SOUTH COUNTY HS,5/15/2025,20009,Cream Cheese (Each),0,0,0,35,30,0,30,$8.70,0,0.00%,$0.00,$8.70,5,14.29%,$1.45,$10.15
SOUTH COUNTY HS,5/15/2025,20014,Red Delicious Apple (Each - serving),17,0,17,15,5,0,5,$1.65,0,0.00%,$0.00,$1.65,10,66.67%,$3.30,$4.95
SOUTH COUNTY HS,5/15/2025,20031,Banana (Each),24,0,24,22,17,0,17,$3.57,0,0.00%,$0.00,$3.57,5,22.73%,$1.05,$4.62
SOUTH COUNTY HS,5/15/2025,20038,Fat Free White Milk (Each),4,0,4,19,4,0,4,$1.32,0,0.00%,$0.00,$1.32,15,78.95%,$4.95,$6.27
SOUTH COUNTY HS,5/15/2025,30003,Honey Cheerios Cereal (Each),4,0,4,10,1,0,1,$0.59,0,0.00%,$0.00,$0.59,9,90.00%,$5.31,$5.90
SOUTH COUNTY HS,5/15/2025,30004,Blueberry Chex Cereal (Each),6,0,6,10,2,0,2,$1.18,0,0.00%,$0.00,$1.18,8,80.00%,$4.72,$5.90
SOUTH COUNTY HS,5/15/2025,30006,Cinnamon Chex Cereal (Each),12,0,12,12,5,0,5,$2.95,0,0.00%,$0.00,$2.95,7,58.33%,$4.13,$7.08
SOUTH COUNTY HS,5/15/2025,30007,"Cinnamon Toast Crunch Cereal, 25% Less Sugar (Each)",30,0,30,16,6,0,6,$3.54,0,0.00%,$0.00,$3.54,10,62.50%,$5.90,$9.44
SOUTH COUNTY HS,5/15/2025,30008,Apple Juice (Each),159,0,159,145,103,0,103,$17.51,0,0.00%,$0.00,$17.51,42,28.97%,$7.14,$24.65
SOUTH COUNTY HS,5/15/2025,30009,Orange Tangerine Juice (Each),55,0,55,65,40,0,40,$6.80,0,0.00%,$0.00,$6.80,25,38.46%,$4.25,$11.05
SOUTH COUNTY HS,5/15/2025,60096,Strawberry Parfait (Parfait),21,2,23,27,15,0,15,$14.85,5,18.52%,$4.95,$19.80,7,25.93%,$6.93,$26.73
SOUTH COUNTY HS,5/15/2025,60125,Egg and American Cheese on Biscuit (Sandwich),22,3,25,25,2,1,3,$1.41,11,44.00%,$5.17,$6.58,11,44.00%,$5.17,$11.75
SOUTH COUNTY HS,5/15/2025,60178,Apple Cinnamon Bread (Grain for entree) (1 square),0,0,0,42,35,5,40,$16.40,0,0.00%,$0.00,$16.40,2,4.76%,$0.82,$17.22
Sandburg Middle,5/15/2025,10023,Blueberry Bread (1oz Grain (1/64 Baked Pan)),0,0,0,22,22,0,22,$9.02,0,0.00%,$0.00,$9.02,0,0.00%,$0.00,$9.02
Sandburg Middle,5/15/2025,10041,Mini Maple Pancakes (Package),30,0,30,74,68,0,68,$26.52,0,0.00%,$0.00,$26.52,6,8.11%,$2.34,$28.86
Sandburg Middle,5/15/2025,10096,"Batter, Pumpkin Bread (1oz Grain (1/64 Baked Pan))",0,0,0,2,1,0,1,$0.41,0,0.00%,$0.00,$0.41,1,50.00%,$0.41,$0.82
Sandburg Middle,5/15/2025,20017,Orange (6 Slices per 1/2 cup),6,0,6,10,7,0,7,$2.38,0,0.00%,$0.00,$2.38,3,30.00%,$1.02,$3.40
Sandburg Middle,5/15/2025,20031,Banana (Each),5,0,5,15,11,0,11,$2.31,0,0.00%,$0.00,$2.31,4,26.67%,$0.84,$3.15
Sandburg Middle,5/15/2025,20038,Fat Free White Milk (Each),2,0,2,37,10,0,10,$3.30,0,0.00%,$0.00,$3.30,27,72.97%,$8.91,$12.21
Sandburg Middle,5/15/2025,30008,Apple Juice (Each),59,0,59,80,77,0,77,$13.09,0,0.00%,$0.00,$13.09,3,3.75%,$0.51,$13.60
Sandburg Middle,5/15/2025,30009,Orange Tangerine Juice (Each),28,0,28,58,24,0,24,$4.08,0,0.00%,$0.00,$4.08,34,58.62%,$5.78,$9.86
Sandburg Middle,5/15/2025,60038,Peach Yogurt Power Pack (Power Packs),0,0,0,8,7,0,7,$5.60,0,0.00%,$0.00,$5.60,1,12.50%,$0.80,$6.40
Sandburg Middle,5/15/2025,60125,Egg and American Cheese on Biscuit (Sandwich),8,0,8,12,5,0,5,$2.35,0,0.00%,$0.00,$2.35,7,58.33%,$3.29,$5.64
Sangster Elementary,5/15/2025,10041,Mini Maple Pancakes (Package),60,0,60,70,51,15,66,$25.74,0,0.00%,$0.00,$25.74,4,5.71%,$1.56,$27.30
Sangster Elementary,5/15/2025,20001,1% White Milk (Each),10,0,10,8,8,0,8,$2.88,0,0.00%,$0.00,$2.88,0,0.00%,$0.00,$2.88
Sangster Elementary,5/15/2025,20017,Orange (6 Slices per 1/2 cup),10,0,10,10,4,0,4,$1.36,0,0.00%,$0.00,$1.36,6,60.00%,$2.04,$3.40
Sangster Elementary,5/15/2025,20038,Fat Free White Milk (Each),5,0,5,8,5,0,5,$1.65,0,0.00%,$0.00,$1.65,3,37.50%,$0.99,$2.64
Sangster Elementary,5/15/2025,30003,Honey Cheerios Cereal (Each),1,0,1,10,7,0,7,$4.13,0,0.00%,$0.00,$4.13,3,30.00%,$1.77,$5.90
Sangster Elementary,5/15/2025,30004,Blueberry Chex Cereal (Each),10,0,10,10,3,0,3,$1.77,0,0.00%,$0.00,$1.77,7,70.00%,$4.13,$5.90
Sangster Elementary,5/15/2025,30006,Cinnamon Chex Cereal (Each),10,0,10,10,2,2,4,$2.36,0,0.00%,$0.00,$2.36,6,60.00%,$3.54,$5.90
Sangster Elementary,5/15/2025,30007,"Cinnamon Toast Crunch Cereal, 25% Less Sugar (Each)",10,0,10,10,5,5,10,$5.90,0,0.00%,$0.00,$5.90,0,0.00%,$0.00,$5.90
Sangster Elementary,5/15/2025,30008,Apple Juice (Each),40,0,40,40,40,0,40,$6.80,0,0.00%,$0.00,$6.80,0,0.00%,$0.00,$6.80
Sangster Elementary,5/15/2025,30009,Orange Tangerine Juice (Each),40,0,40,40,36,0,36,$6.12,0,0.00%,$0.00,$6.12,4,10.00%,$0.68,$6.80
Sangster Elementary,5/15/2025,60125,Egg and American Cheese on Biscuit (Sandwich),5,0,5,5,2,3,5,$2.35,0,0.00%,$0.00,$2.35,0,0.00%,$0.00,$2.35
Saratoga Elementary,5/15/2025,10041,Mini Maple Pancakes (Package),122,0,122,127,96,0,96,$37.44,0,0.00%,$0.00,$37.44,31,24.41%,$12.09,$49.53
Saratoga Elementary,5/15/2025,20001,1% White Milk (Each),92,0,92,222,48,0,48,$17.28,0,0.00%,$0.00,$17.28,174,78.38%,$62.64,$79.92
Saratoga Elementary,5/15/2025,20031,Banana (Each),33,0,33,40,28,0,28,$5.88,0,0.00%,$0.00,$5.88,12,30.00%,$2.52,$8.40
Saratoga Elementary,5/15/2025,20038,Fat Free White Milk (Each),13,0,13,129,12,0,12,$3.96,0,0.00%,$0.00,$3.96,117,90.70%,$38.61,$42.57
Saratoga Elementary,5/15/2025,20043,"Lactose Free, White Milk (Each)",0,0,0,5,5,0,5,$2.90,0,0.00%,$0.00,$2.90,0,0.00%,$0.00,$2.90
Saratoga Elementary,5/15/2025,20074,"Apple Slices (3 slices, 1/4 cup)",0,0,0,27,27,0,27,$4.86,0,0.00%,$0.00,$4.86,0,0.00%,$0.00,$4.86
Saratoga Elementary,5/15/2025,30003,Honey Cheerios Cereal (Each),20,0,20,22,15,0,15,$8.85,0,0.00%,$0.00,$8.85,7,31.82%,$4.13,$12.98
Saratoga Elementary,5/15/2025,30006,Cinnamon Chex Cereal (Each),20,0,20,36,13,0,13,$7.67,0,0.00%,$0.00,$7.67,23,63.89%,$13.57,$21.24
Saratoga Elementary,5/15/2025,30007,"Cinnamon Toast Crunch Cereal, 25% Less Sugar (Each)",30,0,30,20,17,0,17,$10.03,0,0.00%,$0.00,$10.03,3,15.00%,$1.77,$11.80
Saratoga Elementary,5/15/2025,30008,Apple Juice (Each),112,0,112,112,104,0,104,$17.68,0,0.00%,$0.00,$17.68,8,7.14%,$1.36,$19.04
Saratoga Elementary,5/15/2025,30009,Orange Tangerine Juice (Each),52,0,52,56,34,0,34,$5.78,0,0.00%,$0.00,$5.78,22,39.29%,$3.74,$9.52
Saratoga Elementary,5/15/2025,30068,Chilled Peaches (1/2 cup (drained)),1,0,1,0,0,0,0,$0.00,0,0.00%,$0.00,$0.00,0,0.00%,$0.00,$0.00
Saratoga Elementary,5/15/2025,30188,"Milk, Soy, Plain, Bulk (12/32 oz) (1 cup)",0,0,0,2,2,0,2,$1.58,0,0.00%,$0.00,$1.58,0,0.00%,$0.00,$1.58
Saratoga Elementary,5/15/2025,60096,Strawberry Parfait (Parfait),16,0,16,7,4,0,4,$3.96,0,0.00%,$0.00,$3.96,3,42.86%,$2.97,$6.93
Saratoga Elementary,5/15/2025,60125,Egg and American Cheese on Biscuit (Sandwich),30,0,30,10,9,0,9,$4.23,0,0.00%,$0.00,$4.23,1,10.00%,$0.47,$4.70
Shrevewood Elementary,5/15/2025,10021,Apple Cinnamon Bread (1oz Grain (1/64 Baked Pan)),0,0,0,30,22,0,22,$9.02,2,6.67%,$0.82,$9.84,6,20.00%,$2.46,$12.30
Shrevewood Elementary,5/15/2025,10041,Mini Maple Pancakes (Package),10,0,10,18,18,0,18,$7.02,0,0.00%,$0.00,$7.02,0,0.00%,$0.00,$7.02
Shrevewood Elementary,5/15/2025,20001,1% White Milk (Each),27,0,27,230,48,0,48,$17.28,0,0.00%,$0.00,$17.28,182,79.13%,$65.52,$82.80
Shrevewood Elementary,5/15/2025,20017,Orange (6 Slices per 1/2 cup),8,0,8,25,12,0,12,$4.08,0,0.00%,$0.00,$4.08,13,52.00%,$4.42,$8.50
Shrevewood Elementary,5/15/2025,20038,Fat Free White Milk (Each),8,0,8,90,14,0,14,$4.62,0,0.00%,$0.00,$4.62,76,84.44%,$25.08,$29.70
Shrevewood Elementary,5/15/2025,20043,"Lactose Free, White Milk (Each)",0,0,0,1,1,0,1,$0.58,0,0.00%,$0.00,$0.58,0,0.00%,$0.00,$0.58
Shrevewood Elementary,5/15/2025,30003,Honey Cheerios Cereal (Each),4,0,4,24,19,0,19,$11.21,0,0.00%,$0.00,$11.21,5,20.83%,$2.95,$14.16
Shrevewood Elementary,5/15/2025,30004,Blueberry Chex Cereal (Each),5,0,5,24,11,0,11,$6.49,0,0.00%,$0.00,$6.49,13,54.17%,$7.67,$14.16
Shrevewood Elementary,5/15/2025,30006,Cinnamon Chex Cereal (Each),5,0,5,24,13,0,13,$7.67,0,0.00%,$0.00,$7.67,11,45.83%,$6.49,$14.16
Shrevewood Elementary,5/15/2025,30007,"Cinnamon Toast Crunch Cereal, 25% Less Sugar (Each)",7,0,7,24,22,0,22,$12.98,0,0.00%,$0.00,$12.98,2,8.33%,$1.18,$14.16
Shrevewood Elementary,5/15/2025,30008,Apple Juice (Each),17,0,17,55,55,0,55,$9.35,0,0.00%,$0.00,$9.35,0,0.00%,$0.00,$9.35
Shrevewood Elementary,5/15/2025,30009,Orange Tangerine Juice (Each),15,0,15,55,55,0,55,$9.35,0,0.00%,$0.00,$9.35,0,0.00%,$0.00,$9.35
Shrevewood Elementary,5/15/2025,30068,Chilled Peaches (1/2 cup (drained)),18,0,18,18,18,0,18,$9.18,0,0.00%,$0.00,$9.18,0,0.00%,$0.00,$9.18
Shrevewood Elementary,5/15/2025,60096,Strawberry Parfait (Parfait),0,0,0,8,5,0,5,$4.95,0,0.00%,$0.00,$4.95,3,37.50%,$2.97,$7.92
Shrevewood Elementary,5/15/2025,60125,Egg and American Cheese on Biscuit (Sandwich),0,0,0,11,8,3,11,$5.17,0,0.00%,$0.00,$5.17,0,0.00%,$0.00,$5.17
Silverbrook Elementary,5/15/2025,10041,Mini Maple Pancakes (Package),32,0,32,13,13,0,13,$5.07,0,0.00%,$0.00,$5.07,0,0.00%,$0.00,$5.07
Silverbrook Elementary,5/15/2025,20001,1% White Milk (Each),27,0,27,15,8,0,8,$2.88,0,0.00%,$0.00,$2.88,7,46.67%,$2.52,$5.40
Silverbrook Elementary,5/15/2025,20014,Red Delicious Apple (Each - serving),24,0,24,24,12,0,12,$3.96,0,0.00%,$0.00,$3.96,12,50.00%,$3.96,$7.92
Silverbrook Elementary,5/15/2025,20017,Orange (6 Slices per 1/2 cup),12,0,12,12,12,0,12,$4.08,0,0.00%,$0.00,$4.08,0,0.00%,$0.00,$4.08
Silverbrook Elementary,5/15/2025,20038,Fat Free White Milk (Each),15,0,15,15,5,0,5,$1.65,0,0.00%,$0.00,$1.65,10,66.67%,$3.30,$4.95
Silverbrook Elementary,5/15/2025,30003,Honey Cheerios Cereal (Each),8,0,8,6,6,0,6,$3.54,0,0.00%,$0.00,$3.54,0,0.00%,$0.00,$3.54
Silverbrook Elementary,5/15/2025,30007,"Cinnamon Toast Crunch Cereal, 25% Less Sugar (Each)",4,0,4,6,6,0,6,$3.54,0,0.00%,$0.00,$3.54,0,0.00%,$0.00,$3.54
Silverbrook Elementary,5/15/2025,30008,Apple Juice (Each),24,0,24,24,24,0,24,$4.08,0,0.00%,$0.00,$4.08,0,0.00%,$0.00,$4.08
Silverbrook Elementary,5/15/2025,30009,Orange Tangerine Juice (Each),14,0,14,12,12,0,12,$2.04,0,0.00%,$0.00,$2.04,0,0.00%,$0.00,$2.04
Silverbrook Elementary,5/15/2025,30068,Chilled Peaches (1/2 cup (drained)),2,0,2,0,0,0,0,$0.00,0,0.00%,$0.00,$0.00,0,0.00%,$0.00,$0.00
Silverbrook Elementary,5/15/2025,60096,Strawberry Parfait (Parfait),4,0,4,0,0,0,0,$0.00,0,0.00%,$0.00,$0.00,0,0.00%,$0.00,$0.00
Silverbrook Elementary,5/15/2025,60125,Egg and American Cheese on Biscuit (Sandwich),0,0,0,17,17,0,17,$7.99,0,0.00%,$0.00,$7.99,0,0.00%,$0.00,$7.99
Sleepy Hollow Elementary,5/15/2025,10041,Mini Maple Pancakes (Package),116,0,116,130,120,0,120,$46.80,0,0.00%,$0.00,$46.80,10,7.69%,$3.90,$50.70
Sleepy Hollow Elementary,5/15/2025,20001,1% White Milk (Each),53,0,53,105,80,0,80,$28.80,0,0.00%,$0.00,$28.80,25,23.81%,$9.00,$37.80
Sleepy Hollow Elementary,5/15/2025,20014,Red Delicious Apple (Each - serving),24,0,24,40,37,0,37,$12.21,0,0.00%,$0.00,$12.21,3,7.50%,$0.99,$13.20
Sleepy Hollow Elementary,5/15/2025,20017,Orange (6 Slices per 1/2 cup),31,0,31,50,43,0,43,$14.62,0,0.00%,$0.00,$14.62,7,14.00%,$2.38,$17.00
Sleepy Hollow Elementary,5/15/2025,20031,Banana (Each),32,0,32,20,20,0,20,$4.20,0,0.00%,$0.00,$4.20,0,0.00%,$0.00,$4.20
Sleepy Hollow Elementary,5/15/2025,20038,Fat Free White Milk (Each),13,0,13,5,4,0,4,$1.32,0,0.00%,$0.00,$1.32,1,20.00%,$0.33,$1.65
Sleepy Hollow Elementary,5/15/2025,30003,Honey Cheerios Cereal (Each),15,0,15,22,20,0,20,$11.80,0,0.00%,$0.00,$11.80,2,9.09%,$1.18,$12.98
Sleepy Hollow Elementary,5/15/2025,30004,Blueberry Chex Cereal (Each),15,0,15,22,20,0,20,$11.80,0,0.00%,$0.00,$11.80,2,9.09%,$1.18,$12.98
Sleepy Hollow Elementary,5/15/2025,30006,Cinnamon Chex Cereal (Each),10,0,10,22,20,0,20,$11.80,0,0.00%,$0.00,$11.80,2,9.09%,$1.18,$12.98
Sleepy Hollow Elementary,5/15/2025,30007,"Cinnamon Toast Crunch Cereal, 25% Less Sugar (Each)",14,0,14,20,18,0,18,$10.62,0,0.00%,$0.00,$10.62,2,10.00%,$1.18,$11.80
Sleepy Hollow Elementary,5/15/2025,30008,Apple Juice (Each),210,0,210,0,0,0,0,$0.00,0,0.00%,$0.00,$0.00,0,0.00%,$0.00,$0.00
Sleepy Hollow Elementary,5/15/2025,30009,Orange Tangerine Juice (Each),225,0,225,249,240,0,240,$40.80,0,0.00%,$0.00,$40.80,9,3.61%,$1.53,$42.33
Sleepy Hollow Elementary,5/15/2025,30068,Chilled Peaches (1/2 cup (drained)),7,0,7,7,7,0,7,$3.57,0,0.00%,$0.00,$3.57,0,0.00%,$0.00,$3.57
Sleepy Hollow Elementary,5/15/2025,60096,Strawberry Parfait (Parfait),16,0,16,20,10,0,10,$9.90,0,0.00%,$0.00,$9.90,10,50.00%,$9.90,$19.80
Sleepy Hollow Elementary,5/15/2025,60125,Egg and American Cheese on Biscuit (Sandwich),50,0,50,55,47,0,47,$22.09,0,0.00%,$0.00,$22.09,8,14.55%,$3.76,$25.85
South County Middle,5/15/2025,10020,Bagel (Bagel),12,0,12,12,10,2,12,$3.84,0,0.00%,$0.00,$3.84,0,0.00%,$0.00,$3.84
South County Middle,5/15/2025,10021,Apple Cinnamon Bread (1oz Grain (1/64 Baked Pan)),0,0,0,12,8,0,8,$3.28,0,0.00%,$0.00,$3.28,4,33.33%,$1.64,$4.92
South County Middle,5/15/2025,10041,Mini Maple Pancakes (Package),45,0,45,30,19,2,21,$8.19,0,0.00%,$0.00,$8.19,9,30.00%,$3.51,$11.70
South County Middle,5/15/2025,20001,1% White Milk (Each),30,0,30,30,4,0,4,$1.44,0,0.00%,$0.00,$1.44,26,86.67%,$9.36,$10.80
South County Middle,5/15/2025,20002,Fat Free Chocolate Milk (Each),50,0,50,50,0,0,0,$0.00,0,0.00%,$0.00,$0.00,50,100.00%,$0.00,$0.00
South County Middle,5/15/2025,20009,Cream Cheese (Each),12,0,12,12,12,0,12,$3.48,0,0.00%,$0.00,$3.48,0,0.00%,$0.00,$3.48
South County Middle,5/15/2025,20031,Banana (Each),5,0,5,5,0,0,0,$0.00,0,0.00%,$0.00,$0.00,5,100.00%,$0.00,$0.00
South County Middle,5/15/2025,20038,Fat Free White Milk (Each),20,0,20,20,0,0,0,$0.00,0,0.00%,$0.00,$0.00,20,100.00%,$0.00,$0.00
South County Middle,5/15/2025,30006,Cinnamon Chex Cereal (Each),5,0,5,5,2,0,2,$1.18,0,0.00%,$0.00,$1.18,3,60.00%,$1.77,$2.95
South County Middle,5/15/2025,30008,Apple Juice (Each),48,0,48,48,48,0,48,$8.16,0,0.00%,$0.00,$8.16,0,0.00%,$0.00,$8.16
South County Middle,5/15/2025,30009,Orange Tangerine Juice (Each),48,0,48,38,7,0,7,$1.19,0,0.00%,$0.00,$1.19,31,81.58%,$5.27,$6.46
South County Middle,5/15/2025,30093,Natural Breakfast Syrup (Each),45,0,45,30,21,0,21,$4.20,0,0.00%,$0.00,$4.20,9,30.00%,$1.80,$6.00
South County Middle,5/15/2025,30175,"Cereal, Cinnamon Toasters, Malt-O-Meal, IW (Sub) (1 Each)",4,0,4,4,1,0,1,$0.59,0,0.00%,$0.00,$0.59,3,75.00%,$1.77,$2.36
South County Middle,5/15/2025,30181,"Cereal, Cinnamon Toast Crunch 1 oz (Sub) (Each)",6,0,6,6,2,0,2,$0.64,0,0.00%,$0.00,$0.64,4,66.67%,$1.28,$1.92
South County Middle,5/15/2025,60004,Egg and American Cheese on English Muffin (Sandwich),4,0,4,5,3,0,3,$1.53,0,0.00%,$0.00,$1.53,2,40.00%,$1.02,$2.55
South County Middle,5/15/2025,60011,Turkey Sausage Breakfast Biscuit (Sandwich),4,0,4,6,4,0,4,$1.76,0,0.00%,$0.00,$1.76,2,33.33%,$0.88,$2.64
South County Middle,5/15/2025,60096,Strawberry Parfait (Parfait),3,0,3,3,3,0,3,$2.97,0,0.00%,$0.00,$2.97,0,0.00%,$0.00,$2.97
South Lakes High,5/15/2025,10041,Mini Maple Pancakes (Package),120,0,120,143,100,0,100,$39.00,0,0.00%,$0.00,$39.00,43,30.07%,$16.77,$55.77
South Lakes High,5/15/2025,20001,1% White Milk (Each),50,0,50,84,39,1,40,$14.40,0,0.00%,$0.00,$14.40,44,52.38%,$15.84,$30.24
South Lakes High,5/15/2025,20031,Banana (Each),70,0,70,70,53,0,53,$11.13,0,0.00%,$0.00,$11.13,17,24.29%,$3.57,$14.70
South Lakes High,5/15/2025,20038,Fat Free White Milk (Each),25,0,25,27,8,0,8,$2.64,0,0.00%,$0.00,$2.64,19,70.37%,$6.27,$8.91
South Lakes High,5/15/2025,30003,Honey Cheerios Cereal (Each),30,0,30,30,13,0,13,$7.67,0,0.00%,$0.00,$7.67,17,56.67%,$10.03,$17.70
South Lakes High,5/15/2025,30004,Blueberry Chex Cereal (Each),10,0,10,10,4,0,4,$2.36,0,0.00%,$0.00,$2.36,6,60.00%,$3.54,$5.90
South Lakes High,5/15/2025,30006,Cinnamon Chex Cereal (Each),30,0,30,30,11,0,11,$6.49,0,0.00%,$0.00,$6.49,19,63.33%,$11.21,$17.70
South Lakes High,5/15/2025,30007,"Cinnamon Toast Crunch Cereal, 25% Less Sugar (Each)",40,0,40,40,17,1,18,$10.62,0,0.00%,$0.00,$10.62,22,55.00%,$12.98,$23.60
South Lakes High,5/15/2025,30008,Apple Juice (Each),175,0,175,175,127,5,132,$22.44,0,0.00%,$0.00,$22.44,43,24.57%,$7.31,$29.75
South Lakes High,5/15/2025,30009,Orange Tangerine Juice (Each),75,0,75,75,35,4,39,$6.63,0,0.00%,$0.00,$6.63,36,48.00%,$6.12,$12.75
South Lakes High,5/15/2025,60096,Strawberry Parfait (Parfait),25,0,25,10,5,1,6,$5.94,4,40.00%,$3.96,$9.90,0,0.00%,$0.00,$9.90
South Lakes High,5/15/2025,60125,Egg and American Cheese on Biscuit (Sandwich),25,0,25,25,23,1,24,$11.28,1,4.00%,$0.47,$11.75,0,0.00%,$0.00,$11.75
Spring Hill Elementary,5/15/2025,10041,Mini Maple Pancakes (Package),65,0,65,72,69,0,69,$26.91,0,0.00%,$0.00,$26.91,3,4.17%,$1.17,$28.08
Spring Hill Elementary,5/15/2025,20001,1% White Milk (Each),40,0,40,42,31,0,31,$11.16,0,0.00%,$0.00,$11.16,11,26.19%,$3.96,$15.12
Spring Hill Elementary,5/15/2025,20014,Red Delicious Apple (Each - serving),30,0,30,35,31,0,31,$10.23,0,0.00%,$0.00,$10.23,4,11.43%,$1.32,$11.55
Spring Hill Elementary,5/15/2025,20031,Banana (Each),8,0,8,10,8,0,8,$1.68,0,0.00%,$0.00,$1.68,2,20.00%,$0.42,$2.10
Spring Hill Elementary,5/15/2025,20038,Fat Free White Milk (Each),18,0,18,20,14,0,14,$4.62,0,0.00%,$0.00,$4.62,6,30.00%,$1.98,$6.60
Spring Hill Elementary,5/15/2025,30003,Honey Cheerios Cereal (Each),20,0,20,20,15,0,15,$8.85,0,0.00%,$0.00,$8.85,5,25.00%,$2.95,$11.80
Spring Hill Elementary,5/15/2025,30004,Blueberry Chex Cereal (Each),19,0,19,16,10,0,10,$5.90,0,0.00%,$0.00,$5.90,6,37.50%,$3.54,$9.44
Spring Hill Elementary,5/15/2025,30006,Cinnamon Chex Cereal (Each),20,0,20,18,14,0,14,$8.26,0,0.00%,$0.00,$8.26,4,22.22%,$2.36,$10.62
Spring Hill Elementary,5/15/2025,30008,Apple Juice (Each),60,0,60,65,57,0,57,$9.69,0,0.00%,$0.00,$9.69,8,12.31%,$1.36,$11.05
Spring Hill Elementary,5/15/2025,30009,Orange Tangerine Juice (Each),50,0,50,65,56,0,56,$9.52,0,0.00%,$0.00,$9.52,9,13.85%,$1.53,$11.05
Spring Hill Elementary,5/15/2025,30068,Chilled Peaches (1/2 cup (drained)),0,0,0,0,0,0,0,$0.00,0,0.00%,$0.00,$0.00,0,0.00%,$0.00,$0.00
Spring Hill Elementary,5/15/2025,30097,Bottled Water (Bottle),0,0,0,12,6,0,6,$0.96,0,0.00%,$0.00,$0.96,6,50.00%,$0.96,$1.92
Spring Hill Elementary,5/15/2025,60096,Strawberry Parfait (Parfait),8,0,8,7,3,0,3,$2.97,0,0.00%,$0.00,$2.97,4,57.14%,$3.96,$6.93
Spring Hill Elementary,5/15/2025,60125,Egg and American Cheese on Biscuit (Sandwich),13,0,13,15,7,0,7,$3.29,1,6.67%,$0.47,$3.76,7,46.67%,$3.29,$7.05
Springfield Estates Elementary,5/15/2025,10041,Mini Maple Pancakes (Package),21,0,21,71,62,0,62,$24.18,0,0.00%,$0.00,$24.18,9,12.68%,$3.51,$27.69
Springfield Estates Elementary,5/15/2025,20001,1% White Milk (Each),37,0,37,41,28,0,28,$10.08,0,0.00%,$0.00,$10.08,13,31.71%,$4.68,$14.76
Springfield Estates Elementary,5/15/2025,20031,Banana (Each),8,0,8,20,20,0,20,$4.20,0,0.00%,$0.00,$4.20,0,0.00%,$0.00,$4.20
Springfield Estates Elementary,5/15/2025,20038,Fat Free White Milk (Each),10,0,10,34,1,0,1,$0.33,0,0.00%,$0.00,$0.33,33,97.06%,$10.89,$11.22
Springfield Estates Elementary,5/15/2025,30003,Honey Cheerios Cereal (Each),14,0,14,11,11,0,11,$6.49,0,0.00%,$0.00,$6.49,0,0.00%,$0.00,$6.49
Springfield Estates Elementary,5/15/2025,30004,Blueberry Chex Cereal (Each),4,0,4,10,1,0,1,$0.59,0,0.00%,$0.00,$0.59,9,90.00%,$5.31,$5.90
Springfield Estates Elementary,5/15/2025,30006,Cinnamon Chex Cereal (Each),17,0,17,20,18,0,18,$10.62,0,0.00%,$0.00,$10.62,2,10.00%,$1.18,$11.80
Springfield Estates Elementary,5/15/2025,30008,Apple Juice (Each),65,0,65,91,59,0,59,$10.03,0,0.00%,$0.00,$10.03,32,35.16%,$5.44,$15.47
Springfield Estates Elementary,5/15/2025,30009,Orange Tangerine Juice (Each),19,0,19,16,16,0,16,$2.72,0,0.00%,$0.00,$2.72,0,0.00%,$0.00,$2.72
Springfield Estates Elementary,5/15/2025,30068,Chilled Peaches (1/2 cup (drained)),21,0,21,22,22,0,22,$11.22,0,0.00%,$0.00,$11.22,0,0.00%,$0.00,$11.22
Springfield Estates Elementary,5/15/2025,30093,Natural Breakfast Syrup (Each),0,0,0,50,41,0,41,$8.20,0,0.00%,$0.00,$8.20,9,18.00%,$1.80,$10.00
Springfield Estates Elementary,5/15/2025,30097,Bottled Water (Bottle),0,0,0,1,1,0,1,$0.16,0,0.00%,$0.00,$0.16,0,0.00%,$0.00,$0.16
Springfield Estates Elementary,5/15/2025,60096,Strawberry Parfait (Parfait),4,0,4,2,2,0,2,$1.98,0,0.00%,$0.00,$1.98,0,0.00%,$0.00,$1.98
Springfield Estates Elementary,5/15/2025,60125,Egg and American Cheese on Biscuit (Sandwich),12,0,12,14,14,0,14,$6.58,0,0.00%,$0.00,$6.58,0,0.00%,$0.00,$6.58
Stenwood Elementary,5/15/2025,10020,Bagel (Bagel),0,0,0,15,10,0,10,$3.20,0,0.00%,$0.00,$3.20,5,33.33%,$1.60,$4.80
Stenwood Elementary,5/15/2025,10021,Apple Cinnamon Bread (1oz Grain (1/64 Baked Pan)),0,0,0,14,13,0,13,$5.33,0,0.00%,$0.00,$5.33,1,7.14%,$0.41,$5.74
Stenwood Elementary,5/15/2025,10041,Mini Maple Pancakes (Package),19,0,19,10,10,0,10,$3.90,0,0.00%,$0.00,$3.90,0,0.00%,$0.00,$3.90
Stenwood Elementary,5/15/2025,20001,1% White Milk (Each),10,0,10,13,7,0,7,$2.52,0,0.00%,$0.00,$2.52,6,46.15%,$2.16,$4.68
Stenwood Elementary,5/15/2025,20009,Cream Cheese (Each),0,0,0,15,10,0,10,$2.90,0,0.00%,$0.00,$2.90,5,33.33%,$1.45,$4.35
Stenwood Elementary,5/15/2025,20016,String Cheese (1 Stick),0,0,0,14,13,0,13,$2.86,0,0.00%,$0.00,$2.86,1,7.14%,$0.22,$3.08
Stenwood Elementary,5/15/2025,20031,Banana (Each),9,0,9,23,20,0,20,$4.20,0,0.00%,$0.00,$4.20,3,13.04%,$0.63,$4.83
Stenwood Elementary,5/15/2025,20038,Fat Free White Milk (Each),4,0,4,36,6,0,6,$1.98,0,0.00%,$0.00,$1.98,30,83.33%,$9.90,$11.88
Stenwood Elementary,5/15/2025,30003,Honey Cheerios Cereal (Each),8,0,8,8,7,0,7,$4.13,0,0.00%,$0.00,$4.13,1,12.50%,$0.59,$4.72
Stenwood Elementary,5/15/2025,30004,Blueberry Chex Cereal (Each),4,0,4,4,0,0,0,$0.00,0,0.00%,$0.00,$0.00,4,100.00%,$0.00,$0.00
Stenwood Elementary,5/15/2025,30006,Cinnamon Chex Cereal (Each),8,0,8,12,2,0,2,$1.18,0,0.00%,$0.00,$1.18,10,83.33%,$5.90,$7.08
Stenwood Elementary,5/15/2025,30007,"Cinnamon Toast Crunch Cereal, 25% Less Sugar (Each)",8,0,8,19,8,0,8,$4.72,0,0.00%,$0.00,$4.72,11,57.89%,$6.49,$11.21
Stenwood Elementary,5/15/2025,30008,Apple Juice (Each),38,0,38,40,39,0,39,$6.63,0,0.00%,$0.00,$6.63,1,2.50%,$0.17,$6.80
Stenwood Elementary,5/15/2025,30009,Orange Tangerine Juice (Each),21,0,21,27,26,0,26,$4.42,0,0.00%,$0.00,$4.42,1,3.70%,$0.17,$4.59
Stenwood Elementary,5/15/2025,60096,Strawberry Parfait (Parfait),4,0,4,6,3,0,3,$2.97,0,0.00%,$0.00,$2.97,3,50.00%,$2.97,$5.94
Stenwood Elementary,5/15/2025,60165,Egg and American Cheese on Bagel (Sandwich),0,0,0,5,3,0,3,$1.74,2,40.00%,$1.16,$2.90,0,0.00%,$0.00,$2.90
Stone Middle,5/15/2025,10020,Bagel (Bagel),0,0,0,35,31,0,31,$9.92,0,0.00%,$0.00,$9.92,4,11.43%,$1.28,$11.20
Stone Middle,5/15/2025,10041,Mini Maple Pancakes (Package),25,0,25,35,20,0,20,$7.80,0,0.00%,$0.00,$7.80,15,42.86%,$5.85,$13.65
Stone Middle,5/15/2025,20001,1% White Milk (Each),13,0,13,10,9,0,9,$3.24,0,0.00%,$0.00,$3.24,1,10.00%,$0.36,$3.60
Stone Middle,5/15/2025,20009,Cream Cheese (Each),0,0,0,34,30,0,30,$8.70,0,0.00%,$0.00,$8.70,4,11.76%,$1.16,$9.86
Stone Middle,5/15/2025,20031,Banana (Each),10,0,10,12,10,0,10,$2.10,0,0.00%,$0.00,$2.10,2,16.67%,$0.42,$2.52
Stone Middle,5/15/2025,20038,Fat Free White Milk (Each),4,0,4,10,8,0,8,$2.64,0,0.00%,$0.00,$2.64,2,20.00%,$0.66,$3.30
Stone Middle,5/15/2025,30006,Cinnamon Chex Cereal (Each),9,0,9,15,9,0,9,$5.31,0,0.00%,$0.00,$5.31,6,40.00%,$3.54,$8.85
Stone Middle,5/15/2025,30007,"Cinnamon Toast Crunch Cereal, 25% Less Sugar (Each)",10,0,10,15,8,0,8,$4.72,0,0.00%,$0.00,$4.72,7,46.67%,$4.13,$8.85
Stone Middle,5/15/2025,30008,Apple Juice (Each),63,0,63,69,62,1,63,$10.71,0,0.00%,$0.00,$10.71,6,8.70%,$1.02,$11.73
Stone Middle,5/15/2025,30009,Orange Tangerine Juice (Each),8,0,8,21,16,0,16,$2.72,0,0.00%,$0.00,$2.72,5,23.81%,$0.85,$3.57
Stone Middle,5/15/2025,60096,Strawberry Parfait (Parfait),0,0,0,8,5,0,5,$4.95,0,0.00%,$0.00,$4.95,3,37.50%,$2.97,$7.92
Stone Middle,5/15/2025,60125,Egg and American Cheese on Biscuit (Sandwich),9,0,9,5,5,0,5,$2.35,0,0.00%,$0.00,$2.35,0,0.00%,$0.00,$2.35
Stratford Landing Elementary,5/15/2025,10020,Bagel (Bagel),0,0,0,4,4,0,4,$1.28,0,0.00%,$0.00,$1.28,0,0.00%,$0.00,$1.28
Stratford Landing Elementary,5/15/2025,10041,Mini Maple Pancakes (Package),62,0,62,78,76,2,78,$30.42,0,0.00%,$0.00,$30.42,0,0.00%,$0.00,$30.42
Stratford Landing Elementary,5/15/2025,20001,1% White Milk (Each),147,0,147,58,40,0,40,$14.40,0,0.00%,$0.00,$14.40,18,31.03%,$6.48,$20.88
Stratford Landing Elementary,5/15/2025,20014,Red Delicious Apple (Each - serving),15,0,15,15,12,0,12,$3.96,0,0.00%,$0.00,$3.96,3,20.00%,$0.99,$4.95
Stratford Landing Elementary,5/15/2025,20038,Fat Free White Milk (Each),6,0,6,38,3,0,3,$0.99,0,0.00%,$0.00,$0.99,35,92.11%,$11.55,$12.54
Stratford Landing Elementary,5/15/2025,30003,Honey Cheerios Cereal (Each),27,0,27,24,24,0,24,$14.16,0,0.00%,$0.00,$14.16,0,0.00%,$0.00,$14.16
Stratford Landing Elementary,5/15/2025,30006,Cinnamon Chex Cereal (Each),6,0,6,36,33,1,34,$20.06,0,0.00%,$0.00,$20.06,2,5.56%,$1.18,$21.24
Stratford Landing Elementary,5/15/2025,30008,Apple Juice (Each),77,0,77,160,145,15,160,$27.20,0,0.00%,$0.00,$27.20,0,0.00%,$0.00,$27.20
Stratford Landing Elementary,5/15/2025,30068,Chilled Peaches (1/2 cup (drained)),13,0,13,9,9,0,9,$4.59,0,0.00%,$0.00,$4.59,0,0.00%,$0.00,$4.59
Stratford Landing Elementary,5/15/2025,60096,Strawberry Parfait (Parfait),8,0,8,6,6,0,6,$5.94,0,0.00%,$0.00,$5.94,0,0.00%,$0.00,$5.94
Sunrise Valley Elementary,5/15/2025,10021,Apple Cinnamon Bread (1oz Grain (1/64 Baked Pan)),0,0,0,17,17,0,17,$6.97,0,0.00%,$0.00,$6.97,0,0.00%,$0.00,$6.97
Sunrise Valley Elementary,5/15/2025,10041,Mini Maple Pancakes (Package),41,0,41,46,42,0,42,$16.38,0,0.00%,$0.00,$16.38,4,8.70%,$1.56,$17.94
Sunrise Valley Elementary,5/15/2025,20001,1% White Milk (Each),13,0,13,13,9,0,9,$3.24,0,0.00%,$0.00,$3.24,4,30.77%,$1.44,$4.68
Sunrise Valley Elementary,5/15/2025,20014,Red Delicious Apple (Each - serving),12,0,12,12,7,0,7,$2.31,0,0.00%,$0.00,$2.31,5,41.67%,$1.65,$3.96
Sunrise Valley Elementary,5/15/2025,20016,String Cheese (1 Stick),0,0,0,17,17,0,17,$3.74,0,0.00%,$0.00,$3.74,0,0.00%,$0.00,$3.74
Sunrise Valley Elementary,5/15/2025,20017,Orange (6 Slices per 1/2 cup),12,0,12,12,8,0,8,$2.72,0,0.00%,$0.00,$2.72,4,33.33%,$1.36,$4.08
Sunrise Valley Elementary,5/15/2025,20031,Banana (Each),12,0,12,2,2,0,2,$0.42,0,0.00%,$0.00,$0.42,0,0.00%,$0.00,$0.42
Sunrise Valley Elementary,5/15/2025,30003,Honey Cheerios Cereal (Each),12,0,12,12,4,0,4,$2.36,0,0.00%,$0.00,$2.36,8,66.67%,$4.72,$7.08
Sunrise Valley Elementary,5/15/2025,30004,Blueberry Chex Cereal (Each),12,0,12,12,2,0,2,$1.18,0,0.00%,$0.00,$1.18,10,83.33%,$5.90,$7.08
Sunrise Valley Elementary,5/15/2025,30006,Cinnamon Chex Cereal (Each),12,0,12,12,3,0,3,$1.77,0,0.00%,$0.00,$1.77,9,75.00%,$5.31,$7.08
Sunrise Valley Elementary,5/15/2025,30007,"Cinnamon Toast Crunch Cereal, 25% Less Sugar (Each)",12,0,12,12,10,0,10,$5.90,0,0.00%,$0.00,$5.90,2,16.67%,$1.18,$7.08
Sunrise Valley Elementary,5/15/2025,30008,Apple Juice (Each),43,0,43,72,68,0,68,$11.56,0,0.00%,$0.00,$11.56,4,5.56%,$0.68,$12.24
Sunrise Valley Elementary,5/15/2025,30009,Orange Tangerine Juice (Each),38,0,38,68,31,0,31,$5.27,0,0.00%,$0.00,$5.27,37,54.41%,$6.29,$11.56
Sunrise Valley Elementary,5/15/2025,30068,Chilled Peaches (1/2 cup (drained)),1,0,1,1,1,0,1,$0.51,0,0.00%,$0.00,$0.51,0,0.00%,$0.00,$0.51
Sunrise Valley Elementary,5/15/2025,30093,Natural Breakfast Syrup (Each),0,0,0,41,41,0,41,$8.20,0,0.00%,$0.00,$8.20,0,0.00%,$0.00,$8.20
Sunrise Valley Elementary,5/15/2025,30108,Fat Free Unflavored Shelf-Stable Milk (Each),0,0,0,12,2,0,2,$0.76,0,0.00%,$0.00,$0.76,10,83.33%,$3.80,$4.56
Sunrise Valley Elementary,5/15/2025,60099,"Parfait, Triple Berry (Parfait)",0,0,0,6,3,0,3,$2.04,0,0.00%,$0.00,$2.04,3,50.00%,$2.04,$4.08
Sunrise Valley Elementary,5/15/2025,60125,Egg and American Cheese on Biscuit (Sandwich),4,0,4,6,4,0,4,$1.88,2,33.33%,$0.94,$2.82,0,0.00%,$0.00,$2.82
Terra Centre Elementary,5/15/2025,10020,Bagel (Bagel),0,0,0,10,7,0,7,$2.24,0,0.00%,$0.00,$2.24,3,30.00%,$0.96,$3.20
Terra Centre Elementary,5/15/2025,10041,Mini Maple Pancakes (Package),22,0,22,60,48,0,48,$18.72,0,0.00%,$0.00,$18.72,12,20.00%,$4.68,$23.40
Terra Centre Elementary,5/15/2025,20001,1% White Milk (Each),36,0,36,269,50,0,50,$18.00,0,0.00%,$0.00,$18.00,219,81.41%,$78.84,$96.84
Terra Centre Elementary,5/15/2025,20014,Red Delicious Apple (Each - serving),6,0,6,12,3,0,3,$0.99,0,0.00%,$0.00,$0.99,9,75.00%,$2.97,$3.96
Terra Centre Elementary,5/15/2025,20017,Orange (6 Slices per 1/2 cup),8,0,8,0,0,0,0,$0.00,0,0.00%,$0.00,$0.00,0,0.00%,$0.00,$0.00
Terra Centre Elementary,5/15/2025,20031,Banana (Each),4,0,4,0,0,0,0,$0.00,0,0.00%,$0.00,$0.00,0,0.00%,$0.00,$0.00
Terra Centre Elementary,5/15/2025,20038,Fat Free White Milk (Each),4,0,4,4,0,0,0,$0.00,0,0.00%,$0.00,$0.00,4,100.00%,$0.00,$0.00
Terra Centre Elementary,5/15/2025,20043,"Lactose Free, White Milk (Each)",0,0,0,1,1,0,1,$0.58,0,0.00%,$0.00,$0.58,0,0.00%,$0.00,$0.58
Terra Centre Elementary,5/15/2025,30003,Honey Cheerios Cereal (Each),3,0,3,8,3,0,3,$1.77,0,0.00%,$0.00,$1.77,5,62.50%,$2.95,$4.72
Terra Centre Elementary,5/15/2025,30004,Blueberry Chex Cereal (Each),2,0,2,3,3,0,3,$1.77,0,0.00%,$0.00,$1.77,0,0.00%,$0.00,$1.77
Terra Centre Elementary,5/15/2025,30006,Cinnamon Chex Cereal (Each),1,0,1,0,0,0,0,$0.00,0,0.00%,$0.00,$0.00,0,0.00%,$0.00,$0.00
Terra Centre Elementary,5/15/2025,30007,"Cinnamon Toast Crunch Cereal, 25% Less Sugar (Each)",2,0,2,2,2,0,2,$1.18,0,0.00%,$0.00,$1.18,0,0.00%,$0.00,$1.18
Terra Centre Elementary,5/15/2025,30008,Apple Juice (Each),24,0,24,24,24,0,24,$4.08,0,0.00%,$0.00,$4.08,0,0.00%,$0.00,$4.08
Terra Centre Elementary,5/15/2025,30009,Orange Tangerine Juice (Each),11,0,11,55,41,0,41,$6.97,0,0.00%,$0.00,$6.97,14,25.45%,$2.38,$9.35
Terra Centre Elementary,5/15/2025,30068,Chilled Peaches (1/2 cup (drained)),21,0,21,20,20,0,20,$10.20,0,0.00%,$0.00,$10.20,0,0.00%,$0.00,$10.20
Terra Centre Elementary,5/15/2025,60096,Strawberry Parfait (Parfait),2,0,2,5,0,0,0,$0.00,0,0.00%,$0.00,$0.00,5,100.00%,$0.00,$0.00
Terra Centre Elementary,5/15/2025,60125,Egg and American Cheese on Biscuit (Sandwich),4,0,4,0,0,0,0,$0.00,0,0.00%,$0.00,$0.00,0,0.00%,$0.00,$0.00
Terraset Elementary,5/15/2025,10041,Mini Maple Pancakes (Package),73,0,73,71,71,0,71,$27.69,0,0.00%,$0.00,$27.69,0,0.00%,$0.00,$27.69
Terraset Elementary,5/15/2025,20001,1% White Milk (Each),38,0,38,154,46,0,46,$16.56,0,0.00%,$0.00,$16.56,108,70.13%,$38.88,$55.44
Terraset Elementary,5/15/2025,20014,Red Delicious Apple (Each - serving),41,0,41,25,20,0,20,$6.60,0,0.00%,$0.00,$6.60,5,20.00%,$1.65,$8.25
Terraset Elementary,5/15/2025,20038,Fat Free White Milk (Each),12,0,12,44,14,0,14,$4.62,0,0.00%,$0.00,$4.62,30,68.18%,$9.90,$14.52
Terraset Elementary,5/15/2025,20043,"Lactose Free, White Milk (Each)",0,0,0,1,1,0,1,$0.58,0,0.00%,$0.00,$0.58,0,0.00%,$0.00,$0.58
Terraset Elementary,5/15/2025,30004,Blueberry Chex Cereal (Each),20,0,20,48,7,0,7,$4.13,0,0.00%,$0.00,$4.13,41,85.42%,$24.19,$28.32
Terraset Elementary,5/15/2025,30006,Cinnamon Chex Cereal (Each),23,0,23,30,24,0,24,$14.16,0,0.00%,$0.00,$14.16,6,20.00%,$3.54,$17.70
Terraset Elementary,5/15/2025,30007,"Cinnamon Toast Crunch Cereal, 25% Less Sugar (Each)",20,0,20,30,24,0,24,$14.16,0,0.00%,$0.00,$14.16,6,20.00%,$3.54,$17.70
Terraset Elementary,5/15/2025,30008,Apple Juice (Each),80,0,80,120,107,0,107,$18.19,0,0.00%,$0.00,$18.19,13,10.83%,$2.21,$20.40
Terraset Elementary,5/15/2025,30009,Orange Tangerine Juice (Each),1,0,1,2,2,0,2,$0.34,0,0.00%,$0.00,$0.34,0,0.00%,$0.00,$0.34
Terraset Elementary,5/15/2025,30068,Chilled Peaches (1/2 cup (drained)),18,0,18,17,17,0,17,$8.67,0,0.00%,$0.00,$8.67,0,0.00%,$0.00,$8.67
Terraset Elementary,5/15/2025,60090,Assorted Craisins (Packet),0,0,0,40,37,0,37,$8.88,0,0.00%,$0.00,$8.88,3,7.50%,$0.72,$9.60
Terraset Elementary,5/15/2025,60096,Strawberry Parfait (Parfait),9,0,9,8,0,0,0,$0.00,0,0.00%,$0.00,$0.00,8,100.00%,$0.00,$0.00
Terraset Elementary,5/15/2025,60125,Egg and American Cheese on Biscuit (Sandwich),22,0,22,12,7,0,7,$3.29,0,0.00%,$0.00,$3.29,5,41.67%,$2.35,$5.64
Thoreau Middle,5/15/2025,10041,Mini Maple Pancakes (Package),40,0,40,30,28,0,28,$10.92,0,0.00%,$0.00,$10.92,2,6.67%,$0.78,$11.70
Thoreau Middle,5/15/2025,20001,1% White Milk (Each),10,0,10,5,0,0,0,$0.00,0,0.00%,$0.00,$0.00,5,100.00%,$0.00,$0.00
Thoreau Middle,5/15/2025,20014,Red Delicious Apple (Each - serving),5,0,5,5,0,0,0,$0.00,0,0.00%,$0.00,$0.00,5,100.00%,$0.00,$0.00
Thoreau Middle,5/15/2025,20017,Orange (6 Slices per 1/2 cup),5,0,5,5,0,0,0,$0.00,0,0.00%,$0.00,$0.00,5,100.00%,$0.00,$0.00
Thoreau Middle,5/15/2025,20031,Banana (Each),5,0,5,5,0,0,0,$0.00,0,0.00%,$0.00,$0.00,5,100.00%,$0.00,$0.00
Thoreau Middle,5/15/2025,20038,Fat Free White Milk (Each),10,0,10,5,0,0,0,$0.00,0,0.00%,$0.00,$0.00,5,100.00%,$0.00,$0.00
Thoreau Middle,5/15/2025,30003,Honey Cheerios Cereal (Each),5,0,5,10,0,0,0,$0.00,0,0.00%,$0.00,$0.00,10,100.00%,$0.00,$0.00
Thoreau Middle,5/15/2025,30004,Blueberry Chex Cereal (Each),5,0,5,10,0,0,0,$0.00,0,0.00%,$0.00,$0.00,10,100.00%,$0.00,$0.00
Thoreau Middle,5/15/2025,30006,Cinnamon Chex Cereal (Each),10,0,10,10,0,0,0,$0.00,0,0.00%,$0.00,$0.00,10,100.00%,$0.00,$0.00
Thoreau Middle,5/15/2025,30007,"Cinnamon Toast Crunch Cereal, 25% Less Sugar (Each)",20,0,20,10,0,0,0,$0.00,0,0.00%,$0.00,$0.00,10,100.00%,$0.00,$0.00
Thoreau Middle,5/15/2025,30008,Apple Juice (Each),40,0,40,40,29,0,29,$4.93,0,0.00%,$0.00,$4.93,11,27.50%,$1.87,$6.80
Thoreau Middle,5/15/2025,30009,Orange Tangerine Juice (Each),0,0,0,10,0,0,0,$0.00,0,0.00%,$0.00,$0.00,10,100.00%,$0.00,$0.00
Thoreau Middle,5/15/2025,60096,Strawberry Parfait (Parfait),0,0,0,0,0,0,0,$0.00,0,0.00%,$0.00,$0.00,0,0.00%,$0.00,$0.00
Thoreau Middle,5/15/2025,60125,Egg and American Cheese on Biscuit (Sandwich),2,0,2,2,0,0,0,$0.00,2,100.00%,$0.00,$0.00,0,0.00%,$0.00,$0.00
Timber Lane Elementary,5/15/2025,10041,Mini Maple Pancakes (Package),155,0,155,173,155,0,155,$60.45,0,0.00%,$0.00,$60.45,18,10.40%,$7.02,$67.47
Timber Lane Elementary,5/15/2025,20001,1% White Milk (Each),153,0,153,223,123,0,123,$44.28,0,0.00%,$0.00,$44.28,100,44.84%,$36.00,$80.28
Timber Lane Elementary,5/15/2025,20031,Banana (Each),0,0,0,100,88,0,88,$18.48,0,0.00%,$0.00,$18.48,12,12.00%,$2.52,$21.00
Timber Lane Elementary,5/15/2025,20038,Fat Free White Milk (Each),50,0,50,50,8,0,8,$2.64,0,0.00%,$0.00,$2.64,42,84.00%,$13.86,$16.50
Timber Lane Elementary,5/15/2025,20043,"Lactose Free, White Milk (Each)",2,0,2,1,1,0,1,$0.58,0,0.00%,$0.00,$0.58,0,0.00%,$0.00,$0.58
Timber Lane Elementary,5/15/2025,30004,Blueberry Chex Cereal (Each),18,0,18,15,6,0,6,$3.54,0,0.00%,$0.00,$3.54,9,60.00%,$5.31,$8.85
Timber Lane Elementary,5/15/2025,30006,Cinnamon Chex Cereal (Each),18,0,18,10,3,0,3,$1.77,0,0.00%,$0.00,$1.77,7,70.00%,$4.13,$5.90
Timber Lane Elementary,5/15/2025,30007,"Cinnamon Toast Crunch Cereal, 25% Less Sugar (Each)",0,0,0,15,8,0,8,$4.72,0,0.00%,$0.00,$4.72,7,46.67%,$4.13,$8.85
Timber Lane Elementary,5/15/2025,30008,Apple Juice (Each),0,0,0,18,18,0,18,$3.06,0,0.00%,$0.00,$3.06,0,0.00%,$0.00,$3.06
Timber Lane Elementary,5/15/2025,30009,Orange Tangerine Juice (Each),160,0,160,160,143,0,143,$24.31,0,0.00%,$0.00,$24.31,17,10.63%,$2.89,$27.20
Timber Lane Elementary,5/15/2025,30068,Chilled Peaches (1/2 cup (drained)),50,0,50,48,48,0,48,$24.48,0,0.00%,$0.00,$24.48,0,0.00%,$0.00,$24.48
Timber Lane Elementary,5/15/2025,60096,Strawberry Parfait (Parfait),10,0,10,20,13,0,13,$12.87,0,0.00%,$0.00,$12.87,7,35.00%,$6.93,$19.80
Timber Lane Elementary,5/15/2025,60125,Egg and American Cheese on Biscuit (Sandwich),10,0,10,10,7,0,7,$3.29,0,0.00%,$0.00,$3.29,3,30.00%,$1.41,$4.70
Twain Middle,5/15/2025,10041,Mini Maple Pancakes (Package),444,0,444,45,41,0,41,$15.99,0,0.00%,$0.00,$15.99,4,8.89%,$1.56,$17.55
Twain Middle,5/15/2025,20001,1% White Milk (Each),83,0,83,15,2,0,2,$0.72,0,0.00%,$0.00,$0.72,13,86.67%,$4.68,$5.40
Twain Middle,5/15/2025,20031,Banana (Each),42,0,42,5,3,0,3,$0.63,0,0.00%,$0.00,$0.63,2,40.00%,$0.42,$1.05
Twain Middle,5/15/2025,20038,Fat Free White Milk (Each),52,0,52,25,2,0,2,$0.66,0,0.00%,$0.00,$0.66,23,92.00%,$7.59,$8.25
Twain Middle,5/15/2025,30006,Cinnamon Chex Cereal (Each),450,0,450,46,11,0,11,$6.49,0,0.00%,$0.00,$6.49,35,76.09%,$20.65,$27.14
Twain Middle,5/15/2025,30008,Apple Juice (Each),573,0,573,70,59,0,59,$10.03,0,0.00%,$0.00,$10.03,11,15.71%,$1.87,$11.90
Twain Middle,5/15/2025,60096,Strawberry Parfait (Parfait),0,0,0,3,3,0,3,$2.97,0,0.00%,$0.00,$2.97,0,0.00%,$0.00,$2.97
Union Mill Elementary,5/15/2025,10041,Mini Maple Pancakes (Package),35,0,35,40,38,0,38,$14.82,1,2.50%,$0.39,$15.21,1,2.50%,$0.39,$15.60
Union Mill Elementary,5/15/2025,20001,1% White Milk (Each),30,0,30,38,8,0,8,$2.88,0,0.00%,$0.00,$2.88,30,78.95%,$10.80,$13.68
Union Mill Elementary,5/15/2025,20014,Red Delicious Apple (Each - serving),10,0,10,10,10,0,10,$3.30,0,0.00%,$0.00,$3.30,0,0.00%,$0.00,$3.30
Union Mill Elementary,5/15/2025,20038,Fat Free White Milk (Each),20,0,20,20,5,0,5,$1.65,0,0.00%,$0.00,$1.65,15,75.00%,$4.95,$6.60
Union Mill Elementary,5/15/2025,30003,Honey Cheerios Cereal (Each),12,0,12,12,6,0,6,$3.54,0,0.00%,$0.00,$3.54,6,50.00%,$3.54,$7.08
Union Mill Elementary,5/15/2025,30004,Blueberry Chex Cereal (Each),12,0,12,12,3,0,3,$1.77,0,0.00%,$0.00,$1.77,9,75.00%,$5.31,$7.08
Union Mill Elementary,5/15/2025,30006,Cinnamon Chex Cereal (Each),12,0,12,12,6,0,6,$3.54,0,0.00%,$0.00,$3.54,6,50.00%,$3.54,$7.08
Union Mill Elementary,5/15/2025,30007,"Cinnamon Toast Crunch Cereal, 25% Less Sugar (Each)",12,0,12,12,6,0,6,$3.54,0,0.00%,$0.00,$3.54,6,50.00%,$3.54,$7.08
Union Mill Elementary,5/15/2025,30008,Apple Juice (Each),40,0,40,68,47,0,47,$7.99,0,0.00%,$0.00,$7.99,21,30.88%,$3.57,$11.56
Union Mill Elementary,5/15/2025,30009,Orange Tangerine Juice (Each),30,0,30,38,19,0,19,$3.23,0,0.00%,$0.00,$3.23,19,50.00%,$3.23,$6.46
Union Mill Elementary,5/15/2025,60034,Mandarin Orange Parfait (Parfait),0,0,0,3,2,0,2,$1.98,1,33.33%,$0.99,$2.97,0,0.00%,$0.00,$2.97
Union Mill Elementary,5/15/2025,60096,Strawberry Parfait (Parfait),10,0,10,10,6,0,6,$5.94,0,0.00%,$0.00,$5.94,4,40.00%,$3.96,$9.90
Union Mill Elementary,5/15/2025,60165,Egg and American Cheese on Bagel (Sandwich),0,0,0,10,6,0,6,$3.48,4,40.00%,$2.32,$5.80,0,0.00%,$0.00,$5.80
Vienna Elementary,5/15/2025,10020,Bagel (Bagel),4,0,4,4,3,0,3,$0.96,0,0.00%,$0.00,$0.96,1,25.00%,$0.32,$1.28
Vienna Elementary,5/15/2025,10040,Blueberry Muffin Top (Muffin Top),0,0,0,8,3,0,3,$1.26,0,0.00%,$0.00,$1.26,5,62.50%,$2.10,$3.36
Vienna Elementary,5/15/2025,10041,Mini Maple Pancakes (Package),16,2,18,20,17,0,17,$6.63,0,0.00%,$0.00,$6.63,3,15.00%,$1.17,$7.80
Vienna Elementary,5/15/2025,20001,1% White Milk (Each),3,0,3,6,1,0,1,$0.36,0,0.00%,$0.00,$0.36,5,83.33%,$1.80,$2.16
Vienna Elementary,5/15/2025,20009,Cream Cheese (Each),4,0,4,4,3,0,3,$0.87,0,0.00%,$0.00,$0.87,1,25.00%,$0.29,$1.16
Vienna Elementary,5/15/2025,20014,Red Delicious Apple (Each - serving),10,0,10,12,4,1,5,$1.65,0,0.00%,$0.00,$1.65,7,58.33%,$2.31,$3.96
Vienna Elementary,5/15/2025,20016,String Cheese (1 Stick),0,0,0,18,7,0,7,$1.54,0,0.00%,$0.00,$1.54,11,61.11%,$2.42,$3.96
Vienna Elementary,5/15/2025,20017,Orange (6 Slices per 1/2 cup),10,0,10,10,10,0,10,$3.40,0,0.00%,$0.00,$3.40,0,0.00%,$0.00,$3.40
Vienna Elementary,5/15/2025,20031,Banana (Each),12,0,12,15,10,1,11,$2.31,0,0.00%,$0.00,$2.31,4,26.67%,$0.84,$3.15
Vienna Elementary,5/15/2025,20038,Fat Free White Milk (Each),3,0,3,6,2,0,2,$0.66,0,0.00%,$0.00,$0.66,4,66.67%,$1.32,$1.98
Vienna Elementary,5/15/2025,30003,Honey Cheerios Cereal (Each),2,0,2,5,0,0,0,$0.00,1,20.00%,$0.00,$0.00,4,80.00%,$0.00,$0.00
Vienna Elementary,5/15/2025,30004,Blueberry Chex Cereal (Each),2,0,2,6,2,0,2,$1.18,0,0.00%,$0.00,$1.18,4,66.67%,$2.36,$3.54
Vienna Elementary,5/15/2025,30006,Cinnamon Chex Cereal (Each),2,0,2,6,1,0,1,$0.59,0,0.00%,$0.00,$0.59,5,83.33%,$2.95,$3.54
Vienna Elementary,5/15/2025,30007,"Cinnamon Toast Crunch Cereal, 25% Less Sugar (Each)",3,0,3,5,4,0,4,$2.36,0,0.00%,$0.00,$2.36,1,20.00%,$0.59,$2.95
Vienna Elementary,5/15/2025,30008,Apple Juice (Each),18,4,22,27,21,2,23,$3.91,0,0.00%,$0.00,$3.91,4,14.81%,$0.68,$4.59
Vienna Elementary,5/15/2025,30009,Orange Tangerine Juice (Each),15,3,18,25,11,1,12,$2.04,0,0.00%,$0.00,$2.04,13,52.00%,$2.21,$4.25
Vienna Elementary,5/15/2025,30068,Chilled Peaches (1/2 cup (drained)),0,0,0,0,0,0,0,$0.00,0,0.00%,$0.00,$0.00,0,0.00%,$0.00,$0.00
Vienna Elementary,5/15/2025,60096,Strawberry Parfait (Parfait),4,0,4,4,1,0,1,$0.99,0,0.00%,$0.00,$0.99,3,75.00%,$2.97,$3.96
Vienna Elementary,5/15/2025,60125,Egg and American Cheese on Biscuit (Sandwich),4,0,4,3,2,1,3,$1.41,0,0.00%,$0.00,$1.41,0,0.00%,$0.00,$1.41
Vienna Elementary,5/15/2025,60162,Chicken & Biscuit Sandwich (Sandwich),0,0,0,1,1,0,1,$0.53,0,0.00%,$0.00,$0.53,0,0.00%,$0.00,$0.53
Vienna Elementary,5/15/2025,60178,Apple Cinnamon Bread (Grain for entree) (1 square),0,0,0,10,4,3,7,$2.87,0,0.00%,$0.00,$2.87,3,30.00%,$1.23,$4.10
Virginia Run Elementary,5/15/2025,10041,Mini Maple Pancakes (Package),68,0,68,90,90,0,90,$35.10,0,0.00%,$0.00,$35.10,0,0.00%,$0.00,$35.10
Virginia Run Elementary,5/15/2025,20001,1% White Milk (Each),125,0,125,120,100,0,100,$36.00,0,0.00%,$0.00,$36.00,20,16.67%,$7.20,$43.20
Virginia Run Elementary,5/15/2025,20038,Fat Free White Milk (Each),29,0,29,48,9,0,9,$2.97,0,0.00%,$0.00,$2.97,39,81.25%,$12.87,$15.84
Virginia Run Elementary,5/15/2025,20043,"Lactose Free, White Milk (Each)",0,0,0,3,3,0,3,$1.74,0,0.00%,$0.00,$1.74,0,0.00%,$0.00,$1.74
Virginia Run Elementary,5/15/2025,30003,Honey Cheerios Cereal (Each),51,0,51,36,22,0,22,$12.98,1,2.78%,$0.59,$13.57,13,36.11%,$7.67,$21.24
Virginia Run Elementary,5/15/2025,30004,Blueberry Chex Cereal (Each),12,0,12,18,6,0,6,$3.54,0,0.00%,$0.00,$3.54,12,66.67%,$7.08,$10.62
Virginia Run Elementary,5/15/2025,30006,Cinnamon Chex Cereal (Each),5,0,5,36,24,0,24,$14.16,0,0.00%,$0.00,$14.16,12,33.33%,$7.08,$21.24
Virginia Run Elementary,5/15/2025,30007,"Cinnamon Toast Crunch Cereal, 25% Less Sugar (Each)",69,0,69,54,40,0,40,$23.60,1,1.85%,$0.59,$24.19,13,24.07%,$7.67,$31.86
Virginia Run Elementary,5/15/2025,30008,Apple Juice (Each),184,0,184,160,136,0,136,$23.12,0,0.00%,$0.00,$23.12,24,15.00%,$4.08,$27.20
Virginia Run Elementary,5/15/2025,30009,Orange Tangerine Juice (Each),54,0,54,65,35,0,35,$5.95,0,0.00%,$0.00,$5.95,30,46.15%,$5.10,$11.05
Virginia Run Elementary,5/15/2025,30068,Chilled Peaches (1/2 cup (drained)),17,0,17,18,18,0,18,$9.18,0,0.00%,$0.00,$9.18,0,0.00%,$0.00,$9.18
Virginia Run Elementary,5/15/2025,60004,Egg and American Cheese on English Muffin (Sandwich),0,0,0,14,13,0,13,$6.63,1,7.14%,$0.51,$7.14,0,0.00%,$0.00,$7.14
Virginia Run Elementary,5/15/2025,60099,"Parfait, Triple Berry (Parfait)",0,0,0,6,5,0,5,$3.40,0,0.00%,$0.00,$3.40,1,16.67%,$0.68,$4.08
WESTFIELD HS,5/15/2025,10020,Bagel (Bagel),0,0,0,113,109,4,113,$36.16,0,0.00%,$0.00,$36.16,0,0.00%,$0.00,$36.16
WESTFIELD HS,5/15/2025,10041,Mini Maple Pancakes (Package),83,0,83,89,74,2,76,$29.64,0,0.00%,$0.00,$29.64,13,14.61%,$5.07,$34.71
WESTFIELD HS,5/15/2025,20001,1% White Milk (Each),30,0,30,54,32,0,32,$11.52,0,0.00%,$0.00,$11.52,22,40.74%,$7.92,$19.44
WESTFIELD HS,5/15/2025,20009,Cream Cheese (Each),0,0,0,116,109,4,113,$32.77,0,0.00%,$0.00,$32.77,3,2.59%,$0.87,$33.64
WESTFIELD HS,5/15/2025,20031,Banana (Each),44,0,44,60,47,0,47,$9.87,0,0.00%,$0.00,$9.87,13,21.67%,$2.73,$12.60
WESTFIELD HS,5/15/2025,20038,Fat Free White Milk (Each),12,0,12,51,23,0,23,$7.59,0,0.00%,$0.00,$7.59,28,54.90%,$9.24,$16.83
WESTFIELD HS,5/15/2025,30003,Honey Cheerios Cereal (Each),8,0,8,8,7,0,7,$4.13,0,0.00%,$0.00,$4.13,1,12.50%,$0.59,$4.72
WESTFIELD HS,5/15/2025,30006,Cinnamon Chex Cereal (Each),25,0,25,34,31,2,33,$19.47,0,0.00%,$0.00,$19.47,1,2.94%,$0.59,$20.06
WESTFIELD HS,5/15/2025,30009,Orange Tangerine Juice (Each),284,0,284,310,273,6,279,$47.43,0,0.00%,$0.00,$47.43,31,10.00%,$5.27,$52.70
WESTFIELD HS,5/15/2025,30097,Bottled Water (Bottle),0,0,0,12,0,9,9,$0.00,0,0.00%,$0.00,$0.00,3,25.00%,$0.00,$0.00
WESTFIELD HS,5/15/2025,60096,Strawberry Parfait (Parfait),61,0,61,50,48,1,49,$48.51,0,0.00%,$0.00,$48.51,1,2.00%,$0.99,$49.50
WESTFIELD HS,5/15/2025,60125,Egg and American Cheese on Biscuit (Sandwich),24,0,24,31,26,4,30,$14.10,0,0.00%,$0.00,$14.10,1,3.23%,$0.47,$14.57
Wakefield Forest Elementary,5/15/2025,10041,Mini Maple Pancakes (Package),21,0,21,15,15,0,15,$5.85,0,0.00%,$0.00,$5.85,0,0.00%,$0.00,$5.85
Wakefield Forest Elementary,5/15/2025,20001,1% White Milk (Each),6,0,6,18,13,0,13,$4.68,0,0.00%,$0.00,$4.68,5,27.78%,$1.80,$6.48
Wakefield Forest Elementary,5/15/2025,20014,Red Delicious Apple (Each - serving),12,0,12,12,0,0,0,$0.00,0,0.00%,$0.00,$0.00,12,100.00%,$0.00,$0.00
Wakefield Forest Elementary,5/15/2025,30003,Honey Cheerios Cereal (Each),6,0,6,12,12,0,12,$7.08,0,0.00%,$0.00,$7.08,0,0.00%,$0.00,$7.08
Wakefield Forest Elementary,5/15/2025,30004,Blueberry Chex Cereal (Each),5,0,5,8,1,0,1,$0.59,0,0.00%,$0.00,$0.59,7,87.50%,$4.13,$4.72
Wakefield Forest Elementary,5/15/2025,30007,"Cinnamon Toast Crunch Cereal, 25% Less Sugar (Each)",5,0,5,8,8,0,8,$4.72,0,0.00%,$0.00,$4.72,0,0.00%,$0.00,$4.72
Wakefield Forest Elementary,5/15/2025,30008,Apple Juice (Each),18,0,18,26,26,0,26,$4.42,0,0.00%,$0.00,$4.42,0,0.00%,$0.00,$4.42
Wakefield Forest Elementary,5/15/2025,30009,Orange Tangerine Juice (Each),12,0,12,26,19,0,19,$3.23,0,0.00%,$0.00,$3.23,7,26.92%,$1.19,$4.42
Wakefield Forest Elementary,5/15/2025,60011,Turkey Sausage Breakfast Biscuit (Sandwich),0,0,0,1,1,0,1,$0.44,0,0.00%,$0.00,$0.44,0,0.00%,$0.00,$0.44
Wakefield Forest Elementary,5/15/2025,60068,Biscuit (Biscuit),0,0,0,3,1,0,1,$0.21,2,66.67%,$0.42,$0.63,0,0.00%,$0.00,$0.63
Wakefield Forest Elementary,5/15/2025,60099,"Parfait, Triple Berry (Parfait)",0,0,0,1,0,0,0,$0.00,1,100.00%,$0.00,$0.00,0,0.00%,$0.00,$0.00
Wakefield Forest Elementary,5/15/2025,60162,Chicken & Biscuit Sandwich (Sandwich),0,0,0,6,6,0,6,$3.18,0,0.00%,$0.00,$3.18,0,0.00%,$0.00,$3.18
Waples Mill Elementary,5/15/2025,10041,Mini Maple Pancakes (Package),40,5,45,37,27,0,27,$10.53,0,0.00%,$0.00,$10.53,10,27.03%,$3.90,$14.43
Waples Mill Elementary,5/15/2025,20001,1% White Milk (Each),35,5,40,12,10,0,10,$3.60,0,0.00%,$0.00,$3.60,2,16.67%,$0.72,$4.32
Waples Mill Elementary,5/15/2025,20017,Orange (6 Slices per 1/2 cup),8,2,10,10,2,0,2,$0.68,0,0.00%,$0.00,$0.68,8,80.00%,$2.72,$3.40
Waples Mill Elementary,5/15/2025,20038,Fat Free White Milk (Each),20,5,25,8,8,0,8,$2.64,0,0.00%,$0.00,$2.64,0,0.00%,$0.00,$2.64
Waples Mill Elementary,5/15/2025,30003,Honey Cheerios Cereal (Each),5,2,7,6,6,0,6,$3.54,0,0.00%,$0.00,$3.54,0,0.00%,$0.00,$3.54
Waples Mill Elementary,5/15/2025,30006,Cinnamon Chex Cereal (Each),5,2,7,6,6,0,6,$3.54,0,0.00%,$0.00,$3.54,0,0.00%,$0.00,$3.54
Waples Mill Elementary,5/15/2025,30007,"Cinnamon Toast Crunch Cereal, 25% Less Sugar (Each)",10,5,15,12,8,0,8,$4.72,0,0.00%,$0.00,$4.72,4,33.33%,$2.36,$7.08
Waples Mill Elementary,5/15/2025,30008,Apple Juice (Each),35,5,40,40,31,0,31,$5.27,0,0.00%,$0.00,$5.27,9,22.50%,$1.53,$6.80
Waples Mill Elementary,5/15/2025,30009,Orange Tangerine Juice (Each),50,5,55,6,6,0,6,$1.02,0,0.00%,$0.00,$1.02,0,0.00%,$0.00,$1.02
Waples Mill Elementary,5/15/2025,30068,Chilled Peaches (1/2 cup (drained)),15,0,15,0,0,0,0,$0.00,0,0.00%,$0.00,$0.00,0,0.00%,$0.00,$0.00
Waples Mill Elementary,5/15/2025,60096,Strawberry Parfait (Parfait),5,1,6,2,2,0,2,$1.98,0,0.00%,$0.00,$1.98,0,0.00%,$0.00,$1.98
Washington Mill Elementary,5/15/2025,10041,Mini Maple Pancakes (Package),218,0,218,230,230,0,230,$89.70,0,0.00%,$0.00,$89.70,0,0.00%,$0.00,$89.70
Washington Mill Elementary,5/15/2025,20001,1% White Milk (Each),64,0,64,80,80,0,80,$28.80,0,0.00%,$0.00,$28.80,0,0.00%,$0.00,$28.80
Washington Mill Elementary,5/15/2025,20031,Banana (Each),27,0,27,15,15,0,15,$3.15,0,0.00%,$0.00,$3.15,0,0.00%,$0.00,$3.15
Washington Mill Elementary,5/15/2025,20038,Fat Free White Milk (Each),13,0,13,24,24,0,24,$7.92,0,0.00%,$0.00,$7.92,0,0.00%,$0.00,$7.92
Washington Mill Elementary,5/15/2025,30003,Honey Cheerios Cereal (Each),111,0,111,99,99,0,99,$58.41,0,0.00%,$0.00,$58.41,0,0.00%,$0.00,$58.41
Washington Mill Elementary,5/15/2025,30006,Cinnamon Chex Cereal (Each),81,0,81,18,18,0,18,$10.62,0,0.00%,$0.00,$10.62,0,0.00%,$0.00,$10.62
Washington Mill Elementary,5/15/2025,30009,Orange Tangerine Juice (Each),327,0,327,341,341,0,341,$57.97,0,0.00%,$0.00,$57.97,0,0.00%,$0.00,$57.97
Washington Mill Elementary,5/15/2025,30068,Chilled Peaches (1/2 cup (drained)),18,0,18,18,18,0,18,$9.18,0,0.00%,$0.00,$9.18,0,0.00%,$0.00,$9.18
Washington Mill Elementary,5/15/2025,60096,Strawberry Parfait (Parfait),12,0,12,12,12,0,12,$11.88,0,0.00%,$0.00,$11.88,0,0.00%,$0.00,$11.88
Waynewood Elementary,5/15/2025,10020,Bagel (Bagel),0,0,0,20,17,0,17,$5.44,0,0.00%,$0.00,$5.44,3,15.00%,$0.96,$6.40
Waynewood Elementary,5/15/2025,10041,Mini Maple Pancakes (Package),41,0,41,20,18,0,18,$7.02,0,0.00%,$0.00,$7.02,2,10.00%,$0.78,$7.80
Waynewood Elementary,5/15/2025,20001,1% White Milk (Each),6,0,6,10,6,0,6,$2.16,0,0.00%,$0.00,$2.16,4,40.00%,$1.44,$3.60
Waynewood Elementary,5/15/2025,20014,Red Delicious Apple (Each - serving),7,0,7,20,10,0,10,$3.30,0,0.00%,$0.00,$3.30,10,50.00%,$3.30,$6.60
Waynewood Elementary,5/15/2025,20017,Orange (6 Slices per 1/2 cup),10,0,10,10,2,0,2,$0.68,0,0.00%,$0.00,$0.68,8,80.00%,$2.72,$3.40
Waynewood Elementary,5/15/2025,20031,Banana (Each),31,0,31,0,0,0,0,$0.00,0,0.00%,$0.00,$0.00,0,0.00%,$0.00,$0.00
Waynewood Elementary,5/15/2025,20038,Fat Free White Milk (Each),3,0,3,5,2,0,2,$0.66,0,0.00%,$0.00,$0.66,3,60.00%,$0.99,$1.65
Waynewood Elementary,5/15/2025,30003,Honey Cheerios Cereal (Each),10,0,10,10,6,0,6,$3.54,0,0.00%,$0.00,$3.54,4,40.00%,$2.36,$5.90
Waynewood Elementary,5/15/2025,30004,Blueberry Chex Cereal (Each),5,0,5,10,6,0,6,$3.54,0,0.00%,$0.00,$3.54,4,40.00%,$2.36,$5.90
Waynewood Elementary,5/15/2025,30006,Cinnamon Chex Cereal (Each),7,0,7,10,6,0,6,$3.54,0,0.00%,$0.00,$3.54,4,40.00%,$2.36,$5.90
Waynewood Elementary,5/15/2025,30007,"Cinnamon Toast Crunch Cereal, 25% Less Sugar (Each)",9,0,9,0,0,0,0,$0.00,0,0.00%,$0.00,$0.00,0,0.00%,$0.00,$0.00
Waynewood Elementary,5/15/2025,30008,Apple Juice (Each),54,0,54,40,40,0,40,$6.80,0,0.00%,$0.00,$6.80,0,0.00%,$0.00,$6.80
Waynewood Elementary,5/15/2025,30009,Orange Tangerine Juice (Each),28,0,28,40,24,0,24,$4.08,0,0.00%,$0.00,$4.08,16,40.00%,$2.72,$6.80
Waynewood Elementary,5/15/2025,60096,Strawberry Parfait (Parfait),5,0,5,6,1,0,1,$0.99,0,0.00%,$0.00,$0.99,5,83.33%,$4.95,$5.94
Waynewood Elementary,5/15/2025,60125,Egg and American Cheese on Biscuit (Sandwich),15,0,15,10,7,0,7,$3.29,0,0.00%,$0.00,$3.29,3,30.00%,$1.41,$4.70
West Potomac High,5/15/2025,10041,Mini Maple Pancakes (Package),218,0,218,260,238,0,238,$92.82,0,0.00%,$0.00,$92.82,22,8.46%,$8.58,$101.40
West Potomac High,5/15/2025,20001,1% White Milk (Each),156,0,156,399,189,0,189,$68.04,0,0.00%,$0.00,$68.04,210,52.63%,$75.60,$143.64
West Potomac High,5/15/2025,20014,Red Delicious Apple (Each - serving),318,0,318,0,0,0,0,$0.00,0,0.00%,$0.00,$0.00,0,0.00%,$0.00,$0.00
West Potomac High,5/15/2025,20017,Orange (6 Slices per 1/2 cup),0,0,0,0,0,0,0,$0.00,0,0.00%,$0.00,$0.00,0,0.00%,$0.00,$0.00
West Potomac High,5/15/2025,20031,Banana (Each),306,0,306,450,252,0,252,$52.92,0,0.00%,$0.00,$52.92,198,44.00%,$41.58,$94.50
West Potomac High,5/15/2025,20038,Fat Free White Milk (Each),9,0,9,50,3,0,3,$0.99,0,0.00%,$0.00,$0.99,47,94.00%,$15.51,$16.50
West Potomac High,5/15/2025,30003,Honey Cheerios Cereal (Each),51,0,51,70,31,0,31,$18.29,0,0.00%,$0.00,$18.29,39,55.71%,$23.01,$41.30
West Potomac High,5/15/2025,30004,Blueberry Chex Cereal (Each),18,0,18,20,0,0,0,$0.00,0,0.00%,$0.00,$0.00,20,100.00%,$0.00,$0.00
West Potomac High,5/15/2025,30006,Cinnamon Chex Cereal (Each),38,0,38,60,30,0,30,$17.70,0,0.00%,$0.00,$17.70,30,50.00%,$17.70,$35.40
West Potomac High,5/15/2025,30007,"Cinnamon Toast Crunch Cereal, 25% Less Sugar (Each)",43,0,43,75,47,0,47,$27.73,0,0.00%,$0.00,$27.73,28,37.33%,$16.52,$44.25
West Potomac High,5/15/2025,30008,Apple Juice (Each),452,0,452,0,0,0,0,$0.00,0,0.00%,$0.00,$0.00,0,0.00%,$0.00,$0.00
West Potomac High,5/15/2025,30009,Orange Tangerine Juice (Each),0,0,0,450,349,0,349,$59.33,0,0.00%,$0.00,$59.33,101,22.44%,$17.17,$76.50
West Potomac High,5/15/2025,60096,Strawberry Parfait (Parfait),44,0,44,15,3,0,3,$2.97,0,0.00%,$0.00,$2.97,12,80.00%,$11.88,$14.85
West Potomac High,5/15/2025,60125,Egg and American Cheese on Biscuit (Sandwich),105,0,105,260,238,0,238,$111.86,0,0.00%,$0.00,$111.86,22,8.46%,$10.34,$122.20
West Springfield Elementary,5/15/2025,10021,Apple Cinnamon Bread (1oz Grain (1/64 Baked Pan)),0,0,0,21,9,0,9,$3.69,0,0.00%,$0.00,$3.69,12,57.14%,$4.92,$8.61
West Springfield Elementary,5/15/2025,10041,Mini Maple Pancakes (Package),23,0,23,27,23,0,23,$8.97,0,0.00%,$0.00,$8.97,4,14.81%,$1.56,$10.53
West Springfield Elementary,5/15/2025,20001,1% White Milk (Each),3,0,3,55,1,0,1,$0.36,0,0.00%,$0.00,$0.36,54,98.18%,$19.44,$19.80
West Springfield Elementary,5/15/2025,20014,Red Delicious Apple (Each - serving),3,0,3,12,2,0,2,$0.66,0,0.00%,$0.00,$0.66,10,83.33%,$3.30,$3.96
West Springfield Elementary,5/15/2025,20017,Orange (6 Slices per 1/2 cup),1,0,1,17,1,0,1,$0.34,0,0.00%,$0.00,$0.34,16,94.12%,$5.44,$5.78
West Springfield Elementary,5/15/2025,20031,Banana (Each),2,0,2,15,4,0,4,$0.84,0,0.00%,$0.00,$0.84,11,73.33%,$2.31,$3.15
West Springfield Elementary,5/15/2025,20038,Fat Free White Milk (Each),0,0,0,23,2,0,2,$0.66,0,0.00%,$0.00,$0.66,21,91.30%,$6.93,$7.59
West Springfield Elementary,5/15/2025,30003,Honey Cheerios Cereal (Each),8,0,8,6,6,0,6,$3.54,0,0.00%,$0.00,$3.54,0,0.00%,$0.00,$3.54
West Springfield Elementary,5/15/2025,30004,Blueberry Chex Cereal (Each),7,0,7,6,1,0,1,$0.59,0,0.00%,$0.00,$0.59,5,83.33%,$2.95,$3.54
West Springfield Elementary,5/15/2025,30006,Cinnamon Chex Cereal (Each),5,0,5,6,2,0,2,$1.18,0,0.00%,$0.00,$1.18,4,66.67%,$2.36,$3.54
West Springfield Elementary,5/15/2025,30007,"Cinnamon Toast Crunch Cereal, 25% Less Sugar (Each)",8,0,8,6,4,0,4,$2.36,0,0.00%,$0.00,$2.36,2,33.33%,$1.18,$3.54
West Springfield Elementary,5/15/2025,30008,Apple Juice (Each),31,0,31,59,37,0,37,$6.29,0,0.00%,$0.00,$6.29,22,37.29%,$3.74,$10.03
West Springfield Elementary,5/15/2025,30009,Orange Tangerine Juice (Each),10,0,10,24,15,0,15,$2.55,0,0.00%,$0.00,$2.55,9,37.50%,$1.53,$4.08
West Springfield Elementary,5/15/2025,60034,Mandarin Orange Parfait (Parfait),0,0,0,2,0,0,0,$0.00,0,0.00%,$0.00,$0.00,2,100.00%,$0.00,$0.00
West Springfield Elementary,5/15/2025,60125,Egg and American Cheese on Biscuit (Sandwich),3,0,3,6,1,0,1,$0.47,0,0.00%,$0.00,$0.47,5,83.33%,$2.35,$2.82
West Springfield Elementary,5/15/2025,60164,"Sandwich, Breakfast. Bagel, Turkey Sausage (Sandwich)",0,0,0,6,1,0,1,$0.54,0,0.00%,$0.00,$0.54,5,83.33%,$2.70,$3.24
West Springfield High,5/15/2025,10020,Bagel (Bagel),50,0,50,50,41,5,46,$14.72,0,0.00%,$0.00,$14.72,4,8.00%,$1.28,$16.00
West Springfield High,5/15/2025,10041,Mini Maple Pancakes (Package),50,0,50,55,43,10,53,$20.67,0,0.00%,$0.00,$20.67,2,3.64%,$0.78,$21.45
West Springfield High,5/15/2025,20001,1% White Milk (Each),50,0,50,50,24,4,28,$10.08,0,0.00%,$0.00,$10.08,22,44.00%,$7.92,$18.00
West Springfield High,5/15/2025,20008,Apple Slices (3 slices per 1/4 cup),20,0,20,25,20,3,23,$13.57,0,0.00%,$0.00,$13.57,2,8.00%,$1.18,$14.75
West Springfield High,5/15/2025,20009,Cream Cheese (Each),50,0,50,50,41,5,46,$13.34,0,0.00%,$0.00,$13.34,4,8.00%,$1.16,$14.50
West Springfield High,5/15/2025,20031,Banana (Each),10,0,10,10,8,2,10,$2.10,0,0.00%,$0.00,$2.10,0,0.00%,$0.00,$2.10
West Springfield High,5/15/2025,20038,Fat Free White Milk (Each),50,0,50,50,5,1,6,$1.98,0,0.00%,$0.00,$1.98,44,88.00%,$14.52,$16.50
West Springfield High,5/15/2025,30003,Honey Cheerios Cereal (Each),8,0,8,8,1,1,2,$1.18,0,0.00%,$0.00,$1.18,6,75.00%,$3.54,$4.72
West Springfield High,5/15/2025,30004,Blueberry Chex Cereal (Each),6,0,6,6,2,1,3,$1.77,0,0.00%,$0.00,$1.77,3,50.00%,$1.77,$3.54
West Springfield High,5/15/2025,30006,Cinnamon Chex Cereal (Each),6,0,6,6,5,1,6,$3.54,0,0.00%,$0.00,$3.54,0,0.00%,$0.00,$3.54
West Springfield High,5/15/2025,30007,"Cinnamon Toast Crunch Cereal, 25% Less Sugar (Each)",10,0,10,12,11,1,12,$7.08,0,0.00%,$0.00,$7.08,0,0.00%,$0.00,$7.08
West Springfield High,5/15/2025,30008,Apple Juice (Each),120,0,120,140,98,30,128,$21.76,0,0.00%,$0.00,$21.76,12,8.57%,$2.04,$23.80
West Springfield High,5/15/2025,30009,Orange Tangerine Juice (Each),40,0,40,40,31,5,36,$6.12,0,0.00%,$0.00,$6.12,4,10.00%,$0.68,$6.80
West Springfield High,5/15/2025,30046,Granola (1/4 cup),11,0,11,13,11,1,12,$2.76,0,0.00%,$0.00,$2.76,1,7.69%,$0.23,$2.99
West Springfield High,5/15/2025,30051,Natural Grape Jam (Packet),10,0,10,10,4,0,4,$0.36,0,0.00%,$0.00,$0.36,6,60.00%,$0.54,$0.90
West Springfield High,5/15/2025,30093,Natural Breakfast Syrup (Each),50,0,50,50,25,5,30,$6.00,0,0.00%,$0.00,$6.00,20,40.00%,$4.00,$10.00
West Springfield High,5/15/2025,60096,Strawberry Parfait (Parfait),11,0,11,13,11,1,12,$11.88,0,0.00%,$0.00,$11.88,1,7.69%,$0.99,$12.87
West Springfield High,5/15/2025,60125,Egg and American Cheese on Biscuit (Sandwich),20,0,20,25,12,1,13,$6.11,0,0.00%,$0.00,$6.11,12,48.00%,$5.64,$11.75
Westbriar Elementary,5/15/2025,10041,Mini Maple Pancakes (Package),0,0,0,0,0,0,0,$0.00,0,0.00%,$0.00,$0.00,0,0.00%,$0.00,$0.00
Westbriar Elementary,5/15/2025,20001,1% White Milk (Each),7,0,7,10,6,0,6,$2.16,0,0.00%,$0.00,$2.16,4,40.00%,$1.44,$3.60
Westbriar Elementary,5/15/2025,20016,String Cheese (1 Stick),0,0,0,15,9,0,9,$1.98,0,0.00%,$0.00,$1.98,6,40.00%,$1.32,$3.30
Westbriar Elementary,5/15/2025,20031,Banana (Each),16,0,16,20,16,0,16,$3.36,0,0.00%,$0.00,$3.36,4,20.00%,$0.84,$4.20
Westbriar Elementary,5/15/2025,20038,Fat Free White Milk (Each),7,0,7,10,4,0,4,$1.32,0,0.00%,$0.00,$1.32,6,60.00%,$1.98,$3.30
Westbriar Elementary,5/15/2025,30003,Honey Cheerios Cereal (Each),6,0,6,10,6,0,6,$3.54,0,0.00%,$0.00,$3.54,4,40.00%,$2.36,$5.90
Westbriar Elementary,5/15/2025,30004,Blueberry Chex Cereal (Each),5,0,5,10,6,0,6,$3.54,0,0.00%,$0.00,$3.54,4,40.00%,$2.36,$5.90
Westbriar Elementary,5/15/2025,30006,Cinnamon Chex Cereal (Each),6,0,6,10,5,0,5,$2.95,0,0.00%,$0.00,$2.95,5,50.00%,$2.95,$5.90
Westbriar Elementary,5/15/2025,30007,"Cinnamon Toast Crunch Cereal, 25% Less Sugar (Each)",6,0,6,10,6,0,6,$3.54,0,0.00%,$0.00,$3.54,4,40.00%,$2.36,$5.90
Westbriar Elementary,5/15/2025,30008,Apple Juice (Each),17,0,17,15,15,0,15,$2.55,0,0.00%,$0.00,$2.55,0,0.00%,$0.00,$2.55
Westbriar Elementary,5/15/2025,30009,Orange Tangerine Juice (Each),15,0,15,20,14,0,14,$2.38,0,0.00%,$0.00,$2.38,6,30.00%,$1.02,$3.40
Westbriar Elementary,5/15/2025,30068,Chilled Peaches (1/2 cup (drained)),0,0,0,0,0,0,0,$0.00,0,0.00%,$0.00,$0.00,0,0.00%,$0.00,$0.00
Westbriar Elementary,5/15/2025,60125,Egg and American Cheese on Biscuit (Sandwich),15,0,15,10,2,0,2,$0.94,8,80.00%,$3.76,$4.70,0,0.00%,$0.00,$4.70
Westbriar Elementary,5/15/2025,60178,Apple Cinnamon Bread (Grain for entree) (1 square),0,0,0,15,9,0,9,$3.69,6,40.00%,$2.46,$6.15,0,0.00%,$0.00,$6.15
Westgate Elementary,5/15/2025,10041,Mini Maple Pancakes (Package),90,0,90,93,91,0,91,$35.49,0,0.00%,$0.00,$35.49,2,2.15%,$0.78,$36.27
Westgate Elementary,5/15/2025,20001,1% White Milk (Each),35,0,35,41,23,0,23,$8.28,0,0.00%,$0.00,$8.28,18,43.90%,$6.48,$14.76
Westgate Elementary,5/15/2025,20008,Apple Slices (3 slices per 1/4 cup),0,0,0,10,9,0,9,$5.31,0,0.00%,$0.00,$5.31,1,10.00%,$0.59,$5.90
Westgate Elementary,5/15/2025,20017,Orange (6 Slices per 1/2 cup),10,0,10,11,10,0,10,$3.40,0,0.00%,$0.00,$3.40,1,9.09%,$0.34,$3.74
Westgate Elementary,5/15/2025,20031,Banana (Each),14,0,14,20,18,0,18,$3.78,0,0.00%,$0.00,$3.78,2,10.00%,$0.42,$4.20
Westgate Elementary,5/15/2025,20038,Fat Free White Milk (Each),7,0,7,12,7,0,7,$2.31,0,0.00%,$0.00,$2.31,5,41.67%,$1.65,$3.96
Westgate Elementary,5/15/2025,20043,"Lactose Free, White Milk (Each)",2,0,2,2,2,0,2,$1.16,0,0.00%,$0.00,$1.16,0,0.00%,$0.00,$1.16
Westgate Elementary,5/15/2025,30003,Honey Cheerios Cereal (Each),18,0,18,24,11,0,11,$6.49,0,0.00%,$0.00,$6.49,13,54.17%,$7.67,$14.16
Westgate Elementary,5/15/2025,30004,Blueberry Chex Cereal (Each),5,0,5,12,5,0,5,$2.95,0,0.00%,$0.00,$2.95,7,58.33%,$4.13,$7.08
Westgate Elementary,5/15/2025,30006,Cinnamon Chex Cereal (Each),4,0,4,12,8,0,8,$4.72,0,0.00%,$0.00,$4.72,4,33.33%,$2.36,$7.08
Westgate Elementary,5/15/2025,30007,"Cinnamon Toast Crunch Cereal, 25% Less Sugar (Each)",19,0,19,24,8,0,8,$4.72,1,4.17%,$0.59,$5.31,15,62.50%,$8.85,$14.16
Westgate Elementary,5/15/2025,30008,Apple Juice (Each),85,0,85,120,85,0,85,$14.45,0,0.00%,$0.00,$14.45,35,29.17%,$5.95,$20.40
Westgate Elementary,5/15/2025,30009,Orange Tangerine Juice (Each),55,0,55,80,31,0,31,$5.27,0,0.00%,$0.00,$5.27,49,61.25%,$8.33,$13.60
Westgate Elementary,5/15/2025,30051,Natural Grape Jam (Packet),0,0,0,12,2,0,2,$0.18,0,0.00%,$0.00,$0.18,10,83.33%,$0.90,$1.08
Westgate Elementary,5/15/2025,30061,Chilled Mandarin Oranges (1/2 cup (drained)),0,0,0,18,17,0,17,$5.78,0,0.00%,$0.00,$5.78,1,5.56%,$0.34,$6.12
Westgate Elementary,5/15/2025,30093,Natural Breakfast Syrup (Each),0,0,0,18,12,0,12,$2.40,0,0.00%,$0.00,$2.40,6,33.33%,$1.20,$3.60
Westgate Elementary,5/15/2025,60096,Strawberry Parfait (Parfait),6,0,6,8,0,0,0,$0.00,0,0.00%,$0.00,$0.00,8,100.00%,$0.00,$0.00
Westgate Elementary,5/15/2025,60125,Egg and American Cheese on Biscuit (Sandwich),8,0,8,12,12,0,12,$5.64,0,0.00%,$0.00,$5.64,0,0.00%,$0.00,$5.64
Westlawn Elementary,5/15/2025,10041,Mini Maple Pancakes (Package),230,0,230,215,213,0,213,$83.07,0,0.00%,$0.00,$83.07,2,0.93%,$0.78,$83.85
Westlawn Elementary,5/15/2025,20001,1% White Milk (Each),77,0,77,100,71,0,71,$25.56,0,0.00%,$0.00,$25.56,29,29.00%,$10.44,$36.00
Westlawn Elementary,5/15/2025,20014,Red Delicious Apple (Each - serving),0,0,0,0,0,0,0,$0.00,0,0.00%,$0.00,$0.00,0,0.00%,$0.00,$0.00
Westlawn Elementary,5/15/2025,20017,Orange (6 Slices per 1/2 cup),40,0,40,0,0,0,0,$0.00,0,0.00%,$0.00,$0.00,0,0.00%,$0.00,$0.00
Westlawn Elementary,5/15/2025,20031,Banana (Each),61,0,61,60,44,0,44,$9.24,0,0.00%,$0.00,$9.24,16,26.67%,$3.36,$12.60
Westlawn Elementary,5/15/2025,20038,Fat Free White Milk (Each),9,0,9,20,9,0,9,$2.97,0,0.00%,$0.00,$2.97,11,55.00%,$3.63,$6.60
Westlawn Elementary,5/15/2025,20043,"Lactose Free, White Milk (Each)",0,0,0,1,1,0,1,$0.58,0,0.00%,$0.00,$0.58,0,0.00%,$0.00,$0.58
Westlawn Elementary,5/15/2025,30003,Honey Cheerios Cereal (Each),7,0,7,10,7,0,7,$4.13,0,0.00%,$0.00,$4.13,3,30.00%,$1.77,$5.90
Westlawn Elementary,5/15/2025,30004,Blueberry Chex Cereal (Each),3,0,3,10,5,0,5,$2.95,0,0.00%,$0.00,$2.95,5,50.00%,$2.95,$5.90
Westlawn Elementary,5/15/2025,30006,Cinnamon Chex Cereal (Each),6,0,6,10,7,0,7,$4.13,0,0.00%,$0.00,$4.13,3,30.00%,$1.77,$5.90
Westlawn Elementary,5/15/2025,30007,"Cinnamon Toast Crunch Cereal, 25% Less Sugar (Each)",6,0,6,10,9,0,9,$5.31,0,0.00%,$0.00,$5.31,1,10.00%,$0.59,$5.90
Westlawn Elementary,5/15/2025,30009,Orange Tangerine Juice (Each),400,0,400,352,336,0,336,$57.12,0,0.00%,$0.00,$57.12,16,4.55%,$2.72,$59.84
Westlawn Elementary,5/15/2025,30068,Chilled Peaches (1/2 cup (drained)),30,0,30,30,30,0,30,$15.30,0,0.00%,$0.00,$15.30,0,0.00%,$0.00,$15.30
Westlawn Elementary,5/15/2025,60096,Strawberry Parfait (Parfait),29,0,29,25,20,0,20,$19.80,0,0.00%,$0.00,$19.80,5,20.00%,$4.95,$24.75
Westlawn Elementary,5/15/2025,60125,Egg and American Cheese on Biscuit (Sandwich),64,0,64,84,72,0,72,$33.84,0,0.00%,$0.00,$33.84,12,14.29%,$5.64,$39.48
Weyanoke Elementary,5/15/2025,10041,Mini Maple Pancakes (Package),241,0,241,196,196,0,196,$76.44,0,0.00%,$0.00,$76.44,0,0.00%,$0.00,$76.44
Weyanoke Elementary,5/15/2025,20001,1% White Milk (Each),108,0,108,136,93,0,93,$33.48,0,0.00%,$0.00,$33.48,43,31.62%,$15.48,$48.96
Weyanoke Elementary,5/15/2025,20015,Golden Delicious Apple (Each),0,0,0,24,24,0,24,$7.44,0,0.00%,$0.00,$7.44,0,0.00%,$0.00,$7.44
Weyanoke Elementary,5/15/2025,20017,Orange (6 Slices per 1/2 cup),29,0,29,24,18,0,18,$6.12,0,0.00%,$0.00,$6.12,6,25.00%,$2.04,$8.16
Weyanoke Elementary,5/15/2025,20031,Banana (Each),28,0,28,24,23,0,23,$4.83,0,0.00%,$0.00,$4.83,1,4.17%,$0.21,$5.04
Weyanoke Elementary,5/15/2025,20038,Fat Free White Milk (Each),12,0,12,5,5,0,5,$1.65,0,0.00%,$0.00,$1.65,0,0.00%,$0.00,$1.65
Weyanoke Elementary,5/15/2025,20043,"Lactose Free, White Milk (Each)",2,0,2,1,1,0,1,$0.58,0,0.00%,$0.00,$0.58,0,0.00%,$0.00,$0.58
Weyanoke Elementary,5/15/2025,20053,"Egg, Hard Boiled, Bulk pouch (Each)",1,0,1,1,1,0,1,$0.28,0,0.00%,$0.00,$0.28,0,0.00%,$0.00,$0.28
Weyanoke Elementary,5/15/2025,30006,Cinnamon Chex Cereal (Each),10,0,10,54,54,0,54,$31.86,0,0.00%,$0.00,$31.86,0,0.00%,$0.00,$31.86
Weyanoke Elementary,5/15/2025,30008,Apple Juice (Each),246,0,246,167,160,0,160,$27.20,0,0.00%,$0.00,$27.20,7,4.19%,$1.19,$28.39
Weyanoke Elementary,5/15/2025,30009,Orange Tangerine Juice (Each),253,0,253,160,140,0,140,$23.80,0,0.00%,$0.00,$23.80,20,12.50%,$3.40,$27.20
Weyanoke Elementary,5/15/2025,30037,IW Applesauce Cup (Each),1,0,1,1,1,0,1,$0.27,0,0.00%,$0.00,$0.27,0,0.00%,$0.00,$0.27
Weyanoke Elementary,5/15/2025,30061,Chilled Mandarin Oranges (1/2 cup (drained)),0,0,0,36,36,0,36,$12.24,0,0.00%,$0.00,$12.24,0,0.00%,$0.00,$12.24
Weyanoke Elementary,5/15/2025,30093,Natural Breakfast Syrup (Each),0,0,0,160,128,0,128,$25.60,0,0.00%,$0.00,$25.60,32,20.00%,$6.40,$32.00
Weyanoke Elementary,5/15/2025,60099,"Parfait, Triple Berry (Parfait)",0,0,0,12,11,0,11,$7.48,0,0.00%,$0.00,$7.48,1,8.33%,$0.68,$8.16
Weyanoke Elementary,5/15/2025,60165,Egg and American Cheese on Bagel (Sandwich),0,0,0,76,44,0,44,$25.52,0,0.00%,$0.00,$25.52,32,42.11%,$18.56,$44.08
White Oaks Elementary,5/15/2025,10041,Mini Maple Pancakes (Package),86,0,86,110,92,0,92,$35.88,0,0.00%,$0.00,$35.88,18,16.36%,$7.02,$42.90
White Oaks Elementary,5/15/2025,20001,1% White Milk (Each),36,0,36,49,41,0,41,$14.76,0,0.00%,$0.00,$14.76,8,16.33%,$2.88,$17.64
White Oaks Elementary,5/15/2025,20014,Red Delicious Apple (Each - serving),14,0,14,20,15,0,15,$4.95,0,0.00%,$0.00,$4.95,5,25.00%,$1.65,$6.60
White Oaks Elementary,5/15/2025,20043,"Lactose Free, White Milk (Each)",0,0,0,1,1,0,1,$0.58,0,0.00%,$0.00,$0.58,0,0.00%,$0.00,$0.58
White Oaks Elementary,5/15/2025,30006,Cinnamon Chex Cereal (Each),10,0,10,20,10,0,10,$5.90,0,0.00%,$0.00,$5.90,10,50.00%,$5.90,$11.80
White Oaks Elementary,5/15/2025,30007,"Cinnamon Toast Crunch Cereal, 25% Less Sugar (Each)",22,0,22,20,16,0,16,$9.44,0,0.00%,$0.00,$9.44,4,20.00%,$2.36,$11.80
White Oaks Elementary,5/15/2025,30008,Apple Juice (Each),76,0,76,80,72,7,79,$13.43,0,0.00%,$0.00,$13.43,1,1.25%,$0.17,$13.60
White Oaks Elementary,5/15/2025,30009,Orange Tangerine Juice (Each),33,0,33,46,38,0,38,$6.46,0,0.00%,$0.00,$6.46,8,17.39%,$1.36,$7.82
White Oaks Elementary,5/15/2025,30068,Chilled Peaches (1/2 cup (drained)),25,0,25,20,20,0,20,$10.20,0,0.00%,$0.00,$10.20,0,0.00%,$0.00,$10.20
White Oaks Elementary,5/15/2025,60096,Strawberry Parfait (Parfait),4,0,4,5,4,0,4,$3.96,0,0.00%,$0.00,$3.96,1,20.00%,$0.99,$4.95
White Oaks Elementary,5/15/2025,60125,Egg and American Cheese on Biscuit (Sandwich),1,0,1,5,2,0,2,$0.94,3,60.00%,$1.41,$2.35,0,0.00%,$0.00,$2.35
Whitman Middle School,5/15/2025,10041,Mini Maple Pancakes (Package),97,0,97,72,72,0,72,$28.08,0,0.00%,$0.00,$28.08,0,0.00%,$0.00,$28.08
Whitman Middle School,5/15/2025,20001,1% White Milk (Each),12,0,12,90,10,0,10,$3.60,0,0.00%,$0.00,$3.60,80,88.89%,$28.80,$32.40
Whitman Middle School,5/15/2025,20038,Fat Free White Milk (Each),5,0,5,99,5,0,5,$1.65,0,0.00%,$0.00,$1.65,94,94.95%,$31.02,$32.67
Whitman Middle School,5/15/2025,20074,"Apple Slices (3 slices, 1/4 cup)",0,0,0,50,38,0,38,$6.84,0,0.00%,$0.00,$6.84,12,24.00%,$2.16,$9.00
Whitman Middle School,5/15/2025,30003,Honey Cheerios Cereal (Each),40,0,40,24,24,0,24,$14.16,0,0.00%,$0.00,$14.16,0,0.00%,$0.00,$14.16
Whitman Middle School,5/15/2025,30004,Blueberry Chex Cereal (Each),20,0,20,24,24,0,24,$14.16,0,0.00%,$0.00,$14.16,0,0.00%,$0.00,$14.16
Whitman Middle School,5/15/2025,30006,Cinnamon Chex Cereal (Each),17,0,17,24,24,0,24,$14.16,0,0.00%,$0.00,$14.16,0,0.00%,$0.00,$14.16
Whitman Middle School,5/15/2025,30007,"Cinnamon Toast Crunch Cereal, 25% Less Sugar (Each)",20,0,20,24,24,0,24,$14.16,0,0.00%,$0.00,$14.16,0,0.00%,$0.00,$14.16
Whitman Middle School,5/15/2025,30008,Apple Juice (Each),131,0,131,140,140,0,140,$23.80,0,0.00%,$0.00,$23.80,0,0.00%,$0.00,$23.80
Whitman Middle School,5/15/2025,30009,Orange Tangerine Juice (Each),117,0,117,140,122,0,122,$20.74,0,0.00%,$0.00,$20.74,18,12.86%,$3.06,$23.80
Whitman Middle School,5/15/2025,60096,Strawberry Parfait (Parfait),16,0,16,18,12,0,12,$11.88,6,33.33%,$5.94,$17.82,0,0.00%,$0.00,$17.82
Whitman Middle School,5/15/2025,60165,Egg and American Cheese on Bagel (Sandwich),0,0,0,100,100,0,100,$58.00,0,0.00%,$0.00,$58.00,0,0.00%,$0.00,$58.00
Willow Springs Elementary,5/15/2025,10041,Mini Maple Pancakes (Package),49,0,49,24,22,1,23,$8.97,0,0.00%,$0.00,$8.97,1,4.17%,$0.39,$9.36
Willow Springs Elementary,5/15/2025,20001,1% White Milk (Each),11,0,11,18,15,1,16,$5.76,0,0.00%,$0.00,$5.76,2,11.11%,$0.72,$6.48
Willow Springs Elementary,5/15/2025,20014,Red Delicious Apple (Each - serving),21,0,21,30,25,1,26,$8.58,0,0.00%,$0.00,$8.58,4,13.33%,$1.32,$9.90
Willow Springs Elementary,5/15/2025,20018,Red Seedless Grapes (16 grapes per 1/2 cup),0,0,0,10,9,1,10,$5.10,0,0.00%,$0.00,$5.10,0,0.00%,$0.00,$5.10
Willow Springs Elementary,5/15/2025,20031,Banana (Each),12,0,12,20,17,1,18,$3.78,0,0.00%,$0.00,$3.78,2,10.00%,$0.42,$4.20
Willow Springs Elementary,5/15/2025,20038,Fat Free White Milk (Each),7,0,7,10,7,1,8,$2.64,0,0.00%,$0.00,$2.64,2,20.00%,$0.66,$3.30
Willow Springs Elementary,5/15/2025,30006,Cinnamon Chex Cereal (Each),9,0,9,8,7,1,8,$4.72,0,0.00%,$0.00,$4.72,0,0.00%,$0.00,$4.72
Willow Springs Elementary,5/15/2025,30007,"Cinnamon Toast Crunch Cereal, 25% Less Sugar (Each)",9,0,9,20,17,1,18,$10.62,0,0.00%,$0.00,$10.62,2,10.00%,$1.18,$11.80
Willow Springs Elementary,5/15/2025,30008,Apple Juice (Each),31,0,31,40,35,1,36,$6.12,0,0.00%,$0.00,$6.12,4,10.00%,$0.68,$6.80
Willow Springs Elementary,5/15/2025,30009,Orange Tangerine Juice (Each),24,0,24,25,22,1,23,$3.91,0,0.00%,$0.00,$3.91,2,8.00%,$0.34,$4.25
Willow Springs Elementary,5/15/2025,60034,Mandarin Orange Parfait (Parfait),0,0,0,3,2,1,3,$2.97,0,0.00%,$0.00,$2.97,0,0.00%,$0.00,$2.97
Willow Springs Elementary,5/15/2025,60096,Strawberry Parfait (Parfait),5,0,5,4,2,1,3,$2.97,0,0.00%,$0.00,$2.97,1,25.00%,$0.99,$3.96
Willow Springs Elementary,5/15/2025,60125,Egg and American Cheese on Biscuit (Sandwich),11,0,11,25,23,1,24,$11.28,1,4.00%,$0.47,$11.75,0,0.00%,$0.00,$11.75
Wolftrap Elementary,5/15/2025,10041,Mini Maple Pancakes (Package),9,0,9,10,10,0,10,$3.90,0,0.00%,$0.00,$3.90,0,0.00%,$0.00,$3.90
Wolftrap Elementary,5/15/2025,20001,1% White Milk (Each),10,0,10,13,7,0,7,$2.52,0,0.00%,$0.00,$2.52,6,46.15%,$2.16,$4.68
Wolftrap Elementary,5/15/2025,20031,Banana (Each),9,0,9,15,11,0,11,$2.31,0,0.00%,$0.00,$2.31,4,26.67%,$0.84,$3.15
Wolftrap Elementary,5/15/2025,20038,Fat Free White Milk (Each),3,0,3,10,5,0,5,$1.65,0,0.00%,$0.00,$1.65,5,50.00%,$1.65,$3.30
Wolftrap Elementary,5/15/2025,30003,Honey Cheerios Cereal (Each),0,0,0,8,0,0,0,$0.00,0,0.00%,$0.00,$0.00,8,100.00%,$0.00,$0.00
Wolftrap Elementary,5/15/2025,30004,Blueberry Chex Cereal (Each),0,0,0,8,0,0,0,$0.00,0,0.00%,$0.00,$0.00,8,100.00%,$0.00,$0.00
Wolftrap Elementary,5/15/2025,30006,Cinnamon Chex Cereal (Each),1,0,1,11,3,0,3,$1.77,0,0.00%,$0.00,$1.77,8,72.73%,$4.72,$6.49
Wolftrap Elementary,5/15/2025,30007,"Cinnamon Toast Crunch Cereal, 25% Less Sugar (Each)",0,0,0,8,1,0,1,$0.59,0,0.00%,$0.00,$0.59,7,87.50%,$4.13,$4.72
Wolftrap Elementary,5/15/2025,30008,Apple Juice (Each),6,0,6,10,9,0,9,$1.53,0,0.00%,$0.00,$1.53,1,10.00%,$0.17,$1.70
Wolftrap Elementary,5/15/2025,30009,Orange Tangerine Juice (Each),8,0,8,13,8,0,8,$1.36,0,0.00%,$0.00,$1.36,5,38.46%,$0.85,$2.21
Wolftrap Elementary,5/15/2025,30068,Chilled Peaches (1/2 cup (drained)),3,0,3,3,3,0,3,$1.53,0,0.00%,$0.00,$1.53,0,0.00%,$0.00,$1.53
Wolftrap Elementary,5/15/2025,60096,Strawberry Parfait (Parfait),0,0,0,0,0,0,0,$0.00,0,0.00%,$0.00,$0.00,0,0.00%,$0.00,$0.00
Wolftrap Elementary,5/15/2025,60125,Egg and American Cheese on Biscuit (Sandwich),1,0,1,3,0,0,0,$0.00,3,100.00%,$0.00,$0.00,0,0.00%,$0.00,$0.00
Woodburn Elementary,5/15/2025,10041,Mini Maple Pancakes (Package),132,0,132,111,106,0,106,$41.34,0,0.00%,$0.00,$41.34,5,4.50%,$1.95,$43.29
Woodburn Elementary,5/15/2025,20001,1% White Milk (Each),112,0,112,111,88,0,88,$31.68,0,0.00%,$0.00,$31.68,23,20.72%,$8.28,$39.96
Woodburn Elementary,5/15/2025,20031,Banana (Each),150,0,150,125,110,0,110,$23.10,0,0.00%,$0.00,$23.10,15,12.00%,$3.15,$26.25
Woodburn Elementary,5/15/2025,20038,Fat Free White Milk (Each),50,0,50,50,26,0,26,$8.58,0,0.00%,$0.00,$8.58,24,48.00%,$7.92,$16.50
Woodburn Elementary,5/15/2025,30006,Cinnamon Chex Cereal (Each),15,0,15,50,43,0,43,$25.37,0,0.00%,$0.00,$25.37,7,14.00%,$4.13,$29.50
Woodburn Elementary,5/15/2025,30007,"Cinnamon Toast Crunch Cereal, 25% Less Sugar (Each)",15,0,15,50,43,0,43,$25.37,0,0.00%,$0.00,$25.37,7,14.00%,$4.13,$29.50
Woodburn Elementary,5/15/2025,30008,Apple Juice (Each),100,0,100,100,98,0,98,$16.66,0,0.00%,$0.00,$16.66,2,2.00%,$0.34,$17.00
Woodburn Elementary,5/15/2025,30009,Orange Tangerine Juice (Each),100,0,100,102,99,0,99,$16.83,0,0.00%,$0.00,$16.83,3,2.94%,$0.51,$17.34
Woodburn Elementary,5/15/2025,30068,Chilled Peaches (1/2 cup (drained)),12,0,12,11,11,0,11,$5.61,0,0.00%,$0.00,$5.61,0,0.00%,$0.00,$5.61
Woodburn Elementary,5/15/2025,60096,Strawberry Parfait (Parfait),20,0,20,10,7,0,7,$6.93,0,0.00%,$0.00,$6.93,3,30.00%,$2.97,$9.90
Woodburn Elementary,5/15/2025,60125,Egg and American Cheese on Biscuit (Sandwich),20,0,20,12,9,0,9,$4.23,0,0.00%,$0.00,$4.23,3,25.00%,$1.41,$5.64
Woodlawn Elementary,5/15/2025,10041,Mini Maple Pancakes (Package),33,0,33,34,32,0,32,$12.48,0,0.00%,$0.00,$12.48,2,5.88%,$0.78,$13.26
Woodlawn Elementary,5/15/2025,20001,1% White Milk (Each),71,0,71,129,82,0,82,$29.52,0,0.00%,$0.00,$29.52,47,36.43%,$16.92,$46.44
Woodlawn Elementary,5/15/2025,20014,Red Delicious Apple (Each - serving),20,0,20,20,15,0,15,$4.95,0,0.00%,$0.00,$4.95,5,25.00%,$1.65,$6.60
Woodlawn Elementary,5/15/2025,20038,Fat Free White Milk (Each),14,0,14,4,2,0,2,$0.66,0,0.00%,$0.00,$0.66,2,50.00%,$0.66,$1.32
Woodlawn Elementary,5/15/2025,20043,"Lactose Free, White Milk (Each)",5,0,5,5,5,0,5,$2.90,0,0.00%,$0.00,$2.90,0,0.00%,$0.00,$2.90
Woodlawn Elementary,5/15/2025,30003,Honey Cheerios Cereal (Each),36,0,36,4,4,0,4,$2.36,0,0.00%,$0.00,$2.36,0,0.00%,$0.00,$2.36
Woodlawn Elementary,5/15/2025,30006,Cinnamon Chex Cereal (Each),38,0,38,94,55,0,55,$32.45,0,0.00%,$0.00,$32.45,39,41.49%,$23.01,$55.46
Woodlawn Elementary,5/15/2025,30007,"Cinnamon Toast Crunch Cereal, 25% Less Sugar (Each)",49,0,49,5,5,0,5,$2.95,0,0.00%,$0.00,$2.95,0,0.00%,$0.00,$2.95
Woodlawn Elementary,5/15/2025,30008,Apple Juice (Each),57,0,57,80,54,0,54,$9.18,0,0.00%,$0.00,$9.18,26,32.50%,$4.42,$13.60
Woodlawn Elementary,5/15/2025,30009,Orange Tangerine Juice (Each),59,0,59,80,47,0,47,$7.99,0,0.00%,$0.00,$7.99,33,41.25%,$5.61,$13.60
Woodlawn Elementary,5/15/2025,30068,Chilled Peaches (1/2 cup (drained)),32,0,32,34,32,0,32,$16.32,0,0.00%,$0.00,$16.32,2,5.88%,$1.02,$17.34
Woodlawn Elementary,5/15/2025,60090,Assorted Craisins (Packet),0,0,0,20,16,0,16,$3.84,0,0.00%,$0.00,$3.84,4,20.00%,$0.96,$4.80
Woodlawn Elementary,5/15/2025,60096,Strawberry Parfait (Parfait),11,0,11,12,12,0,12,$11.88,0,0.00%,$0.00,$11.88,0,0.00%,$0.00,$11.88
Woodlawn Elementary,5/15/2025,60108,Chicken Tenders Sub (Sandwich),0,0,0,60,60,0,60,$74.40,0,0.00%,$0.00,$74.40,0,0.00%,$0.00,$74.40
Woodley Hills Elementary,5/15/2025,10041,Mini Maple Pancakes (Package),18,0,18,90,88,0,88,$34.32,0,0.00%,$0.00,$34.32,2,2.22%,$0.78,$35.10
Woodley Hills Elementary,5/15/2025,20001,1% White Milk (Each),70,0,70,328,100,0,100,$36.00,0,0.00%,$0.00,$36.00,228,69.51%,$82.08,$118.08
Woodley Hills Elementary,5/15/2025,20031,Banana (Each),18,0,18,20,15,0,15,$3.15,0,0.00%,$0.00,$3.15,5,25.00%,$1.05,$4.20
Woodley Hills Elementary,5/15/2025,30006,Cinnamon Chex Cereal (Each),46,0,46,70,60,0,60,$35.40,0,0.00%,$0.00,$35.40,10,14.29%,$5.90,$41.30
Woodley Hills Elementary,5/15/2025,30007,"Cinnamon Toast Crunch Cereal, 25% Less Sugar (Each)",53,0,53,70,60,0,60,$35.40,0,0.00%,$0.00,$35.40,10,14.29%,$5.90,$41.30
Woodley Hills Elementary,5/15/2025,30008,Apple Juice (Each),207,0,207,240,232,0,232,$39.44,0,0.00%,$0.00,$39.44,8,3.33%,$1.36,$40.80
Woodley Hills Elementary,5/15/2025,30009,Orange Tangerine Juice (Each),0,0,0,0,0,0,0,$0.00,0,0.00%,$0.00,$0.00,0,0.00%,$0.00,$0.00
Woodley Hills Elementary,5/15/2025,30068,Chilled Peaches (1/2 cup (drained)),18,0,18,19,19,0,19,$9.69,0,0.00%,$0.00,$9.69,0,0.00%,$0.00,$9.69
Woodley Hills Elementary,5/15/2025,60004,Egg and American Cheese on English Muffin (Sandwich),0,0,0,31,21,0,21,$10.71,0,0.00%,$0.00,$10.71,10,32.26%,$5.10,$15.81
Woodley Hills Elementary,5/15/2025,60096,Strawberry Parfait (Parfait),29,0,29,40,30,0,30,$29.70,0,0.00%,$0.00,$29.70,10,25.00%,$9.90,$39.60
Woodson High,5/15/2025,10020,Bagel (Bagel),55,1,56,50,39,0,39,$12.48,1,2.00%,$0.32,$12.80,10,20.00%,$3.20,$16.00
Woodson High,5/15/2025,10041,Mini Maple Pancakes (Package),55,0,55,55,49,0,49,$19.11,1,1.82%,$0.39,$19.50,5,9.09%,$1.95,$21.45
Woodson High,5/15/2025,20001,1% White Milk (Each),50,0,50,25,17,0,17,$6.12,0,0.00%,$0.00,$6.12,8,32.00%,$2.88,$9.00
Woodson High,5/15/2025,20009,Cream Cheese (Each),65,1,66,55,50,0,50,$14.50,0,0.00%,$0.00,$14.50,5,9.09%,$1.45,$15.95
Woodson High,5/15/2025,20014,Red Delicious Apple (Each - serving),50,0,50,35,26,0,26,$8.58,0,0.00%,$0.00,$8.58,9,25.71%,$2.97,$11.55
Woodson High,5/15/2025,20017,Orange (6 Slices per 1/2 cup),50,0,50,15,8,0,8,$2.72,0,0.00%,$0.00,$2.72,7,46.67%,$2.38,$5.10
Woodson High,5/15/2025,20031,Banana (Each),50,0,50,15,12,0,12,$2.52,0,0.00%,$0.00,$2.52,3,20.00%,$0.63,$3.15
Woodson High,5/15/2025,20038,Fat Free White Milk (Each),50,0,50,20,8,0,8,$2.64,0,0.00%,$0.00,$2.64,12,60.00%,$3.96,$6.60
Woodson High,5/15/2025,30003,Honey Cheerios Cereal (Each),20,0,20,12,5,0,5,$2.95,0,0.00%,$0.00,$2.95,7,58.33%,$4.13,$7.08
Woodson High,5/15/2025,30006,Cinnamon Chex Cereal (Each),20,0,20,12,6,0,6,$3.54,0,0.00%,$0.00,$3.54,6,50.00%,$3.54,$7.08
Woodson High,5/15/2025,30007,"Cinnamon Toast Crunch Cereal, 25% Less Sugar (Each)",20,0,20,12,10,0,10,$5.90,0,0.00%,$0.00,$5.90,2,16.67%,$1.18,$7.08
Woodson High,5/15/2025,30008,Apple Juice (Each),125,0,125,110,94,0,94,$15.98,1,0.91%,$0.17,$16.15,15,13.64%,$2.55,$18.70
Woodson High,5/15/2025,30009,Orange Tangerine Juice (Each),80,0,80,50,36,0,36,$6.12,1,2.00%,$0.17,$6.29,13,26.00%,$2.21,$8.50
Woodson High,5/15/2025,60090,Assorted Craisins (Packet),35,1,36,25,17,0,17,$4.08,0,0.00%,$0.00,$4.08,8,32.00%,$1.92,$6.00
Woodson High,5/15/2025,60099,"Parfait, Triple Berry (Parfait)",30,1,31,18,10,0,10,$6.80,0,0.00%,$0.00,$6.80,8,44.44%,$5.44,$12.24
Woodson High,5/15/2025,60165,Egg and American Cheese on Bagel (Sandwich),28,1,29,25,23,0,23,$13.34,0,0.00%,$0.00,$13.34,2,8.00%,$1.16,$14.50
