School_Name,Date,Identifier,Name,Planned,Offered,Served,Discarded,Subtotal,Left Over,Production Cost,Reimbursable,Non-Reimbursable,Total,Reimbursable,Non-Reimbursable,Total,Cost,Total,Percent of Offered,Cost,Total,Percent of Offered,Cost
Aldrin Elementary,5/14/2025,10033,Chocolate Chip Cookie(1/2 Cookie),0,0,0,14,14,0,14,$1.96,0,0.00%,$0.00,$1.96,0,0.00%,$0.00,$1.96,,,,
Aldrin Elementary,5/14/2025,10044,Soft Pretzel(1 pretzel),17,0,17,32,29,0,29,$6.38,0,0.00%,$0.00,$6.38,3,9.38%,$0.66,$7.04,,,,
Aldrin Elementary,5/14/2025,10070,Orange Sauce(ounce),50,0,50,76,75,0,75,$10.50,1,1.32%,$0.14,$10.64,0,0.00%,$0.00,$10.64,,,,
Aldrin Elementary,5/14/2025,20001,1% White Milk(Each),47,0,47,71,40,0,40,$14.40,0,0.00%,$0.00,$14.40,31,43.66%,$11.16,$25.56,,,,
Aldrin Elementary,5/14/2025,20002,Fat Free Chocolate Milk(Each),137,0,137,150,135,0,135,$47.25,0,0.00%,$0.00,$47.25,15,10.00%,$5.25,$52.50,,,,
Aldrin Elementary,5/14/2025,20008,Apple Slices(3 slices per 1/4 cup),0,0,0,225,224,0,224,$132.16,1,0.44%,$0.59,$132.75,0,0.00%,$0.00,$132.75,,,,
Aldrin Elementary,5/14/2025,20016,String Cheese(Each),2,0,2,2,1,0,1,$0.22,0,0.00%,$0.00,$0.22,1,50.00%,$0.22,$0.44,,,,
Aldrin Elementary,5/14/2025,20018,Red Seedless Grapes(8 grapes per 1/4 cup),146,0,146,156,154,0,154,$40.04,0,0.00%,$0.00,$40.04,2,1.28%,$0.52,$40.56,,,,
Aldrin Elementary,5/14/2025,20027,Broccoli Florets(1/4 cup),81,0,81,95,93,0,93,$7.44,0,0.00%,$0.00,$7.44,2,2.11%,$0.16,$7.60,,,,
Aldrin Elementary,5/14/2025,20028,Lettuce Blend Salad Mix(1/2 cup),44,0,44,45,45,0,45,$3.60,0,0.00%,$0.00,$3.60,0,0.00%,$0.00,$3.60,,,,
Aldrin Elementary,5/14/2025,20038,Fat Free White Milk(Each),17,0,17,50,15,0,15,$4.95,0,0.00%,$0.00,$4.95,35,70.00%,$11.55,$16.50,,,,
Aldrin Elementary,5/14/2025,20040,Cucumber Slices(6 Slices per 1/2 cup),21,0,21,21,20,0,20,$2.40,0,0.00%,$0.00,$2.40,1,4.76%,$0.12,$2.52,,,,
Aldrin Elementary,5/14/2025,20052,Assorted  4 oz Yogurt(Container),5,0,5,5,0,0,0,$0.00,0,0.00%,$0.00,$0.00,5,100.00%,$0.00,$0.00,,,,
Aldrin Elementary,5/14/2025,30008,Apple Juice(Each),20,0,20,20,17,0,17,$2.89,0,0.00%,$0.00,$2.89,3,15.00%,$0.51,$3.40,,,,
Aldrin Elementary,5/14/2025,30009,Orange Tangerine Juice(Each),14,0,14,20,17,0,17,$2.89,0,0.00%,$0.00,$2.89,3,15.00%,$0.51,$3.40,,,,
Aldrin Elementary,5/14/2025,30014,Whole Wheat Dinner Roll(Each),70,0,70,73,69,0,69,$9.66,1,1.37%,$0.14,$9.80,3,4.11%,$0.42,$10.22,,,,
Aldrin Elementary,5/14/2025,30020,Applesauce(1/2 Cup),19,0,19,21,20,0,20,$4.20,0,0.00%,$0.00,$4.20,1,4.76%,$0.21,$4.41,,,,
Aldrin Elementary,5/14/2025,30033,Cheez-Its Crackers(Package),0,0,0,5,3,0,3,$0.54,0,0.00%,$0.00,$0.54,2,40.00%,$0.36,$0.90,,,,
Aldrin Elementary,5/14/2025,30044,Strawberry Flavored Dried Cranberries(Each),8,0,8,20,16,0,16,$3.84,0,0.00%,$0.00,$3.84,4,20.00%,$0.96,$4.80,,,,
Aldrin Elementary,5/14/2025,30045,Watermelon Flavored Dried Cranberries(Each),8,0,8,20,16,0,16,$3.84,0,0.00%,$0.00,$3.84,4,20.00%,$0.96,$4.80,,,,
Aldrin Elementary,5/14/2025,30077,Italian Dressing(1 ounce),10,0,10,20,15,0,15,$1.20,0,0.00%,$0.00,$1.20,5,25.00%,$0.40,$1.60,,,,
Aldrin Elementary,5/14/2025,30094,Doritos Wild White Nacho Flavored Tortilla Chips(Bag),0,0,0,36,34,0,34,$11.90,0,0.00%,$0.00,$11.90,2,5.56%,$0.70,$12.60,,,,
Aldrin Elementary,5/14/2025,30097,Bottled Water(Bottle),7,0,7,10,5,0,5,$0.80,0,0.00%,$0.00,$0.80,5,50.00%,$0.80,$1.60,,,,
Aldrin Elementary,5/14/2025,30099,Chickpeas(1/4 cup),35,0,35,35,31,0,31,$2.79,0,0.00%,$0.00,$2.79,4,11.43%,$0.36,$3.15,,,,
Aldrin Elementary,5/14/2025,30107,Ranch Dressing(1 ounce),21,0,21,24,22,0,22,$2.42,0,0.00%,$0.00,$2.42,2,8.33%,$0.22,$2.64,,,,
Aldrin Elementary,5/14/2025,30109,Smartfood RF White Cheddar Popcorn(Each),10,0,10,15,11,0,11,$4.07,0,0.00%,$0.00,$4.07,4,26.67%,$1.48,$5.55,,,,
Aldrin Elementary,5/14/2025,60035,PB&J Power Pack(Power Packs),40,0,40,30,27,0,27,$29.16,0,0.00%,$0.00,$29.16,3,10.00%,$3.24,$32.40,,,,
Aldrin Elementary,5/14/2025,60036,Cherry Vanilla Yogurt Power Pack(Power Packs),5,0,5,10,6,0,6,$4.80,0,0.00%,$0.00,$4.80,4,40.00%,$3.20,$8.00,,,,
Aldrin Elementary,5/14/2025,60037,Strawberry & Banana Yogurt Power Pack(Power Packs),7,0,7,10,6,0,6,$4.80,0,0.00%,$0.00,$4.80,4,40.00%,$3.20,$8.00,,,,
Aldrin Elementary,5/14/2025,60038,Peach Yogurt Power Pack(Power Packs),7,0,7,20,10,0,10,$8.00,0,0.00%,$0.00,$8.00,10,50.00%,$8.00,$16.00,,,,
Aldrin Elementary,5/14/2025,60047,Chicken Tenders(3 tenders),16,0,16,10,7,0,7,$6.58,0,0.00%,$0.00,$6.58,3,30.00%,$2.82,$9.40,,,,
Aldrin Elementary,5/14/2025,60050,Chickenless Bites(4 Bites),46,0,46,73,71,0,71,$53.96,1,1.37%,$0.76,$54.72,1,1.37%,$0.76,$55.48,,,,
Aldrin Elementary,5/14/2025,60063,Chicken & Vegetable Dumplings(6 dumplings),50,0,50,76,75,0,75,$0.00,1,1.32%,$0.00,$0.00,0,0.00%,$0.00,$0.00,,,,
Aldrin Elementary,5/14/2025,60077,Manager's Vegetable Choice(1/4 cup),99,0,99,125,124,0,124,$0.00,1,0.80%,$0.00,$0.00,0,0.00%,$0.00,$0.00,,,,
Annandale High,5/14/2025,10001,"Patty, Chicken, Breaded, WG(2 strips)",100,0,100,150,134,0,134,$29.48,2,1.33%,$0.44,$29.92,14,9.33%,$3.08,$33.00,,,,
Annandale High,5/14/2025,10033,Chocolate Chip Cookie(Cookie),20,0,20,20,9,0,9,$2.43,0,0.00%,$0.00,$2.43,11,55.00%,$2.97,$5.40,,,,
Annandale High,5/14/2025,10044,Soft Pretzel(1 pretzel),10,0,10,15,14,0,14,$3.08,0,0.00%,$0.00,$3.08,1,6.67%,$0.22,$3.30,,,,
Annandale High,5/14/2025,10049,"WG 10"" Flour Tortilla(Tortilla)",96,0,96,144,128,0,128,$44.80,0,0.00%,$0.00,$44.80,16,11.11%,$5.60,$50.40,,,,
Annandale High,5/14/2025,10051,"Turkey,  Breast, Pre-Sliced, Oven Roasted(3 Slices)",10,0,10,10,7,0,7,$3.78,1,10.00%,$0.54,$4.32,2,20.00%,$1.08,$5.40,,,,
Annandale High,5/14/2025,10062,Corn(2 Tablespoons (thawed)),64,0,64,64,58,0,58,$2.90,3,4.69%,$0.15,$3.05,3,4.69%,$0.15,$3.20,,,,
Annandale High,5/14/2025,10070,Orange Sauce(ounce),125,0,125,100,94,0,94,$13.16,5,5.00%,$0.70,$13.86,1,1.00%,$0.14,$14.00,,,,
Annandale High,5/14/2025,10073,Whole Strawberries(1/2 cup thawed),0,0,0,230,227,0,227,$77.18,1,0.43%,$0.34,$77.52,2,0.87%,$0.68,$78.20,,,,
Annandale High,5/14/2025,20001,1% White Milk(Each),100,0,100,144,68,0,68,$24.48,4,2.78%,$1.44,$25.92,72,50.00%,$25.92,$51.84,,,,
Annandale High,5/14/2025,20002,Fat Free Chocolate Milk(Each),600,0,600,671,574,13,587,$205.45,4,0.60%,$1.40,$206.85,80,11.92%,$28.00,$234.85,,,,
Annandale High,5/14/2025,20006,"Cheese, Shredded, Cheddar(1/4 cup)",96,0,96,100,98,0,98,$16.66,0,0.00%,$0.00,$16.66,2,2.00%,$0.34,$17.00,,,,
Annandale High,5/14/2025,20014,Red Delicious Apple(Each - serving),0,0,0,175,103,0,103,$33.99,3,1.71%,$0.99,$34.98,69,39.43%,$22.77,$57.75,,,,
Annandale High,5/14/2025,20015,Golden Delicious Apple(Each),125,0,125,175,132,0,132,$40.92,2,1.14%,$0.62,$41.54,41,23.43%,$12.71,$54.25,,,,
Annandale High,5/14/2025,20016,String Cheese(Each),5,0,5,5,0,0,0,$0.00,0,0.00%,$0.00,$0.00,5,100.00%,$0.00,$0.00,,,,
Annandale High,5/14/2025,20017,Orange(1/4 cup),138,0,138,188,150,0,150,$25.50,2,1.06%,$0.34,$25.84,36,19.15%,$6.12,$31.96,,,,
Annandale High,5/14/2025,20023,Baby Carrots(6 Baby Carrots per 1/2 cup),46,0,46,46,39,0,39,$6.63,2,4.35%,$0.34,$6.97,5,10.87%,$0.85,$7.82,,,,
Annandale High,5/14/2025,20027,Broccoli Florets(1/4 cup),105,0,105,105,94,0,94,$7.52,5,4.76%,$0.40,$7.92,6,5.71%,$0.48,$8.40,,,,
Annandale High,5/14/2025,20028,Lettuce Blend Salad Mix(1/2 cup),400,0,400,440,414,13,427,$34.16,5,1.14%,$0.40,$34.56,8,1.82%,$0.64,$35.20,,,,
Annandale High,5/14/2025,20031,Banana(Each),250,0,250,510,456,0,456,$95.76,0,0.00%,$0.00,$95.76,54,10.59%,$11.34,$107.10,,,,
Annandale High,5/14/2025,20035,"Onions, Red, Whole(2 Tablespoons (sliced))",70,0,70,105,98,0,98,$2.94,2,1.90%,$0.06,$3.00,5,4.76%,$0.15,$3.15,,,,
Annandale High,5/14/2025,20038,Fat Free White Milk(Each),100,0,100,111,42,0,42,$13.86,3,2.70%,$0.99,$14.85,66,59.46%,$21.78,$36.63,,,,
Annandale High,5/14/2025,20040,Cucumber Slices(2 Tablespoon),46,0,46,92,90,0,90,$2.70,0,0.00%,$0.00,$2.70,2,2.17%,$0.06,$2.76,,,,
Annandale High,5/14/2025,20041,"Peppers, Green, Whole(2 Tablespoon)",70,0,70,105,99,0,99,$5.94,2,1.90%,$0.12,$6.06,4,3.81%,$0.24,$6.30,,,,
Annandale High,5/14/2025,20042,"Peppers, Red, Whole(2 Tablespoons)",70,0,70,105,103,0,103,$5.15,1,0.95%,$0.05,$5.20,1,0.95%,$0.05,$5.25,,,,
Annandale High,5/14/2025,20052,Assorted  4 oz Yogurt(Container),5,0,5,5,0,0,0,$0.00,0,0.00%,$0.00,$0.00,5,100.00%,$0.00,$0.00,,,,
Annandale High,5/14/2025,30002,Sub Roll(Sub Roll),12,0,12,12,6,0,6,$1.86,0,0.00%,$0.00,$1.86,6,50.00%,$1.86,$3.72,,,,
Annandale High,5/14/2025,30008,Apple Juice(Each),5,0,5,5,1,0,1,$0.17,0,0.00%,$0.00,$0.17,4,80.00%,$0.68,$0.85,,,,
Annandale High,5/14/2025,30009,Orange Tangerine Juice(Each),5,0,5,5,1,0,1,$0.17,0,0.00%,$0.00,$0.17,4,80.00%,$0.68,$0.85,,,,
Annandale High,5/14/2025,30033,Cheez-Its Crackers(Package),5,0,5,10,0,0,0,$0.00,0,0.00%,$0.00,$0.00,10,100.00%,$0.00,$0.00,,,,
Annandale High,5/14/2025,30044,Strawberry Flavored Dried Cranberries(Each),75,0,75,100,42,0,42,$10.08,0,0.00%,$0.00,$10.08,58,58.00%,$13.92,$24.00,,,,
Annandale High,5/14/2025,30045,Watermelon Flavored Dried Cranberries(Each),75,0,75,100,49,0,49,$11.76,0,0.00%,$0.00,$11.76,51,51.00%,$12.24,$24.00,,,,
Annandale High,5/14/2025,30063,Ketchup Packet(Packet),1500,0,1500,1500,1500,0,1500,$45.00,0,0.00%,$0.00,$45.00,0,0.00%,$0.00,$45.00,,,,
Annandale High,5/14/2025,30064,Mayonnaise Packet(Packet),500,0,500,750,730,0,730,$73.00,0,0.00%,$0.00,$73.00,20,2.67%,$2.00,$75.00,,,,
Annandale High,5/14/2025,30065,Mustard Packet(Packet),200,0,200,300,132,0,132,$6.60,0,0.00%,$0.00,$6.60,168,56.00%,$8.40,$15.00,,,,
Annandale High,5/14/2025,30077,Italian Dressing(1 ounce),144,0,144,168,145,0,145,$11.60,8,4.76%,$0.64,$12.24,15,8.93%,$1.20,$13.44,,,,
Annandale High,5/14/2025,30097,Bottled Water(Bottle),15,0,15,15,11,0,11,$1.76,0,0.00%,$0.00,$1.76,4,26.67%,$0.64,$2.40,,,,
Annandale High,5/14/2025,30099,Chickpeas(1/4 cup),128,0,128,128,96,0,96,$8.64,0,0.00%,$0.00,$8.64,32,25.00%,$2.88,$11.52,,,,
Annandale High,5/14/2025,30099,Chickpeas(2 Tablespoons),32,0,32,32,24,0,24,$0.96,2,6.25%,$0.08,$1.04,6,18.75%,$0.24,$1.28,,,,
Annandale High,5/14/2025,30107,Ranch Dressing(1 ounce),336,0,336,384,361,13,374,$41.14,2,0.52%,$0.22,$41.36,8,2.08%,$0.88,$42.24,,,,
Annandale High,5/14/2025,30109,Smartfood RF White Cheddar Popcorn(Each),10,0,10,10,1,0,1,$0.37,0,0.00%,$0.00,$0.37,9,90.00%,$3.33,$3.70,,,,
Annandale High,5/14/2025,30110,Doritos Flamas(Each),10,0,10,10,1,0,1,$0.37,0,0.00%,$0.00,$0.37,9,90.00%,$3.33,$3.70,,,,
Annandale High,5/14/2025,30111,Doritos RF Spicy Sweet Chili(Each),10,0,10,10,1,0,1,$0.37,0,0.00%,$0.00,$0.37,9,90.00%,$3.33,$3.70,,,,
Annandale High,5/14/2025,30112,Doritos RF Nacho Cheese(Each),10,0,10,10,1,0,1,$0.37,0,0.00%,$0.00,$0.37,9,90.00%,$3.33,$3.70,,,,
Annandale High,5/14/2025,30113,Cool Ranch Reduced Fat Doritos(Each),10,0,10,10,1,0,1,$0.37,0,0.00%,$0.00,$0.37,9,90.00%,$3.33,$3.70,,,,
Annandale High,5/14/2025,30114,SS Baked Cheetos Flaming Hot(Each),10,0,10,10,1,0,1,$0.53,0,0.00%,$0.00,$0.53,9,90.00%,$4.77,$5.30,,,,
Annandale High,5/14/2025,30115,SS Baked Cheetos Flaming Limon(Each),10,0,10,10,0,0,0,$0.00,0,0.00%,$0.00,$0.00,10,100.00%,$0.00,$0.00,,,,
Annandale High,5/14/2025,30116,SS Cheetos Fantastix Flaming Hot(Each),10,0,10,10,0,0,0,$0.00,0,0.00%,$0.00,$0.00,10,100.00%,$0.00,$0.00,,,,
Annandale High,5/14/2025,30117,WG Baked Funyuns(Each),10,0,10,10,1,0,1,$0.36,0,0.00%,$0.00,$0.36,9,90.00%,$3.24,$3.60,,,,
Annandale High,5/14/2025,30118,Kettle Cooked Smoky BBQ Chips(Each),10,0,10,10,2,0,2,$1.20,0,0.00%,$0.00,$1.20,8,80.00%,$4.80,$6.00,,,,
Annandale High,5/14/2025,30119,RF Kettle Chips Jalapeno & Cheddar Chips(Each),10,0,10,10,5,0,5,$3.00,0,0.00%,$0.00,$3.00,5,50.00%,$3.00,$6.00,,,,
Annandale High,5/14/2025,30120,RF Kettle Chips Sea Salt & Vinegar Chips(Each),10,0,10,10,1,0,1,$0.60,0,0.00%,$0.00,$0.60,9,90.00%,$5.40,$6.00,,,,
Annandale High,5/14/2025,30124,"Fruit Snacks, Welch's Mixed(Each)",10,0,10,10,4,0,4,$1.60,0,0.00%,$0.00,$1.60,6,60.00%,$2.40,$4.00,,,,
Annandale High,5/14/2025,30160,Lay's RF Kettle Original Chips(Each),10,0,10,10,1,0,1,$0.60,0,0.00%,$0.00,$0.60,9,90.00%,$5.40,$6.00,,,,
Annandale High,5/14/2025,60020,"Quesadilla, Turkey Barbacoa and Cheese(Quesadilla)",0,0,0,110,94,13,107,$130.54,2,1.82%,$2.44,$132.98,1,0.91%,$1.22,$134.20,,,,
Annandale High,5/14/2025,60035,PB&J Power Pack(Power Packs),150,0,150,260,253,0,253,$273.24,2,0.77%,$2.16,$275.40,5,1.92%,$5.40,$280.80,,,,
Annandale High,5/14/2025,60036,Cherry Vanilla Yogurt Power Pack(Power Packs),5,0,5,10,6,0,6,$4.80,0,0.00%,$0.00,$4.80,4,40.00%,$3.20,$8.00,,,,
Annandale High,5/14/2025,60037,Strawberry & Banana Yogurt Power Pack(Power Packs),5,0,5,10,2,0,2,$1.60,0,0.00%,$0.00,$1.60,8,80.00%,$6.40,$8.00,,,,
Annandale High,5/14/2025,60038,Peach Yogurt Power Pack(Power Packs),5,0,5,10,6,0,6,$4.80,0,0.00%,$0.00,$4.80,4,40.00%,$3.20,$8.00,,,,
Annandale High,5/14/2025,60040,Grilled Cheese Sandwich(Sandwich),100,0,100,90,79,0,79,$33.18,2,2.22%,$0.84,$34.02,9,10.00%,$3.78,$37.80,,,,
Annandale High,5/14/2025,60050,Chickenless Bites(2 Bites),10,0,10,10,7,0,7,$2.66,1,10.00%,$0.38,$3.04,2,20.00%,$0.76,$3.80,,,,
Annandale High,5/14/2025,60064,Vegetable Dumpling(6 dumplings),0,0,0,100,87,0,87,$0.00,2,2.00%,$0.00,$0.00,11,11.00%,$0.00,$0.00,,,,
Annandale High,5/14/2025,60075,Spicy Chicken Wrap(Wrap),50,0,50,30,28,0,28,$32.76,1,3.33%,$1.17,$33.93,1,3.33%,$1.17,$35.10,,,,
Annandale High,5/14/2025,60077,Manager's Vegetable Choice(1/4 cup),135,0,135,225,189,0,189,$0.00,3,1.33%,$0.00,$0.00,33,14.67%,$0.00,$0.00,,,,
Annandale High,5/14/2025,60078,Nachos with Turkey Barbacoa and Cheese Sauce(Serving),0,0,0,250,228,0,228,$303.24,2,0.80%,$2.66,$305.90,20,8.00%,$26.60,$332.50,,,,
Annandale High,5/14/2025,60124,Nachos with Cheese Sauce(Serving),0,0,0,60,48,0,48,$36.96,1,1.67%,$0.77,$37.73,11,18.33%,$8.47,$46.20,,,,
Annandale Terrace Elementary,5/14/2025,10033,Chocolate Chip Cookie(1/2 Cookie),0,0,0,4,4,0,4,$0.56,0,0.00%,$0.00,$0.56,0,0.00%,$0.00,$0.56,,,,
Annandale Terrace Elementary,5/14/2025,10044,Soft Pretzel(1 pretzel),5,0,5,5,0,0,0,$0.00,0,0.00%,$0.00,$0.00,5,100.00%,$0.00,$0.00,,,,
Annandale Terrace Elementary,5/14/2025,10069,Bean and Cheese Pupusa(Pupusa),0,0,0,74,73,1,74,$111.00,0,0.00%,$0.00,$111.00,0,0.00%,$0.00,$111.00,,,,
Annandale Terrace Elementary,5/14/2025,10070,Orange Sauce(ounce),50,0,50,48,46,0,46,$6.44,0,0.00%,$0.00,$6.44,2,4.17%,$0.28,$6.72,,,,
Annandale Terrace Elementary,5/14/2025,20001,1% White Milk(Each),82,0,82,181,77,0,77,$27.72,0,0.00%,$0.00,$27.72,104,57.46%,$37.44,$65.16,,,,
Annandale Terrace Elementary,5/14/2025,20002,Fat Free Chocolate Milk(Each),313,0,313,441,320,0,320,$112.00,0,0.00%,$0.00,$112.00,121,27.44%,$42.35,$154.35,,,,
Annandale Terrace Elementary,5/14/2025,20014,Red Delicious Apple(Each - serving),57,0,57,296,251,0,251,$82.83,0,0.00%,$0.00,$82.83,45,15.20%,$14.85,$97.68,,,,
Annandale Terrace Elementary,5/14/2025,20016,String Cheese(Each),5,0,5,5,0,0,0,$0.00,0,0.00%,$0.00,$0.00,5,100.00%,$0.00,$0.00,,,,
Annandale Terrace Elementary,5/14/2025,20017,Orange(1/4 cup),0,0,0,510,340,0,340,$57.80,0,0.00%,$0.00,$57.80,170,33.33%,$28.90,$86.70,,,,
Annandale Terrace Elementary,5/14/2025,20028,Lettuce Blend Salad Mix(1/2 cup),78,0,78,160,156,0,156,$12.48,0,0.00%,$0.00,$12.48,4,2.50%,$0.32,$12.80,,,,
Annandale Terrace Elementary,5/14/2025,20031,Banana(Each),0,0,0,100,99,0,99,$20.79,0,0.00%,$0.00,$20.79,1,1.00%,$0.21,$21.00,,,,
Annandale Terrace Elementary,5/14/2025,20038,Fat Free White Milk(Each),18,0,18,17,9,0,9,$2.97,0,0.00%,$0.00,$2.97,8,47.06%,$2.64,$5.61,,,,
Annandale Terrace Elementary,5/14/2025,20040,Cucumber Slices(6 Slices per 1/2 cup),57,0,57,47,47,0,47,$5.64,0,0.00%,$0.00,$5.64,0,0.00%,$0.00,$5.64,,,,
Annandale Terrace Elementary,5/14/2025,20043,"Lactose Free, White Milk(Each)",0,0,0,2,2,0,2,$1.16,0,0.00%,$0.00,$1.16,0,0.00%,$0.00,$1.16,,,,
Annandale Terrace Elementary,5/14/2025,20052,Assorted  4 oz Yogurt(Container),5,0,5,5,0,0,0,$0.00,0,0.00%,$0.00,$0.00,5,100.00%,$0.00,$0.00,,,,
Annandale Terrace Elementary,5/14/2025,20075,Cucumbers(1/2 cup sliced),0,0,0,92,89,0,89,$17.80,0,0.00%,$0.00,$17.80,3,3.26%,$0.60,$18.40,,,,
Annandale Terrace Elementary,5/14/2025,30008,Apple Juice(Each),5,0,5,5,0,0,0,$0.00,0,0.00%,$0.00,$0.00,5,100.00%,$0.00,$0.00,,,,
Annandale Terrace Elementary,5/14/2025,30009,Orange Tangerine Juice(Each),5,0,5,5,0,0,0,$0.00,0,0.00%,$0.00,$0.00,5,100.00%,$0.00,$0.00,,,,
Annandale Terrace Elementary,5/14/2025,30014,Whole Wheat Dinner Roll(2 rolls),0,0,0,2,0,2,2,$0.00,0,0.00%,$0.00,$0.00,0,0.00%,$0.00,$0.00,,,,
Annandale Terrace Elementary,5/14/2025,30014,Whole Wheat Dinner Roll(Each),315,0,315,56,56,0,56,$7.84,0,0.00%,$0.00,$7.84,0,0.00%,$0.00,$7.84,,,,
Annandale Terrace Elementary,5/14/2025,30020,Applesauce(1/2 Cup),67,0,67,56,56,0,56,$11.76,0,0.00%,$0.00,$11.76,0,0.00%,$0.00,$11.76,,,,
Annandale Terrace Elementary,5/14/2025,30031,Strawberry Chex Mix(Package),15,0,15,5,0,0,0,$0.00,0,0.00%,$0.00,$0.00,5,100.00%,$0.00,$0.00,,,,
Annandale Terrace Elementary,5/14/2025,30033,Cheez-Its Crackers(Package),54,0,54,46,46,0,46,$8.28,0,0.00%,$0.00,$8.28,0,0.00%,$0.00,$8.28,,,,
Annandale Terrace Elementary,5/14/2025,30044,Strawberry Flavored Dried Cranberries(Each),7,0,7,25,3,0,3,$0.72,0,0.00%,$0.00,$0.72,22,88.00%,$5.28,$6.00,,,,
Annandale Terrace Elementary,5/14/2025,30077,Italian Dressing(1 ounce),47,0,47,48,46,0,46,$3.68,0,0.00%,$0.00,$3.68,2,4.17%,$0.16,$3.84,,,,
Annandale Terrace Elementary,5/14/2025,30097,Bottled Water(Bottle),5,0,5,5,1,0,1,$0.16,0,0.00%,$0.00,$0.16,4,80.00%,$0.64,$0.80,,,,
Annandale Terrace Elementary,5/14/2025,30099,Chickpeas(1/4 cup),42,0,42,66,61,0,61,$5.49,0,0.00%,$0.00,$5.49,5,7.58%,$0.45,$5.94,,,,
Annandale Terrace Elementary,5/14/2025,30107,Ranch Dressing(1 ounce),44,0,44,48,43,0,43,$4.73,0,0.00%,$0.00,$4.73,5,10.42%,$0.55,$5.28,,,,
Annandale Terrace Elementary,5/14/2025,30109,Smartfood RF White Cheddar Popcorn(Each),35,0,35,10,7,0,7,$2.59,0,0.00%,$0.00,$2.59,3,30.00%,$1.11,$3.70,,,,
Annandale Terrace Elementary,5/14/2025,30188,"Milk, Soy, Plain, Bulk (12/32 oz)(1 cup)",0,0,0,1,1,0,1,$0.79,0,0.00%,$0.00,$0.79,0,0.00%,$0.00,$0.79,,,,
Annandale Terrace Elementary,5/14/2025,60035,PB&J Power Pack(Power Packs),100,0,100,70,68,0,68,$73.44,0,0.00%,$0.00,$73.44,2,2.86%,$2.16,$75.60,,,,
Annandale Terrace Elementary,5/14/2025,60037,Strawberry & Banana Yogurt Power Pack(Power Packs),219,0,219,80,77,0,77,$61.60,0,0.00%,$0.00,$61.60,3,3.75%,$2.40,$64.00,,,,
Annandale Terrace Elementary,5/14/2025,60038,Peach Yogurt Power Pack(Power Packs),4,0,4,5,0,0,0,$0.00,0,0.00%,$0.00,$0.00,5,100.00%,$0.00,$0.00,,,,
Annandale Terrace Elementary,5/14/2025,60040,Grilled Cheese Sandwich(Sandwich),0,0,0,19,18,1,19,$7.98,0,0.00%,$0.00,$7.98,0,0.00%,$0.00,$7.98,,,,
Annandale Terrace Elementary,5/14/2025,60045,Cucumber Slices(1/2 cup),10,0,10,9,9,0,9,$0.72,0,0.00%,$0.00,$0.72,0,0.00%,$0.00,$0.72,,,,
Annandale Terrace Elementary,5/14/2025,60047,Chicken Tenders(3 tenders),56,0,56,48,45,3,48,$45.12,0,0.00%,$0.00,$45.12,0,0.00%,$0.00,$45.12,,,,
Annandale Terrace Elementary,5/14/2025,60050,Chickenless Bites(4 Bites),264,0,264,201,193,1,194,$147.44,2,1.00%,$1.52,$148.96,5,2.49%,$3.80,$152.76,,,,
Annandale Terrace Elementary,5/14/2025,60064,Vegetable Dumpling(6 dumplings),0,0,0,47,33,2,35,$0.00,2,4.26%,$0.00,$0.00,10,21.28%,$0.00,$0.00,,,,
Annandale Terrace Elementary,5/14/2025,60077,Manager's Vegetable Choice(1/4 cup),94,0,94,140,133,0,133,$0.00,0,0.00%,$0.00,$0.00,7,5.00%,$0.00,$0.00,,,,
Annandale Terrace Elementary,5/14/2025,60101,Chickpeas - salad bar entree(1/2 cup),5,0,5,5,0,0,0,$0.00,0,0.00%,$0.00,$0.00,5,100.00%,$0.00,$0.00,,,,
Annandale Terrace Elementary,5/14/2025,60126,Arepa w/Taco Beef(1 Aprea + #8 scoop of beef),0,0,0,13,12,1,13,$18.85,0,0.00%,$0.00,$18.85,0,0.00%,$0.00,$18.85,,,,
Armstrong Elementary,5/14/2025,10033,Chocolate Chip Cookie(Cookie),0,0,0,103,0,99,99,$0.00,4,3.88%,$0.00,$0.00,0,0.00%,$0.00,$0.00,,,,
Armstrong Elementary,5/14/2025,10044,Soft Pretzel(1 pretzel),1,0,1,12,0,7,7,$0.00,5,41.67%,$0.00,$0.00,0,0.00%,$0.00,$0.00,,,,
Armstrong Elementary,5/14/2025,10058,Chicken & Vegetable Dumplings(6 dumplings),0,0,0,0,0,0,0,$0.00,0,0.00%,$0.00,$0.00,0,0.00%,$0.00,$0.00,,,,
Armstrong Elementary,5/14/2025,10070,Orange Sauce(ounce),0,0,0,50,50,0,50,$7.00,0,0.00%,$0.00,$7.00,0,0.00%,$0.00,$7.00,,,,
Armstrong Elementary,5/14/2025,10074,"Frozen Berry, Triple Berry Blend(1/4 cup (thawed))",0,0,0,46,46,0,46,$0.46,0,0.00%,$0.00,$0.46,0,0.00%,$0.00,$0.46,,,,
Armstrong Elementary,5/14/2025,20001,1% White Milk(Each),18,0,18,50,27,0,27,$9.72,0,0.00%,$0.00,$9.72,23,46.00%,$8.28,$18.00,,,,
Armstrong Elementary,5/14/2025,20002,Fat Free Chocolate Milk(Each),93,0,93,110,93,8,101,$35.35,2,1.82%,$0.70,$36.05,7,6.36%,$2.45,$38.50,,,,
Armstrong Elementary,5/14/2025,20011,Cherry Tomatoes(1/4 cup),0,0,0,42,40,0,40,$14.80,2,4.76%,$0.74,$15.54,0,0.00%,$0.00,$15.54,,,,
Armstrong Elementary,5/14/2025,20014,Red Delicious Apple(Each - serving),0,0,0,36,35,0,35,$11.55,0,0.00%,$0.00,$11.55,1,2.78%,$0.33,$11.88,,,,
Armstrong Elementary,5/14/2025,20016,String Cheese(Each),0,2,2,4,0,4,4,$0.00,0,0.00%,$0.00,$0.00,0,0.00%,$0.00,$0.00,,,,
Armstrong Elementary,5/14/2025,20017,Orange(1/4 cup),0,0,0,35,32,0,32,$5.44,3,8.57%,$0.51,$5.95,0,0.00%,$0.00,$5.95,,,,
Armstrong Elementary,5/14/2025,20027,Broccoli Florets(1/4 cup),0,0,0,48,42,0,42,$3.36,6,12.50%,$0.48,$3.84,0,0.00%,$0.00,$3.84,,,,
Armstrong Elementary,5/14/2025,20028,Lettuce Blend Salad Mix(1/2 cup),69,0,69,75,68,0,68,$5.44,7,9.33%,$0.56,$6.00,0,0.00%,$0.00,$6.00,,,,
Armstrong Elementary,5/14/2025,20031,Banana(Each),44,0,44,55,53,0,53,$11.13,2,3.64%,$0.42,$11.55,0,0.00%,$0.00,$11.55,,,,
Armstrong Elementary,5/14/2025,20038,Fat Free White Milk(Each),13,0,13,50,24,0,24,$7.92,0,0.00%,$0.00,$7.92,26,52.00%,$8.58,$16.50,,,,
Armstrong Elementary,5/14/2025,30008,Apple Juice(Each),0,20,20,20,0,20,20,$0.00,0,0.00%,$0.00,$0.00,0,0.00%,$0.00,$0.00,,,,
Armstrong Elementary,5/14/2025,30009,Orange Tangerine Juice(Each),0,12,12,14,0,14,14,$0.00,0,0.00%,$0.00,$0.00,0,0.00%,$0.00,$0.00,,,,
Armstrong Elementary,5/14/2025,30014,Whole Wheat Dinner Roll(Each),51,0,51,40,40,0,40,$5.60,0,0.00%,$0.00,$5.60,0,0.00%,$0.00,$5.60,,,,
Armstrong Elementary,5/14/2025,30031,Strawberry Chex Mix(Package),0,12,12,6,0,6,6,$0.00,0,0.00%,$0.00,$0.00,0,0.00%,$0.00,$0.00,,,,
Armstrong Elementary,5/14/2025,30039,Cherry Flavored Dried Cranberries(Each),19,0,19,25,16,0,16,$3.84,0,0.00%,$0.00,$3.84,9,36.00%,$2.16,$6.00,,,,
Armstrong Elementary,5/14/2025,30063,Ketchup Packet(Packet),51,0,51,55,42,0,42,$1.26,0,0.00%,$0.00,$1.26,13,23.64%,$0.39,$1.65,,,,
Armstrong Elementary,5/14/2025,30065,Mustard Packet(Packet),18,0,18,20,12,0,12,$0.60,0,0.00%,$0.00,$0.60,8,40.00%,$0.40,$1.00,,,,
Armstrong Elementary,5/14/2025,30077,Italian Dressing(1 ounce),23,0,23,25,19,0,19,$1.52,6,24.00%,$0.48,$2.00,0,0.00%,$0.00,$2.00,,,,
Armstrong Elementary,5/14/2025,30097,Bottled Water(Bottle),0,8,8,11,0,11,11,$0.00,0,0.00%,$0.00,$0.00,0,0.00%,$0.00,$0.00,,,,
Armstrong Elementary,5/14/2025,30099,Chickpeas(1/4 cup),23,0,23,35,32,0,32,$2.88,3,8.57%,$0.27,$3.15,0,0.00%,$0.00,$3.15,,,,
Armstrong Elementary,5/14/2025,30107,Ranch Dressing(1 ounce),41,0,41,45,41,0,41,$4.51,4,8.89%,$0.44,$4.95,0,0.00%,$0.00,$4.95,,,,
Armstrong Elementary,5/14/2025,30109,Smartfood RF White Cheddar Popcorn(Each),0,21,21,12,0,12,12,$0.00,0,0.00%,$0.00,$0.00,0,0.00%,$0.00,$0.00,,,,
Armstrong Elementary,5/14/2025,60035,PB&J Power Pack(Power Packs),14,0,14,30,15,0,15,$16.20,0,0.00%,$0.00,$16.20,15,50.00%,$16.20,$32.40,,,,
Armstrong Elementary,5/14/2025,60038,Peach Yogurt Power Pack(Power Packs),5,0,5,5,3,0,3,$2.40,0,0.00%,$0.00,$2.40,2,40.00%,$1.60,$4.00,,,,
Armstrong Elementary,5/14/2025,60050,Chickenless Bites(2 Bites),60,0,60,80,77,0,77,$29.26,3,3.75%,$1.14,$30.40,0,0.00%,$0.00,$30.40,,,,
Armstrong Elementary,5/14/2025,60064,Vegetable Dumpling(6 dumplings),0,0,0,20,17,0,17,$0.00,3,15.00%,$0.00,$0.00,0,0.00%,$0.00,$0.00,,,,
Armstrong Elementary,5/14/2025,60078,Nachos with Turkey Barbacoa and Cheese Sauce(Serving),0,0,0,19,19,0,19,$25.27,0,0.00%,$0.00,$25.27,0,0.00%,$0.00,$25.27,,,,
Armstrong Elementary,5/14/2025,60101,Chickpeas - salad bar entree(1/2 cup),1,0,1,2,0,0,0,$0.00,2,100.00%,$0.00,$0.00,0,0.00%,$0.00,$0.00,,,,
Armstrong Elementary,5/14/2025,60124,Nachos with Cheese Sauce(Serving),0,0,0,10,10,0,10,$7.70,0,0.00%,$0.00,$7.70,0,0.00%,$0.00,$7.70,,,,
Armstrong Elementary,5/14/2025,60153,Pumpkin Bread(1 square),0,0,0,20,20,0,20,$8.20,0,0.00%,$0.00,$8.20,0,0.00%,$0.00,$8.20,,,,
Armstrong Elementary,5/14/2025,sys-16,Fish Tacos(2 Tacos),0,0,0,20,18,0,18,$25.74,2,10.00%,$2.86,$28.60,0,0.00%,$0.00,$28.60,,,,
Baileys Lower Elementary,5/14/2025,10069,Bean and Cheese Pupusa(Pupusa),0,0,0,65,56,8,64,$96.00,1,1.54%,$1.50,$97.50,0,0.00%,$0.00,$97.50,,,,
Baileys Lower Elementary,5/14/2025,20001,1% White Milk(Each),215,0,215,324,248,0,248,$89.28,0,0.00%,$0.00,$89.28,76,23.46%,$27.36,$116.64,,,,
Baileys Lower Elementary,5/14/2025,20002,Fat Free Chocolate Milk(Each),396,0,396,500,403,0,403,$141.05,0,0.00%,$0.00,$141.05,97,19.40%,$33.95,$175.00,,,,
Baileys Lower Elementary,5/14/2025,20014,Red Delicious Apple(Each - serving),81,0,81,405,393,0,393,$129.69,0,0.00%,$0.00,$129.69,12,2.96%,$3.96,$133.65,,,,
Baileys Lower Elementary,5/14/2025,20027,Broccoli Florets(1/4 cup),118,0,118,128,125,0,125,$10.00,3,2.34%,$0.24,$10.24,0,0.00%,$0.00,$10.24,,,,
Baileys Lower Elementary,5/14/2025,20028,Lettuce Blend Salad Mix(1/2 cup),119,0,119,130,126,0,126,$10.08,4,3.08%,$0.32,$10.40,0,0.00%,$0.00,$10.40,,,,
Baileys Lower Elementary,5/14/2025,20031,Banana(Each),0,0,0,330,326,0,326,$68.46,4,1.21%,$0.84,$69.30,0,0.00%,$0.00,$69.30,,,,
Baileys Lower Elementary,5/14/2025,20038,Fat Free White Milk(Each),16,0,16,50,26,0,26,$8.58,0,0.00%,$0.00,$8.58,24,48.00%,$7.92,$16.50,,,,
Baileys Lower Elementary,5/14/2025,20040,Cucumber Slices(6 Slices per 1/2 cup),86,0,86,38,38,0,38,$4.56,0,0.00%,$0.00,$4.56,0,0.00%,$0.00,$4.56,,,,
Baileys Lower Elementary,5/14/2025,20043,"Lactose Free, White Milk(Each)",0,0,0,7,7,0,7,$4.06,0,0.00%,$0.00,$4.06,0,0.00%,$0.00,$4.06,,,,
Baileys Lower Elementary,5/14/2025,30014,Whole Wheat Dinner Roll(Each),478,12,490,191,180,5,185,$25.90,6,3.14%,$0.84,$26.74,0,0.00%,$0.00,$26.74,,,,
Baileys Lower Elementary,5/14/2025,30020,Applesauce(1/2 Cup),135,0,135,131,131,0,131,$27.51,0,0.00%,$0.00,$27.51,0,0.00%,$0.00,$27.51,,,,
Baileys Lower Elementary,5/14/2025,30033,Cheez-Its Crackers(Package),79,0,79,80,80,0,80,$14.40,0,0.00%,$0.00,$14.40,0,0.00%,$0.00,$14.40,,,,
Baileys Lower Elementary,5/14/2025,30045,Watermelon Flavored Dried Cranberries(Each),33,0,33,60,32,0,32,$7.68,0,0.00%,$0.00,$7.68,28,46.67%,$6.72,$14.40,,,,
Baileys Lower Elementary,5/14/2025,30077,Italian Dressing(1 ounce),24,0,24,48,14,0,14,$1.12,0,0.00%,$0.00,$1.12,34,70.83%,$2.72,$3.84,,,,
Baileys Lower Elementary,5/14/2025,30099,Chickpeas(1/4 cup),30,0,30,33,29,0,29,$2.61,4,12.12%,$0.36,$2.97,0,0.00%,$0.00,$2.97,,,,
Baileys Lower Elementary,5/14/2025,30107,Ranch Dressing(1 ounce),50,0,50,72,42,0,42,$4.62,0,0.00%,$0.00,$4.62,30,41.67%,$3.30,$7.92,,,,
Baileys Lower Elementary,5/14/2025,60009,"Sandwich, Turkey & Cheese(sandwich)",0,0,0,50,49,0,49,$33.81,1,2.00%,$0.69,$34.50,0,0.00%,$0.00,$34.50,,,,
Baileys Lower Elementary,5/14/2025,60035,PB&J Power Pack(Power Packs),133,0,133,180,166,0,166,$179.28,0,0.00%,$0.00,$179.28,14,7.78%,$15.12,$194.40,,,,
Baileys Lower Elementary,5/14/2025,60038,Peach Yogurt Power Pack(Power Packs),45,0,45,60,53,0,53,$42.40,0,0.00%,$0.00,$42.40,7,11.67%,$5.60,$48.00,,,,
Baileys Lower Elementary,5/14/2025,60040,Grilled Cheese Sandwich(Sandwich),0,0,0,100,94,5,99,$41.58,1,1.00%,$0.42,$42.00,0,0.00%,$0.00,$42.00,,,,
Baileys Lower Elementary,5/14/2025,60045,Cucumber Slices(1/2 cup),43,0,43,51,51,0,51,$4.08,0,0.00%,$0.00,$4.08,0,0.00%,$0.00,$4.08,,,,
Baileys Lower Elementary,5/14/2025,60047,Chicken Tenders(3 tenders),121,8,129,132,127,5,132,$124.08,0,0.00%,$0.00,$124.08,0,0.00%,$0.00,$124.08,,,,
Baileys Lower Elementary,5/14/2025,60050,Chickenless Bites(4 Bites),358,3,361,92,90,0,90,$68.40,2,2.17%,$1.52,$69.92,0,0.00%,$0.00,$69.92,,,,
Baileys Lower Elementary,5/14/2025,60077,Manager's Vegetable Choice(1/4 cup),162,0,162,192,190,0,190,$0.00,2,1.04%,$0.00,$0.00,0,0.00%,$0.00,$0.00,,,,
Baileys Lower Elementary,5/14/2025,60149,Hot Turkey & Cheese(sandwich),0,0,0,75,70,0,70,$91.00,5,6.67%,$6.50,$97.50,0,0.00%,$0.00,$97.50,,,,
Baileys Upper Elementary,5/14/2025,10044,Soft Pretzel(1 pretzel),0,0,0,2,1,0,1,$0.22,0,0.00%,$0.00,$0.22,1,50.00%,$0.22,$0.44,,,,
Baileys Upper Elementary,5/14/2025,10069,Bean and Cheese Pupusa(Pupusa),0,0,0,16,16,0,16,$24.00,0,0.00%,$0.00,$24.00,0,0.00%,$0.00,$24.00,,,,
Baileys Upper Elementary,5/14/2025,10070,Orange Sauce(ounce),100,0,100,130,124,5,129,$18.06,1,0.77%,$0.14,$18.20,0,0.00%,$0.00,$18.20,,,,
Baileys Upper Elementary,5/14/2025,20001,1% White Milk(Each),50,0,50,204,79,0,79,$28.44,0,0.00%,$0.00,$28.44,125,61.27%,$45.00,$73.44,,,,
Baileys Upper Elementary,5/14/2025,20002,Fat Free Chocolate Milk(Each),300,0,300,440,305,0,305,$106.75,0,0.00%,$0.00,$106.75,135,30.68%,$47.25,$154.00,,,,
Baileys Upper Elementary,5/14/2025,20008,Apple Slices(3 slices per 1/4 cup),0,0,0,64,64,0,64,$37.76,0,0.00%,$0.00,$37.76,0,0.00%,$0.00,$37.76,,,,
Baileys Upper Elementary,5/14/2025,20012,Grape Tomatoes(1/4 cup),0,0,0,360,216,0,216,$56.16,0,0.00%,$0.00,$56.16,144,40.00%,$37.44,$93.60,,,,
Baileys Upper Elementary,5/14/2025,20018,Red Seedless Grapes(16 grapes per 1/2 cup),0,0,0,460,230,0,230,$117.30,0,0.00%,$0.00,$117.30,230,50.00%,$117.30,$234.60,,,,
Baileys Upper Elementary,5/14/2025,20028,Lettuce Blend Salad Mix(1/2 cup),482,0,482,480,480,0,480,$38.40,0,0.00%,$0.00,$38.40,0,0.00%,$0.00,$38.40,,,,
Baileys Upper Elementary,5/14/2025,20031,Banana(Each),114,0,114,200,200,0,200,$42.00,0,0.00%,$0.00,$42.00,0,0.00%,$0.00,$42.00,,,,
Baileys Upper Elementary,5/14/2025,20036,Celery Sticks(1/2 cup),0,0,0,240,240,0,240,$132.00,0,0.00%,$0.00,$132.00,0,0.00%,$0.00,$132.00,,,,
Baileys Upper Elementary,5/14/2025,20040,Cucumber Slices(1/4 cup),300,0,300,230,230,0,230,$13.80,0,0.00%,$0.00,$13.80,0,0.00%,$0.00,$13.80,,,,
Baileys Upper Elementary,5/14/2025,20047,Orange Slices(3 slices per 1/4 cup),0,0,0,340,187,0,187,$37.40,0,0.00%,$0.00,$37.40,153,45.00%,$30.60,$68.00,,,,
Baileys Upper Elementary,5/14/2025,20077,"Peppers, red, pre-sliced(1/2 cup sliced)",0,0,0,175,140,0,140,$78.40,0,0.00%,$0.00,$78.40,35,20.00%,$19.60,$98.00,,,,
Baileys Upper Elementary,5/14/2025,30014,Whole Wheat Dinner Roll(Each),250,0,250,227,221,5,226,$31.64,1,0.44%,$0.14,$31.78,0,0.00%,$0.00,$31.78,,,,
Baileys Upper Elementary,5/14/2025,30031,Strawberry Chex Mix(Package),3,0,3,2,1,0,1,$0.45,0,0.00%,$0.00,$0.45,1,50.00%,$0.45,$0.90,,,,
Baileys Upper Elementary,5/14/2025,30061,Chilled Mandarin Oranges(1/2 cup (drained)),0,0,0,44,44,0,44,$14.96,0,0.00%,$0.00,$14.96,0,0.00%,$0.00,$14.96,,,,
Baileys Upper Elementary,5/14/2025,30063,Ketchup Packet(Packet),417,0,417,1000,500,0,500,$15.00,0,0.00%,$0.00,$15.00,500,50.00%,$15.00,$30.00,,,,
Baileys Upper Elementary,5/14/2025,30064,Mayonnaise Packet(Packet),118,0,118,200,100,0,100,$10.00,0,0.00%,$0.00,$10.00,100,50.00%,$10.00,$20.00,,,,
Baileys Upper Elementary,5/14/2025,30094,Doritos Wild White Nacho Flavored Tortilla Chips(Bag),0,0,0,20,15,0,15,$5.25,0,0.00%,$0.00,$5.25,5,25.00%,$1.75,$7.00,,,,
Baileys Upper Elementary,5/14/2025,30097,Bottled Water(Bottle),4,0,4,2,1,0,1,$0.16,0,0.00%,$0.00,$0.16,1,50.00%,$0.16,$0.32,,,,
Baileys Upper Elementary,5/14/2025,30107,Ranch Dressing(1 ounce),124,0,124,144,124,0,124,$13.64,0,0.00%,$0.00,$13.64,20,13.89%,$2.20,$15.84,,,,
Baileys Upper Elementary,5/14/2025,30109,Smartfood RF White Cheddar Popcorn(Each),9,0,9,15,12,0,12,$4.44,0,0.00%,$0.00,$4.44,3,20.00%,$1.11,$5.55,,,,
Baileys Upper Elementary,5/14/2025,60035,PB&J Power Pack(Power Packs),43,0,43,55,50,0,50,$54.00,0,0.00%,$0.00,$54.00,5,9.09%,$5.40,$59.40,,,,
Baileys Upper Elementary,5/14/2025,60037,Strawberry & Banana Yogurt Power Pack(Power Packs),20,0,20,20,15,1,16,$12.80,0,0.00%,$0.00,$12.80,4,20.00%,$3.20,$16.00,,,,
Baileys Upper Elementary,5/14/2025,60050,Chickenless Bites(2 Bites),250,0,250,227,221,5,226,$85.88,1,0.44%,$0.38,$86.26,0,0.00%,$0.00,$86.26,,,,
Baileys Upper Elementary,5/14/2025,60064,Vegetable Dumpling(6 dumplings),0,0,0,130,124,5,129,$0.00,1,0.77%,$0.00,$0.00,0,0.00%,$0.00,$0.00,,,,
Beech Tree Elementary,5/14/2025,10044,Soft Pretzel(1 pretzel),1,0,1,1,0,0,0,$0.00,0,0.00%,$0.00,$0.00,1,100.00%,$0.00,$0.00,,,,
Beech Tree Elementary,5/14/2025,20001,1% White Milk(Each),98,0,98,71,48,0,48,$17.28,0,0.00%,$0.00,$17.28,23,32.39%,$8.28,$25.56,,,,
Beech Tree Elementary,5/14/2025,20002,Fat Free Chocolate Milk(Each),250,0,250,250,223,0,223,$78.05,0,0.00%,$0.00,$78.05,27,10.80%,$9.45,$87.50,,,,
Beech Tree Elementary,5/14/2025,20014,Red Delicious Apple(Each - serving),36,0,36,236,223,0,223,$73.59,0,0.00%,$0.00,$73.59,13,5.51%,$4.29,$77.88,,,,
Beech Tree Elementary,5/14/2025,20018,Red Seedless Grapes(8 grapes per 1/4 cup),248,0,248,460,437,0,437,$113.62,0,0.00%,$0.00,$113.62,23,5.00%,$5.98,$119.60,,,,
Beech Tree Elementary,5/14/2025,20023,Baby Carrots(3 baby carrots per 1/4 cup),0,0,0,144,120,0,120,$10.80,0,0.00%,$0.00,$10.80,24,16.67%,$2.16,$12.96,,,,
Beech Tree Elementary,5/14/2025,20027,Broccoli Florets(1/4 cup),138,0,138,84,74,0,74,$5.92,0,0.00%,$0.00,$5.92,10,11.90%,$0.80,$6.72,,,,
Beech Tree Elementary,5/14/2025,20028,Lettuce Blend Salad Mix(1/2 cup),160,0,160,240,230,0,230,$18.40,0,0.00%,$0.00,$18.40,10,4.17%,$0.80,$19.20,,,,
Beech Tree Elementary,5/14/2025,20038,Fat Free White Milk(Each),50,0,50,25,8,0,8,$2.64,0,0.00%,$0.00,$2.64,17,68.00%,$5.61,$8.25,,,,
Beech Tree Elementary,5/14/2025,20040,Cucumber Slices(6 Slices per 1/2 cup),36,0,36,36,33,0,33,$3.96,0,0.00%,$0.00,$3.96,3,8.33%,$0.36,$4.32,,,,
Beech Tree Elementary,5/14/2025,30014,Whole Wheat Dinner Roll(2 rolls),0,0,0,180,172,4,176,$49.28,0,0.00%,$0.00,$49.28,4,2.22%,$1.12,$50.40,,,,
Beech Tree Elementary,5/14/2025,30014,Whole Wheat Dinner Roll(Each),198,2,200,106,95,2,97,$13.58,0,0.00%,$0.00,$13.58,9,8.49%,$1.26,$14.84,,,,
Beech Tree Elementary,5/14/2025,30020,Applesauce(1/2 Cup),48,0,48,46,39,0,39,$8.19,0,0.00%,$0.00,$8.19,7,15.22%,$1.47,$9.66,,,,
Beech Tree Elementary,5/14/2025,30033,Cheez-Its Crackers(Package),36,0,36,36,33,0,33,$5.94,0,0.00%,$0.00,$5.94,3,8.33%,$0.54,$6.48,,,,
Beech Tree Elementary,5/14/2025,30043,Raspberry Lemonade Flavored Dried Cranberries(Each),100,0,100,100,61,0,61,$14.64,0,0.00%,$0.00,$14.64,39,39.00%,$9.36,$24.00,,,,
Beech Tree Elementary,5/14/2025,30077,Italian Dressing(1 ounce),48,0,48,24,24,0,24,$1.92,0,0.00%,$0.00,$1.92,0,0.00%,$0.00,$1.92,,,,
Beech Tree Elementary,5/14/2025,30107,Ranch Dressing(1 ounce),48,0,48,48,36,0,36,$3.96,0,0.00%,$0.00,$3.96,12,25.00%,$1.32,$5.28,,,,
Beech Tree Elementary,5/14/2025,60035,PB&J Power Pack(Power Packs),30,0,30,25,12,0,12,$12.96,0,0.00%,$0.00,$12.96,13,52.00%,$14.04,$27.00,,,,
Beech Tree Elementary,5/14/2025,60036,Cherry Vanilla Yogurt Power Pack(Power Packs),10,0,10,10,7,0,7,$5.60,0,0.00%,$0.00,$5.60,3,30.00%,$2.40,$8.00,,,,
Beech Tree Elementary,5/14/2025,60038,Peach Yogurt Power Pack(Power Packs),10,0,10,10,3,0,3,$2.40,0,0.00%,$0.00,$2.40,7,70.00%,$5.60,$8.00,,,,
Beech Tree Elementary,5/14/2025,60045,Cucumber Slices(1/2 cup),12,0,12,10,6,0,6,$0.48,0,0.00%,$0.00,$0.48,4,40.00%,$0.32,$0.80,,,,
Beech Tree Elementary,5/14/2025,60047,Chicken Tenders(3 tenders),47,2,49,191,179,4,183,$172.02,0,0.00%,$0.00,$172.02,8,4.19%,$7.52,$179.54,,,,
Beech Tree Elementary,5/14/2025,60050,Chickenless Bites(4 Bites),151,0,151,95,89,2,91,$69.16,0,0.00%,$0.00,$69.16,4,4.21%,$3.04,$72.20,,,,
Beech Tree Elementary,5/14/2025,60101,Chickpeas - salad bar entree(1/2 cup),1,0,1,1,0,0,0,$0.00,0,0.00%,$0.00,$0.00,1,100.00%,$0.00,$0.00,,,,
Belle View Elementary,5/14/2025,10044,Soft Pretzel(1 pretzel),26,0,26,25,20,5,25,$5.50,0,0.00%,$0.00,$5.50,0,0.00%,$0.00,$5.50,,,,
Belle View Elementary,5/14/2025,20001,1% White Milk(Each),15,0,15,25,15,1,16,$5.76,0,0.00%,$0.00,$5.76,9,36.00%,$3.24,$9.00,,,,
Belle View Elementary,5/14/2025,20002,Fat Free Chocolate Milk(Each),120,0,120,133,123,3,126,$44.10,0,0.00%,$0.00,$44.10,7,5.26%,$2.45,$46.55,,,,
Belle View Elementary,5/14/2025,20012,Grape Tomatoes(1/4 cup),0,0,0,92,92,0,92,$23.92,0,0.00%,$0.00,$23.92,0,0.00%,$0.00,$23.92,,,,
Belle View Elementary,5/14/2025,20015,Golden Delicious Apple(Each),0,0,0,40,34,0,34,$10.54,0,0.00%,$0.00,$10.54,6,15.00%,$1.86,$12.40,,,,
Belle View Elementary,5/14/2025,20017,Orange(1/4 cup),0,0,0,143,120,3,123,$20.91,0,0.00%,$0.00,$20.91,20,13.99%,$3.40,$24.31,,,,
Belle View Elementary,5/14/2025,20018,Red Seedless Grapes(16 grapes per 1/2 cup),0,0,0,84,83,1,84,$42.84,0,0.00%,$0.00,$42.84,0,0.00%,$0.00,$42.84,,,,
Belle View Elementary,5/14/2025,20028,Lettuce Blend Salad Mix(1/2 cup),120,0,120,120,120,0,120,$9.60,0,0.00%,$0.00,$9.60,0,0.00%,$0.00,$9.60,,,,
Belle View Elementary,5/14/2025,20038,Fat Free White Milk(Each),3,0,3,4,3,0,3,$0.99,0,0.00%,$0.00,$0.99,1,25.00%,$0.33,$1.32,,,,
Belle View Elementary,5/14/2025,20040,Cucumber Slices(1/4 cup),0,0,0,135,135,0,135,$8.10,0,0.00%,$0.00,$8.10,0,0.00%,$0.00,$8.10,,,,
Belle View Elementary,5/14/2025,30006,Cinnamon Chex Cereal(Each),0,0,0,1,0,1,1,$0.00,0,0.00%,$0.00,$0.00,0,0.00%,$0.00,$0.00,,,,
Belle View Elementary,5/14/2025,30008,Apple Juice(Each),30,0,30,32,0,32,32,$0.00,0,0.00%,$0.00,$0.00,0,0.00%,$0.00,$0.00,,,,
Belle View Elementary,5/14/2025,30009,Orange Tangerine Juice(Each),10,0,10,2,0,2,2,$0.00,0,0.00%,$0.00,$0.00,0,0.00%,$0.00,$0.00,,,,
Belle View Elementary,5/14/2025,30014,Whole Wheat Dinner Roll(Each),67,0,67,126,124,2,126,$17.64,0,0.00%,$0.00,$17.64,0,0.00%,$0.00,$17.64,,,,
Belle View Elementary,5/14/2025,30033,Cheez-Its Crackers(Package),0,0,0,5,0,5,5,$0.00,0,0.00%,$0.00,$0.00,0,0.00%,$0.00,$0.00,,,,
Belle View Elementary,5/14/2025,30043,Raspberry Lemonade Flavored Dried Cranberries(Each),4,0,4,18,8,0,8,$1.92,0,0.00%,$0.00,$1.92,10,55.56%,$2.40,$4.32,,,,
Belle View Elementary,5/14/2025,30063,Ketchup Packet(Packet),532,0,532,500,480,0,480,$14.40,0,0.00%,$0.00,$14.40,20,4.00%,$0.60,$15.00,,,,
Belle View Elementary,5/14/2025,30064,Mayonnaise Packet(Packet),35,0,35,30,30,0,30,$3.00,0,0.00%,$0.00,$3.00,0,0.00%,$0.00,$3.00,,,,
Belle View Elementary,5/14/2025,30065,Mustard Packet(Packet),14,0,14,10,10,0,10,$0.50,0,0.00%,$0.00,$0.50,0,0.00%,$0.00,$0.50,,,,
Belle View Elementary,5/14/2025,30077,Italian Dressing(1 ounce),4,0,4,5,5,0,5,$0.40,0,0.00%,$0.00,$0.40,0,0.00%,$0.00,$0.40,,,,
Belle View Elementary,5/14/2025,30097,Bottled Water(Bottle),5,0,5,6,0,6,6,$0.00,0,0.00%,$0.00,$0.00,0,0.00%,$0.00,$0.00,,,,
Belle View Elementary,5/14/2025,30099,Chickpeas(1/4 cup),8,0,8,18,8,0,8,$0.72,0,0.00%,$0.00,$0.72,10,55.56%,$0.90,$1.62,,,,
Belle View Elementary,5/14/2025,30107,Ranch Dressing(1 ounce),84,0,84,84,84,0,84,$9.24,0,0.00%,$0.00,$9.24,0,0.00%,$0.00,$9.24,,,,
Belle View Elementary,5/14/2025,30109,Smartfood RF White Cheddar Popcorn(Each),30,0,30,38,0,38,38,$0.00,0,0.00%,$0.00,$0.00,0,0.00%,$0.00,$0.00,,,,
Belle View Elementary,5/14/2025,60002,Chicken Quesadilla(quesadilla),0,0,0,63,62,1,63,$44.10,0,0.00%,$0.00,$44.10,0,0.00%,$0.00,$44.10,,,,
Belle View Elementary,5/14/2025,60035,PB&J Power Pack(Power Packs),39,0,39,5,2,0,2,$2.16,0,0.00%,$0.00,$2.16,3,60.00%,$3.24,$5.40,,,,
Belle View Elementary,5/14/2025,60037,Strawberry & Banana Yogurt Power Pack(Power Packs),13,0,13,10,10,0,10,$8.00,0,0.00%,$0.00,$8.00,0,0.00%,$0.00,$8.00,,,,
Belle View Elementary,5/14/2025,60038,Peach Yogurt Power Pack(Power Packs),17,0,17,10,10,0,10,$8.00,0,0.00%,$0.00,$8.00,0,0.00%,$0.00,$8.00,,,,
Belle View Elementary,5/14/2025,60050,Chickenless Bites(2 Bites),75,0,75,128,124,4,128,$48.64,0,0.00%,$0.00,$48.64,0,0.00%,$0.00,$48.64,,,,
Belvedere Elementary,5/14/2025,10044,Soft Pretzel(1 pretzel),2,0,2,2,2,0,2,$0.44,0,0.00%,$0.00,$0.44,0,0.00%,$0.00,$0.44,,,,
Belvedere Elementary,5/14/2025,10070,Orange Sauce(ounce),75,0,75,64,17,14,31,$4.34,0,0.00%,$0.00,$4.34,33,51.56%,$4.62,$8.96,,,,
Belvedere Elementary,5/14/2025,10075,Cheese Pizza(Slice),0,0,0,10,2,8,10,$5.70,0,0.00%,$0.00,$5.70,0,0.00%,$0.00,$5.70,,,,
Belvedere Elementary,5/14/2025,20001,1% White Milk(Each),120,0,120,234,123,0,123,$44.28,0,0.00%,$0.00,$44.28,111,47.44%,$39.96,$84.24,,,,
Belvedere Elementary,5/14/2025,20002,Fat Free Chocolate Milk(Each),148,0,148,396,248,0,248,$86.80,0,0.00%,$0.00,$86.80,148,37.37%,$51.80,$138.60,,,,
Belvedere Elementary,5/14/2025,20014,Red Delicious Apple(Each - serving),0,0,0,100,97,0,97,$32.01,0,0.00%,$0.00,$32.01,3,3.00%,$0.99,$33.00,,,,
Belvedere Elementary,5/14/2025,20018,Red Seedless Grapes(8 grapes per 1/4 cup),193,0,193,93,83,0,83,$21.58,0,0.00%,$0.00,$21.58,10,10.75%,$2.60,$24.18,,,,
Belvedere Elementary,5/14/2025,20023,Baby Carrots(3 baby carrots per 1/4 cup),0,0,0,40,40,0,40,$3.60,0,0.00%,$0.00,$3.60,0,0.00%,$0.00,$3.60,,,,
Belvedere Elementary,5/14/2025,20027,Broccoli Florets(1/4 cup),58,0,58,42,32,0,32,$2.56,0,0.00%,$0.00,$2.56,10,23.81%,$0.80,$3.36,,,,
Belvedere Elementary,5/14/2025,20028,Lettuce Blend Salad Mix(1/2 cup),205,0,205,240,200,0,200,$16.00,0,0.00%,$0.00,$16.00,40,16.67%,$3.20,$19.20,,,,
Belvedere Elementary,5/14/2025,20031,Banana(Each),0,0,0,124,124,0,124,$26.04,0,0.00%,$0.00,$26.04,0,0.00%,$0.00,$26.04,,,,
Belvedere Elementary,5/14/2025,20038,Fat Free White Milk(Each),8,0,8,22,8,0,8,$2.64,0,0.00%,$0.00,$2.64,14,63.64%,$4.62,$7.26,,,,
Belvedere Elementary,5/14/2025,20074,"Apple Slices(3 slices, 1/4 cup)",0,0,0,148,148,0,148,$26.64,0,0.00%,$0.00,$26.64,0,0.00%,$0.00,$26.64,,,,
Belvedere Elementary,5/14/2025,30014,Whole Wheat Dinner Roll(Each),40,0,40,88,57,19,76,$10.64,0,0.00%,$0.00,$10.64,12,13.64%,$1.68,$12.32,,,,
Belvedere Elementary,5/14/2025,30033,Cheez-Its Crackers(Package),0,0,0,40,40,0,40,$7.20,0,0.00%,$0.00,$7.20,0,0.00%,$0.00,$7.20,,,,
Belvedere Elementary,5/14/2025,30077,Italian Dressing(1 ounce),33,0,33,120,102,0,102,$8.16,0,0.00%,$0.00,$8.16,18,15.00%,$1.44,$9.60,,,,
Belvedere Elementary,5/14/2025,30099,Chickpeas(1/4 cup),48,0,48,33,18,0,18,$1.62,0,0.00%,$0.00,$1.62,15,45.45%,$1.35,$2.97,,,,
Belvedere Elementary,5/14/2025,30102,1% Unflavored Shelf-Stable Milk(Each),0,0,0,1,1,0,1,$0.38,0,0.00%,$0.00,$0.38,0,0.00%,$0.00,$0.38,,,,
Belvedere Elementary,5/14/2025,30107,Ranch Dressing(1 ounce),92,0,92,120,108,0,108,$11.88,0,0.00%,$0.00,$11.88,12,10.00%,$1.32,$13.20,,,,
Belvedere Elementary,5/14/2025,30188,"Milk, Soy, Plain, Bulk (12/32 oz)(1 cup)",0,0,0,1,1,0,1,$0.79,0,0.00%,$0.00,$0.79,0,0.00%,$0.00,$0.79,,,,
Belvedere Elementary,5/14/2025,60009,"Sandwich, Turkey & Cheese(sandwich)",0,0,0,40,40,0,40,$27.60,0,0.00%,$0.00,$27.60,0,0.00%,$0.00,$27.60,,,,
Belvedere Elementary,5/14/2025,60035,PB&J Power Pack(Power Packs),55,0,55,114,51,39,90,$97.20,0,0.00%,$0.00,$97.20,24,21.05%,$25.92,$123.12,,,,
Belvedere Elementary,5/14/2025,60036,Cherry Vanilla Yogurt Power Pack(Power Packs),4,0,4,31,15,7,22,$17.60,0,0.00%,$0.00,$17.60,9,29.03%,$7.20,$24.80,,,,
Belvedere Elementary,5/14/2025,60037,Strawberry & Banana Yogurt Power Pack(Power Packs),0,0,0,37,37,0,37,$29.60,0,0.00%,$0.00,$29.60,0,0.00%,$0.00,$29.60,,,,
Belvedere Elementary,5/14/2025,60050,Chickenless Bites(4 Bites),40,0,40,88,57,19,76,$57.76,0,0.00%,$0.00,$57.76,12,13.64%,$9.12,$66.88,,,,
Belvedere Elementary,5/14/2025,60063,Chicken & Vegetable Dumplings(6 dumplings),35,0,35,64,17,14,31,$0.00,0,0.00%,$0.00,$0.00,33,51.56%,$0.00,$0.00,,,,
Belvedere Elementary,5/14/2025,60077,Manager's Vegetable Choice(1/4 cup),93,0,93,192,144,0,144,$0.00,0,0.00%,$0.00,$0.00,48,25.00%,$0.00,$0.00,,,,
Belvedere Elementary,5/14/2025,60087,Sweet Thai Chili Chicken Wings(3 Wings),0,0,0,54,42,10,52,$62.92,1,1.85%,$1.21,$64.13,1,1.85%,$1.21,$65.34,,,,
Belvedere Elementary,5/14/2025,60101,Chickpeas - salad bar entree(1/2 cup),2,0,2,2,2,0,2,$0.36,0,0.00%,$0.00,$0.36,0,0.00%,$0.00,$0.36,,,,
Bonnie Brae Elementary,5/14/2025,10044,Soft Pretzel(1 pretzel),22,0,22,37,36,0,36,$7.92,1,2.70%,$0.22,$8.14,0,0.00%,$0.00,$8.14,,,,
Bonnie Brae Elementary,5/14/2025,10070,Orange Sauce(ounce),0,0,0,150,142,0,142,$19.88,8,5.33%,$1.12,$21.00,0,0.00%,$0.00,$21.00,,,,
Bonnie Brae Elementary,5/14/2025,20001,1% White Milk(Each),116,0,116,137,127,0,127,$45.72,0,0.00%,$0.00,$45.72,10,7.30%,$3.60,$49.32,,,,
Bonnie Brae Elementary,5/14/2025,20002,Fat Free Chocolate Milk(Each),174,0,174,200,180,0,180,$63.00,0,0.00%,$0.00,$63.00,20,10.00%,$7.00,$70.00,,,,
Bonnie Brae Elementary,5/14/2025,20014,Red Delicious Apple(Each - serving),34,0,34,35,35,0,35,$11.55,0,0.00%,$0.00,$11.55,0,0.00%,$0.00,$11.55,,,,
Bonnie Brae Elementary,5/14/2025,20016,String Cheese(Each),15,0,15,2,2,0,2,$0.44,0,0.00%,$0.00,$0.44,0,0.00%,$0.00,$0.44,,,,
Bonnie Brae Elementary,5/14/2025,20018,Red Seedless Grapes(8 grapes per 1/4 cup),210,0,210,210,205,0,205,$53.30,5,2.38%,$1.30,$54.60,0,0.00%,$0.00,$54.60,,,,
Bonnie Brae Elementary,5/14/2025,20027,Broccoli Florets(1/4 cup),333,0,333,288,280,0,280,$22.40,8,2.78%,$0.64,$23.04,0,0.00%,$0.00,$23.04,,,,
Bonnie Brae Elementary,5/14/2025,20028,Lettuce Blend Salad Mix(1/2 cup),129,0,129,160,155,0,155,$12.40,5,3.13%,$0.40,$12.80,0,0.00%,$0.00,$12.80,,,,
Bonnie Brae Elementary,5/14/2025,20038,Fat Free White Milk(Each),22,0,22,80,75,0,75,$24.75,0,0.00%,$0.00,$24.75,5,6.25%,$1.65,$26.40,,,,
Bonnie Brae Elementary,5/14/2025,20040,Cucumber Slices(6 Slices per 1/2 cup),33,0,33,35,35,0,35,$4.20,0,0.00%,$0.00,$4.20,0,0.00%,$0.00,$4.20,,,,
Bonnie Brae Elementary,5/14/2025,20052,Assorted  4 oz Yogurt(Container),1,0,1,0,0,0,0,$0.00,0,0.00%,$0.00,$0.00,0,0.00%,$0.00,$0.00,,,,
Bonnie Brae Elementary,5/14/2025,30008,Apple Juice(Each),47,0,47,0,0,0,0,$0.00,0,0.00%,$0.00,$0.00,0,0.00%,$0.00,$0.00,,,,
Bonnie Brae Elementary,5/14/2025,30009,Orange Tangerine Juice(Each),3,0,3,0,0,0,0,$0.00,0,0.00%,$0.00,$0.00,0,0.00%,$0.00,$0.00,,,,
Bonnie Brae Elementary,5/14/2025,30014,Whole Wheat Dinner Roll(Each),113,0,113,87,85,0,85,$11.90,2,2.30%,$0.28,$12.18,0,0.00%,$0.00,$12.18,,,,
Bonnie Brae Elementary,5/14/2025,30020,Applesauce(1/2 Cup),36,0,36,38,38,0,38,$7.98,0,0.00%,$0.00,$7.98,0,0.00%,$0.00,$7.98,,,,
Bonnie Brae Elementary,5/14/2025,30020,Applesauce(1/4 cup),182,0,182,180,175,0,175,$19.25,5,2.78%,$0.55,$19.80,0,0.00%,$0.00,$19.80,,,,
Bonnie Brae Elementary,5/14/2025,30031,Strawberry Chex Mix(Package),39,0,39,32,32,0,32,$14.40,0,0.00%,$0.00,$14.40,0,0.00%,$0.00,$14.40,,,,
Bonnie Brae Elementary,5/14/2025,30033,Cheez-Its Crackers(Package),36,0,36,36,36,0,36,$6.48,0,0.00%,$0.00,$6.48,0,0.00%,$0.00,$6.48,,,,
Bonnie Brae Elementary,5/14/2025,30039,Cherry Flavored Dried Cranberries(Each),181,0,181,290,280,0,280,$67.20,0,0.00%,$0.00,$67.20,10,3.45%,$2.40,$69.60,,,,
Bonnie Brae Elementary,5/14/2025,30041,Orange Flavored Dried Cranberries(Each),104,0,104,0,0,0,0,$0.00,0,0.00%,$0.00,$0.00,0,0.00%,$0.00,$0.00,,,,
Bonnie Brae Elementary,5/14/2025,30042,Original Flavored Dried Cranberries(Package),134,0,134,0,0,0,0,$0.00,0,0.00%,$0.00,$0.00,0,0.00%,$0.00,$0.00,,,,
Bonnie Brae Elementary,5/14/2025,30043,Raspberry Lemonade Flavored Dried Cranberries(Each),115,0,115,0,0,0,0,$0.00,0,0.00%,$0.00,$0.00,0,0.00%,$0.00,$0.00,,,,
Bonnie Brae Elementary,5/14/2025,30044,Strawberry Flavored Dried Cranberries(Each),0,0,0,0,0,0,0,$0.00,0,0.00%,$0.00,$0.00,0,0.00%,$0.00,$0.00,,,,
Bonnie Brae Elementary,5/14/2025,30045,Watermelon Flavored Dried Cranberries(Each),0,0,0,0,0,0,0,$0.00,0,0.00%,$0.00,$0.00,0,0.00%,$0.00,$0.00,,,,
Bonnie Brae Elementary,5/14/2025,30077,Italian Dressing(1 ounce),92,0,92,96,91,0,91,$7.28,5,5.21%,$0.40,$7.68,0,0.00%,$0.00,$7.68,,,,
Bonnie Brae Elementary,5/14/2025,30097,Bottled Water(Bottle),20,0,20,15,15,0,15,$2.40,0,0.00%,$0.00,$2.40,0,0.00%,$0.00,$2.40,,,,
Bonnie Brae Elementary,5/14/2025,30099,Chickpeas(1/4 cup),72,0,72,96,91,0,91,$8.19,5,5.21%,$0.45,$8.64,0,0.00%,$0.00,$8.64,,,,
Bonnie Brae Elementary,5/14/2025,30107,Ranch Dressing(1 ounce),90,0,90,96,93,0,93,$10.23,3,3.13%,$0.33,$10.56,0,0.00%,$0.00,$10.56,,,,
Bonnie Brae Elementary,5/14/2025,30109,Smartfood RF White Cheddar Popcorn(Each),68,0,68,0,0,0,0,$0.00,0,0.00%,$0.00,$0.00,0,0.00%,$0.00,$0.00,,,,
Bonnie Brae Elementary,5/14/2025,60035,PB&J Power Pack(Power Packs),38,0,38,80,70,0,70,$75.60,0,0.00%,$0.00,$75.60,10,12.50%,$10.80,$86.40,,,,
Bonnie Brae Elementary,5/14/2025,60036,Cherry Vanilla Yogurt Power Pack(Power Packs),0,0,0,0,0,0,0,$0.00,0,0.00%,$0.00,$0.00,0,0.00%,$0.00,$0.00,,,,
Bonnie Brae Elementary,5/14/2025,60037,Strawberry & Banana Yogurt Power Pack(Power Packs),18,0,18,0,0,0,0,$0.00,0,0.00%,$0.00,$0.00,0,0.00%,$0.00,$0.00,,,,
Bonnie Brae Elementary,5/14/2025,60038,Peach Yogurt Power Pack(Power Packs),33,0,33,50,45,0,45,$36.00,0,0.00%,$0.00,$36.00,5,10.00%,$4.00,$40.00,,,,
Bonnie Brae Elementary,5/14/2025,60045,Cucumber Slices(1/2 cup),2,0,2,2,2,0,2,$0.16,0,0.00%,$0.00,$0.16,0,0.00%,$0.00,$0.16,,,,
Bonnie Brae Elementary,5/14/2025,60047,Chicken Tenders(3 tenders),30,0,30,30,30,0,30,$28.20,0,0.00%,$0.00,$28.20,0,0.00%,$0.00,$28.20,,,,
Bonnie Brae Elementary,5/14/2025,60050,Chickenless Bites(4 Bites),98,0,98,57,56,0,56,$42.56,1,1.75%,$0.76,$43.32,0,0.00%,$0.00,$43.32,,,,
Bonnie Brae Elementary,5/14/2025,60063,Chicken & Vegetable Dumplings(6 dumplings),0,0,0,220,164,51,215,$0.00,5,2.27%,$0.00,$0.00,0,0.00%,$0.00,$0.00,,,,
Bonnie Brae Elementary,5/14/2025,60077,Manager's Vegetable Choice(1/4 cup),272,0,272,290,280,0,280,$0.00,10,3.45%,$0.00,$0.00,0,0.00%,$0.00,$0.00,,,,
Bonnie Brae Elementary,5/14/2025,60101,Chickpeas - salad bar entree(1/2 cup),95,0,95,99,96,0,96,$17.28,3,3.03%,$0.54,$17.82,0,0.00%,$0.00,$17.82,,,,
Braddock Elementary,5/14/2025,10044,Soft Pretzel(1 pretzel),2,0,2,0,0,0,0,$0.00,0,0.00%,$0.00,$0.00,0,0.00%,$0.00,$0.00,,,,
Braddock Elementary,5/14/2025,10070,Orange Sauce(ounce),300,0,300,230,230,0,230,$32.20,0,0.00%,$0.00,$32.20,0,0.00%,$0.00,$32.20,,,,
Braddock Elementary,5/14/2025,20001,1% White Milk(Each),201,0,201,125,125,0,125,$45.00,0,0.00%,$0.00,$45.00,0,0.00%,$0.00,$45.00,,,,
Braddock Elementary,5/14/2025,20002,Fat Free Chocolate Milk(Each),458,0,458,300,300,0,300,$105.00,0,0.00%,$0.00,$105.00,0,0.00%,$0.00,$105.00,,,,
Braddock Elementary,5/14/2025,20014,Red Delicious Apple(Each - serving),36,0,36,355,355,0,355,$117.15,0,0.00%,$0.00,$117.15,0,0.00%,$0.00,$117.15,,,,
Braddock Elementary,5/14/2025,20027,Broccoli Florets(1/4 cup),259,0,259,0,0,0,0,$0.00,0,0.00%,$0.00,$0.00,0,0.00%,$0.00,$0.00,,,,
Braddock Elementary,5/14/2025,20028,Lettuce Blend Salad Mix(1/2 cup),400,0,400,160,160,0,160,$12.80,0,0.00%,$0.00,$12.80,0,0.00%,$0.00,$12.80,,,,
Braddock Elementary,5/14/2025,20038,Fat Free White Milk(Each),24,0,24,25,25,0,25,$8.25,0,0.00%,$0.00,$8.25,0,0.00%,$0.00,$8.25,,,,
Braddock Elementary,5/14/2025,20040,Cucumber Slices(1/4 cup),0,0,0,120,120,0,120,$7.20,0,0.00%,$0.00,$7.20,0,0.00%,$0.00,$7.20,,,,
Braddock Elementary,5/14/2025,20040,Cucumber Slices(6 Slices per 1/2 cup),36,0,36,35,35,0,35,$4.20,0,0.00%,$0.00,$4.20,0,0.00%,$0.00,$4.20,,,,
Braddock Elementary,5/14/2025,20047,Orange Slices(3 slices per 1/4 cup),0,0,0,400,400,0,400,$80.00,0,0.00%,$0.00,$80.00,0,0.00%,$0.00,$80.00,,,,
Braddock Elementary,5/14/2025,30014,Whole Wheat Dinner Roll(Each),302,0,302,340,340,0,340,$47.60,0,0.00%,$0.00,$47.60,0,0.00%,$0.00,$47.60,,,,
Braddock Elementary,5/14/2025,30077,Italian Dressing(1 ounce),62,0,62,0,0,0,0,$0.00,0,0.00%,$0.00,$0.00,0,0.00%,$0.00,$0.00,,,,
Braddock Elementary,5/14/2025,30099,Chickpeas(1/4 cup),11,0,11,0,0,0,0,$0.00,0,0.00%,$0.00,$0.00,0,0.00%,$0.00,$0.00,,,,
Braddock Elementary,5/14/2025,30107,Ranch Dressing(1 ounce),154,0,154,120,120,0,120,$13.20,0,0.00%,$0.00,$13.20,0,0.00%,$0.00,$13.20,,,,
Braddock Elementary,5/14/2025,60035,PB&J Power Pack(Power Packs),49,0,49,107,106,1,107,$115.56,0,0.00%,$0.00,$115.56,0,0.00%,$0.00,$115.56,,,,
Braddock Elementary,5/14/2025,60036,Cherry Vanilla Yogurt Power Pack(Power Packs),22,0,22,38,38,0,38,$30.40,0,0.00%,$0.00,$30.40,0,0.00%,$0.00,$30.40,,,,
Braddock Elementary,5/14/2025,60037,Strawberry & Banana Yogurt Power Pack(Power Packs),21,0,21,40,40,0,40,$32.00,0,0.00%,$0.00,$32.00,0,0.00%,$0.00,$32.00,,,,
Braddock Elementary,5/14/2025,60038,Peach Yogurt Power Pack(Power Packs),29,0,29,37,37,0,37,$29.60,0,0.00%,$0.00,$29.60,0,0.00%,$0.00,$29.60,,,,
Braddock Elementary,5/14/2025,60045,Cucumber Slices(1/2 cup),16,0,16,15,15,0,15,$1.20,0,0.00%,$0.00,$1.20,0,0.00%,$0.00,$1.20,,,,
Braddock Elementary,5/14/2025,60050,Chickenless Bites(4 Bites),369,0,369,287,281,4,285,$216.60,2,0.70%,$1.52,$218.12,0,0.00%,$0.00,$218.12,,,,
Braddock Elementary,5/14/2025,60063,Chicken & Vegetable Dumplings(6 dumplings),350,0,350,0,0,0,0,$0.00,0,0.00%,$0.00,$0.00,0,0.00%,$0.00,$0.00,,,,
Braddock Elementary,5/14/2025,60064,Vegetable Dumpling(6 dumplings),0,0,0,228,219,7,226,$0.00,2,0.88%,$0.00,$0.00,0,0.00%,$0.00,$0.00,,,,
Braddock Elementary,5/14/2025,60077,Manager's Vegetable Choice(1/4 cup),367,0,367,0,0,0,0,$0.00,0,0.00%,$0.00,$0.00,0,0.00%,$0.00,$0.00,,,,
Braddock Elementary,5/14/2025,60101,Chickpeas - salad bar entree(1/2 cup),10,0,10,0,0,0,0,$0.00,0,0.00%,$0.00,$0.00,0,0.00%,$0.00,$0.00,,,,
Braddock Elementary,5/14/2025,60148,Turkey Barbacoa Arepa(1 Arepa + #10 scoop of turkey barbacoa),0,0,0,21,21,0,21,$30.24,0,0.00%,$0.00,$30.24,0,0.00%,$0.00,$30.24,,,,
Braddock Elementary,5/14/2025,60150,Strawberry Parfait Power Pack(Power Pack),0,0,0,0,0,0,0,$0.00,0,0.00%,$0.00,$0.00,0,0.00%,$0.00,$0.00,,,,
Bren Mar Park Elementary,5/14/2025,10015,Baked Cheese Sticks(2 Cheese Sticks),0,0,0,4,4,0,4,$2.64,0,0.00%,$0.00,$2.64,0,0.00%,$0.00,$2.64,,,,
Bren Mar Park Elementary,5/14/2025,10033,Chocolate Chip Cookie(1/2 Cookie),0,0,0,18,2,0,2,$0.28,16,88.89%,$2.24,$2.52,0,0.00%,$0.00,$2.52,,,,
Bren Mar Park Elementary,5/14/2025,10044,Soft Pretzel(1 pretzel),5,0,5,5,0,0,0,$0.00,5,100.00%,$0.00,$0.00,0,0.00%,$0.00,$0.00,,,,
Bren Mar Park Elementary,5/14/2025,20001,1% White Milk(Each),88,0,88,73,51,1,52,$18.72,1,1.37%,$0.36,$19.08,20,27.40%,$7.20,$26.28,,,,
Bren Mar Park Elementary,5/14/2025,20002,Fat Free Chocolate Milk(Each),181,0,181,200,187,0,187,$65.45,0,0.00%,$0.00,$65.45,13,6.50%,$4.55,$70.00,,,,
Bren Mar Park Elementary,5/14/2025,20008,Apple Slices(3 slices per 1/4 cup),0,0,0,448,448,0,448,$264.32,0,0.00%,$0.00,$264.32,0,0.00%,$0.00,$264.32,,,,
Bren Mar Park Elementary,5/14/2025,20014,Red Delicious Apple(Each - serving),16,0,16,17,16,0,16,$5.28,1,5.88%,$0.33,$5.61,0,0.00%,$0.00,$5.61,,,,
Bren Mar Park Elementary,5/14/2025,20023,Baby Carrots(3 baby carrots per 1/4 cup),0,0,0,96,96,0,96,$8.64,0,0.00%,$0.00,$8.64,0,0.00%,$0.00,$8.64,,,,
Bren Mar Park Elementary,5/14/2025,20028,Lettuce Blend Salad Mix(1/2 cup),80,0,80,80,80,0,80,$6.40,0,0.00%,$0.00,$6.40,0,0.00%,$0.00,$6.40,,,,
Bren Mar Park Elementary,5/14/2025,20038,Fat Free White Milk(Each),13,0,13,30,8,0,8,$2.64,0,0.00%,$0.00,$2.64,22,73.33%,$7.26,$9.90,,,,
Bren Mar Park Elementary,5/14/2025,20040,Cucumber Slices(1/4 cup),0,0,0,96,96,0,96,$5.76,0,0.00%,$0.00,$5.76,0,0.00%,$0.00,$5.76,,,,
Bren Mar Park Elementary,5/14/2025,20040,Cucumber Slices(6 Slices per 1/2 cup),17,0,17,18,16,1,17,$2.04,1,5.56%,$0.12,$2.16,0,0.00%,$0.00,$2.16,,,,
Bren Mar Park Elementary,5/14/2025,20043,"Lactose Free, White Milk(Each)",0,0,0,3,3,0,3,$1.74,0,0.00%,$0.00,$1.74,0,0.00%,$0.00,$1.74,,,,
Bren Mar Park Elementary,5/14/2025,20047,Orange Slices(3 slices per 1/4 cup),0,0,0,216,216,0,216,$43.20,0,0.00%,$0.00,$43.20,0,0.00%,$0.00,$43.20,,,,
Bren Mar Park Elementary,5/14/2025,30014,Whole Wheat Dinner Roll(2 rolls),0,0,0,191,180,4,184,$51.52,0,0.00%,$0.00,$51.52,7,3.66%,$1.96,$53.48,,,,
Bren Mar Park Elementary,5/14/2025,30014,Whole Wheat Dinner Roll(Each),180,0,180,119,116,2,118,$16.52,1,0.84%,$0.14,$16.66,0,0.00%,$0.00,$16.66,,,,
Bren Mar Park Elementary,5/14/2025,30020,Applesauce(1/2 Cup),42,0,42,46,44,1,45,$9.45,1,2.17%,$0.21,$9.66,0,0.00%,$0.00,$9.66,,,,
Bren Mar Park Elementary,5/14/2025,30031,Strawberry Chex Mix(Package),10,0,10,10,1,0,1,$0.45,2,20.00%,$0.90,$1.35,7,70.00%,$3.15,$4.50,,,,
Bren Mar Park Elementary,5/14/2025,30033,Cheez-Its Crackers(Package),14,0,14,17,16,0,16,$2.88,1,5.88%,$0.18,$3.06,0,0.00%,$0.00,$3.06,,,,
Bren Mar Park Elementary,5/14/2025,30041,Orange Flavored Dried Cranberries(Each),34,0,34,60,30,0,30,$7.20,0,0.00%,$0.00,$7.20,30,50.00%,$7.20,$14.40,,,,
Bren Mar Park Elementary,5/14/2025,30077,Italian Dressing(1 ounce),12,0,12,12,12,0,12,$0.96,0,0.00%,$0.00,$0.96,0,0.00%,$0.00,$0.96,,,,
Bren Mar Park Elementary,5/14/2025,30097,Bottled Water(Bottle),5,0,5,5,3,0,3,$0.48,0,0.00%,$0.00,$0.48,2,40.00%,$0.32,$0.80,,,,
Bren Mar Park Elementary,5/14/2025,30099,Chickpeas(1/4 cup),20,0,20,20,20,0,20,$1.80,0,0.00%,$0.00,$1.80,0,0.00%,$0.00,$1.80,,,,
Bren Mar Park Elementary,5/14/2025,30107,Ranch Dressing(1 ounce),24,0,24,24,24,0,24,$2.64,0,0.00%,$0.00,$2.64,0,0.00%,$0.00,$2.64,,,,
Bren Mar Park Elementary,5/14/2025,30109,Smartfood RF White Cheddar Popcorn(Each),10,0,10,10,6,0,6,$2.22,0,0.00%,$0.00,$2.22,4,40.00%,$1.48,$3.70,,,,
Bren Mar Park Elementary,5/14/2025,60035,PB&J Power Pack(Power Packs),100,0,100,40,35,0,35,$37.80,0,0.00%,$0.00,$37.80,5,12.50%,$5.40,$43.20,,,,
Bren Mar Park Elementary,5/14/2025,60036,Cherry Vanilla Yogurt Power Pack(Power Packs),16,0,16,20,18,0,18,$14.40,0,0.00%,$0.00,$14.40,2,10.00%,$1.60,$16.00,,,,
Bren Mar Park Elementary,5/14/2025,60038,Peach Yogurt Power Pack(Power Packs),3,0,3,2,2,0,2,$1.60,0,0.00%,$0.00,$1.60,0,0.00%,$0.00,$1.60,,,,
Bren Mar Park Elementary,5/14/2025,60045,Cucumber Slices(1/2 cup),26,0,26,28,28,0,28,$2.24,0,0.00%,$0.00,$2.24,0,0.00%,$0.00,$2.24,,,,
Bren Mar Park Elementary,5/14/2025,60047,Chicken Tenders(3 tenders),34,0,34,231,218,5,223,$209.62,1,0.43%,$0.94,$210.56,7,3.03%,$6.58,$217.14,,,,
Bren Mar Park Elementary,5/14/2025,60050,Chickenless Bites(4 Bites),154,0,154,77,76,1,77,$58.52,0,0.00%,$0.00,$58.52,0,0.00%,$0.00,$58.52,,,,
Bren Mar Park Elementary,5/14/2025,60101,Chickpeas - salad bar entree(1/2 cup),5,0,5,5,0,0,0,$0.00,5,100.00%,$0.00,$0.00,0,0.00%,$0.00,$0.00,,,,
Brookfield Elementary,5/14/2025,10027,"Bread, Loco(flatbread)",0,0,0,25,18,0,18,$5.40,7,28.00%,$2.10,$7.50,0,0.00%,$0.00,$7.50,,,,
Brookfield Elementary,5/14/2025,10044,Soft Pretzel(1 pretzel),6,0,6,0,0,0,0,$0.00,0,0.00%,$0.00,$0.00,0,0.00%,$0.00,$0.00,,,,
Brookfield Elementary,5/14/2025,10070,Orange Sauce(ounce),160,0,160,70,64,0,64,$8.96,6,8.57%,$0.84,$9.80,0,0.00%,$0.00,$9.80,,,,
Brookfield Elementary,5/14/2025,20001,1% White Milk(Each),76,0,76,76,56,0,56,$20.16,0,0.00%,$0.00,$20.16,20,26.32%,$7.20,$27.36,,,,
Brookfield Elementary,5/14/2025,20002,Fat Free Chocolate Milk(Each),380,0,380,375,373,0,373,$130.55,0,0.00%,$0.00,$130.55,2,0.53%,$0.70,$131.25,,,,
Brookfield Elementary,5/14/2025,20014,Red Delicious Apple(Each - serving),36,0,36,218,181,29,210,$69.30,0,0.00%,$0.00,$69.30,8,3.67%,$2.64,$71.94,,,,
Brookfield Elementary,5/14/2025,20016,String Cheese(Each),0,0,0,0,0,0,0,$0.00,0,0.00%,$0.00,$0.00,0,0.00%,$0.00,$0.00,,,,
Brookfield Elementary,5/14/2025,20027,Broccoli Florets(1/4 cup),250,0,250,210,208,0,208,$16.64,0,0.00%,$0.00,$16.64,2,0.95%,$0.16,$16.80,,,,
Brookfield Elementary,5/14/2025,20028,Lettuce Blend Salad Mix(1 cup),120,0,120,120,119,0,119,$19.04,1,0.83%,$0.16,$19.20,0,0.00%,$0.00,$19.20,,,,
Brookfield Elementary,5/14/2025,20031,Banana(Each),0,0,0,265,256,0,256,$53.76,0,0.00%,$0.00,$53.76,9,3.40%,$1.89,$55.65,,,,
Brookfield Elementary,5/14/2025,20038,Fat Free White Milk(Each),40,0,40,29,11,0,11,$3.63,0,0.00%,$0.00,$3.63,18,62.07%,$5.94,$9.57,,,,
Brookfield Elementary,5/14/2025,20040,Cucumber Slices(1/4 cup),0,0,0,230,228,0,228,$13.68,0,0.00%,$0.00,$13.68,2,0.87%,$0.12,$13.80,,,,
Brookfield Elementary,5/14/2025,20040,Cucumber Slices(6 Slices per 1/2 cup),36,0,36,33,33,0,33,$3.96,0,0.00%,$0.00,$3.96,0,0.00%,$0.00,$3.96,,,,
Brookfield Elementary,5/14/2025,20052,Assorted  4 oz Yogurt(Container),0,0,0,0,0,0,0,$0.00,0,0.00%,$0.00,$0.00,0,0.00%,$0.00,$0.00,,,,
Brookfield Elementary,5/14/2025,30008,Apple Juice(Each),0,0,0,0,0,0,0,$0.00,0,0.00%,$0.00,$0.00,0,0.00%,$0.00,$0.00,,,,
Brookfield Elementary,5/14/2025,30009,Orange Tangerine Juice(Each),0,0,0,0,0,0,0,$0.00,0,0.00%,$0.00,$0.00,0,0.00%,$0.00,$0.00,,,,
Brookfield Elementary,5/14/2025,30014,Whole Wheat Dinner Roll(Each),286,0,286,321,312,9,321,$44.94,0,0.00%,$0.00,$44.94,0,0.00%,$0.00,$44.94,,,,
Brookfield Elementary,5/14/2025,30020,Applesauce(1/2 Cup),36,0,36,33,33,0,33,$6.93,0,0.00%,$0.00,$6.93,0,0.00%,$0.00,$6.93,,,,
Brookfield Elementary,5/14/2025,30031,Strawberry Chex Mix(Package),0,0,0,0,0,0,0,$0.00,0,0.00%,$0.00,$0.00,0,0.00%,$0.00,$0.00,,,,
Brookfield Elementary,5/14/2025,30033,Cheez-Its Crackers(Package),36,0,36,29,0,29,29,$0.00,0,0.00%,$0.00,$0.00,0,0.00%,$0.00,$0.00,,,,
Brookfield Elementary,5/14/2025,30039,Cherry Flavored Dried Cranberries(Each),0,0,0,100,88,0,88,$21.12,0,0.00%,$0.00,$21.12,12,12.00%,$2.88,$24.00,,,,
Brookfield Elementary,5/14/2025,30077,Italian Dressing(1 ounce),48,0,48,48,45,0,45,$3.60,0,0.00%,$0.00,$3.60,3,6.25%,$0.24,$3.84,,,,
Brookfield Elementary,5/14/2025,30097,Bottled Water(Bottle),0,0,0,0,0,0,0,$0.00,0,0.00%,$0.00,$0.00,0,0.00%,$0.00,$0.00,,,,
Brookfield Elementary,5/14/2025,30107,Ranch Dressing(1 ounce),72,0,72,72,69,0,69,$7.59,0,0.00%,$0.00,$7.59,3,4.17%,$0.33,$7.92,,,,
Brookfield Elementary,5/14/2025,30109,Smartfood RF White Cheddar Popcorn(Each),0,0,0,0,0,0,0,$0.00,0,0.00%,$0.00,$0.00,0,0.00%,$0.00,$0.00,,,,
Brookfield Elementary,5/14/2025,60035,PB&J Power Pack(Power Packs),100,0,100,131,124,0,124,$133.92,2,1.53%,$2.16,$136.08,5,3.82%,$5.40,$141.48,,,,
Brookfield Elementary,5/14/2025,60037,Strawberry & Banana Yogurt Power Pack(Power Packs),40,0,40,30,24,0,24,$19.20,0,0.00%,$0.00,$19.20,6,20.00%,$4.80,$24.00,,,,
Brookfield Elementary,5/14/2025,60047,Chicken Tenders(3 tenders),34,0,34,31,30,1,31,$29.14,0,0.00%,$0.00,$29.14,0,0.00%,$0.00,$29.14,,,,
Brookfield Elementary,5/14/2025,60050,Chickenless Bites(4 Bites),252,0,252,312,299,9,308,$234.08,4,1.28%,$3.04,$237.12,0,0.00%,$0.00,$237.12,,,,
Brookfield Elementary,5/14/2025,60064,Vegetable Dumpling(6 dumplings),0,0,0,89,85,0,85,$0.00,4,4.49%,$0.00,$0.00,0,0.00%,$0.00,$0.00,,,,
Brookfield Elementary,5/14/2025,60100,Black Beans - salad bar entree(1/2 cup),0,0,0,99,94,0,94,$15.98,0,0.00%,$0.00,$15.98,5,5.05%,$0.85,$16.83,,,,
Bucknell Elementary,5/14/2025,10044,Soft Pretzel(1 pretzel),2,0,2,1,1,0,1,$0.22,0,0.00%,$0.00,$0.22,0,0.00%,$0.00,$0.22,,,,
Bucknell Elementary,5/14/2025,10069,Bean and Cheese Pupusa(Pupusa),0,0,0,3,3,0,3,$4.50,0,0.00%,$0.00,$4.50,0,0.00%,$0.00,$4.50,,,,
Bucknell Elementary,5/14/2025,10070,Orange Sauce(ounce),0,0,0,120,107,0,107,$14.98,0,0.00%,$0.00,$14.98,13,10.83%,$1.82,$16.80,,,,
Bucknell Elementary,5/14/2025,20001,1% White Milk(Each),43,0,43,74,46,0,46,$16.56,0,0.00%,$0.00,$16.56,28,37.84%,$10.08,$26.64,,,,
Bucknell Elementary,5/14/2025,20002,Fat Free Chocolate Milk(Each),130,0,130,331,124,0,124,$43.40,0,0.00%,$0.00,$43.40,207,62.54%,$72.45,$115.85,,,,
Bucknell Elementary,5/14/2025,20008,Apple Slices(3 slices per 1/4 cup),0,0,0,290,288,0,288,$169.92,0,0.00%,$0.00,$169.92,2,0.69%,$1.18,$171.10,,,,
Bucknell Elementary,5/14/2025,20014,Red Delicious Apple(Each - serving),33,0,33,27,27,0,27,$8.91,0,0.00%,$0.00,$8.91,0,0.00%,$0.00,$8.91,,,,
Bucknell Elementary,5/14/2025,20017,Orange(1/4 cup),0,0,0,170,131,5,136,$23.12,0,0.00%,$0.00,$23.12,34,20.00%,$5.78,$28.90,,,,
Bucknell Elementary,5/14/2025,20027,Broccoli Florets(1/4 cup),27,0,27,42,36,0,36,$2.88,0,0.00%,$0.00,$2.88,6,14.29%,$0.48,$3.36,,,,
Bucknell Elementary,5/14/2025,20028,Lettuce Blend Salad Mix(1/2 cup),79,0,79,80,77,2,79,$6.32,0,0.00%,$0.00,$6.32,1,1.25%,$0.08,$6.40,,,,
Bucknell Elementary,5/14/2025,20038,Fat Free White Milk(Each),10,0,10,50,1,0,1,$0.33,0,0.00%,$0.00,$0.33,49,98.00%,$16.17,$16.50,,,,
Bucknell Elementary,5/14/2025,20040,Cucumber Slices(1/4 cup),0,0,0,69,60,2,62,$3.72,0,0.00%,$0.00,$3.72,7,10.14%,$0.42,$4.14,,,,
Bucknell Elementary,5/14/2025,20040,Cucumber Slices(6 Slices per 1/2 cup),33,0,33,29,27,2,29,$3.48,0,0.00%,$0.00,$3.48,0,0.00%,$0.00,$3.48,,,,
Bucknell Elementary,5/14/2025,30014,Whole Wheat Dinner Roll(2 rolls),0,0,0,2,0,2,2,$0.00,0,0.00%,$0.00,$0.00,0,0.00%,$0.00,$0.00,,,,
Bucknell Elementary,5/14/2025,30014,Whole Wheat Dinner Roll(Each),128,0,128,175,169,3,172,$24.08,0,0.00%,$0.00,$24.08,3,1.71%,$0.42,$24.50,,,,
Bucknell Elementary,5/14/2025,30020,Applesauce(1/2 Cup),69,0,69,66,64,2,66,$13.86,0,0.00%,$0.00,$13.86,0,0.00%,$0.00,$13.86,,,,
Bucknell Elementary,5/14/2025,30033,Cheez-Its Crackers(Package),33,0,33,27,27,0,27,$4.86,0,0.00%,$0.00,$4.86,0,0.00%,$0.00,$4.86,,,,
Bucknell Elementary,5/14/2025,30041,Orange Flavored Dried Cranberries(Each),15,0,15,20,17,0,17,$4.08,0,0.00%,$0.00,$4.08,3,15.00%,$0.72,$4.80,,,,
Bucknell Elementary,5/14/2025,30077,Italian Dressing(1 ounce),6,0,6,12,6,0,6,$0.48,0,0.00%,$0.00,$0.48,6,50.00%,$0.48,$0.96,,,,
Bucknell Elementary,5/14/2025,30099,Chickpeas(1/4 cup),11,0,11,12,7,0,7,$0.63,0,0.00%,$0.00,$0.63,5,41.67%,$0.45,$1.08,,,,
Bucknell Elementary,5/14/2025,30103,"Milk, Lactose Free,  Fat Free, Shelf-Stable(Each)",0,0,0,2,2,0,2,$0.96,0,0.00%,$0.00,$0.96,0,0.00%,$0.00,$0.96,,,,
Bucknell Elementary,5/14/2025,30107,Ranch Dressing(1 ounce),34,0,34,36,28,2,30,$3.30,0,0.00%,$0.00,$3.30,6,16.67%,$0.66,$3.96,,,,
Bucknell Elementary,5/14/2025,60035,PB&J Power Pack(Power Packs),53,0,53,40,38,0,38,$41.04,0,0.00%,$0.00,$41.04,2,5.00%,$2.16,$43.20,,,,
Bucknell Elementary,5/14/2025,60037,Strawberry & Banana Yogurt Power Pack(Power Packs),15,0,15,21,11,0,11,$8.80,0,0.00%,$0.00,$8.80,10,47.62%,$8.00,$16.80,,,,
Bucknell Elementary,5/14/2025,60045,Cucumber Slices(1/2 cup),36,0,36,37,37,0,37,$2.96,0,0.00%,$0.00,$2.96,0,0.00%,$0.00,$2.96,,,,
Bucknell Elementary,5/14/2025,60047,Chicken Tenders(3 tenders),56,0,56,66,62,4,66,$62.04,0,0.00%,$0.00,$62.04,0,0.00%,$0.00,$62.04,,,,
Bucknell Elementary,5/14/2025,60050,Chickenless Bites(4 Bites),85,0,85,125,118,1,119,$90.44,0,0.00%,$0.00,$90.44,6,4.80%,$4.56,$95.00,,,,
Bucknell Elementary,5/14/2025,60064,Vegetable Dumpling(6 dumplings),0,0,0,31,23,2,25,$0.00,0,0.00%,$0.00,$0.00,6,19.35%,$0.00,$0.00,,,,
Bucknell Elementary,5/14/2025,60101,Chickpeas - salad bar entree(1/2 cup),2,0,2,1,1,0,1,$0.18,0,0.00%,$0.00,$0.18,0,0.00%,$0.00,$0.18,,,,
Bucknell Elementary,5/14/2025,60121,"Sauce, Spicy Mayo(tbsp)",0,0,0,24,16,2,18,$1.62,0,0.00%,$0.00,$1.62,6,25.00%,$0.54,$2.16,,,,
Bucknell Elementary,5/14/2025,60148,Turkey Barbacoa Arepa(1 Arepa + #10 scoop of turkey barbacoa),0,0,0,3,3,0,3,$4.32,0,0.00%,$0.00,$4.32,0,0.00%,$0.00,$4.32,,,,
Bull Run Elementary,5/14/2025,10044,Soft Pretzel(1 pretzel),9,0,9,6,6,0,6,$1.32,0,0.00%,$0.00,$1.32,0,0.00%,$0.00,$1.32,,,,
Bull Run Elementary,5/14/2025,10070,Orange Sauce(ounce),100,0,100,80,74,0,74,$10.36,0,0.00%,$0.00,$10.36,6,7.50%,$0.84,$11.20,,,,
Bull Run Elementary,5/14/2025,20001,1% White Milk(Each),49,0,49,62,31,0,31,$11.16,0,0.00%,$0.00,$11.16,31,50.00%,$11.16,$22.32,,,,
Bull Run Elementary,5/14/2025,20002,Fat Free Chocolate Milk(Each),311,0,311,350,312,0,312,$109.20,0,0.00%,$0.00,$109.20,38,10.86%,$13.30,$122.50,,,,
Bull Run Elementary,5/14/2025,20014,Red Delicious Apple(Each - serving),12,0,12,13,13,0,13,$4.29,0,0.00%,$0.00,$4.29,0,0.00%,$0.00,$4.29,,,,
Bull Run Elementary,5/14/2025,20018,Red Seedless Grapes(8 grapes per 1/4 cup),379,0,379,380,370,0,370,$96.20,0,0.00%,$0.00,$96.20,10,2.63%,$2.60,$98.80,,,,
Bull Run Elementary,5/14/2025,20027,Broccoli Florets(1/4 cup),60,0,60,60,57,0,57,$4.56,0,0.00%,$0.00,$4.56,3,5.00%,$0.24,$4.80,,,,
Bull Run Elementary,5/14/2025,20028,Lettuce Blend Salad Mix(1/2 cup),98,0,98,120,117,0,117,$9.36,0,0.00%,$0.00,$9.36,3,2.50%,$0.24,$9.60,,,,
Bull Run Elementary,5/14/2025,20038,Fat Free White Milk(Each),7,0,7,14,6,0,6,$1.98,0,0.00%,$0.00,$1.98,8,57.14%,$2.64,$4.62,,,,
Bull Run Elementary,5/14/2025,20040,Cucumber Slices(6 Slices per 1/2 cup),12,0,12,13,13,0,13,$1.56,0,0.00%,$0.00,$1.56,0,0.00%,$0.00,$1.56,,,,
Bull Run Elementary,5/14/2025,20047,Orange Slices(3 slices per 1/4 cup),0,0,0,200,190,0,190,$38.00,0,0.00%,$0.00,$38.00,10,5.00%,$2.00,$40.00,,,,
Bull Run Elementary,5/14/2025,20077,"Peppers, red, pre-sliced(1/2 cup sliced)",0,0,0,35,35,0,35,$19.60,0,0.00%,$0.00,$19.60,0,0.00%,$0.00,$19.60,,,,
Bull Run Elementary,5/14/2025,30014,Whole Wheat Dinner Roll(Each),147,0,147,173,157,0,157,$21.98,0,0.00%,$0.00,$21.98,16,9.25%,$2.24,$24.22,,,,
Bull Run Elementary,5/14/2025,30020,Applesauce(1/2 Cup),12,0,12,13,13,0,13,$2.73,0,0.00%,$0.00,$2.73,0,0.00%,$0.00,$2.73,,,,
Bull Run Elementary,5/14/2025,30033,Cheez-Its Crackers(Package),13,0,13,13,13,0,13,$2.34,0,0.00%,$0.00,$2.34,0,0.00%,$0.00,$2.34,,,,
Bull Run Elementary,5/14/2025,30045,Watermelon Flavored Dried Cranberries(Each),34,0,34,10,8,0,8,$1.92,0,0.00%,$0.00,$1.92,2,20.00%,$0.48,$2.40,,,,
Bull Run Elementary,5/14/2025,30077,Italian Dressing(1 ounce),7,0,7,6,2,0,2,$0.16,0,0.00%,$0.00,$0.16,4,66.67%,$0.32,$0.48,,,,
Bull Run Elementary,5/14/2025,30103,"Milk, Lactose Free,  Fat Free, Shelf-Stable(Each)",0,0,0,1,1,0,1,$0.48,0,0.00%,$0.00,$0.48,0,0.00%,$0.00,$0.48,,,,
Bull Run Elementary,5/14/2025,30107,Ranch Dressing(1 ounce),148,0,148,150,144,0,144,$15.84,0,0.00%,$0.00,$15.84,6,4.00%,$0.66,$16.50,,,,
Bull Run Elementary,5/14/2025,60035,PB&J Power Pack(Power Packs),91,0,91,80,75,0,75,$81.00,0,0.00%,$0.00,$81.00,5,6.25%,$5.40,$86.40,,,,
Bull Run Elementary,5/14/2025,60037,Strawberry & Banana Yogurt Power Pack(Power Packs),13,0,13,14,10,0,10,$8.00,0,0.00%,$0.00,$8.00,4,28.57%,$3.20,$11.20,,,,
Bull Run Elementary,5/14/2025,60038,Peach Yogurt Power Pack(Power Packs),0,0,0,0,0,0,0,$0.00,0,0.00%,$0.00,$0.00,0,0.00%,$0.00,$0.00,,,,
Bull Run Elementary,5/14/2025,60045,Cucumber Slices(1/2 cup),0,0,0,0,0,0,0,$0.00,0,0.00%,$0.00,$0.00,0,0.00%,$0.00,$0.00,,,,
Bull Run Elementary,5/14/2025,60047,Chicken Tenders(3 tenders),0,0,0,0,0,0,0,$0.00,0,0.00%,$0.00,$0.00,0,0.00%,$0.00,$0.00,,,,
Bull Run Elementary,5/14/2025,60050,Chickenless Bites(4 Bites),153,0,153,273,254,12,266,$202.16,1,0.37%,$0.76,$202.92,6,2.20%,$4.56,$207.48,,,,
Bull Run Elementary,5/14/2025,60063,Chicken & Vegetable Dumplings(6 dumplings),150,0,150,160,138,16,154,$0.00,1,0.63%,$0.00,$0.00,5,3.13%,$0.00,$0.00,,,,
Bull Run Elementary,5/14/2025,60077,Manager's Vegetable Choice(1/4 cup),79,0,79,100,94,0,94,$0.00,0,0.00%,$0.00,$0.00,6,6.00%,$0.00,$0.00,,,,
Bull Run Elementary,5/14/2025,60101,Chickpeas - salad bar entree(1/2 cup),15,0,15,16,14,0,14,$2.52,0,0.00%,$0.00,$2.52,2,12.50%,$0.36,$2.88,,,,
Bush Hill Elementary,5/14/2025,10033,Chocolate Chip Cookie(1/2 Cookie),0,0,0,82,0,82,82,$0.00,0,0.00%,$0.00,$0.00,0,0.00%,$0.00,$0.00,,,,
Bush Hill Elementary,5/14/2025,10044,Soft Pretzel(1 pretzel),5,0,5,32,0,32,32,$0.00,0,0.00%,$0.00,$0.00,0,0.00%,$0.00,$0.00,,,,
Bush Hill Elementary,5/14/2025,10069,Bean and Cheese Pupusa(Pupusa),0,0,0,10,10,0,10,$15.00,0,0.00%,$0.00,$15.00,0,0.00%,$0.00,$15.00,,,,
Bush Hill Elementary,5/14/2025,10070,Orange Sauce(ounce),60,0,60,50,50,0,50,$7.00,0,0.00%,$0.00,$7.00,0,0.00%,$0.00,$7.00,,,,
Bush Hill Elementary,5/14/2025,20001,1% White Milk(Each),65,0,65,47,41,0,41,$14.76,0,0.00%,$0.00,$14.76,6,12.77%,$2.16,$16.92,,,,
Bush Hill Elementary,5/14/2025,20002,Fat Free Chocolate Milk(Each),300,0,300,172,157,0,157,$54.95,0,0.00%,$0.00,$54.95,15,8.72%,$5.25,$60.20,,,,
Bush Hill Elementary,5/14/2025,20011,Cherry Tomatoes(1/4 cup),0,0,0,25,25,0,25,$9.25,0,0.00%,$0.00,$9.25,0,0.00%,$0.00,$9.25,,,,
Bush Hill Elementary,5/14/2025,20017,Orange(1/4 cup),0,0,0,136,131,0,131,$22.27,0,0.00%,$0.00,$22.27,5,3.68%,$0.85,$23.12,,,,
Bush Hill Elementary,5/14/2025,20018,Red Seedless Grapes(8 grapes per 1/4 cup),100,0,100,30,30,0,30,$7.80,0,0.00%,$0.00,$7.80,0,0.00%,$0.00,$7.80,,,,
Bush Hill Elementary,5/14/2025,20023,Baby Carrots(3 baby carrots per 1/4 cup),0,0,0,30,25,0,25,$2.25,5,16.67%,$0.45,$2.70,0,0.00%,$0.00,$2.70,,,,
Bush Hill Elementary,5/14/2025,20027,Broccoli Florets(1/4 cup),50,0,50,42,42,0,42,$3.36,0,0.00%,$0.00,$3.36,0,0.00%,$0.00,$3.36,,,,
Bush Hill Elementary,5/14/2025,20028,Lettuce Blend Salad Mix(1/2 cup),121,0,121,120,110,0,110,$8.80,0,0.00%,$0.00,$8.80,10,8.33%,$0.80,$9.60,,,,
Bush Hill Elementary,5/14/2025,20031,Banana(Each),0,0,0,73,60,0,60,$12.60,0,0.00%,$0.00,$12.60,13,17.81%,$2.73,$15.33,,,,
Bush Hill Elementary,5/14/2025,20038,Fat Free White Milk(Each),50,0,50,13,5,0,5,$1.65,0,0.00%,$0.00,$1.65,8,61.54%,$2.64,$4.29,,,,
Bush Hill Elementary,5/14/2025,20040,Cucumber Slices(1/4 cup),0,0,0,92,92,0,92,$5.52,0,0.00%,$0.00,$5.52,0,0.00%,$0.00,$5.52,,,,
Bush Hill Elementary,5/14/2025,20040,Cucumber Slices(6 Slices per 1/2 cup),25,0,25,17,17,0,17,$2.04,0,0.00%,$0.00,$2.04,0,0.00%,$0.00,$2.04,,,,
Bush Hill Elementary,5/14/2025,30009,Orange Tangerine Juice(Each),50,0,50,30,0,23,23,$0.00,0,0.00%,$0.00,$0.00,7,23.33%,$0.00,$0.00,,,,
Bush Hill Elementary,5/14/2025,30014,Whole Wheat Dinner Roll(Each),160,0,160,99,99,0,99,$13.86,0,0.00%,$0.00,$13.86,0,0.00%,$0.00,$13.86,,,,
Bush Hill Elementary,5/14/2025,30020,Applesauce(1/2 Cup),25,0,25,75,75,0,75,$15.75,0,0.00%,$0.00,$15.75,0,0.00%,$0.00,$15.75,,,,
Bush Hill Elementary,5/14/2025,30031,Strawberry Chex Mix(Package),100,0,100,38,0,33,33,$0.00,0,0.00%,$0.00,$0.00,5,13.16%,$0.00,$0.00,,,,
Bush Hill Elementary,5/14/2025,30039,Cherry Flavored Dried Cranberries(Each),20,0,20,100,74,0,74,$17.76,0,0.00%,$0.00,$17.76,26,26.00%,$6.24,$24.00,,,,
Bush Hill Elementary,5/14/2025,30061,Chilled Mandarin Oranges(1/2 cup (drained)),0,0,0,32,32,0,32,$10.88,0,0.00%,$0.00,$10.88,0,0.00%,$0.00,$10.88,,,,
Bush Hill Elementary,5/14/2025,30068,Chilled Peaches(1/2 cup (drained)),0,0,0,20,20,0,20,$10.20,0,0.00%,$0.00,$10.20,0,0.00%,$0.00,$10.20,,,,
Bush Hill Elementary,5/14/2025,30077,Italian Dressing(1 ounce),50,0,50,40,35,0,35,$2.80,0,0.00%,$0.00,$2.80,5,12.50%,$0.40,$3.20,,,,
Bush Hill Elementary,5/14/2025,30097,Bottled Water(Bottle),50,0,50,30,0,22,22,$0.00,0,0.00%,$0.00,$0.00,8,26.67%,$0.00,$0.00,,,,
Bush Hill Elementary,5/14/2025,30099,Chickpeas(1/4 cup),20,0,20,24,24,0,24,$2.16,0,0.00%,$0.00,$2.16,0,0.00%,$0.00,$2.16,,,,
Bush Hill Elementary,5/14/2025,30107,Ranch Dressing(1 ounce),150,0,150,98,88,0,88,$9.68,0,0.00%,$0.00,$9.68,10,10.20%,$1.10,$10.78,,,,
Bush Hill Elementary,5/14/2025,60035,PB&J Power Pack(Power Packs),70,0,70,42,28,0,28,$30.24,0,0.00%,$0.00,$30.24,14,33.33%,$15.12,$45.36,,,,
Bush Hill Elementary,5/14/2025,60038,Peach Yogurt Power Pack(Power Packs),20,0,20,51,47,0,47,$37.60,0,0.00%,$0.00,$37.60,4,7.84%,$3.20,$40.80,,,,
Bush Hill Elementary,5/14/2025,60050,Chickenless Bites(4 Bites),160,0,160,112,92,10,102,$77.52,0,0.00%,$0.00,$77.52,10,8.93%,$7.60,$85.12,,,,
Bush Hill Elementary,5/14/2025,60063,Chicken & Vegetable Dumplings(6 dumplings),50,0,50,70,68,0,68,$0.00,0,0.00%,$0.00,$0.00,2,2.86%,$0.00,$0.00,,,,
Bush Hill Elementary,5/14/2025,60064,Vegetable Dumpling(6 dumplings),0,0,0,2,2,0,2,$0.00,0,0.00%,$0.00,$0.00,0,0.00%,$0.00,$0.00,,,,
Bush Hill Elementary,5/14/2025,60077,Manager's Vegetable Choice(1/4 cup),50,0,50,0,0,0,0,$0.00,0,0.00%,$0.00,$0.00,0,0.00%,$0.00,$0.00,,,,
Bush Hill Elementary,5/14/2025,60101,Chickpeas - salad bar entree(1/2 cup),5,0,5,0,0,0,0,$0.00,0,0.00%,$0.00,$0.00,0,0.00%,$0.00,$0.00,,,,
Bush Hill Elementary,5/14/2025,60148,Turkey Barbacoa Arepa(1 Arepa + #10 scoop of turkey barbacoa),0,0,0,45,30,10,40,$57.60,0,0.00%,$0.00,$57.60,5,11.11%,$7.20,$64.80,,,,
Bush Hill Elementary,5/14/2025,60160,BBQ Chicken Drumstick(Drumstick),0,0,0,30,20,8,28,$31.64,2,6.67%,$2.26,$33.90,0,0.00%,$0.00,$33.90,,,,
CHANTILLY HS,5/14/2025,10013,"Patty, Chicken, Spicy, Breaded(2 strips)",0,0,0,160,159,1,160,$57.60,0,0.00%,$0.00,$57.60,0,0.00%,$0.00,$57.60,,,,
CHANTILLY HS,5/14/2025,10033,Chocolate Chip Cookie(Cookie),0,385,385,390,0,390,390,$0.00,0,0.00%,$0.00,$0.00,0,0.00%,$0.00,$0.00,,,,
CHANTILLY HS,5/14/2025,10044,Soft Pretzel(1 pretzel),12,24,36,48,14,25,39,$8.58,0,0.00%,$0.00,$8.58,9,18.75%,$1.98,$10.56,,,,
CHANTILLY HS,5/14/2025,10049,"WG 10"" Flour Tortilla(Tortilla)",144,48,192,174,163,1,164,$57.40,0,0.00%,$0.00,$57.40,10,5.75%,$3.50,$60.90,,,,
CHANTILLY HS,5/14/2025,10051,"Turkey,  Breast, Pre-Sliced, Oven Roasted(3 Slices)",20,10,30,22,20,2,22,$11.88,0,0.00%,$0.00,$11.88,0,0.00%,$0.00,$11.88,,,,
CHANTILLY HS,5/14/2025,10062,Corn(2 Tablespoons (thawed)),92,32,124,96,92,4,96,$4.80,0,0.00%,$0.00,$4.80,0,0.00%,$0.00,$4.80,,,,
CHANTILLY HS,5/14/2025,10069,Bean and Cheese Pupusa(Pupusa),0,0,0,45,30,15,45,$67.50,0,0.00%,$0.00,$67.50,0,0.00%,$0.00,$67.50,,,,
CHANTILLY HS,5/14/2025,10070,Orange Sauce(ounce),114,14,128,160,105,0,105,$14.70,0,0.00%,$0.00,$14.70,55,34.38%,$7.70,$22.40,,,,
CHANTILLY HS,5/14/2025,10074,"Frozen Berry, Triple Berry Blend(1/2 cup (thawed))",0,0,0,58,58,0,58,$1.74,0,0.00%,$0.00,$1.74,0,0.00%,$0.00,$1.74,,,,
CHANTILLY HS,5/14/2025,20002,Fat Free Chocolate Milk(Each),350,15,365,1011,354,30,384,$134.40,0,0.00%,$0.00,$134.40,627,62.02%,$219.45,$353.85,,,,
CHANTILLY HS,5/14/2025,20006,"Cheese, Shredded, Cheddar(1/4 cup)",192,32,224,224,219,5,224,$38.08,0,0.00%,$0.00,$38.08,0,0.00%,$0.00,$38.08,,,,
CHANTILLY HS,5/14/2025,20013,Gala Apple(Each),0,0,0,170,168,0,168,$62.16,0,0.00%,$0.00,$62.16,2,1.18%,$0.74,$62.90,,,,
CHANTILLY HS,5/14/2025,20016,String Cheese(Each),0,10,10,15,6,9,15,$3.30,0,0.00%,$0.00,$3.30,0,0.00%,$0.00,$3.30,,,,
CHANTILLY HS,5/14/2025,20017,Orange(1/4 cup),0,0,0,431,174,1,175,$29.75,0,0.00%,$0.00,$29.75,256,59.40%,$43.52,$73.27,,,,
CHANTILLY HS,5/14/2025,20023,Baby Carrots(3 baby carrots per 1/4 cup),0,0,0,48,48,0,48,$4.32,0,0.00%,$0.00,$4.32,0,0.00%,$0.00,$4.32,,,,
CHANTILLY HS,5/14/2025,20027,Broccoli Florets(1/4 cup),84,6,90,126,84,0,84,$6.72,0,0.00%,$0.00,$6.72,42,33.33%,$3.36,$10.08,,,,
CHANTILLY HS,5/14/2025,20028,Lettuce Blend Salad Mix(1/2 cup),160,40,200,200,175,5,180,$14.40,0,0.00%,$0.00,$14.40,20,10.00%,$1.60,$16.00,,,,
CHANTILLY HS,5/14/2025,20031,Banana(Each),420,20,440,440,394,3,397,$83.37,0,0.00%,$0.00,$83.37,43,9.77%,$9.03,$92.40,,,,
CHANTILLY HS,5/14/2025,20035,"Onions, Red, Whole(2 Tablespoons (sliced))",40,40,80,80,76,4,80,$2.40,0,0.00%,$0.00,$2.40,0,0.00%,$0.00,$2.40,,,,
CHANTILLY HS,5/14/2025,20040,Cucumber Slices(1/4 cup),0,0,0,161,138,0,138,$8.28,0,0.00%,$0.00,$8.28,23,14.29%,$1.38,$9.66,,,,
CHANTILLY HS,5/14/2025,20040,Cucumber Slices(2 Tablespoon),92,23,115,92,88,4,92,$2.76,0,0.00%,$0.00,$2.76,0,0.00%,$0.00,$2.76,,,,
CHANTILLY HS,5/14/2025,20041,"Peppers, Green, Whole(2 Tablespoon)",70,35,105,70,53,0,53,$3.18,0,0.00%,$0.00,$3.18,17,24.29%,$1.02,$4.20,,,,
CHANTILLY HS,5/14/2025,20052,Assorted  4 oz Yogurt(Container),0,10,10,2,0,0,0,$0.00,0,0.00%,$0.00,$0.00,2,100.00%,$0.00,$0.00,,,,
CHANTILLY HS,5/14/2025,20072,"Tomato, Large, whole, Plum(1/4 cup sliced)",0,0,0,144,139,5,144,$27.36,0,0.00%,$0.00,$27.36,0,0.00%,$0.00,$27.36,,,,
CHANTILLY HS,5/14/2025,20077,"Peppers, red, pre-sliced(1/2 cup sliced)",0,0,0,70,70,0,70,$39.20,0,0.00%,$0.00,$39.20,0,0.00%,$0.00,$39.20,,,,
CHANTILLY HS,5/14/2025,30002,Sub Roll(Sub Roll),6,6,12,16,10,0,10,$3.10,0,0.00%,$0.00,$3.10,6,37.50%,$1.86,$4.96,,,,
CHANTILLY HS,5/14/2025,30008,Apple Juice(Each),0,40,40,40,0,36,36,$0.00,0,0.00%,$0.00,$0.00,4,10.00%,$0.00,$0.00,,,,
CHANTILLY HS,5/14/2025,30009,Orange Tangerine Juice(Each),0,40,40,10,0,8,8,$0.00,0,0.00%,$0.00,$0.00,2,20.00%,$0.00,$0.00,,,,
CHANTILLY HS,5/14/2025,30014,Whole Wheat Dinner Roll(2 rolls),0,0,0,128,112,0,112,$31.36,0,0.00%,$0.00,$31.36,16,12.50%,$4.48,$35.84,,,,
CHANTILLY HS,5/14/2025,30024,Black Beans(1/2 Cup),0,0,0,30,29,1,30,$5.10,0,0.00%,$0.00,$5.10,0,0.00%,$0.00,$5.10,,,,
CHANTILLY HS,5/14/2025,30030,Cheddar Chex Mix(Package),0,0,0,9,0,1,1,$0.00,0,0.00%,$0.00,$0.00,8,88.89%,$0.00,$0.00,,,,
CHANTILLY HS,5/14/2025,30031,Strawberry Chex Mix(Package),0,0,0,8,0,6,6,$0.00,0,0.00%,$0.00,$0.00,2,25.00%,$0.00,$0.00,,,,
CHANTILLY HS,5/14/2025,30063,Ketchup Packet(Packet),1050,150,1200,1000,186,0,186,$5.58,0,0.00%,$0.00,$5.58,814,81.40%,$24.42,$30.00,,,,
CHANTILLY HS,5/14/2025,30064,Mayonnaise Packet(Packet),130,50,180,400,172,0,172,$17.20,0,0.00%,$0.00,$17.20,228,57.00%,$22.80,$40.00,,,,
CHANTILLY HS,5/14/2025,30065,Mustard Packet(Packet),69,29,98,300,68,50,118,$5.90,0,0.00%,$0.00,$5.90,182,60.67%,$9.10,$15.00,,,,
CHANTILLY HS,5/14/2025,30077,Italian Dressing(1 ounce),60,24,84,96,48,0,48,$3.84,0,0.00%,$0.00,$3.84,48,50.00%,$3.84,$7.68,,,,
CHANTILLY HS,5/14/2025,30097,Bottled Water(Bottle),0,120,120,120,0,78,78,$0.00,0,0.00%,$0.00,$0.00,42,35.00%,$0.00,$0.00,,,,
CHANTILLY HS,5/14/2025,30103,"Milk, Lactose Free,  Fat Free, Shelf-Stable(Each)",0,0,0,209,66,4,70,$33.60,0,0.00%,$0.00,$33.60,139,66.51%,$66.72,$100.32,,,,
CHANTILLY HS,5/14/2025,30107,Ranch Dressing(1 ounce),336,48,384,408,326,10,336,$36.96,0,0.00%,$0.00,$36.96,72,17.65%,$7.92,$44.88,,,,
CHANTILLY HS,5/14/2025,30110,Doritos Flamas(Each),0,50,50,65,0,45,45,$0.00,0,0.00%,$0.00,$0.00,20,30.77%,$0.00,$0.00,,,,
CHANTILLY HS,5/14/2025,30111,Doritos RF Spicy Sweet Chili(Each),0,50,50,34,0,27,27,$0.00,0,0.00%,$0.00,$0.00,7,20.59%,$0.00,$0.00,,,,
CHANTILLY HS,5/14/2025,30113,Cool Ranch Reduced Fat Doritos(Each),0,20,20,35,0,15,15,$0.00,0,0.00%,$0.00,$0.00,20,57.14%,$0.00,$0.00,,,,
CHANTILLY HS,5/14/2025,30114,SS Baked Cheetos Flaming Hot(Each),0,50,50,105,0,40,40,$0.00,0,0.00%,$0.00,$0.00,65,61.90%,$0.00,$0.00,,,,
CHANTILLY HS,5/14/2025,30115,SS Baked Cheetos Flaming Limon(Each),0,25,25,24,0,19,19,$0.00,0,0.00%,$0.00,$0.00,5,20.83%,$0.00,$0.00,,,,
CHANTILLY HS,5/14/2025,30116,SS Cheetos Fantastix Flaming Hot(Each),0,50,50,38,0,29,29,$0.00,0,0.00%,$0.00,$0.00,9,23.68%,$0.00,$0.00,,,,
CHANTILLY HS,5/14/2025,30117,WG Baked Funyuns(Each),0,20,20,26,0,26,26,$0.00,0,0.00%,$0.00,$0.00,0,0.00%,$0.00,$0.00,,,,
CHANTILLY HS,5/14/2025,30118,Kettle Cooked Smoky BBQ Chips(Each),0,32,32,36,0,35,35,$0.00,0,0.00%,$0.00,$0.00,1,2.78%,$0.00,$0.00,,,,
CHANTILLY HS,5/14/2025,30119,RF Kettle Chips Jalapeno & Cheddar Chips(Each),0,0,0,9,0,0,0,$0.00,9,100.00%,$0.00,$0.00,0,0.00%,$0.00,$0.00,,,,
CHANTILLY HS,5/14/2025,30120,RF Kettle Chips Sea Salt & Vinegar Chips(Each),0,50,50,94,0,65,65,$0.00,0,0.00%,$0.00,$0.00,29,30.85%,$0.00,$0.00,,,,
CHANTILLY HS,5/14/2025,30121,Kellogg’s W/G Rice Krispies Treats(Each),0,0,0,23,0,23,23,$0.00,0,0.00%,$0.00,$0.00,0,0.00%,$0.00,$0.00,,,,
CHANTILLY HS,5/14/2025,30124,"Fruit Snacks, Welch's Mixed(Each)",0,50,50,60,0,60,60,$0.00,0,0.00%,$0.00,$0.00,0,0.00%,$0.00,$0.00,,,,
CHANTILLY HS,5/14/2025,30160,Lay's RF Kettle Original Chips(Each),0,32,32,53,0,34,34,$0.00,0,0.00%,$0.00,$0.00,19,35.85%,$0.00,$0.00,,,,
CHANTILLY HS,5/14/2025,60006,Vegan Burger(Sandwich),0,0,0,11,11,0,11,$6.05,0,0.00%,$0.00,$6.05,0,0.00%,$0.00,$6.05,,,,
CHANTILLY HS,5/14/2025,60007,Cheeseburger(Sandwich),0,0,0,122,82,40,122,$89.06,0,0.00%,$0.00,$89.06,0,0.00%,$0.00,$89.06,,,,
CHANTILLY HS,5/14/2025,60022,Tex Mex Corn(1/2 cup),0,0,0,22,22,0,22,$10.56,0,0.00%,$0.00,$10.56,0,0.00%,$0.00,$10.56,,,,
CHANTILLY HS,5/14/2025,60035,PB&J Power Pack(Power Packs),60,40,100,110,46,57,103,$111.24,0,0.00%,$0.00,$111.24,7,6.36%,$7.56,$118.80,,,,
CHANTILLY HS,5/14/2025,60037,Strawberry & Banana Yogurt Power Pack(Power Packs),5,5,10,20,9,4,13,$10.40,0,0.00%,$0.00,$10.40,7,35.00%,$5.60,$16.00,,,,
CHANTILLY HS,5/14/2025,60040,Grilled Cheese Sandwich(Sandwich),120,20,140,107,28,10,38,$15.96,0,0.00%,$0.00,$15.96,69,64.49%,$28.98,$44.94,,,,
CHANTILLY HS,5/14/2025,60050,Chickenless Bites(2 Bites),50,6,56,10,8,0,8,$3.04,0,0.00%,$0.00,$3.04,2,20.00%,$0.76,$3.80,,,,
CHANTILLY HS,5/14/2025,60050,Chickenless Bites(4 Bites),112,56,168,168,101,11,112,$85.12,0,0.00%,$0.00,$85.12,56,33.33%,$42.56,$127.68,,,,
CHANTILLY HS,5/14/2025,60063,Chicken & Vegetable Dumplings(6 dumplings),114,14,128,132,96,11,107,$0.00,0,0.00%,$0.00,$0.00,25,18.94%,$0.00,$0.00,,,,
CHANTILLY HS,5/14/2025,60078,Nachos with Turkey Barbacoa and Cheese Sauce(Serving),0,0,0,252,111,127,238,$316.54,0,0.00%,$0.00,$316.54,14,5.56%,$18.62,$335.16,,,,
CHANTILLY HS,5/14/2025,60080,Cheese Pizza(Slice),0,0,0,82,53,29,82,$46.74,0,0.00%,$0.00,$46.74,0,0.00%,$0.00,$46.74,,,,
CHANTILLY HS,5/14/2025,60096,Strawberry Parfait(Parfait),0,0,0,10,10,0,10,$9.90,0,0.00%,$0.00,$9.90,0,0.00%,$0.00,$9.90,,,,
CHANTILLY HS,5/14/2025,60148,Turkey Barbacoa Arepa(1 Arepa + #10 scoop of turkey barbacoa),0,0,0,35,14,21,35,$50.40,0,0.00%,$0.00,$50.40,0,0.00%,$0.00,$50.40,,,,
Camelot Elementary,5/14/2025,10033,Chocolate Chip Cookie(1/2 Cookie),0,0,0,7,0,7,7,$0.00,0,0.00%,$0.00,$0.00,0,0.00%,$0.00,$0.00,,,,
Camelot Elementary,5/14/2025,10044,Soft Pretzel(1 pretzel),16,0,16,29,23,4,27,$5.94,0,0.00%,$0.00,$5.94,2,6.90%,$0.44,$6.38,,,,
Camelot Elementary,5/14/2025,10045,"Peanut Butter and Jelly Sandwich, IW(Each)",0,0,0,1,0,1,1,$0.00,0,0.00%,$0.00,$0.00,0,0.00%,$0.00,$0.00,,,,
Camelot Elementary,5/14/2025,10069,Bean and Cheese Pupusa(Pupusa),0,0,0,7,7,0,7,$10.50,0,0.00%,$0.00,$10.50,0,0.00%,$0.00,$10.50,,,,
Camelot Elementary,5/14/2025,10070,Orange Sauce(ounce),0,0,0,64,60,0,60,$8.40,0,0.00%,$0.00,$8.40,4,6.25%,$0.56,$8.96,,,,
Camelot Elementary,5/14/2025,20001,1% White Milk(Each),62,0,62,58,55,1,56,$20.16,0,0.00%,$0.00,$20.16,2,3.45%,$0.72,$20.88,,,,
Camelot Elementary,5/14/2025,20002,Fat Free Chocolate Milk(Each),234,0,234,262,249,12,261,$91.35,0,0.00%,$0.00,$91.35,1,0.38%,$0.35,$91.70,,,,
Camelot Elementary,5/14/2025,20008,Apple Slices(3 slices per 1/4 cup),0,0,0,464,459,0,459,$270.81,0,0.00%,$0.00,$270.81,5,1.08%,$2.95,$273.76,,,,
Camelot Elementary,5/14/2025,20014,Red Delicious Apple(Each - serving),18,0,18,56,55,0,55,$18.15,0,0.00%,$0.00,$18.15,1,1.79%,$0.33,$18.48,,,,
Camelot Elementary,5/14/2025,20016,String Cheese(Each),0,0,0,1,0,1,1,$0.00,0,0.00%,$0.00,$0.00,0,0.00%,$0.00,$0.00,,,,
Camelot Elementary,5/14/2025,20027,Broccoli Florets(1/4 cup),80,0,80,84,83,0,83,$6.64,0,0.00%,$0.00,$6.64,1,1.19%,$0.08,$6.72,,,,
Camelot Elementary,5/14/2025,20028,Lettuce Blend Salad Mix(1/2 cup),112,0,112,120,115,0,115,$9.20,5,4.17%,$0.40,$9.60,0,0.00%,$0.00,$9.60,,,,
Camelot Elementary,5/14/2025,20031,Banana(Each),0,0,0,100,99,0,99,$20.79,0,0.00%,$0.00,$20.79,1,1.00%,$0.21,$21.00,,,,
Camelot Elementary,5/14/2025,20036,Celery Sticks(1/2 cup),0,0,0,48,47,0,47,$25.85,0,0.00%,$0.00,$25.85,1,2.08%,$0.55,$26.40,,,,
Camelot Elementary,5/14/2025,20038,Fat Free White Milk(Each),23,0,23,30,25,0,25,$8.25,0,0.00%,$0.00,$8.25,5,16.67%,$1.65,$9.90,,,,
Camelot Elementary,5/14/2025,20040,Cucumber Slices(1/4 cup),0,0,0,46,44,0,44,$2.64,0,0.00%,$0.00,$2.64,2,4.35%,$0.12,$2.76,,,,
Camelot Elementary,5/14/2025,20040,Cucumber Slices(6 Slices per 1/2 cup),18,0,18,17,16,1,17,$2.04,0,0.00%,$0.00,$2.04,0,0.00%,$0.00,$2.04,,,,
Camelot Elementary,5/14/2025,20052,Assorted  4 oz Yogurt(Container),0,0,0,3,0,3,3,$0.00,0,0.00%,$0.00,$0.00,0,0.00%,$0.00,$0.00,,,,
Camelot Elementary,5/14/2025,30008,Apple Juice(Each),0,0,0,16,0,16,16,$0.00,0,0.00%,$0.00,$0.00,0,0.00%,$0.00,$0.00,,,,
Camelot Elementary,5/14/2025,30009,Orange Tangerine Juice(Each),0,0,0,10,0,10,10,$0.00,0,0.00%,$0.00,$0.00,0,0.00%,$0.00,$0.00,,,,
Camelot Elementary,5/14/2025,30014,Whole Wheat Dinner Roll(Each),11,0,11,23,22,1,23,$3.22,0,0.00%,$0.00,$3.22,0,0.00%,$0.00,$3.22,,,,
Camelot Elementary,5/14/2025,30020,Applesauce(1/2 Cup),26,0,26,23,22,1,23,$4.83,0,0.00%,$0.00,$4.83,0,0.00%,$0.00,$4.83,,,,
Camelot Elementary,5/14/2025,30030,Cheddar Chex Mix(Package),0,0,0,3,0,3,3,$0.00,0,0.00%,$0.00,$0.00,0,0.00%,$0.00,$0.00,,,,
Camelot Elementary,5/14/2025,30033,Cheez-Its Crackers(Package),18,0,18,23,16,7,23,$4.14,0,0.00%,$0.00,$4.14,0,0.00%,$0.00,$4.14,,,,
Camelot Elementary,5/14/2025,30041,Orange Flavored Dried Cranberries(Each),45,0,45,50,49,0,49,$11.76,0,0.00%,$0.00,$11.76,1,2.00%,$0.24,$12.00,,,,
Camelot Elementary,5/14/2025,30097,Bottled Water(Bottle),0,0,0,7,0,7,7,$0.00,0,0.00%,$0.00,$0.00,0,0.00%,$0.00,$0.00,,,,
Camelot Elementary,5/14/2025,30099,Chickpeas(1/4 cup),31,0,31,33,32,0,32,$2.88,0,0.00%,$0.00,$2.88,1,3.03%,$0.09,$2.97,,,,
Camelot Elementary,5/14/2025,30107,Ranch Dressing(1 ounce),23,0,23,24,23,0,23,$2.53,0,0.00%,$0.00,$2.53,1,4.17%,$0.11,$2.64,,,,
Camelot Elementary,5/14/2025,30109,Smartfood RF White Cheddar Popcorn(Each),0,0,0,41,0,41,41,$0.00,0,0.00%,$0.00,$0.00,0,0.00%,$0.00,$0.00,,,,
Camelot Elementary,5/14/2025,60021,Cooked  Brown Rice(1 cup cooked),0,0,0,100,99,0,99,$10.89,0,0.00%,$0.00,$10.89,1,1.00%,$0.11,$11.00,,,,
Camelot Elementary,5/14/2025,60035,PB&J Power Pack(Power Packs),54,0,54,25,20,0,20,$21.60,0,0.00%,$0.00,$21.60,5,20.00%,$5.40,$27.00,,,,
Camelot Elementary,5/14/2025,60036,Cherry Vanilla Yogurt Power Pack(Power Packs),11,0,11,30,28,0,28,$22.40,0,0.00%,$0.00,$22.40,2,6.67%,$1.60,$24.00,,,,
Camelot Elementary,5/14/2025,60037,Strawberry & Banana Yogurt Power Pack(Power Packs),13,0,13,30,26,0,26,$20.80,0,0.00%,$0.00,$20.80,4,13.33%,$3.20,$24.00,,,,
Camelot Elementary,5/14/2025,60038,Peach Yogurt Power Pack(Power Packs),13,0,13,36,31,0,31,$24.80,0,0.00%,$0.00,$24.80,5,13.89%,$4.00,$28.80,,,,
Camelot Elementary,5/14/2025,60045,Cucumber Slices(1/2 cup),8,0,8,6,6,0,6,$0.48,0,0.00%,$0.00,$0.48,0,0.00%,$0.00,$0.48,,,,
Camelot Elementary,5/14/2025,60047,Chicken Tenders(3 tenders),20,0,20,51,48,1,49,$46.06,1,1.96%,$0.94,$47.00,1,1.96%,$0.94,$47.94,,,,
Camelot Elementary,5/14/2025,60050,Chickenless Bites(4 Bites),2,0,2,2,2,0,2,$1.52,0,0.00%,$0.00,$1.52,0,0.00%,$0.00,$1.52,,,,
Camelot Elementary,5/14/2025,60063,Chicken & Vegetable Dumplings(6 dumplings),100,0,100,68,60,4,64,$0.00,0,0.00%,$0.00,$0.00,4,5.88%,$0.00,$0.00,,,,
Camelot Elementary,5/14/2025,60087,Sweet Thai Chili Chicken Wings(3 Wings),0,0,0,94,79,14,93,$112.53,1,1.06%,$1.21,$113.74,0,0.00%,$0.00,$113.74,,,,
Camelot Elementary,5/14/2025,60101,Chickpeas - salad bar entree(1/2 cup),20,0,20,25,23,0,23,$4.14,0,0.00%,$0.00,$4.14,2,8.00%,$0.36,$4.50,,,,
Camelot Elementary,5/14/2025,60156,"Taco, Turkey Barbacoa, Loco Bread(2 Tacos)",0,0,0,23,21,1,22,$25.08,0,0.00%,$0.00,$25.08,1,4.35%,$1.14,$26.22,,,,
Cameron Elementary,5/14/2025,10070,Orange Sauce(ounce),0,0,0,63,57,6,63,$8.82,0,0.00%,$0.00,$8.82,0,0.00%,$0.00,$8.82,,,,
Cameron Elementary,5/14/2025,20001,1% White Milk(Each),208,0,208,254,104,0,104,$37.44,0,0.00%,$0.00,$37.44,150,59.06%,$54.00,$91.44,,,,
Cameron Elementary,5/14/2025,20002,Fat Free Chocolate Milk(Each),142,0,142,800,258,0,258,$90.30,0,0.00%,$0.00,$90.30,542,67.75%,$189.70,$280.00,,,,
Cameron Elementary,5/14/2025,20012,Grape Tomatoes(1/4 cup),0,0,0,72,36,0,36,$9.36,0,0.00%,$0.00,$9.36,36,50.00%,$9.36,$18.72,,,,
Cameron Elementary,5/14/2025,20014,Red Delicious Apple(Each - serving),35,0,35,34,34,0,34,$11.22,0,0.00%,$0.00,$11.22,0,0.00%,$0.00,$11.22,,,,
Cameron Elementary,5/14/2025,20015,Golden Delicious Apple(Each),0,0,0,160,75,0,75,$23.25,0,0.00%,$0.00,$23.25,85,53.13%,$26.35,$49.60,,,,
Cameron Elementary,5/14/2025,20018,Red Seedless Grapes(8 grapes per 1/4 cup),192,0,192,207,207,0,207,$53.82,0,0.00%,$0.00,$53.82,0,0.00%,$0.00,$53.82,,,,
Cameron Elementary,5/14/2025,20027,Broccoli Florets(1/4 cup),91,0,91,63,42,0,42,$3.36,0,0.00%,$0.00,$3.36,21,33.33%,$1.68,$5.04,,,,
Cameron Elementary,5/14/2025,20028,Lettuce Blend Salad Mix(1/2 cup),160,0,160,320,240,0,240,$19.20,0,0.00%,$0.00,$19.20,80,25.00%,$6.40,$25.60,,,,
Cameron Elementary,5/14/2025,20038,Fat Free White Milk(Each),19,0,19,10,10,0,10,$3.30,0,0.00%,$0.00,$3.30,0,0.00%,$0.00,$3.30,,,,
Cameron Elementary,5/14/2025,20040,Cucumber Slices(1/4 cup),0,0,0,92,46,0,46,$2.76,0,0.00%,$0.00,$2.76,46,50.00%,$2.76,$5.52,,,,
Cameron Elementary,5/14/2025,20040,Cucumber Slices(6 Slices per 1/2 cup),32,0,32,36,34,2,36,$4.32,0,0.00%,$0.00,$4.32,0,0.00%,$0.00,$4.32,,,,
Cameron Elementary,5/14/2025,20047,Orange Slices(3 slices per 1/4 cup),0,0,0,272,272,0,272,$54.40,0,0.00%,$0.00,$54.40,0,0.00%,$0.00,$54.40,,,,
Cameron Elementary,5/14/2025,30014,Whole Wheat Dinner Roll(Each),222,0,222,261,251,5,256,$35.84,0,0.00%,$0.00,$35.84,5,1.92%,$0.70,$36.54,,,,
Cameron Elementary,5/14/2025,30020,Applesauce(1/2 Cup),54,0,54,54,54,0,54,$11.34,0,0.00%,$0.00,$11.34,0,0.00%,$0.00,$11.34,,,,
Cameron Elementary,5/14/2025,30033,Cheez-Its Crackers(Package),36,0,36,34,34,0,34,$6.12,0,0.00%,$0.00,$6.12,0,0.00%,$0.00,$6.12,,,,
Cameron Elementary,5/14/2025,30041,Orange Flavored Dried Cranberries(Each),125,0,125,20,20,0,20,$4.80,0,0.00%,$0.00,$4.80,0,0.00%,$0.00,$4.80,,,,
Cameron Elementary,5/14/2025,30077,Italian Dressing(1 ounce),16,0,16,24,8,0,8,$0.64,0,0.00%,$0.00,$0.64,16,66.67%,$1.28,$1.92,,,,
Cameron Elementary,5/14/2025,30107,Ranch Dressing(1 ounce),48,0,48,48,48,0,48,$5.28,0,0.00%,$0.00,$5.28,0,0.00%,$0.00,$5.28,,,,
Cameron Elementary,5/14/2025,60035,PB&J Power Pack(Power Packs),116,0,116,104,99,0,99,$106.92,0,0.00%,$0.00,$106.92,5,4.81%,$5.40,$112.32,,,,
Cameron Elementary,5/14/2025,60038,Peach Yogurt Power Pack(Power Packs),38,0,38,18,13,0,13,$10.40,0,0.00%,$0.00,$10.40,5,27.78%,$4.00,$14.40,,,,
Cameron Elementary,5/14/2025,60045,Cucumber Slices(1/2 cup),17,0,17,21,20,1,21,$1.68,0,0.00%,$0.00,$1.68,0,0.00%,$0.00,$1.68,,,,
Cameron Elementary,5/14/2025,60047,Chicken Tenders(3 tenders),27,0,27,17,17,0,17,$15.98,0,0.00%,$0.00,$15.98,0,0.00%,$0.00,$15.98,,,,
Cameron Elementary,5/14/2025,60050,Chickenless Bites(4 Bites),136,0,136,208,195,5,200,$152.00,3,1.44%,$2.28,$154.28,5,2.40%,$3.80,$158.08,,,,
Cameron Elementary,5/14/2025,60063,Chicken & Vegetable Dumplings(6 dumplings),0,0,0,63,57,6,63,$0.00,0,0.00%,$0.00,$0.00,0,0.00%,$0.00,$0.00,,,,
Cameron Elementary,5/14/2025,60064,Vegetable Dumpling(6 dumplings),0,0,0,53,46,0,46,$0.00,2,3.77%,$0.00,$0.00,5,9.43%,$0.00,$0.00,,,,
Cameron Elementary,5/14/2025,60077,Manager's Vegetable Choice(1/4 cup),88,0,88,48,48,0,48,$0.00,0,0.00%,$0.00,$0.00,0,0.00%,$0.00,$0.00,,,,
Cameron Elementary,5/14/2025,60101,Chickpeas - salad bar entree(1/2 cup),0,0,0,2,0,0,0,$0.00,0,0.00%,$0.00,$0.00,2,100.00%,$0.00,$0.00,,,,
Canterbury Woods Elementary,5/14/2025,10044,Soft Pretzel(1 pretzel),2,0,2,15,0,15,15,$0.00,0,0.00%,$0.00,$0.00,0,0.00%,$0.00,$0.00,,,,
Canterbury Woods Elementary,5/14/2025,10058,Chicken & Vegetable Dumplings(6 dumplings),0,0,0,8,7,0,7,$0.00,1,12.50%,$0.00,$0.00,0,0.00%,$0.00,$0.00,,,,
Canterbury Woods Elementary,5/14/2025,20001,1% White Milk(Each),33,0,33,34,34,0,34,$12.24,0,0.00%,$0.00,$12.24,0,0.00%,$0.00,$12.24,,,,
Canterbury Woods Elementary,5/14/2025,20002,Fat Free Chocolate Milk(Each),152,0,152,183,151,4,155,$54.25,0,0.00%,$0.00,$54.25,28,15.30%,$9.80,$64.05,,,,
Canterbury Woods Elementary,5/14/2025,20012,Grape Tomatoes(1/4 cup),0,0,0,72,69,0,69,$17.94,3,4.17%,$0.78,$18.72,0,0.00%,$0.00,$18.72,,,,
Canterbury Woods Elementary,5/14/2025,20015,Golden Delicious Apple(Each),0,0,0,125,124,0,124,$38.44,1,0.80%,$0.31,$38.75,0,0.00%,$0.00,$38.75,,,,
Canterbury Woods Elementary,5/14/2025,20016,String Cheese(1 Stick),0,0,0,4,0,4,4,$0.00,0,0.00%,$0.00,$0.00,0,0.00%,$0.00,$0.00,,,,
Canterbury Woods Elementary,5/14/2025,20018,Red Seedless Grapes(16 grapes per 1/2 cup),0,0,0,184,181,0,181,$92.31,3,1.63%,$1.53,$93.84,0,0.00%,$0.00,$93.84,,,,
Canterbury Woods Elementary,5/14/2025,20027,Broccoli Florets(1/4 cup),68,0,68,21,18,0,18,$1.44,3,14.29%,$0.24,$1.68,0,0.00%,$0.00,$1.68,,,,
Canterbury Woods Elementary,5/14/2025,20028,Lettuce Blend Salad Mix(1/2 cup),117,0,117,120,117,0,117,$9.36,3,2.50%,$0.24,$9.60,0,0.00%,$0.00,$9.60,,,,
Canterbury Woods Elementary,5/14/2025,20038,Fat Free White Milk(Each),13,0,13,64,34,0,34,$11.22,0,0.00%,$0.00,$11.22,30,46.88%,$9.90,$21.12,,,,
Canterbury Woods Elementary,5/14/2025,20040,Cucumber Slices(1/4 cup),0,0,0,92,89,0,89,$5.34,3,3.26%,$0.18,$5.52,0,0.00%,$0.00,$5.52,,,,
Canterbury Woods Elementary,5/14/2025,30008,Apple Juice(Each),0,0,0,51,0,51,51,$0.00,0,0.00%,$0.00,$0.00,0,0.00%,$0.00,$0.00,,,,
Canterbury Woods Elementary,5/14/2025,30014,Whole Wheat Dinner Roll(Each),117,0,117,72,69,3,72,$10.08,0,0.00%,$0.00,$10.08,0,0.00%,$0.00,$10.08,,,,
Canterbury Woods Elementary,5/14/2025,30031,Strawberry Chex Mix(Package),0,0,0,7,0,7,7,$0.00,0,0.00%,$0.00,$0.00,0,0.00%,$0.00,$0.00,,,,
Canterbury Woods Elementary,5/14/2025,30033,Cheez-Its Crackers(Package),0,0,0,36,0,36,36,$0.00,0,0.00%,$0.00,$0.00,0,0.00%,$0.00,$0.00,,,,
Canterbury Woods Elementary,5/14/2025,30043,Raspberry Lemonade Flavored Dried Cranberries(Each),160,0,160,125,125,0,125,$30.00,0,0.00%,$0.00,$30.00,0,0.00%,$0.00,$30.00,,,,
Canterbury Woods Elementary,5/14/2025,30077,Italian Dressing(1 ounce),10,0,10,10,10,0,10,$0.80,0,0.00%,$0.00,$0.80,0,0.00%,$0.00,$0.80,,,,
Canterbury Woods Elementary,5/14/2025,30078,"Sauce, BBQ, HFCS-Free, Bulk, Low-Sodium(2 TBSP)",0,0,0,10,10,0,10,$1.00,0,0.00%,$0.00,$1.00,0,0.00%,$0.00,$1.00,,,,
Canterbury Woods Elementary,5/14/2025,30094,Doritos Wild White Nacho Flavored Tortilla Chips(Bag),0,0,0,48,0,48,48,$0.00,0,0.00%,$0.00,$0.00,0,0.00%,$0.00,$0.00,,,,
Canterbury Woods Elementary,5/14/2025,30097,Bottled Water(Bottle),0,0,0,17,0,17,17,$0.00,0,0.00%,$0.00,$0.00,0,0.00%,$0.00,$0.00,,,,
Canterbury Woods Elementary,5/14/2025,30099,Chickpeas(1/4 cup),31,0,31,33,30,0,30,$2.70,3,9.09%,$0.27,$2.97,0,0.00%,$0.00,$2.97,,,,
Canterbury Woods Elementary,5/14/2025,30107,Ranch Dressing(1 ounce),36,0,36,24,24,0,24,$2.64,0,0.00%,$0.00,$2.64,0,0.00%,$0.00,$2.64,,,,
Canterbury Woods Elementary,5/14/2025,60007,Cheeseburger(Sandwich),0,0,0,100,94,5,99,$72.27,1,1.00%,$0.73,$73.00,0,0.00%,$0.00,$73.00,,,,
Canterbury Woods Elementary,5/14/2025,60035,PB&J Power Pack(Power Packs),36,0,36,31,28,3,31,$33.48,0,0.00%,$0.00,$33.48,0,0.00%,$0.00,$33.48,,,,
Canterbury Woods Elementary,5/14/2025,60037,Strawberry & Banana Yogurt Power Pack(Power Packs),29,0,29,31,31,0,31,$24.80,0,0.00%,$0.00,$24.80,0,0.00%,$0.00,$24.80,,,,
Canterbury Woods Elementary,5/14/2025,60050,Chickenless Bites(2 Bites),69,0,69,72,67,3,70,$26.60,2,2.78%,$0.76,$27.36,0,0.00%,$0.00,$27.36,,,,
Canterbury Woods Elementary,5/14/2025,60064,Vegetable Dumpling(6 dumplings),0,0,0,16,16,0,16,$0.00,0,0.00%,$0.00,$0.00,0,0.00%,$0.00,$0.00,,,,
Canterbury Woods Elementary,5/14/2025,60091,Assorted Whole Fruit(Piece of Fruit),0,0,0,3,0,3,3,$0.00,0,0.00%,$0.00,$0.00,0,0.00%,$0.00,$0.00,,,,
Canterbury Woods Elementary,5/14/2025,60101,Chickpeas - salad bar entree(1/2 cup),2,0,2,0,0,0,0,$0.00,0,0.00%,$0.00,$0.00,0,0.00%,$0.00,$0.00,,,,
Cardinal Forest Elementary,5/14/2025,10044,Soft Pretzel(1 pretzel),18,0,18,17,17,0,17,$3.74,0,0.00%,$0.00,$3.74,0,0.00%,$0.00,$3.74,,,,
Cardinal Forest Elementary,5/14/2025,10070,Orange Sauce(ounce),55,0,55,60,60,0,60,$8.40,0,0.00%,$0.00,$8.40,0,0.00%,$0.00,$8.40,,,,
Cardinal Forest Elementary,5/14/2025,20001,1% White Milk(Each),87,0,87,134,69,0,69,$24.84,0,0.00%,$0.00,$24.84,65,48.51%,$23.40,$48.24,,,,
Cardinal Forest Elementary,5/14/2025,20002,Fat Free Chocolate Milk(Each),223,0,223,300,155,0,155,$54.25,0,0.00%,$0.00,$54.25,145,48.33%,$50.75,$105.00,,,,
Cardinal Forest Elementary,5/14/2025,20012,Grape Tomatoes(1/4 cup),0,0,0,36,36,0,36,$9.36,0,0.00%,$0.00,$9.36,0,0.00%,$0.00,$9.36,,,,
Cardinal Forest Elementary,5/14/2025,20014,Red Delicious Apple(Each - serving),17,0,17,16,16,0,16,$5.28,0,0.00%,$0.00,$5.28,0,0.00%,$0.00,$5.28,,,,
Cardinal Forest Elementary,5/14/2025,20015,Golden Delicious Apple(Each),0,0,0,80,80,0,80,$24.80,0,0.00%,$0.00,$24.80,0,0.00%,$0.00,$24.80,,,,
Cardinal Forest Elementary,5/14/2025,20016,String Cheese(Each),1,0,1,0,0,0,0,$0.00,0,0.00%,$0.00,$0.00,0,0.00%,$0.00,$0.00,,,,
Cardinal Forest Elementary,5/14/2025,20018,Red Seedless Grapes(8 grapes per 1/4 cup),216,0,216,184,184,0,184,$47.84,0,0.00%,$0.00,$47.84,0,0.00%,$0.00,$47.84,,,,
Cardinal Forest Elementary,5/14/2025,20027,Broccoli Florets(1/4 cup),71,0,71,30,30,0,30,$2.40,0,0.00%,$0.00,$2.40,0,0.00%,$0.00,$2.40,,,,
Cardinal Forest Elementary,5/14/2025,20028,Lettuce Blend Salad Mix(1/2 cup),101,0,101,80,80,0,80,$6.40,0,0.00%,$0.00,$6.40,0,0.00%,$0.00,$6.40,,,,
Cardinal Forest Elementary,5/14/2025,20031,Banana(Each),0,0,0,28,28,0,28,$5.88,0,0.00%,$0.00,$5.88,0,0.00%,$0.00,$5.88,,,,
Cardinal Forest Elementary,5/14/2025,20036,Celery Sticks(1/2 cup),0,0,0,48,48,0,48,$26.40,0,0.00%,$0.00,$26.40,0,0.00%,$0.00,$26.40,,,,
Cardinal Forest Elementary,5/14/2025,20040,Cucumber Slices(1/4 cup),0,0,0,138,138,0,138,$8.28,0,0.00%,$0.00,$8.28,0,0.00%,$0.00,$8.28,,,,
Cardinal Forest Elementary,5/14/2025,20040,Cucumber Slices(6 Slices per 1/2 cup),17,0,17,16,16,0,16,$1.92,0,0.00%,$0.00,$1.92,0,0.00%,$0.00,$1.92,,,,
Cardinal Forest Elementary,5/14/2025,20047,Orange Slices(3 slices per 1/4 cup),0,0,0,68,68,0,68,$13.60,0,0.00%,$0.00,$13.60,0,0.00%,$0.00,$13.60,,,,
Cardinal Forest Elementary,5/14/2025,20052,Assorted  4 oz Yogurt(Container),3,0,3,6,6,0,6,$0.00,0,0.00%,$0.00,$0.00,0,0.00%,$0.00,$0.00,,,,
Cardinal Forest Elementary,5/14/2025,30014,Whole Wheat Dinner Roll(Each),180,0,180,206,197,9,206,$28.84,0,0.00%,$0.00,$28.84,0,0.00%,$0.00,$28.84,,,,
Cardinal Forest Elementary,5/14/2025,30020,Applesauce(1/2 Cup),30,0,30,34,34,0,34,$7.14,0,0.00%,$0.00,$7.14,0,0.00%,$0.00,$7.14,,,,
Cardinal Forest Elementary,5/14/2025,30031,Strawberry Chex Mix(Package),8,0,8,8,8,0,8,$3.60,0,0.00%,$0.00,$3.60,0,0.00%,$0.00,$3.60,,,,
Cardinal Forest Elementary,5/14/2025,30033,Cheez-Its Crackers(Package),17,0,17,16,16,0,16,$2.88,0,0.00%,$0.00,$2.88,0,0.00%,$0.00,$2.88,,,,
Cardinal Forest Elementary,5/14/2025,30039,Cherry Flavored Dried Cranberries(Each),40,0,40,30,30,0,30,$7.20,0,0.00%,$0.00,$7.20,0,0.00%,$0.00,$7.20,,,,
Cardinal Forest Elementary,5/14/2025,30063,Ketchup Packet(Packet),0,0,0,100,100,0,100,$3.00,0,0.00%,$0.00,$3.00,0,0.00%,$0.00,$3.00,,,,
Cardinal Forest Elementary,5/14/2025,30064,Mayonnaise Packet(Packet),0,0,0,50,50,0,50,$5.00,0,0.00%,$0.00,$5.00,0,0.00%,$0.00,$5.00,,,,
Cardinal Forest Elementary,5/14/2025,30077,Italian Dressing(1 ounce),24,0,24,21,21,0,21,$1.68,0,0.00%,$0.00,$1.68,0,0.00%,$0.00,$1.68,,,,
Cardinal Forest Elementary,5/14/2025,30078,"Sauce, BBQ, HFCS-Free, Bulk, Low-Sodium(2 TBSP)",0,0,0,24,24,0,24,$2.40,0,0.00%,$0.00,$2.40,0,0.00%,$0.00,$2.40,,,,
Cardinal Forest Elementary,5/14/2025,30097,Bottled Water(Bottle),10,0,10,10,10,0,10,$1.60,0,0.00%,$0.00,$1.60,0,0.00%,$0.00,$1.60,,,,
Cardinal Forest Elementary,5/14/2025,30099,Chickpeas(1/4 cup),33,0,33,33,33,0,33,$2.97,0,0.00%,$0.00,$2.97,0,0.00%,$0.00,$2.97,,,,
Cardinal Forest Elementary,5/14/2025,30107,Ranch Dressing(1 ounce),48,0,48,48,48,0,48,$5.28,0,0.00%,$0.00,$5.28,0,0.00%,$0.00,$5.28,,,,
Cardinal Forest Elementary,5/14/2025,60035,PB&J Power Pack(Power Packs),36,0,36,38,38,0,38,$41.04,0,0.00%,$0.00,$41.04,0,0.00%,$0.00,$41.04,,,,
Cardinal Forest Elementary,5/14/2025,60037,Strawberry & Banana Yogurt Power Pack(Power Packs),35,0,35,24,24,0,24,$19.20,0,0.00%,$0.00,$19.20,0,0.00%,$0.00,$19.20,,,,
Cardinal Forest Elementary,5/14/2025,60038,Peach Yogurt Power Pack(Power Packs),2,0,2,3,3,0,3,$2.40,0,0.00%,$0.00,$2.40,0,0.00%,$0.00,$2.40,,,,
Cardinal Forest Elementary,5/14/2025,60045,Cucumber Slices(1/2 cup),13,0,13,18,18,0,18,$1.44,0,0.00%,$0.00,$1.44,0,0.00%,$0.00,$1.44,,,,
Cardinal Forest Elementary,5/14/2025,60047,Chicken Tenders(3 tenders),30,0,30,32,31,1,32,$30.08,0,0.00%,$0.00,$30.08,0,0.00%,$0.00,$30.08,,,,
Cardinal Forest Elementary,5/14/2025,60050,Chickenless Bites(4 Bites),161,0,161,173,163,9,172,$130.72,1,0.58%,$0.76,$131.48,0,0.00%,$0.00,$131.48,,,,
Cardinal Forest Elementary,5/14/2025,60063,Chicken & Vegetable Dumplings(6 dumplings),55,0,55,62,61,0,61,$0.00,1,1.61%,$0.00,$0.00,0,0.00%,$0.00,$0.00,,,,
Cardinal Forest Elementary,5/14/2025,60101,Chickpeas - salad bar entree(1/2 cup),6,0,6,1,1,0,1,$0.18,0,0.00%,$0.00,$0.18,0,0.00%,$0.00,$0.18,,,,
Cardinal Forest Elementary,5/14/2025,60150,Strawberry Parfait Power Pack(Power Pack),0,0,0,4,4,0,4,$6.52,0,0.00%,$0.00,$6.52,0,0.00%,$0.00,$6.52,,,,
Carson Middle,5/14/2025,10033,Chocolate Chip Cookie(Cookie),8,0,8,0,0,0,0,$0.00,0,0.00%,$0.00,$0.00,0,0.00%,$0.00,$0.00,,,,
Carson Middle,5/14/2025,10044,Soft Pretzel(1 pretzel),3,0,3,33,22,0,22,$4.84,11,33.33%,$2.42,$7.26,0,0.00%,$0.00,$7.26,,,,
Carson Middle,5/14/2025,10062,Corn(1/2 cup (cooked)),0,0,0,70,56,0,56,$11.76,14,20.00%,$2.94,$14.70,0,0.00%,$0.00,$14.70,,,,
Carson Middle,5/14/2025,10070,Orange Sauce(ounce),0,0,0,50,50,0,50,$7.00,0,0.00%,$0.00,$7.00,0,0.00%,$0.00,$7.00,,,,
Carson Middle,5/14/2025,10075,Cheese Pizza(Slice),0,0,0,44,35,6,41,$23.37,3,6.82%,$1.71,$25.08,0,0.00%,$0.00,$25.08,,,,
Carson Middle,5/14/2025,20001,1% White Milk(Each),47,0,47,64,45,0,45,$16.20,0,0.00%,$0.00,$16.20,19,29.69%,$6.84,$23.04,,,,
Carson Middle,5/14/2025,20002,Fat Free Chocolate Milk(Each),271,0,271,333,300,0,300,$105.00,0,0.00%,$0.00,$105.00,33,9.91%,$11.55,$116.55,,,,
Carson Middle,5/14/2025,20008,Apple Slices(3 slices per 1/4 cup),68,0,68,189,187,0,187,$110.33,2,1.06%,$1.18,$111.51,0,0.00%,$0.00,$111.51,,,,
Carson Middle,5/14/2025,20028,Lettuce Blend Salad Mix(1/2 cup),165,0,165,185,185,0,185,$14.80,0,0.00%,$0.00,$14.80,0,0.00%,$0.00,$14.80,,,,
Carson Middle,5/14/2025,20038,Fat Free White Milk(Each),47,0,47,59,52,0,52,$17.16,0,0.00%,$0.00,$17.16,7,11.86%,$2.31,$19.47,,,,
Carson Middle,5/14/2025,30014,Whole Wheat Dinner Roll(2 rolls),0,0,0,120,110,0,110,$30.80,10,8.33%,$2.80,$33.60,0,0.00%,$0.00,$33.60,,,,
Carson Middle,5/14/2025,30039,Cherry Flavored Dried Cranberries(Each),43,0,43,35,35,0,35,$8.40,0,0.00%,$0.00,$8.40,0,0.00%,$0.00,$8.40,,,,
Carson Middle,5/14/2025,30045,Watermelon Flavored Dried Cranberries(Each),25,0,25,35,35,0,35,$8.40,0,0.00%,$0.00,$8.40,0,0.00%,$0.00,$8.40,,,,
Carson Middle,5/14/2025,30061,Chilled Mandarin Oranges(1/2 cup (drained)),0,0,0,285,275,0,275,$93.50,10,3.51%,$3.40,$96.90,0,0.00%,$0.00,$96.90,,,,
Carson Middle,5/14/2025,30063,Ketchup Packet(Packet),431,0,431,320,320,0,320,$9.60,0,0.00%,$0.00,$9.60,0,0.00%,$0.00,$9.60,,,,
Carson Middle,5/14/2025,30064,Mayonnaise Packet(Packet),87,0,87,150,150,0,150,$15.00,0,0.00%,$0.00,$15.00,0,0.00%,$0.00,$15.00,,,,
Carson Middle,5/14/2025,30065,Mustard Packet(Packet),60,0,60,60,60,0,60,$3.00,0,0.00%,$0.00,$3.00,0,0.00%,$0.00,$3.00,,,,
Carson Middle,5/14/2025,30077,Italian Dressing(1 ounce),18,0,18,10,10,0,10,$0.80,0,0.00%,$0.00,$0.80,0,0.00%,$0.00,$0.80,,,,
Carson Middle,5/14/2025,30097,Bottled Water(Bottle),91,0,91,90,85,0,85,$13.60,5,5.56%,$0.80,$14.40,0,0.00%,$0.00,$14.40,,,,
Carson Middle,5/14/2025,30099,Chickpeas(1/4 cup),40,0,40,46,46,0,46,$4.14,0,0.00%,$0.00,$4.14,0,0.00%,$0.00,$4.14,,,,
Carson Middle,5/14/2025,30107,Ranch Dressing(1 ounce),127,0,127,200,200,0,200,$22.00,0,0.00%,$0.00,$22.00,0,0.00%,$0.00,$22.00,,,,
Carson Middle,5/14/2025,30109,Smartfood RF White Cheddar Popcorn(Each),42,0,42,0,0,0,0,$0.00,0,0.00%,$0.00,$0.00,0,0.00%,$0.00,$0.00,,,,
Carson Middle,5/14/2025,30110,Doritos Flamas(Each),131,0,131,0,0,0,0,$0.00,0,0.00%,$0.00,$0.00,0,0.00%,$0.00,$0.00,,,,
Carson Middle,5/14/2025,30111,Doritos RF Spicy Sweet Chili(Each),137,0,137,0,0,0,0,$0.00,0,0.00%,$0.00,$0.00,0,0.00%,$0.00,$0.00,,,,
Carson Middle,5/14/2025,30112,Doritos RF Nacho Cheese(Each),153,0,153,0,0,0,0,$0.00,0,0.00%,$0.00,$0.00,0,0.00%,$0.00,$0.00,,,,
Carson Middle,5/14/2025,30113,Cool Ranch Reduced Fat Doritos(Each),104,0,104,0,0,0,0,$0.00,0,0.00%,$0.00,$0.00,0,0.00%,$0.00,$0.00,,,,
Carson Middle,5/14/2025,30114,SS Baked Cheetos Flaming Hot(Each),150,0,150,0,0,0,0,$0.00,0,0.00%,$0.00,$0.00,0,0.00%,$0.00,$0.00,,,,
Carson Middle,5/14/2025,30115,SS Baked Cheetos Flaming Limon(Each),178,0,178,0,0,0,0,$0.00,0,0.00%,$0.00,$0.00,0,0.00%,$0.00,$0.00,,,,
Carson Middle,5/14/2025,30116,SS Cheetos Fantastix Flaming Hot(Each),93,0,93,173,173,0,173,$67.47,0,0.00%,$0.00,$67.47,0,0.00%,$0.00,$67.47,,,,
Carson Middle,5/14/2025,30117,WG Baked Funyuns(Each),217,0,217,0,0,0,0,$0.00,0,0.00%,$0.00,$0.00,0,0.00%,$0.00,$0.00,,,,
Carson Middle,5/14/2025,30118,Kettle Cooked Smoky BBQ Chips(Each),225,0,225,60,60,0,60,$36.00,0,0.00%,$0.00,$36.00,0,0.00%,$0.00,$36.00,,,,
Carson Middle,5/14/2025,30119,RF Kettle Chips Jalapeno & Cheddar Chips(Each),131,0,131,0,0,0,0,$0.00,0,0.00%,$0.00,$0.00,0,0.00%,$0.00,$0.00,,,,
Carson Middle,5/14/2025,30120,RF Kettle Chips Sea Salt & Vinegar Chips(Each),61,0,61,0,0,0,0,$0.00,0,0.00%,$0.00,$0.00,0,0.00%,$0.00,$0.00,,,,
Carson Middle,5/14/2025,30124,"Fruit Snacks, Welch's Mixed(Each)",143,0,143,0,0,0,0,$0.00,0,0.00%,$0.00,$0.00,0,0.00%,$0.00,$0.00,,,,
Carson Middle,5/14/2025,30160,Lay's RF Kettle Original Chips(Each),279,0,279,0,0,0,0,$0.00,0,0.00%,$0.00,$0.00,0,0.00%,$0.00,$0.00,,,,
Carson Middle,5/14/2025,60007,Cheeseburger(Sandwich),0,0,0,22,0,22,22,$0.00,0,0.00%,$0.00,$0.00,0,0.00%,$0.00,$0.00,,,,
Carson Middle,5/14/2025,60035,PB&J Power Pack(Power Packs),60,16,76,65,46,19,65,$70.20,0,0.00%,$0.00,$70.20,0,0.00%,$0.00,$70.20,,,,
Carson Middle,5/14/2025,60037,Strawberry & Banana Yogurt Power Pack(Power Packs),15,0,15,6,4,0,4,$3.20,0,0.00%,$0.00,$3.20,2,33.33%,$1.60,$4.80,,,,
Carson Middle,5/14/2025,60038,Peach Yogurt Power Pack(Power Packs),7,0,7,6,3,0,3,$2.40,0,0.00%,$0.00,$2.40,3,50.00%,$2.40,$4.80,,,,
Carson Middle,5/14/2025,60040,Grilled Cheese Sandwich(Sandwich),35,8,43,18,9,7,16,$6.72,2,11.11%,$0.84,$7.56,0,0.00%,$0.00,$7.56,,,,
Carson Middle,5/14/2025,60050,Chickenless Bites(4 Bites),46,16,62,112,88,20,108,$82.08,4,3.57%,$3.04,$85.12,0,0.00%,$0.00,$85.12,,,,
Carson Middle,5/14/2025,60063,Chicken & Vegetable Dumplings(6 dumplings),39,24,63,56,29,19,48,$0.00,8,14.29%,$0.00,$0.00,0,0.00%,$0.00,$0.00,,,,
Carson Middle,5/14/2025,60070,Nachos with Taco Meat and Cheese Sauce(Serving Size),0,0,0,178,152,22,174,$139.20,4,2.25%,$3.20,$142.40,0,0.00%,$0.00,$142.40,,,,
Carson Middle,5/14/2025,60071,Nachos with Cheese Sauce(serving size),0,0,0,160,134,20,154,$118.58,6,3.75%,$4.62,$123.20,0,0.00%,$0.00,$123.20,,,,
Carson Middle,5/14/2025,60075,Spicy Chicken Wrap(Wrap),8,0,8,7,7,0,7,$8.19,0,0.00%,$0.00,$8.19,0,0.00%,$0.00,$8.19,,,,
Carson Middle,5/14/2025,60077,Manager's Vegetable Choice(1/4 cup),73,0,73,90,80,0,80,$0.00,10,11.11%,$0.00,$0.00,0,0.00%,$0.00,$0.00,,,,
Carson Middle,5/14/2025,60101,Chickpeas - salad bar entree(1/2 cup),2,0,2,5,0,0,0,$0.00,5,100.00%,$0.00,$0.00,0,0.00%,$0.00,$0.00,,,,
Centre Ridge Elementary,5/14/2025,10027,"Bread, Loco(1/2 piece)",0,0,0,154,154,0,154,$23.10,0,0.00%,$0.00,$23.10,0,0.00%,$0.00,$23.10,,,,
Centre Ridge Elementary,5/14/2025,10044,Soft Pretzel(1 pretzel),2,0,2,0,0,0,0,$0.00,0,0.00%,$0.00,$0.00,0,0.00%,$0.00,$0.00,,,,
Centre Ridge Elementary,5/14/2025,10069,Bean and Cheese Pupusa(Pupusa),0,0,0,2,2,0,2,$3.00,0,0.00%,$0.00,$3.00,0,0.00%,$0.00,$3.00,,,,
Centre Ridge Elementary,5/14/2025,10070,Orange Sauce(ounce),0,0,0,125,119,0,119,$16.66,0,0.00%,$0.00,$16.66,6,4.80%,$0.84,$17.50,,,,
Centre Ridge Elementary,5/14/2025,20001,1% White Milk(Each),96,0,96,527,108,0,108,$38.88,0,0.00%,$0.00,$38.88,419,79.51%,$150.84,$189.72,,,,
Centre Ridge Elementary,5/14/2025,20002,Fat Free Chocolate Milk(Each),273,0,273,833,284,0,284,$99.40,0,0.00%,$0.00,$99.40,549,65.91%,$192.15,$291.55,,,,
Centre Ridge Elementary,5/14/2025,20012,Grape Tomatoes(1/4 cup),0,0,0,125,123,0,123,$31.98,0,0.00%,$0.00,$31.98,2,1.60%,$0.52,$32.50,,,,
Centre Ridge Elementary,5/14/2025,20014,Red Delicious Apple(Each - serving),36,0,36,35,35,0,35,$11.55,0,0.00%,$0.00,$11.55,0,0.00%,$0.00,$11.55,,,,
Centre Ridge Elementary,5/14/2025,20017,Orange(1/4 cup),0,0,0,276,211,0,211,$35.87,0,0.00%,$0.00,$35.87,65,23.55%,$11.05,$46.92,,,,
Centre Ridge Elementary,5/14/2025,20028,Lettuce Blend Salad Mix(1/2 cup),149,0,149,160,160,0,160,$12.80,0,0.00%,$0.00,$12.80,0,0.00%,$0.00,$12.80,,,,
Centre Ridge Elementary,5/14/2025,20031,Banana(Each),0,0,0,154,153,0,153,$32.13,0,0.00%,$0.00,$32.13,1,0.65%,$0.21,$32.34,,,,
Centre Ridge Elementary,5/14/2025,20038,Fat Free White Milk(Each),17,0,17,162,11,0,11,$3.63,0,0.00%,$0.00,$3.63,151,93.21%,$49.83,$53.46,,,,
Centre Ridge Elementary,5/14/2025,20040,Cucumber Slices(1/4 cup),0,0,0,75,75,0,75,$4.50,0,0.00%,$0.00,$4.50,0,0.00%,$0.00,$4.50,,,,
Centre Ridge Elementary,5/14/2025,20040,Cucumber Slices(6 Slices per 1/2 cup),36,0,36,35,35,0,35,$4.20,0,0.00%,$0.00,$4.20,0,0.00%,$0.00,$4.20,,,,
Centre Ridge Elementary,5/14/2025,20043,"Lactose Free, White Milk(Each)",0,0,0,2,2,0,2,$1.16,0,0.00%,$0.00,$1.16,0,0.00%,$0.00,$1.16,,,,
Centre Ridge Elementary,5/14/2025,20076,"Peppers, green, pre-sliced(1/2 cup sliced)",0,0,0,50,40,0,40,$12.00,0,0.00%,$0.00,$12.00,10,20.00%,$3.00,$15.00,,,,
Centre Ridge Elementary,5/14/2025,20077,"Peppers, red, pre-sliced(1/2 cup sliced)",0,0,0,50,40,0,40,$22.40,0,0.00%,$0.00,$22.40,10,20.00%,$5.60,$28.00,,,,
Centre Ridge Elementary,5/14/2025,30014,Whole Wheat Dinner Roll(Each),26,0,26,35,35,0,35,$4.90,0,0.00%,$0.00,$4.90,0,0.00%,$0.00,$4.90,,,,
Centre Ridge Elementary,5/14/2025,30020,Applesauce(1/2 Cup),45,0,45,45,45,0,45,$9.45,0,0.00%,$0.00,$9.45,0,0.00%,$0.00,$9.45,,,,
Centre Ridge Elementary,5/14/2025,30033,Cheez-Its Crackers(Package),34,0,34,35,35,0,35,$6.30,0,0.00%,$0.00,$6.30,0,0.00%,$0.00,$6.30,,,,
Centre Ridge Elementary,5/14/2025,30077,Italian Dressing(1 ounce),16,0,16,32,17,0,17,$1.36,0,0.00%,$0.00,$1.36,15,46.88%,$1.20,$2.56,,,,
Centre Ridge Elementary,5/14/2025,30099,Chickpeas(1/4 cup),36,0,36,40,24,0,24,$2.16,0,0.00%,$0.00,$2.16,16,40.00%,$1.44,$3.60,,,,
Centre Ridge Elementary,5/14/2025,30107,Ranch Dressing(1 ounce),69,0,69,64,20,0,20,$2.20,0,0.00%,$0.00,$2.20,44,68.75%,$4.84,$7.04,,,,
Centre Ridge Elementary,5/14/2025,60035,PB&J Power Pack(Power Packs),73,0,73,100,84,0,84,$90.72,0,0.00%,$0.00,$90.72,16,16.00%,$17.28,$108.00,,,,
Centre Ridge Elementary,5/14/2025,60036,Cherry Vanilla Yogurt Power Pack(Power Packs),14,0,14,20,10,0,10,$8.00,0,0.00%,$0.00,$8.00,10,50.00%,$8.00,$16.00,,,,
Centre Ridge Elementary,5/14/2025,60037,Strawberry & Banana Yogurt Power Pack(Power Packs),14,0,14,20,12,0,12,$9.60,0,0.00%,$0.00,$9.60,8,40.00%,$6.40,$16.00,,,,
Centre Ridge Elementary,5/14/2025,60038,Peach Yogurt Power Pack(Power Packs),14,0,14,20,12,0,12,$9.60,0,0.00%,$0.00,$9.60,8,40.00%,$6.40,$16.00,,,,
Centre Ridge Elementary,5/14/2025,60045,Cucumber Slices(1/2 cup),8,0,8,10,10,0,10,$0.80,0,0.00%,$0.00,$0.80,0,0.00%,$0.00,$0.80,,,,
Centre Ridge Elementary,5/14/2025,60047,Chicken Tenders(3 tenders),38,0,38,0,0,0,0,$0.00,0,0.00%,$0.00,$0.00,0,0.00%,$0.00,$0.00,,,,
Centre Ridge Elementary,5/14/2025,60050,Chickenless Bites(4 Bites),96,0,96,297,272,2,274,$208.24,1,0.34%,$0.76,$209.00,22,7.41%,$16.72,$225.72,,,,
Centre Ridge Elementary,5/14/2025,60063,Chicken & Vegetable Dumplings(6 dumplings),0,0,0,150,119,4,123,$0.00,1,0.67%,$0.00,$0.00,26,17.33%,$0.00,$0.00,,,,
Centre Ridge Elementary,5/14/2025,60101,Chickpeas - salad bar entree(1/2 cup),12,0,12,0,0,0,0,$0.00,0,0.00%,$0.00,$0.00,0,0.00%,$0.00,$0.00,,,,
Centre Ridge Elementary,5/14/2025,60150,Strawberry Parfait Power Pack(Power Pack),0,0,0,0,0,0,0,$0.00,0,0.00%,$0.00,$0.00,0,0.00%,$0.00,$0.00,,,,
Centreville Elementary,5/14/2025,10044,Soft Pretzel(1 pretzel),2,0,2,7,7,0,7,$1.54,0,0.00%,$0.00,$1.54,0,0.00%,$0.00,$1.54,,,,
Centreville Elementary,5/14/2025,10070,Orange Sauce(ounce),160,0,160,150,129,0,129,$18.06,0,0.00%,$0.00,$18.06,21,14.00%,$2.94,$21.00,,,,
Centreville Elementary,5/14/2025,20001,1% White Milk(Each),74,0,74,240,75,0,75,$27.00,0,0.00%,$0.00,$27.00,165,68.75%,$59.40,$86.40,,,,
Centreville Elementary,5/14/2025,20002,Fat Free Chocolate Milk(Each),208,0,208,589,219,0,219,$76.65,0,0.00%,$0.00,$76.65,370,62.82%,$129.50,$206.15,,,,
Centreville Elementary,5/14/2025,20014,Red Delicious Apple(Each - serving),30,0,30,28,28,0,28,$9.24,0,0.00%,$0.00,$9.24,0,0.00%,$0.00,$9.24,,,,
Centreville Elementary,5/14/2025,20016,String Cheese(Each),1,0,1,0,0,0,0,$0.00,0,0.00%,$0.00,$0.00,0,0.00%,$0.00,$0.00,,,,
Centreville Elementary,5/14/2025,20017,Orange(1/4 cup),238,0,238,268,257,0,257,$43.69,0,0.00%,$0.00,$43.69,11,4.10%,$1.87,$45.56,,,,
Centreville Elementary,5/14/2025,20018,Red Seedless Grapes(8 grapes per 1/4 cup),0,0,0,0,0,0,0,$0.00,0,0.00%,$0.00,$0.00,0,0.00%,$0.00,$0.00,,,,
Centreville Elementary,5/14/2025,20027,Broccoli Florets(1/4 cup),144,0,144,144,142,0,142,$11.36,2,1.39%,$0.16,$11.52,0,0.00%,$0.00,$11.52,,,,
Centreville Elementary,5/14/2025,20028,Lettuce Blend Salad Mix(1/2 cup),160,0,160,160,150,0,150,$12.00,10,6.25%,$0.80,$12.80,0,0.00%,$0.00,$12.80,,,,
Centreville Elementary,5/14/2025,20038,Fat Free White Milk(Each),28,0,28,88,27,0,27,$8.91,0,0.00%,$0.00,$8.91,61,69.32%,$20.13,$29.04,,,,
Centreville Elementary,5/14/2025,20040,Cucumber Slices(6 Slices per 1/2 cup),32,0,32,30,30,0,30,$3.60,0,0.00%,$0.00,$3.60,0,0.00%,$0.00,$3.60,,,,
Centreville Elementary,5/14/2025,20043,"Lactose Free, White Milk(Each)",1,0,1,1,1,0,1,$0.58,0,0.00%,$0.00,$0.58,0,0.00%,$0.00,$0.58,,,,
Centreville Elementary,5/14/2025,20052,Assorted  4 oz Yogurt(Container),1,0,1,0,0,0,0,$0.00,0,0.00%,$0.00,$0.00,0,0.00%,$0.00,$0.00,,,,
Centreville Elementary,5/14/2025,30008,Apple Juice(Each),5,0,5,0,0,0,0,$0.00,0,0.00%,$0.00,$0.00,0,0.00%,$0.00,$0.00,,,,
Centreville Elementary,5/14/2025,30009,Orange Tangerine Juice(Each),0,0,0,0,0,0,0,$0.00,0,0.00%,$0.00,$0.00,0,0.00%,$0.00,$0.00,,,,
Centreville Elementary,5/14/2025,30014,Whole Wheat Dinner Roll(Each),161,0,161,160,157,0,157,$21.98,0,0.00%,$0.00,$21.98,3,1.88%,$0.42,$22.40,,,,
Centreville Elementary,5/14/2025,30020,Applesauce(1/2 Cup),44,0,44,42,42,0,42,$8.82,0,0.00%,$0.00,$8.82,0,0.00%,$0.00,$8.82,,,,
Centreville Elementary,5/14/2025,30020,Applesauce(1/4 cup),288,0,288,288,287,0,287,$31.57,1,0.35%,$0.11,$31.68,0,0.00%,$0.00,$31.68,,,,
Centreville Elementary,5/14/2025,30031,Strawberry Chex Mix(Package),7,0,7,13,13,0,13,$5.85,0,0.00%,$0.00,$5.85,0,0.00%,$0.00,$5.85,,,,
Centreville Elementary,5/14/2025,30033,Cheez-Its Crackers(Package),30,0,30,28,28,0,28,$5.04,0,0.00%,$0.00,$5.04,0,0.00%,$0.00,$5.04,,,,
Centreville Elementary,5/14/2025,30039,Cherry Flavored Dried Cranberries(Each),0,0,0,0,0,0,0,$0.00,0,0.00%,$0.00,$0.00,0,0.00%,$0.00,$0.00,,,,
Centreville Elementary,5/14/2025,30041,Orange Flavored Dried Cranberries(Each),0,0,0,0,0,0,0,$0.00,0,0.00%,$0.00,$0.00,0,0.00%,$0.00,$0.00,,,,
Centreville Elementary,5/14/2025,30042,Original Flavored Dried Cranberries(Package),0,0,0,0,0,0,0,$0.00,0,0.00%,$0.00,$0.00,0,0.00%,$0.00,$0.00,,,,
Centreville Elementary,5/14/2025,30043,Raspberry Lemonade Flavored Dried Cranberries(Each),0,0,0,0,0,0,0,$0.00,0,0.00%,$0.00,$0.00,0,0.00%,$0.00,$0.00,,,,
Centreville Elementary,5/14/2025,30044,Strawberry Flavored Dried Cranberries(Each),0,0,0,0,0,0,0,$0.00,0,0.00%,$0.00,$0.00,0,0.00%,$0.00,$0.00,,,,
Centreville Elementary,5/14/2025,30045,Watermelon Flavored Dried Cranberries(Each),20,0,20,50,40,0,40,$9.60,0,0.00%,$0.00,$9.60,10,20.00%,$2.40,$12.00,,,,
Centreville Elementary,5/14/2025,30077,Italian Dressing(1 ounce),18,0,18,12,6,0,6,$0.48,6,50.00%,$0.48,$0.96,0,0.00%,$0.00,$0.96,,,,
Centreville Elementary,5/14/2025,30097,Bottled Water(Bottle),0,0,0,11,11,0,11,$1.76,0,0.00%,$0.00,$1.76,0,0.00%,$0.00,$1.76,,,,
Centreville Elementary,5/14/2025,30099,Chickpeas(1/4 cup),32,0,32,32,22,0,22,$1.98,0,0.00%,$0.00,$1.98,10,31.25%,$0.90,$2.88,,,,
Centreville Elementary,5/14/2025,30107,Ranch Dressing(1 ounce),45,0,45,48,40,0,40,$4.40,0,0.00%,$0.00,$4.40,8,16.67%,$0.88,$5.28,,,,
Centreville Elementary,5/14/2025,30109,Smartfood RF White Cheddar Popcorn(Each),38,0,38,36,36,0,36,$13.32,0,0.00%,$0.00,$13.32,0,0.00%,$0.00,$13.32,,,,
Centreville Elementary,5/14/2025,30188,"Milk, Soy, Plain, Bulk (12/32 oz)(1 cup)",1,0,1,1,1,0,1,$0.79,0,0.00%,$0.00,$0.79,0,0.00%,$0.00,$0.79,,,,
Centreville Elementary,5/14/2025,60035,PB&J Power Pack(Power Packs),50,0,50,70,67,0,67,$72.36,0,0.00%,$0.00,$72.36,3,4.29%,$3.24,$75.60,,,,
Centreville Elementary,5/14/2025,60036,Cherry Vanilla Yogurt Power Pack(Power Packs),20,0,20,0,0,0,0,$0.00,0,0.00%,$0.00,$0.00,0,0.00%,$0.00,$0.00,,,,
Centreville Elementary,5/14/2025,60037,Strawberry & Banana Yogurt Power Pack(Power Packs),0,0,0,23,8,0,8,$6.40,0,0.00%,$0.00,$6.40,15,65.22%,$12.00,$18.40,,,,
Centreville Elementary,5/14/2025,60038,Peach Yogurt Power Pack(Power Packs),23,0,23,23,21,0,21,$16.80,0,0.00%,$0.00,$16.80,2,8.70%,$1.60,$18.40,,,,
Centreville Elementary,5/14/2025,60045,Cucumber Slices(1/2 cup),12,0,12,12,12,0,12,$0.96,0,0.00%,$0.00,$0.96,0,0.00%,$0.00,$0.96,,,,
Centreville Elementary,5/14/2025,60047,Chicken Tenders(3 tenders),35,0,35,36,36,0,36,$33.84,0,0.00%,$0.00,$33.84,0,0.00%,$0.00,$33.84,,,,
Centreville Elementary,5/14/2025,60050,Chickenless Bites(4 Bites),126,0,126,174,172,0,172,$130.72,2,1.15%,$1.52,$132.24,0,0.00%,$0.00,$132.24,,,,
Centreville Elementary,5/14/2025,60063,Chicken & Vegetable Dumplings(6 dumplings),150,0,150,120,116,0,116,$0.00,4,3.33%,$0.00,$0.00,0,0.00%,$0.00,$0.00,,,,
Centreville Elementary,5/14/2025,60077,Manager's Vegetable Choice(1/4 cup),48,0,48,48,37,0,37,$0.00,0,0.00%,$0.00,$0.00,11,22.92%,$0.00,$0.00,,,,
Centreville Elementary,5/14/2025,60101,Chickpeas - salad bar entree(1/2 cup),2,0,2,0,0,0,0,$0.00,0,0.00%,$0.00,$0.00,0,0.00%,$0.00,$0.00,,,,
Centreville High,5/14/2025,10033,Chocolate Chip Cookie(Cookie),98,0,98,120,116,0,116,$31.32,0,0.00%,$0.00,$31.32,4,3.33%,$1.08,$32.40,,,,
Centreville High,5/14/2025,10044,Soft Pretzel(1 pretzel),5,0,5,1,0,0,0,$0.00,1,100.00%,$0.00,$0.00,0,0.00%,$0.00,$0.00,,,,
Centreville High,5/14/2025,10070,Orange Sauce(ounce),0,0,0,80,80,0,80,$11.20,0,0.00%,$0.00,$11.20,0,0.00%,$0.00,$11.20,,,,
Centreville High,5/14/2025,20001,1% White Milk(Each),70,0,70,70,30,0,30,$10.80,0,0.00%,$0.00,$10.80,40,57.14%,$14.40,$25.20,,,,
Centreville High,5/14/2025,20002,Fat Free Chocolate Milk(Each),350,0,350,300,257,0,257,$89.95,0,0.00%,$0.00,$89.95,43,14.33%,$15.05,$105.00,,,,
Centreville High,5/14/2025,20014,Red Delicious Apple(Each - serving),250,0,250,240,158,0,158,$52.14,0,0.00%,$0.00,$52.14,82,34.17%,$27.06,$79.20,,,,
Centreville High,5/14/2025,20016,String Cheese(Each),2,0,2,2,0,0,0,$0.00,0,0.00%,$0.00,$0.00,2,100.00%,$0.00,$0.00,,,,
Centreville High,5/14/2025,20028,Lettuce Blend Salad Mix(1/2 cup),340,0,340,260,245,0,245,$19.60,15,5.77%,$1.20,$20.80,0,0.00%,$0.00,$20.80,,,,
Centreville High,5/14/2025,20031,Banana(Each),400,0,400,59,59,0,59,$12.39,0,0.00%,$0.00,$12.39,0,0.00%,$0.00,$12.39,,,,
Centreville High,5/14/2025,20038,Fat Free White Milk(Each),40,0,40,40,16,0,16,$5.28,0,0.00%,$0.00,$5.28,24,60.00%,$7.92,$13.20,,,,
Centreville High,5/14/2025,20040,Cucumber Slices(1/4 cup),0,0,0,138,115,0,115,$6.90,0,0.00%,$0.00,$6.90,23,16.67%,$1.38,$8.28,,,,
Centreville High,5/14/2025,20052,Assorted  4 oz Yogurt(Container),2,0,2,2,0,0,0,$0.00,0,0.00%,$0.00,$0.00,2,100.00%,$0.00,$0.00,,,,
Centreville High,5/14/2025,30008,Apple Juice(Each),20,0,20,10,8,0,8,$1.36,0,0.00%,$0.00,$1.36,2,20.00%,$0.34,$1.70,,,,
Centreville High,5/14/2025,30009,Orange Tangerine Juice(Each),2,0,2,2,2,0,2,$0.34,0,0.00%,$0.00,$0.34,0,0.00%,$0.00,$0.34,,,,
Centreville High,5/14/2025,30014,Whole Wheat Dinner Roll(2 rolls),0,0,0,65,63,0,63,$17.64,2,3.08%,$0.56,$18.20,0,0.00%,$0.00,$18.20,,,,
Centreville High,5/14/2025,30033,Cheez-Its Crackers(Package),8,0,8,20,15,0,15,$2.70,0,0.00%,$0.00,$2.70,5,25.00%,$0.90,$3.60,,,,
Centreville High,5/14/2025,30044,Strawberry Flavored Dried Cranberries(Each),350,0,350,320,279,0,279,$66.96,0,0.00%,$0.00,$66.96,41,12.81%,$9.84,$76.80,,,,
Centreville High,5/14/2025,30061,Chilled Mandarin Oranges(1/2 cup (drained)),350,0,350,360,288,0,288,$97.92,0,0.00%,$0.00,$97.92,72,20.00%,$24.48,$122.40,,,,
Centreville High,5/14/2025,30063,Ketchup Packet(Packet),300,0,300,100,60,0,60,$1.80,0,0.00%,$0.00,$1.80,40,40.00%,$1.20,$3.00,,,,
Centreville High,5/14/2025,30064,Mayonnaise Packet(Packet),50,0,50,50,20,0,20,$2.00,0,0.00%,$0.00,$2.00,30,60.00%,$3.00,$5.00,,,,
Centreville High,5/14/2025,30065,Mustard Packet(Packet),50,0,50,50,15,0,15,$0.75,0,0.00%,$0.00,$0.75,35,70.00%,$1.75,$2.50,,,,
Centreville High,5/14/2025,30077,Italian Dressing(1 ounce),170,0,170,96,48,0,48,$3.84,0,0.00%,$0.00,$3.84,48,50.00%,$3.84,$7.68,,,,
Centreville High,5/14/2025,30097,Bottled Water(Bottle),50,0,50,60,51,0,51,$8.16,0,0.00%,$0.00,$8.16,9,15.00%,$1.44,$9.60,,,,
Centreville High,5/14/2025,30099,Chickpeas(1/4 cup),50,0,50,64,14,0,14,$1.26,0,0.00%,$0.00,$1.26,50,78.13%,$4.50,$5.76,,,,
Centreville High,5/14/2025,30107,Ranch Dressing(1 ounce),170,0,170,24,24,0,24,$2.64,0,0.00%,$0.00,$2.64,0,0.00%,$0.00,$2.64,,,,
Centreville High,5/14/2025,30109,Smartfood RF White Cheddar Popcorn(Each),8,0,8,20,20,0,20,$7.40,0,0.00%,$0.00,$7.40,0,0.00%,$0.00,$7.40,,,,
Centreville High,5/14/2025,30110,Doritos Flamas(Each),15,0,15,100,96,0,96,$35.52,0,0.00%,$0.00,$35.52,4,4.00%,$1.48,$37.00,,,,
Centreville High,5/14/2025,30111,Doritos RF Spicy Sweet Chili(Each),12,0,12,40,32,0,32,$11.84,0,0.00%,$0.00,$11.84,8,20.00%,$2.96,$14.80,,,,
Centreville High,5/14/2025,30112,Doritos RF Nacho Cheese(Each),12,0,12,40,36,0,36,$13.32,0,0.00%,$0.00,$13.32,4,10.00%,$1.48,$14.80,,,,
Centreville High,5/14/2025,30113,Cool Ranch Reduced Fat Doritos(Each),12,0,12,20,15,0,15,$5.55,0,0.00%,$0.00,$5.55,5,25.00%,$1.85,$7.40,,,,
Centreville High,5/14/2025,30114,SS Baked Cheetos Flaming Hot(Each),10,0,10,60,51,0,51,$27.03,1,1.67%,$0.53,$27.56,8,13.33%,$4.24,$31.80,,,,
Centreville High,5/14/2025,30116,SS Cheetos Fantastix Flaming Hot(Each),10,0,10,48,48,0,48,$18.72,0,0.00%,$0.00,$18.72,0,0.00%,$0.00,$18.72,,,,
Centreville High,5/14/2025,30117,WG Baked Funyuns(Each),8,0,8,20,20,0,20,$7.20,0,0.00%,$0.00,$7.20,0,0.00%,$0.00,$7.20,,,,
Centreville High,5/14/2025,30118,Kettle Cooked Smoky BBQ Chips(Each),12,0,12,40,36,0,36,$21.60,0,0.00%,$0.00,$21.60,4,10.00%,$2.40,$24.00,,,,
Centreville High,5/14/2025,30119,RF Kettle Chips Jalapeno & Cheddar Chips(Each),25,0,25,140,115,0,115,$69.00,22,15.71%,$13.20,$82.20,3,2.14%,$1.80,$84.00,,,,
Centreville High,5/14/2025,30120,RF Kettle Chips Sea Salt & Vinegar Chips(Each),25,0,25,90,77,0,77,$46.20,4,4.44%,$2.40,$48.60,9,10.00%,$5.40,$54.00,,,,
Centreville High,5/14/2025,30124,"Fruit Snacks, Welch's Mixed(Each)",25,0,25,90,89,0,89,$35.60,0,0.00%,$0.00,$35.60,1,1.11%,$0.40,$36.00,,,,
Centreville High,5/14/2025,30160,Lay's RF Kettle Original Chips(Each),12,0,12,40,33,0,33,$19.80,1,2.50%,$0.60,$20.40,6,15.00%,$3.60,$24.00,,,,
Centreville High,5/14/2025,60007,Cheeseburger(Sandwich),0,0,0,26,26,0,26,$18.98,0,0.00%,$0.00,$18.98,0,0.00%,$0.00,$18.98,,,,
Centreville High,5/14/2025,60022,Tex Mex Corn(1/2 cup),0,0,0,40,30,0,30,$14.40,10,25.00%,$4.80,$19.20,0,0.00%,$0.00,$19.20,,,,
Centreville High,5/14/2025,60035,PB&J Power Pack(Power Packs),100,0,100,90,87,0,87,$93.96,0,0.00%,$0.00,$93.96,3,3.33%,$3.24,$97.20,,,,
Centreville High,5/14/2025,60037,Strawberry & Banana Yogurt Power Pack(Power Packs),5,0,5,4,0,0,0,$0.00,0,0.00%,$0.00,$0.00,4,100.00%,$0.00,$0.00,,,,
Centreville High,5/14/2025,60040,Grilled Cheese Sandwich(Sandwich),80,0,80,30,25,0,25,$10.50,5,16.67%,$2.10,$12.60,0,0.00%,$0.00,$12.60,,,,
Centreville High,5/14/2025,60050,Chickenless Bites(4 Bites),150,0,150,65,63,0,63,$47.88,2,3.08%,$1.52,$49.40,0,0.00%,$0.00,$49.40,,,,
Centreville High,5/14/2025,60064,Vegetable Dumpling(6 dumplings),0,0,0,104,104,0,104,$0.00,0,0.00%,$0.00,$0.00,0,0.00%,$0.00,$0.00,,,,
Centreville High,5/14/2025,60075,Spicy Chicken Wrap(Wrap),50,0,50,30,27,0,27,$31.59,0,0.00%,$0.00,$31.59,3,10.00%,$3.51,$35.10,,,,
Centreville High,5/14/2025,60077,Manager's Vegetable Choice(1/4 cup),200,0,200,144,72,0,72,$0.00,0,0.00%,$0.00,$0.00,72,50.00%,$0.00,$0.00,,,,
Centreville High,5/14/2025,60078,Nachos with Turkey Barbacoa and Cheese Sauce(Serving),400,0,400,288,273,0,273,$363.09,1,0.35%,$1.33,$364.42,14,4.86%,$18.62,$383.04,,,,
Centreville High,5/14/2025,60101,Chickpeas - salad bar entree(1/2 cup),5,0,5,5,0,0,0,$0.00,5,100.00%,$0.00,$0.00,0,0.00%,$0.00,$0.00,,,,
Centreville High,5/14/2025,60124,Nachos with Cheese Sauce(Serving),0,0,0,45,45,0,45,$34.65,0,0.00%,$0.00,$34.65,0,0.00%,$0.00,$34.65,,,,
Centreville High,5/14/2025,60148,Turkey Barbacoa Arepa(1 Arepa + #10 scoop of turkey barbacoa),0,0,0,30,19,0,19,$27.36,11,36.67%,$15.84,$43.20,0,0.00%,$0.00,$43.20,,,,
Centreville High,5/14/2025,60155,Fish  Sandwich(Sandwich),0,0,0,22,10,12,22,$15.40,0,0.00%,$0.00,$15.40,0,0.00%,$0.00,$15.40,,,,
Cherry Run Elementary,5/14/2025,10033,Chocolate Chip Cookie(1/2 Cookie),0,0,0,38,0,38,38,$0.00,0,0.00%,$0.00,$0.00,0,0.00%,$0.00,$0.00,,,,
Cherry Run Elementary,5/14/2025,10044,Soft Pretzel(1 pretzel),2,0,2,13,1,11,12,$2.64,0,0.00%,$0.00,$2.64,1,7.69%,$0.22,$2.86,,,,
Cherry Run Elementary,5/14/2025,20001,1% White Milk(Each),29,0,29,32,28,4,32,$11.52,0,0.00%,$0.00,$11.52,0,0.00%,$0.00,$11.52,,,,
Cherry Run Elementary,5/14/2025,20002,Fat Free Chocolate Milk(Each),122,0,122,122,120,0,120,$42.00,0,0.00%,$0.00,$42.00,2,1.64%,$0.70,$42.70,,,,
Cherry Run Elementary,5/14/2025,20018,Red Seedless Grapes(8 grapes per 1/4 cup),72,0,72,72,72,0,72,$18.72,0,0.00%,$0.00,$18.72,0,0.00%,$0.00,$18.72,,,,
Cherry Run Elementary,5/14/2025,20027,Broccoli Florets(1/4 cup),55,0,55,54,53,0,53,$4.24,0,0.00%,$0.00,$4.24,1,1.85%,$0.08,$4.32,,,,
Cherry Run Elementary,5/14/2025,20028,Lettuce Blend Salad Mix(1/2 cup),48,0,48,36,30,0,30,$2.40,0,0.00%,$0.00,$2.40,6,16.67%,$0.48,$2.88,,,,
Cherry Run Elementary,5/14/2025,20038,Fat Free White Milk(Each),8,0,8,8,8,0,8,$2.64,0,0.00%,$0.00,$2.64,0,0.00%,$0.00,$2.64,,,,
Cherry Run Elementary,5/14/2025,20040,Cucumber Slices(6 Slices per 1/2 cup),16,0,16,16,16,0,16,$1.92,0,0.00%,$0.00,$1.92,0,0.00%,$0.00,$1.92,,,,
Cherry Run Elementary,5/14/2025,30014,Whole Wheat Dinner Roll(Each),74,0,74,81,71,0,71,$9.94,0,0.00%,$0.00,$9.94,10,12.35%,$1.40,$11.34,,,,
Cherry Run Elementary,5/14/2025,30020,Applesauce(1/2 Cup),16,0,16,16,16,0,16,$3.36,0,0.00%,$0.00,$3.36,0,0.00%,$0.00,$3.36,,,,
Cherry Run Elementary,5/14/2025,30020,Applesauce(1/4 cup),20,0,20,64,64,0,64,$7.04,0,0.00%,$0.00,$7.04,0,0.00%,$0.00,$7.04,,,,
Cherry Run Elementary,5/14/2025,30044,Strawberry Flavored Dried Cranberries(Each),31,0,31,20,18,0,18,$4.32,0,0.00%,$0.00,$4.32,2,10.00%,$0.48,$4.80,,,,
Cherry Run Elementary,5/14/2025,30077,Italian Dressing(1 ounce),24,0,24,24,12,0,12,$0.96,0,0.00%,$0.00,$0.96,12,50.00%,$0.96,$1.92,,,,
Cherry Run Elementary,5/14/2025,30094,Doritos Wild White Nacho Flavored Tortilla Chips(Bag),0,0,0,66,0,66,66,$0.00,0,0.00%,$0.00,$0.00,0,0.00%,$0.00,$0.00,,,,
Cherry Run Elementary,5/14/2025,30097,Bottled Water(Bottle),1,0,1,17,0,17,17,$0.00,0,0.00%,$0.00,$0.00,0,0.00%,$0.00,$0.00,,,,
Cherry Run Elementary,5/14/2025,30107,Ranch Dressing(1 ounce),32,0,32,32,32,0,32,$3.52,0,0.00%,$0.00,$3.52,0,0.00%,$0.00,$3.52,,,,
Cherry Run Elementary,5/14/2025,60035,PB&J Power Pack(Power Packs),35,0,35,5,1,0,1,$1.08,0,0.00%,$0.00,$1.08,4,80.00%,$4.32,$5.40,,,,
Cherry Run Elementary,5/14/2025,60037,Strawberry & Banana Yogurt Power Pack(Power Packs),9,0,9,30,25,0,25,$20.00,0,0.00%,$0.00,$20.00,5,16.67%,$4.00,$24.00,,,,
Cherry Run Elementary,5/14/2025,60047,Chicken Tenders(3 tenders),13,0,13,4,4,0,4,$3.76,0,0.00%,$0.00,$3.76,0,0.00%,$0.00,$3.76,,,,
Cherry Run Elementary,5/14/2025,60050,Chickenless Bites(4 Bites),69,0,69,77,67,0,67,$50.92,1,1.30%,$0.76,$51.68,9,11.69%,$6.84,$58.52,,,,
Cherry Run Elementary,5/14/2025,60064,Vegetable Dumpling(6 dumplings),0,0,0,45,37,4,41,$0.00,1,2.22%,$0.00,$0.00,3,6.67%,$0.00,$0.00,,,,
Cherry Run Elementary,5/14/2025,60077,Manager's Vegetable Choice(1/4 cup),50,0,50,65,60,0,60,$0.00,0,0.00%,$0.00,$0.00,5,7.69%,$0.00,$0.00,,,,
Cherry Run Elementary,5/14/2025,60101,Chickpeas - salad bar entree(1/2 cup),17,0,17,17,17,0,17,$3.06,0,0.00%,$0.00,$3.06,0,0.00%,$0.00,$3.06,,,,
Cherry Run Elementary,5/14/2025,60108,Chicken Tenders Sub(Sandwich),0,0,0,38,28,5,33,$40.92,1,2.63%,$1.24,$42.16,4,10.53%,$4.96,$47.12,,,,
Chesterbrook Elementary,5/14/2025,10033,Chocolate Chip Cookie(1/2 Cookie),0,0,0,1,0,1,1,$0.00,0,0.00%,$0.00,$0.00,0,0.00%,$0.00,$0.00,,,,
Chesterbrook Elementary,5/14/2025,10044,Soft Pretzel(1 pretzel),10,0,10,51,4,47,51,$11.22,0,0.00%,$0.00,$11.22,0,0.00%,$0.00,$11.22,,,,
Chesterbrook Elementary,5/14/2025,10073,Whole Strawberries(1/2 cup thawed),5,0,5,40,38,2,40,$13.60,0,0.00%,$0.00,$13.60,0,0.00%,$0.00,$13.60,,,,
Chesterbrook Elementary,5/14/2025,20001,1% White Milk(Each),15,0,15,41,13,23,36,$12.96,0,0.00%,$0.00,$12.96,5,12.20%,$1.80,$14.76,,,,
Chesterbrook Elementary,5/14/2025,20002,Fat Free Chocolate Milk(Each),107,0,107,100,85,0,85,$29.75,0,0.00%,$0.00,$29.75,15,15.00%,$5.25,$35.00,,,,
Chesterbrook Elementary,5/14/2025,20016,String Cheese(Each),0,20,20,13,0,13,13,$0.00,0,0.00%,$0.00,$0.00,0,0.00%,$0.00,$0.00,,,,
Chesterbrook Elementary,5/14/2025,20018,Red Seedless Grapes(8 grapes per 1/4 cup),37,2,39,40,38,2,40,$10.40,0,0.00%,$0.00,$10.40,0,0.00%,$0.00,$10.40,,,,
Chesterbrook Elementary,5/14/2025,20027,Broccoli Florets(1/4 cup),23,0,23,20,20,0,20,$1.60,0,0.00%,$0.00,$1.60,0,0.00%,$0.00,$1.60,,,,
Chesterbrook Elementary,5/14/2025,20028,Lettuce Blend Salad Mix(1/2 cup),48,0,48,40,38,2,40,$3.20,0,0.00%,$0.00,$3.20,0,0.00%,$0.00,$3.20,,,,
Chesterbrook Elementary,5/14/2025,20038,Fat Free White Milk(Each),3,0,3,20,13,2,15,$4.95,0,0.00%,$0.00,$4.95,5,25.00%,$1.65,$6.60,,,,
Chesterbrook Elementary,5/14/2025,20052,Assorted  4 oz Yogurt(Container),0,20,20,2,0,2,2,$0.00,0,0.00%,$0.00,$0.00,0,0.00%,$0.00,$0.00,,,,
Chesterbrook Elementary,5/14/2025,30008,Apple Juice(Each),0,20,20,34,0,34,34,$0.00,0,0.00%,$0.00,$0.00,0,0.00%,$0.00,$0.00,,,,
Chesterbrook Elementary,5/14/2025,30009,Orange Tangerine Juice(Each),0,20,20,30,0,30,30,$0.00,0,0.00%,$0.00,$0.00,0,0.00%,$0.00,$0.00,,,,
Chesterbrook Elementary,5/14/2025,30014,Whole Wheat Dinner Roll(Each),50,0,50,108,78,30,108,$15.12,0,0.00%,$0.00,$15.12,0,0.00%,$0.00,$15.12,,,,
Chesterbrook Elementary,5/14/2025,30039,Cherry Flavored Dried Cranberries(Each),17,4,21,30,30,0,30,$7.20,0,0.00%,$0.00,$7.20,0,0.00%,$0.00,$7.20,,,,
Chesterbrook Elementary,5/14/2025,30041,Orange Flavored Dried Cranberries(Each),14,2,16,30,30,0,30,$7.20,0,0.00%,$0.00,$7.20,0,0.00%,$0.00,$7.20,,,,
Chesterbrook Elementary,5/14/2025,30077,Italian Dressing(1 ounce),7,0,7,24,10,2,12,$0.96,0,0.00%,$0.00,$0.96,12,50.00%,$0.96,$1.92,,,,
Chesterbrook Elementary,5/14/2025,30078,"Sauce, BBQ, HFCS-Free, Bulk, Low-Sodium(2 TBSP)",50,0,50,47,13,34,47,$4.70,0,0.00%,$0.00,$4.70,0,0.00%,$0.00,$4.70,,,,
Chesterbrook Elementary,5/14/2025,30097,Bottled Water(Bottle),0,20,20,42,0,42,42,$0.00,0,0.00%,$0.00,$0.00,0,0.00%,$0.00,$0.00,,,,
Chesterbrook Elementary,5/14/2025,30099,Chickpeas(1/4 cup),16,0,16,40,40,0,40,$3.60,0,0.00%,$0.00,$3.60,0,0.00%,$0.00,$3.60,,,,
Chesterbrook Elementary,5/14/2025,30107,Ranch Dressing(1 ounce),22,0,22,24,10,2,12,$1.32,0,0.00%,$0.00,$1.32,12,50.00%,$1.32,$2.64,,,,
Chesterbrook Elementary,5/14/2025,30109,Smartfood RF White Cheddar Popcorn(Each),0,85,85,98,0,98,98,$0.00,0,0.00%,$0.00,$0.00,0,0.00%,$0.00,$0.00,,,,
Chesterbrook Elementary,5/14/2025,60035,PB&J Power Pack(Power Packs),35,0,35,35,31,4,35,$37.80,0,0.00%,$0.00,$37.80,0,0.00%,$0.00,$37.80,,,,
Chesterbrook Elementary,5/14/2025,60038,Peach Yogurt Power Pack(Power Packs),9,0,9,10,10,0,10,$8.00,0,0.00%,$0.00,$8.00,0,0.00%,$0.00,$8.00,,,,
Chesterbrook Elementary,5/14/2025,60050,Chickenless Bites(4 Bites),50,0,50,108,78,30,108,$82.08,0,0.00%,$0.00,$82.08,0,0.00%,$0.00,$82.08,,,,
Chesterbrook Elementary,5/14/2025,60063,Chicken & Vegetable Dumplings(6 dumplings),50,0,50,47,13,34,47,$0.00,0,0.00%,$0.00,$0.00,0,0.00%,$0.00,$0.00,,,,
Chesterbrook Elementary,5/14/2025,60077,Manager's Vegetable Choice(1/4 cup),43,0,43,40,38,2,40,$0.00,0,0.00%,$0.00,$0.00,0,0.00%,$0.00,$0.00,,,,
Chesterbrook Elementary,5/14/2025,60091,Assorted Whole Fruit(Piece of Fruit),0,0,0,16,0,16,16,$0.00,0,0.00%,$0.00,$0.00,0,0.00%,$0.00,$0.00,,,,
Chesterbrook Elementary,5/14/2025,60101,Chickpeas - salad bar entree(1/2 cup),7,0,7,4,4,0,4,$0.72,0,0.00%,$0.00,$0.72,0,0.00%,$0.00,$0.72,,,,
Chesterbrook Elementary,5/14/2025,60150,Strawberry Parfait Power Pack(Power Pack),5,0,5,4,4,0,4,$6.52,0,0.00%,$0.00,$6.52,0,0.00%,$0.00,$6.52,,,,
Churchill Road Elementary,5/14/2025,10044,Soft Pretzel(1 pretzel),9,0,9,10,10,0,10,$2.20,0,0.00%,$0.00,$2.20,0,0.00%,$0.00,$2.20,,,,
Churchill Road Elementary,5/14/2025,10058,Chicken & Vegetable Dumplings(6 dumplings),0,0,0,77,75,0,75,$0.00,2,2.60%,$0.00,$0.00,0,0.00%,$0.00,$0.00,,,,
Churchill Road Elementary,5/14/2025,10070,Orange Sauce(ounce),0,0,0,70,70,0,70,$9.80,0,0.00%,$0.00,$9.80,0,0.00%,$0.00,$9.80,,,,
Churchill Road Elementary,5/14/2025,20001,1% White Milk(Each),22,0,22,50,24,0,24,$8.64,0,0.00%,$0.00,$8.64,26,52.00%,$9.36,$18.00,,,,
Churchill Road Elementary,5/14/2025,20002,Fat Free Chocolate Milk(Each),138,0,138,150,130,0,130,$45.50,3,2.00%,$1.05,$46.55,17,11.33%,$5.95,$52.50,,,,
Churchill Road Elementary,5/14/2025,20017,Orange(1/4 cup),0,0,0,100,97,0,97,$16.49,3,3.00%,$0.51,$17.00,0,0.00%,$0.00,$17.00,,,,
Churchill Road Elementary,5/14/2025,20023,Baby Carrots(3 baby carrots per 1/4 cup),0,0,0,105,97,0,97,$8.73,8,7.62%,$0.72,$9.45,0,0.00%,$0.00,$9.45,,,,
Churchill Road Elementary,5/14/2025,20027,Broccoli Florets(1/4 cup),19,0,19,96,93,0,93,$7.44,3,3.13%,$0.24,$7.68,0,0.00%,$0.00,$7.68,,,,
Churchill Road Elementary,5/14/2025,20028,Lettuce Blend Salad Mix(1/2 cup),80,0,80,125,121,0,121,$9.68,4,3.20%,$0.32,$10.00,0,0.00%,$0.00,$10.00,,,,
Churchill Road Elementary,5/14/2025,20031,Banana(Each),67,0,67,86,83,0,83,$17.43,3,3.49%,$0.63,$18.06,0,0.00%,$0.00,$18.06,,,,
Churchill Road Elementary,5/14/2025,20038,Fat Free White Milk(Each),16,0,16,50,25,0,25,$8.25,0,0.00%,$0.00,$8.25,25,50.00%,$8.25,$16.50,,,,
Churchill Road Elementary,5/14/2025,30014,Whole Wheat Dinner Roll(Each),48,0,48,133,133,0,133,$18.62,0,0.00%,$0.00,$18.62,0,0.00%,$0.00,$18.62,,,,
Churchill Road Elementary,5/14/2025,30039,Cherry Flavored Dried Cranberries(Each),10,0,10,15,15,0,15,$3.60,0,0.00%,$0.00,$3.60,0,0.00%,$0.00,$3.60,,,,
Churchill Road Elementary,5/14/2025,30041,Orange Flavored Dried Cranberries(Each),32,0,32,20,16,0,16,$3.84,0,0.00%,$0.00,$3.84,4,20.00%,$0.96,$4.80,,,,
Churchill Road Elementary,5/14/2025,30063,Ketchup Packet(Packet),115,0,115,60,58,0,58,$1.74,0,0.00%,$0.00,$1.74,2,3.33%,$0.06,$1.80,,,,
Churchill Road Elementary,5/14/2025,30064,Mayonnaise Packet(Packet),35,0,35,15,14,0,14,$1.40,0,0.00%,$0.00,$1.40,1,6.67%,$0.10,$1.50,,,,
Churchill Road Elementary,5/14/2025,30065,Mustard Packet(Packet),20,0,20,20,9,0,9,$0.45,0,0.00%,$0.00,$0.45,11,55.00%,$0.55,$1.00,,,,
Churchill Road Elementary,5/14/2025,30077,Italian Dressing(1 ounce),30,0,30,55,46,0,46,$3.68,9,16.36%,$0.72,$4.40,0,0.00%,$0.00,$4.40,,,,
Churchill Road Elementary,5/14/2025,30099,Chickpeas(1/4 cup),31,0,31,68,63,0,63,$5.67,5,7.35%,$0.45,$6.12,0,0.00%,$0.00,$6.12,,,,
Churchill Road Elementary,5/14/2025,30107,Ranch Dressing(1 ounce),80,0,80,75,62,0,62,$6.82,13,17.33%,$1.43,$8.25,0,0.00%,$0.00,$8.25,,,,
Churchill Road Elementary,5/14/2025,60035,PB&J Power Pack(Power Packs),38,0,38,50,35,0,35,$37.80,0,0.00%,$0.00,$37.80,15,30.00%,$16.20,$54.00,,,,
Churchill Road Elementary,5/14/2025,60038,Peach Yogurt Power Pack(Power Packs),9,0,9,20,14,0,14,$11.20,0,0.00%,$0.00,$11.20,6,30.00%,$4.80,$16.00,,,,
Churchill Road Elementary,5/14/2025,60050,Chickenless Bites(2 Bites),122,0,122,152,148,0,148,$56.24,4,2.63%,$1.52,$57.76,0,0.00%,$0.00,$57.76,,,,
Churchill Road Elementary,5/14/2025,60101,Chickpeas - salad bar entree(1/2 cup),7,0,7,10,10,0,10,$1.80,0,0.00%,$0.00,$1.80,0,0.00%,$0.00,$1.80,,,,
Churchill Road Elementary,5/14/2025,60148,Turkey Barbacoa Arepa(1 Arepa + #10 scoop of turkey barbacoa),0,0,0,30,26,0,26,$37.44,4,13.33%,$5.76,$43.20,0,0.00%,$0.00,$43.20,,,,
Clearview Elementary,5/14/2025,10044,Soft Pretzel(1 pretzel),15,0,15,45,45,0,45,$9.90,0,0.00%,$0.00,$9.90,0,0.00%,$0.00,$9.90,,,,
Clearview Elementary,5/14/2025,10070,Orange Sauce(ounce),0,0,0,40,40,0,40,$5.60,0,0.00%,$0.00,$5.60,0,0.00%,$0.00,$5.60,,,,
Clearview Elementary,5/14/2025,20001,1% White Milk(Each),110,2,112,220,82,2,84,$30.24,0,0.00%,$0.00,$30.24,136,61.82%,$48.96,$79.20,,,,
Clearview Elementary,5/14/2025,20002,Fat Free Chocolate Milk(Each),262,0,262,355,273,0,273,$95.55,0,0.00%,$0.00,$95.55,82,23.10%,$28.70,$124.25,,,,
Clearview Elementary,5/14/2025,20008,Apple Slices(3 slices per 1/4 cup),0,0,0,497,492,2,494,$291.46,3,0.60%,$1.77,$293.23,0,0.00%,$0.00,$293.23,,,,
Clearview Elementary,5/14/2025,20012,Grape Tomatoes(6 Tomatoes per 1/2 cup),0,0,0,180,175,1,176,$91.52,4,2.22%,$2.08,$93.60,0,0.00%,$0.00,$93.60,,,,
Clearview Elementary,5/14/2025,20016,String Cheese(Each),1,0,1,2,2,0,2,$0.44,0,0.00%,$0.00,$0.44,0,0.00%,$0.00,$0.44,,,,
Clearview Elementary,5/14/2025,20028,Lettuce Blend Salad Mix(1/2 cup),107,3,110,100,93,4,97,$7.76,3,3.00%,$0.24,$8.00,0,0.00%,$0.00,$8.00,,,,
Clearview Elementary,5/14/2025,20031,Banana(Each),0,0,0,182,177,4,181,$38.01,1,0.55%,$0.21,$38.22,0,0.00%,$0.00,$38.22,,,,
Clearview Elementary,5/14/2025,20036,Celery Sticks(1/2 cup),0,0,0,72,68,3,71,$39.05,1,1.39%,$0.55,$39.60,0,0.00%,$0.00,$39.60,,,,
Clearview Elementary,5/14/2025,20038,Fat Free White Milk(Each),5,0,5,22,2,0,2,$0.66,0,0.00%,$0.00,$0.66,20,90.91%,$6.60,$7.26,,,,
Clearview Elementary,5/14/2025,20040,Cucumber Slices(1/4 cup),19,2,21,20,16,4,20,$1.20,0,0.00%,$0.00,$1.20,0,0.00%,$0.00,$1.20,,,,
Clearview Elementary,5/14/2025,20040,Cucumber Slices(6 Slices per 1/2 cup),53,2,55,35,33,2,35,$4.20,0,0.00%,$0.00,$4.20,0,0.00%,$0.00,$4.20,,,,
Clearview Elementary,5/14/2025,20043,"Lactose Free, White Milk(Each)",0,0,0,5,5,0,5,$2.90,0,0.00%,$0.00,$2.90,0,0.00%,$0.00,$2.90,,,,
Clearview Elementary,5/14/2025,20052,Assorted  4 oz Yogurt(Container),1,0,1,3,3,0,3,$0.00,0,0.00%,$0.00,$0.00,0,0.00%,$0.00,$0.00,,,,
Clearview Elementary,5/14/2025,20077,"Peppers, red, pre-sliced(1/2 cup sliced)",0,0,0,105,97,1,98,$54.88,7,6.67%,$3.92,$58.80,0,0.00%,$0.00,$58.80,,,,
Clearview Elementary,5/14/2025,30011,"Salsa, Mild Canned(1.5 oz)",0,0,0,50,50,0,50,$5.00,0,0.00%,$0.00,$5.00,0,0.00%,$0.00,$5.00,,,,
Clearview Elementary,5/14/2025,30014,Whole Wheat Dinner Roll(2 rolls),18,2,20,20,16,4,20,$5.60,0,0.00%,$0.00,$5.60,0,0.00%,$0.00,$5.60,,,,
Clearview Elementary,5/14/2025,30014,Whole Wheat Dinner Roll(Each),99,2,101,286,286,0,286,$40.04,0,0.00%,$0.00,$40.04,0,0.00%,$0.00,$40.04,,,,
Clearview Elementary,5/14/2025,30020,Applesauce(1/2 Cup),71,2,73,60,58,2,60,$12.60,0,0.00%,$0.00,$12.60,0,0.00%,$0.00,$12.60,,,,
Clearview Elementary,5/14/2025,30020,Applesauce(1/4 cup),21,2,23,20,16,4,20,$2.20,0,0.00%,$0.00,$2.20,0,0.00%,$0.00,$2.20,,,,
Clearview Elementary,5/14/2025,30031,Strawberry Chex Mix(Package),7,0,7,3,3,0,3,$1.35,0,0.00%,$0.00,$1.35,0,0.00%,$0.00,$1.35,,,,
Clearview Elementary,5/14/2025,30033,Cheez-Its Crackers(Package),54,0,54,39,39,0,39,$7.02,0,0.00%,$0.00,$7.02,0,0.00%,$0.00,$7.02,,,,
Clearview Elementary,5/14/2025,30045,Watermelon Flavored Dried Cranberries(Each),34,0,34,100,74,0,74,$17.76,0,0.00%,$0.00,$17.76,26,26.00%,$6.24,$24.00,,,,
Clearview Elementary,5/14/2025,30063,Ketchup Packet(Packet),0,0,0,500,486,0,486,$14.58,0,0.00%,$0.00,$14.58,14,2.80%,$0.42,$15.00,,,,
Clearview Elementary,5/14/2025,30077,Italian Dressing(1 ounce),21,0,21,84,79,2,81,$6.48,3,3.57%,$0.24,$6.72,0,0.00%,$0.00,$6.72,,,,
Clearview Elementary,5/14/2025,30094,Doritos Wild White Nacho Flavored Tortilla Chips(Bag),0,0,0,65,65,0,65,$22.75,0,0.00%,$0.00,$22.75,0,0.00%,$0.00,$22.75,,,,
Clearview Elementary,5/14/2025,30097,Bottled Water(Bottle),8,0,8,9,9,0,9,$1.44,0,0.00%,$0.00,$1.44,0,0.00%,$0.00,$1.44,,,,
Clearview Elementary,5/14/2025,30107,Ranch Dressing(1 ounce),43,0,43,48,39,2,41,$4.51,7,14.58%,$0.77,$5.28,0,0.00%,$0.00,$5.28,,,,
Clearview Elementary,5/14/2025,30188,"Milk, Soy, Plain, Bulk (12/32 oz)(1 cup)",0,0,0,1,1,0,1,$0.79,0,0.00%,$0.00,$0.79,0,0.00%,$0.00,$0.79,,,,
Clearview Elementary,5/14/2025,60020,"Quesadilla, Turkey Barbacoa and Cheese(Quesadilla)",0,0,0,45,44,0,44,$53.68,1,2.22%,$1.22,$54.90,0,0.00%,$0.00,$54.90,,,,
Clearview Elementary,5/14/2025,60035,PB&J Power Pack(Power Packs),61,0,61,55,55,0,55,$59.40,0,0.00%,$0.00,$59.40,0,0.00%,$0.00,$59.40,,,,
Clearview Elementary,5/14/2025,60036,Cherry Vanilla Yogurt Power Pack(Power Packs),6,0,6,15,15,0,15,$12.00,0,0.00%,$0.00,$12.00,0,0.00%,$0.00,$12.00,,,,
Clearview Elementary,5/14/2025,60037,Strawberry & Banana Yogurt Power Pack(Power Packs),6,0,6,14,14,0,14,$11.20,0,0.00%,$0.00,$11.20,0,0.00%,$0.00,$11.20,,,,
Clearview Elementary,5/14/2025,60038,Peach Yogurt Power Pack(Power Packs),18,0,18,19,19,0,19,$15.20,0,0.00%,$0.00,$15.20,0,0.00%,$0.00,$15.20,,,,
Clearview Elementary,5/14/2025,60045,Cucumber Slices(1/2 cup),22,0,22,25,25,0,25,$2.00,0,0.00%,$0.00,$2.00,0,0.00%,$0.00,$2.00,,,,
Clearview Elementary,5/14/2025,60047,Chicken Tenders(3 tenders),87,4,91,75,69,6,75,$70.50,0,0.00%,$0.00,$70.50,0,0.00%,$0.00,$70.50,,,,
Clearview Elementary,5/14/2025,60050,Chickenless Bites(2 Bites),3,0,3,0,0,0,0,$0.00,0,0.00%,$0.00,$0.00,0,0.00%,$0.00,$0.00,,,,
Clearview Elementary,5/14/2025,60050,Chickenless Bites(4 Bites),70,6,76,183,175,6,181,$137.56,2,1.09%,$1.52,$139.08,0,0.00%,$0.00,$139.08,,,,
Clearview Elementary,5/14/2025,60056,"Chicken, Bites, Breaded(4 Bites)",0,0,0,15,14,0,14,$11.76,1,6.67%,$0.84,$12.60,0,0.00%,$0.00,$12.60,,,,
Clearview Elementary,5/14/2025,60064,Vegetable Dumpling(6 dumplings),0,0,0,38,35,0,35,$0.00,3,7.89%,$0.00,$0.00,0,0.00%,$0.00,$0.00,,,,
Clearview Elementary,5/14/2025,60101,Chickpeas - salad bar entree(1/2 cup),3,0,3,3,3,0,3,$0.54,0,0.00%,$0.00,$0.54,0,0.00%,$0.00,$0.54,,,,
Clearview Elementary,5/14/2025,x30159,Chickpeas(1/2 cup),0,0,0,32,32,0,32,$5.76,0,0.00%,$0.00,$5.76,0,0.00%,$0.00,$5.76,,,,
Clermont Elementary,5/14/2025,10015,Baked Cheese Sticks(2 Cheese Sticks),0,0,0,42,37,4,41,$27.06,1,2.38%,$0.66,$27.72,0,0.00%,$0.00,$27.72,,,,
Clermont Elementary,5/14/2025,10044,Soft Pretzel(1 pretzel),33,0,33,49,1,44,45,$9.90,0,0.00%,$0.00,$9.90,4,8.16%,$0.88,$10.78,,,,
Clermont Elementary,5/14/2025,10058,Chicken & Vegetable Dumplings(6 dumplings),50,0,50,64,56,6,62,$0.00,1,1.56%,$0.00,$0.00,1,1.56%,$0.00,$0.00,,,,
Clermont Elementary,5/14/2025,10070,Orange Sauce(ounce),50,0,50,35,26,6,32,$4.48,3,8.57%,$0.42,$4.90,0,0.00%,$0.00,$4.90,,,,
Clermont Elementary,5/14/2025,20001,1% White Milk(Each),22,0,22,28,25,0,25,$9.00,0,0.00%,$0.00,$9.00,3,10.71%,$1.08,$10.08,,,,
Clermont Elementary,5/14/2025,20002,Fat Free Chocolate Milk(Each),147,0,147,233,162,0,162,$56.70,0,0.00%,$0.00,$56.70,71,30.47%,$24.85,$81.55,,,,
Clermont Elementary,5/14/2025,20015,Golden Delicious Apple(Each),0,0,0,125,106,0,106,$32.86,0,0.00%,$0.00,$32.86,19,15.20%,$5.89,$38.75,,,,
Clermont Elementary,5/14/2025,20018,Red Seedless Grapes(16 grapes per 1/2 cup),0,0,0,92,92,0,92,$46.92,0,0.00%,$0.00,$46.92,0,0.00%,$0.00,$46.92,,,,
Clermont Elementary,5/14/2025,20028,Lettuce Blend Salad Mix(1/2 cup),38,0,38,40,30,0,30,$2.40,0,0.00%,$0.00,$2.40,10,25.00%,$0.80,$3.20,,,,
Clermont Elementary,5/14/2025,20036,Celery Sticks(1/2 cup),0,0,0,12,12,0,12,$6.60,0,0.00%,$0.00,$6.60,0,0.00%,$0.00,$6.60,,,,
Clermont Elementary,5/14/2025,20038,Fat Free White Milk(Each),9,0,9,28,8,0,8,$2.64,0,0.00%,$0.00,$2.64,20,71.43%,$6.60,$9.24,,,,
Clermont Elementary,5/14/2025,20040,Cucumber Slices(6 Slices per 1/2 cup),0,0,0,46,23,0,23,$2.76,0,0.00%,$0.00,$2.76,23,50.00%,$2.76,$5.52,,,,
Clermont Elementary,5/14/2025,30014,Whole Wheat Dinner Roll(Each),125,0,125,112,97,10,107,$14.98,0,0.00%,$0.00,$14.98,5,4.46%,$0.70,$15.68,,,,
Clermont Elementary,5/14/2025,30024,Black Beans(1/2 Cup),0,0,0,32,16,0,16,$2.72,0,0.00%,$0.00,$2.72,16,50.00%,$2.72,$5.44,,,,
Clermont Elementary,5/14/2025,30041,Orange Flavored Dried Cranberries(Each),32,0,32,30,15,0,15,$3.60,0,0.00%,$0.00,$3.60,15,50.00%,$3.60,$7.20,,,,
Clermont Elementary,5/14/2025,30063,Ketchup Packet(Packet),330,0,330,50,48,0,48,$1.44,0,0.00%,$0.00,$1.44,2,4.00%,$0.06,$1.50,,,,
Clermont Elementary,5/14/2025,30065,Mustard Packet(Packet),10,0,10,5,3,0,3,$0.15,0,0.00%,$0.00,$0.15,2,40.00%,$0.10,$0.25,,,,
Clermont Elementary,5/14/2025,30077,Italian Dressing(1 ounce),10,0,10,24,11,0,11,$0.88,0,0.00%,$0.00,$0.88,13,54.17%,$1.04,$1.92,,,,
Clermont Elementary,5/14/2025,30097,Bottled Water(Bottle),10,0,10,10,0,10,10,$0.00,0,0.00%,$0.00,$0.00,0,0.00%,$0.00,$0.00,,,,
Clermont Elementary,5/14/2025,30102,1% Unflavored Shelf-Stable Milk(Each),0,0,0,5,1,0,1,$0.38,0,0.00%,$0.00,$0.38,4,80.00%,$1.52,$1.90,,,,
Clermont Elementary,5/14/2025,30107,Ranch Dressing(1 ounce),37,0,37,48,38,0,38,$4.18,0,0.00%,$0.00,$4.18,10,20.83%,$1.10,$5.28,,,,
Clermont Elementary,5/14/2025,30109,Smartfood RF White Cheddar Popcorn(Each),100,0,100,71,0,71,71,$0.00,0,0.00%,$0.00,$0.00,0,0.00%,$0.00,$0.00,,,,
Clermont Elementary,5/14/2025,60035,PB&J Power Pack(Power Packs),100,0,100,63,53,2,55,$59.40,0,0.00%,$0.00,$59.40,8,12.70%,$8.64,$68.04,,,,
Clermont Elementary,5/14/2025,60036,Cherry Vanilla Yogurt Power Pack(Power Packs),12,0,12,3,3,0,3,$2.40,0,0.00%,$0.00,$2.40,0,0.00%,$0.00,$2.40,,,,
Clermont Elementary,5/14/2025,60037,Strawberry & Banana Yogurt Power Pack(Power Packs),6,0,6,10,4,0,4,$3.20,0,0.00%,$0.00,$3.20,6,60.00%,$4.80,$8.00,,,,
Clermont Elementary,5/14/2025,60047,Chicken Tenders(3 tenders),0,0,0,30,14,10,24,$22.56,1,3.33%,$0.94,$23.50,5,16.67%,$4.70,$28.20,,,,
Clermont Elementary,5/14/2025,60050,Chickenless Bites(2 Bites),125,0,125,115,76,7,83,$31.54,1,0.87%,$0.38,$31.92,31,26.96%,$11.78,$43.70,,,,
Clermont Elementary,5/14/2025,60100,Black Beans - salad bar entree(1/2 cup),0,0,0,5,1,0,1,$0.17,0,0.00%,$0.00,$0.17,4,80.00%,$0.68,$0.85,,,,
Clermont Elementary,5/14/2025,60121,"Sauce, Spicy Mayo(tbsp)",0,0,0,5,5,0,5,$0.45,0,0.00%,$0.00,$0.45,0,0.00%,$0.00,$0.45,,,,
Clermont Elementary,5/14/2025,60150,Strawberry Parfait Power Pack(Power Pack),0,0,0,3,2,1,3,$4.89,0,0.00%,$0.00,$4.89,0,0.00%,$0.00,$4.89,,,,
Coates Elementary,5/14/2025,10044,Soft Pretzel(1 pretzel),6,0,6,20,15,0,15,$3.30,0,0.00%,$0.00,$3.30,5,25.00%,$1.10,$4.40,,,,
Coates Elementary,5/14/2025,10058,Chicken & Vegetable Dumplings(6 dumplings),0,0,0,70,70,0,70,$0.00,0,0.00%,$0.00,$0.00,0,0.00%,$0.00,$0.00,,,,
Coates Elementary,5/14/2025,10062,Corn(1/2 cup (cooked)),0,0,0,21,21,0,21,$4.41,0,0.00%,$0.00,$4.41,0,0.00%,$0.00,$4.41,,,,
Coates Elementary,5/14/2025,10069,Bean and Cheese Pupusa(Pupusa),0,0,0,9,9,0,9,$13.50,0,0.00%,$0.00,$13.50,0,0.00%,$0.00,$13.50,,,,
Coates Elementary,5/14/2025,10070,Orange Sauce(ounce),0,0,0,70,70,0,70,$9.80,0,0.00%,$0.00,$9.80,0,0.00%,$0.00,$9.80,,,,
Coates Elementary,5/14/2025,20001,1% White Milk(Each),47,0,47,20,19,0,19,$6.84,0,0.00%,$0.00,$6.84,1,5.00%,$0.36,$7.20,,,,
Coates Elementary,5/14/2025,20002,Fat Free Chocolate Milk(Each),390,0,390,569,412,0,412,$144.20,0,0.00%,$0.00,$144.20,157,27.59%,$54.95,$199.15,,,,
Coates Elementary,5/14/2025,20008,Apple Slices(3 slices per 1/4 cup),0,0,0,2016,1888,0,1888,"$1,113.92",0,0.00%,$0.00,"$1,113.92",128,6.35%,$75.52,"$1,189.44",,,,
Coates Elementary,5/14/2025,20012,Grape Tomatoes(1/4 cup),0,0,0,72,62,0,62,$16.12,0,0.00%,$0.00,$16.12,10,13.89%,$2.60,$18.72,,,,
Coates Elementary,5/14/2025,20023,Baby Carrots(3 baby carrots per 1/4 cup),0,0,0,156,108,0,108,$9.72,0,0.00%,$0.00,$9.72,48,30.77%,$4.32,$14.04,,,,
Coates Elementary,5/14/2025,20028,Lettuce Blend Salad Mix(1/2 cup),325,0,325,400,360,0,360,$28.80,0,0.00%,$0.00,$28.80,40,10.00%,$3.20,$32.00,,,,
Coates Elementary,5/14/2025,20031,Banana(Each),194,0,194,298,298,0,298,$62.58,0,0.00%,$0.00,$62.58,0,0.00%,$0.00,$62.58,,,,
Coates Elementary,5/14/2025,20038,Fat Free White Milk(Each),30,0,30,61,52,0,52,$17.16,0,0.00%,$0.00,$17.16,9,14.75%,$2.97,$20.13,,,,
Coates Elementary,5/14/2025,20076,"Peppers, green, pre-sliced(1/2 cup sliced)",0,0,0,21,21,0,21,$6.30,0,0.00%,$0.00,$6.30,0,0.00%,$0.00,$6.30,,,,
Coates Elementary,5/14/2025,30014,Whole Wheat Dinner Roll(2 rolls),0,0,0,130,130,0,130,$36.40,0,0.00%,$0.00,$36.40,0,0.00%,$0.00,$36.40,,,,
Coates Elementary,5/14/2025,30014,Whole Wheat Dinner Roll(Each),403,0,403,364,325,0,325,$45.50,0,0.00%,$0.00,$45.50,39,10.71%,$5.46,$50.96,,,,
Coates Elementary,5/14/2025,30039,Cherry Flavored Dried Cranberries(Each),310,0,310,320,299,0,299,$71.76,0,0.00%,$0.00,$71.76,21,6.56%,$5.04,$76.80,,,,
Coates Elementary,5/14/2025,30063,Ketchup Packet(Packet),784,0,784,1000,850,0,850,$25.50,0,0.00%,$0.00,$25.50,150,15.00%,$4.50,$30.00,,,,
Coates Elementary,5/14/2025,30064,Mayonnaise Packet(Packet),16,0,16,20,5,0,5,$0.50,0,0.00%,$0.00,$0.50,15,75.00%,$1.50,$2.00,,,,
Coates Elementary,5/14/2025,30065,Mustard Packet(Packet),13,0,13,20,5,0,5,$0.25,0,0.00%,$0.00,$0.25,15,75.00%,$0.75,$1.00,,,,
Coates Elementary,5/14/2025,30077,Italian Dressing(1 ounce),12,0,12,24,12,0,12,$0.96,0,0.00%,$0.00,$0.96,12,50.00%,$0.96,$1.92,,,,
Coates Elementary,5/14/2025,30099,Chickpeas(1/4 cup),43,0,43,64,32,0,32,$2.88,0,0.00%,$0.00,$2.88,32,50.00%,$2.88,$5.76,,,,
Coates Elementary,5/14/2025,30107,Ranch Dressing(1 ounce),84,0,84,72,60,0,60,$6.60,0,0.00%,$0.00,$6.60,12,16.67%,$1.32,$7.92,,,,
Coates Elementary,5/14/2025,60021,Cooked  Brown Rice(1 cup cooked),0,0,0,40,40,0,40,$4.40,0,0.00%,$0.00,$4.40,0,0.00%,$0.00,$4.40,,,,
Coates Elementary,5/14/2025,60035,PB&J Power Pack(Power Packs),91,0,91,120,101,0,101,$109.08,0,0.00%,$0.00,$109.08,19,15.83%,$20.52,$129.60,,,,
Coates Elementary,5/14/2025,60037,Strawberry & Banana Yogurt Power Pack(Power Packs),43,0,43,70,56,0,56,$44.80,0,0.00%,$0.00,$44.80,14,20.00%,$11.20,$56.00,,,,
Coates Elementary,5/14/2025,60047,Chicken Tenders(3 tenders),0,0,0,101,101,0,101,$94.94,0,0.00%,$0.00,$94.94,0,0.00%,$0.00,$94.94,,,,
Coates Elementary,5/14/2025,60050,Chickenless Bites(2 Bites),285,0,285,364,325,0,325,$123.50,0,0.00%,$0.00,$123.50,39,10.71%,$14.82,$138.32,,,,
Coates Elementary,5/14/2025,60052,Orange Chickenless Bites(4 bites),0,0,0,69,69,0,69,$60.03,0,0.00%,$0.00,$60.03,0,0.00%,$0.00,$60.03,,,,
Coates Elementary,5/14/2025,60101,Chickpeas - salad bar entree(1/2 cup),38,0,38,64,32,0,32,$5.76,0,0.00%,$0.00,$5.76,32,50.00%,$5.76,$11.52,,,,
Colin Powell Elementary,5/14/2025,10044,Soft Pretzel(1 pretzel),70,0,70,39,39,0,39,$8.58,0,0.00%,$0.00,$8.58,0,0.00%,$0.00,$8.58,,,,
Colin Powell Elementary,5/14/2025,10070,Orange Sauce(ounce),50,0,50,95,74,1,75,$10.50,20,21.05%,$2.80,$13.30,0,0.00%,$0.00,$13.30,,,,
Colin Powell Elementary,5/14/2025,20001,1% White Milk(Each),102,0,102,97,27,0,27,$9.72,0,0.00%,$0.00,$9.72,70,72.16%,$25.20,$34.92,,,,
Colin Powell Elementary,5/14/2025,20002,Fat Free Chocolate Milk(Each),209,0,209,548,205,0,205,$71.75,0,0.00%,$0.00,$71.75,343,62.59%,$120.05,$191.80,,,,
Colin Powell Elementary,5/14/2025,20018,Red Seedless Grapes(16 grapes per 1/2 cup),0,0,0,300,234,0,234,$119.34,0,0.00%,$0.00,$119.34,66,22.00%,$33.66,$153.00,,,,
Colin Powell Elementary,5/14/2025,20027,Broccoli Florets(1/4 cup),84,0,84,138,100,0,100,$8.00,0,0.00%,$0.00,$8.00,38,27.54%,$3.04,$11.04,,,,
Colin Powell Elementary,5/14/2025,20028,Lettuce Blend Salad Mix(1/2 cup),141,0,141,140,120,0,120,$9.60,0,0.00%,$0.00,$9.60,20,14.29%,$1.60,$11.20,,,,
Colin Powell Elementary,5/14/2025,20031,Banana(Each),200,0,200,10,10,0,10,$2.10,0,0.00%,$0.00,$2.10,0,0.00%,$0.00,$2.10,,,,
Colin Powell Elementary,5/14/2025,20038,Fat Free White Milk(Each),48,0,48,47,10,0,10,$3.30,0,0.00%,$0.00,$3.30,37,78.72%,$12.21,$15.51,,,,
Colin Powell Elementary,5/14/2025,20040,Cucumber Slices(1/4 cup),0,0,0,92,46,0,46,$2.76,0,0.00%,$0.00,$2.76,46,50.00%,$2.76,$5.52,,,,
Colin Powell Elementary,5/14/2025,20040,Cucumber Slices(6 Slices per 1/2 cup),13,0,13,14,14,0,14,$1.68,0,0.00%,$0.00,$1.68,0,0.00%,$0.00,$1.68,,,,
Colin Powell Elementary,5/14/2025,20047,Orange Slices(3 slices per 1/4 cup),0,0,0,238,163,0,163,$32.60,0,0.00%,$0.00,$32.60,75,31.51%,$15.00,$47.60,,,,
Colin Powell Elementary,5/14/2025,20052,Assorted  4 oz Yogurt(Container),5,0,5,11,11,0,11,$0.00,0,0.00%,$0.00,$0.00,0,0.00%,$0.00,$0.00,,,,
Colin Powell Elementary,5/14/2025,30008,Apple Juice(Each),15,0,15,21,21,0,21,$3.57,0,0.00%,$0.00,$3.57,0,0.00%,$0.00,$3.57,,,,
Colin Powell Elementary,5/14/2025,30009,Orange Tangerine Juice(Each),15,0,15,20,20,0,20,$3.40,0,0.00%,$0.00,$3.40,0,0.00%,$0.00,$3.40,,,,
Colin Powell Elementary,5/14/2025,30014,Whole Wheat Dinner Roll(Each),148,0,148,108,102,0,102,$14.28,0,0.00%,$0.00,$14.28,6,5.56%,$0.84,$15.12,,,,
Colin Powell Elementary,5/14/2025,30020,Applesauce(1/2 Cup),13,0,13,14,14,0,14,$2.94,0,0.00%,$0.00,$2.94,0,0.00%,$0.00,$2.94,,,,
Colin Powell Elementary,5/14/2025,30031,Strawberry Chex Mix(Package),20,0,20,41,41,0,41,$18.45,0,0.00%,$0.00,$18.45,0,0.00%,$0.00,$18.45,,,,
Colin Powell Elementary,5/14/2025,30043,Raspberry Lemonade Flavored Dried Cranberries(Each),30,0,30,30,26,0,26,$6.24,0,0.00%,$0.00,$6.24,4,13.33%,$0.96,$7.20,,,,
Colin Powell Elementary,5/14/2025,30077,Italian Dressing(1 ounce),54,0,54,100,85,0,85,$6.80,0,0.00%,$0.00,$6.80,15,15.00%,$1.20,$8.00,,,,
Colin Powell Elementary,5/14/2025,30097,Bottled Water(Bottle),10,0,10,11,11,0,11,$1.76,0,0.00%,$0.00,$1.76,0,0.00%,$0.00,$1.76,,,,
Colin Powell Elementary,5/14/2025,30099,Chickpeas(1/4 cup),15,0,15,15,5,0,5,$0.45,0,0.00%,$0.00,$0.45,10,66.67%,$0.90,$1.35,,,,
Colin Powell Elementary,5/14/2025,30107,Ranch Dressing(1 ounce),163,0,163,100,100,0,100,$11.00,0,0.00%,$0.00,$11.00,0,0.00%,$0.00,$11.00,,,,
Colin Powell Elementary,5/14/2025,60035,PB&J Power Pack(Power Packs),45,0,45,40,36,0,36,$38.88,0,0.00%,$0.00,$38.88,4,10.00%,$4.32,$43.20,,,,
Colin Powell Elementary,5/14/2025,60036,Cherry Vanilla Yogurt Power Pack(Power Packs),35,0,35,20,19,0,19,$15.20,0,0.00%,$0.00,$15.20,1,5.00%,$0.80,$16.00,,,,
Colin Powell Elementary,5/14/2025,60037,Strawberry & Banana Yogurt Power Pack(Power Packs),33,0,33,20,17,0,17,$13.60,0,0.00%,$0.00,$13.60,3,15.00%,$2.40,$16.00,,,,
Colin Powell Elementary,5/14/2025,60038,Peach Yogurt Power Pack(Power Packs),2,0,2,2,2,0,2,$1.60,0,0.00%,$0.00,$1.60,0,0.00%,$0.00,$1.60,,,,
Colin Powell Elementary,5/14/2025,60040,Grilled Cheese Sandwich(Sandwich),0,0,0,83,83,0,83,$34.86,0,0.00%,$0.00,$34.86,0,0.00%,$0.00,$34.86,,,,
Colin Powell Elementary,5/14/2025,60047,Chicken Tenders(3 tenders),10,0,10,10,10,0,10,$9.40,0,0.00%,$0.00,$9.40,0,0.00%,$0.00,$9.40,,,,
Colin Powell Elementary,5/14/2025,60050,Chickenless Bites(4 Bites),136,0,136,96,90,0,90,$68.40,0,0.00%,$0.00,$68.40,6,6.25%,$4.56,$72.96,,,,
Colin Powell Elementary,5/14/2025,60063,Chicken & Vegetable Dumplings(6 dumplings),150,0,150,121,117,1,118,$0.00,0,0.00%,$0.00,$0.00,3,2.48%,$0.00,$0.00,,,,
Colin Powell Elementary,5/14/2025,60077,Manager's Vegetable Choice(1/4 cup),95,0,95,116,101,0,101,$0.00,0,0.00%,$0.00,$0.00,15,12.93%,$0.00,$0.00,,,,
Colin Powell Elementary,5/14/2025,60149,Hot Turkey & Cheese(sandwich),0,0,0,26,25,1,26,$33.80,0,0.00%,$0.00,$33.80,0,0.00%,$0.00,$33.80,,,,
Colin Powell Elementary,5/14/2025,60150,Strawberry Parfait Power Pack(Power Pack),10,0,10,5,5,0,5,$8.15,0,0.00%,$0.00,$8.15,0,0.00%,$0.00,$8.15,,,,
Columbia Elementary,5/14/2025,10011,Sweet Thai Chili Sauce(ounce),0,0,0,50,20,3,23,$3.22,0,0.00%,$0.00,$3.22,27,54.00%,$3.78,$7.00,,,,
Columbia Elementary,5/14/2025,10027,"Bread, Loco(1/2 piece)",0,0,0,9,9,0,9,$1.35,0,0.00%,$0.00,$1.35,0,0.00%,$0.00,$1.35,,,,
Columbia Elementary,5/14/2025,10044,Soft Pretzel(1 pretzel),1,0,1,5,0,0,0,$0.00,0,0.00%,$0.00,$0.00,5,100.00%,$0.00,$0.00,,,,
Columbia Elementary,5/14/2025,20001,1% White Milk(Each),70,0,70,66,50,0,50,$18.00,0,0.00%,$0.00,$18.00,16,24.24%,$5.76,$23.76,,,,
Columbia Elementary,5/14/2025,20002,Fat Free Chocolate Milk(Each),88,0,88,110,101,0,101,$35.35,0,0.00%,$0.00,$35.35,9,8.18%,$3.15,$38.50,,,,
Columbia Elementary,5/14/2025,20008,Apple Slices(3 slices per 1/4 cup),0,0,0,125,100,0,100,$59.00,0,0.00%,$0.00,$59.00,25,20.00%,$14.75,$73.75,,,,
Columbia Elementary,5/14/2025,20016,String Cheese(Each),0,0,0,0,0,0,0,$0.00,0,0.00%,$0.00,$0.00,0,0.00%,$0.00,$0.00,,,,
Columbia Elementary,5/14/2025,20036,Celery Sticks(1/2 cup),0,0,0,75,70,0,70,$38.50,0,0.00%,$0.00,$38.50,5,6.67%,$2.75,$41.25,,,,
Columbia Elementary,5/14/2025,20038,Fat Free White Milk(Each),33,0,33,50,26,0,26,$8.58,0,0.00%,$0.00,$8.58,24,48.00%,$7.92,$16.50,,,,
Columbia Elementary,5/14/2025,20040,Cucumber Slices(6 Slices per 1/2 cup),16,0,16,16,15,0,15,$1.80,0,0.00%,$0.00,$1.80,1,6.25%,$0.12,$1.92,,,,
Columbia Elementary,5/14/2025,20047,Orange Slices(3 slices per 1/4 cup),0,0,0,120,110,0,110,$22.00,0,0.00%,$0.00,$22.00,10,8.33%,$2.00,$24.00,,,,
Columbia Elementary,5/14/2025,20052,Assorted  4 oz Yogurt(Container),1,0,1,0,0,0,0,$0.00,0,0.00%,$0.00,$0.00,0,0.00%,$0.00,$0.00,,,,
Columbia Elementary,5/14/2025,20077,"Peppers, red, pre-sliced(1/2 cup sliced)",0,0,0,75,40,0,40,$22.40,0,0.00%,$0.00,$22.40,35,46.67%,$19.60,$42.00,,,,
Columbia Elementary,5/14/2025,30008,Apple Juice(Each),0,0,0,0,0,0,0,$0.00,0,0.00%,$0.00,$0.00,0,0.00%,$0.00,$0.00,,,,
Columbia Elementary,5/14/2025,30009,Orange Tangerine Juice(Each),0,0,0,0,0,0,0,$0.00,0,0.00%,$0.00,$0.00,0,0.00%,$0.00,$0.00,,,,
Columbia Elementary,5/14/2025,30014,Whole Wheat Dinner Roll(Each),116,0,116,136,121,0,121,$16.94,0,0.00%,$0.00,$16.94,15,11.03%,$2.10,$19.04,,,,
Columbia Elementary,5/14/2025,30020,Applesauce(1/2 Cup),16,0,16,16,15,0,15,$3.15,0,0.00%,$0.00,$3.15,1,6.25%,$0.21,$3.36,,,,
Columbia Elementary,5/14/2025,30031,Strawberry Chex Mix(Package),15,0,15,10,0,1,1,$0.00,0,0.00%,$0.00,$0.00,9,90.00%,$0.00,$0.00,,,,
Columbia Elementary,5/14/2025,30039,Cherry Flavored Dried Cranberries(Each),0,0,0,0,0,0,0,$0.00,0,0.00%,$0.00,$0.00,0,0.00%,$0.00,$0.00,,,,
Columbia Elementary,5/14/2025,30041,Orange Flavored Dried Cranberries(Each),0,0,0,0,0,0,0,$0.00,0,0.00%,$0.00,$0.00,0,0.00%,$0.00,$0.00,,,,
Columbia Elementary,5/14/2025,30042,Original Flavored Dried Cranberries(Package),0,0,0,0,0,0,0,$0.00,0,0.00%,$0.00,$0.00,0,0.00%,$0.00,$0.00,,,,
Columbia Elementary,5/14/2025,30043,Raspberry Lemonade Flavored Dried Cranberries(Each),0,0,0,0,0,0,0,$0.00,0,0.00%,$0.00,$0.00,0,0.00%,$0.00,$0.00,,,,
Columbia Elementary,5/14/2025,30044,Strawberry Flavored Dried Cranberries(Each),0,0,0,0,0,0,0,$0.00,0,0.00%,$0.00,$0.00,0,0.00%,$0.00,$0.00,,,,
Columbia Elementary,5/14/2025,30045,Watermelon Flavored Dried Cranberries(Each),0,0,0,60,50,0,50,$12.00,0,0.00%,$0.00,$12.00,10,16.67%,$2.40,$14.40,,,,
Columbia Elementary,5/14/2025,30077,Italian Dressing(1 ounce),0,0,0,0,0,0,0,$0.00,0,0.00%,$0.00,$0.00,0,0.00%,$0.00,$0.00,,,,
Columbia Elementary,5/14/2025,30097,Bottled Water(Bottle),0,0,0,5,0,1,1,$0.00,0,0.00%,$0.00,$0.00,4,80.00%,$0.00,$0.00,,,,
Columbia Elementary,5/14/2025,30099,Chickpeas(1/4 cup),75,0,75,75,63,0,63,$5.67,0,0.00%,$0.00,$5.67,12,16.00%,$1.08,$6.75,,,,
Columbia Elementary,5/14/2025,30107,Ranch Dressing(1 ounce),25,0,25,0,0,0,0,$0.00,0,0.00%,$0.00,$0.00,0,0.00%,$0.00,$0.00,,,,
Columbia Elementary,5/14/2025,30109,Smartfood RF White Cheddar Popcorn(Each),35,0,35,35,0,21,21,$0.00,0,0.00%,$0.00,$0.00,14,40.00%,$0.00,$0.00,,,,
Columbia Elementary,5/14/2025,60035,PB&J Power Pack(Power Packs),50,0,50,35,14,0,14,$15.12,0,0.00%,$0.00,$15.12,21,60.00%,$22.68,$37.80,,,,
Columbia Elementary,5/14/2025,60036,Cherry Vanilla Yogurt Power Pack(Power Packs),15,0,15,15,10,0,10,$8.00,0,0.00%,$0.00,$8.00,5,33.33%,$4.00,$12.00,,,,
Columbia Elementary,5/14/2025,60037,Strawberry & Banana Yogurt Power Pack(Power Packs),15,0,15,15,10,0,10,$8.00,0,0.00%,$0.00,$8.00,5,33.33%,$4.00,$12.00,,,,
Columbia Elementary,5/14/2025,60038,Peach Yogurt Power Pack(Power Packs),15,0,15,15,10,0,10,$8.00,0,0.00%,$0.00,$8.00,5,33.33%,$4.00,$12.00,,,,
Columbia Elementary,5/14/2025,60047,Chicken Tenders(3 tenders),0,0,0,0,0,0,0,$0.00,0,0.00%,$0.00,$0.00,0,0.00%,$0.00,$0.00,,,,
Columbia Elementary,5/14/2025,60050,Chickenless Bites(4 Bites),116,0,116,136,121,0,121,$91.96,0,0.00%,$0.00,$91.96,15,11.03%,$11.40,$103.36,,,,
Columbia Elementary,5/14/2025,60064,Vegetable Dumpling(6 dumplings),0,0,0,50,20,3,23,$0.00,0,0.00%,$0.00,$0.00,27,54.00%,$0.00,$0.00,,,,
Columbia Elementary,5/14/2025,60077,Manager's Vegetable Choice(1/4 cup),75,0,75,100,85,0,85,$0.00,0,0.00%,$0.00,$0.00,15,15.00%,$0.00,$0.00,,,,
Columbia Elementary,5/14/2025,60101,Chickpeas - salad bar entree(1/2 cup),1,0,1,5,0,0,0,$0.00,0,0.00%,$0.00,$0.00,5,100.00%,$0.00,$0.00,,,,
Columbia Elementary,5/14/2025,60148,Turkey Barbacoa Arepa(1 Arepa + #10 scoop of turkey barbacoa),0,0,0,9,9,0,9,$12.96,0,0.00%,$0.00,$12.96,0,0.00%,$0.00,$12.96,,,,
Columbia Elementary,5/14/2025,60150,Strawberry Parfait Power Pack(Power Pack),5,0,5,5,0,0,0,$0.00,0,0.00%,$0.00,$0.00,5,100.00%,$0.00,$0.00,,,,
Colvin Run Elementary,5/14/2025,10011,Sweet Thai Chili Sauce(ounce),0,0,0,60,55,0,55,$7.70,5,8.33%,$0.70,$8.40,0,0.00%,$0.00,$8.40,,,,
Colvin Run Elementary,5/14/2025,10044,Soft Pretzel(1 pretzel),5,0,5,58,8,50,58,$12.76,0,0.00%,$0.00,$12.76,0,0.00%,$0.00,$12.76,,,,
Colvin Run Elementary,5/14/2025,20001,1% White Milk(Each),34,0,34,50,28,0,28,$10.08,0,0.00%,$0.00,$10.08,22,44.00%,$7.92,$18.00,,,,
Colvin Run Elementary,5/14/2025,20002,Fat Free Chocolate Milk(Each),87,0,87,200,115,46,161,$56.35,0,0.00%,$0.00,$56.35,39,19.50%,$13.65,$70.00,,,,
Colvin Run Elementary,5/14/2025,20016,String Cheese(Each),0,0,0,23,0,23,23,$0.00,0,0.00%,$0.00,$0.00,0,0.00%,$0.00,$0.00,,,,
Colvin Run Elementary,5/14/2025,20028,Lettuce Blend Salad Mix(1/2 cup),85,0,85,90,78,0,78,$6.24,0,0.00%,$0.00,$6.24,12,13.33%,$0.96,$7.20,,,,
Colvin Run Elementary,5/14/2025,20031,Banana(Each),0,0,0,210,171,0,171,$35.91,0,0.00%,$0.00,$35.91,39,18.57%,$8.19,$44.10,,,,
Colvin Run Elementary,5/14/2025,20038,Fat Free White Milk(Each),57,0,57,30,14,0,14,$4.62,0,0.00%,$0.00,$4.62,16,53.33%,$5.28,$9.90,,,,
Colvin Run Elementary,5/14/2025,20040,Cucumber Slices(1/4 cup),0,0,0,200,166,0,166,$9.96,0,0.00%,$0.00,$9.96,34,17.00%,$2.04,$12.00,,,,
Colvin Run Elementary,5/14/2025,20047,Orange Slices(3 slices per 1/4 cup),0,0,0,150,122,0,122,$24.40,0,0.00%,$0.00,$24.40,28,18.67%,$5.60,$30.00,,,,
Colvin Run Elementary,5/14/2025,20052,Assorted  4 oz Yogurt(Container),0,0,0,35,0,35,35,$0.00,0,0.00%,$0.00,$0.00,0,0.00%,$0.00,$0.00,,,,
Colvin Run Elementary,5/14/2025,30033,Cheez-Its Crackers(Package),0,0,0,40,0,40,40,$0.00,0,0.00%,$0.00,$0.00,0,0.00%,$0.00,$0.00,,,,
Colvin Run Elementary,5/14/2025,30044,Strawberry Flavored Dried Cranberries(Each),72,0,72,80,45,24,69,$16.56,0,0.00%,$0.00,$16.56,11,13.75%,$2.64,$19.20,,,,
Colvin Run Elementary,5/14/2025,30077,Italian Dressing(1 ounce),20,0,20,30,20,0,20,$1.60,0,0.00%,$0.00,$1.60,10,33.33%,$0.80,$2.40,,,,
Colvin Run Elementary,5/14/2025,30097,Bottled Water(Bottle),0,0,0,15,0,15,15,$0.00,0,0.00%,$0.00,$0.00,0,0.00%,$0.00,$0.00,,,,
Colvin Run Elementary,5/14/2025,30099,Chickpeas(1/4 cup),26,0,26,30,28,0,28,$2.52,2,6.67%,$0.18,$2.70,0,0.00%,$0.00,$2.70,,,,
Colvin Run Elementary,5/14/2025,30107,Ranch Dressing(1 ounce),30,0,30,40,30,0,30,$3.30,0,0.00%,$0.00,$3.30,10,25.00%,$1.10,$4.40,,,,
Colvin Run Elementary,5/14/2025,30109,Smartfood RF White Cheddar Popcorn(Each),0,0,0,98,0,98,98,$0.00,0,0.00%,$0.00,$0.00,0,0.00%,$0.00,$0.00,,,,
Colvin Run Elementary,5/14/2025,60035,PB&J Power Pack(Power Packs),39,0,39,70,45,21,66,$71.28,0,0.00%,$0.00,$71.28,4,5.71%,$4.32,$75.60,,,,
Colvin Run Elementary,5/14/2025,60036,Cherry Vanilla Yogurt Power Pack(Power Packs),8,0,8,5,5,0,5,$4.00,0,0.00%,$0.00,$4.00,0,0.00%,$0.00,$4.00,,,,
Colvin Run Elementary,5/14/2025,60042,Beef Meatball Sub Sandwich(Sandwich),0,0,0,105,85,15,100,$128.00,5,4.76%,$6.40,$134.40,0,0.00%,$0.00,$134.40,,,,
Colvin Run Elementary,5/14/2025,60063,Chicken & Vegetable Dumplings(6 dumplings),0,0,0,22,14,8,22,$0.00,0,0.00%,$0.00,$0.00,0,0.00%,$0.00,$0.00,,,,
Colvin Run Elementary,5/14/2025,60064,Vegetable Dumpling(6 dumplings),0,0,0,60,31,26,57,$0.00,3,5.00%,$0.00,$0.00,0,0.00%,$0.00,$0.00,,,,
Colvin Run Elementary,5/14/2025,60077,Manager's Vegetable Choice(1/4 cup),158,0,158,150,129,0,129,$0.00,0,0.00%,$0.00,$0.00,21,14.00%,$0.00,$0.00,,,,
Cooper Middle,5/14/2025,10006,"Frozen, Blueberries(1/2 cup)",0,0,0,32,32,0,32,$12.80,0,0.00%,$0.00,$12.80,0,0.00%,$0.00,$12.80,,,,
Cooper Middle,5/14/2025,10023,Blueberry Bread(1oz Grain (1/64 Baked Pan)),0,0,0,28,28,0,28,$11.48,0,0.00%,$0.00,$11.48,0,0.00%,$0.00,$11.48,,,,
Cooper Middle,5/14/2025,10027,"Bread, Loco(flatbread)",150,0,150,120,115,0,115,$34.50,0,0.00%,$0.00,$34.50,5,4.17%,$1.50,$36.00,,,,
Cooper Middle,5/14/2025,10033,Chocolate Chip Cookie(Cookie),365,0,365,267,267,0,267,$72.09,0,0.00%,$0.00,$72.09,0,0.00%,$0.00,$72.09,,,,
Cooper Middle,5/14/2025,10044,Soft Pretzel(1 pretzel),18,0,18,12,12,0,12,$2.64,0,0.00%,$0.00,$2.64,0,0.00%,$0.00,$2.64,,,,
Cooper Middle,5/14/2025,10067,Roasted Plantains(3 Slices),0,0,0,20,20,0,20,$6.80,0,0.00%,$0.00,$6.80,0,0.00%,$0.00,$6.80,,,,
Cooper Middle,5/14/2025,10069,Bean and Cheese Pupusa(Pupusa),0,0,0,4,4,0,4,$6.00,0,0.00%,$0.00,$6.00,0,0.00%,$0.00,$6.00,,,,
Cooper Middle,5/14/2025,10070,Orange Sauce(ounce),32,0,32,24,24,0,24,$3.36,0,0.00%,$0.00,$3.36,0,0.00%,$0.00,$3.36,,,,
Cooper Middle,5/14/2025,20001,1% White Milk(Each),21,0,21,98,21,0,21,$7.56,0,0.00%,$0.00,$7.56,77,78.57%,$27.72,$35.28,,,,
Cooper Middle,5/14/2025,20002,Fat Free Chocolate Milk(Each),117,0,117,525,105,0,105,$36.75,0,0.00%,$0.00,$36.75,420,80.00%,$147.00,$183.75,,,,
Cooper Middle,5/14/2025,20008,Apple Slices(3 slices per 1/4 cup),177,0,177,128,128,0,128,$75.52,0,0.00%,$0.00,$75.52,0,0.00%,$0.00,$75.52,,,,
Cooper Middle,5/14/2025,20016,String Cheese(Each),5,0,5,10,8,0,8,$1.76,0,0.00%,$0.00,$1.76,2,20.00%,$0.44,$2.20,,,,
Cooper Middle,5/14/2025,20027,Broccoli Florets(1/4 cup),63,0,63,64,58,0,58,$4.64,0,0.00%,$0.00,$4.64,6,9.38%,$0.48,$5.12,,,,
Cooper Middle,5/14/2025,20028,Lettuce Blend Salad Mix(1/2 cup),131,0,131,120,105,0,105,$8.40,0,0.00%,$0.00,$8.40,15,12.50%,$1.20,$9.60,,,,
Cooper Middle,5/14/2025,20031,Banana(Each),89,0,89,120,107,0,107,$22.47,0,0.00%,$0.00,$22.47,13,10.83%,$2.73,$25.20,,,,
Cooper Middle,5/14/2025,20038,Fat Free White Milk(Each),29,0,29,82,14,0,14,$4.62,0,0.00%,$0.00,$4.62,68,82.93%,$22.44,$27.06,,,,
Cooper Middle,5/14/2025,20040,Cucumber Slices(1/4 cup),0,0,0,96,96,0,96,$5.76,0,0.00%,$0.00,$5.76,0,0.00%,$0.00,$5.76,,,,
Cooper Middle,5/14/2025,20052,Assorted  4 oz Yogurt(Container),1,0,1,6,5,0,5,$0.00,0,0.00%,$0.00,$0.00,1,16.67%,$0.00,$0.00,,,,
Cooper Middle,5/14/2025,30008,Apple Juice(Each),84,0,84,99,84,0,84,$14.28,0,0.00%,$0.00,$14.28,15,15.15%,$2.55,$16.83,,,,
Cooper Middle,5/14/2025,30009,Orange Tangerine Juice(Each),42,0,42,31,31,0,31,$5.27,0,0.00%,$0.00,$5.27,0,0.00%,$0.00,$5.27,,,,
Cooper Middle,5/14/2025,30033,Cheez-Its Crackers(Package),10,0,10,20,14,0,14,$2.52,0,0.00%,$0.00,$2.52,6,30.00%,$1.08,$3.60,,,,
Cooper Middle,5/14/2025,30039,Cherry Flavored Dried Cranberries(Each),18,0,18,25,17,0,17,$4.08,0,0.00%,$0.00,$4.08,8,32.00%,$1.92,$6.00,,,,
Cooper Middle,5/14/2025,30041,Orange Flavored Dried Cranberries(Each),21,0,21,25,18,0,18,$4.32,0,0.00%,$0.00,$4.32,7,28.00%,$1.68,$6.00,,,,
Cooper Middle,5/14/2025,30044,Strawberry Flavored Dried Cranberries(Each),15,0,15,25,21,0,21,$5.04,0,0.00%,$0.00,$5.04,4,16.00%,$0.96,$6.00,,,,
Cooper Middle,5/14/2025,30045,Watermelon Flavored Dried Cranberries(Each),16,0,16,25,21,0,21,$5.04,0,0.00%,$0.00,$5.04,4,16.00%,$0.96,$6.00,,,,
Cooper Middle,5/14/2025,30063,Ketchup Packet(Packet),444,0,444,500,322,0,322,$9.66,0,0.00%,$0.00,$9.66,178,35.60%,$5.34,$15.00,,,,
Cooper Middle,5/14/2025,30064,Mayonnaise Packet(Packet),54,0,54,60,41,0,41,$4.10,0,0.00%,$0.00,$4.10,19,31.67%,$1.90,$6.00,,,,
Cooper Middle,5/14/2025,30065,Mustard Packet(Packet),39,0,39,50,46,0,46,$2.30,0,0.00%,$0.00,$2.30,4,8.00%,$0.20,$2.50,,,,
Cooper Middle,5/14/2025,30077,Italian Dressing(1 ounce),42,0,42,50,43,0,43,$3.44,0,0.00%,$0.00,$3.44,7,14.00%,$0.56,$4.00,,,,
Cooper Middle,5/14/2025,30097,Bottled Water(Bottle),106,0,106,118,103,0,103,$16.48,0,0.00%,$0.00,$16.48,15,12.71%,$2.40,$18.88,,,,
Cooper Middle,5/14/2025,30099,Chickpeas(1/4 cup),24,0,24,48,24,0,24,$2.16,0,0.00%,$0.00,$2.16,24,50.00%,$2.16,$4.32,,,,
Cooper Middle,5/14/2025,30107,Ranch Dressing(1 ounce),63,0,63,70,64,0,64,$7.04,0,0.00%,$0.00,$7.04,6,8.57%,$0.66,$7.70,,,,
Cooper Middle,5/14/2025,30109,Smartfood RF White Cheddar Popcorn(Each),32,0,32,91,91,0,91,$33.67,0,0.00%,$0.00,$33.67,0,0.00%,$0.00,$33.67,,,,
Cooper Middle,5/14/2025,30112,Doritos RF Nacho Cheese(Each),55,0,55,78,78,0,78,$28.86,0,0.00%,$0.00,$28.86,0,0.00%,$0.00,$28.86,,,,
Cooper Middle,5/14/2025,30116,SS Cheetos Fantastix Flaming Hot(Each),36,0,36,10,10,0,10,$3.90,0,0.00%,$0.00,$3.90,0,0.00%,$0.00,$3.90,,,,
Cooper Middle,5/14/2025,30117,WG Baked Funyuns(Each),22,0,22,104,69,0,69,$24.84,0,0.00%,$0.00,$24.84,35,33.65%,$12.60,$37.44,,,,
Cooper Middle,5/14/2025,30124,"Fruit Snacks, Welch's Mixed(Each)",48,0,48,100,96,0,96,$38.40,0,0.00%,$0.00,$38.40,4,4.00%,$1.60,$40.00,,,,
Cooper Middle,5/14/2025,60035,PB&J Power Pack(Power Packs),34,0,34,46,43,0,43,$46.44,0,0.00%,$0.00,$46.44,3,6.52%,$3.24,$49.68,,,,
Cooper Middle,5/14/2025,60036,Cherry Vanilla Yogurt Power Pack(Power Packs),1,0,1,4,3,0,3,$2.40,0,0.00%,$0.00,$2.40,1,25.00%,$0.80,$3.20,,,,
Cooper Middle,5/14/2025,60037,Strawberry & Banana Yogurt Power Pack(Power Packs),1,0,1,4,0,0,0,$0.00,0,0.00%,$0.00,$0.00,4,100.00%,$0.00,$0.00,,,,
Cooper Middle,5/14/2025,60038,Peach Yogurt Power Pack(Power Packs),1,0,1,4,1,0,1,$0.80,0,0.00%,$0.00,$0.80,3,75.00%,$2.40,$3.20,,,,
Cooper Middle,5/14/2025,60040,Grilled Cheese Sandwich(Sandwich),24,0,24,18,16,0,16,$6.72,2,11.11%,$0.84,$7.56,0,0.00%,$0.00,$7.56,,,,
Cooper Middle,5/14/2025,60050,Chickenless Bites(4 Bites),150,0,150,126,116,0,116,$88.16,0,0.00%,$0.00,$88.16,10,7.94%,$7.60,$95.76,,,,
Cooper Middle,5/14/2025,60063,Chicken & Vegetable Dumplings(6 dumplings),32,0,32,24,24,0,24,$0.00,0,0.00%,$0.00,$0.00,0,0.00%,$0.00,$0.00,,,,
Cooper Middle,5/14/2025,60075,Spicy Chicken Wrap(Wrap),2,0,2,5,2,0,2,$2.34,3,60.00%,$3.51,$5.85,0,0.00%,$0.00,$5.85,,,,
Cooper Middle,5/14/2025,60077,Manager's Vegetable Choice(1/4 cup),91,0,91,104,104,0,104,$0.00,0,0.00%,$0.00,$0.00,0,0.00%,$0.00,$0.00,,,,
Cooper Middle,5/14/2025,60078,Nachos with Turkey Barbacoa and Cheese Sauce(Serving),0,0,0,36,36,0,36,$47.88,0,0.00%,$0.00,$47.88,0,0.00%,$0.00,$47.88,,,,
Cooper Middle,5/14/2025,60101,Chickpeas - salad bar entree(1/2 cup),4,0,4,2,0,0,0,$0.00,0,0.00%,$0.00,$0.00,2,100.00%,$0.00,$0.00,,,,
Cooper Middle,5/14/2025,60124,Nachos with Cheese Sauce(Serving),0,0,0,136,135,0,135,$103.95,1,0.74%,$0.77,$104.72,0,0.00%,$0.00,$104.72,,,,
Crestwood Elementary,5/14/2025,10044,Soft Pretzel(1 pretzel),15,0,15,12,9,0,9,$1.98,0,0.00%,$0.00,$1.98,3,25.00%,$0.66,$2.64,,,,
Crestwood Elementary,5/14/2025,10062,Corn(1/2 cup (cooked)),0,0,0,128,121,0,121,$25.41,1,0.78%,$0.21,$25.62,6,4.69%,$1.26,$26.88,,,,
Crestwood Elementary,5/14/2025,10069,Bean and Cheese Pupusa(Pupusa),0,0,0,27,20,4,24,$36.00,3,11.11%,$4.50,$40.50,0,0.00%,$0.00,$40.50,,,,
Crestwood Elementary,5/14/2025,10070,Orange Sauce(ounce),12,0,12,67,67,0,67,$9.38,0,0.00%,$0.00,$9.38,0,0.00%,$0.00,$9.38,,,,
Crestwood Elementary,5/14/2025,10073,Whole Strawberries(1/2 cup thawed),0,0,0,85,85,0,85,$28.90,0,0.00%,$0.00,$28.90,0,0.00%,$0.00,$28.90,,,,
Crestwood Elementary,5/14/2025,20001,1% White Milk(Each),121,0,121,146,130,0,130,$46.80,0,0.00%,$0.00,$46.80,16,10.96%,$5.76,$52.56,,,,
Crestwood Elementary,5/14/2025,20002,Fat Free Chocolate Milk(Each),298,0,298,350,303,0,303,$106.05,0,0.00%,$0.00,$106.05,47,13.43%,$16.45,$122.50,,,,
Crestwood Elementary,5/14/2025,20013,Gala Apple(Each),0,0,0,80,74,0,74,$27.38,0,0.00%,$0.00,$27.38,6,7.50%,$2.22,$29.60,,,,
Crestwood Elementary,5/14/2025,20014,Red Delicious Apple(Each - serving),34,0,34,32,32,0,32,$10.56,0,0.00%,$0.00,$10.56,0,0.00%,$0.00,$10.56,,,,
Crestwood Elementary,5/14/2025,20016,String Cheese(Each),2,0,2,2,0,0,0,$0.00,0,0.00%,$0.00,$0.00,2,100.00%,$0.00,$0.00,,,,
Crestwood Elementary,5/14/2025,20017,Orange(1/4 cup),0,0,0,510,489,0,489,$83.13,0,0.00%,$0.00,$83.13,21,4.12%,$3.57,$86.70,,,,
Crestwood Elementary,5/14/2025,20028,Lettuce Blend Salad Mix(1/2 cup),79,0,79,120,118,0,118,$9.44,2,1.67%,$0.16,$9.60,0,0.00%,$0.00,$9.60,,,,
Crestwood Elementary,5/14/2025,20038,Fat Free White Milk(Each),40,0,40,50,38,0,38,$12.54,0,0.00%,$0.00,$12.54,12,24.00%,$3.96,$16.50,,,,
Crestwood Elementary,5/14/2025,20040,Cucumber Slices(1/4 cup),22,0,22,113,112,0,112,$6.72,1,0.88%,$0.06,$6.78,0,0.00%,$0.00,$6.78,,,,
Crestwood Elementary,5/14/2025,20040,Cucumber Slices(6 Slices per 1/2 cup),35,0,35,34,34,0,34,$4.08,0,0.00%,$0.00,$4.08,0,0.00%,$0.00,$4.08,,,,
Crestwood Elementary,5/14/2025,20043,"Lactose Free, White Milk(Each)",0,0,0,2,2,0,2,$1.16,0,0.00%,$0.00,$1.16,0,0.00%,$0.00,$1.16,,,,
Crestwood Elementary,5/14/2025,20052,Assorted  4 oz Yogurt(Container),2,0,2,2,0,0,0,$0.00,0,0.00%,$0.00,$0.00,2,100.00%,$0.00,$0.00,,,,
Crestwood Elementary,5/14/2025,20076,"Peppers, green, pre-sliced(1/2 cup sliced)",0,0,0,35,27,0,27,$8.10,0,0.00%,$0.00,$8.10,8,22.86%,$2.40,$10.50,,,,
Crestwood Elementary,5/14/2025,30008,Apple Juice(Each),1,0,1,2,0,0,0,$0.00,0,0.00%,$0.00,$0.00,2,100.00%,$0.00,$0.00,,,,
Crestwood Elementary,5/14/2025,30009,Orange Tangerine Juice(Each),2,0,2,2,0,0,0,$0.00,0,0.00%,$0.00,$0.00,2,100.00%,$0.00,$0.00,,,,
Crestwood Elementary,5/14/2025,30014,Whole Wheat Dinner Roll(2 rolls),17,0,17,15,15,0,15,$4.20,0,0.00%,$0.00,$4.20,0,0.00%,$0.00,$4.20,,,,
Crestwood Elementary,5/14/2025,30014,Whole Wheat Dinner Roll(Each),274,0,274,364,349,0,349,$48.86,0,0.00%,$0.00,$48.86,15,4.12%,$2.10,$50.96,,,,
Crestwood Elementary,5/14/2025,30020,Applesauce(1/2 Cup),36,0,36,34,34,0,34,$7.14,0,0.00%,$0.00,$7.14,0,0.00%,$0.00,$7.14,,,,
Crestwood Elementary,5/14/2025,30020,Applesauce(1/4 cup),22,0,22,21,21,0,21,$2.31,0,0.00%,$0.00,$2.31,0,0.00%,$0.00,$2.31,,,,
Crestwood Elementary,5/14/2025,30031,Strawberry Chex Mix(Package),2,0,2,2,0,0,0,$0.00,0,0.00%,$0.00,$0.00,2,100.00%,$0.00,$0.00,,,,
Crestwood Elementary,5/14/2025,30033,Cheez-Its Crackers(Package),33,0,33,32,32,0,32,$5.76,0,0.00%,$0.00,$5.76,0,0.00%,$0.00,$5.76,,,,
Crestwood Elementary,5/14/2025,30044,Strawberry Flavored Dried Cranberries(Each),65,0,65,40,37,0,37,$8.88,0,0.00%,$0.00,$8.88,3,7.50%,$0.72,$9.60,,,,
Crestwood Elementary,5/14/2025,30077,Italian Dressing(1 ounce),14,0,14,36,15,0,15,$1.20,0,0.00%,$0.00,$1.20,21,58.33%,$1.68,$2.88,,,,
Crestwood Elementary,5/14/2025,30097,Bottled Water(Bottle),2,0,2,2,2,0,2,$0.32,0,0.00%,$0.00,$0.32,0,0.00%,$0.00,$0.32,,,,
Crestwood Elementary,5/14/2025,30099,Chickpeas(1/4 cup),27,0,27,32,23,0,23,$2.07,0,0.00%,$0.00,$2.07,9,28.13%,$0.81,$2.88,,,,
Crestwood Elementary,5/14/2025,30107,Ranch Dressing(1 ounce),66,0,66,72,63,0,63,$6.93,0,0.00%,$0.00,$6.93,9,12.50%,$0.99,$7.92,,,,
Crestwood Elementary,5/14/2025,30109,Smartfood RF White Cheddar Popcorn(Each),6,0,6,10,8,0,8,$2.96,0,0.00%,$0.00,$2.96,2,20.00%,$0.74,$3.70,,,,
Crestwood Elementary,5/14/2025,60002,Chicken Quesadilla(quesadilla),0,0,0,32,27,0,27,$18.90,2,6.25%,$1.40,$20.30,3,9.38%,$2.10,$22.40,,,,
Crestwood Elementary,5/14/2025,60035,PB&J Power Pack(Power Packs),31,0,31,72,33,0,33,$35.64,0,0.00%,$0.00,$35.64,39,54.17%,$42.12,$77.76,,,,
Crestwood Elementary,5/14/2025,60037,Strawberry & Banana Yogurt Power Pack(Power Packs),49,0,49,96,38,0,38,$30.40,0,0.00%,$0.00,$30.40,58,60.42%,$46.40,$76.80,,,,
Crestwood Elementary,5/14/2025,60047,Chicken Tenders(3 tenders),40,0,40,47,47,0,47,$44.18,0,0.00%,$0.00,$44.18,0,0.00%,$0.00,$44.18,,,,
Crestwood Elementary,5/14/2025,60050,Chickenless Bites(2 Bites),5,0,5,6,6,0,6,$2.28,0,0.00%,$0.00,$2.28,0,0.00%,$0.00,$2.28,,,,
Crestwood Elementary,5/14/2025,60050,Chickenless Bites(4 Bites),189,0,189,259,244,0,244,$185.44,0,0.00%,$0.00,$185.44,15,5.79%,$11.40,$196.84,,,,
Crestwood Elementary,5/14/2025,60063,Chicken & Vegetable Dumplings(6 dumplings),12,0,12,67,65,2,67,$0.00,0,0.00%,$0.00,$0.00,0,0.00%,$0.00,$0.00,,,,
Crossfield Elementary,5/14/2025,10033,Chocolate Chip Cookie(1/2 Cookie),0,0,0,6,6,0,6,$0.84,0,0.00%,$0.00,$0.84,0,0.00%,$0.00,$0.84,,,,
Crossfield Elementary,5/14/2025,10044,Soft Pretzel(1 pretzel),67,0,67,36,36,0,36,$7.92,0,0.00%,$0.00,$7.92,0,0.00%,$0.00,$7.92,,,,
Crossfield Elementary,5/14/2025,10070,Orange Sauce(ounce),0,0,0,34,34,0,34,$4.76,0,0.00%,$0.00,$4.76,0,0.00%,$0.00,$4.76,,,,
Crossfield Elementary,5/14/2025,20001,1% White Milk(Each),43,0,43,41,41,0,41,$14.76,0,0.00%,$0.00,$14.76,0,0.00%,$0.00,$14.76,,,,
Crossfield Elementary,5/14/2025,20002,Fat Free Chocolate Milk(Each),94,0,94,149,149,0,149,$52.15,0,0.00%,$0.00,$52.15,0,0.00%,$0.00,$52.15,,,,
Crossfield Elementary,5/14/2025,20008,Apple Slices(6 Slices per 1/2 cup),0,0,0,150,150,0,150,$177.00,0,0.00%,$0.00,$177.00,0,0.00%,$0.00,$177.00,,,,
Crossfield Elementary,5/14/2025,20018,Red Seedless Grapes(16 grapes per 1/2 cup),244,0,244,285,285,0,285,$145.35,0,0.00%,$0.00,$145.35,0,0.00%,$0.00,$145.35,,,,
Crossfield Elementary,5/14/2025,20023,Baby Carrots(6 Baby Carrots per 1/2 cup),0,0,0,150,150,0,150,$25.50,0,0.00%,$0.00,$25.50,0,0.00%,$0.00,$25.50,,,,
Crossfield Elementary,5/14/2025,20027,Broccoli Florets(6 Pieces per 1/2 cup),90,0,90,90,90,0,90,$13.50,0,0.00%,$0.00,$13.50,0,0.00%,$0.00,$13.50,,,,
Crossfield Elementary,5/14/2025,20028,Lettuce Blend Salad Mix(1/2 cup),131,0,131,175,175,0,175,$14.00,0,0.00%,$0.00,$14.00,0,0.00%,$0.00,$14.00,,,,
Crossfield Elementary,5/14/2025,20038,Fat Free White Milk(Each),78,0,78,17,17,0,17,$5.61,0,0.00%,$0.00,$5.61,0,0.00%,$0.00,$5.61,,,,
Crossfield Elementary,5/14/2025,20040,Cucumber Slices(6 Slices per 1/2 cup),17,0,17,20,20,0,20,$2.40,0,0.00%,$0.00,$2.40,0,0.00%,$0.00,$2.40,,,,
Crossfield Elementary,5/14/2025,30014,Whole Wheat Dinner Roll(Each),105,0,105,103,101,0,101,$14.14,2,1.94%,$0.28,$14.42,0,0.00%,$0.00,$14.42,,,,
Crossfield Elementary,5/14/2025,30020,Applesauce(1/2 Cup),19,0,19,20,20,0,20,$4.20,0,0.00%,$0.00,$4.20,0,0.00%,$0.00,$4.20,,,,
Crossfield Elementary,5/14/2025,30020,Applesauce(1/4 cup),0,0,0,0,0,0,0,$0.00,0,0.00%,$0.00,$0.00,0,0.00%,$0.00,$0.00,,,,
Crossfield Elementary,5/14/2025,30039,Cherry Flavored Dried Cranberries(Each),84,0,84,0,0,0,0,$0.00,0,0.00%,$0.00,$0.00,0,0.00%,$0.00,$0.00,,,,
Crossfield Elementary,5/14/2025,30041,Orange Flavored Dried Cranberries(Each),162,0,162,0,0,0,0,$0.00,0,0.00%,$0.00,$0.00,0,0.00%,$0.00,$0.00,,,,
Crossfield Elementary,5/14/2025,30042,Original Flavored Dried Cranberries(Package),0,0,0,0,0,0,0,$0.00,0,0.00%,$0.00,$0.00,0,0.00%,$0.00,$0.00,,,,
Crossfield Elementary,5/14/2025,30043,Raspberry Lemonade Flavored Dried Cranberries(Each),5,0,5,0,0,0,0,$0.00,0,0.00%,$0.00,$0.00,0,0.00%,$0.00,$0.00,,,,
Crossfield Elementary,5/14/2025,30044,Strawberry Flavored Dried Cranberries(Each),0,0,0,0,0,0,0,$0.00,0,0.00%,$0.00,$0.00,0,0.00%,$0.00,$0.00,,,,
Crossfield Elementary,5/14/2025,30045,Watermelon Flavored Dried Cranberries(Each),150,0,150,0,0,0,0,$0.00,0,0.00%,$0.00,$0.00,0,0.00%,$0.00,$0.00,,,,
Crossfield Elementary,5/14/2025,30077,Italian Dressing(1 ounce),82,0,82,75,75,0,75,$6.00,0,0.00%,$0.00,$6.00,0,0.00%,$0.00,$6.00,,,,
Crossfield Elementary,5/14/2025,30097,Bottled Water(Bottle),0,0,0,29,29,0,29,$4.64,0,0.00%,$0.00,$4.64,0,0.00%,$0.00,$4.64,,,,
Crossfield Elementary,5/14/2025,30099,Chickpeas(1/4 cup),42,0,42,75,75,0,75,$6.75,0,0.00%,$0.00,$6.75,0,0.00%,$0.00,$6.75,,,,
Crossfield Elementary,5/14/2025,30107,Ranch Dressing(1 ounce),82,0,82,75,75,0,75,$8.25,0,0.00%,$0.00,$8.25,0,0.00%,$0.00,$8.25,,,,
Crossfield Elementary,5/14/2025,30109,Smartfood RF White Cheddar Popcorn(Each),0,0,0,87,87,0,87,$32.19,0,0.00%,$0.00,$32.19,0,0.00%,$0.00,$32.19,,,,
Crossfield Elementary,5/14/2025,60035,PB&J Power Pack(Power Packs),57,0,57,40,40,0,40,$43.20,0,0.00%,$0.00,$43.20,0,0.00%,$0.00,$43.20,,,,
Crossfield Elementary,5/14/2025,60036,Cherry Vanilla Yogurt Power Pack(Power Packs),23,0,23,0,0,0,0,$0.00,0,0.00%,$0.00,$0.00,0,0.00%,$0.00,$0.00,,,,
Crossfield Elementary,5/14/2025,60037,Strawberry & Banana Yogurt Power Pack(Power Packs),20,0,20,0,0,0,0,$0.00,0,0.00%,$0.00,$0.00,0,0.00%,$0.00,$0.00,,,,
Crossfield Elementary,5/14/2025,60038,Peach Yogurt Power Pack(Power Packs),14,0,14,30,30,0,30,$24.00,0,0.00%,$0.00,$24.00,0,0.00%,$0.00,$24.00,,,,
Crossfield Elementary,5/14/2025,60040,Grilled Cheese Sandwich(Sandwich),0,0,0,3,3,0,3,$1.26,0,0.00%,$0.00,$1.26,0,0.00%,$0.00,$1.26,,,,
Crossfield Elementary,5/14/2025,60043,BBQ Chicken Sandwich(Sandwich),0,0,0,20,9,0,9,$7.74,11,55.00%,$9.46,$17.20,0,0.00%,$0.00,$17.20,,,,
Crossfield Elementary,5/14/2025,60047,Chicken Tenders(3 tenders),15,0,15,16,16,0,16,$15.04,0,0.00%,$0.00,$15.04,0,0.00%,$0.00,$15.04,,,,
Crossfield Elementary,5/14/2025,60050,Chickenless Bites(4 Bites),62,0,62,61,55,0,55,$41.80,6,9.84%,$4.56,$46.36,0,0.00%,$0.00,$46.36,,,,
Crossfield Elementary,5/14/2025,60063,Chicken & Vegetable Dumplings(6 dumplings),0,0,0,35,34,0,34,$0.00,1,2.86%,$0.00,$0.00,0,0.00%,$0.00,$0.00,,,,
Crossfield Elementary,5/14/2025,60077,Manager's Vegetable Choice(1/4 cup),47,0,47,50,50,0,50,$0.00,0,0.00%,$0.00,$0.00,0,0.00%,$0.00,$0.00,,,,
Crossfield Elementary,5/14/2025,60101,Chickpeas - salad bar entree(1/2 cup),51,0,51,1,1,0,1,$0.18,0,0.00%,$0.00,$0.18,0,0.00%,$0.00,$0.18,,,,
Cub Run Elementary,5/14/2025,10044,Soft Pretzel(1 pretzel),3,0,3,18,18,0,18,$3.96,0,0.00%,$0.00,$3.96,0,0.00%,$0.00,$3.96,,,,
Cub Run Elementary,5/14/2025,10062,Corn(1/2 cup (cooked)),0,0,0,64,57,4,61,$12.81,3,4.69%,$0.63,$13.44,0,0.00%,$0.00,$13.44,,,,
Cub Run Elementary,5/14/2025,10069,Bean and Cheese Pupusa(Pupusa),0,0,0,4,4,0,4,$6.00,0,0.00%,$0.00,$6.00,0,0.00%,$0.00,$6.00,,,,
Cub Run Elementary,5/14/2025,10070,Orange Sauce(ounce),0,0,0,60,51,2,53,$7.42,7,11.67%,$0.98,$8.40,0,0.00%,$0.00,$8.40,,,,
Cub Run Elementary,5/14/2025,20001,1% White Milk(Each),35,0,35,33,27,0,27,$9.72,0,0.00%,$0.00,$9.72,6,18.18%,$2.16,$11.88,,,,
Cub Run Elementary,5/14/2025,20002,Fat Free Chocolate Milk(Each),138,0,138,206,139,0,139,$48.65,0,0.00%,$0.00,$48.65,67,32.52%,$23.45,$72.10,,,,
Cub Run Elementary,5/14/2025,20014,Red Delicious Apple(Each - serving),0,0,0,30,30,0,30,$9.90,0,0.00%,$0.00,$9.90,0,0.00%,$0.00,$9.90,,,,
Cub Run Elementary,5/14/2025,20016,String Cheese(Each),1,0,1,1,1,0,1,$0.22,0,0.00%,$0.00,$0.22,0,0.00%,$0.00,$0.22,,,,
Cub Run Elementary,5/14/2025,20028,Lettuce Blend Salad Mix(1/2 cup),81,0,81,80,74,4,78,$6.24,2,2.50%,$0.16,$6.40,0,0.00%,$0.00,$6.40,,,,
Cub Run Elementary,5/14/2025,20038,Fat Free White Milk(Each),10,0,10,8,2,0,2,$0.66,0,0.00%,$0.00,$0.66,6,75.00%,$1.98,$2.64,,,,
Cub Run Elementary,5/14/2025,20040,Cucumber Slices(1/4 cup),0,0,0,138,92,0,92,$5.52,0,0.00%,$0.00,$5.52,46,33.33%,$2.76,$8.28,,,,
Cub Run Elementary,5/14/2025,20040,Cucumber Slices(6 Slices per 1/2 cup),6,0,6,10,10,0,10,$1.20,0,0.00%,$0.00,$1.20,0,0.00%,$0.00,$1.20,,,,
Cub Run Elementary,5/14/2025,20047,Orange Slices(3 slices per 1/4 cup),0,0,0,214,142,4,146,$29.20,0,0.00%,$0.00,$29.20,68,31.78%,$13.60,$42.80,,,,
Cub Run Elementary,5/14/2025,20052,Assorted  4 oz Yogurt(Container),0,0,0,0,0,0,0,$0.00,0,0.00%,$0.00,$0.00,0,0.00%,$0.00,$0.00,,,,
Cub Run Elementary,5/14/2025,20074,"Apple Slices(3 slices, 1/4 cup)",0,0,0,319,318,0,318,$57.24,1,0.31%,$0.18,$57.42,0,0.00%,$0.00,$57.42,,,,
Cub Run Elementary,5/14/2025,20076,"Peppers, green, pre-sliced(1/2 cup sliced)",0,0,0,35,35,0,35,$10.50,0,0.00%,$0.00,$10.50,0,0.00%,$0.00,$10.50,,,,
Cub Run Elementary,5/14/2025,30008,Apple Juice(Each),0,0,0,0,0,0,0,$0.00,0,0.00%,$0.00,$0.00,0,0.00%,$0.00,$0.00,,,,
Cub Run Elementary,5/14/2025,30009,Orange Tangerine Juice(Each),0,0,0,0,0,0,0,$0.00,0,0.00%,$0.00,$0.00,0,0.00%,$0.00,$0.00,,,,
Cub Run Elementary,5/14/2025,30014,Whole Wheat Dinner Roll(2 rolls),0,0,0,7,0,7,7,$0.00,0,0.00%,$0.00,$0.00,0,0.00%,$0.00,$0.00,,,,
Cub Run Elementary,5/14/2025,30014,Whole Wheat Dinner Roll(Each),83,0,83,153,141,2,143,$20.02,0,0.00%,$0.00,$20.02,10,6.54%,$1.40,$21.42,,,,
Cub Run Elementary,5/14/2025,30031,Strawberry Chex Mix(Package),10,0,10,0,0,0,0,$0.00,0,0.00%,$0.00,$0.00,0,0.00%,$0.00,$0.00,,,,
Cub Run Elementary,5/14/2025,30044,Strawberry Flavored Dried Cranberries(Each),19,0,19,26,22,0,22,$5.28,0,0.00%,$0.00,$5.28,4,15.38%,$0.96,$6.24,,,,
Cub Run Elementary,5/14/2025,30068,Chilled Peaches(1/2 cup (drained)),0,0,0,12,12,0,12,$6.12,0,0.00%,$0.00,$6.12,0,0.00%,$0.00,$6.12,,,,
Cub Run Elementary,5/14/2025,30077,Italian Dressing(1 ounce),36,0,36,36,26,0,26,$2.08,0,0.00%,$0.00,$2.08,10,27.78%,$0.80,$2.88,,,,
Cub Run Elementary,5/14/2025,30097,Bottled Water(Bottle),8,0,8,14,14,0,14,$2.24,0,0.00%,$0.00,$2.24,0,0.00%,$0.00,$2.24,,,,
Cub Run Elementary,5/14/2025,30099,Chickpeas(1/4 cup),19,0,19,32,18,4,22,$1.98,0,0.00%,$0.00,$1.98,10,31.25%,$0.90,$2.88,,,,
Cub Run Elementary,5/14/2025,30107,Ranch Dressing(1 ounce),36,0,36,48,34,4,38,$4.18,0,0.00%,$0.00,$4.18,10,20.83%,$1.10,$5.28,,,,
Cub Run Elementary,5/14/2025,30109,Smartfood RF White Cheddar Popcorn(Each),67,0,67,80,80,0,80,$29.60,0,0.00%,$0.00,$29.60,0,0.00%,$0.00,$29.60,,,,
Cub Run Elementary,5/14/2025,60035,PB&J Power Pack(Power Packs),69,0,69,77,56,10,66,$71.28,0,0.00%,$0.00,$71.28,11,14.29%,$11.88,$83.16,,,,
Cub Run Elementary,5/14/2025,60036,Cherry Vanilla Yogurt Power Pack(Power Packs),14,0,14,1,1,0,1,$0.80,0,0.00%,$0.00,$0.80,0,0.00%,$0.00,$0.80,,,,
Cub Run Elementary,5/14/2025,60037,Strawberry & Banana Yogurt Power Pack(Power Packs),17,0,17,34,16,0,16,$12.80,0,0.00%,$0.00,$12.80,18,52.94%,$14.40,$27.20,,,,
Cub Run Elementary,5/14/2025,60038,Peach Yogurt Power Pack(Power Packs),1,0,1,0,0,0,0,$0.00,0,0.00%,$0.00,$0.00,0,0.00%,$0.00,$0.00,,,,
Cub Run Elementary,5/14/2025,60047,Chicken Tenders(3 tenders),3,0,3,0,0,0,0,$0.00,0,0.00%,$0.00,$0.00,0,0.00%,$0.00,$0.00,,,,
Cub Run Elementary,5/14/2025,60050,Chickenless Bites(2 Bites),0,0,0,7,0,7,7,$0.00,0,0.00%,$0.00,$0.00,0,0.00%,$0.00,$0.00,,,,
Cub Run Elementary,5/14/2025,60050,Chickenless Bites(4 Bites),76,0,76,146,141,2,143,$108.68,3,2.05%,$2.28,$110.96,0,0.00%,$0.00,$110.96,,,,
Cub Run Elementary,5/14/2025,60064,Vegetable Dumpling(6 dumplings),0,0,0,69,51,16,67,$0.00,2,2.90%,$0.00,$0.00,0,0.00%,$0.00,$0.00,,,,
Cub Run Elementary,5/14/2025,60101,Chickpeas - salad bar entree(1/2 cup),3,0,3,0,0,0,0,$0.00,0,0.00%,$0.00,$0.00,0,0.00%,$0.00,$0.00,,,,
Cunningham Park Elementary,5/14/2025,10044,Soft Pretzel(1 pretzel),29,0,29,30,18,0,18,$3.96,0,0.00%,$0.00,$3.96,12,40.00%,$2.64,$6.60,,,,
Cunningham Park Elementary,5/14/2025,10058,Chicken & Vegetable Dumplings(6 dumplings),0,0,0,15,15,0,15,$0.00,0,0.00%,$0.00,$0.00,0,0.00%,$0.00,$0.00,,,,
Cunningham Park Elementary,5/14/2025,10070,Orange Sauce(ounce),50,0,50,50,29,0,29,$4.06,0,0.00%,$0.00,$4.06,21,42.00%,$2.94,$7.00,,,,
Cunningham Park Elementary,5/14/2025,20001,1% White Milk(Each),43,0,43,42,28,0,28,$10.08,0,0.00%,$0.00,$10.08,14,33.33%,$5.04,$15.12,,,,
Cunningham Park Elementary,5/14/2025,20002,Fat Free Chocolate Milk(Each),160,0,160,155,130,0,130,$45.50,2,1.29%,$0.70,$46.20,23,14.84%,$8.05,$54.25,,,,
Cunningham Park Elementary,5/14/2025,20008,Apple Slices(3 slices per 1/4 cup),0,0,0,120,120,0,120,$70.80,0,0.00%,$0.00,$70.80,0,0.00%,$0.00,$70.80,,,,
Cunningham Park Elementary,5/14/2025,20014,Red Delicious Apple(Each - serving),18,0,18,18,18,0,18,$5.94,0,0.00%,$0.00,$5.94,0,0.00%,$0.00,$5.94,,,,
Cunningham Park Elementary,5/14/2025,20016,String Cheese(Each),6,0,6,6,4,0,4,$0.88,0,0.00%,$0.00,$0.88,2,33.33%,$0.44,$1.32,,,,
Cunningham Park Elementary,5/14/2025,20028,Lettuce Blend Salad Mix(1/2 cup),61,0,61,80,80,0,80,$6.40,0,0.00%,$0.00,$6.40,0,0.00%,$0.00,$6.40,,,,
Cunningham Park Elementary,5/14/2025,20038,Fat Free White Milk(Each),5,0,5,7,2,0,2,$0.66,0,0.00%,$0.00,$0.66,5,71.43%,$1.65,$2.31,,,,
Cunningham Park Elementary,5/14/2025,20040,Cucumber Slices(1/4 cup),0,0,0,92,87,0,87,$5.22,0,0.00%,$0.00,$5.22,5,5.43%,$0.30,$5.52,,,,
Cunningham Park Elementary,5/14/2025,20040,Cucumber Slices(6 Slices per 1/2 cup),18,0,18,19,19,0,19,$2.28,0,0.00%,$0.00,$2.28,0,0.00%,$0.00,$2.28,,,,
Cunningham Park Elementary,5/14/2025,20047,Orange Slices(3 slices per 1/4 cup),0,0,0,53,53,0,53,$10.60,0,0.00%,$0.00,$10.60,0,0.00%,$0.00,$10.60,,,,
Cunningham Park Elementary,5/14/2025,20052,Assorted  4 oz Yogurt(Container),3,0,3,6,4,0,4,$0.00,0,0.00%,$0.00,$0.00,2,33.33%,$0.00,$0.00,,,,
Cunningham Park Elementary,5/14/2025,20076,"Peppers, green, pre-sliced(1/2 cup sliced)",0,0,0,40,10,0,10,$3.00,0,0.00%,$0.00,$3.00,30,75.00%,$9.00,$12.00,,,,
Cunningham Park Elementary,5/14/2025,30008,Apple Juice(Each),6,0,6,5,5,0,5,$0.85,0,0.00%,$0.00,$0.85,0,0.00%,$0.00,$0.85,,,,
Cunningham Park Elementary,5/14/2025,30009,Orange Tangerine Juice(Each),5,0,5,5,3,0,3,$0.51,0,0.00%,$0.00,$0.51,2,40.00%,$0.34,$0.85,,,,
Cunningham Park Elementary,5/14/2025,30014,Whole Wheat Dinner Roll(Each),127,0,127,102,102,0,102,$14.28,0,0.00%,$0.00,$14.28,0,0.00%,$0.00,$14.28,,,,
Cunningham Park Elementary,5/14/2025,30020,Applesauce(1/2 Cup),26,0,26,19,19,0,19,$3.99,0,0.00%,$0.00,$3.99,0,0.00%,$0.00,$3.99,,,,
Cunningham Park Elementary,5/14/2025,30020,Applesauce(1/4 cup),0,0,0,24,14,0,14,$1.54,0,0.00%,$0.00,$1.54,10,41.67%,$1.10,$2.64,,,,
Cunningham Park Elementary,5/14/2025,30033,Cheez-Its Crackers(Package),16,0,16,28,28,0,28,$5.04,0,0.00%,$0.00,$5.04,0,0.00%,$0.00,$5.04,,,,
Cunningham Park Elementary,5/14/2025,30077,Italian Dressing(1 ounce),15,0,15,24,14,0,14,$1.12,0,0.00%,$0.00,$1.12,10,41.67%,$0.80,$1.92,,,,
Cunningham Park Elementary,5/14/2025,30094,Doritos Wild White Nacho Flavored Tortilla Chips(Bag),0,0,0,30,30,0,30,$10.50,0,0.00%,$0.00,$10.50,0,0.00%,$0.00,$10.50,,,,
Cunningham Park Elementary,5/14/2025,30097,Bottled Water(Bottle),20,0,20,20,13,0,13,$2.08,0,0.00%,$0.00,$2.08,7,35.00%,$1.12,$3.20,,,,
Cunningham Park Elementary,5/14/2025,30107,Ranch Dressing(1 ounce),23,0,23,24,24,0,24,$2.64,0,0.00%,$0.00,$2.64,0,0.00%,$0.00,$2.64,,,,
Cunningham Park Elementary,5/14/2025,30188,"Milk, Soy, Plain, Bulk (12/32 oz)(1 cup)",0,0,0,1,1,0,1,$0.79,0,0.00%,$0.00,$0.79,0,0.00%,$0.00,$0.79,,,,
Cunningham Park Elementary,5/14/2025,60022,Tex Mex Corn(1/2 cup),0,0,0,24,4,0,4,$1.92,20,83.33%,$9.60,$11.52,0,0.00%,$0.00,$11.52,,,,
Cunningham Park Elementary,5/14/2025,60035,PB&J Power Pack(Power Packs),8,0,8,10,5,0,5,$5.40,0,0.00%,$0.00,$5.40,5,50.00%,$5.40,$10.80,,,,
Cunningham Park Elementary,5/14/2025,60037,Strawberry & Banana Yogurt Power Pack(Power Packs),27,0,27,20,14,0,14,$11.20,0,0.00%,$0.00,$11.20,6,30.00%,$4.80,$16.00,,,,
Cunningham Park Elementary,5/14/2025,60038,Peach Yogurt Power Pack(Power Packs),2,0,2,0,0,0,0,$0.00,0,0.00%,$0.00,$0.00,0,0.00%,$0.00,$0.00,,,,
Cunningham Park Elementary,5/14/2025,60045,Cucumber Slices(1/2 cup),8,0,8,0,0,0,0,$0.00,0,0.00%,$0.00,$0.00,0,0.00%,$0.00,$0.00,,,,
Cunningham Park Elementary,5/14/2025,60047,Chicken Tenders(3 tenders),5,0,5,14,14,0,14,$13.16,0,0.00%,$0.00,$13.16,0,0.00%,$0.00,$13.16,,,,
Cunningham Park Elementary,5/14/2025,60050,Chickenless Bites(4 Bites),126,0,126,102,102,0,102,$77.52,0,0.00%,$0.00,$77.52,0,0.00%,$0.00,$77.52,,,,
Cunningham Park Elementary,5/14/2025,60063,Chicken & Vegetable Dumplings(6 dumplings),80,0,80,49,49,0,49,$0.00,0,0.00%,$0.00,$0.00,0,0.00%,$0.00,$0.00,,,,
Cunningham Park Elementary,5/14/2025,60121,"Sauce, Spicy Mayo(tbsp)",0,0,0,24,14,0,14,$1.26,0,0.00%,$0.00,$1.26,10,41.67%,$0.90,$2.16,,,,
Daniels Run Elementary,5/14/2025,10033,Chocolate Chip Cookie(1/2 Cookie),0,0,0,32,0,32,32,$0.00,0,0.00%,$0.00,$0.00,0,0.00%,$0.00,$0.00,,,,
Daniels Run Elementary,5/14/2025,10044,Soft Pretzel(1 pretzel),4,0,4,1,1,0,1,$0.22,0,0.00%,$0.00,$0.22,0,0.00%,$0.00,$0.22,,,,
Daniels Run Elementary,5/14/2025,10070,Orange Sauce(ounce),150,0,150,75,63,0,63,$8.82,0,0.00%,$0.00,$8.82,12,16.00%,$1.68,$10.50,,,,
Daniels Run Elementary,5/14/2025,20001,1% White Milk(Each),37,0,37,173,38,0,38,$13.68,0,0.00%,$0.00,$13.68,135,78.03%,$48.60,$62.28,,,,
Daniels Run Elementary,5/14/2025,20002,Fat Free Chocolate Milk(Each),261,0,261,767,244,0,244,$85.40,0,0.00%,$0.00,$85.40,523,68.19%,$183.05,$268.45,,,,
Daniels Run Elementary,5/14/2025,20008,Apple Slices(3 slices per 1/4 cup),0,0,0,256,224,0,224,$132.16,0,0.00%,$0.00,$132.16,32,12.50%,$18.88,$151.04,,,,
Daniels Run Elementary,5/14/2025,20014,Red Delicious Apple(Each - serving),0,0,0,110,98,0,98,$32.34,0,0.00%,$0.00,$32.34,12,10.91%,$3.96,$36.30,,,,
Daniels Run Elementary,5/14/2025,20016,String Cheese(Each),5,0,5,5,0,4,4,$0.00,0,0.00%,$0.00,$0.00,1,20.00%,$0.00,$0.00,,,,
Daniels Run Elementary,5/14/2025,20017,Orange(1/4 cup),0,0,0,34,34,0,34,$5.78,0,0.00%,$0.00,$5.78,0,0.00%,$0.00,$5.78,,,,
Daniels Run Elementary,5/14/2025,20028,Lettuce Blend Salad Mix(1/2 cup),80,0,80,160,150,0,150,$12.00,10,6.25%,$0.80,$12.80,0,0.00%,$0.00,$12.80,,,,
Daniels Run Elementary,5/14/2025,20031,Banana(Each),0,0,0,75,75,0,75,$15.75,0,0.00%,$0.00,$15.75,0,0.00%,$0.00,$15.75,,,,
Daniels Run Elementary,5/14/2025,20038,Fat Free White Milk(Each),7,0,7,7,6,0,6,$1.98,0,0.00%,$0.00,$1.98,1,14.29%,$0.33,$2.31,,,,
Daniels Run Elementary,5/14/2025,20040,Cucumber Slices(1/4 cup),0,0,0,138,126,0,126,$7.56,0,0.00%,$0.00,$7.56,12,8.70%,$0.72,$8.28,,,,
Daniels Run Elementary,5/14/2025,20040,Cucumber Slices(6 Slices per 1/2 cup),11,0,11,11,11,0,11,$1.32,0,0.00%,$0.00,$1.32,0,0.00%,$0.00,$1.32,,,,
Daniels Run Elementary,5/14/2025,20052,Assorted  4 oz Yogurt(Container),5,0,5,5,0,1,1,$0.00,0,0.00%,$0.00,$0.00,4,80.00%,$0.00,$0.00,,,,
Daniels Run Elementary,5/14/2025,20076,"Peppers, green, pre-sliced(1/2 cup sliced)",0,0,0,70,35,0,35,$10.50,0,0.00%,$0.00,$10.50,35,50.00%,$10.50,$21.00,,,,
Daniels Run Elementary,5/14/2025,30008,Apple Juice(Each),40,0,40,40,0,36,36,$0.00,0,0.00%,$0.00,$0.00,4,10.00%,$0.00,$0.00,,,,
Daniels Run Elementary,5/14/2025,30009,Orange Tangerine Juice(Each),10,0,10,10,0,10,10,$0.00,0,0.00%,$0.00,$0.00,0,0.00%,$0.00,$0.00,,,,
Daniels Run Elementary,5/14/2025,30014,Whole Wheat Dinner Roll(Each),92,0,92,107,92,0,92,$12.88,0,0.00%,$0.00,$12.88,15,14.02%,$2.10,$14.98,,,,
Daniels Run Elementary,5/14/2025,30020,Applesauce(1/2 Cup),11,0,11,11,11,0,11,$2.31,0,0.00%,$0.00,$2.31,0,0.00%,$0.00,$2.31,,,,
Daniels Run Elementary,5/14/2025,30031,Strawberry Chex Mix(Package),20,0,20,10,0,4,4,$0.00,0,0.00%,$0.00,$0.00,6,60.00%,$0.00,$0.00,,,,
Daniels Run Elementary,5/14/2025,30042,Original Flavored Dried Cranberries(Package),49,0,49,40,34,0,34,$8.16,0,0.00%,$0.00,$8.16,6,15.00%,$1.44,$9.60,,,,
Daniels Run Elementary,5/14/2025,30077,Italian Dressing(1 ounce),24,0,24,48,24,0,24,$1.92,0,0.00%,$0.00,$1.92,24,50.00%,$1.92,$3.84,,,,
Daniels Run Elementary,5/14/2025,30097,Bottled Water(Bottle),5,0,5,10,0,6,6,$0.00,0,0.00%,$0.00,$0.00,4,40.00%,$0.00,$0.00,,,,
Daniels Run Elementary,5/14/2025,30099,Chickpeas(1/4 cup),26,0,26,33,18,0,18,$1.62,0,0.00%,$0.00,$1.62,15,45.45%,$1.35,$2.97,,,,
Daniels Run Elementary,5/14/2025,30107,Ranch Dressing(1 ounce),84,0,84,96,84,0,84,$9.24,0,0.00%,$0.00,$9.24,12,12.50%,$1.32,$10.56,,,,
Daniels Run Elementary,5/14/2025,30109,Smartfood RF White Cheddar Popcorn(Each),80,0,80,70,0,56,56,$0.00,0,0.00%,$0.00,$0.00,14,20.00%,$0.00,$0.00,,,,
Daniels Run Elementary,5/14/2025,60035,PB&J Power Pack(Power Packs),98,0,98,100,82,0,82,$88.56,0,0.00%,$0.00,$88.56,18,18.00%,$19.44,$108.00,,,,
Daniels Run Elementary,5/14/2025,60037,Strawberry & Banana Yogurt Power Pack(Power Packs),30,0,30,30,21,0,21,$16.80,0,0.00%,$0.00,$16.80,9,30.00%,$7.20,$24.00,,,,
Daniels Run Elementary,5/14/2025,60047,Chicken Tenders(3 tenders),9,0,9,9,9,0,9,$8.46,0,0.00%,$0.00,$8.46,0,0.00%,$0.00,$8.46,,,,
Daniels Run Elementary,5/14/2025,60050,Chickenless Bites(4 Bites),203,0,203,252,205,9,214,$162.64,0,0.00%,$0.00,$162.64,38,15.08%,$28.88,$191.52,,,,
Daniels Run Elementary,5/14/2025,60063,Chicken & Vegetable Dumplings(6 dumplings),150,0,150,100,75,11,86,$0.00,1,1.00%,$0.00,$0.00,13,13.00%,$0.00,$0.00,,,,
Daniels Run Elementary,5/14/2025,60077,Manager's Vegetable Choice(1/4 cup),71,0,71,112,100,0,100,$0.00,0,0.00%,$0.00,$0.00,12,10.71%,$0.00,$0.00,,,,
Daniels Run Elementary,5/14/2025,60101,Chickpeas - salad bar entree(1/2 cup),3,0,3,1,1,0,1,$0.18,0,0.00%,$0.00,$0.18,0,0.00%,$0.00,$0.18,,,,
Daniels Run Elementary,5/14/2025,60999,Fish Tacos(2 Tacos),0,0,0,30,24,5,29,$29.29,1,3.33%,$1.01,$30.30,0,0.00%,$0.00,$30.30,,,,
Deer Park Elementary,5/14/2025,10044,Soft Pretzel(1 pretzel),28,0,28,6,3,3,6,$1.32,0,0.00%,$0.00,$1.32,0,0.00%,$0.00,$1.32,,,,
Deer Park Elementary,5/14/2025,10058,Chicken & Vegetable Dumplings(6 dumplings),0,0,0,13,12,1,13,$0.00,0,0.00%,$0.00,$0.00,0,0.00%,$0.00,$0.00,,,,
Deer Park Elementary,5/14/2025,10070,Orange Sauce(ounce),0,0,0,70,60,5,65,$9.10,1,1.43%,$0.14,$9.24,4,5.71%,$0.56,$9.80,,,,
Deer Park Elementary,5/14/2025,20001,1% White Milk(Each),83,1,84,163,60,1,61,$21.96,0,0.00%,$0.00,$21.96,102,62.58%,$36.72,$58.68,,,,
Deer Park Elementary,5/14/2025,20002,Fat Free Chocolate Milk(Each),177,0,177,337,167,1,168,$58.80,0,0.00%,$0.00,$58.80,169,50.15%,$59.15,$117.95,,,,
Deer Park Elementary,5/14/2025,20008,Apple Slices(3 slices per 1/4 cup),0,0,0,435,434,0,434,$256.06,0,0.00%,$0.00,$256.06,1,0.23%,$0.59,$256.65,,,,
Deer Park Elementary,5/14/2025,20014,Red Delicious Apple(Each - serving),15,0,15,12,12,0,12,$3.96,0,0.00%,$0.00,$3.96,0,0.00%,$0.00,$3.96,,,,
Deer Park Elementary,5/14/2025,20017,Orange(1/4 cup),0,0,0,204,203,0,203,$34.51,0,0.00%,$0.00,$34.51,1,0.49%,$0.17,$34.68,,,,
Deer Park Elementary,5/14/2025,20023,Baby Carrots(3 baby carrots per 1/4 cup),0,0,0,96,95,0,95,$8.55,0,0.00%,$0.00,$8.55,1,1.04%,$0.09,$8.64,,,,
Deer Park Elementary,5/14/2025,20028,Lettuce Blend Salad Mix(1/2 cup),86,0,86,80,78,0,78,$6.24,0,0.00%,$0.00,$6.24,2,2.50%,$0.16,$6.40,,,,
Deer Park Elementary,5/14/2025,20040,Cucumber Slices(6 Slices per 1/2 cup),14,1,15,13,12,1,13,$1.56,0,0.00%,$0.00,$1.56,0,0.00%,$0.00,$1.56,,,,
Deer Park Elementary,5/14/2025,20043,"Lactose Free, White Milk(Each)",0,0,0,2,2,0,2,$1.16,0,0.00%,$0.00,$1.16,0,0.00%,$0.00,$1.16,,,,
Deer Park Elementary,5/14/2025,20076,"Peppers, green, pre-sliced(1/2 cup sliced)",0,0,0,70,67,0,67,$20.10,0,0.00%,$0.00,$20.10,3,4.29%,$0.90,$21.00,,,,
Deer Park Elementary,5/14/2025,30014,Whole Wheat Dinner Roll(Each),160,1,161,165,155,1,156,$21.84,1,0.61%,$0.14,$21.98,8,4.85%,$1.12,$23.10,,,,
Deer Park Elementary,5/14/2025,30020,Applesauce(1/2 Cup),23,0,23,22,21,1,22,$4.62,0,0.00%,$0.00,$4.62,0,0.00%,$0.00,$4.62,,,,
Deer Park Elementary,5/14/2025,30030,Cheddar Chex Mix(Package),0,0,0,5,0,5,5,$0.00,0,0.00%,$0.00,$0.00,0,0.00%,$0.00,$0.00,,,,
Deer Park Elementary,5/14/2025,30031,Strawberry Chex Mix(Package),10,0,10,14,0,14,14,$0.00,0,0.00%,$0.00,$0.00,0,0.00%,$0.00,$0.00,,,,
Deer Park Elementary,5/14/2025,30033,Cheez-Its Crackers(Package),13,0,13,12,12,0,12,$2.16,0,0.00%,$0.00,$2.16,0,0.00%,$0.00,$2.16,,,,
Deer Park Elementary,5/14/2025,30039,Cherry Flavored Dried Cranberries(Each),26,0,26,28,26,0,26,$6.24,0,0.00%,$0.00,$6.24,2,7.14%,$0.48,$6.72,,,,
Deer Park Elementary,5/14/2025,30077,Italian Dressing(1 ounce),22,0,22,24,19,0,19,$1.52,0,0.00%,$0.00,$1.52,5,20.83%,$0.40,$1.92,,,,
Deer Park Elementary,5/14/2025,30097,Bottled Water(Bottle),7,0,7,2,0,2,2,$0.00,0,0.00%,$0.00,$0.00,0,0.00%,$0.00,$0.00,,,,
Deer Park Elementary,5/14/2025,30099,Chickpeas(1/4 cup),31,0,31,33,30,0,30,$2.70,0,0.00%,$0.00,$2.70,3,9.09%,$0.27,$2.97,,,,
Deer Park Elementary,5/14/2025,30107,Ranch Dressing(1 ounce),51,0,51,48,46,0,46,$5.06,0,0.00%,$0.00,$5.06,2,4.17%,$0.22,$5.28,,,,
Deer Park Elementary,5/14/2025,60035,PB&J Power Pack(Power Packs),35,0,35,52,48,2,50,$54.00,0,0.00%,$0.00,$54.00,2,3.85%,$2.16,$56.16,,,,
Deer Park Elementary,5/14/2025,60037,Strawberry & Banana Yogurt Power Pack(Power Packs),8,0,8,15,13,0,13,$10.40,0,0.00%,$0.00,$10.40,2,13.33%,$1.60,$12.00,,,,
Deer Park Elementary,5/14/2025,60045,Cucumber Slices(1/2 cup),8,0,8,9,9,0,9,$0.72,0,0.00%,$0.00,$0.72,0,0.00%,$0.00,$0.72,,,,
Deer Park Elementary,5/14/2025,60050,Chickenless Bites(2 Bites),0,0,0,14,0,14,14,$0.00,0,0.00%,$0.00,$0.00,0,0.00%,$0.00,$0.00,,,,
Deer Park Elementary,5/14/2025,60050,Chickenless Bites(4 Bites),88,0,88,145,136,0,136,$103.36,2,1.38%,$1.52,$104.88,7,4.83%,$5.32,$110.20,,,,
Deer Park Elementary,5/14/2025,60064,Vegetable Dumpling(6 dumplings),0,0,0,88,67,16,83,$0.00,1,1.14%,$0.00,$0.00,4,4.55%,$0.00,$0.00,,,,
Deer Park Elementary,5/14/2025,60101,Chickpeas - salad bar entree(1/2 cup),4,0,4,3,3,0,3,$0.54,0,0.00%,$0.00,$0.54,0,0.00%,$0.00,$0.54,,,,
Deer Park Elementary,5/14/2025,60150,Strawberry Parfait Power Pack(Power Pack),0,0,0,5,0,0,0,$0.00,0,0.00%,$0.00,$0.00,5,100.00%,$0.00,$0.00,,,,
Dogwood Elementary,5/14/2025,10044,Soft Pretzel(1 pretzel),36,0,36,36,36,0,36,$7.92,0,0.00%,$0.00,$7.92,0,0.00%,$0.00,$7.92,,,,
Dogwood Elementary,5/14/2025,10070,Orange Sauce(ounce),100,0,100,100,80,0,80,$11.20,0,0.00%,$0.00,$11.20,20,20.00%,$2.80,$14.00,,,,
Dogwood Elementary,5/14/2025,20001,1% White Milk(Each),247,0,247,509,219,0,219,$78.84,0,0.00%,$0.00,$78.84,290,56.97%,$104.40,$183.24,,,,
Dogwood Elementary,5/14/2025,20002,Fat Free Chocolate Milk(Each),318,0,318,732,357,0,357,$124.95,0,0.00%,$0.00,$124.95,375,51.23%,$131.25,$256.20,,,,
Dogwood Elementary,5/14/2025,20014,Red Delicious Apple(Each - serving),53,0,53,51,51,0,51,$16.83,0,0.00%,$0.00,$16.83,0,0.00%,$0.00,$16.83,,,,
Dogwood Elementary,5/14/2025,20015,Golden Delicious Apple(Each),0,0,0,120,95,0,95,$29.45,0,0.00%,$0.00,$29.45,25,20.83%,$7.75,$37.20,,,,
Dogwood Elementary,5/14/2025,20018,Red Seedless Grapes(8 grapes per 1/4 cup),180,0,180,200,200,0,200,$52.00,0,0.00%,$0.00,$52.00,0,0.00%,$0.00,$52.00,,,,
Dogwood Elementary,5/14/2025,20027,Broccoli Florets(1/4 cup),60,0,60,120,100,0,100,$8.00,20,16.67%,$1.60,$9.60,0,0.00%,$0.00,$9.60,,,,
Dogwood Elementary,5/14/2025,20028,Lettuce Blend Salad Mix(1/2 cup),260,0,260,300,270,0,270,$21.60,0,0.00%,$0.00,$21.60,30,10.00%,$2.40,$24.00,,,,
Dogwood Elementary,5/14/2025,20031,Banana(Each),0,0,0,240,240,0,240,$50.40,0,0.00%,$0.00,$50.40,0,0.00%,$0.00,$50.40,,,,
Dogwood Elementary,5/14/2025,20038,Fat Free White Milk(Each),19,0,19,30,5,0,5,$1.65,0,0.00%,$0.00,$1.65,25,83.33%,$8.25,$9.90,,,,
Dogwood Elementary,5/14/2025,20040,Cucumber Slices(1/4 cup),21,0,21,21,21,0,21,$1.26,0,0.00%,$0.00,$1.26,0,0.00%,$0.00,$1.26,,,,
Dogwood Elementary,5/14/2025,20040,Cucumber Slices(6 Slices per 1/2 cup),49,0,49,51,51,0,51,$6.12,0,0.00%,$0.00,$6.12,0,0.00%,$0.00,$6.12,,,,
Dogwood Elementary,5/14/2025,30014,Whole Wheat Dinner Roll(2 rolls),17,0,17,17,17,0,17,$4.76,0,0.00%,$0.00,$4.76,0,0.00%,$0.00,$4.76,,,,
Dogwood Elementary,5/14/2025,30014,Whole Wheat Dinner Roll(Each),36,0,36,55,55,0,55,$7.70,0,0.00%,$0.00,$7.70,0,0.00%,$0.00,$7.70,,,,
Dogwood Elementary,5/14/2025,30020,Applesauce(1/2 Cup),88,0,88,88,88,0,88,$18.48,0,0.00%,$0.00,$18.48,0,0.00%,$0.00,$18.48,,,,
Dogwood Elementary,5/14/2025,30020,Applesauce(1/4 cup),21,0,21,21,21,0,21,$2.31,0,0.00%,$0.00,$2.31,0,0.00%,$0.00,$2.31,,,,
Dogwood Elementary,5/14/2025,30033,Cheez-Its Crackers(Package),50,0,50,51,51,0,51,$9.18,0,0.00%,$0.00,$9.18,0,0.00%,$0.00,$9.18,,,,
Dogwood Elementary,5/14/2025,30044,Strawberry Flavored Dried Cranberries(Each),60,0,60,60,60,0,60,$14.40,0,0.00%,$0.00,$14.40,0,0.00%,$0.00,$14.40,,,,
Dogwood Elementary,5/14/2025,30077,Italian Dressing(1 ounce),30,0,30,60,30,0,30,$2.40,0,0.00%,$0.00,$2.40,30,50.00%,$2.40,$4.80,,,,
Dogwood Elementary,5/14/2025,30099,Chickpeas(1/4 cup),64,0,64,60,30,0,30,$2.70,0,0.00%,$0.00,$2.70,30,50.00%,$2.70,$5.40,,,,
Dogwood Elementary,5/14/2025,30107,Ranch Dressing(1 ounce),195,0,195,200,200,0,200,$22.00,0,0.00%,$0.00,$22.00,0,0.00%,$0.00,$22.00,,,,
Dogwood Elementary,5/14/2025,60021,Cooked  Brown Rice(1 cup cooked),0,0,0,457,422,0,422,$46.42,0,0.00%,$0.00,$46.42,35,7.66%,$3.85,$50.27,,,,
Dogwood Elementary,5/14/2025,60035,PB&J Power Pack(Power Packs),45,0,45,72,50,0,50,$54.00,0,0.00%,$0.00,$54.00,22,30.56%,$23.76,$77.76,,,,
Dogwood Elementary,5/14/2025,60036,Cherry Vanilla Yogurt Power Pack(Power Packs),20,0,20,20,20,0,20,$16.00,0,0.00%,$0.00,$16.00,0,0.00%,$0.00,$16.00,,,,
Dogwood Elementary,5/14/2025,60037,Strawberry & Banana Yogurt Power Pack(Power Packs),20,0,20,20,10,0,10,$8.00,0,0.00%,$0.00,$8.00,10,50.00%,$8.00,$16.00,,,,
Dogwood Elementary,5/14/2025,60038,Peach Yogurt Power Pack(Power Packs),50,0,50,57,47,0,47,$37.60,0,0.00%,$0.00,$37.60,10,17.54%,$8.00,$45.60,,,,
Dogwood Elementary,5/14/2025,60045,Cucumber Slices(1/2 cup),37,0,37,37,37,0,37,$2.96,0,0.00%,$0.00,$2.96,0,0.00%,$0.00,$2.96,,,,
Dogwood Elementary,5/14/2025,60047,Chicken Tenders(3 tenders),77,0,77,499,482,0,482,$453.08,0,0.00%,$0.00,$453.08,17,3.41%,$15.98,$469.06,,,,
Dogwood Elementary,5/14/2025,60050,Chickenless Bites(2 Bites),4,0,4,4,4,0,4,$1.52,0,0.00%,$0.00,$1.52,0,0.00%,$0.00,$1.52,,,,
Dogwood Elementary,5/14/2025,60050,Chickenless Bites(4 Bites),304,0,304,126,111,0,111,$84.36,0,0.00%,$0.00,$84.36,15,11.90%,$11.40,$95.76,,,,
Dogwood Elementary,5/14/2025,60077,Manager's Vegetable Choice(1/4 cup),60,0,60,120,120,0,120,$0.00,0,0.00%,$0.00,$0.00,0,0.00%,$0.00,$0.00,,,,
Dogwood Elementary,5/14/2025,60101,Chickpeas - salad bar entree(1/2 cup),5,0,5,1,1,0,1,$0.18,0,0.00%,$0.00,$0.18,0,0.00%,$0.00,$0.18,,,,
Dranesville Elementary,5/14/2025,10044,Soft Pretzel(1 pretzel),31,0,31,22,22,0,22,$4.84,0,0.00%,$0.00,$4.84,0,0.00%,$0.00,$4.84,,,,
Dranesville Elementary,5/14/2025,10062,Corn(1/2 cup (cooked)),0,0,0,160,148,12,160,$33.60,0,0.00%,$0.00,$33.60,0,0.00%,$0.00,$33.60,,,,
Dranesville Elementary,5/14/2025,10069,Bean and Cheese Pupusa(Pupusa),0,0,0,14,14,0,14,$21.00,0,0.00%,$0.00,$21.00,0,0.00%,$0.00,$21.00,,,,
Dranesville Elementary,5/14/2025,10070,Orange Sauce(ounce),0,0,0,70,64,6,70,$9.80,0,0.00%,$0.00,$9.80,0,0.00%,$0.00,$9.80,,,,
Dranesville Elementary,5/14/2025,20001,1% White Milk(Each),23,0,23,122,36,86,122,$43.92,0,0.00%,$0.00,$43.92,0,0.00%,$0.00,$43.92,,,,
Dranesville Elementary,5/14/2025,20002,Fat Free Chocolate Milk(Each),115,0,115,345,159,186,345,$120.75,0,0.00%,$0.00,$120.75,0,0.00%,$0.00,$120.75,,,,
Dranesville Elementary,5/14/2025,20008,Apple Slices(3 slices per 1/4 cup),0,0,0,192,187,5,192,$113.28,0,0.00%,$0.00,$113.28,0,0.00%,$0.00,$113.28,,,,
Dranesville Elementary,5/14/2025,20017,Orange(1/4 cup),0,0,0,340,328,12,340,$57.80,0,0.00%,$0.00,$57.80,0,0.00%,$0.00,$57.80,,,,
Dranesville Elementary,5/14/2025,20027,Broccoli Florets(1/4 cup),56,0,56,126,118,8,126,$10.08,0,0.00%,$0.00,$10.08,0,0.00%,$0.00,$10.08,,,,
Dranesville Elementary,5/14/2025,20028,Lettuce Blend Salad Mix(1/2 cup),153,0,153,240,235,5,240,$19.20,0,0.00%,$0.00,$19.20,0,0.00%,$0.00,$19.20,,,,
Dranesville Elementary,5/14/2025,20031,Banana(Each),0,0,0,68,68,0,68,$14.28,0,0.00%,$0.00,$14.28,0,0.00%,$0.00,$14.28,,,,
Dranesville Elementary,5/14/2025,20038,Fat Free White Milk(Each),12,0,12,31,9,22,31,$10.23,0,0.00%,$0.00,$10.23,0,0.00%,$0.00,$10.23,,,,
Dranesville Elementary,5/14/2025,20040,Cucumber Slices(6 Slices per 1/2 cup),6,0,6,6,6,0,6,$0.72,0,0.00%,$0.00,$0.72,0,0.00%,$0.00,$0.72,,,,
Dranesville Elementary,5/14/2025,30002,Sub Roll(Sub Roll),0,0,0,72,60,12,72,$22.32,0,0.00%,$0.00,$22.32,0,0.00%,$0.00,$22.32,,,,
Dranesville Elementary,5/14/2025,30014,Whole Wheat Dinner Roll(Each),6,0,6,6,6,0,6,$0.84,0,0.00%,$0.00,$0.84,0,0.00%,$0.00,$0.84,,,,
Dranesville Elementary,5/14/2025,30020,Applesauce(1/2 Cup),5,0,5,6,6,0,6,$1.26,0,0.00%,$0.00,$1.26,0,0.00%,$0.00,$1.26,,,,
Dranesville Elementary,5/14/2025,30020,Applesauce(1/4 cup),0,0,0,160,148,12,160,$17.60,0,0.00%,$0.00,$17.60,0,0.00%,$0.00,$17.60,,,,
Dranesville Elementary,5/14/2025,30044,Strawberry Flavored Dried Cranberries(Each),0,0,0,75,60,15,75,$18.00,0,0.00%,$0.00,$18.00,0,0.00%,$0.00,$18.00,,,,
Dranesville Elementary,5/14/2025,30077,Italian Dressing(1 ounce),10,0,10,24,11,13,24,$1.92,0,0.00%,$0.00,$1.92,0,0.00%,$0.00,$1.92,,,,
Dranesville Elementary,5/14/2025,30099,Chickpeas(1/4 cup),32,0,32,66,47,19,66,$5.94,0,0.00%,$0.00,$5.94,0,0.00%,$0.00,$5.94,,,,
Dranesville Elementary,5/14/2025,30107,Ranch Dressing(1 ounce),45,0,45,48,37,11,48,$5.28,0,0.00%,$0.00,$5.28,0,0.00%,$0.00,$5.28,,,,
Dranesville Elementary,5/14/2025,60035,PB&J Power Pack(Power Packs),41,0,41,45,43,2,45,$48.60,0,0.00%,$0.00,$48.60,0,0.00%,$0.00,$48.60,,,,
Dranesville Elementary,5/14/2025,60036,Cherry Vanilla Yogurt Power Pack(Power Packs),19,0,19,12,10,2,12,$9.60,0,0.00%,$0.00,$9.60,0,0.00%,$0.00,$9.60,,,,
Dranesville Elementary,5/14/2025,60037,Strawberry & Banana Yogurt Power Pack(Power Packs),16,0,16,8,6,2,8,$6.40,0,0.00%,$0.00,$6.40,0,0.00%,$0.00,$6.40,,,,
Dranesville Elementary,5/14/2025,60047,Chicken Tenders(3 tenders),0,0,0,8,8,0,8,$7.52,0,0.00%,$0.00,$7.52,0,0.00%,$0.00,$7.52,,,,
Dranesville Elementary,5/14/2025,60050,Chickenless Bites(4 Bites),66,0,66,160,156,4,160,$121.60,0,0.00%,$0.00,$121.60,0,0.00%,$0.00,$121.60,,,,
Dranesville Elementary,5/14/2025,60063,Chicken & Vegetable Dumplings(6 dumplings),0,0,0,75,75,0,75,$0.00,0,0.00%,$0.00,$0.00,0,0.00%,$0.00,$0.00,,,,
Dranesville Elementary,5/14/2025,60077,Manager's Vegetable Choice(1/4 cup),52,0,52,72,71,1,72,$0.00,0,0.00%,$0.00,$0.00,0,0.00%,$0.00,$0.00,,,,
Dranesville Elementary,5/14/2025,60101,Chickpeas - salad bar entree(1/2 cup),38,0,38,66,47,19,66,$11.88,0,0.00%,$0.00,$11.88,0,0.00%,$0.00,$11.88,,,,
Eagle View Elementary,5/14/2025,10033,Chocolate Chip Cookie(1/2 Cookie),0,0,0,9,0,9,9,$0.00,0,0.00%,$0.00,$0.00,0,0.00%,$0.00,$0.00,,,,
Eagle View Elementary,5/14/2025,10044,Soft Pretzel(1 pretzel),20,3,23,3,0,3,3,$0.00,0,0.00%,$0.00,$0.00,0,0.00%,$0.00,$0.00,,,,
Eagle View Elementary,5/14/2025,10070,Orange Sauce(ounce),0,0,0,49,39,0,39,$5.46,0,0.00%,$0.00,$5.46,10,20.41%,$1.40,$6.86,,,,
Eagle View Elementary,5/14/2025,20001,1% White Milk(Each),42,2,44,367,53,0,53,$19.08,2,0.54%,$0.72,$19.80,312,85.01%,$112.32,$132.12,,,,
Eagle View Elementary,5/14/2025,20002,Fat Free Chocolate Milk(Each),219,0,219,511,168,4,172,$60.20,0,0.00%,$0.00,$60.20,339,66.34%,$118.65,$178.85,,,,
Eagle View Elementary,5/14/2025,20012,Grape Tomatoes(1/4 cup),0,0,0,72,54,0,54,$14.04,0,0.00%,$0.00,$14.04,18,25.00%,$4.68,$18.72,,,,
Eagle View Elementary,5/14/2025,20014,Red Delicious Apple(Each - serving),34,0,34,142,97,0,97,$32.01,0,0.00%,$0.00,$32.01,45,31.69%,$14.85,$46.86,,,,
Eagle View Elementary,5/14/2025,20016,String Cheese(1 Stick),0,0,0,1,0,1,1,$0.00,0,0.00%,$0.00,$0.00,0,0.00%,$0.00,$0.00,,,,
Eagle View Elementary,5/14/2025,20023,Baby Carrots(3 baby carrots per 1/4 cup),0,0,0,7,7,0,7,$0.63,0,0.00%,$0.00,$0.63,0,0.00%,$0.00,$0.63,,,,
Eagle View Elementary,5/14/2025,20028,Lettuce Blend Salad Mix(1 cup),0,0,0,30,28,0,28,$4.48,2,6.67%,$0.32,$4.80,0,0.00%,$0.00,$4.80,,,,
Eagle View Elementary,5/14/2025,20028,Lettuce Blend Salad Mix(1/2 cup),132,0,132,100,100,0,100,$8.00,0,0.00%,$0.00,$8.00,0,0.00%,$0.00,$8.00,,,,
Eagle View Elementary,5/14/2025,20031,Banana(Each),0,0,0,122,84,0,84,$17.64,0,0.00%,$0.00,$17.64,38,31.15%,$7.98,$25.62,,,,
Eagle View Elementary,5/14/2025,20036,Celery Sticks(1/2 cup),0,0,0,48,24,0,24,$13.20,0,0.00%,$0.00,$13.20,24,50.00%,$13.20,$26.40,,,,
Eagle View Elementary,5/14/2025,20038,Fat Free White Milk(Each),10,0,10,7,0,0,0,$0.00,0,0.00%,$0.00,$0.00,7,100.00%,$0.00,$0.00,,,,
Eagle View Elementary,5/14/2025,20040,Cucumber Slices(1/4 cup),0,0,0,12,12,0,12,$0.72,0,0.00%,$0.00,$0.72,0,0.00%,$0.00,$0.72,,,,
Eagle View Elementary,5/14/2025,20047,Orange Slices(3 slices per 1/4 cup),0,0,0,77,77,0,77,$15.40,0,0.00%,$0.00,$15.40,0,0.00%,$0.00,$15.40,,,,
Eagle View Elementary,5/14/2025,30014,Whole Wheat Dinner Roll(Each),145,4,149,112,110,0,110,$15.40,2,1.79%,$0.28,$15.68,0,0.00%,$0.00,$15.68,,,,
Eagle View Elementary,5/14/2025,30020,Applesauce(1/2 Cup),35,2,37,30,28,0,28,$5.88,2,6.67%,$0.42,$6.30,0,0.00%,$0.00,$6.30,,,,
Eagle View Elementary,5/14/2025,30024,Black Beans(1/2 Cup),0,0,0,15,5,0,5,$0.85,0,0.00%,$0.00,$0.85,10,66.67%,$1.70,$2.55,,,,
Eagle View Elementary,5/14/2025,30033,Cheez-Its Crackers(Package),33,0,33,28,28,0,28,$5.04,0,0.00%,$0.00,$5.04,0,0.00%,$0.00,$5.04,,,,
Eagle View Elementary,5/14/2025,30044,Strawberry Flavored Dried Cranberries(Each),59,0,59,60,43,0,43,$10.32,0,0.00%,$0.00,$10.32,17,28.33%,$4.08,$14.40,,,,
Eagle View Elementary,5/14/2025,30077,Italian Dressing(1 ounce),14,0,14,24,12,0,12,$0.96,0,0.00%,$0.00,$0.96,12,50.00%,$0.96,$1.92,,,,
Eagle View Elementary,5/14/2025,30094,Doritos Wild White Nacho Flavored Tortilla Chips(Bag),0,0,0,46,0,46,46,$0.00,0,0.00%,$0.00,$0.00,0,0.00%,$0.00,$0.00,,,,
Eagle View Elementary,5/14/2025,30097,Bottled Water(Bottle),0,0,0,5,0,5,5,$0.00,0,0.00%,$0.00,$0.00,0,0.00%,$0.00,$0.00,,,,
Eagle View Elementary,5/14/2025,30107,Ranch Dressing(1 ounce),35,0,35,24,24,0,24,$2.64,0,0.00%,$0.00,$2.64,0,0.00%,$0.00,$2.64,,,,
Eagle View Elementary,5/14/2025,30109,Smartfood RF White Cheddar Popcorn(Each),0,0,0,23,0,22,22,$0.00,0,0.00%,$0.00,$0.00,1,4.35%,$0.00,$0.00,,,,
Eagle View Elementary,5/14/2025,60035,PB&J Power Pack(Power Packs),66,2,68,120,60,0,60,$64.80,0,0.00%,$0.00,$64.80,60,50.00%,$64.80,$129.60,,,,
Eagle View Elementary,5/14/2025,60037,Strawberry & Banana Yogurt Power Pack(Power Packs),31,2,33,27,17,1,18,$14.40,0,0.00%,$0.00,$14.40,9,33.33%,$7.20,$21.60,,,,
Eagle View Elementary,5/14/2025,60045,Cucumber Slices(1/2 cup),6,0,6,8,8,0,8,$0.64,0,0.00%,$0.00,$0.64,0,0.00%,$0.00,$0.64,,,,
Eagle View Elementary,5/14/2025,60047,Chicken Tenders(3 tenders),27,2,29,26,24,2,26,$24.44,0,0.00%,$0.00,$24.44,0,0.00%,$0.00,$24.44,,,,
Eagle View Elementary,5/14/2025,60050,Chickenless Bites(4 Bites),120,2,122,155,150,4,154,$117.04,1,0.65%,$0.76,$117.80,0,0.00%,$0.00,$117.80,,,,
Eagle View Elementary,5/14/2025,60064,Vegetable Dumpling(6 dumplings),0,0,0,60,50,0,50,$0.00,0,0.00%,$0.00,$0.00,10,16.67%,$0.00,$0.00,,,,
Eagle View Elementary,5/14/2025,60100,Black Beans - salad bar entree(1/2 cup),0,0,0,1,1,0,1,$0.17,0,0.00%,$0.00,$0.17,0,0.00%,$0.00,$0.17,,,,
Eagle View Elementary,5/14/2025,60149,Hot Turkey & Cheese(sandwich),0,0,0,32,26,0,26,$33.80,1,3.13%,$1.30,$35.10,5,15.63%,$6.50,$41.60,,,,
FALLS CHURCH HS,5/14/2025,10013,"Patty, Chicken, Spicy, Breaded(2 strips)",0,0,0,15,0,0,0,$0.00,0,0.00%,$0.00,$0.00,15,100.00%,$0.00,$0.00,,,,
FALLS CHURCH HS,5/14/2025,10033,Chocolate Chip Cookie(Cookie),85,0,85,85,62,0,62,$16.74,0,0.00%,$0.00,$16.74,23,27.06%,$6.21,$22.95,,,,
FALLS CHURCH HS,5/14/2025,10044,Soft Pretzel(1 pretzel),10,0,10,10,5,0,5,$1.10,0,0.00%,$0.00,$1.10,5,50.00%,$1.10,$2.20,,,,
FALLS CHURCH HS,5/14/2025,10051,"Turkey,  Breast, Pre-Sliced, Oven Roasted(3 Slices)",20,0,20,20,15,0,15,$8.10,0,0.00%,$0.00,$8.10,5,25.00%,$2.70,$10.80,,,,
FALLS CHURCH HS,5/14/2025,10062,Corn(2 Tablespoons (thawed)),30,0,30,30,10,0,10,$0.50,0,0.00%,$0.00,$0.50,20,66.67%,$1.00,$1.50,,,,
FALLS CHURCH HS,5/14/2025,10070,Orange Sauce(ounce),80,0,80,80,38,0,38,$5.32,0,0.00%,$0.00,$5.32,42,52.50%,$5.88,$11.20,,,,
FALLS CHURCH HS,5/14/2025,20001,1% White Milk(Each),50,0,50,50,50,0,50,$18.00,0,0.00%,$0.00,$18.00,0,0.00%,$0.00,$18.00,,,,
FALLS CHURCH HS,5/14/2025,20002,Fat Free Chocolate Milk(Each),954,0,954,954,564,0,564,$197.40,0,0.00%,$0.00,$197.40,390,40.88%,$136.50,$333.90,,,,
FALLS CHURCH HS,5/14/2025,20006,"Cheese, Shredded, Cheddar(1/4 cup)",30,0,30,30,15,0,15,$2.55,0,0.00%,$0.00,$2.55,15,50.00%,$2.55,$5.10,,,,
FALLS CHURCH HS,5/14/2025,20012,Grape Tomatoes(1/4 cup),0,0,0,140,140,0,140,$36.40,0,0.00%,$0.00,$36.40,0,0.00%,$0.00,$36.40,,,,
FALLS CHURCH HS,5/14/2025,20013,Gala Apple(Each),0,0,0,25,15,0,15,$5.55,0,0.00%,$0.00,$5.55,10,40.00%,$3.70,$9.25,,,,
FALLS CHURCH HS,5/14/2025,20014,Red Delicious Apple(Each - serving),0,0,0,240,220,0,220,$72.60,0,0.00%,$0.00,$72.60,20,8.33%,$6.60,$79.20,,,,
FALLS CHURCH HS,5/14/2025,20017,Orange(1/4 cup),0,0,0,544,544,0,544,$92.48,0,0.00%,$0.00,$92.48,0,0.00%,$0.00,$92.48,,,,
FALLS CHURCH HS,5/14/2025,20023,Baby Carrots(3 baby carrots per 1/4 cup),0,0,0,96,96,0,96,$8.64,0,0.00%,$0.00,$8.64,0,0.00%,$0.00,$8.64,,,,
FALLS CHURCH HS,5/14/2025,20028,Lettuce Blend Salad Mix(1/2 cup),670,0,670,670,657,0,657,$52.56,0,0.00%,$0.00,$52.56,13,1.94%,$1.04,$53.60,,,,
FALLS CHURCH HS,5/14/2025,20031,Banana(Each),375,0,375,395,381,0,381,$80.01,0,0.00%,$0.00,$80.01,14,3.54%,$2.94,$82.95,,,,
FALLS CHURCH HS,5/14/2025,20035,"Onions, Red, Whole(2 Tablespoons (sliced))",30,0,30,30,10,0,10,$0.30,0,0.00%,$0.00,$0.30,20,66.67%,$0.60,$0.90,,,,
FALLS CHURCH HS,5/14/2025,20036,Celery Sticks(1/2 cup),0,0,0,96,72,0,72,$39.60,0,0.00%,$0.00,$39.60,24,25.00%,$13.20,$52.80,,,,
FALLS CHURCH HS,5/14/2025,20040,Cucumber Slices(2 Tablespoon),30,0,30,30,10,0,10,$0.30,0,0.00%,$0.00,$0.30,20,66.67%,$0.60,$0.90,,,,
FALLS CHURCH HS,5/14/2025,20042,"Peppers, Red, Whole(2 Tablespoons)",30,0,30,30,5,0,5,$0.25,0,0.00%,$0.00,$0.25,25,83.33%,$1.25,$1.50,,,,
FALLS CHURCH HS,5/14/2025,20077,"Peppers, red, pre-sliced(1/2 cup sliced)",0,0,0,140,140,0,140,$78.40,0,0.00%,$0.00,$78.40,0,0.00%,$0.00,$78.40,,,,
FALLS CHURCH HS,5/14/2025,30002,Sub Roll(Sub Roll),39,0,39,39,15,0,15,$4.65,0,0.00%,$0.00,$4.65,24,61.54%,$7.44,$12.09,,,,
FALLS CHURCH HS,5/14/2025,30014,Whole Wheat Dinner Roll(2 rolls),178,0,178,178,178,0,178,$49.84,0,0.00%,$0.00,$49.84,0,0.00%,$0.00,$49.84,,,,
FALLS CHURCH HS,5/14/2025,30044,Strawberry Flavored Dried Cranberries(Each),214,0,214,214,214,0,214,$51.36,0,0.00%,$0.00,$51.36,0,0.00%,$0.00,$51.36,,,,
FALLS CHURCH HS,5/14/2025,30063,Ketchup Packet(Packet),300,0,300,300,300,0,300,$9.00,0,0.00%,$0.00,$9.00,0,0.00%,$0.00,$9.00,,,,
FALLS CHURCH HS,5/14/2025,30064,Mayonnaise Packet(Packet),240,0,240,240,190,0,190,$19.00,0,0.00%,$0.00,$19.00,50,20.83%,$5.00,$24.00,,,,
FALLS CHURCH HS,5/14/2025,30097,Bottled Water(Bottle),36,0,36,36,20,0,20,$3.20,0,0.00%,$0.00,$3.20,16,44.44%,$2.56,$5.76,,,,
FALLS CHURCH HS,5/14/2025,30099,Chickpeas(1/4 cup),96,0,96,96,96,0,96,$8.64,0,0.00%,$0.00,$8.64,0,0.00%,$0.00,$8.64,,,,
FALLS CHURCH HS,5/14/2025,30107,Ranch Dressing(1 ounce),360,0,360,360,360,0,360,$39.60,0,0.00%,$0.00,$39.60,0,0.00%,$0.00,$39.60,,,,
FALLS CHURCH HS,5/14/2025,30112,Doritos RF Nacho Cheese(Each),53,0,53,53,25,0,25,$9.25,0,0.00%,$0.00,$9.25,28,52.83%,$10.36,$19.61,,,,
FALLS CHURCH HS,5/14/2025,30116,SS Cheetos Fantastix Flaming Hot(Each),78,0,78,78,52,0,52,$20.28,0,0.00%,$0.00,$20.28,26,33.33%,$10.14,$30.42,,,,
FALLS CHURCH HS,5/14/2025,30120,RF Kettle Chips Sea Salt & Vinegar Chips(Each),41,0,41,41,38,0,38,$22.80,0,0.00%,$0.00,$22.80,3,7.32%,$1.80,$24.60,,,,
FALLS CHURCH HS,5/14/2025,30160,Lay's RF Kettle Original Chips(Each),20,0,20,20,4,0,4,$2.40,0,0.00%,$0.00,$2.40,16,80.00%,$9.60,$12.00,,,,
FALLS CHURCH HS,5/14/2025,60007,Cheeseburger(Sandwich),43,0,43,43,43,0,43,$31.39,0,0.00%,$0.00,$31.39,0,0.00%,$0.00,$31.39,,,,
FALLS CHURCH HS,5/14/2025,60035,PB&J Power Pack(Power Packs),216,0,216,216,182,0,182,$196.56,0,0.00%,$0.00,$196.56,34,15.74%,$36.72,$233.28,,,,
FALLS CHURCH HS,5/14/2025,60036,Cherry Vanilla Yogurt Power Pack(Power Packs),15,0,15,15,12,0,12,$9.60,0,0.00%,$0.00,$9.60,3,20.00%,$2.40,$12.00,,,,
FALLS CHURCH HS,5/14/2025,60040,Grilled Cheese Sandwich(Sandwich),33,0,33,33,21,0,21,$8.82,0,0.00%,$0.00,$8.82,12,36.36%,$5.04,$13.86,,,,
FALLS CHURCH HS,5/14/2025,60047,Chicken Tenders(3 tenders),60,0,60,60,60,0,60,$56.40,0,0.00%,$0.00,$56.40,0,0.00%,$0.00,$56.40,,,,
FALLS CHURCH HS,5/14/2025,60050,Chickenless Bites(4 Bites),178,0,178,178,178,0,178,$135.28,0,0.00%,$0.00,$135.28,0,0.00%,$0.00,$135.28,,,,
FALLS CHURCH HS,5/14/2025,60063,Chicken & Vegetable Dumplings(6 dumplings),102,0,102,102,38,0,38,$0.00,0,0.00%,$0.00,$0.00,64,62.75%,$0.00,$0.00,,,,
FALLS CHURCH HS,5/14/2025,60075,Spicy Chicken Wrap(Wrap),80,0,80,80,76,0,76,$88.92,0,0.00%,$0.00,$88.92,4,5.00%,$4.68,$93.60,,,,
FALLS CHURCH HS,5/14/2025,60078,Nachos with Turkey Barbacoa and Cheese Sauce(Serving),313,0,313,313,293,0,293,$389.69,0,0.00%,$0.00,$389.69,20,6.39%,$26.60,$416.29,,,,
FALLS CHURCH HS,5/14/2025,60124,Nachos with Cheese Sauce(Serving),76,0,76,76,76,0,76,$58.52,0,0.00%,$0.00,$58.52,0,0.00%,$0.00,$58.52,,,,
FALLS CHURCH HS,5/14/2025,60155,Fish  Sandwich(Sandwich),81,0,81,81,46,35,81,$56.70,0,0.00%,$0.00,$56.70,0,0.00%,$0.00,$56.70,,,,
Fairfax High,5/14/2025,10001,"Patty, Chicken, Breaded, WG(2 strips)",59,0,59,80,80,0,80,$17.60,0,0.00%,$0.00,$17.60,0,0.00%,$0.00,$17.60,,,,
Fairfax High,5/14/2025,10033,Chocolate Chip Cookie(Cookie),250,0,250,317,317,0,317,$85.59,0,0.00%,$0.00,$85.59,0,0.00%,$0.00,$85.59,,,,
Fairfax High,5/14/2025,10049,"WG 10"" Flour Tortilla(Tortilla)",57,0,57,80,80,0,80,$28.00,0,0.00%,$0.00,$28.00,0,0.00%,$0.00,$28.00,,,,
Fairfax High,5/14/2025,10062,Corn(2 Tablespoons (thawed)),19,0,19,15,12,0,12,$0.60,3,20.00%,$0.15,$0.75,0,0.00%,$0.00,$0.75,,,,
Fairfax High,5/14/2025,10070,Orange Sauce(ounce),0,0,0,30,27,0,27,$3.78,3,10.00%,$0.42,$4.20,0,0.00%,$0.00,$4.20,,,,
Fairfax High,5/14/2025,20001,1% White Milk(Each),183,0,183,153,56,0,56,$20.16,0,0.00%,$0.00,$20.16,97,63.40%,$34.92,$55.08,,,,
Fairfax High,5/14/2025,20002,Fat Free Chocolate Milk(Each),307,0,307,774,371,0,371,$129.85,0,0.00%,$0.00,$129.85,403,52.07%,$141.05,$270.90,,,,
Fairfax High,5/14/2025,20006,"Cheese, Shredded, Cheddar(1/4 cup)",58,0,58,80,80,0,80,$13.60,0,0.00%,$0.00,$13.60,0,0.00%,$0.00,$13.60,,,,
Fairfax High,5/14/2025,20015,Golden Delicious Apple(Each),0,0,0,326,241,0,241,$74.71,0,0.00%,$0.00,$74.71,85,26.07%,$26.35,$101.06,,,,
Fairfax High,5/14/2025,20017,Orange(1/4 cup),0,0,0,125,117,0,117,$19.89,0,0.00%,$0.00,$19.89,8,6.40%,$1.36,$21.25,,,,
Fairfax High,5/14/2025,20018,Red Seedless Grapes(2 Tablespoons),30,0,30,25,25,0,25,$3.25,0,0.00%,$0.00,$3.25,0,0.00%,$0.00,$3.25,,,,
Fairfax High,5/14/2025,20023,Baby Carrots(3 baby carrots per 1/4 cup),0,0,0,192,182,0,182,$16.38,0,0.00%,$0.00,$16.38,10,5.21%,$0.90,$17.28,,,,
Fairfax High,5/14/2025,20027,Broccoli Florets(1/4 cup),120,0,120,42,37,0,37,$2.96,5,11.90%,$0.40,$3.36,0,0.00%,$0.00,$3.36,,,,
Fairfax High,5/14/2025,20028,Lettuce Blend Salad Mix(1/2 cup),537,0,537,560,552,0,552,$44.16,0,0.00%,$0.00,$44.16,8,1.43%,$0.64,$44.80,,,,
Fairfax High,5/14/2025,20035,"Onions, Red, Whole(2 Tablespoons (sliced))",13,0,13,15,10,0,10,$0.30,5,33.33%,$0.15,$0.45,0,0.00%,$0.00,$0.45,,,,
Fairfax High,5/14/2025,20038,Fat Free White Milk(Each),52,0,52,65,25,0,25,$8.25,0,0.00%,$0.00,$8.25,40,61.54%,$13.20,$21.45,,,,
Fairfax High,5/14/2025,20040,Cucumber Slices(1/4 cup),0,0,0,92,90,0,90,$5.40,2,2.17%,$0.12,$5.52,0,0.00%,$0.00,$5.52,,,,
Fairfax High,5/14/2025,20040,Cucumber Slices(2 Tablespoon),16,0,16,20,20,0,20,$0.60,0,0.00%,$0.00,$0.60,0,0.00%,$0.00,$0.60,,,,
Fairfax High,5/14/2025,30014,Whole Wheat Dinner Roll(2 rolls),0,0,0,200,195,0,195,$54.60,0,0.00%,$0.00,$54.60,5,2.50%,$1.40,$56.00,,,,
Fairfax High,5/14/2025,30031,Strawberry Chex Mix(Package),0,0,0,10,8,0,8,$3.60,0,0.00%,$0.00,$3.60,2,20.00%,$0.90,$4.50,,,,
Fairfax High,5/14/2025,30033,Cheez-Its Crackers(Package),4,0,4,5,5,0,5,$0.90,0,0.00%,$0.00,$0.90,0,0.00%,$0.00,$0.90,,,,
Fairfax High,5/14/2025,30039,Cherry Flavored Dried Cranberries(Each),6,0,6,15,12,0,12,$2.88,0,0.00%,$0.00,$2.88,3,20.00%,$0.72,$3.60,,,,
Fairfax High,5/14/2025,30044,Strawberry Flavored Dried Cranberries(Each),50,0,50,260,251,0,251,$60.24,0,0.00%,$0.00,$60.24,9,3.46%,$2.16,$62.40,,,,
Fairfax High,5/14/2025,30063,Ketchup Packet(Packet),500,0,500,400,350,0,350,$10.50,0,0.00%,$0.00,$10.50,50,12.50%,$1.50,$12.00,,,,
Fairfax High,5/14/2025,30064,Mayonnaise Packet(Packet),224,0,224,130,110,0,110,$11.00,0,0.00%,$0.00,$11.00,20,15.38%,$2.00,$13.00,,,,
Fairfax High,5/14/2025,30065,Mustard Packet(Packet),112,0,112,120,95,0,95,$4.75,0,0.00%,$0.00,$4.75,25,20.83%,$1.25,$6.00,,,,
Fairfax High,5/14/2025,30097,Bottled Water(Bottle),60,0,60,67,67,0,67,$10.72,0,0.00%,$0.00,$10.72,0,0.00%,$0.00,$10.72,,,,
Fairfax High,5/14/2025,30099,Chickpeas(1/4 cup),66,0,66,96,64,0,64,$5.76,0,0.00%,$0.00,$5.76,32,33.33%,$2.88,$8.64,,,,
Fairfax High,5/14/2025,30099,Chickpeas(2 Tablespoons),2,0,2,20,17,0,17,$0.68,3,15.00%,$0.12,$0.80,0,0.00%,$0.00,$0.80,,,,
Fairfax High,5/14/2025,30107,Ranch Dressing(1 ounce),235,0,235,252,216,0,216,$23.76,0,0.00%,$0.00,$23.76,36,14.29%,$3.96,$27.72,,,,
Fairfax High,5/14/2025,30110,Doritos Flamas(Each),28,0,28,20,20,0,20,$7.40,0,0.00%,$0.00,$7.40,0,0.00%,$0.00,$7.40,,,,
Fairfax High,5/14/2025,30111,Doritos RF Spicy Sweet Chili(Each),23,0,23,30,30,0,30,$11.10,0,0.00%,$0.00,$11.10,0,0.00%,$0.00,$11.10,,,,
Fairfax High,5/14/2025,30112,Doritos RF Nacho Cheese(Each),11,0,11,20,20,0,20,$7.40,0,0.00%,$0.00,$7.40,0,0.00%,$0.00,$7.40,,,,
Fairfax High,5/14/2025,30114,SS Baked Cheetos Flaming Hot(Each),25,0,25,40,40,0,40,$21.20,0,0.00%,$0.00,$21.20,0,0.00%,$0.00,$21.20,,,,
Fairfax High,5/14/2025,30119,RF Kettle Chips Jalapeno & Cheddar Chips(Each),33,0,33,50,49,0,49,$29.40,1,2.00%,$0.60,$30.00,0,0.00%,$0.00,$30.00,,,,
Fairfax High,5/14/2025,30120,RF Kettle Chips Sea Salt & Vinegar Chips(Each),32,0,32,50,50,0,50,$30.00,0,0.00%,$0.00,$30.00,0,0.00%,$0.00,$30.00,,,,
Fairfax High,5/14/2025,60020,"Quesadilla, Turkey Barbacoa and Cheese(Quesadilla)",150,0,150,230,209,20,229,$279.38,1,0.43%,$1.22,$280.60,0,0.00%,$0.00,$280.60,,,,
Fairfax High,5/14/2025,60035,PB&J Power Pack(Power Packs),144,0,144,150,149,1,150,$162.00,0,0.00%,$0.00,$162.00,0,0.00%,$0.00,$162.00,,,,
Fairfax High,5/14/2025,60037,Strawberry & Banana Yogurt Power Pack(Power Packs),10,0,10,3,3,0,3,$2.40,0,0.00%,$0.00,$2.40,0,0.00%,$0.00,$2.40,,,,
Fairfax High,5/14/2025,60040,Grilled Cheese Sandwich(Sandwich),150,0,150,80,65,14,79,$33.18,1,1.25%,$0.42,$33.60,0,0.00%,$0.00,$33.60,,,,
Fairfax High,5/14/2025,60050,Chickenless Bites(2 Bites),5,0,5,5,3,0,3,$1.14,0,0.00%,$0.00,$1.14,2,40.00%,$0.76,$1.90,,,,
Fairfax High,5/14/2025,60050,Chickenless Bites(4 Bites),150,0,150,250,230,15,245,$186.20,1,0.40%,$0.76,$186.96,4,1.60%,$3.04,$190.00,,,,
Fairfax High,5/14/2025,60063,Chicken & Vegetable Dumplings(6 dumplings),150,0,150,52,32,14,46,$0.00,2,3.85%,$0.00,$0.00,4,7.69%,$0.00,$0.00,,,,
Fairfax High,5/14/2025,60075,Spicy Chicken Wrap(Wrap),150,0,150,80,79,1,80,$93.60,0,0.00%,$0.00,$93.60,0,0.00%,$0.00,$93.60,,,,
Fairfax High,5/14/2025,60077,Manager's Vegetable Choice(1/4 cup),150,0,150,72,72,0,72,$0.00,0,0.00%,$0.00,$0.00,0,0.00%,$0.00,$0.00,,,,
Fairfax High,5/14/2025,60128,Alfredo & Basil Lasagna(Each),0,0,0,46,36,8,44,$55.44,2,4.35%,$2.52,$57.96,0,0.00%,$0.00,$57.96,,,,
Fairfax High,5/14/2025,60150,Strawberry Parfait Power Pack(Power Pack),10,0,10,11,11,0,11,$17.93,0,0.00%,$0.00,$17.93,0,0.00%,$0.00,$17.93,,,,
Fairfax Villa Elementary,5/14/2025,10044,Soft Pretzel(1 pretzel),1,0,1,20,11,0,11,$2.42,0,0.00%,$0.00,$2.42,9,45.00%,$1.98,$4.40,,,,
Fairfax Villa Elementary,5/14/2025,10070,Orange Sauce(ounce),80,0,80,50,38,6,44,$6.16,0,0.00%,$0.00,$6.16,6,12.00%,$0.84,$7.00,,,,
Fairfax Villa Elementary,5/14/2025,20001,1% White Milk(Each),48,0,48,43,40,0,40,$14.40,0,0.00%,$0.00,$14.40,3,6.98%,$1.08,$15.48,,,,
Fairfax Villa Elementary,5/14/2025,20002,Fat Free Chocolate Milk(Each),164,0,164,175,173,0,173,$60.55,0,0.00%,$0.00,$60.55,2,1.14%,$0.70,$61.25,,,,
Fairfax Villa Elementary,5/14/2025,20008,Apple Slices(3 slices per 1/4 cup),0,0,0,473,448,0,448,$264.32,0,0.00%,$0.00,$264.32,25,5.29%,$14.75,$279.07,,,,
Fairfax Villa Elementary,5/14/2025,20016,String Cheese(Each),10,0,10,10,8,0,8,$1.76,0,0.00%,$0.00,$1.76,2,20.00%,$0.44,$2.20,,,,
Fairfax Villa Elementary,5/14/2025,20018,Red Seedless Grapes(8 grapes per 1/4 cup),300,0,300,200,199,0,199,$51.74,0,0.00%,$0.00,$51.74,1,0.50%,$0.26,$52.00,,,,
Fairfax Villa Elementary,5/14/2025,20027,Broccoli Florets(1/4 cup),70,0,70,60,55,0,55,$4.40,0,0.00%,$0.00,$4.40,5,8.33%,$0.40,$4.80,,,,
Fairfax Villa Elementary,5/14/2025,20028,Lettuce Blend Salad Mix(1/2 cup),60,0,60,80,70,0,70,$5.60,0,0.00%,$0.00,$5.60,10,12.50%,$0.80,$6.40,,,,
Fairfax Villa Elementary,5/14/2025,20038,Fat Free White Milk(Each),7,0,7,15,10,0,10,$3.30,0,0.00%,$0.00,$3.30,5,33.33%,$1.65,$4.95,,,,
Fairfax Villa Elementary,5/14/2025,20040,Cucumber Slices(6 Slices per 1/2 cup),22,0,22,23,23,0,23,$2.76,0,0.00%,$0.00,$2.76,0,0.00%,$0.00,$2.76,,,,
Fairfax Villa Elementary,5/14/2025,20052,Assorted  4 oz Yogurt(Container),5,0,5,10,4,0,4,$0.00,0,0.00%,$0.00,$0.00,6,60.00%,$0.00,$0.00,,,,
Fairfax Villa Elementary,5/14/2025,30008,Apple Juice(Each),8,0,8,15,11,0,11,$1.87,0,0.00%,$0.00,$1.87,4,26.67%,$0.68,$2.55,,,,
Fairfax Villa Elementary,5/14/2025,30014,Whole Wheat Dinner Roll(Each),172,0,172,151,146,0,146,$20.44,0,0.00%,$0.00,$20.44,5,3.31%,$0.70,$21.14,,,,
Fairfax Villa Elementary,5/14/2025,30031,Strawberry Chex Mix(Package),10,0,10,15,11,0,11,$4.95,0,0.00%,$0.00,$4.95,4,26.67%,$1.80,$6.75,,,,
Fairfax Villa Elementary,5/14/2025,30077,Italian Dressing(1 ounce),17,0,17,20,15,0,15,$1.20,0,0.00%,$0.00,$1.20,5,25.00%,$0.40,$1.60,,,,
Fairfax Villa Elementary,5/14/2025,30097,Bottled Water(Bottle),8,0,8,15,10,0,10,$1.60,0,0.00%,$0.00,$1.60,5,33.33%,$0.80,$2.40,,,,
Fairfax Villa Elementary,5/14/2025,30099,Chickpeas(1/4 cup),30,0,30,33,30,0,30,$2.70,0,0.00%,$0.00,$2.70,3,9.09%,$0.27,$2.97,,,,
Fairfax Villa Elementary,5/14/2025,30107,Ranch Dressing(1 ounce),67,0,67,80,75,0,75,$8.25,0,0.00%,$0.00,$8.25,5,6.25%,$0.55,$8.80,,,,
Fairfax Villa Elementary,5/14/2025,30109,Smartfood RF White Cheddar Popcorn(Each),50,0,50,40,30,0,30,$11.10,0,0.00%,$0.00,$11.10,10,25.00%,$3.70,$14.80,,,,
Fairfax Villa Elementary,5/14/2025,60035,PB&J Power Pack(Power Packs),40,0,40,40,38,0,38,$41.04,0,0.00%,$0.00,$41.04,2,5.00%,$2.16,$43.20,,,,
Fairfax Villa Elementary,5/14/2025,60036,Cherry Vanilla Yogurt Power Pack(Power Packs),20,0,20,20,15,0,15,$12.00,0,0.00%,$0.00,$12.00,5,25.00%,$4.00,$16.00,,,,
Fairfax Villa Elementary,5/14/2025,60037,Strawberry & Banana Yogurt Power Pack(Power Packs),20,0,20,20,13,0,13,$10.40,0,0.00%,$0.00,$10.40,7,35.00%,$5.60,$16.00,,,,
Fairfax Villa Elementary,5/14/2025,60038,Peach Yogurt Power Pack(Power Packs),1,0,1,7,7,0,7,$5.60,0,0.00%,$0.00,$5.60,0,0.00%,$0.00,$5.60,,,,
Fairfax Villa Elementary,5/14/2025,60050,Chickenless Bites(4 Bites),151,0,151,151,146,0,146,$110.96,0,0.00%,$0.00,$110.96,5,3.31%,$3.80,$114.76,,,,
Fairfax Villa Elementary,5/14/2025,60063,Chicken & Vegetable Dumplings(6 dumplings),80,0,80,50,38,6,44,$0.00,0,0.00%,$0.00,$0.00,6,12.00%,$0.00,$0.00,,,,
Fairfax Villa Elementary,5/14/2025,60077,Manager's Vegetable Choice(1/4 cup),120,0,120,100,99,0,99,$0.00,0,0.00%,$0.00,$0.00,1,1.00%,$0.00,$0.00,,,,
Fairfax Villa Elementary,5/14/2025,60101,Chickpeas - salad bar entree(1/2 cup),1,0,1,5,1,0,1,$0.18,0,0.00%,$0.00,$0.18,4,80.00%,$0.72,$0.90,,,,
Fairfax Villa Elementary,5/14/2025,60150,Strawberry Parfait Power Pack(Power Pack),2,0,2,2,1,0,1,$1.63,0,0.00%,$0.00,$1.63,1,50.00%,$1.63,$3.26,,,,
Fairhill Elementary,5/14/2025,10033,Chocolate Chip Cookie(1/2 Cookie),0,0,0,13,13,0,13,$1.82,0,0.00%,$0.00,$1.82,0,0.00%,$0.00,$1.82,,,,
Fairhill Elementary,5/14/2025,10044,Soft Pretzel(1 pretzel),10,0,10,1,1,0,1,$0.22,0,0.00%,$0.00,$0.22,0,0.00%,$0.00,$0.22,,,,
Fairhill Elementary,5/14/2025,10069,Bean and Cheese Pupusa(Pupusa),0,0,0,9,9,0,9,$13.50,0,0.00%,$0.00,$13.50,0,0.00%,$0.00,$13.50,,,,
Fairhill Elementary,5/14/2025,10070,Orange Sauce(ounce),0,0,0,50,49,0,49,$6.86,0,0.00%,$0.00,$6.86,1,2.00%,$0.14,$7.00,,,,
Fairhill Elementary,5/14/2025,20001,1% White Milk(Each),36,0,36,95,32,0,32,$11.52,0,0.00%,$0.00,$11.52,63,66.32%,$22.68,$34.20,,,,
Fairhill Elementary,5/14/2025,20002,Fat Free Chocolate Milk(Each),170,0,170,222,159,0,159,$55.65,0,0.00%,$0.00,$55.65,63,28.38%,$22.05,$77.70,,,,
Fairhill Elementary,5/14/2025,20008,Apple Slices(3 slices per 1/4 cup),0,0,0,64,49,0,49,$28.91,0,0.00%,$0.00,$28.91,15,23.44%,$8.85,$37.76,,,,
Fairhill Elementary,5/14/2025,20012,Grape Tomatoes(1/4 cup),0,0,0,72,67,0,67,$17.42,0,0.00%,$0.00,$17.42,5,6.94%,$1.30,$18.72,,,,
Fairhill Elementary,5/14/2025,20014,Red Delicious Apple(Each - serving),17,0,17,17,17,0,17,$5.61,0,0.00%,$0.00,$5.61,0,0.00%,$0.00,$5.61,,,,
Fairhill Elementary,5/14/2025,20016,String Cheese(Each),0,0,0,0,0,0,0,$0.00,0,0.00%,$0.00,$0.00,0,0.00%,$0.00,$0.00,,,,
Fairhill Elementary,5/14/2025,20017,Orange(1/4 cup),0,0,0,90,81,0,81,$13.77,0,0.00%,$0.00,$13.77,9,10.00%,$1.53,$15.30,,,,
Fairhill Elementary,5/14/2025,20028,Lettuce Blend Salad Mix(1/2 cup),58,0,58,60,58,0,58,$4.64,0,0.00%,$0.00,$4.64,2,3.33%,$0.16,$4.80,,,,
Fairhill Elementary,5/14/2025,20031,Banana(Each),0,0,0,70,70,0,70,$14.70,0,0.00%,$0.00,$14.70,0,0.00%,$0.00,$14.70,,,,
Fairhill Elementary,5/14/2025,20036,Celery Sticks(1/2 cup),0,0,0,46,46,0,46,$25.30,0,0.00%,$0.00,$25.30,0,0.00%,$0.00,$25.30,,,,
Fairhill Elementary,5/14/2025,20038,Fat Free White Milk(Each),8,0,8,44,5,0,5,$1.65,0,0.00%,$0.00,$1.65,39,88.64%,$12.87,$14.52,,,,
Fairhill Elementary,5/14/2025,20040,Cucumber Slices(6 Slices per 1/2 cup),17,0,17,18,17,1,18,$2.16,0,0.00%,$0.00,$2.16,0,0.00%,$0.00,$2.16,,,,
Fairhill Elementary,5/14/2025,20052,Assorted  4 oz Yogurt(Container),0,0,0,0,0,0,0,$0.00,0,0.00%,$0.00,$0.00,0,0.00%,$0.00,$0.00,,,,
Fairhill Elementary,5/14/2025,20076,"Peppers, green, pre-sliced(1/2 cup sliced)",0,0,0,70,65,0,65,$19.50,5,7.14%,$1.50,$21.00,0,0.00%,$0.00,$21.00,,,,
Fairhill Elementary,5/14/2025,30008,Apple Juice(Each),15,0,15,15,15,0,15,$2.55,0,0.00%,$0.00,$2.55,0,0.00%,$0.00,$2.55,,,,
Fairhill Elementary,5/14/2025,30009,Orange Tangerine Juice(Each),15,0,15,15,14,0,14,$2.38,0,0.00%,$0.00,$2.38,1,6.67%,$0.17,$2.55,,,,
Fairhill Elementary,5/14/2025,30014,Whole Wheat Dinner Roll(Each),117,0,117,140,129,1,130,$18.20,0,0.00%,$0.00,$18.20,10,7.14%,$1.40,$19.60,,,,
Fairhill Elementary,5/14/2025,30020,Applesauce(1/2 Cup),24,0,24,25,24,1,25,$5.25,0,0.00%,$0.00,$5.25,0,0.00%,$0.00,$5.25,,,,
Fairhill Elementary,5/14/2025,30031,Strawberry Chex Mix(Package),15,0,15,4,4,0,4,$1.80,0,0.00%,$0.00,$1.80,0,0.00%,$0.00,$1.80,,,,
Fairhill Elementary,5/14/2025,30033,Cheez-Its Crackers(Package),18,0,18,17,17,0,17,$3.06,0,0.00%,$0.00,$3.06,0,0.00%,$0.00,$3.06,,,,
Fairhill Elementary,5/14/2025,30045,Watermelon Flavored Dried Cranberries(Each),52,0,52,30,15,0,15,$3.60,0,0.00%,$0.00,$3.60,15,50.00%,$3.60,$7.20,,,,
Fairhill Elementary,5/14/2025,30061,Chilled Mandarin Oranges(1/2 cup (drained)),0,0,0,136,136,0,136,$46.24,0,0.00%,$0.00,$46.24,0,0.00%,$0.00,$46.24,,,,
Fairhill Elementary,5/14/2025,30077,Italian Dressing(1 ounce),18,0,18,24,20,0,20,$1.60,0,0.00%,$0.00,$1.60,4,16.67%,$0.32,$1.92,,,,
Fairhill Elementary,5/14/2025,30078,"Sauce, BBQ, HFCS-Free, Bulk, Low-Sodium(2 TBSP)",0,0,0,24,24,0,24,$2.40,0,0.00%,$0.00,$2.40,0,0.00%,$0.00,$2.40,,,,
Fairhill Elementary,5/14/2025,30094,Doritos Wild White Nacho Flavored Tortilla Chips(Bag),0,0,0,3,3,0,3,$1.05,0,0.00%,$0.00,$1.05,0,0.00%,$0.00,$1.05,,,,
Fairhill Elementary,5/14/2025,30097,Bottled Water(Bottle),5,0,5,10,5,0,5,$0.80,0,0.00%,$0.00,$0.80,5,50.00%,$0.80,$1.60,,,,
Fairhill Elementary,5/14/2025,30099,Chickpeas(1/4 cup),57,0,57,64,64,0,64,$5.76,0,0.00%,$0.00,$5.76,0,0.00%,$0.00,$5.76,,,,
Fairhill Elementary,5/14/2025,30107,Ranch Dressing(1 ounce),14,0,14,24,23,0,23,$2.53,0,0.00%,$0.00,$2.53,1,4.17%,$0.11,$2.64,,,,
Fairhill Elementary,5/14/2025,30109,Smartfood RF White Cheddar Popcorn(Each),60,0,60,89,89,0,89,$32.93,0,0.00%,$0.00,$32.93,0,0.00%,$0.00,$32.93,,,,
Fairhill Elementary,5/14/2025,60035,PB&J Power Pack(Power Packs),48,0,48,60,59,0,59,$63.72,0,0.00%,$0.00,$63.72,1,1.67%,$1.08,$64.80,,,,
Fairhill Elementary,5/14/2025,60037,Strawberry & Banana Yogurt Power Pack(Power Packs),10,0,10,0,0,0,0,$0.00,0,0.00%,$0.00,$0.00,0,0.00%,$0.00,$0.00,,,,
Fairhill Elementary,5/14/2025,60038,Peach Yogurt Power Pack(Power Packs),18,0,18,15,11,0,11,$8.80,0,0.00%,$0.00,$8.80,4,26.67%,$3.20,$12.00,,,,
Fairhill Elementary,5/14/2025,60045,Cucumber Slices(1/2 cup),7,0,7,7,7,0,7,$0.56,0,0.00%,$0.00,$0.56,0,0.00%,$0.00,$0.56,,,,
Fairhill Elementary,5/14/2025,60047,Chicken Tenders(3 tenders),21,0,21,25,24,1,25,$23.50,0,0.00%,$0.00,$23.50,0,0.00%,$0.00,$23.50,,,,
Fairhill Elementary,5/14/2025,60050,Chickenless Bites(4 Bites),50,0,50,115,110,0,110,$83.60,0,0.00%,$0.00,$83.60,5,4.35%,$3.80,$87.40,,,,
Fairhill Elementary,5/14/2025,60063,Chicken & Vegetable Dumplings(6 dumplings),0,0,0,60,49,10,59,$0.00,0,0.00%,$0.00,$0.00,1,1.67%,$0.00,$0.00,,,,
Fairhill Elementary,5/14/2025,60077,Manager's Vegetable Choice(1/4 cup),53,0,53,32,32,0,32,$0.00,0,0.00%,$0.00,$0.00,0,0.00%,$0.00,$0.00,,,,
Fairhill Elementary,5/14/2025,60101,Chickpeas - salad bar entree(1/2 cup),1,0,1,5,1,0,1,$0.18,0,0.00%,$0.00,$0.18,4,80.00%,$0.72,$0.90,,,,
Fairhill Elementary,5/14/2025,60126,Arepa w/Taco Beef(1 Aprea + #8 scoop of beef),0,0,0,5,2,0,2,$2.90,3,60.00%,$4.35,$7.25,0,0.00%,$0.00,$7.25,,,,
Fairhill Elementary,5/14/2025,60150,Strawberry Parfait Power Pack(Power Pack),0,0,0,5,4,0,4,$6.52,0,0.00%,$0.00,$6.52,1,20.00%,$1.63,$8.15,,,,
Fairview Elementary,5/14/2025,10023,Blueberry Bread(1oz Grain (1/64 Baked Pan)),0,0,0,123,113,10,123,$50.43,0,0.00%,$0.00,$50.43,0,0.00%,$0.00,$50.43,,,,
Fairview Elementary,5/14/2025,10044,Soft Pretzel(1 pretzel),1,0,1,52,0,51,51,$0.00,0,0.00%,$0.00,$0.00,1,1.92%,$0.00,$0.00,,,,
Fairview Elementary,5/14/2025,10058,Chicken & Vegetable Dumplings(6 dumplings),60,0,60,69,64,5,69,$0.00,0,0.00%,$0.00,$0.00,0,0.00%,$0.00,$0.00,,,,
Fairview Elementary,5/14/2025,10069,Bean and Cheese Pupusa(Pupusa),0,0,0,1,1,0,1,$1.50,0,0.00%,$0.00,$1.50,0,0.00%,$0.00,$1.50,,,,
Fairview Elementary,5/14/2025,10070,Orange Sauce(ounce),60,0,60,65,57,3,60,$8.40,0,0.00%,$0.00,$8.40,5,7.69%,$0.70,$9.10,,,,
Fairview Elementary,5/14/2025,20001,1% White Milk(Each),12,0,12,25,17,6,23,$8.28,0,0.00%,$0.00,$8.28,2,8.00%,$0.72,$9.00,,,,
Fairview Elementary,5/14/2025,20002,Fat Free Chocolate Milk(Each),179,0,179,220,186,15,201,$70.35,0,0.00%,$0.00,$70.35,19,8.64%,$6.65,$77.00,,,,
Fairview Elementary,5/14/2025,20016,String Cheese(Each),3,0,3,3,0,1,1,$0.00,0,0.00%,$0.00,$0.00,2,66.67%,$0.00,$0.00,,,,
Fairview Elementary,5/14/2025,20018,Red Seedless Grapes(16 grapes per 1/2 cup),0,0,0,46,36,0,36,$18.36,0,0.00%,$0.00,$18.36,10,21.74%,$5.10,$23.46,,,,
Fairview Elementary,5/14/2025,20027,Broccoli Florets(1/4 cup),42,0,42,42,42,0,42,$3.36,0,0.00%,$0.00,$3.36,0,0.00%,$0.00,$3.36,,,,
Fairview Elementary,5/14/2025,20028,Lettuce Blend Salad Mix(1/2 cup),60,0,60,20,20,0,20,$1.60,0,0.00%,$0.00,$1.60,0,0.00%,$0.00,$1.60,,,,
Fairview Elementary,5/14/2025,20031,Banana(Each),80,0,80,150,150,0,150,$31.50,0,0.00%,$0.00,$31.50,0,0.00%,$0.00,$31.50,,,,
Fairview Elementary,5/14/2025,20038,Fat Free White Milk(Each),11,0,11,12,8,0,8,$2.64,0,0.00%,$0.00,$2.64,4,33.33%,$1.32,$3.96,,,,
Fairview Elementary,5/14/2025,20047,Orange Slices(3 slices per 1/4 cup),0,0,0,151,151,0,151,$30.20,0,0.00%,$0.00,$30.20,0,0.00%,$0.00,$30.20,,,,
Fairview Elementary,5/14/2025,30008,Apple Juice(Each),20,0,20,50,0,50,50,$0.00,0,0.00%,$0.00,$0.00,0,0.00%,$0.00,$0.00,,,,
Fairview Elementary,5/14/2025,30009,Orange Tangerine Juice(Each),20,0,20,33,0,33,33,$0.00,0,0.00%,$0.00,$0.00,0,0.00%,$0.00,$0.00,,,,
Fairview Elementary,5/14/2025,30031,Strawberry Chex Mix(Package),15,0,15,24,0,23,23,$0.00,1,4.17%,$0.00,$0.00,0,0.00%,$0.00,$0.00,,,,
Fairview Elementary,5/14/2025,30033,Cheez-Its Crackers(Package),0,0,0,1,0,1,1,$0.00,0,0.00%,$0.00,$0.00,0,0.00%,$0.00,$0.00,,,,
Fairview Elementary,5/14/2025,30044,Strawberry Flavored Dried Cranberries(Each),43,0,43,80,73,2,75,$18.00,0,0.00%,$0.00,$18.00,5,6.25%,$1.20,$19.20,,,,
Fairview Elementary,5/14/2025,30049,Taco Flavored Hummus(each),0,0,0,3,2,1,3,$1.53,0,0.00%,$0.00,$1.53,0,0.00%,$0.00,$1.53,,,,
Fairview Elementary,5/14/2025,30063,Ketchup Packet(Packet),204,0,204,250,200,0,200,$6.00,0,0.00%,$0.00,$6.00,50,20.00%,$1.50,$7.50,,,,
Fairview Elementary,5/14/2025,30065,Mustard Packet(Packet),45,0,45,50,45,0,45,$2.25,0,0.00%,$0.00,$2.25,5,10.00%,$0.25,$2.50,,,,
Fairview Elementary,5/14/2025,30077,Italian Dressing(1 ounce),12,0,12,24,12,0,12,$0.96,0,0.00%,$0.00,$0.96,12,50.00%,$0.96,$1.92,,,,
Fairview Elementary,5/14/2025,30094,Doritos Wild White Nacho Flavored Tortilla Chips(Bag),0,0,0,182,0,182,182,$0.00,0,0.00%,$0.00,$0.00,0,0.00%,$0.00,$0.00,,,,
Fairview Elementary,5/14/2025,30097,Bottled Water(Bottle),12,0,12,22,0,22,22,$0.00,0,0.00%,$0.00,$0.00,0,0.00%,$0.00,$0.00,,,,
Fairview Elementary,5/14/2025,30099,Chickpeas(1/4 cup),29,0,29,32,27,0,27,$2.43,0,0.00%,$0.00,$2.43,5,15.63%,$0.45,$2.88,,,,
Fairview Elementary,5/14/2025,30107,Ranch Dressing(1 ounce),17,0,17,24,19,0,19,$2.09,0,0.00%,$0.00,$2.09,5,20.83%,$0.55,$2.64,,,,
Fairview Elementary,5/14/2025,60012,Turkey Barbacoa Tacos on Flour Tortillas(2 Tacos),0,0,0,17,17,0,17,$20.23,0,0.00%,$0.00,$20.23,0,0.00%,$0.00,$20.23,,,,
Fairview Elementary,5/14/2025,60035,PB&J Power Pack(Power Packs),53,0,53,13,12,1,13,$14.04,0,0.00%,$0.00,$14.04,0,0.00%,$0.00,$14.04,,,,
Fairview Elementary,5/14/2025,60038,Peach Yogurt Power Pack(Power Packs),15,0,15,44,43,1,44,$35.20,0,0.00%,$0.00,$35.20,0,0.00%,$0.00,$35.20,,,,
Fairview Elementary,5/14/2025,60047,Chicken Tenders(3 tenders),0,0,0,11,11,0,11,$10.34,0,0.00%,$0.00,$10.34,0,0.00%,$0.00,$10.34,,,,
Fairview Elementary,5/14/2025,60050,Chickenless Bites(2 Bites),80,0,80,153,136,10,146,$55.48,0,0.00%,$0.00,$55.48,7,4.58%,$2.66,$58.14,,,,
Fairview Elementary,5/14/2025,60077,Manager's Vegetable Choice(1/4 cup),162,0,162,260,248,0,248,$0.00,0,0.00%,$0.00,$0.00,12,4.62%,$0.00,$0.00,,,,
Fairview Elementary,5/14/2025,60101,Chickpeas - salad bar entree(1/2 cup),1,0,1,1,0,0,0,$0.00,0,0.00%,$0.00,$0.00,1,100.00%,$0.00,$0.00,,,,
Fairview Elementary,5/14/2025,60121,"Sauce, Spicy Mayo(tbsp)",0,0,0,24,12,0,12,$1.08,0,0.00%,$0.00,$1.08,12,50.00%,$1.08,$2.16,,,,
Fairview Elementary,5/14/2025,60150,Strawberry Parfait Power Pack(Power Pack),0,0,0,5,5,0,5,$8.15,0,0.00%,$0.00,$8.15,0,0.00%,$0.00,$8.15,,,,
Fairview Elementary,5/14/2025,60170,BBQ Sandwich(Sandwich),0,0,0,4,0,2,2,$0.00,2,50.00%,$0.00,$0.00,0,0.00%,$0.00,$0.00,,,,
Flint Hill Elementary,5/14/2025,10015,Baked Cheese Sticks(2 Cheese Sticks),0,0,0,62,50,12,62,$40.92,0,0.00%,$0.00,$40.92,0,0.00%,$0.00,$40.92,,,,
Flint Hill Elementary,5/14/2025,10033,Chocolate Chip Cookie(1/2 Cookie),0,0,0,9,0,9,9,$0.00,0,0.00%,$0.00,$0.00,0,0.00%,$0.00,$0.00,,,,
Flint Hill Elementary,5/14/2025,10044,Soft Pretzel(1 pretzel),16,0,16,9,9,0,9,$1.98,0,0.00%,$0.00,$1.98,0,0.00%,$0.00,$1.98,,,,
Flint Hill Elementary,5/14/2025,10075,Cheese Pizza(Slice),0,0,0,1,1,0,1,$0.57,0,0.00%,$0.00,$0.57,0,0.00%,$0.00,$0.57,,,,
Flint Hill Elementary,5/14/2025,20001,1% White Milk(Each),22,0,22,34,34,0,34,$12.24,0,0.00%,$0.00,$12.24,0,0.00%,$0.00,$12.24,,,,
Flint Hill Elementary,5/14/2025,20002,Fat Free Chocolate Milk(Each),133,0,133,259,259,0,259,$90.65,0,0.00%,$0.00,$90.65,0,0.00%,$0.00,$90.65,,,,
Flint Hill Elementary,5/14/2025,20008,Apple Slices(3 slices per 1/4 cup),0,0,0,128,125,0,125,$73.75,0,0.00%,$0.00,$73.75,3,2.34%,$1.77,$75.52,,,,
Flint Hill Elementary,5/14/2025,20014,Red Delicious Apple(Each - serving),0,0,0,92,70,0,70,$23.10,0,0.00%,$0.00,$23.10,22,23.91%,$7.26,$30.36,,,,
Flint Hill Elementary,5/14/2025,20016,String Cheese(Each),1,0,1,0,0,0,0,$0.00,0,0.00%,$0.00,$0.00,0,0.00%,$0.00,$0.00,,,,
Flint Hill Elementary,5/14/2025,20017,Orange(1/4 cup),0,0,0,221,213,0,213,$36.21,0,0.00%,$0.00,$36.21,8,3.62%,$1.36,$37.57,,,,
Flint Hill Elementary,5/14/2025,20023,Baby Carrots(3 baby carrots per 1/4 cup),0,0,0,76,44,0,44,$3.96,0,0.00%,$0.00,$3.96,32,42.11%,$2.88,$6.84,,,,
Flint Hill Elementary,5/14/2025,20027,Broccoli Florets(1/4 cup),16,0,16,28,26,0,26,$2.08,0,0.00%,$0.00,$2.08,2,7.14%,$0.16,$2.24,,,,
Flint Hill Elementary,5/14/2025,20028,Lettuce Blend Salad Mix(1/2 cup),35,0,35,40,40,0,40,$3.20,0,0.00%,$0.00,$3.20,0,0.00%,$0.00,$3.20,,,,
Flint Hill Elementary,5/14/2025,20040,Cucumber Slices(1/4 cup),0,0,0,33,33,0,33,$1.98,0,0.00%,$0.00,$1.98,0,0.00%,$0.00,$1.98,,,,
Flint Hill Elementary,5/14/2025,20052,Assorted  4 oz Yogurt(Container),3,0,3,9,0,9,9,$0.00,0,0.00%,$0.00,$0.00,0,0.00%,$0.00,$0.00,,,,
Flint Hill Elementary,5/14/2025,20077,"Peppers, red, pre-sliced(1/2 cup sliced)",0,0,0,35,31,0,31,$17.36,0,0.00%,$0.00,$17.36,4,11.43%,$2.24,$19.60,,,,
Flint Hill Elementary,5/14/2025,30008,Apple Juice(Each),14,0,14,0,0,0,0,$0.00,0,0.00%,$0.00,$0.00,0,0.00%,$0.00,$0.00,,,,
Flint Hill Elementary,5/14/2025,30009,Orange Tangerine Juice(Each),6,0,6,0,0,0,0,$0.00,0,0.00%,$0.00,$0.00,0,0.00%,$0.00,$0.00,,,,
Flint Hill Elementary,5/14/2025,30014,Whole Wheat Dinner Roll(2 rolls),0,0,0,124,124,0,124,$34.72,0,0.00%,$0.00,$34.72,0,0.00%,$0.00,$34.72,,,,
Flint Hill Elementary,5/14/2025,30014,Whole Wheat Dinner Roll(Each),50,0,50,52,52,0,52,$7.28,0,0.00%,$0.00,$7.28,0,0.00%,$0.00,$7.28,,,,
Flint Hill Elementary,5/14/2025,30024,Black Beans(1/2 Cup),0,0,0,11,9,0,9,$1.53,0,0.00%,$0.00,$1.53,2,18.18%,$0.34,$1.87,,,,
Flint Hill Elementary,5/14/2025,30031,Strawberry Chex Mix(Package),0,0,0,0,0,0,0,$0.00,0,0.00%,$0.00,$0.00,0,0.00%,$0.00,$0.00,,,,
Flint Hill Elementary,5/14/2025,30033,Cheez-Its Crackers(Package),0,0,0,8,0,8,8,$0.00,0,0.00%,$0.00,$0.00,0,0.00%,$0.00,$0.00,,,,
Flint Hill Elementary,5/14/2025,30039,Cherry Flavored Dried Cranberries(Each),14,0,14,0,0,0,0,$0.00,0,0.00%,$0.00,$0.00,0,0.00%,$0.00,$0.00,,,,
Flint Hill Elementary,5/14/2025,30063,Ketchup Packet(Packet),131,0,131,150,150,0,150,$4.50,0,0.00%,$0.00,$4.50,0,0.00%,$0.00,$4.50,,,,
Flint Hill Elementary,5/14/2025,30077,Italian Dressing(1 ounce),20,0,20,13,13,0,13,$1.04,0,0.00%,$0.00,$1.04,0,0.00%,$0.00,$1.04,,,,
Flint Hill Elementary,5/14/2025,30094,Doritos Wild White Nacho Flavored Tortilla Chips(Bag),0,0,0,34,0,34,34,$0.00,0,0.00%,$0.00,$0.00,0,0.00%,$0.00,$0.00,,,,
Flint Hill Elementary,5/14/2025,30097,Bottled Water(Bottle),8,0,8,18,0,18,18,$0.00,0,0.00%,$0.00,$0.00,0,0.00%,$0.00,$0.00,,,,
Flint Hill Elementary,5/14/2025,30099,Chickpeas(1/4 cup),5,0,5,0,0,0,0,$0.00,0,0.00%,$0.00,$0.00,0,0.00%,$0.00,$0.00,,,,
Flint Hill Elementary,5/14/2025,30102,1% Unflavored Shelf-Stable Milk(Each),0,0,0,5,5,0,5,$1.90,0,0.00%,$0.00,$1.90,0,0.00%,$0.00,$1.90,,,,
Flint Hill Elementary,5/14/2025,30103,"Milk, Lactose Free,  Fat Free, Shelf-Stable(Each)",0,0,0,10,10,0,10,$4.80,0,0.00%,$0.00,$4.80,0,0.00%,$0.00,$4.80,,,,
Flint Hill Elementary,5/14/2025,30107,Ranch Dressing(1 ounce),42,0,42,33,33,0,33,$3.63,0,0.00%,$0.00,$3.63,0,0.00%,$0.00,$3.63,,,,
Flint Hill Elementary,5/14/2025,30109,Smartfood RF White Cheddar Popcorn(Each),0,0,0,0,0,0,0,$0.00,0,0.00%,$0.00,$0.00,0,0.00%,$0.00,$0.00,,,,
Flint Hill Elementary,5/14/2025,60035,PB&J Power Pack(Power Packs),49,0,49,24,20,4,24,$25.92,0,0.00%,$0.00,$25.92,0,0.00%,$0.00,$25.92,,,,
Flint Hill Elementary,5/14/2025,60036,Cherry Vanilla Yogurt Power Pack(Power Packs),0,0,0,13,6,0,6,$4.80,0,0.00%,$0.00,$4.80,7,53.85%,$5.60,$10.40,,,,
Flint Hill Elementary,5/14/2025,60047,Chicken Tenders(3 tenders),0,0,0,135,122,13,135,$126.90,0,0.00%,$0.00,$126.90,0,0.00%,$0.00,$126.90,,,,
Flint Hill Elementary,5/14/2025,60050,Chickenless Bites(2 Bites),29,0,29,46,25,21,46,$17.48,0,0.00%,$0.00,$17.48,0,0.00%,$0.00,$17.48,,,,
Flint Hill Elementary,5/14/2025,60064,Vegetable Dumpling(6 dumplings),0,0,0,7,7,0,7,$0.00,0,0.00%,$0.00,$0.00,0,0.00%,$0.00,$0.00,,,,
Flint Hill Elementary,5/14/2025,60077,Manager's Vegetable Choice(1/4 cup),7,0,7,0,0,0,0,$0.00,0,0.00%,$0.00,$0.00,0,0.00%,$0.00,$0.00,,,,
Flint Hill Elementary,5/14/2025,60101,Chickpeas - salad bar entree(1/2 cup),2,0,2,0,0,0,0,$0.00,0,0.00%,$0.00,$0.00,0,0.00%,$0.00,$0.00,,,,
Floris Elementary,5/14/2025,10044,Soft Pretzel(1 pretzel),5,0,5,1,1,0,1,$0.22,0,0.00%,$0.00,$0.22,0,0.00%,$0.00,$0.22,,,,
Floris Elementary,5/14/2025,10058,Chicken & Vegetable Dumplings(6 dumplings),100,0,100,73,64,7,71,$0.00,2,2.74%,$0.00,$0.00,0,0.00%,$0.00,$0.00,,,,
Floris Elementary,5/14/2025,10070,Orange Sauce(ounce),100,0,100,75,65,0,65,$9.10,10,13.33%,$1.40,$10.50,0,0.00%,$0.00,$10.50,,,,
Floris Elementary,5/14/2025,20001,1% White Milk(Each),35,0,35,54,12,0,12,$4.32,0,0.00%,$0.00,$4.32,42,77.78%,$15.12,$19.44,,,,
Floris Elementary,5/14/2025,20002,Fat Free Chocolate Milk(Each),200,0,200,156,119,0,119,$41.65,0,0.00%,$0.00,$41.65,37,23.72%,$12.95,$54.60,,,,
Floris Elementary,5/14/2025,20018,Red Seedless Grapes(16 grapes per 1/2 cup),0,0,0,161,161,0,161,$82.11,0,0.00%,$0.00,$82.11,0,0.00%,$0.00,$82.11,,,,
Floris Elementary,5/14/2025,20028,Lettuce Blend Salad Mix(1/2 cup),80,0,80,40,40,0,40,$3.20,0,0.00%,$0.00,$3.20,0,0.00%,$0.00,$3.20,,,,
Floris Elementary,5/14/2025,20031,Banana(Each),125,0,125,80,58,0,58,$12.18,0,0.00%,$0.00,$12.18,22,27.50%,$4.62,$16.80,,,,
Floris Elementary,5/14/2025,20036,Celery Sticks(1/2 cup),0,0,0,72,72,0,72,$39.60,0,0.00%,$0.00,$39.60,0,0.00%,$0.00,$39.60,,,,
Floris Elementary,5/14/2025,20038,Fat Free White Milk(Each),25,0,25,26,5,0,5,$1.65,0,0.00%,$0.00,$1.65,21,80.77%,$6.93,$8.58,,,,
Floris Elementary,5/14/2025,20052,Assorted  4 oz Yogurt(Container),5,0,5,1,0,1,1,$0.00,0,0.00%,$0.00,$0.00,0,0.00%,$0.00,$0.00,,,,
Floris Elementary,5/14/2025,20077,"Peppers, red, pre-sliced(1/2 cup sliced)",0,0,0,105,85,0,85,$47.60,0,0.00%,$0.00,$47.60,20,19.05%,$11.20,$58.80,,,,
Floris Elementary,5/14/2025,30014,Whole Wheat Dinner Roll(Each),75,0,75,96,68,6,74,$10.36,0,0.00%,$0.00,$10.36,22,22.92%,$3.08,$13.44,,,,
Floris Elementary,5/14/2025,30039,Cherry Flavored Dried Cranberries(Each),5,0,5,35,35,0,35,$8.40,0,0.00%,$0.00,$8.40,0,0.00%,$0.00,$8.40,,,,
Floris Elementary,5/14/2025,30045,Watermelon Flavored Dried Cranberries(Each),5,0,5,35,35,0,35,$8.40,0,0.00%,$0.00,$8.40,0,0.00%,$0.00,$8.40,,,,
Floris Elementary,5/14/2025,30063,Ketchup Packet(Packet),400,0,400,300,275,0,275,$8.25,0,0.00%,$0.00,$8.25,25,8.33%,$0.75,$9.00,,,,
Floris Elementary,5/14/2025,30064,Mayonnaise Packet(Packet),50,0,50,25,0,0,0,$0.00,0,0.00%,$0.00,$0.00,25,100.00%,$0.00,$0.00,,,,
Floris Elementary,5/14/2025,30065,Mustard Packet(Packet),50,0,50,30,20,0,20,$1.00,0,0.00%,$0.00,$1.00,10,33.33%,$0.50,$1.50,,,,
Floris Elementary,5/14/2025,30077,Italian Dressing(1 ounce),24,0,24,24,14,0,14,$1.12,10,41.67%,$0.80,$1.92,0,0.00%,$0.00,$1.92,,,,
Floris Elementary,5/14/2025,30094,Doritos Wild White Nacho Flavored Tortilla Chips(Bag),0,0,0,47,0,47,47,$0.00,0,0.00%,$0.00,$0.00,0,0.00%,$0.00,$0.00,,,,
Floris Elementary,5/14/2025,30097,Bottled Water(Bottle),5,0,5,19,0,19,19,$0.00,0,0.00%,$0.00,$0.00,0,0.00%,$0.00,$0.00,,,,
Floris Elementary,5/14/2025,30107,Ranch Dressing(1 ounce),36,0,36,36,34,0,34,$3.74,2,5.56%,$0.22,$3.96,0,0.00%,$0.00,$3.96,,,,
Floris Elementary,5/14/2025,30109,Smartfood RF White Cheddar Popcorn(Each),5,0,5,22,0,22,22,$0.00,0,0.00%,$0.00,$0.00,0,0.00%,$0.00,$0.00,,,,
Floris Elementary,5/14/2025,60034,Mandarin Orange Parfait(Parfait),0,0,0,10,10,0,10,$9.90,0,0.00%,$0.00,$9.90,0,0.00%,$0.00,$9.90,,,,
Floris Elementary,5/14/2025,60035,PB&J Power Pack(Power Packs),40,0,40,42,31,0,31,$33.48,0,0.00%,$0.00,$33.48,11,26.19%,$11.88,$45.36,,,,
Floris Elementary,5/14/2025,60036,Cherry Vanilla Yogurt Power Pack(Power Packs),10,0,10,10,9,0,9,$7.20,0,0.00%,$0.00,$7.20,1,10.00%,$0.80,$8.00,,,,
Floris Elementary,5/14/2025,60050,Chickenless Bites(2 Bites),75,0,75,94,68,6,74,$28.12,0,0.00%,$0.00,$28.12,20,21.28%,$7.60,$35.72,,,,
Floris Elementary,5/14/2025,60064,Vegetable Dumpling(6 dumplings),0,0,0,12,7,1,8,$0.00,4,33.33%,$0.00,$0.00,0,0.00%,$0.00,$0.00,,,,
Floris Elementary,5/14/2025,60077,Manager's Vegetable Choice(1/4 cup),150,0,150,150,140,0,140,$0.00,0,0.00%,$0.00,$0.00,10,6.67%,$0.00,$0.00,,,,
Floris Elementary,5/14/2025,60101,Chickpeas - salad bar entree(1/2 cup),5,0,5,1,0,0,0,$0.00,1,100.00%,$0.00,$0.00,0,0.00%,$0.00,$0.00,,,,
Floris Elementary,5/14/2025,60148,Turkey Barbacoa Arepa(1 Arepa + #10 scoop of turkey barbacoa),0,0,0,15,7,0,7,$10.08,8,53.33%,$11.52,$21.60,0,0.00%,$0.00,$21.60,,,,
Forest Edge Elementary,5/14/2025,10015,Baked Cheese Sticks(2 Cheese Sticks),0,0,0,27,26,0,26,$17.16,1,3.70%,$0.66,$17.82,0,0.00%,$0.00,$17.82,,,,
Forest Edge Elementary,5/14/2025,10044,Soft Pretzel(1 pretzel),44,0,44,28,28,0,28,$6.16,0,0.00%,$0.00,$6.16,0,0.00%,$0.00,$6.16,,,,
Forest Edge Elementary,5/14/2025,10070,Orange Sauce(ounce),0,0,0,40,34,0,34,$4.76,6,15.00%,$0.84,$5.60,0,0.00%,$0.00,$5.60,,,,
Forest Edge Elementary,5/14/2025,10088,Potato Wedges(4 pieces),0,0,0,75,74,0,74,$7.40,1,1.33%,$0.10,$7.50,0,0.00%,$0.00,$7.50,,,,
Forest Edge Elementary,5/14/2025,20001,1% White Milk(Each),84,2,86,118,83,2,85,$30.60,0,0.00%,$0.00,$30.60,33,27.97%,$11.88,$42.48,,,,
Forest Edge Elementary,5/14/2025,20002,Fat Free Chocolate Milk(Each),192,0,192,211,201,0,201,$70.35,0,0.00%,$0.00,$70.35,10,4.74%,$3.50,$73.85,,,,
Forest Edge Elementary,5/14/2025,20014,Red Delicious Apple(Each - serving),25,0,25,153,153,0,153,$50.49,0,0.00%,$0.00,$50.49,0,0.00%,$0.00,$50.49,,,,
Forest Edge Elementary,5/14/2025,20016,String Cheese(Each),0,0,0,0,0,0,0,$0.00,0,0.00%,$0.00,$0.00,0,0.00%,$0.00,$0.00,,,,
Forest Edge Elementary,5/14/2025,20017,Orange(Each - serving),0,0,0,100,100,0,100,$34.00,0,0.00%,$0.00,$34.00,0,0.00%,$0.00,$34.00,,,,
Forest Edge Elementary,5/14/2025,20018,Red Seedless Grapes(16 grapes per 1/2 cup),93,0,93,46,46,0,46,$23.46,0,0.00%,$0.00,$23.46,0,0.00%,$0.00,$23.46,,,,
Forest Edge Elementary,5/14/2025,20027,Broccoli Florets(6 Pieces per 1/2 cup),46,0,46,42,41,0,41,$6.15,1,2.38%,$0.15,$6.30,0,0.00%,$0.00,$6.30,,,,
Forest Edge Elementary,5/14/2025,20028,Lettuce Blend Salad Mix(1/2 cup),121,0,121,120,120,0,120,$9.60,0,0.00%,$0.00,$9.60,0,0.00%,$0.00,$9.60,,,,
Forest Edge Elementary,5/14/2025,20031,Banana(Each),0,0,0,70,70,0,70,$14.70,0,0.00%,$0.00,$14.70,0,0.00%,$0.00,$14.70,,,,
Forest Edge Elementary,5/14/2025,20036,Celery Sticks(1/2 cup),0,0,0,46,46,0,46,$25.30,0,0.00%,$0.00,$25.30,0,0.00%,$0.00,$25.30,,,,
Forest Edge Elementary,5/14/2025,20038,Fat Free White Milk(Each),15,0,15,25,14,0,14,$4.62,0,0.00%,$0.00,$4.62,11,44.00%,$3.63,$8.25,,,,
Forest Edge Elementary,5/14/2025,20040,Cucumber Slices(6 Slices per 1/2 cup),28,2,30,34,32,2,34,$4.08,0,0.00%,$0.00,$4.08,0,0.00%,$0.00,$4.08,,,,
Forest Edge Elementary,5/14/2025,20043,"Lactose Free, White Milk(Each)",0,0,0,3,3,0,3,$1.74,0,0.00%,$0.00,$1.74,0,0.00%,$0.00,$1.74,,,,
Forest Edge Elementary,5/14/2025,20052,Assorted  4 oz Yogurt(Container),0,0,0,0,0,0,0,$0.00,0,0.00%,$0.00,$0.00,0,0.00%,$0.00,$0.00,,,,
Forest Edge Elementary,5/14/2025,20074,"Apple Slices(3 slices, 1/4 cup)",0,0,0,60,60,0,60,$10.80,0,0.00%,$0.00,$10.80,0,0.00%,$0.00,$10.80,,,,
Forest Edge Elementary,5/14/2025,20076,"Peppers, green, pre-sliced(1/2 cup sliced)",0,0,0,35,34,0,34,$10.20,1,2.86%,$0.30,$10.50,0,0.00%,$0.00,$10.50,,,,
Forest Edge Elementary,5/14/2025,20077,"Peppers, red, pre-sliced(1/2 cup sliced)",0,0,0,35,33,0,33,$18.48,2,5.71%,$1.12,$19.60,0,0.00%,$0.00,$19.60,,,,
Forest Edge Elementary,5/14/2025,30008,Apple Juice(Each),0,0,0,0,0,0,0,$0.00,0,0.00%,$0.00,$0.00,0,0.00%,$0.00,$0.00,,,,
Forest Edge Elementary,5/14/2025,30009,Orange Tangerine Juice(Each),0,0,0,0,0,0,0,$0.00,0,0.00%,$0.00,$0.00,0,0.00%,$0.00,$0.00,,,,
Forest Edge Elementary,5/14/2025,30014,Whole Wheat Dinner Roll(Each),84,2,86,213,207,6,213,$29.82,0,0.00%,$0.00,$29.82,0,0.00%,$0.00,$29.82,,,,
Forest Edge Elementary,5/14/2025,30018,Marinara Sauce(1/4 Cup),0,0,0,25,25,0,25,$3.75,0,0.00%,$0.00,$3.75,0,0.00%,$0.00,$3.75,,,,
Forest Edge Elementary,5/14/2025,30020,Applesauce(1/2 Cup),54,2,56,72,70,2,72,$15.12,0,0.00%,$0.00,$15.12,0,0.00%,$0.00,$15.12,,,,
Forest Edge Elementary,5/14/2025,30031,Strawberry Chex Mix(Package),0,0,0,0,0,0,0,$0.00,0,0.00%,$0.00,$0.00,0,0.00%,$0.00,$0.00,,,,
Forest Edge Elementary,5/14/2025,30033,Cheez-Its Crackers(Package),30,0,30,27,27,0,27,$4.86,0,0.00%,$0.00,$4.86,0,0.00%,$0.00,$4.86,,,,
Forest Edge Elementary,5/14/2025,30034,Graham Crackers(Package),0,0,0,1,1,0,1,$0.14,0,0.00%,$0.00,$0.14,0,0.00%,$0.00,$0.14,,,,
Forest Edge Elementary,5/14/2025,30061,Chilled Mandarin Oranges(1/2 cup (drained)),0,0,0,50,49,0,49,$16.66,1,2.00%,$0.34,$17.00,0,0.00%,$0.00,$17.00,,,,
Forest Edge Elementary,5/14/2025,30077,Italian Dressing(1 ounce),47,0,47,24,24,0,24,$1.92,0,0.00%,$0.00,$1.92,0,0.00%,$0.00,$1.92,,,,
Forest Edge Elementary,5/14/2025,30097,Bottled Water(Bottle),0,0,0,0,0,0,0,$0.00,0,0.00%,$0.00,$0.00,0,0.00%,$0.00,$0.00,,,,
Forest Edge Elementary,5/14/2025,30099,Chickpeas(1/4 cup),25,0,25,25,24,0,24,$2.16,1,4.00%,$0.09,$2.25,0,0.00%,$0.00,$2.25,,,,
Forest Edge Elementary,5/14/2025,30107,Ranch Dressing(1 ounce),25,0,25,48,48,0,48,$5.28,0,0.00%,$0.00,$5.28,0,0.00%,$0.00,$5.28,,,,
Forest Edge Elementary,5/14/2025,30109,Smartfood RF White Cheddar Popcorn(Each),3,0,3,0,0,0,0,$0.00,0,0.00%,$0.00,$0.00,0,0.00%,$0.00,$0.00,,,,
Forest Edge Elementary,5/14/2025,30188,"Milk, Soy, Plain, Bulk (12/32 oz)(1 cup)",0,0,0,1,1,0,1,$0.79,0,0.00%,$0.00,$0.79,0,0.00%,$0.00,$0.79,,,,
Forest Edge Elementary,5/14/2025,60035,PB&J Power Pack(Power Packs),51,0,51,20,14,0,14,$15.12,0,0.00%,$0.00,$15.12,6,30.00%,$6.48,$21.60,,,,
Forest Edge Elementary,5/14/2025,60037,Strawberry & Banana Yogurt Power Pack(Power Packs),24,0,24,30,26,0,26,$20.80,0,0.00%,$0.00,$20.80,4,13.33%,$3.20,$24.00,,,,
Forest Edge Elementary,5/14/2025,60038,Peach Yogurt Power Pack(Power Packs),1,0,1,0,0,0,0,$0.00,0,0.00%,$0.00,$0.00,0,0.00%,$0.00,$0.00,,,,
Forest Edge Elementary,5/14/2025,60045,Cucumber Slices(1/2 cup),28,0,28,38,38,0,38,$3.04,0,0.00%,$0.00,$3.04,0,0.00%,$0.00,$3.04,,,,
Forest Edge Elementary,5/14/2025,60047,Chicken Tenders(3 tenders),52,2,54,73,66,6,72,$67.68,1,1.37%,$0.94,$68.62,0,0.00%,$0.00,$68.62,,,,
Forest Edge Elementary,5/14/2025,60050,Chickenless Bites(4 Bites),91,0,91,156,155,0,155,$117.80,1,0.64%,$0.76,$118.56,0,0.00%,$0.00,$118.56,,,,
Forest Edge Elementary,5/14/2025,60064,Vegetable Dumpling(6 dumplings),0,0,0,40,34,0,34,$0.00,6,15.00%,$0.00,$0.00,0,0.00%,$0.00,$0.00,,,,
Forest Edge Elementary,5/14/2025,60101,Chickpeas - salad bar entree(1/2 cup),3,0,3,0,0,0,0,$0.00,0,0.00%,$0.00,$0.00,0,0.00%,$0.00,$0.00,,,,
Forestdale Elementary,5/14/2025,10033,Chocolate Chip Cookie(1/2 Cookie),27,0,27,27,0,27,27,$0.00,0,0.00%,$0.00,$0.00,0,0.00%,$0.00,$0.00,,,,
Forestdale Elementary,5/14/2025,10044,Soft Pretzel(1 pretzel),4,0,4,0,0,0,0,$0.00,0,0.00%,$0.00,$0.00,0,0.00%,$0.00,$0.00,,,,
Forestdale Elementary,5/14/2025,10070,Orange Sauce(ounce),80,0,80,44,44,0,44,$6.16,0,0.00%,$0.00,$6.16,0,0.00%,$0.00,$6.16,,,,
Forestdale Elementary,5/14/2025,20001,1% White Milk(Each),74,0,74,69,64,0,64,$23.04,0,0.00%,$0.00,$23.04,5,7.25%,$1.80,$24.84,,,,
Forestdale Elementary,5/14/2025,20002,Fat Free Chocolate Milk(Each),250,0,250,250,244,0,244,$85.40,0,0.00%,$0.00,$85.40,6,2.40%,$2.10,$87.50,,,,
Forestdale Elementary,5/14/2025,20014,Red Delicious Apple(Each - serving),116,0,116,166,165,0,165,$54.45,0,0.00%,$0.00,$54.45,1,0.60%,$0.33,$54.78,,,,
Forestdale Elementary,5/14/2025,20016,String Cheese(Each),0,0,0,0,0,0,0,$0.00,0,0.00%,$0.00,$0.00,0,0.00%,$0.00,$0.00,,,,
Forestdale Elementary,5/14/2025,20027,Broccoli Florets(1/4 cup),100,0,100,100,96,0,96,$7.68,0,0.00%,$0.00,$7.68,4,4.00%,$0.32,$8.00,,,,
Forestdale Elementary,5/14/2025,20028,Lettuce Blend Salad Mix(1/2 cup),99,0,99,100,100,0,100,$8.00,0,0.00%,$0.00,$8.00,0,0.00%,$0.00,$8.00,,,,
Forestdale Elementary,5/14/2025,20031,Banana(Each),0,0,0,131,131,0,131,$27.51,0,0.00%,$0.00,$27.51,0,0.00%,$0.00,$27.51,,,,
Forestdale Elementary,5/14/2025,20038,Fat Free White Milk(Each),23,0,23,10,7,0,7,$2.31,0,0.00%,$0.00,$2.31,3,30.00%,$0.99,$3.30,,,,
Forestdale Elementary,5/14/2025,20040,Cucumber Slices(6 Slices per 1/2 cup),17,0,17,17,17,0,17,$2.04,0,0.00%,$0.00,$2.04,0,0.00%,$0.00,$2.04,,,,
Forestdale Elementary,5/14/2025,20043,"Lactose Free, White Milk(Each)",2,0,2,2,2,0,2,$1.16,0,0.00%,$0.00,$1.16,0,0.00%,$0.00,$1.16,,,,
Forestdale Elementary,5/14/2025,20052,Assorted  4 oz Yogurt(Container),0,0,0,0,0,0,0,$0.00,0,0.00%,$0.00,$0.00,0,0.00%,$0.00,$0.00,,,,
Forestdale Elementary,5/14/2025,30008,Apple Juice(Each),0,0,0,0,0,0,0,$0.00,0,0.00%,$0.00,$0.00,0,0.00%,$0.00,$0.00,,,,
Forestdale Elementary,5/14/2025,30009,Orange Tangerine Juice(Each),0,0,0,0,0,0,0,$0.00,0,0.00%,$0.00,$0.00,0,0.00%,$0.00,$0.00,,,,
Forestdale Elementary,5/14/2025,30014,Whole Wheat Dinner Roll(2 rolls),0,0,0,146,145,0,145,$40.60,0,0.00%,$0.00,$40.60,1,0.68%,$0.28,$40.88,,,,
Forestdale Elementary,5/14/2025,30014,Whole Wheat Dinner Roll(Each),240,0,240,82,82,0,82,$11.48,0,0.00%,$0.00,$11.48,0,0.00%,$0.00,$11.48,,,,
Forestdale Elementary,5/14/2025,30020,Applesauce(1/2 Cup),40,0,40,41,41,0,41,$8.61,0,0.00%,$0.00,$8.61,0,0.00%,$0.00,$8.61,,,,
Forestdale Elementary,5/14/2025,30031,Strawberry Chex Mix(Package),0,0,0,0,0,0,0,$0.00,0,0.00%,$0.00,$0.00,0,0.00%,$0.00,$0.00,,,,
Forestdale Elementary,5/14/2025,30033,Cheez-Its Crackers(Package),17,0,17,16,16,0,16,$2.88,0,0.00%,$0.00,$2.88,0,0.00%,$0.00,$2.88,,,,
Forestdale Elementary,5/14/2025,30045,Watermelon Flavored Dried Cranberries(Each),100,0,100,100,80,0,80,$19.20,0,0.00%,$0.00,$19.20,20,20.00%,$4.80,$24.00,,,,
Forestdale Elementary,5/14/2025,30077,Italian Dressing(1 ounce),20,0,20,20,15,0,15,$1.20,0,0.00%,$0.00,$1.20,5,25.00%,$0.40,$1.60,,,,
Forestdale Elementary,5/14/2025,30094,Doritos Wild White Nacho Flavored Tortilla Chips(Bag),5,0,5,5,0,5,5,$0.00,0,0.00%,$0.00,$0.00,0,0.00%,$0.00,$0.00,,,,
Forestdale Elementary,5/14/2025,30097,Bottled Water(Bottle),1,0,1,1,0,1,1,$0.00,0,0.00%,$0.00,$0.00,0,0.00%,$0.00,$0.00,,,,
Forestdale Elementary,5/14/2025,30099,Chickpeas(1/4 cup),15,0,15,15,15,0,15,$1.35,0,0.00%,$0.00,$1.35,0,0.00%,$0.00,$1.35,,,,
Forestdale Elementary,5/14/2025,30103,"Milk, Lactose Free,  Fat Free, Shelf-Stable(Each)",0,0,0,27,26,0,26,$12.48,0,0.00%,$0.00,$12.48,1,3.70%,$0.48,$12.96,,,,
Forestdale Elementary,5/14/2025,30107,Ranch Dressing(1 ounce),50,0,50,50,45,0,45,$4.95,0,0.00%,$0.00,$4.95,5,10.00%,$0.55,$5.50,,,,
Forestdale Elementary,5/14/2025,30109,Smartfood RF White Cheddar Popcorn(Each),4,0,4,4,0,4,4,$0.00,0,0.00%,$0.00,$0.00,0,0.00%,$0.00,$0.00,,,,
Forestdale Elementary,5/14/2025,60035,PB&J Power Pack(Power Packs),120,0,120,80,74,0,74,$79.92,0,0.00%,$0.00,$79.92,6,7.50%,$6.48,$86.40,,,,
Forestdale Elementary,5/14/2025,60037,Strawberry & Banana Yogurt Power Pack(Power Packs),50,0,50,30,26,0,26,$20.80,0,0.00%,$0.00,$20.80,4,13.33%,$3.20,$24.00,,,,
Forestdale Elementary,5/14/2025,60038,Peach Yogurt Power Pack(Power Packs),1,0,1,0,0,0,0,$0.00,0,0.00%,$0.00,$0.00,0,0.00%,$0.00,$0.00,,,,
Forestdale Elementary,5/14/2025,60040,Grilled Cheese Sandwich(Sandwich),0,0,0,49,40,0,40,$16.80,0,0.00%,$0.00,$16.80,9,18.37%,$3.78,$20.58,,,,
Forestdale Elementary,5/14/2025,60045,Cucumber Slices(1/2 cup),23,0,23,24,24,0,24,$1.92,0,0.00%,$0.00,$1.92,0,0.00%,$0.00,$1.92,,,,
Forestdale Elementary,5/14/2025,60047,Chicken Tenders(3 tenders),36,0,36,184,183,0,183,$172.02,1,0.54%,$0.94,$172.96,0,0.00%,$0.00,$172.96,,,,
Forestdale Elementary,5/14/2025,60050,Chickenless Bites(4 Bites),203,0,203,44,43,1,44,$33.44,0,0.00%,$0.00,$33.44,0,0.00%,$0.00,$33.44,,,,
Forestdale Elementary,5/14/2025,60063,Chicken & Vegetable Dumplings(6 dumplings),80,0,80,39,32,6,38,$0.00,1,2.56%,$0.00,$0.00,0,0.00%,$0.00,$0.00,,,,
Forestdale Elementary,5/14/2025,60077,Manager's Vegetable Choice(1/4 cup),90,0,90,100,95,0,95,$0.00,0,0.00%,$0.00,$0.00,5,5.00%,$0.00,$0.00,,,,
Forestdale Elementary,5/14/2025,60101,Chickpeas - salad bar entree(1/2 cup),0,0,0,0,0,0,0,$0.00,0,0.00%,$0.00,$0.00,0,0.00%,$0.00,$0.00,,,,
Forestdale Elementary,5/14/2025,60150,Strawberry Parfait Power Pack(Power Pack),10,0,10,0,0,0,0,$0.00,0,0.00%,$0.00,$0.00,0,0.00%,$0.00,$0.00,,,,
Forestville Elementary,5/14/2025,10044,Soft Pretzel(1 pretzel),2,0,2,5,0,0,0,$0.00,0,0.00%,$0.00,$0.00,5,100.00%,$0.00,$0.00,,,,
Forestville Elementary,5/14/2025,10070,Orange Sauce(ounce),60,0,60,41,39,0,39,$5.46,2,4.88%,$0.28,$5.74,0,0.00%,$0.00,$5.74,,,,
Forestville Elementary,5/14/2025,20001,1% White Milk(Each),29,0,29,87,22,0,22,$7.92,0,0.00%,$0.00,$7.92,65,74.71%,$23.40,$31.32,,,,
Forestville Elementary,5/14/2025,20002,Fat Free Chocolate Milk(Each),113,0,113,214,86,0,86,$30.10,0,0.00%,$0.00,$30.10,128,59.81%,$44.80,$74.90,,,,
Forestville Elementary,5/14/2025,20017,Orange(1/4 cup),0,0,0,41,37,0,37,$6.29,4,9.76%,$0.68,$6.97,0,0.00%,$0.00,$6.97,,,,
Forestville Elementary,5/14/2025,20018,Red Seedless Grapes(8 grapes per 1/4 cup),63,0,63,89,87,0,87,$22.62,2,2.25%,$0.52,$23.14,0,0.00%,$0.00,$23.14,,,,
Forestville Elementary,5/14/2025,20023,Baby Carrots(3 baby carrots per 1/4 cup),0,0,0,62,59,0,59,$5.31,3,4.84%,$0.27,$5.58,0,0.00%,$0.00,$5.58,,,,
Forestville Elementary,5/14/2025,20027,Broccoli Florets(1/4 cup),26,0,26,32,29,0,29,$2.32,3,9.38%,$0.24,$2.56,0,0.00%,$0.00,$2.56,,,,
Forestville Elementary,5/14/2025,20028,Lettuce Blend Salad Mix(1/2 cup),84,0,84,85,83,0,83,$6.64,2,2.35%,$0.16,$6.80,0,0.00%,$0.00,$6.80,,,,
Forestville Elementary,5/14/2025,20031,Banana(Each),0,0,0,87,85,0,85,$17.85,2,2.30%,$0.42,$18.27,0,0.00%,$0.00,$18.27,,,,
Forestville Elementary,5/14/2025,20038,Fat Free White Milk(Each),12,0,12,50,7,0,7,$2.31,0,0.00%,$0.00,$2.31,43,86.00%,$14.19,$16.50,,,,
Forestville Elementary,5/14/2025,20040,Cucumber Slices(6 Slices per 1/2 cup),4,0,4,3,3,0,3,$0.36,0,0.00%,$0.00,$0.36,0,0.00%,$0.00,$0.36,,,,
Forestville Elementary,5/14/2025,20076,"Peppers, green, pre-sliced(1/2 cup sliced)",0,0,0,27,25,0,25,$7.50,2,7.41%,$0.60,$8.10,0,0.00%,$0.00,$8.10,,,,
Forestville Elementary,5/14/2025,30008,Apple Juice(Each),0,0,0,60,46,0,46,$7.82,0,0.00%,$0.00,$7.82,14,23.33%,$2.38,$10.20,,,,
Forestville Elementary,5/14/2025,30014,Whole Wheat Dinner Roll(Each),55,0,55,67,62,0,62,$8.68,0,0.00%,$0.00,$8.68,5,7.46%,$0.70,$9.38,,,,
Forestville Elementary,5/14/2025,30020,Applesauce(1/2 Cup),4,0,4,3,3,0,3,$0.63,0,0.00%,$0.00,$0.63,0,0.00%,$0.00,$0.63,,,,
Forestville Elementary,5/14/2025,30033,Cheez-Its Crackers(Package),0,0,0,30,20,0,20,$3.60,0,0.00%,$0.00,$3.60,10,33.33%,$1.80,$5.40,,,,
Forestville Elementary,5/14/2025,30043,Raspberry Lemonade Flavored Dried Cranberries(Each),60,0,60,80,59,0,59,$14.16,0,0.00%,$0.00,$14.16,21,26.25%,$5.04,$19.20,,,,
Forestville Elementary,5/14/2025,30077,Italian Dressing(1 ounce),15,0,15,17,14,0,14,$1.12,3,17.65%,$0.24,$1.36,0,0.00%,$0.00,$1.36,,,,
Forestville Elementary,5/14/2025,30097,Bottled Water(Bottle),0,0,0,40,30,0,30,$4.80,0,0.00%,$0.00,$4.80,10,25.00%,$1.60,$6.40,,,,
Forestville Elementary,5/14/2025,30099,Chickpeas(1/4 cup),11,0,11,14,11,0,11,$0.99,3,21.43%,$0.27,$1.26,0,0.00%,$0.00,$1.26,,,,
Forestville Elementary,5/14/2025,30107,Ranch Dressing(1 ounce),18,0,18,19,17,0,17,$1.87,2,10.53%,$0.22,$2.09,0,0.00%,$0.00,$2.09,,,,
Forestville Elementary,5/14/2025,30109,Smartfood RF White Cheddar Popcorn(Each),0,0,0,50,41,0,41,$15.17,0,0.00%,$0.00,$15.17,9,18.00%,$3.33,$18.50,,,,
Forestville Elementary,5/14/2025,60035,PB&J Power Pack(Power Packs),51,0,51,45,42,0,42,$45.36,0,0.00%,$0.00,$45.36,3,6.67%,$3.24,$48.60,,,,
Forestville Elementary,5/14/2025,60038,Peach Yogurt Power Pack(Power Packs),9,0,9,16,13,0,13,$10.40,0,0.00%,$0.00,$10.40,3,18.75%,$2.40,$12.80,,,,
Forestville Elementary,5/14/2025,60047,Chicken Tenders(3 tenders),0,0,0,4,3,0,3,$2.82,1,25.00%,$0.94,$3.76,0,0.00%,$0.00,$3.76,,,,
Forestville Elementary,5/14/2025,60050,Chickenless Bites(4 Bites),84,0,84,82,80,0,80,$60.80,2,2.44%,$1.52,$62.32,0,0.00%,$0.00,$62.32,,,,
Forestville Elementary,5/14/2025,60063,Chicken & Vegetable Dumplings(6 dumplings),60,0,60,60,58,0,58,$0.00,2,3.33%,$0.00,$0.00,0,0.00%,$0.00,$0.00,,,,
Forestville Elementary,5/14/2025,60101,Chickpeas - salad bar entree(1/2 cup),1,0,1,5,0,0,0,$0.00,5,100.00%,$0.00,$0.00,0,0.00%,$0.00,$0.00,,,,
Fort Belvoir Primary Elementary,5/14/2025,10033,Chocolate Chip Cookie(1/2 Cookie),0,0,0,47,47,0,47,$6.58,0,0.00%,$0.00,$6.58,0,0.00%,$0.00,$6.58,,,,
Fort Belvoir Primary Elementary,5/14/2025,10044,Soft Pretzel(1 pretzel),6,0,6,13,13,0,13,$2.86,0,0.00%,$0.00,$2.86,0,0.00%,$0.00,$2.86,,,,
Fort Belvoir Primary Elementary,5/14/2025,10045,"Peanut Butter and Jelly Sandwich, IW(Each)",0,0,0,3,3,0,3,$2.01,0,0.00%,$0.00,$2.01,0,0.00%,$0.00,$2.01,,,,
Fort Belvoir Primary Elementary,5/14/2025,10069,Bean and Cheese Pupusa(Pupusa),0,0,0,5,5,0,5,$7.50,0,0.00%,$0.00,$7.50,0,0.00%,$0.00,$7.50,,,,
Fort Belvoir Primary Elementary,5/14/2025,10070,Orange Sauce(ounce),100,0,100,70,56,0,56,$7.84,1,1.43%,$0.14,$7.98,13,18.57%,$1.82,$9.80,,,,
Fort Belvoir Primary Elementary,5/14/2025,20001,1% White Milk(Each),79,0,79,583,63,0,63,$22.68,0,0.00%,$0.00,$22.68,520,89.19%,$187.20,$209.88,,,,
Fort Belvoir Primary Elementary,5/14/2025,20002,Fat Free Chocolate Milk(Each),239,0,239,571,254,0,254,$88.90,0,0.00%,$0.00,$88.90,317,55.52%,$110.95,$199.85,,,,
Fort Belvoir Primary Elementary,5/14/2025,20014,Red Delicious Apple(Each - serving),37,0,37,27,27,0,27,$8.91,0,0.00%,$0.00,$8.91,0,0.00%,$0.00,$8.91,,,,
Fort Belvoir Primary Elementary,5/14/2025,20016,String Cheese(Each),0,0,0,0,0,0,0,$0.00,0,0.00%,$0.00,$0.00,0,0.00%,$0.00,$0.00,,,,
Fort Belvoir Primary Elementary,5/14/2025,20018,Red Seedless Grapes(8 grapes per 1/4 cup),340,0,340,552,542,0,542,$140.92,0,0.00%,$0.00,$140.92,10,1.81%,$2.60,$143.52,,,,
Fort Belvoir Primary Elementary,5/14/2025,20023,Baby Carrots(3 baby carrots per 1/4 cup),0,0,0,138,137,0,137,$12.33,1,0.72%,$0.09,$12.42,0,0.00%,$0.00,$12.42,,,,
Fort Belvoir Primary Elementary,5/14/2025,20028,Lettuce Blend Salad Mix(1/2 cup),140,0,140,180,175,0,175,$14.00,5,2.78%,$0.40,$14.40,0,0.00%,$0.00,$14.40,,,,
Fort Belvoir Primary Elementary,5/14/2025,20031,Banana(Each),0,0,0,15,15,0,15,$3.15,0,0.00%,$0.00,$3.15,0,0.00%,$0.00,$3.15,,,,
Fort Belvoir Primary Elementary,5/14/2025,20038,Fat Free White Milk(Each),7,0,7,125,4,0,4,$1.32,0,0.00%,$0.00,$1.32,121,96.80%,$39.93,$41.25,,,,
Fort Belvoir Primary Elementary,5/14/2025,20040,Cucumber Slices(1/4 cup),0,0,0,144,143,0,143,$8.58,1,0.69%,$0.06,$8.64,0,0.00%,$0.00,$8.64,,,,
Fort Belvoir Primary Elementary,5/14/2025,20040,Cucumber Slices(6 Slices per 1/2 cup),37,0,37,27,27,0,27,$3.24,0,0.00%,$0.00,$3.24,0,0.00%,$0.00,$3.24,,,,
Fort Belvoir Primary Elementary,5/14/2025,20043,"Lactose Free, White Milk(Each)",0,0,0,1,1,0,1,$0.58,0,0.00%,$0.00,$0.58,0,0.00%,$0.00,$0.58,,,,
Fort Belvoir Primary Elementary,5/14/2025,20052,Assorted  4 oz Yogurt(Container),1,0,1,0,0,0,0,$0.00,0,0.00%,$0.00,$0.00,0,0.00%,$0.00,$0.00,,,,
Fort Belvoir Primary Elementary,5/14/2025,20077,"Peppers, red, pre-sliced(1/2 cup sliced)",0,0,0,70,69,0,69,$38.64,1,1.43%,$0.56,$39.20,0,0.00%,$0.00,$39.20,,,,
Fort Belvoir Primary Elementary,5/14/2025,30008,Apple Juice(Each),22,0,22,30,30,0,30,$5.10,0,0.00%,$0.00,$5.10,0,0.00%,$0.00,$5.10,,,,
Fort Belvoir Primary Elementary,5/14/2025,30009,Orange Tangerine Juice(Each),0,0,0,1,1,0,1,$0.17,0,0.00%,$0.00,$0.17,0,0.00%,$0.00,$0.17,,,,
Fort Belvoir Primary Elementary,5/14/2025,30014,Whole Wheat Dinner Roll(Each),99,0,99,200,175,4,179,$25.06,0,0.00%,$0.00,$25.06,21,10.50%,$2.94,$28.00,,,,
Fort Belvoir Primary Elementary,5/14/2025,30031,Strawberry Chex Mix(Package),8,0,8,0,0,0,0,$0.00,0,0.00%,$0.00,$0.00,0,0.00%,$0.00,$0.00,,,,
Fort Belvoir Primary Elementary,5/14/2025,30033,Cheez-Its Crackers(Package),37,0,37,27,27,0,27,$4.86,0,0.00%,$0.00,$4.86,0,0.00%,$0.00,$4.86,,,,
Fort Belvoir Primary Elementary,5/14/2025,30041,Orange Flavored Dried Cranberries(Each),103,0,103,180,126,0,126,$30.24,0,0.00%,$0.00,$30.24,54,30.00%,$12.96,$43.20,,,,
Fort Belvoir Primary Elementary,5/14/2025,30061,Chilled Mandarin Oranges(1/2 cup (drained)),0,0,0,36,36,0,36,$12.24,0,0.00%,$0.00,$12.24,0,0.00%,$0.00,$12.24,,,,
Fort Belvoir Primary Elementary,5/14/2025,30077,Italian Dressing(1 ounce),113,0,113,50,40,0,40,$3.20,10,20.00%,$0.80,$4.00,0,0.00%,$0.00,$4.00,,,,
Fort Belvoir Primary Elementary,5/14/2025,30097,Bottled Water(Bottle),2,0,2,1,1,0,1,$0.16,0,0.00%,$0.00,$0.16,0,0.00%,$0.00,$0.16,,,,
Fort Belvoir Primary Elementary,5/14/2025,30099,Chickpeas(1/4 cup),40,0,40,66,51,0,51,$4.59,0,0.00%,$0.00,$4.59,15,22.73%,$1.35,$5.94,,,,
Fort Belvoir Primary Elementary,5/14/2025,30107,Ranch Dressing(1 ounce),115,0,115,180,165,0,165,$18.15,0,0.00%,$0.00,$18.15,15,8.33%,$1.65,$19.80,,,,
Fort Belvoir Primary Elementary,5/14/2025,30109,Smartfood RF White Cheddar Popcorn(Each),51,0,51,0,0,0,0,$0.00,0,0.00%,$0.00,$0.00,0,0.00%,$0.00,$0.00,,,,
Fort Belvoir Primary Elementary,5/14/2025,30188,"Milk, Soy, Plain, Bulk (12/32 oz)(1 cup)",0,0,0,2,2,0,2,$1.58,0,0.00%,$0.00,$1.58,0,0.00%,$0.00,$1.58,,,,
Fort Belvoir Primary Elementary,5/14/2025,60035,PB&J Power Pack(Power Packs),87,0,87,90,82,5,87,$93.96,1,1.11%,$1.08,$95.04,2,2.22%,$2.16,$97.20,,,,
Fort Belvoir Primary Elementary,5/14/2025,60037,Strawberry & Banana Yogurt Power Pack(Power Packs),47,0,47,76,48,4,52,$41.60,1,1.32%,$0.80,$42.40,23,30.26%,$18.40,$60.80,,,,
Fort Belvoir Primary Elementary,5/14/2025,60045,Cucumber Slices(1/2 cup),12,0,12,9,9,0,9,$0.72,0,0.00%,$0.00,$0.72,0,0.00%,$0.00,$0.72,,,,
Fort Belvoir Primary Elementary,5/14/2025,60047,Chicken Tenders(3 tenders),36,0,36,0,0,0,0,$0.00,0,0.00%,$0.00,$0.00,0,0.00%,$0.00,$0.00,,,,
Fort Belvoir Primary Elementary,5/14/2025,60050,Chickenless Bites(4 Bites),52,0,52,201,175,4,179,$136.04,1,0.50%,$0.76,$136.80,21,10.45%,$15.96,$152.76,,,,
Fort Belvoir Primary Elementary,5/14/2025,60063,Chicken & Vegetable Dumplings(6 dumplings),75,0,75,71,57,0,57,$0.00,1,1.41%,$0.00,$0.00,13,18.31%,$0.00,$0.00,,,,
Fort Belvoir Primary Elementary,5/14/2025,60101,Chickpeas - salad bar entree(1/2 cup),5,0,5,5,5,0,5,$0.90,0,0.00%,$0.00,$0.90,0,0.00%,$0.00,$0.90,,,,
Fort Belvoir Upper Elementary,5/14/2025,10044,Soft Pretzel(1 pretzel),30,0,30,69,63,0,63,$13.86,0,0.00%,$0.00,$13.86,6,8.70%,$1.32,$15.18,,,,
Fort Belvoir Upper Elementary,5/14/2025,10058,Chicken & Vegetable Dumplings(6 dumplings),0,0,0,3,0,3,3,$0.00,0,0.00%,$0.00,$0.00,0,0.00%,$0.00,$0.00,,,,
Fort Belvoir Upper Elementary,5/14/2025,10069,Bean and Cheese Pupusa(Pupusa),0,0,0,9,9,0,9,$13.50,0,0.00%,$0.00,$13.50,0,0.00%,$0.00,$13.50,,,,
Fort Belvoir Upper Elementary,5/14/2025,10070,Orange Sauce(ounce),0,0,0,75,75,0,75,$10.50,0,0.00%,$0.00,$10.50,0,0.00%,$0.00,$10.50,,,,
Fort Belvoir Upper Elementary,5/14/2025,20001,1% White Milk(Each),65,0,65,92,66,0,66,$23.76,0,0.00%,$0.00,$23.76,26,28.26%,$9.36,$33.12,,,,
Fort Belvoir Upper Elementary,5/14/2025,20002,Fat Free Chocolate Milk(Each),193,0,193,200,190,0,190,$66.50,0,0.00%,$0.00,$66.50,10,5.00%,$3.50,$70.00,,,,
Fort Belvoir Upper Elementary,5/14/2025,20008,Apple Slices(3 slices per 1/4 cup),0,0,0,231,219,0,219,$129.21,0,0.00%,$0.00,$129.21,12,5.19%,$7.08,$136.29,,,,
Fort Belvoir Upper Elementary,5/14/2025,20012,Grape Tomatoes(1/4 cup),0,0,0,72,54,0,54,$14.04,0,0.00%,$0.00,$14.04,18,25.00%,$4.68,$18.72,,,,
Fort Belvoir Upper Elementary,5/14/2025,20016,String Cheese(Each),3,0,3,4,0,0,0,$0.00,0,0.00%,$0.00,$0.00,4,100.00%,$0.00,$0.00,,,,
Fort Belvoir Upper Elementary,5/14/2025,20018,Red Seedless Grapes(16 grapes per 1/2 cup),0,0,0,184,184,0,184,$93.84,0,0.00%,$0.00,$93.84,0,0.00%,$0.00,$93.84,,,,
Fort Belvoir Upper Elementary,5/14/2025,20027,Broccoli Florets(1/4 cup),79,0,79,63,63,0,63,$5.04,0,0.00%,$0.00,$5.04,0,0.00%,$0.00,$5.04,,,,
Fort Belvoir Upper Elementary,5/14/2025,20028,Lettuce Blend Salad Mix(1/2 cup),49,0,49,60,56,0,56,$4.48,0,0.00%,$0.00,$4.48,4,6.67%,$0.32,$4.80,,,,
Fort Belvoir Upper Elementary,5/14/2025,20031,Banana(Each),0,0,0,185,153,0,153,$32.13,2,1.08%,$0.42,$32.55,30,16.22%,$6.30,$38.85,,,,
Fort Belvoir Upper Elementary,5/14/2025,20038,Fat Free White Milk(Each),12,0,12,13,10,0,10,$3.30,0,0.00%,$0.00,$3.30,3,23.08%,$0.99,$4.29,,,,
Fort Belvoir Upper Elementary,5/14/2025,20040,Cucumber Slices(1/4 cup),0,0,0,138,92,0,92,$5.52,0,0.00%,$0.00,$5.52,46,33.33%,$2.76,$8.28,,,,
Fort Belvoir Upper Elementary,5/14/2025,20040,Cucumber Slices(6 Slices per 1/2 cup),37,0,37,39,39,0,39,$4.68,0,0.00%,$0.00,$4.68,0,0.00%,$0.00,$4.68,,,,
Fort Belvoir Upper Elementary,5/14/2025,20047,Orange Slices(3 slices per 1/4 cup),0,0,0,39,39,0,39,$7.80,0,0.00%,$0.00,$7.80,0,0.00%,$0.00,$7.80,,,,
Fort Belvoir Upper Elementary,5/14/2025,20052,Assorted  4 oz Yogurt(Container),1,0,1,2,0,0,0,$0.00,0,0.00%,$0.00,$0.00,2,100.00%,$0.00,$0.00,,,,
Fort Belvoir Upper Elementary,5/14/2025,30009,Orange Tangerine Juice(Each),9,0,9,20,15,0,15,$2.55,0,0.00%,$0.00,$2.55,5,25.00%,$0.85,$3.40,,,,
Fort Belvoir Upper Elementary,5/14/2025,30014,Whole Wheat Dinner Roll(Each),76,0,76,145,145,0,145,$20.30,0,0.00%,$0.00,$20.30,0,0.00%,$0.00,$20.30,,,,
Fort Belvoir Upper Elementary,5/14/2025,30031,Strawberry Chex Mix(Package),4,0,4,20,5,0,5,$2.25,0,0.00%,$0.00,$2.25,15,75.00%,$6.75,$9.00,,,,
Fort Belvoir Upper Elementary,5/14/2025,30033,Cheez-Its Crackers(Package),31,0,31,34,34,0,34,$6.12,0,0.00%,$0.00,$6.12,0,0.00%,$0.00,$6.12,,,,
Fort Belvoir Upper Elementary,5/14/2025,30077,Italian Dressing(1 ounce),8,0,8,24,12,0,12,$0.96,0,0.00%,$0.00,$0.96,12,50.00%,$0.96,$1.92,,,,
Fort Belvoir Upper Elementary,5/14/2025,30097,Bottled Water(Bottle),17,0,17,24,16,4,20,$3.20,0,0.00%,$0.00,$3.20,4,16.67%,$0.64,$3.84,,,,
Fort Belvoir Upper Elementary,5/14/2025,30099,Chickpeas(1/4 cup),11,0,11,20,10,0,10,$0.90,0,0.00%,$0.00,$0.90,10,50.00%,$0.90,$1.80,,,,
Fort Belvoir Upper Elementary,5/14/2025,30109,Smartfood RF White Cheddar Popcorn(Each),28,0,28,20,20,0,20,$7.40,0,0.00%,$0.00,$7.40,0,0.00%,$0.00,$7.40,,,,
Fort Belvoir Upper Elementary,5/14/2025,30184,"Milk, Soy, Vanilla (24/8 oz)(each)",0,0,0,2,2,0,2,$2.04,0,0.00%,$0.00,$2.04,0,0.00%,$0.00,$2.04,,,,
Fort Belvoir Upper Elementary,5/14/2025,60037,Strawberry & Banana Yogurt Power Pack(Power Packs),24,0,24,48,22,0,22,$17.60,1,2.08%,$0.80,$18.40,25,52.08%,$20.00,$38.40,,,,
Fort Belvoir Upper Elementary,5/14/2025,60038,Peach Yogurt Power Pack(Power Packs),13,0,13,49,21,0,21,$16.80,0,0.00%,$0.00,$16.80,28,57.14%,$22.40,$39.20,,,,
Fort Belvoir Upper Elementary,5/14/2025,60045,Cucumber Slices(1/2 cup),9,0,9,10,10,0,10,$0.80,0,0.00%,$0.00,$0.80,0,0.00%,$0.00,$0.80,,,,
Fort Belvoir Upper Elementary,5/14/2025,60050,Chickenless Bites(4 Bites),57,0,57,179,179,0,179,$136.04,0,0.00%,$0.00,$136.04,0,0.00%,$0.00,$136.04,,,,
Fort Belvoir Upper Elementary,5/14/2025,60063,Chicken & Vegetable Dumplings(6 dumplings),0,0,0,125,120,3,123,$0.00,1,0.80%,$0.00,$0.00,1,0.80%,$0.00,$0.00,,,,
Fort Belvoir Upper Elementary,5/14/2025,60077,Manager's Vegetable Choice(1/4 cup),29,0,29,70,35,0,35,$0.00,0,0.00%,$0.00,$0.00,35,50.00%,$0.00,$0.00,,,,
Fort Belvoir Upper Elementary,5/14/2025,60101,Chickpeas - salad bar entree(1/2 cup),10,0,10,20,10,0,10,$1.80,0,0.00%,$0.00,$1.80,10,50.00%,$1.80,$3.60,,,,
Fort Hunt Elementary,5/14/2025,10011,Sweet Thai Chili Sauce(ounce),0,0,0,40,36,0,36,$5.04,0,0.00%,$0.00,$5.04,4,10.00%,$0.56,$5.60,,,,
Fort Hunt Elementary,5/14/2025,10044,Soft Pretzel(1 pretzel),4,0,4,4,2,0,2,$0.44,0,0.00%,$0.00,$0.44,2,50.00%,$0.44,$0.88,,,,
Fort Hunt Elementary,5/14/2025,10058,Chicken & Vegetable Dumplings(6 dumplings),0,0,0,64,64,0,64,$0.00,0,0.00%,$0.00,$0.00,0,0.00%,$0.00,$0.00,,,,
Fort Hunt Elementary,5/14/2025,20001,1% White Milk(Each),19,0,19,61,22,0,22,$7.92,0,0.00%,$0.00,$7.92,39,63.93%,$14.04,$21.96,,,,
Fort Hunt Elementary,5/14/2025,20002,Fat Free Chocolate Milk(Each),111,0,111,161,104,0,104,$36.40,0,0.00%,$0.00,$36.40,57,35.40%,$19.95,$56.35,,,,
Fort Hunt Elementary,5/14/2025,20014,Red Delicious Apple(Each - serving),0,0,0,154,100,0,100,$33.00,0,0.00%,$0.00,$33.00,54,35.06%,$17.82,$50.82,,,,
Fort Hunt Elementary,5/14/2025,20016,String Cheese(Each),0,0,0,2,0,0,0,$0.00,0,0.00%,$0.00,$0.00,2,100.00%,$0.00,$0.00,,,,
Fort Hunt Elementary,5/14/2025,20018,Red Seedless Grapes(16 grapes per 1/2 cup),0,0,0,105,105,0,105,$53.55,0,0.00%,$0.00,$53.55,0,0.00%,$0.00,$53.55,,,,
Fort Hunt Elementary,5/14/2025,20023,Baby Carrots(3 baby carrots per 1/4 cup),0,0,0,10,10,0,10,$0.90,0,0.00%,$0.00,$0.90,0,0.00%,$0.00,$0.90,,,,
Fort Hunt Elementary,5/14/2025,20027,Broccoli Florets(1/4 cup),11,0,11,50,30,0,30,$2.40,0,0.00%,$0.00,$2.40,20,40.00%,$1.60,$4.00,,,,
Fort Hunt Elementary,5/14/2025,20028,Lettuce Blend Salad Mix(1/2 cup),120,0,120,120,120,0,120,$9.60,0,0.00%,$0.00,$9.60,0,0.00%,$0.00,$9.60,,,,
Fort Hunt Elementary,5/14/2025,20040,Cucumber Slices(1/4 cup),0,0,0,92,86,0,86,$5.16,0,0.00%,$0.00,$5.16,6,6.52%,$0.36,$5.52,,,,
Fort Hunt Elementary,5/14/2025,20047,Orange Slices(3 slices per 1/4 cup),0,0,0,68,38,0,38,$7.60,0,0.00%,$0.00,$7.60,30,44.12%,$6.00,$13.60,,,,
Fort Hunt Elementary,5/14/2025,20052,Assorted  4 oz Yogurt(Container),0,0,0,2,0,0,0,$0.00,0,0.00%,$0.00,$0.00,2,100.00%,$0.00,$0.00,,,,
Fort Hunt Elementary,5/14/2025,30008,Apple Juice(Each),2,0,2,2,0,0,0,$0.00,0,0.00%,$0.00,$0.00,2,100.00%,$0.00,$0.00,,,,
Fort Hunt Elementary,5/14/2025,30009,Orange Tangerine Juice(Each),5,0,5,2,0,0,0,$0.00,0,0.00%,$0.00,$0.00,2,100.00%,$0.00,$0.00,,,,
Fort Hunt Elementary,5/14/2025,30014,Whole Wheat Dinner Roll(Each),26,0,26,80,71,0,71,$9.94,0,0.00%,$0.00,$9.94,9,11.25%,$1.26,$11.20,,,,
Fort Hunt Elementary,5/14/2025,30024,Black Beans(1/2 Cup),0,0,0,48,20,0,20,$3.40,0,0.00%,$0.00,$3.40,28,58.33%,$4.76,$8.16,,,,
Fort Hunt Elementary,5/14/2025,30031,Strawberry Chex Mix(Package),4,0,4,5,0,0,0,$0.00,0,0.00%,$0.00,$0.00,5,100.00%,$0.00,$0.00,,,,
Fort Hunt Elementary,5/14/2025,30045,Watermelon Flavored Dried Cranberries(Each),15,0,15,35,30,0,30,$7.20,0,0.00%,$0.00,$7.20,5,14.29%,$1.20,$8.40,,,,
Fort Hunt Elementary,5/14/2025,30063,Ketchup Packet(Packet),214,0,214,150,120,0,120,$3.60,0,0.00%,$0.00,$3.60,30,20.00%,$0.90,$4.50,,,,
Fort Hunt Elementary,5/14/2025,30077,Italian Dressing(1 ounce),5,0,5,12,2,0,2,$0.16,0,0.00%,$0.00,$0.16,10,83.33%,$0.80,$0.96,,,,
Fort Hunt Elementary,5/14/2025,30097,Bottled Water(Bottle),4,0,4,5,5,0,5,$0.80,0,0.00%,$0.00,$0.80,0,0.00%,$0.00,$0.80,,,,
Fort Hunt Elementary,5/14/2025,30103,"Milk, Lactose Free,  Fat Free, Shelf-Stable(Each)",0,0,0,23,3,0,3,$1.44,0,0.00%,$0.00,$1.44,20,86.96%,$9.60,$11.04,,,,
Fort Hunt Elementary,5/14/2025,30107,Ranch Dressing(1 ounce),14,0,14,24,16,0,16,$1.76,0,0.00%,$0.00,$1.76,8,33.33%,$0.88,$2.64,,,,
Fort Hunt Elementary,5/14/2025,30109,Smartfood RF White Cheddar Popcorn(Each),16,0,16,35,22,0,22,$8.14,0,0.00%,$0.00,$8.14,13,37.14%,$4.81,$12.95,,,,
Fort Hunt Elementary,5/14/2025,60035,PB&J Power Pack(Power Packs),29,0,29,40,19,0,19,$20.52,0,0.00%,$0.00,$20.52,21,52.50%,$22.68,$43.20,,,,
Fort Hunt Elementary,5/14/2025,60037,Strawberry & Banana Yogurt Power Pack(Power Packs),11,0,11,20,12,0,12,$9.60,0,0.00%,$0.00,$9.60,8,40.00%,$6.40,$16.00,,,,
Fort Hunt Elementary,5/14/2025,60050,Chickenless Bites(2 Bites),30,0,30,71,71,0,71,$26.98,0,0.00%,$0.00,$26.98,0,0.00%,$0.00,$26.98,,,,
Fort Hunt Elementary,5/14/2025,60064,Vegetable Dumpling(6 dumplings),0,0,0,8,6,0,6,$0.00,0,0.00%,$0.00,$0.00,2,25.00%,$0.00,$0.00,,,,
Fox Mill Elementary,5/14/2025,10044,Soft Pretzel(1 pretzel),7,0,7,0,0,0,0,$0.00,0,0.00%,$0.00,$0.00,0,0.00%,$0.00,$0.00,,,,
Fox Mill Elementary,5/14/2025,10058,Chicken & Vegetable Dumplings(6 dumplings),85,0,85,0,0,0,0,$0.00,0,0.00%,$0.00,$0.00,0,0.00%,$0.00,$0.00,,,,
Fox Mill Elementary,5/14/2025,10069,Bean and Cheese Pupusa(Pupusa),0,0,0,14,14,0,14,$21.00,0,0.00%,$0.00,$21.00,0,0.00%,$0.00,$21.00,,,,
Fox Mill Elementary,5/14/2025,10070,Orange Sauce(ounce),85,0,85,60,57,0,57,$7.98,3,5.00%,$0.42,$8.40,0,0.00%,$0.00,$8.40,,,,
Fox Mill Elementary,5/14/2025,20001,1% White Milk(Each),48,0,48,42,9,0,9,$3.24,0,0.00%,$0.00,$3.24,33,78.57%,$11.88,$15.12,,,,
Fox Mill Elementary,5/14/2025,20002,Fat Free Chocolate Milk(Each),134,0,134,144,109,0,109,$38.15,0,0.00%,$0.00,$38.15,35,24.31%,$12.25,$50.40,,,,
Fox Mill Elementary,5/14/2025,20008,Apple Slices(3 slices per 1/4 cup),0,0,0,290,278,4,282,$166.38,8,2.76%,$4.72,$171.10,0,0.00%,$0.00,$171.10,,,,
Fox Mill Elementary,5/14/2025,20016,String Cheese(Each),3,0,3,0,0,0,0,$0.00,0,0.00%,$0.00,$0.00,0,0.00%,$0.00,$0.00,,,,
Fox Mill Elementary,5/14/2025,20027,Broccoli Florets(1/4 cup),75,0,75,84,72,0,72,$5.76,12,14.29%,$0.96,$6.72,0,0.00%,$0.00,$6.72,,,,
Fox Mill Elementary,5/14/2025,20028,Lettuce Blend Salad Mix(1/2 cup),40,0,40,40,30,4,34,$2.72,6,15.00%,$0.48,$3.20,0,0.00%,$0.00,$3.20,,,,
Fox Mill Elementary,5/14/2025,20031,Banana(Each),50,0,50,0,0,0,0,$0.00,0,0.00%,$0.00,$0.00,0,0.00%,$0.00,$0.00,,,,
Fox Mill Elementary,5/14/2025,20038,Fat Free White Milk(Each),6,0,6,0,0,0,0,$0.00,0,0.00%,$0.00,$0.00,0,0.00%,$0.00,$0.00,,,,
Fox Mill Elementary,5/14/2025,20047,Orange Slices(3 slices per 1/4 cup),0,0,0,136,112,4,116,$23.20,0,0.00%,$0.00,$23.20,20,14.71%,$4.00,$27.20,,,,
Fox Mill Elementary,5/14/2025,20052,Assorted  4 oz Yogurt(Container),5,0,5,10,8,0,8,$0.00,0,0.00%,$0.00,$0.00,2,20.00%,$0.00,$0.00,,,,
Fox Mill Elementary,5/14/2025,30008,Apple Juice(Each),58,0,58,0,0,0,0,$0.00,0,0.00%,$0.00,$0.00,0,0.00%,$0.00,$0.00,,,,
Fox Mill Elementary,5/14/2025,30009,Orange Tangerine Juice(Each),45,0,45,50,42,0,42,$7.14,0,0.00%,$0.00,$7.14,8,16.00%,$1.36,$8.50,,,,
Fox Mill Elementary,5/14/2025,30014,Whole Wheat Dinner Roll(Each),125,0,125,112,94,0,94,$13.16,0,0.00%,$0.00,$13.16,18,16.07%,$2.52,$15.68,,,,
Fox Mill Elementary,5/14/2025,30020,Applesauce(1/4 cup),0,0,0,0,0,0,0,$0.00,0,0.00%,$0.00,$0.00,0,0.00%,$0.00,$0.00,,,,
Fox Mill Elementary,5/14/2025,30031,Strawberry Chex Mix(Package),41,0,41,0,0,0,0,$0.00,0,0.00%,$0.00,$0.00,0,0.00%,$0.00,$0.00,,,,
Fox Mill Elementary,5/14/2025,30039,Cherry Flavored Dried Cranberries(Each),0,0,0,0,0,0,0,$0.00,0,0.00%,$0.00,$0.00,0,0.00%,$0.00,$0.00,,,,
Fox Mill Elementary,5/14/2025,30041,Orange Flavored Dried Cranberries(Each),13,0,13,0,0,0,0,$0.00,0,0.00%,$0.00,$0.00,0,0.00%,$0.00,$0.00,,,,
Fox Mill Elementary,5/14/2025,30042,Original Flavored Dried Cranberries(Package),19,0,19,0,0,0,0,$0.00,0,0.00%,$0.00,$0.00,0,0.00%,$0.00,$0.00,,,,
Fox Mill Elementary,5/14/2025,30043,Raspberry Lemonade Flavored Dried Cranberries(Each),0,0,0,0,0,0,0,$0.00,0,0.00%,$0.00,$0.00,0,0.00%,$0.00,$0.00,,,,
Fox Mill Elementary,5/14/2025,30044,Strawberry Flavored Dried Cranberries(Each),18,0,18,0,0,0,0,$0.00,0,0.00%,$0.00,$0.00,0,0.00%,$0.00,$0.00,,,,
Fox Mill Elementary,5/14/2025,30045,Watermelon Flavored Dried Cranberries(Each),23,0,23,0,0,0,0,$0.00,0,0.00%,$0.00,$0.00,0,0.00%,$0.00,$0.00,,,,
Fox Mill Elementary,5/14/2025,30063,Ketchup Packet(Packet),64,0,64,0,0,0,0,$0.00,0,0.00%,$0.00,$0.00,0,0.00%,$0.00,$0.00,,,,
Fox Mill Elementary,5/14/2025,30064,Mayonnaise Packet(Packet),9,0,9,0,0,0,0,$0.00,0,0.00%,$0.00,$0.00,0,0.00%,$0.00,$0.00,,,,
Fox Mill Elementary,5/14/2025,30065,Mustard Packet(Packet),7,0,7,0,0,0,0,$0.00,0,0.00%,$0.00,$0.00,0,0.00%,$0.00,$0.00,,,,
Fox Mill Elementary,5/14/2025,30077,Italian Dressing(1 ounce),12,0,12,24,9,0,9,$0.72,0,0.00%,$0.00,$0.72,15,62.50%,$1.20,$1.92,,,,
Fox Mill Elementary,5/14/2025,30097,Bottled Water(Bottle),25,0,25,25,23,0,23,$3.68,0,0.00%,$0.00,$3.68,2,8.00%,$0.32,$4.00,,,,
Fox Mill Elementary,5/14/2025,30099,Chickpeas(1/4 cup),32,0,32,32,20,4,24,$2.16,8,25.00%,$0.72,$2.88,0,0.00%,$0.00,$2.88,,,,
Fox Mill Elementary,5/14/2025,30107,Ranch Dressing(1 ounce),34,0,34,48,34,4,38,$4.18,0,0.00%,$0.00,$4.18,10,20.83%,$1.10,$5.28,,,,
Fox Mill Elementary,5/14/2025,30108,Fat Free Unflavored Shelf-Stable Milk(Each),0,0,0,27,6,0,6,$2.28,0,0.00%,$0.00,$2.28,21,77.78%,$7.98,$10.26,,,,
Fox Mill Elementary,5/14/2025,30109,Smartfood RF White Cheddar Popcorn(Each),49,0,49,100,93,0,93,$34.41,0,0.00%,$0.00,$34.41,7,7.00%,$2.59,$37.00,,,,
Fox Mill Elementary,5/14/2025,60035,PB&J Power Pack(Power Packs),75,0,75,60,41,0,41,$44.28,0,0.00%,$0.00,$44.28,19,31.67%,$20.52,$64.80,,,,
Fox Mill Elementary,5/14/2025,60036,Cherry Vanilla Yogurt Power Pack(Power Packs),0,0,0,0,0,0,0,$0.00,0,0.00%,$0.00,$0.00,0,0.00%,$0.00,$0.00,,,,
Fox Mill Elementary,5/14/2025,60037,Strawberry & Banana Yogurt Power Pack(Power Packs),2,0,2,10,6,0,6,$4.80,0,0.00%,$0.00,$4.80,4,40.00%,$3.20,$8.00,,,,
Fox Mill Elementary,5/14/2025,60038,Peach Yogurt Power Pack(Power Packs),15,0,15,0,0,0,0,$0.00,0,0.00%,$0.00,$0.00,0,0.00%,$0.00,$0.00,,,,
Fox Mill Elementary,5/14/2025,60050,Chickenless Bites(2 Bites),125,0,125,107,94,0,94,$35.72,1,0.93%,$0.38,$36.10,12,11.21%,$4.56,$40.66,,,,
Fox Mill Elementary,5/14/2025,60064,Vegetable Dumpling(6 dumplings),0,0,0,64,44,4,48,$0.00,0,0.00%,$0.00,$0.00,16,25.00%,$0.00,$0.00,,,,
Fox Mill Elementary,5/14/2025,60077,Manager's Vegetable Choice(1/4 cup),93,0,93,96,81,0,81,$0.00,15,15.63%,$0.00,$0.00,0,0.00%,$0.00,$0.00,,,,
Fox Mill Elementary,5/14/2025,60101,Chickpeas - salad bar entree(1/2 cup),0,0,0,0,0,0,0,$0.00,0,0.00%,$0.00,$0.00,0,0.00%,$0.00,$0.00,,,,
Fox Mill Elementary,5/14/2025,60148,Turkey Barbacoa Arepa(1 Arepa + #10 scoop of turkey barbacoa),0,0,0,14,14,0,14,$20.16,0,0.00%,$0.00,$20.16,0,0.00%,$0.00,$20.16,,,,
Franconia Elementary,5/14/2025,10033,Chocolate Chip Cookie(1/2 Cookie),0,0,0,18,0,18,18,$0.00,0,0.00%,$0.00,$0.00,0,0.00%,$0.00,$0.00,,,,
Franconia Elementary,5/14/2025,10044,Soft Pretzel(1 pretzel),8,0,8,30,14,4,18,$3.96,0,0.00%,$0.00,$3.96,12,40.00%,$2.64,$6.60,,,,
Franconia Elementary,5/14/2025,10058,Chicken & Vegetable Dumplings(6 dumplings),0,0,0,100,86,10,96,$0.00,0,0.00%,$0.00,$0.00,4,4.00%,$0.00,$0.00,,,,
Franconia Elementary,5/14/2025,10070,Orange Sauce(ounce),0,0,0,50,13,0,13,$1.82,0,0.00%,$0.00,$1.82,37,74.00%,$5.18,$7.00,,,,
Franconia Elementary,5/14/2025,20001,1% White Milk(Each),15,0,15,78,14,0,14,$5.04,0,0.00%,$0.00,$5.04,64,82.05%,$23.04,$28.08,,,,
Franconia Elementary,5/14/2025,20002,Fat Free Chocolate Milk(Each),94,0,94,272,148,0,148,$51.80,0,0.00%,$0.00,$51.80,124,45.59%,$43.40,$95.20,,,,
Franconia Elementary,5/14/2025,20015,Golden Delicious Apple(Each),0,0,0,112,101,0,101,$31.31,0,0.00%,$0.00,$31.31,11,9.82%,$3.41,$34.72,,,,
Franconia Elementary,5/14/2025,20018,Red Seedless Grapes(16 grapes per 1/2 cup),0,0,0,230,225,0,225,$114.75,0,0.00%,$0.00,$114.75,5,2.17%,$2.55,$117.30,,,,
Franconia Elementary,5/14/2025,20023,Baby Carrots(3 baby carrots per 1/4 cup),0,0,0,24,24,0,24,$2.16,0,0.00%,$0.00,$2.16,0,0.00%,$0.00,$2.16,,,,
Franconia Elementary,5/14/2025,20027,Broccoli Florets(1/4 cup),35,0,35,42,41,0,41,$3.28,0,0.00%,$0.00,$3.28,1,2.38%,$0.08,$3.36,,,,
Franconia Elementary,5/14/2025,20028,Lettuce Blend Salad Mix(1/2 cup),64,0,64,60,58,0,58,$4.64,0,0.00%,$0.00,$4.64,2,3.33%,$0.16,$4.80,,,,
Franconia Elementary,5/14/2025,20038,Fat Free White Milk(Each),61,0,61,10,3,0,3,$0.99,0,0.00%,$0.00,$0.99,7,70.00%,$2.31,$3.30,,,,
Franconia Elementary,5/14/2025,20076,"Peppers, green, pre-sliced(1/2 cup sliced)",0,0,0,35,30,0,30,$9.00,0,0.00%,$0.00,$9.00,0,0.00%,$0.00,$10.50,,,,
Franconia Elementary,5/14/2025,30009,Orange Tangerine Juice(Each),8,0,8,26,0,26,26,$0.00,0,0.00%,$0.00,$0.00,0,0.00%,$0.00,$0.00,,,,
Franconia Elementary,5/14/2025,30014,Whole Wheat Dinner Roll(Each),121,0,121,100,65,0,65,$9.10,0,0.00%,$0.00,$9.10,35,35.00%,$4.90,$14.00,,,,
Franconia Elementary,5/14/2025,30030,Cheddar Chex Mix(Package),0,0,0,11,0,11,11,$0.00,0,0.00%,$0.00,$0.00,0,0.00%,$0.00,$0.00,,,,
Franconia Elementary,5/14/2025,30031,Strawberry Chex Mix(Package),12,0,12,4,0,4,4,$0.00,0,0.00%,$0.00,$0.00,0,0.00%,$0.00,$0.00,,,,
Franconia Elementary,5/14/2025,30033,Cheez-Its Crackers(Package),0,0,0,4,0,4,4,$0.00,0,0.00%,$0.00,$0.00,0,0.00%,$0.00,$0.00,,,,
Franconia Elementary,5/14/2025,30063,Ketchup Packet(Packet),0,0,0,500,350,0,350,$10.50,0,0.00%,$0.00,$10.50,150,30.00%,$4.50,$15.00,,,,
Franconia Elementary,5/14/2025,30077,Italian Dressing(1 ounce),17,0,17,24,18,0,18,$1.44,0,0.00%,$0.00,$1.44,6,25.00%,$0.48,$1.92,,,,
Franconia Elementary,5/14/2025,30097,Bottled Water(Bottle),4,0,4,8,0,8,8,$0.00,0,0.00%,$0.00,$0.00,0,0.00%,$0.00,$0.00,,,,
Franconia Elementary,5/14/2025,30099,Chickpeas(1/4 cup),37,0,37,33,28,0,28,$2.52,0,0.00%,$0.00,$2.52,5,15.15%,$0.45,$2.97,,,,
Franconia Elementary,5/14/2025,30107,Ranch Dressing(1 ounce),33,0,33,48,43,0,43,$4.73,0,0.00%,$0.00,$4.73,5,10.42%,$0.55,$5.28,,,,
Franconia Elementary,5/14/2025,60035,PB&J Power Pack(Power Packs),52,0,52,50,43,0,43,$46.44,0,0.00%,$0.00,$46.44,7,14.00%,$7.56,$54.00,,,,
Franconia Elementary,5/14/2025,60037,Strawberry & Banana Yogurt Power Pack(Power Packs),27,0,27,30,22,0,22,$17.60,0,0.00%,$0.00,$17.60,8,26.67%,$6.40,$24.00,,,,
Franconia Elementary,5/14/2025,60050,Chickenless Bites(2 Bites),90,0,90,100,93,4,97,$36.86,0,0.00%,$0.00,$36.86,3,3.00%,$1.14,$38.00,,,,
Franconia Elementary,5/14/2025,60077,Manager's Vegetable Choice(1/4 cup),83,0,83,92,91,0,91,$0.00,0,0.00%,$0.00,$0.00,1,1.09%,$0.00,$0.00,,,,
Franconia Elementary,5/14/2025,60101,Chickpeas - salad bar entree(1/2 cup),10,0,10,2,2,0,2,$0.36,0,0.00%,$0.00,$0.36,0,0.00%,$0.00,$0.36,,,,
Franklin Middle,5/14/2025,10027,"Bread, Loco(1/2 piece)",50,0,50,75,53,0,53,$7.95,0,0.00%,$0.00,$7.95,22,29.33%,$3.30,$11.25,,,,
Franklin Middle,5/14/2025,10033,Chocolate Chip Cookie(Cookie),248,0,248,36,36,0,36,$9.72,0,0.00%,$0.00,$9.72,0,0.00%,$0.00,$9.72,,,,
Franklin Middle,5/14/2025,10044,Soft Pretzel(1 pretzel),7,0,7,12,8,0,8,$1.76,0,0.00%,$0.00,$1.76,4,33.33%,$0.88,$2.64,,,,
Franklin Middle,5/14/2025,10070,Orange Sauce(ounce),20,0,20,24,19,0,19,$2.66,5,20.83%,$0.70,$3.36,0,0.00%,$0.00,$3.36,,,,
Franklin Middle,5/14/2025,10071,"Cheese Sauce, Frozen, Nacho(1/2 cup)",0,0,0,110,94,0,94,$43.24,1,0.91%,$0.46,$43.70,15,13.64%,$6.90,$50.60,,,,
Franklin Middle,5/14/2025,10074,"Frozen Berry, Triple Berry Blend(1/2 cup (thawed))",0,0,0,96,95,0,95,$2.85,1,1.04%,$0.03,$2.88,0,0.00%,$0.00,$2.88,,,,
Franklin Middle,5/14/2025,20001,1% White Milk(Each),14,0,14,95,19,0,19,$6.84,0,0.00%,$0.00,$6.84,76,80.00%,$27.36,$34.20,,,,
Franklin Middle,5/14/2025,20002,Fat Free Chocolate Milk(Each),99,0,99,752,169,0,169,$59.15,0,0.00%,$0.00,$59.15,583,77.53%,$204.05,$263.20,,,,
Franklin Middle,5/14/2025,20014,Red Delicious Apple(Each - serving),0,0,0,179,95,0,95,$31.35,0,0.00%,$0.00,$31.35,84,46.93%,$27.72,$59.07,,,,
Franklin Middle,5/14/2025,20016,String Cheese(Each),1,0,1,10,0,0,0,$0.00,0,0.00%,$0.00,$0.00,10,100.00%,$0.00,$0.00,,,,
Franklin Middle,5/14/2025,20023,Baby Carrots(3 baby carrots per 1/4 cup),0,0,0,96,48,0,48,$4.32,0,0.00%,$0.00,$4.32,48,50.00%,$4.32,$8.64,,,,
Franklin Middle,5/14/2025,20027,Broccoli Florets(1/4 cup),66,0,66,84,42,0,42,$3.36,0,0.00%,$0.00,$3.36,42,50.00%,$3.36,$6.72,,,,
Franklin Middle,5/14/2025,20028,Lettuce Blend Salad Mix(1/2 cup),120,0,120,100,90,0,90,$7.20,10,10.00%,$0.80,$8.00,0,0.00%,$0.00,$8.00,,,,
Franklin Middle,5/14/2025,20031,Banana(Each),31,0,31,237,142,0,142,$29.82,0,0.00%,$0.00,$29.82,95,40.08%,$19.95,$49.77,,,,
Franklin Middle,5/14/2025,20036,Celery Sticks(1/2 cup),0,0,0,48,47,0,47,$25.85,1,2.08%,$0.55,$26.40,0,0.00%,$0.00,$26.40,,,,
Franklin Middle,5/14/2025,20038,Fat Free White Milk(Each),32,0,32,130,11,0,11,$3.63,0,0.00%,$0.00,$3.63,119,91.54%,$39.27,$42.90,,,,
Franklin Middle,5/14/2025,20052,Assorted  4 oz Yogurt(Container),1,0,1,6,2,0,2,$0.00,0,0.00%,$0.00,$0.00,4,66.67%,$0.00,$0.00,,,,
Franklin Middle,5/14/2025,30008,Apple Juice(Each),30,0,30,13,8,0,8,$1.36,0,0.00%,$0.00,$1.36,5,38.46%,$0.85,$2.21,,,,
Franklin Middle,5/14/2025,30009,Orange Tangerine Juice(Each),4,0,4,0,0,0,0,$0.00,0,0.00%,$0.00,$0.00,0,0.00%,$0.00,$0.00,,,,
Franklin Middle,5/14/2025,30033,Cheez-Its Crackers(Package),11,0,11,10,8,0,8,$1.44,0,0.00%,$0.00,$1.44,2,20.00%,$0.36,$1.80,,,,
Franklin Middle,5/14/2025,30045,Watermelon Flavored Dried Cranberries(Each),85,0,85,100,88,0,88,$21.12,0,0.00%,$0.00,$21.12,12,12.00%,$2.88,$24.00,,,,
Franklin Middle,5/14/2025,30063,Ketchup Packet(Packet),263,0,263,350,248,0,248,$7.44,0,0.00%,$0.00,$7.44,102,29.14%,$3.06,$10.50,,,,
Franklin Middle,5/14/2025,30064,Mayonnaise Packet(Packet),43,0,43,85,43,0,43,$4.30,0,0.00%,$0.00,$4.30,42,49.41%,$4.20,$8.50,,,,
Franklin Middle,5/14/2025,30065,Mustard Packet(Packet),60,0,60,85,48,0,48,$2.40,0,0.00%,$0.00,$2.40,37,43.53%,$1.85,$4.25,,,,
Franklin Middle,5/14/2025,30077,Italian Dressing(1 ounce),22,0,22,48,12,0,12,$0.96,0,0.00%,$0.00,$0.96,36,75.00%,$2.88,$3.84,,,,
Franklin Middle,5/14/2025,30078,"Sauce, BBQ, HFCS-Free, Bulk, Low-Sodium(2 TBSP)",0,0,0,48,21,0,21,$2.10,0,0.00%,$0.00,$2.10,27,56.25%,$2.70,$4.80,,,,
Franklin Middle,5/14/2025,30097,Bottled Water(Bottle),62,0,62,50,43,0,43,$6.88,0,0.00%,$0.00,$6.88,7,14.00%,$1.12,$8.00,,,,
Franklin Middle,5/14/2025,30110,Doritos Flamas(Each),46,0,46,72,45,0,45,$16.65,0,0.00%,$0.00,$16.65,27,37.50%,$9.99,$26.64,,,,
Franklin Middle,5/14/2025,30115,SS Baked Cheetos Flaming Limon(Each),14,0,14,2,2,0,2,$0.78,0,0.00%,$0.00,$0.78,0,0.00%,$0.00,$0.78,,,,
Franklin Middle,5/14/2025,30116,SS Cheetos Fantastix Flaming Hot(Each),34,0,34,55,48,0,48,$18.72,0,0.00%,$0.00,$18.72,7,12.73%,$2.73,$21.45,,,,
Franklin Middle,5/14/2025,30118,Kettle Cooked Smoky BBQ Chips(Each),42,0,42,49,23,0,23,$13.80,0,0.00%,$0.00,$13.80,26,53.06%,$15.60,$29.40,,,,
Franklin Middle,5/14/2025,30120,RF Kettle Chips Sea Salt & Vinegar Chips(Each),21,0,21,64,52,0,52,$31.20,1,1.56%,$0.60,$31.80,11,17.19%,$6.60,$38.40,,,,
Franklin Middle,5/14/2025,30124,"Fruit Snacks, Welch's Mixed(Each)",61,0,61,60,57,0,57,$22.80,0,0.00%,$0.00,$22.80,3,5.00%,$1.20,$24.00,,,,
Franklin Middle,5/14/2025,30184,"Milk, Soy, Vanilla (24/8 oz)(each)",0,0,0,5,1,0,1,$1.02,0,0.00%,$0.00,$1.02,4,80.00%,$4.08,$5.10,,,,
Franklin Middle,5/14/2025,60022,Tex Mex Corn(1/2 cup),0,0,0,96,88,0,88,$42.24,8,8.33%,$3.84,$46.08,0,0.00%,$0.00,$46.08,,,,
Franklin Middle,5/14/2025,60035,PB&J Power Pack(Power Packs),56,0,56,151,89,0,89,$96.12,0,0.00%,$0.00,$96.12,62,41.06%,$66.96,$163.08,,,,
Franklin Middle,5/14/2025,60037,Strawberry & Banana Yogurt Power Pack(Power Packs),4,0,4,16,6,0,6,$4.80,0,0.00%,$0.00,$4.80,10,62.50%,$8.00,$12.80,,,,
Franklin Middle,5/14/2025,60040,Grilled Cheese Sandwich(Sandwich),30,0,30,24,8,0,8,$3.36,16,66.67%,$6.72,$10.08,0,0.00%,$0.00,$10.08,,,,
Franklin Middle,5/14/2025,60050,Chickenless Bites(4 Bites),50,0,50,75,61,0,61,$46.36,0,0.00%,$0.00,$46.36,14,18.67%,$10.64,$57.00,,,,
Franklin Middle,5/14/2025,60063,Chicken & Vegetable Dumplings(6 dumplings),20,0,20,24,19,0,19,$0.00,5,20.83%,$0.00,$0.00,0,0.00%,$0.00,$0.00,,,,
Franklin Middle,5/14/2025,60075,Spicy Chicken Wrap(Wrap),6,0,6,14,7,0,7,$8.19,0,0.00%,$0.00,$8.19,7,50.00%,$8.19,$16.38,,,,
Franklin Middle,5/14/2025,60078,Nachos with Turkey Barbacoa and Cheese Sauce(Serving),0,0,0,45,43,0,43,$57.19,0,0.00%,$0.00,$57.19,2,4.44%,$2.66,$59.85,,,,
Franklin Middle,5/14/2025,60101,Chickpeas - salad bar entree(1/2 cup),66,0,66,64,32,0,32,$5.76,0,0.00%,$0.00,$5.76,32,50.00%,$5.76,$11.52,,,,
Franklin Middle,5/14/2025,60147,Turkey & Cheese on Sub Roll(sandwich),0,0,0,35,10,0,10,$13.70,4,11.43%,$5.48,$19.18,21,60.00%,$28.77,$47.95,,,,
Franklin Middle,5/14/2025,60155,Fish  Sandwich(Sandwich),0,0,0,10,9,0,9,$6.30,1,10.00%,$0.70,$7.00,0,0.00%,$0.00,$7.00,,,,
Franklin Sherman Elementary,5/14/2025,10044,Soft Pretzel(1 pretzel),24,0,24,24,0,21,21,$0.00,0,0.00%,$0.00,$0.00,3,12.50%,$0.00,$0.00,,,,
Franklin Sherman Elementary,5/14/2025,10070,Orange Sauce(ounce),60,0,60,40,30,10,40,$5.60,0,0.00%,$0.00,$5.60,0,0.00%,$0.00,$5.60,,,,
Franklin Sherman Elementary,5/14/2025,20001,1% White Milk(Each),20,0,20,20,8,0,8,$2.88,0,0.00%,$0.00,$2.88,12,60.00%,$4.32,$7.20,,,,
Franklin Sherman Elementary,5/14/2025,20002,Fat Free Chocolate Milk(Each),80,0,80,80,66,3,69,$24.15,0,0.00%,$0.00,$24.15,11,13.75%,$3.85,$28.00,,,,
Franklin Sherman Elementary,5/14/2025,20014,Red Delicious Apple(Each - serving),0,0,0,40,29,3,32,$10.56,0,0.00%,$0.00,$10.56,8,20.00%,$2.64,$13.20,,,,
Franklin Sherman Elementary,5/14/2025,20016,String Cheese(Each),12,0,12,20,0,16,16,$0.00,0,0.00%,$0.00,$0.00,4,20.00%,$0.00,$0.00,,,,
Franklin Sherman Elementary,5/14/2025,20028,Lettuce Blend Salad Mix(1/2 cup),32,0,32,48,39,3,42,$3.36,0,0.00%,$0.00,$3.36,6,12.50%,$0.48,$3.84,,,,
Franklin Sherman Elementary,5/14/2025,20031,Banana(Each),50,0,50,60,39,3,42,$8.82,0,0.00%,$0.00,$8.82,18,30.00%,$3.78,$12.60,,,,
Franklin Sherman Elementary,5/14/2025,20036,Celery Sticks(1/2 cup),0,0,0,24,19,2,21,$11.55,0,0.00%,$0.00,$11.55,3,12.50%,$1.65,$13.20,,,,
Franklin Sherman Elementary,5/14/2025,20038,Fat Free White Milk(Each),12,0,12,12,10,0,10,$3.30,0,0.00%,$0.00,$3.30,2,16.67%,$0.66,$3.96,,,,
Franklin Sherman Elementary,5/14/2025,20040,Cucumber Slices(1/4 cup),0,0,0,48,39,2,41,$2.46,0,0.00%,$0.00,$2.46,7,14.58%,$0.42,$2.88,,,,
Franklin Sherman Elementary,5/14/2025,20047,Orange Slices(3 slices per 1/4 cup),60,0,60,50,24,5,29,$5.80,0,0.00%,$0.00,$5.80,21,42.00%,$4.20,$10.00,,,,
Franklin Sherman Elementary,5/14/2025,20052,Assorted  4 oz Yogurt(Container),12,0,12,6,0,6,6,$0.00,0,0.00%,$0.00,$0.00,0,0.00%,$0.00,$0.00,,,,
Franklin Sherman Elementary,5/14/2025,30008,Apple Juice(Each),36,0,36,40,0,30,30,$0.00,0,0.00%,$0.00,$0.00,10,25.00%,$0.00,$0.00,,,,
Franklin Sherman Elementary,5/14/2025,30009,Orange Tangerine Juice(Each),20,0,20,16,0,11,11,$0.00,0,0.00%,$0.00,$0.00,5,31.25%,$0.00,$0.00,,,,
Franklin Sherman Elementary,5/14/2025,30014,Whole Wheat Dinner Roll(Each),48,0,48,40,32,8,40,$5.60,0,0.00%,$0.00,$5.60,0,0.00%,$0.00,$5.60,,,,
Franklin Sherman Elementary,5/14/2025,30030,Cheddar Chex Mix(Package),0,0,0,12,0,2,2,$0.00,0,0.00%,$0.00,$0.00,10,83.33%,$0.00,$0.00,,,,
Franklin Sherman Elementary,5/14/2025,30031,Strawberry Chex Mix(Package),20,0,20,12,0,12,12,$0.00,0,0.00%,$0.00,$0.00,0,0.00%,$0.00,$0.00,,,,
Franklin Sherman Elementary,5/14/2025,30044,Strawberry Flavored Dried Cranberries(Each),8,0,8,12,4,0,4,$0.96,0,0.00%,$0.00,$0.96,8,66.67%,$1.92,$2.88,,,,
Franklin Sherman Elementary,5/14/2025,30045,Watermelon Flavored Dried Cranberries(Each),8,0,8,12,3,0,3,$0.72,0,0.00%,$0.00,$0.72,9,75.00%,$2.16,$2.88,,,,
Franklin Sherman Elementary,5/14/2025,30063,Ketchup Packet(Packet),60,0,60,60,24,0,24,$0.72,0,0.00%,$0.00,$0.72,36,60.00%,$1.08,$1.80,,,,
Franklin Sherman Elementary,5/14/2025,30065,Mustard Packet(Packet),22,0,22,12,6,0,6,$0.30,0,0.00%,$0.00,$0.30,6,50.00%,$0.30,$0.60,,,,
Franklin Sherman Elementary,5/14/2025,30097,Bottled Water(Bottle),12,0,12,16,0,8,8,$0.00,0,0.00%,$0.00,$0.00,8,50.00%,$0.00,$0.00,,,,
Franklin Sherman Elementary,5/14/2025,30107,Ranch Dressing(1 ounce),12,0,12,12,9,0,9,$0.99,0,0.00%,$0.00,$0.99,3,25.00%,$0.33,$1.32,,,,
Franklin Sherman Elementary,5/14/2025,30108,Fat Free Unflavored Shelf-Stable Milk(Each),0,0,0,15,2,2,4,$1.52,0,0.00%,$0.00,$1.52,11,73.33%,$4.18,$5.70,,,,
Franklin Sherman Elementary,5/14/2025,30109,Smartfood RF White Cheddar Popcorn(Each),60,0,60,60,0,53,53,$0.00,0,0.00%,$0.00,$0.00,7,11.67%,$0.00,$0.00,,,,
Franklin Sherman Elementary,5/14/2025,30184,"Milk, Soy, Vanilla (24/8 oz)(each)",0,0,0,6,0,1,1,$0.00,0,0.00%,$0.00,$0.00,5,83.33%,$0.00,$0.00,,,,
Franklin Sherman Elementary,5/14/2025,60021,Cooked  Brown Rice(1 cup cooked),0,0,0,40,34,6,40,$4.40,0,0.00%,$0.00,$4.40,0,0.00%,$0.00,$4.40,,,,
Franklin Sherman Elementary,5/14/2025,60035,PB&J Power Pack(Power Packs),40,0,40,30,26,2,28,$30.24,0,0.00%,$0.00,$30.24,2,6.67%,$2.16,$32.40,,,,
Franklin Sherman Elementary,5/14/2025,60036,Cherry Vanilla Yogurt Power Pack(Power Packs),3,0,3,3,2,0,2,$1.60,0,0.00%,$0.00,$1.60,1,33.33%,$0.80,$2.40,,,,
Franklin Sherman Elementary,5/14/2025,60037,Strawberry & Banana Yogurt Power Pack(Power Packs),4,0,4,4,2,0,2,$1.60,0,0.00%,$0.00,$1.60,2,50.00%,$1.60,$3.20,,,,
Franklin Sherman Elementary,5/14/2025,60038,Peach Yogurt Power Pack(Power Packs),3,0,3,3,1,0,1,$0.80,0,0.00%,$0.00,$0.80,2,66.67%,$1.60,$2.40,,,,
Franklin Sherman Elementary,5/14/2025,60040,Grilled Cheese Sandwich(Sandwich),0,0,0,12,9,2,11,$4.62,1,8.33%,$0.42,$5.04,0,0.00%,$0.00,$5.04,,,,
Franklin Sherman Elementary,5/14/2025,60050,Chickenless Bites(2 Bites),50,0,50,75,46,28,74,$28.12,1,1.33%,$0.38,$28.50,0,0.00%,$0.00,$28.50,,,,
Franklin Sherman Elementary,5/14/2025,60064,Vegetable Dumpling(6 dumplings),0,0,0,64,33,5,38,$0.00,0,0.00%,$0.00,$0.00,26,40.63%,$0.00,$0.00,,,,
Franklin Sherman Elementary,5/14/2025,60121,"Sauce, Spicy Mayo(tbsp)",0,0,0,20,17,0,17,$1.53,3,15.00%,$0.27,$1.80,0,0.00%,$0.00,$1.80,,,,
Franklin Sherman Elementary,5/14/2025,60133,Chicken Philly Sandwich(each),0,0,0,16,11,2,13,$18.46,3,18.75%,$4.26,$22.72,0,0.00%,$0.00,$22.72,,,,
Freedom Hill Elementary,5/14/2025,10033,Chocolate Chip Cookie(1/2 Cookie),0,0,0,18,0,18,18,$0.00,0,0.00%,$0.00,$0.00,0,0.00%,$0.00,$0.00,,,,
Freedom Hill Elementary,5/14/2025,10044,Soft Pretzel(1 pretzel),27,0,27,35,22,10,32,$7.04,0,0.00%,$0.00,$7.04,3,8.57%,$0.66,$7.70,,,,
Freedom Hill Elementary,5/14/2025,10070,Orange Sauce(ounce),0,0,0,100,79,3,82,$11.48,0,0.00%,$0.00,$11.48,18,18.00%,$2.52,$14.00,,,,
Freedom Hill Elementary,5/14/2025,10073,Whole Strawberries(1/2 cup thawed),0,0,0,0,0,0,0,$0.00,0,0.00%,$0.00,$0.00,0,0.00%,$0.00,$0.00,,,,
Freedom Hill Elementary,5/14/2025,20001,1% White Milk(Each),64,0,64,162,64,0,64,$23.04,0,0.00%,$0.00,$23.04,98,60.49%,$35.28,$58.32,,,,
Freedom Hill Elementary,5/14/2025,20002,Fat Free Chocolate Milk(Each),168,0,168,199,163,5,168,$58.80,0,0.00%,$0.00,$58.80,31,15.58%,$10.85,$69.65,,,,
Freedom Hill Elementary,5/14/2025,20014,Red Delicious Apple(Each - serving),15,0,15,15,15,0,15,$4.95,0,0.00%,$0.00,$4.95,0,0.00%,$0.00,$4.95,,,,
Freedom Hill Elementary,5/14/2025,20016,String Cheese(Each),5,0,5,0,0,0,0,$0.00,0,0.00%,$0.00,$0.00,0,0.00%,$0.00,$0.00,,,,
Freedom Hill Elementary,5/14/2025,20018,Red Seedless Grapes(8 grapes per 1/4 cup),166,0,166,204,170,0,170,$44.20,0,0.00%,$0.00,$44.20,34,16.67%,$8.84,$53.04,,,,
Freedom Hill Elementary,5/14/2025,20027,Broccoli Florets(1/4 cup),112,0,112,96,81,0,81,$6.48,15,15.63%,$1.20,$7.68,0,0.00%,$0.00,$7.68,,,,
Freedom Hill Elementary,5/14/2025,20028,Lettuce Blend Salad Mix(1/2 cup),33,0,33,40,40,0,40,$3.20,0,0.00%,$0.00,$3.20,0,0.00%,$0.00,$3.20,,,,
Freedom Hill Elementary,5/14/2025,20038,Fat Free White Milk(Each),10,0,10,136,1,0,1,$0.33,0,0.00%,$0.00,$0.33,135,99.26%,$44.55,$44.88,,,,
Freedom Hill Elementary,5/14/2025,20040,Cucumber Slices(6 Slices per 1/2 cup),17,0,17,16,16,0,16,$1.92,0,0.00%,$0.00,$1.92,0,0.00%,$0.00,$1.92,,,,
Freedom Hill Elementary,5/14/2025,20052,Assorted  4 oz Yogurt(Container),5,0,5,0,0,0,0,$0.00,0,0.00%,$0.00,$0.00,0,0.00%,$0.00,$0.00,,,,
Freedom Hill Elementary,5/14/2025,30008,Apple Juice(Each),5,0,5,12,0,8,8,$0.00,0,0.00%,$0.00,$0.00,4,33.33%,$0.00,$0.00,,,,
Freedom Hill Elementary,5/14/2025,30009,Orange Tangerine Juice(Each),5,0,5,0,0,0,0,$0.00,0,0.00%,$0.00,$0.00,0,0.00%,$0.00,$0.00,,,,
Freedom Hill Elementary,5/14/2025,30014,Whole Wheat Dinner Roll(Each),105,0,105,133,132,0,132,$18.48,1,0.75%,$0.14,$18.62,0,0.00%,$0.00,$18.62,,,,
Freedom Hill Elementary,5/14/2025,30020,Applesauce(1/2 Cup),21,0,21,21,21,0,21,$4.41,0,0.00%,$0.00,$4.41,0,0.00%,$0.00,$4.41,,,,
Freedom Hill Elementary,5/14/2025,30020,Applesauce(1/4 cup),0,0,0,36,21,0,21,$2.31,0,0.00%,$0.00,$2.31,15,41.67%,$1.65,$3.96,,,,
Freedom Hill Elementary,5/14/2025,30031,Strawberry Chex Mix(Package),5,0,5,5,0,4,4,$0.00,0,0.00%,$0.00,$0.00,1,20.00%,$0.00,$0.00,,,,
Freedom Hill Elementary,5/14/2025,30033,Cheez-Its Crackers(Package),16,0,16,20,15,1,16,$2.88,0,0.00%,$0.00,$2.88,4,20.00%,$0.72,$3.60,,,,
Freedom Hill Elementary,5/14/2025,30039,Cherry Flavored Dried Cranberries(Each),73,0,73,0,0,0,0,$0.00,0,0.00%,$0.00,$0.00,0,0.00%,$0.00,$0.00,,,,
Freedom Hill Elementary,5/14/2025,30041,Orange Flavored Dried Cranberries(Each),0,0,0,0,0,0,0,$0.00,0,0.00%,$0.00,$0.00,0,0.00%,$0.00,$0.00,,,,
Freedom Hill Elementary,5/14/2025,30042,Original Flavored Dried Cranberries(Package),30,0,30,0,0,0,0,$0.00,0,0.00%,$0.00,$0.00,0,0.00%,$0.00,$0.00,,,,
Freedom Hill Elementary,5/14/2025,30043,Raspberry Lemonade Flavored Dried Cranberries(Each),91,0,91,0,0,0,0,$0.00,0,0.00%,$0.00,$0.00,0,0.00%,$0.00,$0.00,,,,
Freedom Hill Elementary,5/14/2025,30044,Strawberry Flavored Dried Cranberries(Each),90,0,90,130,99,0,99,$23.76,0,0.00%,$0.00,$23.76,31,23.85%,$7.44,$31.20,,,,
Freedom Hill Elementary,5/14/2025,30045,Watermelon Flavored Dried Cranberries(Each),80,0,80,140,104,0,104,$24.96,0,0.00%,$0.00,$24.96,36,25.71%,$8.64,$33.60,,,,
Freedom Hill Elementary,5/14/2025,30077,Italian Dressing(1 ounce),22,0,22,32,16,0,16,$1.28,0,0.00%,$0.00,$1.28,16,50.00%,$1.28,$2.56,,,,
Freedom Hill Elementary,5/14/2025,30094,Doritos Wild White Nacho Flavored Tortilla Chips(Bag),0,0,0,15,0,8,8,$0.00,0,0.00%,$0.00,$0.00,7,46.67%,$0.00,$0.00,,,,
Freedom Hill Elementary,5/14/2025,30097,Bottled Water(Bottle),5,0,5,0,0,0,0,$0.00,0,0.00%,$0.00,$0.00,0,0.00%,$0.00,$0.00,,,,
Freedom Hill Elementary,5/14/2025,30099,Chickpeas(1/4 cup),10,0,10,24,6,0,6,$0.54,0,0.00%,$0.00,$0.54,18,75.00%,$1.62,$2.16,,,,
Freedom Hill Elementary,5/14/2025,30107,Ranch Dressing(1 ounce),27,0,27,32,12,0,12,$1.32,0,0.00%,$0.00,$1.32,20,62.50%,$2.20,$3.52,,,,
Freedom Hill Elementary,5/14/2025,30109,Smartfood RF White Cheddar Popcorn(Each),5,0,5,30,0,25,25,$0.00,0,0.00%,$0.00,$0.00,5,16.67%,$0.00,$0.00,,,,
Freedom Hill Elementary,5/14/2025,60035,PB&J Power Pack(Power Packs),55,0,55,72,55,0,55,$59.40,0,0.00%,$0.00,$59.40,17,23.61%,$18.36,$77.76,,,,
Freedom Hill Elementary,5/14/2025,60036,Cherry Vanilla Yogurt Power Pack(Power Packs),1,0,1,0,0,0,0,$0.00,0,0.00%,$0.00,$0.00,0,0.00%,$0.00,$0.00,,,,
Freedom Hill Elementary,5/14/2025,60037,Strawberry & Banana Yogurt Power Pack(Power Packs),26,0,26,24,21,0,21,$16.80,0,0.00%,$0.00,$16.80,3,12.50%,$2.40,$19.20,,,,
Freedom Hill Elementary,5/14/2025,60038,Peach Yogurt Power Pack(Power Packs),7,0,7,0,0,0,0,$0.00,0,0.00%,$0.00,$0.00,0,0.00%,$0.00,$0.00,,,,
Freedom Hill Elementary,5/14/2025,60045,Cucumber Slices(1/2 cup),6,0,6,5,5,0,5,$0.40,0,0.00%,$0.00,$0.40,0,0.00%,$0.00,$0.40,,,,
Freedom Hill Elementary,5/14/2025,60047,Chicken Tenders(3 tenders),15,0,15,3,3,0,3,$2.82,0,0.00%,$0.00,$2.82,0,0.00%,$0.00,$2.82,,,,
Freedom Hill Elementary,5/14/2025,60050,Chickenless Bites(4 Bites),68,0,68,137,127,4,131,$99.56,0,0.00%,$0.00,$99.56,6,4.38%,$4.56,$104.12,,,,
Freedom Hill Elementary,5/14/2025,60063,Chicken & Vegetable Dumplings(6 dumplings),0,0,0,100,80,3,83,$0.00,0,0.00%,$0.00,$0.00,17,17.00%,$0.00,$0.00,,,,
Freedom Hill Elementary,5/14/2025,60077,Manager's Vegetable Choice(1/4 cup),92,0,92,144,108,0,108,$0.00,0,0.00%,$0.00,$0.00,36,25.00%,$0.00,$0.00,,,,
Freedom Hill Elementary,5/14/2025,60101,Chickpeas - salad bar entree(1/2 cup),10,0,10,24,6,0,6,$1.08,0,0.00%,$0.00,$1.08,18,75.00%,$3.24,$4.32,,,,
Freedom Hill Elementary,5/14/2025,60150,Strawberry Parfait Power Pack(Power Pack),0,0,0,0,0,0,0,$0.00,0,0.00%,$0.00,$0.00,0,0.00%,$0.00,$0.00,,,,
Frost Middle,5/14/2025,10027,"Bread, Loco(flatbread)",100,0,100,158,98,0,98,$29.40,1,0.63%,$0.30,$29.70,59,37.34%,$17.70,$47.40,,,,
Frost Middle,5/14/2025,10044,Soft Pretzel(1 pretzel),10,0,10,46,38,0,38,$8.36,0,0.00%,$0.00,$8.36,8,17.39%,$1.76,$10.12,,,,
Frost Middle,5/14/2025,10067,Roasted Plantains(3 Slices),0,0,0,14,14,0,14,$4.76,0,0.00%,$0.00,$4.76,0,0.00%,$0.00,$4.76,,,,
Frost Middle,5/14/2025,10069,Bean and Cheese Pupusa(Pupusa),0,0,0,14,13,0,13,$19.50,1,7.14%,$1.50,$21.00,0,0.00%,$0.00,$21.00,,,,
Frost Middle,5/14/2025,10070,Orange Sauce(ounce),64,0,64,40,29,0,29,$4.06,1,2.50%,$0.14,$4.20,10,25.00%,$1.40,$5.60,,,,
Frost Middle,5/14/2025,20001,1% White Milk(Each),50,0,50,100,36,0,36,$12.96,0,0.00%,$0.00,$12.96,64,64.00%,$23.04,$36.00,,,,
Frost Middle,5/14/2025,20002,Fat Free Chocolate Milk(Each),400,0,400,765,288,0,288,$100.80,0,0.00%,$0.00,$100.80,477,62.35%,$166.95,$267.75,,,,
Frost Middle,5/14/2025,20008,Apple Slices(3 slices per 1/4 cup),800,0,800,800,710,0,710,$418.90,0,0.00%,$0.00,$418.90,90,11.25%,$53.10,$472.00,,,,
Frost Middle,5/14/2025,20013,Gala Apple(Each),0,0,0,70,57,0,57,$21.09,0,0.00%,$0.00,$21.09,13,18.57%,$4.81,$25.90,,,,
Frost Middle,5/14/2025,20023,Baby Carrots(3 baby carrots per 1/4 cup),0,0,0,120,110,0,110,$9.90,0,0.00%,$0.00,$9.90,10,8.33%,$0.90,$10.80,,,,
Frost Middle,5/14/2025,20027,Broccoli Florets(1/4 cup),140,0,140,100,50,0,50,$4.00,0,0.00%,$0.00,$4.00,50,50.00%,$4.00,$8.00,,,,
Frost Middle,5/14/2025,20028,Lettuce Blend Salad Mix(1/2 cup),500,0,500,500,485,0,485,$38.80,0,0.00%,$0.00,$38.80,15,3.00%,$1.20,$40.00,,,,
Frost Middle,5/14/2025,20030,Sour Cream(2 Tablespoons),0,0,0,96,96,0,96,$14.40,0,0.00%,$0.00,$14.40,0,0.00%,$0.00,$14.40,,,,
Frost Middle,5/14/2025,20038,Fat Free White Milk(Each),25,0,25,75,15,0,15,$4.95,0,0.00%,$0.00,$4.95,60,80.00%,$19.80,$24.75,,,,
Frost Middle,5/14/2025,20040,Cucumber Slices(1/4 cup),0,0,0,200,170,0,170,$10.20,0,0.00%,$0.00,$10.20,30,15.00%,$1.80,$12.00,,,,
Frost Middle,5/14/2025,30011,"Salsa, Mild Canned(1.5 oz)",0,0,0,96,96,0,96,$9.60,0,0.00%,$0.00,$9.60,0,0.00%,$0.00,$9.60,,,,
Frost Middle,5/14/2025,30039,Cherry Flavored Dried Cranberries(Each),100,0,100,220,100,0,100,$24.00,0,0.00%,$0.00,$24.00,120,54.55%,$28.80,$52.80,,,,
Frost Middle,5/14/2025,30063,Ketchup Packet(Packet),352,0,352,500,400,0,400,$12.00,0,0.00%,$0.00,$12.00,100,20.00%,$3.00,$15.00,,,,
Frost Middle,5/14/2025,30064,Mayonnaise Packet(Packet),43,0,43,100,50,0,50,$5.00,0,0.00%,$0.00,$5.00,50,50.00%,$5.00,$10.00,,,,
Frost Middle,5/14/2025,30065,Mustard Packet(Packet),29,0,29,50,25,0,25,$1.25,0,0.00%,$0.00,$1.25,25,50.00%,$1.25,$2.50,,,,
Frost Middle,5/14/2025,30077,Italian Dressing(1 ounce),44,0,44,100,50,0,50,$4.00,0,0.00%,$0.00,$4.00,50,50.00%,$4.00,$8.00,,,,
Frost Middle,5/14/2025,30099,Chickpeas(1/4 cup),38,0,38,50,40,0,40,$3.60,0,0.00%,$0.00,$3.60,10,20.00%,$0.90,$4.50,,,,
Frost Middle,5/14/2025,60020,"Quesadilla, Turkey Barbacoa and Cheese(Quesadilla)",200,0,200,104,103,0,103,$125.66,1,0.96%,$1.22,$126.88,0,0.00%,$0.00,$126.88,,,,
Frost Middle,5/14/2025,60022,Tex Mex Corn(1/2 cup),0,0,0,21,21,0,21,$10.08,0,0.00%,$0.00,$10.08,0,0.00%,$0.00,$10.08,,,,
Frost Middle,5/14/2025,60035,PB&J Power Pack(Power Packs),100,0,100,160,160,0,160,$172.80,0,0.00%,$0.00,$172.80,0,0.00%,$0.00,$172.80,,,,
Frost Middle,5/14/2025,60038,Peach Yogurt Power Pack(Power Packs),3,0,3,16,8,0,8,$6.40,0,0.00%,$0.00,$6.40,8,50.00%,$6.40,$12.80,,,,
Frost Middle,5/14/2025,60041,Turkey Pepperoni Pizza(1.37 oz),0,0,0,72,72,0,72,$48.96,0,0.00%,$0.00,$48.96,0,0.00%,$0.00,$48.96,,,,
Frost Middle,5/14/2025,60050,Chickenless Bites(4 Bites),100,0,100,158,98,0,98,$74.48,1,0.63%,$0.76,$75.24,59,37.34%,$44.84,$120.08,,,,
Frost Middle,5/14/2025,60060,Hamburger(Sandwich),0,0,0,62,54,0,54,$36.18,1,1.61%,$0.67,$36.85,7,11.29%,$4.69,$41.54,,,,
Frost Middle,5/14/2025,60064,Vegetable Dumpling(6 dumplings),0,0,0,42,31,0,31,$0.00,1,2.38%,$0.00,$0.00,10,23.81%,$0.00,$0.00,,,,
Frost Middle,5/14/2025,60075,Spicy Chicken Wrap(Wrap),12,0,12,17,16,0,16,$18.72,0,0.00%,$0.00,$18.72,1,5.88%,$1.17,$19.89,,,,
Frost Middle,5/14/2025,60101,Chickpeas - salad bar entree(1/2 cup),10,0,10,10,2,0,2,$0.36,0,0.00%,$0.00,$0.36,8,80.00%,$1.44,$1.80,,,,
Frost Middle,5/14/2025,60128,Alfredo & Basil Lasagna(Each),0,0,0,48,21,0,21,$26.46,1,2.08%,$1.26,$27.72,26,54.17%,$32.76,$60.48,,,,
Frost Middle,5/14/2025,60148,Turkey Barbacoa Arepa(1 Arepa + #10 scoop of turkey barbacoa),0,0,0,21,21,0,21,$30.24,0,0.00%,$0.00,$30.24,0,0.00%,$0.00,$30.24,,,,
Garfield Elementary,5/14/2025,10044,Soft Pretzel(1 pretzel),5,0,5,3,3,0,3,$0.66,0,0.00%,$0.00,$0.66,0,0.00%,$0.00,$0.66,,,,
Garfield Elementary,5/14/2025,10069,Bean and Cheese Pupusa(Pupusa),0,0,0,17,17,0,17,$25.50,0,0.00%,$0.00,$25.50,0,0.00%,$0.00,$25.50,,,,
Garfield Elementary,5/14/2025,10070,Orange Sauce(ounce),40,0,40,32,32,0,32,$4.48,0,0.00%,$0.00,$4.48,0,0.00%,$0.00,$4.48,,,,
Garfield Elementary,5/14/2025,20001,1% White Milk(Each),59,0,59,52,52,0,52,$18.72,0,0.00%,$0.00,$18.72,0,0.00%,$0.00,$18.72,,,,
Garfield Elementary,5/14/2025,20002,Fat Free Chocolate Milk(Each),139,0,139,127,127,0,127,$44.45,0,0.00%,$0.00,$44.45,0,0.00%,$0.00,$44.45,,,,
Garfield Elementary,5/14/2025,20008,Apple Slices(3 slices per 1/4 cup),140,0,140,240,240,0,240,$141.60,0,0.00%,$0.00,$141.60,0,0.00%,$0.00,$141.60,,,,
Garfield Elementary,5/14/2025,20014,Red Delicious Apple(Each - serving),34,0,34,35,33,2,35,$11.55,0,0.00%,$0.00,$11.55,0,0.00%,$0.00,$11.55,,,,
Garfield Elementary,5/14/2025,20016,String Cheese(Each),0,0,0,0,0,0,0,$0.00,0,0.00%,$0.00,$0.00,0,0.00%,$0.00,$0.00,,,,
Garfield Elementary,5/14/2025,20023,Baby Carrots(3 baby carrots per 1/4 cup),0,0,0,50,30,0,30,$2.70,0,0.00%,$0.00,$2.70,20,40.00%,$1.80,$4.50,,,,
Garfield Elementary,5/14/2025,20028,Lettuce Blend Salad Mix(1/2 cup),44,0,44,60,58,0,58,$4.64,0,0.00%,$0.00,$4.64,2,3.33%,$0.16,$4.80,,,,
Garfield Elementary,5/14/2025,20038,Fat Free White Milk(Each),6,0,6,6,6,0,6,$1.98,0,0.00%,$0.00,$1.98,0,0.00%,$0.00,$1.98,,,,
Garfield Elementary,5/14/2025,20040,Cucumber Slices(1/4 cup),0,0,0,50,50,0,50,$3.00,0,0.00%,$0.00,$3.00,0,0.00%,$0.00,$3.00,,,,
Garfield Elementary,5/14/2025,20040,Cucumber Slices(6 Slices per 1/2 cup),34,0,34,35,33,2,35,$4.20,0,0.00%,$0.00,$4.20,0,0.00%,$0.00,$4.20,,,,
Garfield Elementary,5/14/2025,20047,Orange Slices(3 slices per 1/4 cup),140,0,140,140,138,0,138,$27.60,0,0.00%,$0.00,$27.60,2,1.43%,$0.40,$28.00,,,,
Garfield Elementary,5/14/2025,20052,Assorted  4 oz Yogurt(Container),0,0,0,0,0,0,0,$0.00,0,0.00%,$0.00,$0.00,0,0.00%,$0.00,$0.00,,,,
Garfield Elementary,5/14/2025,30008,Apple Juice(Each),0,0,0,0,0,0,0,$0.00,0,0.00%,$0.00,$0.00,0,0.00%,$0.00,$0.00,,,,
Garfield Elementary,5/14/2025,30009,Orange Tangerine Juice(Each),0,0,0,0,0,0,0,$0.00,0,0.00%,$0.00,$0.00,0,0.00%,$0.00,$0.00,,,,
Garfield Elementary,5/14/2025,30011,"Salsa, Mild Canned(1.5 oz)",0,0,0,17,17,0,17,$1.70,0,0.00%,$0.00,$1.70,0,0.00%,$0.00,$1.70,,,,
Garfield Elementary,5/14/2025,30014,Whole Wheat Dinner Roll(Each),134,0,134,182,180,2,182,$25.48,0,0.00%,$0.00,$25.48,0,0.00%,$0.00,$25.48,,,,
Garfield Elementary,5/14/2025,30020,Applesauce(1/2 Cup),34,0,34,33,33,0,33,$6.93,0,0.00%,$0.00,$6.93,0,0.00%,$0.00,$6.93,,,,
Garfield Elementary,5/14/2025,30031,Strawberry Chex Mix(Package),0,0,0,0,0,0,0,$0.00,0,0.00%,$0.00,$0.00,0,0.00%,$0.00,$0.00,,,,
Garfield Elementary,5/14/2025,30033,Cheez-Its Crackers(Package),34,0,34,33,33,0,33,$5.94,0,0.00%,$0.00,$5.94,0,0.00%,$0.00,$5.94,,,,
Garfield Elementary,5/14/2025,30045,Watermelon Flavored Dried Cranberries(Each),40,0,40,36,36,0,36,$8.64,0,0.00%,$0.00,$8.64,0,0.00%,$0.00,$8.64,,,,
Garfield Elementary,5/14/2025,30061,Chilled Mandarin Oranges(1/2 cup (drained)),0,0,0,42,42,0,42,$14.28,0,0.00%,$0.00,$14.28,0,0.00%,$0.00,$14.28,,,,
Garfield Elementary,5/14/2025,30077,Italian Dressing(1 ounce),1,0,1,0,0,0,0,$0.00,0,0.00%,$0.00,$0.00,0,0.00%,$0.00,$0.00,,,,
Garfield Elementary,5/14/2025,30097,Bottled Water(Bottle),2,0,2,0,0,0,0,$0.00,0,0.00%,$0.00,$0.00,0,0.00%,$0.00,$0.00,,,,
Garfield Elementary,5/14/2025,30099,Chickpeas(1/4 cup),11,0,11,15,5,0,5,$0.45,0,0.00%,$0.00,$0.45,10,66.67%,$0.90,$1.35,,,,
Garfield Elementary,5/14/2025,30107,Ranch Dressing(1 ounce),21,0,21,21,21,0,21,$2.31,0,0.00%,$0.00,$2.31,0,0.00%,$0.00,$2.31,,,,
Garfield Elementary,5/14/2025,30109,Smartfood RF White Cheddar Popcorn(Each),4,0,4,6,6,0,6,$2.22,0,0.00%,$0.00,$2.22,0,0.00%,$0.00,$2.22,,,,
Garfield Elementary,5/14/2025,60035,PB&J Power Pack(Power Packs),40,0,40,31,30,1,31,$33.48,0,0.00%,$0.00,$33.48,0,0.00%,$0.00,$33.48,,,,
Garfield Elementary,5/14/2025,60036,Cherry Vanilla Yogurt Power Pack(Power Packs),40,0,40,14,14,0,14,$11.20,0,0.00%,$0.00,$11.20,0,0.00%,$0.00,$11.20,,,,
Garfield Elementary,5/14/2025,60050,Chickenless Bites(4 Bites),126,0,126,149,147,2,149,$113.24,0,0.00%,$0.00,$113.24,0,0.00%,$0.00,$113.24,,,,
Garfield Elementary,5/14/2025,60063,Chicken & Vegetable Dumplings(6 dumplings),40,0,40,32,28,4,32,$0.00,0,0.00%,$0.00,$0.00,0,0.00%,$0.00,$0.00,,,,
Garfield Elementary,5/14/2025,60077,Manager's Vegetable Choice(1/4 cup),50,0,50,70,35,0,35,$0.00,0,0.00%,$0.00,$0.00,35,50.00%,$0.00,$0.00,,,,
Garfield Elementary,5/14/2025,60101,Chickpeas - salad bar entree(1/2 cup),5,0,5,3,3,0,3,$0.54,0,0.00%,$0.00,$0.54,0,0.00%,$0.00,$0.54,,,,
Glasgow Middle,5/14/2025,10027,"Bread, Loco(flatbread)",0,0,0,73,64,0,64,$19.20,0,0.00%,$0.00,$19.20,9,12.33%,$2.70,$21.90,,,,
Glasgow Middle,5/14/2025,10033,Chocolate Chip Cookie(Cookie),4,0,4,135,135,0,135,$36.45,0,0.00%,$0.00,$36.45,0,0.00%,$0.00,$36.45,,,,
Glasgow Middle,5/14/2025,10044,Soft Pretzel(1 pretzel),1,0,1,1,1,0,1,$0.22,0,0.00%,$0.00,$0.22,0,0.00%,$0.00,$0.22,,,,
Glasgow Middle,5/14/2025,10070,Orange Sauce(ounce),0,0,0,75,73,0,73,$10.22,0,0.00%,$0.00,$10.22,2,2.67%,$0.28,$10.50,,,,
Glasgow Middle,5/14/2025,20001,1% White Milk(Each),171,0,171,170,150,0,150,$54.00,0,0.00%,$0.00,$54.00,20,11.76%,$7.20,$61.20,,,,
Glasgow Middle,5/14/2025,20002,Fat Free Chocolate Milk(Each),370,0,370,379,370,0,370,$129.50,0,0.00%,$0.00,$129.50,9,2.37%,$3.15,$132.65,,,,
Glasgow Middle,5/14/2025,20014,Red Delicious Apple(Each - serving),0,0,0,350,350,0,350,$115.50,0,0.00%,$0.00,$115.50,0,0.00%,$0.00,$115.50,,,,
Glasgow Middle,5/14/2025,20017,Orange(1/4 cup),0,0,0,325,320,0,320,$54.40,0,0.00%,$0.00,$54.40,5,1.54%,$0.85,$55.25,,,,
Glasgow Middle,5/14/2025,20018,Red Seedless Grapes(16 grapes per 1/2 cup),0,0,0,300,300,0,300,$153.00,0,0.00%,$0.00,$153.00,0,0.00%,$0.00,$153.00,,,,
Glasgow Middle,5/14/2025,20027,Broccoli Florets(1/4 cup),182,0,182,182,172,0,172,$13.76,0,0.00%,$0.00,$13.76,10,5.49%,$0.80,$14.56,,,,
Glasgow Middle,5/14/2025,20028,Lettuce Blend Salad Mix(1/2 cup),341,0,341,350,300,0,300,$24.00,0,0.00%,$0.00,$24.00,50,14.29%,$4.00,$28.00,,,,
Glasgow Middle,5/14/2025,20038,Fat Free White Milk(Each),89,0,89,89,64,0,64,$21.12,0,0.00%,$0.00,$21.12,25,28.09%,$8.25,$29.37,,,,
Glasgow Middle,5/14/2025,30063,Ketchup Packet(Packet),322,0,322,325,320,0,320,$9.60,0,0.00%,$0.00,$9.60,5,1.54%,$0.15,$9.75,,,,
Glasgow Middle,5/14/2025,30064,Mayonnaise Packet(Packet),134,0,134,215,205,0,205,$20.50,0,0.00%,$0.00,$20.50,10,4.65%,$1.00,$21.50,,,,
Glasgow Middle,5/14/2025,30065,Mustard Packet(Packet),46,0,46,50,40,0,40,$2.00,0,0.00%,$0.00,$2.00,10,20.00%,$0.50,$2.50,,,,
Glasgow Middle,5/14/2025,30077,Italian Dressing(1 ounce),67,0,67,65,40,0,40,$3.20,0,0.00%,$0.00,$3.20,25,38.46%,$2.00,$5.20,,,,
Glasgow Middle,5/14/2025,30097,Bottled Water(Bottle),7,0,7,0,0,0,0,$0.00,0,0.00%,$0.00,$0.00,0,0.00%,$0.00,$0.00,,,,
Glasgow Middle,5/14/2025,30099,Chickpeas(1/4 cup),39,0,39,39,31,0,31,$2.79,0,0.00%,$0.00,$2.79,8,20.51%,$0.72,$3.51,,,,
Glasgow Middle,5/14/2025,30107,Ranch Dressing(1 ounce),138,0,138,140,140,0,140,$15.40,0,0.00%,$0.00,$15.40,0,0.00%,$0.00,$15.40,,,,
Glasgow Middle,5/14/2025,30109,Smartfood RF White Cheddar Popcorn(Each),11,0,11,10,6,0,6,$2.22,0,0.00%,$0.00,$2.22,4,40.00%,$1.48,$3.70,,,,
Glasgow Middle,5/14/2025,30110,Doritos Flamas(Each),26,0,26,45,19,0,19,$7.03,0,0.00%,$0.00,$7.03,26,57.78%,$9.62,$16.65,,,,
Glasgow Middle,5/14/2025,30111,Doritos RF Spicy Sweet Chili(Each),25,0,25,25,9,0,9,$3.33,0,0.00%,$0.00,$3.33,16,64.00%,$5.92,$9.25,,,,
Glasgow Middle,5/14/2025,30112,Doritos RF Nacho Cheese(Each),12,0,12,10,8,0,8,$2.96,0,0.00%,$0.00,$2.96,2,20.00%,$0.74,$3.70,,,,
Glasgow Middle,5/14/2025,30113,Cool Ranch Reduced Fat Doritos(Each),14,0,14,15,7,0,7,$2.59,0,0.00%,$0.00,$2.59,8,53.33%,$2.96,$5.55,,,,
Glasgow Middle,5/14/2025,30114,SS Baked Cheetos Flaming Hot(Each),22,0,22,45,29,0,29,$15.37,0,0.00%,$0.00,$15.37,16,35.56%,$8.48,$23.85,,,,
Glasgow Middle,5/14/2025,30115,SS Baked Cheetos Flaming Limon(Each),26,0,26,45,41,0,41,$15.99,0,0.00%,$0.00,$15.99,4,8.89%,$1.56,$17.55,,,,
Glasgow Middle,5/14/2025,30116,SS Cheetos Fantastix Flaming Hot(Each),20,0,20,48,45,0,45,$17.55,0,0.00%,$0.00,$17.55,3,6.25%,$1.17,$18.72,,,,
Glasgow Middle,5/14/2025,30117,WG Baked Funyuns(Each),10,0,10,10,6,0,6,$2.16,0,0.00%,$0.00,$2.16,4,40.00%,$1.44,$3.60,,,,
Glasgow Middle,5/14/2025,30118,Kettle Cooked Smoky BBQ Chips(Each),25,0,25,35,24,0,24,$14.40,0,0.00%,$0.00,$14.40,11,31.43%,$6.60,$21.00,,,,
Glasgow Middle,5/14/2025,30119,RF Kettle Chips Jalapeno & Cheddar Chips(Each),22,0,22,30,14,0,14,$8.40,0,0.00%,$0.00,$8.40,16,53.33%,$9.60,$18.00,,,,
Glasgow Middle,5/14/2025,30120,RF Kettle Chips Sea Salt & Vinegar Chips(Each),19,0,19,25,19,0,19,$11.40,0,0.00%,$0.00,$11.40,6,24.00%,$3.60,$15.00,,,,
Glasgow Middle,5/14/2025,30124,"Fruit Snacks, Welch's Mixed(Each)",61,0,61,0,0,0,0,$0.00,0,0.00%,$0.00,$0.00,0,0.00%,$0.00,$0.00,,,,
Glasgow Middle,5/14/2025,30160,Lay's RF Kettle Original Chips(Each),42,0,42,27,19,0,19,$11.40,0,0.00%,$0.00,$11.40,8,29.63%,$4.80,$16.20,,,,
Glasgow Middle,5/14/2025,60035,PB&J Power Pack(Power Packs),40,0,40,65,62,0,62,$66.96,0,0.00%,$0.00,$66.96,3,4.62%,$3.24,$70.20,,,,
Glasgow Middle,5/14/2025,60040,Grilled Cheese Sandwich(Sandwich),194,0,194,70,64,0,64,$26.88,0,0.00%,$0.00,$26.88,6,8.57%,$2.52,$29.40,,,,
Glasgow Middle,5/14/2025,60050,Chickenless Bites(4 Bites),119,0,119,70,64,0,64,$48.64,0,0.00%,$0.00,$48.64,6,8.57%,$4.56,$53.20,,,,
Glasgow Middle,5/14/2025,60052,Orange Chickenless Bites(4 bites),0,0,0,225,222,0,222,$193.14,0,0.00%,$0.00,$193.14,3,1.33%,$2.61,$195.75,,,,
Glasgow Middle,5/14/2025,60063,Chicken & Vegetable Dumplings(6 dumplings),119,0,119,75,73,0,73,$0.00,0,0.00%,$0.00,$0.00,2,2.67%,$0.00,$0.00,,,,
Glasgow Middle,5/14/2025,60070,Nachos with Taco Meat and Cheese Sauce(Serving Size),0,0,0,185,180,0,180,$144.00,0,0.00%,$0.00,$144.00,5,2.70%,$4.00,$148.00,,,,
Glasgow Middle,5/14/2025,60075,Spicy Chicken Wrap(Wrap),29,0,29,25,24,0,24,$28.08,0,0.00%,$0.00,$28.08,1,4.00%,$1.17,$29.25,,,,
Glasgow Middle,5/14/2025,60077,Manager's Vegetable Choice(1/4 cup),67,0,67,90,90,0,90,$0.00,0,0.00%,$0.00,$0.00,0,0.00%,$0.00,$0.00,,,,
Glasgow Middle,5/14/2025,60078,Nachos with Turkey Barbacoa and Cheese Sauce(Serving),0,0,0,10,9,0,9,$11.97,0,0.00%,$0.00,$11.97,1,10.00%,$1.33,$13.30,,,,
Glasgow Middle,5/14/2025,60079,Nachos with Black Beans and Cheese Sauce(Serving),0,0,0,122,120,0,120,$75.60,0,0.00%,$0.00,$75.60,2,1.64%,$1.26,$76.86,,,,
Glasgow Middle,5/14/2025,60101,Chickpeas - salad bar entree(1/2 cup),2,0,2,1,1,0,1,$0.18,0,0.00%,$0.00,$0.18,0,0.00%,$0.00,$0.18,,,,
Glasgow Middle,5/14/2025,60124,Nachos with Cheese Sauce(Serving),0,0,0,180,178,0,178,$137.06,0,0.00%,$0.00,$137.06,2,1.11%,$1.54,$138.60,,,,
Glasgow Middle,5/14/2025,60150,Strawberry Parfait Power Pack(Power Pack),10,0,10,1,1,0,1,$1.63,0,0.00%,$0.00,$1.63,0,0.00%,$0.00,$1.63,,,,
Glen Forest Elementary,5/14/2025,10044,Soft Pretzel(1 pretzel),20,0,20,50,41,0,41,$9.02,0,0.00%,$0.00,$9.02,9,18.00%,$1.98,$11.00,,,,
Glen Forest Elementary,5/14/2025,10069,Bean and Cheese Pupusa(Pupusa),0,0,0,8,8,0,8,$12.00,0,0.00%,$0.00,$12.00,0,0.00%,$0.00,$12.00,,,,
Glen Forest Elementary,5/14/2025,10070,Orange Sauce(ounce),0,0,0,50,39,0,39,$5.46,0,0.00%,$0.00,$5.46,11,22.00%,$1.54,$7.00,,,,
Glen Forest Elementary,5/14/2025,20001,1% White Milk(Each),204,0,204,272,121,0,121,$43.56,0,0.00%,$0.00,$43.56,151,55.51%,$54.36,$97.92,,,,
Glen Forest Elementary,5/14/2025,20002,Fat Free Chocolate Milk(Each),400,0,400,621,331,0,331,$115.85,0,0.00%,$0.00,$115.85,290,46.70%,$101.50,$217.35,,,,
Glen Forest Elementary,5/14/2025,20012,Grape Tomatoes(1/4 cup),0,0,0,144,108,0,108,$28.08,0,0.00%,$0.00,$28.08,36,25.00%,$9.36,$37.44,,,,
Glen Forest Elementary,5/14/2025,20014,Red Delicious Apple(Each - serving),54,0,54,45,42,3,45,$14.85,0,0.00%,$0.00,$14.85,0,0.00%,$0.00,$14.85,,,,
Glen Forest Elementary,5/14/2025,20015,Golden Delicious Apple(Each),0,0,0,80,32,0,32,$9.92,0,0.00%,$0.00,$9.92,48,60.00%,$14.88,$24.80,,,,
Glen Forest Elementary,5/14/2025,20017,Orange(1/4 cup),0,0,0,102,102,0,102,$17.34,0,0.00%,$0.00,$17.34,0,0.00%,$0.00,$17.34,,,,
Glen Forest Elementary,5/14/2025,20018,Red Seedless Grapes(8 grapes per 1/4 cup),500,0,500,920,816,0,816,$212.16,0,0.00%,$0.00,$212.16,104,11.30%,$27.04,$239.20,,,,
Glen Forest Elementary,5/14/2025,20023,Baby Carrots(3 baby carrots per 1/4 cup),0,0,0,120,72,0,72,$6.48,0,0.00%,$0.00,$6.48,48,40.00%,$4.32,$10.80,,,,
Glen Forest Elementary,5/14/2025,20028,Lettuce Blend Salad Mix(1/2 cup),200,0,200,160,157,0,157,$12.56,0,0.00%,$0.00,$12.56,3,1.88%,$0.24,$12.80,,,,
Glen Forest Elementary,5/14/2025,20031,Banana(Each),0,0,0,150,120,0,120,$25.20,0,0.00%,$0.00,$25.20,30,20.00%,$6.30,$31.50,,,,
Glen Forest Elementary,5/14/2025,20040,Cucumber Slices(6 Slices per 1/2 cup),54,3,57,45,42,3,45,$5.40,0,0.00%,$0.00,$5.40,0,0.00%,$0.00,$5.40,,,,
Glen Forest Elementary,5/14/2025,20052,Assorted  4 oz Yogurt(Container),5,0,5,5,0,0,0,$0.00,0,0.00%,$0.00,$0.00,5,100.00%,$0.00,$0.00,,,,
Glen Forest Elementary,5/14/2025,30009,Orange Tangerine Juice(Each),5,0,5,5,0,0,0,$0.00,0,0.00%,$0.00,$0.00,5,100.00%,$0.00,$0.00,,,,
Glen Forest Elementary,5/14/2025,30014,Whole Wheat Dinner Roll(Each),395,8,403,475,430,6,436,$61.04,0,0.00%,$0.00,$61.04,39,8.21%,$5.46,$66.50,,,,
Glen Forest Elementary,5/14/2025,30033,Cheez-Its Crackers(Package),54,0,54,42,42,0,42,$7.56,0,0.00%,$0.00,$7.56,0,0.00%,$0.00,$7.56,,,,
Glen Forest Elementary,5/14/2025,30037,IW Applesauce Cup(Each),0,0,0,76,76,0,76,$20.52,0,0.00%,$0.00,$20.52,0,0.00%,$0.00,$20.52,,,,
Glen Forest Elementary,5/14/2025,30039,Cherry Flavored Dried Cranberries(2 Eaches),0,0,0,150,119,0,119,$57.12,0,0.00%,$0.00,$57.12,31,20.67%,$14.88,$72.00,,,,
Glen Forest Elementary,5/14/2025,30063,Ketchup Packet(Packet),0,0,0,800,672,0,672,$20.16,0,0.00%,$0.00,$20.16,128,16.00%,$3.84,$24.00,,,,
Glen Forest Elementary,5/14/2025,30077,Italian Dressing(1 ounce),50,0,50,24,6,0,6,$0.48,0,0.00%,$0.00,$0.48,18,75.00%,$1.44,$1.92,,,,
Glen Forest Elementary,5/14/2025,30097,Bottled Water(Bottle),5,0,5,5,0,0,0,$0.00,0,0.00%,$0.00,$0.00,5,100.00%,$0.00,$0.00,,,,
Glen Forest Elementary,5/14/2025,30099,Chickpeas(1/4 cup),50,0,50,32,27,0,27,$2.43,0,0.00%,$0.00,$2.43,5,15.63%,$0.45,$2.88,,,,
Glen Forest Elementary,5/14/2025,30103,"Milk, Lactose Free,  Fat Free, Shelf-Stable(Each)",0,0,0,2,2,0,2,$0.96,0,0.00%,$0.00,$0.96,0,0.00%,$0.00,$0.96,,,,
Glen Forest Elementary,5/14/2025,30107,Ranch Dressing(1 ounce),50,0,50,48,46,0,46,$5.06,0,0.00%,$0.00,$5.06,2,4.17%,$0.22,$5.28,,,,
Glen Forest Elementary,5/14/2025,30109,Smartfood RF White Cheddar Popcorn(Each),5,0,5,5,0,0,0,$0.00,0,0.00%,$0.00,$0.00,5,100.00%,$0.00,$0.00,,,,
Glen Forest Elementary,5/14/2025,30188,"Milk, Soy, Plain, Bulk (12/32 oz)(1 cup)",0,0,0,2,2,0,2,$1.58,0,0.00%,$0.00,$1.58,0,0.00%,$0.00,$1.58,,,,
Glen Forest Elementary,5/14/2025,60036,Cherry Vanilla Yogurt Power Pack(Power Packs),50,0,50,76,42,0,42,$33.60,0,0.00%,$0.00,$33.60,34,44.74%,$27.20,$60.80,,,,
Glen Forest Elementary,5/14/2025,60039,Pasta with Meat Sauce(serving),0,0,0,106,88,0,88,$94.16,3,2.83%,$3.21,$97.37,15,14.15%,$16.05,$113.42,,,,
Glen Forest Elementary,5/14/2025,60045,Cucumber Slices(1/2 cup),50,0,50,34,34,0,34,$2.72,0,0.00%,$0.00,$2.72,0,0.00%,$0.00,$2.72,,,,
Glen Forest Elementary,5/14/2025,60047,Chicken Tenders(3 tenders),75,3,78,54,46,3,49,$46.06,5,9.26%,$4.70,$50.76,0,0.00%,$0.00,$50.76,,,,
Glen Forest Elementary,5/14/2025,60050,Chickenless Bites(4 Bites),324,10,334,433,391,3,394,$299.44,2,0.46%,$1.52,$300.96,37,8.55%,$28.12,$329.08,,,,
Glen Forest Elementary,5/14/2025,60064,Vegetable Dumpling(6 dumplings),0,0,0,22,6,0,6,$0.00,16,72.73%,$0.00,$0.00,0,0.00%,$0.00,$0.00,,,,
Glen Forest Elementary,5/14/2025,60101,Chickpeas - salad bar entree(1/2 cup),20,0,20,50,41,0,41,$7.38,0,0.00%,$0.00,$7.38,9,18.00%,$1.62,$9.00,,,,
Graham Road Elementary,5/14/2025,10044,Soft Pretzel(1 pretzel),14,0,14,0,0,0,0,$0.00,0,0.00%,$0.00,$0.00,0,0.00%,$0.00,$0.00,,,,
Graham Road Elementary,5/14/2025,10070,Orange Sauce(ounce),100,0,100,34,24,5,29,$4.06,5,14.71%,$0.70,$4.76,0,0.00%,$0.00,$4.76,,,,
Graham Road Elementary,5/14/2025,20001,1% White Milk(Each),88,0,88,179,179,0,179,$64.44,0,0.00%,$0.00,$64.44,0,0.00%,$0.00,$64.44,,,,
Graham Road Elementary,5/14/2025,20002,Fat Free Chocolate Milk(Each),225,0,225,375,373,2,375,$131.25,0,0.00%,$0.00,$131.25,0,0.00%,$0.00,$131.25,,,,
Graham Road Elementary,5/14/2025,20014,Red Delicious Apple(Each - serving),33,0,33,32,32,0,32,$10.56,0,0.00%,$0.00,$10.56,0,0.00%,$0.00,$10.56,,,,
Graham Road Elementary,5/14/2025,20015,Golden Delicious Apple(Each),0,0,0,249,249,0,249,$77.19,0,0.00%,$0.00,$77.19,0,0.00%,$0.00,$77.19,,,,
Graham Road Elementary,5/14/2025,20016,String Cheese(Each),0,0,0,0,0,0,0,$0.00,0,0.00%,$0.00,$0.00,0,0.00%,$0.00,$0.00,,,,
Graham Road Elementary,5/14/2025,20018,Red Seedless Grapes(8 grapes per 1/4 cup),93,0,93,0,0,0,0,$0.00,0,0.00%,$0.00,$0.00,0,0.00%,$0.00,$0.00,,,,
Graham Road Elementary,5/14/2025,20023,Baby Carrots(3 baby carrots per 1/4 cup),0,0,0,120,116,0,116,$10.44,4,3.33%,$0.36,$10.80,0,0.00%,$0.00,$10.80,,,,
Graham Road Elementary,5/14/2025,20028,Lettuce Blend Salad Mix(1/2 cup),206,0,206,200,200,0,200,$16.00,0,0.00%,$0.00,$16.00,0,0.00%,$0.00,$16.00,,,,
Graham Road Elementary,5/14/2025,20038,Fat Free White Milk(Each),8,0,8,52,52,0,52,$17.16,0,0.00%,$0.00,$17.16,0,0.00%,$0.00,$17.16,,,,
Graham Road Elementary,5/14/2025,20040,Cucumber Slices(6 Slices per 1/2 cup),34,0,34,32,32,0,32,$3.84,0,0.00%,$0.00,$3.84,0,0.00%,$0.00,$3.84,,,,
Graham Road Elementary,5/14/2025,20052,Assorted  4 oz Yogurt(Container),0,0,0,0,0,0,0,$0.00,0,0.00%,$0.00,$0.00,0,0.00%,$0.00,$0.00,,,,
Graham Road Elementary,5/14/2025,30008,Apple Juice(Each),0,0,0,0,0,0,0,$0.00,0,0.00%,$0.00,$0.00,0,0.00%,$0.00,$0.00,,,,
Graham Road Elementary,5/14/2025,30009,Orange Tangerine Juice(Each),0,0,0,0,0,0,0,$0.00,0,0.00%,$0.00,$0.00,0,0.00%,$0.00,$0.00,,,,
Graham Road Elementary,5/14/2025,30014,Whole Wheat Dinner Roll(Each),198,0,198,287,281,0,281,$39.34,0,0.00%,$0.00,$39.34,6,2.09%,$0.84,$40.18,,,,
Graham Road Elementary,5/14/2025,30020,Applesauce(1/2 Cup),44,0,44,44,44,0,44,$9.24,0,0.00%,$0.00,$9.24,0,0.00%,$0.00,$9.24,,,,
Graham Road Elementary,5/14/2025,30020,Applesauce(1/4 cup),0,0,0,0,0,0,0,$0.00,0,0.00%,$0.00,$0.00,0,0.00%,$0.00,$0.00,,,,
Graham Road Elementary,5/14/2025,30031,Strawberry Chex Mix(Package),0,0,0,0,0,0,0,$0.00,0,0.00%,$0.00,$0.00,0,0.00%,$0.00,$0.00,,,,
Graham Road Elementary,5/14/2025,30033,Cheez-Its Crackers(Package),34,0,34,32,32,0,32,$5.76,0,0.00%,$0.00,$5.76,0,0.00%,$0.00,$5.76,,,,
Graham Road Elementary,5/14/2025,30039,Cherry Flavored Dried Cranberries(Each),0,0,0,150,150,0,150,$36.00,0,0.00%,$0.00,$36.00,0,0.00%,$0.00,$36.00,,,,
Graham Road Elementary,5/14/2025,30041,Orange Flavored Dried Cranberries(Each),0,0,0,0,0,0,0,$0.00,0,0.00%,$0.00,$0.00,0,0.00%,$0.00,$0.00,,,,
Graham Road Elementary,5/14/2025,30042,Original Flavored Dried Cranberries(Package),0,0,0,0,0,0,0,$0.00,0,0.00%,$0.00,$0.00,0,0.00%,$0.00,$0.00,,,,
Graham Road Elementary,5/14/2025,30043,Raspberry Lemonade Flavored Dried Cranberries(Each),0,0,0,0,0,0,0,$0.00,0,0.00%,$0.00,$0.00,0,0.00%,$0.00,$0.00,,,,
Graham Road Elementary,5/14/2025,30044,Strawberry Flavored Dried Cranberries(Each),0,0,0,0,0,0,0,$0.00,0,0.00%,$0.00,$0.00,0,0.00%,$0.00,$0.00,,,,
Graham Road Elementary,5/14/2025,30045,Watermelon Flavored Dried Cranberries(Each),24,0,24,0,0,0,0,$0.00,0,0.00%,$0.00,$0.00,0,0.00%,$0.00,$0.00,,,,
Graham Road Elementary,5/14/2025,30077,Italian Dressing(1 ounce),29,0,29,24,24,0,24,$1.92,0,0.00%,$0.00,$1.92,0,0.00%,$0.00,$1.92,,,,
Graham Road Elementary,5/14/2025,30097,Bottled Water(Bottle),0,0,0,0,0,0,0,$0.00,0,0.00%,$0.00,$0.00,0,0.00%,$0.00,$0.00,,,,
Graham Road Elementary,5/14/2025,30099,Chickpeas(1/4 cup),18,0,18,32,17,0,17,$1.53,0,0.00%,$0.00,$1.53,15,46.88%,$1.35,$2.88,,,,
Graham Road Elementary,5/14/2025,30107,Ranch Dressing(1 ounce),92,0,92,48,48,0,48,$5.28,0,0.00%,$0.00,$5.28,0,0.00%,$0.00,$5.28,,,,
Graham Road Elementary,5/14/2025,30109,Smartfood RF White Cheddar Popcorn(Each),25,0,25,6,6,0,6,$2.22,0,0.00%,$0.00,$2.22,0,0.00%,$0.00,$2.22,,,,
Graham Road Elementary,5/14/2025,60035,PB&J Power Pack(Power Packs),96,0,96,93,93,0,93,$100.44,0,0.00%,$0.00,$100.44,0,0.00%,$0.00,$100.44,,,,
Graham Road Elementary,5/14/2025,60036,Cherry Vanilla Yogurt Power Pack(Power Packs),7,0,7,0,0,0,0,$0.00,0,0.00%,$0.00,$0.00,0,0.00%,$0.00,$0.00,,,,
Graham Road Elementary,5/14/2025,60037,Strawberry & Banana Yogurt Power Pack(Power Packs),0,0,0,0,0,0,0,$0.00,0,0.00%,$0.00,$0.00,0,0.00%,$0.00,$0.00,,,,
Graham Road Elementary,5/14/2025,60038,Peach Yogurt Power Pack(Power Packs),7,0,7,14,14,0,14,$11.20,0,0.00%,$0.00,$11.20,0,0.00%,$0.00,$11.20,,,,
Graham Road Elementary,5/14/2025,60045,Cucumber Slices(1/2 cup),14,0,14,12,12,0,12,$0.96,0,0.00%,$0.00,$0.96,0,0.00%,$0.00,$0.96,,,,
Graham Road Elementary,5/14/2025,60047,Chicken Tenders(3 tenders),33,0,33,0,0,0,0,$0.00,0,0.00%,$0.00,$0.00,0,0.00%,$0.00,$0.00,,,,
Graham Road Elementary,5/14/2025,60050,Chickenless Bites(4 Bites),96,0,96,287,281,0,281,$213.56,6,2.09%,$4.56,$218.12,0,0.00%,$0.00,$218.12,,,,
Graham Road Elementary,5/14/2025,60063,Chicken & Vegetable Dumplings(6 dumplings),125,0,125,34,24,5,29,$0.00,5,14.71%,$0.00,$0.00,0,0.00%,$0.00,$0.00,,,,
Graham Road Elementary,5/14/2025,60077,Manager's Vegetable Choice(1/4 cup),0,0,0,72,72,0,72,$0.00,0,0.00%,$0.00,$0.00,0,0.00%,$0.00,$0.00,,,,
Graham Road Elementary,5/14/2025,60101,Chickpeas - salad bar entree(1/2 cup),0,0,0,0,0,0,0,$0.00,0,0.00%,$0.00,$0.00,0,0.00%,$0.00,$0.00,,,,
Great Falls Elementary,5/14/2025,10033,Chocolate Chip Cookie(1/2 Cookie),0,0,0,13,13,0,13,$1.82,0,0.00%,$0.00,$1.82,0,0.00%,$0.00,$1.82,,,,
Great Falls Elementary,5/14/2025,10044,Soft Pretzel(1 pretzel),20,0,20,20,20,0,20,$4.40,0,0.00%,$0.00,$4.40,0,0.00%,$0.00,$4.40,,,,
Great Falls Elementary,5/14/2025,10062,Corn(1/2 cup (cooked)),0,0,0,50,50,0,50,$10.50,0,0.00%,$0.00,$10.50,0,0.00%,$0.00,$10.50,,,,
Great Falls Elementary,5/14/2025,20001,1% White Milk(Each),18,0,18,64,12,0,12,$4.32,0,0.00%,$0.00,$4.32,52,81.25%,$18.72,$23.04,,,,
Great Falls Elementary,5/14/2025,20002,Fat Free Chocolate Milk(Each),78,0,78,270,63,0,63,$22.05,0,0.00%,$0.00,$22.05,207,76.67%,$72.45,$94.50,,,,
Great Falls Elementary,5/14/2025,20017,Orange(1/4 cup),0,0,0,80,65,0,65,$11.05,0,0.00%,$0.00,$11.05,15,18.75%,$2.55,$13.60,,,,
Great Falls Elementary,5/14/2025,20028,Lettuce Blend Salad Mix(1/2 cup),50,0,50,50,42,0,42,$3.36,0,0.00%,$0.00,$3.36,8,16.00%,$0.64,$4.00,,,,
Great Falls Elementary,5/14/2025,20031,Banana(Each),23,0,23,50,48,0,48,$10.08,0,0.00%,$0.00,$10.08,2,4.00%,$0.42,$10.50,,,,
Great Falls Elementary,5/14/2025,20040,Cucumber Slices(1/4 cup),0,0,0,60,60,0,60,$3.60,0,0.00%,$0.00,$3.60,0,0.00%,$0.00,$3.60,,,,
Great Falls Elementary,5/14/2025,20042,"Peppers, Red, Whole(1/4 cup)",0,0,0,20,15,0,15,$1.35,5,25.00%,$0.45,$1.80,0,0.00%,$0.00,$1.80,,,,
Great Falls Elementary,5/14/2025,20052,Assorted  4 oz Yogurt(Container),9,0,9,4,4,0,4,$0.00,0,0.00%,$0.00,$0.00,0,0.00%,$0.00,$0.00,,,,
Great Falls Elementary,5/14/2025,30008,Apple Juice(Each),47,0,47,30,30,0,30,$5.10,0,0.00%,$0.00,$5.10,0,0.00%,$0.00,$5.10,,,,
Great Falls Elementary,5/14/2025,30009,Orange Tangerine Juice(Each),25,0,25,24,24,0,24,$4.08,0,0.00%,$0.00,$4.08,0,0.00%,$0.00,$4.08,,,,
Great Falls Elementary,5/14/2025,30011,"Salsa, Mild Canned(1.5 oz)",0,0,0,30,25,0,25,$2.50,0,0.00%,$0.00,$2.50,5,16.67%,$0.50,$3.00,,,,
Great Falls Elementary,5/14/2025,30039,Cherry Flavored Dried Cranberries(Each),29,0,29,40,26,0,26,$6.24,0,0.00%,$0.00,$6.24,14,35.00%,$3.36,$9.60,,,,
Great Falls Elementary,5/14/2025,30077,Italian Dressing(1 ounce),33,0,33,30,25,0,25,$2.00,0,0.00%,$0.00,$2.00,5,16.67%,$0.40,$2.40,,,,
Great Falls Elementary,5/14/2025,30094,Doritos Wild White Nacho Flavored Tortilla Chips(Bag),0,0,0,72,37,0,37,$12.95,0,0.00%,$0.00,$12.95,35,48.61%,$12.25,$25.20,,,,
Great Falls Elementary,5/14/2025,30097,Bottled Water(Bottle),38,0,38,37,37,0,37,$5.92,0,0.00%,$0.00,$5.92,0,0.00%,$0.00,$5.92,,,,
Great Falls Elementary,5/14/2025,30103,"Milk, Lactose Free,  Fat Free, Shelf-Stable(Each)",0,0,0,12,4,0,4,$1.92,0,0.00%,$0.00,$1.92,8,66.67%,$3.84,$5.76,,,,
Great Falls Elementary,5/14/2025,30107,Ranch Dressing(1 ounce),129,0,129,150,120,0,120,$13.20,0,0.00%,$0.00,$13.20,30,20.00%,$3.30,$16.50,,,,
Great Falls Elementary,5/14/2025,30109,Smartfood RF White Cheddar Popcorn(Each),71,0,71,72,72,0,72,$26.64,0,0.00%,$0.00,$26.64,0,0.00%,$0.00,$26.64,,,,
Great Falls Elementary,5/14/2025,60006,Vegan Burger(Sandwich),0,0,0,10,10,0,10,$5.50,0,0.00%,$0.00,$5.50,0,0.00%,$0.00,$5.50,,,,
Great Falls Elementary,5/14/2025,60035,PB&J Power Pack(Power Packs),49,0,49,10,1,0,1,$1.08,0,0.00%,$0.00,$1.08,9,90.00%,$9.72,$10.80,,,,
Great Falls Elementary,5/14/2025,60038,Peach Yogurt Power Pack(Power Packs),8,0,8,40,40,0,40,$32.00,0,0.00%,$0.00,$32.00,0,0.00%,$0.00,$32.00,,,,
Great Falls Elementary,5/14/2025,60040,Grilled Cheese Sandwich(Sandwich),0,0,0,3,3,0,3,$1.26,0,0.00%,$0.00,$1.26,0,0.00%,$0.00,$1.26,,,,
Great Falls Elementary,5/14/2025,60126,Arepa w/Taco Beef(1 Aprea + #8 scoop of beef),0,0,0,50,47,0,47,$68.15,3,6.00%,$4.35,$72.50,0,0.00%,$0.00,$72.50,,,,
Great Falls Elementary,5/14/2025,60156,"Taco, Turkey Barbacoa, Loco Bread(2 Tacos)",0,0,0,74,73,0,73,$83.22,1,1.35%,$1.14,$84.36,0,0.00%,$0.00,$84.36,,,,
Greenbriar East Elementary,5/14/2025,10026,Chickenless Bites(2 Bites),0,0,0,7,7,0,7,$2.52,0,0.00%,$0.00,$2.52,0,0.00%,$0.00,$2.52,,,,
Greenbriar East Elementary,5/14/2025,10044,Soft Pretzel(1 pretzel),24,0,24,16,16,0,16,$3.52,0,0.00%,$0.00,$3.52,0,0.00%,$0.00,$3.52,,,,
Greenbriar East Elementary,5/14/2025,10069,Bean and Cheese Pupusa(Pupusa),0,0,0,4,4,0,4,$6.00,0,0.00%,$0.00,$6.00,0,0.00%,$0.00,$6.00,,,,
Greenbriar East Elementary,5/14/2025,10070,Orange Sauce(ounce),0,0,0,90,60,0,60,$8.40,30,33.33%,$4.20,$12.60,0,0.00%,$0.00,$12.60,,,,
Greenbriar East Elementary,5/14/2025,20001,1% White Milk(Each),129,0,129,526,136,0,136,$48.96,0,0.00%,$0.00,$48.96,390,74.14%,$140.40,$189.36,,,,
Greenbriar East Elementary,5/14/2025,20002,Fat Free Chocolate Milk(Each),270,0,270,800,200,0,200,$70.00,0,0.00%,$0.00,$70.00,600,75.00%,$210.00,$280.00,,,,
Greenbriar East Elementary,5/14/2025,20014,Red Delicious Apple(Each - serving),15,0,15,106,106,0,106,$34.98,0,0.00%,$0.00,$34.98,0,0.00%,$0.00,$34.98,,,,
Greenbriar East Elementary,5/14/2025,20027,Broccoli Florets(1/4 cup),68,0,68,126,96,0,96,$7.68,0,0.00%,$0.00,$7.68,30,23.81%,$2.40,$10.08,,,,
Greenbriar East Elementary,5/14/2025,20028,Lettuce Blend Salad Mix(1/2 cup),191,0,191,190,180,0,180,$14.40,0,0.00%,$0.00,$14.40,10,5.26%,$0.80,$15.20,,,,
Greenbriar East Elementary,5/14/2025,20031,Banana(Each),0,0,0,90,70,0,70,$14.70,0,0.00%,$0.00,$14.70,20,22.22%,$4.20,$18.90,,,,
Greenbriar East Elementary,5/14/2025,20038,Fat Free White Milk(Each),6,0,6,160,10,0,10,$3.30,0,0.00%,$0.00,$3.30,150,93.75%,$49.50,$52.80,,,,
Greenbriar East Elementary,5/14/2025,20040,Cucumber Slices(6 Slices per 1/2 cup),15,0,15,17,17,0,17,$2.04,0,0.00%,$0.00,$2.04,0,0.00%,$0.00,$2.04,,,,
Greenbriar East Elementary,5/14/2025,20043,"Lactose Free, White Milk(Each)",0,0,0,1,1,0,1,$0.58,0,0.00%,$0.00,$0.58,0,0.00%,$0.00,$0.58,,,,
Greenbriar East Elementary,5/14/2025,20047,Orange Slices(3 slices per 1/4 cup),0,0,0,340,338,0,338,$67.60,2,0.59%,$0.40,$68.00,0,0.00%,$0.00,$68.00,,,,
Greenbriar East Elementary,5/14/2025,20075,Cucumbers(1/2 cup sliced),0,0,0,120,118,0,118,$23.60,2,1.67%,$0.40,$24.00,0,0.00%,$0.00,$24.00,,,,
Greenbriar East Elementary,5/14/2025,30008,Apple Juice(Each),10,0,10,0,0,0,0,$0.00,0,0.00%,$0.00,$0.00,0,0.00%,$0.00,$0.00,,,,
Greenbriar East Elementary,5/14/2025,30009,Orange Tangerine Juice(Each),8,0,8,0,0,0,0,$0.00,0,0.00%,$0.00,$0.00,0,0.00%,$0.00,$0.00,,,,
Greenbriar East Elementary,5/14/2025,30014,Whole Wheat Dinner Roll(Each),206,0,206,226,213,0,213,$29.82,0,0.00%,$0.00,$29.82,13,5.75%,$1.82,$31.64,,,,
Greenbriar East Elementary,5/14/2025,30020,Applesauce(1/2 Cup),30,0,30,26,26,0,26,$5.46,0,0.00%,$0.00,$5.46,0,0.00%,$0.00,$5.46,,,,
Greenbriar East Elementary,5/14/2025,30033,Cheez-Its Crackers(Package),17,0,17,16,16,0,16,$2.88,0,0.00%,$0.00,$2.88,0,0.00%,$0.00,$2.88,,,,
Greenbriar East Elementary,5/14/2025,30039,Cherry Flavored Dried Cranberries(Each),73,0,73,40,20,0,20,$4.80,0,0.00%,$0.00,$4.80,20,50.00%,$4.80,$9.60,,,,
Greenbriar East Elementary,5/14/2025,30077,Italian Dressing(1 ounce),56,0,56,48,43,0,43,$3.44,5,10.42%,$0.40,$3.84,0,0.00%,$0.00,$3.84,,,,
Greenbriar East Elementary,5/14/2025,30094,Doritos Wild White Nacho Flavored Tortilla Chips(Bag),78,0,78,0,0,0,0,$0.00,0,0.00%,$0.00,$0.00,0,0.00%,$0.00,$0.00,,,,
Greenbriar East Elementary,5/14/2025,30097,Bottled Water(Bottle),7,0,7,0,0,0,0,$0.00,0,0.00%,$0.00,$0.00,0,0.00%,$0.00,$0.00,,,,
Greenbriar East Elementary,5/14/2025,30099,Chickpeas(1/4 cup),33,0,33,33,23,0,23,$2.07,0,0.00%,$0.00,$2.07,10,30.30%,$0.90,$2.97,,,,
Greenbriar East Elementary,5/14/2025,60035,PB&J Power Pack(Power Packs),104,0,104,105,89,0,89,$96.12,0,0.00%,$0.00,$96.12,16,15.24%,$17.28,$113.40,,,,
Greenbriar East Elementary,5/14/2025,60036,Cherry Vanilla Yogurt Power Pack(Power Packs),13,0,13,0,0,0,0,$0.00,0,0.00%,$0.00,$0.00,0,0.00%,$0.00,$0.00,,,,
Greenbriar East Elementary,5/14/2025,60037,Strawberry & Banana Yogurt Power Pack(Power Packs),11,0,11,0,0,0,0,$0.00,0,0.00%,$0.00,$0.00,0,0.00%,$0.00,$0.00,,,,
Greenbriar East Elementary,5/14/2025,60038,Peach Yogurt Power Pack(Power Packs),17,0,17,21,16,0,16,$12.80,0,0.00%,$0.00,$12.80,5,23.81%,$4.00,$16.80,,,,
Greenbriar East Elementary,5/14/2025,60045,Cucumber Slices(1/2 cup),11,0,11,10,10,0,10,$0.80,0,0.00%,$0.00,$0.80,0,0.00%,$0.00,$0.80,,,,
Greenbriar East Elementary,5/14/2025,60047,Chicken Tenders(3 tenders),21,0,21,20,19,1,20,$18.80,0,0.00%,$0.00,$18.80,0,0.00%,$0.00,$18.80,,,,
Greenbriar East Elementary,5/14/2025,60050,Chickenless Bites(4 Bites),113,0,113,206,162,0,162,$123.12,0,0.00%,$0.00,$123.12,44,21.36%,$33.44,$156.56,,,,
Greenbriar East Elementary,5/14/2025,60064,Vegetable Dumpling(6 dumplings),0,0,0,90,83,0,83,$0.00,0,0.00%,$0.00,$0.00,7,7.78%,$0.00,$0.00,,,,
Greenbriar East Elementary,5/14/2025,60076,"Penne Pasta with Marinara and Beef Meatballs(cup cooked pasta, 1/2c sauce, 5 meatballs)",0,0,0,73,60,0,60,$75.00,0,0.00%,$0.00,$75.00,13,17.81%,$16.25,$91.25,,,,
Greenbriar East Elementary,5/14/2025,60101,Chickpeas - salad bar entree(1/2 cup),3,0,3,0,0,0,0,$0.00,0,0.00%,$0.00,$0.00,0,0.00%,$0.00,$0.00,,,,
Greenbriar East Elementary,5/14/2025,60150,Strawberry Parfait Power Pack(Power Pack),0,0,0,0,0,0,0,$0.00,0,0.00%,$0.00,$0.00,0,0.00%,$0.00,$0.00,,,,
Greenbriar West Elementary,5/14/2025,10044,Soft Pretzel(1 pretzel),2,1,3,12,9,0,9,$1.98,1,8.33%,$0.22,$2.20,2,16.67%,$0.44,$2.64,,,,
Greenbriar West Elementary,5/14/2025,10069,Bean and Cheese Pupusa(Pupusa),0,0,0,13,9,0,9,$13.50,4,30.77%,$6.00,$19.50,0,0.00%,$0.00,$19.50,,,,
Greenbriar West Elementary,5/14/2025,10070,Orange Sauce(ounce),0,0,0,78,32,0,32,$4.48,0,0.00%,$0.00,$4.48,46,58.97%,$6.44,$10.92,,,,
Greenbriar West Elementary,5/14/2025,20002,Fat Free Chocolate Milk(Each),153,2,155,156,139,0,139,$48.65,0,0.00%,$0.00,$48.65,17,10.90%,$5.95,$54.60,,,,
Greenbriar West Elementary,5/14/2025,20016,String Cheese(Each),1,0,1,1,0,0,0,$0.00,0,0.00%,$0.00,$0.00,1,100.00%,$0.00,$0.00,,,,
Greenbriar West Elementary,5/14/2025,20018,Red Seedless Grapes(8 grapes per 1/4 cup),320,2,322,414,368,0,368,$95.68,0,0.00%,$0.00,$95.68,46,11.11%,$11.96,$107.64,,,,
Greenbriar West Elementary,5/14/2025,20023,Baby Carrots(3 baby carrots per 1/4 cup),0,0,0,48,48,0,48,$4.32,0,0.00%,$0.00,$4.32,0,0.00%,$0.00,$4.32,,,,
Greenbriar West Elementary,5/14/2025,20027,Broccoli Florets(1/4 cup),47,0,47,63,42,0,42,$3.36,0,0.00%,$0.00,$3.36,21,33.33%,$1.68,$5.04,,,,
Greenbriar West Elementary,5/14/2025,20028,Lettuce Blend Salad Mix(1/2 cup),76,0,76,120,80,0,80,$6.40,0,0.00%,$0.00,$6.40,40,33.33%,$3.20,$9.60,,,,
Greenbriar West Elementary,5/14/2025,20040,Cucumber Slices(1/4 cup),115,2,117,101,97,0,97,$5.82,0,0.00%,$0.00,$5.82,4,3.96%,$0.24,$6.06,,,,
Greenbriar West Elementary,5/14/2025,20040,Cucumber Slices(6 Slices per 1/2 cup),2,0,2,1,1,0,1,$0.12,0,0.00%,$0.00,$0.12,0,0.00%,$0.00,$0.12,,,,
Greenbriar West Elementary,5/14/2025,20047,Orange Slices(3 slices per 1/4 cup),0,0,0,17,17,0,17,$3.40,0,0.00%,$0.00,$3.40,0,0.00%,$0.00,$3.40,,,,
Greenbriar West Elementary,5/14/2025,20052,Assorted  4 oz Yogurt(Container),1,0,1,1,0,0,0,$0.00,0,0.00%,$0.00,$0.00,1,100.00%,$0.00,$0.00,,,,
Greenbriar West Elementary,5/14/2025,30008,Apple Juice(Each),1,0,1,1,0,0,0,$0.00,0,0.00%,$0.00,$0.00,1,100.00%,$0.00,$0.00,,,,
Greenbriar West Elementary,5/14/2025,30009,Orange Tangerine Juice(Each),1,0,1,1,0,0,0,$0.00,0,0.00%,$0.00,$0.00,1,100.00%,$0.00,$0.00,,,,
Greenbriar West Elementary,5/14/2025,30014,Whole Wheat Dinner Roll(Each),78,2,80,88,55,3,58,$8.12,0,0.00%,$0.00,$8.12,30,34.09%,$4.20,$12.32,,,,
Greenbriar West Elementary,5/14/2025,30020,Applesauce(1/2 Cup),2,0,2,1,1,0,1,$0.21,0,0.00%,$0.00,$0.21,0,0.00%,$0.00,$0.21,,,,
Greenbriar West Elementary,5/14/2025,30020,Applesauce(1/4 cup),142,2,144,94,89,0,89,$9.79,0,0.00%,$0.00,$9.79,5,5.32%,$0.55,$10.34,,,,
Greenbriar West Elementary,5/14/2025,30030,Cheddar Chex Mix(Package),0,0,0,4,4,0,4,$1.80,0,0.00%,$0.00,$1.80,0,0.00%,$0.00,$1.80,,,,
Greenbriar West Elementary,5/14/2025,30031,Strawberry Chex Mix(Package),18,0,18,25,20,0,20,$9.00,0,0.00%,$0.00,$9.00,5,20.00%,$2.25,$11.25,,,,
Greenbriar West Elementary,5/14/2025,30041,Orange Flavored Dried Cranberries(Each),66,2,68,6,6,0,6,$1.44,0,0.00%,$0.00,$1.44,0,0.00%,$0.00,$1.44,,,,
Greenbriar West Elementary,5/14/2025,30045,Watermelon Flavored Dried Cranberries(Each),88,2,90,67,64,0,64,$15.36,0,0.00%,$0.00,$15.36,3,4.48%,$0.72,$16.08,,,,
Greenbriar West Elementary,5/14/2025,30077,Italian Dressing(1 ounce),12,0,12,24,0,0,0,$0.00,0,0.00%,$0.00,$0.00,24,100.00%,$0.00,$0.00,,,,
Greenbriar West Elementary,5/14/2025,30097,Bottled Water(Bottle),6,0,6,6,5,0,5,$0.80,0,0.00%,$0.00,$0.80,1,16.67%,$0.16,$0.96,,,,
Greenbriar West Elementary,5/14/2025,30099,Chickpeas(1/4 cup),6,0,6,10,8,0,8,$0.72,0,0.00%,$0.00,$0.72,2,20.00%,$0.18,$0.90,,,,
Greenbriar West Elementary,5/14/2025,30102,1% Unflavored Shelf-Stable Milk(Each),2,0,2,37,32,0,32,$12.16,0,0.00%,$0.00,$12.16,5,13.51%,$1.90,$14.06,,,,
Greenbriar West Elementary,5/14/2025,30103,"Milk, Lactose Free,  Fat Free, Shelf-Stable(Each)",0,0,0,28,17,0,17,$8.16,0,0.00%,$0.00,$8.16,11,39.29%,$5.28,$13.44,,,,
Greenbriar West Elementary,5/14/2025,30107,Ranch Dressing(1 ounce),36,0,36,30,24,0,24,$2.64,0,0.00%,$0.00,$2.64,6,20.00%,$0.66,$3.30,,,,
Greenbriar West Elementary,5/14/2025,60018,Cheese Quesadilla(Quesadilla),0,0,0,31,27,1,28,$19.32,3,9.68%,$2.07,$21.39,0,0.00%,$0.00,$21.39,,,,
Greenbriar West Elementary,5/14/2025,60021,Cooked  Brown Rice(1/2 cup cooked),0,0,0,24,24,0,24,$1.20,0,0.00%,$0.00,$1.20,0,0.00%,$0.00,$1.20,,,,
Greenbriar West Elementary,5/14/2025,60022,Tex Mex Corn(1/2 cup),0,0,0,11,11,0,11,$5.28,0,0.00%,$0.00,$5.28,0,0.00%,$0.00,$5.28,,,,
Greenbriar West Elementary,5/14/2025,60035,PB&J Power Pack(Power Packs),63,2,65,66,59,1,60,$64.80,0,0.00%,$0.00,$64.80,6,9.09%,$6.48,$71.28,,,,
Greenbriar West Elementary,5/14/2025,60038,Peach Yogurt Power Pack(Power Packs),20,1,21,18,14,0,14,$11.20,0,0.00%,$0.00,$11.20,4,22.22%,$3.20,$14.40,,,,
Greenbriar West Elementary,5/14/2025,60047,Chicken Tenders(3 tenders),1,0,1,1,0,0,0,$0.00,0,0.00%,$0.00,$0.00,1,100.00%,$0.00,$0.00,,,,
Greenbriar West Elementary,5/14/2025,60050,Chickenless Bites(4 Bites),77,2,79,102,87,3,90,$68.40,0,0.00%,$0.00,$68.40,12,11.76%,$9.12,$77.52,,,,
Greenbriar West Elementary,5/14/2025,60064,Vegetable Dumpling(6 dumplings),93,4,97,48,29,2,31,$0.00,1,2.08%,$0.00,$0.00,16,33.33%,$0.00,$0.00,,,,
Greenbriar West Elementary,5/14/2025,60101,Chickpeas - salad bar entree(1/2 cup),3,1,4,3,2,0,2,$0.36,0,0.00%,$0.00,$0.36,1,33.33%,$0.18,$0.54,,,,
Greenbriar West Elementary,5/14/2025,60148,Turkey Barbacoa Arepa(1 Arepa + #10 scoop of turkey barbacoa),0,0,0,9,8,0,8,$11.52,1,11.11%,$1.44,$12.96,0,0.00%,$0.00,$12.96,,,,
Groveton Elementary,5/14/2025,10044,Soft Pretzel(1 pretzel),29,0,29,26,16,0,16,$3.52,0,0.00%,$0.00,$3.52,10,38.46%,$2.20,$5.72,,,,
Groveton Elementary,5/14/2025,10069,Bean and Cheese Pupusa(Pupusa),0,0,0,21,21,0,21,$31.50,0,0.00%,$0.00,$31.50,0,0.00%,$0.00,$31.50,,,,
Groveton Elementary,5/14/2025,10070,Orange Sauce(ounce),0,0,0,130,40,0,40,$5.60,0,0.00%,$0.00,$5.60,90,69.23%,$12.60,$18.20,,,,
Groveton Elementary,5/14/2025,10099,"Green Beans, Frozen(1/2 cup)",0,0,0,50,50,0,50,$14.00,0,0.00%,$0.00,$14.00,0,0.00%,$0.00,$14.00,,,,
Groveton Elementary,5/14/2025,20001,1% White Milk(Each),63,0,63,85,68,0,68,$24.48,0,0.00%,$0.00,$24.48,17,20.00%,$6.12,$30.60,,,,
Groveton Elementary,5/14/2025,20002,Fat Free Chocolate Milk(Each),414,0,414,463,396,0,396,$138.60,0,0.00%,$0.00,$138.60,67,14.47%,$23.45,$162.05,,,,
Groveton Elementary,5/14/2025,20011,Cherry Tomatoes(1/4 cup),0,0,0,144,108,0,108,$39.96,0,0.00%,$0.00,$39.96,36,25.00%,$13.32,$53.28,,,,
Groveton Elementary,5/14/2025,20014,Red Delicious Apple(Each - serving),31,0,31,33,33,0,33,$10.89,0,0.00%,$0.00,$10.89,0,0.00%,$0.00,$10.89,,,,
Groveton Elementary,5/14/2025,20018,Red Seedless Grapes(8 grapes per 1/4 cup),900,0,900,920,920,0,920,$239.20,0,0.00%,$0.00,$239.20,0,0.00%,$0.00,$239.20,,,,
Groveton Elementary,5/14/2025,20023,Baby Carrots(3 baby carrots per 1/4 cup),0,0,0,144,108,0,108,$9.72,0,0.00%,$0.00,$9.72,36,25.00%,$3.24,$12.96,,,,
Groveton Elementary,5/14/2025,20028,Lettuce Blend Salad Mix(1/2 cup),106,0,106,120,120,0,120,$9.60,0,0.00%,$0.00,$9.60,0,0.00%,$0.00,$9.60,,,,
Groveton Elementary,5/14/2025,20031,Banana(Each),0,0,0,144,112,0,112,$23.52,32,22.22%,$6.72,$30.24,0,0.00%,$0.00,$30.24,,,,
Groveton Elementary,5/14/2025,20038,Fat Free White Milk(Each),16,0,16,42,14,0,14,$4.62,0,0.00%,$0.00,$4.62,28,66.67%,$9.24,$13.86,,,,
Groveton Elementary,5/14/2025,20040,Cucumber Slices(6 Slices per 1/2 cup),31,0,31,35,35,0,35,$4.20,0,0.00%,$0.00,$4.20,0,0.00%,$0.00,$4.20,,,,
Groveton Elementary,5/14/2025,20076,"Peppers, green, pre-sliced(1/2 cup sliced)",0,0,0,70,40,0,40,$12.00,30,42.86%,$9.00,$21.00,0,0.00%,$0.00,$21.00,,,,
Groveton Elementary,5/14/2025,20077,"Peppers, red, pre-sliced(1/2 cup sliced)",0,0,0,70,55,0,55,$30.80,15,21.43%,$8.40,$39.20,0,0.00%,$0.00,$39.20,,,,
Groveton Elementary,5/14/2025,30014,Whole Wheat Dinner Roll(Each),302,0,302,221,214,0,214,$29.96,0,0.00%,$0.00,$29.96,7,3.17%,$0.98,$30.94,,,,
Groveton Elementary,5/14/2025,30020,Applesauce(1/2 Cup),31,0,31,35,35,0,35,$7.35,0,0.00%,$0.00,$7.35,0,0.00%,$0.00,$7.35,,,,
Groveton Elementary,5/14/2025,30033,Cheez-Its Crackers(Package),31,0,31,33,33,0,33,$5.94,0,0.00%,$0.00,$5.94,0,0.00%,$0.00,$5.94,,,,
Groveton Elementary,5/14/2025,30041,Orange Flavored Dried Cranberries(Each),71,0,71,110,90,0,90,$21.60,0,0.00%,$0.00,$21.60,20,18.18%,$4.80,$26.40,,,,
Groveton Elementary,5/14/2025,30077,Italian Dressing(1 ounce),1,0,1,48,0,0,0,$0.00,0,0.00%,$0.00,$0.00,48,100.00%,$0.00,$0.00,,,,
Groveton Elementary,5/14/2025,30099,Chickpeas(1/4 cup),14,0,14,32,16,0,16,$1.44,16,50.00%,$1.44,$2.88,0,0.00%,$0.00,$2.88,,,,
Groveton Elementary,5/14/2025,30103,"Milk, Lactose Free,  Fat Free, Shelf-Stable(Each)",0,0,0,2,2,0,2,$0.96,0,0.00%,$0.00,$0.96,0,0.00%,$0.00,$0.96,,,,
Groveton Elementary,5/14/2025,30107,Ranch Dressing(1 ounce),41,0,41,48,38,0,38,$4.18,0,0.00%,$0.00,$4.18,10,20.83%,$1.10,$5.28,,,,
Groveton Elementary,5/14/2025,60035,PB&J Power Pack(Power Packs),183,0,183,287,98,0,98,$105.84,0,0.00%,$0.00,$105.84,189,65.85%,$204.12,$309.96,,,,
Groveton Elementary,5/14/2025,60036,Cherry Vanilla Yogurt Power Pack(Power Packs),39,0,39,93,36,0,36,$28.80,0,0.00%,$0.00,$28.80,57,61.29%,$45.60,$74.40,,,,
Groveton Elementary,5/14/2025,60047,Chicken Tenders(3 tenders),25,0,25,36,28,8,36,$33.84,0,0.00%,$0.00,$33.84,0,0.00%,$0.00,$33.84,,,,
Groveton Elementary,5/14/2025,60050,Chickenless Bites(4 Bites),222,0,222,391,368,1,369,$280.44,1,0.26%,$0.76,$281.20,21,5.37%,$15.96,$297.16,,,,
Groveton Elementary,5/14/2025,60064,Vegetable Dumpling(6 dumplings),0,0,0,81,61,0,61,$0.00,0,0.00%,$0.00,$0.00,20,24.69%,$0.00,$0.00,,,,
Groveton Elementary,5/14/2025,60121,"Sauce, Spicy Mayo(tbsp)",0,0,0,38,3,0,3,$0.27,0,0.00%,$0.00,$0.27,35,92.11%,$3.15,$3.42,,,,
Gunston Elementary,5/14/2025,10033,Chocolate Chip Cookie(1/2 Cookie),0,0,0,13,13,0,13,$1.82,0,0.00%,$0.00,$1.82,0,0.00%,$0.00,$1.82,,,,
Gunston Elementary,5/14/2025,10038,"Bread, English Muffin, WG(Each)",0,0,0,144,114,0,114,$27.36,0,0.00%,$0.00,$27.36,30,20.83%,$7.20,$34.56,,,,
Gunston Elementary,5/14/2025,10069,Bean and Cheese Pupusa(Pupusa),0,0,0,21,21,0,21,$31.50,0,0.00%,$0.00,$31.50,0,0.00%,$0.00,$31.50,,,,
Gunston Elementary,5/14/2025,10070,Orange Sauce(ounce),75,0,75,75,57,0,57,$7.98,18,24.00%,$2.52,$10.50,0,0.00%,$0.00,$10.50,,,,
Gunston Elementary,5/14/2025,20001,1% White Milk(Each),80,0,80,177,51,0,51,$18.36,0,0.00%,$0.00,$18.36,126,71.19%,$45.36,$63.72,,,,
Gunston Elementary,5/14/2025,20002,Fat Free Chocolate Milk(Each),200,0,200,200,163,0,163,$57.05,0,0.00%,$0.00,$57.05,37,18.50%,$12.95,$70.00,,,,
Gunston Elementary,5/14/2025,20012,Grape Tomatoes(6 Tomatoes per 1/2 cup),0,0,0,20,13,0,13,$6.76,0,0.00%,$0.00,$6.76,7,35.00%,$3.64,$10.40,,,,
Gunston Elementary,5/14/2025,20014,Red Delicious Apple(Each - serving),15,0,15,87,87,0,87,$28.71,0,0.00%,$0.00,$28.71,0,0.00%,$0.00,$28.71,,,,
Gunston Elementary,5/14/2025,20015,Golden Delicious Apple(Each),0,0,0,90,68,0,68,$21.08,0,0.00%,$0.00,$21.08,22,24.44%,$6.82,$27.90,,,,
Gunston Elementary,5/14/2025,20016,String Cheese(1 Stick),0,0,0,75,64,0,64,$14.08,0,0.00%,$0.00,$14.08,11,14.67%,$2.42,$16.50,,,,
Gunston Elementary,5/14/2025,20028,Lettuce Blend Salad Mix(1/2 cup),100,0,100,90,87,0,87,$6.96,0,0.00%,$0.00,$6.96,3,3.33%,$0.24,$7.20,,,,
Gunston Elementary,5/14/2025,20031,Banana(Each),0,0,0,100,87,0,87,$18.27,0,0.00%,$0.00,$18.27,13,13.00%,$2.73,$21.00,,,,
Gunston Elementary,5/14/2025,20038,Fat Free White Milk(Each),25,0,25,27,0,0,0,$0.00,0,0.00%,$0.00,$0.00,27,100.00%,$0.00,$0.00,,,,
Gunston Elementary,5/14/2025,20040,Cucumber Slices(6 Slices per 1/2 cup),15,0,15,45,45,0,45,$5.40,0,0.00%,$0.00,$5.40,0,0.00%,$0.00,$5.40,,,,
Gunston Elementary,5/14/2025,20047,Orange Slices(6 Slices per 1/2 cup),0,0,0,20,12,0,12,$4.80,0,0.00%,$0.00,$4.80,8,40.00%,$3.20,$8.00,,,,
Gunston Elementary,5/14/2025,30014,Whole Wheat Dinner Roll(Each),15,0,15,10,10,0,10,$1.40,0,0.00%,$0.00,$1.40,0,0.00%,$0.00,$1.40,,,,
Gunston Elementary,5/14/2025,30020,Applesauce(1/2 Cup),30,0,30,22,22,0,22,$4.62,0,0.00%,$0.00,$4.62,0,0.00%,$0.00,$4.62,,,,
Gunston Elementary,5/14/2025,30030,Cheddar Chex Mix(Package),0,0,0,20,11,0,11,$4.95,0,0.00%,$0.00,$4.95,9,45.00%,$4.05,$9.00,,,,
Gunston Elementary,5/14/2025,30033,Cheez-Its Crackers(Package),15,0,15,65,60,0,60,$10.80,0,0.00%,$0.00,$10.80,5,7.69%,$0.90,$11.70,,,,
Gunston Elementary,5/14/2025,30044,Strawberry Flavored Dried Cranberries(2 Eaches),0,0,0,50,45,0,45,$21.60,0,0.00%,$0.00,$21.60,5,10.00%,$2.40,$24.00,,,,
Gunston Elementary,5/14/2025,30063,Ketchup Packet(Packet),0,0,0,200,200,0,200,$6.00,0,0.00%,$0.00,$6.00,0,0.00%,$0.00,$6.00,,,,
Gunston Elementary,5/14/2025,30077,Italian Dressing(1 ounce),10,0,10,12,6,0,6,$0.48,0,0.00%,$0.00,$0.48,6,50.00%,$0.48,$0.96,,,,
Gunston Elementary,5/14/2025,30078,"Sauce, BBQ, HFCS-Free, Bulk, Low-Sodium(2 TBSP)",0,0,0,36,28,0,28,$2.80,0,0.00%,$0.00,$2.80,8,22.22%,$0.80,$3.60,,,,
Gunston Elementary,5/14/2025,30097,Bottled Water(Bottle),0,0,0,15,15,0,15,$2.40,0,0.00%,$0.00,$2.40,0,0.00%,$0.00,$2.40,,,,
Gunston Elementary,5/14/2025,30107,Ranch Dressing(1 ounce),20,0,20,36,32,0,32,$3.52,0,0.00%,$0.00,$3.52,4,11.11%,$0.44,$3.96,,,,
Gunston Elementary,5/14/2025,30158,Black Beans(1/2 Cup),0,0,0,10,5,0,5,$0.85,0,0.00%,$0.00,$0.85,5,50.00%,$0.85,$1.70,,,,
Gunston Elementary,5/14/2025,60035,PB&J Power Pack(Power Packs),50,0,50,62,49,2,51,$55.08,0,0.00%,$0.00,$55.08,11,17.74%,$11.88,$66.96,,,,
Gunston Elementary,5/14/2025,60036,Cherry Vanilla Yogurt Power Pack(Power Packs),50,0,50,20,16,0,16,$12.80,0,0.00%,$0.00,$12.80,4,20.00%,$3.20,$16.00,,,,
Gunston Elementary,5/14/2025,60045,Cucumber Slices(1/2 cup),15,0,15,12,12,0,12,$0.96,0,0.00%,$0.00,$0.96,0,0.00%,$0.00,$0.96,,,,
Gunston Elementary,5/14/2025,60050,Chickenless Bites(4 Bites),170,0,170,169,147,22,169,$128.44,0,0.00%,$0.00,$128.44,0,0.00%,$0.00,$128.44,,,,
Gunston Elementary,5/14/2025,60063,Chicken & Vegetable Dumplings(6 dumplings),75,0,75,50,46,4,50,$0.00,0,0.00%,$0.00,$0.00,0,0.00%,$0.00,$0.00,,,,
Gunston Elementary,5/14/2025,60121,"Sauce, Spicy Mayo(tbsp)",0,0,0,24,24,0,24,$2.16,0,0.00%,$0.00,$2.16,0,0.00%,$0.00,$2.16,,,,
HAYFIELD SS,5/14/2025,10001,"Patty, Chicken, Breaded, WG(2 strips)",27,0,27,42,40,0,40,$8.80,0,0.00%,$0.00,$8.80,2,4.76%,$0.44,$9.24,,,,
HAYFIELD SS,5/14/2025,10011,Sweet Thai Chili Sauce(ounce),0,0,0,60,30,0,30,$4.20,0,0.00%,$0.00,$4.20,30,50.00%,$4.20,$8.40,,,,
HAYFIELD SS,5/14/2025,10033,Chocolate Chip Cookie(Cookie),293,0,293,458,458,0,458,$123.66,0,0.00%,$0.00,$123.66,0,0.00%,$0.00,$123.66,,,,
HAYFIELD SS,5/14/2025,10044,Soft Pretzel(1 pretzel),36,0,36,28,25,0,25,$5.50,0,0.00%,$0.00,$5.50,3,10.71%,$0.66,$6.16,,,,
HAYFIELD SS,5/14/2025,10049,"WG 10"" Flour Tortilla(Tortilla)",26,0,26,42,32,0,32,$11.20,0,0.00%,$0.00,$11.20,10,23.81%,$3.50,$14.70,,,,
HAYFIELD SS,5/14/2025,10051,"Turkey,  Breast, Pre-Sliced, Oven Roasted(3 Slices)",9,0,9,7,1,0,1,$0.54,0,0.00%,$0.00,$0.54,6,85.71%,$3.24,$3.78,,,,
HAYFIELD SS,5/14/2025,10062,Corn(2 Tablespoons (thawed)),25,0,25,30,20,0,20,$1.00,0,0.00%,$0.00,$1.00,10,33.33%,$0.50,$1.50,,,,
HAYFIELD SS,5/14/2025,10069,Bean and Cheese Pupusa(Pupusa),0,0,0,16,16,0,16,$24.00,0,0.00%,$0.00,$24.00,0,0.00%,$0.00,$24.00,,,,
HAYFIELD SS,5/14/2025,10075,Cheese Pizza(Slice),0,0,0,196,155,0,155,$88.35,0,0.00%,$0.00,$88.35,41,20.92%,$23.37,$111.72,,,,
HAYFIELD SS,5/14/2025,20001,1% White Milk(Each),74,0,74,120,22,0,22,$7.92,0,0.00%,$0.00,$7.92,98,81.67%,$35.28,$43.20,,,,
HAYFIELD SS,5/14/2025,20002,Fat Free Chocolate Milk(Each),499,0,499,1078,613,0,613,$214.55,0,0.00%,$0.00,$214.55,465,43.14%,$162.75,$377.30,,,,
HAYFIELD SS,5/14/2025,20006,"Cheese, Shredded, Cheddar(1/4 cup)",80,0,80,145,135,0,135,$22.95,0,0.00%,$0.00,$22.95,10,6.90%,$1.70,$24.65,,,,
HAYFIELD SS,5/14/2025,20011,Cherry Tomatoes(1/4 cup),0,0,0,10,10,0,10,$3.70,0,0.00%,$0.00,$3.70,0,0.00%,$0.00,$3.70,,,,
HAYFIELD SS,5/14/2025,20015,Golden Delicious Apple(Each),0,0,0,250,190,0,190,$58.90,10,4.00%,$3.10,$62.00,50,20.00%,$15.50,$77.50,,,,
HAYFIELD SS,5/14/2025,20018,Red Seedless Grapes(16 grapes per 1/2 cup),0,0,0,925,925,0,925,$471.75,0,0.00%,$0.00,$471.75,0,0.00%,$0.00,$471.75,,,,
HAYFIELD SS,5/14/2025,20023,Baby Carrots(3 baby carrots per 1/4 cup),0,0,0,150,120,0,120,$10.80,0,0.00%,$0.00,$10.80,30,20.00%,$2.70,$13.50,,,,
HAYFIELD SS,5/14/2025,20027,Broccoli Florets(1/4 cup),94,0,94,120,110,0,110,$8.80,10,8.33%,$0.80,$9.60,0,0.00%,$0.00,$9.60,,,,
HAYFIELD SS,5/14/2025,20028,Lettuce Blend Salad Mix(1/2 cup),488,0,488,530,490,0,490,$39.20,0,0.00%,$0.00,$39.20,40,7.55%,$3.20,$42.40,,,,
HAYFIELD SS,5/14/2025,20030,Sour Cream(2 Tablespoons),0,0,0,35,10,0,10,$1.50,0,0.00%,$0.00,$1.50,25,71.43%,$3.75,$5.25,,,,
HAYFIELD SS,5/14/2025,20031,Banana(Each),268,0,268,220,220,0,220,$46.20,0,0.00%,$0.00,$46.20,0,0.00%,$0.00,$46.20,,,,
HAYFIELD SS,5/14/2025,20035,"Onions, Red, Whole(2 Tablespoons (sliced))",34,0,34,40,30,0,30,$0.90,0,0.00%,$0.00,$0.90,10,25.00%,$0.30,$1.20,,,,
HAYFIELD SS,5/14/2025,20036,Celery Sticks(1/2 cup),0,0,0,40,40,0,40,$22.00,0,0.00%,$0.00,$22.00,0,0.00%,$0.00,$22.00,,,,
HAYFIELD SS,5/14/2025,20038,Fat Free White Milk(Each),18,0,18,189,28,0,28,$9.24,0,0.00%,$0.00,$9.24,161,85.19%,$53.13,$62.37,,,,
HAYFIELD SS,5/14/2025,20040,Cucumber Slices(1/4 cup),0,0,0,280,260,0,260,$15.60,0,0.00%,$0.00,$15.60,20,7.14%,$1.20,$16.80,,,,
HAYFIELD SS,5/14/2025,20040,Cucumber Slices(2 Tablespoon),34,0,34,40,25,0,25,$0.75,0,0.00%,$0.00,$0.75,15,37.50%,$0.45,$1.20,,,,
HAYFIELD SS,5/14/2025,20041,"Peppers, Green, Whole(2 Tablespoon)",40,0,40,40,30,0,30,$1.80,0,0.00%,$0.00,$1.80,10,25.00%,$0.60,$2.40,,,,
HAYFIELD SS,5/14/2025,20042,"Peppers, Red, Whole(2 Tablespoons)",40,0,40,40,30,0,30,$1.50,0,0.00%,$0.00,$1.50,10,25.00%,$0.50,$2.00,,,,
HAYFIELD SS,5/14/2025,20072,"Tomato, Large, whole, Plum(1/4 cup sliced)",0,0,0,25,18,0,18,$3.42,0,0.00%,$0.00,$3.42,7,28.00%,$1.33,$4.75,,,,
HAYFIELD SS,5/14/2025,30002,Sub Roll(Sub Roll),3,0,3,4,0,0,0,$0.00,0,0.00%,$0.00,$0.00,4,100.00%,$0.00,$0.00,,,,
HAYFIELD SS,5/14/2025,30008,Apple Juice(Each),43,0,43,47,47,0,47,$7.99,0,0.00%,$0.00,$7.99,0,0.00%,$0.00,$7.99,,,,
HAYFIELD SS,5/14/2025,30014,Whole Wheat Dinner Roll(2 rolls),0,0,0,260,167,0,167,$46.76,0,0.00%,$0.00,$46.76,93,35.77%,$26.04,$72.80,,,,
HAYFIELD SS,5/14/2025,30024,Black Beans(1/2 Cup),0,0,0,90,25,0,25,$4.25,0,0.00%,$0.00,$4.25,65,72.22%,$11.05,$15.30,,,,
HAYFIELD SS,5/14/2025,30042,Original Flavored Dried Cranberries(Package),140,0,140,180,90,0,90,$21.60,0,0.00%,$0.00,$21.60,90,50.00%,$21.60,$43.20,,,,
HAYFIELD SS,5/14/2025,30061,Chilled Mandarin Oranges(1/2 cup (drained)),0,0,0,624,574,0,574,$195.16,0,0.00%,$0.00,$195.16,50,8.01%,$17.00,$212.16,,,,
HAYFIELD SS,5/14/2025,30063,Ketchup Packet(Packet),1701,0,1701,2000,2000,0,2000,$60.00,0,0.00%,$0.00,$60.00,0,0.00%,$0.00,$60.00,,,,
HAYFIELD SS,5/14/2025,30064,Mayonnaise Packet(Packet),248,0,248,450,450,0,450,$45.00,0,0.00%,$0.00,$45.00,0,0.00%,$0.00,$45.00,,,,
HAYFIELD SS,5/14/2025,30065,Mustard Packet(Packet),34,0,34,75,41,0,41,$2.05,0,0.00%,$0.00,$2.05,34,45.33%,$1.70,$3.75,,,,
HAYFIELD SS,5/14/2025,30077,Italian Dressing(1 ounce),110,0,110,174,112,0,112,$8.96,0,0.00%,$0.00,$8.96,62,35.63%,$4.96,$13.92,,,,
HAYFIELD SS,5/14/2025,30097,Bottled Water(Bottle),248,0,248,111,111,0,111,$17.76,0,0.00%,$0.00,$17.76,0,0.00%,$0.00,$17.76,,,,
HAYFIELD SS,5/14/2025,30099,Chickpeas(1/4 cup),24,0,24,65,20,0,20,$1.80,0,0.00%,$0.00,$1.80,45,69.23%,$4.05,$5.85,,,,
HAYFIELD SS,5/14/2025,30099,Chickpeas(2 Tablespoons),11,0,11,25,25,0,25,$1.00,0,0.00%,$0.00,$1.00,0,0.00%,$0.00,$1.00,,,,
HAYFIELD SS,5/14/2025,30107,Ranch Dressing(1 ounce),402,0,402,498,418,0,418,$45.98,0,0.00%,$0.00,$45.98,80,16.06%,$8.80,$54.78,,,,
HAYFIELD SS,5/14/2025,30110,Doritos Flamas(Each),50,0,50,50,50,0,50,$18.50,0,0.00%,$0.00,$18.50,0,0.00%,$0.00,$18.50,,,,
HAYFIELD SS,5/14/2025,30111,Doritos RF Spicy Sweet Chili(Each),50,0,50,50,50,0,50,$18.50,0,0.00%,$0.00,$18.50,0,0.00%,$0.00,$18.50,,,,
HAYFIELD SS,5/14/2025,30113,Cool Ranch Reduced Fat Doritos(Each),50,0,50,50,50,0,50,$18.50,0,0.00%,$0.00,$18.50,0,0.00%,$0.00,$18.50,,,,
HAYFIELD SS,5/14/2025,30114,SS Baked Cheetos Flaming Hot(Each),50,0,50,50,50,0,50,$26.50,0,0.00%,$0.00,$26.50,0,0.00%,$0.00,$26.50,,,,
HAYFIELD SS,5/14/2025,30117,WG Baked Funyuns(Each),51,0,51,49,49,0,49,$17.64,0,0.00%,$0.00,$17.64,0,0.00%,$0.00,$17.64,,,,
HAYFIELD SS,5/14/2025,30118,Kettle Cooked Smoky BBQ Chips(Each),50,0,50,50,50,0,50,$30.00,0,0.00%,$0.00,$30.00,0,0.00%,$0.00,$30.00,,,,
HAYFIELD SS,5/14/2025,30119,RF Kettle Chips Jalapeno & Cheddar Chips(Each),50,0,50,100,100,0,100,$60.00,0,0.00%,$0.00,$60.00,0,0.00%,$0.00,$60.00,,,,
HAYFIELD SS,5/14/2025,30120,RF Kettle Chips Sea Salt & Vinegar Chips(Each),50,0,50,50,50,0,50,$30.00,0,0.00%,$0.00,$30.00,0,0.00%,$0.00,$30.00,,,,
HAYFIELD SS,5/14/2025,30160,Lay's RF Kettle Original Chips(Each),50,0,50,50,50,0,50,$30.00,0,0.00%,$0.00,$30.00,0,0.00%,$0.00,$30.00,,,,
HAYFIELD SS,5/14/2025,60035,PB&J Power Pack(Power Packs),162,0,162,141,129,0,129,$139.32,0,0.00%,$0.00,$139.32,12,8.51%,$12.96,$152.28,,,,
HAYFIELD SS,5/14/2025,60037,Strawberry & Banana Yogurt Power Pack(Power Packs),11,0,11,20,13,0,13,$10.40,0,0.00%,$0.00,$10.40,7,35.00%,$5.60,$16.00,,,,
HAYFIELD SS,5/14/2025,60040,Grilled Cheese Sandwich(Sandwich),82,0,82,108,45,0,45,$18.90,0,0.00%,$0.00,$18.90,63,58.33%,$26.46,$45.36,,,,
HAYFIELD SS,5/14/2025,60041,Turkey Pepperoni Pizza(Slice),0,0,0,48,48,0,48,$32.64,0,0.00%,$0.00,$32.64,0,0.00%,$0.00,$32.64,,,,
HAYFIELD SS,5/14/2025,60050,Chickenless Bites(4 Bites),174,0,174,260,167,0,167,$126.92,0,0.00%,$0.00,$126.92,93,35.77%,$70.68,$197.60,,,,
HAYFIELD SS,5/14/2025,60063,Chicken & Vegetable Dumplings(6 dumplings),117,0,117,64,42,0,42,$0.00,0,0.00%,$0.00,$0.00,22,34.38%,$0.00,$0.00,,,,
HAYFIELD SS,5/14/2025,60070,Nachos with Taco Meat and Cheese Sauce(Serving Size),0,0,0,576,468,0,468,$374.40,0,0.00%,$0.00,$374.40,108,18.75%,$86.40,$460.80,,,,
HAYFIELD SS,5/14/2025,60072,Spicy Breaded Chicken Patty on Bun(Sandwich),0,0,0,165,128,0,128,$96.00,0,0.00%,$0.00,$96.00,37,22.42%,$27.75,$123.75,,,,
HAYFIELD SS,5/14/2025,60075,Spicy Chicken Wrap(Wrap),15,0,15,14,11,0,11,$12.87,0,0.00%,$0.00,$12.87,3,21.43%,$3.51,$16.38,,,,
HAYFIELD SS,5/14/2025,60148,Turkey Barbacoa Arepa(1 Arepa + #10 scoop of turkey barbacoa),0,0,0,57,57,0,57,$82.08,0,0.00%,$0.00,$82.08,0,0.00%,$0.00,$82.08,,,,
HERNDON HS,5/14/2025,10011,Sweet Thai Chili Sauce(ounce),0,0,0,244,235,0,235,$32.90,0,0.00%,$0.00,$32.90,9,3.69%,$1.26,$34.16,,,,
HERNDON HS,5/14/2025,10027,"Bread, Loco(flatbread)",150,0,150,100,75,0,75,$22.50,0,0.00%,$0.00,$22.50,25,25.00%,$7.50,$30.00,,,,
HERNDON HS,5/14/2025,10033,Chocolate Chip Cookie(Cookie),108,0,108,100,100,0,100,$27.00,0,0.00%,$0.00,$27.00,0,0.00%,$0.00,$27.00,,,,
HERNDON HS,5/14/2025,10044,Soft Pretzel(1 pretzel),0,0,0,5,3,0,3,$0.66,0,0.00%,$0.00,$0.66,2,40.00%,$0.44,$1.10,,,,
HERNDON HS,5/14/2025,10069,Bean and Cheese Pupusa(Pupusa),0,0,0,85,85,0,85,$127.50,0,0.00%,$0.00,$127.50,0,0.00%,$0.00,$127.50,,,,
HERNDON HS,5/14/2025,10074,"Frozen Berry, Triple Berry Blend(1/2 cup (thawed))",0,0,0,150,150,0,150,$4.50,0,0.00%,$0.00,$4.50,0,0.00%,$0.00,$4.50,,,,
HERNDON HS,5/14/2025,20001,1% White Milk(Each),53,0,53,355,67,0,67,$24.12,0,0.00%,$0.00,$24.12,288,81.13%,$103.68,$127.80,,,,
HERNDON HS,5/14/2025,20002,Fat Free Chocolate Milk(Each),416,0,416,670,401,0,401,$140.35,0,0.00%,$0.00,$140.35,269,40.15%,$94.15,$234.50,,,,
HERNDON HS,5/14/2025,20014,Red Delicious Apple(Each - serving),0,0,0,215,214,0,214,$70.62,0,0.00%,$0.00,$70.62,1,0.47%,$0.33,$70.95,,,,
HERNDON HS,5/14/2025,20017,Orange(1/4 cup),0,0,0,270,181,0,181,$30.77,0,0.00%,$0.00,$30.77,89,32.96%,$15.13,$45.90,,,,
HERNDON HS,5/14/2025,20018,Red Seedless Grapes(16 grapes per 1/2 cup),0,0,0,200,200,0,200,$102.00,0,0.00%,$0.00,$102.00,0,0.00%,$0.00,$102.00,,,,
HERNDON HS,5/14/2025,20027,Broccoli Florets(1/4 cup),88,0,88,75,75,0,75,$6.00,0,0.00%,$0.00,$6.00,0,0.00%,$0.00,$6.00,,,,
HERNDON HS,5/14/2025,20028,Lettuce Blend Salad Mix(1/2 cup),71,0,71,84,84,0,84,$6.72,0,0.00%,$0.00,$6.72,0,0.00%,$0.00,$6.72,,,,
HERNDON HS,5/14/2025,20031,Banana(Each),0,0,0,100,100,0,100,$21.00,0,0.00%,$0.00,$21.00,0,0.00%,$0.00,$21.00,,,,
HERNDON HS,5/14/2025,20038,Fat Free White Milk(Each),37,0,37,156,40,0,40,$13.20,0,0.00%,$0.00,$13.20,116,74.36%,$38.28,$51.48,,,,
HERNDON HS,5/14/2025,20076,"Peppers, green, pre-sliced(1/2 cup sliced)",0,0,0,15,15,0,15,$4.50,0,0.00%,$0.00,$4.50,0,0.00%,$0.00,$4.50,,,,
HERNDON HS,5/14/2025,20077,"Peppers, red, pre-sliced(1/2 cup sliced)",0,0,0,15,10,0,10,$5.60,0,0.00%,$0.00,$5.60,5,33.33%,$2.80,$8.40,,,,
HERNDON HS,5/14/2025,30041,Orange Flavored Dried Cranberries(2 Eaches),0,0,0,103,53,0,53,$25.44,0,0.00%,$0.00,$25.44,50,48.54%,$24.00,$49.44,,,,
HERNDON HS,5/14/2025,30063,Ketchup Packet(Packet),1493,0,1493,1500,1400,0,1400,$42.00,0,0.00%,$0.00,$42.00,100,6.67%,$3.00,$45.00,,,,
HERNDON HS,5/14/2025,30064,Mayonnaise Packet(Packet),801,0,801,1000,962,0,962,$96.20,0,0.00%,$0.00,$96.20,38,3.80%,$3.80,$100.00,,,,
HERNDON HS,5/14/2025,30065,Mustard Packet(Packet),761,0,761,800,785,0,785,$39.25,0,0.00%,$0.00,$39.25,15,1.88%,$0.75,$40.00,,,,
HERNDON HS,5/14/2025,30077,Italian Dressing(1 ounce),89,0,89,150,124,0,124,$9.92,0,0.00%,$0.00,$9.92,26,17.33%,$2.08,$12.00,,,,
HERNDON HS,5/14/2025,30097,Bottled Water(Bottle),29,0,29,40,35,0,35,$5.60,0,0.00%,$0.00,$5.60,5,12.50%,$0.80,$6.40,,,,
HERNDON HS,5/14/2025,30099,Chickpeas(1/4 cup),29,0,29,30,20,0,20,$1.80,0,0.00%,$0.00,$1.80,10,33.33%,$0.90,$2.70,,,,
HERNDON HS,5/14/2025,30107,Ranch Dressing(1 ounce),92,0,92,50,50,0,50,$5.50,0,0.00%,$0.00,$5.50,0,0.00%,$0.00,$5.50,,,,
HERNDON HS,5/14/2025,30110,Doritos Flamas(Each),11,0,11,25,25,0,25,$9.25,0,0.00%,$0.00,$9.25,0,0.00%,$0.00,$9.25,,,,
HERNDON HS,5/14/2025,30112,Doritos RF Nacho Cheese(Each),18,0,18,10,7,0,7,$2.59,0,0.00%,$0.00,$2.59,3,30.00%,$1.11,$3.70,,,,
HERNDON HS,5/14/2025,30118,Kettle Cooked Smoky BBQ Chips(Each),8,0,8,15,12,0,12,$7.20,0,0.00%,$0.00,$7.20,3,20.00%,$1.80,$9.00,,,,
HERNDON HS,5/14/2025,30119,RF Kettle Chips Jalapeno & Cheddar Chips(Each),11,0,11,25,25,0,25,$15.00,0,0.00%,$0.00,$15.00,0,0.00%,$0.00,$15.00,,,,
HERNDON HS,5/14/2025,30120,RF Kettle Chips Sea Salt & Vinegar Chips(Each),7,0,7,10,10,0,10,$6.00,0,0.00%,$0.00,$6.00,0,0.00%,$0.00,$6.00,,,,
HERNDON HS,5/14/2025,30124,"Fruit Snacks, Welch's Mixed(Each)",10,0,10,5,2,0,2,$0.80,0,0.00%,$0.00,$0.80,3,60.00%,$1.20,$2.00,,,,
HERNDON HS,5/14/2025,60009,"Sandwich, Turkey & Cheese(sandwich)",0,0,0,63,60,0,60,$41.40,0,0.00%,$0.00,$41.40,3,4.76%,$2.07,$43.47,,,,
HERNDON HS,5/14/2025,60035,PB&J Power Pack(Power Packs),150,0,150,72,72,0,72,$77.76,0,0.00%,$0.00,$77.76,0,0.00%,$0.00,$77.76,,,,
HERNDON HS,5/14/2025,60038,Peach Yogurt Power Pack(Power Packs),5,0,5,20,20,0,20,$16.00,0,0.00%,$0.00,$16.00,0,0.00%,$0.00,$16.00,,,,
HERNDON HS,5/14/2025,60040,Grilled Cheese Sandwich(Sandwich),20,0,20,12,12,0,12,$5.04,0,0.00%,$0.00,$5.04,0,0.00%,$0.00,$5.04,,,,
HERNDON HS,5/14/2025,60047,Chicken Tenders(3 tenders),400,0,400,20,14,0,14,$13.16,0,0.00%,$0.00,$13.16,6,30.00%,$5.64,$18.80,,,,
HERNDON HS,5/14/2025,60050,Chickenless Bites(4 Bites),150,0,150,100,100,0,100,$76.00,0,0.00%,$0.00,$76.00,0,0.00%,$0.00,$76.00,,,,
HERNDON HS,5/14/2025,60063,Chicken & Vegetable Dumplings(6 dumplings),50,0,50,32,32,0,32,$0.00,0,0.00%,$0.00,$0.00,0,0.00%,$0.00,$0.00,,,,
HERNDON HS,5/14/2025,60077,Manager's Vegetable Choice(1/4 cup),125,0,125,100,95,0,95,$0.00,0,0.00%,$0.00,$0.00,5,5.00%,$0.00,$0.00,,,,
HERNDON HS,5/14/2025,60078,Nachos with Turkey Barbacoa and Cheese Sauce(Serving),0,0,0,166,166,0,166,$220.78,0,0.00%,$0.00,$220.78,0,0.00%,$0.00,$220.78,,,,
HERNDON HS,5/14/2025,60080,Cheese Pizza(Slice),0,0,0,62,62,0,62,$35.34,0,0.00%,$0.00,$35.34,0,0.00%,$0.00,$35.34,,,,
HERNDON HS,5/14/2025,60087,Sweet Thai Chili Chicken Wings(3 Wings),0,0,0,244,235,0,235,$284.35,0,0.00%,$0.00,$284.35,9,3.69%,$10.89,$295.24,,,,
HERNDON HS,5/14/2025,60148,Turkey Barbacoa Arepa(1 Arepa + #10 scoop of turkey barbacoa),0,0,0,15,15,0,15,$21.60,0,0.00%,$0.00,$21.60,0,0.00%,$0.00,$21.60,,,,
HERNDON HS,5/14/2025,60150,Strawberry Parfait Power Pack(Power Pack),0,0,0,16,16,0,16,$26.08,0,0.00%,$0.00,$26.08,0,0.00%,$0.00,$26.08,,,,
HERNDON HS,5/14/2025,60155,Fish  Sandwich(Sandwich),0,0,0,31,31,0,31,$21.70,0,0.00%,$0.00,$21.70,0,0.00%,$0.00,$21.70,,,,
Halley Elementary,5/14/2025,10044,Soft Pretzel(1 pretzel),0,0,0,11,0,10,10,$0.00,1,9.09%,$0.00,$0.00,0,0.00%,$0.00,$0.00,,,,
Halley Elementary,5/14/2025,10070,Orange Sauce(ounce),100,0,100,60,59,0,59,$8.26,1,1.67%,$0.14,$8.40,0,0.00%,$0.00,$8.40,,,,
Halley Elementary,5/14/2025,20001,1% White Milk(Each),90,0,90,102,79,0,79,$28.44,0,0.00%,$0.00,$28.44,23,22.55%,$8.28,$36.72,,,,
Halley Elementary,5/14/2025,20002,Fat Free Chocolate Milk(Each),168,0,168,190,177,7,184,$64.40,0,0.00%,$0.00,$64.40,6,3.16%,$2.10,$66.50,,,,
Halley Elementary,5/14/2025,20014,Red Delicious Apple(Each - serving),26,0,26,25,25,0,25,$8.25,0,0.00%,$0.00,$8.25,0,0.00%,$0.00,$8.25,,,,
Halley Elementary,5/14/2025,20017,Orange(1/4 cup),0,0,0,120,119,0,119,$20.23,1,0.83%,$0.17,$20.40,0,0.00%,$0.00,$20.40,,,,
Halley Elementary,5/14/2025,20027,Broccoli Florets(1/4 cup),36,0,36,90,89,0,89,$7.12,1,1.11%,$0.08,$7.20,0,0.00%,$0.00,$7.20,,,,
Halley Elementary,5/14/2025,20028,Lettuce Blend Salad Mix(1/2 cup),72,0,72,80,79,0,79,$6.32,1,1.25%,$0.08,$6.40,0,0.00%,$0.00,$6.40,,,,
Halley Elementary,5/14/2025,20031,Banana(Each),120,0,120,120,112,0,112,$23.52,0,0.00%,$0.00,$23.52,8,6.67%,$1.68,$25.20,,,,
Halley Elementary,5/14/2025,20038,Fat Free White Milk(Each),25,0,25,25,14,0,14,$4.62,0,0.00%,$0.00,$4.62,11,44.00%,$3.63,$8.25,,,,
Halley Elementary,5/14/2025,20040,Cucumber Slices(6 Slices per 1/2 cup),26,0,26,27,25,2,27,$3.24,0,0.00%,$0.00,$3.24,0,0.00%,$0.00,$3.24,,,,
Halley Elementary,5/14/2025,30008,Apple Juice(Each),12,0,12,1,0,1,1,$0.00,0,0.00%,$0.00,$0.00,0,0.00%,$0.00,$0.00,,,,
Halley Elementary,5/14/2025,30014,Whole Wheat Dinner Roll(2 rolls),0,0,0,50,50,0,50,$14.00,0,0.00%,$0.00,$14.00,0,0.00%,$0.00,$14.00,,,,
Halley Elementary,5/14/2025,30014,Whole Wheat Dinner Roll(Each),111,0,111,91,87,3,90,$12.60,0,0.00%,$0.00,$12.60,1,1.10%,$0.14,$12.74,,,,
Halley Elementary,5/14/2025,30020,Applesauce(1/2 Cup),56,0,56,54,52,2,54,$11.34,0,0.00%,$0.00,$11.34,0,0.00%,$0.00,$11.34,,,,
Halley Elementary,5/14/2025,30031,Strawberry Chex Mix(Package),25,0,25,0,0,0,0,$0.00,0,0.00%,$0.00,$0.00,0,0.00%,$0.00,$0.00,,,,
Halley Elementary,5/14/2025,30033,Cheez-Its Crackers(Package),26,0,26,45,25,4,29,$5.22,0,0.00%,$0.00,$5.22,16,35.56%,$2.88,$8.10,,,,
Halley Elementary,5/14/2025,30039,Cherry Flavored Dried Cranberries(Each),47,0,47,30,24,0,24,$5.76,0,0.00%,$0.00,$5.76,6,20.00%,$1.44,$7.20,,,,
Halley Elementary,5/14/2025,30041,Orange Flavored Dried Cranberries(2 Eaches),0,0,0,30,24,0,24,$11.52,0,0.00%,$0.00,$11.52,6,20.00%,$2.88,$14.40,,,,
Halley Elementary,5/14/2025,30077,Italian Dressing(1 ounce),24,0,24,24,14,0,14,$1.12,0,0.00%,$0.00,$1.12,10,41.67%,$0.80,$1.92,,,,
Halley Elementary,5/14/2025,30097,Bottled Water(Bottle),16,0,16,40,0,29,29,$0.00,0,0.00%,$0.00,$0.00,11,27.50%,$0.00,$0.00,,,,
Halley Elementary,5/14/2025,30099,Chickpeas(1/4 cup),45,0,45,60,58,0,58,$5.22,2,3.33%,$0.18,$5.40,0,0.00%,$0.00,$5.40,,,,
Halley Elementary,5/14/2025,30107,Ranch Dressing(1 ounce),72,0,72,72,71,0,71,$7.81,1,1.39%,$0.11,$7.92,0,0.00%,$0.00,$7.92,,,,
Halley Elementary,5/14/2025,60034,Mandarin Orange Parfait(Parfait),0,0,0,2,2,0,2,$1.98,0,0.00%,$0.00,$1.98,0,0.00%,$0.00,$1.98,,,,
Halley Elementary,5/14/2025,60035,PB&J Power Pack(Power Packs),45,0,45,60,53,1,54,$58.32,0,0.00%,$0.00,$58.32,6,10.00%,$6.48,$64.80,,,,
Halley Elementary,5/14/2025,60036,Cherry Vanilla Yogurt Power Pack(Power Packs),15,0,15,15,10,0,10,$8.00,0,0.00%,$0.00,$8.00,5,33.33%,$4.00,$12.00,,,,
Halley Elementary,5/14/2025,60037,Strawberry & Banana Yogurt Power Pack(Power Packs),14,0,14,15,12,0,12,$9.60,0,0.00%,$0.00,$9.60,3,20.00%,$2.40,$12.00,,,,
Halley Elementary,5/14/2025,60038,Peach Yogurt Power Pack(Power Packs),19,0,19,22,20,0,20,$16.00,0,0.00%,$0.00,$16.00,2,9.09%,$1.60,$17.60,,,,
Halley Elementary,5/14/2025,60045,Cucumber Slices(1/2 cup),30,0,30,27,27,0,27,$2.16,0,0.00%,$0.00,$2.16,0,0.00%,$0.00,$2.16,,,,
Halley Elementary,5/14/2025,60047,Chicken Tenders(3 tenders),39,0,39,84,82,2,84,$78.96,0,0.00%,$0.00,$78.96,0,0.00%,$0.00,$78.96,,,,
Halley Elementary,5/14/2025,60050,Chickenless Bites(4 Bites),72,0,72,57,55,1,56,$42.56,0,0.00%,$0.00,$42.56,1,1.75%,$0.76,$43.32,,,,
Halley Elementary,5/14/2025,60063,Chicken & Vegetable Dumplings(6 dumplings),100,0,100,72,55,15,70,$0.00,2,2.78%,$0.00,$0.00,0,0.00%,$0.00,$0.00,,,,
Halley Elementary,5/14/2025,60077,Manager's Vegetable Choice(1/4 cup),75,0,75,75,65,0,65,$0.00,0,0.00%,$0.00,$0.00,10,13.33%,$0.00,$0.00,,,,
Haycock Elementary,5/14/2025,10058,Chicken & Vegetable Dumplings(6 dumplings),0,0,0,55,54,0,54,$0.00,1,1.82%,$0.00,$0.00,0,0.00%,$0.00,$0.00,,,,
Haycock Elementary,5/14/2025,10070,Orange Sauce(ounce),0,0,0,55,54,0,54,$7.56,1,1.82%,$0.14,$7.70,0,0.00%,$0.00,$7.70,,,,
Haycock Elementary,5/14/2025,20001,1% White Milk(Each),9,0,9,47,16,0,16,$5.76,0,0.00%,$0.00,$5.76,31,65.96%,$11.16,$16.92,,,,
Haycock Elementary,5/14/2025,20002,Fat Free Chocolate Milk(Each),158,0,158,223,131,0,131,$45.85,0,0.00%,$0.00,$45.85,92,41.26%,$32.20,$78.05,,,,
Haycock Elementary,5/14/2025,20027,Broccoli Florets(1/4 cup),51,0,51,30,30,0,30,$2.40,0,0.00%,$0.00,$2.40,0,0.00%,$0.00,$2.40,,,,
Haycock Elementary,5/14/2025,20028,Lettuce Blend Salad Mix(1/2 cup),80,0,80,60,60,0,60,$4.80,0,0.00%,$0.00,$4.80,0,0.00%,$0.00,$4.80,,,,
Haycock Elementary,5/14/2025,20031,Banana(Each),52,0,52,162,162,0,162,$34.02,0,0.00%,$0.00,$34.02,0,0.00%,$0.00,$34.02,,,,
Haycock Elementary,5/14/2025,20038,Fat Free White Milk(Each),20,0,20,47,15,0,15,$4.95,0,0.00%,$0.00,$4.95,32,68.09%,$10.56,$15.51,,,,
Haycock Elementary,5/14/2025,30014,Whole Wheat Dinner Roll(Each),119,0,119,20,20,0,20,$2.80,0,0.00%,$0.00,$2.80,0,0.00%,$0.00,$2.80,,,,
Haycock Elementary,5/14/2025,30039,Cherry Flavored Dried Cranberries(Each),32,0,32,18,18,0,18,$4.32,0,0.00%,$0.00,$4.32,0,0.00%,$0.00,$4.32,,,,
Haycock Elementary,5/14/2025,30044,Strawberry Flavored Dried Cranberries(Each),45,0,45,82,82,0,82,$19.68,0,0.00%,$0.00,$19.68,0,0.00%,$0.00,$19.68,,,,
Haycock Elementary,5/14/2025,30077,Italian Dressing(1 ounce),29,0,29,24,24,0,24,$1.92,0,0.00%,$0.00,$1.92,0,0.00%,$0.00,$1.92,,,,
Haycock Elementary,5/14/2025,30099,Chickpeas(1/4 cup),24,0,24,25,25,0,25,$2.25,0,0.00%,$0.00,$2.25,0,0.00%,$0.00,$2.25,,,,
Haycock Elementary,5/14/2025,30107,Ranch Dressing(1 ounce),41,0,41,24,24,0,24,$2.64,0,0.00%,$0.00,$2.64,0,0.00%,$0.00,$2.64,,,,
Haycock Elementary,5/14/2025,60026,"Pasta, Baked Penne(1 cup)",0,0,0,9,9,0,9,$14.94,0,0.00%,$0.00,$14.94,0,0.00%,$0.00,$14.94,,,,
Haycock Elementary,5/14/2025,60035,PB&J Power Pack(Power Packs),60,0,60,25,3,20,23,$24.84,0,0.00%,$0.00,$24.84,2,8.00%,$2.16,$27.00,,,,
Haycock Elementary,5/14/2025,60050,Chickenless Bites(2 Bites),75,0,75,20,20,0,20,$7.60,0,0.00%,$0.00,$7.60,0,0.00%,$0.00,$7.60,,,,
Haycock Elementary,5/14/2025,60076,"Penne Pasta with Marinara and Beef Meatballs(cup cooked pasta, 1/2c sauce, 5 meatballs)",0,0,0,148,148,0,148,$185.00,0,0.00%,$0.00,$185.00,0,0.00%,$0.00,$185.00,,,,
Haycock Elementary,5/14/2025,60077,Manager's Vegetable Choice(1/4 cup),98,0,98,50,50,0,50,$0.00,0,0.00%,$0.00,$0.00,0,0.00%,$0.00,$0.00,,,,
Haycock Elementary,5/14/2025,60101,Chickpeas - salad bar entree(1/2 cup),3,0,3,9,9,0,9,$1.62,0,0.00%,$0.00,$1.62,0,0.00%,$0.00,$1.62,,,,
Haycock Elementary,5/14/2025,60150,Strawberry Parfait Power Pack(Power Pack),0,0,0,69,69,0,69,$112.47,0,0.00%,$0.00,$112.47,0,0.00%,$0.00,$112.47,,,,
Hayfield Elementary,5/14/2025,10033,Chocolate Chip Cookie(1/2 Cookie),0,0,0,8,8,0,8,$1.12,0,0.00%,$0.00,$1.12,0,0.00%,$0.00,$1.12,,,,
Hayfield Elementary,5/14/2025,10044,Soft Pretzel(1 pretzel),12,0,12,16,11,0,11,$2.42,0,0.00%,$0.00,$2.42,5,31.25%,$1.10,$3.52,,,,
Hayfield Elementary,5/14/2025,10058,Chicken & Vegetable Dumplings(6 dumplings),60,0,60,54,46,2,48,$0.00,1,1.85%,$0.00,$0.00,5,9.26%,$0.00,$0.00,,,,
Hayfield Elementary,5/14/2025,10070,Orange Sauce(ounce),60,0,60,65,40,2,42,$5.88,0,0.00%,$0.00,$5.88,23,35.38%,$3.22,$9.10,,,,
Hayfield Elementary,5/14/2025,20001,1% White Milk(Each),10,0,10,90,7,0,7,$2.52,0,0.00%,$0.00,$2.52,83,92.22%,$29.88,$32.40,,,,
Hayfield Elementary,5/14/2025,20002,Fat Free Chocolate Milk(Each),180,0,180,436,165,0,165,$57.75,0,0.00%,$0.00,$57.75,271,62.16%,$94.85,$152.60,,,,
Hayfield Elementary,5/14/2025,20015,Golden Delicious Apple(Each),0,0,0,51,12,0,12,$3.72,0,0.00%,$0.00,$3.72,39,76.47%,$12.09,$15.81,,,,
Hayfield Elementary,5/14/2025,20027,Broccoli Florets(1/4 cup),45,0,45,5,5,0,5,$0.40,0,0.00%,$0.00,$0.40,0,0.00%,$0.00,$0.40,,,,
Hayfield Elementary,5/14/2025,20028,Lettuce Blend Salad Mix(1/2 cup),40,0,40,50,50,0,50,$4.00,0,0.00%,$0.00,$4.00,0,0.00%,$0.00,$4.00,,,,
Hayfield Elementary,5/14/2025,20031,Banana(Each),120,0,120,120,120,0,120,$25.20,0,0.00%,$0.00,$25.20,0,0.00%,$0.00,$25.20,,,,
Hayfield Elementary,5/14/2025,20036,Celery Sticks(1/2 cup),0,0,0,48,24,0,24,$13.20,0,0.00%,$0.00,$13.20,24,50.00%,$13.20,$26.40,,,,
Hayfield Elementary,5/14/2025,20038,Fat Free White Milk(Each),5,0,5,12,2,0,2,$0.66,0,0.00%,$0.00,$0.66,10,83.33%,$3.30,$3.96,,,,
Hayfield Elementary,5/14/2025,20047,Orange Slices(6 Slices per 1/2 cup),0,0,0,89,89,0,89,$35.60,0,0.00%,$0.00,$35.60,0,0.00%,$0.00,$35.60,,,,
Hayfield Elementary,5/14/2025,20077,"Peppers, red, pre-sliced(1/2 cup sliced)",0,0,0,53,36,0,36,$20.16,0,0.00%,$0.00,$20.16,17,32.08%,$9.52,$29.68,,,,
Hayfield Elementary,5/14/2025,30008,Apple Juice(Each),10,0,10,10,10,0,10,$1.70,0,0.00%,$0.00,$1.70,0,0.00%,$0.00,$1.70,,,,
Hayfield Elementary,5/14/2025,30009,Orange Tangerine Juice(Each),10,0,10,10,7,0,7,$1.19,0,0.00%,$0.00,$1.19,3,30.00%,$0.51,$1.70,,,,
Hayfield Elementary,5/14/2025,30014,Whole Wheat Dinner Roll(Each),120,0,120,168,130,3,133,$18.62,0,0.00%,$0.00,$18.62,35,20.83%,$4.90,$23.52,,,,
Hayfield Elementary,5/14/2025,30024,Black Beans(1/2 Cup),0,0,0,15,11,0,11,$1.87,0,0.00%,$0.00,$1.87,4,26.67%,$0.68,$2.55,,,,
Hayfield Elementary,5/14/2025,30031,Strawberry Chex Mix(Package),25,0,25,3,3,0,3,$1.35,0,0.00%,$0.00,$1.35,0,0.00%,$0.00,$1.35,,,,
Hayfield Elementary,5/14/2025,30063,Ketchup Packet(Packet),400,0,400,400,277,0,277,$8.31,0,0.00%,$0.00,$8.31,123,30.75%,$3.69,$12.00,,,,
Hayfield Elementary,5/14/2025,30077,Italian Dressing(1 ounce),10,0,10,20,10,0,10,$0.80,0,0.00%,$0.00,$0.80,10,50.00%,$0.80,$1.60,,,,
Hayfield Elementary,5/14/2025,30078,"Sauce, BBQ, HFCS-Free, Bulk, Low-Sodium(2 TBSP)",0,0,0,24,16,0,16,$1.60,0,0.00%,$0.00,$1.60,8,33.33%,$0.80,$2.40,,,,
Hayfield Elementary,5/14/2025,30097,Bottled Water(Bottle),12,0,12,12,6,0,6,$0.96,0,0.00%,$0.00,$0.96,6,50.00%,$0.96,$1.92,,,,
Hayfield Elementary,5/14/2025,30107,Ranch Dressing(1 ounce),24,0,24,24,20,0,20,$2.20,0,0.00%,$0.00,$2.20,4,16.67%,$0.44,$2.64,,,,
Hayfield Elementary,5/14/2025,30109,Smartfood RF White Cheddar Popcorn(Each),72,0,72,72,64,0,64,$23.68,0,0.00%,$0.00,$23.68,8,11.11%,$2.96,$26.64,,,,
Hayfield Elementary,5/14/2025,30158,Black Beans(1/2 Cup),0,0,0,2,0,0,0,$0.00,0,0.00%,$0.00,$0.00,2,100.00%,$0.00,$0.00,,,,
Hayfield Elementary,5/14/2025,60035,PB&J Power Pack(Power Packs),55,0,55,36,24,0,24,$25.92,0,0.00%,$0.00,$25.92,12,33.33%,$12.96,$38.88,,,,
Hayfield Elementary,5/14/2025,60036,Cherry Vanilla Yogurt Power Pack(Power Packs),0,0,0,24,17,0,17,$13.60,0,0.00%,$0.00,$13.60,7,29.17%,$5.60,$19.20,,,,
Hayfield Elementary,5/14/2025,60050,Chickenless Bites(2 Bites),120,0,120,168,130,3,133,$50.54,1,0.60%,$0.38,$50.92,34,20.24%,$12.92,$63.84,,,,
Hayfield Elementary,5/14/2025,60148,Turkey Barbacoa Arepa(1 Arepa + #10 scoop of turkey barbacoa),0,0,0,11,11,0,11,$15.84,0,0.00%,$0.00,$15.84,0,0.00%,$0.00,$15.84,,,,
Herndon Elementary,5/14/2025,10044,Soft Pretzel(1 pretzel),2,0,2,0,0,0,0,$0.00,0,0.00%,$0.00,$0.00,0,0.00%,$0.00,$0.00,,,,
Herndon Elementary,5/14/2025,10070,Orange Sauce(ounce),0,0,0,60,48,0,48,$6.72,12,20.00%,$1.68,$8.40,0,0.00%,$0.00,$8.40,,,,
Herndon Elementary,5/14/2025,20001,1% White Milk(Each),76,0,76,82,70,0,70,$25.20,0,0.00%,$0.00,$25.20,12,14.63%,$4.32,$29.52,,,,
Herndon Elementary,5/14/2025,20002,Fat Free Chocolate Milk(Each),366,0,366,375,367,0,367,$128.45,0,0.00%,$0.00,$128.45,8,2.13%,$2.80,$131.25,,,,
Herndon Elementary,5/14/2025,20008,Apple Slices(6 Slices per 1/2 cup),0,0,0,320,305,0,305,$359.90,0,0.00%,$0.00,$359.90,15,4.69%,$17.70,$377.60,,,,
Herndon Elementary,5/14/2025,20014,Red Delicious Apple(Each - serving),34,0,34,31,31,0,31,$10.23,0,0.00%,$0.00,$10.23,0,0.00%,$0.00,$10.23,,,,
Herndon Elementary,5/14/2025,20017,Orange(6 Slices per 1/2 cup),0,0,0,85,83,0,83,$28.22,2,2.35%,$0.68,$28.90,0,0.00%,$0.00,$28.90,,,,
Herndon Elementary,5/14/2025,20018,Red Seedless Grapes(16 grapes per 1/2 cup),222,0,222,138,134,0,134,$68.34,4,2.90%,$2.04,$70.38,0,0.00%,$0.00,$70.38,,,,
Herndon Elementary,5/14/2025,20027,Broccoli Florets(1/4 cup),112,0,112,84,77,0,77,$6.16,0,0.00%,$0.00,$6.16,7,8.33%,$0.56,$6.72,,,,
Herndon Elementary,5/14/2025,20028,Lettuce Blend Salad Mix(1/2 cup),219,0,219,160,153,0,153,$12.24,7,4.38%,$0.56,$12.80,0,0.00%,$0.00,$12.80,,,,
Herndon Elementary,5/14/2025,20031,Banana(Each),0,0,0,60,58,0,58,$12.18,2,3.33%,$0.42,$12.60,0,0.00%,$0.00,$12.60,,,,
Herndon Elementary,5/14/2025,20038,Fat Free White Milk(Each),17,0,17,25,21,0,21,$6.93,0,0.00%,$0.00,$6.93,4,16.00%,$1.32,$8.25,,,,
Herndon Elementary,5/14/2025,20040,Cucumber Slices(6 Slices per 1/2 cup),35,0,35,33,33,0,33,$3.96,0,0.00%,$0.00,$3.96,0,0.00%,$0.00,$3.96,,,,
Herndon Elementary,5/14/2025,30014,Whole Wheat Dinner Roll(Each),82,0,82,213,211,0,211,$29.54,2,0.94%,$0.28,$29.82,0,0.00%,$0.00,$29.82,,,,
Herndon Elementary,5/14/2025,30020,Applesauce(1/2 Cup),36,0,36,33,33,0,33,$6.93,0,0.00%,$0.00,$6.93,0,0.00%,$0.00,$6.93,,,,
Herndon Elementary,5/14/2025,30033,Cheez-Its Crackers(Package),27,0,27,156,145,0,145,$26.10,0,0.00%,$0.00,$26.10,11,7.05%,$1.98,$28.08,,,,
Herndon Elementary,5/14/2025,30099,Chickpeas(1/4 cup),34,0,34,30,27,0,27,$2.43,3,10.00%,$0.27,$2.70,0,0.00%,$0.00,$2.70,,,,
Herndon Elementary,5/14/2025,30103,"Milk, Lactose Free,  Fat Free, Shelf-Stable(Each)",0,0,0,1,1,0,1,$0.48,0,0.00%,$0.00,$0.48,0,0.00%,$0.00,$0.48,,,,
Herndon Elementary,5/14/2025,30107,Ranch Dressing(1 ounce),115,0,115,120,112,0,112,$12.32,8,6.67%,$0.88,$13.20,0,0.00%,$0.00,$13.20,,,,
Herndon Elementary,5/14/2025,60035,PB&J Power Pack(Power Packs),64,0,64,72,59,0,59,$63.72,0,0.00%,$0.00,$63.72,13,18.06%,$14.04,$77.76,,,,
Herndon Elementary,5/14/2025,60036,Cherry Vanilla Yogurt Power Pack(Power Packs),28,0,28,24,22,0,22,$17.60,0,0.00%,$0.00,$17.60,2,8.33%,$1.60,$19.20,,,,
Herndon Elementary,5/14/2025,60037,Strawberry & Banana Yogurt Power Pack(Power Packs),28,0,28,24,23,0,23,$18.40,0,0.00%,$0.00,$18.40,1,4.17%,$0.80,$19.20,,,,
Herndon Elementary,5/14/2025,60038,Peach Yogurt Power Pack(Power Packs),27,0,27,12,9,0,9,$7.20,0,0.00%,$0.00,$7.20,3,25.00%,$2.40,$9.60,,,,
Herndon Elementary,5/14/2025,60047,Chicken Tenders(3 tenders),32,0,32,67,67,0,67,$62.98,0,0.00%,$0.00,$62.98,0,0.00%,$0.00,$62.98,,,,
Herndon Elementary,5/14/2025,60050,Chickenless Bites(4 Bites),132,0,132,386,368,0,368,$279.68,0,0.00%,$0.00,$279.68,18,4.66%,$13.68,$293.36,,,,
Herndon Elementary,5/14/2025,60063,Chicken & Vegetable Dumplings(6 dumplings),0,0,0,30,27,0,27,$0.00,3,10.00%,$0.00,$0.00,0,0.00%,$0.00,$0.00,,,,
Herndon Elementary,5/14/2025,60064,Vegetable Dumpling(6 dumplings),0,0,0,24,20,0,20,$0.00,4,16.67%,$0.00,$0.00,0,0.00%,$0.00,$0.00,,,,
Herndon Elementary,5/14/2025,60077,Manager's Vegetable Choice(1/2 cup),189,0,189,195,179,0,179,$0.00,0,0.00%,$0.00,$0.00,16,8.21%,$0.00,$0.00,,,,
Herndon Elementary,5/14/2025,60101,Chickpeas - salad bar entree(1/2 cup),24,0,24,30,27,0,27,$4.86,3,10.00%,$0.54,$5.40,0,0.00%,$0.00,$5.40,,,,
Herndon Middle,5/14/2025,10033,Chocolate Chip Cookie(Cookie),0,0,0,91,91,0,91,$24.57,0,0.00%,$0.00,$24.57,0,0.00%,$0.00,$24.57,,,,
Herndon Middle,5/14/2025,10044,Soft Pretzel(1 pretzel),8,0,8,2,2,0,2,$0.44,0,0.00%,$0.00,$0.44,0,0.00%,$0.00,$0.44,,,,
Herndon Middle,5/14/2025,10070,Orange Sauce(ounce),0,0,0,16,16,0,16,$2.24,0,0.00%,$0.00,$2.24,0,0.00%,$0.00,$2.24,,,,
Herndon Middle,5/14/2025,20001,1% White Milk(Each),46,0,46,75,53,0,53,$19.08,0,0.00%,$0.00,$19.08,22,29.33%,$7.92,$27.00,,,,
Herndon Middle,5/14/2025,20002,Fat Free Chocolate Milk(Each),379,0,379,350,336,0,336,$117.60,0,0.00%,$0.00,$117.60,14,4.00%,$4.90,$122.50,,,,
Herndon Middle,5/14/2025,20014,Red Delicious Apple(Each - serving),0,0,0,250,235,0,235,$77.55,0,0.00%,$0.00,$77.55,15,6.00%,$4.95,$82.50,,,,
Herndon Middle,5/14/2025,20016,String Cheese(Each),0,0,0,0,0,0,0,$0.00,0,0.00%,$0.00,$0.00,0,0.00%,$0.00,$0.00,,,,
Herndon Middle,5/14/2025,20018,Red Seedless Grapes(16 grapes per 1/2 cup),0,0,0,350,345,0,345,$175.95,5,1.43%,$2.55,$178.50,0,0.00%,$0.00,$178.50,,,,
Herndon Middle,5/14/2025,20027,Broccoli Florets(1/4 cup),46,0,46,40,40,0,40,$3.20,0,0.00%,$0.00,$3.20,0,0.00%,$0.00,$3.20,,,,
Herndon Middle,5/14/2025,20028,Lettuce Blend Salad Mix(1/2 cup),284,0,284,320,314,0,314,$25.12,6,1.88%,$0.48,$25.60,0,0.00%,$0.00,$25.60,,,,
Herndon Middle,5/14/2025,20031,Banana(Each),332,0,332,50,50,0,50,$10.50,0,0.00%,$0.00,$10.50,0,0.00%,$0.00,$10.50,,,,
Herndon Middle,5/14/2025,20036,Celery Sticks(1/2 cup),0,0,0,96,92,0,92,$50.60,4,4.17%,$2.20,$52.80,0,0.00%,$0.00,$52.80,,,,
Herndon Middle,5/14/2025,20038,Fat Free White Milk(Each),24,0,24,50,21,0,21,$6.93,0,0.00%,$0.00,$6.93,29,58.00%,$9.57,$16.50,,,,
Herndon Middle,5/14/2025,20052,Assorted  4 oz Yogurt(Container),0,0,0,0,0,0,0,$0.00,0,0.00%,$0.00,$0.00,0,0.00%,$0.00,$0.00,,,,
Herndon Middle,5/14/2025,20076,"Peppers, green, pre-sliced(1/2 cup sliced)",0,0,0,48,46,0,46,$13.80,2,4.17%,$0.60,$14.40,0,0.00%,$0.00,$14.40,,,,
Herndon Middle,5/14/2025,30008,Apple Juice(Each),0,0,0,0,0,0,0,$0.00,0,0.00%,$0.00,$0.00,0,0.00%,$0.00,$0.00,,,,
Herndon Middle,5/14/2025,30009,Orange Tangerine Juice(Each),0,0,0,0,0,0,0,$0.00,0,0.00%,$0.00,$0.00,0,0.00%,$0.00,$0.00,,,,
Herndon Middle,5/14/2025,30014,Whole Wheat Dinner Roll(2 rolls),0,0,0,240,236,4,240,$67.20,0,0.00%,$0.00,$67.20,0,0.00%,$0.00,$67.20,,,,
Herndon Middle,5/14/2025,30033,Cheez-Its Crackers(Package),0,0,0,5,5,0,5,$0.90,0,0.00%,$0.00,$0.90,0,0.00%,$0.00,$0.90,,,,
Herndon Middle,5/14/2025,30063,Ketchup Packet(Packet),611,0,611,0,0,0,0,$0.00,0,0.00%,$0.00,$0.00,0,0.00%,$0.00,$0.00,,,,
Herndon Middle,5/14/2025,30064,Mayonnaise Packet(Packet),314,0,314,0,0,0,0,$0.00,0,0.00%,$0.00,$0.00,0,0.00%,$0.00,$0.00,,,,
Herndon Middle,5/14/2025,30065,Mustard Packet(Packet),324,0,324,0,0,0,0,$0.00,0,0.00%,$0.00,$0.00,0,0.00%,$0.00,$0.00,,,,
Herndon Middle,5/14/2025,30097,Bottled Water(Bottle),0,0,0,11,11,0,11,$1.76,0,0.00%,$0.00,$1.76,0,0.00%,$0.00,$1.76,,,,
Herndon Middle,5/14/2025,30099,Chickpeas(1/4 cup),5,0,5,5,2,0,2,$0.18,3,60.00%,$0.27,$0.45,0,0.00%,$0.00,$0.45,,,,
Herndon Middle,5/14/2025,30107,Ranch Dressing(1 ounce),194,0,194,0,0,0,0,$0.00,0,0.00%,$0.00,$0.00,0,0.00%,$0.00,$0.00,,,,
Herndon Middle,5/14/2025,30109,Smartfood RF White Cheddar Popcorn(Each),0,0,0,0,0,0,0,$0.00,0,0.00%,$0.00,$0.00,0,0.00%,$0.00,$0.00,,,,
Herndon Middle,5/14/2025,30110,Doritos Flamas(Each),0,0,0,0,0,0,0,$0.00,0,0.00%,$0.00,$0.00,0,0.00%,$0.00,$0.00,,,,
Herndon Middle,5/14/2025,30111,Doritos RF Spicy Sweet Chili(Each),0,0,0,0,0,0,0,$0.00,0,0.00%,$0.00,$0.00,0,0.00%,$0.00,$0.00,,,,
Herndon Middle,5/14/2025,30112,Doritos RF Nacho Cheese(Each),0,0,0,0,0,0,0,$0.00,0,0.00%,$0.00,$0.00,0,0.00%,$0.00,$0.00,,,,
Herndon Middle,5/14/2025,30113,Cool Ranch Reduced Fat Doritos(Each),0,0,0,0,0,0,0,$0.00,0,0.00%,$0.00,$0.00,0,0.00%,$0.00,$0.00,,,,
Herndon Middle,5/14/2025,30114,SS Baked Cheetos Flaming Hot(Each),0,0,0,0,0,0,0,$0.00,0,0.00%,$0.00,$0.00,0,0.00%,$0.00,$0.00,,,,
Herndon Middle,5/14/2025,30115,SS Baked Cheetos Flaming Limon(Each),0,0,0,0,0,0,0,$0.00,0,0.00%,$0.00,$0.00,0,0.00%,$0.00,$0.00,,,,
Herndon Middle,5/14/2025,30116,SS Cheetos Fantastix Flaming Hot(Each),0,0,0,0,0,0,0,$0.00,0,0.00%,$0.00,$0.00,0,0.00%,$0.00,$0.00,,,,
Herndon Middle,5/14/2025,30117,WG Baked Funyuns(Each),0,0,0,0,0,0,0,$0.00,0,0.00%,$0.00,$0.00,0,0.00%,$0.00,$0.00,,,,
Herndon Middle,5/14/2025,30118,Kettle Cooked Smoky BBQ Chips(Each),0,0,0,0,0,0,0,$0.00,0,0.00%,$0.00,$0.00,0,0.00%,$0.00,$0.00,,,,
Herndon Middle,5/14/2025,30119,RF Kettle Chips Jalapeno & Cheddar Chips(Each),0,0,0,0,0,0,0,$0.00,0,0.00%,$0.00,$0.00,0,0.00%,$0.00,$0.00,,,,
Herndon Middle,5/14/2025,30120,RF Kettle Chips Sea Salt & Vinegar Chips(Each),0,0,0,0,0,0,0,$0.00,0,0.00%,$0.00,$0.00,0,0.00%,$0.00,$0.00,,,,
Herndon Middle,5/14/2025,30124,"Fruit Snacks, Welch's Mixed(Each)",0,0,0,0,0,0,0,$0.00,0,0.00%,$0.00,$0.00,0,0.00%,$0.00,$0.00,,,,
Herndon Middle,5/14/2025,30160,Lay's RF Kettle Original Chips(Each),0,0,0,0,0,0,0,$0.00,0,0.00%,$0.00,$0.00,0,0.00%,$0.00,$0.00,,,,
Herndon Middle,5/14/2025,60035,PB&J Power Pack(Power Packs),9,0,9,30,29,0,29,$31.32,0,0.00%,$0.00,$31.32,1,3.33%,$1.08,$32.40,,,,
Herndon Middle,5/14/2025,60038,Peach Yogurt Power Pack(Power Packs),6,0,6,2,2,0,2,$1.60,0,0.00%,$0.00,$1.60,0,0.00%,$0.00,$1.60,,,,
Herndon Middle,5/14/2025,60040,Grilled Cheese Sandwich(Sandwich),72,0,72,30,28,0,28,$11.76,2,6.67%,$0.84,$12.60,0,0.00%,$0.00,$12.60,,,,
Herndon Middle,5/14/2025,60047,Chicken Tenders(3 tenders),0,0,0,38,37,1,38,$35.72,0,0.00%,$0.00,$35.72,0,0.00%,$0.00,$35.72,,,,
Herndon Middle,5/14/2025,60050,Chickenless Bites(4 Bites),400,0,400,240,235,5,240,$182.40,0,0.00%,$0.00,$182.40,0,0.00%,$0.00,$182.40,,,,
Herndon Middle,5/14/2025,60063,Chicken & Vegetable Dumplings(6 dumplings),35,0,35,16,16,0,16,$0.00,0,0.00%,$0.00,$0.00,0,0.00%,$0.00,$0.00,,,,
Herndon Middle,5/14/2025,60078,Nachos with Turkey Barbacoa and Cheese Sauce(Serving),0,0,0,65,61,1,62,$82.46,3,4.62%,$3.99,$86.45,0,0.00%,$0.00,$86.45,,,,
Herndon Middle,5/14/2025,60101,Chickpeas - salad bar entree(1/2 cup),4,0,4,1,1,0,1,$0.18,0,0.00%,$0.00,$0.18,0,0.00%,$0.00,$0.18,,,,
Herndon Middle,5/14/2025,60124,Nachos with Cheese Sauce(Serving),0,0,0,180,176,4,180,$138.60,0,0.00%,$0.00,$138.60,0,0.00%,$0.00,$138.60,,,,
Hollin Meadows Elementary,5/14/2025,10044,Soft Pretzel(1 pretzel),134,0,134,150,137,0,137,$30.14,0,0.00%,$0.00,$30.14,13,8.67%,$2.86,$33.00,,,,
Hollin Meadows Elementary,5/14/2025,10070,Orange Sauce(ounce),0,0,0,96,90,0,90,$12.60,0,0.00%,$0.00,$12.60,6,6.25%,$0.84,$13.44,,,,
Hollin Meadows Elementary,5/14/2025,10073,Whole Strawberries(1/2 cup thawed),0,0,0,172,167,0,167,$56.78,0,0.00%,$0.00,$56.78,5,2.91%,$1.70,$58.48,,,,
Hollin Meadows Elementary,5/14/2025,20001,1% White Milk(Each),76,0,76,85,75,0,75,$27.00,0,0.00%,$0.00,$27.00,10,11.76%,$3.60,$30.60,,,,
Hollin Meadows Elementary,5/14/2025,20002,Fat Free Chocolate Milk(Each),297,0,297,325,308,0,308,$107.80,0,0.00%,$0.00,$107.80,17,5.23%,$5.95,$113.75,,,,
Hollin Meadows Elementary,5/14/2025,20014,Red Delicious Apple(Each - serving),18,0,18,18,18,0,18,$5.94,0,0.00%,$0.00,$5.94,0,0.00%,$0.00,$5.94,,,,
Hollin Meadows Elementary,5/14/2025,20018,Red Seedless Grapes(8 grapes per 1/4 cup),455,0,455,460,452,0,452,$117.52,0,0.00%,$0.00,$117.52,8,1.74%,$2.08,$119.60,,,,
Hollin Meadows Elementary,5/14/2025,20027,Broccoli Florets(1/4 cup),142,0,142,144,142,0,142,$11.36,0,0.00%,$0.00,$11.36,2,1.39%,$0.16,$11.52,,,,
Hollin Meadows Elementary,5/14/2025,20028,Lettuce Blend Salad Mix(1/2 cup),115,0,115,120,110,0,110,$8.80,0,0.00%,$0.00,$8.80,10,8.33%,$0.80,$9.60,,,,
Hollin Meadows Elementary,5/14/2025,20038,Fat Free White Milk(Each),21,0,21,50,19,0,19,$6.27,0,0.00%,$0.00,$6.27,31,62.00%,$10.23,$16.50,,,,
Hollin Meadows Elementary,5/14/2025,20040,Cucumber Slices(6 Slices per 1/2 cup),20,0,20,20,20,0,20,$2.40,0,0.00%,$0.00,$2.40,0,0.00%,$0.00,$2.40,,,,
Hollin Meadows Elementary,5/14/2025,30014,Whole Wheat Dinner Roll(Each),166,0,166,160,147,0,147,$20.58,0,0.00%,$0.00,$20.58,13,8.13%,$1.82,$22.40,,,,
Hollin Meadows Elementary,5/14/2025,30020,Applesauce(1/2 Cup),20,0,20,20,20,0,20,$4.20,0,0.00%,$0.00,$4.20,0,0.00%,$0.00,$4.20,,,,
Hollin Meadows Elementary,5/14/2025,30020,Applesauce(1/4 cup),150,0,150,144,132,0,132,$14.52,0,0.00%,$0.00,$14.52,12,8.33%,$1.32,$15.84,,,,
Hollin Meadows Elementary,5/14/2025,30033,Cheez-Its Crackers(Package),18,0,18,18,18,0,18,$3.24,0,0.00%,$0.00,$3.24,0,0.00%,$0.00,$3.24,,,,
Hollin Meadows Elementary,5/14/2025,30045,Watermelon Flavored Dried Cranberries(Each),186,0,186,200,197,0,197,$47.28,0,0.00%,$0.00,$47.28,3,1.50%,$0.72,$48.00,,,,
Hollin Meadows Elementary,5/14/2025,30077,Italian Dressing(1 ounce),8,0,8,24,6,0,6,$0.48,0,0.00%,$0.00,$0.48,18,75.00%,$1.44,$1.92,,,,
Hollin Meadows Elementary,5/14/2025,30099,Chickpeas(1/4 cup),39,0,39,48,41,0,41,$3.69,0,0.00%,$0.00,$3.69,7,14.58%,$0.63,$4.32,,,,
Hollin Meadows Elementary,5/14/2025,30107,Ranch Dressing(1 ounce),56,0,56,72,68,0,68,$7.48,0,0.00%,$0.00,$7.48,4,5.56%,$0.44,$7.92,,,,
Hollin Meadows Elementary,5/14/2025,60035,PB&J Power Pack(Power Packs),106,0,106,120,112,0,112,$120.96,0,0.00%,$0.00,$120.96,8,6.67%,$8.64,$129.60,,,,
Hollin Meadows Elementary,5/14/2025,60037,Strawberry & Banana Yogurt Power Pack(Power Packs),37,0,37,60,53,0,53,$42.40,0,0.00%,$0.00,$42.40,7,11.67%,$5.60,$48.00,,,,
Hollin Meadows Elementary,5/14/2025,60047,Chicken Tenders(3 tenders),18,0,18,18,18,0,18,$16.92,0,0.00%,$0.00,$16.92,0,0.00%,$0.00,$16.92,,,,
Hollin Meadows Elementary,5/14/2025,60050,Chickenless Bites(4 Bites),114,0,114,142,129,0,129,$98.04,0,0.00%,$0.00,$98.04,13,9.15%,$9.88,$107.92,,,,
Hollin Meadows Elementary,5/14/2025,60063,Chicken & Vegetable Dumplings(6 dumplings),0,0,0,96,90,0,90,$0.00,0,0.00%,$0.00,$0.00,6,6.25%,$0.00,$0.00,,,,
Hollin Meadows Elementary,5/14/2025,60077,Manager's Vegetable Choice(1/4 cup),135,0,135,72,72,0,72,$0.00,0,0.00%,$0.00,$0.00,0,0.00%,$0.00,$0.00,,,,
Holmes Middle,5/14/2025,10044,Soft Pretzel(1 pretzel),10,0,10,13,13,0,13,$2.86,0,0.00%,$0.00,$2.86,0,0.00%,$0.00,$2.86,,,,
Holmes Middle,5/14/2025,10070,Orange Sauce(ounce),150,0,150,60,60,0,60,$8.40,0,0.00%,$0.00,$8.40,0,0.00%,$0.00,$8.40,,,,
Holmes Middle,5/14/2025,20001,1% White Milk(Each),41,0,41,89,27,0,27,$9.72,0,0.00%,$0.00,$9.72,62,69.66%,$22.32,$32.04,,,,
Holmes Middle,5/14/2025,20002,Fat Free Chocolate Milk(Each),337,0,337,450,330,0,330,$115.50,0,0.00%,$0.00,$115.50,120,26.67%,$42.00,$157.50,,,,
Holmes Middle,5/14/2025,20008,Apple Slices(3 slices per 1/4 cup),851,0,851,232,232,0,232,$136.88,0,0.00%,$0.00,$136.88,0,0.00%,$0.00,$136.88,,,,
Holmes Middle,5/14/2025,20012,Grape Tomatoes(1/4 cup),0,0,0,72,60,0,60,$15.60,0,0.00%,$0.00,$15.60,12,16.67%,$3.12,$18.72,,,,
Holmes Middle,5/14/2025,20014,Red Delicious Apple(Each - serving),0,0,0,125,121,0,121,$39.93,0,0.00%,$0.00,$39.93,4,3.20%,$1.32,$41.25,,,,
Holmes Middle,5/14/2025,20027,Broccoli Florets(1/4 cup),70,0,70,168,126,0,126,$10.08,0,0.00%,$0.00,$10.08,42,25.00%,$3.36,$13.44,,,,
Holmes Middle,5/14/2025,20028,Lettuce Blend Salad Mix(1/2 cup),267,0,267,320,320,0,320,$25.60,0,0.00%,$0.00,$25.60,0,0.00%,$0.00,$25.60,,,,
Holmes Middle,5/14/2025,20031,Banana(Each),141,0,141,149,149,0,149,$31.29,0,0.00%,$0.00,$31.29,0,0.00%,$0.00,$31.29,,,,
Holmes Middle,5/14/2025,20038,Fat Free White Milk(Each),30,0,30,65,17,0,17,$5.61,0,0.00%,$0.00,$5.61,48,73.85%,$15.84,$21.45,,,,
Holmes Middle,5/14/2025,20040,Cucumber Slices(1/4 cup),0,0,0,138,138,0,138,$8.28,0,0.00%,$0.00,$8.28,0,0.00%,$0.00,$8.28,,,,
Holmes Middle,5/14/2025,20047,Orange Slices(3 slices per 1/4 cup),0,0,0,136,136,0,136,$27.20,0,0.00%,$0.00,$27.20,0,0.00%,$0.00,$27.20,,,,
Holmes Middle,5/14/2025,20077,"Peppers, red, pre-sliced(1/2 cup sliced)",0,0,0,140,122,0,122,$68.32,0,0.00%,$0.00,$68.32,18,12.86%,$10.08,$78.40,,,,
Holmes Middle,5/14/2025,30014,Whole Wheat Dinner Roll(Each),0,0,0,468,433,0,433,$60.62,0,0.00%,$0.00,$60.62,35,7.48%,$4.90,$65.52,,,,
Holmes Middle,5/14/2025,30024,Black Beans(1/2 Cup),0,0,0,99,66,0,66,$11.22,0,0.00%,$0.00,$11.22,33,33.33%,$5.61,$16.83,,,,
Holmes Middle,5/14/2025,30043,Raspberry Lemonade Flavored Dried Cranberries(Each),208,0,208,200,110,0,110,$26.40,0,0.00%,$0.00,$26.40,90,45.00%,$21.60,$48.00,,,,
Holmes Middle,5/14/2025,30044,Strawberry Flavored Dried Cranberries(Each),233,0,233,100,64,0,64,$15.36,0,0.00%,$0.00,$15.36,36,36.00%,$8.64,$24.00,,,,
Holmes Middle,5/14/2025,30045,Watermelon Flavored Dried Cranberries(Each),94,0,94,100,86,0,86,$20.64,0,0.00%,$0.00,$20.64,14,14.00%,$3.36,$24.00,,,,
Holmes Middle,5/14/2025,30063,Ketchup Packet(Packet),320,0,320,2000,2000,0,2000,$60.00,0,0.00%,$0.00,$60.00,0,0.00%,$0.00,$60.00,,,,
Holmes Middle,5/14/2025,30064,Mayonnaise Packet(Packet),80,0,80,400,380,0,380,$38.00,0,0.00%,$0.00,$38.00,20,5.00%,$2.00,$40.00,,,,
Holmes Middle,5/14/2025,30065,Mustard Packet(Packet),59,0,59,100,12,0,12,$0.60,0,0.00%,$0.00,$0.60,88,88.00%,$4.40,$5.00,,,,
Holmes Middle,5/14/2025,30077,Italian Dressing(1 ounce),40,0,40,72,60,0,60,$4.80,0,0.00%,$0.00,$4.80,12,16.67%,$0.96,$5.76,,,,
Holmes Middle,5/14/2025,30097,Bottled Water(Bottle),7,0,7,3,3,0,3,$0.48,0,0.00%,$0.00,$0.48,0,0.00%,$0.00,$0.48,,,,
Holmes Middle,5/14/2025,30107,Ranch Dressing(1 ounce),216,0,216,216,216,0,216,$23.76,0,0.00%,$0.00,$23.76,0,0.00%,$0.00,$23.76,,,,
Holmes Middle,5/14/2025,60035,PB&J Power Pack(Power Packs),75,0,75,72,72,0,72,$77.76,0,0.00%,$0.00,$77.76,0,0.00%,$0.00,$77.76,,,,
Holmes Middle,5/14/2025,60037,Strawberry & Banana Yogurt Power Pack(Power Packs),14,0,14,12,11,0,11,$8.80,0,0.00%,$0.00,$8.80,1,8.33%,$0.80,$9.60,,,,
Holmes Middle,5/14/2025,60040,Grilled Cheese Sandwich(Sandwich),140,0,140,84,59,0,59,$24.78,0,0.00%,$0.00,$24.78,25,29.76%,$10.50,$35.28,,,,
Holmes Middle,5/14/2025,60050,Chickenless Bites(4 Bites),155,0,155,468,433,0,433,$329.08,0,0.00%,$0.00,$329.08,35,7.48%,$26.60,$355.68,,,,
Holmes Middle,5/14/2025,60064,Vegetable Dumpling(6 dumplings),0,0,0,55,11,0,11,$0.00,22,40.00%,$0.00,$0.00,22,40.00%,$0.00,$0.00,,,,
Holmes Middle,5/14/2025,60075,Spicy Chicken Wrap(Wrap),15,0,15,13,13,0,13,$15.21,0,0.00%,$0.00,$15.21,0,0.00%,$0.00,$15.21,,,,
Holmes Middle,5/14/2025,60078,Nachos with Turkey Barbacoa and Cheese Sauce(Serving),0,0,0,108,78,0,78,$103.74,0,0.00%,$0.00,$103.74,30,27.78%,$39.90,$143.64,,,,
Hughes Middle,5/14/2025,10027,"Bread, Loco(flatbread)",105,0,105,200,180,0,180,$54.00,0,0.00%,$0.00,$54.00,20,10.00%,$6.00,$60.00,,,,
Hughes Middle,5/14/2025,10044,Soft Pretzel(1 pretzel),20,0,20,30,30,0,30,$6.60,0,0.00%,$0.00,$6.60,0,0.00%,$0.00,$6.60,,,,
Hughes Middle,5/14/2025,10053,Turkey Barbacoa(#10 scoop),0,0,0,115,113,0,113,$88.14,0,0.00%,$0.00,$88.14,2,1.74%,$1.56,$89.70,,,,
Hughes Middle,5/14/2025,10070,Orange Sauce(ounce),0,0,0,26,21,0,21,$2.94,0,0.00%,$0.00,$2.94,5,19.23%,$0.70,$3.64,,,,
Hughes Middle,5/14/2025,20001,1% White Milk(Each),26,0,26,40,21,0,21,$7.56,0,0.00%,$0.00,$7.56,19,47.50%,$6.84,$14.40,,,,
Hughes Middle,5/14/2025,20002,Fat Free Chocolate Milk(Each),344,0,344,400,327,0,327,$114.45,0,0.00%,$0.00,$114.45,73,18.25%,$25.55,$140.00,,,,
Hughes Middle,5/14/2025,20008,Apple Slices(3 slices per 1/4 cup),181,0,181,220,215,0,215,$126.85,0,0.00%,$0.00,$126.85,5,2.27%,$2.95,$129.80,,,,
Hughes Middle,5/14/2025,20018,Red Seedless Grapes(16 grapes per 1/2 cup),0,0,0,200,199,0,199,$101.49,0,0.00%,$0.00,$101.49,1,0.50%,$0.51,$102.00,,,,
Hughes Middle,5/14/2025,20027,Broccoli Florets(1/4 cup),72,0,72,100,70,0,70,$5.60,0,0.00%,$0.00,$5.60,30,30.00%,$2.40,$8.00,,,,
Hughes Middle,5/14/2025,20028,Lettuce Blend Salad Mix(1/2 cup),285,0,285,300,270,0,270,$21.60,0,0.00%,$0.00,$21.60,30,10.00%,$2.40,$24.00,,,,
Hughes Middle,5/14/2025,20038,Fat Free White Milk(Each),20,0,20,30,15,0,15,$4.95,0,0.00%,$0.00,$4.95,15,50.00%,$4.95,$9.90,,,,
Hughes Middle,5/14/2025,30032,Tortilla Chips(13 chips),0,0,0,115,113,0,113,$18.08,0,0.00%,$0.00,$18.08,2,1.74%,$0.32,$18.40,,,,
Hughes Middle,5/14/2025,30045,Watermelon Flavored Dried Cranberries(Each),48,0,48,100,85,0,85,$20.40,0,0.00%,$0.00,$20.40,15,15.00%,$3.60,$24.00,,,,
Hughes Middle,5/14/2025,30063,Ketchup Packet(Packet),367,0,367,300,240,0,240,$7.20,0,0.00%,$0.00,$7.20,60,20.00%,$1.80,$9.00,,,,
Hughes Middle,5/14/2025,30064,Mayonnaise Packet(Packet),47,0,47,100,60,0,60,$6.00,0,0.00%,$0.00,$6.00,40,40.00%,$4.00,$10.00,,,,
Hughes Middle,5/14/2025,30065,Mustard Packet(Packet),57,0,57,100,50,0,50,$2.50,0,0.00%,$0.00,$2.50,50,50.00%,$2.50,$5.00,,,,
Hughes Middle,5/14/2025,30077,Italian Dressing(1 ounce),67,0,67,100,60,0,60,$4.80,0,0.00%,$0.00,$4.80,40,40.00%,$3.20,$8.00,,,,
Hughes Middle,5/14/2025,30099,Chickpeas(1/4 cup),49,0,49,100,75,0,75,$6.75,0,0.00%,$0.00,$6.75,25,25.00%,$2.25,$9.00,,,,
Hughes Middle,5/14/2025,30107,Ranch Dressing(1 ounce),280,0,280,300,280,0,280,$30.80,0,0.00%,$0.00,$30.80,20,6.67%,$2.20,$33.00,,,,
Hughes Middle,5/14/2025,60035,PB&J Power Pack(Power Packs),108,0,108,160,136,0,136,$146.88,0,0.00%,$0.00,$146.88,24,15.00%,$25.92,$172.80,,,,
Hughes Middle,5/14/2025,60036,Cherry Vanilla Yogurt Power Pack(Power Packs),2,0,2,10,5,0,5,$4.00,0,0.00%,$0.00,$4.00,5,50.00%,$4.00,$8.00,,,,
Hughes Middle,5/14/2025,60038,Peach Yogurt Power Pack(Power Packs),6,0,6,10,6,0,6,$4.80,0,0.00%,$0.00,$4.80,4,40.00%,$3.20,$8.00,,,,
Hughes Middle,5/14/2025,60040,Grilled Cheese Sandwich(Sandwich),31,0,31,36,32,0,32,$13.44,0,0.00%,$0.00,$13.44,4,11.11%,$1.68,$15.12,,,,
Hughes Middle,5/14/2025,60050,Chickenless Bites(4 Bites),113,0,113,200,197,0,197,$149.72,0,0.00%,$0.00,$149.72,3,1.50%,$2.28,$152.00,,,,
Hughes Middle,5/14/2025,60063,Chicken & Vegetable Dumplings(6 dumplings),51,0,51,26,23,0,23,$0.00,0,0.00%,$0.00,$0.00,3,11.54%,$0.00,$0.00,,,,
Hughes Middle,5/14/2025,60075,Spicy Chicken Wrap(Wrap),6,0,6,10,10,0,10,$11.70,0,0.00%,$0.00,$11.70,0,0.00%,$0.00,$11.70,,,,
Hughes Middle,5/14/2025,60124,Nachos with Cheese Sauce(Serving),0,0,0,115,113,0,113,$87.01,0,0.00%,$0.00,$87.01,2,1.74%,$1.54,$88.55,,,,
Hunt Valley Elementary,5/14/2025,10011,Sweet Thai Chili Sauce(ounce),0,0,0,20,20,0,20,$2.80,0,0.00%,$0.00,$2.80,0,0.00%,$0.00,$2.80,,,,
Hunt Valley Elementary,5/14/2025,10033,Chocolate Chip Cookie(Cookie),0,0,0,5,5,0,5,$1.35,0,0.00%,$0.00,$1.35,0,0.00%,$0.00,$1.35,,,,
Hunt Valley Elementary,5/14/2025,10044,Soft Pretzel(1 pretzel),30,0,30,50,49,0,49,$10.78,0,0.00%,$0.00,$10.78,1,2.00%,$0.22,$11.00,,,,
Hunt Valley Elementary,5/14/2025,10069,Bean and Cheese Pupusa(Pupusa),0,0,0,1,1,0,1,$1.50,0,0.00%,$0.00,$1.50,0,0.00%,$0.00,$1.50,,,,
Hunt Valley Elementary,5/14/2025,10070,Orange Sauce(ounce),0,0,0,20,19,0,19,$2.66,0,0.00%,$0.00,$2.66,1,5.00%,$0.14,$2.80,,,,
Hunt Valley Elementary,5/14/2025,20001,1% White Milk(Each),22,0,22,30,22,5,27,$9.72,0,0.00%,$0.00,$9.72,3,10.00%,$1.08,$10.80,,,,
Hunt Valley Elementary,5/14/2025,20002,Fat Free Chocolate Milk(Each),206,0,206,160,148,10,158,$55.30,0,0.00%,$0.00,$55.30,2,1.25%,$0.70,$56.00,,,,
Hunt Valley Elementary,5/14/2025,20016,String Cheese(Each),15,0,15,7,7,0,7,$1.54,0,0.00%,$0.00,$1.54,0,0.00%,$0.00,$1.54,,,,
Hunt Valley Elementary,5/14/2025,20018,Red Seedless Grapes(16 grapes per 1/2 cup),0,0,0,100,91,9,100,$51.00,0,0.00%,$0.00,$51.00,0,0.00%,$0.00,$51.00,,,,
Hunt Valley Elementary,5/14/2025,20027,Broccoli Florets(1/4 cup),78,0,78,50,44,5,49,$3.92,0,0.00%,$0.00,$3.92,1,2.00%,$0.08,$4.00,,,,
Hunt Valley Elementary,5/14/2025,20028,Lettuce Blend Salad Mix(1/2 cup),70,0,70,90,75,12,87,$6.96,0,0.00%,$0.00,$6.96,3,3.33%,$0.24,$7.20,,,,
Hunt Valley Elementary,5/14/2025,30008,Apple Juice(Each),10,0,10,50,50,0,50,$8.50,0,0.00%,$0.00,$8.50,0,0.00%,$0.00,$8.50,,,,
Hunt Valley Elementary,5/14/2025,30009,Orange Tangerine Juice(Each),60,0,60,15,15,0,15,$2.55,0,0.00%,$0.00,$2.55,0,0.00%,$0.00,$2.55,,,,
Hunt Valley Elementary,5/14/2025,30014,Whole Wheat Dinner Roll(Each),182,0,182,157,123,33,156,$21.84,0,0.00%,$0.00,$21.84,1,0.64%,$0.14,$21.98,,,,
Hunt Valley Elementary,5/14/2025,30020,Applesauce(1/4 cup),260,0,260,150,144,5,149,$16.39,0,0.00%,$0.00,$16.39,1,0.67%,$0.11,$16.50,,,,
Hunt Valley Elementary,5/14/2025,30033,Cheez-Its Crackers(Package),20,0,20,51,51,0,51,$9.18,0,0.00%,$0.00,$9.18,0,0.00%,$0.00,$9.18,,,,
Hunt Valley Elementary,5/14/2025,30039,Cherry Flavored Dried Cranberries(Each),11,0,11,15,8,5,13,$3.12,0,0.00%,$0.00,$3.12,2,13.33%,$0.48,$3.60,,,,
Hunt Valley Elementary,5/14/2025,30041,Orange Flavored Dried Cranberries(Each),10,0,10,15,9,3,12,$2.88,0,0.00%,$0.00,$2.88,3,20.00%,$0.72,$3.60,,,,
Hunt Valley Elementary,5/14/2025,30044,Strawberry Flavored Dried Cranberries(Each),18,0,18,15,12,2,14,$3.36,0,0.00%,$0.00,$3.36,1,6.67%,$0.24,$3.60,,,,
Hunt Valley Elementary,5/14/2025,30045,Watermelon Flavored Dried Cranberries(Each),18,0,18,15,9,6,15,$3.60,0,0.00%,$0.00,$3.60,0,0.00%,$0.00,$3.60,,,,
Hunt Valley Elementary,5/14/2025,30063,Ketchup Packet(Packet),600,0,600,300,185,100,285,$8.55,0,0.00%,$0.00,$8.55,15,5.00%,$0.45,$9.00,,,,
Hunt Valley Elementary,5/14/2025,30064,Mayonnaise Packet(Packet),51,0,51,50,32,6,38,$3.80,0,0.00%,$0.00,$3.80,12,24.00%,$1.20,$5.00,,,,
Hunt Valley Elementary,5/14/2025,30065,Mustard Packet(Packet),18,0,18,50,29,6,35,$1.75,0,0.00%,$0.00,$1.75,15,30.00%,$0.75,$2.50,,,,
Hunt Valley Elementary,5/14/2025,30068,Chilled Peaches(1/2 cup (drained)),0,0,0,100,96,3,99,$50.49,0,0.00%,$0.00,$50.49,1,1.00%,$0.51,$51.00,,,,
Hunt Valley Elementary,5/14/2025,30077,Italian Dressing(1 ounce),51,0,51,30,24,1,25,$2.00,0,0.00%,$0.00,$2.00,5,16.67%,$0.40,$2.40,,,,
Hunt Valley Elementary,5/14/2025,30097,Bottled Water(Bottle),28,0,28,35,35,0,35,$5.60,0,0.00%,$0.00,$5.60,0,0.00%,$0.00,$5.60,,,,
Hunt Valley Elementary,5/14/2025,30099,Chickpeas(1/4 cup),6,0,6,10,8,1,9,$0.81,0,0.00%,$0.00,$0.81,1,10.00%,$0.09,$0.90,,,,
Hunt Valley Elementary,5/14/2025,30102,1% Unflavored Shelf-Stable Milk(Each),0,0,0,7,4,2,6,$2.28,0,0.00%,$0.00,$2.28,1,14.29%,$0.38,$2.66,,,,
Hunt Valley Elementary,5/14/2025,30107,Ranch Dressing(1 ounce),81,0,81,80,63,12,75,$8.25,0,0.00%,$0.00,$8.25,5,6.25%,$0.55,$8.80,,,,
Hunt Valley Elementary,5/14/2025,30108,Fat Free Unflavored Shelf-Stable Milk(Each),0,0,0,3,1,1,2,$0.76,0,0.00%,$0.00,$0.76,1,33.33%,$0.38,$1.14,,,,
Hunt Valley Elementary,5/14/2025,60018,Cheese Quesadilla(Quesadilla),0,0,0,19,18,1,19,$13.11,0,0.00%,$0.00,$13.11,0,0.00%,$0.00,$13.11,,,,
Hunt Valley Elementary,5/14/2025,60035,PB&J Power Pack(Power Packs),50,0,50,60,50,8,58,$62.64,0,0.00%,$0.00,$62.64,2,3.33%,$2.16,$64.80,,,,
Hunt Valley Elementary,5/14/2025,60036,Cherry Vanilla Yogurt Power Pack(Power Packs),5,0,5,6,4,1,5,$4.00,0,0.00%,$0.00,$4.00,1,16.67%,$0.80,$4.80,,,,
Hunt Valley Elementary,5/14/2025,60037,Strawberry & Banana Yogurt Power Pack(Power Packs),5,0,5,6,4,0,4,$3.20,0,0.00%,$0.00,$3.20,2,33.33%,$1.60,$4.80,,,,
Hunt Valley Elementary,5/14/2025,60038,Peach Yogurt Power Pack(Power Packs),5,0,5,6,5,0,5,$4.00,0,0.00%,$0.00,$4.00,1,16.67%,$0.80,$4.80,,,,
Hunt Valley Elementary,5/14/2025,60043,BBQ Chicken Sandwich(Sandwich),0,0,0,28,17,9,26,$22.36,1,3.57%,$0.86,$23.22,1,3.57%,$0.86,$24.08,,,,
Hunt Valley Elementary,5/14/2025,60050,Chickenless Bites(2 Bites),182,0,182,157,123,33,156,$59.28,0,0.00%,$0.00,$59.28,1,0.64%,$0.38,$59.66,,,,
Hunt Valley Elementary,5/14/2025,60064,Vegetable Dumpling(6 dumplings),0,0,0,41,35,5,40,$0.00,0,0.00%,$0.00,$0.00,1,2.44%,$0.00,$0.00,,,,
Hunt Valley Elementary,5/14/2025,60077,Manager's Vegetable Choice(1/4 cup),80,0,80,100,90,9,99,$0.00,0,0.00%,$0.00,$0.00,1,1.00%,$0.00,$0.00,,,,
Hunt Valley Elementary,5/14/2025,60101,Chickpeas - salad bar entree(1/2 cup),10,0,10,7,6,0,6,$1.08,0,0.00%,$0.00,$1.08,1,14.29%,$0.18,$1.26,,,,
Hunt Valley Elementary,5/14/2025,60148,Turkey Barbacoa Arepa(1 Arepa + #10 scoop of turkey barbacoa),0,0,0,11,10,1,11,$15.84,0,0.00%,$0.00,$15.84,0,0.00%,$0.00,$15.84,,,,
Hunt Valley Elementary,5/14/2025,60150,Strawberry Parfait Power Pack(Power Pack),5,0,5,3,2,0,2,$3.26,0,0.00%,$0.00,$3.26,1,33.33%,$1.63,$4.89,,,,
Hunt Valley Elementary,5/14/2025,60999,Fish Tacos(2 Tacos),0,0,0,9,9,0,9,$9.09,0,0.00%,$0.00,$9.09,0,0.00%,$0.00,$9.09,,,,
Hunters Woods Elementary,5/14/2025,10011,Sweet Thai Chili Sauce(ounce),60,0,60,60,55,0,55,$7.70,5,8.33%,$0.70,$8.40,0,0.00%,$0.00,$8.40,,,,
Hunters Woods Elementary,5/14/2025,10027,"Bread, Loco(1/2 piece)",28,0,28,28,12,2,14,$2.10,0,0.00%,$0.00,$2.10,14,50.00%,$2.10,$4.20,,,,
Hunters Woods Elementary,5/14/2025,10044,Soft Pretzel(1 pretzel),15,0,15,20,19,0,19,$4.18,0,0.00%,$0.00,$4.18,1,5.00%,$0.22,$4.40,,,,
Hunters Woods Elementary,5/14/2025,10062,Corn(1/2 cup (cooked)),96,0,96,96,78,0,78,$16.38,0,0.00%,$0.00,$16.38,18,18.75%,$3.78,$20.16,,,,
Hunters Woods Elementary,5/14/2025,20001,1% White Milk(Each),45,0,45,42,38,0,38,$13.68,0,0.00%,$0.00,$13.68,4,9.52%,$1.44,$15.12,,,,
Hunters Woods Elementary,5/14/2025,20002,Fat Free Chocolate Milk(Each),175,0,175,175,162,0,162,$56.70,0,0.00%,$0.00,$56.70,13,7.43%,$4.55,$61.25,,,,
Hunters Woods Elementary,5/14/2025,20014,Red Delicious Apple(Each - serving),107,0,107,90,72,0,72,$23.76,0,0.00%,$0.00,$23.76,18,20.00%,$5.94,$29.70,,,,
Hunters Woods Elementary,5/14/2025,20016,String Cheese(Each),2,0,2,2,1,0,1,$0.22,0,0.00%,$0.00,$0.22,1,50.00%,$0.22,$0.44,,,,
Hunters Woods Elementary,5/14/2025,20017,Orange(1/4 cup),204,0,204,204,187,0,187,$31.79,0,0.00%,$0.00,$31.79,17,8.33%,$2.89,$34.68,,,,
Hunters Woods Elementary,5/14/2025,20028,Lettuce Blend Salad Mix(1 cup),160,0,160,160,160,0,160,$25.60,0,0.00%,$0.00,$25.60,0,0.00%,$0.00,$25.60,,,,
Hunters Woods Elementary,5/14/2025,20038,Fat Free White Milk(Each),20,0,20,21,4,0,4,$1.32,0,0.00%,$0.00,$1.32,17,80.95%,$5.61,$6.93,,,,
Hunters Woods Elementary,5/14/2025,20040,Cucumber Slices(1/4 cup),138,0,138,138,138,0,138,$8.28,0,0.00%,$0.00,$8.28,0,0.00%,$0.00,$8.28,,,,
Hunters Woods Elementary,5/14/2025,20040,Cucumber Slices(6 Slices per 1/2 cup),18,0,18,15,14,1,15,$1.80,0,0.00%,$0.00,$1.80,0,0.00%,$0.00,$1.80,,,,
Hunters Woods Elementary,5/14/2025,20043,"Lactose Free, White Milk(Each)",4,0,4,4,4,0,4,$2.32,0,0.00%,$0.00,$2.32,0,0.00%,$0.00,$2.32,,,,
Hunters Woods Elementary,5/14/2025,20052,Assorted  4 oz Yogurt(Container),2,0,2,2,2,0,2,$0.00,0,0.00%,$0.00,$0.00,0,0.00%,$0.00,$0.00,,,,
Hunters Woods Elementary,5/14/2025,30014,Whole Wheat Dinner Roll(Each),144,0,144,166,164,1,165,$23.10,1,0.60%,$0.14,$23.24,0,0.00%,$0.00,$23.24,,,,
Hunters Woods Elementary,5/14/2025,30020,Applesauce(1/2 Cup),0,0,0,0,0,0,0,$0.00,0,0.00%,$0.00,$0.00,0,0.00%,$0.00,$0.00,,,,
Hunters Woods Elementary,5/14/2025,30033,Cheez-Its Crackers(Package),17,0,17,14,14,0,14,$2.52,0,0.00%,$0.00,$2.52,0,0.00%,$0.00,$2.52,,,,
Hunters Woods Elementary,5/14/2025,30037,IW Applesauce Cup(Each),18,0,18,15,14,1,15,$4.05,0,0.00%,$0.00,$4.05,0,0.00%,$0.00,$4.05,,,,
Hunters Woods Elementary,5/14/2025,30045,Watermelon Flavored Dried Cranberries(2 Eaches),70,0,70,70,50,0,50,$24.00,0,0.00%,$0.00,$24.00,20,28.57%,$9.60,$33.60,,,,
Hunters Woods Elementary,5/14/2025,30077,Italian Dressing(1 ounce),24,0,24,24,12,0,12,$0.96,0,0.00%,$0.00,$0.96,12,50.00%,$0.96,$1.92,,,,
Hunters Woods Elementary,5/14/2025,30078,"Sauce, BBQ, HFCS-Free, Bulk, Low-Sodium(2 TBSP)",24,0,24,24,12,0,12,$1.20,0,0.00%,$0.00,$1.20,12,50.00%,$1.20,$2.40,,,,
Hunters Woods Elementary,5/14/2025,30097,Bottled Water(Bottle),15,0,15,10,10,0,10,$1.60,0,0.00%,$0.00,$1.60,0,0.00%,$0.00,$1.60,,,,
Hunters Woods Elementary,5/14/2025,30099,Chickpeas(1/4 cup),32,0,32,32,14,0,14,$1.26,0,0.00%,$0.00,$1.26,18,56.25%,$1.62,$2.88,,,,
Hunters Woods Elementary,5/14/2025,30107,Ranch Dressing(1 ounce),48,0,48,48,36,0,36,$3.96,0,0.00%,$0.00,$3.96,12,25.00%,$1.32,$5.28,,,,
Hunters Woods Elementary,5/14/2025,30109,Smartfood RF White Cheddar Popcorn(Each),60,0,60,60,57,0,57,$21.09,0,0.00%,$0.00,$21.09,3,5.00%,$1.11,$22.20,,,,
Hunters Woods Elementary,5/14/2025,60035,PB&J Power Pack(Power Packs),50,0,50,60,58,1,59,$63.72,0,0.00%,$0.00,$63.72,1,1.67%,$1.08,$64.80,,,,
Hunters Woods Elementary,5/14/2025,60036,Cherry Vanilla Yogurt Power Pack(Power Packs),24,0,24,24,18,3,21,$16.80,0,0.00%,$0.00,$16.80,3,12.50%,$2.40,$19.20,,,,
Hunters Woods Elementary,5/14/2025,60038,Peach Yogurt Power Pack(Power Packs),0,0,0,0,0,0,0,$0.00,0,0.00%,$0.00,$0.00,0,0.00%,$0.00,$0.00,,,,
Hunters Woods Elementary,5/14/2025,60045,Cucumber Slices(1/2 cup),0,0,0,0,0,0,0,$0.00,0,0.00%,$0.00,$0.00,0,0.00%,$0.00,$0.00,,,,
Hunters Woods Elementary,5/14/2025,60047,Chicken Tenders(3 tenders),14,0,14,13,12,1,13,$12.22,0,0.00%,$0.00,$12.22,0,0.00%,$0.00,$12.22,,,,
Hunters Woods Elementary,5/14/2025,60050,Chickenless Bites(4 Bites),130,0,130,135,134,0,134,$101.84,1,0.74%,$0.76,$102.60,0,0.00%,$0.00,$102.60,,,,
Hunters Woods Elementary,5/14/2025,60064,Vegetable Dumpling(6 dumplings),60,0,60,70,69,1,70,$0.00,0,0.00%,$0.00,$0.00,0,0.00%,$0.00,$0.00,,,,
Hunters Woods Elementary,5/14/2025,60101,Chickpeas - salad bar entree(1/2 cup),0,0,0,0,0,0,0,$0.00,0,0.00%,$0.00,$0.00,0,0.00%,$0.00,$0.00,,,,
Hunters Woods Elementary,5/14/2025,60999,Fish Tacos(2 Tacos),28,0,28,28,12,2,14,$14.14,14,50.00%,$14.14,$28.28,0,0.00%,$0.00,$28.28,,,,
Hutchison Elementary,5/14/2025,10044,Soft Pretzel(1 pretzel),22,0,22,50,46,0,46,$10.12,0,0.00%,$0.00,$10.12,4,8.00%,$0.88,$11.00,,,,
Hutchison Elementary,5/14/2025,10069,Bean and Cheese Pupusa(Pupusa),0,0,0,115,107,0,107,$160.50,8,6.96%,$12.00,$172.50,0,0.00%,$0.00,$172.50,,,,
Hutchison Elementary,5/14/2025,10070,Orange Sauce(ounce),40,0,40,45,40,0,40,$5.60,0,0.00%,$0.00,$5.60,5,11.11%,$0.70,$6.30,,,,
Hutchison Elementary,5/14/2025,20001,1% White Milk(Each),100,0,100,67,63,0,63,$22.68,0,0.00%,$0.00,$22.68,4,5.97%,$1.44,$24.12,,,,
Hutchison Elementary,5/14/2025,20002,Fat Free Chocolate Milk(Each),482,0,482,550,483,0,483,$169.05,0,0.00%,$0.00,$169.05,67,12.18%,$23.45,$192.50,,,,
Hutchison Elementary,5/14/2025,20014,Red Delicious Apple(Each - serving),48,0,48,40,40,0,40,$13.20,0,0.00%,$0.00,$13.20,0,0.00%,$0.00,$13.20,,,,
Hutchison Elementary,5/14/2025,20017,Orange(1/4 cup),0,0,0,276,259,0,259,$44.03,0,0.00%,$0.00,$44.03,17,6.16%,$2.89,$46.92,,,,
Hutchison Elementary,5/14/2025,20027,Broccoli Florets(1/4 cup),39,0,39,66,45,0,45,$3.60,0,0.00%,$0.00,$3.60,21,31.82%,$1.68,$5.28,,,,
Hutchison Elementary,5/14/2025,20028,Lettuce Blend Salad Mix(1/2 cup),103,0,103,120,105,0,105,$8.40,0,0.00%,$0.00,$8.40,15,12.50%,$1.20,$9.60,,,,
Hutchison Elementary,5/14/2025,20031,Banana(Each),0,0,0,476,446,0,446,$93.66,0,0.00%,$0.00,$93.66,30,6.30%,$6.30,$99.96,,,,
Hutchison Elementary,5/14/2025,20038,Fat Free White Milk(Each),16,0,16,30,6,0,6,$1.98,0,0.00%,$0.00,$1.98,24,80.00%,$7.92,$9.90,,,,
Hutchison Elementary,5/14/2025,20040,Cucumber Slices(6 Slices per 1/2 cup),55,0,55,43,43,0,43,$5.16,0,0.00%,$0.00,$5.16,0,0.00%,$0.00,$5.16,,,,
Hutchison Elementary,5/14/2025,20043,"Lactose Free, White Milk(Each)",0,0,0,6,6,0,6,$3.48,0,0.00%,$0.00,$3.48,0,0.00%,$0.00,$3.48,,,,
Hutchison Elementary,5/14/2025,30014,Whole Wheat Dinner Roll(Each),228,0,228,163,115,0,115,$16.10,0,0.00%,$0.00,$16.10,48,29.45%,$6.72,$22.82,,,,
Hutchison Elementary,5/14/2025,30020,Applesauce(1/2 Cup),51,0,51,43,43,0,43,$9.03,0,0.00%,$0.00,$9.03,0,0.00%,$0.00,$9.03,,,,
Hutchison Elementary,5/14/2025,30020,Applesauce(1/4 cup),164,0,164,80,75,0,75,$8.25,0,0.00%,$0.00,$8.25,5,6.25%,$0.55,$8.80,,,,
Hutchison Elementary,5/14/2025,30033,Cheez-Its Crackers(Package),54,0,54,40,40,0,40,$7.20,0,0.00%,$0.00,$7.20,0,0.00%,$0.00,$7.20,,,,
Hutchison Elementary,5/14/2025,30039,Cherry Flavored Dried Cranberries(Each),155,0,155,200,160,0,160,$38.40,0,0.00%,$0.00,$38.40,40,20.00%,$9.60,$48.00,,,,
Hutchison Elementary,5/14/2025,30099,Chickpeas(1/4 cup),13,0,13,23,13,0,13,$1.17,0,0.00%,$0.00,$1.17,10,43.48%,$0.90,$2.07,,,,
Hutchison Elementary,5/14/2025,30107,Ranch Dressing(1 ounce),90,0,90,120,108,0,108,$11.88,0,0.00%,$0.00,$11.88,12,10.00%,$1.32,$13.20,,,,
Hutchison Elementary,5/14/2025,60035,PB&J Power Pack(Power Packs),137,0,137,296,80,0,80,$86.40,7,2.36%,$7.56,$93.96,209,70.61%,$225.72,$319.68,,,,
Hutchison Elementary,5/14/2025,60037,Strawberry & Banana Yogurt Power Pack(Power Packs),82,0,82,144,55,0,55,$44.00,8,5.56%,$6.40,$50.40,81,56.25%,$64.80,$115.20,,,,
Hutchison Elementary,5/14/2025,60047,Chicken Tenders(3 tenders),56,0,56,42,42,0,42,$39.48,0,0.00%,$0.00,$39.48,0,0.00%,$0.00,$39.48,,,,
Hutchison Elementary,5/14/2025,60050,Chickenless Bites(4 Bites),327,0,327,471,405,0,405,$307.80,6,1.27%,$4.56,$312.36,60,12.74%,$45.60,$357.96,,,,
Hutchison Elementary,5/14/2025,60063,Chicken & Vegetable Dumplings(6 dumplings),40,0,40,45,40,0,40,$0.00,0,0.00%,$0.00,$0.00,5,11.11%,$0.00,$0.00,,,,
Hutchison Elementary,5/14/2025,60077,Manager's Vegetable Choice(1/4 cup),68,0,68,96,72,0,72,$0.00,0,0.00%,$0.00,$0.00,24,25.00%,$0.00,$0.00,,,,
Hutchison Elementary,5/14/2025,60101,Chickpeas - salad bar entree(1/2 cup),27,0,27,66,46,0,46,$8.28,0,0.00%,$0.00,$8.28,20,30.30%,$3.60,$11.88,,,,
Hutchison Elementary,5/14/2025,60148,Turkey Barbacoa Arepa(1 Arepa + #10 scoop of turkey barbacoa),0,0,0,20,20,0,20,$28.80,0,0.00%,$0.00,$28.80,0,0.00%,$0.00,$28.80,,,,
Hybla Valley Elementary,5/14/2025,10044,Soft Pretzel(1 pretzel),38,0,38,15,15,0,15,$3.30,0,0.00%,$0.00,$3.30,0,0.00%,$0.00,$3.30,,,,
Hybla Valley Elementary,5/14/2025,10070,Orange Sauce(ounce),0,0,0,50,50,0,50,$7.00,0,0.00%,$0.00,$7.00,0,0.00%,$0.00,$7.00,,,,
Hybla Valley Elementary,5/14/2025,20001,1% White Milk(Each),118,0,118,292,79,0,79,$28.44,0,0.00%,$0.00,$28.44,213,72.95%,$76.68,$105.12,,,,
Hybla Valley Elementary,5/14/2025,20002,Fat Free Chocolate Milk(Each),463,0,463,736,509,0,509,$178.15,0,0.00%,$0.00,$178.15,227,30.84%,$79.45,$257.60,,,,
Hybla Valley Elementary,5/14/2025,20013,Gala Apple(Each),0,0,0,449,348,2,350,$129.50,9,2.00%,$3.33,$132.83,90,20.04%,$33.30,$166.13,,,,
Hybla Valley Elementary,5/14/2025,20014,Red Delicious Apple(Each - serving),16,0,16,18,17,1,18,$5.94,0,0.00%,$0.00,$5.94,0,0.00%,$0.00,$5.94,,,,
Hybla Valley Elementary,5/14/2025,20016,String Cheese(Each),0,0,0,0,0,0,0,$0.00,0,0.00%,$0.00,$0.00,0,0.00%,$0.00,$0.00,,,,
Hybla Valley Elementary,5/14/2025,20017,Orange(1/4 cup),0,0,0,80,62,5,67,$11.39,13,16.25%,$2.21,$13.60,0,0.00%,$0.00,$13.60,,,,
Hybla Valley Elementary,5/14/2025,20018,Red Seedless Grapes(8 grapes per 1/4 cup),348,0,348,480,271,0,271,$70.46,17,3.54%,$4.42,$74.88,192,40.00%,$49.92,$124.80,,,,
Hybla Valley Elementary,5/14/2025,20027,Broccoli Florets(1/4 cup),190,0,190,243,208,0,208,$16.64,10,4.12%,$0.80,$17.44,25,10.29%,$2.00,$19.44,,,,
Hybla Valley Elementary,5/14/2025,20028,Lettuce Blend Salad Mix(1/2 cup),280,0,280,280,267,5,272,$21.76,8,2.86%,$0.64,$22.40,0,0.00%,$0.00,$22.40,,,,
Hybla Valley Elementary,5/14/2025,20031,Banana(Each),0,0,0,120,111,3,114,$23.94,6,5.00%,$1.26,$25.20,0,0.00%,$0.00,$25.20,,,,
Hybla Valley Elementary,5/14/2025,20038,Fat Free White Milk(Each),22,0,22,0,0,0,0,$0.00,0,0.00%,$0.00,$0.00,0,0.00%,$0.00,$0.00,,,,
Hybla Valley Elementary,5/14/2025,20040,Cucumber Slices(6 Slices per 1/2 cup),16,0,16,18,17,1,18,$2.16,0,0.00%,$0.00,$2.16,0,0.00%,$0.00,$2.16,,,,
Hybla Valley Elementary,5/14/2025,20043,"Lactose Free, White Milk(Each)",0,0,0,1,1,0,1,$0.58,0,0.00%,$0.00,$0.58,0,0.00%,$0.00,$0.58,,,,
Hybla Valley Elementary,5/14/2025,20052,Assorted  4 oz Yogurt(Container),0,0,0,0,0,0,0,$0.00,0,0.00%,$0.00,$0.00,0,0.00%,$0.00,$0.00,,,,
Hybla Valley Elementary,5/14/2025,30008,Apple Juice(Each),0,0,0,0,0,0,0,$0.00,0,0.00%,$0.00,$0.00,0,0.00%,$0.00,$0.00,,,,
Hybla Valley Elementary,5/14/2025,30009,Orange Tangerine Juice(Each),0,0,0,0,0,0,0,$0.00,0,0.00%,$0.00,$0.00,0,0.00%,$0.00,$0.00,,,,
Hybla Valley Elementary,5/14/2025,30014,Whole Wheat Dinner Roll(Each),374,0,374,210,184,1,185,$25.90,0,0.00%,$0.00,$25.90,25,11.90%,$3.50,$29.40,,,,
Hybla Valley Elementary,5/14/2025,30020,Applesauce(1/2 Cup),16,0,16,17,17,0,17,$3.57,0,0.00%,$0.00,$3.57,0,0.00%,$0.00,$3.57,,,,
Hybla Valley Elementary,5/14/2025,30031,Strawberry Chex Mix(Package),0,0,0,3,0,0,0,$0.00,0,0.00%,$0.00,$0.00,3,100.00%,$0.00,$0.00,,,,
Hybla Valley Elementary,5/14/2025,30033,Cheez-Its Crackers(Package),15,0,15,17,17,0,17,$3.06,0,0.00%,$0.00,$3.06,0,0.00%,$0.00,$3.06,,,,
Hybla Valley Elementary,5/14/2025,30041,Orange Flavored Dried Cranberries(Each),217,0,217,200,200,0,200,$48.00,0,0.00%,$0.00,$48.00,0,0.00%,$0.00,$48.00,,,,
Hybla Valley Elementary,5/14/2025,30077,Italian Dressing(1 ounce),54,0,54,0,0,0,0,$0.00,0,0.00%,$0.00,$0.00,0,0.00%,$0.00,$0.00,,,,
Hybla Valley Elementary,5/14/2025,30094,Doritos Wild White Nacho Flavored Tortilla Chips(Bag),0,0,0,5,1,0,1,$0.35,0,0.00%,$0.00,$0.35,4,80.00%,$1.40,$1.75,,,,
Hybla Valley Elementary,5/14/2025,30097,Bottled Water(Bottle),0,0,0,0,0,0,0,$0.00,0,0.00%,$0.00,$0.00,0,0.00%,$0.00,$0.00,,,,
Hybla Valley Elementary,5/14/2025,30099,Chickpeas(1/4 cup),32,0,32,25,24,0,24,$2.16,1,4.00%,$0.09,$2.25,0,0.00%,$0.00,$2.25,,,,
Hybla Valley Elementary,5/14/2025,30107,Ranch Dressing(1 ounce),145,0,145,145,115,5,120,$13.20,0,0.00%,$0.00,$13.20,25,17.24%,$2.75,$15.95,,,,
Hybla Valley Elementary,5/14/2025,30109,Smartfood RF White Cheddar Popcorn(Each),0,0,0,15,15,0,15,$5.55,0,0.00%,$0.00,$5.55,0,0.00%,$0.00,$5.55,,,,
Hybla Valley Elementary,5/14/2025,60035,PB&J Power Pack(Power Packs),0,0,0,10,8,1,9,$9.72,0,0.00%,$0.00,$9.72,1,10.00%,$1.08,$10.80,,,,
Hybla Valley Elementary,5/14/2025,60036,Cherry Vanilla Yogurt Power Pack(Power Packs),60,0,60,0,0,0,0,$0.00,0,0.00%,$0.00,$0.00,0,0.00%,$0.00,$0.00,,,,
Hybla Valley Elementary,5/14/2025,60037,Strawberry & Banana Yogurt Power Pack(Power Packs),19,0,19,0,0,0,0,$0.00,0,0.00%,$0.00,$0.00,0,0.00%,$0.00,$0.00,,,,
Hybla Valley Elementary,5/14/2025,60038,Peach Yogurt Power Pack(Power Packs),86,0,86,60,43,5,48,$38.40,0,0.00%,$0.00,$38.40,12,20.00%,$9.60,$48.00,,,,
Hybla Valley Elementary,5/14/2025,60047,Chicken Tenders(3 tenders),15,0,15,499,487,0,487,$457.78,0,0.00%,$0.00,$457.78,12,2.40%,$11.28,$469.06,,,,
Hybla Valley Elementary,5/14/2025,60050,Chickenless Bites(4 Bites),181,0,181,177,166,8,174,$132.24,0,0.00%,$0.00,$132.24,3,1.69%,$2.28,$134.52,,,,
Hybla Valley Elementary,5/14/2025,60063,Chicken & Vegetable Dumplings(6 dumplings),0,0,0,25,25,0,25,$0.00,0,0.00%,$0.00,$0.00,0,0.00%,$0.00,$0.00,,,,
Hybla Valley Elementary,5/14/2025,60077,Manager's Vegetable Choice(1/4 cup),199,0,199,259,226,6,232,$0.00,2,0.77%,$0.00,$0.00,25,9.65%,$0.00,$0.00,,,,
Hybla Valley Elementary,5/14/2025,60101,Chickpeas - salad bar entree(1/2 cup),0,0,0,0,0,0,0,$0.00,0,0.00%,$0.00,$0.00,0,0.00%,$0.00,$0.00,,,,
Irving Middle,5/14/2025,10011,Sweet Thai Chili Sauce(ounce),0,0,0,25,25,0,25,$3.50,0,0.00%,$0.00,$3.50,0,0.00%,$0.00,$3.50,,,,
Irving Middle,5/14/2025,10033,Chocolate Chip Cookie(Cookie),290,0,290,278,278,0,278,$75.06,0,0.00%,$0.00,$75.06,0,0.00%,$0.00,$75.06,,,,
Irving Middle,5/14/2025,10044,Soft Pretzel(1 pretzel),5,0,5,10,3,0,3,$0.66,0,0.00%,$0.00,$0.66,7,70.00%,$1.54,$2.20,,,,
Irving Middle,5/14/2025,20001,1% White Milk(Each),35,0,35,36,29,0,29,$10.44,0,0.00%,$0.00,$10.44,7,19.44%,$2.52,$12.96,,,,
Irving Middle,5/14/2025,20002,Fat Free Chocolate Milk(Each),277,0,277,297,286,0,286,$100.10,0,0.00%,$0.00,$100.10,11,3.70%,$3.85,$103.95,,,,
Irving Middle,5/14/2025,20008,Apple Slices(3 slices per 1/4 cup),346,0,346,116,116,0,116,$68.44,0,0.00%,$0.00,$68.44,0,0.00%,$0.00,$68.44,,,,
Irving Middle,5/14/2025,20015,Golden Delicious Apple(Each),0,0,0,26,26,0,26,$8.06,0,0.00%,$0.00,$8.06,0,0.00%,$0.00,$8.06,,,,
Irving Middle,5/14/2025,20016,String Cheese(Each),5,0,5,3,3,0,3,$0.66,0,0.00%,$0.00,$0.66,0,0.00%,$0.00,$0.66,,,,
Irving Middle,5/14/2025,20028,Lettuce Blend Salad Mix(1/2 cup),280,0,280,288,288,0,288,$23.04,0,0.00%,$0.00,$23.04,0,0.00%,$0.00,$23.04,,,,
Irving Middle,5/14/2025,20030,Sour Cream(2 Tablespoons),0,0,0,50,50,0,50,$7.50,0,0.00%,$0.00,$7.50,0,0.00%,$0.00,$7.50,,,,
Irving Middle,5/14/2025,20031,Banana(Each),98,0,98,112,112,0,112,$23.52,0,0.00%,$0.00,$23.52,0,0.00%,$0.00,$23.52,,,,
Irving Middle,5/14/2025,20038,Fat Free White Milk(Each),20,0,20,22,16,0,16,$5.28,0,0.00%,$0.00,$5.28,6,27.27%,$1.98,$7.26,,,,
Irving Middle,5/14/2025,20040,Cucumber Slices(1/4 cup),0,0,0,96,70,0,70,$4.20,0,0.00%,$0.00,$4.20,26,27.08%,$1.56,$5.76,,,,
Irving Middle,5/14/2025,20052,Assorted  4 oz Yogurt(Container),5,0,5,3,3,0,3,$0.00,0,0.00%,$0.00,$0.00,0,0.00%,$0.00,$0.00,,,,
Irving Middle,5/14/2025,20076,"Peppers, green, pre-sliced(1/2 cup sliced)",0,0,0,70,60,0,60,$18.00,10,14.29%,$3.00,$21.00,0,0.00%,$0.00,$21.00,,,,
Irving Middle,5/14/2025,30008,Apple Juice(Each),35,0,35,35,20,0,20,$3.40,0,0.00%,$0.00,$3.40,15,42.86%,$2.55,$5.95,,,,
Irving Middle,5/14/2025,30009,Orange Tangerine Juice(Each),25,0,25,25,15,0,15,$2.55,0,0.00%,$0.00,$2.55,10,40.00%,$1.70,$4.25,,,,
Irving Middle,5/14/2025,30011,"Salsa, Mild Canned(1.5 oz)",0,0,0,50,50,0,50,$5.00,0,0.00%,$0.00,$5.00,0,0.00%,$0.00,$5.00,,,,
Irving Middle,5/14/2025,30014,Whole Wheat Dinner Roll(2 rolls),0,0,0,220,216,4,220,$61.60,0,0.00%,$0.00,$61.60,0,0.00%,$0.00,$61.60,,,,
Irving Middle,5/14/2025,30033,Cheez-Its Crackers(Package),25,0,25,25,25,0,25,$4.50,0,0.00%,$0.00,$4.50,0,0.00%,$0.00,$4.50,,,,
Irving Middle,5/14/2025,30045,Watermelon Flavored Dried Cranberries(Each),41,0,41,50,50,0,50,$12.00,0,0.00%,$0.00,$12.00,0,0.00%,$0.00,$12.00,,,,
Irving Middle,5/14/2025,30061,Chilled Mandarin Oranges(1/2 cup (drained)),0,0,0,126,126,0,126,$42.84,0,0.00%,$0.00,$42.84,0,0.00%,$0.00,$42.84,,,,
Irving Middle,5/14/2025,30063,Ketchup Packet(Packet),436,0,436,300,300,0,300,$9.00,0,0.00%,$0.00,$9.00,0,0.00%,$0.00,$9.00,,,,
Irving Middle,5/14/2025,30064,Mayonnaise Packet(Packet),59,0,59,100,100,0,100,$10.00,0,0.00%,$0.00,$10.00,0,0.00%,$0.00,$10.00,,,,
Irving Middle,5/14/2025,30065,Mustard Packet(Packet),25,0,25,25,25,0,25,$1.25,0,0.00%,$0.00,$1.25,0,0.00%,$0.00,$1.25,,,,
Irving Middle,5/14/2025,30077,Italian Dressing(1 ounce),48,0,48,48,48,0,48,$3.84,0,0.00%,$0.00,$3.84,0,0.00%,$0.00,$3.84,,,,
Irving Middle,5/14/2025,30097,Bottled Water(Bottle),90,0,90,96,96,0,96,$15.36,0,0.00%,$0.00,$15.36,0,0.00%,$0.00,$15.36,,,,
Irving Middle,5/14/2025,30107,Ranch Dressing(1 ounce),96,0,96,96,96,0,96,$10.56,0,0.00%,$0.00,$10.56,0,0.00%,$0.00,$10.56,,,,
Irving Middle,5/14/2025,30115,SS Baked Cheetos Flaming Limon(Each),25,0,25,104,104,0,104,$40.56,0,0.00%,$0.00,$40.56,0,0.00%,$0.00,$40.56,,,,
Irving Middle,5/14/2025,30117,WG Baked Funyuns(Each),25,0,25,104,104,0,104,$37.44,0,0.00%,$0.00,$37.44,0,0.00%,$0.00,$37.44,,,,
Irving Middle,5/14/2025,30119,RF Kettle Chips Jalapeno & Cheddar Chips(Each),5,0,5,71,71,0,71,$42.60,0,0.00%,$0.00,$42.60,0,0.00%,$0.00,$42.60,,,,
Irving Middle,5/14/2025,30124,"Fruit Snacks, Welch's Mixed(Each)",35,0,35,92,92,0,92,$36.80,0,0.00%,$0.00,$36.80,0,0.00%,$0.00,$36.80,,,,
Irving Middle,5/14/2025,30158,Black Beans(1/2 Cup),0,0,0,40,28,0,28,$4.76,0,0.00%,$0.00,$4.76,12,30.00%,$2.04,$6.80,,,,
Irving Middle,5/14/2025,60007,Cheeseburger(Sandwich),0,0,0,21,19,2,21,$15.33,0,0.00%,$0.00,$15.33,0,0.00%,$0.00,$15.33,,,,
Irving Middle,5/14/2025,60020,"Quesadilla, Turkey Barbacoa and Cheese(Quesadilla)",45,0,45,75,51,0,51,$62.22,0,0.00%,$0.00,$62.22,24,32.00%,$29.28,$91.50,,,,
Irving Middle,5/14/2025,60035,PB&J Power Pack(Power Packs),130,0,130,105,105,0,105,$113.40,0,0.00%,$0.00,$113.40,0,0.00%,$0.00,$113.40,,,,
Irving Middle,5/14/2025,60036,Cherry Vanilla Yogurt Power Pack(Power Packs),0,0,0,1,0,0,0,$0.00,0,0.00%,$0.00,$0.00,1,100.00%,$0.00,$0.00,,,,
Irving Middle,5/14/2025,60037,Strawberry & Banana Yogurt Power Pack(Power Packs),1,0,1,1,0,0,0,$0.00,0,0.00%,$0.00,$0.00,1,100.00%,$0.00,$0.00,,,,
Irving Middle,5/14/2025,60038,Peach Yogurt Power Pack(Power Packs),0,0,0,1,0,0,0,$0.00,0,0.00%,$0.00,$0.00,1,100.00%,$0.00,$0.00,,,,
Irving Middle,5/14/2025,60040,Grilled Cheese Sandwich(Sandwich),24,0,24,21,17,0,17,$7.14,4,19.05%,$1.68,$8.82,0,0.00%,$0.00,$8.82,,,,
Irving Middle,5/14/2025,60050,Chickenless Bites(4 Bites),200,0,200,220,196,4,200,$152.00,20,9.09%,$15.20,$167.20,0,0.00%,$0.00,$167.20,,,,
Irving Middle,5/14/2025,60063,Chicken & Vegetable Dumplings(6 dumplings),120,0,120,11,10,0,10,$0.00,1,9.09%,$0.00,$0.00,0,0.00%,$0.00,$0.00,,,,
Irving Middle,5/14/2025,60064,Vegetable Dumpling(6 dumplings),0,0,0,10,9,0,9,$0.00,1,10.00%,$0.00,$0.00,0,0.00%,$0.00,$0.00,,,,
Irving Middle,5/14/2025,60075,Spicy Chicken Wrap(Wrap),22,0,22,20,17,1,18,$21.06,0,0.00%,$0.00,$21.06,2,10.00%,$2.34,$23.40,,,,
Irving Middle,5/14/2025,60080,Cheese Pizza(Slice),0,0,0,11,11,0,11,$6.27,0,0.00%,$0.00,$6.27,0,0.00%,$0.00,$6.27,,,,
Irving Middle,5/14/2025,60101,Chickpeas - salad bar entree(1/2 cup),5,0,5,10,1,2,3,$0.54,0,0.00%,$0.00,$0.54,7,70.00%,$1.26,$1.80,,,,
Jefferson High,5/14/2025,10001,"Patty, Chicken, Breaded, WG(2 strips)",21,0,21,0,0,0,0,$0.00,0,0.00%,$0.00,$0.00,0,0.00%,$0.00,$0.00,,,,
Jefferson High,5/14/2025,10027,"Bread, Loco(flatbread)",49,0,49,50,50,0,50,$15.00,0,0.00%,$0.00,$15.00,0,0.00%,$0.00,$15.00,,,,
Jefferson High,5/14/2025,10033,Chocolate Chip Cookie(Cookie),0,0,0,105,105,0,105,$28.35,0,0.00%,$0.00,$28.35,0,0.00%,$0.00,$28.35,,,,
Jefferson High,5/14/2025,10044,Soft Pretzel(1 pretzel),18,0,18,0,0,0,0,$0.00,0,0.00%,$0.00,$0.00,0,0.00%,$0.00,$0.00,,,,
Jefferson High,5/14/2025,10049,"WG 10"" Flour Tortilla(Tortilla)",9,0,9,0,0,0,0,$0.00,0,0.00%,$0.00,$0.00,0,0.00%,$0.00,$0.00,,,,
Jefferson High,5/14/2025,10051,"Turkey,  Breast, Pre-Sliced, Oven Roasted(3 Slices)",3,0,3,0,0,0,0,$0.00,0,0.00%,$0.00,$0.00,0,0.00%,$0.00,$0.00,,,,
Jefferson High,5/14/2025,10062,Corn(2 Tablespoons (thawed)),17,0,17,0,0,0,0,$0.00,0,0.00%,$0.00,$0.00,0,0.00%,$0.00,$0.00,,,,
Jefferson High,5/14/2025,10070,Orange Sauce(ounce),0,0,0,0,0,0,0,$0.00,0,0.00%,$0.00,$0.00,0,0.00%,$0.00,$0.00,,,,
Jefferson High,5/14/2025,10073,Whole Strawberries(1/2 cup thawed),0,0,0,0,0,0,0,$0.00,0,0.00%,$0.00,$0.00,0,0.00%,$0.00,$0.00,,,,
Jefferson High,5/14/2025,20001,1% White Milk(Each),36,0,36,68,44,0,44,$15.84,0,0.00%,$0.00,$15.84,24,35.29%,$8.64,$24.48,,,,
Jefferson High,5/14/2025,20002,Fat Free Chocolate Milk(Each),129,0,129,201,123,0,123,$43.05,0,0.00%,$0.00,$43.05,78,38.81%,$27.30,$70.35,,,,
Jefferson High,5/14/2025,20006,"Cheese, Shredded, Cheddar(1/4 cup)",23,0,23,0,0,0,0,$0.00,0,0.00%,$0.00,$0.00,0,0.00%,$0.00,$0.00,,,,
Jefferson High,5/14/2025,20008,Apple Slices(3 slices per 1/4 cup),0,0,0,0,0,0,0,$0.00,0,0.00%,$0.00,$0.00,0,0.00%,$0.00,$0.00,,,,
Jefferson High,5/14/2025,20008,Apple Slices(6 Slices per 1/2 cup),0,0,0,0,0,0,0,$0.00,0,0.00%,$0.00,$0.00,0,0.00%,$0.00,$0.00,,,,
Jefferson High,5/14/2025,20014,Red Delicious Apple(Each - serving),0,0,0,200,137,0,137,$45.21,0,0.00%,$0.00,$45.21,63,31.50%,$20.79,$66.00,,,,
Jefferson High,5/14/2025,20016,String Cheese(Each),0,0,0,0,0,0,0,$0.00,0,0.00%,$0.00,$0.00,0,0.00%,$0.00,$0.00,,,,
Jefferson High,5/14/2025,20017,Orange(1/4 cup),0,0,0,102,84,0,84,$14.28,0,0.00%,$0.00,$14.28,18,17.65%,$3.06,$17.34,,,,
Jefferson High,5/14/2025,20018,Red Seedless Grapes(2 Tablespoons),12,0,12,0,0,0,0,$0.00,0,0.00%,$0.00,$0.00,0,0.00%,$0.00,$0.00,,,,
Jefferson High,5/14/2025,20023,Baby Carrots(3 baby carrots per 1/4 cup),0,0,0,102,52,0,52,$4.68,0,0.00%,$0.00,$4.68,50,49.02%,$4.50,$9.18,,,,
Jefferson High,5/14/2025,20023,Baby Carrots(6 Baby Carrots per 1/2 cup),8,0,8,0,0,0,0,$0.00,0,0.00%,$0.00,$0.00,0,0.00%,$0.00,$0.00,,,,
Jefferson High,5/14/2025,20027,Broccoli Florets(1/4 cup),15,0,15,50,42,0,42,$3.36,0,0.00%,$0.00,$3.36,8,16.00%,$0.64,$4.00,,,,
Jefferson High,5/14/2025,20028,Lettuce Blend Salad Mix(1/2 cup),58,0,58,0,0,0,0,$0.00,0,0.00%,$0.00,$0.00,0,0.00%,$0.00,$0.00,,,,
Jefferson High,5/14/2025,20031,Banana(Each),44,0,44,0,0,0,0,$0.00,0,0.00%,$0.00,$0.00,0,0.00%,$0.00,$0.00,,,,
Jefferson High,5/14/2025,20035,"Onions, Red, Whole(2 Tablespoons (sliced))",5,0,5,0,0,0,0,$0.00,0,0.00%,$0.00,$0.00,0,0.00%,$0.00,$0.00,,,,
Jefferson High,5/14/2025,20038,Fat Free White Milk(Each),37,0,37,33,32,0,32,$10.56,0,0.00%,$0.00,$10.56,1,3.03%,$0.33,$10.89,,,,
Jefferson High,5/14/2025,20040,Cucumber Slices(1/4 cup),0,0,0,150,130,0,130,$7.80,0,0.00%,$0.00,$7.80,20,13.33%,$1.20,$9.00,,,,
Jefferson High,5/14/2025,20040,Cucumber Slices(2 Tablespoon),12,0,12,0,0,0,0,$0.00,0,0.00%,$0.00,$0.00,0,0.00%,$0.00,$0.00,,,,
Jefferson High,5/14/2025,20041,"Peppers, Green, Whole(2 Tablespoon)",15,0,15,0,0,0,0,$0.00,0,0.00%,$0.00,$0.00,0,0.00%,$0.00,$0.00,,,,
Jefferson High,5/14/2025,20042,"Peppers, Red, Whole(2 Tablespoons)",7,0,7,0,0,0,0,$0.00,0,0.00%,$0.00,$0.00,0,0.00%,$0.00,$0.00,,,,
Jefferson High,5/14/2025,20052,Assorted  4 oz Yogurt(Container),0,0,0,0,0,0,0,$0.00,0,0.00%,$0.00,$0.00,0,0.00%,$0.00,$0.00,,,,
Jefferson High,5/14/2025,30002,Sub Roll(Sub Roll),9,0,9,0,0,0,0,$0.00,0,0.00%,$0.00,$0.00,0,0.00%,$0.00,$0.00,,,,
Jefferson High,5/14/2025,30008,Apple Juice(Each),0,0,0,0,0,0,0,$0.00,0,0.00%,$0.00,$0.00,0,0.00%,$0.00,$0.00,,,,
Jefferson High,5/14/2025,30009,Orange Tangerine Juice(Each),0,0,0,0,0,0,0,$0.00,0,0.00%,$0.00,$0.00,0,0.00%,$0.00,$0.00,,,,
Jefferson High,5/14/2025,30033,Cheez-Its Crackers(Package),0,0,0,0,0,0,0,$0.00,0,0.00%,$0.00,$0.00,0,0.00%,$0.00,$0.00,,,,
Jefferson High,5/14/2025,30039,Cherry Flavored Dried Cranberries(Each),34,0,34,0,0,0,0,$0.00,0,0.00%,$0.00,$0.00,0,0.00%,$0.00,$0.00,,,,
Jefferson High,5/14/2025,30041,Orange Flavored Dried Cranberries(Each),11,0,11,0,0,0,0,$0.00,0,0.00%,$0.00,$0.00,0,0.00%,$0.00,$0.00,,,,
Jefferson High,5/14/2025,30042,Original Flavored Dried Cranberries(Package),0,0,0,0,0,0,0,$0.00,0,0.00%,$0.00,$0.00,0,0.00%,$0.00,$0.00,,,,
Jefferson High,5/14/2025,30043,Raspberry Lemonade Flavored Dried Cranberries(Each),0,0,0,0,0,0,0,$0.00,0,0.00%,$0.00,$0.00,0,0.00%,$0.00,$0.00,,,,
Jefferson High,5/14/2025,30044,Strawberry Flavored Dried Cranberries(Each),0,0,0,0,0,0,0,$0.00,0,0.00%,$0.00,$0.00,0,0.00%,$0.00,$0.00,,,,
Jefferson High,5/14/2025,30045,Watermelon Flavored Dried Cranberries(Each),0,0,0,0,0,0,0,$0.00,0,0.00%,$0.00,$0.00,0,0.00%,$0.00,$0.00,,,,
Jefferson High,5/14/2025,30063,Ketchup Packet(Packet),150,0,150,0,0,0,0,$0.00,0,0.00%,$0.00,$0.00,0,0.00%,$0.00,$0.00,,,,
Jefferson High,5/14/2025,30064,Mayonnaise Packet(Packet),28,0,28,520,420,0,420,$42.00,0,0.00%,$0.00,$42.00,100,19.23%,$10.00,$52.00,,,,
Jefferson High,5/14/2025,30065,Mustard Packet(Packet),27,0,27,6,6,0,6,$0.30,0,0.00%,$0.00,$0.30,0,0.00%,$0.00,$0.30,,,,
Jefferson High,5/14/2025,30077,Italian Dressing(1 ounce),36,0,36,0,0,0,0,$0.00,0,0.00%,$0.00,$0.00,0,0.00%,$0.00,$0.00,,,,
Jefferson High,5/14/2025,30097,Bottled Water(Bottle),0,0,0,20,19,0,19,$3.04,0,0.00%,$0.00,$3.04,1,5.00%,$0.16,$3.20,,,,
Jefferson High,5/14/2025,30099,Chickpeas(1/4 cup),5,0,5,0,0,0,0,$0.00,0,0.00%,$0.00,$0.00,0,0.00%,$0.00,$0.00,,,,
Jefferson High,5/14/2025,30099,Chickpeas(2 Tablespoons),11,0,11,0,0,0,0,$0.00,0,0.00%,$0.00,$0.00,0,0.00%,$0.00,$0.00,,,,
Jefferson High,5/14/2025,30107,Ranch Dressing(1 ounce),127,0,127,0,0,0,0,$0.00,0,0.00%,$0.00,$0.00,0,0.00%,$0.00,$0.00,,,,
Jefferson High,5/14/2025,30109,Smartfood RF White Cheddar Popcorn(Each),0,0,0,0,0,0,0,$0.00,0,0.00%,$0.00,$0.00,0,0.00%,$0.00,$0.00,,,,
Jefferson High,5/14/2025,30110,Doritos Flamas(Each),0,0,0,0,0,0,0,$0.00,0,0.00%,$0.00,$0.00,0,0.00%,$0.00,$0.00,,,,
Jefferson High,5/14/2025,30111,Doritos RF Spicy Sweet Chili(Each),0,0,0,0,0,0,0,$0.00,0,0.00%,$0.00,$0.00,0,0.00%,$0.00,$0.00,,,,
Jefferson High,5/14/2025,30112,Doritos RF Nacho Cheese(Each),0,0,0,0,0,0,0,$0.00,0,0.00%,$0.00,$0.00,0,0.00%,$0.00,$0.00,,,,
Jefferson High,5/14/2025,30113,Cool Ranch Reduced Fat Doritos(Each),0,0,0,0,0,0,0,$0.00,0,0.00%,$0.00,$0.00,0,0.00%,$0.00,$0.00,,,,
Jefferson High,5/14/2025,30114,SS Baked Cheetos Flaming Hot(Each),0,0,0,0,0,0,0,$0.00,0,0.00%,$0.00,$0.00,0,0.00%,$0.00,$0.00,,,,
Jefferson High,5/14/2025,30115,SS Baked Cheetos Flaming Limon(Each),0,0,0,0,0,0,0,$0.00,0,0.00%,$0.00,$0.00,0,0.00%,$0.00,$0.00,,,,
Jefferson High,5/14/2025,30116,SS Cheetos Fantastix Flaming Hot(Each),0,0,0,0,0,0,0,$0.00,0,0.00%,$0.00,$0.00,0,0.00%,$0.00,$0.00,,,,
Jefferson High,5/14/2025,30117,WG Baked Funyuns(Each),0,0,0,0,0,0,0,$0.00,0,0.00%,$0.00,$0.00,0,0.00%,$0.00,$0.00,,,,
Jefferson High,5/14/2025,30118,Kettle Cooked Smoky BBQ Chips(Each),0,0,0,0,0,0,0,$0.00,0,0.00%,$0.00,$0.00,0,0.00%,$0.00,$0.00,,,,
Jefferson High,5/14/2025,30119,RF Kettle Chips Jalapeno & Cheddar Chips(Each),0,0,0,0,0,0,0,$0.00,0,0.00%,$0.00,$0.00,0,0.00%,$0.00,$0.00,,,,
Jefferson High,5/14/2025,30120,RF Kettle Chips Sea Salt & Vinegar Chips(Each),0,0,0,0,0,0,0,$0.00,0,0.00%,$0.00,$0.00,0,0.00%,$0.00,$0.00,,,,
Jefferson High,5/14/2025,30124,"Fruit Snacks, Welch's Mixed(Each)",0,0,0,0,0,0,0,$0.00,0,0.00%,$0.00,$0.00,0,0.00%,$0.00,$0.00,,,,
Jefferson High,5/14/2025,30160,Lay's RF Kettle Original Chips(Each),0,0,0,0,0,0,0,$0.00,0,0.00%,$0.00,$0.00,0,0.00%,$0.00,$0.00,,,,
Jefferson High,5/14/2025,60007,Cheeseburger(Sandwich),0,0,0,120,78,0,78,$56.94,0,0.00%,$0.00,$56.94,42,35.00%,$30.66,$87.60,,,,
Jefferson High,5/14/2025,60020,"Quesadilla, Turkey Barbacoa and Cheese(Quesadilla)",0,0,0,0,0,0,0,$0.00,0,0.00%,$0.00,$0.00,0,0.00%,$0.00,$0.00,,,,
Jefferson High,5/14/2025,60035,PB&J Power Pack(Power Packs),72,0,72,140,123,0,123,$132.84,0,0.00%,$0.00,$132.84,17,12.14%,$18.36,$151.20,,,,
Jefferson High,5/14/2025,60036,Cherry Vanilla Yogurt Power Pack(Power Packs),0,0,0,0,0,0,0,$0.00,0,0.00%,$0.00,$0.00,0,0.00%,$0.00,$0.00,,,,
Jefferson High,5/14/2025,60037,Strawberry & Banana Yogurt Power Pack(Power Packs),9,0,9,40,17,0,17,$13.60,0,0.00%,$0.00,$13.60,23,57.50%,$18.40,$32.00,,,,
Jefferson High,5/14/2025,60038,Peach Yogurt Power Pack(Power Packs),0,0,0,0,0,0,0,$0.00,0,0.00%,$0.00,$0.00,0,0.00%,$0.00,$0.00,,,,
Jefferson High,5/14/2025,60040,Grilled Cheese Sandwich(Sandwich),32,0,32,55,30,2,32,$13.44,0,0.00%,$0.00,$13.44,23,41.82%,$9.66,$23.10,,,,
Jefferson High,5/14/2025,60050,Chickenless Bites(2 Bites),6,0,6,0,0,0,0,$0.00,0,0.00%,$0.00,$0.00,0,0.00%,$0.00,$0.00,,,,
Jefferson High,5/14/2025,60050,Chickenless Bites(4 Bites),68,0,68,50,50,0,50,$38.00,0,0.00%,$0.00,$38.00,0,0.00%,$0.00,$38.00,,,,
Jefferson High,5/14/2025,60062,Chilled Pineapple(1/2 cup),13,0,13,0,0,0,0,$0.00,0,0.00%,$0.00,$0.00,0,0.00%,$0.00,$0.00,,,,
Jefferson High,5/14/2025,60063,Chicken & Vegetable Dumplings(6 dumplings),107,0,107,0,0,0,0,$0.00,0,0.00%,$0.00,$0.00,0,0.00%,$0.00,$0.00,,,,
Jefferson High,5/14/2025,60072,Spicy Breaded Chicken Patty on Bun(Sandwich),0,0,0,20,17,3,20,$15.00,0,0.00%,$0.00,$15.00,0,0.00%,$0.00,$15.00,,,,
Jefferson High,5/14/2025,60075,Spicy Chicken Wrap(Wrap),9,0,9,0,0,0,0,$0.00,0,0.00%,$0.00,$0.00,0,0.00%,$0.00,$0.00,,,,
Jefferson High,5/14/2025,60077,Manager's Vegetable Choice(1/4 cup),17,0,17,0,0,0,0,$0.00,0,0.00%,$0.00,$0.00,0,0.00%,$0.00,$0.00,,,,
Jefferson High,5/14/2025,60101,Chickpeas - salad bar entree(1/2 cup),0,0,0,0,0,0,0,$0.00,0,0.00%,$0.00,$0.00,0,0.00%,$0.00,$0.00,,,,
Jefferson High,5/14/2025,60149,Hot Turkey & Cheese(sandwich),0,0,0,110,107,3,110,$143.00,0,0.00%,$0.00,$143.00,0,0.00%,$0.00,$143.00,,,,
Jefferson High,5/14/2025,60150,Strawberry Parfait Power Pack(Power Pack),0,0,0,0,0,0,0,$0.00,0,0.00%,$0.00,$0.00,0,0.00%,$0.00,$0.00,,,,
Johnson Middle,5/14/2025,10033,Chocolate Chip Cookie(Cookie),382,0,382,376,343,0,343,$92.61,2,0.53%,$0.54,$93.15,31,8.24%,$8.37,$101.52,,,,
Johnson Middle,5/14/2025,10044,Soft Pretzel(1 pretzel),7,0,7,10,8,0,8,$1.76,0,0.00%,$0.00,$1.76,2,20.00%,$0.44,$2.20,,,,
Johnson Middle,5/14/2025,10069,Bean and Cheese Pupusa(Pupusa),0,0,0,7,7,0,7,$10.50,0,0.00%,$0.00,$10.50,0,0.00%,$0.00,$10.50,,,,
Johnson Middle,5/14/2025,10077,Mac & Cheese(2/3 cup),0,0,0,31,31,0,31,$19.22,0,0.00%,$0.00,$19.22,0,0.00%,$0.00,$19.22,,,,
Johnson Middle,5/14/2025,20001,1% White Milk(Each),52,0,52,52,42,0,42,$15.12,0,0.00%,$0.00,$15.12,10,19.23%,$3.60,$18.72,,,,
Johnson Middle,5/14/2025,20002,Fat Free Chocolate Milk(Each),330,0,330,497,364,0,364,$127.40,0,0.00%,$0.00,$127.40,133,26.76%,$46.55,$173.95,,,,
Johnson Middle,5/14/2025,20006,"Cheese, Shredded, Cheddar(1/4 cup)",0,0,0,31,31,0,31,$5.27,0,0.00%,$0.00,$5.27,0,0.00%,$0.00,$5.27,,,,
Johnson Middle,5/14/2025,20007,"Cheese, Shredded, Mozzarella(1/4 cup)",0,0,0,31,31,0,31,$5.27,0,0.00%,$0.00,$5.27,0,0.00%,$0.00,$5.27,,,,
Johnson Middle,5/14/2025,20008,Apple Slices(3 slices per 1/4 cup),517,0,517,580,578,0,578,$341.02,2,0.34%,$1.18,$342.20,0,0.00%,$0.00,$342.20,,,,
Johnson Middle,5/14/2025,20011,Cherry Tomatoes(1/4 cup),0,0,0,72,42,0,42,$15.54,0,0.00%,$0.00,$15.54,30,41.67%,$11.10,$26.64,,,,
Johnson Middle,5/14/2025,20018,Red Seedless Grapes(16 grapes per 1/2 cup),0,0,0,680,615,0,615,$313.65,3,0.44%,$1.53,$315.18,62,9.12%,$31.62,$346.80,,,,
Johnson Middle,5/14/2025,20023,Baby Carrots(3 baby carrots per 1/4 cup),0,0,0,48,46,0,46,$4.14,2,4.17%,$0.18,$4.32,0,0.00%,$0.00,$4.32,,,,
Johnson Middle,5/14/2025,20027,Broccoli Florets(1/4 cup),68,0,68,84,81,0,81,$6.48,3,3.57%,$0.24,$6.72,0,0.00%,$0.00,$6.72,,,,
Johnson Middle,5/14/2025,20028,Lettuce Blend Salad Mix(1/2 cup),468,0,468,480,457,0,457,$36.56,3,0.63%,$0.24,$36.80,20,4.17%,$1.60,$38.40,,,,
Johnson Middle,5/14/2025,20038,Fat Free White Milk(Each),35,0,35,66,35,0,35,$11.55,0,0.00%,$0.00,$11.55,31,46.97%,$10.23,$21.78,,,,
Johnson Middle,5/14/2025,30014,Whole Wheat Dinner Roll(2 rolls),0,0,0,100,100,0,100,$28.00,0,0.00%,$0.00,$28.00,0,0.00%,$0.00,$28.00,,,,
Johnson Middle,5/14/2025,30039,Cherry Flavored Dried Cranberries(Each),127,0,127,210,197,0,197,$47.28,3,1.43%,$0.72,$48.00,10,4.76%,$2.40,$50.40,,,,
Johnson Middle,5/14/2025,30063,Ketchup Packet(Packet),484,0,484,900,800,0,800,$24.00,0,0.00%,$0.00,$24.00,100,11.11%,$3.00,$27.00,,,,
Johnson Middle,5/14/2025,30064,Mayonnaise Packet(Packet),63,0,63,90,80,0,80,$8.00,0,0.00%,$0.00,$8.00,10,11.11%,$1.00,$9.00,,,,
Johnson Middle,5/14/2025,30065,Mustard Packet(Packet),34,0,34,30,20,0,20,$1.00,0,0.00%,$0.00,$1.00,10,33.33%,$0.50,$1.50,,,,
Johnson Middle,5/14/2025,30078,"Sauce, BBQ, HFCS-Free, Bulk, Low-Sodium(2 TBSP)",0,0,0,96,76,0,76,$7.60,0,0.00%,$0.00,$7.60,20,20.83%,$2.00,$9.60,,,,
Johnson Middle,5/14/2025,30097,Bottled Water(Bottle),60,0,60,60,50,0,50,$8.00,3,5.00%,$0.48,$8.48,7,11.67%,$1.12,$9.60,,,,
Johnson Middle,5/14/2025,30099,Chickpeas(1/4 cup),57,0,57,66,56,0,56,$5.04,0,0.00%,$0.00,$5.04,10,15.15%,$0.90,$5.94,,,,
Johnson Middle,5/14/2025,30107,Ranch Dressing(1 ounce),129,0,129,96,86,0,86,$9.46,0,0.00%,$0.00,$9.46,10,10.42%,$1.10,$10.56,,,,
Johnson Middle,5/14/2025,30109,Smartfood RF White Cheddar Popcorn(Each),10,0,10,2,2,0,2,$0.74,0,0.00%,$0.00,$0.74,0,0.00%,$0.00,$0.74,,,,
Johnson Middle,5/14/2025,30112,Doritos RF Nacho Cheese(Each),0,0,0,36,36,0,36,$13.32,0,0.00%,$0.00,$13.32,0,0.00%,$0.00,$13.32,,,,
Johnson Middle,5/14/2025,30117,WG Baked Funyuns(Each),10,0,10,25,25,0,25,$9.00,0,0.00%,$0.00,$9.00,0,0.00%,$0.00,$9.00,,,,
Johnson Middle,5/14/2025,30118,Kettle Cooked Smoky BBQ Chips(Each),20,0,20,60,48,0,48,$28.80,0,0.00%,$0.00,$28.80,12,20.00%,$7.20,$36.00,,,,
Johnson Middle,5/14/2025,30119,RF Kettle Chips Jalapeno & Cheddar Chips(Each),20,0,20,86,67,0,67,$40.20,6,6.98%,$3.60,$43.80,13,15.12%,$7.80,$51.60,,,,
Johnson Middle,5/14/2025,30121,Kellogg’s W/G Rice Krispies Treats(Each),0,0,0,62,53,0,53,$39.22,0,0.00%,$0.00,$39.22,9,14.52%,$6.66,$45.88,,,,
Johnson Middle,5/14/2025,30122,WG Chocolate Chip Rice Krispy Treats(Each),0,0,0,22,22,0,22,$13.20,0,0.00%,$0.00,$13.20,0,0.00%,$0.00,$13.20,,,,
Johnson Middle,5/14/2025,30124,"Fruit Snacks, Welch's Mixed(Each)",30,0,30,2,2,0,2,$0.80,0,0.00%,$0.00,$0.80,0,0.00%,$0.00,$0.80,,,,
Johnson Middle,5/14/2025,30160,Lay's RF Kettle Original Chips(Each),20,0,20,60,34,0,34,$20.40,0,0.00%,$0.00,$20.40,26,43.33%,$15.60,$36.00,,,,
Johnson Middle,5/14/2025,60007,Cheeseburger(Sandwich),0,0,0,21,21,0,21,$15.33,0,0.00%,$0.00,$15.33,0,0.00%,$0.00,$15.33,,,,
Johnson Middle,5/14/2025,60024,"Pasta, Penne (Prepared)(1/2 cup cooked)",0,0,0,31,31,0,31,$2.17,0,0.00%,$0.00,$2.17,0,0.00%,$0.00,$2.17,,,,
Johnson Middle,5/14/2025,60034,Mandarin Orange Parfait(Parfait),0,0,0,4,1,0,1,$0.99,0,0.00%,$0.00,$0.99,3,75.00%,$2.97,$3.96,,,,
Johnson Middle,5/14/2025,60035,PB&J Power Pack(Power Packs),100,0,100,150,128,0,128,$138.24,3,2.00%,$3.24,$141.48,19,12.67%,$20.52,$162.00,,,,
Johnson Middle,5/14/2025,60036,Cherry Vanilla Yogurt Power Pack(Power Packs),6,0,6,6,5,1,6,$4.80,0,0.00%,$0.00,$4.80,0,0.00%,$0.00,$4.80,,,,
Johnson Middle,5/14/2025,60050,Chickenless Bites(4 Bites),100,0,100,100,100,0,100,$76.00,0,0.00%,$0.00,$76.00,0,0.00%,$0.00,$76.00,,,,
Johnson Middle,5/14/2025,60071,Nachos with Cheese Sauce(serving size),0,0,0,60,54,2,56,$43.12,0,0.00%,$0.00,$43.12,4,6.67%,$3.08,$46.20,,,,
Johnson Middle,5/14/2025,60075,Spicy Chicken Wrap(Wrap),6,0,6,10,9,0,9,$10.53,0,0.00%,$0.00,$10.53,1,10.00%,$1.17,$11.70,,,,
Johnson Middle,5/14/2025,60077,Manager's Vegetable Choice(1/4 cup),107,0,107,110,110,0,110,$0.00,0,0.00%,$0.00,$0.00,0,0.00%,$0.00,$0.00,,,,
Johnson Middle,5/14/2025,60078,Nachos with Turkey Barbacoa and Cheese Sauce(Serving),0,0,0,100,85,2,87,$115.71,3,3.00%,$3.99,$119.70,10,10.00%,$13.30,$133.00,,,,
Johnson Middle,5/14/2025,60080,Cheese Pizza(Slice),300,0,300,196,175,4,179,$102.03,0,0.00%,$0.00,$102.03,17,8.67%,$9.69,$111.72,,,,
Johnson Middle,5/14/2025,60121,"Sauce, Spicy Mayo(tbsp)",0,0,0,96,66,0,66,$5.94,0,0.00%,$0.00,$5.94,30,31.25%,$2.70,$8.64,,,,
Justice High,5/14/2025,10013,"Patty, Chicken, Spicy, Breaded(Patty)",50,0,50,50,37,0,37,$26.64,0,0.00%,$0.00,$26.64,13,26.00%,$9.36,$36.00,,,,
Justice High,5/14/2025,10027,"Bread, Loco(flatbread)",300,0,300,36,36,0,36,$10.80,0,0.00%,$0.00,$10.80,0,0.00%,$0.00,$10.80,,,,
Justice High,5/14/2025,10033,Chocolate Chip Cookie(Cookie),50,0,50,18,18,0,18,$4.86,0,0.00%,$0.00,$4.86,0,0.00%,$0.00,$4.86,,,,
Justice High,5/14/2025,10044,Soft Pretzel(1 pretzel),2,0,2,5,3,0,3,$0.66,0,0.00%,$0.00,$0.66,2,40.00%,$0.44,$1.10,,,,
Justice High,5/14/2025,10049,"WG 10"" Flour Tortilla(Tortilla)",39,0,39,55,27,0,27,$9.45,0,0.00%,$0.00,$9.45,28,50.91%,$9.80,$19.25,,,,
Justice High,5/14/2025,10051,"Turkey,  Breast, Pre-Sliced, Oven Roasted(6 Slices)",4,0,4,3,0,0,0,$0.00,0,0.00%,$0.00,$0.00,3,100.00%,$0.00,$0.00,,,,
Justice High,5/14/2025,10062,Corn(1/4 cup (thawed)),48,0,48,40,32,0,32,$3.52,0,0.00%,$0.00,$3.52,8,20.00%,$0.88,$4.40,,,,
Justice High,5/14/2025,10070,Orange Sauce(ounce),35,0,35,30,27,0,27,$3.78,0,0.00%,$0.00,$3.78,3,10.00%,$0.42,$4.20,,,,
Justice High,5/14/2025,20001,1% White Milk(Each),101,0,101,150,88,0,88,$31.68,0,0.00%,$0.00,$31.68,62,41.33%,$22.32,$54.00,,,,
Justice High,5/14/2025,20002,Fat Free Chocolate Milk(Each),569,0,569,650,541,0,541,$189.35,0,0.00%,$0.00,$189.35,109,16.77%,$38.15,$227.50,,,,
Justice High,5/14/2025,20006,"Cheese, Shredded, Cheddar(Cup)",5,0,5,5,0,3,3,$0.00,1,20.00%,$0.00,$0.00,1,20.00%,$0.00,$0.00,,,,
Justice High,5/14/2025,20008,Apple Slices(3 slices per 1/4 cup),97,0,97,116,91,0,91,$53.69,0,0.00%,$0.00,$53.69,25,21.55%,$14.75,$68.44,,,,
Justice High,5/14/2025,20008,Apple Slices(6 Slices per 1/2 cup),0,0,0,116,106,0,106,$125.08,0,0.00%,$0.00,$125.08,10,8.62%,$11.80,$136.88,,,,
Justice High,5/14/2025,20011,Cherry Tomatoes(1/4 cup),0,0,0,36,36,0,36,$13.32,0,0.00%,$0.00,$13.32,0,0.00%,$0.00,$13.32,,,,
Justice High,5/14/2025,20014,Red Delicious Apple(Each - serving),0,0,0,550,533,0,533,$175.89,0,0.00%,$0.00,$175.89,17,3.09%,$5.61,$181.50,,,,
Justice High,5/14/2025,20017,Orange(Each - serving),0,0,0,200,166,0,166,$56.44,0,0.00%,$0.00,$56.44,34,17.00%,$11.56,$68.00,,,,
Justice High,5/14/2025,20023,Baby Carrots(6 Baby Carrots per 1/2 cup),0,0,0,61,61,0,61,$10.37,0,0.00%,$0.00,$10.37,0,0.00%,$0.00,$10.37,,,,
Justice High,5/14/2025,20027,Broccoli Florets(6 Pieces per 1/2 cup),31,0,31,36,24,0,24,$3.60,0,0.00%,$0.00,$3.60,12,33.33%,$1.80,$5.40,,,,
Justice High,5/14/2025,20028,Lettuce Blend Salad Mix(1/2 cup),340,0,340,280,275,0,275,$22.00,2,0.71%,$0.16,$22.16,3,1.07%,$0.24,$22.40,,,,
Justice High,5/14/2025,20031,Banana(Each),488,0,488,25,25,0,25,$5.25,0,0.00%,$0.00,$5.25,0,0.00%,$0.00,$5.25,,,,
Justice High,5/14/2025,20035,"Onions, Red, Whole(1/4 cup (sliced))",27,0,27,35,18,0,18,$1.26,0,0.00%,$0.00,$1.26,17,48.57%,$1.19,$2.45,,,,
Justice High,5/14/2025,20038,Fat Free White Milk(Each),56,0,56,100,44,0,44,$14.52,0,0.00%,$0.00,$14.52,56,56.00%,$18.48,$33.00,,,,
Justice High,5/14/2025,20040,Cucumber Slices(1/4 cup),52,0,52,50,48,0,48,$2.88,0,0.00%,$0.00,$2.88,2,4.00%,$0.12,$3.00,,,,
Justice High,5/14/2025,20040,Cucumber Slices(6 Slices per 1/2 cup),0,0,0,22,22,0,22,$2.64,0,0.00%,$0.00,$2.64,0,0.00%,$0.00,$2.64,,,,
Justice High,5/14/2025,20041,"Peppers, Green, Whole(1/4 cup)",23,0,23,24,12,0,12,$1.56,0,0.00%,$0.00,$1.56,12,50.00%,$1.56,$3.12,,,,
Justice High,5/14/2025,20042,"Peppers, Red, Whole(1/4 cup)",34,0,34,35,35,0,35,$3.15,0,0.00%,$0.00,$3.15,0,0.00%,$0.00,$3.15,,,,
Justice High,5/14/2025,30002,Sub Roll(Sub Roll),34,0,34,45,20,0,20,$6.20,0,0.00%,$0.00,$6.20,25,55.56%,$7.75,$13.95,,,,
Justice High,5/14/2025,30014,Whole Wheat Dinner Roll(2 rolls),0,0,0,60,55,0,55,$15.40,0,0.00%,$0.00,$15.40,5,8.33%,$1.40,$16.80,,,,
Justice High,5/14/2025,30024,Black Beans(1/4 Cup),0,0,0,24,24,0,24,$2.16,0,0.00%,$0.00,$2.16,0,0.00%,$0.00,$2.16,,,,
Justice High,5/14/2025,30041,Orange Flavored Dried Cranberries(Each),30,0,30,200,200,0,200,$48.00,0,0.00%,$0.00,$48.00,0,0.00%,$0.00,$48.00,,,,
Justice High,5/14/2025,30063,Ketchup Packet(Packet),828,0,828,1200,1115,0,1115,$33.45,0,0.00%,$0.00,$33.45,85,7.08%,$2.55,$36.00,,,,
Justice High,5/14/2025,30064,Mayonnaise Packet(Packet),768,0,768,750,675,0,675,$67.50,0,0.00%,$0.00,$67.50,75,10.00%,$7.50,$75.00,,,,
Justice High,5/14/2025,30065,Mustard Packet(Packet),104,0,104,60,32,0,32,$1.60,0,0.00%,$0.00,$1.60,28,46.67%,$1.40,$3.00,,,,
Justice High,5/14/2025,30077,Italian Dressing(1 ounce),28,0,28,74,60,0,60,$4.80,0,0.00%,$0.00,$4.80,14,18.92%,$1.12,$5.92,,,,
Justice High,5/14/2025,30097,Bottled Water(Bottle),10,0,10,10,2,0,2,$0.32,0,0.00%,$0.00,$0.32,8,80.00%,$1.28,$1.60,,,,
Justice High,5/14/2025,30099,Chickpeas(1/4 cup),42,0,42,60,52,0,52,$4.68,0,0.00%,$0.00,$4.68,8,13.33%,$0.72,$5.40,,,,
Justice High,5/14/2025,30124,"Fruit Snacks, Welch's Mixed(Each)",10,0,10,10,7,0,7,$2.80,0,0.00%,$0.00,$2.80,3,30.00%,$1.20,$4.00,,,,
Justice High,5/14/2025,60035,PB&J Power Pack(Power Packs),120,0,120,150,124,0,124,$133.92,0,0.00%,$0.00,$133.92,26,17.33%,$28.08,$162.00,,,,
Justice High,5/14/2025,60040,Grilled Cheese Sandwich(Sandwich),0,0,0,25,25,0,25,$10.50,0,0.00%,$0.00,$10.50,0,0.00%,$0.00,$10.50,,,,
Justice High,5/14/2025,60050,Chickenless Bites(4 Bites),320,0,320,120,99,4,103,$78.28,3,2.50%,$2.28,$80.56,14,11.67%,$10.64,$91.20,,,,
Justice High,5/14/2025,60064,Vegetable Dumpling(6 dumplings),0,0,0,28,24,0,24,$0.00,1,3.57%,$0.00,$0.00,3,10.71%,$0.00,$0.00,,,,
Justice High,5/14/2025,60072,Spicy Breaded Chicken Patty on Bun(Sandwich),0,0,0,420,413,3,416,$312.00,0,0.00%,$0.00,$312.00,4,0.95%,$3.00,$315.00,,,,
Justice High,5/14/2025,60078,Nachos with Turkey Barbacoa and Cheese Sauce(Serving),300,0,300,150,146,1,147,$195.51,0,0.00%,$0.00,$195.51,3,2.00%,$3.99,$199.50,,,,
Justice High,5/14/2025,60121,"Sauce, Spicy Mayo(tbsp)",0,0,0,150,130,0,130,$11.70,0,0.00%,$0.00,$11.70,20,13.33%,$1.80,$13.50,,,,
Justice High,5/14/2025,60124,Nachos with Cheese Sauce(Serving),0,0,0,55,51,0,51,$39.27,0,0.00%,$0.00,$39.27,4,7.27%,$3.08,$42.35,,,,
Justice High,5/14/2025,60149,Hot Turkey & Cheese(sandwich),0,0,0,25,23,0,23,$29.90,0,0.00%,$0.00,$29.90,2,8.00%,$2.60,$32.50,,,,
Justice High,5/14/2025,60150,Strawberry Parfait Power Pack(Power Pack),15,0,15,20,10,0,10,$16.30,0,0.00%,$0.00,$16.30,10,50.00%,$16.30,$32.60,,,,
Keene Mill Elementary,5/14/2025,10044,Soft Pretzel(1 pretzel),11,0,11,30,25,0,25,$5.50,0,0.00%,$0.00,$5.50,5,16.67%,$1.10,$6.60,,,,
Keene Mill Elementary,5/14/2025,10070,Orange Sauce(ounce),0,0,0,81,76,5,81,$11.34,0,0.00%,$0.00,$11.34,0,0.00%,$0.00,$11.34,,,,
Keene Mill Elementary,5/14/2025,10073,Whole Strawberries(1/2 cup thawed),0,0,0,210,205,0,205,$69.70,0,0.00%,$0.00,$69.70,5,2.38%,$1.70,$71.40,,,,
Keene Mill Elementary,5/14/2025,20001,1% White Milk(Each),45,0,45,48,43,0,43,$15.48,0,0.00%,$0.00,$15.48,5,10.42%,$1.80,$17.28,,,,
Keene Mill Elementary,5/14/2025,20002,Fat Free Chocolate Milk(Each),198,0,198,263,259,0,259,$90.65,0,0.00%,$0.00,$90.65,4,1.52%,$1.40,$92.05,,,,
Keene Mill Elementary,5/14/2025,20014,Red Delicious Apple(Each - serving),9,0,9,8,8,0,8,$2.64,0,0.00%,$0.00,$2.64,0,0.00%,$0.00,$2.64,,,,
Keene Mill Elementary,5/14/2025,20016,String Cheese(Each),0,0,0,20,18,0,18,$3.96,0,0.00%,$0.00,$3.96,2,10.00%,$0.44,$4.40,,,,
Keene Mill Elementary,5/14/2025,20018,Red Seedless Grapes(8 grapes per 1/4 cup),215,0,215,275,272,0,272,$70.72,0,0.00%,$0.00,$70.72,3,1.09%,$0.78,$71.50,,,,
Keene Mill Elementary,5/14/2025,20027,Broccoli Florets(1/4 cup),143,0,143,150,145,0,145,$11.60,0,0.00%,$0.00,$11.60,5,3.33%,$0.40,$12.00,,,,
Keene Mill Elementary,5/14/2025,20028,Lettuce Blend Salad Mix(1/2 cup),156,0,156,250,247,0,247,$19.76,0,0.00%,$0.00,$19.76,3,1.20%,$0.24,$20.00,,,,
Keene Mill Elementary,5/14/2025,20038,Fat Free White Milk(Each),25,0,25,35,21,0,21,$6.93,0,0.00%,$0.00,$6.93,14,40.00%,$4.62,$11.55,,,,
Keene Mill Elementary,5/14/2025,20040,Cucumber Slices(6 Slices per 1/2 cup),10,0,10,8,8,0,8,$0.96,0,0.00%,$0.00,$0.96,0,0.00%,$0.00,$0.96,,,,
Keene Mill Elementary,5/14/2025,30008,Apple Juice(Each),0,0,0,70,67,0,67,$11.39,0,0.00%,$0.00,$11.39,3,4.29%,$0.51,$11.90,,,,
Keene Mill Elementary,5/14/2025,30009,Orange Tangerine Juice(Each),0,0,0,25,20,0,20,$3.40,0,0.00%,$0.00,$3.40,5,20.00%,$0.85,$4.25,,,,
Keene Mill Elementary,5/14/2025,30014,Whole Wheat Dinner Roll(Each),216,0,216,201,201,0,201,$28.14,0,0.00%,$0.00,$28.14,0,0.00%,$0.00,$28.14,,,,
Keene Mill Elementary,5/14/2025,30020,Applesauce(1/2 Cup),9,0,9,8,8,0,8,$1.68,0,0.00%,$0.00,$1.68,0,0.00%,$0.00,$1.68,,,,
Keene Mill Elementary,5/14/2025,30020,Applesauce(1/4 cup),191,0,191,230,228,0,228,$25.08,0,0.00%,$0.00,$25.08,2,0.87%,$0.22,$25.30,,,,
Keene Mill Elementary,5/14/2025,30031,Strawberry Chex Mix(Package),0,0,0,45,41,0,41,$18.45,0,0.00%,$0.00,$18.45,4,8.89%,$1.80,$20.25,,,,
Keene Mill Elementary,5/14/2025,30033,Cheez-Its Crackers(Package),10,0,10,8,8,0,8,$1.44,0,0.00%,$0.00,$1.44,0,0.00%,$0.00,$1.44,,,,
Keene Mill Elementary,5/14/2025,30043,Raspberry Lemonade Flavored Dried Cranberries(Each),22,0,22,75,71,0,71,$17.04,0,0.00%,$0.00,$17.04,4,5.33%,$0.96,$18.00,,,,
Keene Mill Elementary,5/14/2025,30044,Strawberry Flavored Dried Cranberries(Each),66,0,66,75,69,0,69,$16.56,0,0.00%,$0.00,$16.56,6,8.00%,$1.44,$18.00,,,,
Keene Mill Elementary,5/14/2025,30077,Italian Dressing(1 ounce),61,0,61,145,137,0,137,$10.96,0,0.00%,$0.00,$10.96,8,5.52%,$0.64,$11.60,,,,
Keene Mill Elementary,5/14/2025,30097,Bottled Water(Bottle),0,0,0,10,7,0,7,$1.12,0,0.00%,$0.00,$1.12,3,30.00%,$0.48,$1.60,,,,
Keene Mill Elementary,5/14/2025,30099,Chickpeas(1/4 cup),55,0,55,165,156,0,156,$14.04,0,0.00%,$0.00,$14.04,9,5.45%,$0.81,$14.85,,,,
Keene Mill Elementary,5/14/2025,30107,Ranch Dressing(1 ounce),118,0,118,150,147,0,147,$16.17,0,0.00%,$0.00,$16.17,3,2.00%,$0.33,$16.50,,,,
Keene Mill Elementary,5/14/2025,60035,PB&J Power Pack(Power Packs),22,0,22,25,24,0,24,$25.92,0,0.00%,$0.00,$25.92,1,4.00%,$1.08,$27.00,,,,
Keene Mill Elementary,5/14/2025,60038,Peach Yogurt Power Pack(Power Packs),18,0,18,30,27,0,27,$21.60,0,0.00%,$0.00,$21.60,3,10.00%,$2.40,$24.00,,,,
Keene Mill Elementary,5/14/2025,60047,Chicken Tenders(3 tenders),9,0,9,8,8,0,8,$7.52,0,0.00%,$0.00,$7.52,0,0.00%,$0.00,$7.52,,,,
Keene Mill Elementary,5/14/2025,60050,Chickenless Bites(4 Bites),87,0,87,193,193,0,193,$146.68,0,0.00%,$0.00,$146.68,0,0.00%,$0.00,$146.68,,,,
Keene Mill Elementary,5/14/2025,60063,Chicken & Vegetable Dumplings(6 dumplings),0,0,0,82,77,5,82,$0.00,0,0.00%,$0.00,$0.00,0,0.00%,$0.00,$0.00,,,,
Keene Mill Elementary,5/14/2025,60077,Manager's Vegetable Choice(1/4 cup),12,0,12,220,216,0,216,$0.00,0,0.00%,$0.00,$0.00,4,1.82%,$0.00,$0.00,,,,
Keene Mill Elementary,5/14/2025,60162,Chicken & Biscuit Sandwich(Sandwich),0,0,0,22,22,0,22,$11.66,0,0.00%,$0.00,$11.66,0,0.00%,$0.00,$11.66,,,,
Kent Gardens Elementary,5/14/2025,10044,Soft Pretzel(1 pretzel),18,0,18,58,51,0,51,$11.22,0,0.00%,$0.00,$11.22,7,12.07%,$1.54,$12.76,,,,
Kent Gardens Elementary,5/14/2025,20001,1% White Milk(Each),24,0,24,119,21,0,21,$7.56,0,0.00%,$0.00,$7.56,98,82.35%,$35.28,$42.84,,,,
Kent Gardens Elementary,5/14/2025,20002,Fat Free Chocolate Milk(Each),95,0,95,259,144,0,144,$50.40,0,0.00%,$0.00,$50.40,115,44.40%,$40.25,$90.65,,,,
Kent Gardens Elementary,5/14/2025,20016,String Cheese(Each),10,0,10,10,4,0,4,$0.88,0,0.00%,$0.00,$0.88,6,60.00%,$1.32,$2.20,,,,
Kent Gardens Elementary,5/14/2025,20017,Orange(1/4 cup),0,0,0,250,248,0,248,$42.16,0,0.00%,$0.00,$42.16,2,0.80%,$0.34,$42.50,,,,
Kent Gardens Elementary,5/14/2025,20023,Baby Carrots(3 baby carrots per 1/4 cup),0,0,0,100,98,0,98,$8.82,0,0.00%,$0.00,$8.82,2,2.00%,$0.18,$9.00,,,,
Kent Gardens Elementary,5/14/2025,20028,Lettuce Blend Salad Mix(1/2 cup),76,0,76,80,75,0,75,$6.00,0,0.00%,$0.00,$6.00,5,6.25%,$0.40,$6.40,,,,
Kent Gardens Elementary,5/14/2025,20031,Banana(Each),186,0,186,250,248,0,248,$52.08,0,0.00%,$0.00,$52.08,2,0.80%,$0.42,$52.50,,,,
Kent Gardens Elementary,5/14/2025,20036,Celery Sticks(1/2 cup),0,0,0,100,95,0,95,$52.25,0,0.00%,$0.00,$52.25,5,5.00%,$2.75,$55.00,,,,
Kent Gardens Elementary,5/14/2025,20038,Fat Free White Milk(Each),55,0,55,45,9,0,9,$2.97,0,0.00%,$0.00,$2.97,36,80.00%,$11.88,$14.85,,,,
Kent Gardens Elementary,5/14/2025,20052,Assorted  4 oz Yogurt(Container),5,0,5,5,2,0,2,$0.00,0,0.00%,$0.00,$0.00,3,60.00%,$0.00,$0.00,,,,
Kent Gardens Elementary,5/14/2025,30008,Apple Juice(Each),60,0,60,60,55,0,55,$9.35,0,0.00%,$0.00,$9.35,5,8.33%,$0.85,$10.20,,,,
Kent Gardens Elementary,5/14/2025,30009,Orange Tangerine Juice(Each),40,0,40,40,38,0,38,$6.46,0,0.00%,$0.00,$6.46,2,5.00%,$0.34,$6.80,,,,
Kent Gardens Elementary,5/14/2025,30033,Cheez-Its Crackers(Package),0,0,0,6,6,0,6,$1.08,0,0.00%,$0.00,$1.08,0,0.00%,$0.00,$1.08,,,,
Kent Gardens Elementary,5/14/2025,30043,Raspberry Lemonade Flavored Dried Cranberries(Each),13,0,13,80,68,0,68,$16.32,0,0.00%,$0.00,$16.32,12,15.00%,$2.88,$19.20,,,,
Kent Gardens Elementary,5/14/2025,30063,Ketchup Packet(Packet),149,0,149,200,175,0,175,$5.25,0,0.00%,$0.00,$5.25,25,12.50%,$0.75,$6.00,,,,
Kent Gardens Elementary,5/14/2025,30077,Italian Dressing(1 ounce),22,0,22,24,22,0,22,$1.76,0,0.00%,$0.00,$1.76,2,8.33%,$0.16,$1.92,,,,
Kent Gardens Elementary,5/14/2025,30097,Bottled Water(Bottle),40,0,40,30,24,0,24,$3.84,0,0.00%,$0.00,$3.84,6,20.00%,$0.96,$4.80,,,,
Kent Gardens Elementary,5/14/2025,30099,Chickpeas(1/4 cup),38,0,38,40,37,0,37,$3.33,0,0.00%,$0.00,$3.33,3,7.50%,$0.27,$3.60,,,,
Kent Gardens Elementary,5/14/2025,30107,Ranch Dressing(1 ounce),46,0,46,48,46,0,46,$5.06,0,0.00%,$0.00,$5.06,2,4.17%,$0.22,$5.28,,,,
Kent Gardens Elementary,5/14/2025,30109,Smartfood RF White Cheddar Popcorn(Each),200,0,200,140,137,0,137,$50.69,0,0.00%,$0.00,$50.69,3,2.14%,$1.11,$51.80,,,,
Kent Gardens Elementary,5/14/2025,60035,PB&J Power Pack(Power Packs),73,0,73,93,89,0,89,$96.12,0,0.00%,$0.00,$96.12,4,4.30%,$4.32,$100.44,,,,
Kent Gardens Elementary,5/14/2025,60036,Cherry Vanilla Yogurt Power Pack(Power Packs),9,0,9,10,6,0,6,$4.80,0,0.00%,$0.00,$4.80,4,40.00%,$3.20,$8.00,,,,
Kent Gardens Elementary,5/14/2025,60037,Strawberry & Banana Yogurt Power Pack(Power Packs),3,0,3,10,7,0,7,$5.60,0,0.00%,$0.00,$5.60,3,30.00%,$2.40,$8.00,,,,
Kent Gardens Elementary,5/14/2025,60039,Pasta with Meat Sauce(serving),0,0,0,180,175,0,175,$187.25,0,0.00%,$0.00,$187.25,5,2.78%,$5.35,$192.60,,,,
Kent Gardens Elementary,5/14/2025,60064,Vegetable Dumpling(6 dumplings),0,0,0,15,14,0,14,$0.00,0,0.00%,$0.00,$0.00,1,6.67%,$0.00,$0.00,,,,
Kent Gardens Elementary,5/14/2025,60101,Chickpeas - salad bar entree(1/2 cup),7,0,7,4,4,0,4,$0.72,0,0.00%,$0.00,$0.72,0,0.00%,$0.00,$0.72,,,,
Kent Gardens Elementary,5/14/2025,60148,Turkey Barbacoa Arepa(1 Arepa + #10 scoop of turkey barbacoa),0,0,0,10,10,0,10,$14.40,0,0.00%,$0.00,$14.40,0,0.00%,$0.00,$14.40,,,,
Key Middle,5/14/2025,10027,"Bread, Loco(flatbread)",105,0,105,178,177,0,177,$53.10,1,0.56%,$0.30,$53.40,0,0.00%,$0.00,$53.40,,,,
Key Middle,5/14/2025,10033,Chocolate Chip Cookie(Cookie),30,0,30,50,48,0,48,$12.96,0,0.00%,$0.00,$12.96,2,4.00%,$0.54,$13.50,,,,
Key Middle,5/14/2025,10044,Soft Pretzel(1 pretzel),1,0,1,0,0,0,0,$0.00,0,0.00%,$0.00,$0.00,0,0.00%,$0.00,$0.00,,,,
Key Middle,5/14/2025,10070,Orange Sauce(ounce),46,0,46,60,55,0,55,$7.70,0,0.00%,$0.00,$7.70,5,8.33%,$0.70,$8.40,,,,
Key Middle,5/14/2025,20001,1% White Milk(Each),50,0,50,71,55,0,55,$19.80,0,0.00%,$0.00,$19.80,16,22.54%,$5.76,$25.56,,,,
Key Middle,5/14/2025,20002,Fat Free Chocolate Milk(Each),258,0,258,495,323,0,323,$113.05,0,0.00%,$0.00,$113.05,172,34.75%,$60.20,$173.25,,,,
Key Middle,5/14/2025,20008,Apple Slices(3 slices per 1/4 cup),344,0,344,180,179,0,179,$105.61,0,0.00%,$0.00,$105.61,1,0.56%,$0.59,$106.20,,,,
Key Middle,5/14/2025,20016,String Cheese(Each),5,0,5,5,0,0,0,$0.00,0,0.00%,$0.00,$0.00,5,100.00%,$0.00,$0.00,,,,
Key Middle,5/14/2025,20027,Broccoli Florets(1/4 cup),72,0,72,140,128,0,128,$10.24,0,0.00%,$0.00,$10.24,12,8.57%,$0.96,$11.20,,,,
Key Middle,5/14/2025,20028,Lettuce Blend Salad Mix(1/2 cup),305,0,305,320,319,0,319,$25.52,0,0.00%,$0.00,$25.52,1,0.31%,$0.08,$25.60,,,,
Key Middle,5/14/2025,20031,Banana(Each),228,0,228,276,275,0,275,$57.75,0,0.00%,$0.00,$57.75,1,0.36%,$0.21,$57.96,,,,
Key Middle,5/14/2025,20038,Fat Free White Milk(Each),18,0,18,89,25,0,25,$8.25,0,0.00%,$0.00,$8.25,64,71.91%,$21.12,$29.37,,,,
Key Middle,5/14/2025,20052,Assorted  4 oz Yogurt(Container),5,0,5,5,0,0,0,$0.00,0,0.00%,$0.00,$0.00,5,100.00%,$0.00,$0.00,,,,
Key Middle,5/14/2025,30008,Apple Juice(Each),5,0,5,5,0,0,0,$0.00,0,0.00%,$0.00,$0.00,5,100.00%,$0.00,$0.00,,,,
Key Middle,5/14/2025,30009,Orange Tangerine Juice(Each),5,0,5,5,0,0,0,$0.00,0,0.00%,$0.00,$0.00,5,100.00%,$0.00,$0.00,,,,
Key Middle,5/14/2025,30033,Cheez-Its Crackers(Package),5,0,5,5,0,0,0,$0.00,0,0.00%,$0.00,$0.00,5,100.00%,$0.00,$0.00,,,,
Key Middle,5/14/2025,30039,Cherry Flavored Dried Cranberries(Each),121,0,121,60,30,0,30,$7.20,0,0.00%,$0.00,$7.20,30,50.00%,$7.20,$14.40,,,,
Key Middle,5/14/2025,30041,Orange Flavored Dried Cranberries(Each),102,0,102,0,0,0,0,$0.00,0,0.00%,$0.00,$0.00,0,0.00%,$0.00,$0.00,,,,
Key Middle,5/14/2025,30042,Original Flavored Dried Cranberries(Package),51,0,51,0,0,0,0,$0.00,0,0.00%,$0.00,$0.00,0,0.00%,$0.00,$0.00,,,,
Key Middle,5/14/2025,30043,Raspberry Lemonade Flavored Dried Cranberries(Each),127,0,127,0,0,0,0,$0.00,0,0.00%,$0.00,$0.00,0,0.00%,$0.00,$0.00,,,,
Key Middle,5/14/2025,30044,Strawberry Flavored Dried Cranberries(Each),107,0,107,0,0,0,0,$0.00,0,0.00%,$0.00,$0.00,0,0.00%,$0.00,$0.00,,,,
Key Middle,5/14/2025,30045,Watermelon Flavored Dried Cranberries(Each),112,0,112,0,0,0,0,$0.00,0,0.00%,$0.00,$0.00,0,0.00%,$0.00,$0.00,,,,
Key Middle,5/14/2025,30061,Chilled Mandarin Oranges(1/2 cup (drained)),0,0,0,204,203,0,203,$69.02,0,0.00%,$0.00,$69.02,1,0.49%,$0.34,$69.36,,,,
Key Middle,5/14/2025,30063,Ketchup Packet(Packet),791,0,791,800,790,0,790,$23.70,0,0.00%,$0.00,$23.70,10,1.25%,$0.30,$24.00,,,,
Key Middle,5/14/2025,30064,Mayonnaise Packet(Packet),192,0,192,200,193,0,193,$19.30,0,0.00%,$0.00,$19.30,7,3.50%,$0.70,$20.00,,,,
Key Middle,5/14/2025,30065,Mustard Packet(Packet),23,0,23,20,11,0,11,$0.55,0,0.00%,$0.00,$0.55,9,45.00%,$0.45,$1.00,,,,
Key Middle,5/14/2025,30077,Italian Dressing(1 ounce),39,0,39,48,43,0,43,$3.44,0,0.00%,$0.00,$3.44,5,10.42%,$0.40,$3.84,,,,
Key Middle,5/14/2025,30097,Bottled Water(Bottle),20,0,20,27,21,0,21,$3.36,0,0.00%,$0.00,$3.36,6,22.22%,$0.96,$4.32,,,,
Key Middle,5/14/2025,30099,Chickpeas(1/4 cup),51,0,51,128,108,0,108,$9.72,0,0.00%,$0.00,$9.72,20,15.63%,$1.80,$11.52,,,,
Key Middle,5/14/2025,30107,Ranch Dressing(1 ounce),95,0,95,96,95,0,95,$10.45,0,0.00%,$0.00,$10.45,1,1.04%,$0.11,$10.56,,,,
Key Middle,5/14/2025,30109,Smartfood RF White Cheddar Popcorn(Each),5,0,5,0,0,0,0,$0.00,0,0.00%,$0.00,$0.00,0,0.00%,$0.00,$0.00,,,,
Key Middle,5/14/2025,30110,Doritos Flamas(Each),5,0,5,0,0,0,0,$0.00,0,0.00%,$0.00,$0.00,0,0.00%,$0.00,$0.00,,,,
Key Middle,5/14/2025,30111,Doritos RF Spicy Sweet Chili(Each),5,0,5,25,24,0,24,$8.88,0,0.00%,$0.00,$8.88,1,4.00%,$0.37,$9.25,,,,
Key Middle,5/14/2025,30112,Doritos RF Nacho Cheese(Each),5,0,5,0,0,0,0,$0.00,0,0.00%,$0.00,$0.00,0,0.00%,$0.00,$0.00,,,,
Key Middle,5/14/2025,30113,Cool Ranch Reduced Fat Doritos(Each),5,0,5,0,0,0,0,$0.00,0,0.00%,$0.00,$0.00,0,0.00%,$0.00,$0.00,,,,
Key Middle,5/14/2025,30114,SS Baked Cheetos Flaming Hot(Each),5,0,5,0,0,0,0,$0.00,0,0.00%,$0.00,$0.00,0,0.00%,$0.00,$0.00,,,,
Key Middle,5/14/2025,30115,SS Baked Cheetos Flaming Limon(Each),5,0,5,50,42,0,42,$16.38,3,6.00%,$1.17,$17.55,5,10.00%,$1.95,$19.50,,,,
Key Middle,5/14/2025,30116,SS Cheetos Fantastix Flaming Hot(Each),5,0,5,0,0,0,0,$0.00,0,0.00%,$0.00,$0.00,0,0.00%,$0.00,$0.00,,,,
Key Middle,5/14/2025,30117,WG Baked Funyuns(Each),5,0,5,0,0,0,0,$0.00,0,0.00%,$0.00,$0.00,0,0.00%,$0.00,$0.00,,,,
Key Middle,5/14/2025,30118,Kettle Cooked Smoky BBQ Chips(Each),15,0,15,4,4,0,4,$2.40,0,0.00%,$0.00,$2.40,0,0.00%,$0.00,$2.40,,,,
Key Middle,5/14/2025,30119,RF Kettle Chips Jalapeno & Cheddar Chips(Each),5,0,5,0,0,0,0,$0.00,0,0.00%,$0.00,$0.00,0,0.00%,$0.00,$0.00,,,,
Key Middle,5/14/2025,30120,RF Kettle Chips Sea Salt & Vinegar Chips(Each),5,0,5,0,0,0,0,$0.00,0,0.00%,$0.00,$0.00,0,0.00%,$0.00,$0.00,,,,
Key Middle,5/14/2025,30121,Kellogg’s W/G Rice Krispies Treats(Each),0,0,0,23,20,0,20,$14.80,0,0.00%,$0.00,$14.80,3,13.04%,$2.22,$17.02,,,,
Key Middle,5/14/2025,30124,"Fruit Snacks, Welch's Mixed(Each)",5,0,5,10,1,0,1,$0.40,0,0.00%,$0.00,$0.40,9,90.00%,$3.60,$4.00,,,,
Key Middle,5/14/2025,30160,Lay's RF Kettle Original Chips(Each),15,0,15,0,0,0,0,$0.00,0,0.00%,$0.00,$0.00,0,0.00%,$0.00,$0.00,,,,
Key Middle,5/14/2025,60035,PB&J Power Pack(Power Packs),76,0,76,50,44,0,44,$47.52,0,0.00%,$0.00,$47.52,6,12.00%,$6.48,$54.00,,,,
Key Middle,5/14/2025,60036,Cherry Vanilla Yogurt Power Pack(Power Packs),8,0,8,8,6,0,6,$4.80,0,0.00%,$0.00,$4.80,2,25.00%,$1.60,$6.40,,,,
Key Middle,5/14/2025,60037,Strawberry & Banana Yogurt Power Pack(Power Packs),5,0,5,8,6,0,6,$4.80,0,0.00%,$0.00,$4.80,2,25.00%,$1.60,$6.40,,,,
Key Middle,5/14/2025,60038,Peach Yogurt Power Pack(Power Packs),3,0,3,8,4,0,4,$3.20,0,0.00%,$0.00,$3.20,4,50.00%,$3.20,$6.40,,,,
Key Middle,5/14/2025,60040,Grilled Cheese Sandwich(Sandwich),16,0,16,40,35,0,35,$14.70,0,0.00%,$0.00,$14.70,5,12.50%,$2.10,$16.80,,,,
Key Middle,5/14/2025,60050,Chickenless Bites(4 Bites),110,0,110,178,177,0,177,$134.52,1,0.56%,$0.76,$135.28,0,0.00%,$0.00,$135.28,,,,
Key Middle,5/14/2025,60063,Chicken & Vegetable Dumplings(6 dumplings),46,0,46,60,55,0,55,$0.00,0,0.00%,$0.00,$0.00,5,8.33%,$0.00,$0.00,,,,
Key Middle,5/14/2025,60075,Spicy Chicken Wrap(Wrap),33,0,33,35,34,0,34,$39.78,1,2.86%,$1.17,$40.95,0,0.00%,$0.00,$40.95,,,,
Key Middle,5/14/2025,60077,Manager's Vegetable Choice(1/4 cup),80,0,80,162,127,0,127,$0.00,0,0.00%,$0.00,$0.00,35,21.60%,$0.00,$0.00,,,,
Key Middle,5/14/2025,60078,Nachos with Turkey Barbacoa and Cheese Sauce(Serving),0,0,0,200,199,0,199,$264.67,1,0.50%,$1.33,$266.00,0,0.00%,$0.00,$266.00,,,,
Key Middle,5/14/2025,60101,Chickpeas - salad bar entree(1/2 cup),1,0,1,0,0,0,0,$0.00,0,0.00%,$0.00,$0.00,0,0.00%,$0.00,$0.00,,,,
Kilmer Middle,5/14/2025,10011,Sweet Thai Chili Sauce(ounce),0,0,0,45,25,0,25,$3.50,0,0.00%,$0.00,$3.50,20,44.44%,$2.80,$6.30,,,,
Kilmer Middle,5/14/2025,10027,"Bread, Loco(flatbread)",120,15,135,50,50,0,50,$15.00,0,0.00%,$0.00,$15.00,0,0.00%,$0.00,$15.00,,,,
Kilmer Middle,5/14/2025,10044,Soft Pretzel(1 pretzel),2,0,2,34,28,0,28,$6.16,0,0.00%,$0.00,$6.16,6,17.65%,$1.32,$7.48,,,,
Kilmer Middle,5/14/2025,10073,Whole Strawberries(1/2 cup thawed),240,0,240,60,60,0,60,$20.40,0,0.00%,$0.00,$20.40,0,0.00%,$0.00,$20.40,,,,
Kilmer Middle,5/14/2025,10075,Cheese Pizza(Slice),0,0,0,63,58,5,63,$35.91,0,0.00%,$0.00,$35.91,0,0.00%,$0.00,$35.91,,,,
Kilmer Middle,5/14/2025,20001,1% White Milk(Each),38,0,38,46,27,0,27,$9.72,0,0.00%,$0.00,$9.72,19,41.30%,$6.84,$16.56,,,,
Kilmer Middle,5/14/2025,20002,Fat Free Chocolate Milk(Each),265,0,265,296,246,0,246,$86.10,0,0.00%,$0.00,$86.10,50,16.89%,$17.50,$103.60,,,,
Kilmer Middle,5/14/2025,20008,Apple Slices(3 slices per 1/4 cup),105,0,105,140,136,0,136,$80.24,0,0.00%,$0.00,$80.24,4,2.86%,$2.36,$82.60,,,,
Kilmer Middle,5/14/2025,20023,Baby Carrots(3 baby carrots per 1/4 cup),0,0,0,120,95,0,95,$8.55,0,0.00%,$0.00,$8.55,25,20.83%,$2.25,$10.80,,,,
Kilmer Middle,5/14/2025,20028,Lettuce Blend Salad Mix(1/2 cup),250,0,250,240,238,0,238,$19.04,0,0.00%,$0.00,$19.04,2,0.83%,$0.16,$19.20,,,,
Kilmer Middle,5/14/2025,20031,Banana(Each),95,0,95,150,120,0,120,$25.20,0,0.00%,$0.00,$25.20,30,20.00%,$6.30,$31.50,,,,
Kilmer Middle,5/14/2025,20038,Fat Free White Milk(Each),6,0,6,20,4,0,4,$1.32,0,0.00%,$0.00,$1.32,16,80.00%,$5.28,$6.60,,,,
Kilmer Middle,5/14/2025,20040,Cucumber Slices(1/4 cup),0,0,0,180,140,0,140,$8.40,0,0.00%,$0.00,$8.40,40,22.22%,$2.40,$10.80,,,,
Kilmer Middle,5/14/2025,20042,"Peppers, Red, Whole(1/4 cup)",0,0,0,25,25,0,25,$2.25,0,0.00%,$0.00,$2.25,0,0.00%,$0.00,$2.25,,,,
Kilmer Middle,5/14/2025,20076,"Peppers, green, pre-sliced(1/2 cup sliced)",0,0,0,25,25,0,25,$7.50,0,0.00%,$0.00,$7.50,0,0.00%,$0.00,$7.50,,,,
Kilmer Middle,5/14/2025,30008,Apple Juice(Each),10,0,10,10,2,0,2,$0.34,0,0.00%,$0.00,$0.34,8,80.00%,$1.36,$1.70,,,,
Kilmer Middle,5/14/2025,30014,Whole Wheat Dinner Roll(2 rolls),0,0,0,160,160,0,160,$44.80,0,0.00%,$0.00,$44.80,0,0.00%,$0.00,$44.80,,,,
Kilmer Middle,5/14/2025,30033,Cheez-Its Crackers(Package),30,0,30,40,16,0,16,$2.88,0,0.00%,$0.00,$2.88,24,60.00%,$4.32,$7.20,,,,
Kilmer Middle,5/14/2025,30044,Strawberry Flavored Dried Cranberries(Each),252,0,252,210,210,0,210,$50.40,0,0.00%,$0.00,$50.40,0,0.00%,$0.00,$50.40,,,,
Kilmer Middle,5/14/2025,30063,Ketchup Packet(Packet),380,0,380,300,200,0,200,$6.00,0,0.00%,$0.00,$6.00,100,33.33%,$3.00,$9.00,,,,
Kilmer Middle,5/14/2025,30064,Mayonnaise Packet(Packet),57,0,57,50,20,0,20,$2.00,0,0.00%,$0.00,$2.00,30,60.00%,$3.00,$5.00,,,,
Kilmer Middle,5/14/2025,30065,Mustard Packet(Packet),15,0,15,50,25,0,25,$1.25,0,0.00%,$0.00,$1.25,25,50.00%,$1.25,$2.50,,,,
Kilmer Middle,5/14/2025,30077,Italian Dressing(1 ounce),11,0,11,25,15,0,15,$1.20,0,0.00%,$0.00,$1.20,10,40.00%,$0.80,$2.00,,,,
Kilmer Middle,5/14/2025,30097,Bottled Water(Bottle),90,0,90,84,75,0,75,$12.00,0,0.00%,$0.00,$12.00,9,10.71%,$1.44,$13.44,,,,
Kilmer Middle,5/14/2025,30099,Chickpeas(1/4 cup),18,0,18,35,15,0,15,$1.35,20,57.14%,$1.80,$3.15,0,0.00%,$0.00,$3.15,,,,
Kilmer Middle,5/14/2025,30107,Ranch Dressing(1 ounce),166,0,166,200,150,0,150,$16.50,0,0.00%,$0.00,$16.50,50,25.00%,$5.50,$22.00,,,,
Kilmer Middle,5/14/2025,30111,Doritos RF Spicy Sweet Chili(Each),60,0,60,112,112,0,112,$41.44,0,0.00%,$0.00,$41.44,0,0.00%,$0.00,$41.44,,,,
Kilmer Middle,5/14/2025,30122,WG Chocolate Chip Rice Krispy Treats(Each),0,0,0,262,244,0,244,$146.40,0,0.00%,$0.00,$146.40,18,6.87%,$10.80,$157.20,,,,
Kilmer Middle,5/14/2025,30124,"Fruit Snacks, Welch's Mixed(Each)",60,0,60,140,130,0,130,$52.00,0,0.00%,$0.00,$52.00,10,7.14%,$4.00,$56.00,,,,
Kilmer Middle,5/14/2025,60035,PB&J Power Pack(Power Packs),120,20,140,160,138,21,159,$171.72,0,0.00%,$0.00,$171.72,1,0.63%,$1.08,$172.80,,,,
Kilmer Middle,5/14/2025,60037,Strawberry & Banana Yogurt Power Pack(Power Packs),20,3,23,25,23,1,24,$19.20,0,0.00%,$0.00,$19.20,1,4.00%,$0.80,$20.00,,,,
Kilmer Middle,5/14/2025,60040,Grilled Cheese Sandwich(Sandwich),25,5,30,25,23,2,25,$10.50,0,0.00%,$0.00,$10.50,0,0.00%,$0.00,$10.50,,,,
Kilmer Middle,5/14/2025,60050,Chickenless Bites(4 Bites),120,15,135,225,172,30,202,$153.52,0,0.00%,$0.00,$153.52,23,10.22%,$17.48,$171.00,,,,
Kilmer Middle,5/14/2025,60064,Vegetable Dumpling(6 dumplings),0,0,0,32,27,0,27,$0.00,0,0.00%,$0.00,$0.00,5,15.63%,$0.00,$0.00,,,,
Kilmer Middle,5/14/2025,60075,Spicy Chicken Wrap(Wrap),6,0,6,8,8,0,8,$9.36,0,0.00%,$0.00,$9.36,0,0.00%,$0.00,$9.36,,,,
Kilmer Middle,5/14/2025,60078,Nachos with Turkey Barbacoa and Cheese Sauce(Serving),0,0,0,110,107,0,107,$142.31,3,2.73%,$3.99,$146.30,0,0.00%,$0.00,$146.30,,,,
Kilmer Middle,5/14/2025,60101,Chickpeas - salad bar entree(1/2 cup),2,0,2,10,4,0,4,$0.72,0,0.00%,$0.00,$0.72,6,60.00%,$1.08,$1.80,,,,
Kings Glen Elementary,5/14/2025,10033,Chocolate Chip Cookie(1/2 Cookie),0,0,0,17,17,0,17,$2.38,0,0.00%,$0.00,$2.38,0,0.00%,$0.00,$2.38,,,,
Kings Glen Elementary,5/14/2025,10044,Soft Pretzel(1 pretzel),9,0,9,22,19,0,19,$4.18,0,0.00%,$0.00,$4.18,3,13.64%,$0.66,$4.84,,,,
Kings Glen Elementary,5/14/2025,10058,Chicken & Vegetable Dumplings(6 dumplings),0,0,0,85,85,0,85,$0.00,0,0.00%,$0.00,$0.00,0,0.00%,$0.00,$0.00,,,,
Kings Glen Elementary,5/14/2025,10069,Bean and Cheese Pupusa(Pupusa),0,0,0,12,12,0,12,$18.00,0,0.00%,$0.00,$18.00,0,0.00%,$0.00,$18.00,,,,
Kings Glen Elementary,5/14/2025,10070,Orange Sauce(ounce),0,0,0,85,85,0,85,$11.90,0,0.00%,$0.00,$11.90,0,0.00%,$0.00,$11.90,,,,
Kings Glen Elementary,5/14/2025,20001,1% White Milk(Each),21,0,21,50,25,0,25,$9.00,0,0.00%,$0.00,$9.00,25,50.00%,$9.00,$18.00,,,,
Kings Glen Elementary,5/14/2025,20002,Fat Free Chocolate Milk(Each),131,0,131,150,130,5,135,$47.25,0,0.00%,$0.00,$47.25,15,10.00%,$5.25,$52.50,,,,
Kings Glen Elementary,5/14/2025,20027,Broccoli Florets(1/4 cup),44,0,44,50,35,0,35,$2.80,0,0.00%,$0.00,$2.80,15,30.00%,$1.20,$4.00,,,,
Kings Glen Elementary,5/14/2025,20028,Lettuce Blend Salad Mix(1/2 cup),79,0,79,89,84,0,84,$6.72,0,0.00%,$0.00,$6.72,5,5.62%,$0.40,$7.12,,,,
Kings Glen Elementary,5/14/2025,20031,Banana(Each),93,0,93,150,135,0,135,$28.35,0,0.00%,$0.00,$28.35,15,10.00%,$3.15,$31.50,,,,
Kings Glen Elementary,5/14/2025,20038,Fat Free White Milk(Each),15,0,15,50,18,0,18,$5.94,0,0.00%,$0.00,$5.94,32,64.00%,$10.56,$16.50,,,,
Kings Glen Elementary,5/14/2025,30008,Apple Juice(Each),0,0,0,49,49,0,49,$8.33,0,0.00%,$0.00,$8.33,0,0.00%,$0.00,$8.33,,,,
Kings Glen Elementary,5/14/2025,30014,Whole Wheat Dinner Roll(Each),113,0,113,100,90,0,90,$12.60,0,0.00%,$0.00,$12.60,10,10.00%,$1.40,$14.00,,,,
Kings Glen Elementary,5/14/2025,30039,Cherry Flavored Dried Cranberries(Each),54,0,54,100,50,0,50,$12.00,0,0.00%,$0.00,$12.00,50,50.00%,$12.00,$24.00,,,,
Kings Glen Elementary,5/14/2025,30063,Ketchup Packet(Packet),115,0,115,100,90,0,90,$2.70,0,0.00%,$0.00,$2.70,10,10.00%,$0.30,$3.00,,,,
Kings Glen Elementary,5/14/2025,30065,Mustard Packet(Packet),55,0,55,100,80,0,80,$4.00,0,0.00%,$0.00,$4.00,20,20.00%,$1.00,$5.00,,,,
Kings Glen Elementary,5/14/2025,30097,Bottled Water(Bottle),0,0,0,22,22,0,22,$3.52,0,0.00%,$0.00,$3.52,0,0.00%,$0.00,$3.52,,,,
Kings Glen Elementary,5/14/2025,30099,Chickpeas(1/4 cup),38,0,38,50,30,0,30,$2.70,0,0.00%,$0.00,$2.70,20,40.00%,$1.80,$4.50,,,,
Kings Glen Elementary,5/14/2025,30107,Ranch Dressing(1 ounce),35,0,35,50,40,0,40,$4.40,0,0.00%,$0.00,$4.40,10,20.00%,$1.10,$5.50,,,,
Kings Glen Elementary,5/14/2025,30109,Smartfood RF White Cheddar Popcorn(Each),0,0,0,62,62,0,62,$22.94,0,0.00%,$0.00,$22.94,0,0.00%,$0.00,$22.94,,,,
Kings Glen Elementary,5/14/2025,60035,PB&J Power Pack(Power Packs),31,0,31,50,42,0,42,$45.36,0,0.00%,$0.00,$45.36,8,16.00%,$8.64,$54.00,,,,
Kings Glen Elementary,5/14/2025,60038,Peach Yogurt Power Pack(Power Packs),9,0,9,5,2,0,2,$1.60,0,0.00%,$0.00,$1.60,3,60.00%,$2.40,$4.00,,,,
Kings Glen Elementary,5/14/2025,60050,Chickenless Bites(2 Bites),92,0,92,145,86,56,142,$53.96,0,0.00%,$0.00,$53.96,3,2.07%,$1.14,$55.10,,,,
Kings Glen Elementary,5/14/2025,60077,Manager's Vegetable Choice(1/4 cup),43,0,43,50,40,0,40,$0.00,0,0.00%,$0.00,$0.00,10,20.00%,$0.00,$0.00,,,,
Kings Park Elementary,5/14/2025,10044,Soft Pretzel(1 pretzel),26,0,26,70,62,0,62,$13.64,0,0.00%,$0.00,$13.64,8,11.43%,$1.76,$15.40,,,,
Kings Park Elementary,5/14/2025,10070,Orange Sauce(ounce),0,0,0,60,52,0,52,$7.28,0,0.00%,$0.00,$7.28,8,13.33%,$1.12,$8.40,,,,
Kings Park Elementary,5/14/2025,20001,1% White Milk(Each),66,0,66,139,109,5,114,$41.04,0,0.00%,$0.00,$41.04,25,17.99%,$9.00,$50.04,,,,
Kings Park Elementary,5/14/2025,20002,Fat Free Chocolate Milk(Each),209,0,209,340,207,8,215,$75.25,0,0.00%,$0.00,$75.25,125,36.76%,$43.75,$119.00,,,,
Kings Park Elementary,5/14/2025,20014,Red Delicious Apple(Each - serving),17,0,17,19,18,1,19,$6.27,0,0.00%,$0.00,$6.27,0,0.00%,$0.00,$6.27,,,,
Kings Park Elementary,5/14/2025,20018,Red Seedless Grapes(8 grapes per 1/4 cup),290,0,290,552,460,0,460,$119.60,0,0.00%,$0.00,$119.60,92,16.67%,$23.92,$143.52,,,,
Kings Park Elementary,5/14/2025,20023,Baby Carrots(3 baby carrots per 1/4 cup),0,0,0,48,48,0,48,$4.32,0,0.00%,$0.00,$4.32,0,0.00%,$0.00,$4.32,,,,
Kings Park Elementary,5/14/2025,20027,Broccoli Florets(1/4 cup),53,0,53,84,84,0,84,$6.72,0,0.00%,$0.00,$6.72,0,0.00%,$0.00,$6.72,,,,
Kings Park Elementary,5/14/2025,20028,Lettuce Blend Salad Mix(1/2 cup),121,0,121,120,120,0,120,$9.60,0,0.00%,$0.00,$9.60,0,0.00%,$0.00,$9.60,,,,
Kings Park Elementary,5/14/2025,20031,Banana(Each),0,0,0,139,120,0,120,$25.20,0,0.00%,$0.00,$25.20,19,13.67%,$3.99,$29.19,,,,
Kings Park Elementary,5/14/2025,20036,Celery Sticks(1/2 cup),0,0,0,84,84,0,84,$46.20,0,0.00%,$0.00,$46.20,0,0.00%,$0.00,$46.20,,,,
Kings Park Elementary,5/14/2025,20038,Fat Free White Milk(Each),20,0,20,18,18,0,18,$5.94,0,0.00%,$0.00,$5.94,0,0.00%,$0.00,$5.94,,,,
Kings Park Elementary,5/14/2025,20040,Cucumber Slices(1/4 cup),0,0,0,92,92,0,92,$5.52,0,0.00%,$0.00,$5.52,0,0.00%,$0.00,$5.52,,,,
Kings Park Elementary,5/14/2025,20040,Cucumber Slices(6 Slices per 1/2 cup),17,0,17,19,18,1,19,$2.28,0,0.00%,$0.00,$2.28,0,0.00%,$0.00,$2.28,,,,
Kings Park Elementary,5/14/2025,20074,"Apple Slices(3 slices, 1/4 cup)",0,0,0,64,64,0,64,$11.52,0,0.00%,$0.00,$11.52,0,0.00%,$0.00,$11.52,,,,
Kings Park Elementary,5/14/2025,30014,Whole Wheat Dinner Roll(Each),138,0,138,164,163,1,164,$22.96,0,0.00%,$0.00,$22.96,0,0.00%,$0.00,$22.96,,,,
Kings Park Elementary,5/14/2025,30020,Applesauce(1/2 Cup),32,0,32,36,36,0,36,$7.56,0,0.00%,$0.00,$7.56,0,0.00%,$0.00,$7.56,,,,
Kings Park Elementary,5/14/2025,30033,Cheez-Its Crackers(Package),16,0,16,18,18,0,18,$3.24,0,0.00%,$0.00,$3.24,0,0.00%,$0.00,$3.24,,,,
Kings Park Elementary,5/14/2025,30045,Watermelon Flavored Dried Cranberries(Each),78,0,78,100,74,1,75,$18.00,0,0.00%,$0.00,$18.00,25,25.00%,$6.00,$24.00,,,,
Kings Park Elementary,5/14/2025,30063,Ketchup Packet(Packet),0,0,0,180,165,0,165,$4.95,0,0.00%,$0.00,$4.95,15,8.33%,$0.45,$5.40,,,,
Kings Park Elementary,5/14/2025,30064,Mayonnaise Packet(Packet),0,0,0,100,90,0,90,$9.00,0,0.00%,$0.00,$9.00,10,10.00%,$1.00,$10.00,,,,
Kings Park Elementary,5/14/2025,30065,Mustard Packet(Packet),0,0,0,100,85,0,85,$4.25,0,0.00%,$0.00,$4.25,15,15.00%,$0.75,$5.00,,,,
Kings Park Elementary,5/14/2025,30077,Italian Dressing(1 ounce),12,0,12,24,12,0,12,$0.96,0,0.00%,$0.00,$0.96,12,50.00%,$0.96,$1.92,,,,
Kings Park Elementary,5/14/2025,30099,Chickpeas(1/4 cup),23,0,23,33,17,0,17,$1.53,0,0.00%,$0.00,$1.53,16,48.48%,$1.44,$2.97,,,,
Kings Park Elementary,5/14/2025,30107,Ranch Dressing(1 ounce),36,0,36,48,36,0,36,$3.96,0,0.00%,$0.00,$3.96,12,25.00%,$1.32,$5.28,,,,
Kings Park Elementary,5/14/2025,60022,Tex Mex Corn(1/2 cup),0,0,0,15,15,0,15,$7.20,0,0.00%,$0.00,$7.20,0,0.00%,$0.00,$7.20,,,,
Kings Park Elementary,5/14/2025,60035,PB&J Power Pack(Power Packs),79,0,79,84,82,0,82,$88.56,0,0.00%,$0.00,$88.56,2,2.38%,$2.16,$90.72,,,,
Kings Park Elementary,5/14/2025,60036,Cherry Vanilla Yogurt Power Pack(Power Packs),17,0,17,30,18,0,18,$14.40,0,0.00%,$0.00,$14.40,12,40.00%,$9.60,$24.00,,,,
Kings Park Elementary,5/14/2025,60037,Strawberry & Banana Yogurt Power Pack(Power Packs),14,0,14,22,10,0,10,$8.00,0,0.00%,$0.00,$8.00,12,54.55%,$9.60,$17.60,,,,
Kings Park Elementary,5/14/2025,60038,Peach Yogurt Power Pack(Power Packs),6,0,6,3,3,0,3,$2.40,0,0.00%,$0.00,$2.40,0,0.00%,$0.00,$2.40,,,,
Kings Park Elementary,5/14/2025,60045,Cucumber Slices(1/2 cup),14,0,14,18,18,0,18,$1.44,0,0.00%,$0.00,$1.44,0,0.00%,$0.00,$1.44,,,,
Kings Park Elementary,5/14/2025,60047,Chicken Tenders(3 tenders),30,0,30,34,33,1,34,$31.96,0,0.00%,$0.00,$31.96,0,0.00%,$0.00,$31.96,,,,
Kings Park Elementary,5/14/2025,60050,Chickenless Bites(4 Bites),113,0,113,130,130,0,130,$98.80,0,0.00%,$0.00,$98.80,0,0.00%,$0.00,$98.80,,,,
Kings Park Elementary,5/14/2025,60063,Chicken & Vegetable Dumplings(6 dumplings),0,0,0,66,53,7,60,$0.00,0,0.00%,$0.00,$0.00,6,9.09%,$0.00,$0.00,,,,
Kings Park Elementary,5/14/2025,60077,Manager's Vegetable Choice(1/4 cup),16,0,16,14,14,0,14,$0.00,0,0.00%,$0.00,$0.00,0,0.00%,$0.00,$0.00,,,,
Kings Park Elementary,5/14/2025,60101,Chickpeas - salad bar entree(1/2 cup),3,0,3,1,1,0,1,$0.18,0,0.00%,$0.00,$0.18,0,0.00%,$0.00,$0.18,,,,
Kings Park Elementary,5/14/2025,60126,Arepa w/Taco Beef(1 Aprea + #8 scoop of beef),0,0,0,4,4,0,4,$5.80,0,0.00%,$0.00,$5.80,0,0.00%,$0.00,$5.80,,,,
Lake Anne Elementary,5/14/2025,10044,Soft Pretzel(1 pretzel),330,0,330,15,14,0,14,$3.08,1,6.67%,$0.22,$3.30,0,0.00%,$0.00,$3.30,,,,
Lake Anne Elementary,5/14/2025,10069,Bean and Cheese Pupusa(Pupusa),0,0,0,12,8,0,8,$12.00,4,33.33%,$6.00,$18.00,0,0.00%,$0.00,$18.00,,,,
Lake Anne Elementary,5/14/2025,10070,Orange Sauce(ounce),158,0,158,80,50,0,50,$7.00,0,0.00%,$0.00,$7.00,30,37.50%,$4.20,$11.20,,,,
Lake Anne Elementary,5/14/2025,20001,1% White Milk(Each),81,0,81,69,56,0,56,$20.16,0,0.00%,$0.00,$20.16,13,18.84%,$4.68,$24.84,,,,
Lake Anne Elementary,5/14/2025,20002,Fat Free Chocolate Milk(Each),275,0,275,260,198,0,198,$69.30,0,0.00%,$0.00,$69.30,62,23.85%,$21.70,$91.00,,,,
Lake Anne Elementary,5/14/2025,20014,Red Delicious Apple(Each - serving),18,0,18,17,17,0,17,$5.61,0,0.00%,$0.00,$5.61,0,0.00%,$0.00,$5.61,,,,
Lake Anne Elementary,5/14/2025,20015,Golden Delicious Apple(Each),0,0,0,75,65,0,65,$20.15,0,0.00%,$0.00,$20.15,10,13.33%,$3.10,$23.25,,,,
Lake Anne Elementary,5/14/2025,20016,String Cheese(Each),15,0,15,10,0,0,0,$0.00,0,0.00%,$0.00,$0.00,10,100.00%,$0.00,$0.00,,,,
Lake Anne Elementary,5/14/2025,20018,Red Seedless Grapes(8 grapes per 1/4 cup),280,0,280,299,296,0,296,$76.96,3,1.00%,$0.78,$77.74,0,0.00%,$0.00,$77.74,,,,
Lake Anne Elementary,5/14/2025,20023,Baby Carrots(3 baby carrots per 1/4 cup),0,0,0,48,46,0,46,$4.14,2,4.17%,$0.18,$4.32,0,0.00%,$0.00,$4.32,,,,
Lake Anne Elementary,5/14/2025,20027,Broccoli Florets(1/4 cup),80,0,80,42,40,0,40,$3.20,2,4.76%,$0.16,$3.36,0,0.00%,$0.00,$3.36,,,,
Lake Anne Elementary,5/14/2025,20028,Lettuce Blend Salad Mix(1/2 cup),100,0,100,80,78,0,78,$6.24,2,2.50%,$0.16,$6.40,0,0.00%,$0.00,$6.40,,,,
Lake Anne Elementary,5/14/2025,20031,Banana(Each),0,0,0,100,92,0,92,$19.32,0,0.00%,$0.00,$19.32,8,8.00%,$1.68,$21.00,,,,
Lake Anne Elementary,5/14/2025,20038,Fat Free White Milk(Each),61,0,61,51,16,0,16,$5.28,0,0.00%,$0.00,$5.28,35,68.63%,$11.55,$16.83,,,,
Lake Anne Elementary,5/14/2025,20040,Cucumber Slices(6 Slices per 1/2 cup),19,0,19,18,18,0,18,$2.16,0,0.00%,$0.00,$2.16,0,0.00%,$0.00,$2.16,,,,
Lake Anne Elementary,5/14/2025,20047,Orange Slices(3 slices per 1/4 cup),0,0,0,119,116,0,116,$23.20,3,2.52%,$0.60,$23.80,0,0.00%,$0.00,$23.80,,,,
Lake Anne Elementary,5/14/2025,20052,Assorted  4 oz Yogurt(Container),15,0,15,10,0,0,0,$0.00,0,0.00%,$0.00,$0.00,10,100.00%,$0.00,$0.00,,,,
Lake Anne Elementary,5/14/2025,30008,Apple Juice(Each),50,0,50,30,25,0,25,$4.25,0,0.00%,$0.00,$4.25,5,16.67%,$0.85,$5.10,,,,
Lake Anne Elementary,5/14/2025,30009,Orange Tangerine Juice(Each),50,0,50,20,19,0,19,$3.23,0,0.00%,$0.00,$3.23,1,5.00%,$0.17,$3.40,,,,
Lake Anne Elementary,5/14/2025,30014,Whole Wheat Dinner Roll(2 rolls),0,0,0,150,120,0,120,$33.60,0,0.00%,$0.00,$33.60,30,20.00%,$8.40,$42.00,,,,
Lake Anne Elementary,5/14/2025,30014,Whole Wheat Dinner Roll(Each),221,0,221,98,56,2,58,$8.12,0,0.00%,$0.00,$8.12,40,40.82%,$5.60,$13.72,,,,
Lake Anne Elementary,5/14/2025,30020,Applesauce(1/2 Cup),25,0,25,24,24,0,24,$5.04,0,0.00%,$0.00,$5.04,0,0.00%,$0.00,$5.04,,,,
Lake Anne Elementary,5/14/2025,30020,Applesauce(1/4 cup),150,0,150,0,0,0,0,$0.00,0,0.00%,$0.00,$0.00,0,0.00%,$0.00,$0.00,,,,
Lake Anne Elementary,5/14/2025,30031,Strawberry Chex Mix(Package),50,0,50,20,6,0,6,$2.70,0,0.00%,$0.00,$2.70,14,70.00%,$6.30,$9.00,,,,
Lake Anne Elementary,5/14/2025,30033,Cheez-Its Crackers(Package),17,0,17,16,16,0,16,$2.88,0,0.00%,$0.00,$2.88,0,0.00%,$0.00,$2.88,,,,
Lake Anne Elementary,5/14/2025,30034,Graham Crackers(Package),1,0,1,1,1,0,1,$0.14,0,0.00%,$0.00,$0.14,0,0.00%,$0.00,$0.14,,,,
Lake Anne Elementary,5/14/2025,30039,Cherry Flavored Dried Cranberries(Each),0,0,0,0,0,0,0,$0.00,0,0.00%,$0.00,$0.00,0,0.00%,$0.00,$0.00,,,,
Lake Anne Elementary,5/14/2025,30041,Orange Flavored Dried Cranberries(Each),23,0,23,0,0,0,0,$0.00,0,0.00%,$0.00,$0.00,0,0.00%,$0.00,$0.00,,,,
Lake Anne Elementary,5/14/2025,30042,Original Flavored Dried Cranberries(Package),0,0,0,0,0,0,0,$0.00,0,0.00%,$0.00,$0.00,0,0.00%,$0.00,$0.00,,,,
Lake Anne Elementary,5/14/2025,30043,Raspberry Lemonade Flavored Dried Cranberries(Each),12,0,12,0,0,0,0,$0.00,0,0.00%,$0.00,$0.00,0,0.00%,$0.00,$0.00,,,,
Lake Anne Elementary,5/14/2025,30044,Strawberry Flavored Dried Cranberries(Each),0,0,0,40,38,0,38,$9.12,0,0.00%,$0.00,$9.12,2,5.00%,$0.48,$9.60,,,,
Lake Anne Elementary,5/14/2025,30045,Watermelon Flavored Dried Cranberries(Each),0,0,0,0,0,0,0,$0.00,0,0.00%,$0.00,$0.00,0,0.00%,$0.00,$0.00,,,,
Lake Anne Elementary,5/14/2025,30077,Italian Dressing(1 ounce),30,0,30,24,14,0,14,$1.12,10,41.67%,$0.80,$1.92,0,0.00%,$0.00,$1.92,,,,
Lake Anne Elementary,5/14/2025,30097,Bottled Water(Bottle),50,0,50,20,12,0,12,$1.92,0,0.00%,$0.00,$1.92,8,40.00%,$1.28,$3.20,,,,
Lake Anne Elementary,5/14/2025,30099,Chickpeas(1/4 cup),30,0,30,30,20,0,20,$1.80,10,33.33%,$0.90,$2.70,0,0.00%,$0.00,$2.70,,,,
Lake Anne Elementary,5/14/2025,30103,"Milk, Lactose Free,  Fat Free, Shelf-Stable(Each)",2,0,2,2,2,0,2,$0.96,0,0.00%,$0.00,$0.96,0,0.00%,$0.00,$0.96,,,,
Lake Anne Elementary,5/14/2025,30107,Ranch Dressing(1 ounce),50,0,50,72,52,0,52,$5.72,0,0.00%,$0.00,$5.72,20,27.78%,$2.20,$7.92,,,,
Lake Anne Elementary,5/14/2025,30109,Smartfood RF White Cheddar Popcorn(Each),80,0,80,60,47,0,47,$17.39,0,0.00%,$0.00,$17.39,13,21.67%,$4.81,$22.20,,,,
Lake Anne Elementary,5/14/2025,30188,"Milk, Soy, Plain, Bulk (12/32 oz)(1 cup)",1,0,1,1,1,0,1,$0.79,0,0.00%,$0.00,$0.79,0,0.00%,$0.00,$0.79,,,,
Lake Anne Elementary,5/14/2025,60018,Cheese Quesadilla(Quesadilla),0,0,0,30,27,0,27,$18.63,3,10.00%,$2.07,$20.70,0,0.00%,$0.00,$20.70,,,,
Lake Anne Elementary,5/14/2025,60035,PB&J Power Pack(Power Packs),100,0,100,50,38,0,38,$41.04,0,0.00%,$0.00,$41.04,12,24.00%,$12.96,$54.00,,,,
Lake Anne Elementary,5/14/2025,60036,Cherry Vanilla Yogurt Power Pack(Power Packs),20,0,20,15,7,0,7,$5.60,0,0.00%,$0.00,$5.60,8,53.33%,$6.40,$12.00,,,,
Lake Anne Elementary,5/14/2025,60037,Strawberry & Banana Yogurt Power Pack(Power Packs),20,0,20,15,10,0,10,$8.00,0,0.00%,$0.00,$8.00,5,33.33%,$4.00,$12.00,,,,
Lake Anne Elementary,5/14/2025,60038,Peach Yogurt Power Pack(Power Packs),25,0,25,6,6,0,6,$4.80,0,0.00%,$0.00,$4.80,0,0.00%,$0.00,$4.80,,,,
Lake Anne Elementary,5/14/2025,60045,Cucumber Slices(1/2 cup),6,0,6,6,6,0,6,$0.48,0,0.00%,$0.00,$0.48,0,0.00%,$0.00,$0.48,,,,
Lake Anne Elementary,5/14/2025,60047,Chicken Tenders(3 tenders),18,0,18,161,154,5,159,$149.46,2,1.24%,$1.88,$151.34,0,0.00%,$0.00,$151.34,,,,
Lake Anne Elementary,5/14/2025,60050,Chickenless Bites(4 Bites),209,0,209,84,63,2,65,$49.40,2,2.38%,$1.52,$50.92,17,20.24%,$12.92,$63.84,,,,
Lake Anne Elementary,5/14/2025,60064,Vegetable Dumpling(6 dumplings),0,0,0,64,52,0,52,$0.00,2,3.13%,$0.00,$0.00,10,15.63%,$0.00,$0.00,,,,
Lake Anne Elementary,5/14/2025,60077,Manager's Vegetable Choice(1/4 cup),0,0,0,72,70,0,70,$0.00,2,2.78%,$0.00,$0.00,0,0.00%,$0.00,$0.00,,,,
Lake Anne Elementary,5/14/2025,60101,Chickpeas - salad bar entree(1/2 cup),0,0,0,0,0,0,0,$0.00,0,0.00%,$0.00,$0.00,0,0.00%,$0.00,$0.00,,,,
Lake Braddock Secondary,5/14/2025,10013,"Patty, Chicken, Spicy, Breaded(2 strips)",0,0,0,90,76,9,85,$30.60,0,0.00%,$0.00,$30.60,5,5.56%,$1.80,$32.40,,,,
Lake Braddock Secondary,5/14/2025,10027,"Bread, Loco(flatbread)",176,35,211,230,181,33,214,$64.20,1,0.43%,$0.30,$64.50,15,6.52%,$4.50,$69.00,,,,
Lake Braddock Secondary,5/14/2025,10033,Chocolate Chip Cookie(Cookie),0,0,0,620,0,597,597,$0.00,0,0.00%,$0.00,$0.00,23,3.71%,$0.00,$0.00,,,,
Lake Braddock Secondary,5/14/2025,10044,Soft Pretzel(1 pretzel),13,0,13,60,15,30,45,$9.90,0,0.00%,$0.00,$9.90,15,25.00%,$3.30,$13.20,,,,
Lake Braddock Secondary,5/14/2025,10051,"Turkey,  Breast, Pre-Sliced, Oven Roasted(3 Slices)",22,0,22,25,19,4,23,$12.42,0,0.00%,$0.00,$12.42,2,8.00%,$1.08,$13.50,,,,
Lake Braddock Secondary,5/14/2025,10062,Corn(2 Tablespoons (thawed)),18,0,18,30,20,4,24,$1.20,0,0.00%,$0.00,$1.20,6,20.00%,$0.30,$1.50,,,,
Lake Braddock Secondary,5/14/2025,10070,Orange Sauce(ounce),0,0,0,80,59,14,73,$10.22,1,1.25%,$0.14,$10.36,6,7.50%,$0.84,$11.20,,,,
Lake Braddock Secondary,5/14/2025,10073,Whole Strawberries(1/2 cup thawed),0,0,0,48,38,4,42,$14.28,0,0.00%,$0.00,$14.28,6,12.50%,$2.04,$16.32,,,,
Lake Braddock Secondary,5/14/2025,20001,1% White Milk(Each),105,2,107,141,95,2,97,$34.92,0,0.00%,$0.00,$34.92,44,31.21%,$15.84,$50.76,,,,
Lake Braddock Secondary,5/14/2025,20002,Fat Free Chocolate Milk(Each),789,11,800,849,725,10,735,$257.25,0,0.00%,$0.00,$257.25,114,13.43%,$39.90,$297.15,,,,
Lake Braddock Secondary,5/14/2025,20006,"Cheese, Shredded, Cheddar(1/4 cup)",100,0,100,115,95,13,108,$18.36,0,0.00%,$0.00,$18.36,7,6.09%,$1.19,$19.55,,,,
Lake Braddock Secondary,5/14/2025,20012,Grape Tomatoes(6 Tomatoes per 1/2 cup),0,0,0,36,26,4,30,$15.60,0,0.00%,$0.00,$15.60,6,16.67%,$3.12,$18.72,,,,
Lake Braddock Secondary,5/14/2025,20014,Red Delicious Apple(Each - serving),0,0,0,625,559,32,591,$195.03,2,0.32%,$0.66,$195.69,32,5.12%,$10.56,$206.25,,,,
Lake Braddock Secondary,5/14/2025,20016,String Cheese(Each),0,0,0,10,0,0,0,$0.00,0,0.00%,$0.00,$0.00,10,100.00%,$0.00,$0.00,,,,
Lake Braddock Secondary,5/14/2025,20018,Red Seedless Grapes(16 grapes per 1/2 cup),0,0,0,78,74,4,78,$39.78,0,0.00%,$0.00,$39.78,0,0.00%,$0.00,$39.78,,,,
Lake Braddock Secondary,5/14/2025,20023,Baby Carrots(6 Baby Carrots per 1/2 cup),52,0,52,168,124,26,150,$25.50,0,0.00%,$0.00,$25.50,18,10.71%,$3.06,$28.56,,,,
Lake Braddock Secondary,5/14/2025,20027,Broccoli Florets(1/4 cup),70,22,92,50,25,21,46,$3.68,0,0.00%,$0.00,$3.68,4,8.00%,$0.32,$4.00,,,,
Lake Braddock Secondary,5/14/2025,20027,Broccoli Florets(6 Pieces per 1/2 cup),0,0,0,36,28,4,32,$4.80,0,0.00%,$0.00,$4.80,4,11.11%,$0.60,$5.40,,,,
Lake Braddock Secondary,5/14/2025,20028,Lettuce Blend Salad Mix(1/2 cup),410,24,434,460,408,29,437,$34.96,0,0.00%,$0.00,$34.96,23,5.00%,$1.84,$36.80,,,,
Lake Braddock Secondary,5/14/2025,20035,"Onions, Red, Whole(2 Tablespoons (sliced))",88,0,88,100,85,4,89,$2.67,0,0.00%,$0.00,$2.67,11,11.00%,$0.33,$3.00,,,,
Lake Braddock Secondary,5/14/2025,20038,Fat Free White Milk(Each),63,3,66,127,46,2,48,$15.84,0,0.00%,$0.00,$15.84,79,62.20%,$26.07,$41.91,,,,
Lake Braddock Secondary,5/14/2025,20040,Cucumber Slices(1/4 cup),0,0,0,150,119,25,144,$8.64,0,0.00%,$0.00,$8.64,6,4.00%,$0.36,$9.00,,,,
Lake Braddock Secondary,5/14/2025,20040,Cucumber Slices(6 Slices per 1/2 cup),70,0,70,72,59,4,63,$7.56,0,0.00%,$0.00,$7.56,9,12.50%,$1.08,$8.64,,,,
Lake Braddock Secondary,5/14/2025,20041,"Peppers, Green, Whole(2 Tablespoon)",15,0,15,24,16,4,20,$1.20,0,0.00%,$0.00,$1.20,4,16.67%,$0.24,$1.44,,,,
Lake Braddock Secondary,5/14/2025,20042,"Peppers, Red, Whole(2 Tablespoons)",16,0,16,24,16,4,20,$1.00,0,0.00%,$0.00,$1.00,4,16.67%,$0.20,$1.20,,,,
Lake Braddock Secondary,5/14/2025,20047,Orange Slices(6 Slices per 1/2 cup),0,0,0,340,284,29,313,$125.20,3,0.88%,$1.20,$126.40,24,7.06%,$9.60,$136.00,,,,
Lake Braddock Secondary,5/14/2025,20052,Assorted  4 oz Yogurt(Container),0,0,0,10,0,2,2,$0.00,0,0.00%,$0.00,$0.00,8,80.00%,$0.00,$0.00,,,,
Lake Braddock Secondary,5/14/2025,30002,Sub Roll(Sub Roll),100,0,100,115,95,13,108,$33.48,0,0.00%,$0.00,$33.48,7,6.09%,$2.17,$35.65,,,,
Lake Braddock Secondary,5/14/2025,30008,Apple Juice(Each),0,0,0,110,0,102,102,$0.00,0,0.00%,$0.00,$0.00,8,7.27%,$0.00,$0.00,,,,
Lake Braddock Secondary,5/14/2025,30009,Orange Tangerine Juice(Each),0,0,0,80,0,49,49,$0.00,0,0.00%,$0.00,$0.00,31,38.75%,$0.00,$0.00,,,,
Lake Braddock Secondary,5/14/2025,30020,Applesauce(1/2 Cup),0,0,0,340,285,25,310,$65.10,0,0.00%,$0.00,$65.10,30,8.82%,$6.30,$71.40,,,,
Lake Braddock Secondary,5/14/2025,30033,Cheez-Its Crackers(Package),0,0,0,37,0,34,34,$0.00,0,0.00%,$0.00,$0.00,3,8.11%,$0.00,$0.00,,,,
Lake Braddock Secondary,5/14/2025,30039,Cherry Flavored Dried Cranberries(Each),37,0,37,25,22,0,22,$5.28,0,0.00%,$0.00,$5.28,3,12.00%,$0.72,$6.00,,,,
Lake Braddock Secondary,5/14/2025,30041,Orange Flavored Dried Cranberries(Each),67,0,67,144,133,0,133,$31.92,0,0.00%,$0.00,$31.92,11,7.64%,$2.64,$34.56,,,,
Lake Braddock Secondary,5/14/2025,30044,Strawberry Flavored Dried Cranberries(Each),119,0,119,5,4,0,4,$0.96,0,0.00%,$0.00,$0.96,1,20.00%,$0.24,$1.20,,,,
Lake Braddock Secondary,5/14/2025,30045,Watermelon Flavored Dried Cranberries(Each),130,0,130,176,157,0,157,$37.68,0,0.00%,$0.00,$37.68,19,10.80%,$4.56,$42.24,,,,
Lake Braddock Secondary,5/14/2025,30061,Chilled Mandarin Oranges(1/2 cup (drained)),0,0,0,60,54,4,58,$19.72,0,0.00%,$0.00,$19.72,2,3.33%,$0.68,$20.40,,,,
Lake Braddock Secondary,5/14/2025,30063,Ketchup Packet(Packet),974,0,974,930,518,0,518,$15.54,0,0.00%,$0.00,$15.54,412,44.30%,$12.36,$27.90,,,,
Lake Braddock Secondary,5/14/2025,30064,Mayonnaise Packet(Packet),489,0,489,540,224,0,224,$22.40,0,0.00%,$0.00,$22.40,316,58.52%,$31.60,$54.00,,,,
Lake Braddock Secondary,5/14/2025,30065,Mustard Packet(Packet),184,0,184,500,119,0,119,$5.95,0,0.00%,$0.00,$5.95,381,76.20%,$19.05,$25.00,,,,
Lake Braddock Secondary,5/14/2025,30077,Italian Dressing(1 ounce),51,0,51,72,37,0,37,$2.96,0,0.00%,$0.00,$2.96,35,48.61%,$2.80,$5.76,,,,
Lake Braddock Secondary,5/14/2025,30097,Bottled Water(Bottle),0,0,0,200,0,194,194,$0.00,0,0.00%,$0.00,$0.00,6,3.00%,$0.00,$0.00,,,,
Lake Braddock Secondary,5/14/2025,30099,Chickpeas(1/4 cup),19,6,25,30,18,0,18,$1.62,0,0.00%,$0.00,$1.62,12,40.00%,$1.08,$2.70,,,,
Lake Braddock Secondary,5/14/2025,30099,Chickpeas(2 Tablespoons),17,0,17,30,14,4,18,$0.72,0,0.00%,$0.00,$0.72,12,40.00%,$0.48,$1.20,,,,
Lake Braddock Secondary,5/14/2025,30107,Ranch Dressing(1 ounce),413,0,413,456,332,4,336,$36.96,0,0.00%,$0.00,$36.96,120,26.32%,$13.20,$50.16,,,,
Lake Braddock Secondary,5/14/2025,30109,Smartfood RF White Cheddar Popcorn(Each),0,0,0,51,0,41,41,$0.00,0,0.00%,$0.00,$0.00,10,19.61%,$0.00,$0.00,,,,
Lake Braddock Secondary,5/14/2025,30110,Doritos Flamas(Each),0,0,0,99,0,89,89,$0.00,0,0.00%,$0.00,$0.00,10,10.10%,$0.00,$0.00,,,,
Lake Braddock Secondary,5/14/2025,30111,Doritos RF Spicy Sweet Chili(Each),0,0,0,54,0,52,52,$0.00,0,0.00%,$0.00,$0.00,2,3.70%,$0.00,$0.00,,,,
Lake Braddock Secondary,5/14/2025,30112,Doritos RF Nacho Cheese(Each),0,0,0,46,0,42,42,$0.00,0,0.00%,$0.00,$0.00,4,8.70%,$0.00,$0.00,,,,
Lake Braddock Secondary,5/14/2025,30113,Cool Ranch Reduced Fat Doritos(Each),0,0,0,35,0,34,34,$0.00,0,0.00%,$0.00,$0.00,1,2.86%,$0.00,$0.00,,,,
Lake Braddock Secondary,5/14/2025,30114,SS Baked Cheetos Flaming Hot(Each),0,0,0,83,0,69,69,$0.00,0,0.00%,$0.00,$0.00,14,16.87%,$0.00,$0.00,,,,
Lake Braddock Secondary,5/14/2025,30115,SS Baked Cheetos Flaming Limon(Each),0,0,0,58,0,38,38,$0.00,0,0.00%,$0.00,$0.00,20,34.48%,$0.00,$0.00,,,,
Lake Braddock Secondary,5/14/2025,30116,SS Cheetos Fantastix Flaming Hot(Each),0,0,0,41,0,28,28,$0.00,0,0.00%,$0.00,$0.00,13,31.71%,$0.00,$0.00,,,,
Lake Braddock Secondary,5/14/2025,30118,Kettle Cooked Smoky BBQ Chips(Each),0,0,0,16,0,16,16,$0.00,0,0.00%,$0.00,$0.00,0,0.00%,$0.00,$0.00,,,,
Lake Braddock Secondary,5/14/2025,30119,RF Kettle Chips Jalapeno & Cheddar Chips(Each),0,0,0,105,0,101,101,$0.00,0,0.00%,$0.00,$0.00,4,3.81%,$0.00,$0.00,,,,
Lake Braddock Secondary,5/14/2025,30120,RF Kettle Chips Sea Salt & Vinegar Chips(Each),0,0,0,91,0,85,85,$0.00,0,0.00%,$0.00,$0.00,6,6.59%,$0.00,$0.00,,,,
Lake Braddock Secondary,5/14/2025,30121,Kellogg’s W/G Rice Krispies Treats(Each),0,0,0,122,0,92,92,$0.00,0,0.00%,$0.00,$0.00,30,24.59%,$0.00,$0.00,,,,
Lake Braddock Secondary,5/14/2025,30122,WG Chocolate Chip Rice Krispy Treats(Each),0,0,0,137,0,100,100,$0.00,0,0.00%,$0.00,$0.00,37,27.01%,$0.00,$0.00,,,,
Lake Braddock Secondary,5/14/2025,30124,"Fruit Snacks, Welch's Mixed(Each)",0,0,0,120,0,93,93,$0.00,0,0.00%,$0.00,$0.00,27,22.50%,$0.00,$0.00,,,,
Lake Braddock Secondary,5/14/2025,60035,PB&J Power Pack(Power Packs),259,0,259,320,276,27,303,$327.24,0,0.00%,$0.00,$327.24,17,5.31%,$18.36,$345.60,,,,
Lake Braddock Secondary,5/14/2025,60037,Strawberry & Banana Yogurt Power Pack(Power Packs),9,0,9,15,7,3,10,$8.00,0,0.00%,$0.00,$8.00,5,33.33%,$4.00,$12.00,,,,
Lake Braddock Secondary,5/14/2025,60040,Grilled Cheese Sandwich(Sandwich),98,11,109,60,40,5,45,$18.90,1,1.67%,$0.42,$19.32,14,23.33%,$5.88,$25.20,,,,
Lake Braddock Secondary,5/14/2025,60050,Chickenless Bites(4 Bites),149,30,179,230,181,33,214,$162.64,1,0.43%,$0.76,$163.40,15,6.52%,$11.40,$174.80,,,,
Lake Braddock Secondary,5/14/2025,60063,Chicken & Vegetable Dumplings(6 dumplings),215,35,250,80,59,14,73,$0.00,1,1.25%,$0.00,$0.00,6,7.50%,$0.00,$0.00,,,,
Lake Braddock Secondary,5/14/2025,60075,Spicy Chicken Wrap(Wrap),0,0,0,90,78,11,89,$104.13,0,0.00%,$0.00,$104.13,1,1.11%,$1.17,$105.30,,,,
Lake Braddock Secondary,5/14/2025,60078,Nachos with Turkey Barbacoa and Cheese Sauce(Serving),0,0,0,360,318,33,351,$466.83,1,0.28%,$1.33,$468.16,8,2.22%,$10.64,$478.80,,,,
Lake Braddock Secondary,5/14/2025,60101,Chickpeas - salad bar entree(1/2 cup),62,0,62,90,62,22,84,$15.12,0,0.00%,$0.00,$15.12,6,6.67%,$1.08,$16.20,,,,
Lake Braddock Secondary,5/14/2025,60124,Nachos with Cheese Sauce(Serving),0,0,0,400,333,60,393,$302.61,1,0.25%,$0.77,$303.38,6,1.50%,$4.62,$308.00,,,,
Lane Elementary,5/14/2025,10033,Chocolate Chip Cookie(1/2 Cookie),0,0,0,18,18,0,18,$2.52,0,0.00%,$0.00,$2.52,0,0.00%,$0.00,$2.52,,,,
Lane Elementary,5/14/2025,10044,Soft Pretzel(1 pretzel),50,0,50,33,21,0,21,$4.62,0,0.00%,$0.00,$4.62,12,36.36%,$2.64,$7.26,,,,
Lane Elementary,5/14/2025,10070,Orange Sauce(ounce),0,0,0,20,20,0,20,$2.80,0,0.00%,$0.00,$2.80,0,0.00%,$0.00,$2.80,,,,
Lane Elementary,5/14/2025,10073,Whole Strawberries(1/2 cup thawed),0,0,0,50,50,0,50,$17.00,0,0.00%,$0.00,$17.00,0,0.00%,$0.00,$17.00,,,,
Lane Elementary,5/14/2025,20001,1% White Milk(Each),60,0,60,60,38,0,38,$13.68,0,0.00%,$0.00,$13.68,22,36.67%,$7.92,$21.60,,,,
Lane Elementary,5/14/2025,20002,Fat Free Chocolate Milk(Each),200,0,200,180,150,0,150,$52.50,0,0.00%,$0.00,$52.50,30,16.67%,$10.50,$63.00,,,,
Lane Elementary,5/14/2025,20011,Cherry Tomatoes(1/4 cup),0,0,0,72,72,0,72,$26.64,0,0.00%,$0.00,$26.64,0,0.00%,$0.00,$26.64,,,,
Lane Elementary,5/14/2025,20015,Golden Delicious Apple(Each),0,0,0,150,150,0,150,$46.50,0,0.00%,$0.00,$46.50,0,0.00%,$0.00,$46.50,,,,
Lane Elementary,5/14/2025,20016,String Cheese(Each),10,0,10,10,5,0,5,$1.10,0,0.00%,$0.00,$1.10,5,50.00%,$1.10,$2.20,,,,
Lane Elementary,5/14/2025,20017,Orange(1/4 cup),0,0,0,204,204,0,204,$34.68,0,0.00%,$0.00,$34.68,0,0.00%,$0.00,$34.68,,,,
Lane Elementary,5/14/2025,20027,Broccoli Florets(1/4 cup),42,0,42,42,42,0,42,$3.36,0,0.00%,$0.00,$3.36,0,0.00%,$0.00,$3.36,,,,
Lane Elementary,5/14/2025,20028,Lettuce Blend Salad Mix(1/2 cup),120,0,120,120,120,0,120,$9.60,0,0.00%,$0.00,$9.60,0,0.00%,$0.00,$9.60,,,,
Lane Elementary,5/14/2025,20031,Banana(Each),120,0,120,90,90,0,90,$18.90,0,0.00%,$0.00,$18.90,0,0.00%,$0.00,$18.90,,,,
Lane Elementary,5/14/2025,20038,Fat Free White Milk(Each),50,0,50,50,11,0,11,$3.63,0,0.00%,$0.00,$3.63,39,78.00%,$12.87,$16.50,,,,
Lane Elementary,5/14/2025,20040,Cucumber Slices(1/4 cup),0,0,0,138,115,0,115,$6.90,0,0.00%,$0.00,$6.90,23,16.67%,$1.38,$8.28,,,,
Lane Elementary,5/14/2025,30008,Apple Juice(Each),25,0,25,20,10,0,10,$1.70,0,0.00%,$0.00,$1.70,10,50.00%,$1.70,$3.40,,,,
Lane Elementary,5/14/2025,30009,Orange Tangerine Juice(Each),25,0,25,20,8,0,8,$1.36,0,0.00%,$0.00,$1.36,12,60.00%,$2.04,$3.40,,,,
Lane Elementary,5/14/2025,30014,Whole Wheat Dinner Roll(2 rolls),0,0,0,30,30,0,30,$8.40,0,0.00%,$0.00,$8.40,0,0.00%,$0.00,$8.40,,,,
Lane Elementary,5/14/2025,30014,Whole Wheat Dinner Roll(Each),120,0,120,140,140,0,140,$19.60,0,0.00%,$0.00,$19.60,0,0.00%,$0.00,$19.60,,,,
Lane Elementary,5/14/2025,30031,Strawberry Chex Mix(Package),20,0,20,20,10,0,10,$4.50,0,0.00%,$0.00,$4.50,10,50.00%,$4.50,$9.00,,,,
Lane Elementary,5/14/2025,30039,Cherry Flavored Dried Cranberries(Each),50,0,50,50,31,0,31,$7.44,0,0.00%,$0.00,$7.44,19,38.00%,$4.56,$12.00,,,,
Lane Elementary,5/14/2025,30044,Strawberry Flavored Dried Cranberries(Each),50,0,50,50,28,0,28,$6.72,0,0.00%,$0.00,$6.72,22,44.00%,$5.28,$12.00,,,,
Lane Elementary,5/14/2025,30063,Ketchup Packet(Packet),500,0,500,300,300,0,300,$9.00,0,0.00%,$0.00,$9.00,0,0.00%,$0.00,$9.00,,,,
Lane Elementary,5/14/2025,30064,Mayonnaise Packet(Packet),200,0,200,150,150,0,150,$15.00,0,0.00%,$0.00,$15.00,0,0.00%,$0.00,$15.00,,,,
Lane Elementary,5/14/2025,30065,Mustard Packet(Packet),200,0,200,100,100,0,100,$5.00,0,0.00%,$0.00,$5.00,0,0.00%,$0.00,$5.00,,,,
Lane Elementary,5/14/2025,30077,Italian Dressing(1 ounce),24,0,24,24,24,0,24,$1.92,0,0.00%,$0.00,$1.92,0,0.00%,$0.00,$1.92,,,,
Lane Elementary,5/14/2025,30097,Bottled Water(Bottle),35,0,35,35,25,0,25,$4.00,0,0.00%,$0.00,$4.00,10,28.57%,$1.60,$5.60,,,,
Lane Elementary,5/14/2025,30099,Chickpeas(1/4 cup),66,0,66,66,54,0,54,$4.86,0,0.00%,$0.00,$4.86,12,18.18%,$1.08,$5.94,,,,
Lane Elementary,5/14/2025,30107,Ranch Dressing(1 ounce),48,0,48,48,48,0,48,$5.28,0,0.00%,$0.00,$5.28,0,0.00%,$0.00,$5.28,,,,
Lane Elementary,5/14/2025,30109,Smartfood RF White Cheddar Popcorn(Each),72,0,72,72,60,0,60,$22.20,2,2.78%,$0.74,$22.94,10,13.89%,$3.70,$26.64,,,,
Lane Elementary,5/14/2025,60002,Chicken Quesadilla(quesadilla),0,0,0,50,32,0,32,$22.40,2,4.00%,$1.40,$23.80,16,32.00%,$11.20,$35.00,,,,
Lane Elementary,5/14/2025,60035,PB&J Power Pack(Power Packs),100,0,100,70,34,0,34,$36.72,0,0.00%,$0.00,$36.72,36,51.43%,$38.88,$75.60,,,,
Lane Elementary,5/14/2025,60036,Cherry Vanilla Yogurt Power Pack(Power Packs),20,0,20,20,8,0,8,$6.40,0,0.00%,$0.00,$6.40,12,60.00%,$9.60,$16.00,,,,
Lane Elementary,5/14/2025,60050,Chickenless Bites(2 Bites),150,0,150,184,179,0,179,$68.02,3,1.63%,$1.14,$69.16,2,1.09%,$0.76,$69.92,,,,
Lane Elementary,5/14/2025,60064,Vegetable Dumpling(6 dumplings),0,0,0,30,28,0,28,$0.00,1,3.33%,$0.00,$0.00,1,3.33%,$0.00,$0.00,,,,
Lane Elementary,5/14/2025,60087,Sweet Thai Chili Chicken Wings(3 Wings),0,0,0,42,34,0,34,$41.14,3,7.14%,$3.63,$44.77,5,11.90%,$6.05,$50.82,,,,
Lane Elementary,5/14/2025,60101,Chickpeas - salad bar entree(1/2 cup),10,0,10,8,1,0,1,$0.18,0,0.00%,$0.00,$0.18,7,87.50%,$1.26,$1.44,,,,
Langley High,5/14/2025,10013,"Patty, Chicken, Spicy, Breaded(Patty)",0,0,0,85,47,36,83,$59.76,0,0.00%,$0.00,$59.76,2,2.35%,$1.44,$61.20,,,,
Langley High,5/14/2025,10015,Baked Cheese Sticks(2 Cheese Sticks),0,0,0,90,56,34,90,$59.40,0,0.00%,$0.00,$59.40,0,0.00%,$0.00,$59.40,,,,
Langley High,5/14/2025,10033,Chocolate Chip Cookie(Cookie),0,0,0,432,0,431,431,$0.00,1,0.23%,$0.00,$0.00,0,0.00%,$0.00,$0.00,,,,
Langley High,5/14/2025,10044,Soft Pretzel(1 pretzel),16,0,16,56,12,37,49,$10.78,3,5.36%,$0.66,$11.44,4,7.14%,$0.88,$12.32,,,,
Langley High,5/14/2025,10049,"WG 10"" Flour Tortilla(Tortilla)",22,0,22,26,18,0,18,$6.30,0,0.00%,$0.00,$6.30,8,30.77%,$2.80,$9.10,,,,
Langley High,5/14/2025,10051,"Turkey,  Breast, Pre-Sliced, Oven Roasted(3 Slices)",1,0,1,3,1,0,1,$0.54,0,0.00%,$0.00,$0.54,2,66.67%,$1.08,$1.62,,,,
Langley High,5/14/2025,10069,Bean and Cheese Pupusa(Pupusa),0,0,0,2,2,0,2,$3.00,0,0.00%,$0.00,$3.00,0,0.00%,$0.00,$3.00,,,,
Langley High,5/14/2025,10070,Orange Sauce(ounce),0,0,0,35,18,14,32,$4.48,0,0.00%,$0.00,$4.48,3,8.57%,$0.42,$4.90,,,,
Langley High,5/14/2025,10073,Whole Strawberries(1/2 cup thawed),0,0,0,55,54,0,54,$18.36,0,0.00%,$0.00,$18.36,1,1.82%,$0.34,$18.70,,,,
Langley High,5/14/2025,20001,1% White Milk(Each),50,0,50,107,58,0,58,$20.88,0,0.00%,$0.00,$20.88,49,45.79%,$17.64,$38.52,,,,
Langley High,5/14/2025,20002,Fat Free Chocolate Milk(Each),149,0,149,259,128,0,128,$44.80,0,0.00%,$0.00,$44.80,131,50.58%,$45.85,$90.65,,,,
Langley High,5/14/2025,20006,"Cheese, Shredded, Cheddar(Cup)",16,0,16,15,12,0,12,$8.40,0,0.00%,$0.00,$8.40,3,20.00%,$2.10,$10.50,,,,
Langley High,5/14/2025,20012,Grape Tomatoes(2 Tablespoons),0,0,0,20,18,0,18,$1.80,0,0.00%,$0.00,$1.80,2,10.00%,$0.20,$2.00,,,,
Langley High,5/14/2025,20015,Golden Delicious Apple(Each),0,0,0,250,203,0,203,$62.93,0,0.00%,$0.00,$62.93,47,18.80%,$14.57,$77.50,,,,
Langley High,5/14/2025,20023,Baby Carrots(6 Baby Carrots per 1/2 cup),39,0,39,150,144,0,144,$24.48,0,0.00%,$0.00,$24.48,6,4.00%,$1.02,$25.50,,,,
Langley High,5/14/2025,20028,Lettuce Blend Salad Mix(1/2 cup),201,0,201,230,217,0,217,$17.36,0,0.00%,$0.00,$17.36,13,5.65%,$1.04,$18.40,,,,
Langley High,5/14/2025,20031,Banana(Each),101,0,101,90,86,0,86,$18.06,0,0.00%,$0.00,$18.06,4,4.44%,$0.84,$18.90,,,,
Langley High,5/14/2025,20035,"Onions, Red, Whole(2 Tablespoons (sliced))",18,0,18,20,17,0,17,$0.51,0,0.00%,$0.00,$0.51,3,15.00%,$0.09,$0.60,,,,
Langley High,5/14/2025,20036,Celery Sticks(1/2 cup),0,0,0,143,129,0,129,$70.95,0,0.00%,$0.00,$70.95,14,9.79%,$7.70,$78.65,,,,
Langley High,5/14/2025,20038,Fat Free White Milk(Each),29,0,29,53,16,0,16,$5.28,0,0.00%,$0.00,$5.28,37,69.81%,$12.21,$17.49,,,,
Langley High,5/14/2025,20040,Cucumber Slices(2 Tablespoon),36,0,36,46,43,0,43,$1.29,0,0.00%,$0.00,$1.29,3,6.52%,$0.09,$1.38,,,,
Langley High,5/14/2025,20041,"Peppers, Green, Whole(2 Tablespoon)",26,0,26,18,15,0,15,$0.90,0,0.00%,$0.00,$0.90,3,16.67%,$0.18,$1.08,,,,
Langley High,5/14/2025,20069,"Apple, Slices, IW - ER Supper Only(Each)",0,0,0,11,10,0,10,$3.30,0,0.00%,$0.00,$3.30,1,9.09%,$0.33,$3.63,,,,
Langley High,5/14/2025,20077,"Peppers, red, pre-sliced(1/2 cup sliced)",0,0,0,65,65,0,65,$36.40,0,0.00%,$0.00,$36.40,0,0.00%,$0.00,$36.40,,,,
Langley High,5/14/2025,30002,Sub Roll(Sub Roll),22,0,22,24,22,0,22,$6.82,0,0.00%,$0.00,$6.82,2,8.33%,$0.62,$7.44,,,,
Langley High,5/14/2025,30014,Whole Wheat Dinner Roll(Each),0,0,0,50,33,16,49,$6.86,0,0.00%,$0.00,$6.86,1,2.00%,$0.14,$7.00,,,,
Langley High,5/14/2025,30018,Marinara Sauce(1/2 cup),0,0,0,90,56,34,90,$26.10,0,0.00%,$0.00,$26.10,0,0.00%,$0.00,$26.10,,,,
Langley High,5/14/2025,30024,Black Beans(1/2 Cup),0,0,0,64,52,0,52,$8.84,0,0.00%,$0.00,$8.84,12,18.75%,$2.04,$10.88,,,,
Langley High,5/14/2025,30045,Watermelon Flavored Dried Cranberries(Each),150,0,150,155,147,0,147,$35.28,0,0.00%,$0.00,$35.28,8,5.16%,$1.92,$37.20,,,,
Langley High,5/14/2025,30063,Ketchup Packet(Packet),305,0,305,300,271,0,271,$8.13,0,0.00%,$0.00,$8.13,29,9.67%,$0.87,$9.00,,,,
Langley High,5/14/2025,30064,Mayonnaise Packet(Packet),78,0,78,60,54,0,54,$5.40,0,0.00%,$0.00,$5.40,6,10.00%,$0.60,$6.00,,,,
Langley High,5/14/2025,30065,Mustard Packet(Packet),76,0,76,75,60,0,60,$3.00,0,0.00%,$0.00,$3.00,15,20.00%,$0.75,$3.75,,,,
Langley High,5/14/2025,30077,Italian Dressing(1 ounce),73,0,73,75,70,0,70,$5.60,0,0.00%,$0.00,$5.60,5,6.67%,$0.40,$6.00,,,,
Langley High,5/14/2025,30097,Bottled Water(Bottle),0,0,0,158,0,158,158,$0.00,0,0.00%,$0.00,$0.00,0,0.00%,$0.00,$0.00,,,,
Langley High,5/14/2025,30107,Ranch Dressing(1 ounce),121,0,121,100,94,0,94,$10.34,0,0.00%,$0.00,$10.34,6,6.00%,$0.66,$11.00,,,,
Langley High,5/14/2025,30114,SS Baked Cheetos Flaming Hot(Each),0,0,0,40,0,40,40,$0.00,0,0.00%,$0.00,$0.00,0,0.00%,$0.00,$0.00,,,,
Langley High,5/14/2025,30119,RF Kettle Chips Jalapeno & Cheddar Chips(Each),0,0,0,40,0,35,35,$0.00,0,0.00%,$0.00,$0.00,5,12.50%,$0.00,$0.00,,,,
Langley High,5/14/2025,60006,Vegan Burger(Sandwich),0,0,0,2,2,0,2,$1.10,0,0.00%,$0.00,$1.10,0,0.00%,$0.00,$1.10,,,,
Langley High,5/14/2025,60035,PB&J Power Pack(Power Packs),82,0,82,145,84,60,144,$155.52,0,0.00%,$0.00,$155.52,1,0.69%,$1.08,$156.60,,,,
Langley High,5/14/2025,60038,Peach Yogurt Power Pack(Power Packs),11,0,11,30,9,18,27,$21.60,0,0.00%,$0.00,$21.60,3,10.00%,$2.40,$24.00,,,,
Langley High,5/14/2025,60040,Grilled Cheese Sandwich(Sandwich),9,0,9,15,7,5,12,$5.04,1,6.67%,$0.42,$5.46,2,13.33%,$0.84,$6.30,,,,
Langley High,5/14/2025,60050,Chickenless Bites(4 Bites),47,0,47,65,41,22,63,$47.88,0,0.00%,$0.00,$47.88,2,3.08%,$1.52,$49.40,,,,
Langley High,5/14/2025,60063,Chicken & Vegetable Dumplings(6 dumplings),179,0,179,35,18,14,32,$0.00,1,2.86%,$0.00,$0.00,2,5.71%,$0.00,$0.00,,,,
Langley High,5/14/2025,60078,Nachos with Turkey Barbacoa and Cheese Sauce(Serving),0,0,0,210,151,49,200,$266.00,1,0.48%,$1.33,$267.33,9,4.29%,$11.97,$279.30,,,,
Langley High,5/14/2025,60095,Chicken and Cheese Quesadilla(Quesadilla),0,0,0,26,10,16,26,$22.88,0,0.00%,$0.00,$22.88,0,0.00%,$0.00,$22.88,,,,
Langley High,5/14/2025,60124,Nachos with Cheese Sauce(Serving),0,0,0,110,99,9,108,$83.16,0,0.00%,$0.00,$83.16,2,1.82%,$1.54,$84.70,,,,
Langley High,5/14/2025,60148,Turkey Barbacoa Arepa(1 Arepa + #10 scoop of turkey barbacoa),0,0,0,39,15,24,39,$56.16,0,0.00%,$0.00,$56.16,0,0.00%,$0.00,$56.16,,,,
Langley High,5/14/2025,60150,Strawberry Parfait Power Pack(Power Pack),0,0,0,1,0,0,0,$0.00,0,0.00%,$0.00,$0.00,1,100.00%,$0.00,$0.00,,,,
Laurel Hill Elementary,5/14/2025,10026,Chickenless Bites(2 Bites),0,0,0,5,2,0,2,$0.72,0,0.00%,$0.00,$0.72,3,60.00%,$1.08,$1.80,,,,
Laurel Hill Elementary,5/14/2025,10044,Soft Pretzel(1 pretzel),61,0,61,141,128,0,128,$28.16,0,0.00%,$0.00,$28.16,13,9.22%,$2.86,$31.02,,,,
Laurel Hill Elementary,5/14/2025,10070,Orange Sauce(ounce),0,0,0,100,50,0,50,$7.00,0,0.00%,$0.00,$7.00,50,50.00%,$7.00,$14.00,,,,
Laurel Hill Elementary,5/14/2025,20001,1% White Milk(Each),48,0,48,33,27,0,27,$9.72,0,0.00%,$0.00,$9.72,6,18.18%,$2.16,$11.88,,,,
Laurel Hill Elementary,5/14/2025,20002,Fat Free Chocolate Milk(Each),136,0,136,626,278,0,278,$97.30,0,0.00%,$0.00,$97.30,348,55.59%,$121.80,$219.10,,,,
Laurel Hill Elementary,5/14/2025,20016,String Cheese(Each),5,0,5,5,0,0,0,$0.00,0,0.00%,$0.00,$0.00,5,100.00%,$0.00,$0.00,,,,
Laurel Hill Elementary,5/14/2025,20017,Orange(1/4 cup),0,0,0,225,200,0,200,$34.00,0,0.00%,$0.00,$34.00,25,11.11%,$4.25,$38.25,,,,
Laurel Hill Elementary,5/14/2025,20023,Baby Carrots(3 baby carrots per 1/4 cup),0,0,0,200,170,0,170,$15.30,0,0.00%,$0.00,$15.30,30,15.00%,$2.70,$18.00,,,,
Laurel Hill Elementary,5/14/2025,20028,Lettuce Blend Salad Mix(1/2 cup),150,0,150,150,150,0,150,$12.00,0,0.00%,$0.00,$12.00,0,0.00%,$0.00,$12.00,,,,
Laurel Hill Elementary,5/14/2025,20031,Banana(Each),0,0,0,150,150,0,150,$31.50,0,0.00%,$0.00,$31.50,0,0.00%,$0.00,$31.50,,,,
Laurel Hill Elementary,5/14/2025,20038,Fat Free White Milk(Each),24,0,24,55,13,0,13,$4.29,0,0.00%,$0.00,$4.29,42,76.36%,$13.86,$18.15,,,,
Laurel Hill Elementary,5/14/2025,20040,Cucumber Slices(1/4 cup),0,0,0,130,130,0,130,$7.80,0,0.00%,$0.00,$7.80,0,0.00%,$0.00,$7.80,,,,
Laurel Hill Elementary,5/14/2025,20040,Cucumber Slices(6 Slices per 1/2 cup),1,0,1,1,1,0,1,$0.12,0,0.00%,$0.00,$0.12,0,0.00%,$0.00,$0.12,,,,
Laurel Hill Elementary,5/14/2025,20052,Assorted  4 oz Yogurt(Container),5,0,5,5,0,0,0,$0.00,0,0.00%,$0.00,$0.00,5,100.00%,$0.00,$0.00,,,,
Laurel Hill Elementary,5/14/2025,30008,Apple Juice(Each),5,0,5,5,0,0,0,$0.00,0,0.00%,$0.00,$0.00,5,100.00%,$0.00,$0.00,,,,
Laurel Hill Elementary,5/14/2025,30009,Orange Tangerine Juice(Each),5,0,5,5,0,0,0,$0.00,0,0.00%,$0.00,$0.00,5,100.00%,$0.00,$0.00,,,,
Laurel Hill Elementary,5/14/2025,30014,Whole Wheat Dinner Roll(Each),51,0,51,51,51,0,51,$7.14,0,0.00%,$0.00,$7.14,0,0.00%,$0.00,$7.14,,,,
Laurel Hill Elementary,5/14/2025,30020,Applesauce(1/2 Cup),1,0,1,1,1,0,1,$0.21,0,0.00%,$0.00,$0.21,0,0.00%,$0.00,$0.21,,,,
Laurel Hill Elementary,5/14/2025,30020,Applesauce(1/4 cup),114,0,114,100,60,0,60,$6.60,0,0.00%,$0.00,$6.60,40,40.00%,$4.40,$11.00,,,,
Laurel Hill Elementary,5/14/2025,30031,Strawberry Chex Mix(Package),5,0,5,5,0,0,0,$0.00,0,0.00%,$0.00,$0.00,5,100.00%,$0.00,$0.00,,,,
Laurel Hill Elementary,5/14/2025,30045,Watermelon Flavored Dried Cranberries(Each),135,0,135,80,80,0,80,$19.20,0,0.00%,$0.00,$19.20,0,0.00%,$0.00,$19.20,,,,
Laurel Hill Elementary,5/14/2025,30077,Italian Dressing(1 ounce),15,0,15,25,20,0,20,$1.60,0,0.00%,$0.00,$1.60,5,20.00%,$0.40,$2.00,,,,
Laurel Hill Elementary,5/14/2025,30097,Bottled Water(Bottle),5,0,5,10,0,0,0,$0.00,0,0.00%,$0.00,$0.00,10,100.00%,$0.00,$0.00,,,,
Laurel Hill Elementary,5/14/2025,30107,Ranch Dressing(1 ounce),74,0,74,50,50,0,50,$5.50,0,0.00%,$0.00,$5.50,0,0.00%,$0.00,$5.50,,,,
Laurel Hill Elementary,5/14/2025,30109,Smartfood RF White Cheddar Popcorn(Each),5,0,5,5,0,0,0,$0.00,0,0.00%,$0.00,$0.00,5,100.00%,$0.00,$0.00,,,,
Laurel Hill Elementary,5/14/2025,60035,PB&J Power Pack(Power Packs),92,0,92,71,71,0,71,$76.68,0,0.00%,$0.00,$76.68,0,0.00%,$0.00,$76.68,,,,
Laurel Hill Elementary,5/14/2025,60037,Strawberry & Banana Yogurt Power Pack(Power Packs),29,0,29,22,22,0,22,$17.60,0,0.00%,$0.00,$17.60,0,0.00%,$0.00,$17.60,,,,
Laurel Hill Elementary,5/14/2025,60038,Peach Yogurt Power Pack(Power Packs),46,0,46,22,22,0,22,$17.60,0,0.00%,$0.00,$17.60,0,0.00%,$0.00,$17.60,,,,
Laurel Hill Elementary,5/14/2025,60047,Chicken Tenders(3 tenders),1,0,1,0,0,0,0,$0.00,0,0.00%,$0.00,$0.00,0,0.00%,$0.00,$0.00,,,,
Laurel Hill Elementary,5/14/2025,60050,Chickenless Bites(4 Bites),97,0,97,186,180,0,180,$136.80,0,0.00%,$0.00,$136.80,6,3.23%,$4.56,$141.36,,,,
Laurel Hill Elementary,5/14/2025,60063,Chicken & Vegetable Dumplings(6 dumplings),0,0,0,54,49,0,49,$0.00,0,0.00%,$0.00,$0.00,5,9.26%,$0.00,$0.00,,,,
Laurel Hill Elementary,5/14/2025,60101,Chickpeas - salad bar entree(1/2 cup),12,0,12,30,30,0,30,$5.40,0,0.00%,$0.00,$5.40,0,0.00%,$0.00,$5.40,,,,
Laurel Hill Elementary,5/14/2025,60150,Strawberry Parfait Power Pack(Power Pack),0,0,0,5,0,0,0,$0.00,0,0.00%,$0.00,$0.00,5,100.00%,$0.00,$0.00,,,,
Laurel Ridge Elementary,5/14/2025,10044,Soft Pretzel(1 pretzel),0,0,0,50,0,50,50,$0.00,0,0.00%,$0.00,$0.00,0,0.00%,$0.00,$0.00,,,,
Laurel Ridge Elementary,5/14/2025,10084,"Chicken, Bites(4 Bites)",0,0,0,173,134,3,137,$113.71,2,1.16%,$1.66,$115.37,34,19.65%,$28.22,$143.59,,,,
Laurel Ridge Elementary,5/14/2025,20001,1% White Milk(Each),30,7,37,150,21,5,26,$9.36,0,0.00%,$0.00,$9.36,124,82.67%,$44.64,$54.00,,,,
Laurel Ridge Elementary,5/14/2025,20002,Fat Free Chocolate Milk(Each),185,18,203,371,155,15,170,$59.50,0,0.00%,$0.00,$59.50,201,54.18%,$70.35,$129.85,,,,
Laurel Ridge Elementary,5/14/2025,20007,"Cheese, Shredded, Mozzarella(1/4 cup)",18,0,18,18,0,18,18,$0.00,0,0.00%,$0.00,$0.00,0,0.00%,$0.00,$0.00,,,,
Laurel Ridge Elementary,5/14/2025,20008,Apple Slices(3 slices per 1/4 cup),0,0,0,290,290,0,290,$171.10,0,0.00%,$0.00,$171.10,0,0.00%,$0.00,$171.10,,,,
Laurel Ridge Elementary,5/14/2025,20012,Grape Tomatoes(1/4 cup),0,0,0,108,103,5,108,$28.08,0,0.00%,$0.00,$28.08,0,0.00%,$0.00,$28.08,,,,
Laurel Ridge Elementary,5/14/2025,20013,Gala Apple(Each),0,0,0,20,20,0,20,$7.40,0,0.00%,$0.00,$7.40,0,0.00%,$0.00,$7.40,,,,
Laurel Ridge Elementary,5/14/2025,20017,Orange(Each - serving),0,0,0,30,30,0,30,$10.20,0,0.00%,$0.00,$10.20,0,0.00%,$0.00,$10.20,,,,
Laurel Ridge Elementary,5/14/2025,20018,Red Seedless Grapes(8 grapes per 1/4 cup),137,21,158,161,161,0,161,$41.86,0,0.00%,$0.00,$41.86,0,0.00%,$0.00,$41.86,,,,
Laurel Ridge Elementary,5/14/2025,20027,Broccoli Florets(1/4 cup),82,0,82,126,126,0,126,$10.08,0,0.00%,$0.00,$10.08,0,0.00%,$0.00,$10.08,,,,
Laurel Ridge Elementary,5/14/2025,20028,Lettuce Blend Salad Mix(1/2 cup),170,0,170,160,160,0,160,$12.80,0,0.00%,$0.00,$12.80,0,0.00%,$0.00,$12.80,,,,
Laurel Ridge Elementary,5/14/2025,20038,Fat Free White Milk(Each),5,0,5,29,4,0,4,$1.32,0,0.00%,$0.00,$1.32,25,86.21%,$8.25,$9.57,,,,
Laurel Ridge Elementary,5/14/2025,20040,Cucumber Slices(1/4 cup),0,0,0,46,46,0,46,$2.76,0,0.00%,$0.00,$2.76,0,0.00%,$0.00,$2.76,,,,
Laurel Ridge Elementary,5/14/2025,20040,Cucumber Slices(6 Slices per 1/2 cup),7,0,7,7,7,0,7,$0.84,0,0.00%,$0.00,$0.84,0,0.00%,$0.00,$0.84,,,,
Laurel Ridge Elementary,5/14/2025,20052,Assorted  4 oz Yogurt(Container),0,0,0,23,0,22,22,$0.00,1,4.35%,$0.00,$0.00,0,0.00%,$0.00,$0.00,,,,
Laurel Ridge Elementary,5/14/2025,30002,Sub Roll(Sub Roll),0,0,0,60,39,21,60,$18.60,0,0.00%,$0.00,$18.60,0,0.00%,$0.00,$18.60,,,,
Laurel Ridge Elementary,5/14/2025,30008,Apple Juice(Each),0,0,0,41,0,41,41,$0.00,0,0.00%,$0.00,$0.00,0,0.00%,$0.00,$0.00,,,,
Laurel Ridge Elementary,5/14/2025,30009,Orange Tangerine Juice(Each),0,0,0,40,0,40,40,$0.00,0,0.00%,$0.00,$0.00,0,0.00%,$0.00,$0.00,,,,
Laurel Ridge Elementary,5/14/2025,30014,Whole Wheat Dinner Roll(2 rolls),0,0,0,176,161,3,164,$45.92,2,1.14%,$0.56,$46.48,10,5.68%,$2.80,$49.28,,,,
Laurel Ridge Elementary,5/14/2025,30014,Whole Wheat Dinner Roll(Each),5,0,5,5,5,0,5,$0.70,0,0.00%,$0.00,$0.70,0,0.00%,$0.00,$0.70,,,,
Laurel Ridge Elementary,5/14/2025,30020,Applesauce(1/2 Cup),7,0,7,7,7,0,7,$1.47,0,0.00%,$0.00,$1.47,0,0.00%,$0.00,$1.47,,,,
Laurel Ridge Elementary,5/14/2025,30031,Strawberry Chex Mix(Package),0,0,0,11,0,11,11,$0.00,0,0.00%,$0.00,$0.00,0,0.00%,$0.00,$0.00,,,,
Laurel Ridge Elementary,5/14/2025,30033,Cheez-Its Crackers(Package),0,0,0,10,0,10,10,$0.00,0,0.00%,$0.00,$0.00,0,0.00%,$0.00,$0.00,,,,
Laurel Ridge Elementary,5/14/2025,30063,Ketchup Packet(Packet),0,0,0,500,478,0,478,$14.34,0,0.00%,$0.00,$14.34,22,4.40%,$0.66,$15.00,,,,
Laurel Ridge Elementary,5/14/2025,30065,Mustard Packet(Packet),0,0,0,100,100,0,100,$5.00,0,0.00%,$0.00,$5.00,0,0.00%,$0.00,$5.00,,,,
Laurel Ridge Elementary,5/14/2025,30077,Italian Dressing(1 ounce),13,0,13,24,12,0,12,$0.96,0,0.00%,$0.00,$0.96,12,50.00%,$0.96,$1.92,,,,
Laurel Ridge Elementary,5/14/2025,30094,Doritos Wild White Nacho Flavored Tortilla Chips(Bag),120,0,120,120,0,119,119,$0.00,1,0.83%,$0.00,$0.00,0,0.00%,$0.00,$0.00,,,,
Laurel Ridge Elementary,5/14/2025,30097,Bottled Water(Bottle),0,0,0,26,0,26,26,$0.00,0,0.00%,$0.00,$0.00,0,0.00%,$0.00,$0.00,,,,
Laurel Ridge Elementary,5/14/2025,30099,Chickpeas(1/4 cup),66,0,66,32,32,0,32,$2.88,0,0.00%,$0.00,$2.88,0,0.00%,$0.00,$2.88,,,,
Laurel Ridge Elementary,5/14/2025,30107,Ranch Dressing(1 ounce),55,0,55,48,48,0,48,$5.28,0,0.00%,$0.00,$5.28,0,0.00%,$0.00,$5.28,,,,
Laurel Ridge Elementary,5/14/2025,60035,PB&J Power Pack(Power Packs),48,8,56,72,69,3,72,$77.76,0,0.00%,$0.00,$77.76,0,0.00%,$0.00,$77.76,,,,
Laurel Ridge Elementary,5/14/2025,60036,Cherry Vanilla Yogurt Power Pack(Power Packs),9,0,9,4,4,0,4,$3.20,0,0.00%,$0.00,$3.20,0,0.00%,$0.00,$3.20,,,,
Laurel Ridge Elementary,5/14/2025,60037,Strawberry & Banana Yogurt Power Pack(Power Packs),9,0,9,4,4,0,4,$3.20,0,0.00%,$0.00,$3.20,0,0.00%,$0.00,$3.20,,,,
Laurel Ridge Elementary,5/14/2025,60038,Peach Yogurt Power Pack(Power Packs),10,0,10,5,5,0,5,$4.00,0,0.00%,$0.00,$4.00,0,0.00%,$0.00,$4.00,,,,
Laurel Ridge Elementary,5/14/2025,60050,Chickenless Bites(4 Bites),14,12,26,104,71,31,102,$77.52,2,1.92%,$1.52,$79.04,0,0.00%,$0.00,$79.04,,,,
Lees Corner Elementary,5/14/2025,10033,Chocolate Chip Cookie(1/2 Cookie),0,0,0,65,0,63,63,$0.00,2,3.08%,$0.00,$0.00,0,0.00%,$0.00,$0.00,,,,
Lees Corner Elementary,5/14/2025,10044,Soft Pretzel(1 pretzel),25,0,25,1,1,0,1,$0.22,0,0.00%,$0.00,$0.22,0,0.00%,$0.00,$0.22,,,,
Lees Corner Elementary,5/14/2025,10058,Chicken & Vegetable Dumplings(6 dumplings),50,0,50,45,44,1,45,$0.00,0,0.00%,$0.00,$0.00,0,0.00%,$0.00,$0.00,,,,
Lees Corner Elementary,5/14/2025,10070,Orange Sauce(ounce),50,0,50,45,45,0,45,$6.30,0,0.00%,$0.00,$6.30,0,0.00%,$0.00,$6.30,,,,
Lees Corner Elementary,5/14/2025,20001,1% White Milk(Each),20,0,20,20,20,0,20,$7.20,0,0.00%,$0.00,$7.20,0,0.00%,$0.00,$7.20,,,,
Lees Corner Elementary,5/14/2025,20002,Fat Free Chocolate Milk(Each),120,0,120,120,120,0,120,$42.00,0,0.00%,$0.00,$42.00,0,0.00%,$0.00,$42.00,,,,
Lees Corner Elementary,5/14/2025,20014,Red Delicious Apple(Each - serving),0,0,0,84,31,0,31,$10.23,0,0.00%,$0.00,$10.23,53,63.10%,$17.49,$27.72,,,,
Lees Corner Elementary,5/14/2025,20016,String Cheese(Each),0,0,0,0,0,0,0,$0.00,0,0.00%,$0.00,$0.00,0,0.00%,$0.00,$0.00,,,,
Lees Corner Elementary,5/14/2025,20018,Red Seedless Grapes(16 grapes per 1/2 cup),0,0,0,180,111,0,111,$56.61,0,0.00%,$0.00,$56.61,69,38.33%,$35.19,$91.80,,,,
Lees Corner Elementary,5/14/2025,20023,Baby Carrots(3 baby carrots per 1/4 cup),0,0,0,48,48,0,48,$4.32,0,0.00%,$0.00,$4.32,0,0.00%,$0.00,$4.32,,,,
Lees Corner Elementary,5/14/2025,20027,Broccoli Florets(1/4 cup),50,0,50,63,63,0,63,$5.04,0,0.00%,$0.00,$5.04,0,0.00%,$0.00,$5.04,,,,
Lees Corner Elementary,5/14/2025,20028,Lettuce Blend Salad Mix(1/2 cup),120,0,120,120,80,0,80,$6.40,0,0.00%,$0.00,$6.40,40,33.33%,$3.20,$9.60,,,,
Lees Corner Elementary,5/14/2025,20031,Banana(Each),0,0,0,106,88,0,88,$18.48,0,0.00%,$0.00,$18.48,18,16.98%,$3.78,$22.26,,,,
Lees Corner Elementary,5/14/2025,20038,Fat Free White Milk(Each),10,0,10,10,10,0,10,$3.30,0,0.00%,$0.00,$3.30,0,0.00%,$0.00,$3.30,,,,
Lees Corner Elementary,5/14/2025,20040,Cucumber Slices(1/4 cup),0,0,0,92,92,0,92,$5.52,0,0.00%,$0.00,$5.52,0,0.00%,$0.00,$5.52,,,,
Lees Corner Elementary,5/14/2025,20052,Assorted  4 oz Yogurt(Container),0,0,0,0,0,0,0,$0.00,0,0.00%,$0.00,$0.00,0,0.00%,$0.00,$0.00,,,,
Lees Corner Elementary,5/14/2025,20077,"Peppers, red, pre-sliced(1/2 cup sliced)",0,0,0,48,48,0,48,$26.88,0,0.00%,$0.00,$26.88,0,0.00%,$0.00,$26.88,,,,
Lees Corner Elementary,5/14/2025,30008,Apple Juice(Each),20,0,20,0,0,0,0,$0.00,0,0.00%,$0.00,$0.00,0,0.00%,$0.00,$0.00,,,,
Lees Corner Elementary,5/14/2025,30009,Orange Tangerine Juice(Each),0,0,0,0,0,0,0,$0.00,0,0.00%,$0.00,$0.00,0,0.00%,$0.00,$0.00,,,,
Lees Corner Elementary,5/14/2025,30031,Strawberry Chex Mix(Package),20,0,20,0,0,0,0,$0.00,0,0.00%,$0.00,$0.00,0,0.00%,$0.00,$0.00,,,,
Lees Corner Elementary,5/14/2025,30063,Ketchup Packet(Packet),64,0,64,64,64,0,64,$1.92,0,0.00%,$0.00,$1.92,0,0.00%,$0.00,$1.92,,,,
Lees Corner Elementary,5/14/2025,30077,Italian Dressing(1 ounce),15,0,15,12,12,0,12,$0.96,0,0.00%,$0.00,$0.96,0,0.00%,$0.00,$0.96,,,,
Lees Corner Elementary,5/14/2025,30097,Bottled Water(Bottle),10,0,10,5,0,1,1,$0.00,0,0.00%,$0.00,$0.00,4,80.00%,$0.00,$0.00,,,,
Lees Corner Elementary,5/14/2025,30099,Chickpeas(1/4 cup),28,0,28,40,40,0,40,$3.60,0,0.00%,$0.00,$3.60,0,0.00%,$0.00,$3.60,,,,
Lees Corner Elementary,5/14/2025,30107,Ranch Dressing(1 ounce),50,0,50,20,20,0,20,$2.20,0,0.00%,$0.00,$2.20,0,0.00%,$0.00,$2.20,,,,
Lees Corner Elementary,5/14/2025,30109,Smartfood RF White Cheddar Popcorn(Each),50,0,50,0,0,0,0,$0.00,0,0.00%,$0.00,$0.00,0,0.00%,$0.00,$0.00,,,,
Lees Corner Elementary,5/14/2025,60035,PB&J Power Pack(Power Packs),25,0,25,34,34,0,34,$36.72,0,0.00%,$0.00,$36.72,0,0.00%,$0.00,$36.72,,,,
Lees Corner Elementary,5/14/2025,60038,Peach Yogurt Power Pack(Power Packs),0,0,0,46,46,0,46,$36.80,0,0.00%,$0.00,$36.80,0,0.00%,$0.00,$36.80,,,,
Lees Corner Elementary,5/14/2025,60042,Beef Meatball Sub Sandwich(Sandwich),0,0,0,50,48,2,50,$64.00,0,0.00%,$0.00,$64.00,0,0.00%,$0.00,$64.00,,,,
Lemon Road Elementary,5/14/2025,10044,Soft Pretzel(1 pretzel),11,0,11,8,8,0,8,$1.76,0,0.00%,$0.00,$1.76,0,0.00%,$0.00,$1.76,,,,
Lemon Road Elementary,5/14/2025,10045,"Peanut Butter and Jelly Sandwich, IW(Each)",0,0,0,1,1,0,1,$0.67,0,0.00%,$0.00,$0.67,0,0.00%,$0.00,$0.67,,,,
Lemon Road Elementary,5/14/2025,10070,Orange Sauce(ounce),50,0,50,50,45,0,45,$6.30,0,0.00%,$0.00,$6.30,5,10.00%,$0.70,$7.00,,,,
Lemon Road Elementary,5/14/2025,20001,1% White Milk(Each),37,0,37,75,42,0,42,$15.12,0,0.00%,$0.00,$15.12,33,44.00%,$11.88,$27.00,,,,
Lemon Road Elementary,5/14/2025,20002,Fat Free Chocolate Milk(Each),155,0,155,172,153,0,153,$53.55,0,0.00%,$0.00,$53.55,19,11.05%,$6.65,$60.20,,,,
Lemon Road Elementary,5/14/2025,20008,Apple Slices(3 slices per 1/4 cup),0,0,0,210,210,0,210,$123.90,0,0.00%,$0.00,$123.90,0,0.00%,$0.00,$123.90,,,,
Lemon Road Elementary,5/14/2025,20012,Grape Tomatoes(1/4 cup),0,0,0,50,45,0,45,$11.70,0,0.00%,$0.00,$11.70,5,10.00%,$1.30,$13.00,,,,
Lemon Road Elementary,5/14/2025,20014,Red Delicious Apple(Each - serving),0,0,0,50,47,0,47,$15.51,0,0.00%,$0.00,$15.51,3,6.00%,$0.99,$16.50,,,,
Lemon Road Elementary,5/14/2025,20016,String Cheese(Each),0,0,0,1,1,0,1,$0.22,0,0.00%,$0.00,$0.22,0,0.00%,$0.00,$0.22,,,,
Lemon Road Elementary,5/14/2025,20023,Baby Carrots(3 baby carrots per 1/4 cup),0,0,0,40,40,0,40,$3.60,0,0.00%,$0.00,$3.60,0,0.00%,$0.00,$3.60,,,,
Lemon Road Elementary,5/14/2025,20028,Lettuce Blend Salad Mix(1/2 cup),116,0,116,80,70,0,70,$5.60,0,0.00%,$0.00,$5.60,10,12.50%,$0.80,$6.40,,,,
Lemon Road Elementary,5/14/2025,20031,Banana(Each),0,0,0,93,93,0,93,$19.53,0,0.00%,$0.00,$19.53,0,0.00%,$0.00,$19.53,,,,
Lemon Road Elementary,5/14/2025,20036,Celery Sticks(1/2 cup),0,0,0,60,57,0,57,$31.35,0,0.00%,$0.00,$31.35,3,5.00%,$1.65,$33.00,,,,
Lemon Road Elementary,5/14/2025,20038,Fat Free White Milk(Each),7,0,7,7,2,0,2,$0.66,0,0.00%,$0.00,$0.66,5,71.43%,$1.65,$2.31,,,,
Lemon Road Elementary,5/14/2025,20040,Cucumber Slices(1/4 cup),0,0,0,40,40,0,40,$2.40,0,0.00%,$0.00,$2.40,0,0.00%,$0.00,$2.40,,,,
Lemon Road Elementary,5/14/2025,20040,Cucumber Slices(6 Slices per 1/2 cup),5,0,5,6,6,0,6,$0.72,0,0.00%,$0.00,$0.72,0,0.00%,$0.00,$0.72,,,,
Lemon Road Elementary,5/14/2025,30008,Apple Juice(Each),0,0,0,22,22,0,22,$3.74,0,0.00%,$0.00,$3.74,0,0.00%,$0.00,$3.74,,,,
Lemon Road Elementary,5/14/2025,30014,Whole Wheat Dinner Roll(Each),67,0,67,74,72,0,72,$10.08,0,0.00%,$0.00,$10.08,2,2.70%,$0.28,$10.36,,,,
Lemon Road Elementary,5/14/2025,30020,Applesauce(1/2 Cup),5,0,5,6,6,0,6,$1.26,0,0.00%,$0.00,$1.26,0,0.00%,$0.00,$1.26,,,,
Lemon Road Elementary,5/14/2025,30031,Strawberry Chex Mix(Package),0,0,0,20,20,0,20,$9.00,0,0.00%,$0.00,$9.00,0,0.00%,$0.00,$9.00,,,,
Lemon Road Elementary,5/14/2025,30043,Raspberry Lemonade Flavored Dried Cranberries(Each),18,0,18,50,46,0,46,$11.04,0,0.00%,$0.00,$11.04,4,8.00%,$0.96,$12.00,,,,
Lemon Road Elementary,5/14/2025,30077,Italian Dressing(1 ounce),15,0,15,48,28,0,28,$2.24,0,0.00%,$0.00,$2.24,20,41.67%,$1.60,$3.84,,,,
Lemon Road Elementary,5/14/2025,30097,Bottled Water(Bottle),0,0,0,4,4,0,4,$0.64,0,0.00%,$0.00,$0.64,0,0.00%,$0.00,$0.64,,,,
Lemon Road Elementary,5/14/2025,30099,Chickpeas(1/4 cup),10,0,10,25,10,0,10,$0.90,0,0.00%,$0.00,$0.90,15,60.00%,$1.35,$2.25,,,,
Lemon Road Elementary,5/14/2025,30107,Ranch Dressing(1 ounce),109,0,109,96,76,0,76,$8.36,0,0.00%,$0.00,$8.36,20,20.83%,$2.20,$10.56,,,,
Lemon Road Elementary,5/14/2025,30109,Smartfood RF White Cheddar Popcorn(Each),0,0,0,7,7,0,7,$2.59,0,0.00%,$0.00,$2.59,0,0.00%,$0.00,$2.59,,,,
Lemon Road Elementary,5/14/2025,60035,PB&J Power Pack(Power Packs),43,0,43,50,50,0,50,$54.00,0,0.00%,$0.00,$54.00,0,0.00%,$0.00,$54.00,,,,
Lemon Road Elementary,5/14/2025,60036,Cherry Vanilla Yogurt Power Pack(Power Packs),6,0,6,30,21,0,21,$16.80,0,0.00%,$0.00,$16.80,9,30.00%,$7.20,$24.00,,,,
Lemon Road Elementary,5/14/2025,60050,Chickenless Bites(4 Bites),72,0,72,146,130,0,130,$98.80,0,0.00%,$0.00,$98.80,16,10.96%,$12.16,$110.96,,,,
Lemon Road Elementary,5/14/2025,60063,Chicken & Vegetable Dumplings(6 dumplings),100,0,100,83,75,4,79,$0.00,0,0.00%,$0.00,$0.00,4,4.82%,$0.00,$0.00,,,,
Lemon Road Elementary,5/14/2025,60101,Chickpeas - salad bar entree(1/2 cup),0,0,0,0,0,0,0,$0.00,0,0.00%,$0.00,$0.00,0,0.00%,$0.00,$0.00,,,,
Lewis High,5/14/2025,10001,"Patty, Chicken, Breaded, WG(2 strips)",47,0,47,50,49,0,49,$10.78,0,0.00%,$0.00,$10.78,1,2.00%,$0.22,$11.00,,,,
Lewis High,5/14/2025,10027,"Bread, Loco(flatbread)",215,0,215,270,266,0,266,$79.80,0,0.00%,$0.00,$79.80,4,1.48%,$1.20,$81.00,,,,
Lewis High,5/14/2025,10033,Chocolate Chip Cookie(Cookie),131,0,131,131,131,0,131,$35.37,0,0.00%,$0.00,$35.37,0,0.00%,$0.00,$35.37,,,,
Lewis High,5/14/2025,10042,"Pasta, Lasagna Roll-Up, Cheese(Each)",0,0,0,29,29,0,29,$24.36,0,0.00%,$0.00,$24.36,0,0.00%,$0.00,$24.36,,,,
Lewis High,5/14/2025,10049,"WG 10"" Flour Tortilla(Tortilla)",40,0,40,50,49,0,49,$17.15,0,0.00%,$0.00,$17.15,1,2.00%,$0.35,$17.50,,,,
Lewis High,5/14/2025,10069,Bean and Cheese Pupusa(Pupusa),0,0,0,63,63,0,63,$94.50,0,0.00%,$0.00,$94.50,0,0.00%,$0.00,$94.50,,,,
Lewis High,5/14/2025,10070,Orange Sauce(ounce),0,0,0,37,37,0,37,$5.18,0,0.00%,$0.00,$5.18,0,0.00%,$0.00,$5.18,,,,
Lewis High,5/14/2025,10075,Cheese Pizza(Slice),0,0,0,12,12,0,12,$6.84,0,0.00%,$0.00,$6.84,0,0.00%,$0.00,$6.84,,,,
Lewis High,5/14/2025,20001,1% White Milk(Each),82,0,82,125,66,0,66,$23.76,0,0.00%,$0.00,$23.76,59,47.20%,$21.24,$45.00,,,,
Lewis High,5/14/2025,20002,Fat Free Chocolate Milk(Each),377,0,377,425,392,0,392,$137.20,0,0.00%,$0.00,$137.20,33,7.76%,$11.55,$148.75,,,,
Lewis High,5/14/2025,20006,"Cheese, Shredded, Cheddar(1/4 cup)",55,0,55,80,79,0,79,$13.43,0,0.00%,$0.00,$13.43,1,1.25%,$0.17,$13.60,,,,
Lewis High,5/14/2025,20015,Golden Delicious Apple(Each),0,0,0,368,332,0,332,$102.92,0,0.00%,$0.00,$102.92,36,9.78%,$11.16,$114.08,,,,
Lewis High,5/14/2025,20018,Red Seedless Grapes(16 grapes per 1/2 cup),0,0,0,50,50,0,50,$25.50,0,0.00%,$0.00,$25.50,0,0.00%,$0.00,$25.50,,,,
Lewis High,5/14/2025,20023,Baby Carrots(3 baby carrots per 1/4 cup),0,0,0,312,300,0,300,$27.00,0,0.00%,$0.00,$27.00,12,3.85%,$1.08,$28.08,,,,
Lewis High,5/14/2025,20023,Baby Carrots(6 Baby Carrots per 1/2 cup),41,0,41,50,45,0,45,$7.65,0,0.00%,$0.00,$7.65,5,10.00%,$0.85,$8.50,,,,
Lewis High,5/14/2025,20028,Lettuce Blend Salad Mix(1/2 cup),239,0,239,875,802,0,802,$64.16,0,0.00%,$0.00,$64.16,73,8.34%,$5.84,$70.00,,,,
Lewis High,5/14/2025,20035,"Onions, Red, Whole(2 Tablespoons (sliced))",38,0,38,30,25,0,25,$0.75,0,0.00%,$0.00,$0.75,5,16.67%,$0.15,$0.90,,,,
Lewis High,5/14/2025,20038,Fat Free White Milk(Each),17,0,17,40,10,0,10,$3.30,0,0.00%,$0.00,$3.30,30,75.00%,$9.90,$13.20,,,,
Lewis High,5/14/2025,20040,Cucumber Slices(2 Tablespoon),47,0,47,50,45,0,45,$1.35,0,0.00%,$0.00,$1.35,5,10.00%,$0.15,$1.50,,,,
Lewis High,5/14/2025,20047,Orange Slices(3 slices per 1/4 cup),0,0,0,800,773,0,773,$154.60,0,0.00%,$0.00,$154.60,27,3.38%,$5.40,$160.00,,,,
Lewis High,5/14/2025,30014,Whole Wheat Dinner Roll(2 rolls),0,0,0,11,11,0,11,$3.08,0,0.00%,$0.00,$3.08,0,0.00%,$0.00,$3.08,,,,
Lewis High,5/14/2025,30045,Watermelon Flavored Dried Cranberries(Each),249,0,249,300,223,0,223,$53.52,0,0.00%,$0.00,$53.52,77,25.67%,$18.48,$72.00,,,,
Lewis High,5/14/2025,30061,Chilled Mandarin Oranges(1/2 cup (drained)),0,0,0,312,281,0,281,$95.54,0,0.00%,$0.00,$95.54,31,9.94%,$10.54,$106.08,,,,
Lewis High,5/14/2025,30063,Ketchup Packet(Packet),871,0,871,600,567,0,567,$17.01,0,0.00%,$0.00,$17.01,33,5.50%,$0.99,$18.00,,,,
Lewis High,5/14/2025,30064,Mayonnaise Packet(Packet),507,0,507,100,28,0,28,$2.80,0,0.00%,$0.00,$2.80,72,72.00%,$7.20,$10.00,,,,
Lewis High,5/14/2025,30065,Mustard Packet(Packet),124,0,124,100,15,0,15,$0.75,0,0.00%,$0.00,$0.75,85,85.00%,$4.25,$5.00,,,,
Lewis High,5/14/2025,30077,Italian Dressing(1 ounce),91,0,91,100,25,0,25,$2.00,0,0.00%,$0.00,$2.00,75,75.00%,$6.00,$8.00,,,,
Lewis High,5/14/2025,30097,Bottled Water(Bottle),5,0,5,5,5,0,5,$0.80,0,0.00%,$0.00,$0.80,0,0.00%,$0.00,$0.80,,,,
Lewis High,5/14/2025,30107,Ranch Dressing(1 ounce),108,0,108,100,79,0,79,$8.69,0,0.00%,$0.00,$8.69,21,21.00%,$2.31,$11.00,,,,
Lewis High,5/14/2025,30109,Smartfood RF White Cheddar Popcorn(Each),4,0,4,4,4,0,4,$1.48,0,0.00%,$0.00,$1.48,0,0.00%,$0.00,$1.48,,,,
Lewis High,5/14/2025,30110,Doritos Flamas(Each),35,0,35,35,35,0,35,$12.95,0,0.00%,$0.00,$12.95,0,0.00%,$0.00,$12.95,,,,
Lewis High,5/14/2025,30111,Doritos RF Spicy Sweet Chili(Each),16,0,16,16,16,0,16,$5.92,0,0.00%,$0.00,$5.92,0,0.00%,$0.00,$5.92,,,,
Lewis High,5/14/2025,30112,Doritos RF Nacho Cheese(Each),14,0,14,14,14,0,14,$5.18,0,0.00%,$0.00,$5.18,0,0.00%,$0.00,$5.18,,,,
Lewis High,5/14/2025,30114,SS Baked Cheetos Flaming Hot(Each),8,0,8,8,8,0,8,$4.24,0,0.00%,$0.00,$4.24,0,0.00%,$0.00,$4.24,,,,
Lewis High,5/14/2025,30115,SS Baked Cheetos Flaming Limon(Each),15,0,15,15,15,0,15,$5.85,0,0.00%,$0.00,$5.85,0,0.00%,$0.00,$5.85,,,,
Lewis High,5/14/2025,30117,WG Baked Funyuns(Each),0,0,0,0,0,0,0,$0.00,0,0.00%,$0.00,$0.00,0,0.00%,$0.00,$0.00,,,,
Lewis High,5/14/2025,30118,Kettle Cooked Smoky BBQ Chips(Each),0,0,0,0,0,0,0,$0.00,0,0.00%,$0.00,$0.00,0,0.00%,$0.00,$0.00,,,,
Lewis High,5/14/2025,30119,RF Kettle Chips Jalapeno & Cheddar Chips(Each),57,0,57,57,57,0,57,$34.20,0,0.00%,$0.00,$34.20,0,0.00%,$0.00,$34.20,,,,
Lewis High,5/14/2025,30120,RF Kettle Chips Sea Salt & Vinegar Chips(Each),21,0,21,21,21,0,21,$12.60,0,0.00%,$0.00,$12.60,0,0.00%,$0.00,$12.60,,,,
Lewis High,5/14/2025,30121,Kellogg’s W/G Rice Krispies Treats(Each),1,0,1,1,1,0,1,$0.74,0,0.00%,$0.00,$0.74,0,0.00%,$0.00,$0.74,,,,
Lewis High,5/14/2025,30122,WG Chocolate Chip Rice Krispy Treats(Each),13,0,13,13,13,0,13,$7.80,0,0.00%,$0.00,$7.80,0,0.00%,$0.00,$7.80,,,,
Lewis High,5/14/2025,30124,"Fruit Snacks, Welch's Mixed(Each)",9,0,9,9,9,0,9,$3.60,0,0.00%,$0.00,$3.60,0,0.00%,$0.00,$3.60,,,,
Lewis High,5/14/2025,30160,Lay's RF Kettle Original Chips(Each),16,0,16,16,16,0,16,$9.60,0,0.00%,$0.00,$9.60,0,0.00%,$0.00,$9.60,,,,
Lewis High,5/14/2025,60020,"Quesadilla, Turkey Barbacoa and Cheese(Quesadilla)",0,0,0,236,235,0,235,$286.70,0,0.00%,$0.00,$286.70,1,0.42%,$1.22,$287.92,,,,
Lewis High,5/14/2025,60035,PB&J Power Pack(Power Packs),127,0,127,80,77,0,77,$83.16,0,0.00%,$0.00,$83.16,3,3.75%,$3.24,$86.40,,,,
Lewis High,5/14/2025,60037,Strawberry & Banana Yogurt Power Pack(Power Packs),6,0,6,30,28,0,28,$22.40,0,0.00%,$0.00,$22.40,2,6.67%,$1.60,$24.00,,,,
Lewis High,5/14/2025,60040,Grilled Cheese Sandwich(Sandwich),70,0,70,7,7,0,7,$2.94,0,0.00%,$0.00,$2.94,0,0.00%,$0.00,$2.94,,,,
Lewis High,5/14/2025,60047,Chicken Tenders(3 tenders),0,0,0,11,11,0,11,$10.34,0,0.00%,$0.00,$10.34,0,0.00%,$0.00,$10.34,,,,
Lewis High,5/14/2025,60050,Chickenless Bites(4 Bites),199,0,199,270,266,0,266,$202.16,0,0.00%,$0.00,$202.16,4,1.48%,$3.04,$205.20,,,,
Lewis High,5/14/2025,60063,Chicken & Vegetable Dumplings(6 dumplings),100,0,100,37,37,0,37,$0.00,0,0.00%,$0.00,$0.00,0,0.00%,$0.00,$0.00,,,,
Lewis High,5/14/2025,60075,Spicy Chicken Wrap(Wrap),46,0,46,42,42,0,42,$49.14,0,0.00%,$0.00,$49.14,0,0.00%,$0.00,$49.14,,,,
Lewis High,5/14/2025,60077,Manager's Vegetable Choice(1/4 cup),378,0,378,368,330,0,330,$0.00,0,0.00%,$0.00,$0.00,38,10.33%,$0.00,$0.00,,,,
Liberty Middle,5/14/2025,10033,Chocolate Chip Cookie(Cookie),192,0,192,192,185,0,185,$49.95,0,0.00%,$0.00,$49.95,7,3.65%,$1.89,$51.84,,,,
Liberty Middle,5/14/2025,10039,Potato Encrusted Breaded Pollock(Fillet),0,0,0,4,4,0,4,$2.64,0,0.00%,$0.00,$2.64,0,0.00%,$0.00,$2.64,,,,
Liberty Middle,5/14/2025,10044,Soft Pretzel(1 pretzel),6,0,6,6,6,0,6,$1.32,0,0.00%,$0.00,$1.32,0,0.00%,$0.00,$1.32,,,,
Liberty Middle,5/14/2025,10069,Bean and Cheese Pupusa(Pupusa),0,0,0,2,2,0,2,$3.00,0,0.00%,$0.00,$3.00,0,0.00%,$0.00,$3.00,,,,
Liberty Middle,5/14/2025,10070,Orange Sauce(ounce),79,0,79,32,22,3,25,$3.50,0,0.00%,$0.00,$3.50,7,21.88%,$0.98,$4.48,,,,
Liberty Middle,5/14/2025,20001,1% White Milk(Each),30,0,30,21,21,0,21,$7.56,0,0.00%,$0.00,$7.56,0,0.00%,$0.00,$7.56,,,,
Liberty Middle,5/14/2025,20002,Fat Free Chocolate Milk(Each),253,0,253,311,260,0,260,$91.00,0,0.00%,$0.00,$91.00,51,16.40%,$17.85,$108.85,,,,
Liberty Middle,5/14/2025,20014,Red Delicious Apple(Each - serving),0,0,0,290,179,0,179,$59.07,0,0.00%,$0.00,$59.07,111,38.28%,$36.63,$95.70,,,,
Liberty Middle,5/14/2025,20027,Broccoli Florets(1/4 cup),85,0,85,72,63,0,63,$5.04,0,0.00%,$0.00,$5.04,9,12.50%,$0.72,$5.76,,,,
Liberty Middle,5/14/2025,20028,Lettuce Blend Salad Mix(1/2 cup),400,0,400,400,400,0,400,$32.00,0,0.00%,$0.00,$32.00,0,0.00%,$0.00,$32.00,,,,
Liberty Middle,5/14/2025,20038,Fat Free White Milk(Each),11,0,11,56,12,0,12,$3.96,0,0.00%,$0.00,$3.96,44,78.57%,$14.52,$18.48,,,,
Liberty Middle,5/14/2025,20047,Orange Slices(3 slices per 1/4 cup),0,0,0,340,340,0,340,$68.00,0,0.00%,$0.00,$68.00,0,0.00%,$0.00,$68.00,,,,
Liberty Middle,5/14/2025,30008,Apple Juice(Each),10,0,10,10,6,0,6,$1.02,0,0.00%,$0.00,$1.02,4,40.00%,$0.68,$1.70,,,,
Liberty Middle,5/14/2025,30009,Orange Tangerine Juice(Each),10,0,10,10,7,0,7,$1.19,0,0.00%,$0.00,$1.19,3,30.00%,$0.51,$1.70,,,,
Liberty Middle,5/14/2025,30014,Whole Wheat Dinner Roll(2 rolls),0,0,0,116,106,10,116,$32.48,0,0.00%,$0.00,$32.48,0,0.00%,$0.00,$32.48,,,,
Liberty Middle,5/14/2025,30033,Cheez-Its Crackers(Package),10,0,10,10,4,0,4,$0.72,0,0.00%,$0.00,$0.72,6,60.00%,$1.08,$1.80,,,,
Liberty Middle,5/14/2025,30041,Orange Flavored Dried Cranberries(Each),104,0,104,120,100,0,100,$24.00,0,0.00%,$0.00,$24.00,20,16.67%,$4.80,$28.80,,,,
Liberty Middle,5/14/2025,30063,Ketchup Packet(Packet),406,0,406,450,405,0,405,$12.15,0,0.00%,$0.00,$12.15,45,10.00%,$1.35,$13.50,,,,
Liberty Middle,5/14/2025,30064,Mayonnaise Packet(Packet),58,0,58,45,43,0,43,$4.30,0,0.00%,$0.00,$4.30,2,4.44%,$0.20,$4.50,,,,
Liberty Middle,5/14/2025,30065,Mustard Packet(Packet),14,0,14,30,13,0,13,$0.65,0,0.00%,$0.00,$0.65,17,56.67%,$0.85,$1.50,,,,
Liberty Middle,5/14/2025,30077,Italian Dressing(1 ounce),26,0,26,30,25,0,25,$2.00,0,0.00%,$0.00,$2.00,5,16.67%,$0.40,$2.40,,,,
Liberty Middle,5/14/2025,30078,"Sauce, BBQ, HFCS-Free, Bulk, Low-Sodium(2 TBSP)",0,0,0,72,27,0,27,$2.70,0,0.00%,$0.00,$2.70,45,62.50%,$4.50,$7.20,,,,
Liberty Middle,5/14/2025,30097,Bottled Water(Bottle),65,0,65,65,50,0,50,$8.00,0,0.00%,$0.00,$8.00,15,23.08%,$2.40,$10.40,,,,
Liberty Middle,5/14/2025,30107,Ranch Dressing(1 ounce),97,0,97,144,142,0,142,$15.62,0,0.00%,$0.00,$15.62,2,1.39%,$0.22,$15.84,,,,
Liberty Middle,5/14/2025,30110,Doritos Flamas(Each),35,0,35,45,45,0,45,$16.65,0,0.00%,$0.00,$16.65,0,0.00%,$0.00,$16.65,,,,
Liberty Middle,5/14/2025,30111,Doritos RF Spicy Sweet Chili(Each),4,0,4,4,4,0,4,$1.48,0,0.00%,$0.00,$1.48,0,0.00%,$0.00,$1.48,,,,
Liberty Middle,5/14/2025,30118,Kettle Cooked Smoky BBQ Chips(Each),20,0,20,41,23,0,23,$13.80,0,0.00%,$0.00,$13.80,18,43.90%,$10.80,$24.60,,,,
Liberty Middle,5/14/2025,30120,RF Kettle Chips Sea Salt & Vinegar Chips(Each),8,0,8,8,8,0,8,$4.80,0,0.00%,$0.00,$4.80,0,0.00%,$0.00,$4.80,,,,
Liberty Middle,5/14/2025,30121,Kellogg’s W/G Rice Krispies Treats(Each),0,0,0,25,21,0,21,$15.54,0,0.00%,$0.00,$15.54,4,16.00%,$2.96,$18.50,,,,
Liberty Middle,5/14/2025,30124,"Fruit Snacks, Welch's Mixed(Each)",20,0,20,20,14,0,14,$5.60,0,0.00%,$0.00,$5.60,6,30.00%,$2.40,$8.00,,,,
Liberty Middle,5/14/2025,60035,PB&J Power Pack(Power Packs),100,0,100,84,79,5,84,$90.72,0,0.00%,$0.00,$90.72,0,0.00%,$0.00,$90.72,,,,
Liberty Middle,5/14/2025,60037,Strawberry & Banana Yogurt Power Pack(Power Packs),4,0,4,6,5,0,5,$4.00,0,0.00%,$0.00,$4.00,1,16.67%,$0.80,$4.80,,,,
Liberty Middle,5/14/2025,60040,Grilled Cheese Sandwich(Sandwich),60,0,60,12,8,4,12,$5.04,0,0.00%,$0.00,$5.04,0,0.00%,$0.00,$5.04,,,,
Liberty Middle,5/14/2025,60050,Chickenless Bites(4 Bites),200,0,200,112,102,10,112,$85.12,0,0.00%,$0.00,$85.12,0,0.00%,$0.00,$85.12,,,,
Liberty Middle,5/14/2025,60064,Vegetable Dumpling(6 dumplings),0,0,0,32,22,3,25,$0.00,0,0.00%,$0.00,$0.00,7,21.88%,$0.00,$0.00,,,,
Liberty Middle,5/14/2025,60075,Spicy Chicken Wrap(Wrap),20,0,20,34,30,4,34,$39.78,0,0.00%,$0.00,$39.78,0,0.00%,$0.00,$39.78,,,,
Liberty Middle,5/14/2025,60077,Manager's Vegetable Choice(1/4 cup),176,0,176,220,209,0,209,$0.00,0,0.00%,$0.00,$0.00,11,5.00%,$0.00,$0.00,,,,
Liberty Middle,5/14/2025,60078,Nachos with Turkey Barbacoa and Cheese Sauce(Serving),0,0,0,150,132,8,140,$186.20,0,0.00%,$0.00,$186.20,10,6.67%,$13.30,$199.50,,,,
Liberty Middle,5/14/2025,60101,Chickpeas - salad bar entree(1/2 cup),23,0,23,33,30,0,30,$5.40,0,0.00%,$0.00,$5.40,3,9.09%,$0.54,$5.94,,,,
Liberty Middle,5/14/2025,60124,Nachos with Cheese Sauce(Serving),0,0,0,130,125,2,127,$97.79,0,0.00%,$0.00,$97.79,3,2.31%,$2.31,$100.10,,,,
Liberty Middle,5/14/2025,60150,Strawberry Parfait Power Pack(Power Pack),0,0,0,3,2,1,3,$4.89,0,0.00%,$0.00,$4.89,0,0.00%,$0.00,$4.89,,,,
Little Run Elementary,5/14/2025,10026,Chickenless Bites(2 Bites),0,0,0,102,83,18,101,$36.36,1,0.98%,$0.36,$36.72,0,0.00%,$0.00,$36.72,,,,
Little Run Elementary,5/14/2025,10044,Soft Pretzel(1 pretzel),20,0,20,20,11,8,19,$4.18,0,0.00%,$0.00,$4.18,1,5.00%,$0.22,$4.40,,,,
Little Run Elementary,5/14/2025,10070,Orange Sauce(ounce),45,0,45,40,30,0,30,$4.20,0,0.00%,$0.00,$4.20,10,25.00%,$1.40,$5.60,,,,
Little Run Elementary,5/14/2025,20001,1% White Milk(Each),33,0,33,38,33,0,33,$11.88,0,0.00%,$0.00,$11.88,5,13.16%,$1.80,$13.68,,,,
Little Run Elementary,5/14/2025,20002,Fat Free Chocolate Milk(Each),84,0,84,110,91,5,96,$33.60,0,0.00%,$0.00,$33.60,14,12.73%,$4.90,$38.50,,,,
Little Run Elementary,5/14/2025,20014,Red Delicious Apple(Each - serving),0,0,0,50,49,0,49,$16.17,0,0.00%,$0.00,$16.17,1,2.00%,$0.33,$16.50,,,,
Little Run Elementary,5/14/2025,20016,String Cheese(Each),5,0,5,5,0,1,1,$0.00,0,0.00%,$0.00,$0.00,4,80.00%,$0.00,$0.00,,,,
Little Run Elementary,5/14/2025,20018,Red Seedless Grapes(8 grapes per 1/4 cup),140,0,140,30,30,0,30,$7.80,0,0.00%,$0.00,$7.80,0,0.00%,$0.00,$7.80,,,,
Little Run Elementary,5/14/2025,20028,Lettuce Blend Salad Mix(1/2 cup),60,0,60,60,56,0,56,$4.48,0,0.00%,$0.00,$4.48,4,6.67%,$0.32,$4.80,,,,
Little Run Elementary,5/14/2025,20038,Fat Free White Milk(Each),11,0,11,15,3,0,3,$0.99,0,0.00%,$0.00,$0.99,12,80.00%,$3.96,$4.95,,,,
Little Run Elementary,5/14/2025,20040,Cucumber Slices(6 Slices per 1/2 cup),14,0,14,13,13,0,13,$1.56,0,0.00%,$0.00,$1.56,0,0.00%,$0.00,$1.56,,,,
Little Run Elementary,5/14/2025,20047,Orange Slices(3 slices per 1/4 cup),0,0,0,65,60,0,60,$12.00,0,0.00%,$0.00,$12.00,5,7.69%,$1.00,$13.00,,,,
Little Run Elementary,5/14/2025,20077,"Peppers, red, pre-sliced(1/2 cup sliced)",0,0,0,60,40,0,40,$22.40,0,0.00%,$0.00,$22.40,20,33.33%,$11.20,$33.60,,,,
Little Run Elementary,5/14/2025,30008,Apple Juice(Each),30,0,30,30,0,30,30,$0.00,0,0.00%,$0.00,$0.00,0,0.00%,$0.00,$0.00,,,,
Little Run Elementary,5/14/2025,30009,Orange Tangerine Juice(Each),20,0,20,10,0,2,2,$0.00,0,0.00%,$0.00,$0.00,8,80.00%,$0.00,$0.00,,,,
Little Run Elementary,5/14/2025,30014,Whole Wheat Dinner Roll(Each),75,0,75,111,92,18,110,$15.40,0,0.00%,$0.00,$15.40,1,0.90%,$0.14,$15.54,,,,
Little Run Elementary,5/14/2025,30020,Applesauce(1/2 Cup),14,0,14,13,13,0,13,$2.73,0,0.00%,$0.00,$2.73,0,0.00%,$0.00,$2.73,,,,
Little Run Elementary,5/14/2025,30031,Strawberry Chex Mix(Package),0,0,0,6,0,6,6,$0.00,0,0.00%,$0.00,$0.00,0,0.00%,$0.00,$0.00,,,,
Little Run Elementary,5/14/2025,30041,Orange Flavored Dried Cranberries(2 Eaches),0,0,0,40,34,0,34,$16.32,0,0.00%,$0.00,$16.32,6,15.00%,$2.88,$19.20,,,,
Little Run Elementary,5/14/2025,30077,Italian Dressing(1 ounce),5,0,5,15,10,0,10,$0.80,0,0.00%,$0.00,$0.80,5,33.33%,$0.40,$1.20,,,,
Little Run Elementary,5/14/2025,30097,Bottled Water(Bottle),15,0,15,15,0,11,11,$0.00,0,0.00%,$0.00,$0.00,4,26.67%,$0.00,$0.00,,,,
Little Run Elementary,5/14/2025,30099,Chickpeas(1/4 cup),20,0,20,20,8,0,8,$0.72,0,0.00%,$0.00,$0.72,12,60.00%,$1.08,$1.80,,,,
Little Run Elementary,5/14/2025,30107,Ranch Dressing(1 ounce),14,0,14,24,10,0,10,$1.10,0,0.00%,$0.00,$1.10,14,58.33%,$1.54,$2.64,,,,
Little Run Elementary,5/14/2025,30109,Smartfood RF White Cheddar Popcorn(Each),40,0,40,33,0,33,33,$0.00,0,0.00%,$0.00,$0.00,0,0.00%,$0.00,$0.00,,,,
Little Run Elementary,5/14/2025,30112,Doritos RF Nacho Cheese(Each),0,0,0,33,0,33,33,$0.00,0,0.00%,$0.00,$0.00,0,0.00%,$0.00,$0.00,,,,
Little Run Elementary,5/14/2025,60037,Strawberry & Banana Yogurt Power Pack(Power Packs),30,0,30,20,15,0,15,$12.00,0,0.00%,$0.00,$12.00,5,25.00%,$4.00,$16.00,,,,
Little Run Elementary,5/14/2025,60038,Peach Yogurt Power Pack(Power Packs),5,0,5,4,4,0,4,$3.20,0,0.00%,$0.00,$3.20,0,0.00%,$0.00,$3.20,,,,
Little Run Elementary,5/14/2025,60050,Chickenless Bites(4 Bites),10,0,10,9,9,0,9,$6.84,0,0.00%,$0.00,$6.84,0,0.00%,$0.00,$6.84,,,,
Little Run Elementary,5/14/2025,60064,Vegetable Dumpling(6 dumplings),0,0,0,60,45,9,54,$0.00,1,1.67%,$0.00,$0.00,5,8.33%,$0.00,$0.00,,,,
Little Run Elementary,5/14/2025,60077,Manager's Vegetable Choice(1/4 cup),50,0,50,46,42,0,42,$0.00,0,0.00%,$0.00,$0.00,4,8.70%,$0.00,$0.00,,,,
Little Run Elementary,5/14/2025,60101,Chickpeas - salad bar entree(1/2 cup),5,0,5,5,1,1,2,$0.36,0,0.00%,$0.00,$0.36,3,60.00%,$0.54,$0.90,,,,
London Towne Elementary,5/14/2025,10026,Chickenless Bites(2 Bites),0,0,0,3,0,3,3,$0.00,0,0.00%,$0.00,$0.00,0,0.00%,$0.00,$0.00,,,,
London Towne Elementary,5/14/2025,10027,"Bread, Loco(1/2 piece)",0,0,0,24,22,0,22,$3.30,0,0.00%,$0.00,$3.30,2,8.33%,$0.30,$3.60,,,,
London Towne Elementary,5/14/2025,10044,Soft Pretzel(1 pretzel),1,0,1,7,1,6,7,$1.54,0,0.00%,$0.00,$1.54,0,0.00%,$0.00,$1.54,,,,
London Towne Elementary,5/14/2025,10069,Bean and Cheese Pupusa(Pupusa),0,0,0,4,4,0,4,$6.00,0,0.00%,$0.00,$6.00,0,0.00%,$0.00,$6.00,,,,
London Towne Elementary,5/14/2025,10070,Orange Sauce(ounce),250,0,250,70,62,0,62,$8.68,0,0.00%,$0.00,$8.68,8,11.43%,$1.12,$9.80,,,,
London Towne Elementary,5/14/2025,20001,1% White Milk(Each),85,0,85,80,75,0,75,$27.00,0,0.00%,$0.00,$27.00,5,6.25%,$1.80,$28.80,,,,
London Towne Elementary,5/14/2025,20002,Fat Free Chocolate Milk(Each),257,0,257,288,259,0,259,$90.65,0,0.00%,$0.00,$90.65,29,10.07%,$10.15,$100.80,,,,
London Towne Elementary,5/14/2025,20008,Apple Slices(3 slices per 1/4 cup),900,0,900,1134,1105,0,1105,$651.95,0,0.00%,$0.00,$651.95,29,2.56%,$17.11,$669.06,,,,
London Towne Elementary,5/14/2025,20017,Orange(1/4 cup),300,0,300,238,235,0,235,$39.95,3,1.26%,$0.51,$40.46,0,0.00%,$0.00,$40.46,,,,
London Towne Elementary,5/14/2025,20023,Baby Carrots(3 baby carrots per 1/4 cup),0,0,0,240,225,0,225,$20.25,0,0.00%,$0.00,$20.25,15,6.25%,$1.35,$21.60,,,,
London Towne Elementary,5/14/2025,20027,Broccoli Florets(1/4 cup),121,0,121,126,84,0,84,$6.72,0,0.00%,$0.00,$6.72,42,33.33%,$3.36,$10.08,,,,
London Towne Elementary,5/14/2025,20028,Lettuce Blend Salad Mix(1/2 cup),151,0,151,150,144,0,144,$11.52,6,4.00%,$0.48,$12.00,0,0.00%,$0.00,$12.00,,,,
London Towne Elementary,5/14/2025,20031,Banana(Each),200,0,200,111,109,0,109,$22.89,0,0.00%,$0.00,$22.89,2,1.80%,$0.42,$23.31,,,,
London Towne Elementary,5/14/2025,20038,Fat Free White Milk(Each),10,0,10,10,6,0,6,$1.98,0,0.00%,$0.00,$1.98,4,40.00%,$1.32,$3.30,,,,
London Towne Elementary,5/14/2025,20040,Cucumber Slices(6 Slices per 1/2 cup),34,0,34,34,34,0,34,$4.08,0,0.00%,$0.00,$4.08,0,0.00%,$0.00,$4.08,,,,
London Towne Elementary,5/14/2025,30014,Whole Wheat Dinner Roll(Each),120,0,120,135,131,0,131,$18.34,0,0.00%,$0.00,$18.34,4,2.96%,$0.56,$18.90,,,,
London Towne Elementary,5/14/2025,30020,Applesauce(1/2 Cup),41,0,41,40,40,0,40,$8.40,0,0.00%,$0.00,$8.40,0,0.00%,$0.00,$8.40,,,,
London Towne Elementary,5/14/2025,30031,Strawberry Chex Mix(Package),0,0,0,4,0,4,4,$0.00,0,0.00%,$0.00,$0.00,0,0.00%,$0.00,$0.00,,,,
London Towne Elementary,5/14/2025,30033,Cheez-Its Crackers(Package),32,0,32,31,31,0,31,$5.58,0,0.00%,$0.00,$5.58,0,0.00%,$0.00,$5.58,,,,
London Towne Elementary,5/14/2025,30077,Italian Dressing(1 ounce),18,0,18,24,19,0,19,$1.52,0,0.00%,$0.00,$1.52,5,20.83%,$0.40,$1.92,,,,
London Towne Elementary,5/14/2025,30094,Doritos Wild White Nacho Flavored Tortilla Chips(Bag),0,0,0,29,0,29,29,$0.00,0,0.00%,$0.00,$0.00,0,0.00%,$0.00,$0.00,,,,
London Towne Elementary,5/14/2025,30097,Bottled Water(Bottle),0,0,0,14,0,14,14,$0.00,0,0.00%,$0.00,$0.00,0,0.00%,$0.00,$0.00,,,,
London Towne Elementary,5/14/2025,30099,Chickpeas(1/4 cup),29,0,29,32,29,0,29,$2.61,3,9.38%,$0.27,$2.88,0,0.00%,$0.00,$2.88,,,,
London Towne Elementary,5/14/2025,30103,"Milk, Lactose Free,  Fat Free, Shelf-Stable(Each)",0,0,0,4,4,0,4,$1.92,0,0.00%,$0.00,$1.92,0,0.00%,$0.00,$1.92,,,,
London Towne Elementary,5/14/2025,30107,Ranch Dressing(1 ounce),65,0,65,96,84,0,84,$9.24,0,0.00%,$0.00,$9.24,12,12.50%,$1.32,$10.56,,,,
London Towne Elementary,5/14/2025,30184,"Milk, Soy, Vanilla (24/8 oz)(each)",0,0,0,1,1,0,1,$1.02,0,0.00%,$0.00,$1.02,0,0.00%,$0.00,$1.02,,,,
London Towne Elementary,5/14/2025,60021,Cooked  Brown Rice(1 cup cooked),0,0,0,1,1,0,1,$0.11,0,0.00%,$0.00,$0.11,0,0.00%,$0.00,$0.11,,,,
London Towne Elementary,5/14/2025,60035,PB&J Power Pack(Power Packs),89,0,89,207,115,0,115,$124.20,0,0.00%,$0.00,$124.20,92,44.44%,$99.36,$223.56,,,,
London Towne Elementary,5/14/2025,60037,Strawberry & Banana Yogurt Power Pack(Power Packs),18,0,18,20,17,0,17,$13.60,0,0.00%,$0.00,$13.60,3,15.00%,$2.40,$16.00,,,,
London Towne Elementary,5/14/2025,60045,Cucumber Slices(1/2 cup),6,0,6,6,6,0,6,$0.48,0,0.00%,$0.00,$0.48,0,0.00%,$0.00,$0.48,,,,
London Towne Elementary,5/14/2025,60047,Chicken Tenders(3 tenders),29,0,29,33,31,2,33,$31.02,0,0.00%,$0.00,$31.02,0,0.00%,$0.00,$31.02,,,,
London Towne Elementary,5/14/2025,60050,Chickenless Bites(4 Bites),153,0,153,201,193,1,194,$147.44,1,0.50%,$0.76,$148.20,6,2.99%,$4.56,$152.76,,,,
London Towne Elementary,5/14/2025,60064,Vegetable Dumpling(6 dumplings),0,0,0,117,110,3,113,$0.00,2,1.71%,$0.00,$0.00,2,1.71%,$0.00,$0.00,,,,
London Towne Elementary,5/14/2025,60066,Beef Meatballs(Serving),0,0,0,1,1,0,1,$0.65,0,0.00%,$0.00,$0.65,0,0.00%,$0.00,$0.65,,,,
London Towne Elementary,5/14/2025,60077,Manager's Vegetable Choice(1/4 cup),197,0,197,72,48,0,48,$0.00,0,0.00%,$0.00,$0.00,24,33.33%,$0.00,$0.00,,,,
London Towne Elementary,5/14/2025,60090,Assorted Craisins(Packet),0,0,0,40,30,0,30,$7.20,0,0.00%,$0.00,$7.20,10,25.00%,$2.40,$9.60,,,,
London Towne Elementary,5/14/2025,60101,Chickpeas - salad bar entree(1/2 cup),1,0,1,4,1,3,4,$0.72,0,0.00%,$0.00,$0.72,0,0.00%,$0.00,$0.72,,,,
London Towne Elementary,5/14/2025,60148,Turkey Barbacoa Arepa(1 Arepa + #10 scoop of turkey barbacoa),0,0,0,14,14,0,14,$20.16,0,0.00%,$0.00,$20.16,0,0.00%,$0.00,$20.16,,,,
London Towne Elementary,5/14/2025,60168,Triple Berry Parfait Power Pack(Power Pack),0,0,0,1,1,0,1,$1.32,0,0.00%,$0.00,$1.32,0,0.00%,$0.00,$1.32,,,,
Longfellow Middle,5/14/2025,10011,Sweet Thai Chili Sauce(ounce),0,0,0,24,13,0,13,$1.82,1,4.17%,$0.14,$1.96,10,41.67%,$1.40,$3.36,,,,
Longfellow Middle,5/14/2025,10033,Chocolate Chip Cookie(Cookie),180,0,180,759,759,0,759,$204.93,0,0.00%,$0.00,$204.93,0,0.00%,$0.00,$204.93,,,,
Longfellow Middle,5/14/2025,10044,Soft Pretzel(1 pretzel),60,0,60,19,19,0,19,$4.18,0,0.00%,$0.00,$4.18,0,0.00%,$0.00,$4.18,,,,
Longfellow Middle,5/14/2025,10074,"Frozen Berry, Triple Berry Blend(1/2 cup (thawed))",0,0,0,80,80,0,80,$2.40,0,0.00%,$0.00,$2.40,0,0.00%,$0.00,$2.40,,,,
Longfellow Middle,5/14/2025,20001,1% White Milk(Each),32,0,32,100,32,0,32,$11.52,0,0.00%,$0.00,$11.52,68,68.00%,$24.48,$36.00,,,,
Longfellow Middle,5/14/2025,20002,Fat Free Chocolate Milk(Each),285,0,285,305,253,0,253,$88.55,0,0.00%,$0.00,$88.55,52,17.05%,$18.20,$106.75,,,,
Longfellow Middle,5/14/2025,20012,Grape Tomatoes(1/4 cup),0,0,0,72,52,0,52,$13.52,0,0.00%,$0.00,$13.52,20,27.78%,$5.20,$18.72,,,,
Longfellow Middle,5/14/2025,20014,Red Delicious Apple(Each - serving),0,0,0,185,135,0,135,$44.55,0,0.00%,$0.00,$44.55,50,27.03%,$16.50,$61.05,,,,
Longfellow Middle,5/14/2025,20023,Baby Carrots(3 baby carrots per 1/4 cup),0,0,0,120,100,0,100,$9.00,0,0.00%,$0.00,$9.00,20,16.67%,$1.80,$10.80,,,,
Longfellow Middle,5/14/2025,20028,Lettuce Blend Salad Mix(1/2 cup),137,0,137,142,142,0,142,$11.36,0,0.00%,$0.00,$11.36,0,0.00%,$0.00,$11.36,,,,
Longfellow Middle,5/14/2025,20038,Fat Free White Milk(Each),32,0,32,100,28,0,28,$9.24,0,0.00%,$0.00,$9.24,72,72.00%,$23.76,$33.00,,,,
Longfellow Middle,5/14/2025,20040,Cucumber Slices(1/4 cup),0,0,0,120,110,0,110,$6.60,0,0.00%,$0.00,$6.60,10,8.33%,$0.60,$7.20,,,,
Longfellow Middle,5/14/2025,20076,"Peppers, green, pre-sliced(1/2 cup sliced)",0,0,0,40,40,0,40,$12.00,0,0.00%,$0.00,$12.00,0,0.00%,$0.00,$12.00,,,,
Longfellow Middle,5/14/2025,30008,Apple Juice(Each),20,0,20,15,15,0,15,$2.55,0,0.00%,$0.00,$2.55,0,0.00%,$0.00,$2.55,,,,
Longfellow Middle,5/14/2025,30009,Orange Tangerine Juice(Each),20,0,20,7,7,0,7,$1.19,0,0.00%,$0.00,$1.19,0,0.00%,$0.00,$1.19,,,,
Longfellow Middle,5/14/2025,30044,Strawberry Flavored Dried Cranberries(Each),70,0,70,200,140,0,140,$33.60,0,0.00%,$0.00,$33.60,60,30.00%,$14.40,$48.00,,,,
Longfellow Middle,5/14/2025,30045,Watermelon Flavored Dried Cranberries(Each),71,0,71,60,50,0,50,$12.00,0,0.00%,$0.00,$12.00,10,16.67%,$2.40,$14.40,,,,
Longfellow Middle,5/14/2025,30063,Ketchup Packet(Packet),649,0,649,600,568,0,568,$17.04,0,0.00%,$0.00,$17.04,32,5.33%,$0.96,$18.00,,,,
Longfellow Middle,5/14/2025,30064,Mayonnaise Packet(Packet),87,0,87,90,70,0,70,$7.00,0,0.00%,$0.00,$7.00,20,22.22%,$2.00,$9.00,,,,
Longfellow Middle,5/14/2025,30065,Mustard Packet(Packet),70,0,70,80,60,0,60,$3.00,0,0.00%,$0.00,$3.00,20,25.00%,$1.00,$4.00,,,,
Longfellow Middle,5/14/2025,30077,Italian Dressing(1 ounce),50,0,50,60,50,0,50,$4.00,0,0.00%,$0.00,$4.00,10,16.67%,$0.80,$4.80,,,,
Longfellow Middle,5/14/2025,30097,Bottled Water(Bottle),180,0,180,159,159,0,159,$25.44,0,0.00%,$0.00,$25.44,0,0.00%,$0.00,$25.44,,,,
Longfellow Middle,5/14/2025,30107,Ranch Dressing(1 ounce),86,0,86,96,86,0,86,$9.46,0,0.00%,$0.00,$9.46,10,10.42%,$1.10,$10.56,,,,
Longfellow Middle,5/14/2025,60021,Cooked  Brown Rice(1 cup cooked),0,0,0,320,235,0,235,$25.85,1,0.31%,$0.11,$25.96,84,26.25%,$9.24,$35.20,,,,
Longfellow Middle,5/14/2025,60035,PB&J Power Pack(Power Packs),105,0,105,108,108,0,108,$116.64,0,0.00%,$0.00,$116.64,0,0.00%,$0.00,$116.64,,,,
Longfellow Middle,5/14/2025,60037,Strawberry & Banana Yogurt Power Pack(Power Packs),7,0,7,2,0,0,0,$0.00,0,0.00%,$0.00,$0.00,2,100.00%,$0.00,$0.00,,,,
Longfellow Middle,5/14/2025,60038,Peach Yogurt Power Pack(Power Packs),4,0,4,2,0,0,0,$0.00,0,0.00%,$0.00,$0.00,2,100.00%,$0.00,$0.00,,,,
Longfellow Middle,5/14/2025,60055,Orange Chicken(4 Bites w/ 1oz sauce),0,0,0,330,245,0,245,$232.75,1,0.30%,$0.95,$233.70,84,25.45%,$79.80,$313.50,,,,
Longfellow Middle,5/14/2025,60064,Vegetable Dumpling(6 dumplings),0,0,0,24,13,0,13,$0.00,1,4.17%,$0.00,$0.00,10,41.67%,$0.00,$0.00,,,,
Longfellow Middle,5/14/2025,60075,Spicy Chicken Wrap(Wrap),24,0,24,24,22,2,24,$28.08,0,0.00%,$0.00,$28.08,0,0.00%,$0.00,$28.08,,,,
Longfellow Middle,5/14/2025,60077,Manager's Vegetable Choice(1/4 cup),121,0,121,120,120,0,120,$0.00,0,0.00%,$0.00,$0.00,0,0.00%,$0.00,$0.00,,,,
Longfellow Middle,5/14/2025,60078,Nachos with Turkey Barbacoa and Cheese Sauce(Serving),0,0,0,189,173,3,176,$234.08,1,0.53%,$1.33,$235.41,12,6.35%,$15.96,$251.37,,,,
Longfellow Middle,5/14/2025,60101,Chickpeas - salad bar entree(1/2 cup),24,0,24,24,24,0,24,$4.32,0,0.00%,$0.00,$4.32,0,0.00%,$0.00,$4.32,,,,
Longfellow Middle,5/14/2025,60124,Nachos with Cheese Sauce(Serving),0,0,0,51,51,0,51,$39.27,0,0.00%,$0.00,$39.27,0,0.00%,$0.00,$39.27,,,,
Longfellow Middle,5/14/2025,60148,Turkey Barbacoa Arepa(1 Arepa + #10 scoop of turkey barbacoa),0,0,0,31,25,0,25,$36.00,0,0.00%,$0.00,$36.00,6,19.35%,$8.64,$44.64,,,,
Longfellow Middle,5/14/2025,60155,Fish  Sandwich(Sandwich),0,0,0,44,35,3,38,$26.60,1,2.27%,$0.70,$27.30,5,11.36%,$3.50,$30.80,,,,
Lorton Station Elementary,5/14/2025,10044,Soft Pretzel(1 pretzel),10,0,10,10,10,0,10,$2.20,0,0.00%,$0.00,$2.20,0,0.00%,$0.00,$2.20,,,,
Lorton Station Elementary,5/14/2025,10070,Orange Sauce(ounce),128,0,128,56,48,4,52,$7.28,0,0.00%,$0.00,$7.28,4,7.14%,$0.56,$7.84,,,,
Lorton Station Elementary,5/14/2025,20001,1% White Milk(Each),82,2,84,80,58,2,60,$21.60,0,0.00%,$0.00,$21.60,20,25.00%,$7.20,$28.80,,,,
Lorton Station Elementary,5/14/2025,20002,Fat Free Chocolate Milk(Each),250,0,250,210,203,0,203,$71.05,0,0.00%,$0.00,$71.05,7,3.33%,$2.45,$73.50,,,,
Lorton Station Elementary,5/14/2025,20014,Red Delicious Apple(Each - serving),32,0,32,178,173,0,173,$57.09,0,0.00%,$0.00,$57.09,5,2.81%,$1.65,$58.74,,,,
Lorton Station Elementary,5/14/2025,20018,Red Seedless Grapes(8 grapes per 1/4 cup),150,0,150,150,144,6,150,$39.00,0,0.00%,$0.00,$39.00,0,0.00%,$0.00,$39.00,,,,
Lorton Station Elementary,5/14/2025,20027,Broccoli Florets(1/4 cup),63,0,63,63,54,6,60,$4.80,0,0.00%,$0.00,$4.80,3,4.76%,$0.24,$5.04,,,,
Lorton Station Elementary,5/14/2025,20028,Lettuce Blend Salad Mix(1/2 cup),80,9,89,80,69,6,75,$6.00,0,0.00%,$0.00,$6.00,5,6.25%,$0.40,$6.40,,,,
Lorton Station Elementary,5/14/2025,20031,Banana(Each),0,0,0,80,74,6,80,$16.80,0,0.00%,$0.00,$16.80,0,0.00%,$0.00,$16.80,,,,
Lorton Station Elementary,5/14/2025,20038,Fat Free White Milk(Each),20,0,20,10,7,0,7,$2.31,0,0.00%,$0.00,$2.31,3,30.00%,$0.99,$3.30,,,,
Lorton Station Elementary,5/14/2025,20040,Cucumber Slices(6 Slices per 1/2 cup),32,2,34,30,28,2,30,$3.60,0,0.00%,$0.00,$3.60,0,0.00%,$0.00,$3.60,,,,
Lorton Station Elementary,5/14/2025,30014,Whole Wheat Dinner Roll(Each),188,7,195,229,221,4,225,$31.50,0,0.00%,$0.00,$31.50,4,1.75%,$0.56,$32.06,,,,
Lorton Station Elementary,5/14/2025,30020,Applesauce(1/2 Cup),32,2,34,30,28,2,30,$6.30,0,0.00%,$0.00,$6.30,0,0.00%,$0.00,$6.30,,,,
Lorton Station Elementary,5/14/2025,30031,Strawberry Chex Mix(Package),6,0,6,6,2,0,2,$0.90,0,0.00%,$0.00,$0.90,4,66.67%,$1.80,$2.70,,,,
Lorton Station Elementary,5/14/2025,30033,Cheez-Its Crackers(Package),32,0,32,27,27,0,27,$4.86,0,0.00%,$0.00,$4.86,0,0.00%,$0.00,$4.86,,,,
Lorton Station Elementary,5/14/2025,30034,Graham Crackers(Package),0,0,0,1,1,0,1,$0.14,0,0.00%,$0.00,$0.14,0,0.00%,$0.00,$0.14,,,,
Lorton Station Elementary,5/14/2025,30041,Orange Flavored Dried Cranberries(Each),60,0,60,60,49,6,55,$13.20,0,0.00%,$0.00,$13.20,5,8.33%,$1.20,$14.40,,,,
Lorton Station Elementary,5/14/2025,30077,Italian Dressing(1 ounce),50,0,50,50,50,0,50,$4.00,0,0.00%,$0.00,$4.00,0,0.00%,$0.00,$4.00,,,,
Lorton Station Elementary,5/14/2025,30094,Doritos Wild White Nacho Flavored Tortilla Chips(Bag),0,0,0,5,5,0,5,$1.75,0,0.00%,$0.00,$1.75,0,0.00%,$0.00,$1.75,,,,
Lorton Station Elementary,5/14/2025,30099,Chickpeas(1/4 cup),30,0,30,30,28,0,28,$2.52,0,0.00%,$0.00,$2.52,2,6.67%,$0.18,$2.70,,,,
Lorton Station Elementary,5/14/2025,30107,Ranch Dressing(1 ounce),50,0,50,50,50,0,50,$5.50,0,0.00%,$0.00,$5.50,0,0.00%,$0.00,$5.50,,,,
Lorton Station Elementary,5/14/2025,60035,PB&J Power Pack(Power Packs),144,0,144,108,105,0,105,$113.40,0,0.00%,$0.00,$113.40,3,2.78%,$3.24,$116.64,,,,
Lorton Station Elementary,5/14/2025,60036,Cherry Vanilla Yogurt Power Pack(Power Packs),24,0,24,36,32,0,32,$25.60,0,0.00%,$0.00,$25.60,4,11.11%,$3.20,$28.80,,,,
Lorton Station Elementary,5/14/2025,60047,Chicken Tenders(3 tenders),22,2,24,20,18,2,20,$18.80,0,0.00%,$0.00,$18.80,0,0.00%,$0.00,$18.80,,,,
Lorton Station Elementary,5/14/2025,60050,Chickenless Bites(4 Bites),166,7,173,209,203,2,205,$155.80,0,0.00%,$0.00,$155.80,4,1.91%,$3.04,$158.84,,,,
Lorton Station Elementary,5/14/2025,60064,Vegetable Dumpling(6 dumplings),0,0,0,56,48,4,52,$0.00,0,0.00%,$0.00,$0.00,4,7.14%,$0.00,$0.00,,,,
Lorton Station Elementary,5/14/2025,60077,Manager's Vegetable Choice(1/4 cup),50,0,50,50,50,0,50,$0.00,0,0.00%,$0.00,$0.00,0,0.00%,$0.00,$0.00,,,,
Lorton Station Elementary,5/14/2025,60101,Chickpeas - salad bar entree(1/2 cup),10,0,10,10,10,0,10,$1.80,0,0.00%,$0.00,$1.80,0,0.00%,$0.00,$1.80,,,,
Lorton Station Elementary,5/14/2025,60133,Chicken Philly Sandwich(each),0,0,0,1,1,0,1,$1.42,0,0.00%,$0.00,$1.42,0,0.00%,$0.00,$1.42,,,,
Louise Archer Elementary,5/14/2025,10044,Soft Pretzel(1 pretzel),16,0,16,15,11,0,11,$2.42,0,0.00%,$0.00,$2.42,4,26.67%,$0.88,$3.30,,,,
Louise Archer Elementary,5/14/2025,10058,Chicken & Vegetable Dumplings(6 dumplings),0,0,0,56,35,20,55,$0.00,0,0.00%,$0.00,$0.00,1,1.79%,$0.00,$0.00,,,,
Louise Archer Elementary,5/14/2025,10069,Bean and Cheese Pupusa(Pupusa),0,0,0,12,6,0,6,$9.00,6,50.00%,$9.00,$18.00,0,0.00%,$0.00,$18.00,,,,
Louise Archer Elementary,5/14/2025,10070,Orange Sauce(ounce),0,0,0,25,24,0,24,$3.36,0,0.00%,$0.00,$3.36,1,4.00%,$0.14,$3.50,,,,
Louise Archer Elementary,5/14/2025,20001,1% White Milk(Each),31,0,31,50,29,0,29,$10.44,0,0.00%,$0.00,$10.44,21,42.00%,$7.56,$18.00,,,,
Louise Archer Elementary,5/14/2025,20002,Fat Free Chocolate Milk(Each),147,0,147,200,139,0,139,$48.65,0,0.00%,$0.00,$48.65,61,30.50%,$21.35,$70.00,,,,
Louise Archer Elementary,5/14/2025,20012,Grape Tomatoes(1/4 cup),0,0,0,60,60,0,60,$15.60,0,0.00%,$0.00,$15.60,0,0.00%,$0.00,$15.60,,,,
Louise Archer Elementary,5/14/2025,20013,Gala Apple(Each),0,0,0,192,172,0,172,$63.64,0,0.00%,$0.00,$63.64,20,10.42%,$7.40,$71.04,,,,
Louise Archer Elementary,5/14/2025,20017,Orange(1/4 cup),0,0,0,102,102,0,102,$17.34,0,0.00%,$0.00,$17.34,0,0.00%,$0.00,$17.34,,,,
Louise Archer Elementary,5/14/2025,20027,Broccoli Florets(1/4 cup),74,0,74,50,48,0,48,$3.84,0,0.00%,$0.00,$3.84,2,4.00%,$0.16,$4.00,,,,
Louise Archer Elementary,5/14/2025,20028,Lettuce Blend Salad Mix(1/2 cup),130,0,130,150,130,0,130,$10.40,20,13.33%,$1.60,$12.00,0,0.00%,$0.00,$12.00,,,,
Louise Archer Elementary,5/14/2025,20031,Banana(Each),207,0,207,240,190,0,190,$39.90,0,0.00%,$0.00,$39.90,50,20.83%,$10.50,$50.40,,,,
Louise Archer Elementary,5/14/2025,20038,Fat Free White Milk(Each),30,0,30,42,29,0,29,$9.57,0,0.00%,$0.00,$9.57,13,30.95%,$4.29,$13.86,,,,
Louise Archer Elementary,5/14/2025,20040,Cucumber Slices(1/4 cup),0,0,0,120,90,0,90,$5.40,0,0.00%,$0.00,$5.40,30,25.00%,$1.80,$7.20,,,,
Louise Archer Elementary,5/14/2025,20052,Assorted  4 oz Yogurt(Container),0,0,0,10,7,0,7,$0.00,0,0.00%,$0.00,$0.00,3,30.00%,$0.00,$0.00,,,,
Louise Archer Elementary,5/14/2025,30008,Apple Juice(Each),0,0,0,60,58,0,58,$9.86,0,0.00%,$0.00,$9.86,2,3.33%,$0.34,$10.20,,,,
Louise Archer Elementary,5/14/2025,30014,Whole Wheat Dinner Roll(Each),94,0,94,36,36,0,36,$5.04,0,0.00%,$0.00,$5.04,0,0.00%,$0.00,$5.04,,,,
Louise Archer Elementary,5/14/2025,30031,Strawberry Chex Mix(Package),0,0,0,30,22,0,22,$9.90,0,0.00%,$0.00,$9.90,8,26.67%,$3.60,$13.50,,,,
Louise Archer Elementary,5/14/2025,30045,Watermelon Flavored Dried Cranberries(Each),59,0,59,60,51,0,51,$12.24,0,0.00%,$0.00,$12.24,9,15.00%,$2.16,$14.40,,,,
Louise Archer Elementary,5/14/2025,30063,Ketchup Packet(Packet),178,0,178,170,138,0,138,$4.14,0,0.00%,$0.00,$4.14,32,18.82%,$0.96,$5.10,,,,
Louise Archer Elementary,5/14/2025,30077,Italian Dressing(1 ounce),7,0,7,12,7,0,7,$0.56,0,0.00%,$0.00,$0.56,5,41.67%,$0.40,$0.96,,,,
Louise Archer Elementary,5/14/2025,30097,Bottled Water(Bottle),0,0,0,15,10,0,10,$1.60,0,0.00%,$0.00,$1.60,5,33.33%,$0.80,$2.40,,,,
Louise Archer Elementary,5/14/2025,30099,Chickpeas(1/4 cup),14,0,14,33,21,0,21,$1.89,0,0.00%,$0.00,$1.89,12,36.36%,$1.08,$2.97,,,,
Louise Archer Elementary,5/14/2025,30107,Ranch Dressing(1 ounce),10,0,10,12,10,0,10,$1.10,0,0.00%,$0.00,$1.10,2,16.67%,$0.22,$1.32,,,,
Louise Archer Elementary,5/14/2025,30112,Doritos RF Nacho Cheese(Each),0,0,0,120,112,0,112,$41.44,0,0.00%,$0.00,$41.44,8,6.67%,$2.96,$44.40,,,,
Louise Archer Elementary,5/14/2025,60035,PB&J Power Pack(Power Packs),47,0,47,50,40,0,40,$43.20,0,0.00%,$0.00,$43.20,10,20.00%,$10.80,$54.00,,,,
Louise Archer Elementary,5/14/2025,60038,Peach Yogurt Power Pack(Power Packs),12,0,12,30,17,0,17,$13.60,0,0.00%,$0.00,$13.60,13,43.33%,$10.40,$24.00,,,,
Louise Archer Elementary,5/14/2025,60050,Chickenless Bites(2 Bites),86,0,86,174,100,53,153,$58.14,0,0.00%,$0.00,$58.14,21,12.07%,$7.98,$66.12,,,,
Louise Archer Elementary,5/14/2025,60077,Manager's Vegetable Choice(1/4 cup),59,0,59,75,65,0,65,$0.00,0,0.00%,$0.00,$0.00,10,13.33%,$0.00,$0.00,,,,
Louise Archer Elementary,5/14/2025,60101,Chickpeas - salad bar entree(1/2 cup),0,0,0,1,1,0,1,$0.18,0,0.00%,$0.00,$0.18,0,0.00%,$0.00,$0.18,,,,
Luther Jackson Middle,5/14/2025,10011,Sweet Thai Chili Sauce(ounce),0,0,0,48,42,0,42,$5.88,0,0.00%,$0.00,$5.88,6,12.50%,$0.84,$6.72,,,,
Luther Jackson Middle,5/14/2025,10015,Baked Cheese Sticks(2 Cheese Sticks),0,0,0,14,9,5,14,$9.24,0,0.00%,$0.00,$9.24,0,0.00%,$0.00,$9.24,,,,
Luther Jackson Middle,5/14/2025,10033,Chocolate Chip Cookie(Cookie),105,0,105,105,0,105,105,$0.00,0,0.00%,$0.00,$0.00,0,0.00%,$0.00,$0.00,,,,
Luther Jackson Middle,5/14/2025,10044,Soft Pretzel(1 pretzel),0,0,0,6,0,2,2,$0.00,0,0.00%,$0.00,$0.00,4,66.67%,$0.00,$0.00,,,,
Luther Jackson Middle,5/14/2025,10075,Cheese Pizza(Slice),0,0,0,4,4,0,4,$2.28,0,0.00%,$0.00,$2.28,0,0.00%,$0.00,$2.28,,,,
Luther Jackson Middle,5/14/2025,20001,1% White Milk(Each),50,0,50,247,62,0,62,$22.32,0,0.00%,$0.00,$22.32,185,74.90%,$66.60,$88.92,,,,
Luther Jackson Middle,5/14/2025,20002,Fat Free Chocolate Milk(Each),400,0,400,897,376,0,376,$131.60,0,0.00%,$0.00,$131.60,521,58.08%,$182.35,$313.95,,,,
Luther Jackson Middle,5/14/2025,20008,Apple Slices(6 Slices per 1/2 cup),323,0,323,336,336,0,336,$396.48,0,0.00%,$0.00,$396.48,0,0.00%,$0.00,$396.48,,,,
Luther Jackson Middle,5/14/2025,20014,Red Delicious Apple(Each - serving),0,0,0,59,59,0,59,$19.47,0,0.00%,$0.00,$19.47,0,0.00%,$0.00,$19.47,,,,
Luther Jackson Middle,5/14/2025,20016,String Cheese(1 Stick),0,0,0,1,0,1,1,$0.00,0,0.00%,$0.00,$0.00,0,0.00%,$0.00,$0.00,,,,
Luther Jackson Middle,5/14/2025,20017,Orange(1/4 cup),0,0,0,286,286,0,286,$48.62,0,0.00%,$0.00,$48.62,0,0.00%,$0.00,$48.62,,,,
Luther Jackson Middle,5/14/2025,20023,Baby Carrots(3 baby carrots per 1/4 cup),0,0,0,48,48,0,48,$4.32,0,0.00%,$0.00,$4.32,0,0.00%,$0.00,$4.32,,,,
Luther Jackson Middle,5/14/2025,20027,Broccoli Florets(1/4 cup),144,0,144,84,84,0,84,$6.72,0,0.00%,$0.00,$6.72,0,0.00%,$0.00,$6.72,,,,
Luther Jackson Middle,5/14/2025,20028,Lettuce Blend Salad Mix(1/2 cup),160,0,160,240,199,1,200,$16.00,0,0.00%,$0.00,$16.00,40,16.67%,$3.20,$19.20,,,,
Luther Jackson Middle,5/14/2025,20031,Banana(Each),75,0,75,194,194,0,194,$40.74,0,0.00%,$0.00,$40.74,0,0.00%,$0.00,$40.74,,,,
Luther Jackson Middle,5/14/2025,20036,Celery Sticks(1/2 cup),0,0,0,48,48,0,48,$26.40,0,0.00%,$0.00,$26.40,0,0.00%,$0.00,$26.40,,,,
Luther Jackson Middle,5/14/2025,20038,Fat Free White Milk(Each),50,0,50,49,11,0,11,$3.63,0,0.00%,$0.00,$3.63,38,77.55%,$12.54,$16.17,,,,
Luther Jackson Middle,5/14/2025,20040,Cucumber Slices(1/4 cup),0,0,0,184,92,0,92,$5.52,0,0.00%,$0.00,$5.52,92,50.00%,$5.52,$11.04,,,,
Luther Jackson Middle,5/14/2025,30008,Apple Juice(Each),0,0,0,18,0,12,12,$0.00,0,0.00%,$0.00,$0.00,6,33.33%,$0.00,$0.00,,,,
Luther Jackson Middle,5/14/2025,30014,Whole Wheat Dinner Roll(Each),0,0,0,206,177,4,181,$25.34,0,0.00%,$0.00,$25.34,25,12.14%,$3.50,$28.84,,,,
Luther Jackson Middle,5/14/2025,30024,Black Beans(1/4 Cup),0,0,0,33,33,0,33,$2.97,0,0.00%,$0.00,$2.97,0,0.00%,$0.00,$2.97,,,,
Luther Jackson Middle,5/14/2025,30063,Ketchup Packet(Packet),200,0,200,300,215,0,215,$6.45,0,0.00%,$0.00,$6.45,85,28.33%,$2.55,$9.00,,,,
Luther Jackson Middle,5/14/2025,30065,Mustard Packet(Packet),50,0,50,50,39,0,39,$1.95,0,0.00%,$0.00,$1.95,11,22.00%,$0.55,$2.50,,,,
Luther Jackson Middle,5/14/2025,30097,Bottled Water(Bottle),36,0,36,36,0,31,31,$0.00,0,0.00%,$0.00,$0.00,5,13.89%,$0.00,$0.00,,,,
Luther Jackson Middle,5/14/2025,30099,Chickpeas(1/4 cup),0,0,0,32,32,0,32,$2.88,0,0.00%,$0.00,$2.88,0,0.00%,$0.00,$2.88,,,,
Luther Jackson Middle,5/14/2025,30103,"Milk, Lactose Free,  Fat Free, Shelf-Stable(Each)",0,0,0,78,24,0,24,$11.52,0,0.00%,$0.00,$11.52,54,69.23%,$25.92,$37.44,,,,
Luther Jackson Middle,5/14/2025,30107,Ranch Dressing(1 ounce),160,0,160,192,192,0,192,$21.12,0,0.00%,$0.00,$21.12,0,0.00%,$0.00,$21.12,,,,
Luther Jackson Middle,5/14/2025,30111,Doritos RF Spicy Sweet Chili(Each),20,0,20,12,0,12,12,$0.00,0,0.00%,$0.00,$0.00,0,0.00%,$0.00,$0.00,,,,
Luther Jackson Middle,5/14/2025,30114,SS Baked Cheetos Flaming Hot(Each),30,0,30,43,0,43,43,$0.00,0,0.00%,$0.00,$0.00,0,0.00%,$0.00,$0.00,,,,
Luther Jackson Middle,5/14/2025,30115,SS Baked Cheetos Flaming Limon(Each),30,0,30,48,0,41,41,$0.00,0,0.00%,$0.00,$0.00,7,14.58%,$0.00,$0.00,,,,
Luther Jackson Middle,5/14/2025,30117,WG Baked Funyuns(Each),20,0,20,24,0,21,21,$0.00,0,0.00%,$0.00,$0.00,3,12.50%,$0.00,$0.00,,,,
Luther Jackson Middle,5/14/2025,30119,RF Kettle Chips Jalapeno & Cheddar Chips(Each),20,0,20,1,0,1,1,$0.00,0,0.00%,$0.00,$0.00,0,0.00%,$0.00,$0.00,,,,
Luther Jackson Middle,5/14/2025,30120,RF Kettle Chips Sea Salt & Vinegar Chips(Each),20,0,20,6,0,6,6,$0.00,0,0.00%,$0.00,$0.00,0,0.00%,$0.00,$0.00,,,,
Luther Jackson Middle,5/14/2025,30122,WG Chocolate Chip Rice Krispy Treats(Each),60,0,60,13,0,13,13,$0.00,0,0.00%,$0.00,$0.00,0,0.00%,$0.00,$0.00,,,,
Luther Jackson Middle,5/14/2025,30124,"Fruit Snacks, Welch's Mixed(Each)",30,0,30,45,0,41,41,$0.00,0,0.00%,$0.00,$0.00,4,8.89%,$0.00,$0.00,,,,
Luther Jackson Middle,5/14/2025,60035,PB&J Power Pack(Power Packs),72,0,72,115,74,2,76,$82.08,0,0.00%,$0.00,$82.08,39,33.91%,$42.12,$124.20,,,,
Luther Jackson Middle,5/14/2025,60037,Strawberry & Banana Yogurt Power Pack(Power Packs),12,0,12,5,3,0,3,$2.40,0,0.00%,$0.00,$2.40,2,40.00%,$1.60,$4.00,,,,
Luther Jackson Middle,5/14/2025,60040,Grilled Cheese Sandwich(Sandwich),48,0,48,60,34,0,34,$14.28,0,0.00%,$0.00,$14.28,26,43.33%,$10.92,$25.20,,,,
Luther Jackson Middle,5/14/2025,60050,Chickenless Bites(4 Bites),150,0,150,206,177,4,181,$137.56,0,0.00%,$0.00,$137.56,25,12.14%,$19.00,$156.56,,,,
Luther Jackson Middle,5/14/2025,60063,Chicken & Vegetable Dumplings(6 dumplings),48,0,48,48,42,0,42,$0.00,0,0.00%,$0.00,$0.00,6,12.50%,$0.00,$0.00,,,,
Luther Jackson Middle,5/14/2025,60070,Nachos with Taco Meat and Cheese Sauce(Serving Size),0,0,0,150,143,7,150,$120.00,0,0.00%,$0.00,$120.00,0,0.00%,$0.00,$120.00,,,,
Luther Jackson Middle,5/14/2025,60075,Spicy Chicken Wrap(Wrap),60,0,60,76,59,2,61,$71.37,0,0.00%,$0.00,$71.37,15,19.74%,$17.55,$88.92,,,,
Luther Jackson Middle,5/14/2025,60124,Nachos with Cheese Sauce(Serving),0,0,0,50,44,1,45,$34.65,0,0.00%,$0.00,$34.65,5,10.00%,$3.85,$38.50,,,,
Lynbrook Elementary,5/14/2025,10011,Sweet Thai Chili Sauce(ounce),0,0,0,96,86,0,86,$12.04,0,0.00%,$0.00,$12.04,10,10.42%,$1.40,$13.44,,,,
Lynbrook Elementary,5/14/2025,10044,Soft Pretzel(1 pretzel),24,0,24,20,8,0,8,$1.76,0,0.00%,$0.00,$1.76,12,60.00%,$2.64,$4.40,,,,
Lynbrook Elementary,5/14/2025,10062,Corn(1/2 cup (cooked)),0,0,0,64,54,0,54,$11.34,0,0.00%,$0.00,$11.34,10,15.63%,$2.10,$13.44,,,,
Lynbrook Elementary,5/14/2025,10069,Bean and Cheese Pupusa(Pupusa),0,0,0,35,35,0,35,$52.50,0,0.00%,$0.00,$52.50,0,0.00%,$0.00,$52.50,,,,
Lynbrook Elementary,5/14/2025,20001,1% White Milk(Each),72,0,72,111,73,3,76,$27.36,0,0.00%,$0.00,$27.36,35,31.53%,$12.60,$39.96,,,,
Lynbrook Elementary,5/14/2025,20002,Fat Free Chocolate Milk(Each),336,0,336,379,295,0,295,$103.25,0,0.00%,$0.00,$103.25,84,22.16%,$29.40,$132.65,,,,
Lynbrook Elementary,5/14/2025,20008,Apple Slices(3 slices per 1/4 cup),0,0,0,380,375,0,375,$221.25,0,0.00%,$0.00,$221.25,5,1.32%,$2.95,$224.20,,,,
Lynbrook Elementary,5/14/2025,20014,Red Delicious Apple(Each - serving),49,0,49,55,49,0,49,$16.17,0,0.00%,$0.00,$16.17,6,10.91%,$1.98,$18.15,,,,
Lynbrook Elementary,5/14/2025,20016,String Cheese(Each),0,5,5,0,0,0,0,$0.00,0,0.00%,$0.00,$0.00,0,0.00%,$0.00,$0.00,,,,
Lynbrook Elementary,5/14/2025,20027,Broccoli Florets(1/4 cup),54,0,54,42,40,0,40,$3.20,0,0.00%,$0.00,$3.20,2,4.76%,$0.16,$3.36,,,,
Lynbrook Elementary,5/14/2025,20028,Lettuce Blend Salad Mix(1/2 cup),159,0,159,200,185,0,185,$14.80,0,0.00%,$0.00,$14.80,15,7.50%,$1.20,$16.00,,,,
Lynbrook Elementary,5/14/2025,20031,Banana(Each),0,0,0,150,149,0,149,$31.29,0,0.00%,$0.00,$31.29,1,0.67%,$0.21,$31.50,,,,
Lynbrook Elementary,5/14/2025,20038,Fat Free White Milk(Each),20,0,20,69,15,0,15,$4.95,0,0.00%,$0.00,$4.95,54,78.26%,$17.82,$22.77,,,,
Lynbrook Elementary,5/14/2025,20040,Cucumber Slices(6 Slices per 1/2 cup),53,0,53,55,49,3,52,$6.24,0,0.00%,$0.00,$6.24,3,5.45%,$0.36,$6.60,,,,
Lynbrook Elementary,5/14/2025,20043,"Lactose Free, White Milk(Each)",0,0,0,2,1,0,1,$0.58,0,0.00%,$0.00,$0.58,1,50.00%,$0.58,$1.16,,,,
Lynbrook Elementary,5/14/2025,20047,Orange Slices(3 slices per 1/4 cup),0,0,0,275,230,0,230,$46.00,0,0.00%,$0.00,$46.00,45,16.36%,$9.00,$55.00,,,,
Lynbrook Elementary,5/14/2025,20052,Assorted  4 oz Yogurt(Container),0,5,5,0,0,0,0,$0.00,0,0.00%,$0.00,$0.00,0,0.00%,$0.00,$0.00,,,,
Lynbrook Elementary,5/14/2025,20076,"Peppers, green, pre-sliced(1/2 cup sliced)",0,0,0,140,70,0,70,$21.00,50,35.71%,$15.00,$36.00,20,14.29%,$6.00,$42.00,,,,
Lynbrook Elementary,5/14/2025,30008,Apple Juice(Each),0,5,5,5,2,0,2,$0.34,0,0.00%,$0.00,$0.34,3,60.00%,$0.51,$0.85,,,,
Lynbrook Elementary,5/14/2025,30009,Orange Tangerine Juice(Each),0,5,5,0,0,0,0,$0.00,0,0.00%,$0.00,$0.00,0,0.00%,$0.00,$0.00,,,,
Lynbrook Elementary,5/14/2025,30020,Applesauce(1/2 Cup),61,0,61,65,54,3,57,$11.97,0,0.00%,$0.00,$11.97,8,12.31%,$1.68,$13.65,,,,
Lynbrook Elementary,5/14/2025,30031,Strawberry Chex Mix(Package),0,5,5,0,0,0,0,$0.00,0,0.00%,$0.00,$0.00,0,0.00%,$0.00,$0.00,,,,
Lynbrook Elementary,5/14/2025,30033,Cheez-Its Crackers(Package),46,0,46,55,49,0,49,$8.82,0,0.00%,$0.00,$8.82,6,10.91%,$1.08,$9.90,,,,
Lynbrook Elementary,5/14/2025,30042,Original Flavored Dried Cranberries(Package),134,0,134,200,143,0,143,$34.32,0,0.00%,$0.00,$34.32,57,28.50%,$13.68,$48.00,,,,
Lynbrook Elementary,5/14/2025,30077,Italian Dressing(1 ounce),18,0,18,50,35,0,35,$2.80,0,0.00%,$0.00,$2.80,15,30.00%,$1.20,$4.00,,,,
Lynbrook Elementary,5/14/2025,30097,Bottled Water(Bottle),0,5,5,10,9,0,9,$1.44,0,0.00%,$0.00,$1.44,1,10.00%,$0.16,$1.60,,,,
Lynbrook Elementary,5/14/2025,30099,Chickpeas(1/4 cup),15,0,15,15,6,0,6,$0.54,0,0.00%,$0.00,$0.54,9,60.00%,$0.81,$1.35,,,,
Lynbrook Elementary,5/14/2025,30107,Ranch Dressing(1 ounce),156,0,156,156,150,0,150,$16.50,0,0.00%,$0.00,$16.50,6,3.85%,$0.66,$17.16,,,,
Lynbrook Elementary,5/14/2025,30109,Smartfood RF White Cheddar Popcorn(Each),0,5,5,25,19,0,19,$7.03,0,0.00%,$0.00,$7.03,6,24.00%,$2.22,$9.25,,,,
Lynbrook Elementary,5/14/2025,60021,Cooked  Brown Rice(1 cup cooked),0,0,0,115,92,3,95,$10.45,0,0.00%,$0.00,$10.45,20,17.39%,$2.20,$12.65,,,,
Lynbrook Elementary,5/14/2025,60035,PB&J Power Pack(Power Packs),150,0,150,95,87,0,87,$93.96,0,0.00%,$0.00,$93.96,8,8.42%,$8.64,$102.60,,,,
Lynbrook Elementary,5/14/2025,60036,Cherry Vanilla Yogurt Power Pack(Power Packs),37,0,37,50,37,0,37,$29.60,0,0.00%,$0.00,$29.60,13,26.00%,$10.40,$40.00,,,,
Lynbrook Elementary,5/14/2025,60045,Cucumber Slices(1/2 cup),20,0,20,10,5,0,5,$0.40,0,0.00%,$0.00,$0.40,5,50.00%,$0.40,$0.80,,,,
Lynbrook Elementary,5/14/2025,60047,Chicken Tenders(3 tenders),50,0,50,60,48,3,51,$47.94,0,0.00%,$0.00,$47.94,9,15.00%,$8.46,$56.40,,,,
Lynbrook Elementary,5/14/2025,60050,Chickenless Bites(4 Bites),282,0,282,209,198,0,198,$150.48,2,0.96%,$1.52,$152.00,9,4.31%,$6.84,$158.84,,,,
Lynbrook Elementary,5/14/2025,60063,Chicken & Vegetable Dumplings(6 dumplings),40,0,40,90,72,10,82,$0.00,0,0.00%,$0.00,$0.00,8,8.89%,$0.00,$0.00,,,,
Lynbrook Elementary,5/14/2025,60077,Manager's Vegetable Choice(1/4 cup),96,0,96,96,91,0,91,$0.00,0,0.00%,$0.00,$0.00,5,5.21%,$0.00,$0.00,,,,
Lynbrook Elementary,5/14/2025,60101,Chickpeas - salad bar entree(1/2 cup),1,0,1,5,2,0,2,$0.36,0,0.00%,$0.00,$0.36,3,60.00%,$0.54,$0.90,,,,
Lynbrook Elementary,5/14/2025,60150,Strawberry Parfait Power Pack(Power Pack),5,0,5,10,8,0,8,$13.04,0,0.00%,$0.00,$13.04,2,20.00%,$3.26,$16.30,,,,
MARSHALL HS,5/14/2025,10001,"Patty, Chicken, Breaded, WG(2 strips)",0,0,0,20,15,0,15,$3.30,0,0.00%,$0.00,$3.30,5,25.00%,$1.10,$4.40,,,,
MARSHALL HS,5/14/2025,10011,Sweet Thai Chili Sauce(ounce),0,0,0,98,98,0,98,$13.72,0,0.00%,$0.00,$13.72,0,0.00%,$0.00,$13.72,,,,
MARSHALL HS,5/14/2025,10027,"Bread, Loco(1/2 piece)",0,0,0,18,18,0,18,$2.70,0,0.00%,$0.00,$2.70,0,0.00%,$0.00,$2.70,,,,
MARSHALL HS,5/14/2025,10027,"Bread, Loco(flatbread)",126,0,126,60,42,0,42,$12.60,0,0.00%,$0.00,$12.60,18,30.00%,$5.40,$18.00,,,,
MARSHALL HS,5/14/2025,10033,Chocolate Chip Cookie(Cookie),204,0,204,203,203,0,203,$54.81,0,0.00%,$0.00,$54.81,0,0.00%,$0.00,$54.81,,,,
MARSHALL HS,5/14/2025,10044,Soft Pretzel(1 pretzel),22,0,22,50,48,0,48,$10.56,0,0.00%,$0.00,$10.56,2,4.00%,$0.44,$11.00,,,,
MARSHALL HS,5/14/2025,10049,"WG 10"" Flour Tortilla(Tortilla)",5,0,5,10,4,0,4,$1.40,0,0.00%,$0.00,$1.40,6,60.00%,$2.10,$3.50,,,,
MARSHALL HS,5/14/2025,10051,"Turkey,  Breast, Pre-Sliced, Oven Roasted(3 Slices)",3,0,3,10,2,0,2,$1.08,0,0.00%,$0.00,$1.08,8,80.00%,$4.32,$5.40,,,,
MARSHALL HS,5/14/2025,10062,Corn(2 Tablespoons (thawed)),3,0,3,6,3,0,3,$0.15,0,0.00%,$0.00,$0.15,3,50.00%,$0.15,$0.30,,,,
MARSHALL HS,5/14/2025,10069,Bean and Cheese Pupusa(Pupusa),0,0,0,33,33,0,33,$49.50,0,0.00%,$0.00,$49.50,0,0.00%,$0.00,$49.50,,,,
MARSHALL HS,5/14/2025,20001,1% White Milk(Each),61,0,61,99,49,0,49,$17.64,0,0.00%,$0.00,$17.64,50,50.51%,$18.00,$35.64,,,,
MARSHALL HS,5/14/2025,20002,Fat Free Chocolate Milk(Each),335,0,335,655,263,0,263,$92.05,0,0.00%,$0.00,$92.05,392,59.85%,$137.20,$229.25,,,,
MARSHALL HS,5/14/2025,20008,Apple Slices(3 slices per 1/4 cup),221,0,221,232,224,0,224,$132.16,0,0.00%,$0.00,$132.16,8,3.45%,$4.72,$136.88,,,,
MARSHALL HS,5/14/2025,20008,Apple Slices(6 Slices per 1/2 cup),12,0,12,14,11,0,11,$12.98,0,0.00%,$0.00,$12.98,3,21.43%,$3.54,$16.52,,,,
MARSHALL HS,5/14/2025,20012,Grape Tomatoes(1/4 cup),0,0,0,72,54,0,54,$14.04,0,0.00%,$0.00,$14.04,18,25.00%,$4.68,$18.72,,,,
MARSHALL HS,5/14/2025,20014,Red Delicious Apple(Each - serving),0,0,0,260,218,0,218,$71.94,0,0.00%,$0.00,$71.94,42,16.15%,$13.86,$85.80,,,,
MARSHALL HS,5/14/2025,20018,Red Seedless Grapes(16 grapes per 1/2 cup),0,0,0,546,522,0,522,$266.22,0,0.00%,$0.00,$266.22,24,4.40%,$12.24,$278.46,,,,
MARSHALL HS,5/14/2025,20023,Baby Carrots(6 Baby Carrots per 1/2 cup),9,0,9,12,9,0,9,$1.53,0,0.00%,$0.00,$1.53,3,25.00%,$0.51,$2.04,,,,
MARSHALL HS,5/14/2025,20027,Broccoli Florets(1/4 cup),182,0,182,168,147,0,147,$11.76,0,0.00%,$0.00,$11.76,21,12.50%,$1.68,$13.44,,,,
MARSHALL HS,5/14/2025,20028,Lettuce Blend Salad Mix(1/2 cup),259,0,259,280,265,0,265,$21.20,0,0.00%,$0.00,$21.20,15,5.36%,$1.20,$22.40,,,,
MARSHALL HS,5/14/2025,20031,Banana(Each),118,0,118,184,178,0,178,$37.38,0,0.00%,$0.00,$37.38,6,3.26%,$1.26,$38.64,,,,
MARSHALL HS,5/14/2025,20035,"Onions, Red, Whole(2 Tablespoons (sliced))",4,0,4,5,3,0,3,$0.09,0,0.00%,$0.00,$0.09,2,40.00%,$0.06,$0.15,,,,
MARSHALL HS,5/14/2025,20036,Celery Sticks(1/2 cup),0,0,0,48,47,0,47,$25.85,0,0.00%,$0.00,$25.85,1,2.08%,$0.55,$26.40,,,,
MARSHALL HS,5/14/2025,20038,Fat Free White Milk(Each),15,0,15,123,9,0,9,$2.97,0,0.00%,$0.00,$2.97,114,92.68%,$37.62,$40.59,,,,
MARSHALL HS,5/14/2025,20040,Cucumber Slices(1/4 cup),0,0,0,230,207,0,207,$12.42,0,0.00%,$0.00,$12.42,23,10.00%,$1.38,$13.80,,,,
MARSHALL HS,5/14/2025,20040,Cucumber Slices(2 Tablespoon),9,0,9,12,9,0,9,$0.27,0,0.00%,$0.00,$0.27,3,25.00%,$0.09,$0.36,,,,
MARSHALL HS,5/14/2025,20041,"Peppers, Green, Whole(2 Tablespoon)",4,0,4,5,3,0,3,$0.18,0,0.00%,$0.00,$0.18,2,40.00%,$0.12,$0.30,,,,
MARSHALL HS,5/14/2025,20042,"Peppers, Red, Whole(2 Tablespoons)",4,0,4,5,3,0,3,$0.15,0,0.00%,$0.00,$0.15,2,40.00%,$0.10,$0.25,,,,
MARSHALL HS,5/14/2025,20047,Orange Slices(3 slices per 1/4 cup),0,0,0,170,153,0,153,$30.60,0,0.00%,$0.00,$30.60,17,10.00%,$3.40,$34.00,,,,
MARSHALL HS,5/14/2025,20052,Assorted  4 oz Yogurt(Container),5,0,5,6,6,0,6,$0.00,0,0.00%,$0.00,$0.00,0,0.00%,$0.00,$0.00,,,,
MARSHALL HS,5/14/2025,20077,"Peppers, red, pre-sliced(1/2 cup sliced)",0,0,0,70,65,0,65,$36.40,0,0.00%,$0.00,$36.40,5,7.14%,$2.80,$39.20,,,,
MARSHALL HS,5/14/2025,30002,Sub Roll(Sub Roll),7,0,7,10,3,0,3,$0.93,0,0.00%,$0.00,$0.93,7,70.00%,$2.17,$3.10,,,,
MARSHALL HS,5/14/2025,30033,Cheez-Its Crackers(Package),35,0,35,34,34,0,34,$6.12,0,0.00%,$0.00,$6.12,0,0.00%,$0.00,$6.12,,,,
MARSHALL HS,5/14/2025,30041,Orange Flavored Dried Cranberries(Each),7,0,7,10,6,0,6,$1.44,0,0.00%,$0.00,$1.44,4,40.00%,$0.96,$2.40,,,,
MARSHALL HS,5/14/2025,30043,Raspberry Lemonade Flavored Dried Cranberries(Each),55,0,55,75,43,0,43,$10.32,0,0.00%,$0.00,$10.32,32,42.67%,$7.68,$18.00,,,,
MARSHALL HS,5/14/2025,30061,Chilled Mandarin Oranges(1/2 cup (drained)),0,0,0,54,54,0,54,$18.36,0,0.00%,$0.00,$18.36,0,0.00%,$0.00,$18.36,,,,
MARSHALL HS,5/14/2025,30063,Ketchup Packet(Packet),464,0,464,300,290,0,290,$8.70,0,0.00%,$0.00,$8.70,10,3.33%,$0.30,$9.00,,,,
MARSHALL HS,5/14/2025,30064,Mayonnaise Packet(Packet),81,0,81,90,59,0,59,$5.90,0,0.00%,$0.00,$5.90,31,34.44%,$3.10,$9.00,,,,
MARSHALL HS,5/14/2025,30065,Mustard Packet(Packet),30,0,30,50,20,0,20,$1.00,0,0.00%,$0.00,$1.00,30,60.00%,$1.50,$2.50,,,,
MARSHALL HS,5/14/2025,30077,Italian Dressing(1 ounce),91,0,91,108,90,0,90,$7.20,0,0.00%,$0.00,$7.20,18,16.67%,$1.44,$8.64,,,,
MARSHALL HS,5/14/2025,30097,Bottled Water(Bottle),92,0,92,85,85,0,85,$13.60,0,0.00%,$0.00,$13.60,0,0.00%,$0.00,$13.60,,,,
MARSHALL HS,5/14/2025,30099,Chickpeas(1/4 cup),43,0,43,53,28,0,28,$2.52,0,0.00%,$0.00,$2.52,25,47.17%,$2.25,$4.77,,,,
MARSHALL HS,5/14/2025,30099,Chickpeas(2 Tablespoons),3,0,3,5,2,0,2,$0.08,0,0.00%,$0.00,$0.08,3,60.00%,$0.12,$0.20,,,,
MARSHALL HS,5/14/2025,30107,Ranch Dressing(1 ounce),252,0,252,264,252,0,252,$27.72,0,0.00%,$0.00,$27.72,12,4.55%,$1.32,$29.04,,,,
MARSHALL HS,5/14/2025,60035,PB&J Power Pack(Power Packs),73,0,73,96,81,0,81,$87.48,0,0.00%,$0.00,$87.48,15,15.63%,$16.20,$103.68,,,,
MARSHALL HS,5/14/2025,60038,Peach Yogurt Power Pack(Power Packs),3,0,3,5,4,0,4,$3.20,0,0.00%,$0.00,$3.20,1,20.00%,$0.80,$4.00,,,,
MARSHALL HS,5/14/2025,60040,Grilled Cheese Sandwich(Sandwich),35,0,35,5,4,0,4,$1.68,1,20.00%,$0.42,$2.10,0,0.00%,$0.00,$2.10,,,,
MARSHALL HS,5/14/2025,60041,Turkey Pepperoni Pizza(1.37 oz),0,0,0,30,27,0,27,$18.36,0,0.00%,$0.00,$18.36,3,10.00%,$2.04,$20.40,,,,
MARSHALL HS,5/14/2025,60047,Chicken Tenders(3 tenders),0,0,0,18,18,0,18,$16.92,0,0.00%,$0.00,$16.92,0,0.00%,$0.00,$16.92,,,,
MARSHALL HS,5/14/2025,60050,Chickenless Bites(4 Bites),172,0,172,60,42,0,42,$31.92,0,0.00%,$0.00,$31.92,18,30.00%,$13.68,$45.60,,,,
MARSHALL HS,5/14/2025,60064,Vegetable Dumpling(6 dumplings),0,0,0,128,98,0,98,$0.00,0,0.00%,$0.00,$0.00,30,23.44%,$0.00,$0.00,,,,
MARSHALL HS,5/14/2025,60075,Spicy Chicken Wrap(Wrap),23,0,23,32,31,0,31,$36.27,0,0.00%,$0.00,$36.27,1,3.13%,$1.17,$37.44,,,,
MARSHALL HS,5/14/2025,60077,Manager's Vegetable Choice(1/4 cup),236,0,236,252,222,0,222,$0.00,0,0.00%,$0.00,$0.00,30,11.90%,$0.00,$0.00,,,,
MARSHALL HS,5/14/2025,60078,Nachos with Turkey Barbacoa and Cheese Sauce(Serving),0,0,0,320,292,10,302,$401.66,0,0.00%,$0.00,$401.66,18,5.63%,$23.94,$425.60,,,,
MARSHALL HS,5/14/2025,60080,Cheese Pizza(Slice),0,0,0,40,38,0,38,$21.66,0,0.00%,$0.00,$21.66,2,5.00%,$1.14,$22.80,,,,
MARSHALL HS,5/14/2025,60101,Chickpeas - salad bar entree(1/2 cup),21,0,21,17,17,0,17,$3.06,0,0.00%,$0.00,$3.06,0,0.00%,$0.00,$3.06,,,,
MARSHALL HS,5/14/2025,60124,Nachos with Cheese Sauce(Serving),0,0,0,120,96,5,101,$77.77,0,0.00%,$0.00,$77.77,19,15.83%,$14.63,$92.40,,,,
MARSHALL HS,5/14/2025,60150,Strawberry Parfait Power Pack(Power Pack),0,0,0,10,10,0,10,$16.30,0,0.00%,$0.00,$16.30,0,0.00%,$0.00,$16.30,,,,
MARSHALL HS,5/14/2025,60999,Fish Tacos(2 Tacos),0,0,0,60,45,2,47,$47.47,0,0.00%,$0.00,$47.47,13,21.67%,$13.13,$60.60,,,,
MT VERNON HS,5/14/2025,10005,"Chicken, Wings, Pre-Cooked(3 Wings)",0,0,0,40,37,0,37,$39.59,3,7.50%,$3.21,$42.80,0,0.00%,$0.00,$42.80,,,,
MT VERNON HS,5/14/2025,10013,"Patty, Chicken, Spicy, Breaded(2 strips)",0,0,0,22,22,0,22,$7.92,0,0.00%,$0.00,$7.92,0,0.00%,$0.00,$7.92,,,,
MT VERNON HS,5/14/2025,10027,"Bread, Loco(flatbread)",90,0,90,100,100,0,100,$30.00,0,0.00%,$0.00,$30.00,0,0.00%,$0.00,$30.00,,,,
MT VERNON HS,5/14/2025,10033,Chocolate Chip Cookie(Cookie),0,0,0,106,92,0,92,$24.84,4,3.77%,$1.08,$25.92,10,9.43%,$2.70,$28.62,,,,
MT VERNON HS,5/14/2025,10044,Soft Pretzel(1 pretzel),17,0,17,19,16,0,16,$3.52,3,15.79%,$0.66,$4.18,0,0.00%,$0.00,$4.18,,,,
MT VERNON HS,5/14/2025,10049,"WG 10"" Flour Tortilla(Tortilla)",5,0,5,12,12,0,12,$4.20,0,0.00%,$0.00,$4.20,0,0.00%,$0.00,$4.20,,,,
MT VERNON HS,5/14/2025,10051,"Turkey,  Breast, Pre-Sliced, Oven Roasted(3 Slices)",11,0,11,10,10,0,10,$5.40,0,0.00%,$0.00,$5.40,0,0.00%,$0.00,$5.40,,,,
MT VERNON HS,5/14/2025,10062,Corn(2 Tablespoons (thawed)),10,0,10,15,10,0,10,$0.50,0,0.00%,$0.00,$0.50,5,33.33%,$0.25,$0.75,,,,
MT VERNON HS,5/14/2025,10070,Orange Sauce(ounce),0,0,0,64,64,0,64,$8.96,0,0.00%,$0.00,$8.96,0,0.00%,$0.00,$8.96,,,,
MT VERNON HS,5/14/2025,20001,1% White Milk(Each),77,0,77,363,86,0,86,$30.96,0,0.00%,$0.00,$30.96,277,76.31%,$99.72,$130.68,,,,
MT VERNON HS,5/14/2025,20002,Fat Free Chocolate Milk(Each),328,0,328,485,402,0,402,$140.70,0,0.00%,$0.00,$140.70,83,17.11%,$29.05,$169.75,,,,
MT VERNON HS,5/14/2025,20006,"Cheese, Shredded, Cheddar(1/4 cup)",31,0,31,32,32,0,32,$5.44,0,0.00%,$0.00,$5.44,0,0.00%,$0.00,$5.44,,,,
MT VERNON HS,5/14/2025,20008,Apple Slices(6 Slices per 1/2 cup),53,0,53,77,77,0,77,$90.86,0,0.00%,$0.00,$90.86,0,0.00%,$0.00,$90.86,,,,
MT VERNON HS,5/14/2025,20015,Golden Delicious Apple(Each),0,0,0,65,52,0,52,$16.12,0,0.00%,$0.00,$16.12,13,20.00%,$4.03,$20.15,,,,
MT VERNON HS,5/14/2025,20018,Red Seedless Grapes(16 grapes per 1/2 cup),0,0,0,560,560,0,560,$285.60,0,0.00%,$0.00,$285.60,0,0.00%,$0.00,$285.60,,,,
MT VERNON HS,5/14/2025,20023,Baby Carrots(6 Baby Carrots per 1/2 cup),31,0,31,48,41,0,41,$6.97,0,0.00%,$0.00,$6.97,7,14.58%,$1.19,$8.16,,,,
MT VERNON HS,5/14/2025,20027,Broccoli Florets(1/4 cup),122,0,122,150,135,0,135,$10.80,0,0.00%,$0.00,$10.80,15,10.00%,$1.20,$12.00,,,,
MT VERNON HS,5/14/2025,20028,Lettuce Blend Salad Mix(1/2 cup),285,0,285,440,415,0,415,$33.20,0,0.00%,$0.00,$33.20,25,5.68%,$2.00,$35.20,,,,
MT VERNON HS,5/14/2025,20035,"Onions, Red, Whole(2 Tablespoons (sliced))",12,0,12,12,12,0,12,$0.36,0,0.00%,$0.00,$0.36,0,0.00%,$0.00,$0.36,,,,
MT VERNON HS,5/14/2025,20038,Fat Free White Milk(Each),14,0,14,11,4,0,4,$1.32,0,0.00%,$0.00,$1.32,7,63.64%,$2.31,$3.63,,,,
MT VERNON HS,5/14/2025,20040,Cucumber Slices(2 Tablespoon),22,0,22,23,23,0,23,$0.69,0,0.00%,$0.00,$0.69,0,0.00%,$0.00,$0.69,,,,
MT VERNON HS,5/14/2025,20041,"Peppers, Green, Whole(2 Tablespoon)",15,0,15,15,15,0,15,$0.90,0,0.00%,$0.00,$0.90,0,0.00%,$0.00,$0.90,,,,
MT VERNON HS,5/14/2025,20042,"Peppers, Red, Whole(2 Tablespoons)",12,0,12,15,15,0,15,$0.75,0,0.00%,$0.00,$0.75,0,0.00%,$0.00,$0.75,,,,
MT VERNON HS,5/14/2025,20047,Orange Slices(3 slices per 1/4 cup),0,0,0,204,170,0,170,$34.00,0,0.00%,$0.00,$34.00,34,16.67%,$6.80,$40.80,,,,
MT VERNON HS,5/14/2025,20069,"Apple, Slices, IW - ER Supper Only(Each)",0,0,0,300,272,0,272,$89.76,0,0.00%,$0.00,$89.76,28,9.33%,$9.24,$99.00,,,,
MT VERNON HS,5/14/2025,30002,Sub Roll(Sub Roll),7,0,7,9,9,0,9,$2.79,0,0.00%,$0.00,$2.79,0,0.00%,$0.00,$2.79,,,,
MT VERNON HS,5/14/2025,30043,Raspberry Lemonade Flavored Dried Cranberries(Each),185,0,185,97,82,0,82,$19.68,0,0.00%,$0.00,$19.68,15,15.46%,$3.60,$23.28,,,,
MT VERNON HS,5/14/2025,30044,Strawberry Flavored Dried Cranberries(Each),128,0,128,185,185,0,185,$44.40,0,0.00%,$0.00,$44.40,0,0.00%,$0.00,$44.40,,,,
MT VERNON HS,5/14/2025,30063,Ketchup Packet(Packet),425,0,425,550,550,0,550,$16.50,0,0.00%,$0.00,$16.50,0,0.00%,$0.00,$16.50,,,,
MT VERNON HS,5/14/2025,30064,Mayonnaise Packet(Packet),27,0,27,30,30,0,30,$3.00,0,0.00%,$0.00,$3.00,0,0.00%,$0.00,$3.00,,,,
MT VERNON HS,5/14/2025,30065,Mustard Packet(Packet),55,0,55,80,80,0,80,$4.00,0,0.00%,$0.00,$4.00,0,0.00%,$0.00,$4.00,,,,
MT VERNON HS,5/14/2025,30077,Italian Dressing(1 ounce),84,0,84,115,105,0,105,$8.40,0,0.00%,$0.00,$8.40,10,8.70%,$0.80,$9.20,,,,
MT VERNON HS,5/14/2025,30097,Bottled Water(Bottle),0,0,0,77,77,0,77,$12.32,0,0.00%,$0.00,$12.32,0,0.00%,$0.00,$12.32,,,,
MT VERNON HS,5/14/2025,30099,Chickpeas(1/4 cup),71,0,71,96,74,0,74,$6.66,0,0.00%,$0.00,$6.66,22,22.92%,$1.98,$8.64,,,,
MT VERNON HS,5/14/2025,30099,Chickpeas(2 Tablespoons),10,0,10,15,15,0,15,$0.60,0,0.00%,$0.00,$0.60,0,0.00%,$0.00,$0.60,,,,
MT VERNON HS,5/14/2025,30107,Ranch Dressing(1 ounce),196,0,196,240,225,0,225,$24.75,0,0.00%,$0.00,$24.75,15,6.25%,$1.65,$26.40,,,,
MT VERNON HS,5/14/2025,30110,Doritos Flamas(Each),0,0,0,20,18,0,18,$6.66,0,0.00%,$0.00,$6.66,2,10.00%,$0.74,$7.40,,,,
MT VERNON HS,5/14/2025,30111,Doritos RF Spicy Sweet Chili(Each),0,0,0,20,18,0,18,$6.66,0,0.00%,$0.00,$6.66,2,10.00%,$0.74,$7.40,,,,
MT VERNON HS,5/14/2025,30114,SS Baked Cheetos Flaming Hot(Each),0,0,0,10,10,0,10,$5.30,0,0.00%,$0.00,$5.30,0,0.00%,$0.00,$5.30,,,,
MT VERNON HS,5/14/2025,30115,SS Baked Cheetos Flaming Limon(Each),0,0,0,10,10,0,10,$3.90,0,0.00%,$0.00,$3.90,0,0.00%,$0.00,$3.90,,,,
MT VERNON HS,5/14/2025,30116,SS Cheetos Fantastix Flaming Hot(Each),0,0,0,10,10,0,10,$3.90,0,0.00%,$0.00,$3.90,0,0.00%,$0.00,$3.90,,,,
MT VERNON HS,5/14/2025,30118,Kettle Cooked Smoky BBQ Chips(Each),0,0,0,10,8,0,8,$4.80,0,0.00%,$0.00,$4.80,2,20.00%,$1.20,$6.00,,,,
MT VERNON HS,5/14/2025,30119,RF Kettle Chips Jalapeno & Cheddar Chips(Each),0,0,0,20,20,0,20,$12.00,0,0.00%,$0.00,$12.00,0,0.00%,$0.00,$12.00,,,,
MT VERNON HS,5/14/2025,30120,RF Kettle Chips Sea Salt & Vinegar Chips(Each),0,0,0,10,10,0,10,$6.00,0,0.00%,$0.00,$6.00,0,0.00%,$0.00,$6.00,,,,
MT VERNON HS,5/14/2025,30124,"Fruit Snacks, Welch's Mixed(Each)",0,0,0,2,2,0,2,$0.80,0,0.00%,$0.00,$0.80,0,0.00%,$0.00,$0.80,,,,
MT VERNON HS,5/14/2025,30160,Lay's RF Kettle Original Chips(Each),0,0,0,10,10,0,10,$6.00,0,0.00%,$0.00,$6.00,0,0.00%,$0.00,$6.00,,,,
MT VERNON HS,5/14/2025,60006,Vegan Burger(Sandwich),0,0,0,50,50,0,50,$27.50,0,0.00%,$0.00,$27.50,0,0.00%,$0.00,$27.50,,,,
MT VERNON HS,5/14/2025,60035,PB&J Power Pack(Power Packs),100,0,100,125,125,0,125,$135.00,0,0.00%,$0.00,$135.00,0,0.00%,$0.00,$135.00,,,,
MT VERNON HS,5/14/2025,60036,Cherry Vanilla Yogurt Power Pack(Power Packs),8,0,8,6,6,0,6,$4.80,0,0.00%,$0.00,$4.80,0,0.00%,$0.00,$4.80,,,,
MT VERNON HS,5/14/2025,60040,Grilled Cheese Sandwich(Sandwich),22,0,22,30,29,0,29,$12.18,1,3.33%,$0.42,$12.60,0,0.00%,$0.00,$12.60,,,,
MT VERNON HS,5/14/2025,60050,Chickenless Bites(2 Bites),6,0,6,8,8,0,8,$3.04,0,0.00%,$0.00,$3.04,0,0.00%,$0.00,$3.04,,,,
MT VERNON HS,5/14/2025,60050,Chickenless Bites(4 Bites),47,0,47,100,90,10,100,$76.00,0,0.00%,$0.00,$76.00,0,0.00%,$0.00,$76.00,,,,
MT VERNON HS,5/14/2025,60063,Chicken & Vegetable Dumplings(6 dumplings),119,0,119,64,64,0,64,$0.00,0,0.00%,$0.00,$0.00,0,0.00%,$0.00,$0.00,,,,
MT VERNON HS,5/14/2025,60075,Spicy Chicken Wrap(Wrap),86,0,86,131,131,0,131,$153.27,0,0.00%,$0.00,$153.27,0,0.00%,$0.00,$153.27,,,,
MT VERNON HS,5/14/2025,60077,Manager's Vegetable Choice(1/4 cup),318,0,318,501,471,0,471,$0.00,0,0.00%,$0.00,$0.00,30,5.99%,$0.00,$0.00,,,,
MT VERNON HS,5/14/2025,60078,Nachos with Turkey Barbacoa and Cheese Sauce(Serving),0,0,0,302,277,21,298,$396.34,0,0.00%,$0.00,$396.34,4,1.32%,$5.32,$401.66,,,,
MT VERNON HS,5/14/2025,60128,Alfredo & Basil Lasagna(Each),0,0,0,16,16,0,16,$20.16,0,0.00%,$0.00,$20.16,0,0.00%,$0.00,$20.16,,,,
MT VERNON HS,5/14/2025,60150,Strawberry Parfait Power Pack(Power Pack),6,0,6,6,6,0,6,$9.78,0,0.00%,$0.00,$9.78,0,0.00%,$0.00,$9.78,,,,
Madison High,5/14/2025,10001,"Patty, Chicken, Breaded, WG(2 strips)",19,0,19,0,0,0,0,$0.00,0,0.00%,$0.00,$0.00,0,0.00%,$0.00,$0.00,,,,
Madison High,5/14/2025,10015,Baked Cheese Sticks(2 Cheese Sticks),0,0,0,38,18,7,25,$16.50,1,2.63%,$0.66,$17.16,12,31.58%,$7.92,$25.08,,,,
Madison High,5/14/2025,10033,Chocolate Chip Cookie(Cookie),0,0,0,143,143,0,143,$38.61,0,0.00%,$0.00,$38.61,0,0.00%,$0.00,$38.61,,,,
Madison High,5/14/2025,10044,Soft Pretzel(1 pretzel),3,0,3,2,2,0,2,$0.44,0,0.00%,$0.00,$0.44,0,0.00%,$0.00,$0.44,,,,
Madison High,5/14/2025,10049,"WG 10"" Flour Tortilla(Tortilla)",19,0,19,0,0,0,0,$0.00,0,0.00%,$0.00,$0.00,0,0.00%,$0.00,$0.00,,,,
Madison High,5/14/2025,10051,"Turkey,  Breast, Pre-Sliced, Oven Roasted(3 Slices)",0,0,0,0,0,0,0,$0.00,0,0.00%,$0.00,$0.00,0,0.00%,$0.00,$0.00,,,,
Madison High,5/14/2025,10062,Corn(2 Tablespoons (thawed)),13,0,13,0,0,0,0,$0.00,0,0.00%,$0.00,$0.00,0,0.00%,$0.00,$0.00,,,,
Madison High,5/14/2025,10069,Bean and Cheese Pupusa(Pupusa),0,0,0,14,14,0,14,$21.00,0,0.00%,$0.00,$21.00,0,0.00%,$0.00,$21.00,,,,
Madison High,5/14/2025,10070,Orange Sauce(ounce),0,0,0,10,2,0,2,$0.28,0,0.00%,$0.00,$0.28,8,80.00%,$1.12,$1.40,,,,
Madison High,5/14/2025,10075,Cheese Pizza(Slice),0,0,0,10,9,0,9,$5.13,1,10.00%,$0.57,$5.70,0,0.00%,$0.00,$5.70,,,,
Madison High,5/14/2025,20001,1% White Milk(Each),28,0,28,65,15,0,15,$5.40,0,0.00%,$0.00,$5.40,50,76.92%,$18.00,$23.40,,,,
Madison High,5/14/2025,20002,Fat Free Chocolate Milk(Each),204,0,204,353,193,0,193,$67.55,0,0.00%,$0.00,$67.55,160,45.33%,$56.00,$123.55,,,,
Madison High,5/14/2025,20006,"Cheese, Shredded, Cheddar(1/4 cup)",20,0,20,0,0,0,0,$0.00,0,0.00%,$0.00,$0.00,0,0.00%,$0.00,$0.00,,,,
Madison High,5/14/2025,20008,Apple Slices(6 Slices per 1/2 cup),0,0,0,0,0,0,0,$0.00,0,0.00%,$0.00,$0.00,0,0.00%,$0.00,$0.00,,,,
Madison High,5/14/2025,20012,Grape Tomatoes(1/4 cup),0,0,0,72,72,0,72,$18.72,0,0.00%,$0.00,$18.72,0,0.00%,$0.00,$18.72,,,,
Madison High,5/14/2025,20014,Red Delicious Apple(Each - serving),0,0,0,150,140,0,140,$46.20,0,0.00%,$0.00,$46.20,10,6.67%,$3.30,$49.50,,,,
Madison High,5/14/2025,20016,String Cheese(Each),0,0,0,0,0,0,0,$0.00,0,0.00%,$0.00,$0.00,0,0.00%,$0.00,$0.00,,,,
Madison High,5/14/2025,20018,Red Seedless Grapes(2 Tablespoons),0,0,0,0,0,0,0,$0.00,0,0.00%,$0.00,$0.00,0,0.00%,$0.00,$0.00,,,,
Madison High,5/14/2025,20023,Baby Carrots(3 baby carrots per 1/4 cup),0,0,0,192,168,0,168,$15.12,0,0.00%,$0.00,$15.12,24,12.50%,$2.16,$17.28,,,,
Madison High,5/14/2025,20023,Baby Carrots(6 Baby Carrots per 1/2 cup),1,0,1,0,0,0,0,$0.00,0,0.00%,$0.00,$0.00,0,0.00%,$0.00,$0.00,,,,
Madison High,5/14/2025,20027,Broccoli Florets(1/4 cup),70,0,70,84,63,0,63,$5.04,0,0.00%,$0.00,$5.04,21,25.00%,$1.68,$6.72,,,,
Madison High,5/14/2025,20028,Lettuce Blend Salad Mix(1/2 cup),115,0,115,120,100,0,100,$8.00,0,0.00%,$0.00,$8.00,20,16.67%,$1.60,$9.60,,,,
Madison High,5/14/2025,20031,Banana(Each),85,0,85,96,71,0,71,$14.91,0,0.00%,$0.00,$14.91,25,26.04%,$5.25,$20.16,,,,
Madison High,5/14/2025,20035,"Onions, Red, Whole(2 Tablespoons (sliced))",0,0,0,0,0,0,0,$0.00,0,0.00%,$0.00,$0.00,0,0.00%,$0.00,$0.00,,,,
Madison High,5/14/2025,20038,Fat Free White Milk(Each),16,0,16,100,10,0,10,$3.30,0,0.00%,$0.00,$3.30,90,90.00%,$29.70,$33.00,,,,
Madison High,5/14/2025,20040,Cucumber Slices(2 Tablespoon),10,0,10,0,0,0,0,$0.00,0,0.00%,$0.00,$0.00,0,0.00%,$0.00,$0.00,,,,
Madison High,5/14/2025,20041,"Peppers, Green, Whole(2 Tablespoon)",0,0,0,0,0,0,0,$0.00,0,0.00%,$0.00,$0.00,0,0.00%,$0.00,$0.00,,,,
Madison High,5/14/2025,20042,"Peppers, Red, Whole(2 Tablespoons)",4,0,4,0,0,0,0,$0.00,0,0.00%,$0.00,$0.00,0,0.00%,$0.00,$0.00,,,,
Madison High,5/14/2025,20052,Assorted  4 oz Yogurt(Container),0,0,0,2,1,1,2,$0.00,0,0.00%,$0.00,$0.00,0,0.00%,$0.00,$0.00,,,,
Madison High,5/14/2025,30002,Sub Roll(Sub Roll),0,0,0,0,0,0,0,$0.00,0,0.00%,$0.00,$0.00,0,0.00%,$0.00,$0.00,,,,
Madison High,5/14/2025,30008,Apple Juice(Each),0,0,0,0,0,0,0,$0.00,0,0.00%,$0.00,$0.00,0,0.00%,$0.00,$0.00,,,,
Madison High,5/14/2025,30009,Orange Tangerine Juice(Each),0,0,0,32,32,0,32,$5.44,0,0.00%,$0.00,$5.44,0,0.00%,$0.00,$5.44,,,,
Madison High,5/14/2025,30014,Whole Wheat Dinner Roll(2 rolls),0,0,0,52,51,0,51,$14.28,1,1.92%,$0.28,$14.56,0,0.00%,$0.00,$14.56,,,,
Madison High,5/14/2025,30033,Cheez-Its Crackers(Package),0,0,0,0,0,0,0,$0.00,0,0.00%,$0.00,$0.00,0,0.00%,$0.00,$0.00,,,,
Madison High,5/14/2025,30039,Cherry Flavored Dried Cranberries(Each),0,0,0,0,0,0,0,$0.00,0,0.00%,$0.00,$0.00,0,0.00%,$0.00,$0.00,,,,
Madison High,5/14/2025,30041,Orange Flavored Dried Cranberries(Each),4,0,4,0,0,0,0,$0.00,0,0.00%,$0.00,$0.00,0,0.00%,$0.00,$0.00,,,,
Madison High,5/14/2025,30043,Raspberry Lemonade Flavored Dried Cranberries(Each),0,0,0,0,0,0,0,$0.00,0,0.00%,$0.00,$0.00,0,0.00%,$0.00,$0.00,,,,
Madison High,5/14/2025,30044,Strawberry Flavored Dried Cranberries(Each),0,0,0,0,0,0,0,$0.00,0,0.00%,$0.00,$0.00,0,0.00%,$0.00,$0.00,,,,
Madison High,5/14/2025,30045,Watermelon Flavored Dried Cranberries(Each),69,0,69,70,65,0,65,$15.60,0,0.00%,$0.00,$15.60,5,7.14%,$1.20,$16.80,,,,
Madison High,5/14/2025,30061,Chilled Mandarin Oranges(1/2 cup (drained)),0,0,0,42,42,0,42,$14.28,0,0.00%,$0.00,$14.28,0,0.00%,$0.00,$14.28,,,,
Madison High,5/14/2025,30063,Ketchup Packet(Packet),145,0,145,200,105,0,105,$3.15,0,0.00%,$0.00,$3.15,95,47.50%,$2.85,$6.00,,,,
Madison High,5/14/2025,30064,Mayonnaise Packet(Packet),20,0,20,40,20,0,20,$2.00,0,0.00%,$0.00,$2.00,20,50.00%,$2.00,$4.00,,,,
Madison High,5/14/2025,30065,Mustard Packet(Packet),8,0,8,40,8,0,8,$0.40,0,0.00%,$0.00,$0.40,32,80.00%,$1.60,$2.00,,,,
Madison High,5/14/2025,30077,Italian Dressing(1 ounce),18,0,18,48,18,0,18,$1.44,0,0.00%,$0.00,$1.44,30,62.50%,$2.40,$3.84,,,,
Madison High,5/14/2025,30097,Bottled Water(Bottle),0,0,0,42,42,0,42,$6.72,0,0.00%,$0.00,$6.72,0,0.00%,$0.00,$6.72,,,,
Madison High,5/14/2025,30099,Chickpeas(1/4 cup),10,0,10,16,6,0,6,$0.54,0,0.00%,$0.00,$0.54,10,62.50%,$0.90,$1.44,,,,
Madison High,5/14/2025,30099,Chickpeas(2 Tablespoons),7,0,7,0,0,0,0,$0.00,0,0.00%,$0.00,$0.00,0,0.00%,$0.00,$0.00,,,,
Madison High,5/14/2025,30107,Ranch Dressing(1 ounce),75,0,75,48,36,0,36,$3.96,0,0.00%,$0.00,$3.96,12,25.00%,$1.32,$5.28,,,,
Madison High,5/14/2025,30109,Smartfood RF White Cheddar Popcorn(Each),0,0,0,0,0,0,0,$0.00,0,0.00%,$0.00,$0.00,0,0.00%,$0.00,$0.00,,,,
Madison High,5/14/2025,30110,Doritos Flamas(Each),0,0,0,0,0,0,0,$0.00,0,0.00%,$0.00,$0.00,0,0.00%,$0.00,$0.00,,,,
Madison High,5/14/2025,30111,Doritos RF Spicy Sweet Chili(Each),0,0,0,30,30,0,30,$11.10,0,0.00%,$0.00,$11.10,0,0.00%,$0.00,$11.10,,,,
Madison High,5/14/2025,30112,Doritos RF Nacho Cheese(Each),0,0,0,0,0,0,0,$0.00,0,0.00%,$0.00,$0.00,0,0.00%,$0.00,$0.00,,,,
Madison High,5/14/2025,30113,Cool Ranch Reduced Fat Doritos(Each),0,0,0,12,12,0,12,$4.44,0,0.00%,$0.00,$4.44,0,0.00%,$0.00,$4.44,,,,
Madison High,5/14/2025,30114,SS Baked Cheetos Flaming Hot(Each),0,0,0,0,0,0,0,$0.00,0,0.00%,$0.00,$0.00,0,0.00%,$0.00,$0.00,,,,
Madison High,5/14/2025,30115,SS Baked Cheetos Flaming Limon(Each),0,0,0,35,35,0,35,$13.65,0,0.00%,$0.00,$13.65,0,0.00%,$0.00,$13.65,,,,
Madison High,5/14/2025,30116,SS Cheetos Fantastix Flaming Hot(Each),0,0,0,2,2,0,2,$0.78,0,0.00%,$0.00,$0.78,0,0.00%,$0.00,$0.78,,,,
Madison High,5/14/2025,30117,WG Baked Funyuns(Each),0,0,0,20,14,0,14,$5.04,0,0.00%,$0.00,$5.04,6,30.00%,$2.16,$7.20,,,,
Madison High,5/14/2025,30118,Kettle Cooked Smoky BBQ Chips(Each),0,0,0,30,30,0,30,$18.00,0,0.00%,$0.00,$18.00,0,0.00%,$0.00,$18.00,,,,
Madison High,5/14/2025,30119,RF Kettle Chips Jalapeno & Cheddar Chips(Each),0,0,0,0,0,0,0,$0.00,0,0.00%,$0.00,$0.00,0,0.00%,$0.00,$0.00,,,,
Madison High,5/14/2025,30120,RF Kettle Chips Sea Salt & Vinegar Chips(Each),0,0,0,0,0,0,0,$0.00,0,0.00%,$0.00,$0.00,0,0.00%,$0.00,$0.00,,,,
Madison High,5/14/2025,30121,Kellogg’s W/G Rice Krispies Treats(Each),0,0,0,64,64,0,64,$47.36,0,0.00%,$0.00,$47.36,0,0.00%,$0.00,$47.36,,,,
Madison High,5/14/2025,30124,"Fruit Snacks, Welch's Mixed(Each)",0,0,0,0,0,0,0,$0.00,0,0.00%,$0.00,$0.00,0,0.00%,$0.00,$0.00,,,,
Madison High,5/14/2025,30150,Powerade Mixed Berry Zero(Each),0,0,0,68,68,0,68,$56.44,0,0.00%,$0.00,$56.44,0,0.00%,$0.00,$56.44,,,,
Madison High,5/14/2025,30160,Lay's RF Kettle Original Chips(Each),0,0,0,20,20,0,20,$12.00,0,0.00%,$0.00,$12.00,0,0.00%,$0.00,$12.00,,,,
Madison High,5/14/2025,60007,Cheeseburger(Sandwich),0,0,0,45,45,0,45,$32.85,0,0.00%,$0.00,$32.85,0,0.00%,$0.00,$32.85,,,,
Madison High,5/14/2025,60035,PB&J Power Pack(Power Packs),144,0,144,104,68,0,68,$73.44,0,0.00%,$0.00,$73.44,36,34.62%,$38.88,$112.32,,,,
Madison High,5/14/2025,60037,Strawberry & Banana Yogurt Power Pack(Power Packs),6,0,6,3,2,0,2,$1.60,0,0.00%,$0.00,$1.60,1,33.33%,$0.80,$2.40,,,,
Madison High,5/14/2025,60038,Peach Yogurt Power Pack(Power Packs),6,0,6,3,2,0,2,$1.60,0,0.00%,$0.00,$1.60,1,33.33%,$0.80,$2.40,,,,
Madison High,5/14/2025,60040,Grilled Cheese Sandwich(Sandwich),24,0,24,12,11,0,11,$4.62,1,8.33%,$0.42,$5.04,0,0.00%,$0.00,$5.04,,,,
Madison High,5/14/2025,60041,Turkey Pepperoni Pizza(1.37 oz),0,0,0,28,27,0,27,$18.36,1,3.57%,$0.68,$19.04,0,0.00%,$0.00,$19.04,,,,
Madison High,5/14/2025,60050,Chickenless Bites(2 Bites),0,0,0,0,0,0,0,$0.00,0,0.00%,$0.00,$0.00,0,0.00%,$0.00,$0.00,,,,
Madison High,5/14/2025,60050,Chickenless Bites(4 Bites),105,0,105,78,52,0,52,$39.52,1,1.28%,$0.76,$40.28,25,32.05%,$19.00,$59.28,,,,
Madison High,5/14/2025,60062,Chilled Pineapple(1/2 cup),1,0,1,0,0,0,0,$0.00,0,0.00%,$0.00,$0.00,0,0.00%,$0.00,$0.00,,,,
Madison High,5/14/2025,60063,Chicken & Vegetable Dumplings(6 dumplings),21,0,21,14,13,0,13,$0.00,1,7.14%,$0.00,$0.00,0,0.00%,$0.00,$0.00,,,,
Madison High,5/14/2025,60072,Spicy Breaded Chicken Patty on Bun(Sandwich),0,0,0,30,30,0,30,$22.50,0,0.00%,$0.00,$22.50,0,0.00%,$0.00,$22.50,,,,
Madison High,5/14/2025,60077,Manager's Vegetable Choice(1/4 cup),0,0,0,0,0,0,0,$0.00,0,0.00%,$0.00,$0.00,0,0.00%,$0.00,$0.00,,,,
Madison High,5/14/2025,60078,Nachos with Turkey Barbacoa and Cheese Sauce(Serving),0,0,0,105,100,0,100,$133.00,1,0.95%,$1.33,$134.33,4,3.81%,$5.32,$139.65,,,,
Madison High,5/14/2025,60101,Chickpeas - salad bar entree(1/2 cup),1,0,1,16,0,0,0,$0.00,1,6.25%,$0.00,$0.00,15,93.75%,$0.00,$0.00,,,,
Madison High,5/14/2025,60124,Nachos with Cheese Sauce(Serving),0,0,0,80,39,0,39,$30.03,1,1.25%,$0.77,$30.80,40,50.00%,$30.80,$61.60,,,,
Mantua Elementary,5/14/2025,10044,Soft Pretzel(1 pretzel),2,0,2,0,0,0,0,$0.00,0,0.00%,$0.00,$0.00,0,0.00%,$0.00,$0.00,,,,
Mantua Elementary,5/14/2025,10062,Corn(1/2 cup (cooked)),0,0,0,50,48,0,48,$10.08,2,4.00%,$0.42,$10.50,0,0.00%,$0.00,$10.50,,,,
Mantua Elementary,5/14/2025,10070,Orange Sauce(ounce),0,0,0,50,50,0,50,$7.00,0,0.00%,$0.00,$7.00,0,0.00%,$0.00,$7.00,,,,
Mantua Elementary,5/14/2025,10073,Whole Strawberries(1/2 cup thawed),0,0,0,0,0,0,0,$0.00,0,0.00%,$0.00,$0.00,0,0.00%,$0.00,$0.00,,,,
Mantua Elementary,5/14/2025,20001,1% White Milk(Each),64,0,64,100,34,0,34,$12.24,0,0.00%,$0.00,$12.24,66,66.00%,$23.76,$36.00,,,,
Mantua Elementary,5/14/2025,20002,Fat Free Chocolate Milk(Each),205,0,205,619,348,0,348,$121.80,0,0.00%,$0.00,$121.80,271,43.78%,$94.85,$216.65,,,,
Mantua Elementary,5/14/2025,20008,Apple Slices(3 slices per 1/4 cup),0,0,0,80,80,0,80,$47.20,0,0.00%,$0.00,$47.20,0,0.00%,$0.00,$47.20,,,,
Mantua Elementary,5/14/2025,20017,Orange(1/4 cup),0,0,0,120,119,0,119,$20.23,1,0.83%,$0.17,$20.40,0,0.00%,$0.00,$20.40,,,,
Mantua Elementary,5/14/2025,20018,Red Seedless Grapes(16 grapes per 1/2 cup),0,0,0,60,60,0,60,$30.60,0,0.00%,$0.00,$30.60,0,0.00%,$0.00,$30.60,,,,
Mantua Elementary,5/14/2025,20018,Red Seedless Grapes(8 grapes per 1/4 cup),213,0,213,0,0,0,0,$0.00,0,0.00%,$0.00,$0.00,0,0.00%,$0.00,$0.00,,,,
Mantua Elementary,5/14/2025,20028,Lettuce Blend Salad Mix(1/2 cup),185,0,185,80,80,0,80,$6.40,0,0.00%,$0.00,$6.40,0,0.00%,$0.00,$6.40,,,,
Mantua Elementary,5/14/2025,20038,Fat Free White Milk(Each),37,0,37,43,7,0,7,$2.31,0,0.00%,$0.00,$2.31,36,83.72%,$11.88,$14.19,,,,
Mantua Elementary,5/14/2025,20040,Cucumber Slices(6 Slices per 1/2 cup),1,0,1,0,0,0,0,$0.00,0,0.00%,$0.00,$0.00,0,0.00%,$0.00,$0.00,,,,
Mantua Elementary,5/14/2025,20075,Cucumbers(1/2 cup sliced),0,0,0,80,80,0,80,$16.00,0,0.00%,$0.00,$16.00,0,0.00%,$0.00,$16.00,,,,
Mantua Elementary,5/14/2025,30014,Whole Wheat Dinner Roll(Each),98,0,98,170,154,0,154,$21.56,1,0.59%,$0.14,$21.70,15,8.82%,$2.10,$23.80,,,,
Mantua Elementary,5/14/2025,30020,Applesauce(1/2 Cup),2,0,2,0,0,0,0,$0.00,0,0.00%,$0.00,$0.00,0,0.00%,$0.00,$0.00,,,,
Mantua Elementary,5/14/2025,30020,Applesauce(1/4 cup),0,0,0,0,0,0,0,$0.00,0,0.00%,$0.00,$0.00,0,0.00%,$0.00,$0.00,,,,
Mantua Elementary,5/14/2025,30024,Black Beans(1/2 Cup),0,0,0,50,45,0,45,$7.65,5,10.00%,$0.85,$8.50,0,0.00%,$0.00,$8.50,,,,
Mantua Elementary,5/14/2025,30044,Strawberry Flavored Dried Cranberries(Each),0,0,0,0,0,0,0,$0.00,0,0.00%,$0.00,$0.00,0,0.00%,$0.00,$0.00,,,,
Mantua Elementary,5/14/2025,30045,Watermelon Flavored Dried Cranberries(Each),74,0,74,50,35,0,35,$8.40,0,0.00%,$0.00,$8.40,15,30.00%,$3.60,$12.00,,,,
Mantua Elementary,5/14/2025,30061,Chilled Mandarin Oranges(1/2 cup (drained)),0,0,0,40,40,0,40,$13.60,0,0.00%,$0.00,$13.60,0,0.00%,$0.00,$13.60,,,,
Mantua Elementary,5/14/2025,30077,Italian Dressing(1 ounce),41,0,41,40,20,0,20,$1.60,0,0.00%,$0.00,$1.60,20,50.00%,$1.60,$3.20,,,,
Mantua Elementary,5/14/2025,30107,Ranch Dressing(1 ounce),55,0,55,40,40,0,40,$4.40,0,0.00%,$0.00,$4.40,0,0.00%,$0.00,$4.40,,,,
Mantua Elementary,5/14/2025,60035,PB&J Power Pack(Power Packs),100,0,100,86,86,0,86,$92.88,0,0.00%,$0.00,$92.88,0,0.00%,$0.00,$92.88,,,,
Mantua Elementary,5/14/2025,60036,Cherry Vanilla Yogurt Power Pack(Power Packs),36,0,36,0,0,0,0,$0.00,0,0.00%,$0.00,$0.00,0,0.00%,$0.00,$0.00,,,,
Mantua Elementary,5/14/2025,60037,Strawberry & Banana Yogurt Power Pack(Power Packs),42,0,42,50,46,0,46,$36.80,0,0.00%,$0.00,$36.80,4,8.00%,$3.20,$40.00,,,,
Mantua Elementary,5/14/2025,60038,Peach Yogurt Power Pack(Power Packs),34,0,34,0,0,0,0,$0.00,0,0.00%,$0.00,$0.00,0,0.00%,$0.00,$0.00,,,,
Mantua Elementary,5/14/2025,60047,Chicken Tenders(3 tenders),3,0,3,0,0,0,0,$0.00,0,0.00%,$0.00,$0.00,0,0.00%,$0.00,$0.00,,,,
Mantua Elementary,5/14/2025,60050,Chickenless Bites(4 Bites),61,0,61,170,154,0,154,$117.04,1,0.59%,$0.76,$117.80,15,8.82%,$11.40,$129.20,,,,
Mantua Elementary,5/14/2025,60063,Chicken & Vegetable Dumplings(6 dumplings),0,0,0,120,95,0,95,$0.00,4,3.33%,$0.00,$0.00,21,17.50%,$0.00,$0.00,,,,
Mantua Elementary,5/14/2025,60101,Chickpeas - salad bar entree(1/2 cup),2,0,2,0,0,0,0,$0.00,0,0.00%,$0.00,$0.00,0,0.00%,$0.00,$0.00,,,,
Mantua Elementary,5/14/2025,60148,Turkey Barbacoa Arepa(1 Arepa + #10 scoop of turkey barbacoa),0,0,0,15,6,0,6,$8.64,9,60.00%,$12.96,$21.60,0,0.00%,$0.00,$21.60,,,,
Mantua Elementary,5/14/2025,60150,Strawberry Parfait Power Pack(Power Pack),0,0,0,0,0,0,0,$0.00,0,0.00%,$0.00,$0.00,0,0.00%,$0.00,$0.00,,,,
Mantua Elementary,5/14/2025,60177,Turkey & Cheese & Cracker Power Pack(wrap),0,0,0,4,4,0,4,$4.52,0,0.00%,$0.00,$4.52,0,0.00%,$0.00,$4.52,,,,
Marshall Road Elementary,5/14/2025,10044,Soft Pretzel(1 pretzel),0,0,0,23,0,23,23,$0.00,0,0.00%,$0.00,$0.00,0,0.00%,$0.00,$0.00,,,,
Marshall Road Elementary,5/14/2025,10070,Orange Sauce(ounce),0,0,0,50,44,0,44,$6.16,6,12.00%,$0.84,$7.00,0,0.00%,$0.00,$7.00,,,,
Marshall Road Elementary,5/14/2025,20001,1% White Milk(Each),45,0,45,55,37,0,37,$13.32,0,0.00%,$0.00,$13.32,18,32.73%,$6.48,$19.80,,,,
Marshall Road Elementary,5/14/2025,20002,Fat Free Chocolate Milk(Each),173,0,173,538,251,19,270,$94.50,0,0.00%,$0.00,$94.50,268,49.81%,$93.80,$188.30,,,,
Marshall Road Elementary,5/14/2025,20008,Apple Slices(3 slices per 1/4 cup),0,0,0,116,110,0,110,$64.90,0,0.00%,$0.00,$64.90,6,5.17%,$3.54,$68.44,,,,
Marshall Road Elementary,5/14/2025,20011,Cherry Tomatoes(1/4 cup),0,0,0,50,50,0,50,$18.50,0,0.00%,$0.00,$18.50,0,0.00%,$0.00,$18.50,,,,
Marshall Road Elementary,5/14/2025,20014,Red Delicious Apple(Each - serving),11,0,11,13,13,0,13,$4.29,0,0.00%,$0.00,$4.29,0,0.00%,$0.00,$4.29,,,,
Marshall Road Elementary,5/14/2025,20023,Baby Carrots(3 baby carrots per 1/4 cup),0,0,0,48,48,0,48,$4.32,0,0.00%,$0.00,$4.32,0,0.00%,$0.00,$4.32,,,,
Marshall Road Elementary,5/14/2025,20028,Lettuce Blend Salad Mix(1/2 cup),54,0,54,80,80,0,80,$6.40,0,0.00%,$0.00,$6.40,0,0.00%,$0.00,$6.40,,,,
Marshall Road Elementary,5/14/2025,20036,Celery Sticks(1/2 cup),0,0,0,48,48,0,48,$26.40,0,0.00%,$0.00,$26.40,0,0.00%,$0.00,$26.40,,,,
Marshall Road Elementary,5/14/2025,20038,Fat Free White Milk(Each),15,0,15,28,8,0,8,$2.64,0,0.00%,$0.00,$2.64,20,71.43%,$6.60,$9.24,,,,
Marshall Road Elementary,5/14/2025,20040,Cucumber Slices(1/4 cup),0,0,0,20,20,0,20,$1.20,0,0.00%,$0.00,$1.20,0,0.00%,$0.00,$1.20,,,,
Marshall Road Elementary,5/14/2025,20040,Cucumber Slices(6 Slices per 1/2 cup),10,0,10,13,13,0,13,$1.56,0,0.00%,$0.00,$1.56,0,0.00%,$0.00,$1.56,,,,
Marshall Road Elementary,5/14/2025,20047,Orange Slices(3 slices per 1/4 cup),0,0,0,200,197,0,197,$39.40,0,0.00%,$0.00,$39.40,3,1.50%,$0.60,$40.00,,,,
Marshall Road Elementary,5/14/2025,20052,Assorted  4 oz Yogurt(Container),0,0,0,8,0,8,8,$0.00,0,0.00%,$0.00,$0.00,0,0.00%,$0.00,$0.00,,,,
Marshall Road Elementary,5/14/2025,30008,Apple Juice(Each),0,0,0,37,0,37,37,$0.00,0,0.00%,$0.00,$0.00,0,0.00%,$0.00,$0.00,,,,
Marshall Road Elementary,5/14/2025,30014,Whole Wheat Dinner Roll(Each),97,0,97,115,113,2,115,$16.10,0,0.00%,$0.00,$16.10,0,0.00%,$0.00,$16.10,,,,
Marshall Road Elementary,5/14/2025,30020,Applesauce(1/2 Cup),11,0,11,13,13,0,13,$2.73,0,0.00%,$0.00,$2.73,0,0.00%,$0.00,$2.73,,,,
Marshall Road Elementary,5/14/2025,30033,Cheez-Its Crackers(Package),11,0,11,41,13,28,41,$7.38,0,0.00%,$0.00,$7.38,0,0.00%,$0.00,$7.38,,,,
Marshall Road Elementary,5/14/2025,30045,Watermelon Flavored Dried Cranberries(Each),72,0,72,70,67,0,67,$16.08,0,0.00%,$0.00,$16.08,3,4.29%,$0.72,$16.80,,,,
Marshall Road Elementary,5/14/2025,30077,Italian Dressing(1 ounce),24,0,24,24,5,0,5,$0.40,0,0.00%,$0.00,$0.40,19,79.17%,$1.52,$1.92,,,,
Marshall Road Elementary,5/14/2025,30097,Bottled Water(Bottle),0,0,0,2,0,2,2,$0.00,0,0.00%,$0.00,$0.00,0,0.00%,$0.00,$0.00,,,,
Marshall Road Elementary,5/14/2025,30107,Ranch Dressing(1 ounce),48,0,48,24,13,0,13,$1.43,0,0.00%,$0.00,$1.43,11,45.83%,$1.21,$2.64,,,,
Marshall Road Elementary,5/14/2025,60037,Strawberry & Banana Yogurt Power Pack(Power Packs),12,0,12,40,36,0,36,$28.80,0,0.00%,$0.00,$28.80,4,10.00%,$3.20,$32.00,,,,
Marshall Road Elementary,5/14/2025,60050,Chickenless Bites(2 Bites),0,0,0,15,13,2,15,$5.70,0,0.00%,$0.00,$5.70,0,0.00%,$0.00,$5.70,,,,
Marshall Road Elementary,5/14/2025,60050,Chickenless Bites(4 Bites),107,0,107,150,118,11,129,$98.04,0,0.00%,$0.00,$98.04,21,14.00%,$15.96,$114.00,,,,
Marshall Road Elementary,5/14/2025,60064,Vegetable Dumpling(6 dumplings),0,0,0,150,131,1,132,$0.00,0,0.00%,$0.00,$0.00,18,12.00%,$0.00,$0.00,,,,
Mason Crest Elementary,5/14/2025,10033,Chocolate Chip Cookie(1/2 Cookie),0,0,0,1,0,1,1,$0.00,0,0.00%,$0.00,$0.00,0,0.00%,$0.00,$0.00,,,,
Mason Crest Elementary,5/14/2025,10044,Soft Pretzel(1 pretzel),5,0,5,12,0,5,5,$0.00,0,0.00%,$0.00,$0.00,7,58.33%,$0.00,$0.00,,,,
Mason Crest Elementary,5/14/2025,10069,Bean and Cheese Pupusa(Pupusa),0,0,0,5,5,0,5,$7.50,0,0.00%,$0.00,$7.50,0,0.00%,$0.00,$7.50,,,,
Mason Crest Elementary,5/14/2025,10070,Orange Sauce(ounce),50,0,50,33,30,0,30,$4.20,0,0.00%,$0.00,$4.20,3,9.09%,$0.42,$4.62,,,,
Mason Crest Elementary,5/14/2025,10075,Cheese Pizza(Slice),0,0,0,14,14,0,14,$7.98,0,0.00%,$0.00,$7.98,0,0.00%,$0.00,$7.98,,,,
Mason Crest Elementary,5/14/2025,20001,1% White Milk(Each),133,0,133,131,112,0,112,$40.32,1,0.76%,$0.36,$40.68,18,13.74%,$6.48,$47.16,,,,
Mason Crest Elementary,5/14/2025,20002,Fat Free Chocolate Milk(Each),320,0,320,305,264,5,269,$94.15,0,0.00%,$0.00,$94.15,36,11.80%,$12.60,$106.75,,,,
Mason Crest Elementary,5/14/2025,20008,Apple Slices(3 slices per 1/4 cup),0,0,0,609,579,0,579,$341.61,1,0.16%,$0.59,$342.20,29,4.76%,$17.11,$359.31,,,,
Mason Crest Elementary,5/14/2025,20014,Red Delicious Apple(Each - serving),64,0,64,125,93,0,93,$30.69,1,0.80%,$0.33,$31.02,31,24.80%,$10.23,$41.25,,,,
Mason Crest Elementary,5/14/2025,20016,String Cheese(Each),5,0,5,5,0,1,1,$0.00,0,0.00%,$0.00,$0.00,4,80.00%,$0.00,$0.00,,,,
Mason Crest Elementary,5/14/2025,20023,Baby Carrots(3 baby carrots per 1/4 cup),0,0,0,96,94,0,94,$8.46,0,0.00%,$0.00,$8.46,2,2.08%,$0.18,$8.64,,,,
Mason Crest Elementary,5/14/2025,20027,Broccoli Florets(1/4 cup),50,0,50,21,0,0,0,$0.00,0,0.00%,$0.00,$0.00,21,100.00%,$0.00,$0.00,,,,
Mason Crest Elementary,5/14/2025,20028,Lettuce Blend Salad Mix(1/2 cup),160,0,160,400,320,0,320,$25.60,0,0.00%,$0.00,$25.60,80,20.00%,$6.40,$32.00,,,,
Mason Crest Elementary,5/14/2025,20031,Banana(Each),0,0,0,10,0,0,0,$0.00,0,0.00%,$0.00,$0.00,10,100.00%,$0.00,$0.00,,,,
Mason Crest Elementary,5/14/2025,20038,Fat Free White Milk(Each),30,0,30,20,3,0,3,$0.99,0,0.00%,$0.00,$0.99,17,85.00%,$5.61,$6.60,,,,
Mason Crest Elementary,5/14/2025,20040,Cucumber Slices(1/4 cup),0,0,0,69,67,0,67,$4.02,2,2.90%,$0.12,$4.14,0,0.00%,$0.00,$4.14,,,,
Mason Crest Elementary,5/14/2025,20040,Cucumber Slices(6 Slices per 1/2 cup),64,0,64,67,66,0,66,$7.92,1,1.49%,$0.12,$8.04,0,0.00%,$0.00,$8.04,,,,
Mason Crest Elementary,5/14/2025,20047,Orange Slices(3 slices per 1/4 cup),0,0,0,340,136,0,136,$27.20,0,0.00%,$0.00,$27.20,204,60.00%,$40.80,$68.00,,,,
Mason Crest Elementary,5/14/2025,20052,Assorted  4 oz Yogurt(Container),5,0,5,5,0,0,0,$0.00,0,0.00%,$0.00,$0.00,5,100.00%,$0.00,$0.00,,,,
Mason Crest Elementary,5/14/2025,20077,"Peppers, red, pre-sliced(1/4 cup sliced)",0,0,0,140,70,0,70,$19.60,0,0.00%,$0.00,$19.60,70,50.00%,$19.60,$39.20,,,,
Mason Crest Elementary,5/14/2025,30008,Apple Juice(Each),20,0,20,20,0,19,19,$0.00,0,0.00%,$0.00,$0.00,1,5.00%,$0.00,$0.00,,,,
Mason Crest Elementary,5/14/2025,30009,Orange Tangerine Juice(Each),10,0,10,10,0,5,5,$0.00,0,0.00%,$0.00,$0.00,5,50.00%,$0.00,$0.00,,,,
Mason Crest Elementary,5/14/2025,30011,"Salsa, Mild Canned(1.5 oz)",0,0,0,30,28,0,28,$2.80,0,0.00%,$0.00,$2.80,2,6.67%,$0.20,$3.00,,,,
Mason Crest Elementary,5/14/2025,30014,Whole Wheat Dinner Roll(Each),287,0,287,245,239,1,240,$33.60,1,0.41%,$0.14,$33.74,4,1.63%,$0.56,$34.30,,,,
Mason Crest Elementary,5/14/2025,30031,Strawberry Chex Mix(Package),20,0,20,10,0,5,5,$0.00,0,0.00%,$0.00,$0.00,5,50.00%,$0.00,$0.00,,,,
Mason Crest Elementary,5/14/2025,30033,Cheez-Its Crackers(Package),64,0,64,63,62,0,62,$11.16,1,1.59%,$0.18,$11.34,0,0.00%,$0.00,$11.34,,,,
Mason Crest Elementary,5/14/2025,30037,IW Applesauce Cup(Each),0,0,0,87,86,0,86,$23.22,1,1.15%,$0.27,$23.49,0,0.00%,$0.00,$23.49,,,,
Mason Crest Elementary,5/14/2025,30041,Orange Flavored Dried Cranberries(Each),20,0,20,50,30,0,30,$7.20,0,0.00%,$0.00,$7.20,20,40.00%,$4.80,$12.00,,,,
Mason Crest Elementary,5/14/2025,30077,Italian Dressing(1 ounce),48,0,48,48,12,0,12,$0.96,0,0.00%,$0.00,$0.96,36,75.00%,$2.88,$3.84,,,,
Mason Crest Elementary,5/14/2025,30097,Bottled Water(Bottle),10,0,10,10,0,7,7,$0.00,0,0.00%,$0.00,$0.00,3,30.00%,$0.00,$0.00,,,,
Mason Crest Elementary,5/14/2025,30099,Chickpeas(1/4 cup),50,0,50,32,16,0,16,$1.44,0,0.00%,$0.00,$1.44,16,50.00%,$1.44,$2.88,,,,
Mason Crest Elementary,5/14/2025,30103,"Milk, Lactose Free,  Fat Free, Shelf-Stable(Each)",4,0,4,2,2,0,2,$0.96,0,0.00%,$0.00,$0.96,0,0.00%,$0.00,$0.96,,,,
Mason Crest Elementary,5/14/2025,30107,Ranch Dressing(1 ounce),48,0,48,48,36,0,36,$3.96,0,0.00%,$0.00,$3.96,12,25.00%,$1.32,$5.28,,,,
Mason Crest Elementary,5/14/2025,30109,Smartfood RF White Cheddar Popcorn(Each),50,0,50,30,0,29,29,$0.00,0,0.00%,$0.00,$0.00,1,3.33%,$0.00,$0.00,,,,
Mason Crest Elementary,5/14/2025,60009,"Sandwich, Turkey & Cheese(sandwich)",0,0,0,6,5,0,5,$3.45,1,16.67%,$0.69,$4.14,0,0.00%,$0.00,$4.14,,,,
Mason Crest Elementary,5/14/2025,60021,Cooked  Brown Rice(1/2 cup cooked),0,0,0,1,1,0,1,$0.05,0,0.00%,$0.00,$0.05,0,0.00%,$0.00,$0.05,,,,
Mason Crest Elementary,5/14/2025,60035,PB&J Power Pack(Power Packs),100,0,100,121,101,2,103,$111.24,0,0.00%,$0.00,$111.24,18,14.88%,$19.44,$130.68,,,,
Mason Crest Elementary,5/14/2025,60036,Cherry Vanilla Yogurt Power Pack(Power Packs),30,0,30,43,31,3,34,$27.20,0,0.00%,$0.00,$27.20,9,20.93%,$7.20,$34.40,,,,
Mason Crest Elementary,5/14/2025,60037,Strawberry & Banana Yogurt Power Pack(Power Packs),30,0,30,10,0,0,0,$0.00,0,0.00%,$0.00,$0.00,10,100.00%,$0.00,$0.00,,,,
Mason Crest Elementary,5/14/2025,60038,Peach Yogurt Power Pack(Power Packs),32,0,32,11,0,0,0,$0.00,0,0.00%,$0.00,$0.00,11,100.00%,$0.00,$0.00,,,,
Mason Crest Elementary,5/14/2025,60045,Cucumber Slices(1/2 cup),23,0,23,20,20,0,20,$1.60,0,0.00%,$0.00,$1.60,0,0.00%,$0.00,$1.60,,,,
Mason Crest Elementary,5/14/2025,60047,Chicken Tenders(3 tenders),80,0,80,91,81,6,87,$81.78,1,1.10%,$0.94,$82.72,3,3.30%,$2.82,$85.54,,,,
Mason Crest Elementary,5/14/2025,60050,Chickenless Bites(4 Bites),205,0,205,158,153,1,154,$117.04,0,0.00%,$0.00,$117.04,4,2.53%,$3.04,$120.08,,,,
Mason Crest Elementary,5/14/2025,60063,Chicken & Vegetable Dumplings(6 dumplings),50,0,50,33,28,2,30,$0.00,1,3.03%,$0.00,$0.00,2,6.06%,$0.00,$0.00,,,,
Mason Crest Elementary,5/14/2025,60079,Nachos with Black Beans and Cheese Sauce(Serving),0,0,0,3,3,0,3,$1.89,0,0.00%,$0.00,$1.89,0,0.00%,$0.00,$1.89,,,,
Mason Crest Elementary,5/14/2025,60091,Assorted Whole Fruit(Piece of Fruit),0,0,0,3,0,3,3,$0.00,0,0.00%,$0.00,$0.00,0,0.00%,$0.00,$0.00,,,,
Mason Crest Elementary,5/14/2025,60101,Chickpeas - salad bar entree(1/2 cup),5,0,5,2,0,0,0,$0.00,0,0.00%,$0.00,$0.00,2,100.00%,$0.00,$0.00,,,,
Mason Crest Elementary,5/14/2025,60129,"Quesadilla, Chicken & Cheese (Shred Chicken) 6 in Tortilla(Quesadilla)",0,0,0,31,23,1,24,$21.12,7,22.58%,$6.16,$27.28,0,0.00%,$0.00,$27.28,,,,
Mason Crest Elementary,5/14/2025,60130,"Quesadilla, Cheese w/ 6 Inch Tortillas(Quesadilla)",0,0,0,12,1,0,1,$0.69,11,91.67%,$7.59,$8.28,0,0.00%,$0.00,$8.28,,,,
McLean High,5/14/2025,10001,"Patty, Chicken, Breaded, WG(2 strips)",0,0,0,0,0,0,0,$0.00,0,0.00%,$0.00,$0.00,0,0.00%,$0.00,$0.00,,,,
McLean High,5/14/2025,10027,"Bread, Loco(1/2 piece)",0,0,0,200,154,0,154,$23.10,0,0.00%,$0.00,$23.10,46,23.00%,$6.90,$30.00,,,,
McLean High,5/14/2025,10033,Chocolate Chip Cookie(Cookie),350,0,350,280,275,0,275,$74.25,5,1.79%,$1.35,$75.60,0,0.00%,$0.00,$75.60,,,,
McLean High,5/14/2025,10044,Soft Pretzel(1 pretzel),3,0,3,4,4,0,4,$0.88,0,0.00%,$0.00,$0.88,0,0.00%,$0.00,$0.88,,,,
McLean High,5/14/2025,10049,"WG 10"" Flour Tortilla(Tortilla)",0,0,0,0,0,0,0,$0.00,0,0.00%,$0.00,$0.00,0,0.00%,$0.00,$0.00,,,,
McLean High,5/14/2025,10051,"Turkey,  Breast, Pre-Sliced, Oven Roasted(3 Slices)",0,0,0,0,0,0,0,$0.00,0,0.00%,$0.00,$0.00,0,0.00%,$0.00,$0.00,,,,
McLean High,5/14/2025,10062,Corn(2 Tablespoons (thawed)),0,0,0,0,0,0,0,$0.00,0,0.00%,$0.00,$0.00,0,0.00%,$0.00,$0.00,,,,
McLean High,5/14/2025,10070,Orange Sauce(ounce),192,0,192,32,32,0,32,$4.48,0,0.00%,$0.00,$4.48,0,0.00%,$0.00,$4.48,,,,
McLean High,5/14/2025,20001,1% White Milk(Each),58,0,58,130,42,0,42,$15.12,0,0.00%,$0.00,$15.12,88,67.69%,$31.68,$46.80,,,,
McLean High,5/14/2025,20002,Fat Free Chocolate Milk(Each),220,0,220,255,183,0,183,$64.05,0,0.00%,$0.00,$64.05,72,28.24%,$25.20,$89.25,,,,
McLean High,5/14/2025,20006,"Cheese, Shredded, Cheddar(1/4 cup)",0,0,0,0,0,0,0,$0.00,0,0.00%,$0.00,$0.00,0,0.00%,$0.00,$0.00,,,,
McLean High,5/14/2025,20008,Apple Slices(6 Slices per 1/2 cup),0,0,0,0,0,0,0,$0.00,0,0.00%,$0.00,$0.00,0,0.00%,$0.00,$0.00,,,,
McLean High,5/14/2025,20014,Red Delicious Apple(Each - serving),0,0,0,125,113,0,113,$37.29,0,0.00%,$0.00,$37.29,12,9.60%,$3.96,$41.25,,,,
McLean High,5/14/2025,20016,String Cheese(Each),6,0,6,6,0,0,0,$0.00,0,0.00%,$0.00,$0.00,6,100.00%,$0.00,$0.00,,,,
McLean High,5/14/2025,20018,Red Seedless Grapes(16 grapes per 1/2 cup),0,0,0,220,220,0,220,$112.20,0,0.00%,$0.00,$112.20,0,0.00%,$0.00,$112.20,,,,
McLean High,5/14/2025,20018,Red Seedless Grapes(2 Tablespoons),0,0,0,0,0,0,0,$0.00,0,0.00%,$0.00,$0.00,0,0.00%,$0.00,$0.00,,,,
McLean High,5/14/2025,20023,Baby Carrots(6 Baby Carrots per 1/2 cup),0,0,0,0,0,0,0,$0.00,0,0.00%,$0.00,$0.00,0,0.00%,$0.00,$0.00,,,,
McLean High,5/14/2025,20027,Broccoli Florets(1/4 cup),120,0,120,96,66,0,66,$5.28,0,0.00%,$0.00,$5.28,30,31.25%,$2.40,$7.68,,,,
McLean High,5/14/2025,20028,Lettuce Blend Salad Mix(1/2 cup),120,0,120,120,114,0,114,$9.12,0,0.00%,$0.00,$9.12,6,5.00%,$0.48,$9.60,,,,
McLean High,5/14/2025,20035,"Onions, Red, Whole(2 Tablespoons (sliced))",0,0,0,0,0,0,0,$0.00,0,0.00%,$0.00,$0.00,0,0.00%,$0.00,$0.00,,,,
McLean High,5/14/2025,20038,Fat Free White Milk(Each),90,0,90,114,34,0,34,$11.22,0,0.00%,$0.00,$11.22,80,70.18%,$26.40,$37.62,,,,
McLean High,5/14/2025,20040,Cucumber Slices(2 Tablespoon),0,0,0,0,0,0,0,$0.00,0,0.00%,$0.00,$0.00,0,0.00%,$0.00,$0.00,,,,
McLean High,5/14/2025,20041,"Peppers, Green, Whole(2 Tablespoon)",0,0,0,0,0,0,0,$0.00,0,0.00%,$0.00,$0.00,0,0.00%,$0.00,$0.00,,,,
McLean High,5/14/2025,20042,"Peppers, Red, Whole(2 Tablespoons)",0,0,0,0,0,0,0,$0.00,0,0.00%,$0.00,$0.00,0,0.00%,$0.00,$0.00,,,,
McLean High,5/14/2025,20052,Assorted  4 oz Yogurt(Container),6,0,6,6,0,0,0,$0.00,0,0.00%,$0.00,$0.00,6,100.00%,$0.00,$0.00,,,,
McLean High,5/14/2025,30002,Sub Roll(Sub Roll),0,0,0,0,0,0,0,$0.00,0,0.00%,$0.00,$0.00,0,0.00%,$0.00,$0.00,,,,
McLean High,5/14/2025,30008,Apple Juice(Each),20,0,20,20,20,0,20,$3.40,0,0.00%,$0.00,$3.40,0,0.00%,$0.00,$3.40,,,,
McLean High,5/14/2025,30009,Orange Tangerine Juice(Each),20,0,20,20,7,0,7,$1.19,0,0.00%,$0.00,$1.19,13,65.00%,$2.21,$3.40,,,,
McLean High,5/14/2025,30033,Cheez-Its Crackers(Package),6,0,6,6,0,0,0,$0.00,0,0.00%,$0.00,$0.00,6,100.00%,$0.00,$0.00,,,,
McLean High,5/14/2025,30039,Cherry Flavored Dried Cranberries(Each),0,0,0,0,0,0,0,$0.00,0,0.00%,$0.00,$0.00,0,0.00%,$0.00,$0.00,,,,
McLean High,5/14/2025,30041,Orange Flavored Dried Cranberries(Each),60,0,60,60,54,0,54,$12.96,0,0.00%,$0.00,$12.96,6,10.00%,$1.44,$14.40,,,,
McLean High,5/14/2025,30043,Raspberry Lemonade Flavored Dried Cranberries(Each),0,0,0,0,0,0,0,$0.00,0,0.00%,$0.00,$0.00,0,0.00%,$0.00,$0.00,,,,
McLean High,5/14/2025,30044,Strawberry Flavored Dried Cranberries(Each),60,0,60,60,52,0,52,$12.48,0,0.00%,$0.00,$12.48,8,13.33%,$1.92,$14.40,,,,
McLean High,5/14/2025,30045,Watermelon Flavored Dried Cranberries(Each),0,0,0,0,0,0,0,$0.00,0,0.00%,$0.00,$0.00,0,0.00%,$0.00,$0.00,,,,
McLean High,5/14/2025,30063,Ketchup Packet(Packet),266,0,266,266,254,0,254,$7.62,0,0.00%,$0.00,$7.62,12,4.51%,$0.36,$7.98,,,,
McLean High,5/14/2025,30064,Mayonnaise Packet(Packet),120,0,120,120,110,0,110,$11.00,0,0.00%,$0.00,$11.00,10,8.33%,$1.00,$12.00,,,,
McLean High,5/14/2025,30065,Mustard Packet(Packet),80,0,80,80,74,0,74,$3.70,0,0.00%,$0.00,$3.70,6,7.50%,$0.30,$4.00,,,,
McLean High,5/14/2025,30077,Italian Dressing(1 ounce),48,0,48,48,36,0,36,$2.88,0,0.00%,$0.00,$2.88,12,25.00%,$0.96,$3.84,,,,
McLean High,5/14/2025,30097,Bottled Water(Bottle),175,0,175,120,114,0,114,$18.24,0,0.00%,$0.00,$18.24,6,5.00%,$0.96,$19.20,,,,
McLean High,5/14/2025,30099,Chickpeas(1/4 cup),72,0,72,72,64,0,64,$5.76,0,0.00%,$0.00,$5.76,8,11.11%,$0.72,$6.48,,,,
McLean High,5/14/2025,30099,Chickpeas(2 Tablespoons),0,0,0,0,0,0,0,$0.00,0,0.00%,$0.00,$0.00,0,0.00%,$0.00,$0.00,,,,
McLean High,5/14/2025,30107,Ranch Dressing(1 ounce),96,0,96,96,96,0,96,$10.56,0,0.00%,$0.00,$10.56,0,0.00%,$0.00,$10.56,,,,
McLean High,5/14/2025,30109,Smartfood RF White Cheddar Popcorn(Each),12,0,12,12,12,0,12,$4.44,0,0.00%,$0.00,$4.44,0,0.00%,$0.00,$4.44,,,,
McLean High,5/14/2025,30110,Doritos Flamas(Each),24,0,24,12,12,0,12,$4.44,0,0.00%,$0.00,$4.44,0,0.00%,$0.00,$4.44,,,,
McLean High,5/14/2025,30111,Doritos RF Spicy Sweet Chili(Each),24,0,24,12,12,0,12,$4.44,0,0.00%,$0.00,$4.44,0,0.00%,$0.00,$4.44,,,,
McLean High,5/14/2025,30112,Doritos RF Nacho Cheese(Each),12,0,12,12,12,0,12,$4.44,0,0.00%,$0.00,$4.44,0,0.00%,$0.00,$4.44,,,,
McLean High,5/14/2025,30113,Cool Ranch Reduced Fat Doritos(Each),24,0,24,12,12,0,12,$4.44,0,0.00%,$0.00,$4.44,0,0.00%,$0.00,$4.44,,,,
McLean High,5/14/2025,30114,SS Baked Cheetos Flaming Hot(Each),24,0,24,12,12,0,12,$6.36,0,0.00%,$0.00,$6.36,0,0.00%,$0.00,$6.36,,,,
McLean High,5/14/2025,30115,SS Baked Cheetos Flaming Limon(Each),12,0,12,12,12,0,12,$4.68,0,0.00%,$0.00,$4.68,0,0.00%,$0.00,$4.68,,,,
McLean High,5/14/2025,30117,WG Baked Funyuns(Each),12,0,12,12,12,0,12,$4.32,0,0.00%,$0.00,$4.32,0,0.00%,$0.00,$4.32,,,,
McLean High,5/14/2025,30118,Kettle Cooked Smoky BBQ Chips(Each),60,0,60,36,36,0,36,$21.60,0,0.00%,$0.00,$21.60,0,0.00%,$0.00,$21.60,,,,
McLean High,5/14/2025,30119,RF Kettle Chips Jalapeno & Cheddar Chips(Each),24,0,24,12,12,0,12,$7.20,0,0.00%,$0.00,$7.20,0,0.00%,$0.00,$7.20,,,,
McLean High,5/14/2025,30120,RF Kettle Chips Sea Salt & Vinegar Chips(Each),24,0,24,12,12,0,12,$7.20,0,0.00%,$0.00,$7.20,0,0.00%,$0.00,$7.20,,,,
McLean High,5/14/2025,30121,Kellogg’s W/G Rice Krispies Treats(Each),0,0,0,40,40,0,40,$29.60,0,0.00%,$0.00,$29.60,0,0.00%,$0.00,$29.60,,,,
McLean High,5/14/2025,30122,WG Chocolate Chip Rice Krispy Treats(Each),0,0,0,40,40,0,40,$24.00,0,0.00%,$0.00,$24.00,0,0.00%,$0.00,$24.00,,,,
McLean High,5/14/2025,30124,"Fruit Snacks, Welch's Mixed(Each)",36,0,36,38,38,0,38,$15.20,0,0.00%,$0.00,$15.20,0,0.00%,$0.00,$15.20,,,,
McLean High,5/14/2025,60007,Cheeseburger(Sandwich),0,0,0,18,18,0,18,$13.14,0,0.00%,$0.00,$13.14,0,0.00%,$0.00,$13.14,,,,
McLean High,5/14/2025,60035,PB&J Power Pack(Power Packs),120,0,120,120,114,0,114,$123.12,0,0.00%,$0.00,$123.12,6,5.00%,$6.48,$129.60,,,,
McLean High,5/14/2025,60037,Strawberry & Banana Yogurt Power Pack(Power Packs),6,0,6,4,2,0,2,$1.60,0,0.00%,$0.00,$1.60,2,50.00%,$1.60,$3.20,,,,
McLean High,5/14/2025,60038,Peach Yogurt Power Pack(Power Packs),6,0,6,12,10,0,10,$8.00,0,0.00%,$0.00,$8.00,2,16.67%,$1.60,$9.60,,,,
McLean High,5/14/2025,60040,Grilled Cheese Sandwich(Sandwich),24,0,24,24,24,0,24,$10.08,0,0.00%,$0.00,$10.08,0,0.00%,$0.00,$10.08,,,,
McLean High,5/14/2025,60050,Chickenless Bites(2 Bites),0,0,0,0,0,0,0,$0.00,0,0.00%,$0.00,$0.00,0,0.00%,$0.00,$0.00,,,,
McLean High,5/14/2025,60050,Chickenless Bites(4 Bites),200,0,200,200,154,0,154,$117.04,1,0.50%,$0.76,$117.80,45,22.50%,$34.20,$152.00,,,,
McLean High,5/14/2025,60062,Chilled Pineapple(1/2 cup),0,0,0,0,0,0,0,$0.00,0,0.00%,$0.00,$0.00,0,0.00%,$0.00,$0.00,,,,
McLean High,5/14/2025,60063,Chicken & Vegetable Dumplings(6 dumplings),192,11,203,32,31,0,31,$0.00,1,3.13%,$0.00,$0.00,0,0.00%,$0.00,$0.00,,,,
McLean High,5/14/2025,60075,Spicy Chicken Wrap(Wrap),10,0,10,6,6,0,6,$7.02,0,0.00%,$0.00,$7.02,0,0.00%,$0.00,$7.02,,,,
McLean High,5/14/2025,60077,Manager's Vegetable Choice(1/4 cup),120,0,120,120,116,0,116,$0.00,0,0.00%,$0.00,$0.00,4,3.33%,$0.00,$0.00,,,,
McLean High,5/14/2025,60078,Nachos with Turkey Barbacoa and Cheese Sauce(Serving),0,0,0,290,277,11,288,$383.04,2,0.69%,$2.66,$385.70,0,0.00%,$0.00,$385.70,,,,
McLean High,5/14/2025,60101,Chickpeas - salad bar entree(1/2 cup),6,0,6,6,0,0,0,$0.00,0,0.00%,$0.00,$0.00,6,100.00%,$0.00,$0.00,,,,
McLean High,5/14/2025,60148,Turkey Barbacoa Arepa(1 Arepa + #10 scoop of turkey barbacoa),0,0,0,8,8,0,8,$11.52,0,0.00%,$0.00,$11.52,0,0.00%,$0.00,$11.52,,,,
McNair Elementary,5/14/2025,10044,Soft Pretzel(1 pretzel),22,0,22,25,13,0,13,$2.86,0,0.00%,$0.00,$2.86,12,48.00%,$2.64,$5.50,,,,
McNair Elementary,5/14/2025,10070,Orange Sauce(ounce),10,0,10,20,15,0,15,$2.10,0,0.00%,$0.00,$2.10,5,25.00%,$0.70,$2.80,,,,
McNair Elementary,5/14/2025,10090,"Chicken, Shredded, Fully Cooked(1/2 cup)",0,0,0,1,1,0,1,$0.72,0,0.00%,$0.00,$0.72,0,0.00%,$0.00,$0.72,,,,
McNair Elementary,5/14/2025,20001,1% White Milk(Each),135,0,135,124,114,0,114,$41.04,1,0.81%,$0.36,$41.40,9,7.26%,$3.24,$44.64,,,,
McNair Elementary,5/14/2025,20002,Fat Free Chocolate Milk(Each),98,0,98,150,89,0,89,$31.15,0,0.00%,$0.00,$31.15,61,40.67%,$21.35,$52.50,,,,
McNair Elementary,5/14/2025,20014,Red Delicious Apple(Each - serving),82,0,82,78,78,0,78,$25.74,0,0.00%,$0.00,$25.74,0,0.00%,$0.00,$25.74,,,,
McNair Elementary,5/14/2025,20015,Golden Delicious Apple(Each),0,0,0,160,155,0,155,$48.05,1,0.63%,$0.31,$48.36,4,2.50%,$1.24,$49.60,,,,
McNair Elementary,5/14/2025,20028,Lettuce Blend Salad Mix(1/2 cup),114,0,114,60,40,0,40,$3.20,5,8.33%,$0.40,$3.60,15,25.00%,$1.20,$4.80,,,,
McNair Elementary,5/14/2025,20031,Banana(Each),0,0,0,150,149,0,149,$31.29,0,0.00%,$0.00,$31.29,1,0.67%,$0.21,$31.50,,,,
McNair Elementary,5/14/2025,20038,Fat Free White Milk(Each),15,0,15,225,29,0,29,$9.57,2,0.89%,$0.66,$10.23,194,86.22%,$64.02,$74.25,,,,
McNair Elementary,5/14/2025,20040,Cucumber Slices(1/4 cup),0,0,0,115,53,0,53,$3.18,5,4.35%,$0.30,$3.48,57,49.57%,$3.42,$6.90,,,,
McNair Elementary,5/14/2025,20040,Cucumber Slices(6 Slices per 1/2 cup),86,0,86,78,78,0,78,$9.36,0,0.00%,$0.00,$9.36,0,0.00%,$0.00,$9.36,,,,
McNair Elementary,5/14/2025,30014,Whole Wheat Dinner Roll(Each),152,0,152,204,204,0,204,$28.56,0,0.00%,$0.00,$28.56,0,0.00%,$0.00,$28.56,,,,
McNair Elementary,5/14/2025,30020,Applesauce(1/2 Cup),105,0,105,96,96,0,96,$20.16,0,0.00%,$0.00,$20.16,0,0.00%,$0.00,$20.16,,,,
McNair Elementary,5/14/2025,30033,Cheez-Its Crackers(Package),82,0,82,77,77,0,77,$13.86,0,0.00%,$0.00,$13.86,0,0.00%,$0.00,$13.86,,,,
McNair Elementary,5/14/2025,30045,Watermelon Flavored Dried Cranberries(Each),45,0,45,90,85,0,85,$20.40,0,0.00%,$0.00,$20.40,5,5.56%,$1.20,$21.60,,,,
McNair Elementary,5/14/2025,30077,Italian Dressing(1 ounce),0,0,0,24,0,0,0,$0.00,0,0.00%,$0.00,$0.00,24,100.00%,$0.00,$0.00,,,,
McNair Elementary,5/14/2025,30099,Chickpeas(1/4 cup),15,0,15,33,0,0,0,$0.00,5,15.15%,$0.00,$0.00,28,84.85%,$0.00,$0.00,,,,
McNair Elementary,5/14/2025,30107,Ranch Dressing(1 ounce),18,0,18,24,18,0,18,$1.98,0,0.00%,$0.00,$1.98,6,25.00%,$0.66,$2.64,,,,
McNair Elementary,5/14/2025,30188,"Milk, Soy, Plain, Bulk (12/32 oz)(1 cup)",0,0,0,1,1,0,1,$0.79,0,0.00%,$0.00,$0.79,0,0.00%,$0.00,$0.79,,,,
McNair Elementary,5/14/2025,60021,Cooked  Brown Rice(1 cup cooked),0,0,0,1,1,0,1,$0.11,0,0.00%,$0.00,$0.11,0,0.00%,$0.00,$0.11,,,,
McNair Elementary,5/14/2025,60035,PB&J Power Pack(Power Packs),27,0,27,39,27,0,27,$29.16,0,0.00%,$0.00,$29.16,12,30.77%,$12.96,$42.12,,,,
McNair Elementary,5/14/2025,60036,Cherry Vanilla Yogurt Power Pack(Power Packs),12,0,12,17,13,0,13,$10.40,0,0.00%,$0.00,$10.40,4,23.53%,$3.20,$13.60,,,,
McNair Elementary,5/14/2025,60045,Cucumber Slices(1/2 cup),15,0,15,18,18,0,18,$1.44,0,0.00%,$0.00,$1.44,0,0.00%,$0.00,$1.44,,,,
McNair Elementary,5/14/2025,60047,Chicken Tenders(3 tenders),86,0,86,90,85,5,90,$84.60,0,0.00%,$0.00,$84.60,0,0.00%,$0.00,$84.60,,,,
McNair Elementary,5/14/2025,60050,Chickenless Bites(4 Bites),44,0,44,118,113,4,117,$88.92,1,0.85%,$0.76,$89.68,0,0.00%,$0.00,$89.68,,,,
McNair Elementary,5/14/2025,60063,Chicken & Vegetable Dumplings(6 dumplings),10,0,10,16,15,0,15,$0.00,1,6.25%,$0.00,$0.00,0,0.00%,$0.00,$0.00,,,,
McNair Elementary,5/14/2025,60077,Manager's Vegetable Choice(1/4 cup),135,0,135,72,49,0,49,$0.00,5,6.94%,$0.00,$0.00,18,25.00%,$0.00,$0.00,,,,
McNair Elementary,5/14/2025,60101,Chickpeas - salad bar entree(1/2 cup),0,0,0,0,0,0,0,$0.00,0,0.00%,$0.00,$0.00,0,0.00%,$0.00,$0.00,,,,
McNair Upper Elementary,5/14/2025,10044,Soft Pretzel(1 pretzel),10,0,10,16,14,0,14,$3.08,2,12.50%,$0.44,$3.52,0,0.00%,$0.00,$3.52,,,,
McNair Upper Elementary,5/14/2025,10058,Chicken & Vegetable Dumplings(6 dumplings),50,0,50,79,72,4,76,$0.00,3,3.80%,$0.00,$0.00,0,0.00%,$0.00,$0.00,,,,
McNair Upper Elementary,5/14/2025,10070,Orange Sauce(ounce),50,0,50,75,55,0,55,$7.70,20,26.67%,$2.80,$10.50,0,0.00%,$0.00,$10.50,,,,
McNair Upper Elementary,5/14/2025,20001,1% White Milk(Each),12,0,12,50,12,0,12,$4.32,0,0.00%,$0.00,$4.32,38,76.00%,$13.68,$18.00,,,,
McNair Upper Elementary,5/14/2025,20002,Fat Free Chocolate Milk(Each),136,0,136,340,153,0,153,$53.55,0,0.00%,$0.00,$53.55,187,55.00%,$65.45,$119.00,,,,
McNair Upper Elementary,5/14/2025,20008,Apple Slices(3 slices per 1/4 cup),0,0,0,30,28,0,28,$16.52,2,6.67%,$1.18,$17.70,0,0.00%,$0.00,$17.70,,,,
McNair Upper Elementary,5/14/2025,20013,Gala Apple(Each),0,0,0,60,59,0,59,$21.83,1,1.67%,$0.37,$22.20,0,0.00%,$0.00,$22.20,,,,
McNair Upper Elementary,5/14/2025,20016,String Cheese(Each),5,0,5,1,1,0,1,$0.22,0,0.00%,$0.00,$0.22,0,0.00%,$0.00,$0.22,,,,
McNair Upper Elementary,5/14/2025,20017,Orange(1/4 cup),0,0,0,120,115,0,115,$19.55,5,4.17%,$0.85,$20.40,0,0.00%,$0.00,$20.40,,,,
McNair Upper Elementary,5/14/2025,20023,Baby Carrots(3 baby carrots per 1/4 cup),0,0,0,36,24,0,24,$2.16,0,0.00%,$0.00,$2.16,12,33.33%,$1.08,$3.24,,,,
McNair Upper Elementary,5/14/2025,20027,Broccoli Florets(1/4 cup),40,0,40,84,24,0,24,$1.92,0,0.00%,$0.00,$1.92,60,71.43%,$4.80,$6.72,,,,
McNair Upper Elementary,5/14/2025,20028,Lettuce Blend Salad Mix(1/2 cup),143,0,143,175,163,0,163,$13.04,12,6.86%,$0.96,$14.00,0,0.00%,$0.00,$14.00,,,,
McNair Upper Elementary,5/14/2025,20031,Banana(Each),56,0,56,107,106,0,106,$22.26,1,0.93%,$0.21,$22.47,0,0.00%,$0.00,$22.47,,,,
McNair Upper Elementary,5/14/2025,20038,Fat Free White Milk(Each),4,0,4,43,5,0,5,$1.65,0,0.00%,$0.00,$1.65,38,88.37%,$12.54,$14.19,,,,
McNair Upper Elementary,5/14/2025,20052,Assorted  4 oz Yogurt(Container),5,0,5,2,2,0,2,$0.00,0,0.00%,$0.00,$0.00,0,0.00%,$0.00,$0.00,,,,
McNair Upper Elementary,5/14/2025,30008,Apple Juice(Each),5,0,5,3,3,0,3,$0.51,0,0.00%,$0.00,$0.51,0,0.00%,$0.00,$0.51,,,,
McNair Upper Elementary,5/14/2025,30009,Orange Tangerine Juice(Each),2,0,2,3,3,0,3,$0.51,0,0.00%,$0.00,$0.51,0,0.00%,$0.00,$0.51,,,,
McNair Upper Elementary,5/14/2025,30014,Whole Wheat Dinner Roll(Each),86,0,86,64,60,0,60,$8.40,4,6.25%,$0.56,$8.96,0,0.00%,$0.00,$8.96,,,,
McNair Upper Elementary,5/14/2025,30031,Strawberry Chex Mix(Package),10,0,10,5,5,0,5,$2.25,0,0.00%,$0.00,$2.25,0,0.00%,$0.00,$2.25,,,,
McNair Upper Elementary,5/14/2025,30033,Cheez-Its Crackers(Package),0,0,0,5,5,0,5,$0.90,0,0.00%,$0.00,$0.90,0,0.00%,$0.00,$0.90,,,,
McNair Upper Elementary,5/14/2025,30039,Cherry Flavored Dried Cranberries(Each),10,0,10,5,4,0,4,$0.96,0,0.00%,$0.00,$0.96,1,20.00%,$0.24,$1.20,,,,
McNair Upper Elementary,5/14/2025,30041,Orange Flavored Dried Cranberries(Each),9,0,9,5,4,0,4,$0.96,0,0.00%,$0.00,$0.96,1,20.00%,$0.24,$1.20,,,,
McNair Upper Elementary,5/14/2025,30042,Original Flavored Dried Cranberries(Package),8,0,8,5,4,0,4,$0.96,0,0.00%,$0.00,$0.96,1,20.00%,$0.24,$1.20,,,,
McNair Upper Elementary,5/14/2025,30043,Raspberry Lemonade Flavored Dried Cranberries(Each),23,0,23,5,4,0,4,$0.96,0,0.00%,$0.00,$0.96,1,20.00%,$0.24,$1.20,,,,
McNair Upper Elementary,5/14/2025,30044,Strawberry Flavored Dried Cranberries(Each),8,0,8,5,4,0,4,$0.96,0,0.00%,$0.00,$0.96,1,20.00%,$0.24,$1.20,,,,
McNair Upper Elementary,5/14/2025,30045,Watermelon Flavored Dried Cranberries(Each),13,0,13,5,4,0,4,$0.96,0,0.00%,$0.00,$0.96,1,20.00%,$0.24,$1.20,,,,
McNair Upper Elementary,5/14/2025,30063,Ketchup Packet(Packet),320,0,320,100,95,0,95,$2.85,0,0.00%,$0.00,$2.85,5,5.00%,$0.15,$3.00,,,,
McNair Upper Elementary,5/14/2025,30077,Italian Dressing(1 ounce),26,0,26,25,22,0,22,$1.76,0,0.00%,$0.00,$1.76,3,12.00%,$0.24,$2.00,,,,
McNair Upper Elementary,5/14/2025,30097,Bottled Water(Bottle),5,0,5,8,8,0,8,$1.28,0,0.00%,$0.00,$1.28,0,0.00%,$0.00,$1.28,,,,
McNair Upper Elementary,5/14/2025,30099,Chickpeas(1/4 cup),28,0,28,32,30,0,30,$2.70,2,6.25%,$0.18,$2.88,0,0.00%,$0.00,$2.88,,,,
McNair Upper Elementary,5/14/2025,30107,Ranch Dressing(1 ounce),72,0,72,75,73,0,73,$8.03,0,0.00%,$0.00,$8.03,2,2.67%,$0.22,$8.25,,,,
McNair Upper Elementary,5/14/2025,30109,Smartfood RF White Cheddar Popcorn(Each),25,0,25,33,33,0,33,$12.21,0,0.00%,$0.00,$12.21,0,0.00%,$0.00,$12.21,,,,
McNair Upper Elementary,5/14/2025,60035,PB&J Power Pack(Power Packs),36,0,36,55,51,0,51,$55.08,0,0.00%,$0.00,$55.08,4,7.27%,$4.32,$59.40,,,,
McNair Upper Elementary,5/14/2025,60036,Cherry Vanilla Yogurt Power Pack(Power Packs),4,0,4,5,3,0,3,$2.40,0,0.00%,$0.00,$2.40,2,40.00%,$1.60,$4.00,,,,
McNair Upper Elementary,5/14/2025,60037,Strawberry & Banana Yogurt Power Pack(Power Packs),9,0,9,5,3,0,3,$2.40,0,0.00%,$0.00,$2.40,2,40.00%,$1.60,$4.00,,,,
McNair Upper Elementary,5/14/2025,60038,Peach Yogurt Power Pack(Power Packs),3,0,3,5,3,0,3,$2.40,0,0.00%,$0.00,$2.40,2,40.00%,$1.60,$4.00,,,,
McNair Upper Elementary,5/14/2025,60050,Chickenless Bites(2 Bites),135,0,135,122,119,0,119,$45.22,3,2.46%,$1.14,$46.36,0,0.00%,$0.00,$46.36,,,,
McNair Upper Elementary,5/14/2025,60077,Manager's Vegetable Choice(1/4 cup),35,0,35,24,23,0,23,$0.00,1,4.17%,$0.00,$0.00,0,0.00%,$0.00,$0.00,,,,
McNair Upper Elementary,5/14/2025,60101,Chickpeas - salad bar entree(1/2 cup),5,0,5,5,1,0,1,$0.18,4,80.00%,$0.72,$0.90,0,0.00%,$0.00,$0.90,,,,
Mosaic Elementary,5/14/2025,10044,Soft Pretzel(1 pretzel),3,0,3,10,2,0,2,$0.44,0,0.00%,$0.00,$0.44,8,80.00%,$1.76,$2.20,,,,
Mosaic Elementary,5/14/2025,10070,Orange Sauce(ounce),1,0,1,1,1,0,1,$0.14,0,0.00%,$0.00,$0.14,0,0.00%,$0.00,$0.14,,,,
Mosaic Elementary,5/14/2025,20001,1% White Milk(Each),110,0,110,185,123,0,123,$44.28,0,0.00%,$0.00,$44.28,62,33.51%,$22.32,$66.60,,,,
Mosaic Elementary,5/14/2025,20002,Fat Free Chocolate Milk(Each),281,0,281,413,237,0,237,$82.95,0,0.00%,$0.00,$82.95,176,42.62%,$61.60,$144.55,,,,
Mosaic Elementary,5/14/2025,20012,Grape Tomatoes(1/4 cup),0,0,0,72,54,0,54,$14.04,0,0.00%,$0.00,$14.04,18,25.00%,$4.68,$18.72,,,,
Mosaic Elementary,5/14/2025,20014,Red Delicious Apple(Each - serving),18,0,18,17,17,0,17,$5.61,0,0.00%,$0.00,$5.61,0,0.00%,$0.00,$5.61,,,,
Mosaic Elementary,5/14/2025,20018,Red Seedless Grapes(8 grapes per 1/4 cup),338,0,338,368,322,0,322,$83.72,0,0.00%,$0.00,$83.72,46,12.50%,$11.96,$95.68,,,,
Mosaic Elementary,5/14/2025,20027,Broccoli Florets(1/4 cup),84,0,84,42,42,0,42,$3.36,0,0.00%,$0.00,$3.36,0,0.00%,$0.00,$3.36,,,,
Mosaic Elementary,5/14/2025,20028,Lettuce Blend Salad Mix(1/2 cup),120,0,120,120,100,0,100,$8.00,0,0.00%,$0.00,$8.00,20,16.67%,$1.60,$9.60,,,,
Mosaic Elementary,5/14/2025,20038,Fat Free White Milk(Each),27,0,27,50,24,0,24,$7.92,0,0.00%,$0.00,$7.92,26,52.00%,$8.58,$16.50,,,,
Mosaic Elementary,5/14/2025,20040,Cucumber Slices(1/4 cup),0,0,0,92,46,0,46,$2.76,0,0.00%,$0.00,$2.76,46,50.00%,$2.76,$5.52,,,,
Mosaic Elementary,5/14/2025,20040,Cucumber Slices(6 Slices per 1/2 cup),18,0,18,16,16,0,16,$1.92,0,0.00%,$0.00,$1.92,0,0.00%,$0.00,$1.92,,,,
Mosaic Elementary,5/14/2025,20047,Orange Slices(3 slices per 1/4 cup),0,0,0,68,51,0,51,$10.20,0,0.00%,$0.00,$10.20,17,25.00%,$3.40,$13.60,,,,
Mosaic Elementary,5/14/2025,20074,"Apple Slices(3 slices, 1/4 cup)",0,0,0,128,128,0,128,$23.04,0,0.00%,$0.00,$23.04,0,0.00%,$0.00,$23.04,,,,
Mosaic Elementary,5/14/2025,20076,"Peppers, green, pre-sliced(1/2 cup sliced)",0,0,0,70,70,0,70,$21.00,0,0.00%,$0.00,$21.00,0,0.00%,$0.00,$21.00,,,,
Mosaic Elementary,5/14/2025,30008,Apple Juice(Each),20,0,20,17,17,0,17,$2.89,0,0.00%,$0.00,$2.89,0,0.00%,$0.00,$2.89,,,,
Mosaic Elementary,5/14/2025,30009,Orange Tangerine Juice(Each),0,0,0,16,16,0,16,$2.72,0,0.00%,$0.00,$2.72,0,0.00%,$0.00,$2.72,,,,
Mosaic Elementary,5/14/2025,30014,Whole Wheat Dinner Roll(2 rolls),0,0,0,130,124,0,124,$34.72,0,0.00%,$0.00,$34.72,6,4.62%,$1.68,$36.40,,,,
Mosaic Elementary,5/14/2025,30014,Whole Wheat Dinner Roll(Each),18,0,18,16,16,0,16,$2.24,0,0.00%,$0.00,$2.24,0,0.00%,$0.00,$2.24,,,,
Mosaic Elementary,5/14/2025,30033,Cheez-Its Crackers(Package),18,0,18,17,17,0,17,$3.06,0,0.00%,$0.00,$3.06,0,0.00%,$0.00,$3.06,,,,
Mosaic Elementary,5/14/2025,30045,Watermelon Flavored Dried Cranberries(Each),50,0,50,30,30,0,30,$7.20,0,0.00%,$0.00,$7.20,0,0.00%,$0.00,$7.20,,,,
Mosaic Elementary,5/14/2025,30097,Bottled Water(Bottle),40,0,40,33,33,0,33,$5.28,0,0.00%,$0.00,$5.28,0,0.00%,$0.00,$5.28,,,,
Mosaic Elementary,5/14/2025,30107,Ranch Dressing(1 ounce),2,0,2,3,2,0,2,$0.22,0,0.00%,$0.00,$0.22,1,33.33%,$0.11,$0.33,,,,
Mosaic Elementary,5/14/2025,30184,"Milk, Soy, Vanilla (24/8 oz)(each)",0,0,0,1,1,0,1,$1.02,0,0.00%,$0.00,$1.02,0,0.00%,$0.00,$1.02,,,,
Mosaic Elementary,5/14/2025,60034,Mandarin Orange Parfait(Parfait),0,0,0,193,193,0,193,$191.07,0,0.00%,$0.00,$191.07,0,0.00%,$0.00,$191.07,,,,
Mosaic Elementary,5/14/2025,60035,PB&J Power Pack(Power Packs),120,0,120,100,95,2,97,$104.76,0,0.00%,$0.00,$104.76,3,3.00%,$3.24,$108.00,,,,
Mosaic Elementary,5/14/2025,60037,Strawberry & Banana Yogurt Power Pack(Power Packs),48,0,48,52,51,0,51,$40.80,0,0.00%,$0.00,$40.80,1,1.92%,$0.80,$41.60,,,,
Mosaic Elementary,5/14/2025,60038,Peach Yogurt Power Pack(Power Packs),48,0,48,48,47,1,48,$38.40,0,0.00%,$0.00,$38.40,0,0.00%,$0.00,$38.40,,,,
Mosaic Elementary,5/14/2025,60042,Beef Meatball Sub Sandwich(Sandwich),0,0,0,37,36,0,36,$46.08,1,2.70%,$1.28,$47.36,0,0.00%,$0.00,$47.36,,,,
Mosaic Elementary,5/14/2025,60050,Chickenless Bites(4 Bites),166,0,166,146,140,0,140,$106.40,0,0.00%,$0.00,$106.40,6,4.11%,$4.56,$110.96,,,,
Mosaic Elementary,5/14/2025,60063,Chicken & Vegetable Dumplings(6 dumplings),50,0,50,83,77,5,82,$0.00,1,1.20%,$0.00,$0.00,0,0.00%,$0.00,$0.00,,,,
Mosaic Elementary,5/14/2025,60128,Alfredo & Basil Lasagna(Each),0,0,0,30,26,0,26,$32.76,4,13.33%,$5.04,$37.80,0,0.00%,$0.00,$37.80,,,,
Mosaic Elementary,5/14/2025,60148,Turkey Barbacoa Arepa(1 Arepa + #10 scoop of turkey barbacoa),0,0,0,25,25,0,25,$36.00,0,0.00%,$0.00,$36.00,0,0.00%,$0.00,$36.00,,,,
Mount Eagle Elementary,5/14/2025,20001,1% White Milk(Each),49,0,49,49,49,0,49,$17.64,0,0.00%,$0.00,$17.64,0,0.00%,$0.00,$17.64,,,,
Mount Eagle Elementary,5/14/2025,20002,Fat Free Chocolate Milk(Each),219,0,219,250,250,0,250,$87.50,0,0.00%,$0.00,$87.50,0,0.00%,$0.00,$87.50,,,,
Mount Eagle Elementary,5/14/2025,20014,Red Delicious Apple(Each - serving),18,0,18,19,19,0,19,$6.27,0,0.00%,$0.00,$6.27,0,0.00%,$0.00,$6.27,,,,
Mount Eagle Elementary,5/14/2025,20018,Red Seedless Grapes(8 grapes per 1/4 cup),185,0,185,240,240,0,240,$62.40,0,0.00%,$0.00,$62.40,0,0.00%,$0.00,$62.40,,,,
Mount Eagle Elementary,5/14/2025,20027,Broccoli Florets(1/4 cup),92,0,92,120,120,0,120,$9.60,0,0.00%,$0.00,$9.60,0,0.00%,$0.00,$9.60,,,,
Mount Eagle Elementary,5/14/2025,20028,Lettuce Blend Salad Mix(1/2 cup),161,0,161,150,150,0,150,$12.00,0,0.00%,$0.00,$12.00,0,0.00%,$0.00,$12.00,,,,
Mount Eagle Elementary,5/14/2025,20038,Fat Free White Milk(Each),4,0,4,5,5,0,5,$1.65,0,0.00%,$0.00,$1.65,0,0.00%,$0.00,$1.65,,,,
Mount Eagle Elementary,5/14/2025,20040,Cucumber Slices(6 Slices per 1/2 cup),18,0,18,19,19,0,19,$2.28,0,0.00%,$0.00,$2.28,0,0.00%,$0.00,$2.28,,,,
Mount Eagle Elementary,5/14/2025,30014,Whole Wheat Dinner Roll(Each),137,0,137,279,279,0,279,$39.06,0,0.00%,$0.00,$39.06,0,0.00%,$0.00,$39.06,,,,
Mount Eagle Elementary,5/14/2025,30020,Applesauce(1/2 Cup),17,0,17,18,18,0,18,$3.78,0,0.00%,$0.00,$3.78,0,0.00%,$0.00,$3.78,,,,
Mount Eagle Elementary,5/14/2025,30020,Applesauce(1/4 cup),133,0,133,120,120,0,120,$13.20,0,0.00%,$0.00,$13.20,0,0.00%,$0.00,$13.20,,,,
Mount Eagle Elementary,5/14/2025,30033,Cheez-Its Crackers(Package),17,0,17,18,18,0,18,$3.24,0,0.00%,$0.00,$3.24,0,0.00%,$0.00,$3.24,,,,
Mount Eagle Elementary,5/14/2025,30045,Watermelon Flavored Dried Cranberries(Each),40,0,40,25,25,0,25,$6.00,0,0.00%,$0.00,$6.00,0,0.00%,$0.00,$6.00,,,,
Mount Eagle Elementary,5/14/2025,30077,Italian Dressing(1 ounce),47,0,47,120,120,0,120,$9.60,0,0.00%,$0.00,$9.60,0,0.00%,$0.00,$9.60,,,,
Mount Eagle Elementary,5/14/2025,30099,Chickpeas(1/4 cup),36,0,36,50,50,0,50,$4.50,0,0.00%,$0.00,$4.50,0,0.00%,$0.00,$4.50,,,,
Mount Eagle Elementary,5/14/2025,30107,Ranch Dressing(1 ounce),70,0,70,150,150,0,150,$16.50,0,0.00%,$0.00,$16.50,0,0.00%,$0.00,$16.50,,,,
Mount Eagle Elementary,5/14/2025,60035,PB&J Power Pack(Power Packs),40,0,40,30,28,0,28,$30.24,0,0.00%,$0.00,$30.24,2,6.67%,$2.16,$32.40,,,,
Mount Eagle Elementary,5/14/2025,60037,Strawberry & Banana Yogurt Power Pack(Power Packs),31,0,31,2,1,0,1,$0.80,0,0.00%,$0.00,$0.80,1,50.00%,$0.80,$1.60,,,,
Mount Eagle Elementary,5/14/2025,60047,Chicken Tenders(3 tenders),13,0,13,221,215,5,220,$206.80,0,0.00%,$0.00,$206.80,1,0.45%,$0.94,$207.74,,,,
Mount Eagle Elementary,5/14/2025,60050,Chickenless Bites(4 Bites),123,0,123,63,63,0,63,$47.88,0,0.00%,$0.00,$47.88,0,0.00%,$0.00,$47.88,,,,
Mount Eagle Elementary,5/14/2025,60077,Manager's Vegetable Choice(1/4 cup),133,0,133,120,120,0,120,$0.00,0,0.00%,$0.00,$0.00,0,0.00%,$0.00,$0.00,,,,
Mt. Vernon Woods Elementary,5/14/2025,10069,Bean and Cheese Pupusa(Pupusa),0,0,0,30,30,0,30,$45.00,0,0.00%,$0.00,$45.00,0,0.00%,$0.00,$45.00,,,,
Mt. Vernon Woods Elementary,5/14/2025,10070,Orange Sauce(ounce),0,0,0,40,26,0,26,$3.64,0,0.00%,$0.00,$3.64,14,35.00%,$1.96,$5.60,,,,
Mt. Vernon Woods Elementary,5/14/2025,20001,1% White Milk(Each),75,0,75,125,71,0,71,$25.56,0,0.00%,$0.00,$25.56,54,43.20%,$19.44,$45.00,,,,
Mt. Vernon Woods Elementary,5/14/2025,20002,Fat Free Chocolate Milk(Each),271,0,271,413,248,0,248,$86.80,0,0.00%,$0.00,$86.80,165,39.95%,$57.75,$144.55,,,,
Mt. Vernon Woods Elementary,5/14/2025,20014,Red Delicious Apple(Each - serving),32,0,32,62,50,0,50,$16.50,0,0.00%,$0.00,$16.50,12,19.35%,$3.96,$20.46,,,,
Mt. Vernon Woods Elementary,5/14/2025,20018,Red Seedless Grapes(8 grapes per 1/4 cup),455,0,455,552,552,0,552,$143.52,0,0.00%,$0.00,$143.52,0,0.00%,$0.00,$143.52,,,,
Mt. Vernon Woods Elementary,5/14/2025,20028,Lettuce Blend Salad Mix(1/2 cup),128,0,128,160,120,0,120,$9.60,0,0.00%,$0.00,$9.60,40,25.00%,$3.20,$12.80,,,,
Mt. Vernon Woods Elementary,5/14/2025,20031,Banana(Each),0,0,0,178,135,0,135,$28.35,15,8.43%,$3.15,$31.50,28,15.73%,$5.88,$37.38,,,,
Mt. Vernon Woods Elementary,5/14/2025,20038,Fat Free White Milk(Each),5,0,5,27,7,0,7,$2.31,0,0.00%,$0.00,$2.31,20,74.07%,$6.60,$8.91,,,,
Mt. Vernon Woods Elementary,5/14/2025,20040,Cucumber Slices(1/4 cup),0,0,0,161,143,0,143,$8.58,0,0.00%,$0.00,$8.58,18,11.18%,$1.08,$9.66,,,,
Mt. Vernon Woods Elementary,5/14/2025,20040,Cucumber Slices(6 Slices per 1/2 cup),33,0,33,34,34,0,34,$4.08,0,0.00%,$0.00,$4.08,0,0.00%,$0.00,$4.08,,,,
Mt. Vernon Woods Elementary,5/14/2025,20043,"Lactose Free, White Milk(Each)",0,0,0,4,4,0,4,$2.32,0,0.00%,$0.00,$2.32,0,0.00%,$0.00,$2.32,,,,
Mt. Vernon Woods Elementary,5/14/2025,30014,Whole Wheat Dinner Roll(Each),137,0,137,336,239,0,239,$33.46,1,0.30%,$0.14,$33.60,96,28.57%,$13.44,$47.04,,,,
Mt. Vernon Woods Elementary,5/14/2025,30020,Applesauce(1/2 Cup),49,0,49,59,59,0,59,$12.39,0,0.00%,$0.00,$12.39,0,0.00%,$0.00,$12.39,,,,
Mt. Vernon Woods Elementary,5/14/2025,30033,Cheez-Its Crackers(Package),32,0,32,32,32,0,32,$5.76,0,0.00%,$0.00,$5.76,0,0.00%,$0.00,$5.76,,,,
Mt. Vernon Woods Elementary,5/14/2025,30077,Italian Dressing(1 ounce),24,0,24,48,26,0,26,$2.08,0,0.00%,$0.00,$2.08,22,45.83%,$1.76,$3.84,,,,
Mt. Vernon Woods Elementary,5/14/2025,30099,Chickpeas(1/4 cup),24,0,24,24,8,0,8,$0.72,0,0.00%,$0.00,$0.72,16,66.67%,$1.44,$2.16,,,,
Mt. Vernon Woods Elementary,5/14/2025,30107,Ranch Dressing(1 ounce),53,0,53,72,54,0,54,$5.94,0,0.00%,$0.00,$5.94,18,25.00%,$1.98,$7.92,,,,
Mt. Vernon Woods Elementary,5/14/2025,60035,PB&J Power Pack(Power Packs),87,0,87,120,101,0,101,$109.08,0,0.00%,$0.00,$109.08,19,15.83%,$20.52,$129.60,,,,
Mt. Vernon Woods Elementary,5/14/2025,60038,Peach Yogurt Power Pack(Power Packs),23,0,23,36,24,0,24,$19.20,0,0.00%,$0.00,$19.20,12,33.33%,$9.60,$28.80,,,,
Mt. Vernon Woods Elementary,5/14/2025,60045,Cucumber Slices(1/2 cup),27,0,27,25,25,0,25,$2.00,0,0.00%,$0.00,$2.00,0,0.00%,$0.00,$2.00,,,,
Mt. Vernon Woods Elementary,5/14/2025,60047,Chicken Tenders(3 tenders),43,0,43,43,43,0,43,$40.42,0,0.00%,$0.00,$40.42,0,0.00%,$0.00,$40.42,,,,
Mt. Vernon Woods Elementary,5/14/2025,60050,Chickenless Bites(4 Bites),83,0,83,212,198,0,198,$150.48,0,0.00%,$0.00,$150.48,14,6.60%,$10.64,$161.12,,,,
Mt. Vernon Woods Elementary,5/14/2025,60063,Chicken & Vegetable Dumplings(6 dumplings),0,0,0,40,26,0,26,$0.00,0,0.00%,$0.00,$0.00,14,35.00%,$0.00,$0.00,,,,
Navy Elementary,5/14/2025,10044,Soft Pretzel(1 pretzel),84,0,84,63,63,0,63,$13.86,0,0.00%,$0.00,$13.86,0,0.00%,$0.00,$13.86,,,,
Navy Elementary,5/14/2025,10058,Chicken & Vegetable Dumplings(6 dumplings),80,0,80,40,40,0,40,$0.00,0,0.00%,$0.00,$0.00,0,0.00%,$0.00,$0.00,,,,
Navy Elementary,5/14/2025,20001,1% White Milk(Each),27,0,27,132,25,0,25,$9.00,0,0.00%,$0.00,$9.00,107,81.06%,$38.52,$47.52,,,,
Navy Elementary,5/14/2025,20002,Fat Free Chocolate Milk(Each),179,0,179,494,159,0,159,$55.65,0,0.00%,$0.00,$55.65,335,67.81%,$117.25,$172.90,,,,
Navy Elementary,5/14/2025,20014,Red Delicious Apple(Each - serving),0,0,0,122,52,0,52,$17.16,0,0.00%,$0.00,$17.16,70,57.38%,$23.10,$40.26,,,,
Navy Elementary,5/14/2025,20017,Orange(1/4 cup),0,0,0,204,102,0,102,$17.34,0,0.00%,$0.00,$17.34,102,50.00%,$17.34,$34.68,,,,
Navy Elementary,5/14/2025,20028,Lettuce Blend Salad Mix(1/2 cup),59,0,59,80,80,0,80,$6.40,0,0.00%,$0.00,$6.40,0,0.00%,$0.00,$6.40,,,,
Navy Elementary,5/14/2025,20031,Banana(Each),0,0,0,40,32,0,32,$6.72,0,0.00%,$0.00,$6.72,8,20.00%,$1.68,$8.40,,,,
Navy Elementary,5/14/2025,20038,Fat Free White Milk(Each),12,0,12,70,17,0,17,$5.61,0,0.00%,$0.00,$5.61,53,75.71%,$17.49,$23.10,,,,
Navy Elementary,5/14/2025,30009,Orange Tangerine Juice(Each),0,0,0,40,25,0,25,$4.25,0,0.00%,$0.00,$4.25,15,37.50%,$2.55,$6.80,,,,
Navy Elementary,5/14/2025,30014,Whole Wheat Dinner Roll(Each),120,0,120,120,104,0,104,$14.56,16,13.33%,$2.24,$16.80,0,0.00%,$0.00,$16.80,,,,
Navy Elementary,5/14/2025,30031,Strawberry Chex Mix(Package),40,0,40,20,13,0,13,$5.85,0,0.00%,$0.00,$5.85,7,35.00%,$3.15,$9.00,,,,
Navy Elementary,5/14/2025,30033,Cheez-Its Crackers(Package),0,0,0,40,40,0,40,$7.20,0,0.00%,$0.00,$7.20,0,0.00%,$0.00,$7.20,,,,
Navy Elementary,5/14/2025,30041,Orange Flavored Dried Cranberries(Each),44,0,44,80,65,0,65,$15.60,0,0.00%,$0.00,$15.60,15,18.75%,$3.60,$19.20,,,,
Navy Elementary,5/14/2025,30064,Mayonnaise Packet(Packet),19,0,19,19,19,0,19,$1.90,0,0.00%,$0.00,$1.90,0,0.00%,$0.00,$1.90,,,,
Navy Elementary,5/14/2025,30077,Italian Dressing(1 ounce),12,0,12,12,12,0,12,$0.96,0,0.00%,$0.00,$0.96,0,0.00%,$0.00,$0.96,,,,
Navy Elementary,5/14/2025,30097,Bottled Water(Bottle),20,0,20,20,18,0,18,$2.88,0,0.00%,$0.00,$2.88,2,10.00%,$0.32,$3.20,,,,
Navy Elementary,5/14/2025,30099,Chickpeas(1/4 cup),22,0,22,16,8,0,8,$0.72,0,0.00%,$0.00,$0.72,8,50.00%,$0.72,$1.44,,,,
Navy Elementary,5/14/2025,30107,Ranch Dressing(1 ounce),24,0,24,24,24,0,24,$2.64,0,0.00%,$0.00,$2.64,0,0.00%,$0.00,$2.64,,,,
Navy Elementary,5/14/2025,60035,PB&J Power Pack(Power Packs),56,0,56,112,59,0,59,$63.72,0,0.00%,$0.00,$63.72,53,47.32%,$57.24,$120.96,,,,
Navy Elementary,5/14/2025,60037,Strawberry & Banana Yogurt Power Pack(Power Packs),14,0,14,58,31,0,31,$24.80,0,0.00%,$0.00,$24.80,27,46.55%,$21.60,$46.40,,,,
Navy Elementary,5/14/2025,60050,Chickenless Bites(2 Bites),64,0,64,117,108,0,108,$41.04,1,0.85%,$0.38,$41.42,8,6.84%,$3.04,$44.46,,,,
Navy Elementary,5/14/2025,60077,Manager's Vegetable Choice(1/4 cup),77,0,77,120,96,0,96,$0.00,0,0.00%,$0.00,$0.00,24,20.00%,$0.00,$0.00,,,,
Navy Elementary,5/14/2025,60101,Chickpeas - salad bar entree(1/2 cup),4,0,4,6,6,0,6,$1.08,0,0.00%,$0.00,$1.08,0,0.00%,$0.00,$1.08,,,,
Navy Elementary,5/14/2025,60122,Asian Meatball Sub(sandwich),0,0,0,60,60,0,60,$106.80,0,0.00%,$0.00,$106.80,0,0.00%,$0.00,$106.80,,,,
Newington Forest Elementary,5/14/2025,10044,Soft Pretzel(1 pretzel),0,0,0,40,33,0,33,$7.26,0,0.00%,$0.00,$7.26,7,17.50%,$1.54,$8.80,,,,
Newington Forest Elementary,5/14/2025,10058,Chicken & Vegetable Dumplings(6 dumplings),80,0,80,0,0,0,0,$0.00,0,0.00%,$0.00,$0.00,0,0.00%,$0.00,$0.00,,,,
Newington Forest Elementary,5/14/2025,10069,Bean and Cheese Pupusa(Pupusa),0,0,0,25,18,2,20,$30.00,0,0.00%,$0.00,$30.00,5,20.00%,$7.50,$37.50,,,,
Newington Forest Elementary,5/14/2025,10070,Orange Sauce(ounce),80,0,80,0,0,0,0,$0.00,0,0.00%,$0.00,$0.00,0,0.00%,$0.00,$0.00,,,,
Newington Forest Elementary,5/14/2025,20001,1% White Milk(Each),50,0,50,50,32,0,32,$11.52,0,0.00%,$0.00,$11.52,18,36.00%,$6.48,$18.00,,,,
Newington Forest Elementary,5/14/2025,20002,Fat Free Chocolate Milk(Each),180,0,180,185,178,0,178,$62.30,0,0.00%,$0.00,$62.30,7,3.78%,$2.45,$64.75,,,,
Newington Forest Elementary,5/14/2025,20013,Gala Apple(Each),0,0,0,80,71,0,71,$26.27,0,0.00%,$0.00,$26.27,9,11.25%,$3.33,$29.60,,,,
Newington Forest Elementary,5/14/2025,20016,String Cheese(Each),20,0,20,10,2,0,2,$0.44,0,0.00%,$0.00,$0.44,8,80.00%,$1.76,$2.20,,,,
Newington Forest Elementary,5/14/2025,20023,Baby Carrots(3 baby carrots per 1/4 cup),0,0,0,100,78,0,78,$7.02,0,0.00%,$0.00,$7.02,22,22.00%,$1.98,$9.00,,,,
Newington Forest Elementary,5/14/2025,20027,Broccoli Florets(1/4 cup),60,0,60,0,0,0,0,$0.00,0,0.00%,$0.00,$0.00,0,0.00%,$0.00,$0.00,,,,
Newington Forest Elementary,5/14/2025,20028,Lettuce Blend Salad Mix(1/2 cup),110,0,110,110,107,0,107,$8.56,3,2.73%,$0.24,$8.80,0,0.00%,$0.00,$8.80,,,,
Newington Forest Elementary,5/14/2025,20031,Banana(Each),72,0,72,72,50,0,50,$10.50,0,0.00%,$0.00,$10.50,22,30.56%,$4.62,$15.12,,,,
Newington Forest Elementary,5/14/2025,20038,Fat Free White Milk(Each),50,0,50,25,20,0,20,$6.60,0,0.00%,$0.00,$6.60,5,20.00%,$1.65,$8.25,,,,
Newington Forest Elementary,5/14/2025,20047,Orange Slices(3 slices per 1/4 cup),0,0,0,80,65,0,65,$13.00,0,0.00%,$0.00,$13.00,15,18.75%,$3.00,$16.00,,,,
Newington Forest Elementary,5/14/2025,20052,Assorted  4 oz Yogurt(Container),10,0,10,10,4,0,4,$0.00,0,0.00%,$0.00,$0.00,6,60.00%,$0.00,$0.00,,,,
Newington Forest Elementary,5/14/2025,30008,Apple Juice(Each),20,0,20,0,0,0,0,$0.00,0,0.00%,$0.00,$0.00,0,0.00%,$0.00,$0.00,,,,
Newington Forest Elementary,5/14/2025,30009,Orange Tangerine Juice(Each),20,0,20,0,0,0,0,$0.00,0,0.00%,$0.00,$0.00,0,0.00%,$0.00,$0.00,,,,
Newington Forest Elementary,5/14/2025,30014,Whole Wheat Dinner Roll(Each),100,0,100,70,64,1,65,$9.10,0,0.00%,$0.00,$9.10,5,7.14%,$0.70,$9.80,,,,
Newington Forest Elementary,5/14/2025,30020,Applesauce(1/4 cup),80,0,80,0,0,0,0,$0.00,0,0.00%,$0.00,$0.00,0,0.00%,$0.00,$0.00,,,,
Newington Forest Elementary,5/14/2025,30031,Strawberry Chex Mix(Package),40,0,40,0,0,0,0,$0.00,0,0.00%,$0.00,$0.00,0,0.00%,$0.00,$0.00,,,,
Newington Forest Elementary,5/14/2025,30033,Cheez-Its Crackers(Package),0,0,0,50,33,0,33,$5.94,0,0.00%,$0.00,$5.94,17,34.00%,$3.06,$9.00,,,,
Newington Forest Elementary,5/14/2025,30039,Cherry Flavored Dried Cranberries(Each),30,0,30,30,18,0,18,$4.32,0,0.00%,$0.00,$4.32,12,40.00%,$2.88,$7.20,,,,
Newington Forest Elementary,5/14/2025,30041,Orange Flavored Dried Cranberries(Each),30,0,30,0,0,0,0,$0.00,0,0.00%,$0.00,$0.00,0,0.00%,$0.00,$0.00,,,,
Newington Forest Elementary,5/14/2025,30042,Original Flavored Dried Cranberries(Package),30,0,30,0,0,0,0,$0.00,0,0.00%,$0.00,$0.00,0,0.00%,$0.00,$0.00,,,,
Newington Forest Elementary,5/14/2025,30043,Raspberry Lemonade Flavored Dried Cranberries(Each),30,0,30,0,0,0,0,$0.00,0,0.00%,$0.00,$0.00,0,0.00%,$0.00,$0.00,,,,
Newington Forest Elementary,5/14/2025,30044,Strawberry Flavored Dried Cranberries(Each),30,0,30,0,0,0,0,$0.00,0,0.00%,$0.00,$0.00,0,0.00%,$0.00,$0.00,,,,
Newington Forest Elementary,5/14/2025,30045,Watermelon Flavored Dried Cranberries(Each),30,0,30,0,0,0,0,$0.00,0,0.00%,$0.00,$0.00,0,0.00%,$0.00,$0.00,,,,
Newington Forest Elementary,5/14/2025,30063,Ketchup Packet(Packet),80,0,80,100,89,0,89,$2.67,0,0.00%,$0.00,$2.67,11,11.00%,$0.33,$3.00,,,,
Newington Forest Elementary,5/14/2025,30064,Mayonnaise Packet(Packet),48,0,48,60,39,0,39,$3.90,0,0.00%,$0.00,$3.90,21,35.00%,$2.10,$6.00,,,,
Newington Forest Elementary,5/14/2025,30065,Mustard Packet(Packet),30,0,30,30,24,0,24,$1.20,0,0.00%,$0.00,$1.20,6,20.00%,$0.30,$1.50,,,,
Newington Forest Elementary,5/14/2025,30077,Italian Dressing(1 ounce),48,0,48,72,69,0,69,$5.52,0,0.00%,$0.00,$5.52,3,4.17%,$0.24,$5.76,,,,
Newington Forest Elementary,5/14/2025,30097,Bottled Water(Bottle),30,0,30,30,25,0,25,$4.00,0,0.00%,$0.00,$4.00,5,16.67%,$0.80,$4.80,,,,
Newington Forest Elementary,5/14/2025,30099,Chickpeas(1/4 cup),75,0,75,80,70,0,70,$6.30,0,0.00%,$0.00,$6.30,10,12.50%,$0.90,$7.20,,,,
Newington Forest Elementary,5/14/2025,30107,Ranch Dressing(1 ounce),72,0,72,0,0,0,0,$0.00,0,0.00%,$0.00,$0.00,0,0.00%,$0.00,$0.00,,,,
Newington Forest Elementary,5/14/2025,30108,Fat Free Unflavored Shelf-Stable Milk(Each),0,0,0,25,6,0,6,$2.28,0,0.00%,$0.00,$2.28,19,76.00%,$7.22,$9.50,,,,
Newington Forest Elementary,5/14/2025,30109,Smartfood RF White Cheddar Popcorn(Each),72,0,72,0,0,0,0,$0.00,0,0.00%,$0.00,$0.00,0,0.00%,$0.00,$0.00,,,,
Newington Forest Elementary,5/14/2025,30112,Doritos RF Nacho Cheese(Each),0,0,0,80,76,0,76,$28.12,0,0.00%,$0.00,$28.12,4,5.00%,$1.48,$29.60,,,,
Newington Forest Elementary,5/14/2025,60035,PB&J Power Pack(Power Packs),96,0,96,30,15,0,15,$16.20,0,0.00%,$0.00,$16.20,15,50.00%,$16.20,$32.40,,,,
Newington Forest Elementary,5/14/2025,60036,Cherry Vanilla Yogurt Power Pack(Power Packs),30,0,30,40,30,0,30,$24.00,0,0.00%,$0.00,$24.00,10,25.00%,$8.00,$32.00,,,,
Newington Forest Elementary,5/14/2025,60037,Strawberry & Banana Yogurt Power Pack(Power Packs),30,0,30,40,34,0,34,$27.20,0,0.00%,$0.00,$27.20,6,15.00%,$4.80,$32.00,,,,
Newington Forest Elementary,5/14/2025,60038,Peach Yogurt Power Pack(Power Packs),30,0,30,0,0,0,0,$0.00,0,0.00%,$0.00,$0.00,0,0.00%,$0.00,$0.00,,,,
Newington Forest Elementary,5/14/2025,60040,Grilled Cheese Sandwich(Sandwich),0,0,0,120,111,1,112,$47.04,0,0.00%,$0.00,$47.04,8,6.67%,$3.36,$50.40,,,,
Newington Forest Elementary,5/14/2025,60050,Chickenless Bites(2 Bites),100,0,100,80,68,1,69,$26.22,0,0.00%,$0.00,$26.22,11,13.75%,$4.18,$30.40,,,,
Newington Forest Elementary,5/14/2025,60077,Manager's Vegetable Choice(1/4 cup),75,0,75,60,49,0,49,$0.00,0,0.00%,$0.00,$0.00,11,18.33%,$0.00,$0.00,,,,
Newington Forest Elementary,5/14/2025,60101,Chickpeas - salad bar entree(1/2 cup),0,0,0,0,0,0,0,$0.00,0,0.00%,$0.00,$0.00,0,0.00%,$0.00,$0.00,,,,
North Springfield Elementary,5/14/2025,10005,"Chicken, Wings, Pre-Cooked(3 Wings)",0,0,0,30,27,3,30,$32.10,0,0.00%,$0.00,$32.10,0,0.00%,$0.00,$32.10,,,,
North Springfield Elementary,5/14/2025,10044,Soft Pretzel(1 pretzel),1,0,1,0,0,0,0,$0.00,0,0.00%,$0.00,$0.00,0,0.00%,$0.00,$0.00,,,,
North Springfield Elementary,5/14/2025,10069,Bean and Cheese Pupusa(Pupusa),0,0,0,6,6,0,6,$9.00,0,0.00%,$0.00,$9.00,0,0.00%,$0.00,$9.00,,,,
North Springfield Elementary,5/14/2025,10070,Orange Sauce(ounce),80,0,80,30,30,0,30,$4.20,0,0.00%,$0.00,$4.20,0,0.00%,$0.00,$4.20,,,,
North Springfield Elementary,5/14/2025,20001,1% White Milk(Each),100,0,100,142,107,0,107,$38.52,0,0.00%,$0.00,$38.52,35,24.65%,$12.60,$51.12,,,,
North Springfield Elementary,5/14/2025,20002,Fat Free Chocolate Milk(Each),131,0,131,190,115,0,115,$40.25,0,0.00%,$0.00,$40.25,75,39.47%,$26.25,$66.50,,,,
North Springfield Elementary,5/14/2025,20014,Red Delicious Apple(Each - serving),33,0,33,35,33,2,35,$11.55,0,0.00%,$0.00,$11.55,0,0.00%,$0.00,$11.55,,,,
North Springfield Elementary,5/14/2025,20015,Golden Delicious Apple(Each),0,0,0,117,117,0,117,$36.27,0,0.00%,$0.00,$36.27,0,0.00%,$0.00,$36.27,,,,
North Springfield Elementary,5/14/2025,20016,String Cheese(Each),5,0,5,2,2,0,2,$0.44,0,0.00%,$0.00,$0.44,0,0.00%,$0.00,$0.44,,,,
North Springfield Elementary,5/14/2025,20027,Broccoli Florets(6 Pieces per 1/2 cup),44,0,44,42,42,0,42,$6.30,0,0.00%,$0.00,$6.30,0,0.00%,$0.00,$6.30,,,,
North Springfield Elementary,5/14/2025,20028,Lettuce Blend Salad Mix(1/2 cup),110,0,110,120,110,0,110,$8.80,0,0.00%,$0.00,$8.80,10,8.33%,$0.80,$9.60,,,,
North Springfield Elementary,5/14/2025,20038,Fat Free White Milk(Each),14,0,14,48,18,0,18,$5.94,0,0.00%,$0.00,$5.94,30,62.50%,$9.90,$15.84,,,,
North Springfield Elementary,5/14/2025,20040,Cucumber Slices(6 Slices per 1/2 cup),34,0,34,81,69,2,71,$8.52,0,0.00%,$0.00,$8.52,10,12.35%,$1.20,$9.72,,,,
North Springfield Elementary,5/14/2025,20043,"Lactose Free, White Milk(Each)",0,0,0,3,3,0,3,$1.74,0,0.00%,$0.00,$1.74,0,0.00%,$0.00,$1.74,,,,
North Springfield Elementary,5/14/2025,20047,Orange Slices(6 Slices per 1/2 cup),0,0,0,120,90,0,90,$36.00,0,0.00%,$0.00,$36.00,30,25.00%,$12.00,$48.00,,,,
North Springfield Elementary,5/14/2025,20052,Assorted  4 oz Yogurt(Container),5,0,5,2,2,0,2,$0.00,0,0.00%,$0.00,$0.00,0,0.00%,$0.00,$0.00,,,,
North Springfield Elementary,5/14/2025,20077,"Peppers, red, pre-sliced(1/2 cup sliced)",0,0,0,42,32,0,32,$17.92,0,0.00%,$0.00,$17.92,10,23.81%,$5.60,$23.52,,,,
North Springfield Elementary,5/14/2025,30008,Apple Juice(Each),5,0,5,6,6,0,6,$1.02,0,0.00%,$0.00,$1.02,0,0.00%,$0.00,$1.02,,,,
North Springfield Elementary,5/14/2025,30009,Orange Tangerine Juice(Each),5,0,5,6,6,0,6,$1.02,0,0.00%,$0.00,$1.02,0,0.00%,$0.00,$1.02,,,,
North Springfield Elementary,5/14/2025,30014,Whole Wheat Dinner Roll(2 rolls),0,0,0,29,29,0,29,$8.12,0,0.00%,$0.00,$8.12,0,0.00%,$0.00,$8.12,,,,
North Springfield Elementary,5/14/2025,30014,Whole Wheat Dinner Roll(Each),185,0,185,164,162,2,164,$22.96,0,0.00%,$0.00,$22.96,0,0.00%,$0.00,$22.96,,,,
North Springfield Elementary,5/14/2025,30020,Applesauce(1/2 Cup),33,0,33,35,33,2,35,$7.35,0,0.00%,$0.00,$7.35,0,0.00%,$0.00,$7.35,,,,
North Springfield Elementary,5/14/2025,30031,Strawberry Chex Mix(Package),5,0,5,1,1,0,1,$0.45,0,0.00%,$0.00,$0.45,0,0.00%,$0.00,$0.45,,,,
North Springfield Elementary,5/14/2025,30033,Cheez-Its Crackers(Package),32,0,32,38,36,2,38,$6.84,0,0.00%,$0.00,$6.84,0,0.00%,$0.00,$6.84,,,,
North Springfield Elementary,5/14/2025,30043,Raspberry Lemonade Flavored Dried Cranberries(Each),0,0,0,50,42,0,42,$10.08,0,0.00%,$0.00,$10.08,8,16.00%,$1.92,$12.00,,,,
North Springfield Elementary,5/14/2025,30077,Italian Dressing(1 ounce),24,0,24,24,24,0,24,$1.92,0,0.00%,$0.00,$1.92,0,0.00%,$0.00,$1.92,,,,
North Springfield Elementary,5/14/2025,30094,Doritos Wild White Nacho Flavored Tortilla Chips(Bag),0,0,0,32,32,0,32,$11.20,0,0.00%,$0.00,$11.20,0,0.00%,$0.00,$11.20,,,,
North Springfield Elementary,5/14/2025,30097,Bottled Water(Bottle),5,0,5,4,4,0,4,$0.64,0,0.00%,$0.00,$0.64,0,0.00%,$0.00,$0.64,,,,
North Springfield Elementary,5/14/2025,30099,Chickpeas(1/4 cup),14,0,14,12,12,0,12,$1.08,0,0.00%,$0.00,$1.08,0,0.00%,$0.00,$1.08,,,,
North Springfield Elementary,5/14/2025,30107,Ranch Dressing(1 ounce),48,0,48,48,48,0,48,$5.28,0,0.00%,$0.00,$5.28,0,0.00%,$0.00,$5.28,,,,
North Springfield Elementary,5/14/2025,30109,Smartfood RF White Cheddar Popcorn(Each),45,0,45,9,9,0,9,$3.33,0,0.00%,$0.00,$3.33,0,0.00%,$0.00,$3.33,,,,
North Springfield Elementary,5/14/2025,60009,"Sandwich, Turkey & Cheese(sandwich)",0,0,0,47,47,0,47,$32.43,0,0.00%,$0.00,$32.43,0,0.00%,$0.00,$32.43,,,,
North Springfield Elementary,5/14/2025,60035,PB&J Power Pack(Power Packs),24,0,24,8,8,0,8,$8.64,0,0.00%,$0.00,$8.64,0,0.00%,$0.00,$8.64,,,,
North Springfield Elementary,5/14/2025,60037,Strawberry & Banana Yogurt Power Pack(Power Packs),43,0,43,26,25,0,25,$20.00,0,0.00%,$0.00,$20.00,1,3.85%,$0.80,$20.80,,,,
North Springfield Elementary,5/14/2025,60045,Cucumber Slices(1/2 cup),52,0,52,52,52,0,52,$4.16,0,0.00%,$0.00,$4.16,0,0.00%,$0.00,$4.16,,,,
North Springfield Elementary,5/14/2025,60050,Chickenless Bites(4 Bites),127,0,127,129,129,0,129,$98.04,0,0.00%,$0.00,$98.04,0,0.00%,$0.00,$98.04,,,,
North Springfield Elementary,5/14/2025,60063,Chicken & Vegetable Dumplings(6 dumplings),80,0,80,73,65,7,72,$0.00,1,1.37%,$0.00,$0.00,0,0.00%,$0.00,$0.00,,,,
North Springfield Elementary,5/14/2025,60101,Chickpeas - salad bar entree(1/2 cup),1,0,1,0,0,0,0,$0.00,0,0.00%,$0.00,$0.00,0,0.00%,$0.00,$0.00,,,,
Oak Hill Elementary,5/14/2025,10044,Soft Pretzel(1 pretzel),13,0,13,0,0,0,0,$0.00,0,0.00%,$0.00,$0.00,0,0.00%,$0.00,$0.00,,,,
Oak Hill Elementary,5/14/2025,10070,Orange Sauce(ounce),0,0,0,100,52,0,52,$7.28,0,0.00%,$0.00,$7.28,48,48.00%,$6.72,$14.00,,,,
Oak Hill Elementary,5/14/2025,20001,1% White Milk(Each),23,0,23,56,24,0,24,$8.64,0,0.00%,$0.00,$8.64,32,57.14%,$11.52,$20.16,,,,
Oak Hill Elementary,5/14/2025,20002,Fat Free Chocolate Milk(Each),138,0,138,252,137,0,137,$47.95,0,0.00%,$0.00,$47.95,115,45.63%,$40.25,$88.20,,,,
Oak Hill Elementary,5/14/2025,20015,Golden Delicious Apple(Each),0,0,0,140,124,0,124,$38.44,0,0.00%,$0.00,$38.44,16,11.43%,$4.96,$43.40,,,,
Oak Hill Elementary,5/14/2025,20027,Broccoli Florets(1/4 cup),28,0,28,42,42,0,42,$3.36,0,0.00%,$0.00,$3.36,0,0.00%,$0.00,$3.36,,,,
Oak Hill Elementary,5/14/2025,20028,Lettuce Blend Salad Mix(1/2 cup),67,0,67,120,120,0,120,$9.60,0,0.00%,$0.00,$9.60,0,0.00%,$0.00,$9.60,,,,
Oak Hill Elementary,5/14/2025,20031,Banana(Each),0,0,0,97,91,0,91,$19.11,0,0.00%,$0.00,$19.11,6,6.19%,$1.26,$20.37,,,,
Oak Hill Elementary,5/14/2025,20038,Fat Free White Milk(Each),20,0,20,56,11,0,11,$3.63,0,0.00%,$0.00,$3.63,45,80.36%,$14.85,$18.48,,,,
Oak Hill Elementary,5/14/2025,30014,Whole Wheat Dinner Roll(Each),123,0,123,109,103,0,103,$14.42,0,0.00%,$0.00,$14.42,6,5.50%,$0.84,$15.26,,,,
Oak Hill Elementary,5/14/2025,30033,Cheez-Its Crackers(Package),0,0,0,30,28,0,28,$5.04,0,0.00%,$0.00,$5.04,2,6.67%,$0.36,$5.40,,,,
Oak Hill Elementary,5/14/2025,30045,Watermelon Flavored Dried Cranberries(Each),36,0,36,60,28,0,28,$6.72,0,0.00%,$0.00,$6.72,32,53.33%,$7.68,$14.40,,,,
Oak Hill Elementary,5/14/2025,30061,Chilled Mandarin Oranges(1/2 cup (drained)),0,0,0,6,6,0,6,$2.04,0,0.00%,$0.00,$2.04,0,0.00%,$0.00,$2.04,,,,
Oak Hill Elementary,5/14/2025,30077,Italian Dressing(1 ounce),8,0,8,0,0,0,0,$0.00,0,0.00%,$0.00,$0.00,0,0.00%,$0.00,$0.00,,,,
Oak Hill Elementary,5/14/2025,30097,Bottled Water(Bottle),0,0,0,12,12,0,12,$1.92,0,0.00%,$0.00,$1.92,0,0.00%,$0.00,$1.92,,,,
Oak Hill Elementary,5/14/2025,30099,Chickpeas(1/4 cup),8,0,8,17,17,0,17,$1.53,0,0.00%,$0.00,$1.53,0,0.00%,$0.00,$1.53,,,,
Oak Hill Elementary,5/14/2025,30107,Ranch Dressing(1 ounce),20,0,20,0,0,0,0,$0.00,0,0.00%,$0.00,$0.00,0,0.00%,$0.00,$0.00,,,,
Oak Hill Elementary,5/14/2025,60035,PB&J Power Pack(Power Packs),56,0,56,48,31,4,35,$37.80,0,0.00%,$0.00,$37.80,13,27.08%,$14.04,$51.84,,,,
Oak Hill Elementary,5/14/2025,60037,Strawberry & Banana Yogurt Power Pack(Power Packs),17,0,17,16,13,0,13,$10.40,0,0.00%,$0.00,$10.40,3,18.75%,$2.40,$12.80,,,,
Oak Hill Elementary,5/14/2025,60043,BBQ Chicken Sandwich(Sandwich),0,0,0,6,6,0,6,$5.16,0,0.00%,$0.00,$5.16,0,0.00%,$0.00,$5.16,,,,
Oak Hill Elementary,5/14/2025,60047,Chicken Tenders(3 tenders),5,0,5,4,4,0,4,$3.76,0,0.00%,$0.00,$3.76,0,0.00%,$0.00,$3.76,,,,
Oak Hill Elementary,5/14/2025,60050,Chickenless Bites(4 Bites),114,0,114,116,110,0,110,$83.60,1,0.86%,$0.76,$84.36,5,4.31%,$3.80,$88.16,,,,
Oak Hill Elementary,5/14/2025,60054,Steamed Broccoli(1/2 cup),0,0,0,6,6,0,6,$0.90,0,0.00%,$0.00,$0.90,0,0.00%,$0.00,$0.90,,,,
Oak Hill Elementary,5/14/2025,60063,Chicken & Vegetable Dumplings(6 dumplings),0,0,0,69,58,0,58,$0.00,1,1.45%,$0.00,$0.00,10,14.49%,$0.00,$0.00,,,,
Oak Hill Elementary,5/14/2025,60077,Manager's Vegetable Choice(1/4 cup),54,0,54,64,56,0,56,$0.00,8,12.50%,$0.00,$0.00,0,0.00%,$0.00,$0.00,,,,
Oak Hill Elementary,5/14/2025,60101,Chickpeas - salad bar entree(1/2 cup),0,0,0,0,0,0,0,$0.00,0,0.00%,$0.00,$0.00,0,0.00%,$0.00,$0.00,,,,
Oak Hill Elementary,5/14/2025,60126,Arepa w/Taco Beef(1 Aprea + #8 scoop of beef),0,0,0,21,11,0,11,$15.95,10,47.62%,$14.50,$30.45,0,0.00%,$0.00,$30.45,,,,
Oak View Elementary,5/14/2025,10044,Soft Pretzel(1 pretzel),6,0,6,6,3,0,3,$0.66,0,0.00%,$0.00,$0.66,3,50.00%,$0.66,$1.32,,,,
Oak View Elementary,5/14/2025,10070,Orange Sauce(ounce),60,0,60,50,30,0,30,$4.20,20,40.00%,$2.80,$7.00,0,0.00%,$0.00,$7.00,,,,
Oak View Elementary,5/14/2025,20001,1% White Milk(Each),30,0,30,68,26,0,26,$9.36,0,0.00%,$0.00,$9.36,42,61.76%,$15.12,$24.48,,,,
Oak View Elementary,5/14/2025,20002,Fat Free Chocolate Milk(Each),200,0,200,279,173,0,173,$60.55,0,0.00%,$0.00,$60.55,106,37.99%,$37.10,$97.65,,,,
Oak View Elementary,5/14/2025,20014,Red Delicious Apple(Each - serving),0,0,0,75,52,0,52,$17.16,0,0.00%,$0.00,$17.16,23,30.67%,$7.59,$24.75,,,,
Oak View Elementary,5/14/2025,20016,String Cheese(Each),3,0,3,3,0,0,0,$0.00,0,0.00%,$0.00,$0.00,3,100.00%,$0.00,$0.00,,,,
Oak View Elementary,5/14/2025,20027,Broccoli Florets(1/4 cup),63,0,63,52,42,0,42,$3.36,0,0.00%,$0.00,$3.36,10,19.23%,$0.80,$4.16,,,,
Oak View Elementary,5/14/2025,20028,Lettuce Blend Salad Mix(1/2 cup),40,0,40,40,35,0,35,$2.80,0,0.00%,$0.00,$2.80,5,12.50%,$0.40,$3.20,,,,
Oak View Elementary,5/14/2025,20030,Sour Cream(2 Tablespoons),0,0,0,9,9,0,9,$1.35,0,0.00%,$0.00,$1.35,0,0.00%,$0.00,$1.35,,,,
Oak View Elementary,5/14/2025,20031,Banana(Each),100,0,100,103,103,0,103,$21.63,0,0.00%,$0.00,$21.63,0,0.00%,$0.00,$21.63,,,,
Oak View Elementary,5/14/2025,20038,Fat Free White Milk(Each),10,0,10,51,6,0,6,$1.98,0,0.00%,$0.00,$1.98,45,88.24%,$14.85,$16.83,,,,
Oak View Elementary,5/14/2025,20052,Assorted  4 oz Yogurt(Container),3,0,3,3,3,0,3,$0.00,0,0.00%,$0.00,$0.00,0,0.00%,$0.00,$0.00,,,,
Oak View Elementary,5/14/2025,30011,"Salsa, Mild Canned(1.5 oz)",0,0,0,12,12,0,12,$1.20,0,0.00%,$0.00,$1.20,0,0.00%,$0.00,$1.20,,,,
Oak View Elementary,5/14/2025,30014,Whole Wheat Dinner Roll(Each),120,0,120,80,74,3,77,$10.78,0,0.00%,$0.00,$10.78,3,3.75%,$0.42,$11.20,,,,
Oak View Elementary,5/14/2025,30024,Black Beans(1/2 Cup),0,0,0,24,20,0,20,$3.40,4,16.67%,$0.68,$4.08,0,0.00%,$0.00,$4.08,,,,
Oak View Elementary,5/14/2025,30044,Strawberry Flavored Dried Cranberries(Each),6,0,6,78,48,0,48,$11.52,0,0.00%,$0.00,$11.52,30,38.46%,$7.20,$18.72,,,,
Oak View Elementary,5/14/2025,30063,Ketchup Packet(Packet),400,0,400,400,200,0,200,$6.00,0,0.00%,$0.00,$6.00,200,50.00%,$6.00,$12.00,,,,
Oak View Elementary,5/14/2025,30064,Mayonnaise Packet(Packet),24,0,24,24,12,0,12,$1.20,0,0.00%,$0.00,$1.20,12,50.00%,$1.20,$2.40,,,,
Oak View Elementary,5/14/2025,30065,Mustard Packet(Packet),20,0,20,24,12,0,12,$0.60,0,0.00%,$0.00,$0.60,12,50.00%,$0.60,$1.20,,,,
Oak View Elementary,5/14/2025,30077,Italian Dressing(1 ounce),12,0,12,14,2,0,2,$0.16,0,0.00%,$0.00,$0.16,12,85.71%,$0.96,$1.12,,,,
Oak View Elementary,5/14/2025,30094,Doritos Wild White Nacho Flavored Tortilla Chips(Bag),0,0,0,100,95,0,95,$33.25,0,0.00%,$0.00,$33.25,5,5.00%,$1.75,$35.00,,,,
Oak View Elementary,5/14/2025,30097,Bottled Water(Bottle),20,0,20,30,24,0,24,$3.84,0,0.00%,$0.00,$3.84,6,20.00%,$0.96,$4.80,,,,
Oak View Elementary,5/14/2025,30107,Ranch Dressing(1 ounce),24,0,24,38,16,0,16,$1.76,0,0.00%,$0.00,$1.76,22,57.89%,$2.42,$4.18,,,,
Oak View Elementary,5/14/2025,30109,Smartfood RF White Cheddar Popcorn(Each),80,0,80,48,46,0,46,$17.02,1,2.08%,$0.37,$17.39,1,2.08%,$0.37,$17.76,,,,
Oak View Elementary,5/14/2025,60035,PB&J Power Pack(Power Packs),80,0,80,67,57,0,57,$61.56,0,0.00%,$0.00,$61.56,10,14.93%,$10.80,$72.36,,,,
Oak View Elementary,5/14/2025,60037,Strawberry & Banana Yogurt Power Pack(Power Packs),36,0,36,28,14,1,15,$12.00,0,0.00%,$0.00,$12.00,13,46.43%,$10.40,$22.40,,,,
Oak View Elementary,5/14/2025,60042,Beef Meatball Sub Sandwich(Sandwich),0,0,0,56,42,9,51,$65.28,5,8.93%,$6.40,$71.68,0,0.00%,$0.00,$71.68,,,,
Oak View Elementary,5/14/2025,60050,Chickenless Bites(2 Bites),120,0,120,136,130,3,133,$50.54,1,0.74%,$0.38,$50.92,2,1.47%,$0.76,$51.68,,,,
Oak View Elementary,5/14/2025,60064,Vegetable Dumpling(6 dumplings),0,0,0,16,14,1,15,$0.00,1,6.25%,$0.00,$0.00,0,0.00%,$0.00,$0.00,,,,
Oak View Elementary,5/14/2025,60077,Manager's Vegetable Choice(1/4 cup),72,0,72,69,57,0,57,$0.00,0,0.00%,$0.00,$0.00,12,17.39%,$0.00,$0.00,,,,
Oak View Elementary,5/14/2025,60100,Black Beans - salad bar entree(1/2 cup),0,0,0,6,3,0,3,$0.51,0,0.00%,$0.00,$0.51,3,50.00%,$0.51,$1.02,,,,
Oak View Elementary,5/14/2025,60150,Strawberry Parfait Power Pack(Power Pack),0,0,0,14,14,0,14,$22.82,0,0.00%,$0.00,$22.82,0,0.00%,$0.00,$22.82,,,,
Oakton Elementary,5/14/2025,10044,Soft Pretzel(1 pretzel),32,0,32,40,35,0,35,$7.70,0,0.00%,$0.00,$7.70,5,12.50%,$1.10,$8.80,,,,
Oakton Elementary,5/14/2025,10058,Chicken & Vegetable Dumplings(6 dumplings),200,0,200,125,125,0,125,$0.00,0,0.00%,$0.00,$0.00,0,0.00%,$0.00,$0.00,,,,
Oakton Elementary,5/14/2025,10062,Corn(1/2 cup (cooked)),0,0,0,64,51,0,51,$10.71,0,0.00%,$0.00,$10.71,13,20.31%,$2.73,$13.44,,,,
Oakton Elementary,5/14/2025,10070,Orange Sauce(ounce),125,0,125,125,125,0,125,$17.50,0,0.00%,$0.00,$17.50,0,0.00%,$0.00,$17.50,,,,
Oakton Elementary,5/14/2025,20001,1% White Milk(Each),119,0,119,100,75,0,75,$27.00,0,0.00%,$0.00,$27.00,25,25.00%,$9.00,$36.00,,,,
Oakton Elementary,5/14/2025,20002,Fat Free Chocolate Milk(Each),203,0,203,200,190,0,190,$66.50,0,0.00%,$0.00,$66.50,10,5.00%,$3.50,$70.00,,,,
Oakton Elementary,5/14/2025,20012,Grape Tomatoes(1/4 cup),0,0,0,74,63,0,63,$16.38,0,0.00%,$0.00,$16.38,11,14.86%,$2.86,$19.24,,,,
Oakton Elementary,5/14/2025,20016,String Cheese(Each),10,0,10,6,6,0,6,$1.32,0,0.00%,$0.00,$1.32,0,0.00%,$0.00,$1.32,,,,
Oakton Elementary,5/14/2025,20018,Red Seedless Grapes(16 grapes per 1/2 cup),0,0,0,98,87,0,87,$44.37,0,0.00%,$0.00,$44.37,11,11.22%,$5.61,$49.98,,,,
Oakton Elementary,5/14/2025,20028,Lettuce Blend Salad Mix(1/2 cup),65,0,65,111,103,0,103,$8.24,0,0.00%,$0.00,$8.24,8,7.21%,$0.64,$8.88,,,,
Oakton Elementary,5/14/2025,20031,Banana(Each),159,0,159,126,100,0,100,$21.00,0,0.00%,$0.00,$21.00,26,20.63%,$5.46,$26.46,,,,
Oakton Elementary,5/14/2025,20038,Fat Free White Milk(Each),21,0,21,50,20,0,20,$6.60,0,0.00%,$0.00,$6.60,30,60.00%,$9.90,$16.50,,,,
Oakton Elementary,5/14/2025,20052,Assorted  4 oz Yogurt(Container),10,0,10,11,11,0,11,$0.00,0,0.00%,$0.00,$0.00,0,0.00%,$0.00,$0.00,,,,
Oakton Elementary,5/14/2025,30008,Apple Juice(Each),40,0,40,50,50,0,50,$8.50,0,0.00%,$0.00,$8.50,0,0.00%,$0.00,$8.50,,,,
Oakton Elementary,5/14/2025,30009,Orange Tangerine Juice(Each),40,0,40,47,47,0,47,$7.99,0,0.00%,$0.00,$7.99,0,0.00%,$0.00,$7.99,,,,
Oakton Elementary,5/14/2025,30014,Whole Wheat Dinner Roll(Each),116,0,116,150,140,0,140,$19.60,10,6.67%,$1.40,$21.00,0,0.00%,$0.00,$21.00,,,,
Oakton Elementary,5/14/2025,30033,Cheez-Its Crackers(Package),0,0,0,32,32,0,32,$5.76,0,0.00%,$0.00,$5.76,0,0.00%,$0.00,$5.76,,,,
Oakton Elementary,5/14/2025,30041,Orange Flavored Dried Cranberries(2 Eaches),0,0,0,25,20,0,20,$9.60,0,0.00%,$0.00,$9.60,5,20.00%,$2.40,$12.00,,,,
Oakton Elementary,5/14/2025,30063,Ketchup Packet(Packet),231,0,231,50,50,0,50,$1.50,0,0.00%,$0.00,$1.50,0,0.00%,$0.00,$1.50,,,,
Oakton Elementary,5/14/2025,30065,Mustard Packet(Packet),21,0,21,25,25,0,25,$1.25,0,0.00%,$0.00,$1.25,0,0.00%,$0.00,$1.25,,,,
Oakton Elementary,5/14/2025,30077,Italian Dressing(1 ounce),33,0,33,35,35,0,35,$2.80,0,0.00%,$0.00,$2.80,0,0.00%,$0.00,$2.80,,,,
Oakton Elementary,5/14/2025,30097,Bottled Water(Bottle),10,0,10,9,9,0,9,$1.44,0,0.00%,$0.00,$1.44,0,0.00%,$0.00,$1.44,,,,
Oakton Elementary,5/14/2025,30099,Chickpeas(1/4 cup),17,0,17,20,14,0,14,$1.26,0,0.00%,$0.00,$1.26,6,30.00%,$0.54,$1.80,,,,
Oakton Elementary,5/14/2025,30107,Ranch Dressing(1 ounce),99,0,99,50,50,0,50,$5.50,0,0.00%,$0.00,$5.50,0,0.00%,$0.00,$5.50,,,,
Oakton Elementary,5/14/2025,60035,PB&J Power Pack(Power Packs),78,0,78,63,60,0,60,$64.80,0,0.00%,$0.00,$64.80,3,4.76%,$3.24,$68.04,,,,
Oakton Elementary,5/14/2025,60038,Peach Yogurt Power Pack(Power Packs),49,0,49,15,13,0,13,$10.40,0,0.00%,$0.00,$10.40,2,13.33%,$1.60,$12.00,,,,
Oakton Elementary,5/14/2025,60050,Chickenless Bites(2 Bites),116,0,116,172,161,0,161,$61.18,11,6.40%,$4.18,$65.36,0,0.00%,$0.00,$65.36,,,,
Oakton Elementary,5/14/2025,60077,Manager's Vegetable Choice(1/4 cup),97,0,97,97,84,0,84,$0.00,0,0.00%,$0.00,$0.00,13,13.40%,$0.00,$0.00,,,,
Oakton Elementary,5/14/2025,60101,Chickpeas - salad bar entree(1/2 cup),14,0,14,15,15,0,15,$2.70,0,0.00%,$0.00,$2.70,0,0.00%,$0.00,$2.70,,,,
Oakton High,5/14/2025,10013,"Patty, Chicken, Spicy, Breaded(2 strips)",150,0,150,246,172,2,174,$62.64,0,0.00%,$0.00,$62.64,72,29.27%,$25.92,$88.56,,,,
Oakton High,5/14/2025,10026,Chickenless Bites(2 Bites),0,0,0,44,20,0,20,$7.20,0,0.00%,$0.00,$7.20,24,54.55%,$8.64,$15.84,,,,
Oakton High,5/14/2025,10033,Chocolate Chip Cookie(Cookie),350,0,350,315,313,0,313,$84.51,2,0.63%,$0.54,$85.05,0,0.00%,$0.00,$85.05,,,,
Oakton High,5/14/2025,10044,Soft Pretzel(1 pretzel),2,0,2,32,23,0,23,$5.06,0,0.00%,$0.00,$5.06,9,28.13%,$1.98,$7.04,,,,
Oakton High,5/14/2025,10049,"WG 10"" Flour Tortilla(Tortilla)",70,0,70,102,88,0,88,$30.80,2,1.96%,$0.70,$31.50,12,11.76%,$4.20,$35.70,,,,
Oakton High,5/14/2025,10051,"Turkey,  Breast, Pre-Sliced, Oven Roasted(3 Slices)",0,0,0,47,26,4,30,$16.20,1,2.13%,$0.54,$16.74,16,34.04%,$8.64,$25.38,,,,
Oakton High,5/14/2025,10062,Corn(2 Tablespoons (thawed)),25,0,25,25,15,0,15,$0.75,0,0.00%,$0.00,$0.75,10,40.00%,$0.50,$1.25,,,,
Oakton High,5/14/2025,10070,Orange Sauce(ounce),36,0,36,50,30,0,30,$4.20,0,0.00%,$0.00,$4.20,20,40.00%,$2.80,$7.00,,,,
Oakton High,5/14/2025,20001,1% White Milk(Each),44,0,44,147,42,0,42,$15.12,0,0.00%,$0.00,$15.12,105,71.43%,$37.80,$52.92,,,,
Oakton High,5/14/2025,20002,Fat Free Chocolate Milk(Each),330,0,330,467,301,0,301,$105.35,0,0.00%,$0.00,$105.35,166,35.55%,$58.10,$163.45,,,,
Oakton High,5/14/2025,20008,Apple Slices(3 slices per 1/4 cup),0,0,0,2,2,0,2,$1.18,0,0.00%,$0.00,$1.18,0,0.00%,$0.00,$1.18,,,,
Oakton High,5/14/2025,20008,Apple Slices(6 Slices per 1/2 cup),97,0,97,15,15,0,15,$17.70,0,0.00%,$0.00,$17.70,0,0.00%,$0.00,$17.70,,,,
Oakton High,5/14/2025,20012,Grape Tomatoes(2 Tablespoons),25,0,25,25,15,0,15,$1.50,0,0.00%,$0.00,$1.50,10,40.00%,$1.00,$2.50,,,,
Oakton High,5/14/2025,20014,Red Delicious Apple(Each - serving),0,0,0,59,33,0,33,$10.89,0,0.00%,$0.00,$10.89,26,44.07%,$8.58,$19.47,,,,
Oakton High,5/14/2025,20016,String Cheese(Each),20,0,20,10,8,0,8,$1.76,0,0.00%,$0.00,$1.76,2,20.00%,$0.44,$2.20,,,,
Oakton High,5/14/2025,20023,Baby Carrots(6 Baby Carrots per 1/2 cup),0,0,0,188,94,0,94,$15.98,0,0.00%,$0.00,$15.98,94,50.00%,$15.98,$31.96,,,,
Oakton High,5/14/2025,20027,Broccoli Florets(6 Pieces per 1/2 cup),44,0,44,79,44,0,44,$6.60,0,0.00%,$0.00,$6.60,35,44.30%,$5.25,$11.85,,,,
Oakton High,5/14/2025,20028,Lettuce Blend Salad Mix(1/2 cup),344,0,344,500,450,0,450,$36.00,0,0.00%,$0.00,$36.00,50,10.00%,$4.00,$40.00,,,,
Oakton High,5/14/2025,20031,Banana(Each),99,0,99,154,123,0,123,$25.83,0,0.00%,$0.00,$25.83,31,20.13%,$6.51,$32.34,,,,
Oakton High,5/14/2025,20035,"Onions, Red, Whole(2 Tablespoons (sliced))",25,0,25,25,10,0,10,$0.30,0,0.00%,$0.00,$0.30,15,60.00%,$0.45,$0.75,,,,
Oakton High,5/14/2025,20038,Fat Free White Milk(Each),28,0,28,98,29,0,29,$9.57,0,0.00%,$0.00,$9.57,69,70.41%,$22.77,$32.34,,,,
Oakton High,5/14/2025,20040,Cucumber Slices(2 Tablespoon),25,0,25,25,15,0,15,$0.45,0,0.00%,$0.00,$0.45,10,40.00%,$0.30,$0.75,,,,
Oakton High,5/14/2025,20040,Cucumber Slices(6 Slices per 1/2 cup),0,0,0,80,60,0,60,$7.20,0,0.00%,$0.00,$7.20,20,25.00%,$2.40,$9.60,,,,
Oakton High,5/14/2025,20042,"Peppers, Red, Whole(2 Tablespoons)",25,0,25,25,13,0,13,$0.65,0,0.00%,$0.00,$0.65,12,48.00%,$0.60,$1.25,,,,
Oakton High,5/14/2025,20052,Assorted  4 oz Yogurt(Container),25,0,25,25,23,0,23,$0.00,0,0.00%,$0.00,$0.00,2,8.00%,$0.00,$0.00,,,,
Oakton High,5/14/2025,30002,Sub Roll(Sub Roll),15,0,15,24,24,0,24,$7.44,0,0.00%,$0.00,$7.44,0,0.00%,$0.00,$7.44,,,,
Oakton High,5/14/2025,30008,Apple Juice(Each),40,0,40,74,34,0,34,$5.78,0,0.00%,$0.00,$5.78,40,54.05%,$6.80,$12.58,,,,
Oakton High,5/14/2025,30009,Orange Tangerine Juice(Each),10,0,10,50,7,0,7,$1.19,0,0.00%,$0.00,$1.19,43,86.00%,$7.31,$8.50,,,,
Oakton High,5/14/2025,30014,Whole Wheat Dinner Roll(2 rolls),0,0,0,300,258,0,258,$72.24,0,0.00%,$0.00,$72.24,42,14.00%,$11.76,$84.00,,,,
Oakton High,5/14/2025,30033,Cheez-Its Crackers(Package),15,0,15,8,5,0,5,$0.90,0,0.00%,$0.00,$0.90,3,37.50%,$0.54,$1.44,,,,
Oakton High,5/14/2025,30041,Orange Flavored Dried Cranberries(Each),0,0,0,50,30,0,30,$7.20,0,0.00%,$0.00,$7.20,20,40.00%,$4.80,$12.00,,,,
Oakton High,5/14/2025,30043,Raspberry Lemonade Flavored Dried Cranberries(Each),20,0,20,200,44,0,44,$10.56,0,0.00%,$0.00,$10.56,156,78.00%,$37.44,$48.00,,,,
Oakton High,5/14/2025,30044,Strawberry Flavored Dried Cranberries(Each),20,0,20,92,88,0,88,$21.12,0,0.00%,$0.00,$21.12,4,4.35%,$0.96,$22.08,,,,
Oakton High,5/14/2025,30061,Chilled Mandarin Oranges(1/2 cup (drained)),176,0,176,217,207,0,207,$70.38,0,0.00%,$0.00,$70.38,10,4.61%,$3.40,$73.78,,,,
Oakton High,5/14/2025,30063,Ketchup Packet(Packet),500,0,500,500,475,0,475,$14.25,0,0.00%,$0.00,$14.25,25,5.00%,$0.75,$15.00,,,,
Oakton High,5/14/2025,30064,Mayonnaise Packet(Packet),120,0,120,180,165,0,165,$16.50,0,0.00%,$0.00,$16.50,15,8.33%,$1.50,$18.00,,,,
Oakton High,5/14/2025,30065,Mustard Packet(Packet),45,0,45,80,65,0,65,$3.25,0,0.00%,$0.00,$3.25,15,18.75%,$0.75,$4.00,,,,
Oakton High,5/14/2025,30077,Italian Dressing(1 ounce),3,0,3,84,30,0,30,$2.40,0,0.00%,$0.00,$2.40,54,64.29%,$4.32,$6.72,,,,
Oakton High,5/14/2025,30078,"Sauce, BBQ, HFCS-Free, Bulk, Low-Sodium(2 TBSP)",24,0,24,72,24,0,24,$2.40,0,0.00%,$0.00,$2.40,48,66.67%,$4.80,$7.20,,,,
Oakton High,5/14/2025,30097,Bottled Water(Bottle),150,0,150,120,102,0,102,$16.32,0,0.00%,$0.00,$16.32,18,15.00%,$2.88,$19.20,,,,
Oakton High,5/14/2025,30107,Ranch Dressing(1 ounce),167,0,167,216,156,0,156,$17.16,0,0.00%,$0.00,$17.16,60,27.78%,$6.60,$23.76,,,,
Oakton High,5/14/2025,30109,Smartfood RF White Cheddar Popcorn(Each),15,0,15,25,22,0,22,$8.14,0,0.00%,$0.00,$8.14,3,12.00%,$1.11,$9.25,,,,
Oakton High,5/14/2025,30110,Doritos Flamas(Each),36,0,36,87,49,0,49,$18.13,0,0.00%,$0.00,$18.13,38,43.68%,$14.06,$32.19,,,,
Oakton High,5/14/2025,30111,Doritos RF Spicy Sweet Chili(Each),20,0,20,24,15,0,15,$5.55,0,0.00%,$0.00,$5.55,9,37.50%,$3.33,$8.88,,,,
Oakton High,5/14/2025,30113,Cool Ranch Reduced Fat Doritos(Each),20,0,20,23,4,0,4,$1.48,0,0.00%,$0.00,$1.48,19,82.61%,$7.03,$8.51,,,,
Oakton High,5/14/2025,30114,SS Baked Cheetos Flaming Hot(Each),36,0,36,46,46,0,46,$24.38,0,0.00%,$0.00,$24.38,0,0.00%,$0.00,$24.38,,,,
Oakton High,5/14/2025,30117,WG Baked Funyuns(Each),20,0,20,31,10,0,10,$3.60,6,19.35%,$2.16,$5.76,15,48.39%,$5.40,$11.16,,,,
Oakton High,5/14/2025,30118,Kettle Cooked Smoky BBQ Chips(Each),40,0,40,24,19,0,19,$11.40,0,0.00%,$0.00,$11.40,5,20.83%,$3.00,$14.40,,,,
Oakton High,5/14/2025,30119,RF Kettle Chips Jalapeno & Cheddar Chips(Each),60,0,60,31,31,0,31,$18.60,0,0.00%,$0.00,$18.60,0,0.00%,$0.00,$18.60,,,,
Oakton High,5/14/2025,30120,RF Kettle Chips Sea Salt & Vinegar Chips(Each),60,0,60,73,38,0,38,$22.80,1,1.37%,$0.60,$23.40,34,46.58%,$20.40,$43.80,,,,
Oakton High,5/14/2025,30121,Kellogg’s W/G Rice Krispies Treats(Each),20,0,20,24,19,0,19,$14.06,0,0.00%,$0.00,$14.06,5,20.83%,$3.70,$17.76,,,,
Oakton High,5/14/2025,30122,WG Chocolate Chip Rice Krispy Treats(Each),40,0,40,53,18,0,18,$10.80,0,0.00%,$0.00,$10.80,35,66.04%,$21.00,$31.80,,,,
Oakton High,5/14/2025,30124,"Fruit Snacks, Welch's Mixed(Each)",50,0,50,46,30,0,30,$12.00,2,4.35%,$0.80,$12.80,14,30.43%,$5.60,$18.40,,,,
Oakton High,5/14/2025,30160,Lay's RF Kettle Original Chips(Each),20,0,20,48,20,0,20,$12.00,0,0.00%,$0.00,$12.00,28,58.33%,$16.80,$28.80,,,,
Oakton High,5/14/2025,60035,PB&J Power Pack(Power Packs),178,0,178,387,142,1,143,$154.44,0,0.00%,$0.00,$154.44,244,63.05%,$263.52,$417.96,,,,
Oakton High,5/14/2025,60038,Peach Yogurt Power Pack(Power Packs),3,0,3,5,4,1,5,$4.00,0,0.00%,$0.00,$4.00,0,0.00%,$0.00,$4.00,,,,
Oakton High,5/14/2025,60040,Grilled Cheese Sandwich(Sandwich),60,0,60,34,32,0,32,$13.44,0,0.00%,$0.00,$13.44,2,5.88%,$0.84,$14.28,,,,
Oakton High,5/14/2025,60050,Chickenless Bites(4 Bites),240,0,240,344,253,5,258,$196.08,0,0.00%,$0.00,$196.08,86,25.00%,$65.36,$261.44,,,,
Oakton High,5/14/2025,60064,Vegetable Dumpling(6 dumplings),0,0,0,64,39,1,40,$0.00,0,0.00%,$0.00,$0.00,24,37.50%,$0.00,$0.00,,,,
Oakton High,5/14/2025,60078,Nachos with Turkey Barbacoa and Cheese Sauce(Serving),0,0,0,290,287,1,288,$383.04,0,0.00%,$0.00,$383.04,2,0.69%,$2.66,$385.70,,,,
Oakton High,5/14/2025,60124,Nachos with Cheese Sauce(Serving),0,0,0,50,48,2,50,$38.50,0,0.00%,$0.00,$38.50,0,0.00%,$0.00,$38.50,,,,
Olde Creek Elementary,5/14/2025,10044,Soft Pretzel(1 pretzel),14,0,14,11,0,7,7,$0.00,4,36.36%,$0.00,$0.00,0,0.00%,$0.00,$0.00,,,,
Olde Creek Elementary,5/14/2025,10058,Chicken & Vegetable Dumplings(6 dumplings),64,0,64,8,8,0,8,$0.00,0,0.00%,$0.00,$0.00,0,0.00%,$0.00,$0.00,,,,
Olde Creek Elementary,5/14/2025,10070,Orange Sauce(ounce),64,0,64,8,8,0,8,$1.12,0,0.00%,$0.00,$1.12,0,0.00%,$0.00,$1.12,,,,
Olde Creek Elementary,5/14/2025,20001,1% White Milk(Each),40,0,40,40,29,0,29,$10.44,0,0.00%,$0.00,$10.44,11,27.50%,$3.96,$14.40,,,,
Olde Creek Elementary,5/14/2025,20002,Fat Free Chocolate Milk(Each),130,0,130,132,104,12,116,$40.60,0,0.00%,$0.00,$40.60,16,12.12%,$5.60,$46.20,,,,
Olde Creek Elementary,5/14/2025,20014,Red Delicious Apple(Each - serving),0,0,0,80,70,0,70,$23.10,0,0.00%,$0.00,$23.10,10,12.50%,$3.30,$26.40,,,,
Olde Creek Elementary,5/14/2025,20016,String Cheese(Each),2,0,2,2,0,1,1,$0.00,0,0.00%,$0.00,$0.00,1,50.00%,$0.00,$0.00,,,,
Olde Creek Elementary,5/14/2025,20018,Red Seedless Grapes(16 grapes per 1/2 cup),110,0,110,110,105,0,105,$53.55,5,4.55%,$2.55,$56.10,0,0.00%,$0.00,$56.10,,,,
Olde Creek Elementary,5/14/2025,20027,Broccoli Florets(6 Pieces per 1/2 cup),63,0,63,63,61,0,61,$9.15,2,3.17%,$0.30,$9.45,0,0.00%,$0.00,$9.45,,,,
Olde Creek Elementary,5/14/2025,20028,Lettuce Blend Salad Mix(1 cup),60,0,60,60,59,0,59,$9.44,1,1.67%,$0.16,$9.60,0,0.00%,$0.00,$9.60,,,,
Olde Creek Elementary,5/14/2025,20038,Fat Free White Milk(Each),15,0,15,10,6,0,6,$1.98,0,0.00%,$0.00,$1.98,4,40.00%,$1.32,$3.30,,,,
Olde Creek Elementary,5/14/2025,20040,Cucumber Slices(6 Slices per 1/2 cup),0,0,0,23,22,0,22,$2.64,1,4.35%,$0.12,$2.76,0,0.00%,$0.00,$2.76,,,,
Olde Creek Elementary,5/14/2025,20052,Assorted  4 oz Yogurt(Container),2,0,2,3,0,2,2,$0.00,0,0.00%,$0.00,$0.00,1,33.33%,$0.00,$0.00,,,,
Olde Creek Elementary,5/14/2025,20076,"Peppers, green, pre-sliced(1/2 cup sliced)",0,0,0,35,31,0,31,$9.30,4,11.43%,$1.20,$10.50,0,0.00%,$0.00,$10.50,,,,
Olde Creek Elementary,5/14/2025,30008,Apple Juice(Each),20,0,20,26,0,25,25,$0.00,0,0.00%,$0.00,$0.00,1,3.85%,$0.00,$0.00,,,,
Olde Creek Elementary,5/14/2025,30009,Orange Tangerine Juice(Each),10,0,10,10,0,9,9,$0.00,0,0.00%,$0.00,$0.00,1,10.00%,$0.00,$0.00,,,,
Olde Creek Elementary,5/14/2025,30014,Whole Wheat Dinner Roll(2 rolls),0,0,0,9,0,9,9,$0.00,0,0.00%,$0.00,$0.00,0,0.00%,$0.00,$0.00,,,,
Olde Creek Elementary,5/14/2025,30014,Whole Wheat Dinner Roll(Each),60,0,60,61,58,0,58,$8.12,3,4.92%,$0.42,$8.54,0,0.00%,$0.00,$8.54,,,,
Olde Creek Elementary,5/14/2025,30031,Strawberry Chex Mix(Package),20,0,20,22,0,21,21,$0.00,0,0.00%,$0.00,$0.00,1,4.55%,$0.00,$0.00,,,,
Olde Creek Elementary,5/14/2025,30039,Cherry Flavored Dried Cranberries(Each),60,0,60,60,58,0,58,$13.92,0,0.00%,$0.00,$13.92,2,3.33%,$0.48,$14.40,,,,
Olde Creek Elementary,5/14/2025,30063,Ketchup Packet(Packet),80,0,80,80,60,0,60,$1.80,0,0.00%,$0.00,$1.80,20,25.00%,$0.60,$2.40,,,,
Olde Creek Elementary,5/14/2025,30064,Mayonnaise Packet(Packet),30,0,30,20,15,0,15,$1.50,0,0.00%,$0.00,$1.50,5,25.00%,$0.50,$2.00,,,,
Olde Creek Elementary,5/14/2025,30065,Mustard Packet(Packet),30,0,30,20,15,0,15,$0.75,0,0.00%,$0.00,$0.75,5,25.00%,$0.25,$1.00,,,,
Olde Creek Elementary,5/14/2025,30077,Italian Dressing(1 ounce),24,0,24,24,16,0,16,$1.28,0,0.00%,$0.00,$1.28,8,33.33%,$0.64,$1.92,,,,
Olde Creek Elementary,5/14/2025,30078,"Sauce, BBQ, HFCS-Free, Bulk, Low-Sodium(2 TBSP)",40,0,40,40,32,0,32,$3.20,0,0.00%,$0.00,$3.20,8,20.00%,$0.80,$4.00,,,,
Olde Creek Elementary,5/14/2025,30097,Bottled Water(Bottle),15,0,15,20,0,17,17,$0.00,1,5.00%,$0.00,$0.00,2,10.00%,$0.00,$0.00,,,,
Olde Creek Elementary,5/14/2025,30099,Chickpeas(1/4 cup),20,0,20,20,16,0,16,$1.44,4,20.00%,$0.36,$1.80,0,0.00%,$0.00,$1.80,,,,
Olde Creek Elementary,5/14/2025,30107,Ranch Dressing(1 ounce),36,0,36,36,28,0,28,$3.08,0,0.00%,$0.00,$3.08,8,22.22%,$0.88,$3.96,,,,
Olde Creek Elementary,5/14/2025,30184,"Milk, Soy, Vanilla (24/8 oz)(each)",2,0,2,2,1,0,1,$1.02,0,0.00%,$0.00,$1.02,1,50.00%,$1.02,$2.04,,,,
Olde Creek Elementary,5/14/2025,60035,PB&J Power Pack(Power Packs),65,0,65,56,49,4,53,$57.24,0,0.00%,$0.00,$57.24,3,5.36%,$3.24,$60.48,,,,
Olde Creek Elementary,5/14/2025,60037,Strawberry & Banana Yogurt Power Pack(Power Packs),15,0,15,12,8,2,10,$8.00,0,0.00%,$0.00,$8.00,2,16.67%,$1.60,$9.60,,,,
Olde Creek Elementary,5/14/2025,60040,Grilled Cheese Sandwich(Sandwich),0,0,0,24,21,2,23,$9.66,1,4.17%,$0.42,$10.08,0,0.00%,$0.00,$10.08,,,,
Olde Creek Elementary,5/14/2025,60050,Chickenless Bites(2 Bites),0,0,0,9,0,9,9,$0.00,0,0.00%,$0.00,$0.00,0,0.00%,$0.00,$0.00,,,,
Olde Creek Elementary,5/14/2025,60050,Chickenless Bites(4 Bites),60,0,60,61,58,0,58,$44.08,3,4.92%,$2.28,$46.36,0,0.00%,$0.00,$46.36,,,,
Olde Creek Elementary,5/14/2025,60101,Chickpeas - salad bar entree(1/2 cup),4,0,4,4,0,0,0,$0.00,4,100.00%,$0.00,$0.00,0,0.00%,$0.00,$0.00,,,,
Olde Creek Elementary,5/14/2025,60143,Nachos w/Shredded Chicken and Cheese Sauce(Serving Size),0,0,0,2,1,0,1,$0.91,1,50.00%,$0.91,$1.82,0,0.00%,$0.00,$1.82,,,,
Olde Creek Elementary,5/14/2025,60148,Turkey Barbacoa Arepa(1 Arepa + #10 scoop of turkey barbacoa),0,0,0,14,11,2,13,$18.72,1,7.14%,$1.44,$20.16,0,0.00%,$0.00,$20.16,,,,
Olde Creek Elementary,5/14/2025,60999,Fish Tacos(2 Tacos),0,0,0,37,22,6,28,$28.28,1,2.70%,$1.01,$29.29,8,21.62%,$8.08,$37.37,,,,
Orange Hunt Elementary,5/14/2025,10033,Chocolate Chip Cookie(1/2 Cookie),0,0,0,30,28,0,28,$3.92,0,0.00%,$0.00,$3.92,2,6.67%,$0.28,$4.20,,,,
Orange Hunt Elementary,5/14/2025,10044,Soft Pretzel(1 pretzel),92,0,92,75,69,0,69,$15.18,0,0.00%,$0.00,$15.18,6,8.00%,$1.32,$16.50,,,,
Orange Hunt Elementary,5/14/2025,10070,Orange Sauce(ounce),80,0,80,82,78,2,80,$11.20,0,0.00%,$0.00,$11.20,2,2.44%,$0.28,$11.48,,,,
Orange Hunt Elementary,5/14/2025,20001,1% White Milk(Each),12,0,12,10,8,0,8,$2.88,0,0.00%,$0.00,$2.88,2,20.00%,$0.72,$3.60,,,,
Orange Hunt Elementary,5/14/2025,20002,Fat Free Chocolate Milk(Each),250,0,250,225,223,0,223,$78.05,0,0.00%,$0.00,$78.05,2,0.89%,$0.70,$78.75,,,,
Orange Hunt Elementary,5/14/2025,20016,String Cheese(Each),2,0,2,2,0,0,0,$0.00,0,0.00%,$0.00,$0.00,2,100.00%,$0.00,$0.00,,,,
Orange Hunt Elementary,5/14/2025,20018,Red Seedless Grapes(16 grapes per 1/2 cup),0,0,0,60,57,0,57,$29.07,0,0.00%,$0.00,$29.07,3,5.00%,$1.53,$30.60,,,,
Orange Hunt Elementary,5/14/2025,20023,Baby Carrots(3 baby carrots per 1/4 cup),0,0,0,60,57,0,57,$5.13,0,0.00%,$0.00,$5.13,3,5.00%,$0.27,$5.40,,,,
Orange Hunt Elementary,5/14/2025,20028,Lettuce Blend Salad Mix(1/2 cup),140,0,140,140,136,0,136,$10.88,0,0.00%,$0.00,$10.88,4,2.86%,$0.32,$11.20,,,,
Orange Hunt Elementary,5/14/2025,20031,Banana(Each),78,0,78,80,80,0,80,$16.80,0,0.00%,$0.00,$16.80,0,0.00%,$0.00,$16.80,,,,
Orange Hunt Elementary,5/14/2025,20038,Fat Free White Milk(Each),8,0,8,15,13,0,13,$4.29,0,0.00%,$0.00,$4.29,2,13.33%,$0.66,$4.95,,,,
Orange Hunt Elementary,5/14/2025,20052,Assorted  4 oz Yogurt(Container),2,0,2,2,0,0,0,$0.00,0,0.00%,$0.00,$0.00,2,100.00%,$0.00,$0.00,,,,
Orange Hunt Elementary,5/14/2025,20074,"Apple Slices(3 slices, 1/4 cup)",0,0,0,80,77,0,77,$13.86,0,0.00%,$0.00,$13.86,3,3.75%,$0.54,$14.40,,,,
Orange Hunt Elementary,5/14/2025,20076,"Peppers, green, pre-sliced(1/2 cup sliced)",0,0,0,50,45,0,45,$13.50,0,0.00%,$0.00,$13.50,5,10.00%,$1.50,$15.00,,,,
Orange Hunt Elementary,5/14/2025,30008,Apple Juice(Each),2,0,2,2,0,0,0,$0.00,0,0.00%,$0.00,$0.00,2,100.00%,$0.00,$0.00,,,,
Orange Hunt Elementary,5/14/2025,30009,Orange Tangerine Juice(Each),2,0,2,2,0,0,0,$0.00,0,0.00%,$0.00,$0.00,2,100.00%,$0.00,$0.00,,,,
Orange Hunt Elementary,5/14/2025,30014,Whole Wheat Dinner Roll(Each),150,0,150,155,146,3,149,$20.86,0,0.00%,$0.00,$20.86,6,3.87%,$0.84,$21.70,,,,
Orange Hunt Elementary,5/14/2025,30031,Strawberry Chex Mix(Package),20,0,20,42,41,0,41,$18.45,0,0.00%,$0.00,$18.45,1,2.38%,$0.45,$18.90,,,,
Orange Hunt Elementary,5/14/2025,30033,Cheez-Its Crackers(Package),0,0,0,15,15,0,15,$2.70,0,0.00%,$0.00,$2.70,0,0.00%,$0.00,$2.70,,,,
Orange Hunt Elementary,5/14/2025,30041,Orange Flavored Dried Cranberries(Each),12,0,12,30,28,0,28,$6.72,0,0.00%,$0.00,$6.72,2,6.67%,$0.48,$7.20,,,,
Orange Hunt Elementary,5/14/2025,30063,Ketchup Packet(Packet),47,0,47,24,22,0,22,$0.66,0,0.00%,$0.00,$0.66,2,8.33%,$0.06,$0.72,,,,
Orange Hunt Elementary,5/14/2025,30077,Italian Dressing(1 ounce),22,0,22,24,22,0,22,$1.76,0,0.00%,$0.00,$1.76,2,8.33%,$0.16,$1.92,,,,
Orange Hunt Elementary,5/14/2025,30094,Doritos Wild White Nacho Flavored Tortilla Chips(Bag),0,0,0,144,144,0,144,$50.40,0,0.00%,$0.00,$50.40,0,0.00%,$0.00,$50.40,,,,
Orange Hunt Elementary,5/14/2025,30097,Bottled Water(Bottle),40,0,40,45,42,0,42,$6.72,0,0.00%,$0.00,$6.72,3,6.67%,$0.48,$7.20,,,,
Orange Hunt Elementary,5/14/2025,30099,Chickpeas(1/4 cup),20,0,20,50,46,0,46,$4.14,0,0.00%,$0.00,$4.14,4,8.00%,$0.36,$4.50,,,,
Orange Hunt Elementary,5/14/2025,30107,Ranch Dressing(1 ounce),38,0,38,36,34,0,34,$3.74,0,0.00%,$0.00,$3.74,2,5.56%,$0.22,$3.96,,,,
Orange Hunt Elementary,5/14/2025,60035,PB&J Power Pack(Power Packs),84,0,84,85,83,0,83,$89.64,0,0.00%,$0.00,$89.64,2,2.35%,$2.16,$91.80,,,,
Orange Hunt Elementary,5/14/2025,60036,Cherry Vanilla Yogurt Power Pack(Power Packs),12,0,12,9,8,0,8,$6.40,0,0.00%,$0.00,$6.40,1,11.11%,$0.80,$7.20,,,,
Orange Hunt Elementary,5/14/2025,60037,Strawberry & Banana Yogurt Power Pack(Power Packs),11,0,11,9,7,0,7,$5.60,0,0.00%,$0.00,$5.60,2,22.22%,$1.60,$7.20,,,,
Orange Hunt Elementary,5/14/2025,60038,Peach Yogurt Power Pack(Power Packs),12,0,12,9,8,0,8,$6.40,0,0.00%,$0.00,$6.40,1,11.11%,$0.80,$7.20,,,,
Orange Hunt Elementary,5/14/2025,60050,Chickenless Bites(2 Bites),150,0,150,155,146,3,149,$56.62,0,0.00%,$0.00,$56.62,6,3.87%,$2.28,$58.90,,,,
Orange Hunt Elementary,5/14/2025,60064,Vegetable Dumpling(6 dumplings),0,0,0,82,78,2,80,$0.00,0,0.00%,$0.00,$0.00,2,2.44%,$0.00,$0.00,,,,
Orange Hunt Elementary,5/14/2025,60093,Chicken Alfredo Pasta(1 cup),0,0,0,42,41,0,41,$31.98,0,0.00%,$0.00,$31.98,1,2.38%,$0.78,$32.76,,,,
Orange Hunt Elementary,5/14/2025,60101,Chickpeas - salad bar entree(1/2 cup),2,0,2,5,0,0,0,$0.00,0,0.00%,$0.00,$0.00,5,100.00%,$0.00,$0.00,,,,
Parklawn Elementary,5/14/2025,10044,Soft Pretzel(1 pretzel),5,0,5,5,3,0,3,$0.66,0,0.00%,$0.00,$0.66,2,40.00%,$0.44,$1.10,,,,
Parklawn Elementary,5/14/2025,10062,Corn(1/2 cup (cooked)),0,0,0,160,160,0,160,$33.60,0,0.00%,$0.00,$33.60,0,0.00%,$0.00,$33.60,,,,
Parklawn Elementary,5/14/2025,10069,Bean and Cheese Pupusa(Pupusa),0,0,0,5,5,0,5,$7.50,0,0.00%,$0.00,$7.50,0,0.00%,$0.00,$7.50,,,,
Parklawn Elementary,5/14/2025,20001,1% White Milk(Each),117,0,117,282,150,0,150,$54.00,0,0.00%,$0.00,$54.00,132,46.81%,$47.52,$101.52,,,,
Parklawn Elementary,5/14/2025,20002,Fat Free Chocolate Milk(Each),437,0,437,656,472,0,472,$165.20,0,0.00%,$0.00,$165.20,184,28.05%,$64.40,$229.60,,,,
Parklawn Elementary,5/14/2025,20012,Grape Tomatoes(1/4 cup),0,0,0,144,72,0,72,$18.72,0,0.00%,$0.00,$18.72,72,50.00%,$18.72,$37.44,,,,
Parklawn Elementary,5/14/2025,20014,Red Delicious Apple(Each - serving),34,0,34,89,89,0,89,$29.37,0,0.00%,$0.00,$29.37,0,0.00%,$0.00,$29.37,,,,
Parklawn Elementary,5/14/2025,20016,String Cheese(Each),0,0,0,0,0,0,0,$0.00,0,0.00%,$0.00,$0.00,0,0.00%,$0.00,$0.00,,,,
Parklawn Elementary,5/14/2025,20023,Baby Carrots(3 baby carrots per 1/4 cup),0,0,0,195,82,0,82,$7.38,0,0.00%,$0.00,$7.38,113,57.95%,$10.17,$17.55,,,,
Parklawn Elementary,5/14/2025,20028,Lettuce Blend Salad Mix(1/2 cup),298,0,298,320,307,0,307,$24.56,13,4.06%,$1.04,$25.60,0,0.00%,$0.00,$25.60,,,,
Parklawn Elementary,5/14/2025,20031,Banana(Each),0,0,0,428,428,0,428,$89.88,0,0.00%,$0.00,$89.88,0,0.00%,$0.00,$89.88,,,,
Parklawn Elementary,5/14/2025,20036,Celery Sticks(1/2 cup),0,0,0,48,48,0,48,$26.40,0,0.00%,$0.00,$26.40,0,0.00%,$0.00,$26.40,,,,
Parklawn Elementary,5/14/2025,20038,Fat Free White Milk(Each),52,0,52,109,13,0,13,$4.29,0,0.00%,$0.00,$4.29,96,88.07%,$31.68,$35.97,,,,
Parklawn Elementary,5/14/2025,20040,Cucumber Slices(1/4 cup),0,0,0,105,105,0,105,$6.30,0,0.00%,$0.00,$6.30,0,0.00%,$0.00,$6.30,,,,
Parklawn Elementary,5/14/2025,20040,Cucumber Slices(6 Slices per 1/2 cup),33,0,33,34,34,0,34,$4.08,0,0.00%,$0.00,$4.08,0,0.00%,$0.00,$4.08,,,,
Parklawn Elementary,5/14/2025,20047,Orange Slices(3 slices per 1/4 cup),0,0,0,816,782,0,782,$156.40,0,0.00%,$0.00,$156.40,34,4.17%,$6.80,$163.20,,,,
Parklawn Elementary,5/14/2025,20052,Assorted  4 oz Yogurt(Container),0,0,0,0,0,0,0,$0.00,0,0.00%,$0.00,$0.00,0,0.00%,$0.00,$0.00,,,,
Parklawn Elementary,5/14/2025,30008,Apple Juice(Each),0,0,0,0,0,0,0,$0.00,0,0.00%,$0.00,$0.00,0,0.00%,$0.00,$0.00,,,,
Parklawn Elementary,5/14/2025,30009,Orange Tangerine Juice(Each),0,0,0,0,0,0,0,$0.00,0,0.00%,$0.00,$0.00,0,0.00%,$0.00,$0.00,,,,
Parklawn Elementary,5/14/2025,30014,Whole Wheat Dinner Roll(Each),383,0,383,208,208,0,208,$29.12,0,0.00%,$0.00,$29.12,0,0.00%,$0.00,$29.12,,,,
Parklawn Elementary,5/14/2025,30020,Applesauce(1/2 Cup),34,0,34,34,34,0,34,$7.14,0,0.00%,$0.00,$7.14,0,0.00%,$0.00,$7.14,,,,
Parklawn Elementary,5/14/2025,30031,Strawberry Chex Mix(Package),15,0,15,10,0,0,0,$0.00,0,0.00%,$0.00,$0.00,10,100.00%,$0.00,$0.00,,,,
Parklawn Elementary,5/14/2025,30033,Cheez-Its Crackers(Package),33,0,33,34,34,0,34,$6.12,0,0.00%,$0.00,$6.12,0,0.00%,$0.00,$6.12,,,,
Parklawn Elementary,5/14/2025,30041,Orange Flavored Dried Cranberries(2 Eaches),0,0,0,200,200,0,200,$96.00,0,0.00%,$0.00,$96.00,0,0.00%,$0.00,$96.00,,,,
Parklawn Elementary,5/14/2025,30077,Italian Dressing(1 ounce),48,0,48,100,51,0,51,$4.08,0,0.00%,$0.00,$4.08,49,49.00%,$3.92,$8.00,,,,
Parklawn Elementary,5/14/2025,30097,Bottled Water(Bottle),0,0,0,0,0,0,0,$0.00,0,0.00%,$0.00,$0.00,0,0.00%,$0.00,$0.00,,,,
Parklawn Elementary,5/14/2025,30099,Chickpeas(1/4 cup),44,0,44,66,33,0,33,$2.97,0,0.00%,$0.00,$2.97,33,50.00%,$2.97,$5.94,,,,
Parklawn Elementary,5/14/2025,30107,Ranch Dressing(1 ounce),171,0,171,200,163,0,163,$17.93,0,0.00%,$0.00,$17.93,37,18.50%,$4.07,$22.00,,,,
Parklawn Elementary,5/14/2025,30109,Smartfood RF White Cheddar Popcorn(Each),15,0,15,20,19,0,19,$7.03,0,0.00%,$0.00,$7.03,1,5.00%,$0.37,$7.40,,,,
Parklawn Elementary,5/14/2025,60021,Cooked  Brown Rice(1 cup cooked),0,0,0,300,244,0,244,$26.84,0,0.00%,$0.00,$26.84,56,18.67%,$6.16,$33.00,,,,
Parklawn Elementary,5/14/2025,60035,PB&J Power Pack(Power Packs),300,0,300,100,49,0,49,$52.92,0,0.00%,$0.00,$52.92,51,51.00%,$55.08,$108.00,,,,
Parklawn Elementary,5/14/2025,60036,Cherry Vanilla Yogurt Power Pack(Power Packs),35,0,35,40,37,0,37,$29.60,0,0.00%,$0.00,$29.60,3,7.50%,$2.40,$32.00,,,,
Parklawn Elementary,5/14/2025,60037,Strawberry & Banana Yogurt Power Pack(Power Packs),37,0,37,40,37,0,37,$29.60,0,0.00%,$0.00,$29.60,3,7.50%,$2.40,$32.00,,,,
Parklawn Elementary,5/14/2025,60038,Peach Yogurt Power Pack(Power Packs),35,0,35,40,37,0,37,$29.60,0,0.00%,$0.00,$29.60,3,7.50%,$2.40,$32.00,,,,
Parklawn Elementary,5/14/2025,60047,Chicken Tenders(3 tenders),28,0,28,26,26,0,26,$24.44,0,0.00%,$0.00,$24.44,0,0.00%,$0.00,$24.44,,,,
Parklawn Elementary,5/14/2025,60050,Chickenless Bites(4 Bites),358,0,358,538,515,7,522,$396.72,0,0.00%,$0.00,$396.72,16,2.97%,$12.16,$408.88,,,,
Parklawn Elementary,5/14/2025,60054,Steamed Broccoli(1/2 cup),0,0,0,84,84,0,84,$12.60,0,0.00%,$0.00,$12.60,0,0.00%,$0.00,$12.60,,,,
Parklawn Elementary,5/14/2025,60064,Vegetable Dumpling(6 dumplings),0,0,0,60,47,0,47,$0.00,0,0.00%,$0.00,$0.00,13,21.67%,$0.00,$0.00,,,,
Parklawn Elementary,5/14/2025,60101,Chickpeas - salad bar entree(1/2 cup),5,0,5,5,3,0,3,$0.54,0,0.00%,$0.00,$0.54,2,40.00%,$0.36,$0.90,,,,
Parklawn Elementary,5/14/2025,60150,Strawberry Parfait Power Pack(Power Pack),30,0,30,20,15,0,15,$24.45,0,0.00%,$0.00,$24.45,5,25.00%,$8.15,$32.60,,,,
Parklawn Elementary,5/14/2025,60153,Pumpkin Bread(1 square),0,0,0,96,96,0,96,$39.36,0,0.00%,$0.00,$39.36,0,0.00%,$0.00,$39.36,,,,
Pine Spring Elementary,5/14/2025,10041,Mini Maple Pancakes(Package),0,0,0,80,80,0,80,$31.20,0,0.00%,$0.00,$31.20,0,0.00%,$0.00,$31.20,,,,
Pine Spring Elementary,5/14/2025,10044,Soft Pretzel(1 pretzel),0,0,0,0,0,0,0,$0.00,0,0.00%,$0.00,$0.00,0,0.00%,$0.00,$0.00,,,,
Pine Spring Elementary,5/14/2025,10054,Turkey Breast Steak(2 Slices),0,0,0,80,80,0,80,$80.00,0,0.00%,$0.00,$80.00,0,0.00%,$0.00,$80.00,,,,
Pine Spring Elementary,5/14/2025,10069,Bean and Cheese Pupusa(Pupusa),0,0,0,10,9,0,9,$13.50,0,0.00%,$0.00,$13.50,1,10.00%,$1.50,$15.00,,,,
Pine Spring Elementary,5/14/2025,10070,Orange Sauce(ounce),100,0,100,35,31,0,31,$4.34,0,0.00%,$0.00,$4.34,4,11.43%,$0.56,$4.90,,,,
Pine Spring Elementary,5/14/2025,20001,1% White Milk(Each),162,0,162,197,108,0,108,$38.88,0,0.00%,$0.00,$38.88,89,45.18%,$32.04,$70.92,,,,
Pine Spring Elementary,5/14/2025,20002,Fat Free Chocolate Milk(Each),350,0,350,362,316,0,316,$110.60,0,0.00%,$0.00,$110.60,46,12.71%,$16.10,$126.70,,,,
Pine Spring Elementary,5/14/2025,20014,Red Delicious Apple(Each - serving),36,0,36,282,270,0,270,$89.10,0,0.00%,$0.00,$89.10,12,4.26%,$3.96,$93.06,,,,
Pine Spring Elementary,5/14/2025,20016,String Cheese(Each),0,0,0,0,0,0,0,$0.00,0,0.00%,$0.00,$0.00,0,0.00%,$0.00,$0.00,,,,
Pine Spring Elementary,5/14/2025,20017,Orange(1/4 cup),0,0,0,204,201,0,201,$34.17,0,0.00%,$0.00,$34.17,3,1.47%,$0.51,$34.68,,,,
Pine Spring Elementary,5/14/2025,20027,Broccoli Florets(1/4 cup),200,0,200,126,115,0,115,$9.20,0,0.00%,$0.00,$9.20,11,8.73%,$0.88,$10.08,,,,
Pine Spring Elementary,5/14/2025,20028,Lettuce Blend Salad Mix(1/2 cup),240,0,240,280,261,0,261,$20.88,0,0.00%,$0.00,$20.88,19,6.79%,$1.52,$22.40,,,,
Pine Spring Elementary,5/14/2025,20036,Celery Sticks(1/2 cup),0,0,0,48,35,0,35,$19.25,0,0.00%,$0.00,$19.25,13,27.08%,$7.15,$26.40,,,,
Pine Spring Elementary,5/14/2025,20038,Fat Free White Milk(Each),50,0,50,22,6,0,6,$1.98,0,0.00%,$0.00,$1.98,16,72.73%,$5.28,$7.26,,,,
Pine Spring Elementary,5/14/2025,20040,Cucumber Slices(6 Slices per 1/2 cup),38,0,38,34,34,0,34,$4.08,0,0.00%,$0.00,$4.08,0,0.00%,$0.00,$4.08,,,,
Pine Spring Elementary,5/14/2025,20052,Assorted  4 oz Yogurt(Container),0,0,0,0,0,0,0,$0.00,0,0.00%,$0.00,$0.00,0,0.00%,$0.00,$0.00,,,,
Pine Spring Elementary,5/14/2025,20076,"Peppers, green, pre-sliced(1/2 cup sliced)",0,0,0,70,59,0,59,$17.70,0,0.00%,$0.00,$17.70,11,15.71%,$3.30,$21.00,,,,
Pine Spring Elementary,5/14/2025,30008,Apple Juice(Each),0,0,0,0,0,0,0,$0.00,0,0.00%,$0.00,$0.00,0,0.00%,$0.00,$0.00,,,,
Pine Spring Elementary,5/14/2025,30009,Orange Tangerine Juice(Each),0,0,0,0,0,0,0,$0.00,0,0.00%,$0.00,$0.00,0,0.00%,$0.00,$0.00,,,,
Pine Spring Elementary,5/14/2025,30014,Whole Wheat Dinner Roll(Each),222,0,222,255,245,0,245,$34.30,0,0.00%,$0.00,$34.30,10,3.92%,$1.40,$35.70,,,,
Pine Spring Elementary,5/14/2025,30020,Applesauce(1/2 Cup),62,0,62,59,59,0,59,$12.39,0,0.00%,$0.00,$12.39,0,0.00%,$0.00,$12.39,,,,
Pine Spring Elementary,5/14/2025,30031,Strawberry Chex Mix(Package),2,0,2,0,0,0,0,$0.00,0,0.00%,$0.00,$0.00,0,0.00%,$0.00,$0.00,,,,
Pine Spring Elementary,5/14/2025,30033,Cheez-Its Crackers(Package),36,0,36,32,32,0,32,$5.76,0,0.00%,$0.00,$5.76,0,0.00%,$0.00,$5.76,,,,
Pine Spring Elementary,5/14/2025,30041,Orange Flavored Dried Cranberries(Each),200,0,200,50,42,0,42,$10.08,0,0.00%,$0.00,$10.08,8,16.00%,$1.92,$12.00,,,,
Pine Spring Elementary,5/14/2025,30061,Chilled Mandarin Oranges(1/2 cup (drained)),0,0,0,13,13,0,13,$4.42,0,0.00%,$0.00,$4.42,0,0.00%,$0.00,$4.42,,,,
Pine Spring Elementary,5/14/2025,30077,Italian Dressing(1 ounce),24,0,24,24,11,0,11,$0.88,0,0.00%,$0.00,$0.88,13,54.17%,$1.04,$1.92,,,,
Pine Spring Elementary,5/14/2025,30097,Bottled Water(Bottle),0,0,0,0,0,0,0,$0.00,0,0.00%,$0.00,$0.00,0,0.00%,$0.00,$0.00,,,,
Pine Spring Elementary,5/14/2025,30099,Chickpeas(1/4 cup),50,0,50,32,17,0,17,$1.53,0,0.00%,$0.00,$1.53,15,46.88%,$1.35,$2.88,,,,
Pine Spring Elementary,5/14/2025,30107,Ranch Dressing(1 ounce),96,0,96,96,84,0,84,$9.24,0,0.00%,$0.00,$9.24,12,12.50%,$1.32,$10.56,,,,
Pine Spring Elementary,5/14/2025,30109,Smartfood RF White Cheddar Popcorn(Each),6,0,6,4,0,4,4,$0.00,0,0.00%,$0.00,$0.00,0,0.00%,$0.00,$0.00,,,,
Pine Spring Elementary,5/14/2025,60021,Cooked  Brown Rice(1 cup cooked),0,0,0,10,10,0,10,$1.10,0,0.00%,$0.00,$1.10,0,0.00%,$0.00,$1.10,,,,
Pine Spring Elementary,5/14/2025,60035,PB&J Power Pack(Power Packs),60,0,60,100,81,0,81,$87.48,0,0.00%,$0.00,$87.48,19,19.00%,$20.52,$108.00,,,,
Pine Spring Elementary,5/14/2025,60037,Strawberry & Banana Yogurt Power Pack(Power Packs),30,0,30,20,13,0,13,$10.40,0,0.00%,$0.00,$10.40,7,35.00%,$5.60,$16.00,,,,
Pine Spring Elementary,5/14/2025,60038,Peach Yogurt Power Pack(Power Packs),2,0,2,4,4,0,4,$3.20,0,0.00%,$0.00,$3.20,0,0.00%,$0.00,$3.20,,,,
Pine Spring Elementary,5/14/2025,60045,Cucumber Slices(1/2 cup),24,0,24,25,25,0,25,$2.00,0,0.00%,$0.00,$2.00,0,0.00%,$0.00,$2.00,,,,
Pine Spring Elementary,5/14/2025,60047,Chicken Tenders(3 tenders),54,0,54,60,60,0,60,$56.40,0,0.00%,$0.00,$56.40,0,0.00%,$0.00,$56.40,,,,
Pine Spring Elementary,5/14/2025,60050,Chickenless Bites(4 Bites),166,0,166,205,195,1,196,$148.96,0,0.00%,$0.00,$148.96,9,4.39%,$6.84,$155.80,,,,
Pine Spring Elementary,5/14/2025,60064,Vegetable Dumpling(6 dumplings),0,0,0,35,31,0,31,$0.00,0,0.00%,$0.00,$0.00,4,11.43%,$0.00,$0.00,,,,
Pine Spring Elementary,5/14/2025,60101,Chickpeas - salad bar entree(1/2 cup),0,0,0,0,0,0,0,$0.00,0,0.00%,$0.00,$0.00,0,0.00%,$0.00,$0.00,,,,
Poe Middle,5/14/2025,10027,"Bread, Loco(flatbread)",138,0,138,210,205,0,205,$61.50,0,0.00%,$0.00,$61.50,5,2.38%,$1.50,$63.00,,,,
Poe Middle,5/14/2025,10033,Chocolate Chip Cookie(Cookie),25,0,25,12,12,0,12,$3.24,0,0.00%,$0.00,$3.24,0,0.00%,$0.00,$3.24,,,,
Poe Middle,5/14/2025,10070,Orange Sauce(ounce),0,0,0,16,14,0,14,$1.96,0,0.00%,$0.00,$1.96,2,12.50%,$0.28,$2.24,,,,
Poe Middle,5/14/2025,10075,Cheese Pizza(Slice),0,0,0,93,92,0,92,$52.44,1,1.08%,$0.57,$53.01,0,0.00%,$0.00,$53.01,,,,
Poe Middle,5/14/2025,20001,1% White Milk(Each),52,0,52,242,70,0,70,$25.20,0,0.00%,$0.00,$25.20,172,71.07%,$61.92,$87.12,,,,
Poe Middle,5/14/2025,20002,Fat Free Chocolate Milk(Each),367,0,367,448,371,0,371,$129.85,0,0.00%,$0.00,$129.85,77,17.19%,$26.95,$156.80,,,,
Poe Middle,5/14/2025,20008,Apple Slices(3 slices per 1/4 cup),479,0,479,464,462,0,462,$272.58,2,0.43%,$1.18,$273.76,0,0.00%,$0.00,$273.76,,,,
Poe Middle,5/14/2025,20017,Orange(1/4 cup),0,0,0,139,138,0,138,$23.46,1,0.72%,$0.17,$23.63,0,0.00%,$0.00,$23.63,,,,
Poe Middle,5/14/2025,20027,Broccoli Florets(1/4 cup),49,0,49,84,82,0,82,$6.56,2,2.38%,$0.16,$6.72,0,0.00%,$0.00,$6.72,,,,
Poe Middle,5/14/2025,20028,Lettuce Blend Salad Mix(1/2 cup),298,0,298,320,317,0,317,$25.36,3,0.94%,$0.24,$25.60,0,0.00%,$0.00,$25.60,,,,
Poe Middle,5/14/2025,20031,Banana(Each),99,0,99,100,99,0,99,$20.79,0,0.00%,$0.00,$20.79,1,1.00%,$0.21,$21.00,,,,
Poe Middle,5/14/2025,20038,Fat Free White Milk(Each),14,0,14,47,11,0,11,$3.63,0,0.00%,$0.00,$3.63,36,76.60%,$11.88,$15.51,,,,
Poe Middle,5/14/2025,30045,Watermelon Flavored Dried Cranberries(2 Eaches),0,0,0,50,47,0,47,$22.56,0,0.00%,$0.00,$22.56,3,6.00%,$1.44,$24.00,,,,
Poe Middle,5/14/2025,30063,Ketchup Packet(Packet),592,0,592,600,575,0,575,$17.25,0,0.00%,$0.00,$17.25,25,4.17%,$0.75,$18.00,,,,
Poe Middle,5/14/2025,30064,Mayonnaise Packet(Packet),181,0,181,200,100,0,100,$10.00,0,0.00%,$0.00,$10.00,100,50.00%,$10.00,$20.00,,,,
Poe Middle,5/14/2025,30065,Mustard Packet(Packet),92,0,92,100,28,0,28,$1.40,0,0.00%,$0.00,$1.40,72,72.00%,$3.60,$5.00,,,,
Poe Middle,5/14/2025,30077,Italian Dressing(1 ounce),12,0,12,48,12,0,12,$0.96,0,0.00%,$0.00,$0.96,36,75.00%,$2.88,$3.84,,,,
Poe Middle,5/14/2025,30097,Bottled Water(Bottle),5,0,5,5,2,0,2,$0.32,0,0.00%,$0.00,$0.32,3,60.00%,$0.48,$0.80,,,,
Poe Middle,5/14/2025,30099,Chickpeas(1/4 cup),48,0,48,66,33,0,33,$2.97,0,0.00%,$0.00,$2.97,33,50.00%,$2.97,$5.94,,,,
Poe Middle,5/14/2025,30107,Ranch Dressing(1 ounce),96,0,96,192,168,0,168,$18.48,0,0.00%,$0.00,$18.48,24,12.50%,$2.64,$21.12,,,,
Poe Middle,5/14/2025,30111,Doritos RF Spicy Sweet Chili(Each),20,0,20,23,13,0,13,$4.81,0,0.00%,$0.00,$4.81,10,43.48%,$3.70,$8.51,,,,
Poe Middle,5/14/2025,30114,SS Baked Cheetos Flaming Hot(Each),20,0,20,66,11,0,11,$5.83,0,0.00%,$0.00,$5.83,55,83.33%,$29.15,$34.98,,,,
Poe Middle,5/14/2025,30115,SS Baked Cheetos Flaming Limon(Each),20,0,20,46,15,0,15,$5.85,0,0.00%,$0.00,$5.85,31,67.39%,$12.09,$17.94,,,,
Poe Middle,5/14/2025,30116,SS Cheetos Fantastix Flaming Hot(Each),20,0,20,2,2,0,2,$0.78,0,0.00%,$0.00,$0.78,0,0.00%,$0.00,$0.78,,,,
Poe Middle,5/14/2025,30120,RF Kettle Chips Sea Salt & Vinegar Chips(Each),20,0,20,35,6,0,6,$3.60,0,0.00%,$0.00,$3.60,29,82.86%,$17.40,$21.00,,,,
Poe Middle,5/14/2025,30121,Kellogg’s W/G Rice Krispies Treats(Each),0,0,0,9,9,0,9,$6.66,0,0.00%,$0.00,$6.66,0,0.00%,$0.00,$6.66,,,,
Poe Middle,5/14/2025,30124,"Fruit Snacks, Welch's Mixed(Each)",10,0,10,10,2,0,2,$0.80,0,0.00%,$0.00,$0.80,8,80.00%,$3.20,$4.00,,,,
Poe Middle,5/14/2025,60020,"Quesadilla, Turkey Barbacoa and Cheese(Quesadilla)",0,0,0,32,32,0,32,$39.04,0,0.00%,$0.00,$39.04,0,0.00%,$0.00,$39.04,,,,
Poe Middle,5/14/2025,60035,PB&J Power Pack(Power Packs),71,0,71,36,35,0,35,$37.80,0,0.00%,$0.00,$37.80,1,2.78%,$1.08,$38.88,,,,
Poe Middle,5/14/2025,60037,Strawberry & Banana Yogurt Power Pack(Power Packs),13,0,13,10,5,0,5,$4.00,0,0.00%,$0.00,$4.00,5,50.00%,$4.00,$8.00,,,,
Poe Middle,5/14/2025,60038,Peach Yogurt Power Pack(Power Packs),12,0,12,10,7,0,7,$5.60,0,0.00%,$0.00,$5.60,3,30.00%,$2.40,$8.00,,,,
Poe Middle,5/14/2025,60040,Grilled Cheese Sandwich(Sandwich),111,0,111,127,125,0,125,$52.50,2,1.57%,$0.84,$53.34,0,0.00%,$0.00,$53.34,,,,
Poe Middle,5/14/2025,60047,Chicken Tenders(3 tenders),0,0,0,149,139,8,147,$138.18,0,0.00%,$0.00,$138.18,2,1.34%,$1.88,$140.06,,,,
Poe Middle,5/14/2025,60050,Chickenless Bites(4 Bites),113,0,113,45,44,0,44,$33.44,0,0.00%,$0.00,$33.44,1,2.22%,$0.76,$34.20,,,,
Poe Middle,5/14/2025,60063,Chicken & Vegetable Dumplings(6 dumplings),46,0,46,21,19,0,19,$0.00,0,0.00%,$0.00,$0.00,2,9.52%,$0.00,$0.00,,,,
Poe Middle,5/14/2025,60075,Spicy Chicken Wrap(Wrap),13,0,13,15,11,0,11,$12.87,0,0.00%,$0.00,$12.87,4,26.67%,$4.68,$17.55,,,,
Poe Middle,5/14/2025,60077,Manager's Vegetable Choice(1/4 cup),65,0,65,140,130,0,130,$0.00,0,0.00%,$0.00,$0.00,10,7.14%,$0.00,$0.00,,,,
Poe Middle,5/14/2025,60144,Tomato & Basil Lasagna(Each),0,0,0,142,137,0,137,$150.70,5,3.52%,$5.50,$156.20,0,0.00%,$0.00,$156.20,,,,
Poplar Tree Elementary,5/14/2025,10011,Sweet Thai Chili Sauce(ounce),0,0,0,70,65,2,67,$9.38,3,4.29%,$0.42,$9.80,0,0.00%,$0.00,$9.80,,,,
Poplar Tree Elementary,5/14/2025,10044,Soft Pretzel(1 pretzel),0,0,0,15,0,0,0,$0.00,0,0.00%,$0.00,$0.00,15,100.00%,$0.00,$0.00,,,,
Poplar Tree Elementary,5/14/2025,10062,Corn(1/2 cup (cooked)),0,0,0,192,170,0,170,$35.70,0,0.00%,$0.00,$35.70,22,11.46%,$4.62,$40.32,,,,
Poplar Tree Elementary,5/14/2025,20001,1% White Milk(Each),28,0,28,86,38,0,38,$13.68,0,0.00%,$0.00,$13.68,48,55.81%,$17.28,$30.96,,,,
Poplar Tree Elementary,5/14/2025,20002,Fat Free Chocolate Milk(Each),223,0,223,452,112,0,112,$39.20,0,0.00%,$0.00,$39.20,340,75.22%,$119.00,$158.20,,,,
Poplar Tree Elementary,5/14/2025,20008,Apple Slices(3 slices per 1/4 cup),0,0,0,145,145,0,145,$85.55,0,0.00%,$0.00,$85.55,0,0.00%,$0.00,$85.55,,,,
Poplar Tree Elementary,5/14/2025,20011,Cherry Tomatoes(1/4 cup),0,0,0,36,34,0,34,$12.58,0,0.00%,$0.00,$12.58,2,5.56%,$0.74,$13.32,,,,
Poplar Tree Elementary,5/14/2025,20018,Red Seedless Grapes(16 grapes per 1/2 cup),0,0,0,138,138,0,138,$70.38,0,0.00%,$0.00,$70.38,0,0.00%,$0.00,$70.38,,,,
Poplar Tree Elementary,5/14/2025,20028,Lettuce Blend Salad Mix(1/2 cup),111,0,111,120,120,0,120,$9.60,0,0.00%,$0.00,$9.60,0,0.00%,$0.00,$9.60,,,,
Poplar Tree Elementary,5/14/2025,20031,Banana(Each),0,0,0,95,89,0,89,$18.69,0,0.00%,$0.00,$18.69,6,6.32%,$1.26,$19.95,,,,
Poplar Tree Elementary,5/14/2025,20038,Fat Free White Milk(Each),17,0,17,71,21,0,21,$6.93,0,0.00%,$0.00,$6.93,50,70.42%,$16.50,$23.43,,,,
Poplar Tree Elementary,5/14/2025,20040,Cucumber Slices(6 Slices per 1/2 cup),6,0,6,15,12,0,12,$1.44,0,0.00%,$0.00,$1.44,3,20.00%,$0.36,$1.80,,,,
Poplar Tree Elementary,5/14/2025,30014,Whole Wheat Dinner Roll(Each),53,0,53,116,99,3,102,$14.28,0,0.00%,$0.00,$14.28,14,12.07%,$1.96,$16.24,,,,
Poplar Tree Elementary,5/14/2025,30020,Applesauce(1/2 Cup),7,0,7,15,12,0,12,$2.52,0,0.00%,$0.00,$2.52,3,20.00%,$0.63,$3.15,,,,
Poplar Tree Elementary,5/14/2025,30045,Watermelon Flavored Dried Cranberries(Each),41,0,41,43,43,0,43,$10.32,0,0.00%,$0.00,$10.32,0,0.00%,$0.00,$10.32,,,,
Poplar Tree Elementary,5/14/2025,30077,Italian Dressing(1 ounce),21,0,21,35,25,0,25,$2.00,0,0.00%,$0.00,$2.00,10,28.57%,$0.80,$2.80,,,,
Poplar Tree Elementary,5/14/2025,30099,Chickpeas(1/4 cup),13,0,13,25,13,0,13,$1.17,0,0.00%,$0.00,$1.17,12,48.00%,$1.08,$2.25,,,,
Poplar Tree Elementary,5/14/2025,30107,Ranch Dressing(1 ounce),29,0,29,30,27,0,27,$2.97,0,0.00%,$0.00,$2.97,3,10.00%,$0.33,$3.30,,,,
Poplar Tree Elementary,5/14/2025,60035,PB&J Power Pack(Power Packs),28,0,28,50,31,0,31,$33.48,0,0.00%,$0.00,$33.48,19,38.00%,$20.52,$54.00,,,,
Poplar Tree Elementary,5/14/2025,60037,Strawberry & Banana Yogurt Power Pack(Power Packs),0,0,0,50,31,2,33,$26.40,0,0.00%,$0.00,$26.40,17,34.00%,$13.60,$40.00,,,,
Poplar Tree Elementary,5/14/2025,60038,Peach Yogurt Power Pack(Power Packs),3,0,3,5,1,0,1,$0.80,0,0.00%,$0.00,$0.80,4,80.00%,$3.20,$4.00,,,,
Poplar Tree Elementary,5/14/2025,60047,Chicken Tenders(3 tenders),5,0,5,8,8,0,8,$7.52,0,0.00%,$0.00,$7.52,0,0.00%,$0.00,$7.52,,,,
Poplar Tree Elementary,5/14/2025,60050,Chickenless Bites(4 Bites),49,0,49,108,91,3,94,$71.44,0,0.00%,$0.00,$71.44,14,12.96%,$10.64,$82.08,,,,
Poplar Tree Elementary,5/14/2025,60064,Vegetable Dumpling(6 dumplings),0,0,0,70,65,2,67,$0.00,0,0.00%,$0.00,$0.00,3,4.29%,$0.00,$0.00,,,,
Poplar Tree Elementary,5/14/2025,60101,Chickpeas - salad bar entree(1/2 cup),0,0,0,15,0,0,0,$0.00,0,0.00%,$0.00,$0.00,15,100.00%,$0.00,$0.00,,,,
Providence Elementary,5/14/2025,10044,Soft Pretzel(1 pretzel),10,0,10,48,48,0,48,$10.56,0,0.00%,$0.00,$10.56,0,0.00%,$0.00,$10.56,,,,
Providence Elementary,5/14/2025,10070,Orange Sauce(ounce),120,0,120,84,74,0,74,$10.36,0,0.00%,$0.00,$10.36,10,11.90%,$1.40,$11.76,,,,
Providence Elementary,5/14/2025,10075,Cheese Pizza(Slice),0,0,0,24,24,0,24,$13.68,0,0.00%,$0.00,$13.68,0,0.00%,$0.00,$13.68,,,,
Providence Elementary,5/14/2025,20001,1% White Milk(Each),28,0,28,161,103,0,103,$37.08,0,0.00%,$0.00,$37.08,58,36.02%,$20.88,$57.96,,,,
Providence Elementary,5/14/2025,20002,Fat Free Chocolate Milk(Each),375,0,375,715,237,0,237,$82.95,0,0.00%,$0.00,$82.95,478,66.85%,$167.30,$250.25,,,,
Providence Elementary,5/14/2025,20008,Apple Slices(3 slices per 1/4 cup),0,0,0,224,224,0,224,$132.16,0,0.00%,$0.00,$132.16,0,0.00%,$0.00,$132.16,,,,
Providence Elementary,5/14/2025,20012,Grape Tomatoes(1/4 cup),0,0,0,18,18,0,18,$4.68,0,0.00%,$0.00,$4.68,0,0.00%,$0.00,$4.68,,,,
Providence Elementary,5/14/2025,20014,Red Delicious Apple(Each - serving),18,0,18,35,32,0,32,$10.56,0,0.00%,$0.00,$10.56,3,8.57%,$0.99,$11.55,,,,
Providence Elementary,5/14/2025,20018,Red Seedless Grapes(16 grapes per 1/2 cup),0,0,0,207,207,0,207,$105.57,0,0.00%,$0.00,$105.57,0,0.00%,$0.00,$105.57,,,,
Providence Elementary,5/14/2025,20023,Baby Carrots(3 baby carrots per 1/4 cup),0,0,0,48,24,0,24,$2.16,0,0.00%,$0.00,$2.16,24,50.00%,$2.16,$4.32,,,,
Providence Elementary,5/14/2025,20028,Lettuce Blend Salad Mix(1/2 cup),130,0,130,140,80,0,80,$6.40,0,0.00%,$0.00,$6.40,60,42.86%,$4.80,$11.20,,,,
Providence Elementary,5/14/2025,20038,Fat Free White Milk(Each),10,0,10,119,6,0,6,$1.98,0,0.00%,$0.00,$1.98,113,94.96%,$37.29,$39.27,,,,
Providence Elementary,5/14/2025,20040,Cucumber Slices(6 Slices per 1/2 cup),18,0,18,17,17,0,17,$2.04,0,0.00%,$0.00,$2.04,0,0.00%,$0.00,$2.04,,,,
Providence Elementary,5/14/2025,20075,Cucumbers(1/2 cup sliced),0,0,0,69,35,0,35,$7.00,0,0.00%,$0.00,$7.00,34,49.28%,$6.80,$13.80,,,,
Providence Elementary,5/14/2025,30008,Apple Juice(Each),0,0,0,35,29,0,29,$4.93,0,0.00%,$0.00,$4.93,6,17.14%,$1.02,$5.95,,,,
Providence Elementary,5/14/2025,30009,Orange Tangerine Juice(Each),0,0,0,28,14,0,14,$2.38,0,0.00%,$0.00,$2.38,14,50.00%,$2.38,$4.76,,,,
Providence Elementary,5/14/2025,30014,Whole Wheat Dinner Roll(Each),193,0,193,167,167,0,167,$23.38,0,0.00%,$0.00,$23.38,0,0.00%,$0.00,$23.38,,,,
Providence Elementary,5/14/2025,30020,Applesauce(1/4 cup),18,0,18,17,17,0,17,$1.87,0,0.00%,$0.00,$1.87,0,0.00%,$0.00,$1.87,,,,
Providence Elementary,5/14/2025,30033,Cheez-Its Crackers(Package),18,0,18,17,17,0,17,$3.06,0,0.00%,$0.00,$3.06,0,0.00%,$0.00,$3.06,,,,
Providence Elementary,5/14/2025,30039,Cherry Flavored Dried Cranberries(Each),100,0,100,100,100,0,100,$24.00,0,0.00%,$0.00,$24.00,0,0.00%,$0.00,$24.00,,,,
Providence Elementary,5/14/2025,30077,Italian Dressing(1 ounce),30,0,30,50,20,0,20,$1.60,0,0.00%,$0.00,$1.60,30,60.00%,$2.40,$4.00,,,,
Providence Elementary,5/14/2025,30109,Smartfood RF White Cheddar Popcorn(Each),0,0,0,80,77,0,77,$28.49,0,0.00%,$0.00,$28.49,3,3.75%,$1.11,$29.60,,,,
Providence Elementary,5/14/2025,60035,PB&J Power Pack(Power Packs),150,0,150,165,87,0,87,$93.96,0,0.00%,$0.00,$93.96,78,47.27%,$84.24,$178.20,,,,
Providence Elementary,5/14/2025,60036,Cherry Vanilla Yogurt Power Pack(Power Packs),25,0,25,35,9,0,9,$7.20,0,0.00%,$0.00,$7.20,26,74.29%,$20.80,$28.00,,,,
Providence Elementary,5/14/2025,60047,Chicken Tenders(3 tenders),0,0,0,76,76,0,76,$71.44,0,0.00%,$0.00,$71.44,0,0.00%,$0.00,$71.44,,,,
Providence Elementary,5/14/2025,60050,Chickenless Bites(4 Bites),193,0,193,167,167,0,167,$126.92,0,0.00%,$0.00,$126.92,0,0.00%,$0.00,$126.92,,,,
Providence Elementary,5/14/2025,60063,Chicken & Vegetable Dumplings(6 dumplings),120,0,120,84,74,0,74,$0.00,0,0.00%,$0.00,$0.00,10,11.90%,$0.00,$0.00,,,,
Ravensworth Elementary,5/14/2025,10044,Soft Pretzel(1 pretzel),25,20,45,40,17,22,39,$8.58,0,0.00%,$0.00,$8.58,1,2.50%,$0.22,$8.80,,,,
Ravensworth Elementary,5/14/2025,10070,Orange Sauce(ounce),25,0,25,25,25,0,25,$3.50,0,0.00%,$0.00,$3.50,0,0.00%,$0.00,$3.50,,,,
Ravensworth Elementary,5/14/2025,20001,1% White Milk(Each),31,0,31,30,29,0,29,$10.44,0,0.00%,$0.00,$10.44,1,3.33%,$0.36,$10.80,,,,
Ravensworth Elementary,5/14/2025,20002,Fat Free Chocolate Milk(Each),265,0,265,265,137,0,137,$47.95,0,0.00%,$0.00,$47.95,128,48.30%,$44.80,$92.75,,,,
Ravensworth Elementary,5/14/2025,20018,Red Seedless Grapes(16 grapes per 1/2 cup),3,0,3,2,2,0,2,$1.02,0,0.00%,$0.00,$1.02,0,0.00%,$0.00,$1.02,,,,
Ravensworth Elementary,5/14/2025,20018,Red Seedless Grapes(8 grapes per 1/4 cup),234,0,234,234,210,0,210,$54.60,0,0.00%,$0.00,$54.60,24,10.26%,$6.24,$60.84,,,,
Ravensworth Elementary,5/14/2025,20023,Baby Carrots(3 baby carrots per 1/4 cup),96,0,96,96,96,0,96,$8.64,0,0.00%,$0.00,$8.64,0,0.00%,$0.00,$8.64,,,,
Ravensworth Elementary,5/14/2025,20028,Lettuce Blend Salad Mix(1/2 cup),80,0,80,80,60,0,60,$4.80,0,0.00%,$0.00,$4.80,20,25.00%,$1.60,$6.40,,,,
Ravensworth Elementary,5/14/2025,20031,Banana(Each),100,0,100,100,94,0,94,$19.74,6,6.00%,$1.26,$21.00,0,0.00%,$0.00,$21.00,,,,
Ravensworth Elementary,5/14/2025,20040,Cucumber Slices(6 Slices per 1/2 cup),3,0,3,2,2,0,2,$0.24,0,0.00%,$0.00,$0.24,0,0.00%,$0.00,$0.24,,,,
Ravensworth Elementary,5/14/2025,30009,Orange Tangerine Juice(Each),40,0,40,40,0,23,23,$0.00,0,0.00%,$0.00,$0.00,17,42.50%,$0.00,$0.00,,,,
Ravensworth Elementary,5/14/2025,30014,Whole Wheat Dinner Roll(Each),105,0,105,97,76,17,93,$13.02,1,1.03%,$0.14,$13.16,3,3.09%,$0.42,$13.58,,,,
Ravensworth Elementary,5/14/2025,30042,Original Flavored Dried Cranberries(Package),35,0,35,35,19,0,19,$4.56,0,0.00%,$0.00,$4.56,16,45.71%,$3.84,$8.40,,,,
Ravensworth Elementary,5/14/2025,30077,Italian Dressing(1 ounce),10,0,10,10,5,0,5,$0.40,0,0.00%,$0.00,$0.40,5,50.00%,$0.40,$0.80,,,,
Ravensworth Elementary,5/14/2025,30094,Doritos Wild White Nacho Flavored Tortilla Chips(Bag),100,0,100,100,0,90,90,$0.00,0,0.00%,$0.00,$0.00,10,10.00%,$0.00,$0.00,,,,
Ravensworth Elementary,5/14/2025,30097,Bottled Water(Bottle),20,0,20,20,0,20,20,$0.00,0,0.00%,$0.00,$0.00,0,0.00%,$0.00,$0.00,,,,
Ravensworth Elementary,5/14/2025,30099,Chickpeas(1/4 cup),20,0,20,20,10,0,10,$0.90,0,0.00%,$0.00,$0.90,10,50.00%,$0.90,$1.80,,,,
Ravensworth Elementary,5/14/2025,30107,Ranch Dressing(1 ounce),20,0,20,20,10,0,10,$1.10,0,0.00%,$0.00,$1.10,10,50.00%,$1.10,$2.20,,,,
Ravensworth Elementary,5/14/2025,30108,Fat Free Unflavored Shelf-Stable Milk(Each),21,0,21,21,19,0,19,$7.22,0,0.00%,$0.00,$7.22,2,9.52%,$0.76,$7.98,,,,
Ravensworth Elementary,5/14/2025,60035,PB&J Power Pack(Power Packs),55,0,55,70,65,4,69,$74.52,0,0.00%,$0.00,$74.52,1,1.43%,$1.08,$75.60,,,,
Ravensworth Elementary,5/14/2025,60036,Cherry Vanilla Yogurt Power Pack(Power Packs),25,0,25,20,17,0,17,$13.60,0,0.00%,$0.00,$13.60,3,15.00%,$2.40,$16.00,,,,
Ravensworth Elementary,5/14/2025,60043,BBQ Chicken Sandwich(Sandwich),12,0,12,27,27,0,27,$23.22,0,0.00%,$0.00,$23.22,0,0.00%,$0.00,$23.22,,,,
Ravensworth Elementary,5/14/2025,60047,Chicken Tenders(3 tenders),15,0,15,25,24,0,24,$22.56,1,4.00%,$0.94,$23.50,0,0.00%,$0.00,$23.50,,,,
Ravensworth Elementary,5/14/2025,60050,Chickenless Bites(4 Bites),105,0,105,97,76,17,93,$70.68,1,1.03%,$0.76,$71.44,3,3.09%,$2.28,$73.72,,,,
Ravensworth Elementary,5/14/2025,60063,Chicken & Vegetable Dumplings(6 dumplings),40,0,40,35,29,0,29,$0.00,2,5.71%,$0.00,$0.00,4,11.43%,$0.00,$0.00,,,,
Ravensworth Elementary,5/14/2025,60077,Manager's Vegetable Choice(1/4 cup),144,0,144,144,132,0,132,$0.00,0,0.00%,$0.00,$0.00,12,8.33%,$0.00,$0.00,,,,
Ravensworth Elementary,5/14/2025,60101,Chickpeas - salad bar entree(1/2 cup),20,0,20,20,10,0,10,$1.80,0,0.00%,$0.00,$1.80,10,50.00%,$1.80,$3.60,,,,
Riverside Elementary,5/14/2025,10044,Soft Pretzel(1 pretzel),17,0,17,29,26,0,26,$5.72,2,6.90%,$0.44,$6.16,1,3.45%,$0.22,$6.38,,,,
Riverside Elementary,5/14/2025,10069,Bean and Cheese Pupusa(Pupusa),25,0,25,22,22,0,22,$33.00,0,0.00%,$0.00,$33.00,0,0.00%,$0.00,$33.00,,,,
Riverside Elementary,5/14/2025,10070,Orange Sauce(ounce),150,0,150,120,87,0,87,$12.18,0,0.00%,$0.00,$12.18,33,27.50%,$4.62,$16.80,,,,
Riverside Elementary,5/14/2025,20001,1% White Milk(Each),98,0,98,91,76,0,76,$27.36,0,0.00%,$0.00,$27.36,15,16.48%,$5.40,$32.76,,,,
Riverside Elementary,5/14/2025,20002,Fat Free Chocolate Milk(Each),323,0,323,337,311,0,311,$108.85,2,0.59%,$0.70,$109.55,24,7.12%,$8.40,$117.95,,,,
Riverside Elementary,5/14/2025,20014,Red Delicious Apple(Each - serving),15,0,15,15,15,0,15,$4.95,0,0.00%,$0.00,$4.95,0,0.00%,$0.00,$4.95,,,,
Riverside Elementary,5/14/2025,20015,Golden Delicious Apple(Each),200,0,200,120,99,0,99,$30.69,1,0.83%,$0.31,$31.00,20,16.67%,$6.20,$37.20,,,,
Riverside Elementary,5/14/2025,20017,Orange(1/4 cup),0,0,0,398,375,0,375,$63.75,3,0.75%,$0.51,$64.26,20,5.03%,$3.40,$67.66,,,,
Riverside Elementary,5/14/2025,20028,Lettuce Blend Salad Mix(1/2 cup),256,0,256,340,295,0,295,$23.60,10,2.94%,$0.80,$24.40,35,10.29%,$2.80,$27.20,,,,
Riverside Elementary,5/14/2025,20038,Fat Free White Milk(Each),16,0,16,84,14,0,14,$4.62,1,1.19%,$0.33,$4.95,69,82.14%,$22.77,$27.72,,,,
Riverside Elementary,5/14/2025,20040,Cucumber Slices(1/4 cup),180,0,180,220,190,0,190,$11.40,0,0.00%,$0.00,$11.40,30,13.64%,$1.80,$13.20,,,,
Riverside Elementary,5/14/2025,20040,Cucumber Slices(6 Slices per 1/2 cup),16,0,16,16,15,1,16,$1.92,0,0.00%,$0.00,$1.92,0,0.00%,$0.00,$1.92,,,,
Riverside Elementary,5/14/2025,30008,Apple Juice(Each),0,0,0,10,5,0,5,$0.85,0,0.00%,$0.00,$0.85,5,50.00%,$0.85,$1.70,,,,
Riverside Elementary,5/14/2025,30014,Whole Wheat Dinner Roll(Each),116,0,116,30,26,0,26,$3.64,0,0.00%,$0.00,$3.64,4,13.33%,$0.56,$4.20,,,,
Riverside Elementary,5/14/2025,30020,Applesauce(1/2 Cup),54,0,54,47,46,1,47,$9.87,0,0.00%,$0.00,$9.87,0,0.00%,$0.00,$9.87,,,,
Riverside Elementary,5/14/2025,30031,Strawberry Chex Mix(Package),0,0,0,5,0,0,0,$0.00,0,0.00%,$0.00,$0.00,5,100.00%,$0.00,$0.00,,,,
Riverside Elementary,5/14/2025,30033,Cheez-Its Crackers(Package),16,0,16,15,15,0,15,$2.70,0,0.00%,$0.00,$2.70,0,0.00%,$0.00,$2.70,,,,
Riverside Elementary,5/14/2025,30039,Cherry Flavored Dried Cranberries(Each),23,0,23,35,32,0,32,$7.68,0,0.00%,$0.00,$7.68,3,8.57%,$0.72,$8.40,,,,
Riverside Elementary,5/14/2025,30077,Italian Dressing(1 ounce),24,0,24,48,24,0,24,$1.92,0,0.00%,$0.00,$1.92,24,50.00%,$1.92,$3.84,,,,
Riverside Elementary,5/14/2025,30097,Bottled Water(Bottle),0,0,0,6,2,0,2,$0.32,0,0.00%,$0.00,$0.32,4,66.67%,$0.64,$0.96,,,,
Riverside Elementary,5/14/2025,30103,"Milk, Lactose Free,  Fat Free, Shelf-Stable(Each)",1,0,1,1,1,0,1,$0.48,0,0.00%,$0.00,$0.48,0,0.00%,$0.00,$0.48,,,,
Riverside Elementary,5/14/2025,30107,Ranch Dressing(1 ounce),53,0,53,24,24,0,24,$2.64,0,0.00%,$0.00,$2.64,0,0.00%,$0.00,$2.64,,,,
Riverside Elementary,5/14/2025,30109,Smartfood RF White Cheddar Popcorn(Each),0,0,0,20,18,0,18,$6.66,0,0.00%,$0.00,$6.66,2,10.00%,$0.74,$7.40,,,,
Riverside Elementary,5/14/2025,30184,"Milk, Soy, Vanilla (24/8 oz)(each)",1,0,1,1,1,0,1,$1.02,0,0.00%,$0.00,$1.02,0,0.00%,$0.00,$1.02,,,,
Riverside Elementary,5/14/2025,60021,Cooked  Brown Rice(1 cup cooked),51,0,51,47,46,1,47,$5.17,0,0.00%,$0.00,$5.17,0,0.00%,$0.00,$5.17,,,,
Riverside Elementary,5/14/2025,60035,PB&J Power Pack(Power Packs),83,0,83,150,125,0,125,$135.00,0,0.00%,$0.00,$135.00,25,16.67%,$27.00,$162.00,,,,
Riverside Elementary,5/14/2025,60038,Peach Yogurt Power Pack(Power Packs),14,0,14,40,31,0,31,$24.80,0,0.00%,$0.00,$24.80,9,22.50%,$7.20,$32.00,,,,
Riverside Elementary,5/14/2025,60045,Cucumber Slices(1/2 cup),30,0,30,31,31,0,31,$2.48,0,0.00%,$0.00,$2.48,0,0.00%,$0.00,$2.48,,,,
Riverside Elementary,5/14/2025,60047,Chicken Tenders(3 tenders),49,0,49,46,46,0,46,$43.24,0,0.00%,$0.00,$43.24,0,0.00%,$0.00,$43.24,,,,
Riverside Elementary,5/14/2025,60050,Chickenless Bites(4 Bites),122,0,122,158,155,1,156,$118.56,0,0.00%,$0.00,$118.56,2,1.27%,$1.52,$120.08,,,,
Riverside Elementary,5/14/2025,60063,Chicken & Vegetable Dumplings(6 dumplings),150,0,150,138,114,4,118,$0.00,1,0.72%,$0.00,$0.00,19,13.77%,$0.00,$0.00,,,,
Riverside Elementary,5/14/2025,60077,Manager's Vegetable Choice(1/4 cup),65,0,65,30,30,0,30,$0.00,0,0.00%,$0.00,$0.00,0,0.00%,$0.00,$0.00,,,,
Riverside Elementary,5/14/2025,60101,Chickpeas - salad bar entree(1/2 cup),2,0,2,2,2,0,2,$0.36,0,0.00%,$0.00,$0.36,0,0.00%,$0.00,$0.36,,,,
Riverside Elementary,5/14/2025,60126,Arepa w/Taco Beef(1 Aprea + #8 scoop of beef),15,0,15,12,12,0,12,$17.40,0,0.00%,$0.00,$17.40,0,0.00%,$0.00,$17.40,,,,
Robinson Secondary,5/14/2025,10001,"Patty, Chicken, Breaded, WG(2 strips)",10,0,10,14,10,0,10,$2.20,0,0.00%,$0.00,$2.20,4,28.57%,$0.88,$3.08,,,,
Robinson Secondary,5/14/2025,10015,Baked Cheese Sticks(2 Cheese Sticks),0,0,0,80,57,23,80,$52.80,0,0.00%,$0.00,$52.80,0,0.00%,$0.00,$52.80,,,,
Robinson Secondary,5/14/2025,10044,Soft Pretzel(1 pretzel),50,0,50,119,41,60,101,$22.22,0,0.00%,$0.00,$22.22,18,15.13%,$3.96,$26.18,,,,
Robinson Secondary,5/14/2025,10049,"WG 10"" Flour Tortilla(Tortilla)",7,0,7,16,12,0,12,$4.20,0,0.00%,$0.00,$4.20,4,25.00%,$1.40,$5.60,,,,
Robinson Secondary,5/14/2025,10051,"Turkey,  Breast, Pre-Sliced, Oven Roasted(3 Slices)",12,0,12,16,13,0,13,$7.02,0,0.00%,$0.00,$7.02,3,18.75%,$1.62,$8.64,,,,
Robinson Secondary,5/14/2025,10062,Corn(2 Tablespoons (thawed)),38,0,38,38,26,0,26,$1.30,0,0.00%,$0.00,$1.30,12,31.58%,$0.60,$1.90,,,,
Robinson Secondary,5/14/2025,10070,Orange Sauce(ounce),0,0,0,111,77,14,91,$12.74,0,0.00%,$0.00,$12.74,20,18.02%,$2.80,$15.54,,,,
Robinson Secondary,5/14/2025,10074,"Frozen Berry, Triple Berry Blend(1/2 cup (thawed))",0,0,0,408,407,0,407,$12.21,0,0.00%,$0.00,$12.21,1,0.25%,$0.03,$12.24,,,,
Robinson Secondary,5/14/2025,20001,1% White Milk(Each),85,0,85,82,65,0,65,$23.40,0,0.00%,$0.00,$23.40,17,20.73%,$6.12,$29.52,,,,
Robinson Secondary,5/14/2025,20002,Fat Free Chocolate Milk(Each),550,0,550,602,492,0,492,$172.20,0,0.00%,$0.00,$172.20,110,18.27%,$38.50,$210.70,,,,
Robinson Secondary,5/14/2025,20006,"Cheese, Shredded, Cheddar(1/4 cup)",18,0,18,18,14,0,14,$2.38,0,0.00%,$0.00,$2.38,4,22.22%,$0.68,$3.06,,,,
Robinson Secondary,5/14/2025,20008,Apple Slices(3 slices per 1/4 cup),489,0,489,360,350,0,350,$206.50,0,0.00%,$0.00,$206.50,10,2.78%,$5.90,$212.40,,,,
Robinson Secondary,5/14/2025,20013,Gala Apple(Each),0,0,0,20,7,0,7,$2.59,0,0.00%,$0.00,$2.59,13,65.00%,$4.81,$7.40,,,,
Robinson Secondary,5/14/2025,20023,Baby Carrots(6 Baby Carrots per 1/2 cup),34,0,34,48,36,0,36,$6.12,0,0.00%,$0.00,$6.12,12,25.00%,$2.04,$8.16,,,,
Robinson Secondary,5/14/2025,20027,Broccoli Florets(1/4 cup),287,0,287,360,336,0,336,$26.88,0,0.00%,$0.00,$26.88,24,6.67%,$1.92,$28.80,,,,
Robinson Secondary,5/14/2025,20028,Lettuce Blend Salad Mix(1/2 cup),849,0,849,880,796,0,796,$63.68,0,0.00%,$0.00,$63.68,84,9.55%,$6.72,$70.40,,,,
Robinson Secondary,5/14/2025,20031,Banana(Each),383,0,383,480,474,0,474,$99.54,0,0.00%,$0.00,$99.54,6,1.25%,$1.26,$100.80,,,,
Robinson Secondary,5/14/2025,20035,"Onions, Red, Whole(2 Tablespoons (sliced))",10,0,10,15,12,0,12,$0.36,0,0.00%,$0.00,$0.36,3,20.00%,$0.09,$0.45,,,,
Robinson Secondary,5/14/2025,20038,Fat Free White Milk(Each),3,0,3,60,46,0,46,$15.18,0,0.00%,$0.00,$15.18,14,23.33%,$4.62,$19.80,,,,
Robinson Secondary,5/14/2025,20041,"Peppers, Green, Whole(2 Tablespoon)",19,0,19,24,19,0,19,$1.14,0,0.00%,$0.00,$1.14,5,20.83%,$0.30,$1.44,,,,
Robinson Secondary,5/14/2025,20042,"Peppers, Red, Whole(2 Tablespoons)",27,0,27,24,16,0,16,$0.80,0,0.00%,$0.00,$0.80,8,33.33%,$0.40,$1.20,,,,
Robinson Secondary,5/14/2025,30002,Sub Roll(Sub Roll),9,0,9,13,9,0,9,$2.79,0,0.00%,$0.00,$2.79,4,30.77%,$1.24,$4.03,,,,
Robinson Secondary,5/14/2025,30014,Whole Wheat Dinner Roll(2 rolls),0,0,0,210,113,87,200,$56.00,0,0.00%,$0.00,$56.00,10,4.76%,$2.80,$58.80,,,,
Robinson Secondary,5/14/2025,30039,Cherry Flavored Dried Cranberries(Each),254,0,254,270,238,0,238,$57.12,0,0.00%,$0.00,$57.12,32,11.85%,$7.68,$64.80,,,,
Robinson Secondary,5/14/2025,30061,Chilled Mandarin Oranges(1/2 cup (drained)),0,0,0,448,444,0,444,$150.96,0,0.00%,$0.00,$150.96,4,0.89%,$1.36,$152.32,,,,
Robinson Secondary,5/14/2025,30063,Ketchup Packet(Packet),556,0,556,600,400,0,400,$12.00,0,0.00%,$0.00,$12.00,200,33.33%,$6.00,$18.00,,,,
Robinson Secondary,5/14/2025,30064,Mayonnaise Packet(Packet),480,0,480,300,196,0,196,$19.60,0,0.00%,$0.00,$19.60,104,34.67%,$10.40,$30.00,,,,
Robinson Secondary,5/14/2025,30065,Mustard Packet(Packet),153,0,153,300,170,0,170,$8.50,0,0.00%,$0.00,$8.50,130,43.33%,$6.50,$15.00,,,,
Robinson Secondary,5/14/2025,30077,Italian Dressing(1 ounce),312,0,312,504,402,0,402,$32.16,0,0.00%,$0.00,$32.16,102,20.24%,$8.16,$40.32,,,,
Robinson Secondary,5/14/2025,30099,Chickpeas(1/4 cup),115,0,115,150,126,0,126,$11.34,0,0.00%,$0.00,$11.34,24,16.00%,$2.16,$13.50,,,,
Robinson Secondary,5/14/2025,30099,Chickpeas(2 Tablespoons),16,0,16,24,18,0,18,$0.72,0,0.00%,$0.00,$0.72,6,25.00%,$0.24,$0.96,,,,
Robinson Secondary,5/14/2025,30107,Ranch Dressing(1 ounce),592,0,592,648,588,0,588,$64.68,0,0.00%,$0.00,$64.68,60,9.26%,$6.60,$71.28,,,,
Robinson Secondary,5/14/2025,60007,Cheeseburger(Sandwich),0,0,0,150,123,27,150,$109.50,0,0.00%,$0.00,$109.50,0,0.00%,$0.00,$109.50,,,,
Robinson Secondary,5/14/2025,60035,PB&J Power Pack(Power Packs),153,0,153,72,67,5,72,$77.76,0,0.00%,$0.00,$77.76,0,0.00%,$0.00,$77.76,,,,
Robinson Secondary,5/14/2025,60036,Cherry Vanilla Yogurt Power Pack(Power Packs),10,0,10,36,33,0,33,$26.40,0,0.00%,$0.00,$26.40,3,8.33%,$2.40,$28.80,,,,
Robinson Secondary,5/14/2025,60040,Grilled Cheese Sandwich(Sandwich),22,0,22,56,28,18,46,$19.32,0,0.00%,$0.00,$19.32,10,17.86%,$4.20,$23.52,,,,
Robinson Secondary,5/14/2025,60047,Chicken Tenders(3 tenders),0,0,0,200,113,87,200,$188.00,0,0.00%,$0.00,$188.00,0,0.00%,$0.00,$188.00,,,,
Robinson Secondary,5/14/2025,60050,Chickenless Bites(2 Bites),9,0,9,8,7,0,7,$2.66,0,0.00%,$0.00,$2.66,1,12.50%,$0.38,$3.04,,,,
Robinson Secondary,5/14/2025,60050,Chickenless Bites(4 Bites),132,0,132,300,221,47,268,$203.68,0,0.00%,$0.00,$203.68,32,10.67%,$24.32,$228.00,,,,
Robinson Secondary,5/14/2025,60063,Chicken & Vegetable Dumplings(6 dumplings),215,0,215,120,77,14,91,$0.00,1,0.83%,$0.00,$0.00,28,23.33%,$0.00,$0.00,,,,
Robinson Secondary,5/14/2025,60075,Spicy Chicken Wrap(Wrap),53,0,53,75,61,9,70,$81.90,0,0.00%,$0.00,$81.90,5,6.67%,$5.85,$87.75,,,,
Robinson Secondary,5/14/2025,60077,Manager's Vegetable Choice(1/4 cup),439,0,439,537,510,0,510,$0.00,0,0.00%,$0.00,$0.00,27,5.03%,$0.00,$0.00,,,,
Robinson Secondary,5/14/2025,60078,Nachos with Turkey Barbacoa and Cheese Sauce(Serving),0,0,0,200,101,20,121,$160.93,0,0.00%,$0.00,$160.93,79,39.50%,$105.07,$266.00,,,,
Robinson Secondary,5/14/2025,60118,Creamy Cabbage Slaw(1/4 cup),0,0,0,80,80,0,80,$12.00,0,0.00%,$0.00,$12.00,0,0.00%,$0.00,$12.00,,,,
Robinson Secondary,5/14/2025,60124,Nachos with Cheese Sauce(Serving),0,0,0,345,298,45,343,$264.11,0,0.00%,$0.00,$264.11,2,0.58%,$1.54,$265.65,,,,
Rocky Run Middle,5/14/2025,10027,"Bread, Loco(flatbread)",112,0,112,100,97,0,97,$29.10,0,0.00%,$0.00,$29.10,3,3.00%,$0.90,$30.00,,,,
Rocky Run Middle,5/14/2025,10044,Soft Pretzel(1 pretzel),2,0,2,40,33,0,33,$7.26,0,0.00%,$0.00,$7.26,7,17.50%,$1.54,$8.80,,,,
Rocky Run Middle,5/14/2025,10058,Chicken & Vegetable Dumplings(6 dumplings),0,0,0,104,97,0,97,$0.00,0,0.00%,$0.00,$0.00,7,6.73%,$0.00,$0.00,,,,
Rocky Run Middle,5/14/2025,10075,Cheese Pizza(Slice),0,0,0,120,110,0,110,$62.70,0,0.00%,$0.00,$62.70,10,8.33%,$5.70,$68.40,,,,
Rocky Run Middle,5/14/2025,20001,1% White Milk(Each),23,0,23,98,49,0,49,$17.64,0,0.00%,$0.00,$17.64,49,50.00%,$17.64,$35.28,,,,
Rocky Run Middle,5/14/2025,20002,Fat Free Chocolate Milk(Each),135,0,135,226,131,0,131,$45.85,0,0.00%,$0.00,$45.85,95,42.04%,$33.25,$79.10,,,,
Rocky Run Middle,5/14/2025,20013,Gala Apple(Each),0,0,0,125,115,0,115,$42.55,0,0.00%,$0.00,$42.55,10,8.00%,$3.70,$46.25,,,,
Rocky Run Middle,5/14/2025,20023,Baby Carrots(3 baby carrots per 1/4 cup),0,0,0,10,9,0,9,$0.81,1,10.00%,$0.09,$0.90,0,0.00%,$0.00,$0.90,,,,
Rocky Run Middle,5/14/2025,20028,Lettuce Blend Salad Mix(1/2 cup),231,0,231,240,230,0,230,$18.40,0,0.00%,$0.00,$18.40,10,4.17%,$0.80,$19.20,,,,
Rocky Run Middle,5/14/2025,20031,Banana(Each),106,0,106,60,59,0,59,$12.39,1,1.67%,$0.21,$12.60,0,0.00%,$0.00,$12.60,,,,
Rocky Run Middle,5/14/2025,20036,Celery Sticks(1/2 cup),0,0,0,96,91,0,91,$50.05,0,0.00%,$0.00,$50.05,5,5.21%,$2.75,$52.80,,,,
Rocky Run Middle,5/14/2025,20038,Fat Free White Milk(Each),30,0,30,103,19,0,19,$6.27,0,0.00%,$0.00,$6.27,84,81.55%,$27.72,$33.99,,,,
Rocky Run Middle,5/14/2025,20077,"Peppers, red, pre-sliced(1/2 cup sliced)",0,0,0,70,55,0,55,$30.80,0,0.00%,$0.00,$30.80,15,21.43%,$8.40,$39.20,,,,
Rocky Run Middle,5/14/2025,30008,Apple Juice(Each),31,0,31,50,41,0,41,$6.97,0,0.00%,$0.00,$6.97,9,18.00%,$1.53,$8.50,,,,
Rocky Run Middle,5/14/2025,30044,Strawberry Flavored Dried Cranberries(Each),61,0,61,200,150,0,150,$36.00,0,0.00%,$0.00,$36.00,50,25.00%,$12.00,$48.00,,,,
Rocky Run Middle,5/14/2025,30063,Ketchup Packet(Packet),160,0,160,200,150,0,150,$4.50,0,0.00%,$0.00,$4.50,50,25.00%,$1.50,$6.00,,,,
Rocky Run Middle,5/14/2025,30064,Mayonnaise Packet(Packet),47,0,47,50,30,0,30,$3.00,0,0.00%,$0.00,$3.00,20,40.00%,$2.00,$5.00,,,,
Rocky Run Middle,5/14/2025,30065,Mustard Packet(Packet),34,0,34,50,20,0,20,$1.00,0,0.00%,$0.00,$1.00,30,60.00%,$1.50,$2.50,,,,
Rocky Run Middle,5/14/2025,30077,Italian Dressing(1 ounce),38,0,38,48,38,0,38,$3.04,0,0.00%,$0.00,$3.04,10,20.83%,$0.80,$3.84,,,,
Rocky Run Middle,5/14/2025,30097,Bottled Water(Bottle),33,0,33,35,34,0,34,$5.44,0,0.00%,$0.00,$5.44,1,2.86%,$0.16,$5.60,,,,
Rocky Run Middle,5/14/2025,30099,Chickpeas(1/4 cup),18,0,18,33,31,0,31,$2.79,2,6.06%,$0.18,$2.97,0,0.00%,$0.00,$2.97,,,,
Rocky Run Middle,5/14/2025,30107,Ranch Dressing(1 ounce),91,0,91,48,43,0,43,$4.73,0,0.00%,$0.00,$4.73,5,10.42%,$0.55,$5.28,,,,
Rocky Run Middle,5/14/2025,30116,SS Cheetos Fantastix Flaming Hot(Each),0,0,0,175,166,0,166,$64.74,0,0.00%,$0.00,$64.74,9,5.14%,$3.51,$68.25,,,,
Rocky Run Middle,5/14/2025,30124,"Fruit Snacks, Welch's Mixed(Each)",41,0,41,100,94,0,94,$37.60,0,0.00%,$0.00,$37.60,6,6.00%,$2.40,$40.00,,,,
Rocky Run Middle,5/14/2025,60037,Strawberry & Banana Yogurt Power Pack(Power Packs),2,0,2,20,17,0,17,$13.60,0,0.00%,$0.00,$13.60,3,15.00%,$2.40,$16.00,,,,
Rocky Run Middle,5/14/2025,60040,Grilled Cheese Sandwich(Sandwich),51,0,51,72,69,0,69,$28.98,0,0.00%,$0.00,$28.98,3,4.17%,$1.26,$30.24,,,,
Rocky Run Middle,5/14/2025,60050,Chickenless Bites(4 Bites),90,0,90,100,97,0,97,$73.72,0,0.00%,$0.00,$73.72,3,3.00%,$2.28,$76.00,,,,
Rocky Run Middle,5/14/2025,60075,Spicy Chicken Wrap(Wrap),10,0,10,48,45,0,45,$52.65,0,0.00%,$0.00,$52.65,3,6.25%,$3.51,$56.16,,,,
Rolling Valley Elementary,5/14/2025,10027,"Bread, Loco(1/2 piece)",0,0,0,70,69,0,69,$10.35,0,0.00%,$0.00,$10.35,1,1.43%,$0.15,$10.50,,,,
Rolling Valley Elementary,5/14/2025,10044,Soft Pretzel(1 pretzel),1,0,1,18,2,0,2,$0.44,0,0.00%,$0.00,$0.44,16,88.89%,$3.52,$3.96,,,,
Rolling Valley Elementary,5/14/2025,10058,Chicken & Vegetable Dumplings(6 dumplings),60,0,60,30,20,0,20,$0.00,0,0.00%,$0.00,$0.00,10,33.33%,$0.00,$0.00,,,,
Rolling Valley Elementary,5/14/2025,10070,Orange Sauce(ounce),60,0,60,30,26,0,26,$3.64,0,0.00%,$0.00,$3.64,4,13.33%,$0.56,$4.20,,,,
Rolling Valley Elementary,5/14/2025,20001,1% White Milk(Each),25,0,25,48,17,0,17,$6.12,0,0.00%,$0.00,$6.12,31,64.58%,$11.16,$17.28,,,,
Rolling Valley Elementary,5/14/2025,20002,Fat Free Chocolate Milk(Each),150,0,150,455,105,0,105,$36.75,0,0.00%,$0.00,$36.75,350,76.92%,$122.50,$159.25,,,,
Rolling Valley Elementary,5/14/2025,20027,Broccoli Florets(1/4 cup),72,0,72,0,0,0,0,$0.00,0,0.00%,$0.00,$0.00,0,0.00%,$0.00,$0.00,,,,
Rolling Valley Elementary,5/14/2025,20028,Lettuce Blend Salad Mix(1/2 cup),40,0,40,0,0,0,0,$0.00,0,0.00%,$0.00,$0.00,0,0.00%,$0.00,$0.00,,,,
Rolling Valley Elementary,5/14/2025,20031,Banana(Each),100,0,100,0,0,0,0,$0.00,0,0.00%,$0.00,$0.00,0,0.00%,$0.00,$0.00,,,,
Rolling Valley Elementary,5/14/2025,20038,Fat Free White Milk(Each),25,0,25,20,7,0,7,$2.31,0,0.00%,$0.00,$2.31,13,65.00%,$4.29,$6.60,,,,
Rolling Valley Elementary,5/14/2025,30020,Applesauce(1/4 cup),72,0,72,0,0,0,0,$0.00,0,0.00%,$0.00,$0.00,0,0.00%,$0.00,$0.00,,,,
Rolling Valley Elementary,5/14/2025,30039,Cherry Flavored Dried Cranberries(Each),0,0,0,0,0,0,0,$0.00,0,0.00%,$0.00,$0.00,0,0.00%,$0.00,$0.00,,,,
Rolling Valley Elementary,5/14/2025,30041,Orange Flavored Dried Cranberries(Each),0,0,0,0,0,0,0,$0.00,0,0.00%,$0.00,$0.00,0,0.00%,$0.00,$0.00,,,,
Rolling Valley Elementary,5/14/2025,30042,Original Flavored Dried Cranberries(Package),0,0,0,0,0,0,0,$0.00,0,0.00%,$0.00,$0.00,0,0.00%,$0.00,$0.00,,,,
Rolling Valley Elementary,5/14/2025,30043,Raspberry Lemonade Flavored Dried Cranberries(Each),50,0,50,0,0,0,0,$0.00,0,0.00%,$0.00,$0.00,0,0.00%,$0.00,$0.00,,,,
Rolling Valley Elementary,5/14/2025,30044,Strawberry Flavored Dried Cranberries(Each),0,0,0,0,0,0,0,$0.00,0,0.00%,$0.00,$0.00,0,0.00%,$0.00,$0.00,,,,
Rolling Valley Elementary,5/14/2025,30045,Watermelon Flavored Dried Cranberries(Each),0,0,0,0,0,0,0,$0.00,0,0.00%,$0.00,$0.00,0,0.00%,$0.00,$0.00,,,,
Rolling Valley Elementary,5/14/2025,30063,Ketchup Packet(Packet),100,0,100,100,57,0,57,$1.71,0,0.00%,$0.00,$1.71,43,43.00%,$1.29,$3.00,,,,
Rolling Valley Elementary,5/14/2025,30064,Mayonnaise Packet(Packet),25,0,25,50,12,0,12,$1.20,0,0.00%,$0.00,$1.20,38,76.00%,$3.80,$5.00,,,,
Rolling Valley Elementary,5/14/2025,30065,Mustard Packet(Packet),25,0,25,50,11,0,11,$0.55,0,0.00%,$0.00,$0.55,39,78.00%,$1.95,$2.50,,,,
Rolling Valley Elementary,5/14/2025,30077,Italian Dressing(1 ounce),24,0,24,24,12,0,12,$0.96,0,0.00%,$0.00,$0.96,12,50.00%,$0.96,$1.92,,,,
Rolling Valley Elementary,5/14/2025,30099,Chickpeas(1/4 cup),18,0,18,0,0,0,0,$0.00,0,0.00%,$0.00,$0.00,0,0.00%,$0.00,$0.00,,,,
Rolling Valley Elementary,5/14/2025,30107,Ranch Dressing(1 ounce),24,0,24,24,18,0,18,$1.98,0,0.00%,$0.00,$1.98,6,25.00%,$0.66,$2.64,,,,
Rolling Valley Elementary,5/14/2025,60035,PB&J Power Pack(Power Packs),50,0,50,80,68,7,75,$81.00,0,0.00%,$0.00,$81.00,5,6.25%,$5.40,$86.40,,,,
Rolling Valley Elementary,5/14/2025,60038,Peach Yogurt Power Pack(Power Packs),0,0,0,20,15,0,15,$12.00,0,0.00%,$0.00,$12.00,5,25.00%,$4.00,$16.00,,,,
Rolling Valley Elementary,5/14/2025,60050,Chickenless Bites(2 Bites),40,0,40,70,69,0,69,$26.22,0,0.00%,$0.00,$26.22,1,1.43%,$0.38,$26.60,,,,
Rolling Valley Elementary,5/14/2025,60077,Manager's Vegetable Choice(1/4 cup),72,0,72,0,0,0,0,$0.00,0,0.00%,$0.00,$0.00,0,0.00%,$0.00,$0.00,,,,
Rolling Valley Elementary,5/14/2025,60096,Strawberry Parfait(Parfait),0,0,0,10,4,0,4,$3.96,0,0.00%,$0.00,$3.96,6,60.00%,$5.94,$9.90,,,,
Rolling Valley Elementary,5/14/2025,60101,Chickpeas - salad bar entree(1/2 cup),1,0,1,18,2,0,2,$0.36,0,0.00%,$0.00,$0.36,16,88.89%,$2.88,$3.24,,,,
Rolling Valley Elementary,5/14/2025,60149,Hot Turkey & Cheese(sandwich),0,0,0,15,11,0,11,$14.30,0,0.00%,$0.00,$14.30,4,26.67%,$5.20,$19.50,,,,
Rose Hill Elementary,5/14/2025,10033,Chocolate Chip Cookie(1/2 Cookie),0,0,0,58,58,0,58,$8.12,0,0.00%,$0.00,$8.12,0,0.00%,$0.00,$8.12,,,,
Rose Hill Elementary,5/14/2025,10044,Soft Pretzel(1 pretzel),51,0,51,65,63,0,63,$13.86,0,0.00%,$0.00,$13.86,2,3.08%,$0.44,$14.30,,,,
Rose Hill Elementary,5/14/2025,10045,"Peanut Butter and Jelly Sandwich, IW(Each)",0,0,0,1,1,0,1,$0.67,0,0.00%,$0.00,$0.67,0,0.00%,$0.00,$0.67,,,,
Rose Hill Elementary,5/14/2025,10070,Orange Sauce(ounce),0,0,0,53,51,0,51,$7.14,2,3.77%,$0.28,$7.42,0,0.00%,$0.00,$7.42,,,,
Rose Hill Elementary,5/14/2025,20001,1% White Milk(Each),112,0,112,151,130,1,131,$47.16,0,0.00%,$0.00,$47.16,20,13.25%,$7.20,$54.36,,,,
Rose Hill Elementary,5/14/2025,20002,Fat Free Chocolate Milk(Each),220,0,220,220,202,0,202,$70.70,0,0.00%,$0.00,$70.70,18,8.18%,$6.30,$77.00,,,,
Rose Hill Elementary,5/14/2025,20014,Red Delicious Apple(Each - serving),12,0,12,13,13,0,13,$4.29,0,0.00%,$0.00,$4.29,0,0.00%,$0.00,$4.29,,,,
Rose Hill Elementary,5/14/2025,20017,Orange(1/4 cup),0,0,0,220,210,0,210,$35.70,0,0.00%,$0.00,$35.70,10,4.55%,$1.70,$37.40,,,,
Rose Hill Elementary,5/14/2025,20018,Red Seedless Grapes(8 grapes per 1/4 cup),87,0,87,120,120,0,120,$31.20,0,0.00%,$0.00,$31.20,0,0.00%,$0.00,$31.20,,,,
Rose Hill Elementary,5/14/2025,20027,Broccoli Florets(1/4 cup),138,0,138,138,133,0,133,$10.64,0,0.00%,$0.00,$10.64,5,3.62%,$0.40,$11.04,,,,
Rose Hill Elementary,5/14/2025,20028,Lettuce Blend Salad Mix(1/2 cup),98,0,98,120,115,0,115,$9.20,0,0.00%,$0.00,$9.20,5,4.17%,$0.40,$9.60,,,,
Rose Hill Elementary,5/14/2025,20031,Banana(Each),0,0,0,200,195,0,195,$40.95,0,0.00%,$0.00,$40.95,5,2.50%,$1.05,$42.00,,,,
Rose Hill Elementary,5/14/2025,20038,Fat Free White Milk(Each),12,0,12,20,10,0,10,$3.30,0,0.00%,$0.00,$3.30,10,50.00%,$3.30,$6.60,,,,
Rose Hill Elementary,5/14/2025,20040,Cucumber Slices(6 Slices per 1/2 cup),12,0,12,14,13,1,14,$1.68,0,0.00%,$0.00,$1.68,0,0.00%,$0.00,$1.68,,,,
Rose Hill Elementary,5/14/2025,30003,Honey Cheerios Cereal(Each),0,0,0,2,2,0,2,$1.18,0,0.00%,$0.00,$1.18,0,0.00%,$0.00,$1.18,,,,
Rose Hill Elementary,5/14/2025,30008,Apple Juice(Each),0,0,0,27,27,0,27,$4.59,0,0.00%,$0.00,$4.59,0,0.00%,$0.00,$4.59,,,,
Rose Hill Elementary,5/14/2025,30009,Orange Tangerine Juice(Each),0,0,0,3,3,0,3,$0.51,0,0.00%,$0.00,$0.51,0,0.00%,$0.00,$0.51,,,,
Rose Hill Elementary,5/14/2025,30014,Whole Wheat Dinner Roll(Each),127,0,127,187,179,1,180,$25.20,0,0.00%,$0.00,$25.20,7,3.74%,$0.98,$26.18,,,,
Rose Hill Elementary,5/14/2025,30020,Applesauce(1/2 Cup),28,0,28,30,29,1,30,$6.30,0,0.00%,$0.00,$6.30,0,0.00%,$0.00,$6.30,,,,
Rose Hill Elementary,5/14/2025,30033,Cheez-Its Crackers(Package),11,0,11,13,13,0,13,$2.34,0,0.00%,$0.00,$2.34,0,0.00%,$0.00,$2.34,,,,
Rose Hill Elementary,5/14/2025,30039,Cherry Flavored Dried Cranberries(2 Eaches),0,0,0,50,31,0,31,$14.88,0,0.00%,$0.00,$14.88,19,38.00%,$9.12,$24.00,,,,
Rose Hill Elementary,5/14/2025,30077,Italian Dressing(1 ounce),13,0,13,20,15,0,15,$1.20,0,0.00%,$0.00,$1.20,5,25.00%,$0.40,$1.60,,,,
Rose Hill Elementary,5/14/2025,30094,Doritos Wild White Nacho Flavored Tortilla Chips(Bag),0,0,0,8,8,0,8,$2.80,0,0.00%,$0.00,$2.80,0,0.00%,$0.00,$2.80,,,,
Rose Hill Elementary,5/14/2025,30097,Bottled Water(Bottle),0,0,0,6,6,0,6,$0.96,0,0.00%,$0.00,$0.96,0,0.00%,$0.00,$0.96,,,,
Rose Hill Elementary,5/14/2025,30099,Chickpeas(1/4 cup),24,0,24,30,22,0,22,$1.98,0,0.00%,$0.00,$1.98,8,26.67%,$0.72,$2.70,,,,
Rose Hill Elementary,5/14/2025,30107,Ranch Dressing(1 ounce),47,0,47,55,50,0,50,$5.50,0,0.00%,$0.00,$5.50,5,9.09%,$0.55,$6.05,,,,
Rose Hill Elementary,5/14/2025,30109,Smartfood RF White Cheddar Popcorn(Each),0,0,0,25,25,0,25,$9.25,0,0.00%,$0.00,$9.25,0,0.00%,$0.00,$9.25,,,,
Rose Hill Elementary,5/14/2025,60035,PB&J Power Pack(Power Packs),89,0,89,95,89,0,89,$96.12,0,0.00%,$0.00,$96.12,6,6.32%,$6.48,$102.60,,,,
Rose Hill Elementary,5/14/2025,60038,Peach Yogurt Power Pack(Power Packs),29,0,29,30,20,0,20,$16.00,0,0.00%,$0.00,$16.00,10,33.33%,$8.00,$24.00,,,,
Rose Hill Elementary,5/14/2025,60045,Cucumber Slices(1/2 cup),16,0,16,16,16,0,16,$1.28,0,0.00%,$0.00,$1.28,0,0.00%,$0.00,$1.28,,,,
Rose Hill Elementary,5/14/2025,60047,Chicken Tenders(3 tenders),24,0,24,33,28,5,33,$31.02,0,0.00%,$0.00,$31.02,0,0.00%,$0.00,$31.02,,,,
Rose Hill Elementary,5/14/2025,60050,Chickenless Bites(4 Bites),92,0,92,152,150,0,150,$114.00,0,0.00%,$0.00,$114.00,2,1.32%,$1.52,$115.52,,,,
Rose Hill Elementary,5/14/2025,60063,Chicken & Vegetable Dumplings(6 dumplings),0,0,0,53,47,4,51,$0.00,2,3.77%,$0.00,$0.00,0,0.00%,$0.00,$0.00,,,,
Rose Hill Elementary,5/14/2025,60064,Vegetable Dumpling(6 dumplings),0,0,0,26,25,0,25,$0.00,1,3.85%,$0.00,$0.00,0,0.00%,$0.00,$0.00,,,,
Rose Hill Elementary,5/14/2025,60077,Manager's Vegetable Choice(1/4 cup),207,0,207,220,215,0,215,$0.00,0,0.00%,$0.00,$0.00,5,2.27%,$0.00,$0.00,,,,
Rose Hill Elementary,5/14/2025,60101,Chickpeas - salad bar entree(1/2 cup),1,0,1,10,3,0,3,$0.54,0,0.00%,$0.00,$0.54,7,70.00%,$1.26,$1.80,,,,
SOUTH COUNTY HS,5/14/2025,10001,"Patty, Chicken, Breaded, WG(2 strips)",29,0,29,24,4,0,4,$0.88,0,0.00%,$0.00,$0.88,20,83.33%,$4.40,$5.28,,,,
SOUTH COUNTY HS,5/14/2025,10044,Soft Pretzel(1 pretzel),122,0,122,100,93,0,93,$20.46,0,0.00%,$0.00,$20.46,7,7.00%,$1.54,$22.00,,,,
SOUTH COUNTY HS,5/14/2025,10049,"WG 10"" Flour Tortilla(Tortilla)",33,0,33,50,10,0,10,$3.50,0,0.00%,$0.00,$3.50,40,80.00%,$14.00,$17.50,,,,
SOUTH COUNTY HS,5/14/2025,10051,"Turkey,  Breast, Pre-Sliced, Oven Roasted(3 Slices)",7,0,7,5,4,0,4,$2.16,0,0.00%,$0.00,$2.16,1,20.00%,$0.54,$2.70,,,,
SOUTH COUNTY HS,5/14/2025,10062,Corn(2 Tablespoons (thawed)),37,0,37,50,29,0,29,$1.45,0,0.00%,$0.00,$1.45,21,42.00%,$1.05,$2.50,,,,
SOUTH COUNTY HS,5/14/2025,20001,1% White Milk(Each),110,0,110,250,90,0,90,$32.40,0,0.00%,$0.00,$32.40,160,64.00%,$57.60,$90.00,,,,
SOUTH COUNTY HS,5/14/2025,20002,Fat Free Chocolate Milk(Each),644,0,644,750,529,0,529,$185.15,0,0.00%,$0.00,$185.15,221,29.47%,$77.35,$262.50,,,,
SOUTH COUNTY HS,5/14/2025,20006,"Cheese, Shredded, Cheddar(1/4 cup)",8,0,8,8,4,0,4,$0.68,0,0.00%,$0.00,$0.68,4,50.00%,$0.68,$1.36,,,,
SOUTH COUNTY HS,5/14/2025,20008,Apple Slices(3 slices per 1/4 cup),286,0,286,300,190,0,190,$112.10,0,0.00%,$0.00,$112.10,110,36.67%,$64.90,$177.00,,,,
SOUTH COUNTY HS,5/14/2025,20008,Apple Slices(6 Slices per 1/2 cup),62,0,62,50,33,0,33,$38.94,0,0.00%,$0.00,$38.94,17,34.00%,$20.06,$59.00,,,,
SOUTH COUNTY HS,5/14/2025,20018,Red Seedless Grapes(2 Tablespoons),44,0,44,50,31,0,31,$4.03,0,0.00%,$0.00,$4.03,19,38.00%,$2.47,$6.50,,,,
SOUTH COUNTY HS,5/14/2025,20023,Baby Carrots(6 Baby Carrots per 1/2 cup),36,0,36,50,40,0,40,$6.80,0,0.00%,$0.00,$6.80,10,20.00%,$1.70,$8.50,,,,
SOUTH COUNTY HS,5/14/2025,20027,Broccoli Florets(1/4 cup),154,0,154,200,133,0,133,$10.64,0,0.00%,$0.00,$10.64,67,33.50%,$5.36,$16.00,,,,
SOUTH COUNTY HS,5/14/2025,20028,Lettuce Blend Salad Mix(1/2 cup),298,0,298,350,241,0,241,$19.28,0,0.00%,$0.00,$19.28,109,31.14%,$8.72,$28.00,,,,
SOUTH COUNTY HS,5/14/2025,20031,Banana(Each),274,0,274,300,231,0,231,$48.51,0,0.00%,$0.00,$48.51,69,23.00%,$14.49,$63.00,,,,
SOUTH COUNTY HS,5/14/2025,20035,"Onions, Red, Whole(2 Tablespoons (sliced))",41,0,41,50,31,0,31,$0.93,0,0.00%,$0.00,$0.93,19,38.00%,$0.57,$1.50,,,,
SOUTH COUNTY HS,5/14/2025,20038,Fat Free White Milk(Each),62,0,62,150,49,0,49,$16.17,0,0.00%,$0.00,$16.17,101,67.33%,$33.33,$49.50,,,,
SOUTH COUNTY HS,5/14/2025,20040,Cucumber Slices(2 Tablespoon),31,0,31,50,37,0,37,$1.11,0,0.00%,$0.00,$1.11,13,26.00%,$0.39,$1.50,,,,
SOUTH COUNTY HS,5/14/2025,20041,"Peppers, Green, Whole(2 Tablespoon)",40,0,40,50,39,0,39,$2.34,0,0.00%,$0.00,$2.34,11,22.00%,$0.66,$3.00,,,,
SOUTH COUNTY HS,5/14/2025,20042,"Peppers, Red, Whole(2 Tablespoons)",39,0,39,50,33,0,33,$1.65,0,0.00%,$0.00,$1.65,17,34.00%,$0.85,$2.50,,,,
SOUTH COUNTY HS,5/14/2025,30002,Sub Roll(Sub Roll),8,0,8,50,2,0,2,$0.62,0,0.00%,$0.00,$0.62,48,96.00%,$14.88,$15.50,,,,
SOUTH COUNTY HS,5/14/2025,30014,Whole Wheat Dinner Roll(2 rolls),0,0,0,80,70,0,70,$19.60,0,0.00%,$0.00,$19.60,10,12.50%,$2.80,$22.40,,,,
SOUTH COUNTY HS,5/14/2025,30039,Cherry Flavored Dried Cranberries(Each),33,0,33,50,29,0,29,$6.96,0,0.00%,$0.00,$6.96,21,42.00%,$5.04,$12.00,,,,
SOUTH COUNTY HS,5/14/2025,30041,Orange Flavored Dried Cranberries(Each),40,0,40,50,40,0,40,$9.60,0,0.00%,$0.00,$9.60,10,20.00%,$2.40,$12.00,,,,
SOUTH COUNTY HS,5/14/2025,30043,Raspberry Lemonade Flavored Dried Cranberries(Each),80,0,80,150,60,0,60,$14.40,0,0.00%,$0.00,$14.40,90,60.00%,$21.60,$36.00,,,,
SOUTH COUNTY HS,5/14/2025,30044,Strawberry Flavored Dried Cranberries(Each),92,0,92,150,90,0,90,$21.60,0,0.00%,$0.00,$21.60,60,40.00%,$14.40,$36.00,,,,
SOUTH COUNTY HS,5/14/2025,30045,Watermelon Flavored Dried Cranberries(Each),272,0,272,150,75,0,75,$18.00,0,0.00%,$0.00,$18.00,75,50.00%,$18.00,$36.00,,,,
SOUTH COUNTY HS,5/14/2025,30063,Ketchup Packet(Packet),726,0,726,700,602,0,602,$18.06,0,0.00%,$0.00,$18.06,98,14.00%,$2.94,$21.00,,,,
SOUTH COUNTY HS,5/14/2025,30064,Mayonnaise Packet(Packet),570,0,570,550,458,0,458,$45.80,0,0.00%,$0.00,$45.80,92,16.73%,$9.20,$55.00,,,,
SOUTH COUNTY HS,5/14/2025,30065,Mustard Packet(Packet),565,0,565,550,445,0,445,$22.25,0,0.00%,$0.00,$22.25,105,19.09%,$5.25,$27.50,,,,
SOUTH COUNTY HS,5/14/2025,30077,Italian Dressing(1 ounce),21,0,21,50,10,0,10,$0.80,0,0.00%,$0.00,$0.80,40,80.00%,$3.20,$4.00,,,,
SOUTH COUNTY HS,5/14/2025,30099,Chickpeas(1/4 cup),146,0,146,200,151,0,151,$13.59,0,0.00%,$0.00,$13.59,49,24.50%,$4.41,$18.00,,,,
SOUTH COUNTY HS,5/14/2025,30099,Chickpeas(2 Tablespoons),36,0,36,50,25,0,25,$1.00,0,0.00%,$0.00,$1.00,25,50.00%,$1.00,$2.00,,,,
SOUTH COUNTY HS,5/14/2025,30107,Ranch Dressing(1 ounce),583,0,583,550,456,0,456,$50.16,0,0.00%,$0.00,$50.16,94,17.09%,$10.34,$60.50,,,,
SOUTH COUNTY HS,5/14/2025,60007,Cheeseburger(Sandwich),0,0,0,146,84,50,134,$97.82,0,0.00%,$0.00,$97.82,12,8.22%,$8.76,$106.58,,,,
SOUTH COUNTY HS,5/14/2025,60020,"Quesadilla, Turkey Barbacoa and Cheese(Quesadilla)",95,10,105,180,135,0,135,$164.70,0,0.00%,$0.00,$164.70,45,25.00%,$54.90,$219.60,,,,
SOUTH COUNTY HS,5/14/2025,60035,PB&J Power Pack(Power Packs),88,0,88,70,67,0,67,$72.36,0,0.00%,$0.00,$72.36,3,4.29%,$3.24,$75.60,,,,
SOUTH COUNTY HS,5/14/2025,60040,Grilled Cheese Sandwich(Sandwich),41,4,45,32,20,0,20,$8.40,6,18.75%,$2.52,$10.92,6,18.75%,$2.52,$13.44,,,,
SOUTH COUNTY HS,5/14/2025,60050,Chickenless Bites(4 Bites),77,21,98,80,70,0,70,$53.20,0,0.00%,$0.00,$53.20,10,12.50%,$7.60,$60.80,,,,
SOUTH COUNTY HS,5/14/2025,60062,Chilled Pineapple(1/2 cup),49,0,49,50,40,0,40,$12.00,0,0.00%,$0.00,$12.00,10,20.00%,$3.00,$15.00,,,,
SOUTH COUNTY HS,5/14/2025,60070,Nachos with Taco Meat and Cheese Sauce(Serving Size),0,0,0,300,146,50,196,$156.80,0,0.00%,$0.00,$156.80,104,34.67%,$83.20,$240.00,,,,
SOUTH COUNTY HS,5/14/2025,60075,Spicy Chicken Wrap(Wrap),60,4,64,40,36,0,36,$42.12,0,0.00%,$0.00,$42.12,4,10.00%,$4.68,$46.80,,,,
SOUTH COUNTY HS,5/14/2025,60077,Manager's Vegetable Choice(1/4 cup),497,0,497,350,266,0,266,$0.00,0,0.00%,$0.00,$0.00,84,24.00%,$0.00,$0.00,,,,
SOUTH COUNTY HS,5/14/2025,60080,Cheese Pizza(Slice),0,0,0,12,10,0,10,$5.70,2,16.67%,$1.14,$6.84,0,0.00%,$0.00,$6.84,,,,
SOUTH COUNTY HS,5/14/2025,60087,Sweet Thai Chili Chicken Wings(3 Wings),0,0,0,100,51,24,75,$90.75,0,0.00%,$0.00,$90.75,25,25.00%,$30.25,$121.00,,,,
SOUTH COUNTY HS,5/14/2025,60101,Chickpeas - salad bar entree(1/2 cup),30,0,30,25,23,0,23,$4.14,0,0.00%,$0.00,$4.14,2,8.00%,$0.36,$4.50,,,,
SOUTH COUNTY HS,5/14/2025,60150,Strawberry Parfait Power Pack(Power Pack),0,0,0,50,40,0,40,$65.20,0,0.00%,$0.00,$65.20,10,20.00%,$16.30,$81.50,,,,
Sandburg Middle,5/14/2025,10042,"Pasta, Lasagna Roll-Up, Cheese(Each)",0,0,0,60,60,0,60,$50.40,0,0.00%,$0.00,$50.40,0,0.00%,$0.00,$50.40,,,,
Sandburg Middle,5/14/2025,10075,Cheese Pizza(Slice),0,0,0,30,30,0,30,$17.10,0,0.00%,$0.00,$17.10,0,0.00%,$0.00,$17.10,,,,
Sandburg Middle,5/14/2025,20002,Fat Free Chocolate Milk(Each),350,0,350,1179,371,0,371,$129.85,0,0.00%,$0.00,$129.85,808,68.53%,$282.80,$412.65,,,,
Sandburg Middle,5/14/2025,20017,Orange(1/4 cup),0,0,0,140,128,0,128,$21.76,0,0.00%,$0.00,$21.76,12,8.57%,$2.04,$23.80,,,,
Sandburg Middle,5/14/2025,20027,Broccoli Florets(1/4 cup),95,0,95,80,80,0,80,$6.40,0,0.00%,$0.00,$6.40,0,0.00%,$0.00,$6.40,,,,
Sandburg Middle,5/14/2025,20028,Lettuce Blend Salad Mix(1/2 cup),120,0,120,120,120,0,120,$9.60,0,0.00%,$0.00,$9.60,0,0.00%,$0.00,$9.60,,,,
Sandburg Middle,5/14/2025,20031,Banana(Each),224,0,224,220,220,0,220,$46.20,0,0.00%,$0.00,$46.20,0,0.00%,$0.00,$46.20,,,,
Sandburg Middle,5/14/2025,20038,Fat Free White Milk(Each),28,0,28,51,14,0,14,$4.62,0,0.00%,$0.00,$4.62,37,72.55%,$12.21,$16.83,,,,
Sandburg Middle,5/14/2025,30045,Watermelon Flavored Dried Cranberries(Each),122,0,122,200,200,0,200,$48.00,0,0.00%,$0.00,$48.00,0,0.00%,$0.00,$48.00,,,,
Sandburg Middle,5/14/2025,30063,Ketchup Packet(Packet),284,0,284,150,150,0,150,$4.50,0,0.00%,$0.00,$4.50,0,0.00%,$0.00,$4.50,,,,
Sandburg Middle,5/14/2025,30064,Mayonnaise Packet(Packet),200,0,200,120,120,0,120,$12.00,0,0.00%,$0.00,$12.00,0,0.00%,$0.00,$12.00,,,,
Sandburg Middle,5/14/2025,30099,Chickpeas(1/4 cup),30,0,30,25,13,0,13,$1.17,0,0.00%,$0.00,$1.17,12,48.00%,$1.08,$2.25,,,,
Sandburg Middle,5/14/2025,30107,Ranch Dressing(1 ounce),196,0,196,120,120,0,120,$13.20,0,0.00%,$0.00,$13.20,0,0.00%,$0.00,$13.20,,,,
Sandburg Middle,5/14/2025,60002,Chicken Quesadilla(quesadilla),0,0,0,96,96,0,96,$67.20,0,0.00%,$0.00,$67.20,0,0.00%,$0.00,$67.20,,,,
Sandburg Middle,5/14/2025,60032,Blueberry Parfait(Parfait),0,0,0,5,0,0,0,$0.00,0,0.00%,$0.00,$0.00,5,100.00%,$0.00,$0.00,,,,
Sandburg Middle,5/14/2025,60035,PB&J Power Pack(Power Packs),131,0,131,276,268,0,268,$289.44,0,0.00%,$0.00,$289.44,8,2.90%,$8.64,$298.08,,,,
Sandburg Middle,5/14/2025,60038,Peach Yogurt Power Pack(Power Packs),3,0,3,2,1,0,1,$0.80,0,0.00%,$0.00,$0.80,1,50.00%,$0.80,$1.60,,,,
Sandburg Middle,5/14/2025,60047,Chicken Tenders(3 tenders),0,0,0,15,15,0,15,$14.10,0,0.00%,$0.00,$14.10,0,0.00%,$0.00,$14.10,,,,
Sandburg Middle,5/14/2025,60075,Spicy Chicken Wrap(Wrap),94,0,94,86,84,0,84,$98.28,0,0.00%,$0.00,$98.28,2,2.33%,$2.34,$100.62,,,,
Sandburg Middle,5/14/2025,60077,Manager's Vegetable Choice(1/4 cup),79,0,79,80,80,0,80,$0.00,0,0.00%,$0.00,$0.00,0,0.00%,$0.00,$0.00,,,,
Sandburg Middle,5/14/2025,60124,Nachos with Cheese Sauce(Serving),0,0,0,108,108,0,108,$83.16,0,0.00%,$0.00,$83.16,0,0.00%,$0.00,$83.16,,,,
Sangster Elementary,5/14/2025,10044,Soft Pretzel(1 pretzel),60,0,60,70,70,0,70,$15.40,0,0.00%,$0.00,$15.40,0,0.00%,$0.00,$15.40,,,,
Sangster Elementary,5/14/2025,10058,Chicken & Vegetable Dumplings(6 dumplings),100,0,100,60,45,15,60,$0.00,0,0.00%,$0.00,$0.00,0,0.00%,$0.00,$0.00,,,,
Sangster Elementary,5/14/2025,10070,Orange Sauce(ounce),100,0,100,60,60,0,60,$8.40,0,0.00%,$0.00,$8.40,0,0.00%,$0.00,$8.40,,,,
Sangster Elementary,5/14/2025,10075,Cheese Pizza(Slice),0,0,0,29,14,15,29,$16.53,0,0.00%,$0.00,$16.53,0,0.00%,$0.00,$16.53,,,,
Sangster Elementary,5/14/2025,20001,1% White Milk(Each),25,0,25,177,32,0,32,$11.52,0,0.00%,$0.00,$11.52,145,81.92%,$52.20,$63.72,,,,
Sangster Elementary,5/14/2025,20002,Fat Free Chocolate Milk(Each),200,0,200,816,66,0,66,$23.10,0,0.00%,$0.00,$23.10,750,91.91%,$262.50,$285.60,,,,
Sangster Elementary,5/14/2025,20008,Apple Slices(3 slices per 1/4 cup),0,0,0,232,232,0,232,$136.88,0,0.00%,$0.00,$136.88,0,0.00%,$0.00,$136.88,,,,
Sangster Elementary,5/14/2025,20013,Gala Apple(Each),0,0,0,150,150,0,150,$55.50,0,0.00%,$0.00,$55.50,0,0.00%,$0.00,$55.50,,,,
Sangster Elementary,5/14/2025,20028,Lettuce Blend Salad Mix(1/2 cup),160,0,160,160,160,0,160,$12.80,0,0.00%,$0.00,$12.80,0,0.00%,$0.00,$12.80,,,,
Sangster Elementary,5/14/2025,20031,Banana(Each),160,0,160,160,160,0,160,$33.60,0,0.00%,$0.00,$33.60,0,0.00%,$0.00,$33.60,,,,
Sangster Elementary,5/14/2025,20036,Celery Sticks(1/2 cup),0,0,0,144,144,0,144,$79.20,0,0.00%,$0.00,$79.20,0,0.00%,$0.00,$79.20,,,,
Sangster Elementary,5/14/2025,20038,Fat Free White Milk(Each),25,0,25,196,10,0,10,$3.30,0,0.00%,$0.00,$3.30,186,94.90%,$61.38,$64.68,,,,
Sangster Elementary,5/14/2025,30009,Orange Tangerine Juice(Each),0,0,0,97,97,0,97,$16.49,0,0.00%,$0.00,$16.49,0,0.00%,$0.00,$16.49,,,,
Sangster Elementary,5/14/2025,30014,Whole Wheat Dinner Roll(Each),200,0,200,200,200,0,200,$28.00,0,0.00%,$0.00,$28.00,0,0.00%,$0.00,$28.00,,,,
Sangster Elementary,5/14/2025,30044,Strawberry Flavored Dried Cranberries(Each),74,0,74,80,80,0,80,$19.20,0,0.00%,$0.00,$19.20,0,0.00%,$0.00,$19.20,,,,
Sangster Elementary,5/14/2025,30063,Ketchup Packet(Packet),184,0,184,200,200,0,200,$6.00,0,0.00%,$0.00,$6.00,0,0.00%,$0.00,$6.00,,,,
Sangster Elementary,5/14/2025,30064,Mayonnaise Packet(Packet),112,0,112,200,200,0,200,$20.00,0,0.00%,$0.00,$20.00,0,0.00%,$0.00,$20.00,,,,
Sangster Elementary,5/14/2025,30065,Mustard Packet(Packet),114,0,114,200,200,0,200,$10.00,0,0.00%,$0.00,$10.00,0,0.00%,$0.00,$10.00,,,,
Sangster Elementary,5/14/2025,30077,Italian Dressing(1 ounce),24,0,24,24,24,0,24,$1.92,0,0.00%,$0.00,$1.92,0,0.00%,$0.00,$1.92,,,,
Sangster Elementary,5/14/2025,30107,Ranch Dressing(1 ounce),24,0,24,24,24,0,24,$2.64,0,0.00%,$0.00,$2.64,0,0.00%,$0.00,$2.64,,,,
Sangster Elementary,5/14/2025,60035,PB&J Power Pack(Power Packs),72,0,72,107,46,10,56,$60.48,0,0.00%,$0.00,$60.48,51,47.66%,$55.08,$115.56,,,,
Sangster Elementary,5/14/2025,60036,Cherry Vanilla Yogurt Power Pack(Power Packs),10,0,10,15,6,0,6,$4.80,0,0.00%,$0.00,$4.80,9,60.00%,$7.20,$12.00,,,,
Sangster Elementary,5/14/2025,60037,Strawberry & Banana Yogurt Power Pack(Power Packs),10,0,10,10,4,1,5,$4.00,0,0.00%,$0.00,$4.00,5,50.00%,$4.00,$8.00,,,,
Sangster Elementary,5/14/2025,60038,Peach Yogurt Power Pack(Power Packs),10,0,10,15,4,0,4,$3.20,0,0.00%,$0.00,$3.20,11,73.33%,$8.80,$12.00,,,,
Sangster Elementary,5/14/2025,60050,Chickenless Bites(2 Bites),200,0,200,150,135,15,150,$57.00,0,0.00%,$0.00,$57.00,0,0.00%,$0.00,$57.00,,,,
Sangster Elementary,5/14/2025,60060,Hamburger(Sandwich),0,0,0,64,49,15,64,$42.88,0,0.00%,$0.00,$42.88,0,0.00%,$0.00,$42.88,,,,
Sangster Elementary,5/14/2025,60077,Manager's Vegetable Choice(1/4 cup),205,0,205,250,250,0,250,$0.00,0,0.00%,$0.00,$0.00,0,0.00%,$0.00,$0.00,,,,
Sangster Elementary,5/14/2025,60100,Black Beans - salad bar entree(1/2 cup),0,0,0,33,33,0,33,$5.61,0,0.00%,$0.00,$5.61,0,0.00%,$0.00,$5.61,,,,
Saratoga Elementary,5/14/2025,10044,Soft Pretzel(1 pretzel),7,0,7,2,2,0,2,$0.44,0,0.00%,$0.00,$0.44,0,0.00%,$0.00,$0.44,,,,
Saratoga Elementary,5/14/2025,10070,Orange Sauce(ounce),50,0,50,65,60,0,60,$8.40,0,0.00%,$0.00,$8.40,5,7.69%,$0.70,$9.10,,,,
Saratoga Elementary,5/14/2025,20001,1% White Milk(Each),50,0,50,212,46,0,46,$16.56,0,0.00%,$0.00,$16.56,166,78.30%,$59.76,$76.32,,,,
Saratoga Elementary,5/14/2025,20002,Fat Free Chocolate Milk(Each),193,0,193,314,194,0,194,$67.90,0,0.00%,$0.00,$67.90,120,38.22%,$42.00,$109.90,,,,
Saratoga Elementary,5/14/2025,20014,Red Delicious Apple(Each - serving),31,0,31,27,27,0,27,$8.91,0,0.00%,$0.00,$8.91,0,0.00%,$0.00,$8.91,,,,
Saratoga Elementary,5/14/2025,20015,Golden Delicious Apple(Each),0,0,0,125,119,0,119,$36.89,0,0.00%,$0.00,$36.89,6,4.80%,$1.86,$38.75,,,,
Saratoga Elementary,5/14/2025,20016,String Cheese(Each),2,0,2,5,0,0,0,$0.00,0,0.00%,$0.00,$0.00,5,100.00%,$0.00,$0.00,,,,
Saratoga Elementary,5/14/2025,20027,Broccoli Florets(1/4 cup),57,0,57,0,0,0,0,$0.00,0,0.00%,$0.00,$0.00,0,0.00%,$0.00,$0.00,,,,
Saratoga Elementary,5/14/2025,20028,Lettuce Blend Salad Mix(1/2 cup),123,0,123,0,0,0,0,$0.00,0,0.00%,$0.00,$0.00,0,0.00%,$0.00,$0.00,,,,
Saratoga Elementary,5/14/2025,20031,Banana(Each),0,0,0,80,78,0,78,$16.38,0,0.00%,$0.00,$16.38,2,2.50%,$0.42,$16.80,,,,
Saratoga Elementary,5/14/2025,20038,Fat Free White Milk(Each),9,0,9,87,8,0,8,$2.64,0,0.00%,$0.00,$2.64,79,90.80%,$26.07,$28.71,,,,
Saratoga Elementary,5/14/2025,20040,Cucumber Slices(6 Slices per 1/2 cup),30,0,30,27,27,0,27,$3.24,0,0.00%,$0.00,$3.24,0,0.00%,$0.00,$3.24,,,,
Saratoga Elementary,5/14/2025,20043,"Lactose Free, White Milk(Each)",0,0,0,4,4,0,4,$2.32,0,0.00%,$0.00,$2.32,0,0.00%,$0.00,$2.32,,,,
Saratoga Elementary,5/14/2025,20047,Orange Slices(3 slices per 1/4 cup),0,0,0,100,95,0,95,$19.00,0,0.00%,$0.00,$19.00,5,5.00%,$1.00,$20.00,,,,
Saratoga Elementary,5/14/2025,20052,Assorted  4 oz Yogurt(Container),2,0,2,5,0,0,0,$0.00,0,0.00%,$0.00,$0.00,5,100.00%,$0.00,$0.00,,,,
Saratoga Elementary,5/14/2025,30008,Apple Juice(Each),10,0,10,15,12,0,12,$2.04,0,0.00%,$0.00,$2.04,3,20.00%,$0.51,$2.55,,,,
Saratoga Elementary,5/14/2025,30020,Applesauce(1/2 Cup),31,0,31,27,27,0,27,$5.67,0,0.00%,$0.00,$5.67,0,0.00%,$0.00,$5.67,,,,
Saratoga Elementary,5/14/2025,30031,Strawberry Chex Mix(Package),10,0,10,10,0,0,0,$0.00,0,0.00%,$0.00,$0.00,10,100.00%,$0.00,$0.00,,,,
Saratoga Elementary,5/14/2025,30033,Cheez-Its Crackers(Package),30,0,30,27,27,0,27,$4.86,0,0.00%,$0.00,$4.86,0,0.00%,$0.00,$4.86,,,,
Saratoga Elementary,5/14/2025,30045,Watermelon Flavored Dried Cranberries(Each),10,0,10,50,27,0,27,$6.48,0,0.00%,$0.00,$6.48,23,46.00%,$5.52,$12.00,,,,
Saratoga Elementary,5/14/2025,30077,Italian Dressing(1 ounce),15,0,15,25,17,0,17,$1.36,0,0.00%,$0.00,$1.36,8,32.00%,$0.64,$2.00,,,,
Saratoga Elementary,5/14/2025,30097,Bottled Water(Bottle),25,0,25,20,16,0,16,$2.56,0,0.00%,$0.00,$2.56,4,20.00%,$0.64,$3.20,,,,
Saratoga Elementary,5/14/2025,30099,Chickpeas(1/4 cup),10,0,10,0,0,0,0,$0.00,0,0.00%,$0.00,$0.00,0,0.00%,$0.00,$0.00,,,,
Saratoga Elementary,5/14/2025,30107,Ranch Dressing(1 ounce),38,0,38,50,40,0,40,$4.40,0,0.00%,$0.00,$4.40,10,20.00%,$1.10,$5.50,,,,
Saratoga Elementary,5/14/2025,30109,Smartfood RF White Cheddar Popcorn(Each),75,0,75,0,0,0,0,$0.00,0,0.00%,$0.00,$0.00,0,0.00%,$0.00,$0.00,,,,
Saratoga Elementary,5/14/2025,30112,Doritos RF Nacho Cheese(Each),0,0,0,80,78,0,78,$28.86,0,0.00%,$0.00,$28.86,2,2.50%,$0.74,$29.60,,,,
Saratoga Elementary,5/14/2025,30188,"Milk, Soy, Plain, Bulk (12/32 oz)(1 cup)",0,0,0,2,2,0,2,$1.58,0,0.00%,$0.00,$1.58,0,0.00%,$0.00,$1.58,,,,
Saratoga Elementary,5/14/2025,60021,Cooked  Brown Rice(1 cup cooked),0,0,0,223,211,0,211,$23.21,0,0.00%,$0.00,$23.21,12,5.38%,$1.32,$24.53,,,,
Saratoga Elementary,5/14/2025,60035,PB&J Power Pack(Power Packs),70,0,70,55,50,0,50,$54.00,0,0.00%,$0.00,$54.00,5,9.09%,$5.40,$59.40,,,,
Saratoga Elementary,5/14/2025,60037,Strawberry & Banana Yogurt Power Pack(Power Packs),10,0,10,30,11,0,11,$8.80,0,0.00%,$0.00,$8.80,19,63.33%,$15.20,$24.00,,,,
Saratoga Elementary,5/14/2025,60038,Peach Yogurt Power Pack(Power Packs),0,0,0,0,0,0,0,$0.00,0,0.00%,$0.00,$0.00,0,0.00%,$0.00,$0.00,,,,
Saratoga Elementary,5/14/2025,60040,Grilled Cheese Sandwich(Sandwich),0,0,0,16,15,0,15,$6.30,0,0.00%,$0.00,$6.30,1,6.25%,$0.42,$6.72,,,,
Saratoga Elementary,5/14/2025,60045,Cucumber Slices(1/2 cup),1,0,1,0,0,0,0,$0.00,0,0.00%,$0.00,$0.00,0,0.00%,$0.00,$0.00,,,,
Saratoga Elementary,5/14/2025,60047,Chicken Tenders(3 tenders),20,0,20,17,17,0,17,$15.98,0,0.00%,$0.00,$15.98,0,0.00%,$0.00,$15.98,,,,
Saratoga Elementary,5/14/2025,60050,Chickenless Bites(4 Bites),211,0,211,188,177,4,181,$137.56,0,0.00%,$0.00,$137.56,7,3.72%,$5.32,$142.88,,,,
Saratoga Elementary,5/14/2025,60063,Chicken & Vegetable Dumplings(6 dumplings),80,0,80,56,55,0,55,$0.00,1,1.79%,$0.00,$0.00,0,0.00%,$0.00,$0.00,,,,
Saratoga Elementary,5/14/2025,60077,Manager's Vegetable Choice(1/4 cup),56,0,56,0,0,0,0,$0.00,0,0.00%,$0.00,$0.00,0,0.00%,$0.00,$0.00,,,,
Saratoga Elementary,5/14/2025,60101,Chickpeas - salad bar entree(1/2 cup),7,0,7,2,0,2,2,$0.00,0,0.00%,$0.00,$0.00,0,0.00%,$0.00,$0.00,,,,
Shrevewood Elementary,5/14/2025,10033,Chocolate Chip Cookie(1/2 Cookie),0,0,0,21,21,0,21,$2.94,0,0.00%,$0.00,$2.94,0,0.00%,$0.00,$2.94,,,,
Shrevewood Elementary,5/14/2025,10070,Orange Sauce(ounce),0,0,0,25,25,0,25,$3.50,0,0.00%,$0.00,$3.50,0,0.00%,$0.00,$3.50,,,,
Shrevewood Elementary,5/14/2025,20001,1% White Milk(Each),46,0,46,54,41,0,41,$14.76,0,0.00%,$0.00,$14.76,13,24.07%,$4.68,$19.44,,,,
Shrevewood Elementary,5/14/2025,20002,Fat Free Chocolate Milk(Each),163,4,167,289,122,0,122,$42.70,0,0.00%,$0.00,$42.70,167,57.79%,$58.45,$101.15,,,,
Shrevewood Elementary,5/14/2025,20008,Apple Slices(3 slices per 1/4 cup),0,0,0,30,30,0,30,$17.70,0,0.00%,$0.00,$17.70,0,0.00%,$0.00,$17.70,,,,
Shrevewood Elementary,5/14/2025,20014,Red Delicious Apple(Each - serving),18,0,18,44,44,0,44,$14.52,0,0.00%,$0.00,$14.52,0,0.00%,$0.00,$14.52,,,,
Shrevewood Elementary,5/14/2025,20023,Baby Carrots(3 baby carrots per 1/4 cup),0,0,0,48,48,0,48,$4.32,0,0.00%,$0.00,$4.32,0,0.00%,$0.00,$4.32,,,,
Shrevewood Elementary,5/14/2025,20027,Broccoli Florets(1/4 cup),0,0,0,42,27,0,27,$2.16,0,0.00%,$0.00,$2.16,15,35.71%,$1.20,$3.36,,,,
Shrevewood Elementary,5/14/2025,20028,Lettuce Blend Salad Mix(1/2 cup),69,0,69,40,30,0,30,$2.40,0,0.00%,$0.00,$2.40,10,25.00%,$0.80,$3.20,,,,
Shrevewood Elementary,5/14/2025,20031,Banana(Each),0,0,0,60,45,0,45,$9.45,0,0.00%,$0.00,$9.45,15,25.00%,$3.15,$12.60,,,,
Shrevewood Elementary,5/14/2025,20038,Fat Free White Milk(Each),21,0,21,91,1,0,1,$0.33,0,0.00%,$0.00,$0.33,90,98.90%,$29.70,$30.03,,,,
Shrevewood Elementary,5/14/2025,20040,Cucumber Slices(1/4 cup),0,0,0,46,46,0,46,$2.76,0,0.00%,$0.00,$2.76,0,0.00%,$0.00,$2.76,,,,
Shrevewood Elementary,5/14/2025,20040,Cucumber Slices(6 Slices per 1/2 cup),17,0,17,14,14,0,14,$1.68,0,0.00%,$0.00,$1.68,0,0.00%,$0.00,$1.68,,,,
Shrevewood Elementary,5/14/2025,20043,"Lactose Free, White Milk(Each)",0,0,0,1,1,0,1,$0.58,0,0.00%,$0.00,$0.58,0,0.00%,$0.00,$0.58,,,,
Shrevewood Elementary,5/14/2025,20047,Orange Slices(3 slices per 1/4 cup),0,0,0,68,68,0,68,$13.60,0,0.00%,$0.00,$13.60,0,0.00%,$0.00,$13.60,,,,
Shrevewood Elementary,5/14/2025,20077,"Peppers, red, pre-sliced(1/2 cup sliced)",0,0,0,70,45,0,45,$25.20,0,0.00%,$0.00,$25.20,25,35.71%,$14.00,$39.20,,,,
Shrevewood Elementary,5/14/2025,30008,Apple Juice(Each),0,0,0,9,3,0,3,$0.51,0,0.00%,$0.00,$0.51,6,66.67%,$1.02,$1.53,,,,
Shrevewood Elementary,5/14/2025,30009,Orange Tangerine Juice(Each),0,0,0,9,3,0,3,$0.51,0,0.00%,$0.00,$0.51,6,66.67%,$1.02,$1.53,,,,
Shrevewood Elementary,5/14/2025,30014,Whole Wheat Dinner Roll(Each),11,0,11,98,93,5,98,$13.72,0,0.00%,$0.00,$13.72,0,0.00%,$0.00,$13.72,,,,
Shrevewood Elementary,5/14/2025,30020,Applesauce(1/2 Cup),18,0,18,14,14,0,14,$2.94,0,0.00%,$0.00,$2.94,0,0.00%,$0.00,$2.94,,,,
Shrevewood Elementary,5/14/2025,30024,Black Beans(1/2 Cup),0,0,0,33,16,0,16,$2.72,0,0.00%,$0.00,$2.72,17,51.52%,$2.89,$5.61,,,,
Shrevewood Elementary,5/14/2025,30033,Cheez-Its Crackers(Package),16,0,16,14,14,0,14,$2.52,0,0.00%,$0.00,$2.52,0,0.00%,$0.00,$2.52,,,,
Shrevewood Elementary,5/14/2025,30039,Cherry Flavored Dried Cranberries(Each),21,0,21,50,30,0,30,$7.20,0,0.00%,$0.00,$7.20,20,40.00%,$4.80,$12.00,,,,
Shrevewood Elementary,5/14/2025,30077,Italian Dressing(1 ounce),24,0,24,24,24,0,24,$1.92,0,0.00%,$0.00,$1.92,0,0.00%,$0.00,$1.92,,,,
Shrevewood Elementary,5/14/2025,30097,Bottled Water(Bottle),0,0,0,6,3,0,3,$0.48,0,0.00%,$0.00,$0.48,3,50.00%,$0.48,$0.96,,,,
Shrevewood Elementary,5/14/2025,30107,Ranch Dressing(1 ounce),31,0,31,48,48,0,48,$5.28,0,0.00%,$0.00,$5.28,0,0.00%,$0.00,$5.28,,,,
Shrevewood Elementary,5/14/2025,30109,Smartfood RF White Cheddar Popcorn(Each),0,0,0,16,16,0,16,$5.92,0,0.00%,$0.00,$5.92,0,0.00%,$0.00,$5.92,,,,
Shrevewood Elementary,5/14/2025,60035,PB&J Power Pack(Power Packs),52,0,52,53,47,6,53,$57.24,0,0.00%,$0.00,$57.24,0,0.00%,$0.00,$57.24,,,,
Shrevewood Elementary,5/14/2025,60037,Strawberry & Banana Yogurt Power Pack(Power Packs),4,0,4,9,9,0,9,$7.20,0,0.00%,$0.00,$7.20,0,0.00%,$0.00,$7.20,,,,
Shrevewood Elementary,5/14/2025,60050,Chickenless Bites(4 Bites),2,0,2,104,99,5,104,$79.04,0,0.00%,$0.00,$79.04,0,0.00%,$0.00,$79.04,,,,
Shrevewood Elementary,5/14/2025,60063,Chicken & Vegetable Dumplings(6 dumplings),0,0,0,25,25,0,25,$0.00,0,0.00%,$0.00,$0.00,0,0.00%,$0.00,$0.00,,,,
Shrevewood Elementary,5/14/2025,60077,Manager's Vegetable Choice(1/4 cup),25,0,25,58,58,0,58,$0.00,0,0.00%,$0.00,$0.00,0,0.00%,$0.00,$0.00,,,,
Shrevewood Elementary,5/14/2025,60101,Chickpeas - salad bar entree(1/2 cup),2,0,2,32,16,0,16,$2.88,0,0.00%,$0.00,$2.88,16,50.00%,$2.88,$5.76,,,,
Silverbrook Elementary,5/14/2025,10033,Chocolate Chip Cookie(1/2 Cookie),0,0,0,16,16,0,16,$2.24,0,0.00%,$0.00,$2.24,0,0.00%,$0.00,$2.24,,,,
Silverbrook Elementary,5/14/2025,10044,Soft Pretzel(1 pretzel),48,0,48,50,46,0,46,$10.12,0,0.00%,$0.00,$10.12,4,8.00%,$0.88,$11.00,,,,
Silverbrook Elementary,5/14/2025,10070,Orange Sauce(ounce),120,0,120,120,108,0,108,$15.12,0,0.00%,$0.00,$15.12,12,10.00%,$1.68,$16.80,,,,
Silverbrook Elementary,5/14/2025,10073,Whole Strawberries(1/2 cup thawed),20,0,20,60,40,0,40,$13.60,0,0.00%,$0.00,$13.60,20,33.33%,$6.80,$20.40,,,,
Silverbrook Elementary,5/14/2025,20001,1% White Milk(Each),42,0,42,103,41,0,41,$14.76,0,0.00%,$0.00,$14.76,62,60.19%,$22.32,$37.08,,,,
Silverbrook Elementary,5/14/2025,20002,Fat Free Chocolate Milk(Each),140,0,140,245,127,0,127,$44.45,0,0.00%,$0.00,$44.45,118,48.16%,$41.30,$85.75,,,,
Silverbrook Elementary,5/14/2025,20012,Grape Tomatoes(1/4 cup),0,0,0,144,144,0,144,$37.44,0,0.00%,$0.00,$37.44,0,0.00%,$0.00,$37.44,,,,
Silverbrook Elementary,5/14/2025,20013,Gala Apple(Each),0,0,0,42,42,0,42,$15.54,0,0.00%,$0.00,$15.54,0,0.00%,$0.00,$15.54,,,,
Silverbrook Elementary,5/14/2025,20016,String Cheese(Each),6,0,6,12,7,0,7,$1.54,0,0.00%,$0.00,$1.54,5,41.67%,$1.10,$2.64,,,,
Silverbrook Elementary,5/14/2025,20027,Broccoli Florets(1/4 cup),120,0,120,84,84,0,84,$6.72,0,0.00%,$0.00,$6.72,0,0.00%,$0.00,$6.72,,,,
Silverbrook Elementary,5/14/2025,20028,Lettuce Blend Salad Mix(1/2 cup),180,0,180,80,76,0,76,$6.08,0,0.00%,$0.00,$6.08,4,5.00%,$0.32,$6.40,,,,
Silverbrook Elementary,5/14/2025,20031,Banana(Each),0,0,0,118,106,0,106,$22.26,0,0.00%,$0.00,$22.26,12,10.17%,$2.52,$24.78,,,,
Silverbrook Elementary,5/14/2025,20038,Fat Free White Milk(Each),20,0,20,50,14,0,14,$4.62,0,0.00%,$0.00,$4.62,36,72.00%,$11.88,$16.50,,,,
Silverbrook Elementary,5/14/2025,20040,Cucumber Slices(6 Slices per 1/2 cup),6,0,6,6,6,0,6,$0.72,0,0.00%,$0.00,$0.72,0,0.00%,$0.00,$0.72,,,,
Silverbrook Elementary,5/14/2025,20052,Assorted  4 oz Yogurt(Container),2,0,2,2,1,0,1,$0.00,0,0.00%,$0.00,$0.00,1,50.00%,$0.00,$0.00,,,,
Silverbrook Elementary,5/14/2025,20074,"Apple Slices(3 slices, 1/4 cup)",0,0,0,192,188,0,188,$33.84,0,0.00%,$0.00,$33.84,4,2.08%,$0.72,$34.56,,,,
Silverbrook Elementary,5/14/2025,20076,"Peppers, green, pre-sliced(1/2 cup sliced)",0,0,0,105,105,0,105,$31.50,0,0.00%,$0.00,$31.50,0,0.00%,$0.00,$31.50,,,,
Silverbrook Elementary,5/14/2025,30009,Orange Tangerine Juice(Each),20,0,20,48,36,0,36,$6.12,0,0.00%,$0.00,$6.12,12,25.00%,$2.04,$8.16,,,,
Silverbrook Elementary,5/14/2025,30014,Whole Wheat Dinner Roll(Each),110,0,110,118,98,0,98,$13.72,0,0.00%,$0.00,$13.72,20,16.95%,$2.80,$16.52,,,,
Silverbrook Elementary,5/14/2025,30020,Applesauce(1/2 Cup),6,0,6,6,6,0,6,$1.26,0,0.00%,$0.00,$1.26,0,0.00%,$0.00,$1.26,,,,
Silverbrook Elementary,5/14/2025,30020,Applesauce(1/4 cup),120,0,120,100,76,0,76,$8.36,0,0.00%,$0.00,$8.36,24,24.00%,$2.64,$11.00,,,,
Silverbrook Elementary,5/14/2025,30031,Strawberry Chex Mix(Package),0,0,0,36,30,0,30,$13.50,0,0.00%,$0.00,$13.50,6,16.67%,$2.70,$16.20,,,,
Silverbrook Elementary,5/14/2025,30039,Cherry Flavored Dried Cranberries(Each),40,0,40,45,45,0,45,$10.80,0,0.00%,$0.00,$10.80,0,0.00%,$0.00,$10.80,,,,
Silverbrook Elementary,5/14/2025,30042,Original Flavored Dried Cranberries(Package),36,0,36,36,36,0,36,$8.64,0,0.00%,$0.00,$8.64,0,0.00%,$0.00,$8.64,,,,
Silverbrook Elementary,5/14/2025,30077,Italian Dressing(1 ounce),24,0,24,48,43,0,43,$3.44,0,0.00%,$0.00,$3.44,5,10.42%,$0.40,$3.84,,,,
Silverbrook Elementary,5/14/2025,30097,Bottled Water(Bottle),10,0,10,6,1,0,1,$0.16,0,0.00%,$0.00,$0.16,5,83.33%,$0.80,$0.96,,,,
Silverbrook Elementary,5/14/2025,30099,Chickpeas(1/4 cup),48,0,48,24,14,0,14,$1.26,0,0.00%,$0.00,$1.26,10,41.67%,$0.90,$2.16,,,,
Silverbrook Elementary,5/14/2025,30107,Ranch Dressing(1 ounce),92,0,92,72,64,0,64,$7.04,0,0.00%,$0.00,$7.04,8,11.11%,$0.88,$7.92,,,,
Silverbrook Elementary,5/14/2025,60035,PB&J Power Pack(Power Packs),50,0,50,24,11,0,11,$11.88,0,0.00%,$0.00,$11.88,13,54.17%,$14.04,$25.92,,,,
Silverbrook Elementary,5/14/2025,60036,Cherry Vanilla Yogurt Power Pack(Power Packs),24,0,24,48,45,0,45,$36.00,0,0.00%,$0.00,$36.00,3,6.25%,$2.40,$38.40,,,,
Silverbrook Elementary,5/14/2025,60037,Strawberry & Banana Yogurt Power Pack(Power Packs),20,0,20,44,34,0,34,$27.20,0,0.00%,$0.00,$27.20,10,22.73%,$8.00,$35.20,,,,
Silverbrook Elementary,5/14/2025,60047,Chicken Tenders(3 tenders),3,0,3,3,3,0,3,$2.82,0,0.00%,$0.00,$2.82,0,0.00%,$0.00,$2.82,,,,
Silverbrook Elementary,5/14/2025,60050,Chickenless Bites(4 Bites),103,0,103,15,13,2,15,$11.40,0,0.00%,$0.00,$11.40,0,0.00%,$0.00,$11.40,,,,
Silverbrook Elementary,5/14/2025,60063,Chicken & Vegetable Dumplings(6 dumplings),120,0,120,120,118,2,120,$0.00,0,0.00%,$0.00,$0.00,0,0.00%,$0.00,$0.00,,,,
Silverbrook Elementary,5/14/2025,60077,Manager's Vegetable Choice(1/4 cup),148,0,148,72,72,0,72,$0.00,0,0.00%,$0.00,$0.00,0,0.00%,$0.00,$0.00,,,,
Silverbrook Elementary,5/14/2025,60101,Chickpeas - salad bar entree(1/2 cup),30,0,30,24,22,0,22,$3.96,2,8.33%,$0.36,$4.32,0,0.00%,$0.00,$4.32,,,,
Silverbrook Elementary,5/14/2025,60148,Turkey Barbacoa Arepa(1 Arepa + #10 scoop of turkey barbacoa),0,0,0,10,10,0,10,$14.40,0,0.00%,$0.00,$14.40,0,0.00%,$0.00,$14.40,,,,
Silverbrook Elementary,5/14/2025,60150,Strawberry Parfait Power Pack(Power Pack),10,0,10,4,1,0,1,$1.63,0,0.00%,$0.00,$1.63,3,75.00%,$4.89,$6.52,,,,
Sleepy Hollow Elementary,5/14/2025,10033,Chocolate Chip Cookie(1/2 Cookie),0,0,0,9,9,0,9,$1.26,0,0.00%,$0.00,$1.26,0,0.00%,$0.00,$1.26,,,,
Sleepy Hollow Elementary,5/14/2025,10044,Soft Pretzel(1 pretzel),22,0,22,0,0,0,0,$0.00,0,0.00%,$0.00,$0.00,0,0.00%,$0.00,$0.00,,,,
Sleepy Hollow Elementary,5/14/2025,10070,Orange Sauce(ounce),0,0,0,200,190,0,190,$26.60,0,0.00%,$0.00,$26.60,10,5.00%,$1.40,$28.00,,,,
Sleepy Hollow Elementary,5/14/2025,20001,1% White Milk(Each),126,0,126,263,101,0,101,$36.36,0,0.00%,$0.00,$36.36,162,61.60%,$58.32,$94.68,,,,
Sleepy Hollow Elementary,5/14/2025,20002,Fat Free Chocolate Milk(Each),194,0,194,450,233,0,233,$81.55,0,0.00%,$0.00,$81.55,217,48.22%,$75.95,$157.50,,,,
Sleepy Hollow Elementary,5/14/2025,20012,Grape Tomatoes(1/4 cup),0,0,0,215,212,0,212,$55.12,0,0.00%,$0.00,$55.12,3,1.40%,$0.78,$55.90,,,,
Sleepy Hollow Elementary,5/14/2025,20016,String Cheese(Each),0,0,0,0,0,0,0,$0.00,0,0.00%,$0.00,$0.00,0,0.00%,$0.00,$0.00,,,,
Sleepy Hollow Elementary,5/14/2025,20018,Red Seedless Grapes(16 grapes per 1/2 cup),0,0,0,120,113,0,113,$57.63,0,0.00%,$0.00,$57.63,7,5.83%,$3.57,$61.20,,,,
Sleepy Hollow Elementary,5/14/2025,20027,Broccoli Florets(1/4 cup),81,0,81,80,79,0,79,$6.32,0,0.00%,$0.00,$6.32,1,1.25%,$0.08,$6.40,,,,
Sleepy Hollow Elementary,5/14/2025,20028,Lettuce Blend Salad Mix(1/2 cup),159,0,159,200,197,0,197,$15.76,0,0.00%,$0.00,$15.76,3,1.50%,$0.24,$16.00,,,,
Sleepy Hollow Elementary,5/14/2025,20031,Banana(Each),0,0,0,140,128,0,128,$26.88,0,0.00%,$0.00,$26.88,12,8.57%,$2.52,$29.40,,,,
Sleepy Hollow Elementary,5/14/2025,20036,Celery Sticks(1/2 cup),0,0,0,60,60,0,60,$33.00,0,0.00%,$0.00,$33.00,0,0.00%,$0.00,$33.00,,,,
Sleepy Hollow Elementary,5/14/2025,20038,Fat Free White Milk(Each),29,0,29,25,14,0,14,$4.62,0,0.00%,$0.00,$4.62,11,44.00%,$3.63,$8.25,,,,
Sleepy Hollow Elementary,5/14/2025,20040,Cucumber Slices(6 Slices per 1/2 cup),11,0,11,18,18,0,18,$2.16,0,0.00%,$0.00,$2.16,0,0.00%,$0.00,$2.16,,,,
Sleepy Hollow Elementary,5/14/2025,20047,Orange Slices(3 slices per 1/4 cup),0,0,0,120,115,0,115,$23.00,0,0.00%,$0.00,$23.00,5,4.17%,$1.00,$24.00,,,,
Sleepy Hollow Elementary,5/14/2025,20052,Assorted  4 oz Yogurt(Container),0,0,0,0,0,0,0,$0.00,0,0.00%,$0.00,$0.00,0,0.00%,$0.00,$0.00,,,,
Sleepy Hollow Elementary,5/14/2025,20077,"Peppers, red, pre-sliced(1/2 cup sliced)",0,0,0,60,59,0,59,$33.04,0,0.00%,$0.00,$33.04,1,1.67%,$0.56,$33.60,,,,
Sleepy Hollow Elementary,5/14/2025,30008,Apple Juice(Each),0,0,0,0,0,0,0,$0.00,0,0.00%,$0.00,$0.00,0,0.00%,$0.00,$0.00,,,,
Sleepy Hollow Elementary,5/14/2025,30009,Orange Tangerine Juice(Each),0,0,0,0,0,0,0,$0.00,0,0.00%,$0.00,$0.00,0,0.00%,$0.00,$0.00,,,,
Sleepy Hollow Elementary,5/14/2025,30014,Whole Wheat Dinner Roll(Each),169,3,172,90,74,0,74,$10.36,0,0.00%,$0.00,$10.36,16,17.78%,$2.24,$12.60,,,,
Sleepy Hollow Elementary,5/14/2025,30020,Applesauce(1/2 Cup),12,0,12,18,18,0,18,$3.78,0,0.00%,$0.00,$3.78,0,0.00%,$0.00,$3.78,,,,
Sleepy Hollow Elementary,5/14/2025,30031,Strawberry Chex Mix(Package),0,0,0,0,0,0,0,$0.00,0,0.00%,$0.00,$0.00,0,0.00%,$0.00,$0.00,,,,
Sleepy Hollow Elementary,5/14/2025,30039,Cherry Flavored Dried Cranberries(Each),14,0,14,80,48,0,48,$11.52,0,0.00%,$0.00,$11.52,32,40.00%,$7.68,$19.20,,,,
Sleepy Hollow Elementary,5/14/2025,30061,Chilled Mandarin Oranges(1/2 cup (drained)),0,0,0,60,60,0,60,$20.40,0,0.00%,$0.00,$20.40,0,0.00%,$0.00,$20.40,,,,
Sleepy Hollow Elementary,5/14/2025,30077,Italian Dressing(1 ounce),16,0,16,42,39,0,39,$3.12,0,0.00%,$0.00,$3.12,3,7.14%,$0.24,$3.36,,,,
Sleepy Hollow Elementary,5/14/2025,30097,Bottled Water(Bottle),3,0,3,0,0,0,0,$0.00,0,0.00%,$0.00,$0.00,0,0.00%,$0.00,$0.00,,,,
Sleepy Hollow Elementary,5/14/2025,30099,Chickpeas(1/4 cup),32,0,32,66,62,0,62,$5.58,0,0.00%,$0.00,$5.58,4,6.06%,$0.36,$5.94,,,,
Sleepy Hollow Elementary,5/14/2025,30107,Ranch Dressing(1 ounce),38,0,38,72,66,0,66,$7.26,0,0.00%,$0.00,$7.26,6,8.33%,$0.66,$7.92,,,,
Sleepy Hollow Elementary,5/14/2025,30109,Smartfood RF White Cheddar Popcorn(Each),9,0,9,4,4,0,4,$1.48,0,0.00%,$0.00,$1.48,0,0.00%,$0.00,$1.48,,,,
Sleepy Hollow Elementary,5/14/2025,60035,PB&J Power Pack(Power Packs),26,0,26,20,15,0,15,$16.20,0,0.00%,$0.00,$16.20,5,25.00%,$5.40,$21.60,,,,
Sleepy Hollow Elementary,5/14/2025,60047,Chicken Tenders(3 tenders),7,0,7,8,8,0,8,$7.52,0,0.00%,$0.00,$7.52,0,0.00%,$0.00,$7.52,,,,
Sleepy Hollow Elementary,5/14/2025,60050,Chickenless Bites(4 Bites),101,2,103,90,73,1,74,$56.24,0,0.00%,$0.00,$56.24,16,17.78%,$12.16,$68.40,,,,
Sleepy Hollow Elementary,5/14/2025,60063,Chicken & Vegetable Dumplings(6 dumplings),0,0,0,182,162,3,165,$0.00,0,0.00%,$0.00,$0.00,17,9.34%,$0.00,$0.00,,,,
Sleepy Hollow Elementary,5/14/2025,60077,Manager's Vegetable Choice(1/4 cup),47,0,47,80,78,0,78,$0.00,0,0.00%,$0.00,$0.00,2,2.50%,$0.00,$0.00,,,,
Sleepy Hollow Elementary,5/14/2025,60101,Chickpeas - salad bar entree(1/2 cup),0,0,0,0,0,0,0,$0.00,0,0.00%,$0.00,$0.00,0,0.00%,$0.00,$0.00,,,,
Sleepy Hollow Elementary,5/14/2025,60150,Strawberry Parfait Power Pack(Power Pack),0,0,0,40,31,0,31,$50.53,0,0.00%,$0.00,$50.53,9,22.50%,$14.67,$65.20,,,,
Sleepy Hollow Elementary,5/14/2025,60999,Fish Tacos(2 Tacos),0,0,0,100,82,6,88,$88.88,0,0.00%,$0.00,$88.88,12,12.00%,$12.12,$101.00,,,,
South County Middle,5/14/2025,10033,Chocolate Chip Cookie(Cookie),134,0,134,320,314,0,314,$84.78,0,0.00%,$0.00,$84.78,6,1.88%,$1.62,$86.40,,,,
South County Middle,5/14/2025,10044,Soft Pretzel(1 pretzel),14,0,14,12,10,0,10,$2.20,0,0.00%,$0.00,$2.20,2,16.67%,$0.44,$2.64,,,,
South County Middle,5/14/2025,10062,Corn(1/2 cup (cooked)),0,0,0,50,45,0,45,$9.45,0,0.00%,$0.00,$9.45,5,10.00%,$1.05,$10.50,,,,
South County Middle,5/14/2025,10069,Bean and Cheese Pupusa(Pupusa),0,0,0,10,9,1,10,$15.00,0,0.00%,$0.00,$15.00,0,0.00%,$0.00,$15.00,,,,
South County Middle,5/14/2025,10070,Orange Sauce(ounce),30,0,30,28,28,0,28,$3.92,0,0.00%,$0.00,$3.92,0,0.00%,$0.00,$3.92,,,,
South County Middle,5/14/2025,20001,1% White Milk(Each),37,0,37,87,33,0,33,$11.88,0,0.00%,$0.00,$11.88,54,62.07%,$19.44,$31.32,,,,
South County Middle,5/14/2025,20002,Fat Free Chocolate Milk(Each),116,0,116,438,111,0,111,$38.85,0,0.00%,$0.00,$38.85,327,74.66%,$114.45,$153.30,,,,
South County Middle,5/14/2025,20008,Apple Slices(3 slices per 1/4 cup),167,0,167,192,192,0,192,$113.28,0,0.00%,$0.00,$113.28,0,0.00%,$0.00,$113.28,,,,
South County Middle,5/14/2025,20012,Grape Tomatoes(1/4 cup),0,0,0,36,18,0,18,$4.68,0,0.00%,$0.00,$4.68,18,50.00%,$4.68,$9.36,,,,
South County Middle,5/14/2025,20014,Red Delicious Apple(Each - serving),0,0,0,83,83,0,83,$27.39,0,0.00%,$0.00,$27.39,0,0.00%,$0.00,$27.39,,,,
South County Middle,5/14/2025,20023,Baby Carrots(3 baby carrots per 1/4 cup),0,0,0,72,72,0,72,$6.48,0,0.00%,$0.00,$6.48,0,0.00%,$0.00,$6.48,,,,
South County Middle,5/14/2025,20028,Lettuce Blend Salad Mix(1/2 cup),84,0,84,60,50,0,50,$4.00,0,0.00%,$0.00,$4.00,10,16.67%,$0.80,$4.80,,,,
South County Middle,5/14/2025,20031,Banana(Each),84,0,84,87,87,0,87,$18.27,0,0.00%,$0.00,$18.27,0,0.00%,$0.00,$18.27,,,,
South County Middle,5/14/2025,20038,Fat Free White Milk(Each),44,0,44,61,10,0,10,$3.30,0,0.00%,$0.00,$3.30,51,83.61%,$16.83,$20.13,,,,
South County Middle,5/14/2025,20076,"Peppers, green, pre-sliced(1/2 cup sliced)",0,0,0,35,18,0,18,$5.40,0,0.00%,$0.00,$5.40,17,48.57%,$5.10,$10.50,,,,
South County Middle,5/14/2025,30014,Whole Wheat Dinner Roll(2 rolls),0,0,0,100,100,0,100,$28.00,0,0.00%,$0.00,$28.00,0,0.00%,$0.00,$28.00,,,,
South County Middle,5/14/2025,30020,Applesauce(1/2 Cup),0,0,0,90,45,0,45,$9.45,0,0.00%,$0.00,$9.45,45,50.00%,$9.45,$18.90,,,,
South County Middle,5/14/2025,30024,Black Beans(1/2 Cup),0,0,0,4,4,0,4,$0.68,0,0.00%,$0.00,$0.68,0,0.00%,$0.00,$0.68,,,,
South County Middle,5/14/2025,30063,Ketchup Packet(Packet),272,0,272,350,338,0,338,$10.14,0,0.00%,$0.00,$10.14,12,3.43%,$0.36,$10.50,,,,
South County Middle,5/14/2025,30064,Mayonnaise Packet(Packet),63,0,63,80,61,0,61,$6.10,0,0.00%,$0.00,$6.10,19,23.75%,$1.90,$8.00,,,,
South County Middle,5/14/2025,30065,Mustard Packet(Packet),10,0,10,50,12,0,12,$0.60,0,0.00%,$0.00,$0.60,38,76.00%,$1.90,$2.50,,,,
South County Middle,5/14/2025,30077,Italian Dressing(1 ounce),21,0,21,50,7,0,7,$0.56,0,0.00%,$0.00,$0.56,43,86.00%,$3.44,$4.00,,,,
South County Middle,5/14/2025,30097,Bottled Water(Bottle),55,0,55,80,74,0,74,$11.84,0,0.00%,$0.00,$11.84,6,7.50%,$0.96,$12.80,,,,
South County Middle,5/14/2025,30099,Chickpeas(1/4 cup),28,0,28,82,16,0,16,$1.44,0,0.00%,$0.00,$1.44,66,80.49%,$5.94,$7.38,,,,
South County Middle,5/14/2025,30102,1% Unflavored Shelf-Stable Milk(Each),0,0,0,36,7,0,7,$2.66,0,0.00%,$0.00,$2.66,29,80.56%,$11.02,$13.68,,,,
South County Middle,5/14/2025,30107,Ranch Dressing(1 ounce),73,0,73,80,66,0,66,$7.26,0,0.00%,$0.00,$7.26,14,17.50%,$1.54,$8.80,,,,
South County Middle,5/14/2025,30108,Fat Free Unflavored Shelf-Stable Milk(Each),0,0,0,3,2,0,2,$0.76,0,0.00%,$0.00,$0.76,1,33.33%,$0.38,$1.14,,,,
South County Middle,5/14/2025,30119,RF Kettle Chips Jalapeno & Cheddar Chips(Each),47,0,47,70,60,0,60,$36.00,0,0.00%,$0.00,$36.00,10,14.29%,$6.00,$42.00,,,,
South County Middle,5/14/2025,30120,RF Kettle Chips Sea Salt & Vinegar Chips(Each),51,0,51,70,61,0,61,$36.60,0,0.00%,$0.00,$36.60,9,12.86%,$5.40,$42.00,,,,
South County Middle,5/14/2025,30124,"Fruit Snacks, Welch's Mixed(Each)",39,0,39,20,16,0,16,$6.40,0,0.00%,$0.00,$6.40,4,20.00%,$1.60,$8.00,,,,
South County Middle,5/14/2025,30160,Lay's RF Kettle Original Chips(Each),45,0,45,30,30,0,30,$18.00,0,0.00%,$0.00,$18.00,0,0.00%,$0.00,$18.00,,,,
South County Middle,5/14/2025,60035,PB&J Power Pack(Power Packs),20,0,20,32,21,11,32,$34.56,0,0.00%,$0.00,$34.56,0,0.00%,$0.00,$34.56,,,,
South County Middle,5/14/2025,60037,Strawberry & Banana Yogurt Power Pack(Power Packs),3,0,3,9,3,1,4,$3.20,0,0.00%,$0.00,$3.20,5,55.56%,$4.00,$7.20,,,,
South County Middle,5/14/2025,60040,Grilled Cheese Sandwich(Sandwich),20,0,20,7,7,0,7,$2.94,0,0.00%,$0.00,$2.94,0,0.00%,$0.00,$2.94,,,,
South County Middle,5/14/2025,60041,Turkey Pepperoni Pizza(1.37 oz),0,0,0,22,22,0,22,$14.96,0,0.00%,$0.00,$14.96,0,0.00%,$0.00,$14.96,,,,
South County Middle,5/14/2025,60050,Chickenless Bites(4 Bites),100,0,100,250,140,37,177,$134.52,0,0.00%,$0.00,$134.52,73,29.20%,$55.48,$190.00,,,,
South County Middle,5/14/2025,60063,Chicken & Vegetable Dumplings(6 dumplings),46,0,46,44,28,2,30,$0.00,0,0.00%,$0.00,$0.00,14,31.82%,$0.00,$0.00,,,,
South County Middle,5/14/2025,60075,Spicy Chicken Wrap(Wrap),17,0,17,34,29,5,34,$39.78,0,0.00%,$0.00,$39.78,0,0.00%,$0.00,$39.78,,,,
South County Middle,5/14/2025,60078,Nachos with Turkey Barbacoa and Cheese Sauce(Serving),0,0,0,60,46,6,52,$69.16,0,0.00%,$0.00,$69.16,8,13.33%,$10.64,$79.80,,,,
South County Middle,5/14/2025,60080,Cheese Pizza(Slice),0,0,0,15,8,7,15,$8.55,0,0.00%,$0.00,$8.55,0,0.00%,$0.00,$8.55,,,,
South County Middle,5/14/2025,60101,Chickpeas - salad bar entree(1/2 cup),3,0,3,1,1,0,1,$0.18,0,0.00%,$0.00,$0.18,0,0.00%,$0.00,$0.18,,,,
South County Middle,5/14/2025,60124,Nachos with Cheese Sauce(Serving),0,0,0,105,93,7,100,$77.00,0,0.00%,$0.00,$77.00,5,4.76%,$3.85,$80.85,,,,
South County Middle,5/14/2025,60128,Alfredo & Basil Lasagna(Each),0,0,0,5,4,0,4,$5.04,0,0.00%,$0.00,$5.04,1,20.00%,$1.26,$6.30,,,,
South County Middle,5/14/2025,60150,Strawberry Parfait Power Pack(Power Pack),6,0,6,6,3,3,6,$9.78,0,0.00%,$0.00,$9.78,0,0.00%,$0.00,$9.78,,,,
South Lakes High,5/14/2025,10027,"Bread, Loco(flatbread)",106,0,106,186,160,2,162,$48.60,0,0.00%,$0.00,$48.60,24,12.90%,$7.20,$55.80,,,,
South Lakes High,5/14/2025,10033,Chocolate Chip Cookie(Cookie),384,0,384,303,303,0,303,$81.81,0,0.00%,$0.00,$81.81,0,0.00%,$0.00,$81.81,,,,
South Lakes High,5/14/2025,10044,Soft Pretzel(1 pretzel),33,0,33,33,6,0,6,$1.32,0,0.00%,$0.00,$1.32,27,81.82%,$5.94,$7.26,,,,
South Lakes High,5/14/2025,10070,Orange Sauce(ounce),75,0,75,67,59,2,61,$8.54,6,8.96%,$0.84,$9.38,0,0.00%,$0.00,$9.38,,,,
South Lakes High,5/14/2025,20001,1% White Milk(Each),50,0,50,149,48,0,48,$17.28,0,0.00%,$0.00,$17.28,101,67.79%,$36.36,$53.64,,,,
South Lakes High,5/14/2025,20002,Fat Free Chocolate Milk(Each),400,0,400,311,283,0,283,$99.05,0,0.00%,$0.00,$99.05,28,9.00%,$9.80,$108.85,,,,
South Lakes High,5/14/2025,20008,Apple Slices(3 slices per 1/4 cup),500,0,500,500,500,0,500,$295.00,0,0.00%,$0.00,$295.00,0,0.00%,$0.00,$295.00,,,,
South Lakes High,5/14/2025,20016,String Cheese(Each),15,0,15,15,6,0,6,$1.32,0,0.00%,$0.00,$1.32,9,60.00%,$1.98,$3.30,,,,
South Lakes High,5/14/2025,20027,Broccoli Florets(1/4 cup),175,0,175,175,155,0,155,$12.40,20,11.43%,$1.60,$14.00,0,0.00%,$0.00,$14.00,,,,
South Lakes High,5/14/2025,20028,Lettuce Blend Salad Mix(1/2 cup),200,0,200,200,185,0,185,$14.80,15,7.50%,$1.20,$16.00,0,0.00%,$0.00,$16.00,,,,
South Lakes High,5/14/2025,20031,Banana(Each),250,0,250,246,189,0,189,$39.69,0,0.00%,$0.00,$39.69,57,23.17%,$11.97,$51.66,,,,
South Lakes High,5/14/2025,20038,Fat Free White Milk(Each),25,0,25,62,14,0,14,$4.62,0,0.00%,$0.00,$4.62,48,77.42%,$15.84,$20.46,,,,
South Lakes High,5/14/2025,20052,Assorted  4 oz Yogurt(Container),3,0,3,3,0,0,0,$0.00,0,0.00%,$0.00,$0.00,3,100.00%,$0.00,$0.00,,,,
South Lakes High,5/14/2025,30008,Apple Juice(Each),20,0,20,20,15,0,15,$2.55,0,0.00%,$0.00,$2.55,5,25.00%,$0.85,$3.40,,,,
South Lakes High,5/14/2025,30009,Orange Tangerine Juice(Each),20,0,20,20,3,0,3,$0.51,0,0.00%,$0.00,$0.51,17,85.00%,$2.89,$3.40,,,,
South Lakes High,5/14/2025,30033,Cheez-Its Crackers(Package),15,0,15,15,9,0,9,$1.62,0,0.00%,$0.00,$1.62,6,40.00%,$1.08,$2.70,,,,
South Lakes High,5/14/2025,30044,Strawberry Flavored Dried Cranberries(Each),250,0,250,250,240,0,240,$57.60,0,0.00%,$0.00,$57.60,10,4.00%,$2.40,$60.00,,,,
South Lakes High,5/14/2025,30063,Ketchup Packet(Packet),900,0,900,900,625,0,625,$18.75,0,0.00%,$0.00,$18.75,275,30.56%,$8.25,$27.00,,,,
South Lakes High,5/14/2025,30064,Mayonnaise Packet(Packet),200,0,200,200,105,0,105,$10.50,0,0.00%,$0.00,$10.50,95,47.50%,$9.50,$20.00,,,,
South Lakes High,5/14/2025,30065,Mustard Packet(Packet),100,0,100,75,45,0,45,$2.25,0,0.00%,$0.00,$2.25,30,40.00%,$1.50,$3.75,,,,
South Lakes High,5/14/2025,30077,Italian Dressing(1 ounce),72,0,72,72,48,0,48,$3.84,0,0.00%,$0.00,$3.84,24,33.33%,$1.92,$5.76,,,,
South Lakes High,5/14/2025,30097,Bottled Water(Bottle),100,0,100,100,75,0,75,$12.00,0,0.00%,$0.00,$12.00,25,25.00%,$4.00,$16.00,,,,
South Lakes High,5/14/2025,30099,Chickpeas(1/4 cup),99,0,99,99,66,0,66,$5.94,0,0.00%,$0.00,$5.94,33,33.33%,$2.97,$8.91,,,,
South Lakes High,5/14/2025,30107,Ranch Dressing(1 ounce),216,0,216,216,204,0,204,$22.44,0,0.00%,$0.00,$22.44,12,5.56%,$1.32,$23.76,,,,
South Lakes High,5/14/2025,30109,Smartfood RF White Cheddar Popcorn(Each),20,0,20,20,14,0,14,$5.18,0,0.00%,$0.00,$5.18,6,30.00%,$2.22,$7.40,,,,
South Lakes High,5/14/2025,30110,Doritos Flamas(Each),50,0,50,50,15,0,15,$5.55,0,0.00%,$0.00,$5.55,35,70.00%,$12.95,$18.50,,,,
South Lakes High,5/14/2025,30111,Doritos RF Spicy Sweet Chili(Each),30,0,30,30,13,0,13,$4.81,0,0.00%,$0.00,$4.81,17,56.67%,$6.29,$11.10,,,,
South Lakes High,5/14/2025,30112,Doritos RF Nacho Cheese(Each),30,0,30,30,19,0,19,$7.03,0,0.00%,$0.00,$7.03,11,36.67%,$4.07,$11.10,,,,
South Lakes High,5/14/2025,30113,Cool Ranch Reduced Fat Doritos(Each),30,0,30,30,4,0,4,$1.48,0,0.00%,$0.00,$1.48,26,86.67%,$9.62,$11.10,,,,
South Lakes High,5/14/2025,30114,SS Baked Cheetos Flaming Hot(Each),50,0,50,40,15,0,15,$7.95,0,0.00%,$0.00,$7.95,25,62.50%,$13.25,$21.20,,,,
South Lakes High,5/14/2025,30115,SS Baked Cheetos Flaming Limon(Each),30,0,30,16,12,0,12,$4.68,0,0.00%,$0.00,$4.68,4,25.00%,$1.56,$6.24,,,,
South Lakes High,5/14/2025,30116,SS Cheetos Fantastix Flaming Hot(Each),20,0,20,10,5,0,5,$1.95,0,0.00%,$0.00,$1.95,5,50.00%,$1.95,$3.90,,,,
South Lakes High,5/14/2025,30117,WG Baked Funyuns(Each),15,0,15,15,5,0,5,$1.80,0,0.00%,$0.00,$1.80,10,66.67%,$3.60,$5.40,,,,
South Lakes High,5/14/2025,30118,Kettle Cooked Smoky BBQ Chips(Each),30,0,30,20,11,0,11,$6.60,0,0.00%,$0.00,$6.60,9,45.00%,$5.40,$12.00,,,,
South Lakes High,5/14/2025,30119,RF Kettle Chips Jalapeno & Cheddar Chips(Each),35,0,35,35,19,0,19,$11.40,0,0.00%,$0.00,$11.40,16,45.71%,$9.60,$21.00,,,,
South Lakes High,5/14/2025,30120,RF Kettle Chips Sea Salt & Vinegar Chips(Each),70,0,70,70,47,0,47,$28.20,0,0.00%,$0.00,$28.20,23,32.86%,$13.80,$42.00,,,,
South Lakes High,5/14/2025,30124,"Fruit Snacks, Welch's Mixed(Each)",80,0,80,80,53,0,53,$21.20,0,0.00%,$0.00,$21.20,27,33.75%,$10.80,$32.00,,,,
South Lakes High,5/14/2025,30160,Lay's RF Kettle Original Chips(Each),30,0,30,20,16,0,16,$9.60,0,0.00%,$0.00,$9.60,4,20.00%,$2.40,$12.00,,,,
South Lakes High,5/14/2025,60035,PB&J Power Pack(Power Packs),250,0,250,290,245,4,249,$268.92,1,0.34%,$1.08,$270.00,40,13.79%,$43.20,$313.20,,,,
South Lakes High,5/14/2025,60036,Cherry Vanilla Yogurt Power Pack(Power Packs),11,0,11,11,3,0,3,$2.40,0,0.00%,$0.00,$2.40,8,72.73%,$6.40,$8.80,,,,
South Lakes High,5/14/2025,60037,Strawberry & Banana Yogurt Power Pack(Power Packs),11,0,11,11,2,0,2,$1.60,0,0.00%,$0.00,$1.60,9,81.82%,$7.20,$8.80,,,,
South Lakes High,5/14/2025,60038,Peach Yogurt Power Pack(Power Packs),11,0,11,11,1,0,1,$0.80,0,0.00%,$0.00,$0.80,10,90.91%,$8.00,$8.80,,,,
South Lakes High,5/14/2025,60040,Grilled Cheese Sandwich(Sandwich),60,0,60,49,34,1,35,$14.70,14,28.57%,$5.88,$20.58,0,0.00%,$0.00,$20.58,,,,
South Lakes High,5/14/2025,60050,Chickenless Bites(4 Bites),106,0,106,186,179,2,181,$137.56,5,2.69%,$3.80,$141.36,0,0.00%,$0.00,$141.36,,,,
South Lakes High,5/14/2025,60064,Vegetable Dumpling(6 dumplings),0,0,0,67,59,2,61,$0.00,6,8.96%,$0.00,$0.00,0,0.00%,$0.00,$0.00,,,,
South Lakes High,5/14/2025,60075,Spicy Chicken Wrap(Wrap),40,0,40,34,32,2,34,$39.78,0,0.00%,$0.00,$39.78,0,0.00%,$0.00,$39.78,,,,
South Lakes High,5/14/2025,60077,Manager's Vegetable Choice(1/4 cup),184,0,184,184,184,0,184,$0.00,0,0.00%,$0.00,$0.00,0,0.00%,$0.00,$0.00,,,,
South Lakes High,5/14/2025,60078,Nachos with Turkey Barbacoa and Cheese Sauce(Serving),0,0,0,279,270,4,274,$364.42,5,1.79%,$6.65,$371.07,0,0.00%,$0.00,$371.07,,,,
Spring Hill Elementary,5/14/2025,10044,Soft Pretzel(1 pretzel),100,0,100,70,49,0,49,$10.78,0,0.00%,$0.00,$10.78,21,30.00%,$4.62,$15.40,,,,
Spring Hill Elementary,5/14/2025,10069,Bean and Cheese Pupusa(Pupusa),0,0,0,30,30,0,30,$45.00,0,0.00%,$0.00,$45.00,0,0.00%,$0.00,$45.00,,,,
Spring Hill Elementary,5/14/2025,10070,Orange Sauce(ounce),180,0,180,118,114,0,114,$15.96,2,1.69%,$0.28,$16.24,2,1.69%,$0.28,$16.52,,,,
Spring Hill Elementary,5/14/2025,20001,1% White Milk(Each),98,0,98,90,58,0,58,$20.88,0,0.00%,$0.00,$20.88,32,35.56%,$11.52,$32.40,,,,
Spring Hill Elementary,5/14/2025,20002,Fat Free Chocolate Milk(Each),320,0,320,305,292,0,292,$102.20,0,0.00%,$0.00,$102.20,13,4.26%,$4.55,$106.75,,,,
Spring Hill Elementary,5/14/2025,20011,Cherry Tomatoes(1/4 cup),0,0,0,144,106,0,106,$39.22,2,1.39%,$0.74,$39.96,36,25.00%,$13.32,$53.28,,,,
Spring Hill Elementary,5/14/2025,20014,Red Delicious Apple(Each - serving),0,0,0,230,227,0,227,$74.91,3,1.30%,$0.99,$75.90,0,0.00%,$0.00,$75.90,,,,
Spring Hill Elementary,5/14/2025,20016,String Cheese(Each),20,0,20,20,7,0,7,$1.54,0,0.00%,$0.00,$1.54,13,65.00%,$2.86,$4.40,,,,
Spring Hill Elementary,5/14/2025,20017,Orange(1/4 cup),0,0,0,102,70,0,70,$11.90,2,1.96%,$0.34,$12.24,30,29.41%,$5.10,$17.34,,,,
Spring Hill Elementary,5/14/2025,20018,Red Seedless Grapes(8 grapes per 1/4 cup),152,0,152,253,248,0,248,$64.48,5,1.98%,$1.30,$65.78,0,0.00%,$0.00,$65.78,,,,
Spring Hill Elementary,5/14/2025,20023,Baby Carrots(3 baby carrots per 1/4 cup),0,0,0,120,93,0,93,$8.37,3,2.50%,$0.27,$8.64,24,20.00%,$2.16,$10.80,,,,
Spring Hill Elementary,5/14/2025,20028,Lettuce Blend Salad Mix(1/2 cup),191,0,191,200,195,0,195,$15.60,3,1.50%,$0.24,$15.84,2,1.00%,$0.16,$16.00,,,,
Spring Hill Elementary,5/14/2025,20031,Banana(Each),0,0,0,104,104,0,104,$21.84,0,0.00%,$0.00,$21.84,0,0.00%,$0.00,$21.84,,,,
Spring Hill Elementary,5/14/2025,20038,Fat Free White Milk(Each),60,0,60,60,36,0,36,$11.88,0,0.00%,$0.00,$11.88,24,40.00%,$7.92,$19.80,,,,
Spring Hill Elementary,5/14/2025,20040,Cucumber Slices(1/4 cup),0,0,0,46,45,0,45,$2.70,1,2.17%,$0.06,$2.76,0,0.00%,$0.00,$2.76,,,,
Spring Hill Elementary,5/14/2025,20040,Cucumber Slices(6 Slices per 1/2 cup),0,0,0,0,0,0,0,$0.00,0,0.00%,$0.00,$0.00,0,0.00%,$0.00,$0.00,,,,
Spring Hill Elementary,5/14/2025,20076,"Peppers, green, pre-sliced(1/2 cup sliced)",0,0,0,70,34,0,34,$10.20,1,1.43%,$0.30,$10.50,35,50.00%,$10.50,$21.00,,,,
Spring Hill Elementary,5/14/2025,30008,Apple Juice(Each),20,0,20,50,48,0,48,$8.16,0,0.00%,$0.00,$8.16,2,4.00%,$0.34,$8.50,,,,
Spring Hill Elementary,5/14/2025,30009,Orange Tangerine Juice(Each),20,0,20,50,43,0,43,$7.31,0,0.00%,$0.00,$7.31,7,14.00%,$1.19,$8.50,,,,
Spring Hill Elementary,5/14/2025,30014,Whole Wheat Dinner Roll(Each),200,0,200,220,217,0,217,$30.38,0,0.00%,$0.00,$30.38,3,1.36%,$0.42,$30.80,,,,
Spring Hill Elementary,5/14/2025,30020,Applesauce(1/2 Cup),0,0,0,0,0,0,0,$0.00,0,0.00%,$0.00,$0.00,0,0.00%,$0.00,$0.00,,,,
Spring Hill Elementary,5/14/2025,30045,Watermelon Flavored Dried Cranberries(2 Eaches),0,0,0,120,120,0,120,$57.60,0,0.00%,$0.00,$57.60,0,0.00%,$0.00,$57.60,,,,
Spring Hill Elementary,5/14/2025,30077,Italian Dressing(1 ounce),54,0,54,24,16,0,16,$1.28,0,0.00%,$0.00,$1.28,8,33.33%,$0.64,$1.92,,,,
Spring Hill Elementary,5/14/2025,30097,Bottled Water(Bottle),20,0,20,20,11,0,11,$1.76,0,0.00%,$0.00,$1.76,9,45.00%,$1.44,$3.20,,,,
Spring Hill Elementary,5/14/2025,30099,Chickpeas(1/4 cup),38,0,38,64,54,0,54,$4.86,0,0.00%,$0.00,$4.86,10,15.63%,$0.90,$5.76,,,,
Spring Hill Elementary,5/14/2025,30107,Ranch Dressing(1 ounce),102,0,102,72,60,0,60,$6.60,0,0.00%,$0.00,$6.60,12,16.67%,$1.32,$7.92,,,,
Spring Hill Elementary,5/14/2025,30109,Smartfood RF White Cheddar Popcorn(Each),500,0,500,216,202,0,202,$74.74,2,0.93%,$0.74,$75.48,12,5.56%,$4.44,$79.92,,,,
Spring Hill Elementary,5/14/2025,60034,Mandarin Orange Parfait(Parfait),0,0,0,5,4,0,4,$3.96,0,0.00%,$0.00,$3.96,1,20.00%,$0.99,$4.95,,,,
Spring Hill Elementary,5/14/2025,60035,PB&J Power Pack(Power Packs),150,0,150,105,100,0,100,$108.00,0,0.00%,$0.00,$108.00,5,4.76%,$5.40,$113.40,,,,
Spring Hill Elementary,5/14/2025,60036,Cherry Vanilla Yogurt Power Pack(Power Packs),30,0,30,30,27,0,27,$21.60,0,0.00%,$0.00,$21.60,3,10.00%,$2.40,$24.00,,,,
Spring Hill Elementary,5/14/2025,60037,Strawberry & Banana Yogurt Power Pack(Power Packs),30,0,30,30,26,0,26,$20.80,0,0.00%,$0.00,$20.80,4,13.33%,$3.20,$24.00,,,,
Spring Hill Elementary,5/14/2025,60038,Peach Yogurt Power Pack(Power Packs),0,0,0,0,0,0,0,$0.00,0,0.00%,$0.00,$0.00,0,0.00%,$0.00,$0.00,,,,
Spring Hill Elementary,5/14/2025,60047,Chicken Tenders(3 tenders),0,0,0,0,0,0,0,$0.00,0,0.00%,$0.00,$0.00,0,0.00%,$0.00,$0.00,,,,
Spring Hill Elementary,5/14/2025,60050,Chickenless Bites(4 Bites),200,0,200,220,216,0,216,$164.16,1,0.45%,$0.76,$164.92,3,1.36%,$2.28,$167.20,,,,
Spring Hill Elementary,5/14/2025,60063,Chicken & Vegetable Dumplings(6 dumplings),180,0,180,118,114,0,114,$0.00,2,1.69%,$0.00,$0.00,2,1.69%,$0.00,$0.00,,,,
Spring Hill Elementary,5/14/2025,60101,Chickpeas - salad bar entree(1/2 cup),10,0,10,10,4,0,4,$0.72,0,0.00%,$0.00,$0.72,6,60.00%,$1.08,$1.80,,,,
Springfield Estates Elementary,5/14/2025,10044,Soft Pretzel(1 pretzel),46,0,46,40,32,0,32,$7.04,0,0.00%,$0.00,$7.04,8,20.00%,$1.76,$8.80,,,,
Springfield Estates Elementary,5/14/2025,10069,Bean and Cheese Pupusa(Pupusa),0,0,0,1,1,0,1,$1.50,0,0.00%,$0.00,$1.50,0,0.00%,$0.00,$1.50,,,,
Springfield Estates Elementary,5/14/2025,10070,Orange Sauce(ounce),75,0,75,80,65,0,65,$9.10,0,0.00%,$0.00,$9.10,15,18.75%,$2.10,$11.20,,,,
Springfield Estates Elementary,5/14/2025,10096,"Batter, Pumpkin Bread(1oz Grain (1/64 Baked Pan))",0,0,0,2,0,2,2,$0.00,0,0.00%,$0.00,$0.00,0,0.00%,$0.00,$0.00,,,,
Springfield Estates Elementary,5/14/2025,20001,1% White Milk(Each),42,0,42,64,53,0,53,$19.08,0,0.00%,$0.00,$19.08,11,17.19%,$3.96,$23.04,,,,
Springfield Estates Elementary,5/14/2025,20002,Fat Free Chocolate Milk(Each),146,0,146,178,148,1,149,$52.15,0,0.00%,$0.00,$52.15,29,16.29%,$10.15,$62.30,,,,
Springfield Estates Elementary,5/14/2025,20008,Apple Slices(3 slices per 1/4 cup),0,0,0,22,22,0,22,$12.98,0,0.00%,$0.00,$12.98,0,0.00%,$0.00,$12.98,,,,
Springfield Estates Elementary,5/14/2025,20014,Red Delicious Apple(Each - serving),0,0,0,11,11,0,11,$3.63,0,0.00%,$0.00,$3.63,0,0.00%,$0.00,$3.63,,,,
Springfield Estates Elementary,5/14/2025,20016,String Cheese(Each),1,0,1,1,0,1,1,$0.00,0,0.00%,$0.00,$0.00,0,0.00%,$0.00,$0.00,,,,
Springfield Estates Elementary,5/14/2025,20017,Orange(Each - serving),0,0,0,72,72,0,72,$24.48,0,0.00%,$0.00,$24.48,0,0.00%,$0.00,$24.48,,,,
Springfield Estates Elementary,5/14/2025,20027,Broccoli Florets(6 Pieces per 1/2 cup),21,0,21,45,45,0,45,$6.75,0,0.00%,$0.00,$6.75,0,0.00%,$0.00,$6.75,,,,
Springfield Estates Elementary,5/14/2025,20028,Lettuce Blend Salad Mix(1/2 cup),60,0,60,80,60,0,60,$4.80,0,0.00%,$0.00,$4.80,20,25.00%,$1.60,$6.40,,,,
Springfield Estates Elementary,5/14/2025,20031,Banana(Each),0,0,0,41,26,0,26,$5.46,0,0.00%,$0.00,$5.46,15,36.59%,$3.15,$8.61,,,,
Springfield Estates Elementary,5/14/2025,20036,Celery Sticks(1/2 cup),0,0,0,40,40,0,40,$22.00,0,0.00%,$0.00,$22.00,0,0.00%,$0.00,$22.00,,,,
Springfield Estates Elementary,5/14/2025,20038,Fat Free White Milk(Each),5,0,5,38,4,0,4,$1.32,0,0.00%,$0.00,$1.32,34,89.47%,$11.22,$12.54,,,,
Springfield Estates Elementary,5/14/2025,20040,Cucumber Slices(6 Slices per 1/2 cup),17,0,17,44,43,1,44,$5.28,0,0.00%,$0.00,$5.28,0,0.00%,$0.00,$5.28,,,,
Springfield Estates Elementary,5/14/2025,20052,Assorted  4 oz Yogurt(Container),1,0,1,1,0,1,1,$0.00,0,0.00%,$0.00,$0.00,0,0.00%,$0.00,$0.00,,,,
Springfield Estates Elementary,5/14/2025,30008,Apple Juice(Each),13,0,13,10,0,10,10,$0.00,0,0.00%,$0.00,$0.00,0,0.00%,$0.00,$0.00,,,,
Springfield Estates Elementary,5/14/2025,30014,Whole Wheat Dinner Roll(Each),136,0,136,140,129,1,130,$18.20,0,0.00%,$0.00,$18.20,10,7.14%,$1.40,$19.60,,,,
Springfield Estates Elementary,5/14/2025,30020,Applesauce(1/2 Cup),27,0,27,28,27,1,28,$5.88,0,0.00%,$0.00,$5.88,0,0.00%,$0.00,$5.88,,,,
Springfield Estates Elementary,5/14/2025,30031,Strawberry Chex Mix(Package),3,0,3,2,0,2,2,$0.00,0,0.00%,$0.00,$0.00,0,0.00%,$0.00,$0.00,,,,
Springfield Estates Elementary,5/14/2025,30033,Cheez-Its Crackers(Package),20,0,20,21,21,0,21,$3.78,0,0.00%,$0.00,$3.78,0,0.00%,$0.00,$3.78,,,,
Springfield Estates Elementary,5/14/2025,30061,Chilled Mandarin Oranges(1/2 cup (drained)),0,0,0,66,66,0,66,$22.44,0,0.00%,$0.00,$22.44,0,0.00%,$0.00,$22.44,,,,
Springfield Estates Elementary,5/14/2025,30077,Italian Dressing(1 ounce),2,0,2,4,0,0,0,$0.00,0,0.00%,$0.00,$0.00,4,100.00%,$0.00,$0.00,,,,
Springfield Estates Elementary,5/14/2025,30094,Doritos Wild White Nacho Flavored Tortilla Chips(Bag),0,0,0,30,0,30,30,$0.00,0,0.00%,$0.00,$0.00,0,0.00%,$0.00,$0.00,,,,
Springfield Estates Elementary,5/14/2025,30097,Bottled Water(Bottle),13,0,13,19,1,18,19,$3.04,0,0.00%,$0.00,$3.04,0,0.00%,$0.00,$3.04,,,,
Springfield Estates Elementary,5/14/2025,30107,Ranch Dressing(1 ounce),44,0,44,48,45,0,45,$4.95,0,0.00%,$0.00,$4.95,3,6.25%,$0.33,$5.28,,,,
Springfield Estates Elementary,5/14/2025,60035,PB&J Power Pack(Power Packs),83,0,83,50,44,0,44,$47.52,0,0.00%,$0.00,$47.52,6,12.00%,$6.48,$54.00,,,,
Springfield Estates Elementary,5/14/2025,60037,Strawberry & Banana Yogurt Power Pack(Power Packs),28,0,28,35,32,0,32,$25.60,0,0.00%,$0.00,$25.60,3,8.57%,$2.40,$28.00,,,,
Springfield Estates Elementary,5/14/2025,60038,Peach Yogurt Power Pack(Power Packs),0,0,0,0,0,0,0,$0.00,0,0.00%,$0.00,$0.00,0,0.00%,$0.00,$0.00,,,,
Springfield Estates Elementary,5/14/2025,60040,Grilled Cheese Sandwich(Sandwich),0,0,0,28,27,1,28,$11.76,0,0.00%,$0.00,$11.76,0,0.00%,$0.00,$11.76,,,,
Springfield Estates Elementary,5/14/2025,60045,Cucumber Slices(1/2 cup),0,0,0,0,0,0,0,$0.00,0,0.00%,$0.00,$0.00,0,0.00%,$0.00,$0.00,,,,
Springfield Estates Elementary,5/14/2025,60047,Chicken Tenders(3 tenders),20,0,20,24,23,1,24,$22.56,0,0.00%,$0.00,$22.56,0,0.00%,$0.00,$22.56,,,,
Springfield Estates Elementary,5/14/2025,60050,Chickenless Bites(2 Bites),0,0,0,13,0,13,13,$0.00,0,0.00%,$0.00,$0.00,0,0.00%,$0.00,$0.00,,,,
Springfield Estates Elementary,5/14/2025,60050,Chickenless Bites(4 Bites),76,0,76,116,115,1,116,$88.16,0,0.00%,$0.00,$88.16,0,0.00%,$0.00,$88.16,,,,
Springfield Estates Elementary,5/14/2025,60063,Chicken & Vegetable Dumplings(6 dumplings),100,0,100,65,61,4,65,$0.00,0,0.00%,$0.00,$0.00,0,0.00%,$0.00,$0.00,,,,
Springfield Estates Elementary,5/14/2025,60126,Arepa w/Taco Beef(1 Aprea + #8 scoop of beef),0,0,0,5,4,1,5,$7.25,0,0.00%,$0.00,$7.25,0,0.00%,$0.00,$7.25,,,,
Stenwood Elementary,5/14/2025,10044,Soft Pretzel(1 pretzel),1,0,1,51,24,0,24,$5.28,0,0.00%,$0.00,$5.28,27,52.94%,$5.94,$11.22,,,,
Stenwood Elementary,5/14/2025,10070,Orange Sauce(ounce),100,0,100,64,64,0,64,$8.96,0,0.00%,$0.00,$8.96,0,0.00%,$0.00,$8.96,,,,
Stenwood Elementary,5/14/2025,20001,1% White Milk(Each),7,0,7,4,4,0,4,$1.44,0,0.00%,$0.00,$1.44,0,0.00%,$0.00,$1.44,,,,
Stenwood Elementary,5/14/2025,20002,Fat Free Chocolate Milk(Each),161,0,161,215,120,0,120,$42.00,0,0.00%,$0.00,$42.00,95,44.19%,$33.25,$75.25,,,,
Stenwood Elementary,5/14/2025,20008,Apple Slices(3 slices per 1/4 cup),0,0,0,290,260,0,260,$153.40,0,0.00%,$0.00,$153.40,30,10.34%,$17.70,$171.10,,,,
Stenwood Elementary,5/14/2025,20027,Broccoli Florets(1/4 cup),84,0,84,42,39,0,39,$3.12,3,7.14%,$0.24,$3.36,0,0.00%,$0.00,$3.36,,,,
Stenwood Elementary,5/14/2025,20028,Lettuce Blend Salad Mix(1/2 cup),40,0,40,40,23,0,23,$1.84,2,5.00%,$0.16,$2.00,15,37.50%,$1.20,$3.20,,,,
Stenwood Elementary,5/14/2025,20031,Banana(Each),0,0,0,94,74,0,74,$15.54,0,0.00%,$0.00,$15.54,20,21.28%,$4.20,$19.74,,,,
Stenwood Elementary,5/14/2025,20040,Cucumber Slices(6 Slices per 1/2 cup),5,0,5,4,4,0,4,$0.48,0,0.00%,$0.00,$0.48,0,0.00%,$0.00,$0.48,,,,
Stenwood Elementary,5/14/2025,20052,Assorted  4 oz Yogurt(Container),25,0,25,25,11,0,11,$0.00,0,0.00%,$0.00,$0.00,14,56.00%,$0.00,$0.00,,,,
Stenwood Elementary,5/14/2025,30008,Apple Juice(Each),50,0,50,50,43,0,43,$7.31,0,0.00%,$0.00,$7.31,7,14.00%,$1.19,$8.50,,,,
Stenwood Elementary,5/14/2025,30009,Orange Tangerine Juice(Each),40,0,40,40,30,0,30,$5.10,0,0.00%,$0.00,$5.10,10,25.00%,$1.70,$6.80,,,,
Stenwood Elementary,5/14/2025,30014,Whole Wheat Dinner Roll(Each),100,0,100,60,51,0,51,$7.14,0,0.00%,$0.00,$7.14,9,15.00%,$1.26,$8.40,,,,
Stenwood Elementary,5/14/2025,30031,Strawberry Chex Mix(Package),30,0,30,30,15,0,15,$6.75,0,0.00%,$0.00,$6.75,15,50.00%,$6.75,$13.50,,,,
Stenwood Elementary,5/14/2025,30033,Cheez-Its Crackers(Package),0,0,0,30,25,0,25,$4.50,0,0.00%,$0.00,$4.50,5,16.67%,$0.90,$5.40,,,,
Stenwood Elementary,5/14/2025,30041,Orange Flavored Dried Cranberries(Each),13,0,13,20,10,0,10,$2.40,0,0.00%,$0.00,$2.40,10,50.00%,$2.40,$4.80,,,,
Stenwood Elementary,5/14/2025,30043,Raspberry Lemonade Flavored Dried Cranberries(Each),14,0,14,20,11,0,11,$2.64,0,0.00%,$0.00,$2.64,9,45.00%,$2.16,$4.80,,,,
Stenwood Elementary,5/14/2025,30044,Strawberry Flavored Dried Cranberries(Each),14,0,14,20,14,0,14,$3.36,0,0.00%,$0.00,$3.36,6,30.00%,$1.44,$4.80,,,,
Stenwood Elementary,5/14/2025,30045,Watermelon Flavored Dried Cranberries(Each),11,0,11,20,12,0,12,$2.88,0,0.00%,$0.00,$2.88,8,40.00%,$1.92,$4.80,,,,
Stenwood Elementary,5/14/2025,30077,Italian Dressing(1 ounce),17,0,17,24,14,0,14,$1.12,0,0.00%,$0.00,$1.12,10,41.67%,$0.80,$1.92,,,,
Stenwood Elementary,5/14/2025,30097,Bottled Water(Bottle),25,0,25,25,14,0,14,$2.24,0,0.00%,$0.00,$2.24,11,44.00%,$1.76,$4.00,,,,
Stenwood Elementary,5/14/2025,30099,Chickpeas(1/4 cup),32,0,32,32,8,0,8,$0.72,6,18.75%,$0.54,$1.26,18,56.25%,$1.62,$2.88,,,,
Stenwood Elementary,5/14/2025,30102,1% Unflavored Shelf-Stable Milk(Each),0,0,0,24,14,0,14,$5.32,0,0.00%,$0.00,$5.32,10,41.67%,$3.80,$9.12,,,,
Stenwood Elementary,5/14/2025,30107,Ranch Dressing(1 ounce),20,0,20,24,19,0,19,$2.09,0,0.00%,$0.00,$2.09,5,20.83%,$0.55,$2.64,,,,
Stenwood Elementary,5/14/2025,30108,Fat Free Unflavored Shelf-Stable Milk(Each),0,0,0,49,12,0,12,$4.56,0,0.00%,$0.00,$4.56,37,75.51%,$14.06,$18.62,,,,
Stenwood Elementary,5/14/2025,30109,Smartfood RF White Cheddar Popcorn(Each),100,0,100,100,71,0,71,$26.27,0,0.00%,$0.00,$26.27,29,29.00%,$10.73,$37.00,,,,
Stenwood Elementary,5/14/2025,60035,PB&J Power Pack(Power Packs),54,0,54,72,58,0,58,$62.64,0,0.00%,$0.00,$62.64,14,19.44%,$15.12,$77.76,,,,
Stenwood Elementary,5/14/2025,60036,Cherry Vanilla Yogurt Power Pack(Power Packs),20,0,20,15,12,0,12,$9.60,0,0.00%,$0.00,$9.60,3,20.00%,$2.40,$12.00,,,,
Stenwood Elementary,5/14/2025,60037,Strawberry & Banana Yogurt Power Pack(Power Packs),20,0,20,15,9,0,9,$7.20,0,0.00%,$0.00,$7.20,6,40.00%,$4.80,$12.00,,,,
Stenwood Elementary,5/14/2025,60038,Peach Yogurt Power Pack(Power Packs),20,0,20,15,9,0,9,$7.20,0,0.00%,$0.00,$7.20,6,40.00%,$4.80,$12.00,,,,
Stenwood Elementary,5/14/2025,60050,Chickenless Bites(4 Bites),100,0,100,60,51,0,51,$38.76,0,0.00%,$0.00,$38.76,9,15.00%,$6.84,$45.60,,,,
Stenwood Elementary,5/14/2025,60063,Chicken & Vegetable Dumplings(6 dumplings),150,0,150,64,64,0,64,$0.00,0,0.00%,$0.00,$0.00,0,0.00%,$0.00,$0.00,,,,
Stenwood Elementary,5/14/2025,60064,Vegetable Dumpling(6 dumplings),0,0,0,32,26,0,26,$0.00,6,18.75%,$0.00,$0.00,0,0.00%,$0.00,$0.00,,,,
Stenwood Elementary,5/14/2025,60077,Manager's Vegetable Choice(1/4 cup),53,0,53,92,71,0,71,$0.00,5,5.43%,$0.00,$0.00,16,17.39%,$0.00,$0.00,,,,
Stenwood Elementary,5/14/2025,60101,Chickpeas - salad bar entree(1/2 cup),1,0,1,1,0,0,0,$0.00,0,0.00%,$0.00,$0.00,1,100.00%,$0.00,$0.00,,,,
Stenwood Elementary,5/14/2025,60150,Strawberry Parfait Power Pack(Power Pack),20,0,20,18,16,0,16,$26.08,0,0.00%,$0.00,$26.08,2,11.11%,$3.26,$29.34,,,,
Stone Middle,5/14/2025,10011,Sweet Thai Chili Sauce(ounce),0,0,0,24,21,1,22,$3.08,2,8.33%,$0.28,$3.36,0,0.00%,$0.00,$3.36,,,,
Stone Middle,5/14/2025,10027,"Bread, Loco(flatbread)",68,0,68,173,137,10,147,$44.10,0,0.00%,$0.00,$44.10,26,15.03%,$7.80,$51.90,,,,
Stone Middle,5/14/2025,10033,Chocolate Chip Cookie(Cookie),72,0,72,73,73,0,73,$19.71,0,0.00%,$0.00,$19.71,0,0.00%,$0.00,$19.71,,,,
Stone Middle,5/14/2025,10044,Soft Pretzel(1 pretzel),0,0,0,3,2,0,2,$0.44,0,0.00%,$0.00,$0.44,1,33.33%,$0.22,$0.66,,,,
Stone Middle,5/14/2025,10069,Bean and Cheese Pupusa(Pupusa),0,0,0,1,1,0,1,$1.50,0,0.00%,$0.00,$1.50,0,0.00%,$0.00,$1.50,,,,
Stone Middle,5/14/2025,20001,1% White Milk(Each),19,0,19,30,25,0,25,$9.00,0,0.00%,$0.00,$9.00,5,16.67%,$1.80,$10.80,,,,
Stone Middle,5/14/2025,20002,Fat Free Chocolate Milk(Each),177,0,177,175,154,0,154,$53.90,0,0.00%,$0.00,$53.90,21,12.00%,$7.35,$61.25,,,,
Stone Middle,5/14/2025,20008,Apple Slices(6 Slices per 1/2 cup),135,0,135,84,84,0,84,$99.12,0,0.00%,$0.00,$99.12,0,0.00%,$0.00,$99.12,,,,
Stone Middle,5/14/2025,20011,Cherry Tomatoes(6 Tomatoes per 1/2 cup),0,0,0,18,18,0,18,$13.32,0,0.00%,$0.00,$13.32,0,0.00%,$0.00,$13.32,,,,
Stone Middle,5/14/2025,20023,Baby Carrots(6 Baby Carrots per 1/2 cup),0,0,0,90,60,0,60,$10.20,0,0.00%,$0.00,$10.20,30,33.33%,$5.10,$15.30,,,,
Stone Middle,5/14/2025,20027,Broccoli Florets(6 Pieces per 1/2 cup),30,0,30,30,10,0,10,$1.50,0,0.00%,$0.00,$1.50,20,66.67%,$3.00,$4.50,,,,
Stone Middle,5/14/2025,20028,Lettuce Blend Salad Mix(1/2 cup),126,0,126,200,180,0,180,$14.40,0,0.00%,$0.00,$14.40,20,10.00%,$1.60,$16.00,,,,
Stone Middle,5/14/2025,20031,Banana(Each),98,0,98,100,93,0,93,$19.53,0,0.00%,$0.00,$19.53,7,7.00%,$1.47,$21.00,,,,
Stone Middle,5/14/2025,20038,Fat Free White Milk(Each),17,0,17,30,10,0,10,$3.30,0,0.00%,$0.00,$3.30,20,66.67%,$6.60,$9.90,,,,
Stone Middle,5/14/2025,20076,"Peppers, green, pre-sliced(1/2 cup sliced)",0,0,0,35,15,0,15,$4.50,0,0.00%,$0.00,$4.50,20,57.14%,$6.00,$10.50,,,,
Stone Middle,5/14/2025,30008,Apple Juice(Each),10,0,10,20,13,0,13,$2.21,0,0.00%,$0.00,$2.21,7,35.00%,$1.19,$3.40,,,,
Stone Middle,5/14/2025,30014,Whole Wheat Dinner Roll(2 rolls),0,0,0,21,21,0,21,$5.88,0,0.00%,$0.00,$5.88,0,0.00%,$0.00,$5.88,,,,
Stone Middle,5/14/2025,30025,Black Beans(1/2 cup),0,0,0,25,25,0,25,$4.50,0,0.00%,$0.00,$4.50,0,0.00%,$0.00,$4.50,,,,
Stone Middle,5/14/2025,30039,Cherry Flavored Dried Cranberries(Each),81,0,81,170,125,0,125,$30.00,0,0.00%,$0.00,$30.00,45,26.47%,$10.80,$40.80,,,,
Stone Middle,5/14/2025,30061,Chilled Mandarin Oranges(1/2 cup (drained)),0,0,0,100,78,0,78,$26.52,0,0.00%,$0.00,$26.52,22,22.00%,$7.48,$34.00,,,,
Stone Middle,5/14/2025,30063,Ketchup Packet(Packet),107,0,107,500,475,0,475,$14.25,0,0.00%,$0.00,$14.25,25,5.00%,$0.75,$15.00,,,,
Stone Middle,5/14/2025,30064,Mayonnaise Packet(Packet),37,0,37,100,64,0,64,$6.40,0,0.00%,$0.00,$6.40,36,36.00%,$3.60,$10.00,,,,
Stone Middle,5/14/2025,30077,Italian Dressing(1 ounce),0,0,0,30,2,0,2,$0.16,0,0.00%,$0.00,$0.16,28,93.33%,$2.24,$2.40,,,,
Stone Middle,5/14/2025,30097,Bottled Water(Bottle),30,0,30,30,20,0,20,$3.20,0,0.00%,$0.00,$3.20,10,33.33%,$1.60,$4.80,,,,
Stone Middle,5/14/2025,30099,Chickpeas(1/4 cup),4,0,4,20,5,0,5,$0.45,0,0.00%,$0.00,$0.45,15,75.00%,$1.35,$1.80,,,,
Stone Middle,5/14/2025,30107,Ranch Dressing(1 ounce),145,0,145,144,120,0,120,$13.20,0,0.00%,$0.00,$13.20,24,16.67%,$2.64,$15.84,,,,
Stone Middle,5/14/2025,60007,Cheeseburger(Sandwich),0,0,0,3,3,0,3,$2.19,0,0.00%,$0.00,$2.19,0,0.00%,$0.00,$2.19,,,,
Stone Middle,5/14/2025,60018,Cheese Quesadilla(Quesadilla),0,0,0,13,12,0,12,$8.28,1,7.69%,$0.69,$8.97,0,0.00%,$0.00,$8.97,,,,
Stone Middle,5/14/2025,60035,PB&J Power Pack(Power Packs),50,0,50,80,72,2,74,$79.92,0,0.00%,$0.00,$79.92,6,7.50%,$6.48,$86.40,,,,
Stone Middle,5/14/2025,60038,Peach Yogurt Power Pack(Power Packs),13,0,13,12,9,0,9,$7.20,0,0.00%,$0.00,$7.20,3,25.00%,$2.40,$9.60,,,,
Stone Middle,5/14/2025,60040,Grilled Cheese Sandwich(Sandwich),13,0,13,17,15,0,15,$6.30,2,11.76%,$0.84,$7.14,0,0.00%,$0.00,$7.14,,,,
Stone Middle,5/14/2025,60047,Chicken Tenders(3 tenders),0,0,0,26,21,5,26,$24.44,0,0.00%,$0.00,$24.44,0,0.00%,$0.00,$24.44,,,,
Stone Middle,5/14/2025,60050,Chickenless Bites(4 Bites),77,0,77,173,137,10,147,$111.72,1,0.58%,$0.76,$112.48,25,14.45%,$19.00,$131.48,,,,
Stone Middle,5/14/2025,60064,Vegetable Dumpling(6 dumplings),0,0,0,24,21,1,22,$0.00,2,8.33%,$0.00,$0.00,0,0.00%,$0.00,$0.00,,,,
Stone Middle,5/14/2025,60075,Spicy Chicken Wrap(Wrap),3,0,3,20,14,1,15,$17.55,0,0.00%,$0.00,$17.55,5,25.00%,$5.85,$23.40,,,,
Stone Middle,5/14/2025,60101,Chickpeas - salad bar entree(1/2 cup),0,0,0,1,0,0,0,$0.00,0,0.00%,$0.00,$0.00,1,100.00%,$0.00,$0.00,,,,
Stratford Landing Elementary,5/14/2025,10044,Soft Pretzel(1 pretzel),47,0,47,28,3,25,28,$6.16,0,0.00%,$0.00,$6.16,0,0.00%,$0.00,$6.16,,,,
Stratford Landing Elementary,5/14/2025,10070,Orange Sauce(ounce),40,0,40,50,42,6,48,$6.72,0,0.00%,$0.00,$6.72,2,4.00%,$0.28,$7.00,,,,
Stratford Landing Elementary,5/14/2025,20001,1% White Milk(Each),71,0,71,72,23,0,23,$8.28,0,0.00%,$0.00,$8.28,49,68.06%,$17.64,$25.92,,,,
Stratford Landing Elementary,5/14/2025,20002,Fat Free Chocolate Milk(Each),169,0,169,166,140,0,140,$49.00,0,0.00%,$0.00,$49.00,26,15.66%,$9.10,$58.10,,,,
Stratford Landing Elementary,5/14/2025,20017,Orange(6 Slices per 1/2 cup),0,0,0,102,102,0,102,$34.68,0,0.00%,$0.00,$34.68,0,0.00%,$0.00,$34.68,,,,
Stratford Landing Elementary,5/14/2025,20018,Red Seedless Grapes(8 grapes per 1/4 cup),154,0,154,253,253,0,253,$65.78,0,0.00%,$0.00,$65.78,0,0.00%,$0.00,$65.78,,,,
Stratford Landing Elementary,5/14/2025,20028,Lettuce Blend Salad Mix(1/2 cup),196,0,196,160,160,0,160,$12.80,0,0.00%,$0.00,$12.80,0,0.00%,$0.00,$12.80,,,,
Stratford Landing Elementary,5/14/2025,20038,Fat Free White Milk(Each),6,0,6,41,3,0,3,$0.99,0,0.00%,$0.00,$0.99,38,92.68%,$12.54,$13.53,,,,
Stratford Landing Elementary,5/14/2025,20069,"Apple, Slices, IW - ER Supper Only(Each)",0,0,0,156,153,0,153,$50.49,0,0.00%,$0.00,$50.49,3,1.92%,$0.99,$51.48,,,,
Stratford Landing Elementary,5/14/2025,30009,Orange Tangerine Juice(Each),0,0,0,15,0,15,15,$0.00,0,0.00%,$0.00,$0.00,0,0.00%,$0.00,$0.00,,,,
Stratford Landing Elementary,5/14/2025,30014,Whole Wheat Dinner Roll(Each),85,0,85,152,152,0,152,$21.28,0,0.00%,$0.00,$21.28,0,0.00%,$0.00,$21.28,,,,
Stratford Landing Elementary,5/14/2025,30044,Strawberry Flavored Dried Cranberries(Each),19,0,19,100,95,0,95,$22.80,0,0.00%,$0.00,$22.80,5,5.00%,$1.20,$24.00,,,,
Stratford Landing Elementary,5/14/2025,30061,Chilled Mandarin Oranges(1/2 cup (drained)),0,0,0,8,8,0,8,$2.72,0,0.00%,$0.00,$2.72,0,0.00%,$0.00,$2.72,,,,
Stratford Landing Elementary,5/14/2025,30077,Italian Dressing(1 ounce),10,0,10,24,10,0,10,$0.80,0,0.00%,$0.00,$0.80,14,58.33%,$1.12,$1.92,,,,
Stratford Landing Elementary,5/14/2025,30097,Bottled Water(Bottle),0,0,0,10,0,10,10,$0.00,0,0.00%,$0.00,$0.00,0,0.00%,$0.00,$0.00,,,,
Stratford Landing Elementary,5/14/2025,30107,Ranch Dressing(1 ounce),44,0,44,48,48,0,48,$5.28,0,0.00%,$0.00,$5.28,0,0.00%,$0.00,$5.28,,,,
Stratford Landing Elementary,5/14/2025,30173,"Tortilla Chips, Reduced Fat Tostitos, IW(Each)",0,0,0,30,0,30,30,$0.00,0,0.00%,$0.00,$0.00,0,0.00%,$0.00,$0.00,,,,
Stratford Landing Elementary,5/14/2025,60035,PB&J Power Pack(Power Packs),39,0,39,49,37,6,43,$46.44,0,0.00%,$0.00,$46.44,6,12.24%,$6.48,$52.92,,,,
Stratford Landing Elementary,5/14/2025,60036,Cherry Vanilla Yogurt Power Pack(Power Packs),34,0,34,44,30,0,30,$24.00,0,0.00%,$0.00,$24.00,14,31.82%,$11.20,$35.20,,,,
Stratford Landing Elementary,5/14/2025,60050,Chickenless Bites(4 Bites),61,0,61,152,143,5,148,$112.48,0,0.00%,$0.00,$112.48,4,2.63%,$3.04,$115.52,,,,
Stratford Landing Elementary,5/14/2025,60063,Chicken & Vegetable Dumplings(6 dumplings),40,0,40,50,42,6,48,$0.00,0,0.00%,$0.00,$0.00,2,4.00%,$0.00,$0.00,,,,
Stratford Landing Elementary,5/14/2025,60077,Manager's Vegetable Choice(1/4 cup),67,0,67,20,20,0,20,$0.00,0,0.00%,$0.00,$0.00,0,0.00%,$0.00,$0.00,,,,
Stratford Landing Elementary,5/14/2025,60101,Chickpeas - salad bar entree(1/2 cup),5,0,5,3,3,0,3,$0.54,0,0.00%,$0.00,$0.54,0,0.00%,$0.00,$0.54,,,,
Sunrise Valley Elementary,5/14/2025,10044,Soft Pretzel(1 pretzel),4,0,4,23,21,0,21,$4.62,2,8.70%,$0.44,$5.06,0,0.00%,$0.00,$5.06,,,,
Sunrise Valley Elementary,5/14/2025,10070,Orange Sauce(ounce),45,0,45,45,44,0,44,$6.16,1,2.22%,$0.14,$6.30,0,0.00%,$0.00,$6.30,,,,
Sunrise Valley Elementary,5/14/2025,20001,1% White Milk(Each),22,0,22,97,17,0,17,$6.12,0,0.00%,$0.00,$6.12,80,82.47%,$28.80,$34.92,,,,
Sunrise Valley Elementary,5/14/2025,20002,Fat Free Chocolate Milk(Each),169,0,169,215,160,0,160,$56.00,0,0.00%,$0.00,$56.00,55,25.58%,$19.25,$75.25,,,,
Sunrise Valley Elementary,5/14/2025,20014,Red Delicious Apple(Each - serving),0,0,0,192,160,0,160,$52.80,0,0.00%,$0.00,$52.80,32,16.67%,$10.56,$63.36,,,,
Sunrise Valley Elementary,5/14/2025,20027,Broccoli Florets(1/4 cup),42,0,42,42,42,0,42,$3.36,0,0.00%,$0.00,$3.36,0,0.00%,$0.00,$3.36,,,,
Sunrise Valley Elementary,5/14/2025,20028,Lettuce Blend Salad Mix(1/2 cup),44,0,44,40,39,0,39,$3.12,1,2.50%,$0.08,$3.20,0,0.00%,$0.00,$3.20,,,,
Sunrise Valley Elementary,5/14/2025,20031,Banana(Each),0,0,0,60,60,0,60,$12.60,0,0.00%,$0.00,$12.60,0,0.00%,$0.00,$12.60,,,,
Sunrise Valley Elementary,5/14/2025,20040,Cucumber Slices(6 Slices per 1/2 cup),2,0,2,1,1,0,1,$0.12,0,0.00%,$0.00,$0.12,0,0.00%,$0.00,$0.12,,,,
Sunrise Valley Elementary,5/14/2025,20047,Orange Slices(3 slices per 1/4 cup),0,0,0,102,101,0,101,$20.20,1,0.98%,$0.20,$20.40,0,0.00%,$0.00,$20.40,,,,
Sunrise Valley Elementary,5/14/2025,30014,Whole Wheat Dinner Roll(Each),71,0,71,29,28,0,28,$3.92,1,3.45%,$0.14,$4.06,0,0.00%,$0.00,$4.06,,,,
Sunrise Valley Elementary,5/14/2025,30020,Applesauce(1/2 Cup),2,0,2,1,1,0,1,$0.21,0,0.00%,$0.00,$0.21,0,0.00%,$0.00,$0.21,,,,
Sunrise Valley Elementary,5/14/2025,30020,Applesauce(1/4 cup),48,0,48,25,25,0,25,$2.75,0,0.00%,$0.00,$2.75,0,0.00%,$0.00,$2.75,,,,
Sunrise Valley Elementary,5/14/2025,30031,Strawberry Chex Mix(Package),25,0,25,25,24,0,24,$10.80,0,0.00%,$0.00,$10.80,1,4.00%,$0.45,$11.25,,,,
Sunrise Valley Elementary,5/14/2025,30033,Cheez-Its Crackers(Package),0,0,0,1,1,0,1,$0.18,0,0.00%,$0.00,$0.18,0,0.00%,$0.00,$0.18,,,,
Sunrise Valley Elementary,5/14/2025,30077,Italian Dressing(1 ounce),3,0,3,12,1,0,1,$0.08,0,0.00%,$0.00,$0.08,11,91.67%,$0.88,$0.96,,,,
Sunrise Valley Elementary,5/14/2025,30094,Doritos Wild White Nacho Flavored Tortilla Chips(Bag),0,0,0,5,4,0,4,$1.40,1,20.00%,$0.35,$1.75,0,0.00%,$0.00,$1.75,,,,
Sunrise Valley Elementary,5/14/2025,30097,Bottled Water(Bottle),35,0,35,40,35,0,35,$5.60,0,0.00%,$0.00,$5.60,5,12.50%,$0.80,$6.40,,,,
Sunrise Valley Elementary,5/14/2025,30099,Chickpeas(1/4 cup),32,0,32,33,31,0,31,$2.79,2,6.06%,$0.18,$2.97,0,0.00%,$0.00,$2.97,,,,
Sunrise Valley Elementary,5/14/2025,30107,Ranch Dressing(1 ounce),46,0,46,48,47,0,47,$5.17,1,2.08%,$0.11,$5.28,0,0.00%,$0.00,$5.28,,,,
Sunrise Valley Elementary,5/14/2025,30108,Fat Free Unflavored Shelf-Stable Milk(Each),0,0,0,21,5,0,5,$1.90,0,0.00%,$0.00,$1.90,16,76.19%,$6.08,$7.98,,,,
Sunrise Valley Elementary,5/14/2025,30109,Smartfood RF White Cheddar Popcorn(Each),55,0,55,71,71,0,71,$26.27,0,0.00%,$0.00,$26.27,0,0.00%,$0.00,$26.27,,,,
Sunrise Valley Elementary,5/14/2025,60034,Mandarin Orange Parfait(Parfait),0,0,0,1,1,0,1,$0.99,0,0.00%,$0.00,$0.99,0,0.00%,$0.00,$0.99,,,,
Sunrise Valley Elementary,5/14/2025,60035,PB&J Power Pack(Power Packs),47,0,47,50,49,0,49,$52.92,0,0.00%,$0.00,$52.92,1,2.00%,$1.08,$54.00,,,,
Sunrise Valley Elementary,5/14/2025,60037,Strawberry & Banana Yogurt Power Pack(Power Packs),7,0,7,12,7,0,7,$5.60,0,0.00%,$0.00,$5.60,5,41.67%,$4.00,$9.60,,,,
Sunrise Valley Elementary,5/14/2025,60038,Peach Yogurt Power Pack(Power Packs),10,0,10,12,6,0,6,$4.80,0,0.00%,$0.00,$4.80,6,50.00%,$4.80,$9.60,,,,
Sunrise Valley Elementary,5/14/2025,60047,Chicken Tenders(3 tenders),1,0,1,0,0,0,0,$0.00,0,0.00%,$0.00,$0.00,0,0.00%,$0.00,$0.00,,,,
Sunrise Valley Elementary,5/14/2025,60050,Chickenless Bites(4 Bites),71,0,71,29,28,0,28,$21.28,1,3.45%,$0.76,$22.04,0,0.00%,$0.00,$22.04,,,,
Sunrise Valley Elementary,5/14/2025,60063,Chicken & Vegetable Dumplings(6 dumplings),45,0,45,45,44,0,44,$0.00,1,2.22%,$0.00,$0.00,0,0.00%,$0.00,$0.00,,,,
Sunrise Valley Elementary,5/14/2025,60076,"Penne Pasta with Marinara and Beef Meatballs(cup cooked pasta, 1/2c sauce, 5 meatballs)",0,0,0,60,60,0,60,$75.00,0,0.00%,$0.00,$75.00,0,0.00%,$0.00,$75.00,,,,
Sunrise Valley Elementary,5/14/2025,60077,Manager's Vegetable Choice(1/4 cup),130,0,130,136,122,0,122,$0.00,2,1.47%,$0.00,$0.00,12,8.82%,$0.00,$0.00,,,,
Sunrise Valley Elementary,5/14/2025,60101,Chickpeas - salad bar entree(1/2 cup),4,0,4,3,3,0,3,$0.54,0,0.00%,$0.00,$0.54,0,0.00%,$0.00,$0.54,,,,
Terra Centre Elementary,5/14/2025,10044,Soft Pretzel(1 pretzel),28,0,28,55,42,0,42,$9.24,0,0.00%,$0.00,$9.24,13,23.64%,$2.86,$12.10,,,,
Terra Centre Elementary,5/14/2025,10070,Orange Sauce(ounce),0,0,0,20,13,0,13,$1.82,7,35.00%,$0.98,$2.80,0,0.00%,$0.00,$2.80,,,,
Terra Centre Elementary,5/14/2025,10075,Cheese Pizza(Slice),0,0,0,15,10,0,10,$5.70,5,33.33%,$2.85,$8.55,0,0.00%,$0.00,$8.55,,,,
Terra Centre Elementary,5/14/2025,20001,1% White Milk(Each),62,0,62,81,46,0,46,$16.56,0,0.00%,$0.00,$16.56,35,43.21%,$12.60,$29.16,,,,
Terra Centre Elementary,5/14/2025,20002,Fat Free Chocolate Milk(Each),170,0,170,200,164,21,185,$64.75,0,0.00%,$0.00,$64.75,15,7.50%,$5.25,$70.00,,,,
Terra Centre Elementary,5/14/2025,20013,Gala Apple(Each),0,0,0,50,42,0,42,$15.54,0,0.00%,$0.00,$15.54,8,16.00%,$2.96,$18.50,,,,
Terra Centre Elementary,5/14/2025,20014,Red Delicious Apple(Each - serving),18,0,18,19,19,0,19,$6.27,0,0.00%,$0.00,$6.27,0,0.00%,$0.00,$6.27,,,,
Terra Centre Elementary,5/14/2025,20018,Red Seedless Grapes(8 grapes per 1/4 cup),44,0,44,92,77,0,77,$20.02,0,0.00%,$0.00,$20.02,15,16.30%,$3.90,$23.92,,,,
Terra Centre Elementary,5/14/2025,20027,Broccoli Florets(1/4 cup),54,0,54,84,84,0,84,$6.72,0,0.00%,$0.00,$6.72,0,0.00%,$0.00,$6.72,,,,
Terra Centre Elementary,5/14/2025,20028,Lettuce Blend Salad Mix(1/2 cup),38,0,38,60,60,0,60,$4.80,0,0.00%,$0.00,$4.80,0,0.00%,$0.00,$4.80,,,,
Terra Centre Elementary,5/14/2025,20031,Banana(Each),0,0,0,90,60,0,60,$12.60,0,0.00%,$0.00,$12.60,30,33.33%,$6.30,$18.90,,,,
Terra Centre Elementary,5/14/2025,20038,Fat Free White Milk(Each),19,0,19,0,0,0,0,$0.00,0,0.00%,$0.00,$0.00,0,0.00%,$0.00,$0.00,,,,
Terra Centre Elementary,5/14/2025,20040,Cucumber Slices(6 Slices per 1/2 cup),19,0,19,21,19,2,21,$2.52,0,0.00%,$0.00,$2.52,0,0.00%,$0.00,$2.52,,,,
Terra Centre Elementary,5/14/2025,30002,Sub Roll(Sub Roll),0,0,0,130,109,21,130,$40.30,0,0.00%,$0.00,$40.30,0,0.00%,$0.00,$40.30,,,,
Terra Centre Elementary,5/14/2025,30008,Apple Juice(Each),0,0,0,40,30,0,30,$5.10,0,0.00%,$0.00,$5.10,10,25.00%,$1.70,$6.80,,,,
Terra Centre Elementary,5/14/2025,30009,Orange Tangerine Juice(Each),0,0,0,40,2,0,2,$0.34,0,0.00%,$0.00,$0.34,38,95.00%,$6.46,$6.80,,,,
Terra Centre Elementary,5/14/2025,30014,Whole Wheat Dinner Roll(Each),85,0,85,95,79,12,91,$12.74,4,4.21%,$0.56,$13.30,0,0.00%,$0.00,$13.30,,,,
Terra Centre Elementary,5/14/2025,30020,Applesauce(1/2 Cup),30,0,30,35,33,2,35,$7.35,0,0.00%,$0.00,$7.35,0,0.00%,$0.00,$7.35,,,,
Terra Centre Elementary,5/14/2025,30020,Applesauce(1/4 cup),38,0,38,60,28,0,28,$3.08,0,0.00%,$0.00,$3.08,32,53.33%,$3.52,$6.60,,,,
Terra Centre Elementary,5/14/2025,30031,Strawberry Chex Mix(Package),0,0,0,50,46,0,46,$20.70,0,0.00%,$0.00,$20.70,4,8.00%,$1.80,$22.50,,,,
Terra Centre Elementary,5/14/2025,30033,Cheez-Its Crackers(Package),19,0,19,19,19,0,19,$3.42,0,0.00%,$0.00,$3.42,0,0.00%,$0.00,$3.42,,,,
Terra Centre Elementary,5/14/2025,30039,Cherry Flavored Dried Cranberries(Each),15,0,15,0,0,0,0,$0.00,0,0.00%,$0.00,$0.00,0,0.00%,$0.00,$0.00,,,,
Terra Centre Elementary,5/14/2025,30041,Orange Flavored Dried Cranberries(Each),4,0,4,0,0,0,0,$0.00,0,0.00%,$0.00,$0.00,0,0.00%,$0.00,$0.00,,,,
Terra Centre Elementary,5/14/2025,30042,Original Flavored Dried Cranberries(Package),4,0,4,0,0,0,0,$0.00,0,0.00%,$0.00,$0.00,0,0.00%,$0.00,$0.00,,,,
Terra Centre Elementary,5/14/2025,30043,Raspberry Lemonade Flavored Dried Cranberries(Each),6,0,6,0,0,0,0,$0.00,0,0.00%,$0.00,$0.00,0,0.00%,$0.00,$0.00,,,,
Terra Centre Elementary,5/14/2025,30044,Strawberry Flavored Dried Cranberries(Each),8,0,8,0,0,0,0,$0.00,0,0.00%,$0.00,$0.00,0,0.00%,$0.00,$0.00,,,,
Terra Centre Elementary,5/14/2025,30045,Watermelon Flavored Dried Cranberries(Each),11,0,11,0,0,0,0,$0.00,0,0.00%,$0.00,$0.00,0,0.00%,$0.00,$0.00,,,,
Terra Centre Elementary,5/14/2025,30077,Italian Dressing(1 ounce),20,0,20,48,24,0,24,$1.92,0,0.00%,$0.00,$1.92,24,50.00%,$1.92,$3.84,,,,
Terra Centre Elementary,5/14/2025,30094,Doritos Wild White Nacho Flavored Tortilla Chips(Bag),0,0,0,29,29,0,29,$10.15,0,0.00%,$0.00,$10.15,0,0.00%,$0.00,$10.15,,,,
Terra Centre Elementary,5/14/2025,30097,Bottled Water(Bottle),0,0,0,10,6,0,6,$0.96,0,0.00%,$0.00,$0.96,4,40.00%,$0.64,$1.60,,,,
Terra Centre Elementary,5/14/2025,30099,Chickpeas(1/4 cup),31,0,31,48,48,0,48,$4.32,0,0.00%,$0.00,$4.32,0,0.00%,$0.00,$4.32,,,,
Terra Centre Elementary,5/14/2025,30107,Ranch Dressing(1 ounce),36,0,36,48,24,0,24,$2.64,0,0.00%,$0.00,$2.64,24,50.00%,$2.64,$5.28,,,,
Terra Centre Elementary,5/14/2025,30109,Smartfood RF White Cheddar Popcorn(Each),0,0,0,4,4,0,4,$1.48,0,0.00%,$0.00,$1.48,0,0.00%,$0.00,$1.48,,,,
Terra Centre Elementary,5/14/2025,60035,PB&J Power Pack(Power Packs),29,0,29,0,0,0,0,$0.00,0,0.00%,$0.00,$0.00,0,0.00%,$0.00,$0.00,,,,
Terra Centre Elementary,5/14/2025,60036,Cherry Vanilla Yogurt Power Pack(Power Packs),5,0,5,10,5,0,5,$4.00,0,0.00%,$0.00,$4.00,5,50.00%,$4.00,$8.00,,,,
Terra Centre Elementary,5/14/2025,60037,Strawberry & Banana Yogurt Power Pack(Power Packs),2,0,2,10,10,0,10,$8.00,0,0.00%,$0.00,$8.00,0,0.00%,$0.00,$8.00,,,,
Terra Centre Elementary,5/14/2025,60038,Peach Yogurt Power Pack(Power Packs),10,0,10,10,5,0,5,$4.00,0,0.00%,$0.00,$4.00,5,50.00%,$4.00,$8.00,,,,
Terra Centre Elementary,5/14/2025,60045,Cucumber Slices(1/2 cup),13,0,13,14,14,0,14,$1.12,0,0.00%,$0.00,$1.12,0,0.00%,$0.00,$1.12,,,,
Terra Centre Elementary,5/14/2025,60047,Chicken Tenders(3 tenders),24,0,24,173,150,23,173,$162.62,0,0.00%,$0.00,$162.62,0,0.00%,$0.00,$162.62,,,,
Terra Centre Elementary,5/14/2025,60050,Chickenless Bites(4 Bites),60,0,60,60,46,10,56,$42.56,4,6.67%,$3.04,$45.60,0,0.00%,$0.00,$45.60,,,,
Terra Centre Elementary,5/14/2025,60063,Chicken & Vegetable Dumplings(6 dumplings),0,0,0,20,12,0,12,$0.00,8,40.00%,$0.00,$0.00,0,0.00%,$0.00,$0.00,,,,
Terra Centre Elementary,5/14/2025,60077,Manager's Vegetable Choice(1/4 cup),77,0,77,71,71,0,71,$0.00,0,0.00%,$0.00,$0.00,0,0.00%,$0.00,$0.00,,,,
Terra Centre Elementary,5/14/2025,60101,Chickpeas - salad bar entree(1/2 cup),0,0,0,0,0,0,0,$0.00,0,0.00%,$0.00,$0.00,0,0.00%,$0.00,$0.00,,,,
Terraset Elementary,5/14/2025,10044,Soft Pretzel(1 pretzel),28,0,28,9,9,0,9,$1.98,0,0.00%,$0.00,$1.98,0,0.00%,$0.00,$1.98,,,,
Terraset Elementary,5/14/2025,10069,Bean and Cheese Pupusa(Pupusa),0,0,0,32,23,0,23,$34.50,0,0.00%,$0.00,$34.50,9,28.13%,$13.50,$48.00,,,,
Terraset Elementary,5/14/2025,10070,Orange Sauce(ounce),100,0,100,100,80,0,80,$11.20,0,0.00%,$0.00,$11.20,20,20.00%,$2.80,$14.00,,,,
Terraset Elementary,5/14/2025,20001,1% White Milk(Each),51,0,51,219,64,0,64,$23.04,0,0.00%,$0.00,$23.04,155,70.78%,$55.80,$78.84,,,,
Terraset Elementary,5/14/2025,20002,Fat Free Chocolate Milk(Each),180,0,180,400,170,0,170,$59.50,0,0.00%,$0.00,$59.50,230,57.50%,$80.50,$140.00,,,,
Terraset Elementary,5/14/2025,20014,Red Delicious Apple(Each - serving),17,0,17,146,101,0,101,$33.33,0,0.00%,$0.00,$33.33,45,30.82%,$14.85,$48.18,,,,
Terraset Elementary,5/14/2025,20017,Orange(1/4 cup),0,0,0,138,136,0,136,$23.12,0,0.00%,$0.00,$23.12,2,1.45%,$0.34,$23.46,,,,
Terraset Elementary,5/14/2025,20018,Red Seedless Grapes(8 grapes per 1/4 cup),160,0,160,160,160,0,160,$41.60,0,0.00%,$0.00,$41.60,0,0.00%,$0.00,$41.60,,,,
Terraset Elementary,5/14/2025,20027,Broccoli Florets(1/4 cup),85,0,85,93,88,0,88,$7.04,0,0.00%,$0.00,$7.04,5,5.38%,$0.40,$7.44,,,,
Terraset Elementary,5/14/2025,20028,Lettuce Blend Salad Mix(1/2 cup),80,0,80,65,65,0,65,$5.20,0,0.00%,$0.00,$5.20,0,0.00%,$0.00,$5.20,,,,
Terraset Elementary,5/14/2025,20038,Fat Free White Milk(Each),6,0,6,50,6,0,6,$1.98,0,0.00%,$0.00,$1.98,44,88.00%,$14.52,$16.50,,,,
Terraset Elementary,5/14/2025,20040,Cucumber Slices(1/4 cup),0,0,0,120,118,0,118,$7.08,0,0.00%,$0.00,$7.08,2,1.67%,$0.12,$7.20,,,,
Terraset Elementary,5/14/2025,20040,Cucumber Slices(6 Slices per 1/2 cup),17,0,17,16,16,0,16,$1.92,0,0.00%,$0.00,$1.92,0,0.00%,$0.00,$1.92,,,,
Terraset Elementary,5/14/2025,20043,"Lactose Free, White Milk(Each)",0,0,0,1,1,0,1,$0.58,0,0.00%,$0.00,$0.58,0,0.00%,$0.00,$0.58,,,,
Terraset Elementary,5/14/2025,30014,Whole Wheat Dinner Roll(Each),114,0,114,115,103,0,103,$14.42,0,0.00%,$0.00,$14.42,12,10.43%,$1.68,$16.10,,,,
Terraset Elementary,5/14/2025,30020,Applesauce(1/2 Cup),21,0,21,20,20,0,20,$4.20,0,0.00%,$0.00,$4.20,0,0.00%,$0.00,$4.20,,,,
Terraset Elementary,5/14/2025,30033,Cheez-Its Crackers(Package),17,0,17,16,16,0,16,$2.88,0,0.00%,$0.00,$2.88,0,0.00%,$0.00,$2.88,,,,
Terraset Elementary,5/14/2025,30039,Cherry Flavored Dried Cranberries(Each),70,0,70,65,53,0,53,$12.72,0,0.00%,$0.00,$12.72,12,18.46%,$2.88,$15.60,,,,
Terraset Elementary,5/14/2025,30099,Chickpeas(1/4 cup),32,0,32,33,30,0,30,$2.70,0,0.00%,$0.00,$2.70,3,9.09%,$0.27,$2.97,,,,
Terraset Elementary,5/14/2025,30107,Ranch Dressing(1 ounce),72,0,72,72,72,0,72,$7.92,0,0.00%,$0.00,$7.92,0,0.00%,$0.00,$7.92,,,,
Terraset Elementary,5/14/2025,60035,PB&J Power Pack(Power Packs),110,0,110,120,75,0,75,$81.00,0,0.00%,$0.00,$81.00,45,37.50%,$48.60,$129.60,,,,
Terraset Elementary,5/14/2025,60036,Cherry Vanilla Yogurt Power Pack(Power Packs),28,0,28,20,9,0,9,$7.20,0,0.00%,$0.00,$7.20,11,55.00%,$8.80,$16.00,,,,
Terraset Elementary,5/14/2025,60045,Cucumber Slices(1/2 cup),2,0,2,4,4,0,4,$0.32,0,0.00%,$0.00,$0.32,0,0.00%,$0.00,$0.32,,,,
Terraset Elementary,5/14/2025,60047,Chicken Tenders(3 tenders),18,0,18,18,18,0,18,$16.92,0,0.00%,$0.00,$16.92,0,0.00%,$0.00,$16.92,,,,
Terraset Elementary,5/14/2025,60050,Chickenless Bites(4 Bites),96,0,96,106,92,0,92,$69.92,0,0.00%,$0.00,$69.92,14,13.21%,$10.64,$80.56,,,,
Terraset Elementary,5/14/2025,60063,Chicken & Vegetable Dumplings(6 dumplings),100,0,100,128,110,0,110,$0.00,0,0.00%,$0.00,$0.00,18,14.06%,$0.00,$0.00,,,,
Terraset Elementary,5/14/2025,60101,Chickpeas - salad bar entree(1/2 cup),1,0,1,4,4,0,4,$0.72,0,0.00%,$0.00,$0.72,0,0.00%,$0.00,$0.72,,,,
Thoreau Middle,5/14/2025,10027,"Bread, Loco(flatbread)",200,0,200,140,137,0,137,$41.10,0,0.00%,$0.00,$41.10,3,2.14%,$0.90,$42.00,,,,
Thoreau Middle,5/14/2025,10044,Soft Pretzel(1 pretzel),50,0,50,40,40,0,40,$8.80,0,0.00%,$0.00,$8.80,0,0.00%,$0.00,$8.80,,,,
Thoreau Middle,5/14/2025,10070,Orange Sauce(ounce),100,0,100,40,40,0,40,$5.60,0,0.00%,$0.00,$5.60,0,0.00%,$0.00,$5.60,,,,
Thoreau Middle,5/14/2025,10073,Whole Strawberries(1/2 cup thawed),110,0,110,110,110,0,110,$37.40,0,0.00%,$0.00,$37.40,0,0.00%,$0.00,$37.40,,,,
Thoreau Middle,5/14/2025,10075,Cheese Pizza(Slice),0,0,0,200,195,0,195,$111.15,0,0.00%,$0.00,$111.15,5,2.50%,$2.85,$114.00,,,,
Thoreau Middle,5/14/2025,20001,1% White Milk(Each),100,0,100,50,0,0,0,$0.00,50,100.00%,$0.00,$0.00,0,0.00%,$0.00,$0.00,,,,
Thoreau Middle,5/14/2025,20002,Fat Free Chocolate Milk(Each),300,0,300,300,264,0,264,$92.40,0,0.00%,$0.00,$92.40,36,12.00%,$12.60,$105.00,,,,
Thoreau Middle,5/14/2025,20008,Apple Slices(3 slices per 1/4 cup),110,0,110,110,110,0,110,$64.90,0,0.00%,$0.00,$64.90,0,0.00%,$0.00,$64.90,,,,
Thoreau Middle,5/14/2025,20027,Broccoli Florets(1/4 cup),50,0,50,40,40,0,40,$3.20,0,0.00%,$0.00,$3.20,0,0.00%,$0.00,$3.20,,,,
Thoreau Middle,5/14/2025,20028,Lettuce Blend Salad Mix(1/2 cup),110,0,110,110,110,0,110,$8.80,0,0.00%,$0.00,$8.80,0,0.00%,$0.00,$8.80,,,,
Thoreau Middle,5/14/2025,20031,Banana(Each),110,0,110,110,110,0,110,$23.10,0,0.00%,$0.00,$23.10,0,0.00%,$0.00,$23.10,,,,
Thoreau Middle,5/14/2025,20038,Fat Free White Milk(Each),100,0,100,50,0,0,0,$0.00,50,100.00%,$0.00,$0.00,0,0.00%,$0.00,$0.00,,,,
Thoreau Middle,5/14/2025,30039,Cherry Flavored Dried Cranberries(Each),10,0,10,10,0,0,0,$0.00,0,0.00%,$0.00,$0.00,10,100.00%,$0.00,$0.00,,,,
Thoreau Middle,5/14/2025,30041,Orange Flavored Dried Cranberries(Each),10,0,10,10,0,0,0,$0.00,0,0.00%,$0.00,$0.00,10,100.00%,$0.00,$0.00,,,,
Thoreau Middle,5/14/2025,30042,Original Flavored Dried Cranberries(Package),10,0,10,10,10,0,10,$2.40,0,0.00%,$0.00,$2.40,0,0.00%,$0.00,$2.40,,,,
Thoreau Middle,5/14/2025,30043,Raspberry Lemonade Flavored Dried Cranberries(Each),10,0,10,10,10,0,10,$2.40,0,0.00%,$0.00,$2.40,0,0.00%,$0.00,$2.40,,,,
Thoreau Middle,5/14/2025,30044,Strawberry Flavored Dried Cranberries(Each),10,0,10,10,10,0,10,$2.40,0,0.00%,$0.00,$2.40,0,0.00%,$0.00,$2.40,,,,
Thoreau Middle,5/14/2025,30045,Watermelon Flavored Dried Cranberries(Each),10,0,10,10,10,0,10,$2.40,0,0.00%,$0.00,$2.40,0,0.00%,$0.00,$2.40,,,,
Thoreau Middle,5/14/2025,30063,Ketchup Packet(Packet),300,0,300,300,300,0,300,$9.00,0,0.00%,$0.00,$9.00,0,0.00%,$0.00,$9.00,,,,
Thoreau Middle,5/14/2025,30064,Mayonnaise Packet(Packet),100,0,100,200,200,0,200,$20.00,0,0.00%,$0.00,$20.00,0,0.00%,$0.00,$20.00,,,,
Thoreau Middle,5/14/2025,30065,Mustard Packet(Packet),100,0,100,100,100,0,100,$5.00,0,0.00%,$0.00,$5.00,0,0.00%,$0.00,$5.00,,,,
Thoreau Middle,5/14/2025,30077,Italian Dressing(1 ounce),100,0,100,100,0,0,0,$0.00,0,0.00%,$0.00,$0.00,100,100.00%,$0.00,$0.00,,,,
Thoreau Middle,5/14/2025,30099,Chickpeas(1/4 cup),40,0,40,40,40,0,40,$3.60,0,0.00%,$0.00,$3.60,0,0.00%,$0.00,$3.60,,,,
Thoreau Middle,5/14/2025,30107,Ranch Dressing(1 ounce),200,0,200,200,200,0,200,$22.00,0,0.00%,$0.00,$22.00,0,0.00%,$0.00,$22.00,,,,
Thoreau Middle,5/14/2025,60020,"Quesadilla, Turkey Barbacoa and Cheese(Quesadilla)",100,0,100,125,125,0,125,$152.50,0,0.00%,$0.00,$152.50,0,0.00%,$0.00,$152.50,,,,
Thoreau Middle,5/14/2025,60035,PB&J Power Pack(Power Packs),50,0,50,20,20,0,20,$21.60,0,0.00%,$0.00,$21.60,0,0.00%,$0.00,$21.60,,,,
Thoreau Middle,5/14/2025,60036,Cherry Vanilla Yogurt Power Pack(Power Packs),10,0,10,1,0,0,0,$0.00,0,0.00%,$0.00,$0.00,1,100.00%,$0.00,$0.00,,,,
Thoreau Middle,5/14/2025,60037,Strawberry & Banana Yogurt Power Pack(Power Packs),10,0,10,1,0,0,0,$0.00,0,0.00%,$0.00,$0.00,1,100.00%,$0.00,$0.00,,,,
Thoreau Middle,5/14/2025,60038,Peach Yogurt Power Pack(Power Packs),10,0,10,1,0,0,0,$0.00,0,0.00%,$0.00,$0.00,1,100.00%,$0.00,$0.00,,,,
Thoreau Middle,5/14/2025,60040,Grilled Cheese Sandwich(Sandwich),50,0,50,70,70,0,70,$29.40,0,0.00%,$0.00,$29.40,0,0.00%,$0.00,$29.40,,,,
Thoreau Middle,5/14/2025,60050,Chickenless Bites(4 Bites),200,0,200,140,137,0,137,$104.12,0,0.00%,$0.00,$104.12,3,2.14%,$2.28,$106.40,,,,
Thoreau Middle,5/14/2025,60063,Chicken & Vegetable Dumplings(6 dumplings),100,0,100,40,40,0,40,$0.00,0,0.00%,$0.00,$0.00,0,0.00%,$0.00,$0.00,,,,
Thoreau Middle,5/14/2025,60075,Spicy Chicken Wrap(Wrap),0,0,0,0,0,0,0,$0.00,0,0.00%,$0.00,$0.00,0,0.00%,$0.00,$0.00,,,,
Thoreau Middle,5/14/2025,60077,Manager's Vegetable Choice(1/4 cup),110,0,110,110,110,0,110,$0.00,0,0.00%,$0.00,$0.00,0,0.00%,$0.00,$0.00,,,,
Thoreau Middle,5/14/2025,60101,Chickpeas - salad bar entree(1/2 cup),40,0,40,40,40,0,40,$7.20,0,0.00%,$0.00,$7.20,0,0.00%,$0.00,$7.20,,,,
Thoreau Middle,5/14/2025,60150,Strawberry Parfait Power Pack(Power Pack),10,0,10,1,0,0,0,$0.00,0,0.00%,$0.00,$0.00,1,100.00%,$0.00,$0.00,,,,
Timber Lane Elementary,5/14/2025,10044,Soft Pretzel(1 pretzel),0,0,0,8,0,8,8,$0.00,0,0.00%,$0.00,$0.00,0,0.00%,$0.00,$0.00,,,,
Timber Lane Elementary,5/14/2025,10045,"Peanut Butter and Jelly Sandwich, IW(Each)",0,0,0,1,0,1,1,$0.00,0,0.00%,$0.00,$0.00,0,0.00%,$0.00,$0.00,,,,
Timber Lane Elementary,5/14/2025,10070,Orange Sauce(ounce),150,5,155,80,74,0,74,$10.36,1,1.25%,$0.14,$10.50,5,6.25%,$0.70,$11.20,,,,
Timber Lane Elementary,5/14/2025,20001,1% White Milk(Each),108,2,110,229,228,1,229,$82.44,0,0.00%,$0.00,$82.44,0,0.00%,$0.00,$82.44,,,,
Timber Lane Elementary,5/14/2025,20002,Fat Free Chocolate Milk(Each),250,0,250,500,500,0,500,$175.00,0,0.00%,$0.00,$175.00,0,0.00%,$0.00,$175.00,,,,
Timber Lane Elementary,5/14/2025,20012,Grape Tomatoes(1/4 cup),0,0,0,72,36,0,36,$9.36,0,0.00%,$0.00,$9.36,36,50.00%,$9.36,$18.72,,,,
Timber Lane Elementary,5/14/2025,20014,Red Delicious Apple(Each - serving),35,0,35,157,122,0,122,$40.26,0,0.00%,$0.00,$40.26,35,22.29%,$11.55,$51.81,,,,
Timber Lane Elementary,5/14/2025,20018,Red Seedless Grapes(8 grapes per 1/4 cup),250,0,250,276,268,0,268,$69.68,5,1.81%,$1.30,$70.98,3,1.09%,$0.78,$71.76,,,,
Timber Lane Elementary,5/14/2025,20028,Lettuce Blend Salad Mix(1/2 cup),240,0,240,240,154,0,154,$12.32,6,2.50%,$0.48,$12.80,80,33.33%,$6.40,$19.20,,,,
Timber Lane Elementary,5/14/2025,20038,Fat Free White Milk(Each),25,0,25,66,66,0,66,$21.78,0,0.00%,$0.00,$21.78,0,0.00%,$0.00,$21.78,,,,
Timber Lane Elementary,5/14/2025,20040,Cucumber Slices(1/4 cup),0,0,0,92,89,0,89,$5.34,0,0.00%,$0.00,$5.34,3,3.26%,$0.18,$5.52,,,,
Timber Lane Elementary,5/14/2025,20040,Cucumber Slices(6 Slices per 1/2 cup),35,2,37,33,32,1,33,$3.96,0,0.00%,$0.00,$3.96,0,0.00%,$0.00,$3.96,,,,
Timber Lane Elementary,5/14/2025,20043,"Lactose Free, White Milk(Each)",2,0,2,2,2,0,2,$1.16,0,0.00%,$0.00,$1.16,0,0.00%,$0.00,$1.16,,,,
Timber Lane Elementary,5/14/2025,20047,Orange Slices(3 slices per 1/4 cup),0,0,0,170,113,0,113,$22.60,6,3.53%,$1.20,$23.80,51,30.00%,$10.20,$34.00,,,,
Timber Lane Elementary,5/14/2025,30014,Whole Wheat Dinner Roll(Each),150,2,152,113,107,2,109,$15.26,0,0.00%,$0.00,$15.26,4,3.54%,$0.56,$15.82,,,,
Timber Lane Elementary,5/14/2025,30031,Strawberry Chex Mix(Package),0,20,20,17,0,10,10,$0.00,0,0.00%,$0.00,$0.00,7,41.18%,$0.00,$0.00,,,,
Timber Lane Elementary,5/14/2025,30033,Cheez-Its Crackers(Package),35,0,35,37,32,5,37,$6.66,0,0.00%,$0.00,$6.66,0,0.00%,$0.00,$6.66,,,,
Timber Lane Elementary,5/14/2025,30061,Chilled Mandarin Oranges(1/2 cup (drained)),0,0,0,57,56,1,57,$19.38,0,0.00%,$0.00,$19.38,0,0.00%,$0.00,$19.38,,,,
Timber Lane Elementary,5/14/2025,30077,Italian Dressing(1 ounce),24,0,24,24,4,0,4,$0.32,0,0.00%,$0.00,$0.32,20,83.33%,$1.60,$1.92,,,,
Timber Lane Elementary,5/14/2025,30099,Chickpeas(1/4 cup),36,0,36,32,28,0,28,$2.52,0,0.00%,$0.00,$2.52,4,12.50%,$0.36,$2.88,,,,
Timber Lane Elementary,5/14/2025,30107,Ranch Dressing(1 ounce),48,0,48,48,46,0,46,$5.06,0,0.00%,$0.00,$5.06,2,4.17%,$0.22,$5.28,,,,
Timber Lane Elementary,5/14/2025,60035,PB&J Power Pack(Power Packs),100,0,100,185,152,2,154,$166.32,0,0.00%,$0.00,$166.32,31,16.76%,$33.48,$199.80,,,,
Timber Lane Elementary,5/14/2025,60037,Strawberry & Banana Yogurt Power Pack(Power Packs),50,0,50,79,50,1,51,$40.80,0,0.00%,$0.00,$40.80,28,35.44%,$22.40,$63.20,,,,
Timber Lane Elementary,5/14/2025,60045,Cucumber Slices(1/2 cup),25,0,25,24,24,0,24,$1.92,0,0.00%,$0.00,$1.92,0,0.00%,$0.00,$1.92,,,,
Timber Lane Elementary,5/14/2025,60050,Chickenless Bites(4 Bites),110,0,110,113,107,2,109,$82.84,0,0.00%,$0.00,$82.84,4,3.54%,$3.04,$85.88,,,,
Timber Lane Elementary,5/14/2025,60064,Vegetable Dumpling(6 dumplings),0,0,0,80,74,0,74,$0.00,1,1.25%,$0.00,$0.00,5,6.25%,$0.00,$0.00,,,,
Timber Lane Elementary,5/14/2025,60077,Manager's Vegetable Choice(1/4 cup),120,0,120,48,48,0,48,$0.00,0,0.00%,$0.00,$0.00,0,0.00%,$0.00,$0.00,,,,
Twain Middle,5/14/2025,10044,Soft Pretzel(1 pretzel),0,0,0,48,39,0,39,$8.58,0,0.00%,$0.00,$8.58,9,18.75%,$1.98,$10.56,,,,
Twain Middle,5/14/2025,20001,1% White Milk(Each),170,0,170,107,49,1,50,$18.00,0,0.00%,$0.00,$18.00,57,53.27%,$20.52,$38.52,,,,
Twain Middle,5/14/2025,20002,Fat Free Chocolate Milk(Each),1407,0,1407,1150,242,2,244,$85.40,0,0.00%,$0.00,$85.40,906,78.78%,$317.10,$402.50,,,,
Twain Middle,5/14/2025,20008,Apple Slices(3 slices per 1/4 cup),711,0,711,150,147,2,149,$87.91,1,0.67%,$0.59,$88.50,0,0.00%,$0.00,$88.50,,,,
Twain Middle,5/14/2025,20012,Grape Tomatoes(1/4 cup),0,0,0,95,58,1,59,$15.34,1,1.05%,$0.26,$15.60,35,36.84%,$9.10,$24.70,,,,
Twain Middle,5/14/2025,20014,Red Delicious Apple(Each - serving),0,0,0,135,107,1,108,$35.64,0,0.00%,$0.00,$35.64,27,20.00%,$8.91,$44.55,,,,
Twain Middle,5/14/2025,20017,Orange(1/4 cup),0,0,0,15,13,1,14,$2.38,1,6.67%,$0.17,$2.55,0,0.00%,$0.00,$2.55,,,,
Twain Middle,5/14/2025,20023,Baby Carrots(3 baby carrots per 1/4 cup),0,0,0,75,58,1,59,$5.31,1,1.33%,$0.09,$5.40,15,20.00%,$1.35,$6.75,,,,
Twain Middle,5/14/2025,20028,Lettuce Blend Salad Mix(1/2 cup),1071,0,1071,220,216,2,218,$17.44,2,0.91%,$0.16,$17.60,0,0.00%,$0.00,$17.60,,,,
Twain Middle,5/14/2025,20031,Banana(Each),691,0,691,170,169,1,170,$35.70,0,0.00%,$0.00,$35.70,0,0.00%,$0.00,$35.70,,,,
Twain Middle,5/14/2025,20038,Fat Free White Milk(Each),15,0,15,195,14,1,15,$4.95,0,0.00%,$0.00,$4.95,180,92.31%,$59.40,$64.35,,,,
Twain Middle,5/14/2025,20040,Cucumber Slices(1/4 cup),0,0,0,25,23,1,24,$1.44,1,4.00%,$0.06,$1.50,0,0.00%,$0.00,$1.50,,,,
Twain Middle,5/14/2025,30014,Whole Wheat Dinner Roll(2 rolls),0,0,0,138,120,0,120,$33.60,0,0.00%,$0.00,$33.60,18,13.04%,$5.04,$38.64,,,,
Twain Middle,5/14/2025,30044,Strawberry Flavored Dried Cranberries(Each),320,0,320,50,14,0,14,$3.36,0,0.00%,$0.00,$3.36,36,72.00%,$8.64,$12.00,,,,
Twain Middle,5/14/2025,30063,Ketchup Packet(Packet),1026,0,1026,300,278,2,280,$8.40,0,0.00%,$0.00,$8.40,20,6.67%,$0.60,$9.00,,,,
Twain Middle,5/14/2025,30065,Mustard Packet(Packet),105,0,105,30,19,1,20,$1.00,0,0.00%,$0.00,$1.00,10,33.33%,$0.50,$1.50,,,,
Twain Middle,5/14/2025,30068,Chilled Peaches(1/2 cup (drained)),0,0,0,96,94,1,95,$48.45,1,1.04%,$0.51,$48.96,0,0.00%,$0.00,$48.96,,,,
Twain Middle,5/14/2025,30107,Ranch Dressing(1 ounce),455,0,455,95,93,1,94,$10.34,1,1.05%,$0.11,$10.45,0,0.00%,$0.00,$10.45,,,,
Twain Middle,5/14/2025,60035,PB&J Power Pack(Power Packs),463,0,463,103,67,2,69,$74.52,0,0.00%,$0.00,$74.52,34,33.01%,$36.72,$111.24,,,,
Twain Middle,5/14/2025,60038,Peach Yogurt Power Pack(Power Packs),255,0,255,78,26,1,27,$21.60,0,0.00%,$0.00,$21.60,51,65.38%,$40.80,$62.40,,,,
Twain Middle,5/14/2025,60050,Chickenless Bites(4 Bites),1450,0,1450,138,120,0,120,$91.20,0,0.00%,$0.00,$91.20,18,13.04%,$13.68,$104.88,,,,
Twain Middle,5/14/2025,60063,Chicken & Vegetable Dumplings(6 dumplings),345,0,345,50,37,1,38,$0.00,2,4.00%,$0.00,$0.00,10,20.00%,$0.00,$0.00,,,,
Twain Middle,5/14/2025,60072,Spicy Breaded Chicken Patty on Bun(Sandwich),0,0,0,340,336,3,339,$254.25,1,0.29%,$0.75,$255.00,0,0.00%,$0.00,$255.00,,,,
Twain Middle,5/14/2025,60075,Spicy Chicken Wrap(Wrap),100,0,100,34,22,0,22,$25.74,0,0.00%,$0.00,$25.74,12,35.29%,$14.04,$39.78,,,,
Union Mill Elementary,5/14/2025,10044,Soft Pretzel(1 pretzel),5,0,5,0,0,0,0,$0.00,0,0.00%,$0.00,$0.00,0,0.00%,$0.00,$0.00,,,,
Union Mill Elementary,5/14/2025,10069,Bean and Cheese Pupusa(Pupusa),0,0,0,15,14,0,14,$21.00,1,6.67%,$1.50,$22.50,0,0.00%,$0.00,$22.50,,,,
Union Mill Elementary,5/14/2025,10070,Orange Sauce(ounce),150,0,150,50,40,0,40,$5.60,10,20.00%,$1.40,$7.00,0,0.00%,$0.00,$7.00,,,,
Union Mill Elementary,5/14/2025,20001,1% White Milk(Each),50,0,50,68,30,0,30,$10.80,0,0.00%,$0.00,$10.80,38,55.88%,$13.68,$24.48,,,,
Union Mill Elementary,5/14/2025,20002,Fat Free Chocolate Milk(Each),250,0,250,260,213,0,213,$74.55,0,0.00%,$0.00,$74.55,47,18.08%,$16.45,$91.00,,,,
Union Mill Elementary,5/14/2025,20014,Red Delicious Apple(Each - serving),150,0,150,150,138,0,138,$45.54,0,0.00%,$0.00,$45.54,12,8.00%,$3.96,$49.50,,,,
Union Mill Elementary,5/14/2025,20017,Orange(1/4 cup),0,0,0,30,27,0,27,$4.59,3,10.00%,$0.51,$5.10,0,0.00%,$0.00,$5.10,,,,
Union Mill Elementary,5/14/2025,20027,Broccoli Florets(6 Pieces per 1/2 cup),80,0,80,40,25,0,25,$3.75,0,0.00%,$0.00,$3.75,15,37.50%,$2.25,$6.00,,,,
Union Mill Elementary,5/14/2025,20028,Lettuce Blend Salad Mix(1/2 cup),120,0,120,120,105,0,105,$8.40,0,0.00%,$0.00,$8.40,15,12.50%,$1.20,$9.60,,,,
Union Mill Elementary,5/14/2025,20031,Banana(Each),120,0,120,96,96,0,96,$20.16,0,0.00%,$0.00,$20.16,0,0.00%,$0.00,$20.16,,,,
Union Mill Elementary,5/14/2025,20038,Fat Free White Milk(Each),30,0,30,23,3,0,3,$0.99,0,0.00%,$0.00,$0.99,20,86.96%,$6.60,$7.59,,,,
Union Mill Elementary,5/14/2025,30014,Whole Wheat Dinner Roll(Each),150,0,150,176,167,0,167,$23.38,0,0.00%,$0.00,$23.38,9,5.11%,$1.26,$24.64,,,,
Union Mill Elementary,5/14/2025,30024,Black Beans(1/2 Cup),0,0,0,25,5,0,5,$0.85,20,80.00%,$3.40,$4.25,0,0.00%,$0.00,$4.25,,,,
Union Mill Elementary,5/14/2025,30039,Cherry Flavored Dried Cranberries(Each),100,0,100,100,69,0,69,$16.56,0,0.00%,$0.00,$16.56,31,31.00%,$7.44,$24.00,,,,
Union Mill Elementary,5/14/2025,30063,Ketchup Packet(Packet),235,0,235,200,170,0,170,$5.10,0,0.00%,$0.00,$5.10,30,15.00%,$0.90,$6.00,,,,
Union Mill Elementary,5/14/2025,30065,Mustard Packet(Packet),24,0,24,50,20,0,20,$1.00,0,0.00%,$0.00,$1.00,30,60.00%,$1.50,$2.50,,,,
Union Mill Elementary,5/14/2025,30077,Italian Dressing(1 ounce),30,0,30,30,10,0,10,$0.80,0,0.00%,$0.00,$0.80,20,66.67%,$1.60,$2.40,,,,
Union Mill Elementary,5/14/2025,30107,Ranch Dressing(1 ounce),80,0,80,80,50,0,50,$5.50,0,0.00%,$0.00,$5.50,30,37.50%,$3.30,$8.80,,,,
Union Mill Elementary,5/14/2025,60035,PB&J Power Pack(Power Packs),80,0,80,96,79,0,79,$85.32,0,0.00%,$0.00,$85.32,17,17.71%,$18.36,$103.68,,,,
Union Mill Elementary,5/14/2025,60037,Strawberry & Banana Yogurt Power Pack(Power Packs),50,0,50,31,14,0,14,$11.20,0,0.00%,$0.00,$11.20,17,54.84%,$13.60,$24.80,,,,
Union Mill Elementary,5/14/2025,60043,BBQ Chicken Sandwich(Sandwich),0,0,0,20,20,0,20,$17.20,0,0.00%,$0.00,$17.20,0,0.00%,$0.00,$17.20,,,,
Union Mill Elementary,5/14/2025,60050,Chickenless Bites(2 Bites),150,0,150,176,167,0,167,$63.46,0,0.00%,$0.00,$63.46,9,5.11%,$3.42,$66.88,,,,
Union Mill Elementary,5/14/2025,60064,Vegetable Dumpling(6 dumplings),0,0,0,96,88,0,88,$0.00,8,8.33%,$0.00,$0.00,0,0.00%,$0.00,$0.00,,,,
Union Mill Elementary,5/14/2025,60077,Manager's Vegetable Choice(1/2 cup),100,0,100,72,57,0,57,$0.00,0,0.00%,$0.00,$0.00,15,20.83%,$0.00,$0.00,,,,
Union Mill Elementary,5/14/2025,60100,Black Beans - salad bar entree(1/2 cup),0,0,0,0,0,0,0,$0.00,0,0.00%,$0.00,$0.00,0,0.00%,$0.00,$0.00,,,,
Vienna Elementary,5/14/2025,10044,Soft Pretzel(1 pretzel),5,30,35,35,7,26,33,$7.26,2,5.71%,$0.44,$7.70,0,0.00%,$0.00,$7.70,,,,
Vienna Elementary,5/14/2025,10070,Orange Sauce(ounce),45,0,45,8,5,2,7,$0.98,1,12.50%,$0.14,$1.12,0,0.00%,$0.00,$1.12,,,,
Vienna Elementary,5/14/2025,20001,1% White Milk(Each),16,2,18,31,14,0,14,$5.04,0,0.00%,$0.00,$5.04,17,54.84%,$6.12,$11.16,,,,
Vienna Elementary,5/14/2025,20002,Fat Free Chocolate Milk(Each),65,15,80,90,59,0,59,$20.65,0,0.00%,$0.00,$20.65,31,34.44%,$10.85,$31.50,,,,
Vienna Elementary,5/14/2025,20016,String Cheese(Each),0,10,10,15,0,13,13,$0.00,0,0.00%,$0.00,$0.00,2,13.33%,$0.00,$0.00,,,,
Vienna Elementary,5/14/2025,20017,Orange(1/4 cup),0,0,0,15,15,0,15,$2.55,0,0.00%,$0.00,$2.55,0,0.00%,$0.00,$2.55,,,,
Vienna Elementary,5/14/2025,20018,Red Seedless Grapes(8 grapes per 1/4 cup),69,0,69,69,69,0,69,$17.94,0,0.00%,$0.00,$17.94,0,0.00%,$0.00,$17.94,,,,
Vienna Elementary,5/14/2025,20027,Broccoli Florets(1/4 cup),21,0,21,21,21,0,21,$1.68,0,0.00%,$0.00,$1.68,0,0.00%,$0.00,$1.68,,,,
Vienna Elementary,5/14/2025,20028,Lettuce Blend Salad Mix(1/2 cup),40,0,40,40,40,0,40,$3.20,0,0.00%,$0.00,$3.20,0,0.00%,$0.00,$3.20,,,,
Vienna Elementary,5/14/2025,20031,Banana(Each),0,0,0,40,40,0,40,$8.40,0,0.00%,$0.00,$8.40,0,0.00%,$0.00,$8.40,,,,
Vienna Elementary,5/14/2025,20038,Fat Free White Milk(Each),15,2,17,20,10,0,10,$3.30,0,0.00%,$0.00,$3.30,10,50.00%,$3.30,$6.60,,,,
Vienna Elementary,5/14/2025,20040,Cucumber Slices(1/4 cup),0,0,0,46,46,0,46,$2.76,0,0.00%,$0.00,$2.76,0,0.00%,$0.00,$2.76,,,,
Vienna Elementary,5/14/2025,20040,Cucumber Slices(6 Slices per 1/2 cup),6,0,6,6,6,0,6,$0.72,0,0.00%,$0.00,$0.72,0,0.00%,$0.00,$0.72,,,,
Vienna Elementary,5/14/2025,20052,Assorted  4 oz Yogurt(Container),0,15,15,10,0,7,7,$0.00,0,0.00%,$0.00,$0.00,3,30.00%,$0.00,$0.00,,,,
Vienna Elementary,5/14/2025,30009,Orange Tangerine Juice(Each),0,20,20,40,0,34,34,$0.00,1,2.50%,$0.00,$0.00,5,12.50%,$0.00,$0.00,,,,
Vienna Elementary,5/14/2025,30014,Whole Wheat Dinner Roll(Each),55,0,55,37,37,0,37,$5.18,0,0.00%,$0.00,$5.18,0,0.00%,$0.00,$5.18,,,,
Vienna Elementary,5/14/2025,30020,Applesauce(1/2 Cup),6,0,6,6,6,0,6,$1.26,0,0.00%,$0.00,$1.26,0,0.00%,$0.00,$1.26,,,,
Vienna Elementary,5/14/2025,30033,Cheez-Its Crackers(Package),0,0,0,20,0,20,20,$0.00,0,0.00%,$0.00,$0.00,0,0.00%,$0.00,$0.00,,,,
Vienna Elementary,5/14/2025,30045,Watermelon Flavored Dried Cranberries(2 Eaches),0,0,0,30,14,0,14,$6.72,0,0.00%,$0.00,$6.72,16,53.33%,$7.68,$14.40,,,,
Vienna Elementary,5/14/2025,30077,Italian Dressing(1 ounce),15,0,15,15,15,0,15,$1.20,0,0.00%,$0.00,$1.20,0,0.00%,$0.00,$1.20,,,,
Vienna Elementary,5/14/2025,30094,Doritos Wild White Nacho Flavored Tortilla Chips(Bag),0,0,0,142,0,110,110,$0.00,0,0.00%,$0.00,$0.00,32,22.54%,$0.00,$0.00,,,,
Vienna Elementary,5/14/2025,30097,Bottled Water(Bottle),0,10,10,10,0,7,7,$0.00,0,0.00%,$0.00,$0.00,3,30.00%,$0.00,$0.00,,,,
Vienna Elementary,5/14/2025,30099,Chickpeas(1/4 cup),20,0,20,20,10,0,10,$0.90,0,0.00%,$0.00,$0.90,10,50.00%,$0.90,$1.80,,,,
Vienna Elementary,5/14/2025,30107,Ranch Dressing(1 ounce),24,0,24,24,24,0,24,$2.64,0,0.00%,$0.00,$2.64,0,0.00%,$0.00,$2.64,,,,
Vienna Elementary,5/14/2025,60035,PB&J Power Pack(Power Packs),10,5,15,25,12,5,17,$18.36,0,0.00%,$0.00,$18.36,8,32.00%,$8.64,$27.00,,,,
Vienna Elementary,5/14/2025,60036,Cherry Vanilla Yogurt Power Pack(Power Packs),2,0,2,3,2,0,2,$1.60,0,0.00%,$0.00,$1.60,1,33.33%,$0.80,$2.40,,,,
Vienna Elementary,5/14/2025,60037,Strawberry & Banana Yogurt Power Pack(Power Packs),2,0,2,3,2,0,2,$1.60,0,0.00%,$0.00,$1.60,1,33.33%,$0.80,$2.40,,,,
Vienna Elementary,5/14/2025,60038,Peach Yogurt Power Pack(Power Packs),3,0,3,7,7,0,7,$5.60,0,0.00%,$0.00,$5.60,0,0.00%,$0.00,$5.60,,,,
Vienna Elementary,5/14/2025,60042,Beef Meatball Sub Sandwich(Sandwich),0,0,0,34,28,5,33,$42.24,1,2.94%,$1.28,$43.52,0,0.00%,$0.00,$43.52,,,,
Vienna Elementary,5/14/2025,60047,Chicken Tenders(3 tenders),4,0,4,1,1,0,1,$0.94,0,0.00%,$0.00,$0.94,0,0.00%,$0.00,$0.94,,,,
Vienna Elementary,5/14/2025,60050,Chickenless Bites(4 Bites),50,5,55,48,38,7,45,$34.20,0,0.00%,$0.00,$34.20,3,6.25%,$2.28,$36.48,,,,
Vienna Elementary,5/14/2025,60077,Manager's Vegetable Choice(1/4 cup),70,0,70,70,52,0,52,$0.00,0,0.00%,$0.00,$0.00,18,25.71%,$0.00,$0.00,,,,
Vienna Elementary,5/14/2025,60101,Chickpeas - salad bar entree(1/2 cup),10,0,10,10,10,0,10,$1.80,0,0.00%,$0.00,$1.80,0,0.00%,$0.00,$1.80,,,,
Vienna Elementary,5/14/2025,60149,Hot Turkey & Cheese(sandwich),0,0,0,15,11,0,11,$14.30,0,0.00%,$0.00,$14.30,4,26.67%,$5.20,$19.50,,,,
Vienna Elementary,5/14/2025,60160,BBQ Chicken Drumstick(Drumstick),0,0,0,8,5,2,7,$7.91,1,12.50%,$1.13,$9.04,0,0.00%,$0.00,$9.04,,,,
Virginia Run Elementary,5/14/2025,10033,Chocolate Chip Cookie(1/2 Cookie),0,0,0,36,36,0,36,$5.04,0,0.00%,$0.00,$5.04,0,0.00%,$0.00,$5.04,,,,
Virginia Run Elementary,5/14/2025,10044,Soft Pretzel(1 pretzel),5,0,5,1,1,0,1,$0.22,0,0.00%,$0.00,$0.22,0,0.00%,$0.00,$0.22,,,,
Virginia Run Elementary,5/14/2025,10070,Orange Sauce(ounce),0,0,0,64,57,5,62,$8.68,2,3.13%,$0.28,$8.96,0,0.00%,$0.00,$8.96,,,,
Virginia Run Elementary,5/14/2025,20001,1% White Milk(Each),54,1,55,64,58,1,59,$21.24,0,0.00%,$0.00,$21.24,5,7.81%,$1.80,$23.04,,,,
Virginia Run Elementary,5/14/2025,20002,Fat Free Chocolate Milk(Each),326,0,326,247,247,0,247,$86.45,0,0.00%,$0.00,$86.45,0,0.00%,$0.00,$86.45,,,,
Virginia Run Elementary,5/14/2025,20014,Red Delicious Apple(Each - serving),18,0,18,248,208,0,208,$68.64,0,0.00%,$0.00,$68.64,40,16.13%,$13.20,$81.84,,,,
Virginia Run Elementary,5/14/2025,20023,Baby Carrots(3 baby carrots per 1/4 cup),0,0,0,24,24,0,24,$2.16,0,0.00%,$0.00,$2.16,0,0.00%,$0.00,$2.16,,,,
Virginia Run Elementary,5/14/2025,20027,Broccoli Florets(1/4 cup),31,0,31,42,42,0,42,$3.36,0,0.00%,$0.00,$3.36,0,0.00%,$0.00,$3.36,,,,
Virginia Run Elementary,5/14/2025,20028,Lettuce Blend Salad Mix(1/2 cup),91,0,91,100,100,0,100,$8.00,0,0.00%,$0.00,$8.00,0,0.00%,$0.00,$8.00,,,,
Virginia Run Elementary,5/14/2025,20038,Fat Free White Milk(Each),7,0,7,22,14,0,14,$4.62,0,0.00%,$0.00,$4.62,8,36.36%,$2.64,$7.26,,,,
Virginia Run Elementary,5/14/2025,20040,Cucumber Slices(1/4 cup),0,0,0,24,24,0,24,$1.44,0,0.00%,$0.00,$1.44,0,0.00%,$0.00,$1.44,,,,
Virginia Run Elementary,5/14/2025,20040,Cucumber Slices(6 Slices per 1/2 cup),19,1,20,19,18,1,19,$2.28,0,0.00%,$0.00,$2.28,0,0.00%,$0.00,$2.28,,,,
Virginia Run Elementary,5/14/2025,20043,"Lactose Free, White Milk(Each)",0,0,0,3,3,0,3,$1.74,0,0.00%,$0.00,$1.74,0,0.00%,$0.00,$1.74,,,,
Virginia Run Elementary,5/14/2025,20047,Orange Slices(3 slices per 1/4 cup),0,0,0,168,138,0,138,$27.60,0,0.00%,$0.00,$27.60,30,17.86%,$6.00,$33.60,,,,
Virginia Run Elementary,5/14/2025,30008,Apple Juice(Each),15,0,15,1,1,0,1,$0.17,0,0.00%,$0.00,$0.17,0,0.00%,$0.00,$0.17,,,,
Virginia Run Elementary,5/14/2025,30014,Whole Wheat Dinner Roll(Each),157,1,158,163,157,1,158,$22.12,0,0.00%,$0.00,$22.12,5,3.07%,$0.70,$22.82,,,,
Virginia Run Elementary,5/14/2025,30020,Applesauce(1/2 Cup),21,1,22,23,22,1,23,$4.83,0,0.00%,$0.00,$4.83,0,0.00%,$0.00,$4.83,,,,
Virginia Run Elementary,5/14/2025,30020,Applesauce(1/4 cup),0,0,0,25,25,0,25,$2.75,0,0.00%,$0.00,$2.75,0,0.00%,$0.00,$2.75,,,,
Virginia Run Elementary,5/14/2025,30033,Cheez-Its Crackers(Package),18,0,18,18,18,0,18,$3.24,0,0.00%,$0.00,$3.24,0,0.00%,$0.00,$3.24,,,,
Virginia Run Elementary,5/14/2025,30043,Raspberry Lemonade Flavored Dried Cranberries(Each),33,0,33,25,25,0,25,$6.00,0,0.00%,$0.00,$6.00,0,0.00%,$0.00,$6.00,,,,
Virginia Run Elementary,5/14/2025,30073,IW Heartzels Pretzels(Package),0,0,0,25,24,0,24,$8.64,0,0.00%,$0.00,$8.64,1,4.00%,$0.36,$9.00,,,,
Virginia Run Elementary,5/14/2025,30077,Italian Dressing(1 ounce),7,0,7,24,14,0,14,$1.12,0,0.00%,$0.00,$1.12,10,41.67%,$0.80,$1.92,,,,
Virginia Run Elementary,5/14/2025,30078,"Sauce, BBQ, HFCS-Free, Bulk, Low-Sodium(2 TBSP)",0,0,0,24,14,0,14,$1.40,0,0.00%,$0.00,$1.40,10,41.67%,$1.00,$2.40,,,,
Virginia Run Elementary,5/14/2025,30094,Doritos Wild White Nacho Flavored Tortilla Chips(Bag),0,0,0,50,49,0,49,$17.15,0,0.00%,$0.00,$17.15,1,2.00%,$0.35,$17.50,,,,
Virginia Run Elementary,5/14/2025,30097,Bottled Water(Bottle),5,0,5,3,3,0,3,$0.48,0,0.00%,$0.00,$0.48,0,0.00%,$0.00,$0.48,,,,
Virginia Run Elementary,5/14/2025,30107,Ranch Dressing(1 ounce),43,0,43,48,43,0,43,$4.73,0,0.00%,$0.00,$4.73,5,10.42%,$0.55,$5.28,,,,
Virginia Run Elementary,5/14/2025,30109,Smartfood RF White Cheddar Popcorn(Each),72,0,72,19,19,0,19,$7.03,0,0.00%,$0.00,$7.03,0,0.00%,$0.00,$7.03,,,,
Virginia Run Elementary,5/14/2025,60002,Chicken Quesadilla(quesadilla),0,0,0,40,39,0,39,$27.30,1,2.50%,$0.70,$28.00,0,0.00%,$0.00,$28.00,,,,
Virginia Run Elementary,5/14/2025,60035,PB&J Power Pack(Power Packs),89,0,89,80,75,0,75,$81.00,0,0.00%,$0.00,$81.00,5,6.25%,$5.40,$86.40,,,,
Virginia Run Elementary,5/14/2025,60036,Cherry Vanilla Yogurt Power Pack(Power Packs),30,0,30,25,24,0,24,$19.20,0,0.00%,$0.00,$19.20,1,4.00%,$0.80,$20.00,,,,
Virginia Run Elementary,5/14/2025,60038,Peach Yogurt Power Pack(Power Packs),3,0,3,0,0,0,0,$0.00,0,0.00%,$0.00,$0.00,0,0.00%,$0.00,$0.00,,,,
Virginia Run Elementary,5/14/2025,60045,Cucumber Slices(1/2 cup),6,0,6,4,4,0,4,$0.32,0,0.00%,$0.00,$0.32,0,0.00%,$0.00,$0.32,,,,
Virginia Run Elementary,5/14/2025,60047,Chicken Tenders(3 tenders),21,1,22,17,16,1,17,$15.98,0,0.00%,$0.00,$15.98,0,0.00%,$0.00,$15.98,,,,
Virginia Run Elementary,5/14/2025,60050,Chickenless Bites(4 Bites),172,0,172,196,190,0,190,$144.40,1,0.51%,$0.76,$145.16,5,2.55%,$3.80,$148.96,,,,
Virginia Run Elementary,5/14/2025,60064,Vegetable Dumpling(6 dumplings),0,0,0,64,57,5,62,$0.00,1,1.56%,$0.00,$0.00,1,1.56%,$0.00,$0.00,,,,
Virginia Run Elementary,5/14/2025,60077,Manager's Vegetable Choice(1/4 cup),51,0,51,42,42,0,42,$0.00,0,0.00%,$0.00,$0.00,0,0.00%,$0.00,$0.00,,,,
Virginia Run Elementary,5/14/2025,60101,Chickpeas - salad bar entree(1/2 cup),50,0,50,36,36,0,36,$6.48,0,0.00%,$0.00,$6.48,0,0.00%,$0.00,$6.48,,,,
Virginia Run Elementary,5/14/2025,60121,"Sauce, Spicy Mayo(tbsp)",0,0,0,24,14,0,14,$1.26,0,0.00%,$0.00,$1.26,10,41.67%,$0.90,$2.16,,,,
WESTFIELD HS,5/14/2025,10001,"Patty, Chicken, Breaded, WG(Serving)",14,0,14,32,15,0,15,$6.60,0,0.00%,$0.00,$6.60,17,53.13%,$7.48,$14.08,,,,
WESTFIELD HS,5/14/2025,10033,Chocolate Chip Cookie(Cookie),0,0,0,230,0,222,222,$0.00,0,0.00%,$0.00,$0.00,8,3.48%,$0.00,$0.00,,,,
WESTFIELD HS,5/14/2025,10044,Soft Pretzel(1 pretzel),18,0,18,45,27,13,40,$8.80,0,0.00%,$0.00,$8.80,5,11.11%,$1.10,$9.90,,,,
WESTFIELD HS,5/14/2025,10049,"WG 10"" Flour Tortilla(Tortilla)",10,0,10,12,9,0,9,$3.15,0,0.00%,$0.00,$3.15,3,25.00%,$1.05,$4.20,,,,
WESTFIELD HS,5/14/2025,10051,"Turkey,  Breast, Pre-Sliced, Oven Roasted(3 Slices)",0,0,0,5,1,0,1,$0.54,0,0.00%,$0.00,$0.54,4,80.00%,$2.16,$2.70,,,,
WESTFIELD HS,5/14/2025,10062,Corn(2 Tablespoons (thawed)),17,0,17,20,15,0,15,$0.75,0,0.00%,$0.00,$0.75,5,25.00%,$0.25,$1.00,,,,
WESTFIELD HS,5/14/2025,10069,Bean and Cheese Pupusa(Pupusa),0,0,0,24,17,7,24,$36.00,0,0.00%,$0.00,$36.00,0,0.00%,$0.00,$36.00,,,,
WESTFIELD HS,5/14/2025,10070,Orange Sauce(ounce),0,0,0,96,75,11,86,$12.04,0,0.00%,$0.00,$12.04,10,10.42%,$1.40,$13.44,,,,
WESTFIELD HS,5/14/2025,10075,Cheese Pizza(Slice),0,0,0,15,14,1,15,$8.55,0,0.00%,$0.00,$8.55,0,0.00%,$0.00,$8.55,,,,
WESTFIELD HS,5/14/2025,20001,1% White Milk(Each),72,0,72,122,73,0,73,$26.28,0,0.00%,$0.00,$26.28,49,40.16%,$17.64,$43.92,,,,
WESTFIELD HS,5/14/2025,20002,Fat Free Chocolate Milk(Each),402,0,402,566,371,0,371,$129.85,0,0.00%,$0.00,$129.85,195,34.45%,$68.25,$198.10,,,,
WESTFIELD HS,5/14/2025,20006,"Cheese, Shredded, Cheddar(1/4 cup)",20,0,20,40,20,0,20,$3.40,0,0.00%,$0.00,$3.40,20,50.00%,$3.40,$6.80,,,,
WESTFIELD HS,5/14/2025,20014,Red Delicious Apple(Each - serving),0,0,0,271,238,0,238,$78.54,0,0.00%,$0.00,$78.54,33,12.18%,$10.89,$89.43,,,,
WESTFIELD HS,5/14/2025,20017,Orange(1/4 cup),0,0,0,240,144,0,144,$24.48,0,0.00%,$0.00,$24.48,96,40.00%,$16.32,$40.80,,,,
WESTFIELD HS,5/14/2025,20023,Baby Carrots(6 Baby Carrots per 1/2 cup),22,0,22,30,24,0,24,$4.08,0,0.00%,$0.00,$4.08,6,20.00%,$1.02,$5.10,,,,
WESTFIELD HS,5/14/2025,20027,Broccoli Florets(6 Pieces per 1/2 cup),33,0,33,60,24,0,24,$3.60,0,0.00%,$0.00,$3.60,36,60.00%,$5.40,$9.00,,,,
WESTFIELD HS,5/14/2025,20028,Lettuce Blend Salad Mix(1 cup),117,0,117,180,136,0,136,$21.76,0,0.00%,$0.00,$21.76,44,24.44%,$7.04,$28.80,,,,
WESTFIELD HS,5/14/2025,20031,Banana(Each),205,0,205,80,80,0,80,$16.80,0,0.00%,$0.00,$16.80,0,0.00%,$0.00,$16.80,,,,
WESTFIELD HS,5/14/2025,20035,"Onions, Red, Whole(2 Tablespoons (sliced))",14,0,14,20,16,0,16,$0.48,0,0.00%,$0.00,$0.48,4,20.00%,$0.12,$0.60,,,,
WESTFIELD HS,5/14/2025,20038,Fat Free White Milk(Each),44,0,44,122,44,0,44,$14.52,0,0.00%,$0.00,$14.52,78,63.93%,$25.74,$40.26,,,,
WESTFIELD HS,5/14/2025,20040,Cucumber Slices(6 Slices per 1/2 cup),10,0,10,20,19,0,19,$2.28,0,0.00%,$0.00,$2.28,1,5.00%,$0.12,$2.40,,,,
WESTFIELD HS,5/14/2025,20042,"Peppers, Red, Whole(2 Tablespoons)",13,0,13,20,17,0,17,$0.85,0,0.00%,$0.00,$0.85,3,15.00%,$0.15,$1.00,,,,
WESTFIELD HS,5/14/2025,30002,Sub Roll(Sub Roll),0,0,0,5,0,0,0,$0.00,0,0.00%,$0.00,$0.00,5,100.00%,$0.00,$0.00,,,,
WESTFIELD HS,5/14/2025,30014,Whole Wheat Dinner Roll(2 rolls),0,0,0,220,178,18,196,$54.88,0,0.00%,$0.00,$54.88,24,10.91%,$6.72,$61.60,,,,
WESTFIELD HS,5/14/2025,30044,Strawberry Flavored Dried Cranberries(Each),231,0,231,260,202,0,202,$48.48,0,0.00%,$0.00,$48.48,58,22.31%,$13.92,$62.40,,,,
WESTFIELD HS,5/14/2025,30061,Chilled Mandarin Oranges(1/2 cup (drained)),0,0,0,432,388,0,388,$131.92,0,0.00%,$0.00,$131.92,44,10.19%,$14.96,$146.88,,,,
WESTFIELD HS,5/14/2025,30063,Ketchup Packet(Packet),844,0,844,1000,900,0,900,$27.00,0,0.00%,$0.00,$27.00,100,10.00%,$3.00,$30.00,,,,
WESTFIELD HS,5/14/2025,30064,Mayonnaise Packet(Packet),155,0,155,210,155,0,155,$15.50,0,0.00%,$0.00,$15.50,55,26.19%,$5.50,$21.00,,,,
WESTFIELD HS,5/14/2025,30065,Mustard Packet(Packet),181,0,181,230,178,0,178,$8.90,0,0.00%,$0.00,$8.90,52,22.61%,$2.60,$11.50,,,,
WESTFIELD HS,5/14/2025,30077,Italian Dressing(1 ounce),359,0,359,420,317,0,317,$25.36,0,0.00%,$0.00,$25.36,103,24.52%,$8.24,$33.60,,,,
WESTFIELD HS,5/14/2025,30097,Bottled Water(Bottle),0,0,0,60,0,57,57,$0.00,0,0.00%,$0.00,$0.00,3,5.00%,$0.00,$0.00,,,,
WESTFIELD HS,5/14/2025,30099,Chickpeas(1/2 cup),19,0,19,24,18,0,18,$3.24,0,0.00%,$0.00,$3.24,6,25.00%,$1.08,$4.32,,,,
WESTFIELD HS,5/14/2025,30099,Chickpeas(2 Tablespoons),14,0,14,20,12,0,12,$0.48,0,0.00%,$0.00,$0.48,8,40.00%,$0.32,$0.80,,,,
WESTFIELD HS,5/14/2025,30107,Ranch Dressing(1 ounce),288,0,288,420,265,0,265,$29.15,0,0.00%,$0.00,$29.15,155,36.90%,$17.05,$46.20,,,,
WESTFIELD HS,5/14/2025,30110,Doritos Flamas(Each),0,0,0,90,0,45,45,$0.00,0,0.00%,$0.00,$0.00,45,50.00%,$0.00,$0.00,,,,
WESTFIELD HS,5/14/2025,30112,Doritos RF Nacho Cheese(Each),0,0,0,75,0,25,25,$0.00,0,0.00%,$0.00,$0.00,50,66.67%,$0.00,$0.00,,,,
WESTFIELD HS,5/14/2025,30119,RF Kettle Chips Jalapeno & Cheddar Chips(Each),0,0,0,112,0,59,59,$0.00,0,0.00%,$0.00,$0.00,53,47.32%,$0.00,$0.00,,,,
WESTFIELD HS,5/14/2025,30120,RF Kettle Chips Sea Salt & Vinegar Chips(Each),0,0,0,90,0,46,46,$0.00,0,0.00%,$0.00,$0.00,44,48.89%,$0.00,$0.00,,,,
WESTFIELD HS,5/14/2025,30124,"Fruit Snacks, Welch's Mixed(Each)",0,0,0,50,0,18,18,$0.00,0,0.00%,$0.00,$0.00,32,64.00%,$0.00,$0.00,,,,
WESTFIELD HS,5/14/2025,60020,"Quesadilla, Turkey Barbacoa and Cheese(Quesadilla)",86,0,86,323,241,36,277,$337.94,0,0.00%,$0.00,$337.94,46,14.24%,$56.12,$394.06,,,,
WESTFIELD HS,5/14/2025,60022,Tex Mex Corn(1/2 cup),0,0,0,32,32,0,32,$15.36,0,0.00%,$0.00,$15.36,0,0.00%,$0.00,$15.36,,,,
WESTFIELD HS,5/14/2025,60035,PB&J Power Pack(Power Packs),117,0,117,253,149,34,183,$197.64,0,0.00%,$0.00,$197.64,70,27.67%,$75.60,$273.24,,,,
WESTFIELD HS,5/14/2025,60036,Cherry Vanilla Yogurt Power Pack(Power Packs),1,0,1,4,0,0,0,$0.00,0,0.00%,$0.00,$0.00,4,100.00%,$0.00,$0.00,,,,
WESTFIELD HS,5/14/2025,60040,Grilled Cheese Sandwich(Sandwich),66,0,66,36,22,0,22,$9.24,0,0.00%,$0.00,$9.24,14,38.89%,$5.88,$15.12,,,,
WESTFIELD HS,5/14/2025,60050,Chickenless Bites(4 Bites),43,0,43,233,174,18,192,$145.92,0,0.00%,$0.00,$145.92,41,17.60%,$31.16,$177.08,,,,
WESTFIELD HS,5/14/2025,60063,Chicken & Vegetable Dumplings(6 dumplings),81,0,81,96,75,11,86,$0.00,0,0.00%,$0.00,$0.00,10,10.42%,$0.00,$0.00,,,,
WESTFIELD HS,5/14/2025,60077,Manager's Vegetable Choice(1/2 cup),81,0,81,108,84,0,84,$0.00,0,0.00%,$0.00,$0.00,24,22.22%,$0.00,$0.00,,,,
WESTFIELD HS,5/14/2025,60124,Nachos with Cheese Sauce(Serving),0,0,0,185,182,0,182,$140.14,0,0.00%,$0.00,$140.14,3,1.62%,$2.31,$142.45,,,,
Wakefield Forest Elementary,5/14/2025,10044,Soft Pretzel(1 pretzel),9,0,9,4,4,0,4,$0.88,0,0.00%,$0.00,$0.88,0,0.00%,$0.00,$0.88,,,,
Wakefield Forest Elementary,5/14/2025,10058,Chicken & Vegetable Dumplings(6 dumplings),0,0,0,68,58,0,58,$0.00,0,0.00%,$0.00,$0.00,10,14.71%,$0.00,$0.00,,,,
Wakefield Forest Elementary,5/14/2025,10069,Bean and Cheese Pupusa(Pupusa),0,0,0,10,7,0,7,$10.50,3,30.00%,$4.50,$15.00,0,0.00%,$0.00,$15.00,,,,
Wakefield Forest Elementary,5/14/2025,10070,Orange Sauce(ounce),0,0,0,50,40,0,40,$5.60,0,0.00%,$0.00,$5.60,10,20.00%,$1.40,$7.00,,,,
Wakefield Forest Elementary,5/14/2025,20001,1% White Milk(Each),37,0,37,69,17,0,17,$6.12,0,0.00%,$0.00,$6.12,52,75.36%,$18.72,$24.84,,,,
Wakefield Forest Elementary,5/14/2025,20002,Fat Free Chocolate Milk(Each),131,1,132,417,166,0,166,$58.10,0,0.00%,$0.00,$58.10,251,60.19%,$87.85,$145.95,,,,
Wakefield Forest Elementary,5/14/2025,20016,String Cheese(Each),0,0,0,0,0,0,0,$0.00,0,0.00%,$0.00,$0.00,0,0.00%,$0.00,$0.00,,,,
Wakefield Forest Elementary,5/14/2025,20017,Orange(1/4 cup),0,0,0,170,170,0,170,$28.90,0,0.00%,$0.00,$28.90,0,0.00%,$0.00,$28.90,,,,
Wakefield Forest Elementary,5/14/2025,20018,Red Seedless Grapes(16 grapes per 1/2 cup),0,0,0,184,99,0,99,$50.49,0,0.00%,$0.00,$50.49,85,46.20%,$43.35,$93.84,,,,
Wakefield Forest Elementary,5/14/2025,20023,Baby Carrots(3 baby carrots per 1/4 cup),0,0,0,48,48,0,48,$4.32,0,0.00%,$0.00,$4.32,0,0.00%,$0.00,$4.32,,,,
Wakefield Forest Elementary,5/14/2025,20027,Broccoli Florets(1/4 cup),45,0,45,84,42,0,42,$3.36,0,0.00%,$0.00,$3.36,42,50.00%,$3.36,$6.72,,,,
Wakefield Forest Elementary,5/14/2025,20028,Lettuce Blend Salad Mix(1/2 cup),99,0,99,80,80,0,80,$6.40,0,0.00%,$0.00,$6.40,0,0.00%,$0.00,$6.40,,,,
Wakefield Forest Elementary,5/14/2025,20038,Fat Free White Milk(Each),22,0,22,37,8,0,8,$2.64,0,0.00%,$0.00,$2.64,29,78.38%,$9.57,$12.21,,,,
Wakefield Forest Elementary,5/14/2025,20052,Assorted  4 oz Yogurt(Container),0,0,0,0,0,0,0,$0.00,0,0.00%,$0.00,$0.00,0,0.00%,$0.00,$0.00,,,,
Wakefield Forest Elementary,5/14/2025,30008,Apple Juice(Each),0,0,0,0,0,0,0,$0.00,0,0.00%,$0.00,$0.00,0,0.00%,$0.00,$0.00,,,,
Wakefield Forest Elementary,5/14/2025,30009,Orange Tangerine Juice(Each),0,0,0,0,0,0,0,$0.00,0,0.00%,$0.00,$0.00,0,0.00%,$0.00,$0.00,,,,
Wakefield Forest Elementary,5/14/2025,30014,Whole Wheat Dinner Roll(Each),116,0,116,125,110,0,110,$15.40,0,0.00%,$0.00,$15.40,15,12.00%,$2.10,$17.50,,,,
Wakefield Forest Elementary,5/14/2025,30031,Strawberry Chex Mix(Package),0,0,0,0,0,0,0,$0.00,0,0.00%,$0.00,$0.00,0,0.00%,$0.00,$0.00,,,,
Wakefield Forest Elementary,5/14/2025,30033,Cheez-Its Crackers(Package),0,0,0,1,1,0,1,$0.18,0,0.00%,$0.00,$0.18,0,0.00%,$0.00,$0.18,,,,
Wakefield Forest Elementary,5/14/2025,30039,Cherry Flavored Dried Cranberries(Each),55,0,55,80,65,0,65,$15.60,0,0.00%,$0.00,$15.60,15,18.75%,$3.60,$19.20,,,,
Wakefield Forest Elementary,5/14/2025,30063,Ketchup Packet(Packet),194,0,194,120,100,0,100,$3.00,0,0.00%,$0.00,$3.00,20,16.67%,$0.60,$3.60,,,,
Wakefield Forest Elementary,5/14/2025,30064,Mayonnaise Packet(Packet),40,0,40,40,30,0,30,$3.00,0,0.00%,$0.00,$3.00,10,25.00%,$1.00,$4.00,,,,
Wakefield Forest Elementary,5/14/2025,30065,Mustard Packet(Packet),81,0,81,60,30,0,30,$1.50,0,0.00%,$0.00,$1.50,30,50.00%,$1.50,$3.00,,,,
Wakefield Forest Elementary,5/14/2025,30077,Italian Dressing(1 ounce),10,0,10,24,12,0,12,$0.96,0,0.00%,$0.00,$0.96,12,50.00%,$0.96,$1.92,,,,
Wakefield Forest Elementary,5/14/2025,30097,Bottled Water(Bottle),0,0,0,2,2,0,2,$0.32,0,0.00%,$0.00,$0.32,0,0.00%,$0.00,$0.32,,,,
Wakefield Forest Elementary,5/14/2025,30102,1% Unflavored Shelf-Stable Milk(Each),0,0,0,10,3,0,3,$1.14,0,0.00%,$0.00,$1.14,7,70.00%,$2.66,$3.80,,,,
Wakefield Forest Elementary,5/14/2025,30103,"Milk, Lactose Free,  Fat Free, Shelf-Stable(Each)",0,0,0,1,1,0,1,$0.48,0,0.00%,$0.00,$0.48,0,0.00%,$0.00,$0.48,,,,
Wakefield Forest Elementary,5/14/2025,30107,Ranch Dressing(1 ounce),23,0,23,24,12,0,12,$1.32,0,0.00%,$0.00,$1.32,12,50.00%,$1.32,$2.64,,,,
Wakefield Forest Elementary,5/14/2025,30109,Smartfood RF White Cheddar Popcorn(Each),0,0,0,0,0,0,0,$0.00,0,0.00%,$0.00,$0.00,0,0.00%,$0.00,$0.00,,,,
Wakefield Forest Elementary,5/14/2025,60035,PB&J Power Pack(Power Packs),46,2,48,48,48,0,48,$51.84,0,0.00%,$0.00,$51.84,0,0.00%,$0.00,$51.84,,,,
Wakefield Forest Elementary,5/14/2025,60038,Peach Yogurt Power Pack(Power Packs),12,0,12,15,7,0,7,$5.60,0,0.00%,$0.00,$5.60,8,53.33%,$6.40,$12.00,,,,
Wakefield Forest Elementary,5/14/2025,60050,Chickenless Bites(2 Bites),104,0,104,125,110,0,110,$41.80,0,0.00%,$0.00,$41.80,15,12.00%,$5.70,$47.50,,,,
Wakefield Forest Elementary,5/14/2025,60077,Manager's Vegetable Choice(1/4 cup),83,0,83,72,54,0,54,$0.00,0,0.00%,$0.00,$0.00,18,25.00%,$0.00,$0.00,,,,
Wakefield Forest Elementary,5/14/2025,60100,Black Beans - salad bar entree(1/2 cup),0,0,0,32,16,0,16,$2.72,0,0.00%,$0.00,$2.72,16,50.00%,$2.72,$5.44,,,,
Wakefield Forest Elementary,5/14/2025,60101,Chickpeas - salad bar entree(1/2 cup),1,0,1,1,1,0,1,$0.18,0,0.00%,$0.00,$0.18,0,0.00%,$0.00,$0.18,,,,
Wakefield Forest Elementary,5/14/2025,60148,Turkey Barbacoa Arepa(1 Arepa + #10 scoop of turkey barbacoa),0,0,0,17,2,0,2,$2.88,15,88.24%,$21.60,$24.48,0,0.00%,$0.00,$24.48,,,,
Waples Mill Elementary,5/14/2025,10026,Chickenless Bites(2 Bites),0,0,0,130,103,0,103,$37.08,0,0.00%,$0.00,$37.08,27,20.77%,$9.72,$46.80,,,,
Waples Mill Elementary,5/14/2025,10044,Soft Pretzel(1 pretzel),2,0,2,30,30,0,30,$6.60,0,0.00%,$0.00,$6.60,0,0.00%,$0.00,$6.60,,,,
Waples Mill Elementary,5/14/2025,10070,Orange Sauce(ounce),50,0,50,88,88,0,88,$12.32,0,0.00%,$0.00,$12.32,0,0.00%,$0.00,$12.32,,,,
Waples Mill Elementary,5/14/2025,20001,1% White Milk(Each),42,0,42,62,24,0,24,$8.64,0,0.00%,$0.00,$8.64,38,61.29%,$13.68,$22.32,,,,
Waples Mill Elementary,5/14/2025,20002,Fat Free Chocolate Milk(Each),133,0,133,427,165,0,165,$57.75,0,0.00%,$0.00,$57.75,262,61.36%,$91.70,$149.45,,,,
Waples Mill Elementary,5/14/2025,20008,Apple Slices(3 slices per 1/4 cup),0,0,0,232,232,0,232,$136.88,0,0.00%,$0.00,$136.88,0,0.00%,$0.00,$136.88,,,,
Waples Mill Elementary,5/14/2025,20016,String Cheese(Each),0,10,10,1,1,0,1,$0.22,0,0.00%,$0.00,$0.22,0,0.00%,$0.00,$0.22,,,,
Waples Mill Elementary,5/14/2025,20018,Red Seedless Grapes(8 grapes per 1/4 cup),156,0,156,184,184,0,184,$47.84,0,0.00%,$0.00,$47.84,0,0.00%,$0.00,$47.84,,,,
Waples Mill Elementary,5/14/2025,20023,Baby Carrots(3 baby carrots per 1/4 cup),0,0,0,96,76,0,76,$6.84,0,0.00%,$0.00,$6.84,20,20.83%,$1.80,$8.64,,,,
Waples Mill Elementary,5/14/2025,20028,Lettuce Blend Salad Mix(1/2 cup),161,0,161,160,160,0,160,$12.80,0,0.00%,$0.00,$12.80,0,0.00%,$0.00,$12.80,,,,
Waples Mill Elementary,5/14/2025,20031,Banana(Each),0,0,0,88,82,0,82,$17.22,0,0.00%,$0.00,$17.22,6,6.82%,$1.26,$18.48,,,,
Waples Mill Elementary,5/14/2025,20038,Fat Free White Milk(Each),29,0,29,39,24,0,24,$7.92,0,0.00%,$0.00,$7.92,15,38.46%,$4.95,$12.87,,,,
Waples Mill Elementary,5/14/2025,20040,Cucumber Slices(1/4 cup),0,0,0,94,94,0,94,$5.64,0,0.00%,$0.00,$5.64,0,0.00%,$0.00,$5.64,,,,
Waples Mill Elementary,5/14/2025,20040,Cucumber Slices(6 Slices per 1/2 cup),0,0,0,0,0,0,0,$0.00,0,0.00%,$0.00,$0.00,0,0.00%,$0.00,$0.00,,,,
Waples Mill Elementary,5/14/2025,30008,Apple Juice(Each),0,40,40,20,20,0,20,$3.40,0,0.00%,$0.00,$3.40,0,0.00%,$0.00,$3.40,,,,
Waples Mill Elementary,5/14/2025,30009,Orange Tangerine Juice(Each),0,40,40,20,20,0,20,$3.40,0,0.00%,$0.00,$3.40,0,0.00%,$0.00,$3.40,,,,
Waples Mill Elementary,5/14/2025,30014,Whole Wheat Dinner Roll(Each),100,0,100,112,107,0,107,$14.98,0,0.00%,$0.00,$14.98,5,4.46%,$0.70,$15.68,,,,
Waples Mill Elementary,5/14/2025,30020,Applesauce(1/2 Cup),0,0,0,0,0,0,0,$0.00,0,0.00%,$0.00,$0.00,0,0.00%,$0.00,$0.00,,,,
Waples Mill Elementary,5/14/2025,30039,Cherry Flavored Dried Cranberries(Each),8,0,8,5,0,0,0,$0.00,0,0.00%,$0.00,$0.00,5,100.00%,$0.00,$0.00,,,,
Waples Mill Elementary,5/14/2025,30077,Italian Dressing(1 ounce),39,0,39,48,48,0,48,$3.84,0,0.00%,$0.00,$3.84,0,0.00%,$0.00,$3.84,,,,
Waples Mill Elementary,5/14/2025,30094,Doritos Wild White Nacho Flavored Tortilla Chips(Bag),0,0,0,144,144,0,144,$50.40,0,0.00%,$0.00,$50.40,0,0.00%,$0.00,$50.40,,,,
Waples Mill Elementary,5/14/2025,30097,Bottled Water(Bottle),0,0,0,2,2,0,2,$0.32,0,0.00%,$0.00,$0.32,0,0.00%,$0.00,$0.32,,,,
Waples Mill Elementary,5/14/2025,30099,Chickpeas(1/4 cup),25,0,25,24,24,0,24,$2.16,0,0.00%,$0.00,$2.16,0,0.00%,$0.00,$2.16,,,,
Waples Mill Elementary,5/14/2025,30107,Ranch Dressing(1 ounce),48,0,48,48,48,0,48,$5.28,0,0.00%,$0.00,$5.28,0,0.00%,$0.00,$5.28,,,,
Waples Mill Elementary,5/14/2025,60035,PB&J Power Pack(Power Packs),72,0,72,55,55,0,55,$59.40,0,0.00%,$0.00,$59.40,0,0.00%,$0.00,$59.40,,,,
Waples Mill Elementary,5/14/2025,60037,Strawberry & Banana Yogurt Power Pack(Power Packs),10,0,10,15,15,0,15,$12.00,0,0.00%,$0.00,$12.00,0,0.00%,$0.00,$12.00,,,,
Waples Mill Elementary,5/14/2025,60038,Peach Yogurt Power Pack(Power Packs),20,0,20,10,10,0,10,$8.00,0,0.00%,$0.00,$8.00,0,0.00%,$0.00,$8.00,,,,
Waples Mill Elementary,5/14/2025,60047,Chicken Tenders(3 tenders),0,0,0,0,0,0,0,$0.00,0,0.00%,$0.00,$0.00,0,0.00%,$0.00,$0.00,,,,
Waples Mill Elementary,5/14/2025,60050,Chickenless Bites(4 Bites),0,0,0,0,0,0,0,$0.00,0,0.00%,$0.00,$0.00,0,0.00%,$0.00,$0.00,,,,
Waples Mill Elementary,5/14/2025,60063,Chicken & Vegetable Dumplings(6 dumplings),50,0,50,86,86,0,86,$0.00,0,0.00%,$0.00,$0.00,0,0.00%,$0.00,$0.00,,,,
Waples Mill Elementary,5/14/2025,60101,Chickpeas - salad bar entree(1/2 cup),2,0,2,1,1,0,1,$0.18,0,0.00%,$0.00,$0.18,0,0.00%,$0.00,$0.18,,,,
Waples Mill Elementary,5/14/2025,60148,Turkey Barbacoa Arepa(1 Arepa + #10 scoop of turkey barbacoa),0,0,0,7,3,0,3,$4.32,4,57.14%,$5.76,$10.08,0,0.00%,$0.00,$10.08,,,,
Washington Mill Elementary,5/14/2025,10044,Soft Pretzel(1 pretzel),39,0,39,30,30,0,30,$6.60,0,0.00%,$0.00,$6.60,0,0.00%,$0.00,$6.60,,,,
Washington Mill Elementary,5/14/2025,10070,Orange Sauce(ounce),50,0,50,51,51,0,51,$7.14,0,0.00%,$0.00,$7.14,0,0.00%,$0.00,$7.14,,,,
Washington Mill Elementary,5/14/2025,20001,1% White Milk(Each),40,0,40,38,37,1,38,$13.68,0,0.00%,$0.00,$13.68,0,0.00%,$0.00,$13.68,,,,
Washington Mill Elementary,5/14/2025,20002,Fat Free Chocolate Milk(Each),239,0,239,261,261,0,261,$91.35,0,0.00%,$0.00,$91.35,0,0.00%,$0.00,$91.35,,,,
Washington Mill Elementary,5/14/2025,20013,Gala Apple(Each),0,0,0,180,180,0,180,$66.60,0,0.00%,$0.00,$66.60,0,0.00%,$0.00,$66.60,,,,
Washington Mill Elementary,5/14/2025,20014,Red Delicious Apple(Each - serving),18,0,18,17,17,0,17,$5.61,0,0.00%,$0.00,$5.61,0,0.00%,$0.00,$5.61,,,,
Washington Mill Elementary,5/14/2025,20027,Broccoli Florets(1/4 cup),144,0,144,144,144,0,144,$11.52,0,0.00%,$0.00,$11.52,0,0.00%,$0.00,$11.52,,,,
Washington Mill Elementary,5/14/2025,20028,Lettuce Blend Salad Mix(1/2 cup),114,0,114,130,130,0,130,$10.40,0,0.00%,$0.00,$10.40,0,0.00%,$0.00,$10.40,,,,
Washington Mill Elementary,5/14/2025,20031,Banana(Each),0,0,0,250,250,0,250,$52.50,0,0.00%,$0.00,$52.50,0,0.00%,$0.00,$52.50,,,,
Washington Mill Elementary,5/14/2025,20038,Fat Free White Milk(Each),7,0,7,9,9,0,9,$2.97,0,0.00%,$0.00,$2.97,0,0.00%,$0.00,$2.97,,,,
Washington Mill Elementary,5/14/2025,20040,Cucumber Slices(6 Slices per 1/2 cup),17,0,17,18,17,1,18,$2.16,0,0.00%,$0.00,$2.16,0,0.00%,$0.00,$2.16,,,,
Washington Mill Elementary,5/14/2025,30014,Whole Wheat Dinner Roll(Each),195,0,195,272,271,1,272,$38.08,0,0.00%,$0.00,$38.08,0,0.00%,$0.00,$38.08,,,,
Washington Mill Elementary,5/14/2025,30020,Applesauce(1/2 Cup),18,0,18,18,17,1,18,$3.78,0,0.00%,$0.00,$3.78,0,0.00%,$0.00,$3.78,,,,
Washington Mill Elementary,5/14/2025,30020,Applesauce(1/4 cup),0,0,0,25,25,0,25,$2.75,0,0.00%,$0.00,$2.75,0,0.00%,$0.00,$2.75,,,,
Washington Mill Elementary,5/14/2025,30033,Cheez-Its Crackers(Package),17,0,17,17,17,0,17,$3.06,0,0.00%,$0.00,$3.06,0,0.00%,$0.00,$3.06,,,,
Washington Mill Elementary,5/14/2025,30077,Italian Dressing(1 ounce),15,0,15,12,12,0,12,$0.96,0,0.00%,$0.00,$0.96,0,0.00%,$0.00,$0.96,,,,
Washington Mill Elementary,5/14/2025,30099,Chickpeas(1/4 cup),22,0,22,20,20,0,20,$1.80,0,0.00%,$0.00,$1.80,0,0.00%,$0.00,$1.80,,,,
Washington Mill Elementary,5/14/2025,30107,Ranch Dressing(1 ounce),96,0,96,96,96,0,96,$10.56,0,0.00%,$0.00,$10.56,0,0.00%,$0.00,$10.56,,,,
Washington Mill Elementary,5/14/2025,60035,PB&J Power Pack(Power Packs),30,0,30,51,51,0,51,$55.08,0,0.00%,$0.00,$55.08,0,0.00%,$0.00,$55.08,,,,
Washington Mill Elementary,5/14/2025,60038,Peach Yogurt Power Pack(Power Packs),51,0,51,39,39,0,39,$31.20,0,0.00%,$0.00,$31.20,0,0.00%,$0.00,$31.20,,,,
Washington Mill Elementary,5/14/2025,60047,Chicken Tenders(3 tenders),14,0,14,14,14,0,14,$13.16,0,0.00%,$0.00,$13.16,0,0.00%,$0.00,$13.16,,,,
Washington Mill Elementary,5/14/2025,60050,Chickenless Bites(4 Bites),125,0,125,258,252,6,258,$196.08,0,0.00%,$0.00,$196.08,0,0.00%,$0.00,$196.08,,,,
Washington Mill Elementary,5/14/2025,60063,Chicken & Vegetable Dumplings(6 dumplings),300,0,300,51,51,0,51,$0.00,0,0.00%,$0.00,$0.00,0,0.00%,$0.00,$0.00,,,,
Washington Mill Elementary,5/14/2025,60077,Manager's Vegetable Choice(1/4 cup),148,0,148,96,96,0,96,$0.00,0,0.00%,$0.00,$0.00,0,0.00%,$0.00,$0.00,,,,
Washington Mill Elementary,5/14/2025,60101,Chickpeas - salad bar entree(1/2 cup),22,0,22,20,20,0,20,$3.60,0,0.00%,$0.00,$3.60,0,0.00%,$0.00,$3.60,,,,
Waynewood Elementary,5/14/2025,10044,Soft Pretzel(1 pretzel),2,0,2,80,75,0,75,$16.50,0,0.00%,$0.00,$16.50,5,6.25%,$1.10,$17.60,,,,
Waynewood Elementary,5/14/2025,10058,Chicken & Vegetable Dumplings(6 dumplings),0,0,0,60,45,0,45,$0.00,0,0.00%,$0.00,$0.00,15,25.00%,$0.00,$0.00,,,,
Waynewood Elementary,5/14/2025,10070,Orange Sauce(ounce),0,0,0,40,21,0,21,$2.94,0,0.00%,$0.00,$2.94,19,47.50%,$2.66,$5.60,,,,
Waynewood Elementary,5/14/2025,10075,Cheese Pizza(Slice),0,0,0,50,45,0,45,$25.65,0,0.00%,$0.00,$25.65,5,10.00%,$2.85,$28.50,,,,
Waynewood Elementary,5/14/2025,20001,1% White Milk(Each),11,0,11,50,13,0,13,$4.68,0,0.00%,$0.00,$4.68,37,74.00%,$13.32,$18.00,,,,
Waynewood Elementary,5/14/2025,20002,Fat Free Chocolate Milk(Each),137,0,137,250,152,0,152,$53.20,0,0.00%,$0.00,$53.20,98,39.20%,$34.30,$87.50,,,,
Waynewood Elementary,5/14/2025,20008,Apple Slices(3 slices per 1/4 cup),0,0,0,100,100,0,100,$59.00,0,0.00%,$0.00,$59.00,0,0.00%,$0.00,$59.00,,,,
Waynewood Elementary,5/14/2025,20023,Baby Carrots(3 baby carrots per 1/4 cup),0,0,0,56,38,0,38,$3.42,0,0.00%,$0.00,$3.42,18,32.14%,$1.62,$5.04,,,,
Waynewood Elementary,5/14/2025,20028,Lettuce Blend Salad Mix(1/2 cup),40,0,40,100,68,0,68,$5.44,0,0.00%,$0.00,$5.44,32,32.00%,$2.56,$8.00,,,,
Waynewood Elementary,5/14/2025,20038,Fat Free White Milk(Each),6,0,6,10,1,0,1,$0.33,0,0.00%,$0.00,$0.33,9,90.00%,$2.97,$3.30,,,,
Waynewood Elementary,5/14/2025,20077,"Peppers, red, pre-sliced(1/2 cup sliced)",0,0,0,72,61,0,61,$34.16,0,0.00%,$0.00,$34.16,11,15.28%,$6.16,$40.32,,,,
Waynewood Elementary,5/14/2025,30014,Whole Wheat Dinner Roll(Each),66,0,66,75,75,0,75,$10.50,0,0.00%,$0.00,$10.50,0,0.00%,$0.00,$10.50,,,,
Waynewood Elementary,5/14/2025,30020,Applesauce(1/4 cup),49,0,49,10,10,0,10,$1.10,0,0.00%,$0.00,$1.10,0,0.00%,$0.00,$1.10,,,,
Waynewood Elementary,5/14/2025,30024,Black Beans(1/2 Cup),0,0,0,48,9,0,9,$1.53,0,0.00%,$0.00,$1.53,39,81.25%,$6.63,$8.16,,,,
Waynewood Elementary,5/14/2025,30044,Strawberry Flavored Dried Cranberries(Each),42,0,42,42,25,0,25,$6.00,0,0.00%,$0.00,$6.00,17,40.48%,$4.08,$10.08,,,,
Waynewood Elementary,5/14/2025,30045,Watermelon Flavored Dried Cranberries(Each),31,0,31,40,13,0,13,$3.12,0,0.00%,$0.00,$3.12,27,67.50%,$6.48,$9.60,,,,
Waynewood Elementary,5/14/2025,30063,Ketchup Packet(Packet),110,0,110,200,200,0,200,$6.00,0,0.00%,$0.00,$6.00,0,0.00%,$0.00,$6.00,,,,
Waynewood Elementary,5/14/2025,30077,Italian Dressing(1 ounce),18,0,18,24,3,0,3,$0.24,0,0.00%,$0.00,$0.24,21,87.50%,$1.68,$1.92,,,,
Waynewood Elementary,5/14/2025,30099,Chickpeas(1/4 cup),18,0,18,48,41,0,41,$3.69,0,0.00%,$0.00,$3.69,7,14.58%,$0.63,$4.32,,,,
Waynewood Elementary,5/14/2025,30107,Ranch Dressing(1 ounce),26,0,26,48,27,0,27,$2.97,0,0.00%,$0.00,$2.97,21,43.75%,$2.31,$5.28,,,,
Waynewood Elementary,5/14/2025,60021,Cooked  Brown Rice(1 cup cooked),0,0,0,100,80,0,80,$8.80,0,0.00%,$0.00,$8.80,20,20.00%,$2.20,$11.00,,,,
Waynewood Elementary,5/14/2025,60035,PB&J Power Pack(Power Packs),71,0,71,48,38,0,38,$41.04,0,0.00%,$0.00,$41.04,10,20.83%,$10.80,$51.84,,,,
Waynewood Elementary,5/14/2025,60037,Strawberry & Banana Yogurt Power Pack(Power Packs),3,0,3,7,4,0,4,$3.20,0,0.00%,$0.00,$3.20,3,42.86%,$2.40,$5.60,,,,
Waynewood Elementary,5/14/2025,60050,Chickenless Bites(2 Bites),63,0,63,100,88,0,88,$33.44,0,0.00%,$0.00,$33.44,12,12.00%,$4.56,$38.00,,,,
West Potomac High,5/14/2025,10001,"Patty, Chicken, Breaded, WG(2 strips)",89,0,89,125,120,0,120,$26.40,0,0.00%,$0.00,$26.40,5,4.00%,$1.10,$27.50,,,,
West Potomac High,5/14/2025,10027,"Bread, Loco(flatbread)",0,0,0,130,109,0,109,$32.70,0,0.00%,$0.00,$32.70,21,16.15%,$6.30,$39.00,,,,
West Potomac High,5/14/2025,10033,Chocolate Chip Cookie(Cookie),0,0,0,160,139,0,139,$37.53,0,0.00%,$0.00,$37.53,21,13.13%,$5.67,$43.20,,,,
West Potomac High,5/14/2025,10044,Soft Pretzel(1 pretzel),16,0,16,15,6,0,6,$1.32,0,0.00%,$0.00,$1.32,9,60.00%,$1.98,$3.30,,,,
West Potomac High,5/14/2025,10049,"WG 10"" Flour Tortilla(Tortilla)",84,0,84,125,120,0,120,$42.00,0,0.00%,$0.00,$42.00,5,4.00%,$1.75,$43.75,,,,
West Potomac High,5/14/2025,10051,"Turkey,  Breast, Pre-Sliced, Oven Roasted(3 Slices)",89,0,89,120,114,0,114,$61.56,0,0.00%,$0.00,$61.56,6,5.00%,$3.24,$64.80,,,,
West Potomac High,5/14/2025,10062,Corn(2 Tablespoons (thawed)),0,0,0,0,0,0,0,$0.00,0,0.00%,$0.00,$0.00,0,0.00%,$0.00,$0.00,,,,
West Potomac High,5/14/2025,10070,Orange Sauce(ounce),0,0,0,60,32,0,32,$4.48,0,0.00%,$0.00,$4.48,28,46.67%,$3.92,$8.40,,,,
West Potomac High,5/14/2025,10073,Whole Strawberries(1/2 cup thawed),0,0,0,0,0,0,0,$0.00,0,0.00%,$0.00,$0.00,0,0.00%,$0.00,$0.00,,,,
West Potomac High,5/14/2025,20001,1% White Milk(Each),174,0,174,460,171,0,171,$61.56,0,0.00%,$0.00,$61.56,289,62.83%,$104.04,$165.60,,,,
West Potomac High,5/14/2025,20002,Fat Free Chocolate Milk(Each),390,0,390,700,415,0,415,$145.25,0,0.00%,$0.00,$145.25,285,40.71%,$99.75,$245.00,,,,
West Potomac High,5/14/2025,20006,"Cheese, Shredded, Cheddar(1/4 cup)",82,0,82,225,214,0,214,$36.38,0,0.00%,$0.00,$36.38,11,4.89%,$1.87,$38.25,,,,
West Potomac High,5/14/2025,20008,Apple Slices(3 slices per 1/4 cup),468,0,468,750,551,0,551,$325.09,0,0.00%,$0.00,$325.09,199,26.53%,$117.41,$442.50,,,,
West Potomac High,5/14/2025,20008,Apple Slices(6 Slices per 1/2 cup),0,0,0,0,0,0,0,$0.00,0,0.00%,$0.00,$0.00,0,0.00%,$0.00,$0.00,,,,
West Potomac High,5/14/2025,20016,String Cheese(Each),0,0,0,5,0,0,0,$0.00,0,0.00%,$0.00,$0.00,5,100.00%,$0.00,$0.00,,,,
West Potomac High,5/14/2025,20018,Red Seedless Grapes(2 Tablespoons),0,0,0,0,0,0,0,$0.00,0,0.00%,$0.00,$0.00,0,0.00%,$0.00,$0.00,,,,
West Potomac High,5/14/2025,20023,Baby Carrots(6 Baby Carrots per 1/2 cup),0,0,0,0,0,0,0,$0.00,0,0.00%,$0.00,$0.00,0,0.00%,$0.00,$0.00,,,,
West Potomac High,5/14/2025,20027,Broccoli Florets(1/4 cup),2,0,2,20,1,0,1,$0.08,0,0.00%,$0.00,$0.08,19,95.00%,$1.52,$1.60,,,,
West Potomac High,5/14/2025,20028,Lettuce Blend Salad Mix(1/2 cup),175,0,175,270,241,0,241,$19.28,0,0.00%,$0.00,$19.28,29,10.74%,$2.32,$21.60,,,,
West Potomac High,5/14/2025,20031,Banana(Each),409,0,409,460,260,0,260,$54.60,0,0.00%,$0.00,$54.60,200,43.48%,$42.00,$96.60,,,,
West Potomac High,5/14/2025,20035,"Onions, Red, Whole(2 Tablespoons (sliced))",0,0,0,0,0,0,0,$0.00,0,0.00%,$0.00,$0.00,0,0.00%,$0.00,$0.00,,,,
West Potomac High,5/14/2025,20038,Fat Free White Milk(Each),5,0,5,100,13,0,13,$4.29,0,0.00%,$0.00,$4.29,87,87.00%,$28.71,$33.00,,,,
West Potomac High,5/14/2025,20040,Cucumber Slices(2 Tablespoon),0,0,0,0,0,0,0,$0.00,0,0.00%,$0.00,$0.00,0,0.00%,$0.00,$0.00,,,,
West Potomac High,5/14/2025,20041,"Peppers, Green, Whole(2 Tablespoon)",0,0,0,0,0,0,0,$0.00,0,0.00%,$0.00,$0.00,0,0.00%,$0.00,$0.00,,,,
West Potomac High,5/14/2025,20042,"Peppers, Red, Whole(2 Tablespoons)",0,0,0,0,0,0,0,$0.00,0,0.00%,$0.00,$0.00,0,0.00%,$0.00,$0.00,,,,
West Potomac High,5/14/2025,20052,Assorted  4 oz Yogurt(Container),0,0,0,5,0,0,0,$0.00,0,0.00%,$0.00,$0.00,5,100.00%,$0.00,$0.00,,,,
West Potomac High,5/14/2025,30002,Sub Roll(Sub Roll),89,0,89,120,114,0,114,$35.34,0,0.00%,$0.00,$35.34,6,5.00%,$1.86,$37.20,,,,
West Potomac High,5/14/2025,30008,Apple Juice(Each),0,0,0,5,0,0,0,$0.00,0,0.00%,$0.00,$0.00,5,100.00%,$0.00,$0.00,,,,
West Potomac High,5/14/2025,30009,Orange Tangerine Juice(Each),0,0,0,5,0,0,0,$0.00,0,0.00%,$0.00,$0.00,5,100.00%,$0.00,$0.00,,,,
West Potomac High,5/14/2025,30033,Cheez-Its Crackers(Package),0,0,0,60,30,0,30,$5.40,0,0.00%,$0.00,$5.40,30,50.00%,$5.40,$10.80,,,,
West Potomac High,5/14/2025,30039,Cherry Flavored Dried Cranberries(Each),10,0,10,0,0,0,0,$0.00,0,0.00%,$0.00,$0.00,0,0.00%,$0.00,$0.00,,,,
West Potomac High,5/14/2025,30041,Orange Flavored Dried Cranberries(Each),0,0,0,0,0,0,0,$0.00,0,0.00%,$0.00,$0.00,0,0.00%,$0.00,$0.00,,,,
West Potomac High,5/14/2025,30042,Original Flavored Dried Cranberries(Package),214,0,214,0,0,0,0,$0.00,0,0.00%,$0.00,$0.00,0,0.00%,$0.00,$0.00,,,,
West Potomac High,5/14/2025,30043,Raspberry Lemonade Flavored Dried Cranberries(Each),95,0,95,400,202,0,202,$48.48,0,0.00%,$0.00,$48.48,198,49.50%,$47.52,$96.00,,,,
West Potomac High,5/14/2025,30044,Strawberry Flavored Dried Cranberries(Each),212,0,212,420,221,0,221,$53.04,0,0.00%,$0.00,$53.04,199,47.38%,$47.76,$100.80,,,,
West Potomac High,5/14/2025,30045,Watermelon Flavored Dried Cranberries(Each),227,0,227,150,111,0,111,$26.64,0,0.00%,$0.00,$26.64,39,26.00%,$9.36,$36.00,,,,
West Potomac High,5/14/2025,30063,Ketchup Packet(Packet),953,0,953,1500,1338,0,1338,$40.14,0,0.00%,$0.00,$40.14,162,10.80%,$4.86,$45.00,,,,
West Potomac High,5/14/2025,30064,Mayonnaise Packet(Packet),287,0,287,560,395,0,395,$39.50,0,0.00%,$0.00,$39.50,165,29.46%,$16.50,$56.00,,,,
West Potomac High,5/14/2025,30065,Mustard Packet(Packet),32,0,32,100,64,0,64,$3.20,0,0.00%,$0.00,$3.20,36,36.00%,$1.80,$5.00,,,,
West Potomac High,5/14/2025,30077,Italian Dressing(1 ounce),0,0,0,0,0,0,0,$0.00,0,0.00%,$0.00,$0.00,0,0.00%,$0.00,$0.00,,,,
West Potomac High,5/14/2025,30097,Bottled Water(Bottle),0,0,0,180,136,0,136,$21.76,0,0.00%,$0.00,$21.76,44,24.44%,$7.04,$28.80,,,,
West Potomac High,5/14/2025,30099,Chickpeas(1/4 cup),5,0,5,30,17,0,17,$1.53,0,0.00%,$0.00,$1.53,13,43.33%,$1.17,$2.70,,,,
West Potomac High,5/14/2025,30099,Chickpeas(2 Tablespoons),0,0,0,0,0,0,0,$0.00,0,0.00%,$0.00,$0.00,0,0.00%,$0.00,$0.00,,,,
West Potomac High,5/14/2025,30107,Ranch Dressing(1 ounce),471,0,471,560,539,0,539,$59.29,0,0.00%,$0.00,$59.29,21,3.75%,$2.31,$61.60,,,,
West Potomac High,5/14/2025,30109,Smartfood RF White Cheddar Popcorn(Each),0,0,0,0,0,0,0,$0.00,0,0.00%,$0.00,$0.00,0,0.00%,$0.00,$0.00,,,,
West Potomac High,5/14/2025,30110,Doritos Flamas(Each),0,0,0,90,78,0,78,$28.86,0,0.00%,$0.00,$28.86,12,13.33%,$4.44,$33.30,,,,
West Potomac High,5/14/2025,30111,Doritos RF Spicy Sweet Chili(Each),0,0,0,80,53,0,53,$19.61,0,0.00%,$0.00,$19.61,27,33.75%,$9.99,$29.60,,,,
West Potomac High,5/14/2025,30112,Doritos RF Nacho Cheese(Each),0,0,0,50,39,0,39,$14.43,0,0.00%,$0.00,$14.43,11,22.00%,$4.07,$18.50,,,,
West Potomac High,5/14/2025,30113,Cool Ranch Reduced Fat Doritos(Each),0,0,0,50,21,0,21,$7.77,0,0.00%,$0.00,$7.77,29,58.00%,$10.73,$18.50,,,,
West Potomac High,5/14/2025,30114,SS Baked Cheetos Flaming Hot(Each),0,0,0,90,67,0,67,$35.51,0,0.00%,$0.00,$35.51,23,25.56%,$12.19,$47.70,,,,
West Potomac High,5/14/2025,30115,SS Baked Cheetos Flaming Limon(Each),0,0,0,80,69,0,69,$26.91,0,0.00%,$0.00,$26.91,11,13.75%,$4.29,$31.20,,,,
West Potomac High,5/14/2025,30116,SS Cheetos Fantastix Flaming Hot(Each),0,0,0,70,51,0,51,$19.89,0,0.00%,$0.00,$19.89,19,27.14%,$7.41,$27.30,,,,
West Potomac High,5/14/2025,30117,WG Baked Funyuns(Each),0,0,0,50,31,0,31,$11.16,0,0.00%,$0.00,$11.16,19,38.00%,$6.84,$18.00,,,,
West Potomac High,5/14/2025,30118,Kettle Cooked Smoky BBQ Chips(Each),0,0,0,110,77,0,77,$46.20,0,0.00%,$0.00,$46.20,33,30.00%,$19.80,$66.00,,,,
West Potomac High,5/14/2025,30119,RF Kettle Chips Jalapeno & Cheddar Chips(Each),0,0,0,90,79,0,79,$47.40,0,0.00%,$0.00,$47.40,11,12.22%,$6.60,$54.00,,,,
West Potomac High,5/14/2025,30120,RF Kettle Chips Sea Salt & Vinegar Chips(Each),0,0,0,90,71,0,71,$42.60,0,0.00%,$0.00,$42.60,19,21.11%,$11.40,$54.00,,,,
West Potomac High,5/14/2025,30124,"Fruit Snacks, Welch's Mixed(Each)",0,0,0,100,62,0,62,$24.80,0,0.00%,$0.00,$24.80,38,38.00%,$15.20,$40.00,,,,
West Potomac High,5/14/2025,30160,Lay's RF Kettle Original Chips(Each),0,0,0,80,48,0,48,$28.80,0,0.00%,$0.00,$28.80,32,40.00%,$19.20,$48.00,,,,
West Potomac High,5/14/2025,60020,"Quesadilla, Turkey Barbacoa and Cheese(Quesadilla)",98,0,98,180,138,0,138,$168.36,0,0.00%,$0.00,$168.36,42,23.33%,$51.24,$219.60,,,,
West Potomac High,5/14/2025,60035,PB&J Power Pack(Power Packs),37,0,37,129,110,0,110,$118.80,0,0.00%,$0.00,$118.80,19,14.73%,$20.52,$139.32,,,,
West Potomac High,5/14/2025,60036,Cherry Vanilla Yogurt Power Pack(Power Packs),38,0,38,60,33,0,33,$26.40,0,0.00%,$0.00,$26.40,27,45.00%,$21.60,$48.00,,,,
West Potomac High,5/14/2025,60037,Strawberry & Banana Yogurt Power Pack(Power Packs),24,0,24,48,46,0,46,$36.80,0,0.00%,$0.00,$36.80,2,4.17%,$1.60,$38.40,,,,
West Potomac High,5/14/2025,60038,Peach Yogurt Power Pack(Power Packs),4,0,4,0,0,0,0,$0.00,0,0.00%,$0.00,$0.00,0,0.00%,$0.00,$0.00,,,,
West Potomac High,5/14/2025,60040,Grilled Cheese Sandwich(Sandwich),64,0,64,100,68,0,68,$28.56,0,0.00%,$0.00,$28.56,32,32.00%,$13.44,$42.00,,,,
West Potomac High,5/14/2025,60050,Chickenless Bites(2 Bites),28,0,28,0,0,0,0,$0.00,0,0.00%,$0.00,$0.00,0,0.00%,$0.00,$0.00,,,,
West Potomac High,5/14/2025,60050,Chickenless Bites(4 Bites),36,0,36,130,109,0,109,$82.84,0,0.00%,$0.00,$82.84,21,16.15%,$15.96,$98.80,,,,
West Potomac High,5/14/2025,60062,Chilled Pineapple(1/2 cup),0,0,0,0,0,0,0,$0.00,0,0.00%,$0.00,$0.00,0,0.00%,$0.00,$0.00,,,,
West Potomac High,5/14/2025,60063,Chicken & Vegetable Dumplings(6 dumplings),0,0,0,60,32,0,32,$0.00,0,0.00%,$0.00,$0.00,28,46.67%,$0.00,$0.00,,,,
West Potomac High,5/14/2025,60075,Spicy Chicken Wrap(Wrap),92,0,92,0,0,0,0,$0.00,0,0.00%,$0.00,$0.00,0,0.00%,$0.00,$0.00,,,,
West Potomac High,5/14/2025,60077,Manager's Vegetable Choice(1/4 cup),53,0,53,30,19,0,19,$0.00,0,0.00%,$0.00,$0.00,11,36.67%,$0.00,$0.00,,,,
West Potomac High,5/14/2025,60101,Chickpeas - salad bar entree(1/2 cup),13,0,13,30,11,0,11,$1.98,0,0.00%,$0.00,$1.98,19,63.33%,$3.42,$5.40,,,,
West Potomac High,5/14/2025,60150,Strawberry Parfait Power Pack(Power Pack),0,0,0,40,35,0,35,$57.05,0,0.00%,$0.00,$57.05,5,12.50%,$8.15,$65.20,,,,
West Springfield Elementary,5/14/2025,10033,Chocolate Chip Cookie(1/2 Cookie),0,0,0,9,9,0,9,$1.26,0,0.00%,$0.00,$1.26,0,0.00%,$0.00,$1.26,,,,
West Springfield Elementary,5/14/2025,10044,Soft Pretzel(1 pretzel),22,0,22,67,67,0,67,$14.74,0,0.00%,$0.00,$14.74,0,0.00%,$0.00,$14.74,,,,
West Springfield Elementary,5/14/2025,10069,Bean and Cheese Pupusa(Pupusa),0,0,0,3,3,0,3,$4.50,0,0.00%,$0.00,$4.50,0,0.00%,$0.00,$4.50,,,,
West Springfield Elementary,5/14/2025,10070,Orange Sauce(ounce),0,0,0,30,10,0,10,$1.40,0,0.00%,$0.00,$1.40,20,66.67%,$2.80,$4.20,,,,
West Springfield Elementary,5/14/2025,20001,1% White Milk(Each),28,0,28,26,21,0,21,$7.56,0,0.00%,$0.00,$7.56,5,19.23%,$1.80,$9.36,,,,
West Springfield Elementary,5/14/2025,20002,Fat Free Chocolate Milk(Each),78,0,78,290,101,0,101,$35.35,0,0.00%,$0.00,$35.35,189,65.17%,$66.15,$101.50,,,,
West Springfield Elementary,5/14/2025,20018,Red Seedless Grapes(8 grapes per 1/4 cup),62,0,62,184,172,0,172,$44.72,0,0.00%,$0.00,$44.72,12,6.52%,$3.12,$47.84,,,,
West Springfield Elementary,5/14/2025,20027,Broccoli Florets(1/4 cup),28,0,28,84,64,0,64,$5.12,0,0.00%,$0.00,$5.12,20,23.81%,$1.60,$6.72,,,,
West Springfield Elementary,5/14/2025,20028,Lettuce Blend Salad Mix(1/2 cup),71,0,71,80,69,0,69,$5.52,0,0.00%,$0.00,$5.52,11,13.75%,$0.88,$6.40,,,,
West Springfield Elementary,5/14/2025,20031,Banana(Each),0,0,0,90,68,0,68,$14.28,0,0.00%,$0.00,$14.28,22,24.44%,$4.62,$18.90,,,,
West Springfield Elementary,5/14/2025,20038,Fat Free White Milk(Each),7,0,7,29,6,0,6,$1.98,0,0.00%,$0.00,$1.98,23,79.31%,$7.59,$9.57,,,,
West Springfield Elementary,5/14/2025,20040,Cucumber Slices(6 Slices per 1/2 cup),3,0,3,3,3,0,3,$0.36,0,0.00%,$0.00,$0.36,0,0.00%,$0.00,$0.36,,,,
West Springfield Elementary,5/14/2025,20052,Assorted  4 oz Yogurt(Container),0,0,0,2,2,0,2,$0.00,0,0.00%,$0.00,$0.00,0,0.00%,$0.00,$0.00,,,,
West Springfield Elementary,5/14/2025,20075,Cucumbers(1/2 cup sliced),0,0,0,46,46,0,46,$9.20,0,0.00%,$0.00,$9.20,0,0.00%,$0.00,$9.20,,,,
West Springfield Elementary,5/14/2025,30008,Apple Juice(Each),9,0,9,17,17,0,17,$2.89,0,0.00%,$0.00,$2.89,0,0.00%,$0.00,$2.89,,,,
West Springfield Elementary,5/14/2025,30009,Orange Tangerine Juice(Each),10,0,10,15,15,0,15,$2.55,0,0.00%,$0.00,$2.55,0,0.00%,$0.00,$2.55,,,,
West Springfield Elementary,5/14/2025,30014,Whole Wheat Dinner Roll(Each),39,0,39,64,64,0,64,$8.96,0,0.00%,$0.00,$8.96,0,0.00%,$0.00,$8.96,,,,
West Springfield Elementary,5/14/2025,30020,Applesauce(1/2 Cup),3,0,3,3,3,0,3,$0.63,0,0.00%,$0.00,$0.63,0,0.00%,$0.00,$0.63,,,,
West Springfield Elementary,5/14/2025,30041,Orange Flavored Dried Cranberries(Each),27,0,27,70,45,0,45,$10.80,0,0.00%,$0.00,$10.80,25,35.71%,$6.00,$16.80,,,,
West Springfield Elementary,5/14/2025,30061,Chilled Mandarin Oranges(1/2 cup (drained)),0,0,0,25,25,0,25,$8.50,0,0.00%,$0.00,$8.50,0,0.00%,$0.00,$8.50,,,,
West Springfield Elementary,5/14/2025,30097,Bottled Water(Bottle),5,0,5,20,18,0,18,$2.88,0,0.00%,$0.00,$2.88,2,10.00%,$0.32,$3.20,,,,
West Springfield Elementary,5/14/2025,30107,Ranch Dressing(1 ounce),57,0,57,72,58,0,58,$6.38,0,0.00%,$0.00,$6.38,14,19.44%,$1.54,$7.92,,,,
West Springfield Elementary,5/14/2025,30158,Black Beans(1/2 Cup),0,0,0,33,18,0,18,$3.06,0,0.00%,$0.00,$3.06,15,45.45%,$2.55,$5.61,,,,
West Springfield Elementary,5/14/2025,60034,Mandarin Orange Parfait(Parfait),0,0,0,5,3,0,3,$2.97,0,0.00%,$0.00,$2.97,2,40.00%,$1.98,$4.95,,,,
West Springfield Elementary,5/14/2025,60035,PB&J Power Pack(Power Packs),30,0,30,87,70,0,70,$75.60,0,0.00%,$0.00,$75.60,17,19.54%,$18.36,$93.96,,,,
West Springfield Elementary,5/14/2025,60037,Strawberry & Banana Yogurt Power Pack(Power Packs),15,0,15,24,13,0,13,$10.40,0,0.00%,$0.00,$10.40,11,45.83%,$8.80,$19.20,,,,
West Springfield Elementary,5/14/2025,60038,Peach Yogurt Power Pack(Power Packs),1,0,1,2,1,0,1,$0.80,0,0.00%,$0.00,$0.80,1,50.00%,$0.80,$1.60,,,,
West Springfield Elementary,5/14/2025,60047,Chicken Tenders(3 tenders),0,0,0,6,6,0,6,$5.64,0,0.00%,$0.00,$5.64,0,0.00%,$0.00,$5.64,,,,
West Springfield Elementary,5/14/2025,60050,Chickenless Bites(4 Bites),75,0,75,72,72,0,72,$54.72,0,0.00%,$0.00,$54.72,0,0.00%,$0.00,$54.72,,,,
West Springfield Elementary,5/14/2025,60063,Chicken & Vegetable Dumplings(6 dumplings),0,0,0,32,32,0,32,$0.00,0,0.00%,$0.00,$0.00,0,0.00%,$0.00,$0.00,,,,
West Springfield Elementary,5/14/2025,60077,Manager's Vegetable Choice(1/4 cup),33,0,33,48,33,0,33,$0.00,0,0.00%,$0.00,$0.00,15,31.25%,$0.00,$0.00,,,,
West Springfield Elementary,5/14/2025,60101,Chickpeas - salad bar entree(1/2 cup),23,0,23,33,29,0,29,$5.22,4,12.12%,$0.72,$5.94,0,0.00%,$0.00,$5.94,,,,
West Springfield Elementary,5/14/2025,60126,Arepa w/Taco Beef(1 Aprea + #8 scoop of beef),0,0,0,4,4,0,4,$5.80,0,0.00%,$0.00,$5.80,0,0.00%,$0.00,$5.80,,,,
West Springfield Elementary,5/14/2025,60147,Turkey & Cheese on Sub Roll(sandwich),0,0,0,20,18,0,18,$24.66,1,5.00%,$1.37,$26.03,1,5.00%,$1.37,$27.40,,,,
West Springfield High,5/14/2025,10015,Baked Cheese Sticks(2 Cheese Sticks),0,0,0,500,322,160,482,$318.12,10,2.00%,$6.60,$324.72,8,1.60%,$5.28,$330.00,,,,
West Springfield High,5/14/2025,10033,Chocolate Chip Cookie(Cookie),0,384,384,364,362,0,362,$97.74,2,0.55%,$0.54,$98.28,0,0.00%,$0.00,$98.28,,,,
West Springfield High,5/14/2025,10044,Soft Pretzel(1 pretzel),2,0,2,5,0,0,0,$0.00,0,0.00%,$0.00,$0.00,5,100.00%,$0.00,$0.00,,,,
West Springfield High,5/14/2025,10049,"WG 10"" Flour Tortilla(Tortilla)",2,0,2,2,0,0,0,$0.00,0,0.00%,$0.00,$0.00,2,100.00%,$0.00,$0.00,,,,
West Springfield High,5/14/2025,10051,"Turkey,  Breast, Pre-Sliced, Oven Roasted(3 Slices)",1,0,1,1,0,0,0,$0.00,0,0.00%,$0.00,$0.00,1,100.00%,$0.00,$0.00,,,,
West Springfield High,5/14/2025,10062,Corn(1/2 cup (cooked)),0,0,0,30,15,5,20,$4.20,0,0.00%,$0.00,$4.20,10,33.33%,$2.10,$6.30,,,,
West Springfield High,5/14/2025,10062,Corn(2 Tablespoons (thawed)),3,0,3,3,0,0,0,$0.00,0,0.00%,$0.00,$0.00,3,100.00%,$0.00,$0.00,,,,
West Springfield High,5/14/2025,10070,Orange Sauce(ounce),120,0,120,40,21,5,26,$3.64,6,15.00%,$0.84,$4.48,8,20.00%,$1.12,$5.60,,,,
West Springfield High,5/14/2025,10088,Potato Wedges(4 pieces),0,0,0,150,129,20,149,$14.90,0,0.00%,$0.00,$14.90,1,0.67%,$0.10,$15.00,,,,
West Springfield High,5/14/2025,20001,1% White Milk(Each),76,0,76,103,45,5,50,$18.00,0,0.00%,$0.00,$18.00,53,51.46%,$19.08,$37.08,,,,
West Springfield High,5/14/2025,20002,Fat Free Chocolate Milk(Each),377,0,377,503,360,20,380,$133.00,0,0.00%,$0.00,$133.00,123,24.45%,$43.05,$176.05,,,,
West Springfield High,5/14/2025,20006,"Cheese, Shredded, Cheddar(1/4 cup)",1,0,1,1,0,0,0,$0.00,0,0.00%,$0.00,$0.00,1,100.00%,$0.00,$0.00,,,,
West Springfield High,5/14/2025,20016,String Cheese(Each),0,5,5,7,7,0,7,$1.54,0,0.00%,$0.00,$1.54,0,0.00%,$0.00,$1.54,,,,
West Springfield High,5/14/2025,20018,Red Seedless Grapes(16 grapes per 1/2 cup),3,0,3,603,553,20,573,$292.23,0,0.00%,$0.00,$292.23,30,4.98%,$15.30,$307.53,,,,
West Springfield High,5/14/2025,20023,Baby Carrots(3 baby carrots per 1/4 cup),0,0,0,150,130,10,140,$12.60,0,0.00%,$0.00,$12.60,10,6.67%,$0.90,$13.50,,,,
West Springfield High,5/14/2025,20023,Baby Carrots(6 Baby Carrots per 1/2 cup),3,0,3,3,0,0,0,$0.00,0,0.00%,$0.00,$0.00,3,100.00%,$0.00,$0.00,,,,
West Springfield High,5/14/2025,20027,Broccoli Florets(1/4 cup),159,0,159,80,55,5,60,$4.80,0,0.00%,$0.00,$4.80,20,25.00%,$1.60,$6.40,,,,
West Springfield High,5/14/2025,20028,Lettuce Blend Salad Mix(1/2 cup),142,0,142,153,130,10,140,$11.20,0,0.00%,$0.00,$11.20,13,8.50%,$1.04,$12.24,,,,
West Springfield High,5/14/2025,20035,"Onions, Red, Whole(2 Tablespoons (sliced))",3,0,3,3,0,0,0,$0.00,0,0.00%,$0.00,$0.00,3,100.00%,$0.00,$0.00,,,,
West Springfield High,5/14/2025,20038,Fat Free White Milk(Each),34,0,34,78,63,2,65,$21.45,0,0.00%,$0.00,$21.45,13,16.67%,$4.29,$25.74,,,,
West Springfield High,5/14/2025,20040,Cucumber Slices(2 Tablespoon),3,0,3,3,0,0,0,$0.00,0,0.00%,$0.00,$0.00,3,100.00%,$0.00,$0.00,,,,
West Springfield High,5/14/2025,20041,"Peppers, Green, Whole(2 Tablespoon)",3,0,3,3,0,0,0,$0.00,0,0.00%,$0.00,$0.00,3,100.00%,$0.00,$0.00,,,,
West Springfield High,5/14/2025,20052,Assorted  4 oz Yogurt(Container),0,5,5,4,4,0,4,$0.00,0,0.00%,$0.00,$0.00,0,0.00%,$0.00,$0.00,,,,
West Springfield High,5/14/2025,30002,Sub Roll(Sub Roll),2,0,2,2,0,0,0,$0.00,0,0.00%,$0.00,$0.00,2,100.00%,$0.00,$0.00,,,,
West Springfield High,5/14/2025,30014,Whole Wheat Dinner Roll(2 rolls),0,0,0,187,92,60,152,$42.56,8,4.28%,$2.24,$44.80,27,14.44%,$7.56,$52.36,,,,
West Springfield High,5/14/2025,30018,Marinara Sauce(1/4 Cup),0,0,0,500,322,160,482,$72.30,10,2.00%,$1.50,$73.80,8,1.60%,$1.20,$75.00,,,,
West Springfield High,5/14/2025,30033,Cheez-Its Crackers(Package),0,5,5,14,12,0,12,$2.16,2,14.29%,$0.36,$2.52,0,0.00%,$0.00,$2.52,,,,
West Springfield High,5/14/2025,30039,Cherry Flavored Dried Cranberries(2 Eaches),0,0,0,50,20,5,25,$12.00,0,0.00%,$0.00,$12.00,25,50.00%,$12.00,$24.00,,,,
West Springfield High,5/14/2025,30039,Cherry Flavored Dried Cranberries(Each),3,0,3,3,0,0,0,$0.00,0,0.00%,$0.00,$0.00,3,100.00%,$0.00,$0.00,,,,
West Springfield High,5/14/2025,30061,Chilled Mandarin Oranges(1/2 cup (drained)),3,0,3,303,254,10,264,$89.76,0,0.00%,$0.00,$89.76,39,12.87%,$13.26,$103.02,,,,
West Springfield High,5/14/2025,30063,Ketchup Packet(Packet),345,0,345,500,300,0,300,$9.00,0,0.00%,$0.00,$9.00,200,40.00%,$6.00,$15.00,,,,
West Springfield High,5/14/2025,30064,Mayonnaise Packet(Packet),137,0,137,183,160,0,160,$16.00,0,0.00%,$0.00,$16.00,23,12.57%,$2.30,$18.30,,,,
West Springfield High,5/14/2025,30065,Mustard Packet(Packet),73,0,73,103,70,0,70,$3.50,0,0.00%,$0.00,$3.50,33,32.04%,$1.65,$5.15,,,,
West Springfield High,5/14/2025,30077,Italian Dressing(1 ounce),23,0,23,123,20,0,20,$1.60,0,0.00%,$0.00,$1.60,103,83.74%,$8.24,$9.84,,,,
West Springfield High,5/14/2025,30078,"Sauce, BBQ, HFCS-Free, Bulk, Low-Sodium(2 TBSP)",0,0,0,240,230,0,230,$23.00,0,0.00%,$0.00,$23.00,10,4.17%,$1.00,$24.00,,,,
West Springfield High,5/14/2025,30097,Bottled Water(Bottle),0,110,110,120,119,0,119,$19.04,1,0.83%,$0.16,$19.20,0,0.00%,$0.00,$19.20,,,,
West Springfield High,5/14/2025,30099,Chickpeas(1/4 cup),8,0,8,20,8,2,10,$0.90,0,0.00%,$0.00,$0.90,10,50.00%,$0.90,$1.80,,,,
West Springfield High,5/14/2025,30099,Chickpeas(2 Tablespoons),3,0,3,3,0,0,0,$0.00,0,0.00%,$0.00,$0.00,3,100.00%,$0.00,$0.00,,,,
West Springfield High,5/14/2025,30107,Ranch Dressing(1 ounce),207,0,207,243,230,0,230,$25.30,0,0.00%,$0.00,$25.30,13,5.35%,$1.43,$26.73,,,,
West Springfield High,5/14/2025,30110,Doritos Flamas(Each),0,5,5,23,21,0,21,$7.77,2,8.70%,$0.74,$8.51,0,0.00%,$0.00,$8.51,,,,
West Springfield High,5/14/2025,30111,Doritos RF Spicy Sweet Chili(Each),0,5,5,39,37,0,37,$13.69,2,5.13%,$0.74,$14.43,0,0.00%,$0.00,$14.43,,,,
West Springfield High,5/14/2025,30112,Doritos RF Nacho Cheese(Each),0,5,5,9,9,0,9,$3.33,0,0.00%,$0.00,$3.33,0,0.00%,$0.00,$3.33,,,,
West Springfield High,5/14/2025,30114,SS Baked Cheetos Flaming Hot(Each),0,5,5,26,24,0,24,$12.72,2,7.69%,$1.06,$13.78,0,0.00%,$0.00,$13.78,,,,
West Springfield High,5/14/2025,30118,Kettle Cooked Smoky BBQ Chips(Each),0,5,5,40,38,0,38,$22.80,2,5.00%,$1.20,$24.00,0,0.00%,$0.00,$24.00,,,,
West Springfield High,5/14/2025,30124,"Fruit Snacks, Welch's Mixed(Each)",0,50,50,72,72,0,72,$28.80,0,0.00%,$0.00,$28.80,0,0.00%,$0.00,$28.80,,,,
West Springfield High,5/14/2025,60035,PB&J Power Pack(Power Packs),144,0,144,154,102,50,152,$164.16,0,0.00%,$0.00,$164.16,2,1.30%,$2.16,$166.32,,,,
West Springfield High,5/14/2025,60038,Peach Yogurt Power Pack(Power Packs),3,0,3,12,0,0,0,$0.00,0,0.00%,$0.00,$0.00,12,100.00%,$0.00,$0.00,,,,
West Springfield High,5/14/2025,60050,Chickenless Bites(2 Bites),1,0,1,1,0,0,0,$0.00,0,0.00%,$0.00,$0.00,1,100.00%,$0.00,$0.00,,,,
West Springfield High,5/14/2025,60050,Chickenless Bites(4 Bites),100,0,100,187,92,60,152,$115.52,8,4.28%,$6.08,$121.60,27,14.44%,$20.52,$142.12,,,,
West Springfield High,5/14/2025,60064,Vegetable Dumpling(6 dumplings),0,0,0,40,21,5,26,$0.00,6,15.00%,$0.00,$0.00,8,20.00%,$0.00,$0.00,,,,
West Springfield High,5/14/2025,60072,Spicy Breaded Chicken Patty on Bun(Sandwich),0,0,0,200,142,30,172,$129.00,8,4.00%,$6.00,$135.00,20,10.00%,$15.00,$150.00,,,,
West Springfield High,5/14/2025,60075,Spicy Chicken Wrap(Wrap),27,0,27,27,17,5,22,$25.74,0,0.00%,$0.00,$25.74,5,18.52%,$5.85,$31.59,,,,
West Springfield High,5/14/2025,60077,Manager's Vegetable Choice(1/4 cup),21,0,21,23,8,2,10,$0.00,0,0.00%,$0.00,$0.00,13,56.52%,$0.00,$0.00,,,,
West Springfield High,5/14/2025,60078,Nachos with Turkey Barbacoa and Cheese Sauce(Serving),0,0,0,200,116,70,186,$247.38,10,5.00%,$13.30,$260.68,4,2.00%,$5.32,$266.00,,,,
West Springfield High,5/14/2025,60101,Chickpeas - salad bar entree(1/2 cup),1,0,1,3,0,0,0,$0.00,0,0.00%,$0.00,$0.00,3,100.00%,$0.00,$0.00,,,,
West Springfield High,5/14/2025,60150,Strawberry Parfait Power Pack(Power Pack),7,0,7,5,5,0,5,$8.15,0,0.00%,$0.00,$8.15,0,0.00%,$0.00,$8.15,,,,
Westbriar Elementary,5/14/2025,10044,Soft Pretzel(1 pretzel),12,0,12,30,21,0,21,$4.62,9,30.00%,$1.98,$6.60,0,0.00%,$0.00,$6.60,,,,
Westbriar Elementary,5/14/2025,10070,Orange Sauce(ounce),120,0,120,194,181,10,191,$26.74,3,1.55%,$0.42,$27.16,0,0.00%,$0.00,$27.16,,,,
Westbriar Elementary,5/14/2025,20001,1% White Milk(Each),29,0,29,50,29,0,29,$10.44,0,0.00%,$0.00,$10.44,21,42.00%,$7.56,$18.00,,,,
Westbriar Elementary,5/14/2025,20002,Fat Free Chocolate Milk(Each),267,0,267,300,235,0,235,$82.25,0,0.00%,$0.00,$82.25,65,21.67%,$22.75,$105.00,,,,
Westbriar Elementary,5/14/2025,20015,Golden Delicious Apple(Each),0,0,0,80,75,0,75,$23.25,0,0.00%,$0.00,$23.25,5,6.25%,$1.55,$24.80,,,,
Westbriar Elementary,5/14/2025,20018,Red Seedless Grapes(8 grapes per 1/4 cup),135,0,135,150,148,0,148,$38.48,2,1.33%,$0.52,$39.00,0,0.00%,$0.00,$39.00,,,,
Westbriar Elementary,5/14/2025,20027,Broccoli Florets(1/4 cup),82,0,82,120,120,0,120,$9.60,0,0.00%,$0.00,$9.60,0,0.00%,$0.00,$9.60,,,,
Westbriar Elementary,5/14/2025,20028,Lettuce Blend Salad Mix(1/2 cup),203,0,203,210,205,0,205,$16.40,5,2.38%,$0.40,$16.80,0,0.00%,$0.00,$16.80,,,,
Westbriar Elementary,5/14/2025,20031,Banana(Each),0,0,0,50,50,0,50,$10.50,0,0.00%,$0.00,$10.50,0,0.00%,$0.00,$10.50,,,,
Westbriar Elementary,5/14/2025,20038,Fat Free White Milk(Each),33,0,33,50,25,0,25,$8.25,0,0.00%,$0.00,$8.25,25,50.00%,$8.25,$16.50,,,,
Westbriar Elementary,5/14/2025,20040,Cucumber Slices(6 Slices per 1/2 cup),0,0,0,0,0,0,0,$0.00,0,0.00%,$0.00,$0.00,0,0.00%,$0.00,$0.00,,,,
Westbriar Elementary,5/14/2025,30008,Apple Juice(Each),0,0,0,25,20,0,20,$3.40,0,0.00%,$0.00,$3.40,5,20.00%,$0.85,$4.25,,,,
Westbriar Elementary,5/14/2025,30009,Orange Tangerine Juice(Each),0,0,0,20,15,0,15,$2.55,0,0.00%,$0.00,$2.55,5,25.00%,$0.85,$3.40,,,,
Westbriar Elementary,5/14/2025,30014,Whole Wheat Dinner Roll(Each),0,0,0,0,0,0,0,$0.00,0,0.00%,$0.00,$0.00,0,0.00%,$0.00,$0.00,,,,
Westbriar Elementary,5/14/2025,30020,Applesauce(1/2 Cup),0,0,0,0,0,0,0,$0.00,0,0.00%,$0.00,$0.00,0,0.00%,$0.00,$0.00,,,,
Westbriar Elementary,5/14/2025,30031,Strawberry Chex Mix(Package),0,0,0,15,15,0,15,$6.75,0,0.00%,$0.00,$6.75,0,0.00%,$0.00,$6.75,,,,
Westbriar Elementary,5/14/2025,30039,Cherry Flavored Dried Cranberries(Each),49,0,49,50,48,0,48,$11.52,0,0.00%,$0.00,$11.52,2,4.00%,$0.48,$12.00,,,,
Westbriar Elementary,5/14/2025,30077,Italian Dressing(1 ounce),50,0,50,60,55,0,55,$4.40,5,8.33%,$0.40,$4.80,0,0.00%,$0.00,$4.80,,,,
Westbriar Elementary,5/14/2025,30094,Doritos Wild White Nacho Flavored Tortilla Chips(Bag),0,0,0,139,139,0,139,$48.65,0,0.00%,$0.00,$48.65,0,0.00%,$0.00,$48.65,,,,
Westbriar Elementary,5/14/2025,30097,Bottled Water(Bottle),0,0,0,10,10,0,10,$1.60,0,0.00%,$0.00,$1.60,0,0.00%,$0.00,$1.60,,,,
Westbriar Elementary,5/14/2025,30099,Chickpeas(1/4 cup),53,0,53,50,48,0,48,$4.32,2,4.00%,$0.18,$4.50,0,0.00%,$0.00,$4.50,,,,
Westbriar Elementary,5/14/2025,30107,Ranch Dressing(1 ounce),157,0,157,150,147,0,147,$16.17,3,2.00%,$0.33,$16.50,0,0.00%,$0.00,$16.50,,,,
Westbriar Elementary,5/14/2025,60035,PB&J Power Pack(Power Packs),37,0,37,65,61,0,61,$65.88,0,0.00%,$0.00,$65.88,4,6.15%,$4.32,$70.20,,,,
Westbriar Elementary,5/14/2025,60038,Peach Yogurt Power Pack(Power Packs),4,0,4,50,48,0,48,$38.40,0,0.00%,$0.00,$38.40,2,4.00%,$1.60,$40.00,,,,
Westbriar Elementary,5/14/2025,60047,Chicken Tenders(3 tenders),0,0,0,0,0,0,0,$0.00,0,0.00%,$0.00,$0.00,0,0.00%,$0.00,$0.00,,,,
Westbriar Elementary,5/14/2025,60050,Chickenless Bites(4 Bites),0,0,0,0,0,0,0,$0.00,0,0.00%,$0.00,$0.00,0,0.00%,$0.00,$0.00,,,,
Westbriar Elementary,5/14/2025,60063,Chicken & Vegetable Dumplings(6 dumplings),120,0,120,194,181,10,191,$0.00,3,1.55%,$0.00,$0.00,0,0.00%,$0.00,$0.00,,,,
Westbriar Elementary,5/14/2025,60077,Manager's Vegetable Choice(1/4 cup),124,0,124,120,117,0,117,$0.00,3,2.50%,$0.00,$0.00,0,0.00%,$0.00,$0.00,,,,
Westbriar Elementary,5/14/2025,60101,Chickpeas - salad bar entree(1/2 cup),50,0,50,80,68,0,68,$12.24,12,15.00%,$2.16,$14.40,0,0.00%,$0.00,$14.40,,,,
Westgate Elementary,5/14/2025,10033,Chocolate Chip Cookie(1/2 Cookie),0,0,0,6,4,0,4,$0.56,2,33.33%,$0.28,$0.84,0,0.00%,$0.00,$0.84,,,,
Westgate Elementary,5/14/2025,10044,Soft Pretzel(1 pretzel),16,0,16,30,17,0,17,$3.74,0,0.00%,$0.00,$3.74,13,43.33%,$2.86,$6.60,,,,
Westgate Elementary,5/14/2025,10062,Corn(1/2 cup (cooked)),0,0,0,64,62,0,62,$13.02,0,0.00%,$0.00,$13.02,2,3.13%,$0.42,$13.44,,,,
Westgate Elementary,5/14/2025,10070,Orange Sauce(ounce),75,0,75,45,13,0,13,$1.82,0,0.00%,$0.00,$1.82,32,71.11%,$4.48,$6.30,,,,
Westgate Elementary,5/14/2025,20001,1% White Milk(Each),37,0,37,68,42,0,42,$15.12,0,0.00%,$0.00,$15.12,26,38.24%,$9.36,$24.48,,,,
Westgate Elementary,5/14/2025,20002,Fat Free Chocolate Milk(Each),163,0,163,184,134,0,134,$46.90,0,0.00%,$0.00,$46.90,50,27.17%,$17.50,$64.40,,,,
Westgate Elementary,5/14/2025,20008,Apple Slices(3 slices per 1/4 cup),0,0,0,240,222,0,222,$130.98,0,0.00%,$0.00,$130.98,18,7.50%,$10.62,$141.60,,,,
Westgate Elementary,5/14/2025,20013,Gala Apple(Each),0,0,0,40,37,0,37,$13.69,0,0.00%,$0.00,$13.69,3,7.50%,$1.11,$14.80,,,,
Westgate Elementary,5/14/2025,20014,Red Delicious Apple(Each - serving),18,0,18,16,16,0,16,$5.28,0,0.00%,$0.00,$5.28,0,0.00%,$0.00,$5.28,,,,
Westgate Elementary,5/14/2025,20016,String Cheese(Each),3,0,3,5,3,0,3,$0.66,0,0.00%,$0.00,$0.66,2,40.00%,$0.44,$1.10,,,,
Westgate Elementary,5/14/2025,20017,Orange(1/4 cup),0,0,0,136,124,0,124,$21.08,0,0.00%,$0.00,$21.08,12,8.82%,$2.04,$23.12,,,,
Westgate Elementary,5/14/2025,20028,Lettuce Blend Salad Mix(1/2 cup),50,0,50,80,68,0,68,$5.44,0,0.00%,$0.00,$5.44,12,15.00%,$0.96,$6.40,,,,
Westgate Elementary,5/14/2025,20038,Fat Free White Milk(Each),10,0,10,11,4,0,4,$1.32,0,0.00%,$0.00,$1.32,7,63.64%,$2.31,$3.63,,,,
Westgate Elementary,5/14/2025,20040,Cucumber Slices(1/4 cup),0,0,0,92,74,0,74,$4.44,0,0.00%,$0.00,$4.44,18,19.57%,$1.08,$5.52,,,,
Westgate Elementary,5/14/2025,20040,Cucumber Slices(6 Slices per 1/2 cup),18,0,18,16,16,0,16,$1.92,0,0.00%,$0.00,$1.92,0,0.00%,$0.00,$1.92,,,,
Westgate Elementary,5/14/2025,20043,"Lactose Free, White Milk(Each)",2,0,2,2,2,0,2,$1.16,0,0.00%,$0.00,$1.16,0,0.00%,$0.00,$1.16,,,,
Westgate Elementary,5/14/2025,30008,Apple Juice(Each),15,0,15,20,12,0,12,$2.04,0,0.00%,$0.00,$2.04,8,40.00%,$1.36,$3.40,,,,
Westgate Elementary,5/14/2025,30009,Orange Tangerine Juice(Each),15,0,15,15,4,0,4,$0.68,0,0.00%,$0.00,$0.68,11,73.33%,$1.87,$2.55,,,,
Westgate Elementary,5/14/2025,30014,Whole Wheat Dinner Roll(Each),83,0,83,96,96,0,96,$13.44,0,0.00%,$0.00,$13.44,0,0.00%,$0.00,$13.44,,,,
Westgate Elementary,5/14/2025,30020,Applesauce(1/2 Cup),18,0,18,16,16,0,16,$3.36,0,0.00%,$0.00,$3.36,0,0.00%,$0.00,$3.36,,,,
Westgate Elementary,5/14/2025,30031,Strawberry Chex Mix(Package),12,0,12,12,6,0,6,$2.70,0,0.00%,$0.00,$2.70,6,50.00%,$2.70,$5.40,,,,
Westgate Elementary,5/14/2025,30033,Cheez-Its Crackers(Package),18,0,18,21,16,0,16,$2.88,2,9.52%,$0.36,$3.24,3,14.29%,$0.54,$3.78,,,,
Westgate Elementary,5/14/2025,30039,Cherry Flavored Dried Cranberries(Each),35,0,35,150,134,0,134,$32.16,0,0.00%,$0.00,$32.16,16,10.67%,$3.84,$36.00,,,,
Westgate Elementary,5/14/2025,30077,Italian Dressing(1 ounce),6,0,6,18,6,0,6,$0.48,0,0.00%,$0.00,$0.48,12,66.67%,$0.96,$1.44,,,,
Westgate Elementary,5/14/2025,30097,Bottled Water(Bottle),10,0,10,10,8,0,8,$1.28,0,0.00%,$0.00,$1.28,2,20.00%,$0.32,$1.60,,,,
Westgate Elementary,5/14/2025,30099,Chickpeas(1/4 cup),13,0,13,18,8,0,8,$0.72,0,0.00%,$0.00,$0.72,10,55.56%,$0.90,$1.62,,,,
Westgate Elementary,5/14/2025,30107,Ranch Dressing(1 ounce),13,0,13,24,9,0,9,$0.99,0,0.00%,$0.00,$0.99,15,62.50%,$1.65,$2.64,,,,
Westgate Elementary,5/14/2025,30109,Smartfood RF White Cheddar Popcorn(Each),40,0,40,40,33,0,33,$12.21,0,0.00%,$0.00,$12.21,7,17.50%,$2.59,$14.80,,,,
Westgate Elementary,5/14/2025,60021,Cooked  Brown Rice(1 cup cooked),0,0,0,4,4,0,4,$0.44,0,0.00%,$0.00,$0.44,0,0.00%,$0.00,$0.44,,,,
Westgate Elementary,5/14/2025,60022,Tex Mex Corn(1/2 cup),0,0,0,12,12,0,12,$5.76,0,0.00%,$0.00,$5.76,0,0.00%,$0.00,$5.76,,,,
Westgate Elementary,5/14/2025,60035,PB&J Power Pack(Power Packs),90,0,90,75,62,0,62,$66.96,0,0.00%,$0.00,$66.96,13,17.33%,$14.04,$81.00,,,,
Westgate Elementary,5/14/2025,60036,Cherry Vanilla Yogurt Power Pack(Power Packs),11,0,11,10,8,0,8,$6.40,0,0.00%,$0.00,$6.40,2,20.00%,$1.60,$8.00,,,,
Westgate Elementary,5/14/2025,60038,Peach Yogurt Power Pack(Power Packs),14,0,14,10,6,0,6,$4.80,0,0.00%,$0.00,$4.80,4,40.00%,$3.20,$8.00,,,,
Westgate Elementary,5/14/2025,60040,Grilled Cheese Sandwich(Sandwich),0,0,0,9,9,0,9,$3.78,0,0.00%,$0.00,$3.78,0,0.00%,$0.00,$3.78,,,,
Westgate Elementary,5/14/2025,60047,Chicken Tenders(3 tenders),14,0,14,15,14,1,15,$14.10,0,0.00%,$0.00,$14.10,0,0.00%,$0.00,$14.10,,,,
Westgate Elementary,5/14/2025,60050,Chickenless Bites(4 Bites),69,0,69,92,86,1,87,$66.12,0,0.00%,$0.00,$66.12,5,5.43%,$3.80,$69.92,,,,
Westgate Elementary,5/14/2025,60063,Chicken & Vegetable Dumplings(6 dumplings),75,0,75,50,44,1,45,$0.00,0,0.00%,$0.00,$0.00,5,10.00%,$0.00,$0.00,,,,
Westgate Elementary,5/14/2025,60076,"Penne Pasta with Marinara and Beef Meatballs(cup cooked pasta, 1/2c sauce, 5 meatballs)",0,0,0,60,59,0,59,$73.75,0,0.00%,$0.00,$73.75,1,1.67%,$1.25,$75.00,,,,
Westgate Elementary,5/14/2025,60099,"Parfait, Triple Berry(Parfait)",0,0,0,5,5,0,5,$3.40,0,0.00%,$0.00,$3.40,0,0.00%,$0.00,$3.40,,,,
Westgate Elementary,5/14/2025,60101,Chickpeas - salad bar entree(1/2 cup),13,0,13,16,6,0,6,$1.08,0,0.00%,$0.00,$1.08,10,62.50%,$1.80,$2.88,,,,
Westgate Elementary,5/14/2025,60162,Chicken & Biscuit Sandwich(Sandwich),0,0,0,3,3,0,3,$1.59,0,0.00%,$0.00,$1.59,0,0.00%,$0.00,$1.59,,,,
Westlawn Elementary,5/14/2025,10044,Soft Pretzel(1 pretzel),4,0,4,0,0,0,0,$0.00,0,0.00%,$0.00,$0.00,0,0.00%,$0.00,$0.00,,,,
Westlawn Elementary,5/14/2025,10070,Orange Sauce(ounce),0,0,0,100,50,0,50,$7.00,0,0.00%,$0.00,$7.00,50,50.00%,$7.00,$14.00,,,,
Westlawn Elementary,5/14/2025,20001,1% White Milk(Each),152,0,152,138,120,0,120,$43.20,0,0.00%,$0.00,$43.20,18,13.04%,$6.48,$49.68,,,,
Westlawn Elementary,5/14/2025,20002,Fat Free Chocolate Milk(Each),387,0,387,400,391,0,391,$136.85,0,0.00%,$0.00,$136.85,9,2.25%,$3.15,$140.00,,,,
Westlawn Elementary,5/14/2025,20008,Apple Slices(3 slices per 1/4 cup),0,0,0,348,318,0,318,$187.62,0,0.00%,$0.00,$187.62,30,8.62%,$17.70,$205.32,,,,
Westlawn Elementary,5/14/2025,20014,Red Delicious Apple(Each - serving),0,0,0,0,0,0,0,$0.00,0,0.00%,$0.00,$0.00,0,0.00%,$0.00,$0.00,,,,
Westlawn Elementary,5/14/2025,20018,Red Seedless Grapes(8 grapes per 1/4 cup),329,0,329,322,302,0,302,$78.52,0,0.00%,$0.00,$78.52,20,6.21%,$5.20,$83.72,,,,
Westlawn Elementary,5/14/2025,20027,Broccoli Florets(1/4 cup),61,0,61,48,48,0,48,$3.84,0,0.00%,$0.00,$3.84,0,0.00%,$0.00,$3.84,,,,
Westlawn Elementary,5/14/2025,20028,Lettuce Blend Salad Mix(1/2 cup),78,0,78,80,78,0,78,$6.24,2,2.50%,$0.16,$6.40,0,0.00%,$0.00,$6.40,,,,
Westlawn Elementary,5/14/2025,20038,Fat Free White Milk(Each),25,0,25,30,27,0,27,$8.91,0,0.00%,$0.00,$8.91,3,10.00%,$0.99,$9.90,,,,
Westlawn Elementary,5/14/2025,20040,Cucumber Slices(6 Slices per 1/2 cup),16,0,16,17,17,0,17,$2.04,0,0.00%,$0.00,$2.04,0,0.00%,$0.00,$2.04,,,,
Westlawn Elementary,5/14/2025,20043,"Lactose Free, White Milk(Each)",0,0,0,1,1,0,1,$0.58,0,0.00%,$0.00,$0.58,0,0.00%,$0.00,$0.58,,,,
Westlawn Elementary,5/14/2025,20047,Orange Slices(3 slices per 1/4 cup),0,0,0,340,340,0,340,$68.00,0,0.00%,$0.00,$68.00,0,0.00%,$0.00,$68.00,,,,
Westlawn Elementary,5/14/2025,30014,Whole Wheat Dinner Roll(Each),180,0,180,347,341,0,341,$47.74,0,0.00%,$0.00,$47.74,6,1.73%,$0.84,$48.58,,,,
Westlawn Elementary,5/14/2025,30020,Applesauce(1/2 Cup),28,0,28,27,27,0,27,$5.67,0,0.00%,$0.00,$5.67,0,0.00%,$0.00,$5.67,,,,
Westlawn Elementary,5/14/2025,30033,Cheez-Its Crackers(Package),11,0,11,17,17,0,17,$3.06,0,0.00%,$0.00,$3.06,0,0.00%,$0.00,$3.06,,,,
Westlawn Elementary,5/14/2025,30045,Watermelon Flavored Dried Cranberries(Each),32,0,32,50,34,0,34,$8.16,0,0.00%,$0.00,$8.16,16,32.00%,$3.84,$12.00,,,,
Westlawn Elementary,5/14/2025,30077,Italian Dressing(1 ounce),11,0,11,24,12,0,12,$0.96,0,0.00%,$0.00,$0.96,12,50.00%,$0.96,$1.92,,,,
Westlawn Elementary,5/14/2025,30099,Chickpeas(1/4 cup),47,0,47,60,30,0,30,$2.70,0,0.00%,$0.00,$2.70,30,50.00%,$2.70,$5.40,,,,
Westlawn Elementary,5/14/2025,30107,Ranch Dressing(1 ounce),17,0,17,24,18,0,18,$1.98,0,0.00%,$0.00,$1.98,6,25.00%,$0.66,$2.64,,,,
Westlawn Elementary,5/14/2025,60035,PB&J Power Pack(Power Packs),58,0,58,105,102,0,102,$110.16,0,0.00%,$0.00,$110.16,3,2.86%,$3.24,$113.40,,,,
Westlawn Elementary,5/14/2025,60036,Cherry Vanilla Yogurt Power Pack(Power Packs),13,0,13,15,15,0,15,$12.00,0,0.00%,$0.00,$12.00,0,0.00%,$0.00,$12.00,,,,
Westlawn Elementary,5/14/2025,60037,Strawberry & Banana Yogurt Power Pack(Power Packs),14,0,14,15,15,0,15,$12.00,0,0.00%,$0.00,$12.00,0,0.00%,$0.00,$12.00,,,,
Westlawn Elementary,5/14/2025,60038,Peach Yogurt Power Pack(Power Packs),14,0,14,15,10,0,10,$8.00,0,0.00%,$0.00,$8.00,5,33.33%,$4.00,$12.00,,,,
Westlawn Elementary,5/14/2025,60045,Cucumber Slices(1/2 cup),11,0,11,10,10,0,10,$0.80,0,0.00%,$0.00,$0.80,0,0.00%,$0.00,$0.80,,,,
Westlawn Elementary,5/14/2025,60047,Chicken Tenders(3 tenders),28,0,28,0,0,0,0,$0.00,0,0.00%,$0.00,$0.00,0,0.00%,$0.00,$0.00,,,,
Westlawn Elementary,5/14/2025,60050,Chickenless Bites(4 Bites),217,0,217,347,341,0,341,$259.16,0,0.00%,$0.00,$259.16,6,1.73%,$4.56,$263.72,,,,
Westlawn Elementary,5/14/2025,60063,Chicken & Vegetable Dumplings(6 dumplings),0,0,0,128,118,7,125,$0.00,0,0.00%,$0.00,$0.00,3,2.34%,$0.00,$0.00,,,,
Westlawn Elementary,5/14/2025,60077,Manager's Vegetable Choice(1/4 cup),121,0,121,120,116,0,116,$0.00,4,3.33%,$0.00,$0.00,0,0.00%,$0.00,$0.00,,,,
Westlawn Elementary,5/14/2025,60101,Chickpeas - salad bar entree(1/2 cup),2,0,2,0,0,0,0,$0.00,0,0.00%,$0.00,$0.00,0,0.00%,$0.00,$0.00,,,,
Weyanoke Elementary,5/14/2025,10044,Soft Pretzel(1 pretzel),20,0,20,48,48,0,48,$10.56,0,0.00%,$0.00,$10.56,0,0.00%,$0.00,$10.56,,,,
Weyanoke Elementary,5/14/2025,10058,Chicken & Vegetable Dumplings(6 dumplings),0,0,0,2,0,2,2,$0.00,0,0.00%,$0.00,$0.00,0,0.00%,$0.00,$0.00,,,,
Weyanoke Elementary,5/14/2025,10069,Bean and Cheese Pupusa(Pupusa),0,0,0,26,26,0,26,$39.00,0,0.00%,$0.00,$39.00,0,0.00%,$0.00,$39.00,,,,
Weyanoke Elementary,5/14/2025,10070,Orange Sauce(ounce),120,0,120,42,29,2,31,$4.34,0,0.00%,$0.00,$4.34,11,26.19%,$1.54,$5.88,,,,
Weyanoke Elementary,5/14/2025,10099,"Green Beans, Frozen(1/2 cup)",1,0,1,1,1,0,1,$0.28,0,0.00%,$0.00,$0.28,0,0.00%,$0.00,$0.28,,,,
Weyanoke Elementary,5/14/2025,20001,1% White Milk(Each),156,0,156,824,100,2,102,$36.72,0,0.00%,$0.00,$36.72,722,87.62%,$259.92,$296.64,,,,
Weyanoke Elementary,5/14/2025,20002,Fat Free Chocolate Milk(Each),273,0,273,499,216,0,216,$75.60,0,0.00%,$0.00,$75.60,283,56.71%,$99.05,$174.65,,,,
Weyanoke Elementary,5/14/2025,20012,Grape Tomatoes(1/4 cup),0,0,0,144,100,0,100,$26.00,0,0.00%,$0.00,$26.00,44,30.56%,$11.44,$37.44,,,,
Weyanoke Elementary,5/14/2025,20018,Red Seedless Grapes(8 grapes per 1/4 cup),241,0,241,552,368,0,368,$95.68,0,0.00%,$0.00,$95.68,184,33.33%,$47.84,$143.52,,,,
Weyanoke Elementary,5/14/2025,20023,Baby Carrots(3 baby carrots per 1/4 cup),0,0,0,96,66,0,66,$5.94,0,0.00%,$0.00,$5.94,30,31.25%,$2.70,$8.64,,,,
Weyanoke Elementary,5/14/2025,20027,Broccoli Florets(1/4 cup),48,0,48,84,44,0,44,$3.52,0,0.00%,$0.00,$3.52,40,47.62%,$3.20,$6.72,,,,
Weyanoke Elementary,5/14/2025,20028,Lettuce Blend Salad Mix(1/2 cup),211,0,211,240,225,0,225,$18.00,0,0.00%,$0.00,$18.00,15,6.25%,$1.20,$19.20,,,,
Weyanoke Elementary,5/14/2025,20031,Banana(Each),100,0,100,126,126,0,126,$26.46,0,0.00%,$0.00,$26.46,0,0.00%,$0.00,$26.46,,,,
Weyanoke Elementary,5/14/2025,20036,Celery Sticks(1/2 cup),0,0,0,30,30,0,30,$16.50,0,0.00%,$0.00,$16.50,0,0.00%,$0.00,$16.50,,,,
Weyanoke Elementary,5/14/2025,20038,Fat Free White Milk(Each),9,0,9,103,7,0,7,$2.31,0,0.00%,$0.00,$2.31,96,93.20%,$31.68,$33.99,,,,
Weyanoke Elementary,5/14/2025,20040,Cucumber Slices(1/4 cup),0,0,0,92,57,0,57,$3.42,0,0.00%,$0.00,$3.42,35,38.04%,$2.10,$5.52,,,,
Weyanoke Elementary,5/14/2025,20040,Cucumber Slices(6 Slices per 1/2 cup),36,0,36,34,32,2,34,$4.08,0,0.00%,$0.00,$4.08,0,0.00%,$0.00,$4.08,,,,
Weyanoke Elementary,5/14/2025,20043,"Lactose Free, White Milk(Each)",2,0,2,2,2,0,2,$1.16,0,0.00%,$0.00,$1.16,0,0.00%,$0.00,$1.16,,,,
Weyanoke Elementary,5/14/2025,20047,Orange Slices(3 slices per 1/4 cup),0,0,0,306,238,0,238,$47.60,0,0.00%,$0.00,$47.60,68,22.22%,$13.60,$61.20,,,,
Weyanoke Elementary,5/14/2025,20053,"Egg, Hard Boiled, Bulk pouch(Each)",0,0,0,24,24,0,24,$6.72,0,0.00%,$0.00,$6.72,0,0.00%,$0.00,$6.72,,,,
Weyanoke Elementary,5/14/2025,30011,"Salsa, Mild Canned(1.5 oz)",0,0,0,26,26,0,26,$2.60,0,0.00%,$0.00,$2.60,0,0.00%,$0.00,$2.60,,,,
Weyanoke Elementary,5/14/2025,30014,Whole Wheat Dinner Roll(Each),240,0,240,243,224,5,229,$32.06,0,0.00%,$0.00,$32.06,14,5.76%,$1.96,$34.02,,,,
Weyanoke Elementary,5/14/2025,30020,Applesauce(1/2 Cup),38,0,38,41,39,2,41,$8.61,0,0.00%,$0.00,$8.61,0,0.00%,$0.00,$8.61,,,,
Weyanoke Elementary,5/14/2025,30032,Tortilla Chips(13 chips),1,0,1,1,1,0,1,$0.16,0,0.00%,$0.00,$0.16,0,0.00%,$0.00,$0.16,,,,
Weyanoke Elementary,5/14/2025,30033,Cheez-Its Crackers(Package),36,0,36,32,32,0,32,$5.76,0,0.00%,$0.00,$5.76,0,0.00%,$0.00,$5.76,,,,
Weyanoke Elementary,5/14/2025,30046,Granola(1/4 cup),0,0,0,72,26,0,26,$5.98,0,0.00%,$0.00,$5.98,46,63.89%,$10.58,$16.56,,,,
Weyanoke Elementary,5/14/2025,30077,Italian Dressing(1 ounce),38,0,38,96,91,0,91,$7.28,0,0.00%,$0.00,$7.28,5,5.21%,$0.40,$7.68,,,,
Weyanoke Elementary,5/14/2025,30099,Chickpeas(1/4 cup),19,0,19,56,26,0,26,$2.34,0,0.00%,$0.00,$2.34,30,53.57%,$2.70,$5.04,,,,
Weyanoke Elementary,5/14/2025,30103,"Milk, Lactose Free,  Fat Free, Shelf-Stable(Each)",0,0,0,50,1,0,1,$0.48,0,0.00%,$0.00,$0.48,49,98.00%,$23.52,$24.00,,,,
Weyanoke Elementary,5/14/2025,60022,Tex Mex Corn(1/2 cup),0,0,0,18,18,0,18,$8.64,0,0.00%,$0.00,$8.64,0,0.00%,$0.00,$8.64,,,,
Weyanoke Elementary,5/14/2025,60035,PB&J Power Pack(Power Packs),30,0,30,95,95,0,95,$102.60,0,0.00%,$0.00,$102.60,0,0.00%,$0.00,$102.60,,,,
Weyanoke Elementary,5/14/2025,60036,Cherry Vanilla Yogurt Power Pack(Power Packs),0,0,0,1,1,0,1,$0.80,0,0.00%,$0.00,$0.80,0,0.00%,$0.00,$0.80,,,,
Weyanoke Elementary,5/14/2025,60037,Strawberry & Banana Yogurt Power Pack(Power Packs),10,0,10,15,2,0,2,$1.60,0,0.00%,$0.00,$1.60,13,86.67%,$10.40,$12.00,,,,
Weyanoke Elementary,5/14/2025,60038,Peach Yogurt Power Pack(Power Packs),5,0,5,56,23,0,23,$18.40,0,0.00%,$0.00,$18.40,33,58.93%,$26.40,$44.80,,,,
Weyanoke Elementary,5/14/2025,60045,Cucumber Slices(1/2 cup),5,0,5,6,6,0,6,$0.48,0,0.00%,$0.00,$0.48,0,0.00%,$0.00,$0.48,,,,
Weyanoke Elementary,5/14/2025,60047,Chicken Tenders(3 tenders),33,0,33,34,33,1,34,$31.96,0,0.00%,$0.00,$31.96,0,0.00%,$0.00,$31.96,,,,
Weyanoke Elementary,5/14/2025,60050,Chickenless Bites(4 Bites),206,0,206,209,191,4,195,$148.20,0,0.00%,$0.00,$148.20,14,6.70%,$10.64,$158.84,,,,
Weyanoke Elementary,5/14/2025,60051,Steamed Baby Carrots(1/2 cup),0,0,0,128,96,0,96,$17.28,0,0.00%,$0.00,$17.28,32,25.00%,$5.76,$23.04,,,,
Weyanoke Elementary,5/14/2025,60060,Hamburger(Sandwich),1,0,1,1,1,0,1,$0.67,0,0.00%,$0.00,$0.67,0,0.00%,$0.00,$0.67,,,,
Weyanoke Elementary,5/14/2025,60063,Chicken & Vegetable Dumplings(6 dumplings),120,0,120,38,27,2,29,$0.00,0,0.00%,$0.00,$0.00,9,23.68%,$0.00,$0.00,,,,
Weyanoke Elementary,5/14/2025,60101,Chickpeas - salad bar entree(1/2 cup),10,0,10,10,2,0,2,$0.36,0,0.00%,$0.00,$0.36,8,80.00%,$1.44,$1.80,,,,
Weyanoke Elementary,5/14/2025,60103,"Sandwich, Turkey & Cheese on Sub Roll(sandwich)",0,0,0,24,24,0,24,$21.84,0,0.00%,$0.00,$21.84,0,0.00%,$0.00,$21.84,,,,
Weyanoke Elementary,5/14/2025,60108,Chicken Tenders Sub(Sandwich),0,0,0,14,14,0,14,$17.36,0,0.00%,$0.00,$17.36,0,0.00%,$0.00,$17.36,,,,
Weyanoke Elementary,5/14/2025,60144,Tomato & Basil Lasagna(Each),0,0,0,30,17,1,18,$19.80,0,0.00%,$0.00,$19.80,12,40.00%,$13.20,$33.00,,,,
Weyanoke Elementary,5/14/2025,60148,Turkey Barbacoa Arepa(1 Arepa + #10 scoop of turkey barbacoa),0,0,0,35,3,1,4,$5.76,1,2.86%,$1.44,$7.20,30,85.71%,$43.20,$50.40,,,,
White Oaks Elementary,5/14/2025,10070,Orange Sauce(ounce),0,0,0,50,47,0,47,$6.58,3,6.00%,$0.42,$7.00,0,0.00%,$0.00,$7.00,,,,
White Oaks Elementary,5/14/2025,20001,1% White Milk(Each),35,0,35,78,46,0,46,$16.56,0,0.00%,$0.00,$16.56,32,41.03%,$11.52,$28.08,,,,
White Oaks Elementary,5/14/2025,20002,Fat Free Chocolate Milk(Each),185,0,185,209,181,0,181,$63.35,0,0.00%,$0.00,$63.35,28,13.40%,$9.80,$73.15,,,,
White Oaks Elementary,5/14/2025,20014,Red Delicious Apple(Each - serving),18,0,18,14,14,0,14,$4.62,0,0.00%,$0.00,$4.62,0,0.00%,$0.00,$4.62,,,,
White Oaks Elementary,5/14/2025,20015,Golden Delicious Apple(Each),0,0,0,140,138,0,138,$42.78,0,0.00%,$0.00,$42.78,2,1.43%,$0.62,$43.40,,,,
White Oaks Elementary,5/14/2025,20016,String Cheese(Each),0,0,0,9,9,0,9,$1.98,0,0.00%,$0.00,$1.98,0,0.00%,$0.00,$1.98,,,,
White Oaks Elementary,5/14/2025,20017,Orange(1/4 cup),0,0,0,140,140,0,140,$23.80,0,0.00%,$0.00,$23.80,0,0.00%,$0.00,$23.80,,,,
White Oaks Elementary,5/14/2025,20027,Broccoli Florets(1/4 cup),124,0,124,140,135,0,135,$10.80,5,3.57%,$0.40,$11.20,0,0.00%,$0.00,$11.20,,,,
White Oaks Elementary,5/14/2025,20028,Lettuce Blend Salad Mix(1/2 cup),139,0,139,140,140,0,140,$11.20,0,0.00%,$0.00,$11.20,0,0.00%,$0.00,$11.20,,,,
White Oaks Elementary,5/14/2025,20031,Banana(Each),0,0,0,120,117,0,117,$24.57,0,0.00%,$0.00,$24.57,3,2.50%,$0.63,$25.20,,,,
White Oaks Elementary,5/14/2025,20038,Fat Free White Milk(Each),15,0,15,40,7,0,7,$2.31,0,0.00%,$0.00,$2.31,33,82.50%,$10.89,$13.20,,,,
White Oaks Elementary,5/14/2025,20040,Cucumber Slices(1/4 cup),0,0,0,140,138,0,138,$8.28,2,1.43%,$0.12,$8.40,0,0.00%,$0.00,$8.40,,,,
White Oaks Elementary,5/14/2025,20040,Cucumber Slices(6 Slices per 1/2 cup),19,0,19,15,15,0,15,$1.80,0,0.00%,$0.00,$1.80,0,0.00%,$0.00,$1.80,,,,
White Oaks Elementary,5/14/2025,20043,"Lactose Free, White Milk(Each)",0,0,0,1,1,0,1,$0.58,0,0.00%,$0.00,$0.58,0,0.00%,$0.00,$0.58,,,,
White Oaks Elementary,5/14/2025,20052,Assorted  4 oz Yogurt(Container),0,0,0,6,6,0,6,$0.00,0,0.00%,$0.00,$0.00,0,0.00%,$0.00,$0.00,,,,
White Oaks Elementary,5/14/2025,30014,Whole Wheat Dinner Roll(Each),141,0,141,149,137,0,137,$19.18,0,0.00%,$0.00,$19.18,12,8.05%,$1.68,$20.86,,,,
White Oaks Elementary,5/14/2025,30020,Applesauce(1/2 Cup),30,0,30,29,29,0,29,$6.09,0,0.00%,$0.00,$6.09,0,0.00%,$0.00,$6.09,,,,
White Oaks Elementary,5/14/2025,30031,Strawberry Chex Mix(Package),0,0,0,54,54,0,54,$24.30,0,0.00%,$0.00,$24.30,0,0.00%,$0.00,$24.30,,,,
White Oaks Elementary,5/14/2025,30033,Cheez-Its Crackers(Package),18,0,18,54,52,0,52,$9.36,0,0.00%,$0.00,$9.36,2,3.70%,$0.36,$9.72,,,,
White Oaks Elementary,5/14/2025,30077,Italian Dressing(1 ounce),43,0,43,60,41,0,41,$3.28,0,0.00%,$0.00,$3.28,19,31.67%,$1.52,$4.80,,,,
White Oaks Elementary,5/14/2025,30097,Bottled Water(Bottle),0,0,0,20,20,0,20,$3.20,0,0.00%,$0.00,$3.20,0,0.00%,$0.00,$3.20,,,,
White Oaks Elementary,5/14/2025,30099,Chickpeas(1/4 cup),54,0,54,64,61,0,61,$5.49,3,4.69%,$0.27,$5.76,0,0.00%,$0.00,$5.76,,,,
White Oaks Elementary,5/14/2025,30107,Ranch Dressing(1 ounce),84,0,84,100,84,0,84,$9.24,0,0.00%,$0.00,$9.24,16,16.00%,$1.76,$11.00,,,,
White Oaks Elementary,5/14/2025,60035,PB&J Power Pack(Power Packs),78,0,78,80,72,0,72,$77.76,0,0.00%,$0.00,$77.76,8,10.00%,$8.64,$86.40,,,,
White Oaks Elementary,5/14/2025,60037,Strawberry & Banana Yogurt Power Pack(Power Packs),48,0,48,48,38,0,38,$30.40,0,0.00%,$0.00,$30.40,10,20.83%,$8.00,$38.40,,,,
White Oaks Elementary,5/14/2025,60040,Grilled Cheese Sandwich(Sandwich),0,0,0,22,22,0,22,$9.24,0,0.00%,$0.00,$9.24,0,0.00%,$0.00,$9.24,,,,
White Oaks Elementary,5/14/2025,60045,Cucumber Slices(1/2 cup),10,0,10,14,14,0,14,$1.12,0,0.00%,$0.00,$1.12,0,0.00%,$0.00,$1.12,,,,
White Oaks Elementary,5/14/2025,60047,Chicken Tenders(3 tenders),27,0,27,28,28,0,28,$26.32,0,0.00%,$0.00,$26.32,0,0.00%,$0.00,$26.32,,,,
White Oaks Elementary,5/14/2025,60050,Chickenless Bites(4 Bites),93,0,93,145,121,18,139,$105.64,6,4.14%,$4.56,$110.20,0,0.00%,$0.00,$110.20,,,,
White Oaks Elementary,5/14/2025,60063,Chicken & Vegetable Dumplings(6 dumplings),0,0,0,61,51,7,58,$0.00,3,4.92%,$0.00,$0.00,0,0.00%,$0.00,$0.00,,,,
White Oaks Elementary,5/14/2025,60101,Chickpeas - salad bar entree(1/2 cup),4,0,4,5,1,0,1,$0.18,4,80.00%,$0.72,$0.90,0,0.00%,$0.00,$0.90,,,,
Whitman Middle School,5/14/2025,10031,"Calzone, Cheese(Each)",0,0,0,47,41,6,47,$45.59,0,0.00%,$0.00,$45.59,0,0.00%,$0.00,$45.59,,,,
Whitman Middle School,5/14/2025,10033,Chocolate Chip Cookie(Cookie),0,0,0,106,50,0,50,$13.50,1,0.94%,$0.27,$13.77,55,51.89%,$14.85,$28.62,,,,
Whitman Middle School,5/14/2025,10044,Soft Pretzel(1 pretzel),0,0,0,3,1,0,1,$0.22,0,0.00%,$0.00,$0.22,2,66.67%,$0.44,$0.66,,,,
Whitman Middle School,5/14/2025,10069,Bean and Cheese Pupusa(Pupusa),0,0,0,4,4,0,4,$6.00,0,0.00%,$0.00,$6.00,0,0.00%,$0.00,$6.00,,,,
Whitman Middle School,5/14/2025,10070,Orange Sauce(ounce),0,0,0,31,31,0,31,$4.34,0,0.00%,$0.00,$4.34,0,0.00%,$0.00,$4.34,,,,
Whitman Middle School,5/14/2025,10088,Potato Wedges(7 pieces),0,0,0,260,230,5,235,$49.35,0,0.00%,$0.00,$49.35,25,9.62%,$5.25,$54.60,,,,
Whitman Middle School,5/14/2025,20001,1% White Milk(Each),64,0,64,157,66,1,67,$24.12,0,0.00%,$0.00,$24.12,90,57.32%,$32.40,$56.52,,,,
Whitman Middle School,5/14/2025,20002,Fat Free Chocolate Milk(Each),261,0,261,307,261,0,261,$91.35,0,0.00%,$0.00,$91.35,46,14.98%,$16.10,$107.45,,,,
Whitman Middle School,5/14/2025,20008,Apple Slices(3 slices per 1/4 cup),114,0,114,116,116,0,116,$68.44,0,0.00%,$0.00,$68.44,0,0.00%,$0.00,$68.44,,,,
Whitman Middle School,5/14/2025,20012,Grape Tomatoes(6 Tomatoes per 1/2 cup),0,0,0,72,68,4,72,$37.44,0,0.00%,$0.00,$37.44,0,0.00%,$0.00,$37.44,,,,
Whitman Middle School,5/14/2025,20014,Red Delicious Apple(Each - serving),0,0,0,140,137,3,140,$46.20,0,0.00%,$0.00,$46.20,0,0.00%,$0.00,$46.20,,,,
Whitman Middle School,5/14/2025,20016,String Cheese(Each),0,0,0,4,0,0,0,$0.00,0,0.00%,$0.00,$0.00,4,100.00%,$0.00,$0.00,,,,
Whitman Middle School,5/14/2025,20017,Orange(1/4 cup),0,0,0,138,133,5,138,$23.46,0,0.00%,$0.00,$23.46,0,0.00%,$0.00,$23.46,,,,
Whitman Middle School,5/14/2025,20027,Broccoli Florets(1/4 cup),79,0,79,84,78,6,84,$6.72,0,0.00%,$0.00,$6.72,0,0.00%,$0.00,$6.72,,,,
Whitman Middle School,5/14/2025,20028,Lettuce Blend Salad Mix(1/2 cup),477,0,477,480,472,8,480,$38.40,0,0.00%,$0.00,$38.40,0,0.00%,$0.00,$38.40,,,,
Whitman Middle School,5/14/2025,20031,Banana(Each),95,0,95,110,105,5,110,$23.10,0,0.00%,$0.00,$23.10,0,0.00%,$0.00,$23.10,,,,
Whitman Middle School,5/14/2025,20038,Fat Free White Milk(Each),22,0,22,124,30,0,30,$9.90,0,0.00%,$0.00,$9.90,94,75.81%,$31.02,$40.92,,,,
Whitman Middle School,5/14/2025,20040,Cucumber Slices(1/4 cup),0,0,0,92,84,5,89,$5.34,0,0.00%,$0.00,$5.34,3,3.26%,$0.18,$5.52,,,,
Whitman Middle School,5/14/2025,20052,Assorted  4 oz Yogurt(Container),0,0,0,3,0,0,0,$0.00,0,0.00%,$0.00,$0.00,3,100.00%,$0.00,$0.00,,,,
Whitman Middle School,5/14/2025,20077,"Peppers, red, pre-sliced(1/2 cup sliced)",0,0,0,70,60,5,65,$36.40,0,0.00%,$0.00,$36.40,5,7.14%,$2.80,$39.20,,,,
Whitman Middle School,5/14/2025,30008,Apple Juice(Each),0,0,0,3,0,0,0,$0.00,0,0.00%,$0.00,$0.00,3,100.00%,$0.00,$0.00,,,,
Whitman Middle School,5/14/2025,30009,Orange Tangerine Juice(Each),0,0,0,3,0,0,0,$0.00,0,0.00%,$0.00,$0.00,3,100.00%,$0.00,$0.00,,,,
Whitman Middle School,5/14/2025,30014,Whole Wheat Dinner Roll(2 rolls),0,0,0,185,174,0,174,$48.72,0,0.00%,$0.00,$48.72,11,5.95%,$3.08,$51.80,,,,
Whitman Middle School,5/14/2025,30033,Cheez-Its Crackers(Package),0,0,0,3,0,0,0,$0.00,0,0.00%,$0.00,$0.00,3,100.00%,$0.00,$0.00,,,,
Whitman Middle School,5/14/2025,30044,Strawberry Flavored Dried Cranberries(Each),36,0,36,50,40,0,40,$9.60,0,0.00%,$0.00,$9.60,10,20.00%,$2.40,$12.00,,,,
Whitman Middle School,5/14/2025,30063,Ketchup Packet(Packet),378,0,378,350,325,5,330,$9.90,0,0.00%,$0.00,$9.90,20,5.71%,$0.60,$10.50,,,,
Whitman Middle School,5/14/2025,30064,Mayonnaise Packet(Packet),103,0,103,150,137,3,140,$14.00,0,0.00%,$0.00,$14.00,10,6.67%,$1.00,$15.00,,,,
Whitman Middle School,5/14/2025,30065,Mustard Packet(Packet),86,0,86,100,78,2,80,$4.00,0,0.00%,$0.00,$4.00,20,20.00%,$1.00,$5.00,,,,
Whitman Middle School,5/14/2025,30077,Italian Dressing(1 ounce),64,0,64,100,74,6,80,$6.40,0,0.00%,$0.00,$6.40,20,20.00%,$1.60,$8.00,,,,
Whitman Middle School,5/14/2025,30094,Doritos Wild White Nacho Flavored Tortilla Chips(Bag),0,0,0,14,5,0,5,$1.75,0,0.00%,$0.00,$1.75,9,64.29%,$3.15,$4.90,,,,
Whitman Middle School,5/14/2025,30097,Bottled Water(Bottle),0,0,0,19,12,0,12,$1.92,0,0.00%,$0.00,$1.92,7,36.84%,$1.12,$3.04,,,,
Whitman Middle School,5/14/2025,30098,Wheat Thins(Package),0,0,0,12,2,0,2,$0.94,0,0.00%,$0.00,$0.94,10,83.33%,$4.70,$5.64,,,,
Whitman Middle School,5/14/2025,30099,Chickpeas(1/2 cup),42,0,42,32,26,3,29,$5.22,0,0.00%,$0.00,$5.22,3,9.38%,$0.54,$5.76,,,,
Whitman Middle School,5/14/2025,30107,Ranch Dressing(1 ounce),65,0,65,144,132,7,139,$15.29,0,0.00%,$0.00,$15.29,5,3.47%,$0.55,$15.84,,,,
Whitman Middle School,5/14/2025,60007,Cheeseburger(Sandwich),0,0,0,7,7,0,7,$5.11,0,0.00%,$0.00,$5.11,0,0.00%,$0.00,$5.11,,,,
Whitman Middle School,5/14/2025,60035,PB&J Power Pack(Power Packs),55,0,55,91,91,0,91,$98.28,0,0.00%,$0.00,$98.28,0,0.00%,$0.00,$98.28,,,,
Whitman Middle School,5/14/2025,60036,Cherry Vanilla Yogurt Power Pack(Power Packs),2,0,2,4,2,0,2,$1.60,0,0.00%,$0.00,$1.60,2,50.00%,$1.60,$3.20,,,,
Whitman Middle School,5/14/2025,60037,Strawberry & Banana Yogurt Power Pack(Power Packs),3,0,3,4,1,0,1,$0.80,0,0.00%,$0.00,$0.80,3,75.00%,$2.40,$3.20,,,,
Whitman Middle School,5/14/2025,60038,Peach Yogurt Power Pack(Power Packs),2,0,2,4,1,0,1,$0.80,0,0.00%,$0.00,$0.80,3,75.00%,$2.40,$3.20,,,,
Whitman Middle School,5/14/2025,60040,Grilled Cheese Sandwich(Sandwich),36,0,36,13,13,0,13,$5.46,0,0.00%,$0.00,$5.46,0,0.00%,$0.00,$5.46,,,,
Whitman Middle School,5/14/2025,60041,Turkey Pepperoni Pizza(1.37 oz),0,0,0,29,27,2,29,$19.72,0,0.00%,$0.00,$19.72,0,0.00%,$0.00,$19.72,,,,
Whitman Middle School,5/14/2025,60050,Chickenless Bites(4 Bites),166,0,166,185,174,2,176,$133.76,0,0.00%,$0.00,$133.76,9,4.86%,$6.84,$140.60,,,,
Whitman Middle School,5/14/2025,60063,Chicken & Vegetable Dumplings(6 dumplings),72,0,72,31,31,0,31,$0.00,0,0.00%,$0.00,$0.00,0,0.00%,$0.00,$0.00,,,,
Whitman Middle School,5/14/2025,60075,Spicy Chicken Wrap(Wrap),8,0,8,3,3,0,3,$3.51,0,0.00%,$0.00,$3.51,0,0.00%,$0.00,$3.51,,,,
Whitman Middle School,5/14/2025,60077,Manager's Vegetable Choice(1/2 cup),156,0,156,144,138,6,144,$0.00,0,0.00%,$0.00,$0.00,0,0.00%,$0.00,$0.00,,,,
Whitman Middle School,5/14/2025,60078,Nachos with Turkey Barbacoa and Cheese Sauce(Serving),0,0,0,99,77,0,77,$102.41,0,0.00%,$0.00,$102.41,22,22.22%,$29.26,$131.67,,,,
Whitman Middle School,5/14/2025,60080,Cheese Pizza(Slice),0,0,0,5,5,0,5,$2.85,0,0.00%,$0.00,$2.85,0,0.00%,$0.00,$2.85,,,,
Whitman Middle School,5/14/2025,60101,Chickpeas - salad bar entree(1/2 cup),0,0,0,3,0,1,1,$0.00,0,0.00%,$0.00,$0.00,2,66.67%,$0.00,$0.00,,,,
Whitman Middle School,5/14/2025,60124,Nachos with Cheese Sauce(Serving),0,0,0,56,56,0,56,$43.12,0,0.00%,$0.00,$43.12,0,0.00%,$0.00,$43.12,,,,
Whitman Middle School,5/14/2025,60148,Turkey Barbacoa Arepa(1 Arepa + #10 scoop of turkey barbacoa),0,0,0,40,39,1,40,$57.60,0,0.00%,$0.00,$57.60,0,0.00%,$0.00,$57.60,,,,
Whitman Middle School,5/14/2025,60150,Strawberry Parfait Power Pack(Power Pack),0,0,0,3,1,1,2,$3.26,0,0.00%,$0.00,$3.26,1,33.33%,$1.63,$4.89,,,,
Willow Springs Elementary,5/14/2025,10020,Bagel(Bagel),0,0,0,16,16,0,16,$5.12,0,0.00%,$0.00,$5.12,0,0.00%,$0.00,$5.12,,,,
Willow Springs Elementary,5/14/2025,10027,"Bread, Loco(1/2 piece)",0,0,0,48,45,1,46,$6.90,0,0.00%,$0.00,$6.90,2,4.17%,$0.30,$7.20,,,,
Willow Springs Elementary,5/14/2025,10044,Soft Pretzel(1 pretzel),16,0,16,30,30,0,30,$6.60,0,0.00%,$0.00,$6.60,0,0.00%,$0.00,$6.60,,,,
Willow Springs Elementary,5/14/2025,10067,Roasted Plantains(3 Slices),0,0,0,15,14,1,15,$5.10,0,0.00%,$0.00,$5.10,0,0.00%,$0.00,$5.10,,,,
Willow Springs Elementary,5/14/2025,10069,Bean and Cheese Pupusa(Pupusa),0,0,0,10,9,1,10,$15.00,0,0.00%,$0.00,$15.00,0,0.00%,$0.00,$15.00,,,,
Willow Springs Elementary,5/14/2025,10073,Whole Strawberries(1/2 cup thawed),0,0,0,96,94,2,96,$32.64,0,0.00%,$0.00,$32.64,0,0.00%,$0.00,$32.64,,,,
Willow Springs Elementary,5/14/2025,10088,Potato Wedges(4 pieces),0,0,0,48,47,1,48,$4.80,0,0.00%,$0.00,$4.80,0,0.00%,$0.00,$4.80,,,,
Willow Springs Elementary,5/14/2025,20001,1% White Milk(Each),19,0,19,79,32,2,34,$12.24,0,0.00%,$0.00,$12.24,45,56.96%,$16.20,$28.44,,,,
Willow Springs Elementary,5/14/2025,20002,Fat Free Chocolate Milk(Each),133,0,133,443,197,4,201,$70.35,2,0.45%,$0.70,$71.05,240,54.18%,$84.00,$155.05,,,,
Willow Springs Elementary,5/14/2025,20008,Apple Slices(3 slices per 1/4 cup),0,0,0,44,42,2,44,$25.96,0,0.00%,$0.00,$25.96,0,0.00%,$0.00,$25.96,,,,
Willow Springs Elementary,5/14/2025,20014,Red Delicious Apple(Each - serving),0,0,0,48,40,2,42,$13.86,0,0.00%,$0.00,$13.86,6,12.50%,$1.98,$15.84,,,,
Willow Springs Elementary,5/14/2025,20016,String Cheese(Each),0,0,0,7,7,0,7,$1.54,0,0.00%,$0.00,$1.54,0,0.00%,$0.00,$1.54,,,,
Willow Springs Elementary,5/14/2025,20017,Orange(1/4 cup),0,0,0,90,83,2,85,$14.45,0,0.00%,$0.00,$14.45,5,5.56%,$0.85,$15.30,,,,
Willow Springs Elementary,5/14/2025,20018,Red Seedless Grapes(16 grapes per 1/2 cup),0,0,0,38,36,2,38,$19.38,0,0.00%,$0.00,$19.38,0,0.00%,$0.00,$19.38,,,,
Willow Springs Elementary,5/14/2025,20023,Baby Carrots(3 baby carrots per 1/4 cup),0,0,0,38,36,2,38,$3.42,0,0.00%,$0.00,$3.42,0,0.00%,$0.00,$3.42,,,,
Willow Springs Elementary,5/14/2025,20028,Lettuce Blend Salad Mix(1/2 cup),114,0,114,142,138,2,140,$11.20,0,0.00%,$0.00,$11.20,2,1.41%,$0.16,$11.36,,,,
Willow Springs Elementary,5/14/2025,20030,Sour Cream(2 Tablespoons),0,0,0,32,30,2,32,$4.80,0,0.00%,$0.00,$4.80,0,0.00%,$0.00,$4.80,,,,
Willow Springs Elementary,5/14/2025,20031,Banana(Each),69,0,69,20,19,1,20,$4.20,0,0.00%,$0.00,$4.20,0,0.00%,$0.00,$4.20,,,,
Willow Springs Elementary,5/14/2025,20038,Fat Free White Milk(Each),84,0,84,29,7,2,9,$2.97,0,0.00%,$0.00,$2.97,20,68.97%,$6.60,$9.57,,,,
Willow Springs Elementary,5/14/2025,20040,Cucumber Slices(1/4 cup),0,0,0,80,78,2,80,$4.80,0,0.00%,$0.00,$4.80,0,0.00%,$0.00,$4.80,,,,
Willow Springs Elementary,5/14/2025,20052,Assorted  4 oz Yogurt(Container),0,0,0,15,15,0,15,$0.00,0,0.00%,$0.00,$0.00,0,0.00%,$0.00,$0.00,,,,
Willow Springs Elementary,5/14/2025,20076,"Peppers, green, pre-sliced(1/2 cup sliced)",0,0,0,45,33,2,35,$10.50,10,22.22%,$3.00,$13.50,0,0.00%,$0.00,$13.50,,,,
Willow Springs Elementary,5/14/2025,30008,Apple Juice(Each),0,0,0,3,3,0,3,$0.51,0,0.00%,$0.00,$0.51,0,0.00%,$0.00,$0.51,,,,
Willow Springs Elementary,5/14/2025,30009,Orange Tangerine Juice(Each),0,0,0,2,2,0,2,$0.34,0,0.00%,$0.00,$0.34,0,0.00%,$0.00,$0.34,,,,
Willow Springs Elementary,5/14/2025,30011,"Salsa, Mild Canned(1.5 oz)",0,0,0,30,20,2,22,$2.20,0,0.00%,$0.00,$2.20,8,26.67%,$0.80,$3.00,,,,
Willow Springs Elementary,5/14/2025,30014,Whole Wheat Dinner Roll(Each),85,0,85,80,78,1,79,$11.06,1,1.25%,$0.14,$11.20,0,0.00%,$0.00,$11.20,,,,
Willow Springs Elementary,5/14/2025,30024,Black Beans(1/2 Cup),0,0,0,48,41,2,43,$7.31,5,10.42%,$0.85,$8.16,0,0.00%,$0.00,$8.16,,,,
Willow Springs Elementary,5/14/2025,30031,Strawberry Chex Mix(Package),0,0,0,55,55,0,55,$24.75,0,0.00%,$0.00,$24.75,0,0.00%,$0.00,$24.75,,,,
Willow Springs Elementary,5/14/2025,30044,Strawberry Flavored Dried Cranberries(Each),43,0,43,80,77,2,79,$18.96,1,1.25%,$0.24,$19.20,0,0.00%,$0.00,$19.20,,,,
Willow Springs Elementary,5/14/2025,30063,Ketchup Packet(Packet),260,0,260,200,162,2,164,$4.92,0,0.00%,$0.00,$4.92,36,18.00%,$1.08,$6.00,,,,
Willow Springs Elementary,5/14/2025,30065,Mustard Packet(Packet),29,0,29,20,14,1,15,$0.75,0,0.00%,$0.00,$0.75,5,25.00%,$0.25,$1.00,,,,
Willow Springs Elementary,5/14/2025,30077,Italian Dressing(1 ounce),7,0,7,30,24,2,26,$2.08,0,0.00%,$0.00,$2.08,4,13.33%,$0.32,$2.40,,,,
Willow Springs Elementary,5/14/2025,30078,"Sauce, BBQ, HFCS-Free, Bulk, Low-Sodium(2 TBSP)",0,0,0,60,54,2,56,$5.60,0,0.00%,$0.00,$5.60,4,6.67%,$0.40,$6.00,,,,
Willow Springs Elementary,5/14/2025,30097,Bottled Water(Bottle),0,0,0,19,19,0,19,$3.04,0,0.00%,$0.00,$3.04,0,0.00%,$0.00,$3.04,,,,
Willow Springs Elementary,5/14/2025,30107,Ranch Dressing(1 ounce),101,0,101,120,114,2,116,$12.76,0,0.00%,$0.00,$12.76,4,3.33%,$0.44,$13.20,,,,
Willow Springs Elementary,5/14/2025,30176,"Applesauce, IW, Cinnamon. Unsweetened, Shelf-Stable (SUB)(Each)",0,0,0,32,32,0,32,$8.64,0,0.00%,$0.00,$8.64,0,0.00%,$0.00,$8.64,,,,
Willow Springs Elementary,5/14/2025,60018,Cheese Quesadilla(Quesadilla),0,0,0,12,11,1,12,$8.28,0,0.00%,$0.00,$8.28,0,0.00%,$0.00,$8.28,,,,
Willow Springs Elementary,5/14/2025,60035,PB&J Power Pack(Power Packs),49,0,49,70,65,1,66,$71.28,0,0.00%,$0.00,$71.28,4,5.71%,$4.32,$75.60,,,,
Willow Springs Elementary,5/14/2025,60037,Strawberry & Banana Yogurt Power Pack(Power Packs),12,0,12,18,14,1,15,$12.00,0,0.00%,$0.00,$12.00,3,16.67%,$2.40,$14.40,,,,
Willow Springs Elementary,5/14/2025,60047,Chicken Tenders(3 tenders),0,0,0,48,45,3,48,$45.12,0,0.00%,$0.00,$45.12,0,0.00%,$0.00,$45.12,,,,
Willow Springs Elementary,5/14/2025,60064,Vegetable Dumpling(6 dumplings),0,0,0,50,48,1,49,$0.00,1,2.00%,$0.00,$0.00,0,0.00%,$0.00,$0.00,,,,
Willow Springs Elementary,5/14/2025,60077,Manager's Vegetable Choice(1/4 cup),14,0,14,16,14,2,16,$0.00,0,0.00%,$0.00,$0.00,0,0.00%,$0.00,$0.00,,,,
Willow Springs Elementary,5/14/2025,60096,Strawberry Parfait(Parfait),0,0,0,5,5,0,5,$4.95,0,0.00%,$0.00,$4.95,0,0.00%,$0.00,$4.95,,,,
Willow Springs Elementary,5/14/2025,60121,"Sauce, Spicy Mayo(tbsp)",0,0,0,60,50,2,52,$4.68,0,0.00%,$0.00,$4.68,8,13.33%,$0.72,$5.40,,,,
Willow Springs Elementary,5/14/2025,60123,Tomato Soup(8 oz Ladle),0,0,0,60,54,2,56,$39.76,4,6.67%,$2.84,$42.60,0,0.00%,$0.00,$42.60,,,,
Willow Springs Elementary,5/14/2025,60156,"Taco, Turkey Barbacoa, Loco Bread(2 Tacos)",0,0,0,40,39,1,40,$45.60,0,0.00%,$0.00,$45.60,0,0.00%,$0.00,$45.60,,,,
Willow Springs Elementary,5/14/2025,60173,BBQ Chickenless Bites(4 bites),0,0,0,96,94,1,95,$80.75,1,1.04%,$0.85,$81.60,0,0.00%,$0.00,$81.60,,,,
Wolftrap Elementary,5/14/2025,10015,Baked Cheese Sticks(2 Cheese Sticks),0,0,0,96,96,0,96,$63.36,0,0.00%,$0.00,$63.36,0,0.00%,$0.00,$63.36,,,,
Wolftrap Elementary,5/14/2025,10033,Chocolate Chip Cookie(1/2 Cookie),0,0,0,58,58,0,58,$8.12,0,0.00%,$0.00,$8.12,0,0.00%,$0.00,$8.12,,,,
Wolftrap Elementary,5/14/2025,10044,Soft Pretzel(1 pretzel),60,0,60,53,49,0,49,$10.78,4,7.55%,$0.88,$11.66,0,0.00%,$0.00,$11.66,,,,
Wolftrap Elementary,5/14/2025,10070,Orange Sauce(ounce),0,0,0,20,16,0,16,$2.24,4,20.00%,$0.56,$2.80,0,0.00%,$0.00,$2.80,,,,
Wolftrap Elementary,5/14/2025,20001,1% White Milk(Each),33,0,33,28,18,0,18,$6.48,0,0.00%,$0.00,$6.48,10,35.71%,$3.60,$10.08,,,,
Wolftrap Elementary,5/14/2025,20002,Fat Free Chocolate Milk(Each),127,0,127,150,112,0,112,$39.20,0,0.00%,$0.00,$39.20,38,25.33%,$13.30,$52.50,,,,
Wolftrap Elementary,5/14/2025,20013,Gala Apple(Each),0,0,0,52,52,0,52,$19.24,0,0.00%,$0.00,$19.24,0,0.00%,$0.00,$19.24,,,,
Wolftrap Elementary,5/14/2025,20016,String Cheese(Each),8,0,8,10,6,0,6,$1.32,0,0.00%,$0.00,$1.32,4,40.00%,$0.88,$2.20,,,,
Wolftrap Elementary,5/14/2025,20027,Broccoli Florets(1/4 cup),48,0,48,42,39,0,39,$3.12,3,7.14%,$0.24,$3.36,0,0.00%,$0.00,$3.36,,,,
Wolftrap Elementary,5/14/2025,20028,Lettuce Blend Salad Mix(1/2 cup),60,0,60,60,60,0,60,$4.80,0,0.00%,$0.00,$4.80,0,0.00%,$0.00,$4.80,,,,
Wolftrap Elementary,5/14/2025,20031,Banana(Each),0,0,0,50,47,0,47,$9.87,3,6.00%,$0.63,$10.50,0,0.00%,$0.00,$10.50,,,,
Wolftrap Elementary,5/14/2025,20038,Fat Free White Milk(Each),16,0,16,25,10,0,10,$3.30,0,0.00%,$0.00,$3.30,15,60.00%,$4.95,$8.25,,,,
Wolftrap Elementary,5/14/2025,20040,Cucumber Slices(1/4 cup),0,0,0,46,41,0,41,$2.46,5,10.87%,$0.30,$2.76,0,0.00%,$0.00,$2.76,,,,
Wolftrap Elementary,5/14/2025,20040,Cucumber Slices(6 Slices per 1/2 cup),4,0,4,3,3,0,3,$0.36,0,0.00%,$0.00,$0.36,0,0.00%,$0.00,$0.36,,,,
Wolftrap Elementary,5/14/2025,20052,Assorted  4 oz Yogurt(Container),20,0,20,25,13,0,13,$0.00,0,0.00%,$0.00,$0.00,12,48.00%,$0.00,$0.00,,,,
Wolftrap Elementary,5/14/2025,30008,Apple Juice(Each),39,0,39,40,34,0,34,$5.78,3,7.50%,$0.51,$6.29,3,7.50%,$0.51,$6.80,,,,
Wolftrap Elementary,5/14/2025,30009,Orange Tangerine Juice(Each),17,0,17,25,15,0,15,$2.55,3,12.00%,$0.51,$3.06,7,28.00%,$1.19,$4.25,,,,
Wolftrap Elementary,5/14/2025,30020,Applesauce(1/2 Cup),4,0,4,3,3,0,3,$0.63,0,0.00%,$0.00,$0.63,0,0.00%,$0.00,$0.63,,,,
Wolftrap Elementary,5/14/2025,30020,Applesauce(1/4 cup),0,0,0,38,23,0,23,$2.53,0,0.00%,$0.00,$2.53,15,39.47%,$1.65,$4.18,,,,
Wolftrap Elementary,5/14/2025,30024,Black Beans(1/2 Cup),0,0,0,33,30,0,30,$5.10,3,9.09%,$0.51,$5.61,0,0.00%,$0.00,$5.61,,,,
Wolftrap Elementary,5/14/2025,30031,Strawberry Chex Mix(Package),18,0,18,20,11,0,11,$4.95,0,0.00%,$0.00,$4.95,9,45.00%,$4.05,$9.00,,,,
Wolftrap Elementary,5/14/2025,30033,Cheez-Its Crackers(Package),0,0,0,30,22,0,22,$3.96,0,0.00%,$0.00,$3.96,8,26.67%,$1.44,$5.40,,,,
Wolftrap Elementary,5/14/2025,30041,Orange Flavored Dried Cranberries(Each),23,0,23,25,10,0,10,$2.40,0,0.00%,$0.00,$2.40,15,60.00%,$3.60,$6.00,,,,
Wolftrap Elementary,5/14/2025,30043,Raspberry Lemonade Flavored Dried Cranberries(Each),22,0,22,25,13,0,13,$3.12,0,0.00%,$0.00,$3.12,12,48.00%,$2.88,$6.00,,,,
Wolftrap Elementary,5/14/2025,30045,Watermelon Flavored Dried Cranberries(Each),20,0,20,25,15,0,15,$3.60,0,0.00%,$0.00,$3.60,10,40.00%,$2.40,$6.00,,,,
Wolftrap Elementary,5/14/2025,30077,Italian Dressing(1 ounce),20,0,20,24,20,0,20,$1.60,4,16.67%,$0.32,$1.92,0,0.00%,$0.00,$1.92,,,,
Wolftrap Elementary,5/14/2025,30094,Doritos Wild White Nacho Flavored Tortilla Chips(Bag),0,0,0,72,68,0,68,$23.80,2,2.78%,$0.70,$24.50,2,2.78%,$0.70,$25.20,,,,
Wolftrap Elementary,5/14/2025,30097,Bottled Water(Bottle),18,0,18,30,12,0,12,$1.92,4,13.33%,$0.64,$2.56,14,46.67%,$2.24,$4.80,,,,
Wolftrap Elementary,5/14/2025,30107,Ranch Dressing(1 ounce),20,0,20,24,20,0,20,$2.20,4,16.67%,$0.44,$2.64,0,0.00%,$0.00,$2.64,,,,
Wolftrap Elementary,5/14/2025,30109,Smartfood RF White Cheddar Popcorn(Each),23,0,23,40,33,0,33,$12.21,0,0.00%,$0.00,$12.21,7,17.50%,$2.59,$14.80,,,,
Wolftrap Elementary,5/14/2025,60021,Cooked  Brown Rice(1 cup cooked),0,0,0,56,56,0,56,$6.16,0,0.00%,$0.00,$6.16,0,0.00%,$0.00,$6.16,,,,
Wolftrap Elementary,5/14/2025,60035,PB&J Power Pack(Power Packs),35,0,35,50,40,0,40,$43.20,0,0.00%,$0.00,$43.20,10,20.00%,$10.80,$54.00,,,,
Wolftrap Elementary,5/14/2025,60036,Cherry Vanilla Yogurt Power Pack(Power Packs),9,0,9,20,8,0,8,$6.40,0,0.00%,$0.00,$6.40,12,60.00%,$9.60,$16.00,,,,
Wolftrap Elementary,5/14/2025,60038,Peach Yogurt Power Pack(Power Packs),1,0,1,0,0,0,0,$0.00,0,0.00%,$0.00,$0.00,0,0.00%,$0.00,$0.00,,,,
Wolftrap Elementary,5/14/2025,60050,Chickenless Bites(4 Bites),56,0,56,63,59,0,59,$44.84,4,6.35%,$3.04,$47.88,0,0.00%,$0.00,$47.88,,,,
Wolftrap Elementary,5/14/2025,60064,Vegetable Dumpling(6 dumplings),0,0,0,20,16,0,16,$0.00,4,20.00%,$0.00,$0.00,0,0.00%,$0.00,$0.00,,,,
Woodburn Elementary,5/14/2025,10033,Chocolate Chip Cookie(Cookie),0,0,0,15,0,15,15,$0.00,0,0.00%,$0.00,$0.00,0,0.00%,$0.00,$0.00,,,,
Woodburn Elementary,5/14/2025,10044,Soft Pretzel(1 pretzel),0,0,0,2,0,2,2,$0.00,0,0.00%,$0.00,$0.00,0,0.00%,$0.00,$0.00,,,,
Woodburn Elementary,5/14/2025,10069,Bean and Cheese Pupusa(Pupusa),0,0,0,23,23,0,23,$34.50,0,0.00%,$0.00,$34.50,0,0.00%,$0.00,$34.50,,,,
Woodburn Elementary,5/14/2025,10070,Orange Sauce(ounce),50,0,50,42,37,0,37,$5.18,2,4.76%,$0.28,$5.46,3,7.14%,$0.42,$5.88,,,,
Woodburn Elementary,5/14/2025,20001,1% White Milk(Each),63,0,63,62,44,0,44,$15.84,0,0.00%,$0.00,$15.84,18,29.03%,$6.48,$22.32,,,,
Woodburn Elementary,5/14/2025,20002,Fat Free Chocolate Milk(Each),250,0,250,252,222,2,224,$78.40,0,0.00%,$0.00,$78.40,28,11.11%,$9.80,$88.20,,,,
Woodburn Elementary,5/14/2025,20014,Red Delicious Apple(Each - serving),12,0,12,11,11,0,11,$3.63,0,0.00%,$0.00,$3.63,0,0.00%,$0.00,$3.63,,,,
Woodburn Elementary,5/14/2025,20023,Baby Carrots(3 baby carrots per 1/4 cup),0,0,0,336,139,0,139,$12.51,5,1.49%,$0.45,$12.96,192,57.14%,$17.28,$30.24,,,,
Woodburn Elementary,5/14/2025,20028,Lettuce Blend Salad Mix(1 cup),84,0,84,100,90,0,90,$14.40,0,0.00%,$0.00,$14.40,10,10.00%,$1.60,$16.00,,,,
Woodburn Elementary,5/14/2025,20031,Banana(Each),0,0,0,32,30,0,30,$6.30,0,0.00%,$0.00,$6.30,2,6.25%,$0.42,$6.72,,,,
Woodburn Elementary,5/14/2025,20038,Fat Free White Milk(Each),50,0,50,50,29,0,29,$9.57,0,0.00%,$0.00,$9.57,21,42.00%,$6.93,$16.50,,,,
Woodburn Elementary,5/14/2025,20040,Cucumber Slices(1/4 cup),0,0,0,138,132,0,132,$7.92,4,2.90%,$0.24,$8.16,2,1.45%,$0.12,$8.28,,,,
Woodburn Elementary,5/14/2025,20040,Cucumber Slices(6 Slices per 1/2 cup),13,0,13,12,12,0,12,$1.44,0,0.00%,$0.00,$1.44,0,0.00%,$0.00,$1.44,,,,
Woodburn Elementary,5/14/2025,20047,Orange Slices(3 slices per 1/4 cup),0,0,0,308,303,0,303,$60.60,3,0.97%,$0.60,$61.20,2,0.65%,$0.40,$61.60,,,,
Woodburn Elementary,5/14/2025,20074,"Apple Slices(3 slices, 1/4 cup)",0,0,0,292,287,0,287,$51.66,3,1.03%,$0.54,$52.20,2,0.68%,$0.36,$52.56,,,,
Woodburn Elementary,5/14/2025,20076,"Peppers, green, pre-sliced(1/4 cup sliced)",0,0,0,140,103,0,103,$15.45,2,1.43%,$0.30,$15.75,35,25.00%,$5.25,$21.00,,,,
Woodburn Elementary,5/14/2025,30008,Apple Juice(Each),0,0,0,8,0,8,8,$0.00,0,0.00%,$0.00,$0.00,0,0.00%,$0.00,$0.00,,,,
Woodburn Elementary,5/14/2025,30009,Orange Tangerine Juice(Each),0,0,0,8,0,8,8,$0.00,0,0.00%,$0.00,$0.00,0,0.00%,$0.00,$0.00,,,,
Woodburn Elementary,5/14/2025,30014,Whole Wheat Dinner Roll(Each),193,1,194,166,154,9,163,$22.82,0,0.00%,$0.00,$22.82,3,1.81%,$0.42,$23.24,,,,
Woodburn Elementary,5/14/2025,30020,Applesauce(1/2 Cup),13,0,13,12,12,0,12,$2.52,0,0.00%,$0.00,$2.52,0,0.00%,$0.00,$2.52,,,,
Woodburn Elementary,5/14/2025,30031,Strawberry Chex Mix(Package),0,0,0,11,0,11,11,$0.00,0,0.00%,$0.00,$0.00,0,0.00%,$0.00,$0.00,,,,
Woodburn Elementary,5/14/2025,30033,Cheez-Its Crackers(Package),12,0,12,11,11,0,11,$1.98,0,0.00%,$0.00,$1.98,0,0.00%,$0.00,$1.98,,,,
Woodburn Elementary,5/14/2025,30061,Chilled Mandarin Oranges(1/4 cup (drained)),0,0,0,168,82,0,82,$13.94,2,1.19%,$0.34,$14.28,84,50.00%,$14.28,$28.56,,,,
Woodburn Elementary,5/14/2025,30077,Italian Dressing(1 ounce),20,0,20,24,12,0,12,$0.96,0,0.00%,$0.00,$0.96,12,50.00%,$0.96,$1.92,,,,
Woodburn Elementary,5/14/2025,30094,Doritos Wild White Nacho Flavored Tortilla Chips(Bag),0,0,0,37,0,37,37,$0.00,0,0.00%,$0.00,$0.00,0,0.00%,$0.00,$0.00,,,,
Woodburn Elementary,5/14/2025,30097,Bottled Water(Bottle),0,0,0,14,0,14,14,$0.00,0,0.00%,$0.00,$0.00,0,0.00%,$0.00,$0.00,,,,
Woodburn Elementary,5/14/2025,30099,Chickpeas(1/4 cup),30,0,30,32,22,0,22,$1.98,2,6.25%,$0.18,$2.16,8,25.00%,$0.72,$2.88,,,,
Woodburn Elementary,5/14/2025,30107,Ranch Dressing(1 ounce),16,0,16,24,18,0,18,$1.98,0,0.00%,$0.00,$1.98,6,25.00%,$0.66,$2.64,,,,
Woodburn Elementary,5/14/2025,60035,PB&J Power Pack(Power Packs),20,0,20,45,39,0,39,$42.12,0,0.00%,$0.00,$42.12,6,13.33%,$6.48,$48.60,,,,
Woodburn Elementary,5/14/2025,60037,Strawberry & Banana Yogurt Power Pack(Power Packs),20,0,20,40,34,0,34,$27.20,0,0.00%,$0.00,$27.20,6,15.00%,$4.80,$32.00,,,,
Woodburn Elementary,5/14/2025,60050,Chickenless Bites(4 Bites),193,1,194,214,202,9,211,$160.36,0,0.00%,$0.00,$160.36,3,1.40%,$2.28,$162.64,,,,
Woodburn Elementary,5/14/2025,60063,Chicken & Vegetable Dumplings(6 dumplings),50,0,50,42,37,0,37,$0.00,2,4.76%,$0.00,$0.00,3,7.14%,$0.00,$0.00,,,,
Woodlawn Elementary,5/14/2025,10044,Soft Pretzel(1 pretzel),14,0,14,14,14,0,14,$3.08,0,0.00%,$0.00,$3.08,0,0.00%,$0.00,$3.08,,,,
Woodlawn Elementary,5/14/2025,10069,Bean and Cheese Pupusa(Pupusa),0,0,0,22,22,0,22,$33.00,0,0.00%,$0.00,$33.00,0,0.00%,$0.00,$33.00,,,,
Woodlawn Elementary,5/14/2025,10070,Orange Sauce(ounce),40,0,40,30,16,0,16,$2.24,0,0.00%,$0.00,$2.24,14,46.67%,$1.96,$4.20,,,,
Woodlawn Elementary,5/14/2025,20001,1% White Milk(Each),45,0,45,102,44,0,44,$15.84,0,0.00%,$0.00,$15.84,58,56.86%,$20.88,$36.72,,,,
Woodlawn Elementary,5/14/2025,20002,Fat Free Chocolate Milk(Each),289,0,289,300,285,0,285,$99.75,0,0.00%,$0.00,$99.75,15,5.00%,$5.25,$105.00,,,,
Woodlawn Elementary,5/14/2025,20014,Red Delicious Apple(Each - serving),34,0,34,30,30,0,30,$9.90,0,0.00%,$0.00,$9.90,0,0.00%,$0.00,$9.90,,,,
Woodlawn Elementary,5/14/2025,20017,Orange(1/4 cup),0,0,0,136,136,0,136,$23.12,0,0.00%,$0.00,$23.12,0,0.00%,$0.00,$23.12,,,,
Woodlawn Elementary,5/14/2025,20027,Broccoli Florets(1/4 cup),81,0,81,96,81,0,81,$6.48,0,0.00%,$0.00,$6.48,15,15.63%,$1.20,$7.68,,,,
Woodlawn Elementary,5/14/2025,20028,Lettuce Blend Salad Mix(1/2 cup),76,0,76,80,78,0,78,$6.24,0,0.00%,$0.00,$6.24,2,2.50%,$0.16,$6.40,,,,
Woodlawn Elementary,5/14/2025,20038,Fat Free White Milk(Each),5,0,5,50,5,0,5,$1.65,0,0.00%,$0.00,$1.65,45,90.00%,$14.85,$16.50,,,,
Woodlawn Elementary,5/14/2025,20040,Cucumber Slices(6 Slices per 1/2 cup),36,0,36,33,33,0,33,$3.96,0,0.00%,$0.00,$3.96,0,0.00%,$0.00,$3.96,,,,
Woodlawn Elementary,5/14/2025,20043,"Lactose Free, White Milk(Each)",7,0,7,7,7,0,7,$4.06,0,0.00%,$0.00,$4.06,0,0.00%,$0.00,$4.06,,,,
Woodlawn Elementary,5/14/2025,20074,"Apple Slices(3 slices, 1/4 cup)",0,0,0,384,382,0,382,$68.76,0,0.00%,$0.00,$68.76,2,0.52%,$0.36,$69.12,,,,
Woodlawn Elementary,5/14/2025,30008,Apple Juice(Each),4,0,4,1,1,0,1,$0.17,0,0.00%,$0.00,$0.17,0,0.00%,$0.00,$0.17,,,,
Woodlawn Elementary,5/14/2025,30014,Whole Wheat Dinner Roll(Each),118,0,118,188,188,0,188,$26.32,0,0.00%,$0.00,$26.32,0,0.00%,$0.00,$26.32,,,,
Woodlawn Elementary,5/14/2025,30020,Applesauce(1/2 Cup),38,0,38,33,33,0,33,$6.93,0,0.00%,$0.00,$6.93,0,0.00%,$0.00,$6.93,,,,
Woodlawn Elementary,5/14/2025,30033,Cheez-Its Crackers(Package),33,0,33,30,30,0,30,$5.40,0,0.00%,$0.00,$5.40,0,0.00%,$0.00,$5.40,,,,
Woodlawn Elementary,5/14/2025,30044,Strawberry Flavored Dried Cranberries(Each),15,0,15,20,5,0,5,$1.20,0,0.00%,$0.00,$1.20,15,75.00%,$3.60,$4.80,,,,
Woodlawn Elementary,5/14/2025,30077,Italian Dressing(1 ounce),15,0,15,48,18,0,18,$1.44,0,0.00%,$0.00,$1.44,30,62.50%,$2.40,$3.84,,,,
Woodlawn Elementary,5/14/2025,30099,Chickpeas(1/4 cup),36,0,36,66,41,0,41,$3.69,0,0.00%,$0.00,$3.69,25,37.88%,$2.25,$5.94,,,,
Woodlawn Elementary,5/14/2025,30107,Ranch Dressing(1 ounce),26,0,26,48,24,0,24,$2.64,0,0.00%,$0.00,$2.64,24,50.00%,$2.64,$5.28,,,,
Woodlawn Elementary,5/14/2025,60035,PB&J Power Pack(Power Packs),83,0,83,85,82,0,82,$88.56,0,0.00%,$0.00,$88.56,3,3.53%,$3.24,$91.80,,,,
Woodlawn Elementary,5/14/2025,60037,Strawberry & Banana Yogurt Power Pack(Power Packs),16,0,16,20,17,0,17,$13.60,0,0.00%,$0.00,$13.60,3,15.00%,$2.40,$16.00,,,,
Woodlawn Elementary,5/14/2025,60038,Peach Yogurt Power Pack(Power Packs),17,0,17,15,15,0,15,$12.00,0,0.00%,$0.00,$12.00,0,0.00%,$0.00,$12.00,,,,
Woodlawn Elementary,5/14/2025,60047,Chicken Tenders(3 tenders),36,0,36,31,31,0,31,$29.14,0,0.00%,$0.00,$29.14,0,0.00%,$0.00,$29.14,,,,
Woodlawn Elementary,5/14/2025,60050,Chickenless Bites(4 Bites),102,0,102,158,158,0,158,$120.08,0,0.00%,$0.00,$120.08,0,0.00%,$0.00,$120.08,,,,
Woodlawn Elementary,5/14/2025,60064,Vegetable Dumpling(6 dumplings),0,0,0,30,16,0,16,$0.00,0,0.00%,$0.00,$0.00,14,46.67%,$0.00,$0.00,,,,
Woodlawn Elementary,5/14/2025,60077,Manager's Vegetable Choice(1/4 cup),138,0,138,144,138,0,138,$0.00,0,0.00%,$0.00,$0.00,6,4.17%,$0.00,$0.00,,,,
Woodlawn Elementary,5/14/2025,60101,Chickpeas - salad bar entree(1/2 cup),2,0,2,1,1,0,1,$0.18,0,0.00%,$0.00,$0.18,0,0.00%,$0.00,$0.18,,,,
Woodley Hills Elementary,5/14/2025,10033,Chocolate Chip Cookie(1/2 Cookie),14,0,14,0,0,0,0,$0.00,0,0.00%,$0.00,$0.00,0,0.00%,$0.00,$0.00,,,,
Woodley Hills Elementary,5/14/2025,10044,Soft Pretzel(1 pretzel),14,0,14,9,2,0,2,$0.44,0,0.00%,$0.00,$0.44,7,77.78%,$1.54,$1.98,,,,
Woodley Hills Elementary,5/14/2025,10070,Orange Sauce(ounce),0,0,0,0,0,0,0,$0.00,0,0.00%,$0.00,$0.00,0,0.00%,$0.00,$0.00,,,,
Woodley Hills Elementary,5/14/2025,10073,Whole Strawberries(1/2 cup thawed),0,0,0,0,0,0,0,$0.00,0,0.00%,$0.00,$0.00,0,0.00%,$0.00,$0.00,,,,
Woodley Hills Elementary,5/14/2025,20001,1% White Milk(Each),108,0,108,440,111,0,111,$39.96,0,0.00%,$0.00,$39.96,329,74.77%,$118.44,$158.40,,,,
Woodley Hills Elementary,5/14/2025,20002,Fat Free Chocolate Milk(Each),183,0,183,580,250,0,250,$87.50,0,0.00%,$0.00,$87.50,330,56.90%,$115.50,$203.00,,,,
Woodley Hills Elementary,5/14/2025,20014,Red Delicious Apple(Each - serving),24,0,24,0,0,0,0,$0.00,0,0.00%,$0.00,$0.00,0,0.00%,$0.00,$0.00,,,,
Woodley Hills Elementary,5/14/2025,20016,String Cheese(Each),0,0,0,0,0,0,0,$0.00,0,0.00%,$0.00,$0.00,0,0.00%,$0.00,$0.00,,,,
Woodley Hills Elementary,5/14/2025,20018,Red Seedless Grapes(8 grapes per 1/4 cup),154,0,154,350,350,0,350,$91.00,0,0.00%,$0.00,$91.00,0,0.00%,$0.00,$91.00,,,,
Woodley Hills Elementary,5/14/2025,20027,Broccoli Florets(1/4 cup),96,0,96,110,95,0,95,$7.60,0,0.00%,$0.00,$7.60,15,13.64%,$1.20,$8.80,,,,
Woodley Hills Elementary,5/14/2025,20028,Lettuce Blend Salad Mix(1/2 cup),156,0,156,160,153,0,153,$12.24,0,0.00%,$0.00,$12.24,7,4.38%,$0.56,$12.80,,,,
Woodley Hills Elementary,5/14/2025,20031,Banana(Each),0,0,0,150,150,0,150,$31.50,0,0.00%,$0.00,$31.50,0,0.00%,$0.00,$31.50,,,,
Woodley Hills Elementary,5/14/2025,20038,Fat Free White Milk(Each),12,0,12,27,27,0,27,$8.91,0,0.00%,$0.00,$8.91,0,0.00%,$0.00,$8.91,,,,
Woodley Hills Elementary,5/14/2025,20040,Cucumber Slices(6 Slices per 1/2 cup),24,0,24,0,0,0,0,$0.00,0,0.00%,$0.00,$0.00,0,0.00%,$0.00,$0.00,,,,
Woodley Hills Elementary,5/14/2025,20052,Assorted  4 oz Yogurt(Container),0,0,0,0,0,0,0,$0.00,0,0.00%,$0.00,$0.00,0,0.00%,$0.00,$0.00,,,,
Woodley Hills Elementary,5/14/2025,30008,Apple Juice(Each),0,0,0,0,0,0,0,$0.00,0,0.00%,$0.00,$0.00,0,0.00%,$0.00,$0.00,,,,
Woodley Hills Elementary,5/14/2025,30009,Orange Tangerine Juice(Each),0,0,0,0,0,0,0,$0.00,0,0.00%,$0.00,$0.00,0,0.00%,$0.00,$0.00,,,,
Woodley Hills Elementary,5/14/2025,30014,Whole Wheat Dinner Roll(Each),113,0,113,110,110,0,110,$15.40,0,0.00%,$0.00,$15.40,0,0.00%,$0.00,$15.40,,,,
Woodley Hills Elementary,5/14/2025,30020,Applesauce(1/2 Cup),25,0,25,0,0,0,0,$0.00,0,0.00%,$0.00,$0.00,0,0.00%,$0.00,$0.00,,,,
Woodley Hills Elementary,5/14/2025,30020,Applesauce(1/4 cup),0,0,0,0,0,0,0,$0.00,0,0.00%,$0.00,$0.00,0,0.00%,$0.00,$0.00,,,,
Woodley Hills Elementary,5/14/2025,30031,Strawberry Chex Mix(Package),0,0,0,0,0,0,0,$0.00,0,0.00%,$0.00,$0.00,0,0.00%,$0.00,$0.00,,,,
Woodley Hills Elementary,5/14/2025,30033,Cheez-Its Crackers(Package),23,0,23,0,0,0,0,$0.00,0,0.00%,$0.00,$0.00,0,0.00%,$0.00,$0.00,,,,
Woodley Hills Elementary,5/14/2025,30039,Cherry Flavored Dried Cranberries(Each),87,0,87,0,0,0,0,$0.00,0,0.00%,$0.00,$0.00,0,0.00%,$0.00,$0.00,,,,
Woodley Hills Elementary,5/14/2025,30041,Orange Flavored Dried Cranberries(Each),87,0,87,0,0,0,0,$0.00,0,0.00%,$0.00,$0.00,0,0.00%,$0.00,$0.00,,,,
Woodley Hills Elementary,5/14/2025,30042,Original Flavored Dried Cranberries(Package),0,0,0,0,0,0,0,$0.00,0,0.00%,$0.00,$0.00,0,0.00%,$0.00,$0.00,,,,
Woodley Hills Elementary,5/14/2025,30043,Raspberry Lemonade Flavored Dried Cranberries(Each),98,0,98,0,0,0,0,$0.00,0,0.00%,$0.00,$0.00,0,0.00%,$0.00,$0.00,,,,
Woodley Hills Elementary,5/14/2025,30044,Strawberry Flavored Dried Cranberries(Each),85,0,85,0,0,0,0,$0.00,0,0.00%,$0.00,$0.00,0,0.00%,$0.00,$0.00,,,,
Woodley Hills Elementary,5/14/2025,30045,Watermelon Flavored Dried Cranberries(Each),97,0,97,0,0,0,0,$0.00,0,0.00%,$0.00,$0.00,0,0.00%,$0.00,$0.00,,,,
Woodley Hills Elementary,5/14/2025,30063,Ketchup Packet(Packet),0,0,0,320,320,0,320,$9.60,0,0.00%,$0.00,$9.60,0,0.00%,$0.00,$9.60,,,,
Woodley Hills Elementary,5/14/2025,30077,Italian Dressing(1 ounce),40,0,40,0,0,0,0,$0.00,0,0.00%,$0.00,$0.00,0,0.00%,$0.00,$0.00,,,,
Woodley Hills Elementary,5/14/2025,30097,Bottled Water(Bottle),0,0,0,0,0,0,0,$0.00,0,0.00%,$0.00,$0.00,0,0.00%,$0.00,$0.00,,,,
Woodley Hills Elementary,5/14/2025,30107,Ranch Dressing(1 ounce),57,0,57,40,40,0,40,$4.40,0,0.00%,$0.00,$4.40,0,0.00%,$0.00,$4.40,,,,
Woodley Hills Elementary,5/14/2025,30109,Smartfood RF White Cheddar Popcorn(Each),0,0,0,0,0,0,0,$0.00,0,0.00%,$0.00,$0.00,0,0.00%,$0.00,$0.00,,,,
Woodley Hills Elementary,5/14/2025,30158,Black Beans(1/2 Cup),0,0,0,23,23,0,23,$3.91,0,0.00%,$0.00,$3.91,0,0.00%,$0.00,$3.91,,,,
Woodley Hills Elementary,5/14/2025,60035,PB&J Power Pack(Power Packs),91,0,91,180,37,0,37,$39.96,0,0.00%,$0.00,$39.96,143,79.44%,$154.44,$194.40,,,,
Woodley Hills Elementary,5/14/2025,60036,Cherry Vanilla Yogurt Power Pack(Power Packs),3,0,3,0,0,0,0,$0.00,0,0.00%,$0.00,$0.00,0,0.00%,$0.00,$0.00,,,,
Woodley Hills Elementary,5/14/2025,60037,Strawberry & Banana Yogurt Power Pack(Power Packs),15,0,15,0,0,0,0,$0.00,0,0.00%,$0.00,$0.00,0,0.00%,$0.00,$0.00,,,,
Woodley Hills Elementary,5/14/2025,60038,Peach Yogurt Power Pack(Power Packs),13,0,13,0,0,0,0,$0.00,0,0.00%,$0.00,$0.00,0,0.00%,$0.00,$0.00,,,,
Woodley Hills Elementary,5/14/2025,60045,Cucumber Slices(1/2 cup),0,0,0,0,0,0,0,$0.00,0,0.00%,$0.00,$0.00,0,0.00%,$0.00,$0.00,,,,
Woodley Hills Elementary,5/14/2025,60047,Chicken Tenders(3 tenders),37,0,37,317,317,0,317,$297.98,0,0.00%,$0.00,$297.98,0,0.00%,$0.00,$297.98,,,,
Woodley Hills Elementary,5/14/2025,60050,Chickenless Bites(4 Bites),118,0,118,66,66,0,66,$50.16,0,0.00%,$0.00,$50.16,0,0.00%,$0.00,$50.16,,,,
Woodley Hills Elementary,5/14/2025,60077,Manager's Vegetable Choice(1/4 cup),103,0,103,120,120,0,120,$0.00,0,0.00%,$0.00,$0.00,0,0.00%,$0.00,$0.00,,,,
Woodley Hills Elementary,5/14/2025,60101,Chickpeas - salad bar entree(1/2 cup),0,0,0,0,0,0,0,$0.00,0,0.00%,$0.00,$0.00,0,0.00%,$0.00,$0.00,,,,
Woodley Hills Elementary,5/14/2025,60150,Strawberry Parfait Power Pack(Power Pack),0,0,0,0,0,0,0,$0.00,0,0.00%,$0.00,$0.00,0,0.00%,$0.00,$0.00,,,,
Woodson High,5/14/2025,10001,"Patty, Chicken, Breaded, WG(2 strips)",55,0,55,30,21,0,21,$4.62,0,0.00%,$0.00,$4.62,9,30.00%,$1.98,$6.60,,,,
Woodson High,5/14/2025,10033,Chocolate Chip Cookie(Cookie),500,0,500,300,256,0,256,$69.12,5,1.67%,$1.35,$70.47,39,13.00%,$10.53,$81.00,,,,
Woodson High,5/14/2025,10044,Soft Pretzel(1 pretzel),105,0,105,50,42,0,42,$9.24,2,4.00%,$0.44,$9.68,6,12.00%,$1.32,$11.00,,,,
Woodson High,5/14/2025,10049,"WG 10"" Flour Tortilla(Tortilla)",50,0,50,35,23,0,23,$8.05,0,0.00%,$0.00,$8.05,12,34.29%,$4.20,$12.25,,,,
Woodson High,5/14/2025,10062,Corn(2 Tablespoons (thawed)),55,0,55,15,9,1,10,$0.50,0,0.00%,$0.00,$0.50,5,33.33%,$0.25,$0.75,,,,
Woodson High,5/14/2025,10069,Bean and Cheese Pupusa(Pupusa),26,2,28,23,23,0,23,$34.50,0,0.00%,$0.00,$34.50,0,0.00%,$0.00,$34.50,,,,
Woodson High,5/14/2025,10070,Orange Sauce(ounce),250,0,250,120,85,0,85,$11.90,0,0.00%,$0.00,$11.90,35,29.17%,$4.90,$16.80,,,,
Woodson High,5/14/2025,10074,"Frozen Berry, Triple Berry Blend(1/2 cup (thawed))",50,1,51,50,47,0,47,$1.41,1,2.00%,$0.03,$1.44,2,4.00%,$0.06,$1.50,,,,
Woodson High,5/14/2025,20001,1% White Milk(Each),225,0,225,160,67,0,67,$24.12,0,0.00%,$0.00,$24.12,93,58.13%,$33.48,$57.60,,,,
Woodson High,5/14/2025,20002,Fat Free Chocolate Milk(Each),700,0,700,555,415,0,415,$145.25,1,0.18%,$0.35,$145.60,139,25.05%,$48.65,$194.25,,,,
Woodson High,5/14/2025,20006,"Cheese, Shredded, Cheddar(1/4 cup)",55,0,55,50,38,0,38,$6.46,1,2.00%,$0.17,$6.63,11,22.00%,$1.87,$8.50,,,,
Woodson High,5/14/2025,20014,Red Delicious Apple(Each - serving),255,1,256,250,217,2,219,$72.27,3,1.20%,$0.99,$73.26,28,11.20%,$9.24,$82.50,,,,
Woodson High,5/14/2025,20015,Golden Delicious Apple(Each),255,1,256,250,223,0,223,$69.13,1,0.40%,$0.31,$69.44,26,10.40%,$8.06,$77.50,,,,
Woodson High,5/14/2025,20018,Red Seedless Grapes(2 Tablespoons),65,0,65,35,35,0,35,$4.55,0,0.00%,$0.00,$4.55,0,0.00%,$0.00,$4.55,,,,
Woodson High,5/14/2025,20023,Baby Carrots(3 baby carrots per 1/4 cup),223,3,226,220,195,2,197,$17.73,0,0.00%,$0.00,$17.73,23,10.45%,$2.07,$19.80,,,,
Woodson High,5/14/2025,20023,Baby Carrots(6 Baby Carrots per 1/2 cup),65,0,65,30,17,0,17,$2.89,0,0.00%,$0.00,$2.89,13,43.33%,$2.21,$5.10,,,,
Woodson High,5/14/2025,20027,Broccoli Florets(1/4 cup),150,0,150,120,110,0,110,$8.80,2,1.67%,$0.16,$8.96,8,6.67%,$0.64,$9.60,,,,
Woodson High,5/14/2025,20028,Lettuce Blend Salad Mix(1/2 cup),315,0,315,260,241,2,243,$19.44,7,2.69%,$0.56,$20.00,10,3.85%,$0.80,$20.80,,,,
Woodson High,5/14/2025,20031,Banana(Each),403,1,404,360,331,2,333,$69.93,4,1.11%,$0.84,$70.77,23,6.39%,$4.83,$75.60,,,,
Woodson High,5/14/2025,20035,"Onions, Red, Whole(2 Tablespoons (sliced))",55,0,55,12,4,0,4,$0.12,0,0.00%,$0.00,$0.12,8,66.67%,$0.24,$0.36,,,,
Woodson High,5/14/2025,20038,Fat Free White Milk(Each),175,0,175,63,33,0,33,$10.89,0,0.00%,$0.00,$10.89,30,47.62%,$9.90,$20.79,,,,
Woodson High,5/14/2025,20040,Cucumber Slices(1/4 cup),235,1,236,215,186,2,188,$11.28,2,0.93%,$0.12,$11.40,25,11.63%,$1.50,$12.90,,,,
Woodson High,5/14/2025,20040,Cucumber Slices(2 Tablespoon),50,0,50,30,8,1,9,$0.27,20,66.67%,$0.60,$0.87,1,3.33%,$0.03,$0.90,,,,
Woodson High,5/14/2025,20041,"Peppers, Green, Whole(2 Tablespoon)",50,0,50,15,6,1,7,$0.42,0,0.00%,$0.00,$0.42,8,53.33%,$0.48,$0.90,,,,
Woodson High,5/14/2025,20042,"Peppers, Red, Whole(2 Tablespoons)",50,0,50,15,12,1,13,$0.65,0,0.00%,$0.00,$0.65,2,13.33%,$0.10,$0.75,,,,
Woodson High,5/14/2025,30002,Sub Roll(Sub Roll),50,0,50,12,2,0,2,$0.62,1,8.33%,$0.31,$0.93,9,75.00%,$2.79,$3.72,,,,
Woodson High,5/14/2025,30008,Apple Juice(Each),150,0,150,88,83,0,83,$14.11,0,0.00%,$0.00,$14.11,5,5.68%,$0.85,$14.96,,,,
Woodson High,5/14/2025,30014,Whole Wheat Dinner Roll(2 rolls),125,1,126,60,58,0,58,$16.24,0,0.00%,$0.00,$16.24,2,3.33%,$0.56,$16.80,,,,
Woodson High,5/14/2025,30041,Orange Flavored Dried Cranberries(Each),59,0,59,40,30,0,30,$7.20,0,0.00%,$0.00,$7.20,10,25.00%,$2.40,$9.60,,,,
Woodson High,5/14/2025,30045,Watermelon Flavored Dried Cranberries(Each),76,0,76,40,29,0,29,$6.96,0,0.00%,$0.00,$6.96,11,27.50%,$2.64,$9.60,,,,
Woodson High,5/14/2025,30063,Ketchup Packet(Packet),650,0,650,500,437,0,437,$13.11,10,2.00%,$0.30,$13.41,53,10.60%,$1.59,$15.00,,,,
Woodson High,5/14/2025,30064,Mayonnaise Packet(Packet),300,0,300,225,181,0,181,$18.10,3,1.33%,$0.30,$18.40,41,18.22%,$4.10,$22.50,,,,
Woodson High,5/14/2025,30065,Mustard Packet(Packet),170,0,170,130,63,0,63,$3.15,2,1.54%,$0.10,$3.25,65,50.00%,$3.25,$6.50,,,,
Woodson High,5/14/2025,30077,Italian Dressing(1 ounce),200,0,200,130,45,0,45,$3.60,5,3.85%,$0.40,$4.00,80,61.54%,$6.40,$10.40,,,,
Woodson High,5/14/2025,30097,Bottled Water(Bottle),250,0,250,130,118,0,118,$18.88,2,1.54%,$0.32,$19.20,10,7.69%,$1.60,$20.80,,,,
Woodson High,5/14/2025,30099,Chickpeas(1/4 cup),50,0,50,25,15,1,16,$1.44,0,0.00%,$0.00,$1.44,9,36.00%,$0.81,$2.25,,,,
Woodson High,5/14/2025,30107,Ranch Dressing(1 ounce),300,0,300,235,189,0,189,$20.79,9,3.83%,$0.99,$21.78,37,15.74%,$4.07,$25.85,,,,
Woodson High,5/14/2025,30114,SS Baked Cheetos Flaming Hot(Each),125,0,125,104,85,0,85,$45.05,2,1.92%,$1.06,$46.11,17,16.35%,$9.01,$55.12,,,,
Woodson High,5/14/2025,30120,RF Kettle Chips Sea Salt & Vinegar Chips(Each),125,0,125,64,63,0,63,$37.80,1,1.56%,$0.60,$38.40,0,0.00%,$0.00,$38.40,,,,
Woodson High,5/14/2025,30124,"Fruit Snacks, Welch's Mixed(Each)",252,0,252,106,83,0,83,$33.20,1,0.94%,$0.40,$33.60,22,20.75%,$8.80,$42.40,,,,
Woodson High,5/14/2025,60007,Cheeseburger(Sandwich),250,1,251,125,123,0,123,$89.79,2,1.60%,$1.46,$91.25,0,0.00%,$0.00,$91.25,,,,
Woodson High,5/14/2025,60035,PB&J Power Pack(Power Packs),250,0,250,230,199,0,199,$214.92,2,0.87%,$2.16,$217.08,29,12.61%,$31.32,$248.40,,,,
Woodson High,5/14/2025,60036,Cherry Vanilla Yogurt Power Pack(Power Packs),20,0,20,15,12,0,12,$9.60,0,0.00%,$0.00,$9.60,3,20.00%,$2.40,$12.00,,,,
Woodson High,5/14/2025,60040,Grilled Cheese Sandwich(Sandwich),50,0,50,15,12,0,12,$5.04,2,13.33%,$0.84,$5.88,1,6.67%,$0.42,$6.30,,,,
Woodson High,5/14/2025,60041,Turkey Pepperoni Pizza(1.37 oz),150,1,151,138,137,0,137,$93.16,1,0.72%,$0.68,$93.84,0,0.00%,$0.00,$93.84,,,,
Woodson High,5/14/2025,60050,Chickenless Bites(2 Bites),55,0,55,10,5,0,5,$1.90,0,0.00%,$0.00,$1.90,5,50.00%,$1.90,$3.80,,,,
Woodson High,5/14/2025,60050,Chickenless Bites(4 Bites),200,0,200,75,72,0,72,$54.72,0,0.00%,$0.00,$54.72,3,4.00%,$2.28,$57.00,,,,
Woodson High,5/14/2025,60064,Vegetable Dumpling(6 dumplings),150,1,151,50,43,0,43,$0.00,2,4.00%,$0.00,$0.00,5,10.00%,$0.00,$0.00,,,,
Woodson High,5/14/2025,60075,Spicy Chicken Wrap(Wrap),80,0,80,30,29,0,29,$33.93,0,0.00%,$0.00,$33.93,1,3.33%,$1.17,$35.10,,,,
Woodson High,5/14/2025,60077,Manager's Vegetable Choice(1/4 cup),300,0,300,230,198,0,198,$0.00,2,0.87%,$0.00,$0.00,30,13.04%,$0.00,$0.00,,,,
Woodson High,5/14/2025,60078,Nachos with Turkey Barbacoa and Cheese Sauce(Serving),389,1,390,350,326,0,326,$433.58,6,1.71%,$7.98,$441.56,18,5.14%,$23.94,$465.50,,,,
Woodson High,5/14/2025,60101,Chickpeas - salad bar entree(1/2 cup),35,0,35,15,3,0,3,$0.54,2,13.33%,$0.36,$0.90,10,66.67%,$1.80,$2.70,,,,
