School_Name,Date,Identifier,Name,Planned,Offered,Served,Discarded,Subtotal,Left Over,Production Cost,Reimbursable,Non-Reimbursable,Total,Reimbursable,Non-Reimbursable,Total,Cost,Total,Percent of Offered,Cost,Total,Percent of Offered,Cost
Aldrin Elementary,5/22/2025,10044,Soft Pretzel(1 pretzel),17,0,17,30,27,0,27,$5.94,0,0.00%,$0.00,$5.94,3,10.00%,$0.66,$6.60,,,,
Aldrin Elementary,5/22/2025,10062,Corn(1/4 cup (thawed)),114,0,114,175,174,0,174,$19.14,1,0.57%,$0.11,$19.25,0,0.00%,$0.00,$19.25,,,,
Aldrin Elementary,5/22/2025,20001,1% White Milk(Each),45,0,45,70,54,0,54,$19.44,0,0.00%,$0.00,$19.44,16,22.86%,$5.76,$25.20,,,,
Aldrin Elementary,5/22/2025,20002,Fat Free Chocolate Milk(Each),140,0,140,150,125,0,125,$43.75,0,0.00%,$0.00,$43.75,25,16.67%,$8.75,$52.50,,,,
Aldrin Elementary,5/22/2025,20016,String Cheese(Each),2,0,2,5,0,0,0,$0.00,0,0.00%,$0.00,$0.00,5,100.00%,$0.00,$0.00,,,,
Aldrin Elementary,5/22/2025,20028,Lettuce Blend Salad Mix(1 cup),22,0,22,20,19,0,19,$3.04,0,0.00%,$0.00,$3.04,1,5.00%,$0.16,$3.20,,,,
Aldrin Elementary,5/22/2025,20028,Lettuce Blend Salad Mix(1/2 cup),45,0,45,45,44,0,44,$3.52,1,2.22%,$0.08,$3.60,0,0.00%,$0.00,$3.60,,,,
Aldrin Elementary,5/22/2025,20031,Banana(Each),92,0,92,100,97,0,97,$20.37,0,0.00%,$0.00,$20.37,3,3.00%,$0.63,$21.00,,,,
Aldrin Elementary,5/22/2025,20038,Fat Free White Milk(Each),17,0,17,50,15,0,15,$4.95,0,0.00%,$0.00,$4.95,35,70.00%,$11.55,$16.50,,,,
Aldrin Elementary,5/22/2025,20047,Orange Slices(3 slices per 1/4 cup),0,0,0,240,235,0,235,$47.00,0,0.00%,$0.00,$47.00,5,2.08%,$1.00,$48.00,,,,
Aldrin Elementary,5/22/2025,20052,Assorted  4 oz Yogurt(Container),2,0,2,5,0,0,0,$0.00,0,0.00%,$0.00,$0.00,5,100.00%,$0.00,$0.00,,,,
Aldrin Elementary,5/22/2025,30008,Apple Juice(Each),21,0,21,12,10,0,10,$1.70,0,0.00%,$0.00,$1.70,2,16.67%,$0.34,$2.04,,,,
Aldrin Elementary,5/22/2025,30009,Orange Tangerine Juice(Each),7,0,7,10,9,0,9,$1.53,0,0.00%,$0.00,$1.53,1,10.00%,$0.17,$1.70,,,,
Aldrin Elementary,5/22/2025,30033,Cheez-Its Crackers(Package),0,0,0,10,6,0,6,$1.08,0,0.00%,$0.00,$1.08,4,40.00%,$0.72,$1.80,,,,
Aldrin Elementary,5/22/2025,30044,Strawberry Flavored Dried Cranberries(Each),8,0,8,10,9,0,9,$2.16,0,0.00%,$0.00,$2.16,1,10.00%,$0.24,$2.40,,,,
Aldrin Elementary,5/22/2025,30045,Watermelon Flavored Dried Cranberries(Each),30,0,30,10,8,0,8,$1.92,0,0.00%,$0.00,$1.92,2,20.00%,$0.48,$2.40,,,,
Aldrin Elementary,5/22/2025,30077,Italian Dressing(1 ounce),27,0,27,40,34,0,34,$2.72,0,0.00%,$0.00,$2.72,6,15.00%,$0.48,$3.20,,,,
Aldrin Elementary,5/22/2025,30094,Doritos Wild White Nacho Flavored Tortilla Chips(Bag),41,0,41,30,27,0,27,$9.45,0,0.00%,$0.00,$9.45,3,10.00%,$1.05,$10.50,,,,
Aldrin Elementary,5/22/2025,30097,Bottled Water(Bottle),6,0,6,2,1,0,1,$0.16,0,0.00%,$0.00,$0.16,1,50.00%,$0.16,$0.32,,,,
Aldrin Elementary,5/22/2025,30099,Chickpeas(1/4 cup),30,0,30,30,25,0,25,$2.25,0,0.00%,$0.00,$2.25,5,16.67%,$0.45,$2.70,,,,
Aldrin Elementary,5/22/2025,30107,Ranch Dressing(1 ounce),37,0,37,35,29,0,29,$3.19,0,0.00%,$0.00,$3.19,6,17.14%,$0.66,$3.85,,,,
Aldrin Elementary,5/22/2025,30109,Smartfood RF White Cheddar Popcorn(Each),0,0,0,20,18,0,18,$6.66,0,0.00%,$0.00,$6.66,2,10.00%,$0.74,$7.40,,,,
Aldrin Elementary,5/22/2025,60035,PB&J Power Pack(Power Packs),29,0,29,25,24,0,24,$25.92,0,0.00%,$0.00,$25.92,1,4.00%,$1.08,$27.00,,,,
Aldrin Elementary,5/22/2025,60036,Cherry Vanilla Yogurt Power Pack(Power Packs),6,0,6,10,9,0,9,$7.20,0,0.00%,$0.00,$7.20,1,10.00%,$0.80,$8.00,,,,
Aldrin Elementary,5/22/2025,60037,Strawberry & Banana Yogurt Power Pack(Power Packs),6,0,6,15,11,0,11,$8.80,0,0.00%,$0.00,$8.80,4,26.67%,$3.20,$12.00,,,,
Aldrin Elementary,5/22/2025,60038,Peach Yogurt Power Pack(Power Packs),7,0,7,10,8,0,8,$6.40,0,0.00%,$0.00,$6.40,2,20.00%,$1.60,$8.00,,,,
Aldrin Elementary,5/22/2025,60054,Steamed Broccoli(1/2 cup),80,0,80,156,154,0,154,$23.10,0,0.00%,$0.00,$23.10,2,1.28%,$0.30,$23.40,,,,
Aldrin Elementary,5/22/2025,60077,Manager's Vegetable Choice(1/4 cup),69,0,69,156,154,0,154,$0.00,2,1.28%,$0.00,$0.00,0,0.00%,$0.00,$0.00,,,,
Aldrin Elementary,5/22/2025,60120,Asian Veggie Sub(sandwich),105,0,105,70,68,0,68,$128.52,0,0.00%,$0.00,$128.52,2,2.86%,$3.78,$132.30,,,,
Aldrin Elementary,5/22/2025,60122,Asian Meatball Sub(sandwich),28,0,28,47,45,0,45,$80.10,0,0.00%,$0.00,$80.10,2,4.26%,$3.56,$83.66,,,,
Aldrin Elementary,5/22/2025,60124,Nachos with Cheese Sauce(Serving),0,0,0,17,17,0,17,$13.09,0,0.00%,$0.00,$13.09,0,0.00%,$0.00,$13.09,,,,
Annandale High,5/22/2025,10001,"Patty, Chicken, Breaded, WG(2 strips)",80,0,80,130,117,0,117,$25.74,0,0.00%,$0.00,$25.74,13,10.00%,$2.86,$28.60,,,,
Annandale High,5/22/2025,10026,Chickenless Bites(4 Bites),200,0,200,80,73,0,73,$53.29,1,1.25%,$0.73,$54.02,6,7.50%,$4.38,$58.40,,,,
Annandale High,5/22/2025,10027,"Bread, Loco(flatbread)",200,0,200,80,73,0,73,$21.90,1,1.25%,$0.30,$22.20,6,7.50%,$1.80,$24.00,,,,
Annandale High,5/22/2025,10033,Chocolate Chip Cookie(Cookie),20,0,20,20,14,0,14,$3.78,0,0.00%,$0.00,$3.78,6,30.00%,$1.62,$5.40,,,,
Annandale High,5/22/2025,10044,Soft Pretzel(1 pretzel),10,0,10,15,11,0,11,$2.42,0,0.00%,$0.00,$2.42,4,26.67%,$0.88,$3.30,,,,
Annandale High,5/22/2025,10049,"WG 10"" Flour Tortilla(Tortilla)",72,0,72,124,117,0,117,$40.95,2,1.61%,$0.70,$41.65,5,4.03%,$1.75,$43.40,,,,
Annandale High,5/22/2025,10051,"Turkey,  Breast, Pre-Sliced, Oven Roasted(3 Slices)",10,0,10,10,5,0,5,$2.70,1,10.00%,$0.54,$3.24,4,40.00%,$2.16,$5.40,,,,
Annandale High,5/22/2025,10062,Corn(2 Tablespoons (thawed)),64,0,64,64,61,0,61,$3.05,0,0.00%,$0.00,$3.05,3,4.69%,$0.15,$3.20,,,,
Annandale High,5/22/2025,20001,1% White Milk(Each),95,0,95,134,78,0,78,$28.08,0,0.00%,$0.00,$28.08,56,41.79%,$20.16,$48.24,,,,
Annandale High,5/22/2025,20002,Fat Free Chocolate Milk(Each),650,0,650,660,595,14,609,$213.15,2,0.30%,$0.70,$213.85,49,7.42%,$17.15,$231.00,,,,
Annandale High,5/22/2025,20006,"Cheese, Shredded, Cheddar(1/4 cup)",96,0,96,128,115,0,115,$19.55,5,3.91%,$0.85,$20.40,8,6.25%,$1.36,$21.76,,,,
Annandale High,5/22/2025,20014,Red Delicious Apple(Each - serving),0,0,0,400,354,5,359,$118.47,2,0.50%,$0.66,$119.13,39,9.75%,$12.87,$132.00,,,,
Annandale High,5/22/2025,20015,Golden Delicious Apple(Each),125,0,125,175,102,0,102,$31.62,3,1.71%,$0.93,$32.55,70,40.00%,$21.70,$54.25,,,,
Annandale High,5/22/2025,20016,String Cheese(Each),5,0,5,5,0,0,0,$0.00,0,0.00%,$0.00,$0.00,5,100.00%,$0.00,$0.00,,,,
Annandale High,5/22/2025,20017,Orange(1/4 cup),0,0,0,188,149,14,163,$27.71,0,0.00%,$0.00,$27.71,25,13.30%,$4.25,$31.96,,,,
Annandale High,5/22/2025,20018,Red Seedless Grapes(16 grapes per 1/2 cup),800,0,800,1104,1074,14,1088,$554.88,10,0.91%,$5.10,$559.98,6,0.54%,$3.06,$563.04,,,,
Annandale High,5/22/2025,20027,Broccoli Florets(1/4 cup),210,0,210,210,208,0,208,$16.64,0,0.00%,$0.00,$16.64,2,0.95%,$0.16,$16.80,,,,
Annandale High,5/22/2025,20027,Broccoli Florets(6 Pieces per 1/2 cup),21,0,21,21,19,0,19,$2.85,1,4.76%,$0.15,$3.00,1,4.76%,$0.15,$3.15,,,,
Annandale High,5/22/2025,20028,Lettuce Blend Salad Mix(1/2 cup),360,0,360,440,308,114,422,$33.76,13,2.95%,$1.04,$34.80,5,1.14%,$0.40,$35.20,,,,
Annandale High,5/22/2025,20035,"Onions, Red, Whole(2 Tablespoons (sliced))",70,0,70,100,93,0,93,$2.79,2,2.00%,$0.06,$2.85,5,5.00%,$0.15,$3.00,,,,
Annandale High,5/22/2025,20038,Fat Free White Milk(Each),95,0,95,104,44,0,44,$14.52,0,0.00%,$0.00,$14.52,60,57.69%,$19.80,$34.32,,,,
Annandale High,5/22/2025,20041,"Peppers, Green, Whole(2 Tablespoon)",70,0,70,100,96,0,96,$5.76,2,2.00%,$0.12,$5.88,2,2.00%,$0.12,$6.00,,,,
Annandale High,5/22/2025,20042,"Peppers, Red, Whole(2 Tablespoons)",70,0,70,100,96,0,96,$4.80,1,1.00%,$0.05,$4.85,3,3.00%,$0.15,$5.00,,,,
Annandale High,5/22/2025,20052,Assorted  4 oz Yogurt(Container),5,0,5,5,0,0,0,$0.00,0,0.00%,$0.00,$0.00,5,100.00%,$0.00,$0.00,,,,
Annandale High,5/22/2025,30002,Sub Roll(Sub Roll),12,0,12,10,2,0,2,$0.62,0,0.00%,$0.00,$0.62,8,80.00%,$2.48,$3.10,,,,
Annandale High,5/22/2025,30008,Apple Juice(Each),5,0,5,5,0,0,0,$0.00,0,0.00%,$0.00,$0.00,5,100.00%,$0.00,$0.00,,,,
Annandale High,5/22/2025,30009,Orange Tangerine Juice(Each),5,0,5,5,0,0,0,$0.00,0,0.00%,$0.00,$0.00,5,100.00%,$0.00,$0.00,,,,
Annandale High,5/22/2025,30024,Black Beans(1/4 Cup),165,0,165,132,116,0,116,$10.44,0,0.00%,$0.00,$10.44,16,12.12%,$1.44,$11.88,,,,
Annandale High,5/22/2025,30033,Cheez-Its Crackers(Package),5,0,5,0,0,0,0,$0.00,0,0.00%,$0.00,$0.00,0,0.00%,$0.00,$0.00,,,,
Annandale High,5/22/2025,30044,Strawberry Flavored Dried Cranberries(Each),70,0,70,60,53,0,53,$12.72,0,0.00%,$0.00,$12.72,7,11.67%,$1.68,$14.40,,,,
Annandale High,5/22/2025,30045,Watermelon Flavored Dried Cranberries(Each),70,0,70,60,41,0,41,$9.84,0,0.00%,$0.00,$9.84,19,31.67%,$4.56,$14.40,,,,
Annandale High,5/22/2025,30063,Ketchup Packet(Packet),2000,0,2000,2000,1650,0,1650,$49.50,0,0.00%,$0.00,$49.50,350,17.50%,$10.50,$60.00,,,,
Annandale High,5/22/2025,30064,Mayonnaise Packet(Packet),700,0,700,500,438,0,438,$43.80,0,0.00%,$0.00,$43.80,62,12.40%,$6.20,$50.00,,,,
Annandale High,5/22/2025,30065,Mustard Packet(Packet),200,0,200,200,122,0,122,$6.10,0,0.00%,$0.00,$6.10,78,39.00%,$3.90,$10.00,,,,
Annandale High,5/22/2025,30077,Italian Dressing(1 ounce),144,0,144,144,120,0,120,$9.60,0,0.00%,$0.00,$9.60,24,16.67%,$1.92,$11.52,,,,
Annandale High,5/22/2025,30097,Bottled Water(Bottle),15,0,15,15,7,0,7,$1.12,0,0.00%,$0.00,$1.12,8,53.33%,$1.28,$2.40,,,,
Annandale High,5/22/2025,30099,Chickpeas(2 Tablespoons),33,0,33,33,31,0,31,$1.24,1,3.03%,$0.04,$1.28,1,3.03%,$0.04,$1.32,,,,
Annandale High,5/22/2025,30107,Ranch Dressing(1 ounce),288,0,288,336,309,14,323,$35.53,5,1.49%,$0.55,$36.08,8,2.38%,$0.88,$36.96,,,,
Annandale High,5/22/2025,30109,Smartfood RF White Cheddar Popcorn(Each),10,0,10,10,1,0,1,$0.37,0,0.00%,$0.00,$0.37,9,90.00%,$3.33,$3.70,,,,
Annandale High,5/22/2025,30110,Doritos Flamas(Each),10,0,10,10,4,0,4,$1.48,0,0.00%,$0.00,$1.48,6,60.00%,$2.22,$3.70,,,,
Annandale High,5/22/2025,30111,Doritos RF Spicy Sweet Chili(Each),10,0,10,10,1,0,1,$0.37,0,0.00%,$0.00,$0.37,9,90.00%,$3.33,$3.70,,,,
Annandale High,5/22/2025,30112,Doritos RF Nacho Cheese(Each),10,0,10,10,3,0,3,$1.11,0,0.00%,$0.00,$1.11,7,70.00%,$2.59,$3.70,,,,
Annandale High,5/22/2025,30113,Cool Ranch Reduced Fat Doritos(Each),10,0,10,10,1,0,1,$0.37,0,0.00%,$0.00,$0.37,9,90.00%,$3.33,$3.70,,,,
Annandale High,5/22/2025,30114,SS Baked Cheetos Flaming Hot(Each),10,0,10,10,3,0,3,$1.59,0,0.00%,$0.00,$1.59,7,70.00%,$3.71,$5.30,,,,
Annandale High,5/22/2025,30115,SS Baked Cheetos Flaming Limon(Each),10,0,10,10,3,0,3,$1.17,0,0.00%,$0.00,$1.17,7,70.00%,$2.73,$3.90,,,,
Annandale High,5/22/2025,30116,SS Cheetos Fantastix Flaming Hot(Each),10,0,10,10,2,0,2,$0.78,0,0.00%,$0.00,$0.78,8,80.00%,$3.12,$3.90,,,,
Annandale High,5/22/2025,30117,WG Baked Funyuns(Each),10,0,10,10,3,0,3,$1.08,0,0.00%,$0.00,$1.08,7,70.00%,$2.52,$3.60,,,,
Annandale High,5/22/2025,30118,Kettle Cooked Smoky BBQ Chips(Each),10,0,10,10,2,0,2,$1.20,0,0.00%,$0.00,$1.20,8,80.00%,$4.80,$6.00,,,,
Annandale High,5/22/2025,30119,RF Kettle Chips Jalapeno & Cheddar Chips(Each),10,0,10,10,9,0,9,$5.40,0,0.00%,$0.00,$5.40,1,10.00%,$0.60,$6.00,,,,
Annandale High,5/22/2025,30120,RF Kettle Chips Sea Salt & Vinegar Chips(Each),10,0,10,10,1,0,1,$0.60,0,0.00%,$0.00,$0.60,9,90.00%,$5.40,$6.00,,,,
Annandale High,5/22/2025,30124,"Fruit Snacks, Welch's Mixed(Each)",10,0,10,10,0,0,0,$0.00,0,0.00%,$0.00,$0.00,10,100.00%,$0.00,$0.00,,,,
Annandale High,5/22/2025,30160,Lay's RF Kettle Original Chips(Each),10,0,10,10,3,0,3,$1.80,0,0.00%,$0.00,$1.80,7,70.00%,$4.20,$6.00,,,,
Annandale High,5/22/2025,60035,PB&J Power Pack(Power Packs),150,0,150,230,224,0,224,$241.92,0,0.00%,$0.00,$241.92,6,2.61%,$6.48,$248.40,,,,
Annandale High,5/22/2025,60036,Cherry Vanilla Yogurt Power Pack(Power Packs),5,0,5,5,1,0,1,$0.80,0,0.00%,$0.00,$0.80,4,80.00%,$3.20,$4.00,,,,
Annandale High,5/22/2025,60037,Strawberry & Banana Yogurt Power Pack(Power Packs),5,0,5,5,1,0,1,$0.80,0,0.00%,$0.00,$0.80,4,80.00%,$3.20,$4.00,,,,
Annandale High,5/22/2025,60038,Peach Yogurt Power Pack(Power Packs),5,0,5,5,1,0,1,$0.80,0,0.00%,$0.00,$0.80,4,80.00%,$3.20,$4.00,,,,
Annandale High,5/22/2025,60050,Chickenless Bites(2 Bites),10,0,10,10,6,0,6,$2.28,1,10.00%,$0.38,$2.66,3,30.00%,$1.14,$3.80,,,,
Annandale High,5/22/2025,60075,Spicy Chicken Wrap(Wrap),50,0,50,25,19,0,19,$22.23,1,4.00%,$1.17,$23.40,5,20.00%,$5.85,$29.25,,,,
Annandale High,5/22/2025,60077,Manager's Vegetable Choice(1/4 cup),132,0,132,132,128,0,128,$0.00,0,0.00%,$0.00,$0.00,4,3.03%,$0.00,$0.00,,,,
Annandale High,5/22/2025,60078,Nachos with Turkey Barbacoa and Cheese Sauce(Serving),0,0,0,290,247,19,266,$353.78,2,0.69%,$2.66,$356.44,22,7.59%,$29.26,$385.70,,,,
Annandale High,5/22/2025,60120,Asian Veggie Sub(sandwich),50,0,50,110,100,0,100,$189.00,1,0.91%,$1.89,$190.89,9,8.18%,$17.01,$207.90,,,,
Annandale High,5/22/2025,60122,Asian Meatball Sub(sandwich),150,0,150,100,86,1,87,$154.86,2,2.00%,$3.56,$158.42,11,11.00%,$19.58,$178.00,,,,
Annandale High,5/22/2025,60124,Nachos with Cheese Sauce(Serving),0,0,0,190,174,0,174,$133.98,1,0.53%,$0.77,$134.75,15,7.89%,$11.55,$146.30,,,,
Annandale High,5/22/2025,60150,Strawberry Parfait Power Pack(Power Pack),5,0,5,5,1,0,1,$1.63,0,0.00%,$0.00,$1.63,4,80.00%,$6.52,$8.15,,,,
Annandale Terrace Elementary,5/22/2025,10044,Soft Pretzel(1 pretzel),0,0,0,5,0,0,0,$0.00,0,0.00%,$0.00,$0.00,5,100.00%,$0.00,$0.00,,,,
Annandale Terrace Elementary,5/22/2025,20001,1% White Milk(Each),75,0,75,123,93,0,93,$33.48,0,0.00%,$0.00,$33.48,30,24.39%,$10.80,$44.28,,,,
Annandale Terrace Elementary,5/22/2025,20002,Fat Free Chocolate Milk(Each),330,0,330,426,321,0,321,$112.35,0,0.00%,$0.00,$112.35,105,24.65%,$36.75,$149.10,,,,
Annandale Terrace Elementary,5/22/2025,20011,Cherry Tomatoes(1/4 cup),0,0,0,144,144,0,144,$53.28,0,0.00%,$0.00,$53.28,0,0.00%,$0.00,$53.28,,,,
Annandale Terrace Elementary,5/22/2025,20014,Red Delicious Apple(Each - serving),0,0,0,250,202,0,202,$66.66,0,0.00%,$0.00,$66.66,48,19.20%,$15.84,$82.50,,,,
Annandale Terrace Elementary,5/22/2025,20016,String Cheese(Each),5,0,5,5,0,0,0,$0.00,0,0.00%,$0.00,$0.00,5,100.00%,$0.00,$0.00,,,,
Annandale Terrace Elementary,5/22/2025,20017,Orange(1/4 cup),0,0,0,612,306,0,306,$52.02,0,0.00%,$0.00,$52.02,306,50.00%,$52.02,$104.04,,,,
Annandale Terrace Elementary,5/22/2025,20018,Red Seedless Grapes(16 grapes per 1/2 cup),0,0,0,92,92,0,92,$46.92,0,0.00%,$0.00,$46.92,0,0.00%,$0.00,$46.92,,,,
Annandale Terrace Elementary,5/22/2025,20028,Lettuce Blend Salad Mix(1 cup),57,0,57,57,57,0,57,$9.12,0,0.00%,$0.00,$9.12,0,0.00%,$0.00,$9.12,,,,
Annandale Terrace Elementary,5/22/2025,20028,Lettuce Blend Salad Mix(1/2 cup),157,0,157,160,156,0,156,$12.48,0,0.00%,$0.00,$12.48,4,2.50%,$0.32,$12.80,,,,
Annandale Terrace Elementary,5/22/2025,20031,Banana(Each),102,0,102,92,92,0,92,$19.32,0,0.00%,$0.00,$19.32,0,0.00%,$0.00,$19.32,,,,
Annandale Terrace Elementary,5/22/2025,20038,Fat Free White Milk(Each),8,0,8,47,7,0,7,$2.31,0,0.00%,$0.00,$2.31,40,85.11%,$13.20,$15.51,,,,
Annandale Terrace Elementary,5/22/2025,20043,"Lactose Free, White Milk(Each)",0,0,0,3,3,0,3,$1.74,0,0.00%,$0.00,$1.74,0,0.00%,$0.00,$1.74,,,,
Annandale Terrace Elementary,5/22/2025,20052,Assorted  4 oz Yogurt(Container),5,0,5,5,0,0,0,$0.00,0,0.00%,$0.00,$0.00,5,100.00%,$0.00,$0.00,,,,
Annandale Terrace Elementary,5/22/2025,30008,Apple Juice(Each),5,0,5,5,0,0,0,$0.00,0,0.00%,$0.00,$0.00,5,100.00%,$0.00,$0.00,,,,
Annandale Terrace Elementary,5/22/2025,30009,Orange Tangerine Juice(Each),5,0,5,5,0,0,0,$0.00,0,0.00%,$0.00,$0.00,5,100.00%,$0.00,$0.00,,,,
Annandale Terrace Elementary,5/22/2025,30034,Graham Crackers(Package),46,0,46,46,46,0,46,$6.44,0,0.00%,$0.00,$6.44,0,0.00%,$0.00,$6.44,,,,
Annandale Terrace Elementary,5/22/2025,30037,IW Applesauce Cup(Each),47,0,47,46,46,0,46,$12.42,0,0.00%,$0.00,$12.42,0,0.00%,$0.00,$12.42,,,,
Annandale Terrace Elementary,5/22/2025,30044,Strawberry Flavored Dried Cranberries(2 Eaches),0,0,0,20,2,0,2,$0.96,0,0.00%,$0.00,$0.96,18,90.00%,$8.64,$9.60,,,,
Annandale Terrace Elementary,5/22/2025,30077,Italian Dressing(1 ounce),46,0,46,48,42,0,42,$3.36,0,0.00%,$0.00,$3.36,6,12.50%,$0.48,$3.84,,,,
Annandale Terrace Elementary,5/22/2025,30097,Bottled Water(Bottle),5,0,5,5,0,0,0,$0.00,0,0.00%,$0.00,$0.00,5,100.00%,$0.00,$0.00,,,,
Annandale Terrace Elementary,5/22/2025,30099,Chickpeas(1/4 cup),46,0,46,66,17,0,17,$1.53,0,0.00%,$0.00,$1.53,49,74.24%,$4.41,$5.94,,,,
Annandale Terrace Elementary,5/22/2025,30107,Ranch Dressing(1 ounce),45,0,45,48,44,0,44,$4.84,0,0.00%,$0.00,$4.84,4,8.33%,$0.44,$5.28,,,,
Annandale Terrace Elementary,5/22/2025,30109,Smartfood RF White Cheddar Popcorn(Each),0,0,0,5,1,0,1,$0.37,0,0.00%,$0.00,$0.37,4,80.00%,$1.48,$1.85,,,,
Annandale Terrace Elementary,5/22/2025,30158,Black Beans(1/2 Cup),0,0,0,5,0,0,0,$0.00,0,0.00%,$0.00,$0.00,5,100.00%,$0.00,$0.00,,,,
Annandale Terrace Elementary,5/22/2025,30188,"Milk, Soy, Plain, Bulk (12/32 oz)(1 cup)",0,0,0,1,1,0,1,$0.79,0,0.00%,$0.00,$0.79,0,0.00%,$0.00,$0.79,,,,
Annandale Terrace Elementary,5/22/2025,60018,Cheese Quesadilla(Quesadilla),0,0,0,15,15,0,15,$10.35,0,0.00%,$0.00,$10.35,0,0.00%,$0.00,$10.35,,,,
Annandale Terrace Elementary,5/22/2025,60035,PB&J Power Pack(Power Packs),56,0,56,72,66,0,66,$71.28,0,0.00%,$0.00,$71.28,6,8.33%,$6.48,$77.76,,,,
Annandale Terrace Elementary,5/22/2025,60037,Strawberry & Banana Yogurt Power Pack(Power Packs),0,0,0,4,0,0,0,$0.00,0,0.00%,$0.00,$0.00,4,100.00%,$0.00,$0.00,,,,
Annandale Terrace Elementary,5/22/2025,60038,Peach Yogurt Power Pack(Power Packs),144,0,144,185,180,0,180,$144.00,0,0.00%,$0.00,$144.00,5,2.70%,$4.00,$148.00,,,,
Annandale Terrace Elementary,5/22/2025,60054,Steamed Broccoli(1/2 cup),42,0,42,84,81,0,81,$12.15,0,0.00%,$0.00,$12.15,3,3.57%,$0.45,$12.60,,,,
Annandale Terrace Elementary,5/22/2025,60073,Chicken and Cheese Quesadilla(Quesadilla),0,0,0,82,82,0,82,$133.66,0,0.00%,$0.00,$133.66,0,0.00%,$0.00,$133.66,,,,
Annandale Terrace Elementary,5/22/2025,60077,Manager's Vegetable Choice(1/4 cup),91,0,91,96,93,0,93,$0.00,0,0.00%,$0.00,$0.00,3,3.13%,$0.00,$0.00,,,,
Annandale Terrace Elementary,5/22/2025,60120,Asian Veggie Sub(sandwich),50,0,50,110,106,1,107,$202.23,1,0.91%,$1.89,$204.12,2,1.82%,$3.78,$207.90,,,,
Annandale Terrace Elementary,5/22/2025,60122,Asian Meatball Sub(sandwich),98,0,98,84,76,1,77,$137.06,1,1.19%,$1.78,$138.84,6,7.14%,$10.68,$149.52,,,,
Annandale Terrace Elementary,5/22/2025,60150,Strawberry Parfait Power Pack(Power Pack),0,0,0,10,9,0,9,$14.67,0,0.00%,$0.00,$14.67,1,10.00%,$1.63,$16.30,,,,
Armstrong Elementary,5/22/2025,10033,Chocolate Chip Cookie(Cookie),0,114,114,95,93,0,93,$25.11,0,0.00%,$0.00,$25.11,2,2.11%,$0.54,$25.65,,,,
Armstrong Elementary,5/22/2025,10044,Soft Pretzel(1 pretzel),0,0,0,12,8,0,8,$1.76,4,33.33%,$0.88,$2.64,0,0.00%,$0.00,$2.64,,,,
Armstrong Elementary,5/22/2025,10062,Corn(1/4 cup (thawed)),34,0,34,35,35,0,35,$3.85,0,0.00%,$0.00,$3.85,0,0.00%,$0.00,$3.85,,,,
Armstrong Elementary,5/22/2025,20001,1% White Milk(Each),19,0,19,50,14,0,14,$5.04,0,0.00%,$0.00,$5.04,36,72.00%,$12.96,$18.00,,,,
Armstrong Elementary,5/22/2025,20002,Fat Free Chocolate Milk(Each),91,0,91,110,100,0,100,$35.00,3,2.73%,$1.05,$36.05,7,6.36%,$2.45,$38.50,,,,
Armstrong Elementary,5/22/2025,20008,Apple Slices(3 slices per 1/4 cup),0,0,0,50,47,0,47,$27.73,3,6.00%,$1.77,$29.50,0,0.00%,$0.00,$29.50,,,,
Armstrong Elementary,5/22/2025,20011,Cherry Tomatoes(1/4 cup),0,0,0,45,45,0,45,$16.65,0,0.00%,$0.00,$16.65,0,0.00%,$0.00,$16.65,,,,
Armstrong Elementary,5/22/2025,20016,String Cheese(Each),0,2,2,2,2,0,2,$0.44,0,0.00%,$0.00,$0.44,0,0.00%,$0.00,$0.44,,,,
Armstrong Elementary,5/22/2025,20017,Orange(1/4 cup),0,0,0,38,36,0,36,$6.12,2,5.26%,$0.34,$6.46,0,0.00%,$0.00,$6.46,,,,
Armstrong Elementary,5/22/2025,20027,Broccoli Florets(1/4 cup),34,0,34,45,45,0,45,$3.60,0,0.00%,$0.00,$3.60,0,0.00%,$0.00,$3.60,,,,
Armstrong Elementary,5/22/2025,20028,Lettuce Blend Salad Mix(1/2 cup),57,0,57,75,75,0,75,$6.00,0,0.00%,$0.00,$6.00,0,0.00%,$0.00,$6.00,,,,
Armstrong Elementary,5/22/2025,20038,Fat Free White Milk(Each),15,0,15,50,12,0,12,$3.96,0,0.00%,$0.00,$3.96,38,76.00%,$12.54,$16.50,,,,
Armstrong Elementary,5/22/2025,30008,Apple Juice(Each),0,18,18,12,12,0,12,$2.04,0,0.00%,$0.00,$2.04,0,0.00%,$0.00,$2.04,,,,
Armstrong Elementary,5/22/2025,30009,Orange Tangerine Juice(Each),0,11,11,11,11,0,11,$1.87,0,0.00%,$0.00,$1.87,0,0.00%,$0.00,$1.87,,,,
Armstrong Elementary,5/22/2025,30020,Applesauce(1/4 cup),0,0,0,46,43,0,43,$4.73,3,6.52%,$0.33,$5.06,0,0.00%,$0.00,$5.06,,,,
Armstrong Elementary,5/22/2025,30024,Black Beans(1/4 Cup),0,0,0,20,20,0,20,$1.80,0,0.00%,$0.00,$1.80,0,0.00%,$0.00,$1.80,,,,
Armstrong Elementary,5/22/2025,30039,Cherry Flavored Dried Cranberries(Each),17,0,17,20,17,0,17,$4.08,1,5.00%,$0.24,$4.32,2,10.00%,$0.48,$4.80,,,,
Armstrong Elementary,5/22/2025,30063,Ketchup Packet(Packet),0,0,0,50,48,0,48,$1.44,0,0.00%,$0.00,$1.44,2,4.00%,$0.06,$1.50,,,,
Armstrong Elementary,5/22/2025,30077,Italian Dressing(1 ounce),23,0,23,25,22,0,22,$1.76,3,12.00%,$0.24,$2.00,0,0.00%,$0.00,$2.00,,,,
Armstrong Elementary,5/22/2025,30094,Doritos Wild White Nacho Flavored Tortilla Chips(Bag),0,27,27,29,29,0,29,$10.15,0,0.00%,$0.00,$10.15,0,0.00%,$0.00,$10.15,,,,
Armstrong Elementary,5/22/2025,30097,Bottled Water(Bottle),0,8,8,7,7,0,7,$1.12,0,0.00%,$0.00,$1.12,0,0.00%,$0.00,$1.12,,,,
Armstrong Elementary,5/22/2025,30107,Ranch Dressing(1 ounce),40,0,40,45,41,0,41,$4.51,4,8.89%,$0.44,$4.95,0,0.00%,$0.00,$4.95,,,,
Armstrong Elementary,5/22/2025,60035,PB&J Power Pack(Power Packs),29,0,29,30,26,0,26,$28.08,0,0.00%,$0.00,$28.08,4,13.33%,$4.32,$32.40,,,,
Armstrong Elementary,5/22/2025,60036,Cherry Vanilla Yogurt Power Pack(Power Packs),5,0,5,10,5,0,5,$4.00,0,0.00%,$0.00,$4.00,5,50.00%,$4.00,$8.00,,,,
Armstrong Elementary,5/22/2025,60078,Nachos with Turkey Barbacoa and Cheese Sauce(Serving),0,0,0,12,12,0,12,$15.96,0,0.00%,$0.00,$15.96,0,0.00%,$0.00,$15.96,,,,
Armstrong Elementary,5/22/2025,60100,Black Beans - salad bar entree(1/2 cup),2,0,2,2,1,0,1,$0.17,1,50.00%,$0.17,$0.34,0,0.00%,$0.00,$0.34,,,,
Armstrong Elementary,5/22/2025,60122,Asian Meatball Sub(sandwich),65,0,65,50,46,0,46,$81.88,4,8.00%,$7.12,$89.00,0,0.00%,$0.00,$89.00,,,,
Armstrong Elementary,5/22/2025,60173,BBQ Chickenless Bites(4 bites),0,0,0,27,25,0,25,$21.25,2,7.41%,$1.70,$22.95,0,0.00%,$0.00,$22.95,,,,
Armstrong Elementary,5/22/2025,60999,Fish Tacos(2 Tacos),0,0,0,30,24,4,28,$28.28,2,6.67%,$2.02,$30.30,0,0.00%,$0.00,$30.30,,,,
Baileys Lower Elementary,5/22/2025,10062,Corn(1/4 cup (thawed)),106,0,106,180,137,0,137,$15.07,3,1.67%,$0.33,$15.40,40,22.22%,$4.40,$19.80,,,,
Baileys Lower Elementary,5/22/2025,20001,1% White Milk(Each),236,0,236,241,195,0,195,$70.20,5,2.07%,$1.80,$72.00,41,17.01%,$14.76,$86.76,,,,
Baileys Lower Elementary,5/22/2025,20002,Fat Free Chocolate Milk(Each),339,0,339,510,389,0,389,$136.15,0,0.00%,$0.00,$136.15,121,23.73%,$42.35,$178.50,,,,
Baileys Lower Elementary,5/22/2025,20008,Apple Slices(3 slices per 1/4 cup),0,0,0,480,412,0,412,$243.08,4,0.83%,$2.36,$245.44,64,13.33%,$37.76,$283.20,,,,
Baileys Lower Elementary,5/22/2025,20028,Lettuce Blend Salad Mix(1 cup),134,0,134,136,136,0,136,$21.76,0,0.00%,$0.00,$21.76,0,0.00%,$0.00,$21.76,,,,
Baileys Lower Elementary,5/22/2025,20028,Lettuce Blend Salad Mix(1/2 cup),121,0,121,120,116,0,116,$9.28,4,3.33%,$0.32,$9.60,0,0.00%,$0.00,$9.60,,,,
Baileys Lower Elementary,5/22/2025,20031,Banana(Each),132,0,132,136,136,0,136,$28.56,0,0.00%,$0.00,$28.56,0,0.00%,$0.00,$28.56,,,,
Baileys Lower Elementary,5/22/2025,20038,Fat Free White Milk(Each),30,0,30,38,22,0,22,$7.26,0,0.00%,$0.00,$7.26,16,42.11%,$5.28,$12.54,,,,
Baileys Lower Elementary,5/22/2025,20043,"Lactose Free, White Milk(Each)",0,0,0,5,5,0,5,$2.90,0,0.00%,$0.00,$2.90,0,0.00%,$0.00,$2.90,,,,
Baileys Lower Elementary,5/22/2025,20047,Orange Slices(3 slices per 1/4 cup),0,0,0,240,234,0,234,$46.80,6,2.50%,$1.20,$48.00,0,0.00%,$0.00,$48.00,,,,
Baileys Lower Elementary,5/22/2025,30034,Graham Crackers(Package),80,0,80,81,81,0,81,$11.34,0,0.00%,$0.00,$11.34,0,0.00%,$0.00,$11.34,,,,
Baileys Lower Elementary,5/22/2025,30037,IW Applesauce Cup(Each),79,0,79,81,81,0,81,$21.87,0,0.00%,$0.00,$21.87,0,0.00%,$0.00,$21.87,,,,
Baileys Lower Elementary,5/22/2025,30045,Watermelon Flavored Dried Cranberries(Each),33,0,33,50,28,0,28,$6.72,0,0.00%,$0.00,$6.72,22,44.00%,$5.28,$12.00,,,,
Baileys Lower Elementary,5/22/2025,30077,Italian Dressing(1 ounce),46,0,46,68,40,0,40,$3.20,0,0.00%,$0.00,$3.20,28,41.18%,$2.24,$5.44,,,,
Baileys Lower Elementary,5/22/2025,30099,Chickpeas(1/4 cup),39,0,39,30,29,0,29,$2.61,1,3.33%,$0.09,$2.70,0,0.00%,$0.00,$2.70,,,,
Baileys Lower Elementary,5/22/2025,30107,Ranch Dressing(1 ounce),172,0,172,182,143,0,143,$15.73,15,8.24%,$1.65,$17.38,24,13.19%,$2.64,$20.02,,,,
Baileys Lower Elementary,5/22/2025,60035,PB&J Power Pack(Power Packs),114,0,114,150,120,0,120,$129.60,1,0.67%,$1.08,$130.68,29,19.33%,$31.32,$162.00,,,,
Baileys Lower Elementary,5/22/2025,60037,Strawberry & Banana Yogurt Power Pack(Power Packs),24,0,24,51,35,0,35,$28.00,0,0.00%,$0.00,$28.00,16,31.37%,$12.80,$40.80,,,,
Baileys Lower Elementary,5/22/2025,60054,Steamed Broccoli(1/2 cup),144,0,144,104,100,0,100,$15.00,4,3.85%,$0.60,$15.60,0,0.00%,$0.00,$15.60,,,,
Baileys Lower Elementary,5/22/2025,60077,Manager's Vegetable Choice(1/4 cup),179,0,179,192,190,0,190,$0.00,2,1.04%,$0.00,$0.00,0,0.00%,$0.00,$0.00,,,,
Baileys Lower Elementary,5/22/2025,60120,Asian Veggie Sub(sandwich),127,3,130,245,238,3,241,$455.49,4,1.63%,$7.56,$463.05,0,0.00%,$0.00,$463.05,,,,
Baileys Lower Elementary,5/22/2025,60122,Asian Meatball Sub(sandwich),247,12,259,301,281,15,296,$526.88,5,1.66%,$8.90,$535.78,0,0.00%,$0.00,$535.78,,,,
Baileys Lower Elementary,5/22/2025,60124,Nachos with Cheese Sauce(Serving),0,0,0,13,12,0,12,$9.24,1,7.69%,$0.77,$10.01,0,0.00%,$0.00,$10.01,,,,
Baileys Lower Elementary,5/22/2025,60150,Strawberry Parfait Power Pack(Power Pack),0,0,0,12,9,2,11,$17.93,1,8.33%,$1.63,$19.56,0,0.00%,$0.00,$19.56,,,,
Baileys Upper Elementary,5/22/2025,10033,Chocolate Chip Cookie(1/2 Cookie),40,0,40,57,51,0,51,$7.14,0,0.00%,$0.00,$7.14,6,10.53%,$0.84,$7.98,,,,
Baileys Upper Elementary,5/22/2025,10044,Soft Pretzel(1 pretzel),0,0,0,5,2,0,2,$0.44,2,40.00%,$0.44,$0.88,1,20.00%,$0.22,$1.10,,,,
Baileys Upper Elementary,5/22/2025,10062,Corn(1/4 cup (thawed)),150,0,150,64,64,0,64,$7.04,0,0.00%,$0.00,$7.04,0,0.00%,$0.00,$7.04,,,,
Baileys Upper Elementary,5/22/2025,20001,1% White Milk(Each),63,0,63,122,78,0,78,$28.08,0,0.00%,$0.00,$28.08,44,36.07%,$15.84,$43.92,,,,
Baileys Upper Elementary,5/22/2025,20002,Fat Free Chocolate Milk(Each),300,0,300,421,299,0,299,$104.65,0,0.00%,$0.00,$104.65,122,28.98%,$42.70,$147.35,,,,
Baileys Upper Elementary,5/22/2025,20018,Red Seedless Grapes(16 grapes per 1/2 cup),0,0,0,460,391,0,391,$199.41,0,0.00%,$0.00,$199.41,69,15.00%,$35.19,$234.60,,,,
Baileys Upper Elementary,5/22/2025,20023,Baby Carrots(3 baby carrots per 1/4 cup),0,0,0,336,336,0,336,$30.24,0,0.00%,$0.00,$30.24,0,0.00%,$0.00,$30.24,,,,
Baileys Upper Elementary,5/22/2025,20028,Lettuce Blend Salad Mix(1/2 cup),454,0,454,400,400,0,400,$32.00,0,0.00%,$0.00,$32.00,0,0.00%,$0.00,$32.00,,,,
Baileys Upper Elementary,5/22/2025,20030,Sour Cream(2 Tablespoons),0,0,0,50,50,0,50,$7.50,0,0.00%,$0.00,$7.50,0,0.00%,$0.00,$7.50,,,,
Baileys Upper Elementary,5/22/2025,20047,Orange Slices(3 slices per 1/4 cup),0,0,0,272,221,0,221,$44.20,0,0.00%,$0.00,$44.20,51,18.75%,$10.20,$54.40,,,,
Baileys Upper Elementary,5/22/2025,30008,Apple Juice(Each),0,0,0,2,1,0,1,$0.17,0,0.00%,$0.00,$0.17,1,50.00%,$0.17,$0.34,,,,
Baileys Upper Elementary,5/22/2025,30011,"Salsa, Mild Canned(1.5 oz)",0,0,0,50,50,0,50,$5.00,0,0.00%,$0.00,$5.00,0,0.00%,$0.00,$5.00,,,,
Baileys Upper Elementary,5/22/2025,30025,Black Beans(1/2 cup),0,0,0,66,66,0,66,$11.88,0,0.00%,$0.00,$11.88,0,0.00%,$0.00,$11.88,,,,
Baileys Upper Elementary,5/22/2025,30044,Strawberry Flavored Dried Cranberries(2 Eaches),0,0,0,215,151,0,151,$72.48,0,0.00%,$0.00,$72.48,64,29.77%,$30.72,$103.20,,,,
Baileys Upper Elementary,5/22/2025,30094,Doritos Wild White Nacho Flavored Tortilla Chips(Bag),15,0,15,10,6,0,6,$2.10,0,0.00%,$0.00,$2.10,4,40.00%,$1.40,$3.50,,,,
Baileys Upper Elementary,5/22/2025,30097,Bottled Water(Bottle),4,0,4,5,4,0,4,$0.64,0,0.00%,$0.00,$0.64,1,20.00%,$0.16,$0.80,,,,
Baileys Upper Elementary,5/22/2025,30099,Chickpeas(1/2 cup),0,0,0,192,192,0,192,$34.56,0,0.00%,$0.00,$34.56,0,0.00%,$0.00,$34.56,,,,
Baileys Upper Elementary,5/22/2025,30107,Ranch Dressing(1 ounce),128,0,128,144,124,0,124,$13.64,0,0.00%,$0.00,$13.64,20,13.89%,$2.20,$15.84,,,,
Baileys Upper Elementary,5/22/2025,30109,Smartfood RF White Cheddar Popcorn(Each),0,0,0,5,3,0,3,$1.11,0,0.00%,$0.00,$1.11,2,40.00%,$0.74,$1.85,,,,
Baileys Upper Elementary,5/22/2025,60035,PB&J Power Pack(Power Packs),29,0,29,60,57,0,57,$61.56,0,0.00%,$0.00,$61.56,3,5.00%,$3.24,$64.80,,,,
Baileys Upper Elementary,5/22/2025,60037,Strawberry & Banana Yogurt Power Pack(Power Packs),20,0,20,30,25,0,25,$20.00,0,0.00%,$0.00,$20.00,5,16.67%,$4.00,$24.00,,,,
Baileys Upper Elementary,5/22/2025,60120,Asian Veggie Sub(sandwich),0,0,0,265,257,3,260,$491.40,5,1.89%,$9.45,$500.85,0,0.00%,$0.00,$500.85,,,,
Baileys Upper Elementary,5/22/2025,60122,Asian Meatball Sub(sandwich),200,0,200,35,27,7,34,$60.52,1,2.86%,$1.78,$62.30,0,0.00%,$0.00,$62.30,,,,
Baileys Upper Elementary,5/22/2025,60124,Nachos with Cheese Sauce(Serving),0,0,0,65,65,0,65,$50.05,0,0.00%,$0.00,$50.05,0,0.00%,$0.00,$50.05,,,,
Beech Tree Elementary,5/22/2025,10044,Soft Pretzel(1 pretzel),1,0,1,1,0,0,0,$0.00,0,0.00%,$0.00,$0.00,1,100.00%,$0.00,$0.00,,,,
Beech Tree Elementary,5/22/2025,20001,1% White Milk(Each),73,0,73,71,45,0,45,$16.20,0,0.00%,$0.00,$16.20,26,36.62%,$9.36,$25.56,,,,
Beech Tree Elementary,5/22/2025,20002,Fat Free Chocolate Milk(Each),250,0,250,252,223,0,223,$78.05,0,0.00%,$0.00,$78.05,29,11.51%,$10.15,$88.20,,,,
Beech Tree Elementary,5/22/2025,20012,Grape Tomatoes(1/4 cup),0,0,0,144,72,0,72,$18.72,0,0.00%,$0.00,$18.72,72,50.00%,$18.72,$37.44,,,,
Beech Tree Elementary,5/22/2025,20014,Red Delicious Apple(Each - serving),0,0,0,220,210,0,210,$69.30,0,0.00%,$0.00,$69.30,10,4.55%,$3.30,$72.60,,,,
Beech Tree Elementary,5/22/2025,20028,Lettuce Blend Salad Mix(1 cup),48,0,48,46,38,0,38,$6.08,0,0.00%,$0.00,$6.08,8,17.39%,$1.28,$7.36,,,,
Beech Tree Elementary,5/22/2025,20028,Lettuce Blend Salad Mix(1/2 cup),240,0,240,240,235,0,235,$18.80,0,0.00%,$0.00,$18.80,5,2.08%,$0.40,$19.20,,,,
Beech Tree Elementary,5/22/2025,20031,Banana(Each),288,0,288,346,328,0,328,$68.88,0,0.00%,$0.00,$68.88,18,5.20%,$3.78,$72.66,,,,
Beech Tree Elementary,5/22/2025,20038,Fat Free White Milk(Each),10,0,10,25,6,0,6,$1.98,0,0.00%,$0.00,$1.98,19,76.00%,$6.27,$8.25,,,,
Beech Tree Elementary,5/22/2025,30034,Graham Crackers(Package),36,0,36,36,36,0,36,$5.04,0,0.00%,$0.00,$5.04,0,0.00%,$0.00,$5.04,,,,
Beech Tree Elementary,5/22/2025,30037,IW Applesauce Cup(Each),36,0,36,36,31,0,31,$8.37,0,0.00%,$0.00,$8.37,5,13.89%,$1.35,$9.72,,,,
Beech Tree Elementary,5/22/2025,30039,Cherry Flavored Dried Cranberries(Each),100,0,100,55,43,0,43,$10.32,0,0.00%,$0.00,$10.32,12,21.82%,$2.88,$13.20,,,,
Beech Tree Elementary,5/22/2025,30077,Italian Dressing(1 ounce),48,0,48,24,12,0,12,$0.96,0,0.00%,$0.00,$0.96,12,50.00%,$0.96,$1.92,,,,
Beech Tree Elementary,5/22/2025,30099,Chickpeas(1/4 cup),33,0,33,33,17,0,17,$1.53,0,0.00%,$0.00,$1.53,16,48.48%,$1.44,$2.97,,,,
Beech Tree Elementary,5/22/2025,30107,Ranch Dressing(1 ounce),96,0,96,94,74,0,74,$8.14,0,0.00%,$0.00,$8.14,20,21.28%,$2.20,$10.34,,,,
Beech Tree Elementary,5/22/2025,30158,Black Beans(1/2 Cup),1,0,1,1,0,0,0,$0.00,0,0.00%,$0.00,$0.00,1,100.00%,$0.00,$0.00,,,,
Beech Tree Elementary,5/22/2025,60035,PB&J Power Pack(Power Packs),30,0,30,50,41,0,41,$44.28,0,0.00%,$0.00,$44.28,9,18.00%,$9.72,$54.00,,,,
Beech Tree Elementary,5/22/2025,60036,Cherry Vanilla Yogurt Power Pack(Power Packs),15,0,15,15,14,0,14,$11.20,0,0.00%,$0.00,$11.20,1,6.67%,$0.80,$12.00,,,,
Beech Tree Elementary,5/22/2025,60037,Strawberry & Banana Yogurt Power Pack(Power Packs),15,0,15,15,6,0,6,$4.80,0,0.00%,$0.00,$4.80,9,60.00%,$7.20,$12.00,,,,
Beech Tree Elementary,5/22/2025,60038,Peach Yogurt Power Pack(Power Packs),0,0,0,15,8,0,8,$6.40,0,0.00%,$0.00,$6.40,7,46.67%,$5.60,$12.00,,,,
Beech Tree Elementary,5/22/2025,60054,Steamed Broccoli(1/2 cup),144,0,144,126,116,0,116,$17.40,0,0.00%,$0.00,$17.40,10,7.94%,$1.50,$18.90,,,,
Beech Tree Elementary,5/22/2025,60120,Asian Veggie Sub(sandwich),121,0,121,121,100,0,100,$189.00,0,0.00%,$0.00,$189.00,21,17.36%,$39.69,$228.69,,,,
Beech Tree Elementary,5/22/2025,60122,Asian Meatball Sub(sandwich),137,6,143,195,156,6,162,$288.36,0,0.00%,$0.00,$288.36,33,16.92%,$58.74,$347.10,,,,
Belle View Elementary,5/22/2025,10041,Mini Maple Pancakes(Package),0,0,0,2,0,2,2,$0.00,0,0.00%,$0.00,$0.00,0,0.00%,$0.00,$0.00,,,,
Belle View Elementary,5/22/2025,10044,Soft Pretzel(1 pretzel),26,0,26,44,36,4,40,$8.80,0,0.00%,$0.00,$8.80,4,9.09%,$0.88,$9.68,,,,
Belle View Elementary,5/22/2025,20001,1% White Milk(Each),15,0,15,23,15,0,15,$5.40,0,0.00%,$0.00,$5.40,8,34.78%,$2.88,$8.28,,,,
Belle View Elementary,5/22/2025,20002,Fat Free Chocolate Milk(Each),120,0,120,133,126,3,129,$45.15,0,0.00%,$0.00,$45.15,4,3.01%,$1.40,$46.55,,,,
Belle View Elementary,5/22/2025,20015,Golden Delicious Apple(Each),0,0,0,21,16,1,17,$5.27,0,0.00%,$0.00,$5.27,4,19.05%,$1.24,$6.51,,,,
Belle View Elementary,5/22/2025,20018,Red Seedless Grapes(16 grapes per 1/2 cup),0,0,0,150,150,0,150,$76.50,0,0.00%,$0.00,$76.50,0,0.00%,$0.00,$76.50,,,,
Belle View Elementary,5/22/2025,20027,Broccoli Florets(1/4 cup),44,0,44,40,40,0,40,$3.20,0,0.00%,$0.00,$3.20,0,0.00%,$0.00,$3.20,,,,
Belle View Elementary,5/22/2025,20028,Lettuce Blend Salad Mix(1/2 cup),120,0,120,120,120,0,120,$9.60,0,0.00%,$0.00,$9.60,0,0.00%,$0.00,$9.60,,,,
Belle View Elementary,5/22/2025,20031,Banana(Each),110,0,110,105,105,0,105,$22.05,0,0.00%,$0.00,$22.05,0,0.00%,$0.00,$22.05,,,,
Belle View Elementary,5/22/2025,20038,Fat Free White Milk(Each),3,0,3,10,1,0,1,$0.33,0,0.00%,$0.00,$0.33,9,90.00%,$2.97,$3.30,,,,
Belle View Elementary,5/22/2025,30008,Apple Juice(Each),50,0,50,28,0,28,28,$0.00,0,0.00%,$0.00,$0.00,0,0.00%,$0.00,$0.00,,,,
Belle View Elementary,5/22/2025,30033,Cheez-Its Crackers(Package),0,0,0,9,0,9,9,$0.00,0,0.00%,$0.00,$0.00,0,0.00%,$0.00,$0.00,,,,
Belle View Elementary,5/22/2025,30043,Raspberry Lemonade Flavored Dried Cranberries(Each),4,0,4,20,16,0,16,$3.84,0,0.00%,$0.00,$3.84,4,20.00%,$0.96,$4.80,,,,
Belle View Elementary,5/22/2025,30077,Italian Dressing(1 ounce),4,0,4,5,5,0,5,$0.40,0,0.00%,$0.00,$0.40,0,0.00%,$0.00,$0.40,,,,
Belle View Elementary,5/22/2025,30094,Doritos Wild White Nacho Flavored Tortilla Chips(Bag),45,0,45,31,0,31,31,$0.00,0,0.00%,$0.00,$0.00,0,0.00%,$0.00,$0.00,,,,
Belle View Elementary,5/22/2025,30099,Chickpeas(1/4 cup),8,0,8,10,10,0,10,$0.90,0,0.00%,$0.00,$0.90,0,0.00%,$0.00,$0.90,,,,
Belle View Elementary,5/22/2025,30102,1% Unflavored Shelf-Stable Milk(Each),0,0,0,1,0,1,1,$0.00,0,0.00%,$0.00,$0.00,0,0.00%,$0.00,$0.00,,,,
Belle View Elementary,5/22/2025,30107,Ranch Dressing(1 ounce),84,0,84,84,84,0,84,$9.24,0,0.00%,$0.00,$9.24,0,0.00%,$0.00,$9.24,,,,
Belle View Elementary,5/22/2025,60035,PB&J Power Pack(Power Packs),39,0,39,10,6,0,6,$6.48,0,0.00%,$0.00,$6.48,4,40.00%,$4.32,$10.80,,,,
Belle View Elementary,5/22/2025,60036,Cherry Vanilla Yogurt Power Pack(Power Packs),14,0,14,10,6,0,6,$4.80,0,0.00%,$0.00,$4.80,4,40.00%,$3.20,$8.00,,,,
Belle View Elementary,5/22/2025,60037,Strawberry & Banana Yogurt Power Pack(Power Packs),13,0,13,10,10,0,10,$8.00,0,0.00%,$0.00,$8.00,0,0.00%,$0.00,$8.00,,,,
Belle View Elementary,5/22/2025,60038,Peach Yogurt Power Pack(Power Packs),17,0,17,20,20,0,20,$16.00,0,0.00%,$0.00,$16.00,0,0.00%,$0.00,$16.00,,,,
Belle View Elementary,5/22/2025,60120,Asian Veggie Sub(sandwich),0,0,0,3,0,3,3,$0.00,0,0.00%,$0.00,$0.00,0,0.00%,$0.00,$0.00,,,,
Belle View Elementary,5/22/2025,60122,Asian Meatball Sub(sandwich),150,0,150,162,157,5,162,$288.36,0,0.00%,$0.00,$288.36,0,0.00%,$0.00,$288.36,,,,
Belle View Elementary,5/22/2025,60125,Egg and American Cheese on Biscuit(Sandwich),0,0,0,1,0,1,1,$0.00,0,0.00%,$0.00,$0.00,0,0.00%,$0.00,$0.00,,,,
Belvedere Elementary,5/22/2025,10044,Soft Pretzel(1 pretzel),1,0,1,1,1,0,1,$0.22,0,0.00%,$0.00,$0.22,0,0.00%,$0.00,$0.22,,,,
Belvedere Elementary,5/22/2025,10074,"Frozen Berry, Triple Berry Blend(1/2 cup (thawed))",0,0,0,75,75,0,75,$2.25,0,0.00%,$0.00,$2.25,0,0.00%,$0.00,$2.25,,,,
Belvedere Elementary,5/22/2025,20001,1% White Milk(Each),168,0,168,110,97,0,97,$34.92,0,0.00%,$0.00,$34.92,13,11.82%,$4.68,$39.60,,,,
Belvedere Elementary,5/22/2025,20002,Fat Free Chocolate Milk(Each),90,0,90,225,213,0,213,$74.55,0,0.00%,$0.00,$74.55,12,5.33%,$4.20,$78.75,,,,
Belvedere Elementary,5/22/2025,20028,Lettuce Blend Salad Mix(1 cup),75,0,75,75,75,0,75,$12.00,0,0.00%,$0.00,$12.00,0,0.00%,$0.00,$12.00,,,,
Belvedere Elementary,5/22/2025,20028,Lettuce Blend Salad Mix(1/2 cup),248,0,248,100,100,0,100,$8.00,0,0.00%,$0.00,$8.00,0,0.00%,$0.00,$8.00,,,,
Belvedere Elementary,5/22/2025,20031,Banana(Each),75,0,75,75,75,0,75,$15.75,0,0.00%,$0.00,$15.75,0,0.00%,$0.00,$15.75,,,,
Belvedere Elementary,5/22/2025,30014,Whole Wheat Dinner Roll(2 rolls),0,0,0,158,158,0,158,$44.24,0,0.00%,$0.00,$44.24,0,0.00%,$0.00,$44.24,,,,
Belvedere Elementary,5/22/2025,30034,Graham Crackers(Package),40,0,40,37,37,0,37,$5.18,0,0.00%,$0.00,$5.18,0,0.00%,$0.00,$5.18,,,,
Belvedere Elementary,5/22/2025,30037,IW Applesauce Cup(Each),0,0,0,65,65,0,65,$17.55,0,0.00%,$0.00,$17.55,0,0.00%,$0.00,$17.55,,,,
Belvedere Elementary,5/22/2025,30077,Italian Dressing(1 ounce),93,0,93,93,83,0,83,$6.64,0,0.00%,$0.00,$6.64,10,10.75%,$0.80,$7.44,,,,
Belvedere Elementary,5/22/2025,30099,Chickpeas(1/4 cup),45,0,45,80,64,0,64,$5.76,0,0.00%,$0.00,$5.76,16,20.00%,$1.44,$7.20,,,,
Belvedere Elementary,5/22/2025,30102,1% Unflavored Shelf-Stable Milk(Each),0,0,0,34,16,0,16,$6.08,0,0.00%,$0.00,$6.08,18,52.94%,$6.84,$12.92,,,,
Belvedere Elementary,5/22/2025,30103,"Milk, Lactose Free,  Fat Free, Shelf-Stable(Each)",0,0,0,1,1,0,1,$0.48,0,0.00%,$0.00,$0.48,0,0.00%,$0.00,$0.48,,,,
Belvedere Elementary,5/22/2025,30107,Ranch Dressing(1 ounce),207,0,207,207,192,0,192,$21.12,0,0.00%,$0.00,$21.12,15,7.25%,$1.65,$22.77,,,,
Belvedere Elementary,5/22/2025,30158,Black Beans(1/2 Cup),1,0,1,1,1,0,1,$0.17,0,0.00%,$0.00,$0.17,0,0.00%,$0.00,$0.17,,,,
Belvedere Elementary,5/22/2025,30188,"Milk, Soy, Plain, Bulk (12/32 oz)(1 cup)",0,0,0,1,1,0,1,$0.79,0,0.00%,$0.00,$0.79,0,0.00%,$0.00,$0.79,,,,
Belvedere Elementary,5/22/2025,60021,Cooked  Brown Rice(1 cup cooked),0,0,0,55,50,0,50,$5.50,0,0.00%,$0.00,$5.50,5,9.09%,$0.55,$6.05,,,,
Belvedere Elementary,5/22/2025,60035,PB&J Power Pack(Power Packs),85,0,85,55,24,25,49,$52.92,0,0.00%,$0.00,$52.92,6,10.91%,$6.48,$59.40,,,,
Belvedere Elementary,5/22/2025,60037,Strawberry & Banana Yogurt Power Pack(Power Packs),20,0,20,25,15,4,19,$15.20,0,0.00%,$0.00,$15.20,6,24.00%,$4.80,$20.00,,,,
Belvedere Elementary,5/22/2025,60047,Chicken Tenders(3 tenders),0,0,0,17,12,5,17,$15.98,0,0.00%,$0.00,$15.98,0,0.00%,$0.00,$15.98,,,,
Belvedere Elementary,5/22/2025,60050,Chickenless Bites(2 Bites),0,0,0,158,108,50,158,$60.04,0,0.00%,$0.00,$60.04,0,0.00%,$0.00,$60.04,,,,
Belvedere Elementary,5/22/2025,60054,Steamed Broccoli(1/2 cup),75,0,75,35,35,0,35,$5.25,0,0.00%,$0.00,$5.25,0,0.00%,$0.00,$5.25,,,,
Belvedere Elementary,5/22/2025,60077,Manager's Vegetable Choice(1/4 cup),165,0,165,204,192,0,192,$0.00,0,0.00%,$0.00,$0.00,12,5.88%,$0.00,$0.00,,,,
Belvedere Elementary,5/22/2025,60087,Sweet Thai Chili Chicken Wings(3 Wings),0,0,0,41,27,5,32,$38.72,0,0.00%,$0.00,$38.72,9,21.95%,$10.89,$49.61,,,,
Belvedere Elementary,5/22/2025,60120,Asian Veggie Sub(sandwich),11,0,11,75,75,0,75,$141.75,0,0.00%,$0.00,$141.75,0,0.00%,$0.00,$141.75,,,,
Belvedere Elementary,5/22/2025,60124,Nachos with Cheese Sauce(Serving),0,0,0,10,3,7,10,$7.70,0,0.00%,$0.00,$7.70,0,0.00%,$0.00,$7.70,,,,
Bonnie Brae Elementary,5/22/2025,10033,Chocolate Chip Cookie(1/2 Cookie),87,0,87,0,0,0,0,$0.00,0,0.00%,$0.00,$0.00,0,0.00%,$0.00,$0.00,,,,
Bonnie Brae Elementary,5/22/2025,10044,Soft Pretzel(1 pretzel),22,0,22,30,26,0,26,$5.72,4,13.33%,$0.88,$6.60,0,0.00%,$0.00,$6.60,,,,
Bonnie Brae Elementary,5/22/2025,10062,Corn(1/4 cup (thawed)),236,0,236,110,100,0,100,$11.00,10,9.09%,$1.10,$12.10,0,0.00%,$0.00,$12.10,,,,
Bonnie Brae Elementary,5/22/2025,20001,1% White Milk(Each),116,0,116,133,123,0,123,$44.28,0,0.00%,$0.00,$44.28,10,7.52%,$3.60,$47.88,,,,
Bonnie Brae Elementary,5/22/2025,20002,Fat Free Chocolate Milk(Each),174,0,174,200,200,0,200,$70.00,0,0.00%,$0.00,$70.00,0,0.00%,$0.00,$70.00,,,,
Bonnie Brae Elementary,5/22/2025,20010,Fresh Whole Pear(Each),237,0,237,238,232,0,232,$129.92,6,2.52%,$3.36,$133.28,0,0.00%,$0.00,$133.28,,,,
Bonnie Brae Elementary,5/22/2025,20016,String Cheese(Each),9,0,9,0,0,0,0,$0.00,0,0.00%,$0.00,$0.00,0,0.00%,$0.00,$0.00,,,,
Bonnie Brae Elementary,5/22/2025,20028,Lettuce Blend Salad Mix(1 cup),34,0,34,33,33,0,33,$5.28,0,0.00%,$0.00,$5.28,0,0.00%,$0.00,$5.28,,,,
Bonnie Brae Elementary,5/22/2025,20028,Lettuce Blend Salad Mix(1/2 cup),129,0,129,160,157,0,157,$12.56,3,1.88%,$0.24,$12.80,0,0.00%,$0.00,$12.80,,,,
Bonnie Brae Elementary,5/22/2025,20031,Banana(Each),240,0,240,225,223,0,223,$46.83,2,0.89%,$0.42,$47.25,0,0.00%,$0.00,$47.25,,,,
Bonnie Brae Elementary,5/22/2025,20038,Fat Free White Milk(Each),22,0,22,50,35,0,35,$11.55,0,0.00%,$0.00,$11.55,15,30.00%,$4.95,$16.50,,,,
Bonnie Brae Elementary,5/22/2025,20052,Assorted  4 oz Yogurt(Container),0,0,0,0,0,0,0,$0.00,0,0.00%,$0.00,$0.00,0,0.00%,$0.00,$0.00,,,,
Bonnie Brae Elementary,5/22/2025,30008,Apple Juice(Each),32,0,32,0,0,0,0,$0.00,0,0.00%,$0.00,$0.00,0,0.00%,$0.00,$0.00,,,,
Bonnie Brae Elementary,5/22/2025,30009,Orange Tangerine Juice(Each),4,0,4,0,0,0,0,$0.00,0,0.00%,$0.00,$0.00,0,0.00%,$0.00,$0.00,,,,
Bonnie Brae Elementary,5/22/2025,30034,Graham Crackers(Package),36,0,36,36,36,0,36,$5.04,0,0.00%,$0.00,$5.04,0,0.00%,$0.00,$5.04,,,,
Bonnie Brae Elementary,5/22/2025,30037,IW Applesauce Cup(Each),35,0,35,36,36,0,36,$9.72,0,0.00%,$0.00,$9.72,0,0.00%,$0.00,$9.72,,,,
Bonnie Brae Elementary,5/22/2025,30039,Cherry Flavored Dried Cranberries(Each),181,0,181,220,216,0,216,$51.84,0,0.00%,$0.00,$51.84,4,1.82%,$0.96,$52.80,,,,
Bonnie Brae Elementary,5/22/2025,30041,Orange Flavored Dried Cranberries(Each),104,0,104,0,0,0,0,$0.00,0,0.00%,$0.00,$0.00,0,0.00%,$0.00,$0.00,,,,
Bonnie Brae Elementary,5/22/2025,30042,Original Flavored Dried Cranberries(Package),134,0,134,0,0,0,0,$0.00,0,0.00%,$0.00,$0.00,0,0.00%,$0.00,$0.00,,,,
Bonnie Brae Elementary,5/22/2025,30043,Raspberry Lemonade Flavored Dried Cranberries(Each),115,0,115,0,0,0,0,$0.00,0,0.00%,$0.00,$0.00,0,0.00%,$0.00,$0.00,,,,
Bonnie Brae Elementary,5/22/2025,30044,Strawberry Flavored Dried Cranberries(Each),0,0,0,0,0,0,0,$0.00,0,0.00%,$0.00,$0.00,0,0.00%,$0.00,$0.00,,,,
Bonnie Brae Elementary,5/22/2025,30045,Watermelon Flavored Dried Cranberries(Each),0,0,0,0,0,0,0,$0.00,0,0.00%,$0.00,$0.00,0,0.00%,$0.00,$0.00,,,,
Bonnie Brae Elementary,5/22/2025,30077,Italian Dressing(1 ounce),133,0,133,129,125,0,125,$10.00,4,3.10%,$0.32,$10.32,0,0.00%,$0.00,$10.32,,,,
Bonnie Brae Elementary,5/22/2025,30094,Doritos Wild White Nacho Flavored Tortilla Chips(Bag),84,0,84,30,30,0,30,$10.50,0,0.00%,$0.00,$10.50,0,0.00%,$0.00,$10.50,,,,
Bonnie Brae Elementary,5/22/2025,30097,Bottled Water(Bottle),26,0,26,20,20,0,20,$3.20,0,0.00%,$0.00,$3.20,0,0.00%,$0.00,$3.20,,,,
Bonnie Brae Elementary,5/22/2025,30099,Chickpeas(1/4 cup),72,0,72,99,96,0,96,$8.64,3,3.03%,$0.27,$8.91,0,0.00%,$0.00,$8.91,,,,
Bonnie Brae Elementary,5/22/2025,30107,Ranch Dressing(1 ounce),143,0,143,129,125,0,125,$13.75,4,3.10%,$0.44,$14.19,0,0.00%,$0.00,$14.19,,,,
Bonnie Brae Elementary,5/22/2025,30158,Black Beans(1/2 Cup),97,0,97,99,96,0,96,$16.32,3,3.03%,$0.51,$16.83,0,0.00%,$0.00,$16.83,,,,
Bonnie Brae Elementary,5/22/2025,60035,PB&J Power Pack(Power Packs),38,0,38,40,38,0,38,$41.04,0,0.00%,$0.00,$41.04,2,5.00%,$2.16,$43.20,,,,
Bonnie Brae Elementary,5/22/2025,60036,Cherry Vanilla Yogurt Power Pack(Power Packs),0,0,0,0,0,0,0,$0.00,0,0.00%,$0.00,$0.00,0,0.00%,$0.00,$0.00,,,,
Bonnie Brae Elementary,5/22/2025,60037,Strawberry & Banana Yogurt Power Pack(Power Packs),18,0,18,0,0,0,0,$0.00,0,0.00%,$0.00,$0.00,0,0.00%,$0.00,$0.00,,,,
Bonnie Brae Elementary,5/22/2025,60038,Peach Yogurt Power Pack(Power Packs),33,0,33,15,10,0,10,$8.00,0,0.00%,$0.00,$8.00,5,33.33%,$4.00,$12.00,,,,
Bonnie Brae Elementary,5/22/2025,60054,Steamed Broccoli(1/2 cup),189,0,189,256,253,0,253,$37.95,3,1.17%,$0.45,$38.40,0,0.00%,$0.00,$38.40,,,,
Bonnie Brae Elementary,5/22/2025,60077,Manager's Vegetable Choice(1/4 cup),272,0,272,402,390,0,390,$0.00,12,2.99%,$0.00,$0.00,0,0.00%,$0.00,$0.00,,,,
Bonnie Brae Elementary,5/22/2025,60120,Asian Veggie Sub(sandwich),42,0,42,13,8,0,8,$15.12,5,38.46%,$9.45,$24.57,0,0.00%,$0.00,$24.57,,,,
Bonnie Brae Elementary,5/22/2025,60122,Asian Meatball Sub(sandwich),94,0,94,302,278,22,300,$534.00,2,0.66%,$3.56,$537.56,0,0.00%,$0.00,$537.56,,,,
Braddock Elementary,5/22/2025,10044,Soft Pretzel(1 pretzel),10,0,10,10,10,0,10,$2.20,0,0.00%,$0.00,$2.20,0,0.00%,$0.00,$2.20,,,,
Braddock Elementary,5/22/2025,10062,Corn(1/4 cup (thawed)),334,0,334,340,340,0,340,$37.40,0,0.00%,$0.00,$37.40,0,0.00%,$0.00,$37.40,,,,
Braddock Elementary,5/22/2025,10073,Whole Strawberries(1/2 cup thawed),0,0,0,0,0,0,0,$0.00,0,0.00%,$0.00,$0.00,0,0.00%,$0.00,$0.00,,,,
Braddock Elementary,5/22/2025,20001,1% White Milk(Each),220,0,220,240,240,0,240,$86.40,0,0.00%,$0.00,$86.40,0,0.00%,$0.00,$86.40,,,,
Braddock Elementary,5/22/2025,20002,Fat Free Chocolate Milk(Each),329,0,329,450,450,0,450,$157.50,0,0.00%,$0.00,$157.50,0,0.00%,$0.00,$157.50,,,,
Braddock Elementary,5/22/2025,20010,Fresh Whole Pear(Each),334,0,334,375,375,0,375,$210.00,0,0.00%,$0.00,$210.00,0,0.00%,$0.00,$210.00,,,,
Braddock Elementary,5/22/2025,20028,Lettuce Blend Salad Mix(1 cup),51,0,51,50,50,0,50,$8.00,0,0.00%,$0.00,$8.00,0,0.00%,$0.00,$8.00,,,,
Braddock Elementary,5/22/2025,20028,Lettuce Blend Salad Mix(1/2 cup),424,0,424,450,450,0,450,$36.00,0,0.00%,$0.00,$36.00,0,0.00%,$0.00,$36.00,,,,
Braddock Elementary,5/22/2025,20031,Banana(Each),344,0,344,380,380,0,380,$79.80,0,0.00%,$0.00,$79.80,0,0.00%,$0.00,$79.80,,,,
Braddock Elementary,5/22/2025,20038,Fat Free White Milk(Each),170,0,170,25,25,0,25,$8.25,0,0.00%,$0.00,$8.25,0,0.00%,$0.00,$8.25,,,,
Braddock Elementary,5/22/2025,30034,Graham Crackers(Package),35,0,35,35,35,0,35,$4.90,0,0.00%,$0.00,$4.90,0,0.00%,$0.00,$4.90,,,,
Braddock Elementary,5/22/2025,30037,IW Applesauce Cup(Each),35,0,35,35,35,0,35,$9.45,0,0.00%,$0.00,$9.45,0,0.00%,$0.00,$9.45,,,,
Braddock Elementary,5/22/2025,30039,Cherry Flavored Dried Cranberries(Each),0,0,0,0,0,0,0,$0.00,0,0.00%,$0.00,$0.00,0,0.00%,$0.00,$0.00,,,,
Braddock Elementary,5/22/2025,30041,Orange Flavored Dried Cranberries(Each),0,0,0,0,0,0,0,$0.00,0,0.00%,$0.00,$0.00,0,0.00%,$0.00,$0.00,,,,
Braddock Elementary,5/22/2025,30042,Original Flavored Dried Cranberries(Package),0,0,0,0,0,0,0,$0.00,0,0.00%,$0.00,$0.00,0,0.00%,$0.00,$0.00,,,,
Braddock Elementary,5/22/2025,30043,Raspberry Lemonade Flavored Dried Cranberries(Each),0,0,0,0,0,0,0,$0.00,0,0.00%,$0.00,$0.00,0,0.00%,$0.00,$0.00,,,,
Braddock Elementary,5/22/2025,30044,Strawberry Flavored Dried Cranberries(Each),0,0,0,0,0,0,0,$0.00,0,0.00%,$0.00,$0.00,0,0.00%,$0.00,$0.00,,,,
Braddock Elementary,5/22/2025,30045,Watermelon Flavored Dried Cranberries(Each),0,0,0,0,0,0,0,$0.00,0,0.00%,$0.00,$0.00,0,0.00%,$0.00,$0.00,,,,
Braddock Elementary,5/22/2025,30077,Italian Dressing(1 ounce),173,0,173,0,0,0,0,$0.00,0,0.00%,$0.00,$0.00,0,0.00%,$0.00,$0.00,,,,
Braddock Elementary,5/22/2025,30099,Chickpeas(1/4 cup),4,0,4,0,0,0,0,$0.00,0,0.00%,$0.00,$0.00,0,0.00%,$0.00,$0.00,,,,
Braddock Elementary,5/22/2025,30107,Ranch Dressing(1 ounce),210,0,210,209,209,0,209,$22.99,0,0.00%,$0.00,$22.99,0,0.00%,$0.00,$22.99,,,,
Braddock Elementary,5/22/2025,30158,Black Beans(1/2 Cup),4,0,4,0,0,0,0,$0.00,0,0.00%,$0.00,$0.00,0,0.00%,$0.00,$0.00,,,,
Braddock Elementary,5/22/2025,60035,PB&J Power Pack(Power Packs),146,0,146,107,107,0,107,$115.56,0,0.00%,$0.00,$115.56,0,0.00%,$0.00,$115.56,,,,
Braddock Elementary,5/22/2025,60036,Cherry Vanilla Yogurt Power Pack(Power Packs),55,0,55,38,38,0,38,$30.40,0,0.00%,$0.00,$30.40,0,0.00%,$0.00,$30.40,,,,
Braddock Elementary,5/22/2025,60037,Strawberry & Banana Yogurt Power Pack(Power Packs),62,0,62,53,53,0,53,$42.40,0,0.00%,$0.00,$42.40,0,0.00%,$0.00,$42.40,,,,
Braddock Elementary,5/22/2025,60038,Peach Yogurt Power Pack(Power Packs),30,0,30,38,38,0,38,$30.40,0,0.00%,$0.00,$30.40,0,0.00%,$0.00,$30.40,,,,
Braddock Elementary,5/22/2025,60054,Steamed Broccoli(1/2 cup),100,0,100,0,0,0,0,$0.00,0,0.00%,$0.00,$0.00,0,0.00%,$0.00,$0.00,,,,
Braddock Elementary,5/22/2025,60077,Manager's Vegetable Choice(1/4 cup),375,0,375,400,400,0,400,$0.00,0,0.00%,$0.00,$0.00,0,0.00%,$0.00,$0.00,,,,
Braddock Elementary,5/22/2025,60120,Asian Veggie Sub(sandwich),159,0,159,208,208,0,208,$393.12,0,0.00%,$0.00,$393.12,0,0.00%,$0.00,$393.12,,,,
Braddock Elementary,5/22/2025,60122,Asian Meatball Sub(sandwich),518,0,518,313,313,0,313,$557.14,0,0.00%,$0.00,$557.14,0,0.00%,$0.00,$557.14,,,,
Braddock Elementary,5/22/2025,60150,Strawberry Parfait Power Pack(Power Pack),0,0,0,38,38,0,38,$61.94,0,0.00%,$0.00,$61.94,0,0.00%,$0.00,$61.94,,,,
Bren Mar Park Elementary,5/22/2025,10033,Chocolate Chip Cookie(1/2 Cookie),40,0,40,20,18,0,18,$2.52,2,10.00%,$0.28,$2.80,0,0.00%,$0.00,$2.80,,,,
Bren Mar Park Elementary,5/22/2025,10044,Soft Pretzel(1 pretzel),5,0,5,5,0,0,0,$0.00,5,100.00%,$0.00,$0.00,0,0.00%,$0.00,$0.00,,,,
Bren Mar Park Elementary,5/22/2025,20001,1% White Milk(Each),55,0,55,72,57,1,58,$20.88,2,2.78%,$0.72,$21.60,12,16.67%,$4.32,$25.92,,,,
Bren Mar Park Elementary,5/22/2025,20002,Fat Free Chocolate Milk(Each),177,0,177,200,196,0,196,$68.60,0,0.00%,$0.00,$68.60,4,2.00%,$1.40,$70.00,,,,
Bren Mar Park Elementary,5/22/2025,20008,Apple Slices(3 slices per 1/4 cup),448,0,448,448,448,0,448,$264.32,0,0.00%,$0.00,$264.32,0,0.00%,$0.00,$264.32,,,,
Bren Mar Park Elementary,5/22/2025,20017,Orange(1/4 cup),0,0,0,180,180,0,180,$30.60,0,0.00%,$0.00,$30.60,0,0.00%,$0.00,$30.60,,,,
Bren Mar Park Elementary,5/22/2025,20028,Lettuce Blend Salad Mix(1 cup),45,0,45,45,42,1,43,$6.88,2,4.44%,$0.32,$7.20,0,0.00%,$0.00,$7.20,,,,
Bren Mar Park Elementary,5/22/2025,20028,Lettuce Blend Salad Mix(1/2 cup),80,0,80,80,80,0,80,$6.40,0,0.00%,$0.00,$6.40,0,0.00%,$0.00,$6.40,,,,
Bren Mar Park Elementary,5/22/2025,20031,Banana(Each),45,0,45,45,42,1,43,$9.03,2,4.44%,$0.42,$9.45,0,0.00%,$0.00,$9.45,,,,
Bren Mar Park Elementary,5/22/2025,20036,Celery Sticks(1/2 cup),0,0,0,64,64,0,64,$35.20,0,0.00%,$0.00,$35.20,0,0.00%,$0.00,$35.20,,,,
Bren Mar Park Elementary,5/22/2025,20038,Fat Free White Milk(Each),13,0,13,30,11,0,11,$3.63,0,0.00%,$0.00,$3.63,19,63.33%,$6.27,$9.90,,,,
Bren Mar Park Elementary,5/22/2025,20043,"Lactose Free, White Milk(Each)",3,0,3,3,3,0,3,$1.74,0,0.00%,$0.00,$1.74,0,0.00%,$0.00,$1.74,,,,
Bren Mar Park Elementary,5/22/2025,30034,Graham Crackers(Package),18,0,18,17,16,1,17,$2.38,0,0.00%,$0.00,$2.38,0,0.00%,$0.00,$2.38,,,,
Bren Mar Park Elementary,5/22/2025,30037,IW Applesauce Cup(Each),18,0,18,17,16,0,16,$4.32,1,5.88%,$0.27,$4.59,0,0.00%,$0.00,$4.59,,,,
Bren Mar Park Elementary,5/22/2025,30039,Cherry Flavored Dried Cranberries(Each),30,0,30,30,30,0,30,$7.20,0,0.00%,$0.00,$7.20,0,0.00%,$0.00,$7.20,,,,
Bren Mar Park Elementary,5/22/2025,30077,Italian Dressing(1 ounce),12,0,12,12162,12162,0,12162,$972.96,0,0.00%,$0.00,$972.96,0,0.00%,$0.00,$972.96,,,,
Bren Mar Park Elementary,5/22/2025,30094,Doritos Wild White Nacho Flavored Tortilla Chips(Bag),10,0,10,15,6,0,6,$2.10,0,0.00%,$0.00,$2.10,9,60.00%,$3.15,$5.25,,,,
Bren Mar Park Elementary,5/22/2025,30097,Bottled Water(Bottle),5,0,5,5,4,0,4,$0.64,0,0.00%,$0.00,$0.64,1,20.00%,$0.16,$0.80,,,,
Bren Mar Park Elementary,5/22/2025,30099,Chickpeas(1/4 cup),20,0,20,20,20,0,20,$1.80,0,0.00%,$0.00,$1.80,0,0.00%,$0.00,$1.80,,,,
Bren Mar Park Elementary,5/22/2025,30107,Ranch Dressing(1 ounce),69,0,69,93,90,1,91,$10.01,2,2.15%,$0.22,$10.23,0,0.00%,$0.00,$10.23,,,,
Bren Mar Park Elementary,5/22/2025,30158,Black Beans(1/2 Cup),5,0,5,5,0,0,0,$0.00,5,100.00%,$0.00,$0.00,0,0.00%,$0.00,$0.00,,,,
Bren Mar Park Elementary,5/22/2025,60035,PB&J Power Pack(Power Packs),100,0,100,100,98,0,98,$105.84,0,0.00%,$0.00,$105.84,2,2.00%,$2.16,$108.00,,,,
Bren Mar Park Elementary,5/22/2025,60036,Cherry Vanilla Yogurt Power Pack(Power Packs),16,0,16,40,38,0,38,$30.40,0,0.00%,$0.00,$30.40,2,5.00%,$1.60,$32.00,,,,
Bren Mar Park Elementary,5/22/2025,60037,Strawberry & Banana Yogurt Power Pack(Power Packs),3,0,3,2,2,0,2,$1.60,0,0.00%,$0.00,$1.60,0,0.00%,$0.00,$1.60,,,,
Bren Mar Park Elementary,5/22/2025,60054,Steamed Broccoli(1/2 cup),104,0,104,96,96,0,96,$14.40,0,0.00%,$0.00,$14.40,0,0.00%,$0.00,$14.40,,,,
Bren Mar Park Elementary,5/22/2025,60120,Asian Veggie Sub(sandwich),104,0,104,129,129,0,129,$243.81,0,0.00%,$0.00,$243.81,0,0.00%,$0.00,$243.81,,,,
Bren Mar Park Elementary,5/22/2025,60122,Asian Meatball Sub(sandwich),129,0,129,109,68,7,75,$133.50,5,4.59%,$8.90,$142.40,29,26.61%,$51.62,$194.02,,,,
Brookfield Elementary,5/22/2025,10033,Chocolate Chip Cookie(1/2 Cookie),0,0,0,0,0,0,0,$0.00,0,0.00%,$0.00,$0.00,0,0.00%,$0.00,$0.00,,,,
Brookfield Elementary,5/22/2025,10044,Soft Pretzel(1 pretzel),6,0,6,0,0,0,0,$0.00,0,0.00%,$0.00,$0.00,0,0.00%,$0.00,$0.00,,,,
Brookfield Elementary,5/22/2025,10062,Corn(1/4 cup (thawed)),250,0,250,256,249,0,249,$27.39,0,0.00%,$0.00,$27.39,7,2.73%,$0.77,$28.16,,,,
Brookfield Elementary,5/22/2025,20001,1% White Milk(Each),86,0,86,77,53,0,53,$19.08,0,0.00%,$0.00,$19.08,24,31.17%,$8.64,$27.72,,,,
Brookfield Elementary,5/22/2025,20002,Fat Free Chocolate Milk(Each),380,0,380,386,358,0,358,$125.30,0,0.00%,$0.00,$125.30,28,7.25%,$9.80,$135.10,,,,
Brookfield Elementary,5/22/2025,20014,Red Delicious Apple(Each - serving),260,0,260,260,209,0,209,$68.97,0,0.00%,$0.00,$68.97,51,19.62%,$16.83,$85.80,,,,
Brookfield Elementary,5/22/2025,20016,String Cheese(Each),0,0,0,0,0,0,0,$0.00,0,0.00%,$0.00,$0.00,0,0.00%,$0.00,$0.00,,,,
Brookfield Elementary,5/22/2025,20023,Baby Carrots(3 baby carrots per 1/4 cup),0,0,0,184,182,0,182,$16.38,0,0.00%,$0.00,$16.38,2,1.09%,$0.18,$16.56,,,,
Brookfield Elementary,5/22/2025,20028,Lettuce Blend Salad Mix(1 cup),156,0,156,149,145,0,145,$23.20,4,2.68%,$0.64,$23.84,0,0.00%,$0.00,$23.84,,,,
Brookfield Elementary,5/22/2025,20031,Banana(Each),266,0,266,221,218,0,218,$45.78,0,0.00%,$0.00,$45.78,3,1.36%,$0.63,$46.41,,,,
Brookfield Elementary,5/22/2025,20038,Fat Free White Milk(Each),40,0,40,21,4,0,4,$1.32,0,0.00%,$0.00,$1.32,17,80.95%,$5.61,$6.93,,,,
Brookfield Elementary,5/22/2025,20052,Assorted  4 oz Yogurt(Container),0,0,0,1,0,1,1,$0.00,0,0.00%,$0.00,$0.00,0,0.00%,$0.00,$0.00,,,,
Brookfield Elementary,5/22/2025,30008,Apple Juice(Each),0,0,0,0,0,0,0,$0.00,0,0.00%,$0.00,$0.00,0,0.00%,$0.00,$0.00,,,,
Brookfield Elementary,5/22/2025,30009,Orange Tangerine Juice(Each),0,0,0,0,0,0,0,$0.00,0,0.00%,$0.00,$0.00,0,0.00%,$0.00,$0.00,,,,
Brookfield Elementary,5/22/2025,30034,Graham Crackers(Package),36,0,36,28,0,28,28,$0.00,0,0.00%,$0.00,$0.00,0,0.00%,$0.00,$0.00,,,,
Brookfield Elementary,5/22/2025,30037,IW Applesauce Cup(Each),36,0,36,28,0,28,28,$0.00,0,0.00%,$0.00,$0.00,0,0.00%,$0.00,$0.00,,,,
Brookfield Elementary,5/22/2025,30044,Strawberry Flavored Dried Cranberries(Each),0,0,0,100,86,0,86,$20.64,0,0.00%,$0.00,$20.64,14,14.00%,$3.36,$24.00,,,,
Brookfield Elementary,5/22/2025,30077,Italian Dressing(1 ounce),48,0,48,42,40,0,40,$3.20,0,0.00%,$0.00,$3.20,2,4.76%,$0.16,$3.36,,,,
Brookfield Elementary,5/22/2025,30094,Doritos Wild White Nacho Flavored Tortilla Chips(Bag),0,0,0,0,0,0,0,$0.00,0,0.00%,$0.00,$0.00,0,0.00%,$0.00,$0.00,,,,
Brookfield Elementary,5/22/2025,30097,Bottled Water(Bottle),0,0,0,0,0,0,0,$0.00,0,0.00%,$0.00,$0.00,0,0.00%,$0.00,$0.00,,,,
Brookfield Elementary,5/22/2025,30107,Ranch Dressing(1 ounce),108,0,108,101,98,0,98,$10.78,0,0.00%,$0.00,$10.78,3,2.97%,$0.33,$11.11,,,,
Brookfield Elementary,5/22/2025,30158,Black Beans(1/2 Cup),100,0,100,66,60,0,60,$10.20,0,0.00%,$0.00,$10.20,6,9.09%,$1.02,$11.22,,,,
Brookfield Elementary,5/22/2025,60035,PB&J Power Pack(Power Packs),120,0,120,179,174,0,174,$187.92,0,0.00%,$0.00,$187.92,5,2.79%,$5.40,$193.32,,,,
Brookfield Elementary,5/22/2025,60037,Strawberry & Banana Yogurt Power Pack(Power Packs),40,0,40,42,38,0,38,$30.40,0,0.00%,$0.00,$30.40,4,9.52%,$3.20,$33.60,,,,
Brookfield Elementary,5/22/2025,60120,Asian Veggie Sub(sandwich),306,0,306,274,267,1,268,$506.52,6,2.19%,$11.34,$517.86,0,0.00%,$0.00,$517.86,,,,
Brookfield Elementary,5/22/2025,60122,Asian Meatball Sub(sandwich),130,0,130,66,52,8,60,$106.80,6,9.09%,$10.68,$117.48,0,0.00%,$0.00,$117.48,,,,
Bucknell Elementary,5/22/2025,10062,Corn(1/4 cup (thawed)),73,0,73,32,30,0,30,$3.30,2,6.25%,$0.22,$3.52,0,0.00%,$0.00,$3.52,,,,
Bucknell Elementary,5/22/2025,20001,1% White Milk(Each),43,0,43,55,35,0,35,$12.60,0,0.00%,$0.00,$12.60,20,36.36%,$7.20,$19.80,,,,
Bucknell Elementary,5/22/2025,20002,Fat Free Chocolate Milk(Each),130,0,130,400,150,0,150,$52.50,0,0.00%,$0.00,$52.50,250,62.50%,$87.50,$140.00,,,,
Bucknell Elementary,5/22/2025,20008,Apple Slices(3 slices per 1/4 cup),0,0,0,29,29,0,29,$17.11,0,0.00%,$0.00,$17.11,0,0.00%,$0.00,$17.11,,,,
Bucknell Elementary,5/22/2025,20028,Lettuce Blend Salad Mix(1 cup),69,0,69,67,65,2,67,$10.72,0,0.00%,$0.00,$10.72,0,0.00%,$0.00,$10.72,,,,
Bucknell Elementary,5/22/2025,20028,Lettuce Blend Salad Mix(1/2 cup),79,0,79,120,115,4,119,$9.52,0,0.00%,$0.00,$9.52,1,0.83%,$0.08,$9.60,,,,
Bucknell Elementary,5/22/2025,20031,Banana(Each),69,0,69,67,65,2,67,$14.07,0,0.00%,$0.00,$14.07,0,0.00%,$0.00,$14.07,,,,
Bucknell Elementary,5/22/2025,20038,Fat Free White Milk(Each),10,0,10,19,4,0,4,$1.32,0,0.00%,$0.00,$1.32,15,78.95%,$4.95,$6.27,,,,
Bucknell Elementary,5/22/2025,20047,Orange Slices(3 slices per 1/4 cup),0,0,0,170,150,3,153,$30.60,0,0.00%,$0.00,$30.60,17,10.00%,$3.40,$34.00,,,,
Bucknell Elementary,5/22/2025,20080,"Carrots, Shredded(Cup)",0,0,0,72,56,4,60,$19.80,0,0.00%,$0.00,$19.80,12,16.67%,$3.96,$23.76,,,,
Bucknell Elementary,5/22/2025,30024,Black Beans(1/2 Cup),0,0,0,12,9,0,9,$1.53,0,0.00%,$0.00,$1.53,3,25.00%,$0.51,$2.04,,,,
Bucknell Elementary,5/22/2025,30034,Graham Crackers(Package),33,0,33,29,29,0,29,$4.06,0,0.00%,$0.00,$4.06,0,0.00%,$0.00,$4.06,,,,
Bucknell Elementary,5/22/2025,30041,Orange Flavored Dried Cranberries(Each),15,0,15,20,15,0,15,$3.60,0,0.00%,$0.00,$3.60,5,25.00%,$1.20,$4.80,,,,
Bucknell Elementary,5/22/2025,30068,Chilled Peaches(1/2 cup (drained)),0,0,0,68,66,0,66,$33.66,0,0.00%,$0.00,$33.66,2,2.94%,$1.02,$34.68,,,,
Bucknell Elementary,5/22/2025,30077,Italian Dressing(1 ounce),7,0,7,13,7,0,7,$0.56,0,0.00%,$0.00,$0.56,6,46.15%,$0.48,$1.04,,,,
Bucknell Elementary,5/22/2025,30103,"Milk, Lactose Free,  Fat Free, Shelf-Stable(Each)",0,0,0,2,2,0,2,$0.96,0,0.00%,$0.00,$0.96,0,0.00%,$0.00,$0.96,,,,
Bucknell Elementary,5/22/2025,30107,Ranch Dressing(1 ounce),98,0,98,102,91,5,96,$10.56,0,0.00%,$0.00,$10.56,6,5.88%,$0.66,$11.22,,,,
Bucknell Elementary,5/22/2025,60009,"Sandwich, Turkey & Cheese(sandwich)",0,0,0,10,10,0,10,$6.90,0,0.00%,$0.00,$6.90,0,0.00%,$0.00,$6.90,,,,
Bucknell Elementary,5/22/2025,60022,Tex Mex Corn(1/2 cup),0,0,0,32,23,3,26,$12.48,0,0.00%,$0.00,$12.48,6,18.75%,$2.88,$15.36,,,,
Bucknell Elementary,5/22/2025,60035,PB&J Power Pack(Power Packs),53,0,53,70,66,0,66,$71.28,0,0.00%,$0.00,$71.28,4,5.71%,$4.32,$75.60,,,,
Bucknell Elementary,5/22/2025,60037,Strawberry & Banana Yogurt Power Pack(Power Packs),15,0,15,15,7,0,7,$5.60,0,0.00%,$0.00,$5.60,8,53.33%,$6.40,$12.00,,,,
Bucknell Elementary,5/22/2025,60060,Hamburger(Sandwich),0,0,0,21,21,0,21,$14.07,0,0.00%,$0.00,$14.07,0,0.00%,$0.00,$14.07,,,,
Bucknell Elementary,5/22/2025,60120,Asian Veggie Sub(sandwich),134,0,134,176,164,5,169,$319.41,0,0.00%,$0.00,$319.41,7,3.98%,$13.23,$332.64,,,,
Bucknell Elementary,5/22/2025,60121,"Sauce, Spicy Mayo(tbsp)",0,0,0,48,42,3,45,$4.05,0,0.00%,$0.00,$4.05,3,6.25%,$0.27,$4.32,,,,
Bucknell Elementary,5/22/2025,60122,Asian Meatball Sub(sandwich),7,0,7,11,7,1,8,$14.24,0,0.00%,$0.00,$14.24,3,27.27%,$5.34,$19.58,,,,
Bull Run Elementary,5/22/2025,20001,1% White Milk(Each),50,0,50,109,85,0,85,$30.60,0,0.00%,$0.00,$30.60,24,22.02%,$8.64,$39.24,,,,
Bull Run Elementary,5/22/2025,20002,Fat Free Chocolate Milk(Each),308,0,308,380,356,0,356,$124.60,0,0.00%,$0.00,$124.60,24,6.32%,$8.40,$133.00,,,,
Bull Run Elementary,5/22/2025,20028,Lettuce Blend Salad Mix(1 cup),12,0,12,9,9,0,9,$1.44,0,0.00%,$0.00,$1.44,0,0.00%,$0.00,$1.44,,,,
Bull Run Elementary,5/22/2025,20028,Lettuce Blend Salad Mix(1/2 cup),113,0,113,100,96,0,96,$7.68,0,0.00%,$0.00,$7.68,4,4.00%,$0.32,$8.00,,,,
Bull Run Elementary,5/22/2025,20031,Banana(Each),163,0,163,66,66,0,66,$13.86,0,0.00%,$0.00,$13.86,0,0.00%,$0.00,$13.86,,,,
Bull Run Elementary,5/22/2025,20038,Fat Free White Milk(Each),5,0,5,50,27,0,27,$8.91,0,0.00%,$0.00,$8.91,23,46.00%,$7.59,$16.50,,,,
Bull Run Elementary,5/22/2025,20043,"Lactose Free, White Milk(Each)",0,0,0,1,1,0,1,$0.58,0,0.00%,$0.00,$0.58,0,0.00%,$0.00,$0.58,,,,
Bull Run Elementary,5/22/2025,20047,Orange Slices(3 slices per 1/4 cup),0,0,0,250,230,0,230,$46.00,0,0.00%,$0.00,$46.00,20,8.00%,$4.00,$50.00,,,,
Bull Run Elementary,5/22/2025,20074,"Apple Slices(3 slices, 1/4 cup)",0,0,0,200,185,0,185,$33.30,0,0.00%,$0.00,$33.30,15,7.50%,$2.70,$36.00,,,,
Bull Run Elementary,5/22/2025,30034,Graham Crackers(Package),13,0,13,9,9,0,9,$1.26,0,0.00%,$0.00,$1.26,0,0.00%,$0.00,$1.26,,,,
Bull Run Elementary,5/22/2025,30037,IW Applesauce Cup(Each),13,0,13,9,9,0,9,$2.43,0,0.00%,$0.00,$2.43,0,0.00%,$0.00,$2.43,,,,
Bull Run Elementary,5/22/2025,30044,Strawberry Flavored Dried Cranberries(Each),14,0,14,60,58,0,58,$13.92,0,0.00%,$0.00,$13.92,2,3.33%,$0.48,$14.40,,,,
Bull Run Elementary,5/22/2025,30077,Italian Dressing(1 ounce),11,0,11,20,10,0,10,$0.80,0,0.00%,$0.00,$0.80,10,50.00%,$0.80,$1.60,,,,
Bull Run Elementary,5/22/2025,30107,Ranch Dressing(1 ounce),161,0,161,190,170,0,170,$18.70,0,0.00%,$0.00,$18.70,20,10.53%,$2.20,$20.90,,,,
Bull Run Elementary,5/22/2025,30158,Black Beans(1/2 Cup),10,0,10,10,5,0,5,$0.85,0,0.00%,$0.00,$0.85,5,50.00%,$0.85,$1.70,,,,
Bull Run Elementary,5/22/2025,60035,PB&J Power Pack(Power Packs),73,0,73,160,160,0,160,$172.80,0,0.00%,$0.00,$172.80,0,0.00%,$0.00,$172.80,,,,
Bull Run Elementary,5/22/2025,60037,Strawberry & Banana Yogurt Power Pack(Power Packs),13,0,13,20,18,0,18,$14.40,0,0.00%,$0.00,$14.40,2,10.00%,$1.60,$16.00,,,,
Bull Run Elementary,5/22/2025,60077,Manager's Vegetable Choice(1/4 cup),80,0,80,60,40,0,40,$0.00,0,0.00%,$0.00,$0.00,20,33.33%,$0.00,$0.00,,,,
Bull Run Elementary,5/22/2025,60120,Asian Veggie Sub(sandwich),182,0,182,71,65,1,66,$124.74,0,0.00%,$0.00,$124.74,5,7.04%,$9.45,$134.19,,,,
Bull Run Elementary,5/22/2025,60122,Asian Meatball Sub(sandwich),136,0,136,229,204,9,213,$379.14,0,0.00%,$0.00,$379.14,16,6.99%,$28.48,$407.62,,,,
Bush Hill Elementary,5/22/2025,10033,Chocolate Chip Cookie(1/2 Cookie),100,0,100,0,0,0,0,$0.00,0,0.00%,$0.00,$0.00,0,0.00%,$0.00,$0.00,,,,
Bush Hill Elementary,5/22/2025,10044,Soft Pretzel(1 pretzel),5,0,5,20,0,15,15,$0.00,5,25.00%,$0.00,$0.00,0,0.00%,$0.00,$0.00,,,,
Bush Hill Elementary,5/22/2025,10062,Corn(1/4 cup (thawed)),100,0,100,64,59,0,59,$6.49,0,0.00%,$0.00,$6.49,5,7.81%,$0.55,$7.04,,,,
Bush Hill Elementary,5/22/2025,10073,Whole Strawberries(1/2 cup thawed),100,0,100,0,0,0,0,$0.00,0,0.00%,$0.00,$0.00,0,0.00%,$0.00,$0.00,,,,
Bush Hill Elementary,5/22/2025,20001,1% White Milk(Each),57,0,57,76,31,0,31,$11.16,0,0.00%,$0.00,$11.16,45,59.21%,$16.20,$27.36,,,,
Bush Hill Elementary,5/22/2025,20002,Fat Free Chocolate Milk(Each),200,0,200,331,175,0,175,$61.25,0,0.00%,$0.00,$61.25,156,47.13%,$54.60,$115.85,,,,
Bush Hill Elementary,5/22/2025,20010,Fresh Whole Pear(Each),100,0,100,0,0,0,0,$0.00,0,0.00%,$0.00,$0.00,0,0.00%,$0.00,$0.00,,,,
Bush Hill Elementary,5/22/2025,20016,String Cheese(Each),5,0,5,0,0,0,0,$0.00,0,0.00%,$0.00,$0.00,0,0.00%,$0.00,$0.00,,,,
Bush Hill Elementary,5/22/2025,20017,Orange(1/4 cup),0,0,0,136,126,0,126,$21.42,0,0.00%,$0.00,$21.42,10,7.35%,$1.70,$23.12,,,,
Bush Hill Elementary,5/22/2025,20023,Baby Carrots(3 baby carrots per 1/4 cup),0,0,0,96,96,0,96,$8.64,0,0.00%,$0.00,$8.64,0,0.00%,$0.00,$8.64,,,,
Bush Hill Elementary,5/22/2025,20028,Lettuce Blend Salad Mix(1 cup),20,0,20,15,15,0,15,$2.40,0,0.00%,$0.00,$2.40,0,0.00%,$0.00,$2.40,,,,
Bush Hill Elementary,5/22/2025,20028,Lettuce Blend Salad Mix(1/2 cup),150,0,150,120,118,0,118,$9.44,2,1.67%,$0.16,$9.60,0,0.00%,$0.00,$9.60,,,,
Bush Hill Elementary,5/22/2025,20031,Banana(Each),120,0,120,130,84,0,84,$17.64,0,0.00%,$0.00,$17.64,46,35.38%,$9.66,$27.30,,,,
Bush Hill Elementary,5/22/2025,20038,Fat Free White Milk(Each),50,0,50,10,6,0,6,$1.98,0,0.00%,$0.00,$1.98,4,40.00%,$1.32,$3.30,,,,
Bush Hill Elementary,5/22/2025,20052,Assorted  4 oz Yogurt(Container),5,0,5,0,0,0,0,$0.00,0,0.00%,$0.00,$0.00,0,0.00%,$0.00,$0.00,,,,
Bush Hill Elementary,5/22/2025,20074,"Apple Slices(3 slices, 1/4 cup)",0,0,0,194,194,0,194,$34.92,0,0.00%,$0.00,$34.92,0,0.00%,$0.00,$34.92,,,,
Bush Hill Elementary,5/22/2025,30008,Apple Juice(Each),50,0,50,0,0,0,0,$0.00,0,0.00%,$0.00,$0.00,0,0.00%,$0.00,$0.00,,,,
Bush Hill Elementary,5/22/2025,30009,Orange Tangerine Juice(Each),50,0,50,0,0,0,0,$0.00,0,0.00%,$0.00,$0.00,0,0.00%,$0.00,$0.00,,,,
Bush Hill Elementary,5/22/2025,30031,Strawberry Chex Mix(Package),0,0,0,15,0,5,5,$0.00,0,0.00%,$0.00,$0.00,10,66.67%,$0.00,$0.00,,,,
Bush Hill Elementary,5/22/2025,30039,Cherry Flavored Dried Cranberries(Each),10,0,10,100,80,0,80,$19.20,0,0.00%,$0.00,$19.20,20,20.00%,$4.80,$24.00,,,,
Bush Hill Elementary,5/22/2025,30041,Orange Flavored Dried Cranberries(Each),10,0,10,0,0,0,0,$0.00,0,0.00%,$0.00,$0.00,0,0.00%,$0.00,$0.00,,,,
Bush Hill Elementary,5/22/2025,30042,Original Flavored Dried Cranberries(Package),10,0,10,0,0,0,0,$0.00,0,0.00%,$0.00,$0.00,0,0.00%,$0.00,$0.00,,,,
Bush Hill Elementary,5/22/2025,30043,Raspberry Lemonade Flavored Dried Cranberries(Each),10,0,10,0,0,0,0,$0.00,0,0.00%,$0.00,$0.00,0,0.00%,$0.00,$0.00,,,,
Bush Hill Elementary,5/22/2025,30044,Strawberry Flavored Dried Cranberries(Each),10,0,10,0,0,0,0,$0.00,0,0.00%,$0.00,$0.00,0,0.00%,$0.00,$0.00,,,,
Bush Hill Elementary,5/22/2025,30045,Watermelon Flavored Dried Cranberries(Each),10,0,10,0,0,0,0,$0.00,0,0.00%,$0.00,$0.00,0,0.00%,$0.00,$0.00,,,,
Bush Hill Elementary,5/22/2025,30061,Chilled Mandarin Oranges(1/2 cup (drained)),0,0,0,100,90,0,90,$30.60,0,0.00%,$0.00,$30.60,10,10.00%,$3.40,$34.00,,,,
Bush Hill Elementary,5/22/2025,30077,Italian Dressing(1 ounce),51,0,51,31,21,0,21,$1.68,0,0.00%,$0.00,$1.68,10,32.26%,$0.80,$2.48,,,,
Bush Hill Elementary,5/22/2025,30094,Doritos Wild White Nacho Flavored Tortilla Chips(Bag),100,0,100,72,0,71,71,$0.00,1,1.39%,$0.00,$0.00,0,0.00%,$0.00,$0.00,,,,
Bush Hill Elementary,5/22/2025,30097,Bottled Water(Bottle),50,0,50,40,0,28,28,$0.00,0,0.00%,$0.00,$0.00,12,30.00%,$0.00,$0.00,,,,
Bush Hill Elementary,5/22/2025,30099,Chickpeas(1/4 cup),50,0,50,20,17,0,17,$1.53,3,15.00%,$0.27,$1.80,0,0.00%,$0.00,$1.80,,,,
Bush Hill Elementary,5/22/2025,30107,Ranch Dressing(1 ounce),151,0,151,151,141,0,141,$15.51,0,0.00%,$0.00,$15.51,10,6.62%,$1.10,$16.61,,,,
Bush Hill Elementary,5/22/2025,30158,Black Beans(1/2 Cup),5,0,5,0,0,0,0,$0.00,0,0.00%,$0.00,$0.00,0,0.00%,$0.00,$0.00,,,,
Bush Hill Elementary,5/22/2025,60035,PB&J Power Pack(Power Packs),50,0,50,55,51,2,53,$57.24,0,0.00%,$0.00,$57.24,2,3.64%,$2.16,$59.40,,,,
Bush Hill Elementary,5/22/2025,60036,Cherry Vanilla Yogurt Power Pack(Power Packs),10,0,10,0,0,0,0,$0.00,0,0.00%,$0.00,$0.00,0,0.00%,$0.00,$0.00,,,,
Bush Hill Elementary,5/22/2025,60037,Strawberry & Banana Yogurt Power Pack(Power Packs),30,0,30,2,2,0,2,$1.60,0,0.00%,$0.00,$1.60,0,0.00%,$0.00,$1.60,,,,
Bush Hill Elementary,5/22/2025,60038,Peach Yogurt Power Pack(Power Packs),10,0,10,22,20,0,20,$16.00,0,0.00%,$0.00,$16.00,2,9.09%,$1.60,$17.60,,,,
Bush Hill Elementary,5/22/2025,60040,Grilled Cheese Sandwich(Sandwich),0,0,0,50,50,0,50,$21.00,0,0.00%,$0.00,$21.00,0,0.00%,$0.00,$21.00,,,,
Bush Hill Elementary,5/22/2025,60054,Steamed Broccoli(1/2 cup),100,0,100,42,37,0,37,$5.55,0,0.00%,$0.00,$5.55,5,11.90%,$0.75,$6.30,,,,
Bush Hill Elementary,5/22/2025,60077,Manager's Vegetable Choice(1/4 cup),50,0,50,0,0,0,0,$0.00,0,0.00%,$0.00,$0.00,0,0.00%,$0.00,$0.00,,,,
Bush Hill Elementary,5/22/2025,60078,Nachos with Turkey Barbacoa and Cheese Sauce(Serving),0,0,0,40,32,8,40,$53.20,0,0.00%,$0.00,$53.20,0,0.00%,$0.00,$53.20,,,,
Bush Hill Elementary,5/22/2025,60120,Asian Veggie Sub(sandwich),165,0,165,110,85,13,98,$185.22,2,1.82%,$3.78,$189.00,10,9.09%,$18.90,$207.90,,,,
Bush Hill Elementary,5/22/2025,60122,Asian Meatball Sub(sandwich),105,0,105,45,43,2,45,$80.10,0,0.00%,$0.00,$80.10,0,0.00%,$0.00,$80.10,,,,
Bush Hill Elementary,5/22/2025,60124,Nachos with Cheese Sauce(Serving),0,0,0,17,11,6,17,$13.09,0,0.00%,$0.00,$13.09,0,0.00%,$0.00,$13.09,,,,
Bush Hill Elementary,5/22/2025,60150,Strawberry Parfait Power Pack(Power Pack),10,0,10,0,0,0,0,$0.00,0,0.00%,$0.00,$0.00,0,0.00%,$0.00,$0.00,,,,
CHANTILLY HS,5/22/2025,10013,"Patty, Chicken, Spicy, Breaded(2 strips)",0,0,0,150,119,31,150,$54.00,0,0.00%,$0.00,$54.00,0,0.00%,$0.00,$54.00,,,,
CHANTILLY HS,5/22/2025,10015,Baked Cheese Sticks(2 Cheese Sticks),384,48,432,480,288,122,410,$270.60,0,0.00%,$0.00,$270.60,70,14.58%,$46.20,$316.80,,,,
CHANTILLY HS,5/22/2025,10026,Chickenless Bites(4 Bites),112,56,168,106,52,1,53,$38.69,0,0.00%,$0.00,$38.69,53,50.00%,$38.69,$77.38,,,,
CHANTILLY HS,5/22/2025,10033,Chocolate Chip Cookie(Cookie),0,385,385,398,0,370,370,$0.00,0,0.00%,$0.00,$0.00,28,7.04%,$0.00,$0.00,,,,
CHANTILLY HS,5/22/2025,10044,Soft Pretzel(1 pretzel),12,24,36,36,14,14,28,$6.16,0,0.00%,$0.00,$6.16,8,22.22%,$1.76,$7.92,,,,
CHANTILLY HS,5/22/2025,10049,"WG 10"" Flour Tortilla(Tortilla)",144,48,192,150,106,31,137,$47.95,0,0.00%,$0.00,$47.95,13,8.67%,$4.55,$52.50,,,,
CHANTILLY HS,5/22/2025,10062,Corn(2 Tablespoons (thawed)),148,48,196,96,61,35,96,$4.80,0,0.00%,$0.00,$4.80,0,0.00%,$0.00,$4.80,,,,
CHANTILLY HS,5/22/2025,20002,Fat Free Chocolate Milk(Each),380,20,400,1117,347,19,366,$128.10,0,0.00%,$0.00,$128.10,751,67.23%,$262.85,$390.95,,,,
CHANTILLY HS,5/22/2025,20006,"Cheese, Shredded, Cheddar(1/4 cup)",224,32,256,192,157,35,192,$32.64,0,0.00%,$0.00,$32.64,0,0.00%,$0.00,$32.64,,,,
CHANTILLY HS,5/22/2025,20013,Gala Apple(Each),0,0,0,297,205,0,205,$75.85,0,0.00%,$0.00,$75.85,92,30.98%,$34.04,$109.89,,,,
CHANTILLY HS,5/22/2025,20016,String Cheese(Each),10,10,20,15,14,1,15,$3.30,0,0.00%,$0.00,$3.30,0,0.00%,$0.00,$3.30,,,,
CHANTILLY HS,5/22/2025,20017,Orange(1/4 cup),0,0,0,66,43,0,43,$7.31,0,0.00%,$0.00,$7.31,23,34.85%,$3.91,$11.22,,,,
CHANTILLY HS,5/22/2025,20018,Red Seedless Grapes(16 grapes per 1/2 cup),0,0,0,966,886,11,897,$457.47,0,0.00%,$0.00,$457.47,69,7.14%,$35.19,$492.66,,,,
CHANTILLY HS,5/22/2025,20023,Baby Carrots(3 baby carrots per 1/4 cup),0,0,0,96,72,0,72,$6.48,0,0.00%,$0.00,$6.48,24,25.00%,$2.16,$8.64,,,,
CHANTILLY HS,5/22/2025,20027,Broccoli Florets(1/4 cup),147,21,168,105,84,0,84,$6.72,0,0.00%,$0.00,$6.72,21,20.00%,$1.68,$8.40,,,,
CHANTILLY HS,5/22/2025,20028,Lettuce Blend Salad Mix(1/2 cup),120,20,140,160,140,0,140,$11.20,0,0.00%,$0.00,$11.20,20,12.50%,$1.60,$12.80,,,,
CHANTILLY HS,5/22/2025,20031,Banana(Each),430,10,440,216,193,0,193,$40.53,0,0.00%,$0.00,$40.53,23,10.65%,$4.83,$45.36,,,,
CHANTILLY HS,5/22/2025,20035,"Onions, Red, Whole(2 Tablespoons (sliced))",60,20,80,80,45,15,60,$1.80,0,0.00%,$0.00,$1.80,20,25.00%,$0.60,$2.40,,,,
CHANTILLY HS,5/22/2025,20052,Assorted  4 oz Yogurt(Container),5,5,10,2,0,0,0,$0.00,0,0.00%,$0.00,$0.00,2,100.00%,$0.00,$0.00,,,,
CHANTILLY HS,5/22/2025,20072,"Tomato, Large, whole, Plum(1/4 cup sliced)",0,0,0,144,109,35,144,$27.36,0,0.00%,$0.00,$27.36,0,0.00%,$0.00,$27.36,,,,
CHANTILLY HS,5/22/2025,30002,Sub Roll(Sub Roll),9,3,12,12,3,0,3,$0.93,0,0.00%,$0.00,$0.93,9,75.00%,$2.79,$3.72,,,,
CHANTILLY HS,5/22/2025,30008,Apple Juice(Each),0,40,40,40,0,31,31,$0.00,0,0.00%,$0.00,$0.00,9,22.50%,$0.00,$0.00,,,,
CHANTILLY HS,5/22/2025,30009,Orange Tangerine Juice(Each),0,40,40,10,0,7,7,$0.00,0,0.00%,$0.00,$0.00,3,30.00%,$0.00,$0.00,,,,
CHANTILLY HS,5/22/2025,30014,Whole Wheat Dinner Roll(2 rolls),0,0,0,112,52,1,53,$14.84,0,0.00%,$0.00,$14.84,59,52.68%,$16.52,$31.36,,,,
CHANTILLY HS,5/22/2025,30018,Marinara Sauce(1/4 Cup),384,48,432,139,139,0,139,$20.85,0,0.00%,$0.00,$20.85,0,0.00%,$0.00,$20.85,,,,
CHANTILLY HS,5/22/2025,30024,Black Beans(1/2 Cup),0,0,0,33,9,8,17,$2.89,0,0.00%,$0.00,$2.89,16,48.48%,$2.72,$5.61,,,,
CHANTILLY HS,5/22/2025,30030,Cheddar Chex Mix(Package),0,0,0,10,0,0,0,$0.00,0,0.00%,$0.00,$0.00,10,100.00%,$0.00,$0.00,,,,
CHANTILLY HS,5/22/2025,30031,Strawberry Chex Mix(Package),0,0,0,9,0,0,0,$0.00,0,0.00%,$0.00,$0.00,9,100.00%,$0.00,$0.00,,,,
CHANTILLY HS,5/22/2025,30033,Cheez-Its Crackers(Package),0,20,20,25,0,7,7,$0.00,0,0.00%,$0.00,$0.00,18,72.00%,$0.00,$0.00,,,,
CHANTILLY HS,5/22/2025,30039,Cherry Flavored Dried Cranberries(2 Eaches),0,0,0,200,57,0,57,$27.36,0,0.00%,$0.00,$27.36,143,71.50%,$68.64,$96.00,,,,
CHANTILLY HS,5/22/2025,30045,Watermelon Flavored Dried Cranberries(Each),180,20,200,35,35,0,35,$8.40,0,0.00%,$0.00,$8.40,0,0.00%,$0.00,$8.40,,,,
CHANTILLY HS,5/22/2025,30063,Ketchup Packet(Packet),1000,100,1100,1000,220,104,324,$9.72,0,0.00%,$0.00,$9.72,676,67.60%,$20.28,$30.00,,,,
CHANTILLY HS,5/22/2025,30064,Mayonnaise Packet(Packet),120,60,180,300,87,0,87,$8.70,0,0.00%,$0.00,$8.70,213,71.00%,$21.30,$30.00,,,,
CHANTILLY HS,5/22/2025,30065,Mustard Packet(Packet),64,68,132,200,45,28,73,$3.65,0,0.00%,$0.00,$3.65,127,63.50%,$6.35,$10.00,,,,
CHANTILLY HS,5/22/2025,30077,Italian Dressing(1 ounce),72,24,96,96,48,0,48,$3.84,0,0.00%,$0.00,$3.84,48,50.00%,$3.84,$7.68,,,,
CHANTILLY HS,5/22/2025,30097,Bottled Water(Bottle),0,120,120,120,0,80,80,$0.00,0,0.00%,$0.00,$0.00,40,33.33%,$0.00,$0.00,,,,
CHANTILLY HS,5/22/2025,30107,Ranch Dressing(1 ounce),288,48,336,384,265,35,300,$33.00,0,0.00%,$0.00,$33.00,84,21.88%,$9.24,$42.24,,,,
CHANTILLY HS,5/22/2025,30108,Fat Free Unflavored Shelf-Stable Milk(Each),0,0,0,171,55,5,60,$22.80,0,0.00%,$0.00,$22.80,111,64.91%,$42.18,$64.98,,,,
CHANTILLY HS,5/22/2025,30110,Doritos Flamas(Each),0,50,50,53,0,24,24,$0.00,0,0.00%,$0.00,$0.00,29,54.72%,$0.00,$0.00,,,,
CHANTILLY HS,5/22/2025,30111,Doritos RF Spicy Sweet Chili(Each),0,50,50,29,0,17,17,$0.00,0,0.00%,$0.00,$0.00,12,41.38%,$0.00,$0.00,,,,
CHANTILLY HS,5/22/2025,30112,Doritos RF Nacho Cheese(Each),0,20,20,35,0,22,22,$0.00,0,0.00%,$0.00,$0.00,13,37.14%,$0.00,$0.00,,,,
CHANTILLY HS,5/22/2025,30113,Cool Ranch Reduced Fat Doritos(Each),0,25,25,37,0,17,17,$0.00,0,0.00%,$0.00,$0.00,20,54.05%,$0.00,$0.00,,,,
CHANTILLY HS,5/22/2025,30114,SS Baked Cheetos Flaming Hot(Each),0,50,50,85,0,19,19,$0.00,0,0.00%,$0.00,$0.00,66,77.65%,$0.00,$0.00,,,,
CHANTILLY HS,5/22/2025,30115,SS Baked Cheetos Flaming Limon(Each),0,50,50,25,0,17,17,$0.00,0,0.00%,$0.00,$0.00,8,32.00%,$0.00,$0.00,,,,
CHANTILLY HS,5/22/2025,30116,SS Cheetos Fantastix Flaming Hot(Each),0,50,50,26,0,10,10,$0.00,0,0.00%,$0.00,$0.00,16,61.54%,$0.00,$0.00,,,,
CHANTILLY HS,5/22/2025,30117,WG Baked Funyuns(Each),0,20,20,20,0,11,11,$0.00,0,0.00%,$0.00,$0.00,9,45.00%,$0.00,$0.00,,,,
CHANTILLY HS,5/22/2025,30118,Kettle Cooked Smoky BBQ Chips(Each),0,32,32,35,0,30,30,$0.00,0,0.00%,$0.00,$0.00,5,14.29%,$0.00,$0.00,,,,
CHANTILLY HS,5/22/2025,30119,RF Kettle Chips Jalapeno & Cheddar Chips(Each),0,64,64,78,0,63,63,$0.00,0,0.00%,$0.00,$0.00,15,19.23%,$0.00,$0.00,,,,
CHANTILLY HS,5/22/2025,30120,RF Kettle Chips Sea Salt & Vinegar Chips(Each),0,64,64,64,0,49,49,$0.00,0,0.00%,$0.00,$0.00,15,23.44%,$0.00,$0.00,,,,
CHANTILLY HS,5/22/2025,30121,Kellogg’s W/G Rice Krispies Treats(Each),0,0,0,34,0,16,16,$0.00,0,0.00%,$0.00,$0.00,18,52.94%,$0.00,$0.00,,,,
CHANTILLY HS,5/22/2025,30122,WG Chocolate Chip Rice Krispy Treats(Each),0,0,0,42,0,40,40,$0.00,0,0.00%,$0.00,$0.00,2,4.76%,$0.00,$0.00,,,,
CHANTILLY HS,5/22/2025,30124,"Fruit Snacks, Welch's Mixed(Each)",0,50,50,43,0,43,43,$0.00,0,0.00%,$0.00,$0.00,0,0.00%,$0.00,$0.00,,,,
CHANTILLY HS,5/22/2025,60035,PB&J Power Pack(Power Packs),60,40,100,80,32,32,64,$69.12,0,0.00%,$0.00,$69.12,16,20.00%,$17.28,$86.40,,,,
CHANTILLY HS,5/22/2025,60037,Strawberry & Banana Yogurt Power Pack(Power Packs),8,2,10,10,7,3,10,$8.00,0,0.00%,$0.00,$8.00,0,0.00%,$0.00,$8.00,,,,
CHANTILLY HS,5/22/2025,60047,Chicken Tenders(3 tenders),0,0,0,122,71,51,122,$114.68,0,0.00%,$0.00,$114.68,0,0.00%,$0.00,$114.68,,,,
CHANTILLY HS,5/22/2025,60050,Chickenless Bites(2 Bites),15,5,20,10,7,0,7,$2.66,0,0.00%,$0.00,$2.66,3,30.00%,$1.14,$3.80,,,,
CHANTILLY HS,5/22/2025,60064,Vegetable Dumpling(6 dumplings),0,0,0,18,14,4,18,$0.00,0,0.00%,$0.00,$0.00,0,0.00%,$0.00,$0.00,,,,
CHANTILLY HS,5/22/2025,60070,Nachos with Taco Meat and Cheese Sauce(Serving Size),0,0,0,84,52,32,84,$67.20,0,0.00%,$0.00,$67.20,0,0.00%,$0.00,$67.20,,,,
CHANTILLY HS,5/22/2025,60096,Strawberry Parfait(Parfait),0,0,0,11,8,0,8,$7.92,0,0.00%,$0.00,$7.92,3,27.27%,$2.97,$10.89,,,,
CHANTILLY HS,5/22/2025,60120,Asian Veggie Sub(sandwich),100,8,108,53,15,19,34,$64.26,0,0.00%,$0.00,$64.26,19,35.85%,$35.91,$100.17,,,,
CHANTILLY HS,5/22/2025,60122,Asian Meatball Sub(sandwich),220,20,240,168,37,5,42,$74.76,0,0.00%,$0.00,$74.76,126,75.00%,$224.28,$299.04,,,,
CHANTILLY HS,5/22/2025,60147,Turkey & Cheese on Sub Roll(sandwich),0,0,0,28,24,4,28,$38.36,0,0.00%,$0.00,$38.36,0,0.00%,$0.00,$38.36,,,,
Camelot Elementary,5/22/2025,10033,Chocolate Chip Cookie(1/2 Cookie),0,0,0,85,0,83,83,$0.00,2,2.35%,$0.00,$0.00,0,0.00%,$0.00,$0.00,,,,
Camelot Elementary,5/22/2025,10044,Soft Pretzel(1 pretzel),16,0,16,17,12,2,14,$3.08,0,0.00%,$0.00,$3.08,3,17.65%,$0.66,$3.74,,,,
Camelot Elementary,5/22/2025,10107,Fish Filet Potato Encrusted(each),0,0,0,5,0,5,5,$0.00,0,0.00%,$0.00,$0.00,0,0.00%,$0.00,$0.00,,,,
Camelot Elementary,5/22/2025,20001,1% White Milk(Each),62,0,62,65,59,1,60,$21.60,0,0.00%,$0.00,$21.60,5,7.69%,$1.80,$23.40,,,,
Camelot Elementary,5/22/2025,20002,Fat Free Chocolate Milk(Each),234,0,234,260,218,10,228,$79.80,0,0.00%,$0.00,$79.80,32,12.31%,$11.20,$91.00,,,,
Camelot Elementary,5/22/2025,20008,Apple Slices(3 slices per 1/4 cup),0,0,0,406,405,0,405,$238.95,0,0.00%,$0.00,$238.95,1,0.25%,$0.59,$239.54,,,,
Camelot Elementary,5/22/2025,20016,String Cheese(Each),0,0,0,1,0,1,1,$0.00,0,0.00%,$0.00,$0.00,0,0.00%,$0.00,$0.00,,,,
Camelot Elementary,5/22/2025,20023,Baby Carrots(3 baby carrots per 1/4 cup),0,0,0,48,47,0,47,$4.23,0,0.00%,$0.00,$4.23,1,2.08%,$0.09,$4.32,,,,
Camelot Elementary,5/22/2025,20028,Lettuce Blend Salad Mix(1 cup),22,0,22,30,29,1,30,$4.80,0,0.00%,$0.00,$4.80,0,0.00%,$0.00,$4.80,,,,
Camelot Elementary,5/22/2025,20028,Lettuce Blend Salad Mix(1/2 cup),112,0,112,100,99,0,99,$7.92,0,0.00%,$0.00,$7.92,1,1.00%,$0.08,$8.00,,,,
Camelot Elementary,5/22/2025,20031,Banana(Each),134,0,134,130,128,1,129,$27.09,0,0.00%,$0.00,$27.09,1,0.77%,$0.21,$27.30,,,,
Camelot Elementary,5/22/2025,20036,Celery Sticks(1/2 cup),0,0,0,48,47,0,47,$25.85,0,0.00%,$0.00,$25.85,1,2.08%,$0.55,$26.40,,,,
Camelot Elementary,5/22/2025,20038,Fat Free White Milk(Each),23,0,23,30,24,0,24,$7.92,0,0.00%,$0.00,$7.92,6,20.00%,$1.98,$9.90,,,,
Camelot Elementary,5/22/2025,30002,Sub Roll(Sub Roll),0,0,0,5,0,5,5,$0.00,0,0.00%,$0.00,$0.00,0,0.00%,$0.00,$0.00,,,,
Camelot Elementary,5/22/2025,30008,Apple Juice(Each),0,0,0,10,0,10,10,$0.00,0,0.00%,$0.00,$0.00,0,0.00%,$0.00,$0.00,,,,
Camelot Elementary,5/22/2025,30009,Orange Tangerine Juice(Each),0,0,0,9,0,9,9,$0.00,0,0.00%,$0.00,$0.00,0,0.00%,$0.00,$0.00,,,,
Camelot Elementary,5/22/2025,30033,Cheez-Its Crackers(Package),0,0,0,3,0,3,3,$0.00,0,0.00%,$0.00,$0.00,0,0.00%,$0.00,$0.00,,,,
Camelot Elementary,5/22/2025,30034,Graham Crackers(Package),18,0,18,17,17,0,17,$2.38,0,0.00%,$0.00,$2.38,0,0.00%,$0.00,$2.38,,,,
Camelot Elementary,5/22/2025,30037,IW Applesauce Cup(Each),17,0,17,17,17,0,17,$4.59,0,0.00%,$0.00,$4.59,0,0.00%,$0.00,$4.59,,,,
Camelot Elementary,5/22/2025,30044,Strawberry Flavored Dried Cranberries(Each),37,0,37,50,48,0,48,$11.52,0,0.00%,$0.00,$11.52,2,4.00%,$0.48,$12.00,,,,
Camelot Elementary,5/22/2025,30077,Italian Dressing(1 ounce),41,0,41,54,51,1,52,$4.16,0,0.00%,$0.00,$4.16,2,3.70%,$0.16,$4.32,,,,
Camelot Elementary,5/22/2025,30097,Bottled Water(Bottle),0,0,0,8,0,8,8,$0.00,0,0.00%,$0.00,$0.00,0,0.00%,$0.00,$0.00,,,,
Camelot Elementary,5/22/2025,30099,Chickpeas(1/4 cup),31,0,31,33,31,0,31,$2.79,0,0.00%,$0.00,$2.79,2,6.06%,$0.18,$2.97,,,,
Camelot Elementary,5/22/2025,30107,Ranch Dressing(1 ounce),48,0,48,54,52,1,53,$5.83,0,0.00%,$0.00,$5.83,1,1.85%,$0.11,$5.94,,,,
Camelot Elementary,5/22/2025,30158,Black Beans(1/2 Cup),28,0,28,15,12,0,12,$2.04,0,0.00%,$0.00,$2.04,3,20.00%,$0.51,$2.55,,,,
Camelot Elementary,5/22/2025,60009,"Sandwich, Turkey & Cheese(sandwich)",0,0,0,10,10,0,10,$6.90,0,0.00%,$0.00,$6.90,0,0.00%,$0.00,$6.90,,,,
Camelot Elementary,5/22/2025,60035,PB&J Power Pack(Power Packs),54,0,54,90,87,0,87,$93.96,0,0.00%,$0.00,$93.96,3,3.33%,$3.24,$97.20,,,,
Camelot Elementary,5/22/2025,60036,Cherry Vanilla Yogurt Power Pack(Power Packs),11,0,11,15,14,0,14,$11.20,0,0.00%,$0.00,$11.20,1,6.67%,$0.80,$12.00,,,,
Camelot Elementary,5/22/2025,60037,Strawberry & Banana Yogurt Power Pack(Power Packs),15,0,15,21,20,0,20,$16.00,0,0.00%,$0.00,$16.00,1,4.76%,$0.80,$16.80,,,,
Camelot Elementary,5/22/2025,60038,Peach Yogurt Power Pack(Power Packs),11,0,11,15,14,0,14,$11.20,0,0.00%,$0.00,$11.20,1,6.67%,$0.80,$12.00,,,,
Camelot Elementary,5/22/2025,60054,Steamed Broccoli(1/2 cup),102,0,102,84,83,0,83,$12.45,0,0.00%,$0.00,$12.45,1,1.19%,$0.15,$12.60,,,,
Camelot Elementary,5/22/2025,60120,Asian Veggie Sub(sandwich),20,0,20,11,10,0,10,$18.90,0,0.00%,$0.00,$18.90,1,9.09%,$1.89,$20.79,,,,
Camelot Elementary,5/22/2025,60122,Asian Meatball Sub(sandwich),138,0,138,65,56,3,59,$105.02,1,1.54%,$1.78,$106.80,5,7.69%,$8.90,$115.70,,,,
Camelot Elementary,5/22/2025,60155,Fish  Sandwich(Sandwich),0,0,0,83,75,6,81,$56.70,2,2.41%,$1.40,$58.10,0,0.00%,$0.00,$58.10,,,,
Cameron Elementary,5/22/2025,20001,1% White Milk(Each),208,0,208,649,144,0,144,$51.84,0,0.00%,$0.00,$51.84,505,77.81%,$181.80,$233.64,,,,
Cameron Elementary,5/22/2025,20002,Fat Free Chocolate Milk(Each),142,0,142,872,222,0,222,$77.70,0,0.00%,$0.00,$77.70,650,74.54%,$227.50,$305.20,,,,
Cameron Elementary,5/22/2025,20015,Golden Delicious Apple(Each),0,0,0,125,53,0,53,$16.43,0,0.00%,$0.00,$16.43,72,57.60%,$22.32,$38.75,,,,
Cameron Elementary,5/22/2025,20018,Red Seedless Grapes(16 grapes per 1/2 cup),0,0,0,161,161,0,161,$82.11,0,0.00%,$0.00,$82.11,0,0.00%,$0.00,$82.11,,,,
Cameron Elementary,5/22/2025,20028,Lettuce Blend Salad Mix(1 cup),52,0,52,50,49,1,50,$8.00,0,0.00%,$0.00,$8.00,0,0.00%,$0.00,$8.00,,,,
Cameron Elementary,5/22/2025,20028,Lettuce Blend Salad Mix(1/2 cup),160,0,160,320,320,0,320,$25.60,0,0.00%,$0.00,$25.60,0,0.00%,$0.00,$25.60,,,,
Cameron Elementary,5/22/2025,20031,Banana(Each),106,0,106,158,158,0,158,$33.18,0,0.00%,$0.00,$33.18,0,0.00%,$0.00,$33.18,,,,
Cameron Elementary,5/22/2025,20036,Celery Sticks(1/2 cup),0,0,0,96,72,0,72,$39.60,0,0.00%,$0.00,$39.60,24,25.00%,$13.20,$52.80,,,,
Cameron Elementary,5/22/2025,20038,Fat Free White Milk(Each),19,0,19,31,14,0,14,$4.62,0,0.00%,$0.00,$4.62,17,54.84%,$5.61,$10.23,,,,
Cameron Elementary,5/22/2025,20047,Orange Slices(3 slices per 1/4 cup),0,0,0,204,204,0,204,$40.80,0,0.00%,$0.00,$40.80,0,0.00%,$0.00,$40.80,,,,
Cameron Elementary,5/22/2025,30034,Graham Crackers(Package),36,0,36,29,29,0,29,$4.06,0,0.00%,$0.00,$4.06,0,0.00%,$0.00,$4.06,,,,
Cameron Elementary,5/22/2025,30037,IW Applesauce Cup(Each),36,0,36,29,29,0,29,$7.83,0,0.00%,$0.00,$7.83,0,0.00%,$0.00,$7.83,,,,
Cameron Elementary,5/22/2025,30041,Orange Flavored Dried Cranberries(Each),125,0,125,10,8,0,8,$1.92,0,0.00%,$0.00,$1.92,2,20.00%,$0.48,$2.40,,,,
Cameron Elementary,5/22/2025,30077,Italian Dressing(1 ounce),16,0,16,24,24,0,24,$1.92,0,0.00%,$0.00,$1.92,0,0.00%,$0.00,$1.92,,,,
Cameron Elementary,5/22/2025,30107,Ranch Dressing(1 ounce),100,0,100,97,97,0,97,$10.67,0,0.00%,$0.00,$10.67,0,0.00%,$0.00,$10.67,,,,
Cameron Elementary,5/22/2025,30158,Black Beans(1/2 Cup),0,0,0,2,0,0,0,$0.00,0,0.00%,$0.00,$0.00,2,100.00%,$0.00,$0.00,,,,
Cameron Elementary,5/22/2025,60009,"Sandwich, Turkey & Cheese(sandwich)",0,0,0,15,15,0,15,$10.35,0,0.00%,$0.00,$10.35,0,0.00%,$0.00,$10.35,,,,
Cameron Elementary,5/22/2025,60035,PB&J Power Pack(Power Packs),116,0,116,200,160,0,160,$172.80,0,0.00%,$0.00,$172.80,40,20.00%,$43.20,$216.00,,,,
Cameron Elementary,5/22/2025,60037,Strawberry & Banana Yogurt Power Pack(Power Packs),22,0,22,38,38,0,38,$30.40,0,0.00%,$0.00,$30.40,0,0.00%,$0.00,$30.40,,,,
Cameron Elementary,5/22/2025,60054,Steamed Broccoli(1/2 cup),166,0,166,84,84,0,84,$12.60,0,0.00%,$0.00,$12.60,0,0.00%,$0.00,$12.60,,,,
Cameron Elementary,5/22/2025,60076,"Penne Pasta with Marinara and Beef Meatballs(cup cooked pasta, 1/2c sauce, 5 meatballs)",0,0,0,63,63,0,63,$78.75,0,0.00%,$0.00,$78.75,0,0.00%,$0.00,$78.75,,,,
Cameron Elementary,5/22/2025,60077,Manager's Vegetable Choice(1/4 cup),88,0,88,72,36,0,36,$0.00,0,0.00%,$0.00,$0.00,36,50.00%,$0.00,$0.00,,,,
Cameron Elementary,5/22/2025,60120,Asian Veggie Sub(sandwich),90,0,90,127,118,4,122,$230.58,0,0.00%,$0.00,$230.58,5,3.94%,$9.45,$240.03,,,,
Cameron Elementary,5/22/2025,60122,Asian Meatball Sub(sandwich),119,0,119,45,37,3,40,$71.20,0,0.00%,$0.00,$71.20,5,11.11%,$8.90,$80.10,,,,
Cameron Elementary,5/22/2025,x30159,Chickpeas(1/2 cup),0,0,0,32,16,0,16,$2.88,0,0.00%,$0.00,$2.88,16,50.00%,$2.88,$5.76,,,,
Canterbury Woods Elementary,5/22/2025,10033,Chocolate Chip Cookie(1/2 Cookie),0,122,122,136,0,136,136,$0.00,0,0.00%,$0.00,$0.00,0,0.00%,$0.00,$0.00,,,,
Canterbury Woods Elementary,5/22/2025,10044,Soft Pretzel(1 pretzel),2,0,2,11,1,10,11,$2.42,0,0.00%,$0.00,$2.42,0,0.00%,$0.00,$2.42,,,,
Canterbury Woods Elementary,5/22/2025,20001,1% White Milk(Each),33,0,33,86,44,0,44,$15.84,0,0.00%,$0.00,$15.84,42,48.84%,$15.12,$30.96,,,,
Canterbury Woods Elementary,5/22/2025,20002,Fat Free Chocolate Milk(Each),152,0,152,187,156,5,161,$56.35,0,0.00%,$0.00,$56.35,26,13.90%,$9.10,$65.45,,,,
Canterbury Woods Elementary,5/22/2025,20015,Golden Delicious Apple(Each),0,0,0,125,125,0,125,$38.75,0,0.00%,$0.00,$38.75,0,0.00%,$0.00,$38.75,,,,
Canterbury Woods Elementary,5/22/2025,20016,String Cheese(Each),0,2,2,1,0,1,1,$0.00,0,0.00%,$0.00,$0.00,0,0.00%,$0.00,$0.00,,,,
Canterbury Woods Elementary,5/22/2025,20017,Orange(1/4 cup),0,0,0,136,132,0,132,$22.44,4,2.94%,$0.68,$23.12,0,0.00%,$0.00,$23.12,,,,
Canterbury Woods Elementary,5/22/2025,20023,Baby Carrots(3 baby carrots per 1/4 cup),0,0,0,48,45,0,45,$4.05,3,6.25%,$0.27,$4.32,0,0.00%,$0.00,$4.32,,,,
Canterbury Woods Elementary,5/22/2025,20028,Lettuce Blend Salad Mix(1/2 cup),117,0,117,120,117,0,117,$9.36,3,2.50%,$0.24,$9.60,0,0.00%,$0.00,$9.60,,,,
Canterbury Woods Elementary,5/22/2025,20036,Celery Sticks(1/2 cup),0,0,0,84,82,0,82,$45.10,2,2.38%,$1.10,$46.20,0,0.00%,$0.00,$46.20,,,,
Canterbury Woods Elementary,5/22/2025,20038,Fat Free White Milk(Each),13,0,13,0,0,0,0,$0.00,0,0.00%,$0.00,$0.00,0,0.00%,$0.00,$0.00,,,,
Canterbury Woods Elementary,5/22/2025,20052,Assorted  4 oz Yogurt(Container),0,1,1,0,0,0,0,$0.00,0,0.00%,$0.00,$0.00,0,0.00%,$0.00,$0.00,,,,
Canterbury Woods Elementary,5/22/2025,30008,Apple Juice(Each),0,34,34,20,0,20,20,$0.00,0,0.00%,$0.00,$0.00,0,0.00%,$0.00,$0.00,,,,
Canterbury Woods Elementary,5/22/2025,30009,Orange Tangerine Juice(Each),0,0,0,26,0,26,26,$0.00,0,0.00%,$0.00,$0.00,0,0.00%,$0.00,$0.00,,,,
Canterbury Woods Elementary,5/22/2025,30024,Black Beans(1/2 Cup),0,0,0,33,30,0,30,$5.10,3,9.09%,$0.51,$5.61,0,0.00%,$0.00,$5.61,,,,
Canterbury Woods Elementary,5/22/2025,30033,Cheez-Its Crackers(Package),0,0,0,17,0,17,17,$0.00,0,0.00%,$0.00,$0.00,0,0.00%,$0.00,$0.00,,,,
Canterbury Woods Elementary,5/22/2025,30077,Italian Dressing(1 ounce),10,0,10,10,10,0,10,$0.80,0,0.00%,$0.00,$0.80,0,0.00%,$0.00,$0.80,,,,
Canterbury Woods Elementary,5/22/2025,30078,"Sauce, BBQ, HFCS-Free, Bulk, Low-Sodium(2 TBSP)",0,0,0,10,10,0,10,$1.00,0,0.00%,$0.00,$1.00,0,0.00%,$0.00,$1.00,,,,
Canterbury Woods Elementary,5/22/2025,30097,Bottled Water(Bottle),0,10,10,13,0,13,13,$0.00,0,0.00%,$0.00,$0.00,0,0.00%,$0.00,$0.00,,,,
Canterbury Woods Elementary,5/22/2025,30107,Ranch Dressing(1 ounce),36,0,36,20,20,0,20,$2.20,0,0.00%,$0.00,$2.20,0,0.00%,$0.00,$2.20,,,,
Canterbury Woods Elementary,5/22/2025,60035,PB&J Power Pack(Power Packs),36,0,36,29,28,1,29,$31.32,0,0.00%,$0.00,$31.32,0,0.00%,$0.00,$31.32,,,,
Canterbury Woods Elementary,5/22/2025,60037,Strawberry & Banana Yogurt Power Pack(Power Packs),29,0,29,39,39,0,39,$31.20,0,0.00%,$0.00,$31.20,0,0.00%,$0.00,$31.20,,,,
Canterbury Woods Elementary,5/22/2025,60042,Beef Meatball Sub Sandwich(Sandwich),0,0,0,89,82,5,87,$111.36,2,2.25%,$2.56,$113.92,0,0.00%,$0.00,$113.92,,,,
Canterbury Woods Elementary,5/22/2025,60091,Assorted Whole Fruit(Piece of Fruit),0,0,0,3,0,3,3,$0.00,0,0.00%,$0.00,$0.00,0,0.00%,$0.00,$0.00,,,,
Canterbury Woods Elementary,5/22/2025,60100,Black Beans - salad bar entree(1/2 cup),2,0,2,1,1,0,1,$0.17,0,0.00%,$0.00,$0.17,0,0.00%,$0.00,$0.17,,,,
Canterbury Woods Elementary,5/22/2025,60120,Asian Veggie Sub(sandwich),0,0,0,94,87,4,91,$171.99,3,3.19%,$5.67,$177.66,0,0.00%,$0.00,$177.66,,,,
Canterbury Woods Elementary,5/22/2025,60122,Asian Meatball Sub(sandwich),61,0,61,5,3,0,3,$5.34,2,40.00%,$3.56,$8.90,0,0.00%,$0.00,$8.90,,,,
Cardinal Forest Elementary,5/22/2025,10033,Chocolate Chip Cookie(1/2 Cookie),132,0,132,109,109,0,109,$15.26,0,0.00%,$0.00,$15.26,0,0.00%,$0.00,$15.26,,,,
Cardinal Forest Elementary,5/22/2025,10044,Soft Pretzel(1 pretzel),6,0,6,14,14,0,14,$3.08,0,0.00%,$0.00,$3.08,0,0.00%,$0.00,$3.08,,,,
Cardinal Forest Elementary,5/22/2025,20001,1% White Milk(Each),87,0,87,135,90,0,90,$32.40,0,0.00%,$0.00,$32.40,45,33.33%,$16.20,$48.60,,,,
Cardinal Forest Elementary,5/22/2025,20002,Fat Free Chocolate Milk(Each),223,0,223,300,155,0,155,$54.25,0,0.00%,$0.00,$54.25,145,48.33%,$50.75,$105.00,,,,
Cardinal Forest Elementary,5/22/2025,20015,Golden Delicious Apple(Each),0,0,0,125,125,0,125,$38.75,0,0.00%,$0.00,$38.75,0,0.00%,$0.00,$38.75,,,,
Cardinal Forest Elementary,5/22/2025,20016,String Cheese(Each),3,0,3,0,0,0,0,$0.00,0,0.00%,$0.00,$0.00,0,0.00%,$0.00,$0.00,,,,
Cardinal Forest Elementary,5/22/2025,20017,Orange(1/4 cup),0,0,0,68,68,0,68,$11.56,0,0.00%,$0.00,$11.56,0,0.00%,$0.00,$11.56,,,,
Cardinal Forest Elementary,5/22/2025,20028,Lettuce Blend Salad Mix(1 cup),30,0,30,35,35,0,35,$5.60,0,0.00%,$0.00,$5.60,0,0.00%,$0.00,$5.60,,,,
Cardinal Forest Elementary,5/22/2025,20028,Lettuce Blend Salad Mix(1/2 cup),101,0,101,80,80,0,80,$6.40,0,0.00%,$0.00,$6.40,0,0.00%,$0.00,$6.40,,,,
Cardinal Forest Elementary,5/22/2025,20031,Banana(Each),30,0,30,135,135,0,135,$28.35,0,0.00%,$0.00,$28.35,0,0.00%,$0.00,$28.35,,,,
Cardinal Forest Elementary,5/22/2025,20036,Celery Sticks(1/2 cup),0,0,0,48,48,0,48,$26.40,0,0.00%,$0.00,$26.40,0,0.00%,$0.00,$26.40,,,,
Cardinal Forest Elementary,5/22/2025,20052,Assorted  4 oz Yogurt(Container),4,0,4,1,1,0,1,$0.00,0,0.00%,$0.00,$0.00,0,0.00%,$0.00,$0.00,,,,
Cardinal Forest Elementary,5/22/2025,20077,"Peppers, red, pre-sliced(1/2 cup sliced)",0,0,0,140,140,0,140,$78.40,0,0.00%,$0.00,$78.40,0,0.00%,$0.00,$78.40,,,,
Cardinal Forest Elementary,5/22/2025,30034,Graham Crackers(Package),17,0,17,17,17,0,17,$2.38,0,0.00%,$0.00,$2.38,0,0.00%,$0.00,$2.38,,,,
Cardinal Forest Elementary,5/22/2025,30037,IW Applesauce Cup(Each),17,0,17,17,17,0,17,$4.59,0,0.00%,$0.00,$4.59,0,0.00%,$0.00,$4.59,,,,
Cardinal Forest Elementary,5/22/2025,30044,Strawberry Flavored Dried Cranberries(2 Eaches),0,0,0,50,50,0,50,$24.00,0,0.00%,$0.00,$24.00,0,0.00%,$0.00,$24.00,,,,
Cardinal Forest Elementary,5/22/2025,30077,Italian Dressing(1 ounce),54,0,54,59,59,0,59,$4.72,0,0.00%,$0.00,$4.72,0,0.00%,$0.00,$4.72,,,,
Cardinal Forest Elementary,5/22/2025,30094,Doritos Wild White Nacho Flavored Tortilla Chips(Bag),77,0,77,66,66,0,66,$23.10,0,0.00%,$0.00,$23.10,0,0.00%,$0.00,$23.10,,,,
Cardinal Forest Elementary,5/22/2025,30097,Bottled Water(Bottle),11,0,11,5,5,0,5,$0.80,0,0.00%,$0.00,$0.80,0,0.00%,$0.00,$0.80,,,,
Cardinal Forest Elementary,5/22/2025,30099,Chickpeas(1/4 cup),33,0,33,32,32,0,32,$2.88,0,0.00%,$0.00,$2.88,0,0.00%,$0.00,$2.88,,,,
Cardinal Forest Elementary,5/22/2025,30107,Ranch Dressing(1 ounce),78,0,78,83,83,0,83,$9.13,0,0.00%,$0.00,$9.13,0,0.00%,$0.00,$9.13,,,,
Cardinal Forest Elementary,5/22/2025,60021,Cooked  Brown Rice(1 cup cooked),0,0,0,225,209,16,225,$24.75,0,0.00%,$0.00,$24.75,0,0.00%,$0.00,$24.75,,,,
Cardinal Forest Elementary,5/22/2025,60035,PB&J Power Pack(Power Packs),36,0,36,22,22,0,22,$23.76,0,0.00%,$0.00,$23.76,0,0.00%,$0.00,$23.76,,,,
Cardinal Forest Elementary,5/22/2025,60037,Strawberry & Banana Yogurt Power Pack(Power Packs),36,0,36,32,32,0,32,$25.60,0,0.00%,$0.00,$25.60,0,0.00%,$0.00,$25.60,,,,
Cardinal Forest Elementary,5/22/2025,60047,Chicken Tenders(3 tenders),0,0,0,210,199,10,209,$196.46,1,0.48%,$0.94,$197.40,0,0.00%,$0.00,$197.40,,,,
Cardinal Forest Elementary,5/22/2025,60058,Korean BBQ Chickenless Bites(4 bites),0,0,0,66,59,6,65,$57.20,1,1.52%,$0.88,$58.08,0,0.00%,$0.00,$58.08,,,,
Cardinal Forest Elementary,5/22/2025,60100,Black Beans - salad bar entree(1/2 cup),0,0,0,3,3,0,3,$0.51,0,0.00%,$0.00,$0.51,0,0.00%,$0.00,$0.51,,,,
Cardinal Forest Elementary,5/22/2025,60120,Asian Veggie Sub(sandwich),11,0,11,0,0,0,0,$0.00,0,0.00%,$0.00,$0.00,0,0.00%,$0.00,$0.00,,,,
Cardinal Forest Elementary,5/22/2025,60122,Asian Meatball Sub(sandwich),19,0,19,19,18,1,19,$33.82,0,0.00%,$0.00,$33.82,0,0.00%,$0.00,$33.82,,,,
Cardinal Forest Elementary,5/22/2025,60150,Strawberry Parfait Power Pack(Power Pack),0,0,0,2,2,0,2,$3.26,0,0.00%,$0.00,$3.26,0,0.00%,$0.00,$3.26,,,,
Cardinal Forest Elementary,5/22/2025,60151,Blueberry Bread(1 square),0,0,0,21,21,0,21,$8.61,0,0.00%,$0.00,$8.61,0,0.00%,$0.00,$8.61,,,,
Cardinal Forest Elementary,5/22/2025,60178,Apple Cinnamon Bread (Grain for entree)(1 square),0,0,0,28,28,0,28,$11.48,0,0.00%,$0.00,$11.48,0,0.00%,$0.00,$11.48,,,,
Carson Middle,5/22/2025,10015,Baked Cheese Sticks(2 Cheese Sticks),195,102,297,268,188,76,264,$174.24,4,1.49%,$2.64,$176.88,0,0.00%,$0.00,$176.88,,,,
Carson Middle,5/22/2025,10026,Chickenless Bites(4 Bites),0,0,0,122,94,23,117,$85.41,5,4.10%,$3.65,$89.06,0,0.00%,$0.00,$89.06,,,,
Carson Middle,5/22/2025,10033,Chocolate Chip Cookie(Cookie),8,0,8,0,0,0,0,$0.00,0,0.00%,$0.00,$0.00,0,0.00%,$0.00,$0.00,,,,
Carson Middle,5/22/2025,10044,Soft Pretzel(1 pretzel),4,0,4,25,18,0,18,$3.96,7,28.00%,$1.54,$5.50,0,0.00%,$0.00,$5.50,,,,
Carson Middle,5/22/2025,10073,Whole Strawberries(1/2 cup thawed),0,0,0,130,114,0,114,$38.76,16,12.31%,$5.44,$44.20,0,0.00%,$0.00,$44.20,,,,
Carson Middle,5/22/2025,20001,1% White Milk(Each),51,0,51,66,53,0,53,$19.08,0,0.00%,$0.00,$19.08,13,19.70%,$4.68,$23.76,,,,
Carson Middle,5/22/2025,20002,Fat Free Chocolate Milk(Each),295,0,295,307,281,0,281,$98.35,0,0.00%,$0.00,$98.35,26,8.47%,$9.10,$107.45,,,,
Carson Middle,5/22/2025,20027,Broccoli Florets(1/4 cup),79,0,79,120,106,0,106,$8.48,14,11.67%,$1.12,$9.60,0,0.00%,$0.00,$9.60,,,,
Carson Middle,5/22/2025,20028,Lettuce Blend Salad Mix(1/2 cup),162,0,162,240,236,0,236,$18.88,4,1.67%,$0.32,$19.20,0,0.00%,$0.00,$19.20,,,,
Carson Middle,5/22/2025,20031,Banana(Each),93,0,93,140,140,0,140,$29.40,0,0.00%,$0.00,$29.40,0,0.00%,$0.00,$29.40,,,,
Carson Middle,5/22/2025,20038,Fat Free White Milk(Each),49,0,49,60,41,0,41,$13.53,0,0.00%,$0.00,$13.53,19,31.67%,$6.27,$19.80,,,,
Carson Middle,5/22/2025,30014,Whole Wheat Dinner Roll(2 rolls),0,0,0,258,258,0,258,$72.24,0,0.00%,$0.00,$72.24,0,0.00%,$0.00,$72.24,,,,
Carson Middle,5/22/2025,30018,Marinara Sauce(1/4 Cup),141,0,141,250,250,0,250,$37.50,0,0.00%,$0.00,$37.50,0,0.00%,$0.00,$37.50,,,,
Carson Middle,5/22/2025,30024,Black Beans(1/4 Cup),43,0,43,40,40,0,40,$3.60,0,0.00%,$0.00,$3.60,0,0.00%,$0.00,$3.60,,,,
Carson Middle,5/22/2025,30063,Ketchup Packet(Packet),600,0,600,450,450,0,450,$13.50,0,0.00%,$0.00,$13.50,0,0.00%,$0.00,$13.50,,,,
Carson Middle,5/22/2025,30064,Mayonnaise Packet(Packet),200,0,200,150,150,0,150,$15.00,0,0.00%,$0.00,$15.00,0,0.00%,$0.00,$15.00,,,,
Carson Middle,5/22/2025,30065,Mustard Packet(Packet),107,0,107,66,66,0,66,$3.30,0,0.00%,$0.00,$3.30,0,0.00%,$0.00,$3.30,,,,
Carson Middle,5/22/2025,30077,Italian Dressing(1 ounce),10,0,10,10,10,0,10,$0.80,0,0.00%,$0.00,$0.80,0,0.00%,$0.00,$0.80,,,,
Carson Middle,5/22/2025,30097,Bottled Water(Bottle),83,0,83,90,90,0,90,$14.40,0,0.00%,$0.00,$14.40,0,0.00%,$0.00,$14.40,,,,
Carson Middle,5/22/2025,30107,Ranch Dressing(1 ounce),193,0,193,285,285,0,285,$31.35,0,0.00%,$0.00,$31.35,0,0.00%,$0.00,$31.35,,,,
Carson Middle,5/22/2025,30109,Smartfood RF White Cheddar Popcorn(Each),57,0,57,0,0,0,0,$0.00,0,0.00%,$0.00,$0.00,0,0.00%,$0.00,$0.00,,,,
Carson Middle,5/22/2025,30110,Doritos Flamas(Each),131,0,131,0,0,0,0,$0.00,0,0.00%,$0.00,$0.00,0,0.00%,$0.00,$0.00,,,,
Carson Middle,5/22/2025,30111,Doritos RF Spicy Sweet Chili(Each),137,0,137,0,0,0,0,$0.00,0,0.00%,$0.00,$0.00,0,0.00%,$0.00,$0.00,,,,
Carson Middle,5/22/2025,30112,Doritos RF Nacho Cheese(Each),124,0,124,0,0,0,0,$0.00,0,0.00%,$0.00,$0.00,0,0.00%,$0.00,$0.00,,,,
Carson Middle,5/22/2025,30113,Cool Ranch Reduced Fat Doritos(Each),50,0,50,0,0,0,0,$0.00,0,0.00%,$0.00,$0.00,0,0.00%,$0.00,$0.00,,,,
Carson Middle,5/22/2025,30114,SS Baked Cheetos Flaming Hot(Each),150,0,150,0,0,0,0,$0.00,0,0.00%,$0.00,$0.00,0,0.00%,$0.00,$0.00,,,,
Carson Middle,5/22/2025,30115,SS Baked Cheetos Flaming Limon(Each),132,0,132,0,0,0,0,$0.00,0,0.00%,$0.00,$0.00,0,0.00%,$0.00,$0.00,,,,
Carson Middle,5/22/2025,30116,SS Cheetos Fantastix Flaming Hot(Each),152,0,152,0,0,0,0,$0.00,0,0.00%,$0.00,$0.00,0,0.00%,$0.00,$0.00,,,,
Carson Middle,5/22/2025,30117,WG Baked Funyuns(Each),217,0,217,224,224,0,224,$80.64,0,0.00%,$0.00,$80.64,0,0.00%,$0.00,$80.64,,,,
Carson Middle,5/22/2025,30118,Kettle Cooked Smoky BBQ Chips(Each),207,0,207,0,0,0,0,$0.00,0,0.00%,$0.00,$0.00,0,0.00%,$0.00,$0.00,,,,
Carson Middle,5/22/2025,30119,RF Kettle Chips Jalapeno & Cheddar Chips(Each),131,0,131,0,0,0,0,$0.00,0,0.00%,$0.00,$0.00,0,0.00%,$0.00,$0.00,,,,
Carson Middle,5/22/2025,30120,RF Kettle Chips Sea Salt & Vinegar Chips(Each),61,0,61,0,0,0,0,$0.00,0,0.00%,$0.00,$0.00,0,0.00%,$0.00,$0.00,,,,
Carson Middle,5/22/2025,30124,"Fruit Snacks, Welch's Mixed(Each)",89,0,89,0,0,0,0,$0.00,0,0.00%,$0.00,$0.00,0,0.00%,$0.00,$0.00,,,,
Carson Middle,5/22/2025,30160,Lay's RF Kettle Original Chips(Each),279,0,279,0,0,0,0,$0.00,0,0.00%,$0.00,$0.00,0,0.00%,$0.00,$0.00,,,,
Carson Middle,5/22/2025,60035,PB&J Power Pack(Power Packs),73,15,88,90,76,4,80,$86.40,0,0.00%,$0.00,$86.40,10,11.11%,$10.80,$97.20,,,,
Carson Middle,5/22/2025,60037,Strawberry & Banana Yogurt Power Pack(Power Packs),9,0,9,6,5,0,5,$4.00,0,0.00%,$0.00,$4.00,1,16.67%,$0.80,$4.80,,,,
Carson Middle,5/22/2025,60038,Peach Yogurt Power Pack(Power Packs),11,0,11,6,5,0,5,$4.00,0,0.00%,$0.00,$4.00,1,16.67%,$0.80,$4.80,,,,
Carson Middle,5/22/2025,60047,Chicken Tenders(3 tenders),0,0,0,70,48,22,70,$65.80,0,0.00%,$0.00,$65.80,0,0.00%,$0.00,$65.80,,,,
Carson Middle,5/22/2025,60075,Spicy Chicken Wrap(Wrap),8,0,8,12,11,0,11,$12.87,1,8.33%,$1.17,$14.04,0,0.00%,$0.00,$14.04,,,,
Carson Middle,5/22/2025,60077,Manager's Vegetable Choice(1/4 cup),73,0,73,85,80,0,80,$0.00,5,5.88%,$0.00,$0.00,0,0.00%,$0.00,$0.00,,,,
Carson Middle,5/22/2025,60090,Assorted Craisins(Packet),0,0,0,120,120,0,120,$28.80,0,0.00%,$0.00,$28.80,0,0.00%,$0.00,$28.80,,,,
Carson Middle,5/22/2025,60100,Black Beans - salad bar entree(1/2 cup),2,0,2,5,2,0,2,$0.34,3,60.00%,$0.51,$0.85,0,0.00%,$0.00,$0.85,,,,
Carson Middle,5/22/2025,60120,Asian Veggie Sub(sandwich),63,4,67,62,51,8,59,$111.51,3,4.84%,$5.67,$117.18,0,0.00%,$0.00,$117.18,,,,
Carson Middle,5/22/2025,60122,Asian Meatball Sub(sandwich),30,9,39,28,17,7,24,$42.72,4,14.29%,$7.12,$49.84,0,0.00%,$0.00,$49.84,,,,
Carson Middle,5/22/2025,60124,Nachos with Cheese Sauce(Serving),0,0,0,32,6,26,32,$24.64,0,0.00%,$0.00,$24.64,0,0.00%,$0.00,$24.64,,,,
Carson Middle,5/22/2025,60155,Fish  Sandwich(Sandwich),0,0,0,28,26,0,26,$18.20,2,7.14%,$1.40,$19.60,0,0.00%,$0.00,$19.60,,,,
Centre Ridge Elementary,5/22/2025,10044,Soft Pretzel(1 pretzel),2,0,2,0,0,0,0,$0.00,0,0.00%,$0.00,$0.00,0,0.00%,$0.00,$0.00,,,,
Centre Ridge Elementary,5/22/2025,20001,1% White Milk(Each),96,0,96,641,112,0,112,$40.32,0,0.00%,$0.00,$40.32,529,82.53%,$190.44,$230.76,,,,
Centre Ridge Elementary,5/22/2025,20002,Fat Free Chocolate Milk(Each),273,0,273,775,246,0,246,$86.10,0,0.00%,$0.00,$86.10,529,68.26%,$185.15,$271.25,,,,
Centre Ridge Elementary,5/22/2025,20017,Orange(1/4 cup),0,0,0,220,200,0,200,$34.00,0,0.00%,$0.00,$34.00,20,9.09%,$3.40,$37.40,,,,
Centre Ridge Elementary,5/22/2025,20018,Red Seedless Grapes(16 grapes per 1/2 cup),0,0,0,125,125,0,125,$63.75,0,0.00%,$0.00,$63.75,0,0.00%,$0.00,$63.75,,,,
Centre Ridge Elementary,5/22/2025,20023,Baby Carrots(3 baby carrots per 1/4 cup),0,0,0,200,150,0,150,$13.50,0,0.00%,$0.00,$13.50,50,25.00%,$4.50,$18.00,,,,
Centre Ridge Elementary,5/22/2025,20027,Broccoli Florets(1/4 cup),0,0,0,60,48,0,48,$3.84,0,0.00%,$0.00,$3.84,12,20.00%,$0.96,$4.80,,,,
Centre Ridge Elementary,5/22/2025,20028,Lettuce Blend Salad Mix(1 cup),45,0,45,44,44,0,44,$7.04,0,0.00%,$0.00,$7.04,0,0.00%,$0.00,$7.04,,,,
Centre Ridge Elementary,5/22/2025,20028,Lettuce Blend Salad Mix(1/2 cup),149,0,149,160,145,0,145,$11.60,0,0.00%,$0.00,$11.60,15,9.38%,$1.20,$12.80,,,,
Centre Ridge Elementary,5/22/2025,20031,Banana(Each),136,0,136,231,230,0,230,$48.30,0,0.00%,$0.00,$48.30,1,0.43%,$0.21,$48.51,,,,
Centre Ridge Elementary,5/22/2025,20036,Celery Sticks(1/2 cup),0,0,0,80,65,0,65,$35.75,0,0.00%,$0.00,$35.75,15,18.75%,$8.25,$44.00,,,,
Centre Ridge Elementary,5/22/2025,20038,Fat Free White Milk(Each),17,0,17,252,15,0,15,$4.95,0,0.00%,$0.00,$4.95,237,94.05%,$78.21,$83.16,,,,
Centre Ridge Elementary,5/22/2025,20043,"Lactose Free, White Milk(Each)",0,0,0,2,2,0,2,$1.16,0,0.00%,$0.00,$1.16,0,0.00%,$0.00,$1.16,,,,
Centre Ridge Elementary,5/22/2025,30034,Graham Crackers(Package),35,0,35,35,35,0,35,$4.90,0,0.00%,$0.00,$4.90,0,0.00%,$0.00,$4.90,,,,
Centre Ridge Elementary,5/22/2025,30037,IW Applesauce Cup(Each),34,0,34,35,35,0,35,$9.45,0,0.00%,$0.00,$9.45,0,0.00%,$0.00,$9.45,,,,
Centre Ridge Elementary,5/22/2025,30077,Italian Dressing(1 ounce),61,0,61,77,65,0,65,$5.20,0,0.00%,$0.00,$5.20,12,15.58%,$0.96,$6.16,,,,
Centre Ridge Elementary,5/22/2025,30099,Chickpeas(1/4 cup),36,0,36,40,20,0,20,$1.80,0,0.00%,$0.00,$1.80,20,50.00%,$1.80,$3.60,,,,
Centre Ridge Elementary,5/22/2025,30158,Black Beans(1/2 Cup),0,0,0,0,0,0,0,$0.00,0,0.00%,$0.00,$0.00,0,0.00%,$0.00,$0.00,,,,
Centre Ridge Elementary,5/22/2025,60035,PB&J Power Pack(Power Packs),73,0,73,125,105,0,105,$113.40,0,0.00%,$0.00,$113.40,20,16.00%,$21.60,$135.00,,,,
Centre Ridge Elementary,5/22/2025,60036,Cherry Vanilla Yogurt Power Pack(Power Packs),14,0,14,20,12,0,12,$9.60,0,0.00%,$0.00,$9.60,8,40.00%,$6.40,$16.00,,,,
Centre Ridge Elementary,5/22/2025,60037,Strawberry & Banana Yogurt Power Pack(Power Packs),14,0,14,20,13,0,13,$10.40,0,0.00%,$0.00,$10.40,7,35.00%,$5.60,$16.00,,,,
Centre Ridge Elementary,5/22/2025,60038,Peach Yogurt Power Pack(Power Packs),14,0,14,20,13,0,13,$10.40,0,0.00%,$0.00,$10.40,7,35.00%,$5.60,$16.00,,,,
Centre Ridge Elementary,5/22/2025,60120,Asian Veggie Sub(sandwich),162,0,162,343,337,3,340,$642.60,0,0.00%,$0.00,$642.60,3,0.87%,$5.67,$648.27,,,,
Centre Ridge Elementary,5/22/2025,60122,Asian Meatball Sub(sandwich),39,0,39,53,28,3,31,$55.18,22,41.51%,$39.16,$94.34,0,0.00%,$0.00,$94.34,,,,
Centre Ridge Elementary,5/22/2025,60124,Nachos with Cheese Sauce(Serving),0,0,0,9,9,0,9,$6.93,0,0.00%,$0.00,$6.93,0,0.00%,$0.00,$6.93,,,,
Centre Ridge Elementary,5/22/2025,60150,Strawberry Parfait Power Pack(Power Pack),0,0,0,0,0,0,0,$0.00,0,0.00%,$0.00,$0.00,0,0.00%,$0.00,$0.00,,,,
Centreville Elementary,5/22/2025,10015,Baked Cheese Sticks(2 Cheese Sticks),0,0,0,96,95,0,95,$62.70,1,1.04%,$0.66,$63.36,0,0.00%,$0.00,$63.36,,,,
Centreville Elementary,5/22/2025,10026,Chickenless Bites(2 Bites),0,0,0,50,36,0,36,$12.96,0,0.00%,$0.00,$12.96,14,28.00%,$5.04,$18.00,,,,
Centreville Elementary,5/22/2025,10033,Chocolate Chip Cookie(1/2 Cookie),35,0,35,132,132,0,132,$18.48,0,0.00%,$0.00,$18.48,0,0.00%,$0.00,$18.48,,,,
Centreville Elementary,5/22/2025,10044,Soft Pretzel(1 pretzel),0,0,0,6,6,0,6,$1.32,0,0.00%,$0.00,$1.32,0,0.00%,$0.00,$1.32,,,,
Centreville Elementary,5/22/2025,10062,Corn(1/4 cup (thawed)),120,0,120,120,88,0,88,$9.68,0,0.00%,$0.00,$9.68,32,26.67%,$3.52,$13.20,,,,
Centreville Elementary,5/22/2025,10073,Whole Strawberries(1/2 cup thawed),0,0,0,120,120,0,120,$40.80,0,0.00%,$0.00,$40.80,0,0.00%,$0.00,$40.80,,,,
Centreville Elementary,5/22/2025,20001,1% White Milk(Each),70,0,70,319,71,0,71,$25.56,0,0.00%,$0.00,$25.56,248,77.74%,$89.28,$114.84,,,,
Centreville Elementary,5/22/2025,20002,Fat Free Chocolate Milk(Each),214,0,214,739,224,0,224,$78.40,0,0.00%,$0.00,$78.40,515,69.69%,$180.25,$258.65,,,,
Centreville Elementary,5/22/2025,20010,Fresh Whole Pear(Each),0,0,0,0,0,0,0,$0.00,0,0.00%,$0.00,$0.00,0,0.00%,$0.00,$0.00,,,,
Centreville Elementary,5/22/2025,20012,Grape Tomatoes(1/4 cup),120,0,120,120,109,0,109,$28.34,0,0.00%,$0.00,$28.34,11,9.17%,$2.86,$31.20,,,,
Centreville Elementary,5/22/2025,20013,Gala Apple(Each),0,0,0,225,225,0,225,$83.25,0,0.00%,$0.00,$83.25,0,0.00%,$0.00,$83.25,,,,
Centreville Elementary,5/22/2025,20016,String Cheese(Each),1,0,1,0,0,0,0,$0.00,0,0.00%,$0.00,$0.00,0,0.00%,$0.00,$0.00,,,,
Centreville Elementary,5/22/2025,20028,Lettuce Blend Salad Mix(1 cup),40,0,40,44,44,0,44,$7.04,0,0.00%,$0.00,$7.04,0,0.00%,$0.00,$7.04,,,,
Centreville Elementary,5/22/2025,20028,Lettuce Blend Salad Mix(1/2 cup),160,0,160,160,150,0,150,$12.00,10,6.25%,$0.80,$12.80,0,0.00%,$0.00,$12.80,,,,
Centreville Elementary,5/22/2025,20031,Banana(Each),139,0,139,44,44,0,44,$9.24,0,0.00%,$0.00,$9.24,0,0.00%,$0.00,$9.24,,,,
Centreville Elementary,5/22/2025,20038,Fat Free White Milk(Each),24,0,24,99,19,0,19,$6.27,0,0.00%,$0.00,$6.27,80,80.81%,$26.40,$32.67,,,,
Centreville Elementary,5/22/2025,20043,"Lactose Free, White Milk(Each)",1,0,1,0,0,0,0,$0.00,0,0.00%,$0.00,$0.00,0,0.00%,$0.00,$0.00,,,,
Centreville Elementary,5/22/2025,20052,Assorted  4 oz Yogurt(Container),1,0,1,0,0,0,0,$0.00,0,0.00%,$0.00,$0.00,0,0.00%,$0.00,$0.00,,,,
Centreville Elementary,5/22/2025,30008,Apple Juice(Each),5,0,5,0,0,0,0,$0.00,0,0.00%,$0.00,$0.00,0,0.00%,$0.00,$0.00,,,,
Centreville Elementary,5/22/2025,30009,Orange Tangerine Juice(Each),0,0,0,0,0,0,0,$0.00,0,0.00%,$0.00,$0.00,0,0.00%,$0.00,$0.00,,,,
Centreville Elementary,5/22/2025,30034,Graham Crackers(Package),28,0,28,28,28,0,28,$3.92,0,0.00%,$0.00,$3.92,0,0.00%,$0.00,$3.92,,,,
Centreville Elementary,5/22/2025,30037,IW Applesauce Cup(Each),28,0,28,28,28,0,28,$7.56,0,0.00%,$0.00,$7.56,0,0.00%,$0.00,$7.56,,,,
Centreville Elementary,5/22/2025,30039,Cherry Flavored Dried Cranberries(Each),0,0,0,0,0,0,0,$0.00,0,0.00%,$0.00,$0.00,0,0.00%,$0.00,$0.00,,,,
Centreville Elementary,5/22/2025,30041,Orange Flavored Dried Cranberries(Each),0,0,0,0,0,0,0,$0.00,0,0.00%,$0.00,$0.00,0,0.00%,$0.00,$0.00,,,,
Centreville Elementary,5/22/2025,30042,Original Flavored Dried Cranberries(Package),0,0,0,0,0,0,0,$0.00,0,0.00%,$0.00,$0.00,0,0.00%,$0.00,$0.00,,,,
Centreville Elementary,5/22/2025,30043,Raspberry Lemonade Flavored Dried Cranberries(Each),0,0,0,0,0,0,0,$0.00,0,0.00%,$0.00,$0.00,0,0.00%,$0.00,$0.00,,,,
Centreville Elementary,5/22/2025,30044,Strawberry Flavored Dried Cranberries(Each),0,0,0,0,0,0,0,$0.00,0,0.00%,$0.00,$0.00,0,0.00%,$0.00,$0.00,,,,
Centreville Elementary,5/22/2025,30045,Watermelon Flavored Dried Cranberries(Each),20,0,20,30,25,0,25,$6.00,0,0.00%,$0.00,$6.00,5,16.67%,$1.20,$7.20,,,,
Centreville Elementary,5/22/2025,30077,Italian Dressing(1 ounce),16,0,16,24,6,0,6,$0.48,0,0.00%,$0.00,$0.48,18,75.00%,$1.44,$1.92,,,,
Centreville Elementary,5/22/2025,30094,Doritos Wild White Nacho Flavored Tortilla Chips(Bag),5,0,5,43,43,0,43,$15.05,0,0.00%,$0.00,$15.05,0,0.00%,$0.00,$15.05,,,,
Centreville Elementary,5/22/2025,30097,Bottled Water(Bottle),0,0,0,18,18,0,18,$2.88,0,0.00%,$0.00,$2.88,0,0.00%,$0.00,$2.88,,,,
Centreville Elementary,5/22/2025,30099,Chickpeas(1/4 cup),32,0,32,32,23,0,23,$2.07,0,0.00%,$0.00,$2.07,9,28.13%,$0.81,$2.88,,,,
Centreville Elementary,5/22/2025,30107,Ranch Dressing(1 ounce),81,0,81,68,57,0,57,$6.27,0,0.00%,$0.00,$6.27,11,16.18%,$1.21,$7.48,,,,
Centreville Elementary,5/22/2025,30158,Black Beans(1/2 Cup),0,0,0,0,0,0,0,$0.00,0,0.00%,$0.00,$0.00,0,0.00%,$0.00,$0.00,,,,
Centreville Elementary,5/22/2025,30188,"Milk, Soy, Plain, Bulk (12/32 oz)(1 cup)",1,0,1,1,1,0,1,$0.79,0,0.00%,$0.00,$0.79,0,0.00%,$0.00,$0.79,,,,
Centreville Elementary,5/22/2025,60035,PB&J Power Pack(Power Packs),76,0,76,60,50,0,50,$54.00,0,0.00%,$0.00,$54.00,10,16.67%,$10.80,$64.80,,,,
Centreville Elementary,5/22/2025,60036,Cherry Vanilla Yogurt Power Pack(Power Packs),10,0,10,0,0,0,0,$0.00,0,0.00%,$0.00,$0.00,0,0.00%,$0.00,$0.00,,,,
Centreville Elementary,5/22/2025,60037,Strawberry & Banana Yogurt Power Pack(Power Packs),12,0,12,29,24,0,24,$19.20,0,0.00%,$0.00,$19.20,5,17.24%,$4.00,$23.20,,,,
Centreville Elementary,5/22/2025,60038,Peach Yogurt Power Pack(Power Packs),10,0,10,0,0,0,0,$0.00,0,0.00%,$0.00,$0.00,0,0.00%,$0.00,$0.00,,,,
Centreville Elementary,5/22/2025,60043,BBQ Chicken Sandwich(Sandwich),0,0,0,40,35,0,35,$30.10,1,2.50%,$0.86,$30.96,4,10.00%,$3.44,$34.40,,,,
Centreville Elementary,5/22/2025,60054,Steamed Broccoli(1/2 cup),0,0,0,144,140,0,140,$21.00,4,2.78%,$0.60,$21.60,0,0.00%,$0.00,$21.60,,,,
Centreville Elementary,5/22/2025,60064,Vegetable Dumpling(6 dumplings),0,0,0,64,55,0,55,$0.00,0,0.00%,$0.00,$0.00,9,14.06%,$0.00,$0.00,,,,
Centreville Elementary,5/22/2025,60077,Manager's Vegetable Choice(1/4 cup),48,0,48,48,48,0,48,$0.00,0,0.00%,$0.00,$0.00,0,0.00%,$0.00,$0.00,,,,
Centreville Elementary,5/22/2025,60108,Chicken Tenders Sub(Sandwich),0,0,0,83,83,0,83,$102.92,0,0.00%,$0.00,$102.92,0,0.00%,$0.00,$102.92,,,,
Centreville Elementary,5/22/2025,60120,Asian Veggie Sub(sandwich),78,0,78,6,6,0,6,$11.34,0,0.00%,$0.00,$11.34,0,0.00%,$0.00,$11.34,,,,
Centreville Elementary,5/22/2025,60122,Asian Meatball Sub(sandwich),110,0,110,29,29,0,29,$51.62,0,0.00%,$0.00,$51.62,0,0.00%,$0.00,$51.62,,,,
Centreville Elementary,5/22/2025,60150,Strawberry Parfait Power Pack(Power Pack),10,0,10,0,0,0,0,$0.00,0,0.00%,$0.00,$0.00,0,0.00%,$0.00,$0.00,,,,
Centreville High,5/22/2025,10015,Baked Cheese Sticks(2 Cheese Sticks),300,0,300,399,386,0,386,$254.76,13,3.26%,$8.58,$263.34,0,0.00%,$0.00,$263.34,,,,
Centreville High,5/22/2025,10026,Chickenless Bites(4 Bites),200,0,200,150,123,12,135,$98.55,1,0.67%,$0.73,$99.28,14,9.33%,$10.22,$109.50,,,,
Centreville High,5/22/2025,10027,"Bread, Loco(1/2 piece)",0,0,0,176,148,13,161,$24.15,0,0.00%,$0.00,$24.15,15,8.52%,$2.25,$26.40,,,,
Centreville High,5/22/2025,10033,Chocolate Chip Cookie(Cookie),96,0,96,120,104,0,104,$28.08,1,0.83%,$0.27,$28.35,15,12.50%,$4.05,$32.40,,,,
Centreville High,5/22/2025,10044,Soft Pretzel(1 pretzel),5,0,5,1,0,0,0,$0.00,1,100.00%,$0.00,$0.00,0,0.00%,$0.00,$0.00,,,,
Centreville High,5/22/2025,20001,1% White Milk(Each),70,0,70,70,50,0,50,$18.00,0,0.00%,$0.00,$18.00,20,28.57%,$7.20,$25.20,,,,
Centreville High,5/22/2025,20002,Fat Free Chocolate Milk(Each),350,0,350,320,298,0,298,$104.30,0,0.00%,$0.00,$104.30,22,6.88%,$7.70,$112.00,,,,
Centreville High,5/22/2025,20016,String Cheese(Each),2,0,2,2,0,0,0,$0.00,0,0.00%,$0.00,$0.00,2,100.00%,$0.00,$0.00,,,,
Centreville High,5/22/2025,20018,Red Seedless Grapes(16 grapes per 1/2 cup),500,0,500,690,552,0,552,$281.52,0,0.00%,$0.00,$281.52,138,20.00%,$70.38,$351.90,,,,
Centreville High,5/22/2025,20027,Broccoli Florets(1/4 cup),150,0,150,126,126,0,126,$10.08,0,0.00%,$0.00,$10.08,0,0.00%,$0.00,$10.08,,,,
Centreville High,5/22/2025,20028,Lettuce Blend Salad Mix(1/2 cup),350,0,350,260,220,0,220,$17.60,0,0.00%,$0.00,$17.60,40,15.38%,$3.20,$20.80,,,,
Centreville High,5/22/2025,20031,Banana(Each),400,0,400,37,37,0,37,$7.77,0,0.00%,$0.00,$7.77,0,0.00%,$0.00,$7.77,,,,
Centreville High,5/22/2025,20038,Fat Free White Milk(Each),40,0,40,40,20,0,20,$6.60,0,0.00%,$0.00,$6.60,20,50.00%,$6.60,$13.20,,,,
Centreville High,5/22/2025,20052,Assorted  4 oz Yogurt(Container),2,0,2,2,0,0,0,$0.00,0,0.00%,$0.00,$0.00,2,100.00%,$0.00,$0.00,,,,
Centreville High,5/22/2025,30008,Apple Juice(Each),20,0,20,20,19,0,19,$3.23,0,0.00%,$0.00,$3.23,1,5.00%,$0.17,$3.40,,,,
Centreville High,5/22/2025,30009,Orange Tangerine Juice(Each),2,0,2,2,0,0,0,$0.00,0,0.00%,$0.00,$0.00,2,100.00%,$0.00,$0.00,,,,
Centreville High,5/22/2025,30018,Marinara Sauce(1/4 Cup),300,0,300,400,370,0,370,$55.50,30,7.50%,$4.50,$60.00,0,0.00%,$0.00,$60.00,,,,
Centreville High,5/22/2025,30024,Black Beans(1/4 Cup),50,0,50,33,18,0,18,$1.62,15,45.45%,$1.35,$2.97,0,0.00%,$0.00,$2.97,,,,
Centreville High,5/22/2025,30033,Cheez-Its Crackers(Package),8,0,8,15,14,0,14,$2.52,0,0.00%,$0.00,$2.52,1,6.67%,$0.18,$2.70,,,,
Centreville High,5/22/2025,30044,Strawberry Flavored Dried Cranberries(Each),350,0,350,320,299,0,299,$71.76,0,0.00%,$0.00,$71.76,21,6.56%,$5.04,$76.80,,,,
Centreville High,5/22/2025,30061,Chilled Mandarin Oranges(1/2 cup (drained)),350,0,350,360,264,0,264,$89.76,0,0.00%,$0.00,$89.76,96,26.67%,$32.64,$122.40,,,,
Centreville High,5/22/2025,30063,Ketchup Packet(Packet),400,0,400,400,290,0,290,$8.70,0,0.00%,$0.00,$8.70,110,27.50%,$3.30,$12.00,,,,
Centreville High,5/22/2025,30064,Mayonnaise Packet(Packet),50,0,50,100,40,0,40,$4.00,0,0.00%,$0.00,$4.00,60,60.00%,$6.00,$10.00,,,,
Centreville High,5/22/2025,30065,Mustard Packet(Packet),50,0,50,100,25,0,25,$1.25,0,0.00%,$0.00,$1.25,75,75.00%,$3.75,$5.00,,,,
Centreville High,5/22/2025,30077,Italian Dressing(1 ounce),50,0,50,96,48,0,48,$3.84,0,0.00%,$0.00,$3.84,48,50.00%,$3.84,$7.68,,,,
Centreville High,5/22/2025,30097,Bottled Water(Bottle),50,0,50,60,52,0,52,$8.32,0,0.00%,$0.00,$8.32,8,13.33%,$1.28,$9.60,,,,
Centreville High,5/22/2025,30109,Smartfood RF White Cheddar Popcorn(Each),8,0,8,7,4,0,4,$1.48,0,0.00%,$0.00,$1.48,3,42.86%,$1.11,$2.59,,,,
Centreville High,5/22/2025,30110,Doritos Flamas(Each),15,0,15,125,120,0,120,$44.40,3,2.40%,$1.11,$45.51,2,1.60%,$0.74,$46.25,,,,
Centreville High,5/22/2025,30111,Doritos RF Spicy Sweet Chili(Each),12,0,12,30,29,0,29,$10.73,0,0.00%,$0.00,$10.73,1,3.33%,$0.37,$11.10,,,,
Centreville High,5/22/2025,30112,Doritos RF Nacho Cheese(Each),12,0,12,40,39,0,39,$14.43,0,0.00%,$0.00,$14.43,1,2.50%,$0.37,$14.80,,,,
Centreville High,5/22/2025,30113,Cool Ranch Reduced Fat Doritos(Each),12,0,12,12,8,0,8,$2.96,0,0.00%,$0.00,$2.96,4,33.33%,$1.48,$4.44,,,,
Centreville High,5/22/2025,30114,SS Baked Cheetos Flaming Hot(Each),12,0,12,65,60,0,60,$31.80,2,3.08%,$1.06,$32.86,3,4.62%,$1.59,$34.45,,,,
Centreville High,5/22/2025,30116,SS Cheetos Fantastix Flaming Hot(Each),10,0,10,65,60,0,60,$23.40,2,3.08%,$0.78,$24.18,3,4.62%,$1.17,$25.35,,,,
Centreville High,5/22/2025,30117,WG Baked Funyuns(Each),8,0,8,15,12,0,12,$4.32,0,0.00%,$0.00,$4.32,3,20.00%,$1.08,$5.40,,,,
Centreville High,5/22/2025,30118,Kettle Cooked Smoky BBQ Chips(Each),12,0,12,3,1,0,1,$0.60,0,0.00%,$0.00,$0.60,2,66.67%,$1.20,$1.80,,,,
Centreville High,5/22/2025,30119,RF Kettle Chips Jalapeno & Cheddar Chips(Each),25,0,25,155,132,0,132,$79.20,23,14.84%,$13.80,$93.00,0,0.00%,$0.00,$93.00,,,,
Centreville High,5/22/2025,30120,RF Kettle Chips Sea Salt & Vinegar Chips(Each),25,0,25,85,82,0,82,$49.20,0,0.00%,$0.00,$49.20,3,3.53%,$1.80,$51.00,,,,
Centreville High,5/22/2025,30121,Kellogg’s W/G Rice Krispies Treats(Each),0,0,0,25,25,0,25,$18.50,0,0.00%,$0.00,$18.50,0,0.00%,$0.00,$18.50,,,,
Centreville High,5/22/2025,30122,WG Chocolate Chip Rice Krispy Treats(Each),0,0,0,71,71,0,71,$42.60,0,0.00%,$0.00,$42.60,0,0.00%,$0.00,$42.60,,,,
Centreville High,5/22/2025,30124,"Fruit Snacks, Welch's Mixed(Each)",25,0,25,100,92,0,92,$36.80,0,0.00%,$0.00,$36.80,8,8.00%,$3.20,$40.00,,,,
Centreville High,5/22/2025,30160,Lay's RF Kettle Original Chips(Each),15,0,15,35,33,0,33,$19.80,0,0.00%,$0.00,$19.80,2,5.71%,$1.20,$21.00,,,,
Centreville High,5/22/2025,60035,PB&J Power Pack(Power Packs),150,0,150,90,82,0,82,$88.56,0,0.00%,$0.00,$88.56,8,8.89%,$8.64,$97.20,,,,
Centreville High,5/22/2025,60037,Strawberry & Banana Yogurt Power Pack(Power Packs),5,0,5,4,0,0,0,$0.00,0,0.00%,$0.00,$0.00,4,100.00%,$0.00,$0.00,,,,
Centreville High,5/22/2025,60047,Chicken Tenders(3 tenders),0,0,0,26,25,1,26,$24.44,0,0.00%,$0.00,$24.44,0,0.00%,$0.00,$24.44,,,,
Centreville High,5/22/2025,60075,Spicy Chicken Wrap(Wrap),50,0,50,28,27,0,27,$31.59,0,0.00%,$0.00,$31.59,1,3.57%,$1.17,$32.76,,,,
Centreville High,5/22/2025,60077,Manager's Vegetable Choice(1/4 cup),200,0,200,168,158,0,158,$0.00,10,5.95%,$0.00,$0.00,0,0.00%,$0.00,$0.00,,,,
Centreville High,5/22/2025,60100,Black Beans - salad bar entree(1/2 cup),5,0,5,5,0,0,0,$0.00,5,100.00%,$0.00,$0.00,0,0.00%,$0.00,$0.00,,,,
Centreville High,5/22/2025,60120,Asian Veggie Sub(sandwich),60,0,60,38,38,0,38,$71.82,0,0.00%,$0.00,$71.82,0,0.00%,$0.00,$71.82,,,,
Centreville High,5/22/2025,60122,Asian Meatball Sub(sandwich),60,0,60,47,45,0,45,$80.10,2,4.26%,$3.56,$83.66,0,0.00%,$0.00,$83.66,,,,
Cherry Run Elementary,5/22/2025,10044,Soft Pretzel(1 pretzel),1,0,1,11,1,9,10,$2.20,0,0.00%,$0.00,$2.20,1,9.09%,$0.22,$2.42,,,,
Cherry Run Elementary,5/22/2025,10062,Corn(1/4 cup (thawed)),53,0,53,54,53,0,53,$5.83,0,0.00%,$0.00,$5.83,1,1.85%,$0.11,$5.94,,,,
Cherry Run Elementary,5/22/2025,10073,Whole Strawberries(1/2 cup thawed),0,0,0,24,24,0,24,$8.16,0,0.00%,$0.00,$8.16,0,0.00%,$0.00,$8.16,,,,
Cherry Run Elementary,5/22/2025,20001,1% White Milk(Each),30,0,30,46,27,0,27,$9.72,0,0.00%,$0.00,$9.72,19,41.30%,$6.84,$16.56,,,,
Cherry Run Elementary,5/22/2025,20002,Fat Free Chocolate Milk(Each),119,0,119,154,117,4,121,$42.35,0,0.00%,$0.00,$42.35,33,21.43%,$11.55,$53.90,,,,
Cherry Run Elementary,5/22/2025,20016,String Cheese(Each),1,0,1,0,0,0,0,$0.00,0,0.00%,$0.00,$0.00,0,0.00%,$0.00,$0.00,,,,
Cherry Run Elementary,5/22/2025,20017,Orange(1/4 cup),0,0,0,72,71,0,71,$12.07,0,0.00%,$0.00,$12.07,1,1.39%,$0.17,$12.24,,,,
Cherry Run Elementary,5/22/2025,20028,Lettuce Blend Salad Mix(1 cup),16,0,16,16,16,0,16,$2.56,0,0.00%,$0.00,$2.56,0,0.00%,$0.00,$2.56,,,,
Cherry Run Elementary,5/22/2025,20028,Lettuce Blend Salad Mix(1/2 cup),58,0,58,20,20,0,20,$1.60,0,0.00%,$0.00,$1.60,0,0.00%,$0.00,$1.60,,,,
Cherry Run Elementary,5/22/2025,20031,Banana(Each),103,0,103,83,83,0,83,$17.43,0,0.00%,$0.00,$17.43,0,0.00%,$0.00,$17.43,,,,
Cherry Run Elementary,5/22/2025,20038,Fat Free White Milk(Each),8,0,8,20,6,0,6,$1.98,0,0.00%,$0.00,$1.98,14,70.00%,$4.62,$6.60,,,,
Cherry Run Elementary,5/22/2025,20052,Assorted  4 oz Yogurt(Container),1,0,1,0,0,0,0,$0.00,0,0.00%,$0.00,$0.00,0,0.00%,$0.00,$0.00,,,,
Cherry Run Elementary,5/22/2025,30009,Orange Tangerine Juice(Each),1,0,1,25,0,24,24,$0.00,0,0.00%,$0.00,$0.00,1,4.00%,$0.00,$0.00,,,,
Cherry Run Elementary,5/22/2025,30044,Strawberry Flavored Dried Cranberries(2 Eaches),0,0,0,7,0,7,7,$0.00,0,0.00%,$0.00,$0.00,0,0.00%,$0.00,$0.00,,,,
Cherry Run Elementary,5/22/2025,30044,Strawberry Flavored Dried Cranberries(Each),33,0,33,40,38,0,38,$9.12,0,0.00%,$0.00,$9.12,2,5.00%,$0.48,$9.60,,,,
Cherry Run Elementary,5/22/2025,30077,Italian Dressing(1 ounce),36,0,36,36,36,0,36,$2.88,0,0.00%,$0.00,$2.88,0,0.00%,$0.00,$2.88,,,,
Cherry Run Elementary,5/22/2025,30094,Doritos Wild White Nacho Flavored Tortilla Chips(Bag),1,0,1,110,0,106,106,$0.00,0,0.00%,$0.00,$0.00,4,3.64%,$0.00,$0.00,,,,
Cherry Run Elementary,5/22/2025,30099,Chickpeas(1/4 cup),27,0,27,20,19,0,19,$1.71,0,0.00%,$0.00,$1.71,1,5.00%,$0.09,$1.80,,,,
Cherry Run Elementary,5/22/2025,30107,Ranch Dressing(1 ounce),46,0,46,40,40,0,40,$4.40,0,0.00%,$0.00,$4.40,0,0.00%,$0.00,$4.40,,,,
Cherry Run Elementary,5/22/2025,60035,PB&J Power Pack(Power Packs),19,0,19,20,19,0,19,$20.52,0,0.00%,$0.00,$20.52,1,5.00%,$1.08,$21.60,,,,
Cherry Run Elementary,5/22/2025,60037,Strawberry & Banana Yogurt Power Pack(Power Packs),15,0,15,30,20,0,20,$16.00,0,0.00%,$0.00,$16.00,10,33.33%,$8.00,$24.00,,,,
Cherry Run Elementary,5/22/2025,60054,Steamed Broccoli(1/2 cup),27,0,27,27,26,0,26,$3.90,0,0.00%,$0.00,$3.90,1,3.70%,$0.15,$4.05,,,,
Cherry Run Elementary,5/22/2025,60077,Manager's Vegetable Choice(1/4 cup),62,0,62,54,54,0,54,$0.00,0,0.00%,$0.00,$0.00,0,0.00%,$0.00,$0.00,,,,
Cherry Run Elementary,5/22/2025,60108,Chicken Tenders Sub(Sandwich),0,0,0,13,13,0,13,$16.12,0,0.00%,$0.00,$16.12,0,0.00%,$0.00,$16.12,,,,
Cherry Run Elementary,5/22/2025,60120,Asian Veggie Sub(sandwich),94,0,94,95,73,15,88,$166.32,0,0.00%,$0.00,$166.32,7,7.37%,$13.23,$179.55,,,,
Cherry Run Elementary,5/22/2025,60122,Asian Meatball Sub(sandwich),28,0,28,33,31,0,31,$55.18,1,3.03%,$1.78,$56.96,1,3.03%,$1.78,$58.74,,,,
Chesterbrook Elementary,5/22/2025,10044,Soft Pretzel(1 pretzel),10,0,10,52,52,0,52,$11.44,0,0.00%,$0.00,$11.44,0,0.00%,$0.00,$11.44,,,,
Chesterbrook Elementary,5/22/2025,10062,Corn(1/4 cup (thawed)),32,2,34,80,80,0,80,$8.80,0,0.00%,$0.00,$8.80,0,0.00%,$0.00,$8.80,,,,
Chesterbrook Elementary,5/22/2025,20001,1% White Milk(Each),18,0,18,53,43,0,43,$15.48,0,0.00%,$0.00,$15.48,10,18.87%,$3.60,$19.08,,,,
Chesterbrook Elementary,5/22/2025,20002,Fat Free Chocolate Milk(Each),107,0,107,200,136,0,136,$47.60,0,0.00%,$0.00,$47.60,64,32.00%,$22.40,$70.00,,,,
Chesterbrook Elementary,5/22/2025,20014,Red Delicious Apple(Each - serving),0,0,0,50,50,0,50,$16.50,0,0.00%,$0.00,$16.50,0,0.00%,$0.00,$16.50,,,,
Chesterbrook Elementary,5/22/2025,20017,Orange(1/4 cup),0,0,0,60,60,0,60,$10.20,0,0.00%,$0.00,$10.20,0,0.00%,$0.00,$10.20,,,,
Chesterbrook Elementary,5/22/2025,20018,Red Seedless Grapes(16 grapes per 1/2 cup),0,0,0,60,60,0,60,$30.60,0,0.00%,$0.00,$30.60,0,0.00%,$0.00,$30.60,,,,
Chesterbrook Elementary,5/22/2025,20028,Lettuce Blend Salad Mix(1 cup),2,0,2,3,3,0,3,$0.48,0,0.00%,$0.00,$0.48,0,0.00%,$0.00,$0.48,,,,
Chesterbrook Elementary,5/22/2025,20028,Lettuce Blend Salad Mix(1/2 cup),48,0,48,40,40,0,40,$3.20,0,0.00%,$0.00,$3.20,0,0.00%,$0.00,$3.20,,,,
Chesterbrook Elementary,5/22/2025,20031,Banana(Each),3,0,3,23,23,0,23,$4.83,0,0.00%,$0.00,$4.83,0,0.00%,$0.00,$4.83,,,,
Chesterbrook Elementary,5/22/2025,20038,Fat Free White Milk(Each),3,0,3,50,15,0,15,$4.95,0,0.00%,$0.00,$4.95,35,70.00%,$11.55,$16.50,,,,
Chesterbrook Elementary,5/22/2025,30045,Watermelon Flavored Dried Cranberries(Each),10,0,10,50,50,0,50,$12.00,0,0.00%,$0.00,$12.00,0,0.00%,$0.00,$12.00,,,,
Chesterbrook Elementary,5/22/2025,30077,Italian Dressing(1 ounce),8,0,8,25,25,0,25,$2.00,0,0.00%,$0.00,$2.00,0,0.00%,$0.00,$2.00,,,,
Chesterbrook Elementary,5/22/2025,30099,Chickpeas(1/4 cup),16,0,16,40,40,0,40,$3.60,0,0.00%,$0.00,$3.60,0,0.00%,$0.00,$3.60,,,,
Chesterbrook Elementary,5/22/2025,30107,Ranch Dressing(1 ounce),24,0,24,75,75,0,75,$8.25,0,0.00%,$0.00,$8.25,0,0.00%,$0.00,$8.25,,,,
Chesterbrook Elementary,5/22/2025,60035,PB&J Power Pack(Power Packs),35,0,35,106,106,0,106,$114.48,0,0.00%,$0.00,$114.48,0,0.00%,$0.00,$114.48,,,,
Chesterbrook Elementary,5/22/2025,60037,Strawberry & Banana Yogurt Power Pack(Power Packs),13,0,13,9,9,0,9,$7.20,0,0.00%,$0.00,$7.20,0,0.00%,$0.00,$7.20,,,,
Chesterbrook Elementary,5/22/2025,60054,Steamed Broccoli(1/2 cup),32,0,32,80,80,0,80,$12.00,0,0.00%,$0.00,$12.00,0,0.00%,$0.00,$12.00,,,,
Chesterbrook Elementary,5/22/2025,60077,Manager's Vegetable Choice(1/4 cup),43,0,43,80,80,0,80,$0.00,0,0.00%,$0.00,$0.00,0,0.00%,$0.00,$0.00,,,,
Chesterbrook Elementary,5/22/2025,60120,Asian Veggie Sub(sandwich),50,0,50,50,50,0,50,$94.50,0,0.00%,$0.00,$94.50,0,0.00%,$0.00,$94.50,,,,
Chesterbrook Elementary,5/22/2025,60122,Asian Meatball Sub(sandwich),50,0,50,53,53,0,53,$94.34,0,0.00%,$0.00,$94.34,0,0.00%,$0.00,$94.34,,,,
Churchill Road Elementary,5/22/2025,10026,Chickenless Bites(2 Bites),0,0,0,60,60,0,60,$21.60,0,0.00%,$0.00,$21.60,0,0.00%,$0.00,$21.60,,,,
Churchill Road Elementary,5/22/2025,10044,Soft Pretzel(1 pretzel),15,0,15,40,33,0,33,$7.26,0,0.00%,$0.00,$7.26,7,17.50%,$1.54,$8.80,,,,
Churchill Road Elementary,5/22/2025,20001,1% White Milk(Each),23,0,23,50,50,0,50,$18.00,0,0.00%,$0.00,$18.00,0,0.00%,$0.00,$18.00,,,,
Churchill Road Elementary,5/22/2025,20002,Fat Free Chocolate Milk(Each),143,0,143,200,188,0,188,$65.80,0,0.00%,$0.00,$65.80,12,6.00%,$4.20,$70.00,,,,
Churchill Road Elementary,5/22/2025,20008,Apple Slices(3 slices per 1/4 cup),0,0,0,100,100,0,100,$59.00,0,0.00%,$0.00,$59.00,0,0.00%,$0.00,$59.00,,,,
Churchill Road Elementary,5/22/2025,20023,Baby Carrots(3 baby carrots per 1/4 cup),0,0,0,72,66,0,66,$5.94,0,0.00%,$0.00,$5.94,6,8.33%,$0.54,$6.48,,,,
Churchill Road Elementary,5/22/2025,20027,Broccoli Florets(1/4 cup),19,0,19,84,65,0,65,$5.20,0,0.00%,$0.00,$5.20,19,22.62%,$1.52,$6.72,,,,
Churchill Road Elementary,5/22/2025,20028,Lettuce Blend Salad Mix(1/2 cup),80,0,80,100,88,0,88,$7.04,12,12.00%,$0.96,$8.00,0,0.00%,$0.00,$8.00,,,,
Churchill Road Elementary,5/22/2025,20031,Banana(Each),56,0,56,125,56,0,56,$11.76,0,0.00%,$0.00,$11.76,69,55.20%,$14.49,$26.25,,,,
Churchill Road Elementary,5/22/2025,20038,Fat Free White Milk(Each),17,0,17,10,4,0,4,$1.32,0,0.00%,$0.00,$1.32,6,60.00%,$1.98,$3.30,,,,
Churchill Road Elementary,5/22/2025,30044,Strawberry Flavored Dried Cranberries(Each),27,0,27,40,40,0,40,$9.60,0,0.00%,$0.00,$9.60,0,0.00%,$0.00,$9.60,,,,
Churchill Road Elementary,5/22/2025,30045,Watermelon Flavored Dried Cranberries(Each),31,0,31,32,15,0,15,$3.60,0,0.00%,$0.00,$3.60,17,53.13%,$4.08,$7.68,,,,
Churchill Road Elementary,5/22/2025,30077,Italian Dressing(1 ounce),29,0,29,24,7,0,7,$0.56,0,0.00%,$0.00,$0.56,17,70.83%,$1.36,$1.92,,,,
Churchill Road Elementary,5/22/2025,30078,"Sauce, BBQ, HFCS-Free, Bulk, Low-Sodium(2 TBSP)",0,0,0,48,48,0,48,$4.80,0,0.00%,$0.00,$4.80,0,0.00%,$0.00,$4.80,,,,
Churchill Road Elementary,5/22/2025,30099,Chickpeas(1/4 cup),33,0,33,48,26,0,26,$2.34,0,0.00%,$0.00,$2.34,22,45.83%,$1.98,$4.32,,,,
Churchill Road Elementary,5/22/2025,30107,Ranch Dressing(1 ounce),78,0,78,48,42,0,42,$4.62,0,0.00%,$0.00,$4.62,6,12.50%,$0.66,$5.28,,,,
Churchill Road Elementary,5/22/2025,60035,PB&J Power Pack(Power Packs),39,0,39,18,10,0,10,$10.80,0,0.00%,$0.00,$10.80,8,44.44%,$8.64,$19.44,,,,
Churchill Road Elementary,5/22/2025,60037,Strawberry & Banana Yogurt Power Pack(Power Packs),15,0,15,15,10,0,10,$8.00,0,0.00%,$0.00,$8.00,5,33.33%,$4.00,$12.00,,,,
Churchill Road Elementary,5/22/2025,60038,Peach Yogurt Power Pack(Power Packs),10,0,10,0,0,0,0,$0.00,0,0.00%,$0.00,$0.00,0,0.00%,$0.00,$0.00,,,,
Churchill Road Elementary,5/22/2025,60047,Chicken Tenders(3 tenders),0,0,0,140,120,0,120,$112.80,0,0.00%,$0.00,$112.80,20,14.29%,$18.80,$131.60,,,,
Churchill Road Elementary,5/22/2025,60100,Black Beans - salad bar entree(1/2 cup),17,0,17,48,16,0,16,$2.72,0,0.00%,$0.00,$2.72,32,66.67%,$5.44,$8.16,,,,
Churchill Road Elementary,5/22/2025,60122,Asian Meatball Sub(sandwich),103,0,103,0,0,0,0,$0.00,0,0.00%,$0.00,$0.00,0,0.00%,$0.00,$0.00,,,,
Clearview Elementary,5/22/2025,10033,Chocolate Chip Cookie(1/2 Cookie),68,0,68,81,81,0,81,$11.34,0,0.00%,$0.00,$11.34,0,0.00%,$0.00,$11.34,,,,
Clearview Elementary,5/22/2025,10044,Soft Pretzel(1 pretzel),18,0,18,5,5,0,5,$1.10,0,0.00%,$0.00,$1.10,0,0.00%,$0.00,$1.10,,,,
Clearview Elementary,5/22/2025,20001,1% White Milk(Each),99,3,102,225,95,2,97,$34.92,0,0.00%,$0.00,$34.92,128,56.89%,$46.08,$81.00,,,,
Clearview Elementary,5/22/2025,20002,Fat Free Chocolate Milk(Each),249,0,249,312,262,0,262,$91.70,0,0.00%,$0.00,$91.70,50,16.03%,$17.50,$109.20,,,,
Clearview Elementary,5/22/2025,20016,String Cheese(Each),1,0,1,0,0,0,0,$0.00,0,0.00%,$0.00,$0.00,0,0.00%,$0.00,$0.00,,,,
Clearview Elementary,5/22/2025,20017,Orange(6 Slices per 1/2 cup),0,0,0,320,316,4,320,$108.80,0,0.00%,$0.00,$108.80,0,0.00%,$0.00,$108.80,,,,
Clearview Elementary,5/22/2025,20023,Baby Carrots(3 baby carrots per 1/4 cup),0,0,0,144,143,1,144,$12.96,0,0.00%,$0.00,$12.96,0,0.00%,$0.00,$12.96,,,,
Clearview Elementary,5/22/2025,20028,Lettuce Blend Salad Mix(1 cup),58,3,61,63,61,2,63,$10.08,0,0.00%,$0.00,$10.08,0,0.00%,$0.00,$10.08,,,,
Clearview Elementary,5/22/2025,20028,Lettuce Blend Salad Mix(1/2 cup),118,2,120,100,92,8,100,$8.00,0,0.00%,$0.00,$8.00,0,0.00%,$0.00,$8.00,,,,
Clearview Elementary,5/22/2025,20031,Banana(Each),160,3,163,303,292,11,303,$63.63,0,0.00%,$0.00,$63.63,0,0.00%,$0.00,$63.63,,,,
Clearview Elementary,5/22/2025,20036,Celery Sticks(1/2 cup),0,0,0,240,238,2,240,$132.00,0,0.00%,$0.00,$132.00,0,0.00%,$0.00,$132.00,,,,
Clearview Elementary,5/22/2025,20038,Fat Free White Milk(Each),2,0,2,2,1,0,1,$0.33,0,0.00%,$0.00,$0.33,1,50.00%,$0.33,$0.66,,,,
Clearview Elementary,5/22/2025,20043,"Lactose Free, White Milk(Each)",0,0,0,5,5,0,5,$2.90,0,0.00%,$0.00,$2.90,0,0.00%,$0.00,$2.90,,,,
Clearview Elementary,5/22/2025,20052,Assorted  4 oz Yogurt(Container),2,0,2,3,3,0,3,$0.00,0,0.00%,$0.00,$0.00,0,0.00%,$0.00,$0.00,,,,
Clearview Elementary,5/22/2025,30002,Sub Roll(Sub Roll),0,0,0,41,41,0,41,$12.71,0,0.00%,$0.00,$12.71,0,0.00%,$0.00,$12.71,,,,
Clearview Elementary,5/22/2025,30033,Cheez-Its Crackers(Package),0,0,0,3,3,0,3,$0.54,0,0.00%,$0.00,$0.54,0,0.00%,$0.00,$0.54,,,,
Clearview Elementary,5/22/2025,30034,Graham Crackers(Package),41,0,41,32,32,0,32,$4.48,0,0.00%,$0.00,$4.48,0,0.00%,$0.00,$4.48,,,,
Clearview Elementary,5/22/2025,30037,IW Applesauce Cup(Each),42,0,42,32,32,0,32,$8.64,0,0.00%,$0.00,$8.64,0,0.00%,$0.00,$8.64,,,,
Clearview Elementary,5/22/2025,30043,Raspberry Lemonade Flavored Dried Cranberries(Each),40,4,44,40,40,0,40,$9.60,0,0.00%,$0.00,$9.60,0,0.00%,$0.00,$9.60,,,,
Clearview Elementary,5/22/2025,30044,Strawberry Flavored Dried Cranberries(2 Eaches),0,0,0,60,42,0,42,$20.16,0,0.00%,$0.00,$20.16,18,30.00%,$8.64,$28.80,,,,
Clearview Elementary,5/22/2025,30063,Ketchup Packet(Packet),0,0,0,500,429,0,429,$12.87,0,0.00%,$0.00,$12.87,71,14.20%,$2.13,$15.00,,,,
Clearview Elementary,5/22/2025,30077,Italian Dressing(1 ounce),82,3,85,107,101,6,107,$8.56,0,0.00%,$0.00,$8.56,0,0.00%,$0.00,$8.56,,,,
Clearview Elementary,5/22/2025,30092,Roasted Sunflower Seeds(Package),0,0,0,91,91,0,91,$28.21,0,0.00%,$0.00,$28.21,0,0.00%,$0.00,$28.21,,,,
Clearview Elementary,5/22/2025,30094,Doritos Wild White Nacho Flavored Tortilla Chips(Bag),32,0,32,32,32,0,32,$11.20,0,0.00%,$0.00,$11.20,0,0.00%,$0.00,$11.20,,,,
Clearview Elementary,5/22/2025,30097,Bottled Water(Bottle),7,0,7,3,3,0,3,$0.48,0,0.00%,$0.00,$0.48,0,0.00%,$0.00,$0.48,,,,
Clearview Elementary,5/22/2025,30107,Ranch Dressing(1 ounce),41,0,41,48,41,0,41,$4.51,7,14.58%,$0.77,$5.28,0,0.00%,$0.00,$5.28,,,,
Clearview Elementary,5/22/2025,30158,Black Beans(1/2 Cup),26,0,26,0,0,0,0,$0.00,0,0.00%,$0.00,$0.00,0,0.00%,$0.00,$0.00,,,,
Clearview Elementary,5/22/2025,30188,"Milk, Soy, Plain, Bulk (12/32 oz)(1 cup)",0,0,0,1,1,0,1,$0.79,0,0.00%,$0.00,$0.79,0,0.00%,$0.00,$0.79,,,,
Clearview Elementary,5/22/2025,60035,PB&J Power Pack(Power Packs),47,0,47,86,86,0,86,$92.88,0,0.00%,$0.00,$92.88,0,0.00%,$0.00,$92.88,,,,
Clearview Elementary,5/22/2025,60036,Cherry Vanilla Yogurt Power Pack(Power Packs),7,0,7,0,0,0,0,$0.00,0,0.00%,$0.00,$0.00,0,0.00%,$0.00,$0.00,,,,
Clearview Elementary,5/22/2025,60037,Strawberry & Banana Yogurt Power Pack(Power Packs),9,0,9,15,15,0,15,$12.00,0,0.00%,$0.00,$12.00,0,0.00%,$0.00,$12.00,,,,
Clearview Elementary,5/22/2025,60038,Peach Yogurt Power Pack(Power Packs),10,0,10,0,0,0,0,$0.00,0,0.00%,$0.00,$0.00,0,0.00%,$0.00,$0.00,,,,
Clearview Elementary,5/22/2025,60058,Korean BBQ Chickenless Bites(4 bites),0,0,0,40,37,0,37,$32.56,3,7.50%,$2.64,$35.20,0,0.00%,$0.00,$35.20,,,,
Clearview Elementary,5/22/2025,60100,Black Beans - salad bar entree(1/2 cup),0,0,0,0,0,0,0,$0.00,0,0.00%,$0.00,$0.00,0,0.00%,$0.00,$0.00,,,,
Clearview Elementary,5/22/2025,60120,Asian Veggie Sub(sandwich),107,6,113,218,206,5,211,$398.79,7,3.21%,$13.23,$412.02,0,0.00%,$0.00,$412.02,,,,
Clearview Elementary,5/22/2025,60122,Asian Meatball Sub(sandwich),65,3,68,75,66,6,72,$128.16,3,4.00%,$5.34,$133.50,0,0.00%,$0.00,$133.50,,,,
Clermont Elementary,5/22/2025,10033,Chocolate Chip Cookie(Cookie),192,0,192,245,0,217,217,$0.00,1,0.41%,$0.00,$0.00,27,11.02%,$0.00,$0.00,,,,
Clermont Elementary,5/22/2025,10044,Soft Pretzel(1 pretzel),3,0,3,7,0,2,2,$0.00,0,0.00%,$0.00,$0.00,5,71.43%,$0.00,$0.00,,,,
Clermont Elementary,5/22/2025,10088,Potato Wedges(7 pieces),0,0,0,25,25,0,25,$5.25,0,0.00%,$0.00,$5.25,0,0.00%,$0.00,$5.25,,,,
Clermont Elementary,5/22/2025,20001,1% White Milk(Each),22,0,22,42,25,0,25,$9.00,0,0.00%,$0.00,$9.00,17,40.48%,$6.12,$15.12,,,,
Clermont Elementary,5/22/2025,20002,Fat Free Chocolate Milk(Each),147,0,147,249,170,0,170,$59.50,0,0.00%,$0.00,$59.50,79,31.73%,$27.65,$87.15,,,,
Clermont Elementary,5/22/2025,20015,Golden Delicious Apple(Each),0,0,0,50,50,0,50,$15.50,0,0.00%,$0.00,$15.50,0,0.00%,$0.00,$15.50,,,,
Clermont Elementary,5/22/2025,20017,Orange(6 Slices per 1/2 cup),0,0,0,85,68,0,68,$23.12,0,0.00%,$0.00,$23.12,17,20.00%,$5.78,$28.90,,,,
Clermont Elementary,5/22/2025,20027,Broccoli Florets(6 Pieces per 1/2 cup),8,0,8,21,16,0,16,$2.40,0,0.00%,$0.00,$2.40,5,23.81%,$0.75,$3.15,,,,
Clermont Elementary,5/22/2025,20028,Lettuce Blend Salad Mix(1/2 cup),38,0,38,40,39,0,39,$3.12,1,2.50%,$0.08,$3.20,0,0.00%,$0.00,$3.20,,,,
Clermont Elementary,5/22/2025,20033,Peach Yogurt(Container),0,0,0,8,8,0,8,$2.80,0,0.00%,$0.00,$2.80,0,0.00%,$0.00,$2.80,,,,
Clermont Elementary,5/22/2025,20036,Celery Sticks(1/2 cup),0,0,0,10,10,0,10,$5.50,0,0.00%,$0.00,$5.50,0,0.00%,$0.00,$5.50,,,,
Clermont Elementary,5/22/2025,20038,Fat Free White Milk(Each),9,0,9,25,7,0,7,$2.31,0,0.00%,$0.00,$2.31,18,72.00%,$5.94,$8.25,,,,
Clermont Elementary,5/22/2025,30024,Black Beans(1/2 Cup),0,0,0,32,16,0,16,$2.72,0,0.00%,$0.00,$2.72,16,50.00%,$2.72,$5.44,,,,
Clermont Elementary,5/22/2025,30044,Strawberry Flavored Dried Cranberries(Each),31,0,31,30,28,0,28,$6.72,0,0.00%,$0.00,$6.72,2,6.67%,$0.48,$7.20,,,,
Clermont Elementary,5/22/2025,30061,Chilled Mandarin Oranges(1/2 cup (drained)),0,0,0,66,66,0,66,$22.44,0,0.00%,$0.00,$22.44,0,0.00%,$0.00,$22.44,,,,
Clermont Elementary,5/22/2025,30063,Ketchup Packet(Packet),0,0,0,50,50,0,50,$1.50,0,0.00%,$0.00,$1.50,0,0.00%,$0.00,$1.50,,,,
Clermont Elementary,5/22/2025,30077,Italian Dressing(1 ounce),10,0,10,24,14,0,14,$1.12,0,0.00%,$0.00,$1.12,10,41.67%,$0.80,$1.92,,,,
Clermont Elementary,5/22/2025,30097,Bottled Water(Bottle),10,0,10,12,0,10,10,$0.00,0,0.00%,$0.00,$0.00,2,16.67%,$0.00,$0.00,,,,
Clermont Elementary,5/22/2025,30107,Ranch Dressing(1 ounce),37,0,37,36,36,0,36,$3.96,0,0.00%,$0.00,$3.96,0,0.00%,$0.00,$3.96,,,,
Clermont Elementary,5/22/2025,30184,"Milk, Soy, Vanilla (24/8 oz)(each)",0,0,0,27,7,0,7,$7.14,0,0.00%,$0.00,$7.14,20,74.07%,$20.40,$27.54,,,,
Clermont Elementary,5/22/2025,60030,Broccoli Alfredo Pasta(1 cup),0,0,0,15,14,0,14,$16.10,1,6.67%,$1.15,$17.25,0,0.00%,$0.00,$17.25,,,,
Clermont Elementary,5/22/2025,60035,PB&J Power Pack(Power Packs),39,0,39,79,73,6,79,$85.32,0,0.00%,$0.00,$85.32,0,0.00%,$0.00,$85.32,,,,
Clermont Elementary,5/22/2025,60100,Black Beans - salad bar entree(1/2 cup),10,0,10,5,0,0,0,$0.00,0,0.00%,$0.00,$0.00,5,100.00%,$0.00,$0.00,,,,
Clermont Elementary,5/22/2025,60121,"Sauce, Spicy Mayo(tbsp)",0,0,0,12,10,0,10,$0.90,0,0.00%,$0.00,$0.90,2,16.67%,$0.18,$1.08,,,,
Clermont Elementary,5/22/2025,60122,Asian Meatball Sub(sandwich),165,0,165,162,146,13,159,$283.02,3,1.85%,$5.34,$288.36,0,0.00%,$0.00,$288.36,,,,
Clermont Elementary,5/22/2025,60150,Strawberry Parfait Power Pack(Power Pack),0,0,0,2,1,0,1,$1.63,1,50.00%,$1.63,$3.26,0,0.00%,$0.00,$3.26,,,,
Coates Elementary,5/22/2025,10026,Chickenless Bites(2 Bites),0,0,0,196,196,0,196,$70.56,0,0.00%,$0.00,$70.56,0,0.00%,$0.00,$70.56,,,,
Coates Elementary,5/22/2025,10044,Soft Pretzel(1 pretzel),6,0,6,20,16,0,16,$3.52,0,0.00%,$0.00,$3.52,4,20.00%,$0.88,$4.40,,,,
Coates Elementary,5/22/2025,10069,Bean and Cheese Pupusa(Pupusa),0,0,0,22,22,0,22,$33.00,0,0.00%,$0.00,$33.00,0,0.00%,$0.00,$33.00,,,,
Coates Elementary,5/22/2025,20001,1% White Milk(Each),47,0,47,335,45,0,45,$16.20,0,0.00%,$0.00,$16.20,290,86.57%,$104.40,$120.60,,,,
Coates Elementary,5/22/2025,20002,Fat Free Chocolate Milk(Each),390,0,390,595,407,0,407,$142.45,0,0.00%,$0.00,$142.45,188,31.60%,$65.80,$208.25,,,,
Coates Elementary,5/22/2025,20008,Apple Slices(3 slices per 1/4 cup),0,0,0,1728,1600,0,1600,$944.00,0,0.00%,$0.00,$944.00,128,7.41%,$75.52,"$1,019.52",,,,
Coates Elementary,5/22/2025,20017,Orange(1/4 cup),0,0,0,1122,510,0,510,$86.70,0,0.00%,$0.00,$86.70,612,54.55%,$104.04,$190.74,,,,
Coates Elementary,5/22/2025,20018,Red Seedless Grapes(16 grapes per 1/2 cup),0,0,0,46,46,0,46,$23.46,0,0.00%,$0.00,$23.46,0,0.00%,$0.00,$23.46,,,,
Coates Elementary,5/22/2025,20023,Baby Carrots(3 baby carrots per 1/4 cup),0,0,0,192,144,0,144,$12.96,0,0.00%,$0.00,$12.96,48,25.00%,$4.32,$17.28,,,,
Coates Elementary,5/22/2025,20028,Lettuce Blend Salad Mix(1/2 cup),325,0,325,400,360,0,360,$28.80,0,0.00%,$0.00,$28.80,40,10.00%,$3.20,$32.00,,,,
Coates Elementary,5/22/2025,20031,Banana(Each),194,0,194,37,37,0,37,$7.77,0,0.00%,$0.00,$7.77,0,0.00%,$0.00,$7.77,,,,
Coates Elementary,5/22/2025,20036,Celery Sticks(1/2 cup),0,0,0,144,112,0,112,$61.60,0,0.00%,$0.00,$61.60,32,22.22%,$17.60,$79.20,,,,
Coates Elementary,5/22/2025,20038,Fat Free White Milk(Each),30,0,30,282,21,0,21,$6.93,0,0.00%,$0.00,$6.93,261,92.55%,$86.13,$93.06,,,,
Coates Elementary,5/22/2025,30039,Cherry Flavored Dried Cranberries(Each),310,0,310,343,320,0,320,$76.80,0,0.00%,$0.00,$76.80,23,6.71%,$5.52,$82.32,,,,
Coates Elementary,5/22/2025,30077,Italian Dressing(1 ounce),12,0,12,24,12,0,12,$0.96,0,0.00%,$0.00,$0.96,12,50.00%,$0.96,$1.92,,,,
Coates Elementary,5/22/2025,30099,Chickpeas(1/4 cup),43,0,43,64,32,0,32,$2.88,0,0.00%,$0.00,$2.88,32,50.00%,$2.88,$5.76,,,,
Coates Elementary,5/22/2025,30107,Ranch Dressing(1 ounce),84,0,84,72,60,0,60,$6.60,0,0.00%,$0.00,$6.60,12,16.67%,$1.32,$7.92,,,,
Coates Elementary,5/22/2025,60021,Cooked  Brown Rice(1 cup cooked),0,0,0,363,363,0,363,$39.93,0,0.00%,$0.00,$39.93,0,0.00%,$0.00,$39.93,,,,
Coates Elementary,5/22/2025,60035,PB&J Power Pack(Power Packs),91,0,91,120,114,0,114,$123.12,0,0.00%,$0.00,$123.12,6,5.00%,$6.48,$129.60,,,,
Coates Elementary,5/22/2025,60036,Cherry Vanilla Yogurt Power Pack(Power Packs),66,0,66,60,56,0,56,$44.80,0,0.00%,$0.00,$44.80,4,6.67%,$3.20,$48.00,,,,
Coates Elementary,5/22/2025,60040,Grilled Cheese Sandwich(Sandwich),0,0,0,46,46,0,46,$19.32,0,0.00%,$0.00,$19.32,0,0.00%,$0.00,$19.32,,,,
Coates Elementary,5/22/2025,60047,Chicken Tenders(3 tenders),0,0,0,167,167,0,167,$156.98,0,0.00%,$0.00,$156.98,0,0.00%,$0.00,$156.98,,,,
Coates Elementary,5/22/2025,60100,Black Beans - salad bar entree(1/2 cup),43,0,43,64,32,0,32,$5.44,0,0.00%,$0.00,$5.44,32,50.00%,$5.44,$10.88,,,,
Coates Elementary,5/22/2025,60120,Asian Veggie Sub(sandwich),0,0,0,36,36,0,36,$68.04,0,0.00%,$0.00,$68.04,0,0.00%,$0.00,$68.04,,,,
Coates Elementary,5/22/2025,60122,Asian Meatball Sub(sandwich),26,0,26,43,43,0,43,$76.54,0,0.00%,$0.00,$76.54,0,0.00%,$0.00,$76.54,,,,
Coates Elementary,5/22/2025,60124,Nachos with Cheese Sauce(Serving),0,0,0,45,45,0,45,$34.65,0,0.00%,$0.00,$34.65,0,0.00%,$0.00,$34.65,,,,
Colin Powell Elementary,5/22/2025,10033,Chocolate Chip Cookie(1/2 Cookie),192,0,192,158,158,0,158,$22.12,0,0.00%,$0.00,$22.12,0,0.00%,$0.00,$22.12,,,,
Colin Powell Elementary,5/22/2025,10044,Soft Pretzel(1 pretzel),80,0,80,55,55,0,55,$12.10,0,0.00%,$0.00,$12.10,0,0.00%,$0.00,$12.10,,,,
Colin Powell Elementary,5/22/2025,20001,1% White Milk(Each),102,0,102,101,35,0,35,$12.60,0,0.00%,$0.00,$12.60,66,65.35%,$23.76,$36.36,,,,
Colin Powell Elementary,5/22/2025,20002,Fat Free Chocolate Milk(Each),209,0,209,841,167,0,167,$58.45,0,0.00%,$0.00,$58.45,674,80.14%,$235.90,$294.35,,,,
Colin Powell Elementary,5/22/2025,20015,Golden Delicious Apple(Each),0,0,0,348,333,0,333,$103.23,0,0.00%,$0.00,$103.23,15,4.31%,$4.65,$107.88,,,,
Colin Powell Elementary,5/22/2025,20018,Red Seedless Grapes(16 grapes per 1/2 cup),0,0,0,85,84,0,84,$42.84,0,0.00%,$0.00,$42.84,1,1.18%,$0.51,$43.35,,,,
Colin Powell Elementary,5/22/2025,20023,Baby Carrots(3 baby carrots per 1/4 cup),0,0,0,24,24,0,24,$2.16,0,0.00%,$0.00,$2.16,0,0.00%,$0.00,$2.16,,,,
Colin Powell Elementary,5/22/2025,20028,Lettuce Blend Salad Mix(1 cup),13,0,13,13,13,0,13,$2.08,0,0.00%,$0.00,$2.08,0,0.00%,$0.00,$2.08,,,,
Colin Powell Elementary,5/22/2025,20028,Lettuce Blend Salad Mix(1/2 cup),141,0,141,140,135,0,135,$10.80,0,0.00%,$0.00,$10.80,5,3.57%,$0.40,$11.20,,,,
Colin Powell Elementary,5/22/2025,20031,Banana(Each),13,0,13,13,13,0,13,$2.73,0,0.00%,$0.00,$2.73,0,0.00%,$0.00,$2.73,,,,
Colin Powell Elementary,5/22/2025,20036,Celery Sticks(1/2 cup),0,0,0,115,46,0,46,$25.30,0,0.00%,$0.00,$25.30,69,60.00%,$37.95,$63.25,,,,
Colin Powell Elementary,5/22/2025,20038,Fat Free White Milk(Each),48,0,48,98,13,0,13,$4.29,0,0.00%,$0.00,$4.29,85,86.73%,$28.05,$32.34,,,,
Colin Powell Elementary,5/22/2025,20047,Orange Slices(3 slices per 1/4 cup),0,0,0,68,68,0,68,$13.60,0,0.00%,$0.00,$13.60,0,0.00%,$0.00,$13.60,,,,
Colin Powell Elementary,5/22/2025,20052,Assorted  4 oz Yogurt(Container),5,0,5,6,6,0,6,$0.00,0,0.00%,$0.00,$0.00,0,0.00%,$0.00,$0.00,,,,
Colin Powell Elementary,5/22/2025,30041,Orange Flavored Dried Cranberries(Each),29,0,29,30,14,0,14,$3.36,0,0.00%,$0.00,$3.36,16,53.33%,$3.84,$7.20,,,,
Colin Powell Elementary,5/22/2025,30077,Italian Dressing(1 ounce),67,0,67,113,93,0,93,$7.44,0,0.00%,$0.00,$7.44,20,17.70%,$1.60,$9.04,,,,
Colin Powell Elementary,5/22/2025,30094,Doritos Wild White Nacho Flavored Tortilla Chips(Bag),85,0,85,27,27,0,27,$9.45,0,0.00%,$0.00,$9.45,0,0.00%,$0.00,$9.45,,,,
Colin Powell Elementary,5/22/2025,30097,Bottled Water(Bottle),10,0,10,21,21,0,21,$3.36,0,0.00%,$0.00,$3.36,0,0.00%,$0.00,$3.36,,,,
Colin Powell Elementary,5/22/2025,30099,Chickpeas(1/4 cup),9,0,9,15,10,0,10,$0.90,0,0.00%,$0.00,$0.90,5,33.33%,$0.45,$1.35,,,,
Colin Powell Elementary,5/22/2025,30107,Ranch Dressing(1 ounce),176,0,176,113,113,0,113,$12.43,0,0.00%,$0.00,$12.43,0,0.00%,$0.00,$12.43,,,,
Colin Powell Elementary,5/22/2025,60035,PB&J Power Pack(Power Packs),60,0,60,50,44,0,44,$47.52,0,0.00%,$0.00,$47.52,6,12.00%,$6.48,$54.00,,,,
Colin Powell Elementary,5/22/2025,60036,Cherry Vanilla Yogurt Power Pack(Power Packs),35,0,35,25,25,0,25,$20.00,0,0.00%,$0.00,$20.00,0,0.00%,$0.00,$20.00,,,,
Colin Powell Elementary,5/22/2025,60037,Strawberry & Banana Yogurt Power Pack(Power Packs),38,0,38,27,27,0,27,$21.60,0,0.00%,$0.00,$21.60,0,0.00%,$0.00,$21.60,,,,
Colin Powell Elementary,5/22/2025,60077,Manager's Vegetable Choice(1/4 cup),95,0,95,75,73,0,73,$0.00,0,0.00%,$0.00,$0.00,2,2.67%,$0.00,$0.00,,,,
Colin Powell Elementary,5/22/2025,60120,Asian Veggie Sub(sandwich),138,0,138,124,124,0,124,$234.36,0,0.00%,$0.00,$234.36,0,0.00%,$0.00,$234.36,,,,
Colin Powell Elementary,5/22/2025,60122,Asian Meatball Sub(sandwich),83,0,83,118,111,2,113,$201.14,0,0.00%,$0.00,$201.14,5,4.24%,$8.90,$210.04,,,,
Colin Powell Elementary,5/22/2025,60149,Hot Turkey & Cheese(sandwich),0,0,0,12,12,0,12,$15.60,0,0.00%,$0.00,$15.60,0,0.00%,$0.00,$15.60,,,,
Colin Powell Elementary,5/22/2025,60150,Strawberry Parfait Power Pack(Power Pack),10,0,10,10,10,0,10,$16.30,0,0.00%,$0.00,$16.30,0,0.00%,$0.00,$16.30,,,,
Columbia Elementary,5/22/2025,10033,Chocolate Chip Cookie(1/2 Cookie),50,0,50,0,0,0,0,$0.00,0,0.00%,$0.00,$0.00,0,0.00%,$0.00,$0.00,,,,
Columbia Elementary,5/22/2025,10044,Soft Pretzel(1 pretzel),5,0,5,5,1,0,1,$0.22,0,0.00%,$0.00,$0.22,4,80.00%,$0.88,$1.10,,,,
Columbia Elementary,5/22/2025,20001,1% White Milk(Each),16,0,16,66,55,0,55,$19.80,0,0.00%,$0.00,$19.80,11,16.67%,$3.96,$23.76,,,,
Columbia Elementary,5/22/2025,20002,Fat Free Chocolate Milk(Each),0,0,0,100,95,0,95,$33.25,0,0.00%,$0.00,$33.25,5,5.00%,$1.75,$35.00,,,,
Columbia Elementary,5/22/2025,20014,Red Delicious Apple(Each - serving),0,0,0,50,43,0,43,$14.19,0,0.00%,$0.00,$14.19,7,14.00%,$2.31,$16.50,,,,
Columbia Elementary,5/22/2025,20016,String Cheese(Each),0,0,0,1,0,1,1,$0.00,0,0.00%,$0.00,$0.00,0,0.00%,$0.00,$0.00,,,,
Columbia Elementary,5/22/2025,20028,Lettuce Blend Salad Mix(1 cup),16,0,16,16,15,0,15,$2.40,0,0.00%,$0.00,$2.40,1,6.25%,$0.16,$2.56,,,,
Columbia Elementary,5/22/2025,20028,Lettuce Blend Salad Mix(1/2 cup),100,0,100,100,85,0,85,$6.80,0,0.00%,$0.00,$6.80,15,15.00%,$1.20,$8.00,,,,
Columbia Elementary,5/22/2025,20031,Banana(Each),136,0,136,141,115,0,115,$24.15,0,0.00%,$0.00,$24.15,26,18.44%,$5.46,$29.61,,,,
Columbia Elementary,5/22/2025,20038,Fat Free White Milk(Each),0,0,0,50,34,0,34,$11.22,0,0.00%,$0.00,$11.22,16,32.00%,$5.28,$16.50,,,,
Columbia Elementary,5/22/2025,20047,Orange Slices(3 slices per 1/4 cup),0,0,0,125,110,0,110,$22.00,0,0.00%,$0.00,$22.00,15,12.00%,$3.00,$25.00,,,,
Columbia Elementary,5/22/2025,20052,Assorted  4 oz Yogurt(Container),1,0,1,0,0,0,0,$0.00,0,0.00%,$0.00,$0.00,0,0.00%,$0.00,$0.00,,,,
Columbia Elementary,5/22/2025,20077,"Peppers, red, pre-sliced(1/2 cup sliced)",0,0,0,75,60,0,60,$33.60,0,0.00%,$0.00,$33.60,15,20.00%,$8.40,$42.00,,,,
Columbia Elementary,5/22/2025,30008,Apple Juice(Each),0,0,0,0,0,0,0,$0.00,0,0.00%,$0.00,$0.00,0,0.00%,$0.00,$0.00,,,,
Columbia Elementary,5/22/2025,30009,Orange Tangerine Juice(Each),0,0,0,0,0,0,0,$0.00,0,0.00%,$0.00,$0.00,0,0.00%,$0.00,$0.00,,,,
Columbia Elementary,5/22/2025,30039,Cherry Flavored Dried Cranberries(Each),0,0,0,0,0,0,0,$0.00,0,0.00%,$0.00,$0.00,0,0.00%,$0.00,$0.00,,,,
Columbia Elementary,5/22/2025,30041,Orange Flavored Dried Cranberries(Each),0,0,0,50,24,0,24,$5.76,0,0.00%,$0.00,$5.76,26,52.00%,$6.24,$12.00,,,,
Columbia Elementary,5/22/2025,30042,Original Flavored Dried Cranberries(Package),0,0,0,0,0,0,0,$0.00,0,0.00%,$0.00,$0.00,0,0.00%,$0.00,$0.00,,,,
Columbia Elementary,5/22/2025,30043,Raspberry Lemonade Flavored Dried Cranberries(Each),0,0,0,0,0,0,0,$0.00,0,0.00%,$0.00,$0.00,0,0.00%,$0.00,$0.00,,,,
Columbia Elementary,5/22/2025,30044,Strawberry Flavored Dried Cranberries(Each),0,0,0,0,0,0,0,$0.00,0,0.00%,$0.00,$0.00,0,0.00%,$0.00,$0.00,,,,
Columbia Elementary,5/22/2025,30045,Watermelon Flavored Dried Cranberries(Each),0,0,0,0,0,0,0,$0.00,0,0.00%,$0.00,$0.00,0,0.00%,$0.00,$0.00,,,,
Columbia Elementary,5/22/2025,30077,Italian Dressing(1 ounce),9,0,9,0,0,0,0,$0.00,0,0.00%,$0.00,$0.00,0,0.00%,$0.00,$0.00,,,,
Columbia Elementary,5/22/2025,30094,Doritos Wild White Nacho Flavored Tortilla Chips(Bag),50,0,50,50,0,47,47,$0.00,0,0.00%,$0.00,$0.00,3,6.00%,$0.00,$0.00,,,,
Columbia Elementary,5/22/2025,30097,Bottled Water(Bottle),0,0,0,0,0,0,0,$0.00,0,0.00%,$0.00,$0.00,0,0.00%,$0.00,$0.00,,,,
Columbia Elementary,5/22/2025,30107,Ranch Dressing(1 ounce),8,0,8,0,0,0,0,$0.00,0,0.00%,$0.00,$0.00,0,0.00%,$0.00,$0.00,,,,
Columbia Elementary,5/22/2025,30158,Black Beans(1/2 Cup),0,0,0,75,60,0,60,$10.20,0,0.00%,$0.00,$10.20,15,20.00%,$2.55,$12.75,,,,
Columbia Elementary,5/22/2025,60035,PB&J Power Pack(Power Packs),53,0,53,90,88,0,88,$95.04,0,0.00%,$0.00,$95.04,2,2.22%,$2.16,$97.20,,,,
Columbia Elementary,5/22/2025,60036,Cherry Vanilla Yogurt Power Pack(Power Packs),10,0,10,20,18,0,18,$14.40,0,0.00%,$0.00,$14.40,2,10.00%,$1.60,$16.00,,,,
Columbia Elementary,5/22/2025,60037,Strawberry & Banana Yogurt Power Pack(Power Packs),10,0,10,20,18,0,18,$14.40,0,0.00%,$0.00,$14.40,2,10.00%,$1.60,$16.00,,,,
Columbia Elementary,5/22/2025,60038,Peach Yogurt Power Pack(Power Packs),20,0,20,20,18,0,18,$14.40,0,0.00%,$0.00,$14.40,2,10.00%,$1.60,$16.00,,,,
Columbia Elementary,5/22/2025,60077,Manager's Vegetable Choice(1/4 cup),75,0,75,75,73,0,73,$0.00,0,0.00%,$0.00,$0.00,2,2.67%,$0.00,$0.00,,,,
Columbia Elementary,5/22/2025,60078,Nachos with Turkey Barbacoa and Cheese Sauce(Serving),0,0,0,20,20,0,20,$26.60,0,0.00%,$0.00,$26.60,0,0.00%,$0.00,$26.60,,,,
Columbia Elementary,5/22/2025,60100,Black Beans - salad bar entree(1/2 cup),0,0,0,5,1,0,1,$0.17,0,0.00%,$0.00,$0.17,4,80.00%,$0.68,$0.85,,,,
Columbia Elementary,5/22/2025,60120,Asian Veggie Sub(sandwich),12,0,12,25,23,0,23,$43.47,0,0.00%,$0.00,$43.47,2,8.00%,$3.78,$47.25,,,,
Columbia Elementary,5/22/2025,60122,Asian Meatball Sub(sandwich),91,6,97,66,23,3,26,$46.28,0,0.00%,$0.00,$46.28,40,60.61%,$71.20,$117.48,,,,
Colvin Run Elementary,5/22/2025,10044,Soft Pretzel(1 pretzel),5,0,5,30,4,26,30,$6.60,0,0.00%,$0.00,$6.60,0,0.00%,$0.00,$6.60,,,,
Colvin Run Elementary,5/22/2025,10062,Corn(1/4 cup (thawed)),123,0,123,140,122,0,122,$13.42,0,0.00%,$0.00,$13.42,18,12.86%,$1.98,$15.40,,,,
Colvin Run Elementary,5/22/2025,20001,1% White Milk(Each),39,0,39,50,25,0,25,$9.00,0,0.00%,$0.00,$9.00,25,50.00%,$9.00,$18.00,,,,
Colvin Run Elementary,5/22/2025,20002,Fat Free Chocolate Milk(Each),114,0,114,200,129,32,161,$56.35,0,0.00%,$0.00,$56.35,39,19.50%,$13.65,$70.00,,,,
Colvin Run Elementary,5/22/2025,20013,Gala Apple(Each),0,0,0,150,119,0,119,$44.03,0,0.00%,$0.00,$44.03,31,20.67%,$11.47,$55.50,,,,
Colvin Run Elementary,5/22/2025,20016,String Cheese(Each),0,0,0,11,0,11,11,$0.00,0,0.00%,$0.00,$0.00,0,0.00%,$0.00,$0.00,,,,
Colvin Run Elementary,5/22/2025,20028,Lettuce Blend Salad Mix(1/2 cup),82,0,82,100,89,0,89,$7.12,0,0.00%,$0.00,$7.12,11,11.00%,$0.88,$8.00,,,,
Colvin Run Elementary,5/22/2025,20031,Banana(Each),183,0,183,86,86,0,86,$18.06,0,0.00%,$0.00,$18.06,0,0.00%,$0.00,$18.06,,,,
Colvin Run Elementary,5/22/2025,20038,Fat Free White Milk(Each),56,0,56,30,14,0,14,$4.62,0,0.00%,$0.00,$4.62,16,53.33%,$5.28,$9.90,,,,
Colvin Run Elementary,5/22/2025,20047,Orange Slices(3 slices per 1/4 cup),0,0,0,120,92,0,92,$18.40,0,0.00%,$0.00,$18.40,28,23.33%,$5.60,$24.00,,,,
Colvin Run Elementary,5/22/2025,20052,Assorted  4 oz Yogurt(Container),0,0,0,27,0,27,27,$0.00,0,0.00%,$0.00,$0.00,0,0.00%,$0.00,$0.00,,,,
Colvin Run Elementary,5/22/2025,30033,Cheez-Its Crackers(Package),0,0,0,19,0,19,19,$0.00,0,0.00%,$0.00,$0.00,0,0.00%,$0.00,$0.00,,,,
Colvin Run Elementary,5/22/2025,30043,Raspberry Lemonade Flavored Dried Cranberries(Each),14,0,14,90,57,19,76,$18.24,0,0.00%,$0.00,$18.24,14,15.56%,$3.36,$21.60,,,,
Colvin Run Elementary,5/22/2025,30077,Italian Dressing(1 ounce),20,0,20,30,20,0,20,$1.60,0,0.00%,$0.00,$1.60,10,33.33%,$0.80,$2.40,,,,
Colvin Run Elementary,5/22/2025,30094,Doritos Wild White Nacho Flavored Tortilla Chips(Bag),0,0,0,211,0,211,211,$0.00,0,0.00%,$0.00,$0.00,0,0.00%,$0.00,$0.00,,,,
Colvin Run Elementary,5/22/2025,30097,Bottled Water(Bottle),0,0,0,11,0,11,11,$0.00,0,0.00%,$0.00,$0.00,0,0.00%,$0.00,$0.00,,,,
Colvin Run Elementary,5/22/2025,30099,Chickpeas(1/4 cup),22,0,22,30,27,0,27,$2.43,3,10.00%,$0.27,$2.70,0,0.00%,$0.00,$2.70,,,,
Colvin Run Elementary,5/22/2025,30107,Ranch Dressing(1 ounce),30,0,30,40,30,0,30,$3.30,0,0.00%,$0.00,$3.30,10,25.00%,$1.10,$4.40,,,,
Colvin Run Elementary,5/22/2025,60035,PB&J Power Pack(Power Packs),34,0,34,68,35,21,56,$60.48,0,0.00%,$0.00,$60.48,12,17.65%,$12.96,$73.44,,,,
Colvin Run Elementary,5/22/2025,60038,Peach Yogurt Power Pack(Power Packs),4,0,4,5,5,0,5,$4.00,0,0.00%,$0.00,$4.00,0,0.00%,$0.00,$4.00,,,,
Colvin Run Elementary,5/22/2025,60077,Manager's Vegetable Choice(1/4 cup),163,0,163,150,129,0,129,$0.00,0,0.00%,$0.00,$0.00,21,14.00%,$0.00,$0.00,,,,
Colvin Run Elementary,5/22/2025,60120,Asian Veggie Sub(sandwich),64,0,64,140,126,11,137,$258.93,3,2.14%,$5.67,$264.60,0,0.00%,$0.00,$264.60,,,,
Colvin Run Elementary,5/22/2025,60122,Asian Meatball Sub(sandwich),22,0,22,74,23,44,67,$119.26,7,9.46%,$12.46,$131.72,0,0.00%,$0.00,$131.72,,,,
Cooper Middle,5/22/2025,10006,"Frozen, Blueberries(1/2 cup)",0,0,0,40,40,0,40,$16.00,0,0.00%,$0.00,$16.00,0,0.00%,$0.00,$16.00,,,,
Cooper Middle,5/22/2025,10015,Baked Cheese Sticks(2 Cheese Sticks),200,0,200,216,197,0,197,$130.02,0,0.00%,$0.00,$130.02,19,8.80%,$12.54,$142.56,,,,
Cooper Middle,5/22/2025,10023,Blueberry Bread(1oz Grain (1/64 Baked Pan)),0,0,0,51,51,0,51,$20.91,0,0.00%,$0.00,$20.91,0,0.00%,$0.00,$20.91,,,,
Cooper Middle,5/22/2025,10026,Chickenless Bites(4 Bites),50,0,50,100,92,0,92,$67.16,0,0.00%,$0.00,$67.16,8,8.00%,$5.84,$73.00,,,,
Cooper Middle,5/22/2025,10044,Soft Pretzel(1 pretzel),15,0,15,15,15,0,15,$3.30,0,0.00%,$0.00,$3.30,0,0.00%,$0.00,$3.30,,,,
Cooper Middle,5/22/2025,10062,Corn(1/4 cup (thawed)),56,0,56,64,50,0,50,$5.50,0,0.00%,$0.00,$5.50,14,21.88%,$1.54,$7.04,,,,
Cooper Middle,5/22/2025,10096,"Batter, Pumpkin Bread(1oz Grain (1/64 Baked Pan))",0,0,0,130,106,0,106,$43.46,0,0.00%,$0.00,$43.46,24,18.46%,$9.84,$53.30,,,,
Cooper Middle,5/22/2025,20001,1% White Milk(Each),21,0,21,37,15,0,15,$5.40,0,0.00%,$0.00,$5.40,22,59.46%,$7.92,$13.32,,,,
Cooper Middle,5/22/2025,20002,Fat Free Chocolate Milk(Each),120,0,120,388,104,0,104,$36.40,0,0.00%,$0.00,$36.40,284,73.20%,$99.40,$135.80,,,,
Cooper Middle,5/22/2025,20008,Apple Slices(3 slices per 1/4 cup),0,0,0,128,128,0,128,$75.52,0,0.00%,$0.00,$75.52,0,0.00%,$0.00,$75.52,,,,
Cooper Middle,5/22/2025,20016,String Cheese(Each),8,0,8,10,5,0,5,$1.10,0,0.00%,$0.00,$1.10,5,50.00%,$1.10,$2.20,,,,
Cooper Middle,5/22/2025,20027,Broccoli Florets(1/4 cup),60,0,60,42,24,0,24,$1.92,0,0.00%,$0.00,$1.92,18,42.86%,$1.44,$3.36,,,,
Cooper Middle,5/22/2025,20028,Lettuce Blend Salad Mix(1/2 cup),155,0,155,160,140,0,140,$11.20,0,0.00%,$0.00,$11.20,20,12.50%,$1.60,$12.80,,,,
Cooper Middle,5/22/2025,20031,Banana(Each),109,0,109,131,95,0,95,$19.95,0,0.00%,$0.00,$19.95,36,27.48%,$7.56,$27.51,,,,
Cooper Middle,5/22/2025,20038,Fat Free White Milk(Each),30,0,30,50,12,0,12,$3.96,0,0.00%,$0.00,$3.96,38,76.00%,$12.54,$16.50,,,,
Cooper Middle,5/22/2025,20047,Orange Slices(3 slices per 1/4 cup),0,0,0,102,85,0,85,$17.00,0,0.00%,$0.00,$17.00,17,16.67%,$3.40,$20.40,,,,
Cooper Middle,5/22/2025,20052,Assorted  4 oz Yogurt(Container),3,0,3,6,4,0,4,$0.00,0,0.00%,$0.00,$0.00,2,33.33%,$0.00,$0.00,,,,
Cooper Middle,5/22/2025,30008,Apple Juice(Each),87,0,87,120,95,0,95,$16.15,0,0.00%,$0.00,$16.15,25,20.83%,$4.25,$20.40,,,,
Cooper Middle,5/22/2025,30009,Orange Tangerine Juice(Each),33,0,33,31,30,0,30,$5.10,0,0.00%,$0.00,$5.10,1,3.23%,$0.17,$5.27,,,,
Cooper Middle,5/22/2025,30014,Whole Wheat Dinner Roll(2 rolls),0,0,0,100,92,0,92,$25.76,0,0.00%,$0.00,$25.76,8,8.00%,$2.24,$28.00,,,,
Cooper Middle,5/22/2025,30018,Marinara Sauce(1/4 Cup),144,0,144,144,134,0,134,$20.10,0,0.00%,$0.00,$20.10,10,6.94%,$1.50,$21.60,,,,
Cooper Middle,5/22/2025,30024,Black Beans(1/4 Cup),24,0,24,24,24,0,24,$2.16,0,0.00%,$0.00,$2.16,0,0.00%,$0.00,$2.16,,,,
Cooper Middle,5/22/2025,30033,Cheez-Its Crackers(Package),10,0,10,20,10,0,10,$1.80,0,0.00%,$0.00,$1.80,10,50.00%,$1.80,$3.60,,,,
Cooper Middle,5/22/2025,30041,Orange Flavored Dried Cranberries(Each),17,0,17,12,12,0,12,$2.88,0,0.00%,$0.00,$2.88,0,0.00%,$0.00,$2.88,,,,
Cooper Middle,5/22/2025,30044,Strawberry Flavored Dried Cranberries(Each),16,0,16,35,24,0,24,$5.76,0,0.00%,$0.00,$5.76,11,31.43%,$2.64,$8.40,,,,
Cooper Middle,5/22/2025,30045,Watermelon Flavored Dried Cranberries(Each),17,0,17,60,46,0,46,$11.04,0,0.00%,$0.00,$11.04,14,23.33%,$3.36,$14.40,,,,
Cooper Middle,5/22/2025,30063,Ketchup Packet(Packet),381,0,381,500,373,0,373,$11.19,0,0.00%,$0.00,$11.19,127,25.40%,$3.81,$15.00,,,,
Cooper Middle,5/22/2025,30064,Mayonnaise Packet(Packet),48,0,48,50,37,0,37,$3.70,0,0.00%,$0.00,$3.70,13,26.00%,$1.30,$5.00,,,,
Cooper Middle,5/22/2025,30065,Mustard Packet(Packet),38,0,38,50,39,0,39,$1.95,0,0.00%,$0.00,$1.95,11,22.00%,$0.55,$2.50,,,,
Cooper Middle,5/22/2025,30077,Italian Dressing(1 ounce),42,0,42,50,41,0,41,$3.28,0,0.00%,$0.00,$3.28,9,18.00%,$0.72,$4.00,,,,
Cooper Middle,5/22/2025,30097,Bottled Water(Bottle),105,0,105,125,100,0,100,$16.00,0,0.00%,$0.00,$16.00,25,20.00%,$4.00,$20.00,,,,
Cooper Middle,5/22/2025,30107,Ranch Dressing(1 ounce),64,0,64,70,58,0,58,$6.38,0,0.00%,$0.00,$6.38,12,17.14%,$1.32,$7.70,,,,
Cooper Middle,5/22/2025,30121,Kellogg’s W/G Rice Krispies Treats(Each),0,0,0,101,101,0,101,$74.74,0,0.00%,$0.00,$74.74,0,0.00%,$0.00,$74.74,,,,
Cooper Middle,5/22/2025,30124,"Fruit Snacks, Welch's Mixed(Each)",77,0,77,158,147,0,147,$58.80,0,0.00%,$0.00,$58.80,11,6.96%,$4.40,$63.20,,,,
Cooper Middle,5/22/2025,30160,Lay's RF Kettle Original Chips(Each),0,0,0,64,64,0,64,$38.40,0,0.00%,$0.00,$38.40,0,0.00%,$0.00,$38.40,,,,
Cooper Middle,5/22/2025,60035,PB&J Power Pack(Power Packs),33,0,33,40,36,0,36,$38.88,0,0.00%,$0.00,$38.88,4,10.00%,$4.32,$43.20,,,,
Cooper Middle,5/22/2025,60036,Cherry Vanilla Yogurt Power Pack(Power Packs),1,0,1,4,1,0,1,$0.80,0,0.00%,$0.00,$0.80,3,75.00%,$2.40,$3.20,,,,
Cooper Middle,5/22/2025,60037,Strawberry & Banana Yogurt Power Pack(Power Packs),1,0,1,4,3,0,3,$2.40,0,0.00%,$0.00,$2.40,1,25.00%,$0.80,$3.20,,,,
Cooper Middle,5/22/2025,60038,Peach Yogurt Power Pack(Power Packs),1,0,1,4,1,0,1,$0.80,0,0.00%,$0.00,$0.80,3,75.00%,$2.40,$3.20,,,,
Cooper Middle,5/22/2025,60075,Spicy Chicken Wrap(Wrap),2,0,2,7,2,0,2,$2.34,0,0.00%,$0.00,$2.34,5,71.43%,$5.85,$8.19,,,,
Cooper Middle,5/22/2025,60077,Manager's Vegetable Choice(1/4 cup),76,0,76,42,42,0,42,$0.00,0,0.00%,$0.00,$0.00,0,0.00%,$0.00,$0.00,,,,
Cooper Middle,5/22/2025,60120,Asian Veggie Sub(sandwich),30,0,30,28,27,0,27,$51.03,1,3.57%,$1.89,$52.92,0,0.00%,$0.00,$52.92,,,,
Cooper Middle,5/22/2025,60122,Asian Meatball Sub(sandwich),32,0,32,70,67,0,67,$119.26,0,0.00%,$0.00,$119.26,3,4.29%,$5.34,$124.60,,,,
Cooper Middle,5/22/2025,60168,Triple Berry Parfait Power Pack(Power Pack),0,0,0,16,16,0,16,$21.12,0,0.00%,$0.00,$21.12,0,0.00%,$0.00,$21.12,,,,
Crestwood Elementary,5/22/2025,10033,Chocolate Chip Cookie(1/2 Cookie),9,0,9,20,14,0,14,$1.96,0,0.00%,$0.00,$1.96,6,30.00%,$0.84,$2.80,,,,
Crestwood Elementary,5/22/2025,10044,Soft Pretzel(1 pretzel),15,0,15,20,16,0,16,$3.52,0,0.00%,$0.00,$3.52,4,20.00%,$0.88,$4.40,,,,
Crestwood Elementary,5/22/2025,10062,Corn(1/4 cup (thawed)),62,0,62,96,93,0,93,$10.23,3,3.13%,$0.33,$10.56,0,0.00%,$0.00,$10.56,,,,
Crestwood Elementary,5/22/2025,20001,1% White Milk(Each),121,0,121,148,132,0,132,$47.52,0,0.00%,$0.00,$47.52,16,10.81%,$5.76,$53.28,,,,
Crestwood Elementary,5/22/2025,20002,Fat Free Chocolate Milk(Each),298,0,298,350,308,0,308,$107.80,0,0.00%,$0.00,$107.80,42,12.00%,$14.70,$122.50,,,,
Crestwood Elementary,5/22/2025,20016,String Cheese(Each),2,0,2,2,0,0,0,$0.00,0,0.00%,$0.00,$0.00,2,100.00%,$0.00,$0.00,,,,
Crestwood Elementary,5/22/2025,20017,Orange(1/4 cup),0,0,0,476,442,0,442,$75.14,0,0.00%,$0.00,$75.14,34,7.14%,$5.78,$80.92,,,,
Crestwood Elementary,5/22/2025,20028,Lettuce Blend Salad Mix(1 cup),36,0,36,36,36,0,36,$5.76,0,0.00%,$0.00,$5.76,0,0.00%,$0.00,$5.76,,,,
Crestwood Elementary,5/22/2025,20028,Lettuce Blend Salad Mix(1/2 cup),101,0,101,181,179,0,179,$14.32,2,1.10%,$0.16,$14.48,0,0.00%,$0.00,$14.48,,,,
Crestwood Elementary,5/22/2025,20031,Banana(Each),215,0,215,89,89,0,89,$18.69,0,0.00%,$0.00,$18.69,0,0.00%,$0.00,$18.69,,,,
Crestwood Elementary,5/22/2025,20038,Fat Free White Milk(Each),40,0,40,50,32,0,32,$10.56,0,0.00%,$0.00,$10.56,18,36.00%,$5.94,$16.50,,,,
Crestwood Elementary,5/22/2025,20043,"Lactose Free, White Milk(Each)",0,0,0,2,2,0,2,$1.16,0,0.00%,$0.00,$1.16,0,0.00%,$0.00,$1.16,,,,
Crestwood Elementary,5/22/2025,20052,Assorted  4 oz Yogurt(Container),2,0,2,2,0,0,0,$0.00,0,0.00%,$0.00,$0.00,2,100.00%,$0.00,$0.00,,,,
Crestwood Elementary,5/22/2025,20074,"Apple Slices(3 slices, 1/4 cup)",0,0,0,580,551,0,551,$99.18,0,0.00%,$0.00,$99.18,29,5.00%,$5.22,$104.40,,,,
Crestwood Elementary,5/22/2025,30008,Apple Juice(Each),1,0,1,2,0,0,0,$0.00,0,0.00%,$0.00,$0.00,2,100.00%,$0.00,$0.00,,,,
Crestwood Elementary,5/22/2025,30009,Orange Tangerine Juice(Each),2,0,2,2,0,0,0,$0.00,0,0.00%,$0.00,$0.00,2,100.00%,$0.00,$0.00,,,,
Crestwood Elementary,5/22/2025,30034,Graham Crackers(Package),33,0,33,34,34,0,34,$4.76,0,0.00%,$0.00,$4.76,0,0.00%,$0.00,$4.76,,,,
Crestwood Elementary,5/22/2025,30037,IW Applesauce Cup(Each),33,0,33,34,34,0,34,$9.18,0,0.00%,$0.00,$9.18,0,0.00%,$0.00,$9.18,,,,
Crestwood Elementary,5/22/2025,30044,Strawberry Flavored Dried Cranberries(Each),65,0,65,60,24,0,24,$5.76,0,0.00%,$0.00,$5.76,36,60.00%,$8.64,$14.40,,,,
Crestwood Elementary,5/22/2025,30077,Italian Dressing(1 ounce),14,0,14,36,20,0,20,$1.60,0,0.00%,$0.00,$1.60,16,44.44%,$1.28,$2.88,,,,
Crestwood Elementary,5/22/2025,30097,Bottled Water(Bottle),2,0,2,2,0,0,0,$0.00,0,0.00%,$0.00,$0.00,2,100.00%,$0.00,$0.00,,,,
Crestwood Elementary,5/22/2025,30099,Chickpeas(1/4 cup),27,0,27,32,26,0,26,$2.34,0,0.00%,$0.00,$2.34,6,18.75%,$0.54,$2.88,,,,
Crestwood Elementary,5/22/2025,30107,Ranch Dressing(1 ounce),121,0,121,129,121,0,121,$13.31,0,0.00%,$0.00,$13.31,8,6.20%,$0.88,$14.19,,,,
Crestwood Elementary,5/22/2025,60035,PB&J Power Pack(Power Packs),31,0,31,60,41,0,41,$44.28,0,0.00%,$0.00,$44.28,19,31.67%,$20.52,$64.80,,,,
Crestwood Elementary,5/22/2025,60037,Strawberry & Banana Yogurt Power Pack(Power Packs),49,0,49,80,65,0,65,$52.00,0,0.00%,$0.00,$52.00,15,18.75%,$12.00,$64.00,,,,
Crestwood Elementary,5/22/2025,60054,Steamed Broccoli(1/2 cup),36,0,36,42,39,0,39,$5.85,3,7.14%,$0.45,$6.30,0,0.00%,$0.00,$6.30,,,,
Crestwood Elementary,5/22/2025,60078,Nachos with Turkey Barbacoa and Cheese Sauce(Serving),0,0,0,3,3,0,3,$3.99,0,0.00%,$0.00,$3.99,0,0.00%,$0.00,$3.99,,,,
Crestwood Elementary,5/22/2025,60120,Asian Veggie Sub(sandwich),274,0,274,222,213,6,219,$413.91,3,1.35%,$5.67,$419.58,0,0.00%,$0.00,$419.58,,,,
Crestwood Elementary,5/22/2025,60121,"Sauce, Spicy Mayo(tbsp)",0,0,0,72,69,0,69,$6.21,0,0.00%,$0.00,$6.21,3,4.17%,$0.27,$6.48,,,,
Crestwood Elementary,5/22/2025,60122,Asian Meatball Sub(sandwich),83,0,83,137,121,0,121,$215.38,2,1.46%,$3.56,$218.94,14,10.22%,$24.92,$243.86,,,,
Crestwood Elementary,5/22/2025,60124,Nachos with Cheese Sauce(Serving),0,0,0,4,4,0,4,$3.08,0,0.00%,$0.00,$3.08,0,0.00%,$0.00,$3.08,,,,
Crestwood Elementary,5/22/2025,60133,Chicken Philly Sandwich(each),0,0,0,30,28,0,28,$39.76,2,6.67%,$2.84,$42.60,0,0.00%,$0.00,$42.60,,,,
Crossfield Elementary,5/22/2025,10044,Soft Pretzel(1 pretzel),38,0,38,37,37,0,37,$8.14,0,0.00%,$0.00,$8.14,0,0.00%,$0.00,$8.14,,,,
Crossfield Elementary,5/22/2025,10062,Corn(1/4 cup (thawed)),100,0,100,0,0,0,0,$0.00,0,0.00%,$0.00,$0.00,0,0.00%,$0.00,$0.00,,,,
Crossfield Elementary,5/22/2025,10073,Whole Strawberries(1/2 cup thawed),0,0,0,0,0,0,0,$0.00,0,0.00%,$0.00,$0.00,0,0.00%,$0.00,$0.00,,,,
Crossfield Elementary,5/22/2025,20001,1% White Milk(Each),38,0,38,32,32,0,32,$11.52,0,0.00%,$0.00,$11.52,0,0.00%,$0.00,$11.52,,,,
Crossfield Elementary,5/22/2025,20002,Fat Free Chocolate Milk(Each),184,0,184,115,115,0,115,$40.25,0,0.00%,$0.00,$40.25,0,0.00%,$0.00,$40.25,,,,
Crossfield Elementary,5/22/2025,20010,Fresh Whole Pear(Each),0,0,0,0,0,0,0,$0.00,0,0.00%,$0.00,$0.00,0,0.00%,$0.00,$0.00,,,,
Crossfield Elementary,5/22/2025,20018,Red Seedless Grapes(16 grapes per 1/2 cup),0,0,0,225,225,0,225,$114.75,0,0.00%,$0.00,$114.75,0,0.00%,$0.00,$114.75,,,,
Crossfield Elementary,5/22/2025,20028,Lettuce Blend Salad Mix(1 cup),18,0,18,18,18,0,18,$2.88,0,0.00%,$0.00,$2.88,0,0.00%,$0.00,$2.88,,,,
Crossfield Elementary,5/22/2025,20028,Lettuce Blend Salad Mix(1/2 cup),127,0,127,150,150,0,150,$12.00,0,0.00%,$0.00,$12.00,0,0.00%,$0.00,$12.00,,,,
Crossfield Elementary,5/22/2025,20031,Banana(Each),143,0,143,123,123,0,123,$25.83,0,0.00%,$0.00,$25.83,0,0.00%,$0.00,$25.83,,,,
Crossfield Elementary,5/22/2025,20038,Fat Free White Milk(Each),12,0,12,13,13,0,13,$4.29,0,0.00%,$0.00,$4.29,0,0.00%,$0.00,$4.29,,,,
Crossfield Elementary,5/22/2025,30039,Cherry Flavored Dried Cranberries(Each),84,0,84,0,0,0,0,$0.00,0,0.00%,$0.00,$0.00,0,0.00%,$0.00,$0.00,,,,
Crossfield Elementary,5/22/2025,30041,Orange Flavored Dried Cranberries(Each),163,0,163,0,0,0,0,$0.00,0,0.00%,$0.00,$0.00,0,0.00%,$0.00,$0.00,,,,
Crossfield Elementary,5/22/2025,30042,Original Flavored Dried Cranberries(Package),0,0,0,0,0,0,0,$0.00,0,0.00%,$0.00,$0.00,0,0.00%,$0.00,$0.00,,,,
Crossfield Elementary,5/22/2025,30043,Raspberry Lemonade Flavored Dried Cranberries(Each),5,0,5,0,0,0,0,$0.00,0,0.00%,$0.00,$0.00,0,0.00%,$0.00,$0.00,,,,
Crossfield Elementary,5/22/2025,30044,Strawberry Flavored Dried Cranberries(Each),0,0,0,0,0,0,0,$0.00,0,0.00%,$0.00,$0.00,0,0.00%,$0.00,$0.00,,,,
Crossfield Elementary,5/22/2025,30045,Watermelon Flavored Dried Cranberries(Each),151,0,151,0,0,0,0,$0.00,0,0.00%,$0.00,$0.00,0,0.00%,$0.00,$0.00,,,,
Crossfield Elementary,5/22/2025,30077,Italian Dressing(1 ounce),72,0,72,93,93,0,93,$7.44,0,0.00%,$0.00,$7.44,0,0.00%,$0.00,$7.44,,,,
Crossfield Elementary,5/22/2025,30097,Bottled Water(Bottle),0,0,0,19,19,0,19,$3.04,0,0.00%,$0.00,$3.04,0,0.00%,$0.00,$3.04,,,,
Crossfield Elementary,5/22/2025,30099,Chickpeas(1/4 cup),42,0,42,75,75,0,75,$6.75,0,0.00%,$0.00,$6.75,0,0.00%,$0.00,$6.75,,,,
Crossfield Elementary,5/22/2025,30107,Ranch Dressing(1 ounce),72,0,72,93,93,0,93,$10.23,0,0.00%,$0.00,$10.23,0,0.00%,$0.00,$10.23,,,,
Crossfield Elementary,5/22/2025,30109,Smartfood RF White Cheddar Popcorn(Each),0,0,0,60,60,0,60,$22.20,0,0.00%,$0.00,$22.20,0,0.00%,$0.00,$22.20,,,,
Crossfield Elementary,5/22/2025,30158,Black Beans(1/2 Cup),60,0,60,2,2,0,2,$0.34,0,0.00%,$0.00,$0.34,0,0.00%,$0.00,$0.34,,,,
Crossfield Elementary,5/22/2025,60035,PB&J Power Pack(Power Packs),34,0,34,42,42,0,42,$45.36,0,0.00%,$0.00,$45.36,0,0.00%,$0.00,$45.36,,,,
Crossfield Elementary,5/22/2025,60036,Cherry Vanilla Yogurt Power Pack(Power Packs),15,0,15,0,0,0,0,$0.00,0,0.00%,$0.00,$0.00,0,0.00%,$0.00,$0.00,,,,
Crossfield Elementary,5/22/2025,60037,Strawberry & Banana Yogurt Power Pack(Power Packs),27,0,27,12,12,0,12,$9.60,0,0.00%,$0.00,$9.60,0,0.00%,$0.00,$9.60,,,,
Crossfield Elementary,5/22/2025,60038,Peach Yogurt Power Pack(Power Packs),8,0,8,27,27,0,27,$21.60,0,0.00%,$0.00,$21.60,0,0.00%,$0.00,$21.60,,,,
Crossfield Elementary,5/22/2025,60054,Steamed Broccoli(1/2 cup),43,0,43,90,90,0,90,$13.50,0,0.00%,$0.00,$13.50,0,0.00%,$0.00,$13.50,,,,
Crossfield Elementary,5/22/2025,60067,Chicken Eggroll(2 Egg Rolls),0,0,0,47,47,0,47,$73.32,0,0.00%,$0.00,$73.32,0,0.00%,$0.00,$73.32,,,,
Crossfield Elementary,5/22/2025,60077,Manager's Vegetable Choice(1/4 cup),55,0,55,50,50,0,50,$0.00,0,0.00%,$0.00,$0.00,0,0.00%,$0.00,$0.00,,,,
Crossfield Elementary,5/22/2025,60120,Asian Veggie Sub(sandwich),46,0,46,60,55,0,55,$103.95,5,8.33%,$9.45,$113.40,0,0.00%,$0.00,$113.40,,,,
Crossfield Elementary,5/22/2025,60122,Asian Meatball Sub(sandwich),30,0,30,30,14,0,14,$24.92,16,53.33%,$28.48,$53.40,0,0.00%,$0.00,$53.40,,,,
Crossfield Elementary,5/22/2025,60150,Strawberry Parfait Power Pack(Power Pack),0,0,0,0,0,0,0,$0.00,0,0.00%,$0.00,$0.00,0,0.00%,$0.00,$0.00,,,,
Cub Run Elementary,5/22/2025,10033,Chocolate Chip Cookie(1/2 Cookie),37,0,37,192,0,191,191,$0.00,1,0.52%,$0.00,$0.00,0,0.00%,$0.00,$0.00,,,,
Cub Run Elementary,5/22/2025,10044,Soft Pretzel(1 pretzel),3,0,3,13,0,13,13,$0.00,0,0.00%,$0.00,$0.00,0,0.00%,$0.00,$0.00,,,,
Cub Run Elementary,5/22/2025,20001,1% White Milk(Each),35,0,35,82,32,0,32,$11.52,0,0.00%,$0.00,$11.52,50,60.98%,$18.00,$29.52,,,,
Cub Run Elementary,5/22/2025,20002,Fat Free Chocolate Milk(Each),138,0,138,230,220,0,220,$77.00,0,0.00%,$0.00,$77.00,10,4.35%,$3.50,$80.50,,,,
Cub Run Elementary,5/22/2025,20008,Apple Slices(3 slices per 1/4 cup),0,0,0,25,24,0,24,$14.16,1,4.00%,$0.59,$14.75,0,0.00%,$0.00,$14.75,,,,
Cub Run Elementary,5/22/2025,20014,Red Delicious Apple(Each - serving),0,0,0,25,14,0,14,$4.62,0,0.00%,$0.00,$4.62,11,44.00%,$3.63,$8.25,,,,
Cub Run Elementary,5/22/2025,20016,String Cheese(Each),0,0,0,0,0,0,0,$0.00,0,0.00%,$0.00,$0.00,0,0.00%,$0.00,$0.00,,,,
Cub Run Elementary,5/22/2025,20023,Baby Carrots(3 baby carrots per 1/4 cup),0,0,0,96,68,4,72,$6.48,0,0.00%,$0.00,$6.48,24,25.00%,$2.16,$8.64,,,,
Cub Run Elementary,5/22/2025,20027,Broccoli Florets(1/4 cup),0,0,0,21,21,0,21,$1.68,0,0.00%,$0.00,$1.68,0,0.00%,$0.00,$1.68,,,,
Cub Run Elementary,5/22/2025,20028,Lettuce Blend Salad Mix(1 cup),6,0,6,10,10,0,10,$1.60,0,0.00%,$0.00,$1.60,0,0.00%,$0.00,$1.60,,,,
Cub Run Elementary,5/22/2025,20028,Lettuce Blend Salad Mix(1/2 cup),81,0,81,80,66,4,70,$5.60,10,12.50%,$0.80,$6.40,0,0.00%,$0.00,$6.40,,,,
Cub Run Elementary,5/22/2025,20031,Banana(Each),83,0,83,180,163,4,167,$35.07,0,0.00%,$0.00,$35.07,13,7.22%,$2.73,$37.80,,,,
Cub Run Elementary,5/22/2025,20036,Celery Sticks(1/2 cup),0,0,0,72,48,0,48,$26.40,0,0.00%,$0.00,$26.40,24,33.33%,$13.20,$39.60,,,,
Cub Run Elementary,5/22/2025,20038,Fat Free White Milk(Each),10,0,10,0,0,0,0,$0.00,0,0.00%,$0.00,$0.00,0,0.00%,$0.00,$0.00,,,,
Cub Run Elementary,5/22/2025,20052,Assorted  4 oz Yogurt(Container),0,0,0,0,0,0,0,$0.00,0,0.00%,$0.00,$0.00,0,0.00%,$0.00,$0.00,,,,
Cub Run Elementary,5/22/2025,30008,Apple Juice(Each),0,0,0,0,0,0,0,$0.00,0,0.00%,$0.00,$0.00,0,0.00%,$0.00,$0.00,,,,
Cub Run Elementary,5/22/2025,30009,Orange Tangerine Juice(Each),0,0,0,0,0,0,0,$0.00,0,0.00%,$0.00,$0.00,0,0.00%,$0.00,$0.00,,,,
Cub Run Elementary,5/22/2025,30044,Strawberry Flavored Dried Cranberries(Each),19,0,19,50,20,0,20,$4.80,0,0.00%,$0.00,$4.80,30,60.00%,$7.20,$12.00,,,,
Cub Run Elementary,5/22/2025,30077,Italian Dressing(1 ounce),37,0,37,36,26,0,26,$2.08,0,0.00%,$0.00,$2.08,10,27.78%,$0.80,$2.88,,,,
Cub Run Elementary,5/22/2025,30094,Doritos Wild White Nacho Flavored Tortilla Chips(Bag),7,0,7,1,0,1,1,$0.00,0,0.00%,$0.00,$0.00,0,0.00%,$0.00,$0.00,,,,
Cub Run Elementary,5/22/2025,30097,Bottled Water(Bottle),12,0,12,13,0,13,13,$0.00,0,0.00%,$0.00,$0.00,0,0.00%,$0.00,$0.00,,,,
Cub Run Elementary,5/22/2025,30099,Chickpeas(1/4 cup),19,0,19,32,18,4,22,$1.98,0,0.00%,$0.00,$1.98,10,31.25%,$0.90,$2.88,,,,
Cub Run Elementary,5/22/2025,30107,Ranch Dressing(1 ounce),42,0,42,58,44,4,48,$5.28,0,0.00%,$0.00,$5.28,10,17.24%,$1.10,$6.38,,,,
Cub Run Elementary,5/22/2025,60035,PB&J Power Pack(Power Packs),69,0,69,80,59,3,62,$66.96,0,0.00%,$0.00,$66.96,18,22.50%,$19.44,$86.40,,,,
Cub Run Elementary,5/22/2025,60036,Cherry Vanilla Yogurt Power Pack(Power Packs),14,0,14,21,3,0,3,$2.40,0,0.00%,$0.00,$2.40,18,85.71%,$14.40,$16.80,,,,
Cub Run Elementary,5/22/2025,60037,Strawberry & Banana Yogurt Power Pack(Power Packs),19,0,19,25,18,0,18,$14.40,0,0.00%,$0.00,$14.40,7,28.00%,$5.60,$20.00,,,,
Cub Run Elementary,5/22/2025,60038,Peach Yogurt Power Pack(Power Packs),1,0,1,0,0,0,0,$0.00,0,0.00%,$0.00,$0.00,0,0.00%,$0.00,$0.00,,,,
Cub Run Elementary,5/22/2025,60042,Beef Meatball Sub Sandwich(Sandwich),0,0,0,75,74,0,74,$94.72,1,1.33%,$1.28,$96.00,0,0.00%,$0.00,$96.00,,,,
Cub Run Elementary,5/22/2025,60101,Chickpeas - salad bar entree(1/2 cup),0,0,0,0,0,0,0,$0.00,0,0.00%,$0.00,$0.00,0,0.00%,$0.00,$0.00,,,,
Cub Run Elementary,5/22/2025,60120,Asian Veggie Sub(sandwich),58,0,58,109,98,9,107,$202.23,2,1.83%,$3.78,$206.01,0,0.00%,$0.00,$206.01,,,,
Cub Run Elementary,5/22/2025,60122,Asian Meatball Sub(sandwich),47,0,47,12,6,4,10,$17.80,2,16.67%,$3.56,$21.36,0,0.00%,$0.00,$21.36,,,,
Cub Run Elementary,5/22/2025,60124,Nachos with Cheese Sauce(Serving),0,0,0,5,4,0,4,$3.08,1,20.00%,$0.77,$3.85,0,0.00%,$0.00,$3.85,,,,
Cunningham Park Elementary,5/22/2025,10044,Soft Pretzel(1 pretzel),24,0,24,32,32,0,32,$7.04,0,0.00%,$0.00,$7.04,0,0.00%,$0.00,$7.04,,,,
Cunningham Park Elementary,5/22/2025,10062,Corn(1/4 cup (thawed)),36,0,36,30,30,0,30,$3.30,0,0.00%,$0.00,$3.30,0,0.00%,$0.00,$3.30,,,,
Cunningham Park Elementary,5/22/2025,20001,1% White Milk(Each),39,0,39,78,32,0,32,$11.52,0,0.00%,$0.00,$11.52,46,58.97%,$16.56,$28.08,,,,
Cunningham Park Elementary,5/22/2025,20002,Fat Free Chocolate Milk(Each),159,0,159,170,158,0,158,$55.30,0,0.00%,$0.00,$55.30,12,7.06%,$4.20,$59.50,,,,
Cunningham Park Elementary,5/22/2025,20014,Red Delicious Apple(Each - serving),0,0,0,101,91,0,91,$30.03,0,0.00%,$0.00,$30.03,10,9.90%,$3.30,$33.33,,,,
Cunningham Park Elementary,5/22/2025,20016,String Cheese(Each),2,0,2,8,6,0,6,$1.32,0,0.00%,$0.00,$1.32,2,25.00%,$0.44,$1.76,,,,
Cunningham Park Elementary,5/22/2025,20028,Lettuce Blend Salad Mix(1 cup),25,0,25,18,18,0,18,$2.88,0,0.00%,$0.00,$2.88,0,0.00%,$0.00,$2.88,,,,
Cunningham Park Elementary,5/22/2025,20028,Lettuce Blend Salad Mix(1/2 cup),78,0,78,80,80,0,80,$6.40,0,0.00%,$0.00,$6.40,0,0.00%,$0.00,$6.40,,,,
Cunningham Park Elementary,5/22/2025,20031,Banana(Each),49,0,49,114,92,0,92,$19.32,0,0.00%,$0.00,$19.32,22,19.30%,$4.62,$23.94,,,,
Cunningham Park Elementary,5/22/2025,20038,Fat Free White Milk(Each),5,0,5,9,5,0,5,$1.65,0,0.00%,$0.00,$1.65,4,44.44%,$1.32,$2.97,,,,
Cunningham Park Elementary,5/22/2025,20052,Assorted  4 oz Yogurt(Container),4,0,4,6,5,0,5,$0.00,0,0.00%,$0.00,$0.00,1,16.67%,$0.00,$0.00,,,,
Cunningham Park Elementary,5/22/2025,20080,"Carrots, Shredded(Cup)",0,0,0,24,20,0,20,$6.60,0,0.00%,$0.00,$6.60,4,16.67%,$1.32,$7.92,,,,
Cunningham Park Elementary,5/22/2025,30008,Apple Juice(Each),4,0,4,6,6,0,6,$1.02,0,0.00%,$0.00,$1.02,0,0.00%,$0.00,$1.02,,,,
Cunningham Park Elementary,5/22/2025,30009,Orange Tangerine Juice(Each),3,0,3,5,5,0,5,$0.85,0,0.00%,$0.00,$0.85,0,0.00%,$0.00,$0.85,,,,
Cunningham Park Elementary,5/22/2025,30034,Graham Crackers(Package),18,0,18,17,17,0,17,$2.38,0,0.00%,$0.00,$2.38,0,0.00%,$0.00,$2.38,,,,
Cunningham Park Elementary,5/22/2025,30037,IW Applesauce Cup(Each),17,0,17,17,17,0,17,$4.59,0,0.00%,$0.00,$4.59,0,0.00%,$0.00,$4.59,,,,
Cunningham Park Elementary,5/22/2025,30077,Italian Dressing(1 ounce),39,0,39,41,31,0,31,$2.48,0,0.00%,$0.00,$2.48,10,24.39%,$0.80,$3.28,,,,
Cunningham Park Elementary,5/22/2025,30097,Bottled Water(Bottle),19,0,19,20,16,0,16,$2.56,0,0.00%,$0.00,$2.56,4,20.00%,$0.64,$3.20,,,,
Cunningham Park Elementary,5/22/2025,30099,Chickpeas(1/4 cup),2,0,2,20,5,0,5,$0.45,0,0.00%,$0.00,$0.45,15,75.00%,$1.35,$1.80,,,,
Cunningham Park Elementary,5/22/2025,30107,Ranch Dressing(1 ounce),8,0,8,0,0,0,0,$0.00,0,0.00%,$0.00,$0.00,0,0.00%,$0.00,$0.00,,,,
Cunningham Park Elementary,5/22/2025,30188,"Milk, Soy, Plain, Bulk (12/32 oz)(1 cup)",0,0,0,1,1,0,1,$0.79,0,0.00%,$0.00,$0.79,0,0.00%,$0.00,$0.79,,,,
Cunningham Park Elementary,5/22/2025,60035,PB&J Power Pack(Power Packs),18,0,18,10,8,0,8,$8.64,0,0.00%,$0.00,$8.64,2,20.00%,$2.16,$10.80,,,,
Cunningham Park Elementary,5/22/2025,60036,Cherry Vanilla Yogurt Power Pack(Power Packs),12,0,12,25,22,0,22,$17.60,0,0.00%,$0.00,$17.60,3,12.00%,$2.40,$20.00,,,,
Cunningham Park Elementary,5/22/2025,60037,Strawberry & Banana Yogurt Power Pack(Power Packs),0,0,0,0,0,0,0,$0.00,0,0.00%,$0.00,$0.00,0,0.00%,$0.00,$0.00,,,,
Cunningham Park Elementary,5/22/2025,60076,"Penne Pasta with Marinara and Beef Meatballs(cup cooked pasta, 1/2c sauce, 5 meatballs)",0,0,0,22,15,0,15,$18.75,7,31.82%,$8.75,$27.50,0,0.00%,$0.00,$27.50,,,,
Cunningham Park Elementary,5/22/2025,60120,Asian Veggie Sub(sandwich),103,0,103,111,110,0,110,$207.90,1,0.90%,$1.89,$209.79,0,0.00%,$0.00,$209.79,,,,
Cunningham Park Elementary,5/22/2025,60121,"Sauce, Spicy Mayo(tbsp)",0,0,0,24,14,0,14,$1.26,0,0.00%,$0.00,$1.26,10,41.67%,$0.90,$2.16,,,,
Cunningham Park Elementary,5/22/2025,60122,Asian Meatball Sub(sandwich),115,0,115,83,75,0,75,$133.50,8,9.64%,$14.24,$147.74,0,0.00%,$0.00,$147.74,,,,
Daniels Run Elementary,5/22/2025,10044,Soft Pretzel(1 pretzel),2,0,2,6,5,1,6,$1.32,0,0.00%,$0.00,$1.32,0,0.00%,$0.00,$1.32,,,,
Daniels Run Elementary,5/22/2025,10062,Corn(1/4 cup (thawed)),129,0,129,32,32,0,32,$3.52,0,0.00%,$0.00,$3.52,0,0.00%,$0.00,$3.52,,,,
Daniels Run Elementary,5/22/2025,20001,1% White Milk(Each),50,0,50,162,33,0,33,$11.88,0,0.00%,$0.00,$11.88,129,79.63%,$46.44,$58.32,,,,
Daniels Run Elementary,5/22/2025,20002,Fat Free Chocolate Milk(Each),273,0,273,905,302,0,302,$105.70,0,0.00%,$0.00,$105.70,603,66.63%,$211.05,$316.75,,,,
Daniels Run Elementary,5/22/2025,20008,Apple Slices(3 slices per 1/4 cup),0,0,0,192,176,0,176,$103.84,0,0.00%,$0.00,$103.84,16,8.33%,$9.44,$113.28,,,,
Daniels Run Elementary,5/22/2025,20011,Cherry Tomatoes(1/4 cup),0,0,0,144,72,0,72,$26.64,0,0.00%,$0.00,$26.64,72,50.00%,$26.64,$53.28,,,,
Daniels Run Elementary,5/22/2025,20014,Red Delicious Apple(Each - serving),0,0,0,25,23,0,23,$7.59,0,0.00%,$0.00,$7.59,2,8.00%,$0.66,$8.25,,,,
Daniels Run Elementary,5/22/2025,20016,String Cheese(Each),5,0,5,10,0,5,5,$0.00,0,0.00%,$0.00,$0.00,5,50.00%,$0.00,$0.00,,,,
Daniels Run Elementary,5/22/2025,20017,Orange(1/4 cup),0,0,0,34,34,0,34,$5.78,0,0.00%,$0.00,$5.78,0,0.00%,$0.00,$5.78,,,,
Daniels Run Elementary,5/22/2025,20018,Red Seedless Grapes(8 grapes per 1/4 cup),0,0,0,460,460,0,460,$119.60,0,0.00%,$0.00,$119.60,0,0.00%,$0.00,$119.60,,,,
Daniels Run Elementary,5/22/2025,20028,Lettuce Blend Salad Mix(1 cup),10,0,10,10,10,0,10,$1.60,0,0.00%,$0.00,$1.60,0,0.00%,$0.00,$1.60,,,,
Daniels Run Elementary,5/22/2025,20028,Lettuce Blend Salad Mix(1/2 cup),152,0,152,160,153,0,153,$12.24,7,4.38%,$0.56,$12.80,0,0.00%,$0.00,$12.80,,,,
Daniels Run Elementary,5/22/2025,20031,Banana(Each),109,0,109,101,94,0,94,$19.74,0,0.00%,$0.00,$19.74,7,6.93%,$1.47,$21.21,,,,
Daniels Run Elementary,5/22/2025,20038,Fat Free White Milk(Each),10,0,10,45,9,0,9,$2.97,0,0.00%,$0.00,$2.97,36,80.00%,$11.88,$14.85,,,,
Daniels Run Elementary,5/22/2025,20052,Assorted  4 oz Yogurt(Container),5,0,5,5,0,1,1,$0.00,0,0.00%,$0.00,$0.00,4,80.00%,$0.00,$0.00,,,,
Daniels Run Elementary,5/22/2025,30008,Apple Juice(Each),40,0,40,45,0,42,42,$0.00,0,0.00%,$0.00,$0.00,3,6.67%,$0.00,$0.00,,,,
Daniels Run Elementary,5/22/2025,30009,Orange Tangerine Juice(Each),10,0,10,10,0,8,8,$0.00,0,0.00%,$0.00,$0.00,2,20.00%,$0.00,$0.00,,,,
Daniels Run Elementary,5/22/2025,30031,Strawberry Chex Mix(Package),0,0,0,30,0,22,22,$0.00,0,0.00%,$0.00,$0.00,8,26.67%,$0.00,$0.00,,,,
Daniels Run Elementary,5/22/2025,30042,Original Flavored Dried Cranberries(Package),44,0,44,40,31,0,31,$7.44,0,0.00%,$0.00,$7.44,9,22.50%,$2.16,$9.60,,,,
Daniels Run Elementary,5/22/2025,30077,Italian Dressing(1 ounce),34,0,34,58,34,0,34,$2.72,0,0.00%,$0.00,$2.72,24,41.38%,$1.92,$4.64,,,,
Daniels Run Elementary,5/22/2025,30097,Bottled Water(Bottle),5,0,5,5,0,3,3,$0.00,0,0.00%,$0.00,$0.00,2,40.00%,$0.00,$0.00,,,,
Daniels Run Elementary,5/22/2025,30099,Chickpeas(1/4 cup),38,0,38,15,15,0,15,$1.35,0,0.00%,$0.00,$1.35,0,0.00%,$0.00,$1.35,,,,
Daniels Run Elementary,5/22/2025,30107,Ranch Dressing(1 ounce),95,0,95,106,94,0,94,$10.34,0,0.00%,$0.00,$10.34,12,11.32%,$1.32,$11.66,,,,
Daniels Run Elementary,5/22/2025,30158,Black Beans(1/2 Cup),2,0,2,6,5,1,6,$1.02,0,0.00%,$0.00,$1.02,0,0.00%,$0.00,$1.02,,,,
Daniels Run Elementary,5/22/2025,60007,Cheeseburger(Sandwich),0,0,0,42,33,9,42,$30.66,0,0.00%,$0.00,$30.66,0,0.00%,$0.00,$30.66,,,,
Daniels Run Elementary,5/22/2025,60035,PB&J Power Pack(Power Packs),60,0,60,50,47,0,47,$50.76,0,0.00%,$0.00,$50.76,3,6.00%,$3.24,$54.00,,,,
Daniels Run Elementary,5/22/2025,60037,Strawberry & Banana Yogurt Power Pack(Power Packs),5,0,5,4,4,0,4,$3.20,0,0.00%,$0.00,$3.20,0,0.00%,$0.00,$3.20,,,,
Daniels Run Elementary,5/22/2025,60040,Grilled Cheese Sandwich(Sandwich),0,0,0,70,68,0,68,$28.56,2,2.86%,$0.84,$29.40,0,0.00%,$0.00,$29.40,,,,
Daniels Run Elementary,5/22/2025,60054,Steamed Broccoli(1/2 cup),42,0,42,42,25,0,25,$3.75,0,0.00%,$0.00,$3.75,17,40.48%,$2.55,$6.30,,,,
Daniels Run Elementary,5/22/2025,60076,"Penne Pasta with Marinara and Beef Meatballs(cup cooked pasta, 1/2c sauce, 5 meatballs)",0,0,0,21,21,0,21,$26.25,0,0.00%,$0.00,$26.25,0,0.00%,$0.00,$26.25,,,,
Daniels Run Elementary,5/22/2025,60077,Manager's Vegetable Choice(1/4 cup),86,0,86,120,96,0,96,$0.00,0,0.00%,$0.00,$0.00,24,20.00%,$0.00,$0.00,,,,
Daniels Run Elementary,5/22/2025,60120,Asian Veggie Sub(sandwich),209,0,209,222,189,17,206,$389.34,0,0.00%,$0.00,$389.34,16,7.21%,$30.24,$419.58,,,,
Daniels Run Elementary,5/22/2025,60122,Asian Meatball Sub(sandwich),29,0,29,34,31,1,32,$56.96,2,5.88%,$3.56,$60.52,0,0.00%,$0.00,$60.52,,,,
Daniels Run Elementary,5/22/2025,60150,Strawberry Parfait Power Pack(Power Pack),0,0,0,40,38,0,38,$61.94,0,0.00%,$0.00,$61.94,2,5.00%,$3.26,$65.20,,,,
Deer Park Elementary,5/22/2025,10044,Soft Pretzel(1 pretzel),2,0,2,6,2,4,6,$1.32,0,0.00%,$0.00,$1.32,0,0.00%,$0.00,$1.32,,,,
Deer Park Elementary,5/22/2025,20001,1% White Milk(Each),70,1,71,181,60,1,61,$21.96,0,0.00%,$0.00,$21.96,120,66.30%,$43.20,$65.16,,,,
Deer Park Elementary,5/22/2025,20002,Fat Free Chocolate Milk(Each),150,0,150,353,154,5,159,$55.65,0,0.00%,$0.00,$55.65,194,54.96%,$67.90,$123.55,,,,
Deer Park Elementary,5/22/2025,20008,Apple Slices(3 slices per 1/4 cup),406,0,406,406,404,0,404,$238.36,0,0.00%,$0.00,$238.36,2,0.49%,$1.18,$239.54,,,,
Deer Park Elementary,5/22/2025,20011,Cherry Tomatoes(1/4 cup),0,0,0,72,70,0,70,$25.90,0,0.00%,$0.00,$25.90,2,2.78%,$0.74,$26.64,,,,
Deer Park Elementary,5/22/2025,20017,Orange(1/4 cup),0,0,0,238,237,0,237,$40.29,0,0.00%,$0.00,$40.29,1,0.42%,$0.17,$40.46,,,,
Deer Park Elementary,5/22/2025,20028,Lettuce Blend Salad Mix(1 cup),22,1,23,22,21,1,22,$3.52,0,0.00%,$0.00,$3.52,0,0.00%,$0.00,$3.52,,,,
Deer Park Elementary,5/22/2025,20028,Lettuce Blend Salad Mix(1/2 cup),80,0,80,120,117,0,117,$9.36,0,0.00%,$0.00,$9.36,3,2.50%,$0.24,$9.60,,,,
Deer Park Elementary,5/22/2025,20031,Banana(Each),22,1,23,22,21,1,22,$4.62,0,0.00%,$0.00,$4.62,0,0.00%,$0.00,$4.62,,,,
Deer Park Elementary,5/22/2025,20038,Fat Free White Milk(Each),15,0,15,59,11,0,11,$3.63,0,0.00%,$0.00,$3.63,48,81.36%,$15.84,$19.47,,,,
Deer Park Elementary,5/22/2025,20052,Assorted  4 oz Yogurt(Container),0,0,0,1,0,1,1,$0.00,0,0.00%,$0.00,$0.00,0,0.00%,$0.00,$0.00,,,,
Deer Park Elementary,5/22/2025,20077,"Peppers, red, pre-sliced(1/2 cup sliced)",0,0,0,70,69,0,69,$38.64,0,0.00%,$0.00,$38.64,1,1.43%,$0.56,$39.20,,,,
Deer Park Elementary,5/22/2025,30034,Graham Crackers(Package),14,0,14,13,13,0,13,$1.82,0,0.00%,$0.00,$1.82,0,0.00%,$0.00,$1.82,,,,
Deer Park Elementary,5/22/2025,30037,IW Applesauce Cup(Each),13,0,13,13,13,0,13,$3.51,0,0.00%,$0.00,$3.51,0,0.00%,$0.00,$3.51,,,,
Deer Park Elementary,5/22/2025,30039,Cherry Flavored Dried Cranberries(2 Eaches),0,0,0,6,5,0,5,$2.40,0,0.00%,$0.00,$2.40,1,16.67%,$0.48,$2.88,,,,
Deer Park Elementary,5/22/2025,30077,Italian Dressing(1 ounce),24,0,24,24,19,0,19,$1.52,0,0.00%,$0.00,$1.52,5,20.83%,$0.40,$1.92,,,,
Deer Park Elementary,5/22/2025,30094,Doritos Wild White Nacho Flavored Tortilla Chips(Bag),21,0,21,68,0,68,68,$0.00,0,0.00%,$0.00,$0.00,0,0.00%,$0.00,$0.00,,,,
Deer Park Elementary,5/22/2025,30097,Bottled Water(Bottle),0,0,0,6,0,6,6,$0.00,0,0.00%,$0.00,$0.00,0,0.00%,$0.00,$0.00,,,,
Deer Park Elementary,5/22/2025,30098,Wheat Thins(Package),0,0,0,15,0,15,15,$0.00,0,0.00%,$0.00,$0.00,0,0.00%,$0.00,$0.00,,,,
Deer Park Elementary,5/22/2025,30107,Ranch Dressing(1 ounce),46,1,47,70,65,1,66,$7.26,0,0.00%,$0.00,$7.26,4,5.71%,$0.44,$7.70,,,,
Deer Park Elementary,5/22/2025,60035,PB&J Power Pack(Power Packs),80,0,80,69,59,4,63,$68.04,0,0.00%,$0.00,$68.04,6,8.70%,$6.48,$74.52,,,,
Deer Park Elementary,5/22/2025,60037,Strawberry & Banana Yogurt Power Pack(Power Packs),32,0,32,18,16,0,16,$12.80,0,0.00%,$0.00,$12.80,2,11.11%,$1.60,$14.40,,,,
Deer Park Elementary,5/22/2025,60054,Steamed Broccoli(1/2 cup),100,0,100,84,83,0,83,$12.45,0,0.00%,$0.00,$12.45,1,1.19%,$0.15,$12.60,,,,
Deer Park Elementary,5/22/2025,60101,Chickpeas - salad bar entree(1/2 cup),0,0,0,2,2,0,2,$0.36,0,0.00%,$0.00,$0.36,0,0.00%,$0.00,$0.36,,,,
Deer Park Elementary,5/22/2025,60120,Asian Veggie Sub(sandwich),152,7,159,156,142,9,151,$285.39,5,3.21%,$9.45,$294.84,0,0.00%,$0.00,$294.84,,,,
Deer Park Elementary,5/22/2025,60122,Asian Meatball Sub(sandwich),69,7,76,74,58,10,68,$121.04,6,8.11%,$10.68,$131.72,0,0.00%,$0.00,$131.72,,,,
Deer Park Elementary,5/22/2025,x30159,Chickpeas(1/2 cup),0,0,0,33,31,0,31,$5.58,0,0.00%,$0.00,$5.58,2,6.06%,$0.36,$5.94,,,,
Dogwood Elementary,5/22/2025,10015,Baked Cheese Sticks(2 Cheese Sticks),0,0,0,192,192,0,192,$126.72,0,0.00%,$0.00,$126.72,0,0.00%,$0.00,$126.72,,,,
Dogwood Elementary,5/22/2025,10044,Soft Pretzel(1 pretzel),36,0,36,36,36,0,36,$7.92,0,0.00%,$0.00,$7.92,0,0.00%,$0.00,$7.92,,,,
Dogwood Elementary,5/22/2025,20001,1% White Milk(Each),247,0,247,458,153,0,153,$55.08,0,0.00%,$0.00,$55.08,305,66.59%,$109.80,$164.88,,,,
Dogwood Elementary,5/22/2025,20002,Fat Free Chocolate Milk(Each),318,0,318,730,440,0,440,$154.00,0,0.00%,$0.00,$154.00,290,39.73%,$101.50,$255.50,,,,
Dogwood Elementary,5/22/2025,20015,Golden Delicious Apple(Each),0,0,0,120,120,0,120,$37.20,0,0.00%,$0.00,$37.20,0,0.00%,$0.00,$37.20,,,,
Dogwood Elementary,5/22/2025,20028,Lettuce Blend Salad Mix(1 cup),85,0,85,87,87,0,87,$13.92,0,0.00%,$0.00,$13.92,0,0.00%,$0.00,$13.92,,,,
Dogwood Elementary,5/22/2025,20028,Lettuce Blend Salad Mix(1/2 cup),281,0,281,321,301,0,301,$24.08,0,0.00%,$0.00,$24.08,20,6.23%,$1.60,$25.68,,,,
Dogwood Elementary,5/22/2025,20031,Banana(Each),177,0,177,228,228,0,228,$47.88,0,0.00%,$0.00,$47.88,0,0.00%,$0.00,$47.88,,,,
Dogwood Elementary,5/22/2025,20036,Celery Sticks(1/2 cup),0,0,0,120,120,0,120,$66.00,0,0.00%,$0.00,$66.00,0,0.00%,$0.00,$66.00,,,,
Dogwood Elementary,5/22/2025,20038,Fat Free White Milk(Each),19,0,19,27,7,0,7,$2.31,0,0.00%,$0.00,$2.31,20,74.07%,$6.60,$8.91,,,,
Dogwood Elementary,5/22/2025,20047,Orange Slices(3 slices per 1/4 cup),0,0,0,300,270,0,270,$54.00,0,0.00%,$0.00,$54.00,30,10.00%,$6.00,$60.00,,,,
Dogwood Elementary,5/22/2025,30018,Marinara Sauce(1/2 cup),0,0,0,150,135,0,135,$39.15,0,0.00%,$0.00,$39.15,15,10.00%,$4.35,$43.50,,,,
Dogwood Elementary,5/22/2025,30034,Graham Crackers(Package),50,0,50,50,50,0,50,$7.00,0,0.00%,$0.00,$7.00,0,0.00%,$0.00,$7.00,,,,
Dogwood Elementary,5/22/2025,30037,IW Applesauce Cup(Each),49,0,49,50,50,0,50,$13.50,0,0.00%,$0.00,$13.50,0,0.00%,$0.00,$13.50,,,,
Dogwood Elementary,5/22/2025,30045,Watermelon Flavored Dried Cranberries(Each),110,0,110,100,80,0,80,$19.20,0,0.00%,$0.00,$19.20,20,20.00%,$4.80,$24.00,,,,
Dogwood Elementary,5/22/2025,30077,Italian Dressing(1 ounce),30,0,30,30,30,0,30,$2.40,0,0.00%,$0.00,$2.40,0,0.00%,$0.00,$2.40,,,,
Dogwood Elementary,5/22/2025,30099,Chickpeas(1/4 cup),64,0,64,120,120,0,120,$10.80,0,0.00%,$0.00,$10.80,0,0.00%,$0.00,$10.80,,,,
Dogwood Elementary,5/22/2025,30107,Ranch Dressing(1 ounce),299,0,299,308,308,0,308,$33.88,0,0.00%,$0.00,$33.88,0,0.00%,$0.00,$33.88,,,,
Dogwood Elementary,5/22/2025,30158,Black Beans(1/2 Cup),28,0,28,2,2,0,2,$0.34,0,0.00%,$0.00,$0.34,0,0.00%,$0.00,$0.34,,,,
Dogwood Elementary,5/22/2025,60035,PB&J Power Pack(Power Packs),45,0,45,144,90,0,90,$97.20,0,0.00%,$0.00,$97.20,54,37.50%,$58.32,$155.52,,,,
Dogwood Elementary,5/22/2025,60036,Cherry Vanilla Yogurt Power Pack(Power Packs),20,0,20,48,38,0,38,$30.40,0,0.00%,$0.00,$30.40,10,20.83%,$8.00,$38.40,,,,
Dogwood Elementary,5/22/2025,60037,Strawberry & Banana Yogurt Power Pack(Power Packs),57,0,57,85,73,0,73,$58.40,0,0.00%,$0.00,$58.40,12,14.12%,$9.60,$68.00,,,,
Dogwood Elementary,5/22/2025,60038,Peach Yogurt Power Pack(Power Packs),15,0,15,48,38,0,38,$30.40,0,0.00%,$0.00,$30.40,10,20.83%,$8.00,$38.40,,,,
Dogwood Elementary,5/22/2025,60054,Steamed Broccoli(1/2 cup),55,0,55,60,60,0,60,$9.00,0,0.00%,$0.00,$9.00,0,0.00%,$0.00,$9.00,,,,
Dogwood Elementary,5/22/2025,60077,Manager's Vegetable Choice(1/4 cup),60,0,60,60,60,0,60,$0.00,0,0.00%,$0.00,$0.00,0,0.00%,$0.00,$0.00,,,,
Dogwood Elementary,5/22/2025,60120,Asian Veggie Sub(sandwich),103,0,103,112,102,0,102,$192.78,0,0.00%,$0.00,$192.78,10,8.93%,$18.90,$211.68,,,,
Dogwood Elementary,5/22/2025,60122,Asian Meatball Sub(sandwich),221,0,221,196,196,0,196,$348.88,0,0.00%,$0.00,$348.88,0,0.00%,$0.00,$348.88,,,,
Dranesville Elementary,5/22/2025,10044,Soft Pretzel(1 pretzel),32,0,32,30,30,0,30,$6.60,0,0.00%,$0.00,$6.60,0,0.00%,$0.00,$6.60,,,,
Dranesville Elementary,5/22/2025,10062,Corn(1/4 cup (thawed)),159,0,159,128,120,8,128,$14.08,0,0.00%,$0.00,$14.08,0,0.00%,$0.00,$14.08,,,,
Dranesville Elementary,5/22/2025,20001,1% White Milk(Each),35,0,35,56,34,22,56,$20.16,0,0.00%,$0.00,$20.16,0,0.00%,$0.00,$20.16,,,,
Dranesville Elementary,5/22/2025,20002,Fat Free Chocolate Milk(Each),188,0,188,348,162,186,348,$121.80,0,0.00%,$0.00,$121.80,0,0.00%,$0.00,$121.80,,,,
Dranesville Elementary,5/22/2025,20008,Apple Slices(3 slices per 1/4 cup),0,0,0,448,440,8,448,$264.32,0,0.00%,$0.00,$264.32,0,0.00%,$0.00,$264.32,,,,
Dranesville Elementary,5/22/2025,20028,Lettuce Blend Salad Mix(1 cup),7,0,7,7,7,0,7,$1.12,0,0.00%,$0.00,$1.12,0,0.00%,$0.00,$1.12,,,,
Dranesville Elementary,5/22/2025,20028,Lettuce Blend Salad Mix(1/2 cup),232,0,232,240,231,9,240,$19.20,0,0.00%,$0.00,$19.20,0,0.00%,$0.00,$19.20,,,,
Dranesville Elementary,5/22/2025,20031,Banana(Each),75,0,75,107,107,0,107,$22.47,0,0.00%,$0.00,$22.47,0,0.00%,$0.00,$22.47,,,,
Dranesville Elementary,5/22/2025,20038,Fat Free White Milk(Each),18,0,18,38,7,31,38,$12.54,0,0.00%,$0.00,$12.54,0,0.00%,$0.00,$12.54,,,,
Dranesville Elementary,5/22/2025,30077,Italian Dressing(1 ounce),16,0,16,4,4,0,4,$0.32,0,0.00%,$0.00,$0.32,0,0.00%,$0.00,$0.32,,,,
Dranesville Elementary,5/22/2025,30107,Ranch Dressing(1 ounce),40,0,40,3,3,0,3,$0.33,0,0.00%,$0.00,$0.33,0,0.00%,$0.00,$0.33,,,,
Dranesville Elementary,5/22/2025,60035,PB&J Power Pack(Power Packs),55,0,55,48,45,3,48,$51.84,0,0.00%,$0.00,$51.84,0,0.00%,$0.00,$51.84,,,,
Dranesville Elementary,5/22/2025,60036,Cherry Vanilla Yogurt Power Pack(Power Packs),10,0,10,24,22,2,24,$19.20,0,0.00%,$0.00,$19.20,0,0.00%,$0.00,$19.20,,,,
Dranesville Elementary,5/22/2025,60038,Peach Yogurt Power Pack(Power Packs),11,0,11,18,16,2,18,$14.40,0,0.00%,$0.00,$14.40,0,0.00%,$0.00,$14.40,,,,
Dranesville Elementary,5/22/2025,60040,Grilled Cheese Sandwich(Sandwich),0,0,0,136,135,1,136,$57.12,0,0.00%,$0.00,$57.12,0,0.00%,$0.00,$57.12,,,,
Dranesville Elementary,5/22/2025,60054,Steamed Broccoli(1/2 cup),89,0,89,70,64,6,70,$10.50,0,0.00%,$0.00,$10.50,0,0.00%,$0.00,$10.50,,,,
Dranesville Elementary,5/22/2025,60055,Orange Chicken(4 Bites w/ 1oz sauce),0,0,0,12,12,0,12,$11.40,0,0.00%,$0.00,$11.40,0,0.00%,$0.00,$11.40,,,,
Dranesville Elementary,5/22/2025,60077,Manager's Vegetable Choice(1/4 cup),118,0,118,144,138,6,144,$0.00,0,0.00%,$0.00,$0.00,0,0.00%,$0.00,$0.00,,,,
Dranesville Elementary,5/22/2025,60120,Asian Veggie Sub(sandwich),57,0,57,18,18,0,18,$34.02,0,0.00%,$0.00,$34.02,0,0.00%,$0.00,$34.02,,,,
Dranesville Elementary,5/22/2025,60122,Asian Meatball Sub(sandwich),43,0,43,34,33,1,34,$60.52,0,0.00%,$0.00,$60.52,0,0.00%,$0.00,$60.52,,,,
Eagle View Elementary,5/22/2025,10033,Chocolate Chip Cookie(1/2 Cookie),0,0,0,87,0,87,87,$0.00,0,0.00%,$0.00,$0.00,0,0.00%,$0.00,$0.00,,,,
Eagle View Elementary,5/22/2025,10044,Soft Pretzel(1 pretzel),11,2,13,3,1,2,3,$0.66,0,0.00%,$0.00,$0.66,0,0.00%,$0.00,$0.66,,,,
Eagle View Elementary,5/22/2025,20001,1% White Milk(Each),38,2,40,325,41,2,43,$15.48,0,0.00%,$0.00,$15.48,282,86.77%,$101.52,$117.00,,,,
Eagle View Elementary,5/22/2025,20002,Fat Free Chocolate Milk(Each),181,0,181,538,171,4,175,$61.25,0,0.00%,$0.00,$61.25,363,67.47%,$127.05,$188.30,,,,
Eagle View Elementary,5/22/2025,20012,Grape Tomatoes(1/4 cup),0,0,0,54,47,0,47,$12.22,0,0.00%,$0.00,$12.22,7,12.96%,$1.82,$14.04,,,,
Eagle View Elementary,5/22/2025,20014,Red Delicious Apple(Each - serving),0,0,0,149,72,0,72,$23.76,0,0.00%,$0.00,$23.76,77,51.68%,$25.41,$49.17,,,,
Eagle View Elementary,5/22/2025,20018,Red Seedless Grapes(16 grapes per 1/2 cup),0,0,0,105,105,0,105,$53.55,0,0.00%,$0.00,$53.55,0,0.00%,$0.00,$53.55,,,,
Eagle View Elementary,5/22/2025,20023,Baby Carrots(3 baby carrots per 1/4 cup),0,0,0,6,6,0,6,$0.54,0,0.00%,$0.00,$0.54,0,0.00%,$0.00,$0.54,,,,
Eagle View Elementary,5/22/2025,20028,Lettuce Blend Salad Mix(1 cup),42,2,44,31,29,2,31,$4.96,0,0.00%,$0.00,$4.96,0,0.00%,$0.00,$4.96,,,,
Eagle View Elementary,5/22/2025,20028,Lettuce Blend Salad Mix(1/2 cup),113,0,113,80,80,0,80,$6.40,0,0.00%,$0.00,$6.40,0,0.00%,$0.00,$6.40,,,,
Eagle View Elementary,5/22/2025,20031,Banana(Each),104,2,106,36,34,2,36,$7.56,0,0.00%,$0.00,$7.56,0,0.00%,$0.00,$7.56,,,,
Eagle View Elementary,5/22/2025,20036,Celery Sticks(1/2 cup),0,0,0,12,7,0,7,$3.85,0,0.00%,$0.00,$3.85,5,41.67%,$2.75,$6.60,,,,
Eagle View Elementary,5/22/2025,20038,Fat Free White Milk(Each),12,0,12,97,5,0,5,$1.65,0,0.00%,$0.00,$1.65,92,94.85%,$30.36,$32.01,,,,
Eagle View Elementary,5/22/2025,20047,Orange Slices(3 slices per 1/4 cup),0,0,0,229,161,0,161,$32.20,0,0.00%,$0.00,$32.20,68,29.69%,$13.60,$45.80,,,,
Eagle View Elementary,5/22/2025,20080,"Carrots, Shredded(Cup)",0,0,0,48,48,0,48,$15.84,0,0.00%,$0.00,$15.84,0,0.00%,$0.00,$15.84,,,,
Eagle View Elementary,5/22/2025,30034,Graham Crackers(Package),33,0,33,21,21,0,21,$2.94,0,0.00%,$0.00,$2.94,0,0.00%,$0.00,$2.94,,,,
Eagle View Elementary,5/22/2025,30037,IW Applesauce Cup(Each),32,2,34,21,21,0,21,$5.67,0,0.00%,$0.00,$5.67,0,0.00%,$0.00,$5.67,,,,
Eagle View Elementary,5/22/2025,30044,Strawberry Flavored Dried Cranberries(Each),54,0,54,49,40,0,40,$9.60,0,0.00%,$0.00,$9.60,9,18.37%,$2.16,$11.76,,,,
Eagle View Elementary,5/22/2025,30063,Ketchup Packet(Packet),0,0,0,120,120,0,120,$3.60,0,0.00%,$0.00,$3.60,0,0.00%,$0.00,$3.60,,,,
Eagle View Elementary,5/22/2025,30065,Mustard Packet(Packet),0,0,0,40,40,0,40,$2.00,0,0.00%,$0.00,$2.00,0,0.00%,$0.00,$2.00,,,,
Eagle View Elementary,5/22/2025,30068,Chilled Peaches(1/2 cup (drained)),0,0,0,8,8,0,8,$4.08,0,0.00%,$0.00,$4.08,0,0.00%,$0.00,$4.08,,,,
Eagle View Elementary,5/22/2025,30077,Italian Dressing(1 ounce),11,0,11,24,6,0,6,$0.48,0,0.00%,$0.00,$0.48,18,75.00%,$1.44,$1.92,,,,
Eagle View Elementary,5/22/2025,30094,Doritos Wild White Nacho Flavored Tortilla Chips(Bag),0,0,0,56,0,38,38,$0.00,0,0.00%,$0.00,$0.00,18,32.14%,$0.00,$0.00,,,,
Eagle View Elementary,5/22/2025,30097,Bottled Water(Bottle),0,0,0,5,0,5,5,$0.00,0,0.00%,$0.00,$0.00,0,0.00%,$0.00,$0.00,,,,
Eagle View Elementary,5/22/2025,30099,Chickpeas(1/4 cup),10,0,10,20,15,0,15,$1.35,0,0.00%,$0.00,$1.35,5,25.00%,$0.45,$1.80,,,,
Eagle View Elementary,5/22/2025,30107,Ranch Dressing(1 ounce),64,2,66,71,57,2,59,$6.49,0,0.00%,$0.00,$6.49,12,16.90%,$1.32,$7.81,,,,
Eagle View Elementary,5/22/2025,60035,PB&J Power Pack(Power Packs),69,0,69,68,66,1,67,$72.36,0,0.00%,$0.00,$72.36,1,1.47%,$1.08,$73.44,,,,
Eagle View Elementary,5/22/2025,60037,Strawberry & Banana Yogurt Power Pack(Power Packs),25,2,27,24,24,0,24,$19.20,0,0.00%,$0.00,$19.20,0,0.00%,$0.00,$19.20,,,,
Eagle View Elementary,5/22/2025,60101,Chickpeas - salad bar entree(1/2 cup),0,0,0,2,2,0,2,$0.36,0,0.00%,$0.00,$0.36,0,0.00%,$0.00,$0.36,,,,
Eagle View Elementary,5/22/2025,60120,Asian Veggie Sub(sandwich),131,6,137,197,182,8,190,$359.10,1,0.51%,$1.89,$360.99,6,3.05%,$11.34,$372.33,,,,
Eagle View Elementary,5/22/2025,60121,"Sauce, Spicy Mayo(tbsp)",0,0,0,24,18,0,18,$1.62,0,0.00%,$0.00,$1.62,6,25.00%,$0.54,$2.16,,,,
Eagle View Elementary,5/22/2025,60122,Asian Meatball Sub(sandwich),47,3,50,59,39,4,43,$76.54,1,1.69%,$1.78,$78.32,15,25.42%,$26.70,$105.02,,,,
Eagle View Elementary,5/22/2025,60124,Nachos with Cheese Sauce(Serving),0,0,0,6,6,0,6,$4.62,0,0.00%,$0.00,$4.62,0,0.00%,$0.00,$4.62,,,,
Eagle View Elementary,5/22/2025,60149,Hot Turkey & Cheese(sandwich),0,0,0,5,5,0,5,$6.50,0,0.00%,$0.00,$6.50,0,0.00%,$0.00,$6.50,,,,
FALLS CHURCH HS,5/22/2025,10013,"Patty, Chicken, Spicy, Breaded(2 strips)",35,0,35,35,32,0,32,$11.52,0,0.00%,$0.00,$11.52,3,8.57%,$1.08,$12.60,,,,
FALLS CHURCH HS,5/22/2025,10015,Baked Cheese Sticks(2 Cheese Sticks),558,0,558,558,418,36,454,$299.64,0,0.00%,$0.00,$299.64,104,18.64%,$68.64,$368.28,,,,
FALLS CHURCH HS,5/22/2025,10026,Chickenless Bites(4 Bites),88,0,88,88,88,0,88,$64.24,0,0.00%,$0.00,$64.24,0,0.00%,$0.00,$64.24,,,,
FALLS CHURCH HS,5/22/2025,10033,Chocolate Chip Cookie(Cookie),105,0,105,105,67,0,67,$18.09,0,0.00%,$0.00,$18.09,38,36.19%,$10.26,$28.35,,,,
FALLS CHURCH HS,5/22/2025,10044,Soft Pretzel(1 pretzel),10,0,10,10,10,0,10,$2.20,0,0.00%,$0.00,$2.20,0,0.00%,$0.00,$2.20,,,,
FALLS CHURCH HS,5/22/2025,10062,Corn(2 Tablespoons (thawed)),30,0,30,30,5,0,5,$0.25,0,0.00%,$0.00,$0.25,25,83.33%,$1.25,$1.50,,,,
FALLS CHURCH HS,5/22/2025,20001,1% White Milk(Each),57,0,57,57,57,0,57,$20.52,0,0.00%,$0.00,$20.52,0,0.00%,$0.00,$20.52,,,,
FALLS CHURCH HS,5/22/2025,20002,Fat Free Chocolate Milk(Each),609,0,609,609,528,0,528,$184.80,0,0.00%,$0.00,$184.80,81,13.30%,$28.35,$213.15,,,,
FALLS CHURCH HS,5/22/2025,20006,"Cheese, Shredded, Cheddar(1/4 cup)",40,0,40,40,20,0,20,$3.40,0,0.00%,$0.00,$3.40,20,50.00%,$3.40,$6.80,,,,
FALLS CHURCH HS,5/22/2025,20014,Red Delicious Apple(Each - serving),0,0,0,505,335,0,335,$110.55,0,0.00%,$0.00,$110.55,170,33.66%,$56.10,$166.65,,,,
FALLS CHURCH HS,5/22/2025,20017,Orange(1/4 cup),0,0,0,748,714,0,714,$121.38,0,0.00%,$0.00,$121.38,34,4.55%,$5.78,$127.16,,,,
FALLS CHURCH HS,5/22/2025,20023,Baby Carrots(3 baby carrots per 1/4 cup),0,0,0,192,144,0,144,$12.96,0,0.00%,$0.00,$12.96,48,25.00%,$4.32,$17.28,,,,
FALLS CHURCH HS,5/22/2025,20028,Lettuce Blend Salad Mix(1/2 cup),680,0,680,680,680,0,680,$54.40,0,0.00%,$0.00,$54.40,0,0.00%,$0.00,$54.40,,,,
FALLS CHURCH HS,5/22/2025,20035,"Onions, Red, Whole(2 Tablespoons (sliced))",30,0,30,30,5,0,5,$0.15,0,0.00%,$0.00,$0.15,25,83.33%,$0.75,$0.90,,,,
FALLS CHURCH HS,5/22/2025,20038,Fat Free White Milk(Each),30,0,30,30,25,0,25,$8.25,0,0.00%,$0.00,$8.25,5,16.67%,$1.65,$9.90,,,,
FALLS CHURCH HS,5/22/2025,20041,"Peppers, Green, Whole(2 Tablespoon)",30,0,30,30,15,0,15,$0.90,0,0.00%,$0.00,$0.90,15,50.00%,$0.90,$1.80,,,,
FALLS CHURCH HS,5/22/2025,20077,"Peppers, red, pre-sliced(1/2 cup sliced)",0,0,0,140,80,0,80,$44.80,0,0.00%,$0.00,$44.80,60,42.86%,$33.60,$78.40,,,,
FALLS CHURCH HS,5/22/2025,20080,"Carrots, Shredded(Cup)",0,0,0,30,15,0,15,$4.95,0,0.00%,$0.00,$4.95,15,50.00%,$4.95,$9.90,,,,
FALLS CHURCH HS,5/22/2025,30002,Sub Roll(Sub Roll),36,0,36,36,32,0,32,$9.92,0,0.00%,$0.00,$9.92,4,11.11%,$1.24,$11.16,,,,
FALLS CHURCH HS,5/22/2025,30014,Whole Wheat Dinner Roll(2 rolls),88,0,88,88,88,0,88,$24.64,0,0.00%,$0.00,$24.64,0,0.00%,$0.00,$24.64,,,,
FALLS CHURCH HS,5/22/2025,30018,Marinara Sauce(1/4 Cup),418,0,418,418,418,0,418,$62.70,0,0.00%,$0.00,$62.70,0,0.00%,$0.00,$62.70,,,,
FALLS CHURCH HS,5/22/2025,30039,Cherry Flavored Dried Cranberries(Each),200,0,200,200,180,0,180,$43.20,0,0.00%,$0.00,$43.20,20,10.00%,$4.80,$48.00,,,,
FALLS CHURCH HS,5/22/2025,30063,Ketchup Packet(Packet),400,0,400,400,340,0,340,$10.20,0,0.00%,$0.00,$10.20,60,15.00%,$1.80,$12.00,,,,
FALLS CHURCH HS,5/22/2025,30064,Mayonnaise Packet(Packet),240,0,240,240,210,0,210,$21.00,0,0.00%,$0.00,$21.00,30,12.50%,$3.00,$24.00,,,,
FALLS CHURCH HS,5/22/2025,30097,Bottled Water(Bottle),35,0,35,35,30,0,30,$4.80,0,0.00%,$0.00,$4.80,5,14.29%,$0.80,$5.60,,,,
FALLS CHURCH HS,5/22/2025,30107,Ranch Dressing(1 ounce),360,0,360,360,360,0,360,$39.60,0,0.00%,$0.00,$39.60,0,0.00%,$0.00,$39.60,,,,
FALLS CHURCH HS,5/22/2025,30115,SS Baked Cheetos Flaming Limon(Each),64,0,64,64,64,0,64,$24.96,0,0.00%,$0.00,$24.96,0,0.00%,$0.00,$24.96,,,,
FALLS CHURCH HS,5/22/2025,60007,Cheeseburger(Sandwich),21,0,21,21,21,0,21,$15.33,0,0.00%,$0.00,$15.33,0,0.00%,$0.00,$15.33,,,,
FALLS CHURCH HS,5/22/2025,60035,PB&J Power Pack(Power Packs),216,0,216,216,146,0,146,$157.68,0,0.00%,$0.00,$157.68,70,32.41%,$75.60,$233.28,,,,
FALLS CHURCH HS,5/22/2025,60038,Peach Yogurt Power Pack(Power Packs),10,0,10,10,8,0,8,$6.40,0,0.00%,$0.00,$6.40,2,20.00%,$1.60,$8.00,,,,
FALLS CHURCH HS,5/22/2025,60039,Pasta with Meat Sauce(serving),66,0,66,66,66,0,66,$70.62,0,0.00%,$0.00,$70.62,0,0.00%,$0.00,$70.62,,,,
FALLS CHURCH HS,5/22/2025,60041,Turkey Pepperoni Pizza(1.37 oz),21,0,21,21,21,0,21,$14.28,0,0.00%,$0.00,$14.28,0,0.00%,$0.00,$14.28,,,,
FALLS CHURCH HS,5/22/2025,60047,Chicken Tenders(3 tenders),58,0,58,58,58,0,58,$54.52,0,0.00%,$0.00,$54.52,0,0.00%,$0.00,$54.52,,,,
FALLS CHURCH HS,5/22/2025,60072,Spicy Breaded Chicken Patty on Bun(Sandwich),26,0,26,26,26,0,26,$19.50,0,0.00%,$0.00,$19.50,0,0.00%,$0.00,$19.50,,,,
FALLS CHURCH HS,5/22/2025,60075,Spicy Chicken Wrap(Wrap),76,0,76,76,76,0,76,$88.92,0,0.00%,$0.00,$88.92,0,0.00%,$0.00,$88.92,,,,
FALLS CHURCH HS,5/22/2025,60078,Nachos with Turkey Barbacoa and Cheese Sauce(Serving),49,0,49,53,49,0,49,$65.17,4,7.55%,$5.32,$70.49,0,0.00%,$0.00,$70.49,,,,
FALLS CHURCH HS,5/22/2025,60122,Asian Meatball Sub(sandwich),86,0,86,86,83,0,83,$147.74,0,0.00%,$0.00,$147.74,3,3.49%,$5.34,$153.08,,,,
Fairfax High,5/22/2025,10001,"Patty, Chicken, Breaded, WG(2 strips)",98,0,98,89,89,0,89,$19.58,0,0.00%,$0.00,$19.58,0,0.00%,$0.00,$19.58,,,,
Fairfax High,5/22/2025,10015,Baked Cheese Sticks(2 Cheese Sticks),300,21,321,466,374,69,443,$292.38,1,0.21%,$0.66,$293.04,22,4.72%,$14.52,$307.56,,,,
Fairfax High,5/22/2025,10026,Chickenless Bites(4 Bites),120,0,120,203,173,7,180,$131.40,1,0.49%,$0.73,$132.13,22,10.84%,$16.06,$148.19,,,,
Fairfax High,5/22/2025,10027,"Bread, Loco(flatbread)",120,0,120,29,29,0,29,$8.70,0,0.00%,$0.00,$8.70,0,0.00%,$0.00,$8.70,,,,
Fairfax High,5/22/2025,10033,Chocolate Chip Cookie(Cookie),246,0,246,233,233,0,233,$62.91,0,0.00%,$0.00,$62.91,0,0.00%,$0.00,$62.91,,,,
Fairfax High,5/22/2025,10039,Potato Encrusted Breaded Pollock(Fillet),0,0,0,64,46,6,52,$34.32,12,18.75%,$7.92,$42.24,0,0.00%,$0.00,$42.24,,,,
Fairfax High,5/22/2025,10049,"WG 10"" Flour Tortilla(Tortilla)",60,0,60,89,89,0,89,$31.15,0,0.00%,$0.00,$31.15,0,0.00%,$0.00,$31.15,,,,
Fairfax High,5/22/2025,10062,Corn(1/4 cup (thawed)),200,0,200,192,187,0,187,$20.57,5,2.60%,$0.55,$21.12,0,0.00%,$0.00,$21.12,,,,
Fairfax High,5/22/2025,10062,Corn(2 Tablespoons (thawed)),25,0,25,20,20,0,20,$1.00,0,0.00%,$0.00,$1.00,0,0.00%,$0.00,$1.00,,,,
Fairfax High,5/22/2025,10069,Bean and Cheese Pupusa(Pupusa),0,0,0,31,31,0,31,$46.50,0,0.00%,$0.00,$46.50,0,0.00%,$0.00,$46.50,,,,
Fairfax High,5/22/2025,20001,1% White Milk(Each),50,0,50,235,72,0,72,$25.92,0,0.00%,$0.00,$25.92,163,69.36%,$58.68,$84.60,,,,
Fairfax High,5/22/2025,20002,Fat Free Chocolate Milk(Each),400,0,400,900,349,0,349,$122.15,0,0.00%,$0.00,$122.15,551,61.22%,$192.85,$315.00,,,,
Fairfax High,5/22/2025,20006,"Cheese, Shredded, Cheddar(1/4 cup)",70,0,70,89,89,0,89,$15.13,0,0.00%,$0.00,$15.13,0,0.00%,$0.00,$15.13,,,,
Fairfax High,5/22/2025,20015,Golden Delicious Apple(Each),0,0,0,257,255,0,255,$79.05,0,0.00%,$0.00,$79.05,2,0.78%,$0.62,$79.67,,,,
Fairfax High,5/22/2025,20017,Orange(1/4 cup),0,0,0,162,162,0,162,$27.54,0,0.00%,$0.00,$27.54,0,0.00%,$0.00,$27.54,,,,
Fairfax High,5/22/2025,20027,Broccoli Florets(1/4 cup),120,0,120,63,53,0,53,$4.24,0,0.00%,$0.00,$4.24,10,15.87%,$0.80,$5.04,,,,
Fairfax High,5/22/2025,20028,Lettuce Blend Salad Mix(1/2 cup),550,0,550,570,563,0,563,$45.04,7,1.23%,$0.56,$45.60,0,0.00%,$0.00,$45.60,,,,
Fairfax High,5/22/2025,20035,"Onions, Red, Whole(2 Tablespoons (sliced))",10,0,10,15,15,0,15,$0.45,0,0.00%,$0.00,$0.45,0,0.00%,$0.00,$0.45,,,,
Fairfax High,5/22/2025,20038,Fat Free White Milk(Each),50,0,50,45,5,0,5,$1.65,0,0.00%,$0.00,$1.65,40,88.89%,$13.20,$14.85,,,,
Fairfax High,5/22/2025,20040,Cucumber Slices(1/4 cup),0,0,0,230,0,0,0,$0.00,230,100.00%,$0.00,$0.00,0,0.00%,$0.00,$0.00,,,,
Fairfax High,5/22/2025,30018,Marinara Sauce(1/4 Cup),300,12,312,360,340,0,340,$51.00,0,0.00%,$0.00,$51.00,20,5.56%,$3.00,$54.00,,,,
Fairfax High,5/22/2025,30044,Strawberry Flavored Dried Cranberries(Each),137,0,137,210,188,0,188,$45.12,0,0.00%,$0.00,$45.12,22,10.48%,$5.28,$50.40,,,,
Fairfax High,5/22/2025,30063,Ketchup Packet(Packet),500,0,500,400,340,0,340,$10.20,0,0.00%,$0.00,$10.20,60,15.00%,$1.80,$12.00,,,,
Fairfax High,5/22/2025,30065,Mustard Packet(Packet),100,0,100,100,78,0,78,$3.90,0,0.00%,$0.00,$3.90,22,22.00%,$1.10,$5.00,,,,
Fairfax High,5/22/2025,30097,Bottled Water(Bottle),63,0,63,56,56,0,56,$8.96,0,0.00%,$0.00,$8.96,0,0.00%,$0.00,$8.96,,,,
Fairfax High,5/22/2025,30099,Chickpeas(1/2 cup),0,0,0,96,64,0,64,$11.52,0,0.00%,$0.00,$11.52,32,33.33%,$5.76,$17.28,,,,
Fairfax High,5/22/2025,30107,Ranch Dressing(1 ounce),192,0,192,192,180,0,180,$19.80,0,0.00%,$0.00,$19.80,12,6.25%,$1.32,$21.12,,,,
Fairfax High,5/22/2025,60006,Vegan Burger(Sandwich),0,0,0,20,16,0,16,$8.80,4,20.00%,$2.20,$11.00,0,0.00%,$0.00,$11.00,,,,
Fairfax High,5/22/2025,60035,PB&J Power Pack(Power Packs),150,3,153,1,1,0,1,$1.08,0,0.00%,$0.00,$1.08,0,0.00%,$0.00,$1.08,,,,
Fairfax High,5/22/2025,60039,Pasta with Meat Sauce(serving),0,0,0,92,92,0,92,$98.44,0,0.00%,$0.00,$98.44,0,0.00%,$0.00,$98.44,,,,
Fairfax High,5/22/2025,60075,Spicy Chicken Wrap(Wrap),150,0,150,80,76,3,79,$92.43,1,1.25%,$1.17,$93.60,0,0.00%,$0.00,$93.60,,,,
Fairfax High,5/22/2025,60077,Manager's Vegetable Choice(1/4 cup),120,0,120,30,28,0,28,$0.00,0,0.00%,$0.00,$0.00,2,6.67%,$0.00,$0.00,,,,
Fairfax High,5/22/2025,60120,Asian Veggie Sub(sandwich),100,36,136,20,17,0,17,$32.13,3,15.00%,$5.67,$37.80,0,0.00%,$0.00,$37.80,,,,
Fairfax High,5/22/2025,60122,Asian Meatball Sub(sandwich),150,12,162,64,45,18,63,$112.14,1,1.56%,$1.78,$113.92,0,0.00%,$0.00,$113.92,,,,
Fairfax High,5/22/2025,60150,Strawberry Parfait Power Pack(Power Pack),10,0,10,20,20,0,20,$32.60,0,0.00%,$0.00,$32.60,0,0.00%,$0.00,$32.60,,,,
Fairfax Villa Elementary,5/22/2025,10026,Chickenless Bites(2 Bites),0,0,0,150,144,4,148,$53.28,0,0.00%,$0.00,$53.28,2,1.33%,$0.72,$54.00,,,,
Fairfax Villa Elementary,5/22/2025,10033,Chocolate Chip Cookie(1/2 Cookie),170,0,170,192,179,0,179,$25.06,0,0.00%,$0.00,$25.06,13,6.77%,$1.82,$26.88,,,,
Fairfax Villa Elementary,5/22/2025,10044,Soft Pretzel(1 pretzel),3,0,3,18,10,0,10,$2.20,0,0.00%,$0.00,$2.20,8,44.44%,$1.76,$3.96,,,,
Fairfax Villa Elementary,5/22/2025,20001,1% White Milk(Each),48,0,48,51,47,0,47,$16.92,0,0.00%,$0.00,$16.92,4,7.84%,$1.44,$18.36,,,,
Fairfax Villa Elementary,5/22/2025,20002,Fat Free Chocolate Milk(Each),164,0,164,165,164,0,164,$57.40,0,0.00%,$0.00,$57.40,1,0.61%,$0.35,$57.75,,,,
Fairfax Villa Elementary,5/22/2025,20008,Apple Slices(3 slices per 1/4 cup),0,0,0,120,117,0,117,$69.03,0,0.00%,$0.00,$69.03,3,2.50%,$1.77,$70.80,,,,
Fairfax Villa Elementary,5/22/2025,20012,Grape Tomatoes(1/4 cup),0,0,0,108,93,0,93,$24.18,0,0.00%,$0.00,$24.18,15,13.89%,$3.90,$28.08,,,,
Fairfax Villa Elementary,5/22/2025,20016,String Cheese(Each),10,0,10,5,3,0,3,$0.66,0,0.00%,$0.00,$0.66,2,40.00%,$0.44,$1.10,,,,
Fairfax Villa Elementary,5/22/2025,20018,Red Seedless Grapes(16 grapes per 1/2 cup),0,0,0,250,249,0,249,$126.99,0,0.00%,$0.00,$126.99,1,0.40%,$0.51,$127.50,,,,
Fairfax Villa Elementary,5/22/2025,20028,Lettuce Blend Salad Mix(1 cup),22,0,22,21,21,0,21,$3.36,0,0.00%,$0.00,$3.36,0,0.00%,$0.00,$3.36,,,,
Fairfax Villa Elementary,5/22/2025,20028,Lettuce Blend Salad Mix(1/2 cup),58,0,58,60,59,0,59,$4.72,0,0.00%,$0.00,$4.72,1,1.67%,$0.08,$4.80,,,,
Fairfax Villa Elementary,5/22/2025,20031,Banana(Each),172,0,172,171,170,0,170,$35.70,0,0.00%,$0.00,$35.70,1,0.58%,$0.21,$35.91,,,,
Fairfax Villa Elementary,5/22/2025,20038,Fat Free White Milk(Each),7,0,7,12,10,0,10,$3.30,0,0.00%,$0.00,$3.30,2,16.67%,$0.66,$3.96,,,,
Fairfax Villa Elementary,5/22/2025,20052,Assorted  4 oz Yogurt(Container),5,0,5,12,10,0,10,$0.00,0,0.00%,$0.00,$0.00,2,16.67%,$0.00,$0.00,,,,
Fairfax Villa Elementary,5/22/2025,30077,Italian Dressing(1 ounce),39,0,39,41,36,0,36,$2.88,0,0.00%,$0.00,$2.88,5,12.20%,$0.40,$3.28,,,,
Fairfax Villa Elementary,5/22/2025,30094,Doritos Wild White Nacho Flavored Tortilla Chips(Bag),50,0,50,10,7,0,7,$2.45,0,0.00%,$0.00,$2.45,3,30.00%,$1.05,$3.50,,,,
Fairfax Villa Elementary,5/22/2025,30097,Bottled Water(Bottle),8,0,8,10,9,0,9,$1.44,0,0.00%,$0.00,$1.44,1,10.00%,$0.16,$1.60,,,,
Fairfax Villa Elementary,5/22/2025,30099,Chickpeas(1/4 cup),33,0,33,35,32,0,32,$2.88,0,0.00%,$0.00,$2.88,3,8.57%,$0.27,$3.15,,,,
Fairfax Villa Elementary,5/22/2025,30107,Ranch Dressing(1 ounce),89,0,89,101,99,0,99,$10.89,0,0.00%,$0.00,$10.89,2,1.98%,$0.22,$11.11,,,,
Fairfax Villa Elementary,5/22/2025,30158,Black Beans(1/2 Cup),3,0,3,8,5,0,5,$0.85,0,0.00%,$0.00,$0.85,3,37.50%,$0.51,$1.36,,,,
Fairfax Villa Elementary,5/22/2025,60035,PB&J Power Pack(Power Packs),60,0,60,40,37,0,37,$39.96,0,0.00%,$0.00,$39.96,3,7.50%,$3.24,$43.20,,,,
Fairfax Villa Elementary,5/22/2025,60036,Cherry Vanilla Yogurt Power Pack(Power Packs),20,0,20,15,14,0,14,$11.20,0,0.00%,$0.00,$11.20,1,6.67%,$0.80,$12.00,,,,
Fairfax Villa Elementary,5/22/2025,60037,Strawberry & Banana Yogurt Power Pack(Power Packs),40,0,40,36,35,0,35,$28.00,0,0.00%,$0.00,$28.00,1,2.78%,$0.80,$28.80,,,,
Fairfax Villa Elementary,5/22/2025,60054,Steamed Broccoli(1/2 cup),70,0,70,65,64,0,64,$9.60,0,0.00%,$0.00,$9.60,1,1.54%,$0.15,$9.75,,,,
Fairfax Villa Elementary,5/22/2025,60077,Manager's Vegetable Choice(1/4 cup),130,0,130,50,50,0,50,$0.00,0,0.00%,$0.00,$0.00,0,0.00%,$0.00,$0.00,,,,
Fairfax Villa Elementary,5/22/2025,60122,Asian Meatball Sub(sandwich),55,0,55,55,43,0,43,$76.54,0,0.00%,$0.00,$76.54,12,21.82%,$21.36,$97.90,,,,
Fairfax Villa Elementary,5/22/2025,60150,Strawberry Parfait Power Pack(Power Pack),1,0,1,3,2,0,2,$3.26,0,0.00%,$0.00,$3.26,1,33.33%,$1.63,$4.89,,,,
Fairhill Elementary,5/22/2025,10033,Chocolate Chip Cookie(1/2 Cookie),50,0,50,135,134,0,134,$18.76,0,0.00%,$0.00,$18.76,1,0.74%,$0.14,$18.90,,,,
Fairhill Elementary,5/22/2025,10044,Soft Pretzel(1 pretzel),36,0,36,80,80,0,80,$17.60,0,0.00%,$0.00,$17.60,0,0.00%,$0.00,$17.60,,,,
Fairhill Elementary,5/22/2025,20001,1% White Milk(Each),49,1,50,60,42,1,43,$15.48,0,0.00%,$0.00,$15.48,17,28.33%,$6.12,$21.60,,,,
Fairhill Elementary,5/22/2025,20002,Fat Free Chocolate Milk(Each),168,0,168,223,141,0,141,$49.35,0,0.00%,$0.00,$49.35,82,36.77%,$28.70,$78.05,,,,
Fairhill Elementary,5/22/2025,20008,Apple Slices(3 slices per 1/4 cup),0,0,0,19,19,0,19,$11.21,0,0.00%,$0.00,$11.21,0,0.00%,$0.00,$11.21,,,,
Fairhill Elementary,5/22/2025,20014,Red Delicious Apple(Each - serving),0,0,0,31,25,0,25,$8.25,0,0.00%,$0.00,$8.25,6,19.35%,$1.98,$10.23,,,,
Fairhill Elementary,5/22/2025,20016,String Cheese(Each),0,0,0,0,0,0,0,$0.00,0,0.00%,$0.00,$0.00,0,0.00%,$0.00,$0.00,,,,
Fairhill Elementary,5/22/2025,20018,Red Seedless Grapes(16 grapes per 1/2 cup),0,0,0,230,227,0,227,$115.77,0,0.00%,$0.00,$115.77,3,1.30%,$1.53,$117.30,,,,
Fairhill Elementary,5/22/2025,20028,Lettuce Blend Salad Mix(1 cup),25,1,26,25,24,1,25,$4.00,0,0.00%,$0.00,$4.00,0,0.00%,$0.00,$4.00,,,,
Fairhill Elementary,5/22/2025,20028,Lettuce Blend Salad Mix(1/2 cup),55,0,55,60,60,0,60,$4.80,0,0.00%,$0.00,$4.80,0,0.00%,$0.00,$4.80,,,,
Fairhill Elementary,5/22/2025,20031,Banana(Each),23,1,24,25,24,1,25,$5.25,0,0.00%,$0.00,$5.25,0,0.00%,$0.00,$5.25,,,,
Fairhill Elementary,5/22/2025,20038,Fat Free White Milk(Each),12,0,12,54,5,0,5,$1.65,0,0.00%,$0.00,$1.65,49,90.74%,$16.17,$17.82,,,,
Fairhill Elementary,5/22/2025,20043,"Lactose Free, White Milk(Each)",1,0,1,1,1,0,1,$0.58,0,0.00%,$0.00,$0.58,0,0.00%,$0.00,$0.58,,,,
Fairhill Elementary,5/22/2025,20052,Assorted  4 oz Yogurt(Container),0,0,0,0,0,0,0,$0.00,0,0.00%,$0.00,$0.00,0,0.00%,$0.00,$0.00,,,,
Fairhill Elementary,5/22/2025,30008,Apple Juice(Each),15,0,15,0,0,0,0,$0.00,0,0.00%,$0.00,$0.00,0,0.00%,$0.00,$0.00,,,,
Fairhill Elementary,5/22/2025,30009,Orange Tangerine Juice(Each),15,0,15,0,0,0,0,$0.00,0,0.00%,$0.00,$0.00,0,0.00%,$0.00,$0.00,,,,
Fairhill Elementary,5/22/2025,30031,Strawberry Chex Mix(Package),0,0,0,8,8,0,8,$3.60,0,0.00%,$0.00,$3.60,0,0.00%,$0.00,$3.60,,,,
Fairhill Elementary,5/22/2025,30034,Graham Crackers(Package),18,0,18,17,17,0,17,$2.38,0,0.00%,$0.00,$2.38,0,0.00%,$0.00,$2.38,,,,
Fairhill Elementary,5/22/2025,30037,IW Applesauce Cup(Each),18,0,18,17,17,0,17,$4.59,0,0.00%,$0.00,$4.59,0,0.00%,$0.00,$4.59,,,,
Fairhill Elementary,5/22/2025,30044,Strawberry Flavored Dried Cranberries(Each),61,0,61,30,5,0,5,$1.20,0,0.00%,$0.00,$1.20,25,83.33%,$6.00,$7.20,,,,
Fairhill Elementary,5/22/2025,30077,Italian Dressing(1 ounce),24,0,24,25,17,0,17,$1.36,0,0.00%,$0.00,$1.36,8,32.00%,$0.64,$2.00,,,,
Fairhill Elementary,5/22/2025,30094,Doritos Wild White Nacho Flavored Tortilla Chips(Bag),50,0,50,0,0,0,0,$0.00,0,0.00%,$0.00,$0.00,0,0.00%,$0.00,$0.00,,,,
Fairhill Elementary,5/22/2025,30097,Bottled Water(Bottle),10,0,10,10,9,0,9,$1.44,0,0.00%,$0.00,$1.44,1,10.00%,$0.16,$1.60,,,,
Fairhill Elementary,5/22/2025,30099,Chickpeas(1/4 cup),34,0,34,64,58,0,58,$5.22,0,0.00%,$0.00,$5.22,6,9.38%,$0.54,$5.76,,,,
Fairhill Elementary,5/22/2025,30107,Ranch Dressing(1 ounce),40,1,41,48,42,1,43,$4.73,0,0.00%,$0.00,$4.73,5,10.42%,$0.55,$5.28,,,,
Fairhill Elementary,5/22/2025,30158,Black Beans(1/2 Cup),1,0,1,0,0,0,0,$0.00,0,0.00%,$0.00,$0.00,0,0.00%,$0.00,$0.00,,,,
Fairhill Elementary,5/22/2025,60021,Cooked  Brown Rice(1 cup cooked),0,0,0,9,0,9,9,$0.00,0,0.00%,$0.00,$0.00,0,0.00%,$0.00,$0.00,,,,
Fairhill Elementary,5/22/2025,60035,PB&J Power Pack(Power Packs),65,0,65,65,63,0,63,$68.04,0,0.00%,$0.00,$68.04,2,3.08%,$2.16,$70.20,,,,
Fairhill Elementary,5/22/2025,60036,Cherry Vanilla Yogurt Power Pack(Power Packs),12,0,12,15,14,0,14,$11.20,0,0.00%,$0.00,$11.20,1,6.67%,$0.80,$12.00,,,,
Fairhill Elementary,5/22/2025,60037,Strawberry & Banana Yogurt Power Pack(Power Packs),12,0,12,0,0,0,0,$0.00,0,0.00%,$0.00,$0.00,0,0.00%,$0.00,$0.00,,,,
Fairhill Elementary,5/22/2025,60038,Peach Yogurt Power Pack(Power Packs),12,0,12,0,0,0,0,$0.00,0,0.00%,$0.00,$0.00,0,0.00%,$0.00,$0.00,,,,
Fairhill Elementary,5/22/2025,60047,Chicken Tenders(3 tenders),0,0,0,9,0,9,9,$0.00,0,0.00%,$0.00,$0.00,0,0.00%,$0.00,$0.00,,,,
Fairhill Elementary,5/22/2025,60054,Steamed Broccoli(1/2 cup),35,0,35,42,35,0,35,$5.25,0,0.00%,$0.00,$5.25,7,16.67%,$1.05,$6.30,,,,
Fairhill Elementary,5/22/2025,60077,Manager's Vegetable Choice(1/4 cup),34,0,34,48,41,0,41,$0.00,0,0.00%,$0.00,$0.00,7,14.58%,$0.00,$0.00,,,,
Fairhill Elementary,5/22/2025,60120,Asian Veggie Sub(sandwich),100,0,100,94,94,0,94,$177.66,0,0.00%,$0.00,$177.66,0,0.00%,$0.00,$177.66,,,,
Fairhill Elementary,5/22/2025,60121,"Sauce, Spicy Mayo(tbsp)",0,0,0,36,31,0,31,$2.79,0,0.00%,$0.00,$2.79,5,13.89%,$0.45,$3.24,,,,
Fairhill Elementary,5/22/2025,60122,Asian Meatball Sub(sandwich),65,4,69,62,59,1,60,$106.80,0,0.00%,$0.00,$106.80,2,3.23%,$3.56,$110.36,,,,
Fairhill Elementary,5/22/2025,60149,Hot Turkey & Cheese(sandwich),0,0,0,33,33,0,33,$42.90,0,0.00%,$0.00,$42.90,0,0.00%,$0.00,$42.90,,,,
Fairhill Elementary,5/22/2025,60150,Strawberry Parfait Power Pack(Power Pack),12,0,12,12,11,1,12,$19.56,0,0.00%,$0.00,$19.56,0,0.00%,$0.00,$19.56,,,,
Fairview Elementary,5/22/2025,10044,Soft Pretzel(1 pretzel),1,0,1,63,0,62,62,$0.00,0,0.00%,$0.00,$0.00,1,1.59%,$0.00,$0.00,,,,
Fairview Elementary,5/22/2025,20001,1% White Milk(Each),17,0,17,25,20,5,25,$9.00,0,0.00%,$0.00,$9.00,0,0.00%,$0.00,$9.00,,,,
Fairview Elementary,5/22/2025,20002,Fat Free Chocolate Milk(Each),220,0,220,210,185,20,205,$71.75,0,0.00%,$0.00,$71.75,5,2.38%,$1.75,$73.50,,,,
Fairview Elementary,5/22/2025,20016,String Cheese(Each),3,0,3,4,0,4,4,$0.00,0,0.00%,$0.00,$0.00,0,0.00%,$0.00,$0.00,,,,
Fairview Elementary,5/22/2025,20023,Baby Carrots(3 baby carrots per 1/4 cup),0,0,0,48,48,0,48,$4.32,0,0.00%,$0.00,$4.32,0,0.00%,$0.00,$4.32,,,,
Fairview Elementary,5/22/2025,20027,Broccoli Florets(1/4 cup),50,0,50,30,30,0,30,$2.40,0,0.00%,$0.00,$2.40,0,0.00%,$0.00,$2.40,,,,
Fairview Elementary,5/22/2025,20028,Lettuce Blend Salad Mix(1/2 cup),67,0,67,100,100,0,100,$8.00,0,0.00%,$0.00,$8.00,0,0.00%,$0.00,$8.00,,,,
Fairview Elementary,5/22/2025,20031,Banana(Each),120,0,120,235,235,0,235,$49.35,0,0.00%,$0.00,$49.35,0,0.00%,$0.00,$49.35,,,,
Fairview Elementary,5/22/2025,20038,Fat Free White Milk(Each),10,0,10,8,6,0,6,$1.98,0,0.00%,$0.00,$1.98,2,25.00%,$0.66,$2.64,,,,
Fairview Elementary,5/22/2025,20080,"Carrots, Shredded(Cup)",0,0,0,50,45,0,45,$14.85,0,0.00%,$0.00,$14.85,5,10.00%,$1.65,$16.50,,,,
Fairview Elementary,5/22/2025,30009,Orange Tangerine Juice(Each),20,0,20,71,0,71,71,$0.00,0,0.00%,$0.00,$0.00,0,0.00%,$0.00,$0.00,,,,
Fairview Elementary,5/22/2025,30030,Cheddar Chex Mix(Package),0,0,0,18,0,18,18,$0.00,0,0.00%,$0.00,$0.00,0,0.00%,$0.00,$0.00,,,,
Fairview Elementary,5/22/2025,30033,Cheez-Its Crackers(Package),0,0,0,36,0,36,36,$0.00,0,0.00%,$0.00,$0.00,0,0.00%,$0.00,$0.00,,,,
Fairview Elementary,5/22/2025,30045,Watermelon Flavored Dried Cranberries(Each),63,0,63,68,65,3,68,$16.32,0,0.00%,$0.00,$16.32,0,0.00%,$0.00,$16.32,,,,
Fairview Elementary,5/22/2025,30049,Taco Flavored Hummus(2 Each),0,0,0,3,3,0,3,$3.06,0,0.00%,$0.00,$3.06,0,0.00%,$0.00,$3.06,,,,
Fairview Elementary,5/22/2025,30077,Italian Dressing(1 ounce),12,0,12,24,12,0,12,$0.96,0,0.00%,$0.00,$0.96,12,50.00%,$0.96,$1.92,,,,
Fairview Elementary,5/22/2025,30094,Doritos Wild White Nacho Flavored Tortilla Chips(Bag),80,0,80,34,0,34,34,$0.00,0,0.00%,$0.00,$0.00,0,0.00%,$0.00,$0.00,,,,
Fairview Elementary,5/22/2025,30097,Bottled Water(Bottle),12,0,12,21,0,20,20,$0.00,1,4.76%,$0.00,$0.00,0,0.00%,$0.00,$0.00,,,,
Fairview Elementary,5/22/2025,30099,Chickpeas(1/4 cup),20,0,20,32,24,0,24,$2.16,0,0.00%,$0.00,$2.16,8,25.00%,$0.72,$2.88,,,,
Fairview Elementary,5/22/2025,60035,PB&J Power Pack(Power Packs),53,0,53,80,80,0,80,$86.40,0,0.00%,$0.00,$86.40,0,0.00%,$0.00,$86.40,,,,
Fairview Elementary,5/22/2025,60037,Strawberry & Banana Yogurt Power Pack(Power Packs),15,0,15,23,23,0,23,$18.40,0,0.00%,$0.00,$18.40,0,0.00%,$0.00,$18.40,,,,
Fairview Elementary,5/22/2025,60042,Beef Meatball Sub Sandwich(Sandwich),0,0,0,60,55,5,60,$76.80,0,0.00%,$0.00,$76.80,0,0.00%,$0.00,$76.80,,,,
Fairview Elementary,5/22/2025,60071,Nachos with Cheese Sauce(serving size),0,0,0,5,5,0,5,$3.85,0,0.00%,$0.00,$3.85,0,0.00%,$0.00,$3.85,,,,
Fairview Elementary,5/22/2025,60077,Manager's Vegetable Choice(1/4 cup),150,0,150,100,89,0,89,$0.00,0,0.00%,$0.00,$0.00,11,11.00%,$0.00,$0.00,,,,
Fairview Elementary,5/22/2025,60078,Nachos with Turkey Barbacoa and Cheese Sauce(Serving),0,0,0,9,9,0,9,$11.97,0,0.00%,$0.00,$11.97,0,0.00%,$0.00,$11.97,,,,
Fairview Elementary,5/22/2025,60100,Black Beans - salad bar entree(1/2 cup),1,0,1,1,0,0,0,$0.00,0,0.00%,$0.00,$0.00,1,100.00%,$0.00,$0.00,,,,
Fairview Elementary,5/22/2025,60120,Asian Veggie Sub(sandwich),0,0,0,106,79,7,86,$162.54,0,0.00%,$0.00,$162.54,20,18.87%,$37.80,$200.34,,,,
Fairview Elementary,5/22/2025,60121,"Sauce, Spicy Mayo(tbsp)",0,0,0,24,11,0,11,$0.99,0,0.00%,$0.00,$0.99,13,54.17%,$1.17,$2.16,,,,
Fairview Elementary,5/22/2025,60122,Asian Meatball Sub(sandwich),100,0,100,41,24,2,26,$46.28,0,0.00%,$0.00,$46.28,15,36.59%,$26.70,$72.98,,,,
Fairview Elementary,5/22/2025,60150,Strawberry Parfait Power Pack(Power Pack),2,0,2,5,5,0,5,$8.15,0,0.00%,$0.00,$8.15,0,0.00%,$0.00,$8.15,,,,
Fairview Elementary,5/22/2025,60170,BBQ Sandwich(Sandwich),0,0,0,8,7,1,8,$9.76,0,0.00%,$0.00,$9.76,0,0.00%,$0.00,$9.76,,,,
Flint Hill Elementary,5/22/2025,10015,Baked Cheese Sticks(2 Cheese Sticks),0,0,0,18,12,6,18,$11.88,0,0.00%,$0.00,$11.88,0,0.00%,$0.00,$11.88,,,,
Flint Hill Elementary,5/22/2025,10026,Chickenless Bites(2 Bites),0,0,0,66,51,15,66,$23.76,0,0.00%,$0.00,$23.76,0,0.00%,$0.00,$23.76,,,,
Flint Hill Elementary,5/22/2025,10033,Chocolate Chip Cookie(1/2 Cookie),0,0,0,154,0,154,154,$0.00,0,0.00%,$0.00,$0.00,0,0.00%,$0.00,$0.00,,,,
Flint Hill Elementary,5/22/2025,10044,Soft Pretzel(1 pretzel),10,0,10,0,0,0,0,$0.00,0,0.00%,$0.00,$0.00,0,0.00%,$0.00,$0.00,,,,
Flint Hill Elementary,5/22/2025,10075,Cheese Pizza(Slice),0,0,0,1,1,0,1,$0.57,0,0.00%,$0.00,$0.57,0,0.00%,$0.00,$0.57,,,,
Flint Hill Elementary,5/22/2025,20001,1% White Milk(Each),26,0,26,21,21,0,21,$7.56,0,0.00%,$0.00,$7.56,0,0.00%,$0.00,$7.56,,,,
Flint Hill Elementary,5/22/2025,20002,Fat Free Chocolate Milk(Each),124,0,124,112,112,0,112,$39.20,0,0.00%,$0.00,$39.20,0,0.00%,$0.00,$39.20,,,,
Flint Hill Elementary,5/22/2025,20008,Apple Slices(6 Slices per 1/2 cup),0,0,0,192,191,0,191,$225.38,0,0.00%,$0.00,$225.38,1,0.52%,$1.18,$226.56,,,,
Flint Hill Elementary,5/22/2025,20016,String Cheese(Each),1,0,1,0,0,0,0,$0.00,0,0.00%,$0.00,$0.00,0,0.00%,$0.00,$0.00,,,,
Flint Hill Elementary,5/22/2025,20017,Orange(6 Slices per 1/2 cup),0,0,0,191,140,0,140,$47.60,0,0.00%,$0.00,$47.60,51,26.70%,$17.34,$64.94,,,,
Flint Hill Elementary,5/22/2025,20027,Broccoli Florets(1/4 cup),23,0,23,2,2,0,2,$0.16,0,0.00%,$0.00,$0.16,0,0.00%,$0.00,$0.16,,,,
Flint Hill Elementary,5/22/2025,20028,Lettuce Blend Salad Mix(1/2 cup),40,0,40,40,40,0,40,$3.20,0,0.00%,$0.00,$3.20,0,0.00%,$0.00,$3.20,,,,
Flint Hill Elementary,5/22/2025,20036,Celery Sticks(1/2 cup),0,0,0,78,46,0,46,$25.30,0,0.00%,$0.00,$25.30,32,41.03%,$17.60,$42.90,,,,
Flint Hill Elementary,5/22/2025,20040,Cucumber Slices(1/4 cup),0,0,0,15,0,0,0,$0.00,15,100.00%,$0.00,$0.00,0,0.00%,$0.00,$0.00,,,,
Flint Hill Elementary,5/22/2025,20052,Assorted  4 oz Yogurt(Container),0,0,0,0,0,0,0,$0.00,0,0.00%,$0.00,$0.00,0,0.00%,$0.00,$0.00,,,,
Flint Hill Elementary,5/22/2025,20077,"Peppers, red, pre-sliced(1/2 cup sliced)",0,0,0,35,31,0,31,$17.36,0,0.00%,$0.00,$17.36,4,11.43%,$2.24,$19.60,,,,
Flint Hill Elementary,5/22/2025,30002,Sub Roll(Sub Roll),0,0,0,51,51,0,51,$15.81,0,0.00%,$0.00,$15.81,0,0.00%,$0.00,$15.81,,,,
Flint Hill Elementary,5/22/2025,30008,Apple Juice(Each),14,0,14,26,0,26,26,$0.00,0,0.00%,$0.00,$0.00,0,0.00%,$0.00,$0.00,,,,
Flint Hill Elementary,5/22/2025,30009,Orange Tangerine Juice(Each),0,0,0,36,0,36,36,$0.00,0,0.00%,$0.00,$0.00,0,0.00%,$0.00,$0.00,,,,
Flint Hill Elementary,5/22/2025,30024,Black Beans(1/2 Cup),0,0,0,8,8,0,8,$1.36,0,0.00%,$0.00,$1.36,0,0.00%,$0.00,$1.36,,,,
Flint Hill Elementary,5/22/2025,30033,Cheez-Its Crackers(Package),0,0,0,10,0,10,10,$0.00,0,0.00%,$0.00,$0.00,0,0.00%,$0.00,$0.00,,,,
Flint Hill Elementary,5/22/2025,30035,Ranch Dressing Packet(Packet),0,0,0,2,2,0,2,$0.46,0,0.00%,$0.00,$0.46,0,0.00%,$0.00,$0.46,,,,
Flint Hill Elementary,5/22/2025,30039,Cherry Flavored Dried Cranberries(Each),12,0,12,0,0,0,0,$0.00,0,0.00%,$0.00,$0.00,0,0.00%,$0.00,$0.00,,,,
Flint Hill Elementary,5/22/2025,30077,Italian Dressing(1 ounce),15,0,15,1,1,0,1,$0.08,0,0.00%,$0.00,$0.08,0,0.00%,$0.00,$0.08,,,,
Flint Hill Elementary,5/22/2025,30094,Doritos Wild White Nacho Flavored Tortilla Chips(Bag),0,0,0,0,0,0,0,$0.00,0,0.00%,$0.00,$0.00,0,0.00%,$0.00,$0.00,,,,
Flint Hill Elementary,5/22/2025,30097,Bottled Water(Bottle),8,0,8,23,0,23,23,$0.00,0,0.00%,$0.00,$0.00,0,0.00%,$0.00,$0.00,,,,
Flint Hill Elementary,5/22/2025,30107,Ranch Dressing(1 ounce),40,0,40,40,40,0,40,$4.40,0,0.00%,$0.00,$4.40,0,0.00%,$0.00,$4.40,,,,
Flint Hill Elementary,5/22/2025,60018,Cheese Quesadilla(Quesadilla),0,0,0,8,8,0,8,$5.52,0,0.00%,$0.00,$5.52,0,0.00%,$0.00,$5.52,,,,
Flint Hill Elementary,5/22/2025,60035,PB&J Power Pack(Power Packs),38,0,38,53,41,12,53,$57.24,0,0.00%,$0.00,$57.24,0,0.00%,$0.00,$57.24,,,,
Flint Hill Elementary,5/22/2025,60036,Cherry Vanilla Yogurt Power Pack(Power Packs),6,0,6,22,21,1,22,$17.60,0,0.00%,$0.00,$17.60,0,0.00%,$0.00,$17.60,,,,
Flint Hill Elementary,5/22/2025,60042,Beef Meatball Sub Sandwich(Sandwich),0,0,0,62,60,1,61,$78.08,1,1.61%,$1.28,$79.36,0,0.00%,$0.00,$79.36,,,,
Flint Hill Elementary,5/22/2025,60077,Manager's Vegetable Choice(1/4 cup),7,0,7,0,0,0,0,$0.00,0,0.00%,$0.00,$0.00,0,0.00%,$0.00,$0.00,,,,
Flint Hill Elementary,5/22/2025,60079,Nachos with Black Beans and Cheese Sauce(Serving),0,0,0,1,0,1,1,$0.00,0,0.00%,$0.00,$0.00,0,0.00%,$0.00,$0.00,,,,
Flint Hill Elementary,5/22/2025,60089,Assorted Cereal(Cereal Cup),0,0,0,55,0,55,55,$0.00,0,0.00%,$0.00,$0.00,0,0.00%,$0.00,$0.00,,,,
Flint Hill Elementary,5/22/2025,60100,Black Beans - salad bar entree(1/2 cup),2,0,2,0,0,0,0,$0.00,0,0.00%,$0.00,$0.00,0,0.00%,$0.00,$0.00,,,,
Floris Elementary,5/22/2025,10062,Corn(1/4 cup (thawed)),175,0,175,128,127,0,127,$13.97,1,0.78%,$0.11,$14.08,0,0.00%,$0.00,$14.08,,,,
Floris Elementary,5/22/2025,10073,Whole Strawberries(1/2 cup thawed),0,0,0,138,138,0,138,$46.92,0,0.00%,$0.00,$46.92,0,0.00%,$0.00,$46.92,,,,
Floris Elementary,5/22/2025,20001,1% White Milk(Each),35,0,35,79,21,0,21,$7.56,0,0.00%,$0.00,$7.56,58,73.42%,$20.88,$28.44,,,,
Floris Elementary,5/22/2025,20002,Fat Free Chocolate Milk(Each),225,0,225,158,114,0,114,$39.90,0,0.00%,$0.00,$39.90,44,27.85%,$15.40,$55.30,,,,
Floris Elementary,5/22/2025,20008,Apple Slices(3 slices per 1/4 cup),0,0,0,145,145,0,145,$85.55,0,0.00%,$0.00,$85.55,0,0.00%,$0.00,$85.55,,,,
Floris Elementary,5/22/2025,20027,Broccoli Florets(1/4 cup),125,0,125,100,100,0,100,$8.00,0,0.00%,$0.00,$8.00,0,0.00%,$0.00,$8.00,,,,
Floris Elementary,5/22/2025,20028,Lettuce Blend Salad Mix(1/2 cup),80,0,80,80,60,0,60,$4.80,0,0.00%,$0.00,$4.80,20,25.00%,$1.60,$6.40,,,,
Floris Elementary,5/22/2025,20031,Banana(Each),125,0,125,90,54,0,54,$11.34,0,0.00%,$0.00,$11.34,36,40.00%,$7.56,$18.90,,,,
Floris Elementary,5/22/2025,20038,Fat Free White Milk(Each),25,0,25,46,4,0,4,$1.32,0,0.00%,$0.00,$1.32,42,91.30%,$13.86,$15.18,,,,
Floris Elementary,5/22/2025,20052,Assorted  4 oz Yogurt(Container),5,0,5,1,0,1,1,$0.00,0,0.00%,$0.00,$0.00,0,0.00%,$0.00,$0.00,,,,
Floris Elementary,5/22/2025,30039,Cherry Flavored Dried Cranberries(Each),5,0,5,70,70,0,70,$16.80,0,0.00%,$0.00,$16.80,0,0.00%,$0.00,$16.80,,,,
Floris Elementary,5/22/2025,30097,Bottled Water(Bottle),25,0,25,15,0,15,15,$0.00,0,0.00%,$0.00,$0.00,0,0.00%,$0.00,$0.00,,,,
Floris Elementary,5/22/2025,30107,Ranch Dressing(1 ounce),36,0,36,36,36,0,36,$3.96,0,0.00%,$0.00,$3.96,0,0.00%,$0.00,$3.96,,,,
Floris Elementary,5/22/2025,30109,Smartfood RF White Cheddar Popcorn(Each),0,0,0,74,0,74,74,$0.00,0,0.00%,$0.00,$0.00,0,0.00%,$0.00,$0.00,,,,
Floris Elementary,5/22/2025,60035,PB&J Power Pack(Power Packs),45,0,45,60,48,7,55,$59.40,0,0.00%,$0.00,$59.40,5,8.33%,$5.40,$64.80,,,,
Floris Elementary,5/22/2025,60037,Strawberry & Banana Yogurt Power Pack(Power Packs),10,0,10,8,6,0,6,$4.80,0,0.00%,$0.00,$4.80,2,25.00%,$1.60,$6.40,,,,
Floris Elementary,5/22/2025,60038,Peach Yogurt Power Pack(Power Packs),10,0,10,11,7,0,7,$5.60,0,0.00%,$0.00,$5.60,4,36.36%,$3.20,$8.80,,,,
Floris Elementary,5/22/2025,60077,Manager's Vegetable Choice(1/4 cup),175,0,175,63,62,0,62,$0.00,1,1.59%,$0.00,$0.00,0,0.00%,$0.00,$0.00,,,,
Floris Elementary,5/22/2025,60096,Strawberry Parfait(Parfait),0,0,0,15,15,0,15,$14.85,0,0.00%,$0.00,$14.85,0,0.00%,$0.00,$14.85,,,,
Floris Elementary,5/22/2025,60122,Asian Meatball Sub(sandwich),108,0,108,222,212,2,214,$380.92,8,3.60%,$14.24,$395.16,0,0.00%,$0.00,$395.16,,,,
Forest Edge Elementary,5/22/2025,10033,Chocolate Chip Cookie(Cookie),23,0,23,24,24,0,24,$6.48,0,0.00%,$0.00,$6.48,0,0.00%,$0.00,$6.48,,,,
Forest Edge Elementary,5/22/2025,10044,Soft Pretzel(1 pretzel),28,0,28,22,22,0,22,$4.84,0,0.00%,$0.00,$4.84,0,0.00%,$0.00,$4.84,,,,
Forest Edge Elementary,5/22/2025,10062,Corn(1/2 cup (thawed)),50,0,50,64,64,0,64,$13.44,0,0.00%,$0.00,$13.44,0,0.00%,$0.00,$13.44,,,,
Forest Edge Elementary,5/22/2025,20001,1% White Milk(Each),92,2,94,81,68,2,70,$25.20,0,0.00%,$0.00,$25.20,11,13.58%,$3.96,$29.16,,,,
Forest Edge Elementary,5/22/2025,20002,Fat Free Chocolate Milk(Each),207,0,207,178,178,0,178,$62.30,0,0.00%,$0.00,$62.30,0,0.00%,$0.00,$62.30,,,,
Forest Edge Elementary,5/22/2025,20012,Grape Tomatoes(6 Tomatoes per 1/2 cup),0,0,0,72,72,0,72,$37.44,0,0.00%,$0.00,$37.44,0,0.00%,$0.00,$37.44,,,,
Forest Edge Elementary,5/22/2025,20014,Red Delicious Apple(Each - serving),0,0,0,200,185,0,185,$61.05,0,0.00%,$0.00,$61.05,15,7.50%,$4.95,$66.00,,,,
Forest Edge Elementary,5/22/2025,20016,String Cheese(Each),0,0,0,0,0,0,0,$0.00,0,0.00%,$0.00,$0.00,0,0.00%,$0.00,$0.00,,,,
Forest Edge Elementary,5/22/2025,20017,Orange(Each - serving),0,0,0,175,166,0,166,$56.44,0,0.00%,$0.00,$56.44,9,5.14%,$3.06,$59.50,,,,
Forest Edge Elementary,5/22/2025,20018,Red Seedless Grapes(16 grapes per 1/2 cup),0,0,0,30,30,0,30,$15.30,0,0.00%,$0.00,$15.30,0,0.00%,$0.00,$15.30,,,,
Forest Edge Elementary,5/22/2025,20023,Baby Carrots(3 baby carrots per 1/4 cup),0,0,0,120,120,0,120,$10.80,0,0.00%,$0.00,$10.80,0,0.00%,$0.00,$10.80,,,,
Forest Edge Elementary,5/22/2025,20028,Lettuce Blend Salad Mix(1 cup),60,2,62,59,57,2,59,$9.44,0,0.00%,$0.00,$9.44,0,0.00%,$0.00,$9.44,,,,
Forest Edge Elementary,5/22/2025,20028,Lettuce Blend Salad Mix(1/2 cup),131,0,131,100,100,0,100,$8.00,0,0.00%,$0.00,$8.00,0,0.00%,$0.00,$8.00,,,,
Forest Edge Elementary,5/22/2025,20031,Banana(Each),62,2,64,59,57,2,59,$12.39,0,0.00%,$0.00,$12.39,0,0.00%,$0.00,$12.39,,,,
Forest Edge Elementary,5/22/2025,20036,Celery Sticks(1/2 cup),0,0,0,23,23,0,23,$12.65,0,0.00%,$0.00,$12.65,0,0.00%,$0.00,$12.65,,,,
Forest Edge Elementary,5/22/2025,20038,Fat Free White Milk(Each),23,0,23,25,11,0,11,$3.63,0,0.00%,$0.00,$3.63,14,56.00%,$4.62,$8.25,,,,
Forest Edge Elementary,5/22/2025,20040,Cucumber Slices(3/4 cup),0,0,0,46,0,0,0,$0.00,46,100.00%,$0.00,$0.00,0,0.00%,$0.00,$0.00,,,,
Forest Edge Elementary,5/22/2025,20043,"Lactose Free, White Milk(Each)",0,0,0,3,3,0,3,$1.74,0,0.00%,$0.00,$1.74,0,0.00%,$0.00,$1.74,,,,
Forest Edge Elementary,5/22/2025,20052,Assorted  4 oz Yogurt(Container),0,0,0,0,0,0,0,$0.00,0,0.00%,$0.00,$0.00,0,0.00%,$0.00,$0.00,,,,
Forest Edge Elementary,5/22/2025,30008,Apple Juice(Each),0,0,0,0,0,0,0,$0.00,0,0.00%,$0.00,$0.00,0,0.00%,$0.00,$0.00,,,,
Forest Edge Elementary,5/22/2025,30009,Orange Tangerine Juice(Each),0,0,0,0,0,0,0,$0.00,0,0.00%,$0.00,$0.00,0,0.00%,$0.00,$0.00,,,,
Forest Edge Elementary,5/22/2025,30034,Graham Crackers(Package),30,0,30,25,25,0,25,$3.50,0,0.00%,$0.00,$3.50,0,0.00%,$0.00,$3.50,,,,
Forest Edge Elementary,5/22/2025,30037,IW Applesauce Cup(Each),30,0,30,25,25,0,25,$6.75,0,0.00%,$0.00,$6.75,0,0.00%,$0.00,$6.75,,,,
Forest Edge Elementary,5/22/2025,30043,Raspberry Lemonade Flavored Dried Cranberries(Each),31,0,31,50,38,0,38,$9.12,0,0.00%,$0.00,$9.12,12,24.00%,$2.88,$12.00,,,,
Forest Edge Elementary,5/22/2025,30077,Italian Dressing(1 ounce),38,0,38,1,1,0,1,$0.08,0,0.00%,$0.00,$0.08,0,0.00%,$0.00,$0.08,,,,
Forest Edge Elementary,5/22/2025,30094,Doritos Wild White Nacho Flavored Tortilla Chips(Bag),3,0,3,0,0,0,0,$0.00,0,0.00%,$0.00,$0.00,0,0.00%,$0.00,$0.00,,,,
Forest Edge Elementary,5/22/2025,30097,Bottled Water(Bottle),0,0,0,0,0,0,0,$0.00,0,0.00%,$0.00,$0.00,0,0.00%,$0.00,$0.00,,,,
Forest Edge Elementary,5/22/2025,30099,Chickpeas(1/4 cup),23,0,23,25,25,0,25,$2.25,0,0.00%,$0.00,$2.25,0,0.00%,$0.00,$2.25,,,,
Forest Edge Elementary,5/22/2025,30107,Ranch Dressing(1 ounce),85,2,87,106,104,2,106,$11.66,0,0.00%,$0.00,$11.66,0,0.00%,$0.00,$11.66,,,,
Forest Edge Elementary,5/22/2025,60035,PB&J Power Pack(Power Packs),41,0,41,40,36,0,36,$38.88,0,0.00%,$0.00,$38.88,4,10.00%,$4.32,$43.20,,,,
Forest Edge Elementary,5/22/2025,60037,Strawberry & Banana Yogurt Power Pack(Power Packs),33,0,33,30,21,0,21,$16.80,0,0.00%,$0.00,$16.80,9,30.00%,$7.20,$24.00,,,,
Forest Edge Elementary,5/22/2025,60100,Black Beans - salad bar entree(1/2 cup),0,0,0,1,1,0,1,$0.17,0,0.00%,$0.00,$0.17,0,0.00%,$0.00,$0.17,,,,
Forest Edge Elementary,5/22/2025,60120,Asian Veggie Sub(sandwich),93,0,93,120,118,0,118,$223.02,2,1.67%,$3.78,$226.80,0,0.00%,$0.00,$226.80,,,,
Forest Edge Elementary,5/22/2025,60122,Asian Meatball Sub(sandwich),61,6,67,128,119,6,125,$222.50,3,2.34%,$5.34,$227.84,0,0.00%,$0.00,$227.84,,,,
Forestdale Elementary,5/22/2025,10033,Chocolate Chip Cookie(1/2 Cookie),0,0,0,0,0,0,0,$0.00,0,0.00%,$0.00,$0.00,0,0.00%,$0.00,$0.00,,,,
Forestdale Elementary,5/22/2025,10044,Soft Pretzel(1 pretzel),4,0,4,0,0,0,0,$0.00,0,0.00%,$0.00,$0.00,0,0.00%,$0.00,$0.00,,,,
Forestdale Elementary,5/22/2025,10062,Corn(1/4 cup (thawed)),80,0,80,100,100,0,100,$11.00,0,0.00%,$0.00,$11.00,0,0.00%,$0.00,$11.00,,,,
Forestdale Elementary,5/22/2025,20001,1% White Milk(Each),76,0,76,56,51,0,51,$18.36,0,0.00%,$0.00,$18.36,5,8.93%,$1.80,$20.16,,,,
Forestdale Elementary,5/22/2025,20002,Fat Free Chocolate Milk(Each),249,0,249,250,246,0,246,$86.10,0,0.00%,$0.00,$86.10,4,1.60%,$1.40,$87.50,,,,
Forestdale Elementary,5/22/2025,20016,String Cheese(Each),0,0,0,0,0,0,0,$0.00,0,0.00%,$0.00,$0.00,0,0.00%,$0.00,$0.00,,,,
Forestdale Elementary,5/22/2025,20028,Lettuce Blend Salad Mix(1 cup),40,0,40,18,18,0,18,$2.88,0,0.00%,$0.00,$2.88,0,0.00%,$0.00,$2.88,,,,
Forestdale Elementary,5/22/2025,20028,Lettuce Blend Salad Mix(1/2 cup),101,0,101,100,100,0,100,$8.00,0,0.00%,$0.00,$8.00,0,0.00%,$0.00,$8.00,,,,
Forestdale Elementary,5/22/2025,20031,Banana(Each),42,0,42,18,18,0,18,$3.78,0,0.00%,$0.00,$3.78,0,0.00%,$0.00,$3.78,,,,
Forestdale Elementary,5/22/2025,20038,Fat Free White Milk(Each),26,0,26,30,21,0,21,$6.93,0,0.00%,$0.00,$6.93,9,30.00%,$2.97,$9.90,,,,
Forestdale Elementary,5/22/2025,20043,"Lactose Free, White Milk(Each)",2,0,2,2,2,0,2,$1.16,0,0.00%,$0.00,$1.16,0,0.00%,$0.00,$1.16,,,,
Forestdale Elementary,5/22/2025,20047,Orange Slices(3 slices per 1/4 cup),0,0,0,510,383,0,383,$76.60,0,0.00%,$0.00,$76.60,127,24.90%,$25.40,$102.00,,,,
Forestdale Elementary,5/22/2025,20052,Assorted  4 oz Yogurt(Container),0,0,0,0,0,0,0,$0.00,0,0.00%,$0.00,$0.00,0,0.00%,$0.00,$0.00,,,,
Forestdale Elementary,5/22/2025,20074,"Apple Slices(3 slices, 1/4 cup)",0,0,0,448,448,0,448,$80.64,0,0.00%,$0.00,$80.64,0,0.00%,$0.00,$80.64,,,,
Forestdale Elementary,5/22/2025,30008,Apple Juice(Each),0,0,0,0,0,0,0,$0.00,0,0.00%,$0.00,$0.00,0,0.00%,$0.00,$0.00,,,,
Forestdale Elementary,5/22/2025,30009,Orange Tangerine Juice(Each),0,0,0,0,0,0,0,$0.00,0,0.00%,$0.00,$0.00,0,0.00%,$0.00,$0.00,,,,
Forestdale Elementary,5/22/2025,30034,Graham Crackers(Package),16,0,16,17,17,0,17,$2.38,0,0.00%,$0.00,$2.38,0,0.00%,$0.00,$2.38,,,,
Forestdale Elementary,5/22/2025,30037,IW Applesauce Cup(Each),16,0,16,17,17,0,17,$4.59,0,0.00%,$0.00,$4.59,0,0.00%,$0.00,$4.59,,,,
Forestdale Elementary,5/22/2025,30045,Watermelon Flavored Dried Cranberries(Each),100,0,100,100,80,0,80,$19.20,0,0.00%,$0.00,$19.20,20,20.00%,$4.80,$24.00,,,,
Forestdale Elementary,5/22/2025,30077,Italian Dressing(1 ounce),43,0,43,22,17,0,17,$1.36,0,0.00%,$0.00,$1.36,5,22.73%,$0.40,$1.76,,,,
Forestdale Elementary,5/22/2025,30094,Doritos Wild White Nacho Flavored Tortilla Chips(Bag),3,0,3,3,0,3,3,$0.00,0,0.00%,$0.00,$0.00,0,0.00%,$0.00,$0.00,,,,
Forestdale Elementary,5/22/2025,30097,Bottled Water(Bottle),2,0,2,2,0,2,2,$0.00,0,0.00%,$0.00,$0.00,0,0.00%,$0.00,$0.00,,,,
Forestdale Elementary,5/22/2025,30099,Chickpeas(1/4 cup),15,0,15,15,15,0,15,$1.35,0,0.00%,$0.00,$1.35,0,0.00%,$0.00,$1.35,,,,
Forestdale Elementary,5/22/2025,30107,Ranch Dressing(1 ounce),86,0,86,18,18,0,18,$1.98,0,0.00%,$0.00,$1.98,0,0.00%,$0.00,$1.98,,,,
Forestdale Elementary,5/22/2025,30109,Smartfood RF White Cheddar Popcorn(Each),4,0,4,4,0,4,4,$0.00,0,0.00%,$0.00,$0.00,0,0.00%,$0.00,$0.00,,,,
Forestdale Elementary,5/22/2025,30158,Black Beans(1/2 Cup),0,0,0,0,0,0,0,$0.00,0,0.00%,$0.00,$0.00,0,0.00%,$0.00,$0.00,,,,
Forestdale Elementary,5/22/2025,60035,PB&J Power Pack(Power Packs),111,0,111,110,107,0,107,$115.56,0,0.00%,$0.00,$115.56,3,2.73%,$3.24,$118.80,,,,
Forestdale Elementary,5/22/2025,60037,Strawberry & Banana Yogurt Power Pack(Power Packs),51,0,51,60,53,0,53,$42.40,0,0.00%,$0.00,$42.40,7,11.67%,$5.60,$48.00,,,,
Forestdale Elementary,5/22/2025,60054,Steamed Broccoli(1/2 cup),95,0,95,100,96,0,96,$14.40,0,0.00%,$0.00,$14.40,4,4.00%,$0.60,$15.00,,,,
Forestdale Elementary,5/22/2025,60077,Manager's Vegetable Choice(1/4 cup),100,0,100,100,70,0,70,$0.00,0,0.00%,$0.00,$0.00,30,30.00%,$0.00,$0.00,,,,
Forestdale Elementary,5/22/2025,60087,Sweet Thai Chili Chicken Wings(3 Wings),0,0,0,26,25,0,25,$30.25,1,3.85%,$1.21,$31.46,0,0.00%,$0.00,$31.46,,,,
Forestdale Elementary,5/22/2025,60120,Asian Veggie Sub(sandwich),157,0,157,152,142,0,142,$268.38,0,0.00%,$0.00,$268.38,10,6.58%,$18.90,$287.28,,,,
Forestdale Elementary,5/22/2025,60121,"Sauce, Spicy Mayo(tbsp)",0,0,0,100,90,0,90,$8.10,0,0.00%,$0.00,$8.10,10,10.00%,$0.90,$9.00,,,,
Forestdale Elementary,5/22/2025,60122,Asian Meatball Sub(sandwich),90,0,90,84,71,7,78,$138.84,1,1.19%,$1.78,$140.62,5,5.95%,$8.90,$149.52,,,,
Forestdale Elementary,5/22/2025,60150,Strawberry Parfait Power Pack(Power Pack),0,0,0,0,0,0,0,$0.00,0,0.00%,$0.00,$0.00,0,0.00%,$0.00,$0.00,,,,
Forestville Elementary,5/22/2025,10033,Chocolate Chip Cookie(1/2 Cookie),0,0,0,45,45,0,45,$6.30,0,0.00%,$0.00,$6.30,0,0.00%,$0.00,$6.30,,,,
Forestville Elementary,5/22/2025,10044,Soft Pretzel(1 pretzel),2,0,2,5,1,0,1,$0.22,0,0.00%,$0.00,$0.22,4,80.00%,$0.88,$1.10,,,,
Forestville Elementary,5/22/2025,20001,1% White Milk(Each),29,0,29,107,26,0,26,$9.36,0,0.00%,$0.00,$9.36,81,75.70%,$29.16,$38.52,,,,
Forestville Elementary,5/22/2025,20002,Fat Free Chocolate Milk(Each),111,0,111,226,68,0,68,$23.80,0,0.00%,$0.00,$23.80,158,69.91%,$55.30,$79.10,,,,
Forestville Elementary,5/22/2025,20013,Gala Apple(Each),0,0,0,67,66,0,66,$24.42,1,1.49%,$0.37,$24.79,0,0.00%,$0.00,$24.79,,,,
Forestville Elementary,5/22/2025,20017,Orange(1/4 cup),0,0,0,98,95,0,95,$16.15,3,3.06%,$0.51,$16.66,0,0.00%,$0.00,$16.66,,,,
Forestville Elementary,5/22/2025,20028,Lettuce Blend Salad Mix(1 cup),4,0,4,3,3,0,3,$0.48,0,0.00%,$0.00,$0.48,0,0.00%,$0.00,$0.48,,,,
Forestville Elementary,5/22/2025,20028,Lettuce Blend Salad Mix(1/2 cup),83,0,83,85,83,0,83,$6.64,2,2.35%,$0.16,$6.80,0,0.00%,$0.00,$6.80,,,,
Forestville Elementary,5/22/2025,20031,Banana(Each),76,0,76,59,57,0,57,$11.97,2,3.39%,$0.42,$12.39,0,0.00%,$0.00,$12.39,,,,
Forestville Elementary,5/22/2025,20038,Fat Free White Milk(Each),15,0,15,24,12,0,12,$3.96,0,0.00%,$0.00,$3.96,12,50.00%,$3.96,$7.92,,,,
Forestville Elementary,5/22/2025,20077,"Peppers, red, pre-sliced(1/2 cup sliced)",0,0,0,32,28,0,28,$15.68,4,12.50%,$2.24,$17.92,0,0.00%,$0.00,$17.92,,,,
Forestville Elementary,5/22/2025,20080,"Carrots, Shredded(Cup)",0,0,0,56,54,0,54,$17.82,2,3.57%,$0.66,$18.48,0,0.00%,$0.00,$18.48,,,,
Forestville Elementary,5/22/2025,30008,Apple Juice(Each),0,0,0,60,47,0,47,$7.99,0,0.00%,$0.00,$7.99,13,21.67%,$2.21,$10.20,,,,
Forestville Elementary,5/22/2025,30031,Strawberry Chex Mix(Package),0,0,0,20,17,0,17,$7.65,0,0.00%,$0.00,$7.65,3,15.00%,$1.35,$9.00,,,,
Forestville Elementary,5/22/2025,30039,Cherry Flavored Dried Cranberries(Each),76,0,76,80,52,0,52,$12.48,0,0.00%,$0.00,$12.48,28,35.00%,$6.72,$19.20,,,,
Forestville Elementary,5/22/2025,30077,Italian Dressing(1 ounce),16,0,16,18,15,0,15,$1.20,3,16.67%,$0.24,$1.44,0,0.00%,$0.00,$1.44,,,,
Forestville Elementary,5/22/2025,30094,Doritos Wild White Nacho Flavored Tortilla Chips(Bag),0,0,0,90,83,0,83,$29.05,0,0.00%,$0.00,$29.05,7,7.78%,$2.45,$31.50,,,,
Forestville Elementary,5/22/2025,30097,Bottled Water(Bottle),0,0,0,30,24,0,24,$3.84,0,0.00%,$0.00,$3.84,6,20.00%,$0.96,$4.80,,,,
Forestville Elementary,5/22/2025,30099,Chickpeas(1/4 cup),18,0,18,15,12,0,12,$1.08,3,20.00%,$0.27,$1.35,0,0.00%,$0.00,$1.35,,,,
Forestville Elementary,5/22/2025,30107,Ranch Dressing(1 ounce),18,0,18,19,17,0,17,$1.87,2,10.53%,$0.22,$2.09,0,0.00%,$0.00,$2.09,,,,
Forestville Elementary,5/22/2025,60035,PB&J Power Pack(Power Packs),41,0,41,50,48,0,48,$51.84,0,0.00%,$0.00,$51.84,2,4.00%,$2.16,$54.00,,,,
Forestville Elementary,5/22/2025,60037,Strawberry & Banana Yogurt Power Pack(Power Packs),1,0,1,1,1,0,1,$0.80,0,0.00%,$0.00,$0.80,0,0.00%,$0.00,$0.80,,,,
Forestville Elementary,5/22/2025,60038,Peach Yogurt Power Pack(Power Packs),11,0,11,20,15,0,15,$12.00,0,0.00%,$0.00,$12.00,5,25.00%,$4.00,$16.00,,,,
Forestville Elementary,5/22/2025,60047,Chicken Tenders(3 tenders),0,0,0,3,2,0,2,$1.88,1,33.33%,$0.94,$2.82,0,0.00%,$0.00,$2.82,,,,
Forestville Elementary,5/22/2025,60054,Steamed Broccoli(1/2 cup),44,0,44,31,26,0,26,$3.90,5,16.13%,$0.75,$4.65,0,0.00%,$0.00,$4.65,,,,
Forestville Elementary,5/22/2025,60070,Nachos with Taco Meat and Cheese Sauce(Serving Size),0,0,0,15,13,0,13,$10.40,2,13.33%,$1.60,$12.00,0,0.00%,$0.00,$12.00,,,,
Forestville Elementary,5/22/2025,60078,Nachos with Turkey Barbacoa and Cheese Sauce(Serving),0,0,0,11,8,0,8,$10.64,2,18.18%,$2.66,$13.30,1,9.09%,$1.33,$14.63,,,,
Forestville Elementary,5/22/2025,60101,Chickpeas - salad bar entree(1/2 cup),0,0,0,5,1,0,1,$0.18,4,80.00%,$0.72,$0.90,0,0.00%,$0.00,$0.90,,,,
Forestville Elementary,5/22/2025,60120,Asian Veggie Sub(sandwich),90,0,90,71,68,0,68,$128.52,3,4.23%,$5.67,$134.19,0,0.00%,$0.00,$134.19,,,,
Forestville Elementary,5/22/2025,60122,Asian Meatball Sub(sandwich),24,0,24,18,15,0,15,$26.70,3,16.67%,$5.34,$32.04,0,0.00%,$0.00,$32.04,,,,
Fort Belvoir Primary Elementary,5/22/2025,10033,Chocolate Chip Cookie(1/2 Cookie),80,0,80,50,50,0,50,$7.00,0,0.00%,$0.00,$7.00,0,0.00%,$0.00,$7.00,,,,
Fort Belvoir Primary Elementary,5/22/2025,10044,Soft Pretzel(1 pretzel),4,0,4,4,4,0,4,$0.88,0,0.00%,$0.00,$0.88,0,0.00%,$0.00,$0.88,,,,
Fort Belvoir Primary Elementary,5/22/2025,20001,1% White Milk(Each),92,0,92,479,44,0,44,$15.84,0,0.00%,$0.00,$15.84,435,90.81%,$156.60,$172.44,,,,
Fort Belvoir Primary Elementary,5/22/2025,20002,Fat Free Chocolate Milk(Each),251,0,251,763,253,0,253,$88.55,0,0.00%,$0.00,$88.55,510,66.84%,$178.50,$267.05,,,,
Fort Belvoir Primary Elementary,5/22/2025,20013,Gala Apple(Each),0,0,0,33,33,0,33,$12.21,0,0.00%,$0.00,$12.21,0,0.00%,$0.00,$12.21,,,,
Fort Belvoir Primary Elementary,5/22/2025,20016,String Cheese(Each),0,0,0,0,0,0,0,$0.00,0,0.00%,$0.00,$0.00,0,0.00%,$0.00,$0.00,,,,
Fort Belvoir Primary Elementary,5/22/2025,20018,Red Seedless Grapes(16 grapes per 1/2 cup),0,0,0,460,457,0,457,$233.07,3,0.65%,$1.53,$234.60,0,0.00%,$0.00,$234.60,,,,
Fort Belvoir Primary Elementary,5/22/2025,20028,Lettuce Blend Salad Mix(1 cup),46,0,46,42,42,0,42,$6.72,0,0.00%,$0.00,$6.72,0,0.00%,$0.00,$6.72,,,,
Fort Belvoir Primary Elementary,5/22/2025,20028,Lettuce Blend Salad Mix(1/2 cup),153,0,153,180,170,0,170,$13.60,0,0.00%,$0.00,$13.60,10,5.56%,$0.80,$14.40,,,,
Fort Belvoir Primary Elementary,5/22/2025,20031,Banana(Each),70,0,70,67,66,0,66,$13.86,1,1.49%,$0.21,$14.07,0,0.00%,$0.00,$14.07,,,,
Fort Belvoir Primary Elementary,5/22/2025,20036,Celery Sticks(1/2 cup),0,0,0,35,34,0,34,$18.70,1,2.86%,$0.55,$19.25,0,0.00%,$0.00,$19.25,,,,
Fort Belvoir Primary Elementary,5/22/2025,20038,Fat Free White Milk(Each),5,0,5,119,66,0,66,$21.78,0,0.00%,$0.00,$21.78,53,44.54%,$17.49,$39.27,,,,
Fort Belvoir Primary Elementary,5/22/2025,20043,"Lactose Free, White Milk(Each)",0,0,0,1,1,0,1,$0.58,0,0.00%,$0.00,$0.58,0,0.00%,$0.00,$0.58,,,,
Fort Belvoir Primary Elementary,5/22/2025,20047,Orange Slices(3 slices per 1/4 cup),0,0,0,175,140,0,140,$28.00,0,0.00%,$0.00,$28.00,35,20.00%,$7.00,$35.00,,,,
Fort Belvoir Primary Elementary,5/22/2025,20052,Assorted  4 oz Yogurt(Container),1,0,1,0,0,0,0,$0.00,0,0.00%,$0.00,$0.00,0,0.00%,$0.00,$0.00,,,,
Fort Belvoir Primary Elementary,5/22/2025,20080,"Carrots, Shredded(Cup)",0,0,0,320,305,0,305,$100.65,0,0.00%,$0.00,$100.65,15,4.69%,$4.95,$105.60,,,,
Fort Belvoir Primary Elementary,5/22/2025,30008,Apple Juice(Each),20,0,20,29,29,0,29,$4.93,0,0.00%,$0.00,$4.93,0,0.00%,$0.00,$4.93,,,,
Fort Belvoir Primary Elementary,5/22/2025,30009,Orange Tangerine Juice(Each),0,0,0,0,0,0,0,$0.00,0,0.00%,$0.00,$0.00,0,0.00%,$0.00,$0.00,,,,
Fort Belvoir Primary Elementary,5/22/2025,30034,Graham Crackers(Package),36,0,36,33,33,0,33,$4.62,0,0.00%,$0.00,$4.62,0,0.00%,$0.00,$4.62,,,,
Fort Belvoir Primary Elementary,5/22/2025,30045,Watermelon Flavored Dried Cranberries(Each),87,0,87,25,25,0,25,$6.00,0,0.00%,$0.00,$6.00,0,0.00%,$0.00,$6.00,,,,
Fort Belvoir Primary Elementary,5/22/2025,30077,Italian Dressing(1 ounce),46,0,46,42,42,0,42,$3.36,0,0.00%,$0.00,$3.36,0,0.00%,$0.00,$3.36,,,,
Fort Belvoir Primary Elementary,5/22/2025,30094,Doritos Wild White Nacho Flavored Tortilla Chips(Bag),46,0,46,0,0,0,0,$0.00,0,0.00%,$0.00,$0.00,0,0.00%,$0.00,$0.00,,,,
Fort Belvoir Primary Elementary,5/22/2025,30097,Bottled Water(Bottle),2,0,2,0,0,0,0,$0.00,0,0.00%,$0.00,$0.00,0,0.00%,$0.00,$0.00,,,,
Fort Belvoir Primary Elementary,5/22/2025,30099,Chickpeas(1/4 cup),40,0,40,33,32,0,32,$2.88,1,3.03%,$0.09,$2.97,0,0.00%,$0.00,$2.97,,,,
Fort Belvoir Primary Elementary,5/22/2025,30107,Ranch Dressing(1 ounce),165,0,165,222,217,0,217,$23.87,5,2.25%,$0.55,$24.42,0,0.00%,$0.00,$24.42,,,,
Fort Belvoir Primary Elementary,5/22/2025,30188,"Milk, Soy, Plain, Bulk (12/32 oz)(1 cup)",0,0,0,2,2,0,2,$1.58,0,0.00%,$0.00,$1.58,0,0.00%,$0.00,$1.58,,,,
Fort Belvoir Primary Elementary,5/22/2025,60035,PB&J Power Pack(Power Packs),75,0,75,156,109,2,111,$119.88,0,0.00%,$0.00,$119.88,45,28.85%,$48.60,$168.48,,,,
Fort Belvoir Primary Elementary,5/22/2025,60037,Strawberry & Banana Yogurt Power Pack(Power Packs),52,0,52,71,48,5,53,$42.40,0,0.00%,$0.00,$42.40,18,25.35%,$14.40,$56.80,,,,
Fort Belvoir Primary Elementary,5/22/2025,60100,Black Beans - salad bar entree(1/2 cup),0,0,0,4,4,0,4,$0.68,0,0.00%,$0.00,$0.68,0,0.00%,$0.00,$0.68,,,,
Fort Belvoir Primary Elementary,5/22/2025,60120,Asian Veggie Sub(sandwich),45,0,45,133,124,6,130,$245.70,1,0.75%,$1.89,$247.59,2,1.50%,$3.78,$251.37,,,,
Fort Belvoir Primary Elementary,5/22/2025,60122,Asian Meatball Sub(sandwich),114,0,114,124,82,2,84,$149.52,1,0.81%,$1.78,$151.30,39,31.45%,$69.42,$220.72,,,,
Fort Belvoir Upper Elementary,5/22/2025,10044,Soft Pretzel(1 pretzel),30,0,30,25,21,0,21,$4.62,1,4.00%,$0.22,$4.84,3,12.00%,$0.66,$5.50,,,,
Fort Belvoir Upper Elementary,5/22/2025,10062,Corn(1/4 cup (thawed)),64,0,64,32,32,0,32,$3.52,0,0.00%,$0.00,$3.52,0,0.00%,$0.00,$3.52,,,,
Fort Belvoir Upper Elementary,5/22/2025,10084,"Chicken, Bites(4 Bites)",0,0,0,26,26,0,26,$21.58,0,0.00%,$0.00,$21.58,0,0.00%,$0.00,$21.58,,,,
Fort Belvoir Upper Elementary,5/22/2025,20001,1% White Milk(Each),65,0,65,133,62,0,62,$22.32,0,0.00%,$0.00,$22.32,71,53.38%,$25.56,$47.88,,,,
Fort Belvoir Upper Elementary,5/22/2025,20002,Fat Free Chocolate Milk(Each),193,0,193,250,201,0,201,$70.35,0,0.00%,$0.00,$70.35,49,19.60%,$17.15,$87.50,,,,
Fort Belvoir Upper Elementary,5/22/2025,20008,Apple Slices(3 slices per 1/4 cup),0,0,0,288,240,0,240,$141.60,0,0.00%,$0.00,$141.60,48,16.67%,$28.32,$169.92,,,,
Fort Belvoir Upper Elementary,5/22/2025,20012,Grape Tomatoes(1/4 cup),0,0,0,36,36,0,36,$9.36,0,0.00%,$0.00,$9.36,0,0.00%,$0.00,$9.36,,,,
Fort Belvoir Upper Elementary,5/22/2025,20016,String Cheese(Each),3,0,3,6,4,0,4,$0.88,0,0.00%,$0.00,$0.88,2,33.33%,$0.44,$1.32,,,,
Fort Belvoir Upper Elementary,5/22/2025,20018,Red Seedless Grapes(16 grapes per 1/2 cup),0,0,0,184,184,0,184,$93.84,0,0.00%,$0.00,$93.84,0,0.00%,$0.00,$93.84,,,,
Fort Belvoir Upper Elementary,5/22/2025,20023,Baby Carrots(3 baby carrots per 1/4 cup),0,0,0,144,120,0,120,$10.80,0,0.00%,$0.00,$10.80,24,16.67%,$2.16,$12.96,,,,
Fort Belvoir Upper Elementary,5/22/2025,20028,Lettuce Blend Salad Mix(1 cup),45,0,45,41,41,0,41,$6.56,0,0.00%,$0.00,$6.56,0,0.00%,$0.00,$6.56,,,,
Fort Belvoir Upper Elementary,5/22/2025,20028,Lettuce Blend Salad Mix(1/2 cup),49,0,49,60,55,0,55,$4.40,0,0.00%,$0.00,$4.40,5,8.33%,$0.40,$4.80,,,,
Fort Belvoir Upper Elementary,5/22/2025,20030,Sour Cream(2 Tablespoons),0,0,0,39,39,0,39,$5.85,0,0.00%,$0.00,$5.85,0,0.00%,$0.00,$5.85,,,,
Fort Belvoir Upper Elementary,5/22/2025,20031,Banana(Each),125,0,125,151,145,0,145,$30.45,0,0.00%,$0.00,$30.45,6,3.97%,$1.26,$31.71,,,,
Fort Belvoir Upper Elementary,5/22/2025,20038,Fat Free White Milk(Each),12,0,12,18,8,0,8,$2.64,0,0.00%,$0.00,$2.64,10,55.56%,$3.30,$5.94,,,,
Fort Belvoir Upper Elementary,5/22/2025,20047,Orange Slices(3 slices per 1/4 cup),0,0,0,68,68,0,68,$13.60,0,0.00%,$0.00,$13.60,0,0.00%,$0.00,$13.60,,,,
Fort Belvoir Upper Elementary,5/22/2025,20052,Assorted  4 oz Yogurt(Container),0,0,0,1,0,0,0,$0.00,0,0.00%,$0.00,$0.00,1,100.00%,$0.00,$0.00,,,,
Fort Belvoir Upper Elementary,5/22/2025,30008,Apple Juice(Each),9,0,9,14,8,0,8,$1.36,0,0.00%,$0.00,$1.36,6,42.86%,$1.02,$2.38,,,,
Fort Belvoir Upper Elementary,5/22/2025,30009,Orange Tangerine Juice(Each),8,0,8,12,6,0,6,$1.02,0,0.00%,$0.00,$1.02,6,50.00%,$1.02,$2.04,,,,
Fort Belvoir Upper Elementary,5/22/2025,30011,"Salsa, Mild Canned(1.5 oz)",0,0,0,39,39,0,39,$3.90,0,0.00%,$0.00,$3.90,0,0.00%,$0.00,$3.90,,,,
Fort Belvoir Upper Elementary,5/22/2025,30033,Cheez-Its Crackers(Package),0,0,0,20,13,0,13,$2.34,0,0.00%,$0.00,$2.34,7,35.00%,$1.26,$3.60,,,,
Fort Belvoir Upper Elementary,5/22/2025,30034,Graham Crackers(Package),26,0,26,28,28,0,28,$3.92,0,0.00%,$0.00,$3.92,0,0.00%,$0.00,$3.92,,,,
Fort Belvoir Upper Elementary,5/22/2025,30037,IW Applesauce Cup(Each),31,0,31,28,28,0,28,$7.56,0,0.00%,$0.00,$7.56,0,0.00%,$0.00,$7.56,,,,
Fort Belvoir Upper Elementary,5/22/2025,30045,Watermelon Flavored Dried Cranberries(Each),31,0,31,40,28,0,28,$6.72,0,0.00%,$0.00,$6.72,12,30.00%,$2.88,$9.60,,,,
Fort Belvoir Upper Elementary,5/22/2025,30077,Italian Dressing(1 ounce),53,0,53,65,53,0,53,$4.24,0,0.00%,$0.00,$4.24,12,18.46%,$0.96,$5.20,,,,
Fort Belvoir Upper Elementary,5/22/2025,30094,Doritos Wild White Nacho Flavored Tortilla Chips(Bag),23,0,23,15,15,0,15,$5.25,0,0.00%,$0.00,$5.25,0,0.00%,$0.00,$5.25,,,,
Fort Belvoir Upper Elementary,5/22/2025,30097,Bottled Water(Bottle),25,0,25,35,20,5,25,$4.00,0,0.00%,$0.00,$4.00,10,28.57%,$1.60,$5.60,,,,
Fort Belvoir Upper Elementary,5/22/2025,60006,Vegan Burger(Sandwich),0,0,0,16,14,0,14,$7.70,1,6.25%,$0.55,$8.25,1,6.25%,$0.55,$8.80,,,,
Fort Belvoir Upper Elementary,5/22/2025,60007,Cheeseburger(Sandwich),0,0,0,31,31,0,31,$22.63,0,0.00%,$0.00,$22.63,0,0.00%,$0.00,$22.63,,,,
Fort Belvoir Upper Elementary,5/22/2025,60018,Cheese Quesadilla(Quesadilla),0,0,0,45,45,0,45,$31.05,0,0.00%,$0.00,$31.05,0,0.00%,$0.00,$31.05,,,,
Fort Belvoir Upper Elementary,5/22/2025,60035,PB&J Power Pack(Power Packs),81,0,81,80,76,0,76,$82.08,0,0.00%,$0.00,$82.08,4,5.00%,$4.32,$86.40,,,,
Fort Belvoir Upper Elementary,5/22/2025,60037,Strawberry & Banana Yogurt Power Pack(Power Packs),24,0,24,25,9,0,9,$7.20,0,0.00%,$0.00,$7.20,16,64.00%,$12.80,$20.00,,,,
Fort Belvoir Upper Elementary,5/22/2025,60042,Beef Meatball Sub Sandwich(Sandwich),0,0,0,70,68,1,69,$88.32,1,1.43%,$1.28,$89.60,0,0.00%,$0.00,$89.60,,,,
Fort Belvoir Upper Elementary,5/22/2025,60054,Steamed Broccoli(1/2 cup),91,0,91,63,63,0,63,$9.45,0,0.00%,$0.00,$9.45,0,0.00%,$0.00,$9.45,,,,
Fort Belvoir Upper Elementary,5/22/2025,60077,Manager's Vegetable Choice(1/4 cup),29,0,29,35,23,0,23,$0.00,0,0.00%,$0.00,$0.00,12,34.29%,$0.00,$0.00,,,,
Fort Belvoir Upper Elementary,5/22/2025,60099,"Parfait, Triple Berry(Parfait)",0,0,0,4,4,0,4,$2.72,0,0.00%,$0.00,$2.72,0,0.00%,$0.00,$2.72,,,,
Fort Belvoir Upper Elementary,5/22/2025,60108,Chicken Tenders Sub(Sandwich),0,0,0,6,6,0,6,$7.44,0,0.00%,$0.00,$7.44,0,0.00%,$0.00,$7.44,,,,
Fort Belvoir Upper Elementary,5/22/2025,60120,Asian Veggie Sub(sandwich),45,0,45,80,80,0,80,$151.20,0,0.00%,$0.00,$151.20,0,0.00%,$0.00,$151.20,,,,
Fort Belvoir Upper Elementary,5/22/2025,60155,Fish  Sandwich(Sandwich),0,0,0,20,20,0,20,$14.00,0,0.00%,$0.00,$14.00,0,0.00%,$0.00,$14.00,,,,
Fort Hunt Elementary,5/22/2025,10033,Chocolate Chip Cookie(1/2 Cookie),27,0,27,50,37,0,37,$5.18,0,0.00%,$0.00,$5.18,13,26.00%,$1.82,$7.00,,,,
Fort Hunt Elementary,5/22/2025,10044,Soft Pretzel(1 pretzel),3,0,3,4,3,0,3,$0.66,0,0.00%,$0.00,$0.66,1,25.00%,$0.22,$0.88,,,,
Fort Hunt Elementary,5/22/2025,10062,Corn(1/4 cup (thawed)),78,0,78,70,60,0,60,$6.60,0,0.00%,$0.00,$6.60,10,14.29%,$1.10,$7.70,,,,
Fort Hunt Elementary,5/22/2025,20001,1% White Milk(Each),21,0,21,53,20,0,20,$7.20,0,0.00%,$0.00,$7.20,33,62.26%,$11.88,$19.08,,,,
Fort Hunt Elementary,5/22/2025,20002,Fat Free Chocolate Milk(Each),107,0,107,162,110,0,110,$38.50,0,0.00%,$0.00,$38.50,52,32.10%,$18.20,$56.70,,,,
Fort Hunt Elementary,5/22/2025,20008,Apple Slices(3 slices per 1/4 cup),0,0,0,192,192,0,192,$113.28,0,0.00%,$0.00,$113.28,0,0.00%,$0.00,$113.28,,,,
Fort Hunt Elementary,5/22/2025,20012,Grape Tomatoes(1/4 cup),0,0,0,72,72,0,72,$18.72,0,0.00%,$0.00,$18.72,0,0.00%,$0.00,$18.72,,,,
Fort Hunt Elementary,5/22/2025,20016,String Cheese(Each),0,0,0,2,0,0,0,$0.00,0,0.00%,$0.00,$0.00,2,100.00%,$0.00,$0.00,,,,
Fort Hunt Elementary,5/22/2025,20027,Broccoli Florets(1/4 cup),26,0,26,25,25,0,25,$2.00,0,0.00%,$0.00,$2.00,0,0.00%,$0.00,$2.00,,,,
Fort Hunt Elementary,5/22/2025,20028,Lettuce Blend Salad Mix(1/2 cup),130,0,130,120,120,0,120,$9.60,0,0.00%,$0.00,$9.60,0,0.00%,$0.00,$9.60,,,,
Fort Hunt Elementary,5/22/2025,20038,Fat Free White Milk(Each),5,0,5,32,2,0,2,$0.66,0,0.00%,$0.00,$0.66,30,93.75%,$9.90,$10.56,,,,
Fort Hunt Elementary,5/22/2025,20047,Orange Slices(3 slices per 1/4 cup),0,0,0,102,102,0,102,$20.40,0,0.00%,$0.00,$20.40,0,0.00%,$0.00,$20.40,,,,
Fort Hunt Elementary,5/22/2025,20052,Assorted  4 oz Yogurt(Container),0,0,0,2,0,0,0,$0.00,0,0.00%,$0.00,$0.00,2,100.00%,$0.00,$0.00,,,,
Fort Hunt Elementary,5/22/2025,30008,Apple Juice(Each),2,0,2,2,0,0,0,$0.00,0,0.00%,$0.00,$0.00,2,100.00%,$0.00,$0.00,,,,
Fort Hunt Elementary,5/22/2025,30009,Orange Tangerine Juice(Each),1,0,1,2,0,0,0,$0.00,0,0.00%,$0.00,$0.00,2,100.00%,$0.00,$0.00,,,,
Fort Hunt Elementary,5/22/2025,30043,Raspberry Lemonade Flavored Dried Cranberries(Each),25,0,25,35,29,0,29,$6.96,0,0.00%,$0.00,$6.96,6,17.14%,$1.44,$8.40,,,,
Fort Hunt Elementary,5/22/2025,30068,Chilled Peaches(1/2 cup (drained)),0,0,0,65,15,0,15,$7.65,0,0.00%,$0.00,$7.65,50,76.92%,$25.50,$33.15,,,,
Fort Hunt Elementary,5/22/2025,30077,Italian Dressing(1 ounce),10,0,10,12,2,0,2,$0.16,0,0.00%,$0.00,$0.16,10,83.33%,$0.80,$0.96,,,,
Fort Hunt Elementary,5/22/2025,30094,Doritos Wild White Nacho Flavored Tortilla Chips(Bag),11,0,11,15,11,0,11,$3.85,0,0.00%,$0.00,$3.85,4,26.67%,$1.40,$5.25,,,,
Fort Hunt Elementary,5/22/2025,30097,Bottled Water(Bottle),2,0,2,5,1,0,1,$0.16,0,0.00%,$0.00,$0.16,4,80.00%,$0.64,$0.80,,,,
Fort Hunt Elementary,5/22/2025,30099,Chickpeas(1/4 cup),19,0,19,48,24,0,24,$2.16,0,0.00%,$0.00,$2.16,24,50.00%,$2.16,$4.32,,,,
Fort Hunt Elementary,5/22/2025,30107,Ranch Dressing(1 ounce),24,0,24,24,12,0,12,$1.32,0,0.00%,$0.00,$1.32,12,50.00%,$1.32,$2.64,,,,
Fort Hunt Elementary,5/22/2025,60035,PB&J Power Pack(Power Packs),30,0,30,50,32,0,32,$34.56,0,0.00%,$0.00,$34.56,18,36.00%,$19.44,$54.00,,,,
Fort Hunt Elementary,5/22/2025,60038,Peach Yogurt Power Pack(Power Packs),0,0,0,20,13,0,13,$10.40,0,0.00%,$0.00,$10.40,7,35.00%,$5.60,$16.00,,,,
Fort Hunt Elementary,5/22/2025,60042,Beef Meatball Sub Sandwich(Sandwich),0,0,0,16,16,0,16,$20.48,0,0.00%,$0.00,$20.48,0,0.00%,$0.00,$20.48,,,,
Fort Hunt Elementary,5/22/2025,60078,Nachos with Turkey Barbacoa and Cheese Sauce(Serving),0,0,0,11,11,0,11,$14.63,0,0.00%,$0.00,$14.63,0,0.00%,$0.00,$14.63,,,,
Fort Hunt Elementary,5/22/2025,60108,Chicken Tenders Sub(Sandwich),0,0,0,15,5,0,5,$6.20,0,0.00%,$0.00,$6.20,10,66.67%,$12.40,$18.60,,,,
Fort Hunt Elementary,5/22/2025,60120,Asian Veggie Sub(sandwich),0,0,0,45,45,0,45,$85.05,0,0.00%,$0.00,$85.05,0,0.00%,$0.00,$85.05,,,,
Fort Hunt Elementary,5/22/2025,60122,Asian Meatball Sub(sandwich),45,0,45,40,40,0,40,$71.20,0,0.00%,$0.00,$71.20,0,0.00%,$0.00,$71.20,,,,
Fort Hunt Elementary,5/22/2025,60124,Nachos with Cheese Sauce(Serving),0,0,0,10,10,0,10,$7.70,0,0.00%,$0.00,$7.70,0,0.00%,$0.00,$7.70,,,,
Fox Mill Elementary,5/22/2025,10033,Chocolate Chip Cookie(1/2 Cookie),190,0,190,0,0,0,0,$0.00,0,0.00%,$0.00,$0.00,0,0.00%,$0.00,$0.00,,,,
Fox Mill Elementary,5/22/2025,10044,Soft Pretzel(1 pretzel),2,0,2,0,0,0,0,$0.00,0,0.00%,$0.00,$0.00,0,0.00%,$0.00,$0.00,,,,
Fox Mill Elementary,5/22/2025,10062,Corn(1/4 cup (thawed)),95,0,95,0,0,0,0,$0.00,0,0.00%,$0.00,$0.00,0,0.00%,$0.00,$0.00,,,,
Fox Mill Elementary,5/22/2025,10073,Whole Strawberries(1/2 cup thawed),150,0,150,0,0,0,0,$0.00,0,0.00%,$0.00,$0.00,0,0.00%,$0.00,$0.00,,,,
Fox Mill Elementary,5/22/2025,20001,1% White Milk(Each),15,0,15,68,13,0,13,$4.68,0,0.00%,$0.00,$4.68,55,80.88%,$19.80,$24.48,,,,
Fox Mill Elementary,5/22/2025,20002,Fat Free Chocolate Milk(Each),145,0,145,190,107,0,107,$37.45,0,0.00%,$0.00,$37.45,83,43.68%,$29.05,$66.50,,,,
Fox Mill Elementary,5/22/2025,20008,Apple Slices(3 slices per 1/4 cup),0,0,0,261,253,3,256,$151.04,5,1.92%,$2.95,$153.99,0,0.00%,$0.00,$153.99,,,,
Fox Mill Elementary,5/22/2025,20010,Fresh Whole Pear(Each),85,0,85,0,0,0,0,$0.00,0,0.00%,$0.00,$0.00,0,0.00%,$0.00,$0.00,,,,
Fox Mill Elementary,5/22/2025,20016,String Cheese(Each),3,0,3,0,0,0,0,$0.00,0,0.00%,$0.00,$0.00,0,0.00%,$0.00,$0.00,,,,
Fox Mill Elementary,5/22/2025,20027,Broccoli Florets(1/4 cup),80,0,80,84,75,3,78,$6.24,6,7.14%,$0.48,$6.72,0,0.00%,$0.00,$6.72,,,,
Fox Mill Elementary,5/22/2025,20028,Lettuce Blend Salad Mix(1/2 cup),40,0,40,40,29,3,32,$2.56,8,20.00%,$0.64,$3.20,0,0.00%,$0.00,$3.20,,,,
Fox Mill Elementary,5/22/2025,20031,Banana(Each),0,0,0,0,0,0,0,$0.00,0,0.00%,$0.00,$0.00,0,0.00%,$0.00,$0.00,,,,
Fox Mill Elementary,5/22/2025,20038,Fat Free White Milk(Each),10,0,10,30,3,0,3,$0.99,0,0.00%,$0.00,$0.99,27,90.00%,$8.91,$9.90,,,,
Fox Mill Elementary,5/22/2025,20047,Orange Slices(3 slices per 1/4 cup),0,0,0,102,92,3,95,$19.00,7,6.86%,$1.40,$20.40,0,0.00%,$0.00,$20.40,,,,
Fox Mill Elementary,5/22/2025,20052,Assorted  4 oz Yogurt(Container),5,0,5,0,0,0,0,$0.00,0,0.00%,$0.00,$0.00,0,0.00%,$0.00,$0.00,,,,
Fox Mill Elementary,5/22/2025,30002,Sub Roll(Sub Roll),0,0,0,210,202,3,205,$63.55,0,0.00%,$0.00,$63.55,5,2.38%,$1.55,$65.10,,,,
Fox Mill Elementary,5/22/2025,30008,Apple Juice(Each),58,0,58,0,0,0,0,$0.00,0,0.00%,$0.00,$0.00,0,0.00%,$0.00,$0.00,,,,
Fox Mill Elementary,5/22/2025,30009,Orange Tangerine Juice(Each),45,0,45,30,29,0,29,$4.93,0,0.00%,$0.00,$4.93,1,3.33%,$0.17,$5.10,,,,
Fox Mill Elementary,5/22/2025,30024,Black Beans(1/2 Cup),0,0,0,33,27,0,27,$4.59,6,18.18%,$1.02,$5.61,0,0.00%,$0.00,$5.61,,,,
Fox Mill Elementary,5/22/2025,30039,Cherry Flavored Dried Cranberries(Each),0,0,0,0,0,0,0,$0.00,0,0.00%,$0.00,$0.00,0,0.00%,$0.00,$0.00,,,,
Fox Mill Elementary,5/22/2025,30041,Orange Flavored Dried Cranberries(Each),30,0,30,0,0,0,0,$0.00,0,0.00%,$0.00,$0.00,0,0.00%,$0.00,$0.00,,,,
Fox Mill Elementary,5/22/2025,30042,Original Flavored Dried Cranberries(Package),0,0,0,0,0,0,0,$0.00,0,0.00%,$0.00,$0.00,0,0.00%,$0.00,$0.00,,,,
Fox Mill Elementary,5/22/2025,30043,Raspberry Lemonade Flavored Dried Cranberries(Each),0,0,0,0,0,0,0,$0.00,0,0.00%,$0.00,$0.00,0,0.00%,$0.00,$0.00,,,,
Fox Mill Elementary,5/22/2025,30044,Strawberry Flavored Dried Cranberries(Each),30,0,30,0,0,0,0,$0.00,0,0.00%,$0.00,$0.00,0,0.00%,$0.00,$0.00,,,,
Fox Mill Elementary,5/22/2025,30045,Watermelon Flavored Dried Cranberries(Each),30,0,30,0,0,0,0,$0.00,0,0.00%,$0.00,$0.00,0,0.00%,$0.00,$0.00,,,,
Fox Mill Elementary,5/22/2025,30077,Italian Dressing(1 ounce),11,0,11,24,14,0,14,$1.12,0,0.00%,$0.00,$1.12,10,41.67%,$0.80,$1.92,,,,
Fox Mill Elementary,5/22/2025,30094,Doritos Wild White Nacho Flavored Tortilla Chips(Bag),74,0,74,125,119,0,119,$41.65,0,0.00%,$0.00,$41.65,6,4.80%,$2.10,$43.75,,,,
Fox Mill Elementary,5/22/2025,30097,Bottled Water(Bottle),25,0,25,25,23,0,23,$3.68,0,0.00%,$0.00,$3.68,2,8.00%,$0.32,$4.00,,,,
Fox Mill Elementary,5/22/2025,30099,Chickpeas(1/4 cup),32,0,32,0,0,0,0,$0.00,0,0.00%,$0.00,$0.00,0,0.00%,$0.00,$0.00,,,,
Fox Mill Elementary,5/22/2025,30107,Ranch Dressing(1 ounce),36,0,36,48,35,3,38,$4.18,0,0.00%,$0.00,$4.18,10,20.83%,$1.10,$5.28,,,,
Fox Mill Elementary,5/22/2025,60035,PB&J Power Pack(Power Packs),100,0,100,20,15,0,15,$16.20,0,0.00%,$0.00,$16.20,5,25.00%,$5.40,$21.60,,,,
Fox Mill Elementary,5/22/2025,60036,Cherry Vanilla Yogurt Power Pack(Power Packs),0,0,0,0,0,0,0,$0.00,0,0.00%,$0.00,$0.00,0,0.00%,$0.00,$0.00,,,,
Fox Mill Elementary,5/22/2025,60037,Strawberry & Banana Yogurt Power Pack(Power Packs),3,0,3,0,0,0,0,$0.00,0,0.00%,$0.00,$0.00,0,0.00%,$0.00,$0.00,,,,
Fox Mill Elementary,5/22/2025,60038,Peach Yogurt Power Pack(Power Packs),25,0,25,0,0,0,0,$0.00,0,0.00%,$0.00,$0.00,0,0.00%,$0.00,$0.00,,,,
Fox Mill Elementary,5/22/2025,60047,Chicken Tenders(3 tenders),0,0,0,140,135,2,137,$128.78,3,2.14%,$2.82,$131.60,0,0.00%,$0.00,$131.60,,,,
Fox Mill Elementary,5/22/2025,60050,Chickenless Bites(2 Bites),0,0,0,72,69,1,70,$26.60,2,2.78%,$0.76,$27.36,0,0.00%,$0.00,$27.36,,,,
Fox Mill Elementary,5/22/2025,60077,Manager's Vegetable Choice(1/4 cup),75,0,75,96,83,3,86,$0.00,10,10.42%,$0.00,$0.00,0,0.00%,$0.00,$0.00,,,,
Fox Mill Elementary,5/22/2025,60100,Black Beans - salad bar entree(1/2 cup),0,0,0,0,0,0,0,$0.00,0,0.00%,$0.00,$0.00,0,0.00%,$0.00,$0.00,,,,
Fox Mill Elementary,5/22/2025,60122,Asian Meatball Sub(sandwich),75,0,75,0,0,0,0,$0.00,0,0.00%,$0.00,$0.00,0,0.00%,$0.00,$0.00,,,,
Fox Mill Elementary,5/22/2025,60150,Strawberry Parfait Power Pack(Power Pack),0,0,0,5,2,0,2,$3.26,0,0.00%,$0.00,$3.26,3,60.00%,$4.89,$8.15,,,,
Franconia Elementary,5/22/2025,10044,Soft Pretzel(1 pretzel),8,0,8,35,21,7,28,$6.16,0,0.00%,$0.00,$6.16,7,20.00%,$1.54,$7.70,,,,
Franconia Elementary,5/22/2025,20001,1% White Milk(Each),15,0,15,25,10,0,10,$3.60,0,0.00%,$0.00,$3.60,15,60.00%,$5.40,$9.00,,,,
Franconia Elementary,5/22/2025,20002,Fat Free Chocolate Milk(Each),94,0,94,209,145,0,145,$50.75,0,0.00%,$0.00,$50.75,64,30.62%,$22.40,$73.15,,,,
Franconia Elementary,5/22/2025,20015,Golden Delicious Apple(Each),0,0,0,116,93,0,93,$28.83,0,0.00%,$0.00,$28.83,23,19.83%,$7.13,$35.96,,,,
Franconia Elementary,5/22/2025,20027,Broccoli Florets(1/4 cup),35,0,35,42,42,0,42,$3.36,0,0.00%,$0.00,$3.36,0,0.00%,$0.00,$3.36,,,,
Franconia Elementary,5/22/2025,20028,Lettuce Blend Salad Mix(1/2 cup),64,0,64,40,40,0,40,$3.20,0,0.00%,$0.00,$3.20,0,0.00%,$0.00,$3.20,,,,
Franconia Elementary,5/22/2025,20038,Fat Free White Milk(Each),61,0,61,63,14,0,14,$4.62,0,0.00%,$0.00,$4.62,49,77.78%,$16.17,$20.79,,,,
Franconia Elementary,5/22/2025,20040,Cucumber Slices(1/4 cup),0,0,0,138,0,0,0,$0.00,138,100.00%,$0.00,$0.00,0,0.00%,$0.00,$0.00,,,,
Franconia Elementary,5/22/2025,20047,Orange Slices(3 slices per 1/4 cup),0,0,0,184,182,0,182,$36.40,0,0.00%,$0.00,$36.40,2,1.09%,$0.40,$36.80,,,,
Franconia Elementary,5/22/2025,30008,Apple Juice(Each),10,0,10,15,0,15,15,$0.00,0,0.00%,$0.00,$0.00,0,0.00%,$0.00,$0.00,,,,
Franconia Elementary,5/22/2025,30009,Orange Tangerine Juice(Each),8,0,8,15,0,15,15,$0.00,0,0.00%,$0.00,$0.00,0,0.00%,$0.00,$0.00,,,,
Franconia Elementary,5/22/2025,30033,Cheez-Its Crackers(Package),0,0,0,7,0,7,7,$0.00,0,0.00%,$0.00,$0.00,0,0.00%,$0.00,$0.00,,,,
Franconia Elementary,5/22/2025,30073,IW Heartzels Pretzels(Package),0,0,0,12,0,12,12,$0.00,0,0.00%,$0.00,$0.00,0,0.00%,$0.00,$0.00,,,,
Franconia Elementary,5/22/2025,30077,Italian Dressing(1 ounce),17,0,17,24,14,0,14,$1.12,0,0.00%,$0.00,$1.12,10,41.67%,$0.80,$1.92,,,,
Franconia Elementary,5/22/2025,30097,Bottled Water(Bottle),4,0,4,11,0,11,11,$0.00,0,0.00%,$0.00,$0.00,0,0.00%,$0.00,$0.00,,,,
Franconia Elementary,5/22/2025,30099,Chickpeas(1/4 cup),37,0,37,20,20,0,20,$1.80,0,0.00%,$0.00,$1.80,0,0.00%,$0.00,$1.80,,,,
Franconia Elementary,5/22/2025,30107,Ranch Dressing(1 ounce),33,0,33,48,40,0,40,$4.40,0,0.00%,$0.00,$4.40,8,16.67%,$0.88,$5.28,,,,
Franconia Elementary,5/22/2025,60035,PB&J Power Pack(Power Packs),52,0,52,1,1,0,1,$1.08,0,0.00%,$0.00,$1.08,0,0.00%,$0.00,$1.08,,,,
Franconia Elementary,5/22/2025,60037,Strawberry & Banana Yogurt Power Pack(Power Packs),27,0,27,66,51,0,51,$40.80,0,0.00%,$0.00,$40.80,15,22.73%,$12.00,$52.80,,,,
Franconia Elementary,5/22/2025,60077,Manager's Vegetable Choice(1/4 cup),83,0,83,36,36,0,36,$0.00,0,0.00%,$0.00,$0.00,0,0.00%,$0.00,$0.00,,,,
Franconia Elementary,5/22/2025,60100,Black Beans - salad bar entree(1/2 cup),2,0,2,2,2,0,2,$0.34,0,0.00%,$0.00,$0.34,0,0.00%,$0.00,$0.34,,,,
Franconia Elementary,5/22/2025,60120,Asian Veggie Sub(sandwich),0,0,0,180,165,3,168,$317.52,0,0.00%,$0.00,$317.52,12,6.67%,$22.68,$340.20,,,,
Franconia Elementary,5/22/2025,60122,Asian Meatball Sub(sandwich),61,0,61,30,20,0,20,$35.60,0,0.00%,$0.00,$35.60,10,33.33%,$17.80,$53.40,,,,
Franklin Middle,5/22/2025,10015,Baked Cheese Sticks(2 Cheese Sticks),192,0,192,269,186,0,186,$122.76,2,0.74%,$1.32,$124.08,81,30.11%,$53.46,$177.54,,,,
Franklin Middle,5/22/2025,10026,Chickenless Bites(4 Bites),50,0,50,62,59,0,59,$43.07,0,0.00%,$0.00,$43.07,3,4.84%,$2.19,$45.26,,,,
Franklin Middle,5/22/2025,10033,Chocolate Chip Cookie(Cookie),314,0,314,53,53,0,53,$14.31,0,0.00%,$0.00,$14.31,0,0.00%,$0.00,$14.31,,,,
Franklin Middle,5/22/2025,10044,Soft Pretzel(1 pretzel),7,0,7,12,9,0,9,$1.98,0,0.00%,$0.00,$1.98,3,25.00%,$0.66,$2.64,,,,
Franklin Middle,5/22/2025,20001,1% White Milk(Each),14,0,14,170,21,0,21,$7.56,0,0.00%,$0.00,$7.56,149,87.65%,$53.64,$61.20,,,,
Franklin Middle,5/22/2025,20002,Fat Free Chocolate Milk(Each),99,0,99,629,174,0,174,$60.90,0,0.00%,$0.00,$60.90,455,72.34%,$159.25,$220.15,,,,
Franklin Middle,5/22/2025,20014,Red Delicious Apple(Each - serving),0,0,0,91,84,0,84,$27.72,0,0.00%,$0.00,$27.72,7,7.69%,$2.31,$30.03,,,,
Franklin Middle,5/22/2025,20016,String Cheese(Each),1,0,1,6,0,0,0,$0.00,0,0.00%,$0.00,$0.00,6,100.00%,$0.00,$0.00,,,,
Franklin Middle,5/22/2025,20018,Red Seedless Grapes(16 grapes per 1/2 cup),0,0,0,252,251,0,251,$128.01,1,0.40%,$0.51,$128.52,0,0.00%,$0.00,$128.52,,,,
Franklin Middle,5/22/2025,20023,Baby Carrots(3 baby carrots per 1/4 cup),0,0,0,96,24,0,24,$2.16,0,0.00%,$0.00,$2.16,72,75.00%,$6.48,$8.64,,,,
Franklin Middle,5/22/2025,20027,Broccoli Florets(1/4 cup),66,0,66,84,21,0,21,$1.68,0,0.00%,$0.00,$1.68,63,75.00%,$5.04,$6.72,,,,
Franklin Middle,5/22/2025,20028,Lettuce Blend Salad Mix(1/2 cup),87,0,87,120,100,0,100,$8.00,0,0.00%,$0.00,$8.00,20,16.67%,$1.60,$9.60,,,,
Franklin Middle,5/22/2025,20031,Banana(Each),31,0,31,19,19,0,19,$3.99,0,0.00%,$0.00,$3.99,0,0.00%,$0.00,$3.99,,,,
Franklin Middle,5/22/2025,20036,Celery Sticks(1/2 cup),0,0,0,24,21,0,21,$11.55,3,12.50%,$1.65,$13.20,0,0.00%,$0.00,$13.20,,,,
Franklin Middle,5/22/2025,20038,Fat Free White Milk(Each),32,0,32,109,17,0,17,$5.61,0,0.00%,$0.00,$5.61,92,84.40%,$30.36,$35.97,,,,
Franklin Middle,5/22/2025,20052,Assorted  4 oz Yogurt(Container),4,0,4,6,0,0,0,$0.00,0,0.00%,$0.00,$0.00,6,100.00%,$0.00,$0.00,,,,
Franklin Middle,5/22/2025,30008,Apple Juice(Each),30,0,30,42,18,0,18,$3.06,0,0.00%,$0.00,$3.06,24,57.14%,$4.08,$7.14,,,,
Franklin Middle,5/22/2025,30009,Orange Tangerine Juice(Each),10,0,10,0,0,0,0,$0.00,0,0.00%,$0.00,$0.00,0,0.00%,$0.00,$0.00,,,,
Franklin Middle,5/22/2025,30014,Whole Wheat Dinner Roll(2 rolls),0,0,0,50,47,0,47,$13.16,0,0.00%,$0.00,$13.16,3,6.00%,$0.84,$14.00,,,,
Franklin Middle,5/22/2025,30018,Marinara Sauce(1/4 Cup),180,0,180,200,188,0,188,$28.20,0,0.00%,$0.00,$28.20,12,6.00%,$1.80,$30.00,,,,
Franklin Middle,5/22/2025,30024,Black Beans(1/4 Cup),23,0,23,16,0,0,0,$0.00,0,0.00%,$0.00,$0.00,16,100.00%,$0.00,$0.00,,,,
Franklin Middle,5/22/2025,30033,Cheez-Its Crackers(Package),16,0,16,15,9,0,9,$1.62,0,0.00%,$0.00,$1.62,6,40.00%,$1.08,$2.70,,,,
Franklin Middle,5/22/2025,30045,Watermelon Flavored Dried Cranberries(Each),85,0,85,100,80,0,80,$19.20,0,0.00%,$0.00,$19.20,20,20.00%,$4.80,$24.00,,,,
Franklin Middle,5/22/2025,30061,Chilled Mandarin Oranges(1/2 cup (drained)),0,0,0,210,0,0,0,$0.00,0,0.00%,$0.00,$0.00,210,100.00%,$0.00,$0.00,,,,
Franklin Middle,5/22/2025,30063,Ketchup Packet(Packet),263,0,263,350,212,0,212,$6.36,0,0.00%,$0.00,$6.36,138,39.43%,$4.14,$10.50,,,,
Franklin Middle,5/22/2025,30064,Mayonnaise Packet(Packet),43,0,43,85,42,0,42,$4.20,0,0.00%,$0.00,$4.20,43,50.59%,$4.30,$8.50,,,,
Franklin Middle,5/22/2025,30065,Mustard Packet(Packet),60,0,60,85,43,0,43,$2.15,0,0.00%,$0.00,$2.15,42,49.41%,$2.10,$4.25,,,,
Franklin Middle,5/22/2025,30077,Italian Dressing(1 ounce),22,0,22,48,5,0,5,$0.40,0,0.00%,$0.00,$0.40,43,89.58%,$3.44,$3.84,,,,
Franklin Middle,5/22/2025,30078,"Sauce, BBQ, HFCS-Free, Bulk, Low-Sodium(2 TBSP)",0,0,0,48,7,0,7,$0.70,0,0.00%,$0.00,$0.70,41,85.42%,$4.10,$4.80,,,,
Franklin Middle,5/22/2025,30097,Bottled Water(Bottle),59,0,59,79,56,0,56,$8.96,0,0.00%,$0.00,$8.96,23,29.11%,$3.68,$12.64,,,,
Franklin Middle,5/22/2025,30107,Ranch Dressing(1 ounce),73,0,73,96,84,0,84,$9.24,0,0.00%,$0.00,$9.24,12,12.50%,$1.32,$10.56,,,,
Franklin Middle,5/22/2025,30109,Smartfood RF White Cheddar Popcorn(Each),34,0,34,0,0,0,0,$0.00,0,0.00%,$0.00,$0.00,0,0.00%,$0.00,$0.00,,,,
Franklin Middle,5/22/2025,30110,Doritos Flamas(Each),46,0,46,0,0,0,0,$0.00,0,0.00%,$0.00,$0.00,0,0.00%,$0.00,$0.00,,,,
Franklin Middle,5/22/2025,30111,Doritos RF Spicy Sweet Chili(Each),45,0,45,72,71,0,71,$26.27,1,1.39%,$0.37,$26.64,0,0.00%,$0.00,$26.64,,,,
Franklin Middle,5/22/2025,30112,Doritos RF Nacho Cheese(Each),23,0,23,0,0,0,0,$0.00,0,0.00%,$0.00,$0.00,0,0.00%,$0.00,$0.00,,,,
Franklin Middle,5/22/2025,30113,Cool Ranch Reduced Fat Doritos(Each),38,0,38,6,6,0,6,$2.22,0,0.00%,$0.00,$2.22,0,0.00%,$0.00,$2.22,,,,
Franklin Middle,5/22/2025,30114,SS Baked Cheetos Flaming Hot(Each),68,0,68,0,0,0,0,$0.00,0,0.00%,$0.00,$0.00,0,0.00%,$0.00,$0.00,,,,
Franklin Middle,5/22/2025,30115,SS Baked Cheetos Flaming Limon(Each),14,0,14,0,0,0,0,$0.00,0,0.00%,$0.00,$0.00,0,0.00%,$0.00,$0.00,,,,
Franklin Middle,5/22/2025,30116,SS Cheetos Fantastix Flaming Hot(Each),34,0,34,0,0,0,0,$0.00,0,0.00%,$0.00,$0.00,0,0.00%,$0.00,$0.00,,,,
Franklin Middle,5/22/2025,30117,WG Baked Funyuns(Each),34,0,34,30,29,0,29,$10.44,0,0.00%,$0.00,$10.44,1,3.33%,$0.36,$10.80,,,,
Franklin Middle,5/22/2025,30118,Kettle Cooked Smoky BBQ Chips(Each),126,0,126,35,34,0,34,$20.40,0,0.00%,$0.00,$20.40,1,2.86%,$0.60,$21.00,,,,
Franklin Middle,5/22/2025,30119,RF Kettle Chips Jalapeno & Cheddar Chips(Each),21,0,21,0,0,0,0,$0.00,0,0.00%,$0.00,$0.00,0,0.00%,$0.00,$0.00,,,,
Franklin Middle,5/22/2025,30120,RF Kettle Chips Sea Salt & Vinegar Chips(Each),21,0,21,0,0,0,0,$0.00,0,0.00%,$0.00,$0.00,0,0.00%,$0.00,$0.00,,,,
Franklin Middle,5/22/2025,30124,"Fruit Snacks, Welch's Mixed(Each)",56,0,56,64,60,0,60,$24.00,0,0.00%,$0.00,$24.00,4,6.25%,$1.60,$25.60,,,,
Franklin Middle,5/22/2025,30160,Lay's RF Kettle Original Chips(Each),15,0,15,0,0,0,0,$0.00,0,0.00%,$0.00,$0.00,0,0.00%,$0.00,$0.00,,,,
Franklin Middle,5/22/2025,60035,PB&J Power Pack(Power Packs),120,0,120,130,74,0,74,$79.92,0,0.00%,$0.00,$79.92,56,43.08%,$60.48,$140.40,,,,
Franklin Middle,5/22/2025,60036,Cherry Vanilla Yogurt Power Pack(Power Packs),5,0,5,0,0,0,0,$0.00,0,0.00%,$0.00,$0.00,0,0.00%,$0.00,$0.00,,,,
Franklin Middle,5/22/2025,60037,Strawberry & Banana Yogurt Power Pack(Power Packs),4,0,4,8,5,0,5,$4.00,0,0.00%,$0.00,$4.00,3,37.50%,$2.40,$6.40,,,,
Franklin Middle,5/22/2025,60038,Peach Yogurt Power Pack(Power Packs),8,0,8,0,0,0,0,$0.00,0,0.00%,$0.00,$0.00,0,0.00%,$0.00,$0.00,,,,
Franklin Middle,5/22/2025,60067,Chicken Eggroll(2 Egg Rolls),0,0,0,10,10,0,10,$15.60,0,0.00%,$0.00,$15.60,0,0.00%,$0.00,$15.60,,,,
Franklin Middle,5/22/2025,60075,Spicy Chicken Wrap(Wrap),6,0,6,11,7,0,7,$8.19,0,0.00%,$0.00,$8.19,4,36.36%,$4.68,$12.87,,,,
Franklin Middle,5/22/2025,60100,Black Beans - salad bar entree(1/2 cup),33,0,33,33,17,0,17,$2.89,0,0.00%,$0.00,$2.89,16,48.48%,$2.72,$5.61,,,,
Franklin Middle,5/22/2025,60120,Asian Veggie Sub(sandwich),5,0,5,8,4,0,4,$7.56,0,0.00%,$0.00,$7.56,4,50.00%,$7.56,$15.12,,,,
Franklin Middle,5/22/2025,60122,Asian Meatball Sub(sandwich),10,0,10,45,23,0,23,$40.94,0,0.00%,$0.00,$40.94,22,48.89%,$39.16,$80.10,,,,
Franklin Middle,5/22/2025,60150,Strawberry Parfait Power Pack(Power Pack),5,0,5,0,0,0,0,$0.00,0,0.00%,$0.00,$0.00,0,0.00%,$0.00,$0.00,,,,
Franklin Middle,5/22/2025,60155,Fish  Sandwich(Sandwich),0,0,0,10,9,0,9,$6.30,1,10.00%,$0.70,$7.00,0,0.00%,$0.00,$7.00,,,,
Franklin Sherman Elementary,5/22/2025,10033,Chocolate Chip Cookie(1/2 Cookie),130,0,130,152,0,140,140,$0.00,2,1.32%,$0.00,$0.00,10,6.58%,$0.00,$0.00,,,,
Franklin Sherman Elementary,5/22/2025,10044,Soft Pretzel(1 pretzel),24,0,24,20,0,13,13,$0.00,1,5.00%,$0.00,$0.00,6,30.00%,$0.00,$0.00,,,,
Franklin Sherman Elementary,5/22/2025,20001,1% White Milk(Each),20,0,20,8,8,0,8,$2.88,0,0.00%,$0.00,$2.88,0,0.00%,$0.00,$2.88,,,,
Franklin Sherman Elementary,5/22/2025,20002,Fat Free Chocolate Milk(Each),80,0,80,80,61,3,64,$22.40,0,0.00%,$0.00,$22.40,16,20.00%,$5.60,$28.00,,,,
Franklin Sherman Elementary,5/22/2025,20014,Red Delicious Apple(Each - serving),0,0,0,50,26,3,29,$9.57,0,0.00%,$0.00,$9.57,21,42.00%,$6.93,$16.50,,,,
Franklin Sherman Elementary,5/22/2025,20016,String Cheese(Each),12,0,12,12,0,2,2,$0.00,0,0.00%,$0.00,$0.00,10,83.33%,$0.00,$0.00,,,,
Franklin Sherman Elementary,5/22/2025,20017,Orange(6 Slices per 1/2 cup),0,0,0,20,15,5,20,$6.80,0,0.00%,$0.00,$6.80,0,0.00%,$0.00,$6.80,,,,
Franklin Sherman Elementary,5/22/2025,20027,Broccoli Florets(6 Pieces per 1/2 cup),18,0,18,18,11,2,13,$1.95,0,0.00%,$0.00,$1.95,5,27.78%,$0.75,$2.70,,,,
Franklin Sherman Elementary,5/22/2025,20028,Lettuce Blend Salad Mix(1/2 cup),24,0,24,36,19,5,24,$1.92,0,0.00%,$0.00,$1.92,12,33.33%,$0.96,$2.88,,,,
Franklin Sherman Elementary,5/22/2025,20031,Banana(Each),50,0,50,40,34,3,37,$7.77,3,7.50%,$0.63,$8.40,0,0.00%,$0.00,$8.40,,,,
Franklin Sherman Elementary,5/22/2025,20038,Fat Free White Milk(Each),8,0,8,0,0,0,0,$0.00,0,0.00%,$0.00,$0.00,0,0.00%,$0.00,$0.00,,,,
Franklin Sherman Elementary,5/22/2025,20052,Assorted  4 oz Yogurt(Container),8,0,8,6,0,0,0,$0.00,0,0.00%,$0.00,$0.00,6,100.00%,$0.00,$0.00,,,,
Franklin Sherman Elementary,5/22/2025,30008,Apple Juice(Each),32,0,32,32,0,26,26,$0.00,0,0.00%,$0.00,$0.00,6,18.75%,$0.00,$0.00,,,,
Franklin Sherman Elementary,5/22/2025,30009,Orange Tangerine Juice(Each),20,0,20,20,0,17,17,$0.00,0,0.00%,$0.00,$0.00,3,15.00%,$0.00,$0.00,,,,
Franklin Sherman Elementary,5/22/2025,30033,Cheez-Its Crackers(Package),0,0,0,8,0,2,2,$0.00,0,0.00%,$0.00,$0.00,6,75.00%,$0.00,$0.00,,,,
Franklin Sherman Elementary,5/22/2025,30044,Strawberry Flavored Dried Cranberries(Each),8,0,8,12,5,2,7,$1.68,0,0.00%,$0.00,$1.68,5,41.67%,$1.20,$2.88,,,,
Franklin Sherman Elementary,5/22/2025,30045,Watermelon Flavored Dried Cranberries(Each),8,0,8,12,4,0,4,$0.96,0,0.00%,$0.00,$0.96,8,66.67%,$1.92,$2.88,,,,
Franklin Sherman Elementary,5/22/2025,30094,Doritos Wild White Nacho Flavored Tortilla Chips(Bag),72,0,72,72,0,64,64,$0.00,0,0.00%,$0.00,$0.00,8,11.11%,$0.00,$0.00,,,,
Franklin Sherman Elementary,5/22/2025,30097,Bottled Water(Bottle),16,0,16,16,0,12,12,$0.00,0,0.00%,$0.00,$0.00,4,25.00%,$0.00,$0.00,,,,
Franklin Sherman Elementary,5/22/2025,30107,Ranch Dressing(1 ounce),12,0,12,12,4,0,4,$0.44,0,0.00%,$0.00,$0.44,8,66.67%,$0.88,$1.32,,,,
Franklin Sherman Elementary,5/22/2025,60035,PB&J Power Pack(Power Packs),36,0,36,40,38,1,39,$42.12,0,0.00%,$0.00,$42.12,1,2.50%,$1.08,$43.20,,,,
Franklin Sherman Elementary,5/22/2025,60036,Cherry Vanilla Yogurt Power Pack(Power Packs),2,0,2,4,3,0,3,$2.40,0,0.00%,$0.00,$2.40,1,25.00%,$0.80,$3.20,,,,
Franklin Sherman Elementary,5/22/2025,60037,Strawberry & Banana Yogurt Power Pack(Power Packs),2,0,2,4,3,0,3,$2.40,0,0.00%,$0.00,$2.40,1,25.00%,$0.80,$3.20,,,,
Franklin Sherman Elementary,5/22/2025,60038,Peach Yogurt Power Pack(Power Packs),2,0,2,3,1,0,1,$0.80,0,0.00%,$0.00,$0.80,2,66.67%,$1.60,$2.40,,,,
Franklin Sherman Elementary,5/22/2025,60057,Carrot and Celery Sticks(1/2 cup),0,0,0,30,17,5,22,$21.78,0,0.00%,$0.00,$21.78,8,26.67%,$7.92,$29.70,,,,
Franklin Sherman Elementary,5/22/2025,60120,Asian Veggie Sub(sandwich),48,0,48,48,28,16,44,$83.16,4,8.33%,$7.56,$90.72,0,0.00%,$0.00,$90.72,,,,
Franklin Sherman Elementary,5/22/2025,60122,Asian Meatball Sub(sandwich),72,0,72,40,31,9,40,$71.20,0,0.00%,$0.00,$71.20,0,0.00%,$0.00,$71.20,,,,
Franklin Sherman Elementary,5/22/2025,60149,Hot Turkey & Cheese(sandwich),0,0,0,16,14,1,15,$19.50,1,6.25%,$1.30,$20.80,0,0.00%,$0.00,$20.80,,,,
Franklin Sherman Elementary,5/22/2025,60150,Strawberry Parfait Power Pack(Power Pack),3,0,3,2,2,0,2,$3.26,0,0.00%,$0.00,$3.26,0,0.00%,$0.00,$3.26,,,,
Freedom Hill Elementary,5/22/2025,10033,Chocolate Chip Cookie(1/2 Cookie),50,0,50,40,0,40,40,$0.00,0,0.00%,$0.00,$0.00,0,0.00%,$0.00,$0.00,,,,
Freedom Hill Elementary,5/22/2025,10044,Soft Pretzel(1 pretzel),34,0,34,54,40,12,52,$11.44,2,3.70%,$0.44,$11.88,0,0.00%,$0.00,$11.88,,,,
Freedom Hill Elementary,5/22/2025,10062,Corn(1/4 cup (thawed)),41,0,41,64,32,0,32,$3.52,0,0.00%,$0.00,$3.52,32,50.00%,$3.52,$7.04,,,,
Freedom Hill Elementary,5/22/2025,10073,Whole Strawberries(1/2 cup thawed),0,0,0,96,75,0,75,$25.50,21,21.88%,$7.14,$32.64,0,0.00%,$0.00,$32.64,,,,
Freedom Hill Elementary,5/22/2025,20001,1% White Milk(Each),65,0,65,125,48,0,48,$17.28,0,0.00%,$0.00,$17.28,77,61.60%,$27.72,$45.00,,,,
Freedom Hill Elementary,5/22/2025,20002,Fat Free Chocolate Milk(Each),130,0,130,175,152,4,156,$54.60,0,0.00%,$0.00,$54.60,19,10.86%,$6.65,$61.25,,,,
Freedom Hill Elementary,5/22/2025,20010,Fresh Whole Pear(Each),119,0,119,0,0,0,0,$0.00,0,0.00%,$0.00,$0.00,0,0.00%,$0.00,$0.00,,,,
Freedom Hill Elementary,5/22/2025,20016,String Cheese(Each),5,0,5,0,0,0,0,$0.00,0,0.00%,$0.00,$0.00,0,0.00%,$0.00,$0.00,,,,
Freedom Hill Elementary,5/22/2025,20028,Lettuce Blend Salad Mix(1 cup),21,0,21,23,23,0,23,$3.68,0,0.00%,$0.00,$3.68,0,0.00%,$0.00,$3.68,,,,
Freedom Hill Elementary,5/22/2025,20028,Lettuce Blend Salad Mix(1/2 cup),35,0,35,40,33,0,33,$2.64,7,17.50%,$0.56,$3.20,0,0.00%,$0.00,$3.20,,,,
Freedom Hill Elementary,5/22/2025,20031,Banana(Each),96,0,96,113,95,0,95,$19.95,0,0.00%,$0.00,$19.95,18,15.93%,$3.78,$23.73,,,,
Freedom Hill Elementary,5/22/2025,20038,Fat Free White Milk(Each),42,0,42,77,6,0,6,$1.98,0,0.00%,$0.00,$1.98,71,92.21%,$23.43,$25.41,,,,
Freedom Hill Elementary,5/22/2025,20052,Assorted  4 oz Yogurt(Container),0,0,0,0,0,0,0,$0.00,0,0.00%,$0.00,$0.00,0,0.00%,$0.00,$0.00,,,,
Freedom Hill Elementary,5/22/2025,20074,"Apple Slices(3 slices, 1/4 cup)",0,0,0,256,192,0,192,$34.56,0,0.00%,$0.00,$34.56,64,25.00%,$11.52,$46.08,,,,
Freedom Hill Elementary,5/22/2025,30008,Apple Juice(Each),10,0,10,12,0,8,8,$0.00,0,0.00%,$0.00,$0.00,4,33.33%,$0.00,$0.00,,,,
Freedom Hill Elementary,5/22/2025,30009,Orange Tangerine Juice(Each),0,0,0,0,0,0,0,$0.00,0,0.00%,$0.00,$0.00,0,0.00%,$0.00,$0.00,,,,
Freedom Hill Elementary,5/22/2025,30033,Cheez-Its Crackers(Package),0,0,0,20,0,7,7,$0.00,0,0.00%,$0.00,$0.00,13,65.00%,$0.00,$0.00,,,,
Freedom Hill Elementary,5/22/2025,30034,Graham Crackers(Package),15,0,15,17,17,0,17,$2.38,0,0.00%,$0.00,$2.38,0,0.00%,$0.00,$2.38,,,,
Freedom Hill Elementary,5/22/2025,30037,IW Applesauce Cup(Each),14,0,14,17,17,0,17,$4.59,0,0.00%,$0.00,$4.59,0,0.00%,$0.00,$4.59,,,,
Freedom Hill Elementary,5/22/2025,30039,Cherry Flavored Dried Cranberries(Each),83,0,83,0,0,0,0,$0.00,0,0.00%,$0.00,$0.00,0,0.00%,$0.00,$0.00,,,,
Freedom Hill Elementary,5/22/2025,30041,Orange Flavored Dried Cranberries(Each),0,0,0,0,0,0,0,$0.00,0,0.00%,$0.00,$0.00,0,0.00%,$0.00,$0.00,,,,
Freedom Hill Elementary,5/22/2025,30042,Original Flavored Dried Cranberries(Package),30,0,30,0,0,0,0,$0.00,0,0.00%,$0.00,$0.00,0,0.00%,$0.00,$0.00,,,,
Freedom Hill Elementary,5/22/2025,30043,Raspberry Lemonade Flavored Dried Cranberries(Each),91,0,91,0,0,0,0,$0.00,0,0.00%,$0.00,$0.00,0,0.00%,$0.00,$0.00,,,,
Freedom Hill Elementary,5/22/2025,30044,Strawberry Flavored Dried Cranberries(Each),90,0,90,120,99,0,99,$23.76,0,0.00%,$0.00,$23.76,21,17.50%,$5.04,$28.80,,,,
Freedom Hill Elementary,5/22/2025,30045,Watermelon Flavored Dried Cranberries(Each),48,0,48,0,0,0,0,$0.00,0,0.00%,$0.00,$0.00,0,0.00%,$0.00,$0.00,,,,
Freedom Hill Elementary,5/22/2025,30061,Chilled Mandarin Oranges(1/2 cup (drained)),0,0,0,96,85,0,85,$28.90,11,11.46%,$3.74,$32.64,0,0.00%,$0.00,$32.64,,,,
Freedom Hill Elementary,5/22/2025,30077,Italian Dressing(1 ounce),34,0,34,55,31,0,31,$2.48,0,0.00%,$0.00,$2.48,24,43.64%,$1.92,$4.40,,,,
Freedom Hill Elementary,5/22/2025,30094,Doritos Wild White Nacho Flavored Tortilla Chips(Bag),30,0,30,0,0,0,0,$0.00,0,0.00%,$0.00,$0.00,0,0.00%,$0.00,$0.00,,,,
Freedom Hill Elementary,5/22/2025,30097,Bottled Water(Bottle),5,0,5,0,0,0,0,$0.00,0,0.00%,$0.00,$0.00,0,0.00%,$0.00,$0.00,,,,
Freedom Hill Elementary,5/22/2025,30099,Chickpeas(1/4 cup),8,0,8,24,10,0,10,$0.90,14,58.33%,$1.26,$2.16,0,0.00%,$0.00,$2.16,,,,
Freedom Hill Elementary,5/22/2025,30107,Ranch Dressing(1 ounce),49,0,49,55,37,0,37,$4.07,0,0.00%,$0.00,$4.07,18,32.73%,$1.98,$6.05,,,,
Freedom Hill Elementary,5/22/2025,30109,Smartfood RF White Cheddar Popcorn(Each),0,0,0,11,0,11,11,$0.00,0,0.00%,$0.00,$0.00,0,0.00%,$0.00,$0.00,,,,
Freedom Hill Elementary,5/22/2025,30158,Black Beans(1/2 Cup),13,0,13,24,8,0,8,$1.36,16,66.67%,$2.72,$4.08,0,0.00%,$0.00,$4.08,,,,
Freedom Hill Elementary,5/22/2025,60035,PB&J Power Pack(Power Packs),52,0,52,90,78,0,78,$84.24,0,0.00%,$0.00,$84.24,12,13.33%,$12.96,$97.20,,,,
Freedom Hill Elementary,5/22/2025,60036,Cherry Vanilla Yogurt Power Pack(Power Packs),1,0,1,0,0,0,0,$0.00,0,0.00%,$0.00,$0.00,0,0.00%,$0.00,$0.00,,,,
Freedom Hill Elementary,5/22/2025,60037,Strawberry & Banana Yogurt Power Pack(Power Packs),16,0,16,10,1,0,1,$0.80,0,0.00%,$0.00,$0.80,9,90.00%,$7.20,$8.00,,,,
Freedom Hill Elementary,5/22/2025,60038,Peach Yogurt Power Pack(Power Packs),8,0,8,24,24,0,24,$19.20,0,0.00%,$0.00,$19.20,0,0.00%,$0.00,$19.20,,,,
Freedom Hill Elementary,5/22/2025,60054,Steamed Broccoli(1/2 cup),76,0,76,84,72,0,72,$10.80,12,14.29%,$1.80,$12.60,0,0.00%,$0.00,$12.60,,,,
Freedom Hill Elementary,5/22/2025,60077,Manager's Vegetable Choice(1/4 cup),87,0,87,107,88,0,88,$0.00,0,0.00%,$0.00,$0.00,19,17.76%,$0.00,$0.00,,,,
Freedom Hill Elementary,5/22/2025,60120,Asian Veggie Sub(sandwich),53,0,53,124,120,4,124,$234.36,0,0.00%,$0.00,$234.36,0,0.00%,$0.00,$234.36,,,,
Freedom Hill Elementary,5/22/2025,60122,Asian Meatball Sub(sandwich),58,0,58,78,51,4,55,$97.90,0,0.00%,$0.00,$97.90,23,29.49%,$40.94,$138.84,,,,
Freedom Hill Elementary,5/22/2025,60150,Strawberry Parfait Power Pack(Power Pack),0,0,0,0,0,0,0,$0.00,0,0.00%,$0.00,$0.00,0,0.00%,$0.00,$0.00,,,,
Frost Middle,5/22/2025,10026,Chickenless Bites(4 Bites),50,0,50,35,20,0,20,$14.60,1,2.86%,$0.73,$15.33,14,40.00%,$10.22,$25.55,,,,
Frost Middle,5/22/2025,10027,"Bread, Loco(1/2 piece)",0,0,0,10,2,0,2,$0.30,0,0.00%,$0.00,$0.30,8,80.00%,$1.20,$1.50,,,,
Frost Middle,5/22/2025,10027,"Bread, Loco(flatbread)",50,0,50,35,20,0,20,$6.00,1,2.86%,$0.30,$6.30,14,40.00%,$4.20,$10.50,,,,
Frost Middle,5/22/2025,10031,"Calzone, Cheese(Each)",0,0,0,17,16,0,16,$15.52,1,5.88%,$0.97,$16.49,0,0.00%,$0.00,$16.49,,,,
Frost Middle,5/22/2025,10039,Potato Encrusted Breaded Pollock(Fillet),0,0,0,21,20,0,20,$13.20,1,4.76%,$0.66,$13.86,0,0.00%,$0.00,$13.86,,,,
Frost Middle,5/22/2025,10062,Corn(1/4 cup (thawed)),400,0,400,200,188,0,188,$20.68,0,0.00%,$0.00,$20.68,12,6.00%,$1.32,$22.00,,,,
Frost Middle,5/22/2025,20001,1% White Milk(Each),36,0,36,103,43,0,43,$15.48,0,0.00%,$0.00,$15.48,60,58.25%,$21.60,$37.08,,,,
Frost Middle,5/22/2025,20002,Fat Free Chocolate Milk(Each),400,0,400,870,304,0,304,$106.40,0,0.00%,$0.00,$106.40,566,65.06%,$198.10,$304.50,,,,
Frost Middle,5/22/2025,20013,Gala Apple(Each),0,0,0,163,133,0,133,$49.21,0,0.00%,$0.00,$49.21,30,18.40%,$11.10,$60.31,,,,
Frost Middle,5/22/2025,20028,Lettuce Blend Salad Mix(1/2 cup),500,0,500,500,480,0,480,$38.40,0,0.00%,$0.00,$38.40,20,4.00%,$1.60,$40.00,,,,
Frost Middle,5/22/2025,20038,Fat Free White Milk(Each),20,0,20,85,22,0,22,$7.26,0,0.00%,$0.00,$7.26,63,74.12%,$20.79,$28.05,,,,
Frost Middle,5/22/2025,20040,Cucumber Slices(1/4 cup),0,0,0,150,0,0,0,$0.00,150,100.00%,$0.00,$0.00,0,0.00%,$0.00,$0.00,,,,
Frost Middle,5/22/2025,20047,Orange Slices(3 slices per 1/4 cup),0,0,0,828,823,0,823,$164.60,0,0.00%,$0.00,$164.60,5,0.60%,$1.00,$165.60,,,,
Frost Middle,5/22/2025,30024,Black Beans(1/4 Cup),40,0,40,40,34,0,34,$3.06,0,0.00%,$0.00,$3.06,6,15.00%,$0.54,$3.60,,,,
Frost Middle,5/22/2025,30039,Cherry Flavored Dried Cranberries(Each),50,0,50,200,199,0,199,$47.76,0,0.00%,$0.00,$47.76,1,0.50%,$0.24,$48.00,,,,
Frost Middle,5/22/2025,30063,Ketchup Packet(Packet),413,0,413,500,475,0,475,$14.25,0,0.00%,$0.00,$14.25,25,5.00%,$0.75,$15.00,,,,
Frost Middle,5/22/2025,30065,Mustard Packet(Packet),22,0,22,50,25,0,25,$1.25,0,0.00%,$0.00,$1.25,25,50.00%,$1.25,$2.50,,,,
Frost Middle,5/22/2025,30077,Italian Dressing(1 ounce),50,0,50,100,85,0,85,$6.80,0,0.00%,$0.00,$6.80,15,15.00%,$1.20,$8.00,,,,
Frost Middle,5/22/2025,30078,"Sauce, BBQ, HFCS-Free, Bulk, Low-Sodium(2 TBSP)",0,0,0,100,82,0,82,$8.20,0,0.00%,$0.00,$8.20,18,18.00%,$1.80,$10.00,,,,
Frost Middle,5/22/2025,30097,Bottled Water(Bottle),75,0,75,75,47,0,47,$7.52,0,0.00%,$0.00,$7.52,28,37.33%,$4.48,$12.00,,,,
Frost Middle,5/22/2025,60021,Cooked  Brown Rice(1 cup cooked),0,0,0,540,539,0,539,$59.29,1,0.19%,$0.11,$59.40,0,0.00%,$0.00,$59.40,,,,
Frost Middle,5/22/2025,60035,PB&J Power Pack(Power Packs),50,0,50,14,2,0,2,$2.16,0,0.00%,$0.00,$2.16,12,85.71%,$12.96,$15.12,,,,
Frost Middle,5/22/2025,60038,Peach Yogurt Power Pack(Power Packs),10,0,10,65,35,0,35,$28.00,3,4.62%,$2.40,$30.40,27,41.54%,$21.60,$52.00,,,,
Frost Middle,5/22/2025,60047,Chicken Tenders(3 tenders),0,0,0,504,503,0,503,$472.82,1,0.20%,$0.94,$473.76,0,0.00%,$0.00,$473.76,,,,
Frost Middle,5/22/2025,60075,Spicy Chicken Wrap(Wrap),10,0,10,7,7,0,7,$8.19,0,0.00%,$0.00,$8.19,0,0.00%,$0.00,$8.19,,,,
Frost Middle,5/22/2025,60100,Black Beans - salad bar entree(1/2 cup),10,0,10,10,2,0,2,$0.34,0,0.00%,$0.00,$0.34,8,80.00%,$1.36,$1.70,,,,
Frost Middle,5/22/2025,60120,Asian Veggie Sub(sandwich),20,0,20,5,2,0,2,$3.78,1,20.00%,$1.89,$5.67,2,40.00%,$3.78,$9.45,,,,
Frost Middle,5/22/2025,60122,Asian Meatball Sub(sandwich),100,0,100,64,19,0,19,$33.82,1,1.56%,$1.78,$35.60,44,68.75%,$78.32,$113.92,,,,
Frost Middle,5/22/2025,60123,Tomato Soup(8 oz Ladle),0,0,0,200,188,0,188,$133.48,0,0.00%,$0.00,$133.48,12,6.00%,$8.52,$142.00,,,,
Frost Middle,5/22/2025,60144,Tomato & Basil Lasagna(Each),0,0,0,41,29,0,29,$31.90,2,4.88%,$2.20,$34.10,10,24.39%,$11.00,$45.10,,,,
Garfield Elementary,5/22/2025,10033,Chocolate Chip Cookie(1/2 Cookie),0,0,0,0,0,0,0,$0.00,0,0.00%,$0.00,$0.00,0,0.00%,$0.00,$0.00,,,,
Garfield Elementary,5/22/2025,10044,Soft Pretzel(1 pretzel),5,0,5,0,0,0,0,$0.00,0,0.00%,$0.00,$0.00,0,0.00%,$0.00,$0.00,,,,
Garfield Elementary,5/22/2025,10062,Corn(1/4 cup (thawed)),42,0,42,64,49,0,49,$5.39,0,0.00%,$0.00,$5.39,15,23.44%,$1.65,$7.04,,,,
Garfield Elementary,5/22/2025,20001,1% White Milk(Each),56,0,56,55,55,0,55,$19.80,0,0.00%,$0.00,$19.80,0,0.00%,$0.00,$19.80,,,,
Garfield Elementary,5/22/2025,20002,Fat Free Chocolate Milk(Each),139,0,139,139,139,0,139,$48.65,0,0.00%,$0.00,$48.65,0,0.00%,$0.00,$48.65,,,,
Garfield Elementary,5/22/2025,20008,Apple Slices(3 slices per 1/4 cup),140,0,140,240,240,0,240,$141.60,0,0.00%,$0.00,$141.60,0,0.00%,$0.00,$141.60,,,,
Garfield Elementary,5/22/2025,20016,String Cheese(Each),0,0,0,0,0,0,0,$0.00,0,0.00%,$0.00,$0.00,0,0.00%,$0.00,$0.00,,,,
Garfield Elementary,5/22/2025,20028,Lettuce Blend Salad Mix(1 cup),31,0,31,36,34,2,36,$5.76,0,0.00%,$0.00,$5.76,0,0.00%,$0.00,$5.76,,,,
Garfield Elementary,5/22/2025,20028,Lettuce Blend Salad Mix(1/2 cup),44,0,44,80,75,0,75,$6.00,0,0.00%,$0.00,$6.00,5,6.25%,$0.40,$6.40,,,,
Garfield Elementary,5/22/2025,20031,Banana(Each),70,0,70,66,64,2,66,$13.86,0,0.00%,$0.00,$13.86,0,0.00%,$0.00,$13.86,,,,
Garfield Elementary,5/22/2025,20038,Fat Free White Milk(Each),6,0,6,6,6,0,6,$1.98,0,0.00%,$0.00,$1.98,0,0.00%,$0.00,$1.98,,,,
Garfield Elementary,5/22/2025,20047,Orange Slices(3 slices per 1/4 cup),0,0,0,140,135,0,135,$27.00,0,0.00%,$0.00,$27.00,5,3.57%,$1.00,$28.00,,,,
Garfield Elementary,5/22/2025,20052,Assorted  4 oz Yogurt(Container),0,0,0,0,0,0,0,$0.00,0,0.00%,$0.00,$0.00,0,0.00%,$0.00,$0.00,,,,
Garfield Elementary,5/22/2025,30008,Apple Juice(Each),0,0,0,0,0,0,0,$0.00,0,0.00%,$0.00,$0.00,0,0.00%,$0.00,$0.00,,,,
Garfield Elementary,5/22/2025,30009,Orange Tangerine Juice(Each),0,0,0,0,0,0,0,$0.00,0,0.00%,$0.00,$0.00,0,0.00%,$0.00,$0.00,,,,
Garfield Elementary,5/22/2025,30034,Graham Crackers(Package),31,0,31,34,34,0,34,$4.76,0,0.00%,$0.00,$4.76,0,0.00%,$0.00,$4.76,,,,
Garfield Elementary,5/22/2025,30037,IW Applesauce Cup(Each),31,0,31,34,34,0,34,$9.18,0,0.00%,$0.00,$9.18,0,0.00%,$0.00,$9.18,,,,
Garfield Elementary,5/22/2025,30045,Watermelon Flavored Dried Cranberries(Each),19,0,19,23,23,0,23,$5.52,0,0.00%,$0.00,$5.52,0,0.00%,$0.00,$5.52,,,,
Garfield Elementary,5/22/2025,30077,Italian Dressing(1 ounce),1,0,1,0,0,0,0,$0.00,0,0.00%,$0.00,$0.00,0,0.00%,$0.00,$0.00,,,,
Garfield Elementary,5/22/2025,30094,Doritos Wild White Nacho Flavored Tortilla Chips(Bag),0,0,0,3,3,0,3,$1.05,0,0.00%,$0.00,$1.05,0,0.00%,$0.00,$1.05,,,,
Garfield Elementary,5/22/2025,30097,Bottled Water(Bottle),0,0,0,0,0,0,0,$0.00,0,0.00%,$0.00,$0.00,0,0.00%,$0.00,$0.00,,,,
Garfield Elementary,5/22/2025,30099,Chickpeas(1/4 cup),11,0,11,10,5,0,5,$0.45,0,0.00%,$0.00,$0.45,5,50.00%,$0.45,$0.90,,,,
Garfield Elementary,5/22/2025,30107,Ranch Dressing(1 ounce),52,0,52,65,63,2,65,$7.15,0,0.00%,$0.00,$7.15,0,0.00%,$0.00,$7.15,,,,
Garfield Elementary,5/22/2025,30158,Black Beans(1/2 Cup),5,0,5,0,0,0,0,$0.00,0,0.00%,$0.00,$0.00,0,0.00%,$0.00,$0.00,,,,
Garfield Elementary,5/22/2025,60035,PB&J Power Pack(Power Packs),45,0,45,24,23,1,24,$25.92,0,0.00%,$0.00,$25.92,0,0.00%,$0.00,$25.92,,,,
Garfield Elementary,5/22/2025,60037,Strawberry & Banana Yogurt Power Pack(Power Packs),30,0,30,10,10,0,10,$8.00,0,0.00%,$0.00,$8.00,0,0.00%,$0.00,$8.00,,,,
Garfield Elementary,5/22/2025,60054,Steamed Broccoli(1/2 cup),28,0,28,42,40,0,40,$6.00,0,0.00%,$0.00,$6.00,2,4.76%,$0.30,$6.30,,,,
Garfield Elementary,5/22/2025,60077,Manager's Vegetable Choice(1/4 cup),50,0,50,50,48,0,48,$0.00,0,0.00%,$0.00,$0.00,2,4.00%,$0.00,$0.00,,,,
Garfield Elementary,5/22/2025,60120,Asian Veggie Sub(sandwich),96,0,96,172,170,1,171,$323.19,1,0.58%,$1.89,$325.08,0,0.00%,$0.00,$325.08,,,,
Garfield Elementary,5/22/2025,60122,Asian Meatball Sub(sandwich),65,0,65,47,41,5,46,$81.88,1,2.13%,$1.78,$83.66,0,0.00%,$0.00,$83.66,,,,
Glasgow Middle,5/22/2025,10015,Baked Cheese Sticks(2 Cheese Sticks),441,0,441,834,834,0,834,$550.44,0,0.00%,$0.00,$550.44,0,0.00%,$0.00,$550.44,,,,
Glasgow Middle,5/22/2025,10026,Chickenless Bites(4 Bites),0,0,0,85,85,0,85,$62.05,0,0.00%,$0.00,$62.05,0,0.00%,$0.00,$62.05,,,,
Glasgow Middle,5/22/2025,10033,Chocolate Chip Cookie(Cookie),4,0,4,0,0,0,0,$0.00,0,0.00%,$0.00,$0.00,0,0.00%,$0.00,$0.00,,,,
Glasgow Middle,5/22/2025,10044,Soft Pretzel(1 pretzel),3,0,3,1,1,0,1,$0.22,0,0.00%,$0.00,$0.22,0,0.00%,$0.00,$0.22,,,,
Glasgow Middle,5/22/2025,10062,Corn(1/4 cup (thawed)),141,0,141,150,138,0,138,$15.18,0,0.00%,$0.00,$15.18,12,8.00%,$1.32,$16.50,,,,
Glasgow Middle,5/22/2025,20001,1% White Milk(Each),145,0,145,150,105,0,105,$37.80,0,0.00%,$0.00,$37.80,45,30.00%,$16.20,$54.00,,,,
Glasgow Middle,5/22/2025,20002,Fat Free Chocolate Milk(Each),318,0,318,350,339,0,339,$118.65,0,0.00%,$0.00,$118.65,11,3.14%,$3.85,$122.50,,,,
Glasgow Middle,5/22/2025,20027,Broccoli Florets(1/4 cup),195,0,195,250,244,0,244,$19.52,0,0.00%,$0.00,$19.52,6,2.40%,$0.48,$20.00,,,,
Glasgow Middle,5/22/2025,20028,Lettuce Blend Salad Mix(1/2 cup),338,0,338,350,342,0,342,$27.36,2,0.57%,$0.16,$27.52,6,1.71%,$0.48,$28.00,,,,
Glasgow Middle,5/22/2025,20038,Fat Free White Milk(Each),62,0,62,75,49,0,49,$16.17,0,0.00%,$0.00,$16.17,26,34.67%,$8.58,$24.75,,,,
Glasgow Middle,5/22/2025,20047,Orange Slices(3 slices per 1/4 cup),0,0,0,350,344,0,344,$68.80,0,0.00%,$0.00,$68.80,6,1.71%,$1.20,$70.00,,,,
Glasgow Middle,5/22/2025,30014,Whole Wheat Dinner Roll(2 rolls),0,0,0,85,85,0,85,$23.80,0,0.00%,$0.00,$23.80,0,0.00%,$0.00,$23.80,,,,
Glasgow Middle,5/22/2025,30018,Marinara Sauce(1/4 Cup),359,0,359,8,8,0,8,$1.20,0,0.00%,$0.00,$1.20,0,0.00%,$0.00,$1.20,,,,
Glasgow Middle,5/22/2025,30024,Black Beans(1/4 Cup),54,0,54,75,70,0,70,$6.30,0,0.00%,$0.00,$6.30,5,6.67%,$0.45,$6.75,,,,
Glasgow Middle,5/22/2025,30063,Ketchup Packet(Packet),308,0,308,350,285,0,285,$8.55,0,0.00%,$0.00,$8.55,65,18.57%,$1.95,$10.50,,,,
Glasgow Middle,5/22/2025,30064,Mayonnaise Packet(Packet),122,0,122,150,122,0,122,$12.20,0,0.00%,$0.00,$12.20,28,18.67%,$2.80,$15.00,,,,
Glasgow Middle,5/22/2025,30065,Mustard Packet(Packet),42,0,42,45,39,0,39,$1.95,0,0.00%,$0.00,$1.95,6,13.33%,$0.30,$2.25,,,,
Glasgow Middle,5/22/2025,30077,Italian Dressing(1 ounce),59,0,59,75,30,0,30,$2.40,0,0.00%,$0.00,$2.40,45,60.00%,$3.60,$6.00,,,,
Glasgow Middle,5/22/2025,30097,Bottled Water(Bottle),7,0,7,3,3,0,3,$0.48,0,0.00%,$0.00,$0.48,0,0.00%,$0.00,$0.48,,,,
Glasgow Middle,5/22/2025,30107,Ranch Dressing(1 ounce),128,0,128,150,125,0,125,$13.75,0,0.00%,$0.00,$13.75,25,16.67%,$2.75,$16.50,,,,
Glasgow Middle,5/22/2025,30109,Smartfood RF White Cheddar Popcorn(Each),11,0,11,12,10,0,10,$3.70,0,0.00%,$0.00,$3.70,2,16.67%,$0.74,$4.44,,,,
Glasgow Middle,5/22/2025,30110,Doritos Flamas(Each),26,0,26,46,43,0,43,$15.91,0,0.00%,$0.00,$15.91,3,6.52%,$1.11,$17.02,,,,
Glasgow Middle,5/22/2025,30111,Doritos RF Spicy Sweet Chili(Each),25,0,25,20,8,0,8,$2.96,0,0.00%,$0.00,$2.96,12,60.00%,$4.44,$7.40,,,,
Glasgow Middle,5/22/2025,30112,Doritos RF Nacho Cheese(Each),12,0,12,12,11,0,11,$4.07,0,0.00%,$0.00,$4.07,1,8.33%,$0.37,$4.44,,,,
Glasgow Middle,5/22/2025,30113,Cool Ranch Reduced Fat Doritos(Each),14,0,14,15,9,0,9,$3.33,0,0.00%,$0.00,$3.33,6,40.00%,$2.22,$5.55,,,,
Glasgow Middle,5/22/2025,30114,SS Baked Cheetos Flaming Hot(Each),22,0,22,45,39,0,39,$20.67,0,0.00%,$0.00,$20.67,6,13.33%,$3.18,$23.85,,,,
Glasgow Middle,5/22/2025,30115,SS Baked Cheetos Flaming Limon(Each),26,0,26,35,32,0,32,$12.48,0,0.00%,$0.00,$12.48,3,8.57%,$1.17,$13.65,,,,
Glasgow Middle,5/22/2025,30116,SS Cheetos Fantastix Flaming Hot(Each),20,0,20,20,13,0,13,$5.07,0,0.00%,$0.00,$5.07,7,35.00%,$2.73,$7.80,,,,
Glasgow Middle,5/22/2025,30117,WG Baked Funyuns(Each),10,0,10,10,8,0,8,$2.88,0,0.00%,$0.00,$2.88,2,20.00%,$0.72,$3.60,,,,
Glasgow Middle,5/22/2025,30118,Kettle Cooked Smoky BBQ Chips(Each),25,0,25,35,22,0,22,$13.20,0,0.00%,$0.00,$13.20,13,37.14%,$7.80,$21.00,,,,
Glasgow Middle,5/22/2025,30119,RF Kettle Chips Jalapeno & Cheddar Chips(Each),22,0,22,25,17,0,17,$10.20,0,0.00%,$0.00,$10.20,8,32.00%,$4.80,$15.00,,,,
Glasgow Middle,5/22/2025,30120,RF Kettle Chips Sea Salt & Vinegar Chips(Each),19,0,19,25,17,0,17,$10.20,0,0.00%,$0.00,$10.20,8,32.00%,$4.80,$15.00,,,,
Glasgow Middle,5/22/2025,30124,"Fruit Snacks, Welch's Mixed(Each)",61,0,61,92,92,0,92,$36.80,0,0.00%,$0.00,$36.80,0,0.00%,$0.00,$36.80,,,,
Glasgow Middle,5/22/2025,30160,Lay's RF Kettle Original Chips(Each),21,0,21,10,8,0,8,$4.80,0,0.00%,$0.00,$4.80,2,20.00%,$1.20,$6.00,,,,
Glasgow Middle,5/22/2025,60035,PB&J Power Pack(Power Packs),6,0,6,7,6,0,6,$6.48,0,0.00%,$0.00,$6.48,1,14.29%,$1.08,$7.56,,,,
Glasgow Middle,5/22/2025,60036,Cherry Vanilla Yogurt Power Pack(Power Packs),6,0,6,4,3,0,3,$2.40,0,0.00%,$0.00,$2.40,1,25.00%,$0.80,$3.20,,,,
Glasgow Middle,5/22/2025,60037,Strawberry & Banana Yogurt Power Pack(Power Packs),4,0,4,4,3,0,3,$2.40,0,0.00%,$0.00,$2.40,1,25.00%,$0.80,$3.20,,,,
Glasgow Middle,5/22/2025,60038,Peach Yogurt Power Pack(Power Packs),6,0,6,4,3,0,3,$2.40,0,0.00%,$0.00,$2.40,1,25.00%,$0.80,$3.20,,,,
Glasgow Middle,5/22/2025,60075,Spicy Chicken Wrap(Wrap),35,0,35,46,45,0,45,$52.65,1,2.17%,$1.17,$53.82,0,0.00%,$0.00,$53.82,,,,
Glasgow Middle,5/22/2025,60077,Manager's Vegetable Choice(1/4 cup),75,0,75,75,69,0,69,$0.00,0,0.00%,$0.00,$0.00,6,8.00%,$0.00,$0.00,,,,
Glasgow Middle,5/22/2025,60100,Black Beans - salad bar entree(1/2 cup),9,0,9,1,1,0,1,$0.17,0,0.00%,$0.00,$0.17,0,0.00%,$0.00,$0.17,,,,
Glasgow Middle,5/22/2025,60120,Asian Veggie Sub(sandwich),211,0,211,14,11,0,11,$20.79,1,7.14%,$1.89,$22.68,2,14.29%,$3.78,$26.46,,,,
Glasgow Middle,5/22/2025,60122,Asian Meatball Sub(sandwich),108,0,108,4,0,0,0,$0.00,1,25.00%,$0.00,$0.00,3,75.00%,$0.00,$0.00,,,,
Glasgow Middle,5/22/2025,60150,Strawberry Parfait Power Pack(Power Pack),0,0,0,6,6,0,6,$9.78,0,0.00%,$0.00,$9.78,0,0.00%,$0.00,$9.78,,,,
Glen Forest Elementary,5/22/2025,10044,Soft Pretzel(1 pretzel),20,0,20,50,48,0,48,$10.56,0,0.00%,$0.00,$10.56,2,4.00%,$0.44,$11.00,,,,
Glen Forest Elementary,5/22/2025,20001,1% White Milk(Each),204,0,204,202,149,0,149,$53.64,0,0.00%,$0.00,$53.64,53,26.24%,$19.08,$72.72,,,,
Glen Forest Elementary,5/22/2025,20002,Fat Free Chocolate Milk(Each),400,0,400,700,345,0,345,$120.75,0,0.00%,$0.00,$120.75,355,50.71%,$124.25,$245.00,,,,
Glen Forest Elementary,5/22/2025,20012,Grape Tomatoes(1/4 cup),0,0,0,108,36,0,36,$9.36,0,0.00%,$0.00,$9.36,72,66.67%,$18.72,$28.08,,,,
Glen Forest Elementary,5/22/2025,20015,Golden Delicious Apple(Each),0,0,0,60,50,0,50,$15.50,0,0.00%,$0.00,$15.50,10,16.67%,$3.10,$18.60,,,,
Glen Forest Elementary,5/22/2025,20016,String Cheese(Each),5,0,5,5,0,0,0,$0.00,0,0.00%,$0.00,$0.00,5,100.00%,$0.00,$0.00,,,,
Glen Forest Elementary,5/22/2025,20017,Orange(1/4 cup),0,0,0,340,238,0,238,$40.46,0,0.00%,$0.00,$40.46,102,30.00%,$17.34,$57.80,,,,
Glen Forest Elementary,5/22/2025,20018,Red Seedless Grapes(8 grapes per 1/4 cup),0,0,0,782,775,0,775,$201.50,0,0.00%,$0.00,$201.50,7,0.90%,$1.82,$203.32,,,,
Glen Forest Elementary,5/22/2025,20028,Lettuce Blend Salad Mix(1 cup),104,3,107,88,85,3,88,$14.08,0,0.00%,$0.00,$14.08,0,0.00%,$0.00,$14.08,,,,
Glen Forest Elementary,5/22/2025,20028,Lettuce Blend Salad Mix(1/2 cup),200,0,200,200,199,0,199,$15.92,0,0.00%,$0.00,$15.92,1,0.50%,$0.08,$16.00,,,,
Glen Forest Elementary,5/22/2025,20031,Banana(Each),304,3,307,208,175,3,178,$37.38,0,0.00%,$0.00,$37.38,30,14.42%,$6.30,$43.68,,,,
Glen Forest Elementary,5/22/2025,20036,Celery Sticks(1/4 cup),0,0,0,72,24,0,24,$6.48,0,0.00%,$0.00,$6.48,48,66.67%,$12.96,$19.44,,,,
Glen Forest Elementary,5/22/2025,20052,Assorted  4 oz Yogurt(Container),5,0,5,5,0,0,0,$0.00,0,0.00%,$0.00,$0.00,5,100.00%,$0.00,$0.00,,,,
Glen Forest Elementary,5/22/2025,30034,Graham Crackers(Package),54,0,54,48,48,0,48,$6.72,0,0.00%,$0.00,$6.72,0,0.00%,$0.00,$6.72,,,,
Glen Forest Elementary,5/22/2025,30037,IW Applesauce Cup(Each),54,0,54,48,48,0,48,$12.96,0,0.00%,$0.00,$12.96,0,0.00%,$0.00,$12.96,,,,
Glen Forest Elementary,5/22/2025,30043,Raspberry Lemonade Flavored Dried Cranberries(Each),200,0,200,153,142,0,142,$34.08,0,0.00%,$0.00,$34.08,11,7.19%,$2.64,$36.72,,,,
Glen Forest Elementary,5/22/2025,30077,Italian Dressing(1 ounce),100,0,100,61,43,0,43,$3.44,0,0.00%,$0.00,$3.44,18,29.51%,$1.44,$4.88,,,,
Glen Forest Elementary,5/22/2025,30097,Bottled Water(Bottle),5,0,5,5,0,0,0,$0.00,0,0.00%,$0.00,$0.00,5,100.00%,$0.00,$0.00,,,,
Glen Forest Elementary,5/22/2025,30103,"Milk, Lactose Free,  Fat Free, Shelf-Stable(Each)",0,0,0,2,2,0,2,$0.96,0,0.00%,$0.00,$0.96,0,0.00%,$0.00,$0.96,,,,
Glen Forest Elementary,5/22/2025,30107,Ranch Dressing(1 ounce),154,3,157,160,145,3,148,$16.28,0,0.00%,$0.00,$16.28,12,7.50%,$1.32,$17.60,,,,
Glen Forest Elementary,5/22/2025,30158,Black Beans(1/4 Cup),0,0,0,33,28,0,28,$2.52,5,15.15%,$0.45,$2.97,0,0.00%,$0.00,$2.97,,,,
Glen Forest Elementary,5/22/2025,30188,"Milk, Soy, Plain, Bulk (12/32 oz)(1 cup)",0,0,0,2,2,0,2,$1.58,0,0.00%,$0.00,$1.58,0,0.00%,$0.00,$1.58,,,,
Glen Forest Elementary,5/22/2025,60018,Cheese Quesadilla(Quesadilla),0,0,0,11,11,0,11,$7.59,0,0.00%,$0.00,$7.59,0,0.00%,$0.00,$7.59,,,,
Glen Forest Elementary,5/22/2025,60020,"Quesadilla, Turkey Barbacoa and Cheese(Quesadilla)",0,0,0,7,3,0,3,$3.66,4,57.14%,$4.88,$8.54,0,0.00%,$0.00,$8.54,,,,
Glen Forest Elementary,5/22/2025,60035,PB&J Power Pack(Power Packs),100,0,100,118,61,0,61,$65.88,0,0.00%,$0.00,$65.88,57,48.31%,$61.56,$127.44,,,,
Glen Forest Elementary,5/22/2025,60036,Cherry Vanilla Yogurt Power Pack(Power Packs),50,0,50,35,4,0,4,$3.20,0,0.00%,$0.00,$3.20,31,88.57%,$24.80,$28.00,,,,
Glen Forest Elementary,5/22/2025,60037,Strawberry & Banana Yogurt Power Pack(Power Packs),10,0,10,8,8,0,8,$6.40,0,0.00%,$0.00,$6.40,0,0.00%,$0.00,$6.40,,,,
Glen Forest Elementary,5/22/2025,60100,Black Beans - salad bar entree(1/2 cup),0,0,0,50,48,0,48,$8.16,0,0.00%,$0.00,$8.16,2,4.00%,$0.34,$8.50,,,,
Glen Forest Elementary,5/22/2025,60120,Asian Veggie Sub(sandwich),434,3,437,462,435,11,446,$842.94,1,0.22%,$1.89,$844.83,15,3.25%,$28.35,$873.18,,,,
Glen Forest Elementary,5/22/2025,60122,Asian Meatball Sub(sandwich),164,6,170,141,54,3,57,$101.46,38,26.95%,$67.64,$169.10,46,32.62%,$81.88,$250.98,,,,
Graham Road Elementary,5/22/2025,10033,Chocolate Chip Cookie(1/2 Cookie),3,0,3,0,0,0,0,$0.00,0,0.00%,$0.00,$0.00,0,0.00%,$0.00,$0.00,,,,
Graham Road Elementary,5/22/2025,10044,Soft Pretzel(1 pretzel),28,0,28,0,0,0,0,$0.00,0,0.00%,$0.00,$0.00,0,0.00%,$0.00,$0.00,,,,
Graham Road Elementary,5/22/2025,20001,1% White Milk(Each),149,0,149,332,160,0,160,$57.60,0,0.00%,$0.00,$57.60,172,51.81%,$61.92,$119.52,,,,
Graham Road Elementary,5/22/2025,20002,Fat Free Chocolate Milk(Each),166,0,166,450,320,0,320,$112.00,0,0.00%,$0.00,$112.00,130,28.89%,$45.50,$157.50,,,,
Graham Road Elementary,5/22/2025,20012,Grape Tomatoes(1/4 cup),0,0,0,72,72,0,72,$18.72,0,0.00%,$0.00,$18.72,0,0.00%,$0.00,$18.72,,,,
Graham Road Elementary,5/22/2025,20015,Golden Delicious Apple(Each),0,0,0,203,203,0,203,$62.93,0,0.00%,$0.00,$62.93,0,0.00%,$0.00,$62.93,,,,
Graham Road Elementary,5/22/2025,20016,String Cheese(Each),0,0,0,0,0,0,0,$0.00,0,0.00%,$0.00,$0.00,0,0.00%,$0.00,$0.00,,,,
Graham Road Elementary,5/22/2025,20028,Lettuce Blend Salad Mix(1 cup),44,0,44,44,44,0,44,$7.04,0,0.00%,$0.00,$7.04,0,0.00%,$0.00,$7.04,,,,
Graham Road Elementary,5/22/2025,20028,Lettuce Blend Salad Mix(1/2 cup),200,0,200,220,220,0,220,$17.60,0,0.00%,$0.00,$17.60,0,0.00%,$0.00,$17.60,,,,
Graham Road Elementary,5/22/2025,20031,Banana(Each),44,0,44,44,44,0,44,$9.24,0,0.00%,$0.00,$9.24,0,0.00%,$0.00,$9.24,,,,
Graham Road Elementary,5/22/2025,20038,Fat Free White Milk(Each),46,0,46,23,19,0,19,$6.27,0,0.00%,$0.00,$6.27,4,17.39%,$1.32,$7.59,,,,
Graham Road Elementary,5/22/2025,20043,"Lactose Free, White Milk(Each)",2,0,2,0,0,0,0,$0.00,0,0.00%,$0.00,$0.00,0,0.00%,$0.00,$0.00,,,,
Graham Road Elementary,5/22/2025,20047,Orange Slices(3 slices per 1/4 cup),0,0,0,204,204,0,204,$40.80,0,0.00%,$0.00,$40.80,0,0.00%,$0.00,$40.80,,,,
Graham Road Elementary,5/22/2025,20052,Assorted  4 oz Yogurt(Container),0,0,0,0,0,0,0,$0.00,0,0.00%,$0.00,$0.00,0,0.00%,$0.00,$0.00,,,,
Graham Road Elementary,5/22/2025,30008,Apple Juice(Each),0,0,0,0,0,0,0,$0.00,0,0.00%,$0.00,$0.00,0,0.00%,$0.00,$0.00,,,,
Graham Road Elementary,5/22/2025,30009,Orange Tangerine Juice(Each),0,0,0,0,0,0,0,$0.00,0,0.00%,$0.00,$0.00,0,0.00%,$0.00,$0.00,,,,
Graham Road Elementary,5/22/2025,30034,Graham Crackers(Package),32,0,32,33,33,0,33,$4.62,0,0.00%,$0.00,$4.62,0,0.00%,$0.00,$4.62,,,,
Graham Road Elementary,5/22/2025,30037,IW Applesauce Cup(Each),32,0,32,33,33,0,33,$8.91,0,0.00%,$0.00,$8.91,0,0.00%,$0.00,$8.91,,,,
Graham Road Elementary,5/22/2025,30039,Cherry Flavored Dried Cranberries(Each),26,0,26,14,14,0,14,$3.36,0,0.00%,$0.00,$3.36,0,0.00%,$0.00,$3.36,,,,
Graham Road Elementary,5/22/2025,30041,Orange Flavored Dried Cranberries(Each),0,0,0,0,0,0,0,$0.00,0,0.00%,$0.00,$0.00,0,0.00%,$0.00,$0.00,,,,
Graham Road Elementary,5/22/2025,30042,Original Flavored Dried Cranberries(Package),0,0,0,0,0,0,0,$0.00,0,0.00%,$0.00,$0.00,0,0.00%,$0.00,$0.00,,,,
Graham Road Elementary,5/22/2025,30043,Raspberry Lemonade Flavored Dried Cranberries(Each),0,0,0,0,0,0,0,$0.00,0,0.00%,$0.00,$0.00,0,0.00%,$0.00,$0.00,,,,
Graham Road Elementary,5/22/2025,30044,Strawberry Flavored Dried Cranberries(Each),0,0,0,0,0,0,0,$0.00,0,0.00%,$0.00,$0.00,0,0.00%,$0.00,$0.00,,,,
Graham Road Elementary,5/22/2025,30045,Watermelon Flavored Dried Cranberries(Each),20,0,20,0,0,0,0,$0.00,0,0.00%,$0.00,$0.00,0,0.00%,$0.00,$0.00,,,,
Graham Road Elementary,5/22/2025,30077,Italian Dressing(1 ounce),18,0,18,68,56,0,56,$4.48,0,0.00%,$0.00,$4.48,12,17.65%,$0.96,$5.44,,,,
Graham Road Elementary,5/22/2025,30094,Doritos Wild White Nacho Flavored Tortilla Chips(Bag),0,0,0,0,0,0,0,$0.00,0,0.00%,$0.00,$0.00,0,0.00%,$0.00,$0.00,,,,
Graham Road Elementary,5/22/2025,30097,Bottled Water(Bottle),0,0,0,0,0,0,0,$0.00,0,0.00%,$0.00,$0.00,0,0.00%,$0.00,$0.00,,,,
Graham Road Elementary,5/22/2025,30099,Chickpeas(1/4 cup),20,0,20,33,19,0,19,$1.71,14,42.42%,$1.26,$2.97,0,0.00%,$0.00,$2.97,,,,
Graham Road Elementary,5/22/2025,30107,Ranch Dressing(1 ounce),104,0,104,92,80,0,80,$8.80,0,0.00%,$0.00,$8.80,12,13.04%,$1.32,$10.12,,,,
Graham Road Elementary,5/22/2025,30109,Smartfood RF White Cheddar Popcorn(Each),0,0,0,10,10,0,10,$3.70,0,0.00%,$0.00,$3.70,0,0.00%,$0.00,$3.70,,,,
Graham Road Elementary,5/22/2025,30158,Black Beans(1/2 Cup),8,0,8,0,0,0,0,$0.00,0,0.00%,$0.00,$0.00,0,0.00%,$0.00,$0.00,,,,
Graham Road Elementary,5/22/2025,60035,PB&J Power Pack(Power Packs),60,0,60,178,178,0,178,$192.24,0,0.00%,$0.00,$192.24,0,0.00%,$0.00,$192.24,,,,
Graham Road Elementary,5/22/2025,60036,Cherry Vanilla Yogurt Power Pack(Power Packs),5,0,5,0,0,0,0,$0.00,0,0.00%,$0.00,$0.00,0,0.00%,$0.00,$0.00,,,,
Graham Road Elementary,5/22/2025,60037,Strawberry & Banana Yogurt Power Pack(Power Packs),8,0,8,0,0,0,0,$0.00,0,0.00%,$0.00,$0.00,0,0.00%,$0.00,$0.00,,,,
Graham Road Elementary,5/22/2025,60038,Peach Yogurt Power Pack(Power Packs),20,0,20,37,37,0,37,$29.60,0,0.00%,$0.00,$29.60,0,0.00%,$0.00,$29.60,,,,
Graham Road Elementary,5/22/2025,60054,Steamed Broccoli(1/2 cup),61,0,61,42,42,0,42,$6.30,0,0.00%,$0.00,$6.30,0,0.00%,$0.00,$6.30,,,,
Graham Road Elementary,5/22/2025,60077,Manager's Vegetable Choice(1/4 cup),0,0,0,48,48,0,48,$0.00,0,0.00%,$0.00,$0.00,0,0.00%,$0.00,$0.00,,,,
Graham Road Elementary,5/22/2025,60120,Asian Veggie Sub(sandwich),150,1,151,105,100,0,100,$189.00,5,4.76%,$9.45,$198.45,0,0.00%,$0.00,$198.45,,,,
Graham Road Elementary,5/22/2025,60122,Asian Meatball Sub(sandwich),77,2,79,109,99,5,104,$185.12,5,4.59%,$8.90,$194.02,0,0.00%,$0.00,$194.02,,,,
Graham Road Elementary,5/22/2025,60150,Strawberry Parfait Power Pack(Power Pack),0,0,0,0,0,0,0,$0.00,0,0.00%,$0.00,$0.00,0,0.00%,$0.00,$0.00,,,,
Great Falls Elementary,5/22/2025,10044,Soft Pretzel(1 pretzel),20,0,20,20,20,0,20,$4.40,0,0.00%,$0.00,$4.40,0,0.00%,$0.00,$4.40,,,,
Great Falls Elementary,5/22/2025,20001,1% White Milk(Each),14,0,14,56,12,0,12,$4.32,0,0.00%,$0.00,$4.32,44,78.57%,$15.84,$20.16,,,,
Great Falls Elementary,5/22/2025,20002,Fat Free Chocolate Milk(Each),109,0,109,212,81,0,81,$28.35,0,0.00%,$0.00,$28.35,131,61.79%,$45.85,$74.20,,,,
Great Falls Elementary,5/22/2025,20008,Apple Slices(3 slices per 1/4 cup),0,0,0,80,80,0,80,$47.20,0,0.00%,$0.00,$47.20,0,0.00%,$0.00,$47.20,,,,
Great Falls Elementary,5/22/2025,20011,Cherry Tomatoes(1/4 cup),0,0,0,60,50,0,50,$18.50,0,0.00%,$0.00,$18.50,10,16.67%,$3.70,$22.20,,,,
Great Falls Elementary,5/22/2025,20016,String Cheese(Each),3,0,3,2,2,0,2,$0.44,0,0.00%,$0.00,$0.44,0,0.00%,$0.00,$0.44,,,,
Great Falls Elementary,5/22/2025,20017,Orange(1/4 cup),0,0,0,40,25,0,25,$4.25,0,0.00%,$0.00,$4.25,15,37.50%,$2.55,$6.80,,,,
Great Falls Elementary,5/22/2025,20018,Red Seedless Grapes(16 grapes per 1/2 cup),0,0,0,40,30,0,30,$15.30,0,0.00%,$0.00,$15.30,10,25.00%,$5.10,$20.40,,,,
Great Falls Elementary,5/22/2025,20023,Baby Carrots(3 baby carrots per 1/4 cup),0,0,0,50,35,0,35,$3.15,0,0.00%,$0.00,$3.15,15,30.00%,$1.35,$4.50,,,,
Great Falls Elementary,5/22/2025,20027,Broccoli Florets(1/4 cup),49,0,49,30,25,0,25,$2.00,0,0.00%,$0.00,$2.00,5,16.67%,$0.40,$2.40,,,,
Great Falls Elementary,5/22/2025,20028,Lettuce Blend Salad Mix(1/2 cup),49,0,49,40,40,0,40,$3.20,0,0.00%,$0.00,$3.20,0,0.00%,$0.00,$3.20,,,,
Great Falls Elementary,5/22/2025,20031,Banana(Each),28,0,28,20,15,0,15,$3.15,0,0.00%,$0.00,$3.15,5,25.00%,$1.05,$4.20,,,,
Great Falls Elementary,5/22/2025,20038,Fat Free White Milk(Each),10,0,10,17,0,0,0,$0.00,0,0.00%,$0.00,$0.00,17,100.00%,$0.00,$0.00,,,,
Great Falls Elementary,5/22/2025,20052,Assorted  4 oz Yogurt(Container),10,0,10,10,10,0,10,$0.00,0,0.00%,$0.00,$0.00,0,0.00%,$0.00,$0.00,,,,
Great Falls Elementary,5/22/2025,30008,Apple Juice(Each),36,0,36,13,13,0,13,$2.21,0,0.00%,$0.00,$2.21,0,0.00%,$0.00,$2.21,,,,
Great Falls Elementary,5/22/2025,30009,Orange Tangerine Juice(Each),18,0,18,55,55,0,55,$9.35,0,0.00%,$0.00,$9.35,0,0.00%,$0.00,$9.35,,,,
Great Falls Elementary,5/22/2025,30011,"Salsa, Mild Canned(1.5 oz)",0,0,0,30,27,0,27,$2.70,3,10.00%,$0.30,$3.00,0,0.00%,$0.00,$3.00,,,,
Great Falls Elementary,5/22/2025,30033,Cheez-Its Crackers(Package),0,0,0,4,4,0,4,$0.72,0,0.00%,$0.00,$0.72,0,0.00%,$0.00,$0.72,,,,
Great Falls Elementary,5/22/2025,30043,Raspberry Lemonade Flavored Dried Cranberries(Each),23,0,23,40,25,0,25,$6.00,0,0.00%,$0.00,$6.00,15,37.50%,$3.60,$9.60,,,,
Great Falls Elementary,5/22/2025,30077,Italian Dressing(1 ounce),25,0,25,50,38,0,38,$3.04,0,0.00%,$0.00,$3.04,12,24.00%,$0.96,$4.00,,,,
Great Falls Elementary,5/22/2025,30107,Ranch Dressing(1 ounce),134,0,134,150,115,0,115,$12.65,0,0.00%,$0.00,$12.65,35,23.33%,$3.85,$16.50,,,,
Great Falls Elementary,5/22/2025,30109,Smartfood RF White Cheddar Popcorn(Each),0,0,0,74,74,0,74,$27.38,0,0.00%,$0.00,$27.38,0,0.00%,$0.00,$27.38,,,,
Great Falls Elementary,5/22/2025,60035,PB&J Power Pack(Power Packs),45,0,45,61,61,0,61,$65.88,0,0.00%,$0.00,$65.88,0,0.00%,$0.00,$65.88,,,,
Great Falls Elementary,5/22/2025,60036,Cherry Vanilla Yogurt Power Pack(Power Packs),13,0,13,16,16,0,16,$12.80,0,0.00%,$0.00,$12.80,0,0.00%,$0.00,$12.80,,,,
Great Falls Elementary,5/22/2025,60043,BBQ Chicken Sandwich(Sandwich),0,0,0,30,30,0,30,$25.80,0,0.00%,$0.00,$25.80,0,0.00%,$0.00,$25.80,,,,
Great Falls Elementary,5/22/2025,60120,Asian Veggie Sub(sandwich),0,0,0,62,62,0,62,$117.18,0,0.00%,$0.00,$117.18,0,0.00%,$0.00,$117.18,,,,
Great Falls Elementary,5/22/2025,60122,Asian Meatball Sub(sandwich),38,0,38,40,38,0,38,$67.64,1,2.50%,$1.78,$69.42,1,2.50%,$1.78,$71.20,,,,
Greenbriar East Elementary,5/22/2025,10015,Baked Cheese Sticks(2 Cheese Sticks),0,0,0,178,175,0,175,$115.50,3,1.69%,$1.98,$117.48,0,0.00%,$0.00,$117.48,,,,
Greenbriar East Elementary,5/22/2025,10033,Chocolate Chip Cookie(1/2 Cookie),110,0,110,110,105,0,105,$14.70,5,4.55%,$0.70,$15.40,0,0.00%,$0.00,$15.40,,,,
Greenbriar East Elementary,5/22/2025,10044,Soft Pretzel(1 pretzel),6,0,6,20,20,0,20,$4.40,0,0.00%,$0.00,$4.40,0,0.00%,$0.00,$4.40,,,,
Greenbriar East Elementary,5/22/2025,20001,1% White Milk(Each),117,0,117,580,130,0,130,$46.80,0,0.00%,$0.00,$46.80,450,77.59%,$162.00,$208.80,,,,
Greenbriar East Elementary,5/22/2025,20002,Fat Free Chocolate Milk(Each),248,0,248,853,303,0,303,$106.05,0,0.00%,$0.00,$106.05,550,64.48%,$192.50,$298.55,,,,
Greenbriar East Elementary,5/22/2025,20017,Orange(1/4 cup),0,0,0,306,301,0,301,$51.17,0,0.00%,$0.00,$51.17,5,1.63%,$0.85,$52.02,,,,
Greenbriar East Elementary,5/22/2025,20028,Lettuce Blend Salad Mix(1 cup),29,0,29,31,31,0,31,$4.96,0,0.00%,$0.00,$4.96,0,0.00%,$0.00,$4.96,,,,
Greenbriar East Elementary,5/22/2025,20028,Lettuce Blend Salad Mix(1/2 cup),118,0,118,160,153,0,153,$12.24,0,0.00%,$0.00,$12.24,7,4.38%,$0.56,$12.80,,,,
Greenbriar East Elementary,5/22/2025,20031,Banana(Each),134,0,134,65,65,0,65,$13.65,0,0.00%,$0.00,$13.65,0,0.00%,$0.00,$13.65,,,,
Greenbriar East Elementary,5/22/2025,20038,Fat Free White Milk(Each),23,0,23,25,10,0,10,$3.30,0,0.00%,$0.00,$3.30,15,60.00%,$4.95,$8.25,,,,
Greenbriar East Elementary,5/22/2025,20043,"Lactose Free, White Milk(Each)",0,0,0,1,1,0,1,$0.58,0,0.00%,$0.00,$0.58,0,0.00%,$0.00,$0.58,,,,
Greenbriar East Elementary,5/22/2025,30034,Graham Crackers(Package),16,0,16,16,16,0,16,$2.24,0,0.00%,$0.00,$2.24,0,0.00%,$0.00,$2.24,,,,
Greenbriar East Elementary,5/22/2025,30037,IW Applesauce Cup(Each),16,0,16,16,16,0,16,$4.32,0,0.00%,$0.00,$4.32,0,0.00%,$0.00,$4.32,,,,
Greenbriar East Elementary,5/22/2025,30077,Italian Dressing(1 ounce),83,0,83,85,80,0,80,$6.40,0,0.00%,$0.00,$6.40,5,5.88%,$0.40,$6.80,,,,
Greenbriar East Elementary,5/22/2025,30097,Bottled Water(Bottle),0,0,0,5,5,0,5,$0.80,0,0.00%,$0.00,$0.80,0,0.00%,$0.00,$0.80,,,,
Greenbriar East Elementary,5/22/2025,30099,Chickpeas(1/4 cup),34,0,34,35,30,0,30,$2.70,0,0.00%,$0.00,$2.70,5,14.29%,$0.45,$3.15,,,,
Greenbriar East Elementary,5/22/2025,30107,Ranch Dressing(1 ounce),116,0,116,31,31,0,31,$3.41,0,0.00%,$0.00,$3.41,0,0.00%,$0.00,$3.41,,,,
Greenbriar East Elementary,5/22/2025,30158,Black Beans(1/2 Cup),3,0,3,0,0,0,0,$0.00,0,0.00%,$0.00,$0.00,0,0.00%,$0.00,$0.00,,,,
Greenbriar East Elementary,5/22/2025,60009,"Sandwich, Turkey & Cheese(sandwich)",0,0,0,8,8,0,8,$5.52,0,0.00%,$0.00,$5.52,0,0.00%,$0.00,$5.52,,,,
Greenbriar East Elementary,5/22/2025,60035,PB&J Power Pack(Power Packs),103,0,103,123,108,0,108,$116.64,0,0.00%,$0.00,$116.64,15,12.20%,$16.20,$132.84,,,,
Greenbriar East Elementary,5/22/2025,60037,Strawberry & Banana Yogurt Power Pack(Power Packs),5,0,5,2,2,0,2,$1.60,0,0.00%,$0.00,$1.60,0,0.00%,$0.00,$1.60,,,,
Greenbriar East Elementary,5/22/2025,60038,Peach Yogurt Power Pack(Power Packs),15,0,15,20,13,0,13,$10.40,0,0.00%,$0.00,$10.40,7,35.00%,$5.60,$16.00,,,,
Greenbriar East Elementary,5/22/2025,60054,Steamed Broccoli(1/2 cup),61,0,61,120,118,0,118,$17.70,0,0.00%,$0.00,$17.70,2,1.67%,$0.30,$18.00,,,,
Greenbriar East Elementary,5/22/2025,60087,Sweet Thai Chili Chicken Wings(3 Wings),0,0,0,54,47,0,47,$56.87,0,0.00%,$0.00,$56.87,7,12.96%,$8.47,$65.34,,,,
Greenbriar East Elementary,5/22/2025,60120,Asian Veggie Sub(sandwich),151,2,153,34,28,0,28,$52.92,0,0.00%,$0.00,$52.92,6,17.65%,$11.34,$64.26,,,,
Greenbriar East Elementary,5/22/2025,60122,Asian Meatball Sub(sandwich),51,2,53,65,42,1,43,$76.54,0,0.00%,$0.00,$76.54,22,33.85%,$39.16,$115.70,,,,
Greenbriar East Elementary,5/22/2025,60124,Nachos with Cheese Sauce(Serving),0,0,0,27,27,0,27,$20.79,0,0.00%,$0.00,$20.79,0,0.00%,$0.00,$20.79,,,,
Greenbriar East Elementary,5/22/2025,x30001,Chilled Peaches(1/2 cup),0,0,0,228,223,0,223,$84.74,0,0.00%,$0.00,$84.74,5,2.19%,$1.90,$86.64,,,,
Greenbriar West Elementary,5/22/2025,10033,Chocolate Chip Cookie(Cookie),134,0,134,160,155,0,155,$41.85,1,0.63%,$0.27,$42.12,4,2.50%,$1.08,$43.20,,,,
Greenbriar West Elementary,5/22/2025,10044,Soft Pretzel(1 pretzel),2,1,3,8,5,0,5,$1.10,0,0.00%,$0.00,$1.10,3,37.50%,$0.66,$1.76,,,,
Greenbriar West Elementary,5/22/2025,10062,Corn(1/4 cup (thawed)),93,3,96,128,80,0,80,$8.80,0,0.00%,$0.00,$8.80,48,37.50%,$5.28,$14.08,,,,
Greenbriar West Elementary,5/22/2025,20001,1% White Milk(Each),30,2,32,40,34,0,34,$12.24,0,0.00%,$0.00,$12.24,6,15.00%,$2.16,$14.40,,,,
Greenbriar West Elementary,5/22/2025,20002,Fat Free Chocolate Milk(Each),146,4,150,152,135,0,135,$47.25,0,0.00%,$0.00,$47.25,17,11.18%,$5.95,$53.20,,,,
Greenbriar West Elementary,5/22/2025,20008,Apple Slices(3 slices per 1/4 cup),346,2,348,319,319,0,319,$188.21,0,0.00%,$0.00,$188.21,0,0.00%,$0.00,$188.21,,,,
Greenbriar West Elementary,5/22/2025,20013,Gala Apple(Each),0,0,0,32,20,0,20,$7.40,0,0.00%,$0.00,$7.40,12,37.50%,$4.44,$11.84,,,,
Greenbriar West Elementary,5/22/2025,20016,String Cheese(Each),1,0,1,1,0,0,0,$0.00,0,0.00%,$0.00,$0.00,1,100.00%,$0.00,$0.00,,,,
Greenbriar West Elementary,5/22/2025,20018,Red Seedless Grapes(8 grapes per 1/4 cup),0,0,0,92,69,0,69,$17.94,0,0.00%,$0.00,$17.94,23,25.00%,$5.98,$23.92,,,,
Greenbriar West Elementary,5/22/2025,20027,Broccoli Florets(1/4 cup),61,2,63,63,62,0,62,$4.96,1,1.59%,$0.08,$5.04,0,0.00%,$0.00,$5.04,,,,
Greenbriar West Elementary,5/22/2025,20028,Lettuce Blend Salad Mix(1 cup),2,0,2,1,1,0,1,$0.16,0,0.00%,$0.00,$0.16,0,0.00%,$0.00,$0.16,,,,
Greenbriar West Elementary,5/22/2025,20028,Lettuce Blend Salad Mix(1/2 cup),81,2,83,80,77,0,77,$6.16,0,0.00%,$0.00,$6.16,3,3.75%,$0.24,$6.40,,,,
Greenbriar West Elementary,5/22/2025,20031,Banana(Each),122,5,127,104,104,0,104,$21.84,0,0.00%,$0.00,$21.84,0,0.00%,$0.00,$21.84,,,,
Greenbriar West Elementary,5/22/2025,20034,Cherry Vanilla Yogurt(Container),20,1,21,30,25,1,26,$9.10,0,0.00%,$0.00,$9.10,4,13.33%,$1.40,$10.50,,,,
Greenbriar West Elementary,5/22/2025,20038,Fat Free White Milk(Each),5,2,7,7,5,0,5,$1.65,0,0.00%,$0.00,$1.65,2,28.57%,$0.66,$2.31,,,,
Greenbriar West Elementary,5/22/2025,20052,Assorted  4 oz Yogurt(Container),1,0,1,1,0,0,0,$0.00,0,0.00%,$0.00,$0.00,1,100.00%,$0.00,$0.00,,,,
Greenbriar West Elementary,5/22/2025,30008,Apple Juice(Each),1,0,1,1,0,0,0,$0.00,0,0.00%,$0.00,$0.00,1,100.00%,$0.00,$0.00,,,,
Greenbriar West Elementary,5/22/2025,30009,Orange Tangerine Juice(Each),1,0,1,1,0,0,0,$0.00,0,0.00%,$0.00,$0.00,1,100.00%,$0.00,$0.00,,,,
Greenbriar West Elementary,5/22/2025,30024,Black Beans(1/4 Cup),29,1,30,25,19,0,19,$1.71,0,0.00%,$0.00,$1.71,6,24.00%,$0.54,$2.25,,,,
Greenbriar West Elementary,5/22/2025,30044,Strawberry Flavored Dried Cranberries(Each),93,2,95,88,76,0,76,$18.24,0,0.00%,$0.00,$18.24,12,13.64%,$2.88,$21.12,,,,
Greenbriar West Elementary,5/22/2025,30045,Watermelon Flavored Dried Cranberries(Each),0,0,0,14,14,0,14,$3.36,0,0.00%,$0.00,$3.36,0,0.00%,$0.00,$3.36,,,,
Greenbriar West Elementary,5/22/2025,30077,Italian Dressing(1 ounce),20,0,20,18,0,0,0,$0.00,0,0.00%,$0.00,$0.00,18,100.00%,$0.00,$0.00,,,,
Greenbriar West Elementary,5/22/2025,30094,Doritos Wild White Nacho Flavored Tortilla Chips(Bag),52,0,52,1,0,0,0,$0.00,1,100.00%,$0.00,$0.00,0,0.00%,$0.00,$0.00,,,,
Greenbriar West Elementary,5/22/2025,30097,Bottled Water(Bottle),6,0,6,7,6,0,6,$0.96,0,0.00%,$0.00,$0.96,1,14.29%,$0.16,$1.12,,,,
Greenbriar West Elementary,5/22/2025,30099,Chickpeas(1/4 cup),0,0,0,3,3,0,3,$0.27,0,0.00%,$0.00,$0.27,0,0.00%,$0.00,$0.27,,,,
Greenbriar West Elementary,5/22/2025,30107,Ranch Dressing(1 ounce),38,0,38,30,25,0,25,$2.75,0,0.00%,$0.00,$2.75,5,16.67%,$0.55,$3.30,,,,
Greenbriar West Elementary,5/22/2025,30158,Black Beans(1/2 Cup),2,1,3,4,3,0,3,$0.51,0,0.00%,$0.00,$0.51,1,25.00%,$0.17,$0.68,,,,
Greenbriar West Elementary,5/22/2025,60018,Cheese Quesadilla(Quesadilla),0,0,0,27,27,0,27,$18.63,0,0.00%,$0.00,$18.63,0,0.00%,$0.00,$18.63,,,,
Greenbriar West Elementary,5/22/2025,60035,PB&J Power Pack(Power Packs),109,3,112,103,95,2,97,$104.76,0,0.00%,$0.00,$104.76,6,5.83%,$6.48,$111.24,,,,
Greenbriar West Elementary,5/22/2025,60037,Strawberry & Banana Yogurt Power Pack(Power Packs),1,0,1,1,0,0,0,$0.00,0,0.00%,$0.00,$0.00,1,100.00%,$0.00,$0.00,,,,
Greenbriar West Elementary,5/22/2025,60120,Asian Veggie Sub(sandwich),47,2,49,69,55,3,58,$109.62,2,2.90%,$3.78,$113.40,9,13.04%,$17.01,$130.41,,,,
Greenbriar West Elementary,5/22/2025,60122,Asian Meatball Sub(sandwich),47,2,49,31,18,4,22,$39.16,1,3.23%,$1.78,$40.94,8,25.81%,$14.24,$55.18,,,,
Greenbriar West Elementary,5/22/2025,60124,Nachos with Cheese Sauce(Serving),0,0,0,17,17,0,17,$13.09,0,0.00%,$0.00,$13.09,0,0.00%,$0.00,$13.09,,,,
Groveton Elementary,5/22/2025,10044,Soft Pretzel(1 pretzel),17,0,17,20,19,0,19,$4.18,0,0.00%,$0.00,$4.18,1,5.00%,$0.22,$4.40,,,,
Groveton Elementary,5/22/2025,10062,Corn(1/4 cup (thawed)),86,0,86,192,160,0,160,$17.60,0,0.00%,$0.00,$17.60,32,16.67%,$3.52,$21.12,,,,
Groveton Elementary,5/22/2025,20001,1% White Milk(Each),79,0,79,122,68,0,68,$24.48,0,0.00%,$0.00,$24.48,54,44.26%,$19.44,$43.92,,,,
Groveton Elementary,5/22/2025,20002,Fat Free Chocolate Milk(Each),419,0,419,400,398,0,398,$139.30,0,0.00%,$0.00,$139.30,2,0.50%,$0.70,$140.00,,,,
Groveton Elementary,5/22/2025,20008,Apple Slices(3 slices per 1/4 cup),0,0,0,231,231,0,231,$136.29,0,0.00%,$0.00,$136.29,0,0.00%,$0.00,$136.29,,,,
Groveton Elementary,5/22/2025,20012,Grape Tomatoes(1/4 cup),0,0,0,12,12,0,12,$3.12,0,0.00%,$0.00,$3.12,0,0.00%,$0.00,$3.12,,,,
Groveton Elementary,5/22/2025,20017,Orange(1/4 cup),0,0,0,510,503,0,503,$85.51,0,0.00%,$0.00,$85.51,7,1.37%,$1.19,$86.70,,,,
Groveton Elementary,5/22/2025,20023,Baby Carrots(3 baby carrots per 1/4 cup),0,0,0,144,120,0,120,$10.80,0,0.00%,$0.00,$10.80,24,16.67%,$2.16,$12.96,,,,
Groveton Elementary,5/22/2025,20028,Lettuce Blend Salad Mix(1 cup),54,0,54,34,34,0,34,$5.44,0,0.00%,$0.00,$5.44,0,0.00%,$0.00,$5.44,,,,
Groveton Elementary,5/22/2025,20028,Lettuce Blend Salad Mix(1/2 cup),106,0,106,120,120,0,120,$9.60,0,0.00%,$0.00,$9.60,0,0.00%,$0.00,$9.60,,,,
Groveton Elementary,5/22/2025,20031,Banana(Each),311,0,311,274,274,0,274,$57.54,0,0.00%,$0.00,$57.54,0,0.00%,$0.00,$57.54,,,,
Groveton Elementary,5/22/2025,20038,Fat Free White Milk(Each),15,0,15,30,11,0,11,$3.63,0,0.00%,$0.00,$3.63,19,63.33%,$6.27,$9.90,,,,
Groveton Elementary,5/22/2025,20043,"Lactose Free, White Milk(Each)",0,0,0,2,2,0,2,$1.16,0,0.00%,$0.00,$1.16,0,0.00%,$0.00,$1.16,,,,
Groveton Elementary,5/22/2025,20077,"Peppers, red, pre-sliced(1/2 cup sliced)",0,0,0,35,35,0,35,$19.60,0,0.00%,$0.00,$19.60,0,0.00%,$0.00,$19.60,,,,
Groveton Elementary,5/22/2025,30025,Black Beans(1/2 cup),0,0,0,4,4,0,4,$0.72,0,0.00%,$0.00,$0.72,0,0.00%,$0.00,$0.72,,,,
Groveton Elementary,5/22/2025,30034,Graham Crackers(Package),31,0,31,31,31,0,31,$4.34,0,0.00%,$0.00,$4.34,0,0.00%,$0.00,$4.34,,,,
Groveton Elementary,5/22/2025,30037,IW Applesauce Cup(Each),31,0,31,31,31,0,31,$8.37,0,0.00%,$0.00,$8.37,0,0.00%,$0.00,$8.37,,,,
Groveton Elementary,5/22/2025,30045,Watermelon Flavored Dried Cranberries(Each),106,0,106,120,107,0,107,$25.68,0,0.00%,$0.00,$25.68,13,10.83%,$3.12,$28.80,,,,
Groveton Elementary,5/22/2025,30077,Italian Dressing(1 ounce),2,0,2,48,2,0,2,$0.16,0,0.00%,$0.00,$0.16,46,95.83%,$3.68,$3.84,,,,
Groveton Elementary,5/22/2025,30107,Ranch Dressing(1 ounce),72,0,72,82,62,0,62,$6.82,0,0.00%,$0.00,$6.82,20,24.39%,$2.20,$9.02,,,,
Groveton Elementary,5/22/2025,30158,Black Beans(1/2 Cup),12,0,12,33,8,0,8,$1.36,25,75.76%,$4.25,$5.61,0,0.00%,$0.00,$5.61,,,,
Groveton Elementary,5/22/2025,60030,Broccoli Alfredo Pasta(1 cup),0,0,0,70,69,1,70,$80.50,0,0.00%,$0.00,$80.50,0,0.00%,$0.00,$80.50,,,,
Groveton Elementary,5/22/2025,60035,PB&J Power Pack(Power Packs),0,0,0,242,128,0,128,$138.24,0,0.00%,$0.00,$138.24,114,47.11%,$123.12,$261.36,,,,
Groveton Elementary,5/22/2025,60038,Peach Yogurt Power Pack(Power Packs),27,0,27,129,32,1,33,$26.40,0,0.00%,$0.00,$26.40,96,74.42%,$76.80,$103.20,,,,
Groveton Elementary,5/22/2025,60120,Asian Veggie Sub(sandwich),200,0,200,308,305,3,308,$582.12,0,0.00%,$0.00,$582.12,0,0.00%,$0.00,$582.12,,,,
Groveton Elementary,5/22/2025,60121,"Sauce, Spicy Mayo(tbsp)",0,0,0,48,18,0,18,$1.62,0,0.00%,$0.00,$1.62,30,62.50%,$2.70,$4.32,,,,
Groveton Elementary,5/22/2025,60122,Asian Meatball Sub(sandwich),97,0,97,93,60,4,64,$113.92,1,1.08%,$1.78,$115.70,28,30.11%,$49.84,$165.54,,,,
Gunston Elementary,5/22/2025,10044,Soft Pretzel(1 pretzel),50,0,50,15,15,0,15,$3.30,0,0.00%,$0.00,$3.30,0,0.00%,$0.00,$3.30,,,,
Gunston Elementary,5/22/2025,20001,1% White Milk(Each),56,0,56,167,51,0,51,$18.36,0,0.00%,$0.00,$18.36,116,69.46%,$41.76,$60.12,,,,
Gunston Elementary,5/22/2025,20002,Fat Free Chocolate Milk(Each),111,0,111,200,149,0,149,$52.15,0,0.00%,$0.00,$52.15,51,25.50%,$17.85,$70.00,,,,
Gunston Elementary,5/22/2025,20012,Grape Tomatoes(6 Tomatoes per 1/2 cup),0,0,0,15,9,0,9,$4.68,0,0.00%,$0.00,$4.68,6,40.00%,$3.12,$7.80,,,,
Gunston Elementary,5/22/2025,20023,Baby Carrots(6 Baby Carrots per 1/2 cup),0,0,0,49,49,0,49,$8.33,0,0.00%,$0.00,$8.33,0,0.00%,$0.00,$8.33,,,,
Gunston Elementary,5/22/2025,20028,Lettuce Blend Salad Mix(1 cup),30,0,30,27,27,0,27,$4.32,0,0.00%,$0.00,$4.32,0,0.00%,$0.00,$4.32,,,,
Gunston Elementary,5/22/2025,20028,Lettuce Blend Salad Mix(1/2 cup),75,0,75,75,75,0,75,$6.00,0,0.00%,$0.00,$6.00,0,0.00%,$0.00,$6.00,,,,
Gunston Elementary,5/22/2025,20031,Banana(Each),130,0,130,137,106,0,106,$22.26,0,0.00%,$0.00,$22.26,31,22.63%,$6.51,$28.77,,,,
Gunston Elementary,5/22/2025,20038,Fat Free White Milk(Each),3,0,3,32,0,0,0,$0.00,0,0.00%,$0.00,$0.00,32,100.00%,$0.00,$0.00,,,,
Gunston Elementary,5/22/2025,20043,"Lactose Free, White Milk(Each)",0,0,0,24,1,0,1,$0.58,0,0.00%,$0.00,$0.58,23,95.83%,$13.34,$13.92,,,,
Gunston Elementary,5/22/2025,20047,Orange Slices(6 Slices per 1/2 cup),0,0,0,17,14,0,14,$5.60,0,0.00%,$0.00,$5.60,3,17.65%,$1.20,$6.80,,,,
Gunston Elementary,5/22/2025,20077,"Peppers, red, pre-sliced(1/2 cup sliced)",0,0,0,15,12,0,12,$6.72,0,0.00%,$0.00,$6.72,3,20.00%,$1.68,$8.40,,,,
Gunston Elementary,5/22/2025,30030,Cheddar Chex Mix(Package),0,0,0,9,7,0,7,$3.15,0,0.00%,$0.00,$3.15,2,22.22%,$0.90,$4.05,,,,
Gunston Elementary,5/22/2025,30031,Strawberry Chex Mix(Package),0,0,0,10,3,0,3,$1.35,0,0.00%,$0.00,$1.35,7,70.00%,$3.15,$4.50,,,,
Gunston Elementary,5/22/2025,30033,Cheez-Its Crackers(Package),0,0,0,60,48,0,48,$8.64,0,0.00%,$0.00,$8.64,12,20.00%,$2.16,$10.80,,,,
Gunston Elementary,5/22/2025,30034,Graham Crackers(Package),15,0,15,12,12,0,12,$1.68,0,0.00%,$0.00,$1.68,0,0.00%,$0.00,$1.68,,,,
Gunston Elementary,5/22/2025,30037,IW Applesauce Cup(Each),15,0,15,12,12,0,12,$3.24,0,0.00%,$0.00,$3.24,0,0.00%,$0.00,$3.24,,,,
Gunston Elementary,5/22/2025,30063,Ketchup Packet(Packet),0,0,0,150,150,0,150,$4.50,0,0.00%,$0.00,$4.50,0,0.00%,$0.00,$4.50,,,,
Gunston Elementary,5/22/2025,30073,IW Heartzels Pretzels(Package),0,0,0,1,1,0,1,$0.36,0,0.00%,$0.00,$0.36,0,0.00%,$0.00,$0.36,,,,
Gunston Elementary,5/22/2025,30077,Italian Dressing(1 ounce),31,0,31,35,29,0,29,$2.32,0,0.00%,$0.00,$2.32,6,17.14%,$0.48,$2.80,,,,
Gunston Elementary,5/22/2025,30078,"Sauce, BBQ, HFCS-Free, Bulk, Low-Sodium(2 TBSP)",0,0,0,38,28,0,28,$2.80,0,0.00%,$0.00,$2.80,10,26.32%,$1.00,$3.80,,,,
Gunston Elementary,5/22/2025,30092,Roasted Sunflower Seeds(Package),0,0,0,50,45,0,45,$13.95,0,0.00%,$0.00,$13.95,5,10.00%,$1.55,$15.50,,,,
Gunston Elementary,5/22/2025,30094,Doritos Wild White Nacho Flavored Tortilla Chips(Bag),0,0,0,70,70,0,70,$24.50,0,0.00%,$0.00,$24.50,0,0.00%,$0.00,$24.50,,,,
Gunston Elementary,5/22/2025,30097,Bottled Water(Bottle),0,0,0,25,0,0,0,$0.00,0,0.00%,$0.00,$0.00,25,100.00%,$0.00,$0.00,,,,
Gunston Elementary,5/22/2025,30107,Ranch Dressing(1 ounce),68,0,68,87,77,0,77,$8.47,0,0.00%,$0.00,$8.47,10,11.49%,$1.10,$9.57,,,,
Gunston Elementary,5/22/2025,60035,PB&J Power Pack(Power Packs),50,0,50,40,14,22,36,$38.88,0,0.00%,$0.00,$38.88,4,10.00%,$4.32,$43.20,,,,
Gunston Elementary,5/22/2025,60036,Cherry Vanilla Yogurt Power Pack(Power Packs),0,0,0,21,17,0,17,$13.60,0,0.00%,$0.00,$13.60,4,19.05%,$3.20,$16.80,,,,
Gunston Elementary,5/22/2025,60120,Asian Veggie Sub(sandwich),160,0,160,136,132,4,136,$257.04,0,0.00%,$0.00,$257.04,0,0.00%,$0.00,$257.04,,,,
Gunston Elementary,5/22/2025,60121,"Sauce, Spicy Mayo(tbsp)",0,0,0,36,36,0,36,$3.24,0,0.00%,$0.00,$3.24,0,0.00%,$0.00,$3.24,,,,
Gunston Elementary,5/22/2025,60122,Asian Meatball Sub(sandwich),115,0,115,110,91,4,95,$169.10,0,0.00%,$0.00,$169.10,15,13.64%,$26.70,$195.80,,,,
Gunston Elementary,5/22/2025,x30159,Chickpeas(1/2 cup),0,0,0,7,6,0,6,$1.08,1,14.29%,$0.18,$1.26,0,0.00%,$0.00,$1.26,,,,
HAYFIELD SS,5/22/2025,10001,"Patty, Chicken, Breaded, WG(2 strips)",25,0,25,60,57,0,57,$12.54,0,0.00%,$0.00,$12.54,3,5.00%,$0.66,$13.20,,,,
HAYFIELD SS,5/22/2025,10011,Sweet Thai Chili Sauce(ounce),0,0,0,40,40,0,40,$5.60,0,0.00%,$0.00,$5.60,0,0.00%,$0.00,$5.60,,,,
HAYFIELD SS,5/22/2025,10015,Baked Cheese Sticks(2 Cheese Sticks),484,0,484,480,480,0,480,$316.80,0,0.00%,$0.00,$316.80,0,0.00%,$0.00,$316.80,,,,
HAYFIELD SS,5/22/2025,10026,Chickenless Bites(4 Bites),0,0,0,260,182,0,182,$132.86,0,0.00%,$0.00,$132.86,78,30.00%,$56.94,$189.80,,,,
HAYFIELD SS,5/22/2025,10027,"Bread, Loco(1/2 piece)",0,0,0,113,113,0,113,$16.95,0,0.00%,$0.00,$16.95,0,0.00%,$0.00,$16.95,,,,
HAYFIELD SS,5/22/2025,10027,"Bread, Loco(flatbread)",0,0,0,260,182,0,182,$54.60,0,0.00%,$0.00,$54.60,78,30.00%,$23.40,$78.00,,,,
HAYFIELD SS,5/22/2025,10044,Soft Pretzel(1 pretzel),36,0,36,36,36,0,36,$7.92,0,0.00%,$0.00,$7.92,0,0.00%,$0.00,$7.92,,,,
HAYFIELD SS,5/22/2025,10049,"WG 10"" Flour Tortilla(Tortilla)",27,0,27,40,37,0,37,$12.95,0,0.00%,$0.00,$12.95,3,7.50%,$1.05,$14.00,,,,
HAYFIELD SS,5/22/2025,10051,"Turkey,  Breast, Pre-Sliced, Oven Roasted(3 Slices)",7,0,7,7,2,0,2,$1.08,0,0.00%,$0.00,$1.08,5,71.43%,$2.70,$3.78,,,,
HAYFIELD SS,5/22/2025,10062,Corn(1/4 cup (thawed)),19,0,19,20,20,0,20,$2.20,0,0.00%,$0.00,$2.20,0,0.00%,$0.00,$2.20,,,,
HAYFIELD SS,5/22/2025,10062,Corn(2 Tablespoons (thawed)),30,0,30,30,30,0,30,$1.50,0,0.00%,$0.00,$1.50,0,0.00%,$0.00,$1.50,,,,
HAYFIELD SS,5/22/2025,10075,Cheese Pizza(Slice),0,0,0,63,32,0,32,$18.24,0,0.00%,$0.00,$18.24,31,49.21%,$17.67,$35.91,,,,
HAYFIELD SS,5/22/2025,20001,1% White Milk(Each),70,0,70,38,11,0,11,$3.96,0,0.00%,$0.00,$3.96,27,71.05%,$9.72,$13.68,,,,
HAYFIELD SS,5/22/2025,20002,Fat Free Chocolate Milk(Each),461,0,461,873,557,0,557,$194.95,0,0.00%,$0.00,$194.95,316,36.20%,$110.60,$305.55,,,,
HAYFIELD SS,5/22/2025,20006,"Cheese, Shredded, Cheddar(1/4 cup)",94,0,94,145,140,0,140,$23.80,0,0.00%,$0.00,$23.80,5,3.45%,$0.85,$24.65,,,,
HAYFIELD SS,5/22/2025,20008,Apple Slices(6 Slices per 1/2 cup),67,0,67,50,50,0,50,$59.00,0,0.00%,$0.00,$59.00,0,0.00%,$0.00,$59.00,,,,
HAYFIELD SS,5/22/2025,20011,Cherry Tomatoes(1/4 cup),0,0,0,30,20,0,20,$7.40,0,0.00%,$0.00,$7.40,10,33.33%,$3.70,$11.10,,,,
HAYFIELD SS,5/22/2025,20014,Red Delicious Apple(Each - serving),0,0,0,375,352,0,352,$116.16,0,0.00%,$0.00,$116.16,23,6.13%,$7.59,$123.75,,,,
HAYFIELD SS,5/22/2025,20015,Golden Delicious Apple(Each),0,0,0,80,80,0,80,$24.80,0,0.00%,$0.00,$24.80,0,0.00%,$0.00,$24.80,,,,
HAYFIELD SS,5/22/2025,20017,Orange(1/4 cup),0,0,0,276,196,0,196,$33.32,0,0.00%,$0.00,$33.32,80,28.99%,$13.60,$46.92,,,,
HAYFIELD SS,5/22/2025,20018,Red Seedless Grapes(16 grapes per 1/2 cup),0,0,0,385,385,0,385,$196.35,0,0.00%,$0.00,$196.35,0,0.00%,$0.00,$196.35,,,,
HAYFIELD SS,5/22/2025,20023,Baby Carrots(3 baby carrots per 1/4 cup),0,0,0,180,140,0,140,$12.60,0,0.00%,$0.00,$12.60,40,22.22%,$3.60,$16.20,,,,
HAYFIELD SS,5/22/2025,20028,Lettuce Blend Salad Mix(1/2 cup),527,0,527,530,480,0,480,$38.40,0,0.00%,$0.00,$38.40,50,9.43%,$4.00,$42.40,,,,
HAYFIELD SS,5/22/2025,20035,"Onions, Red, Whole(2 Tablespoons (sliced))",40,0,40,40,40,0,40,$1.20,0,0.00%,$0.00,$1.20,0,0.00%,$0.00,$1.20,,,,
HAYFIELD SS,5/22/2025,20036,Celery Sticks(1/2 cup),0,0,0,50,40,0,40,$22.00,0,0.00%,$0.00,$22.00,10,20.00%,$5.50,$27.50,,,,
HAYFIELD SS,5/22/2025,20038,Fat Free White Milk(Each),12,0,12,241,115,0,115,$37.95,0,0.00%,$0.00,$37.95,126,52.28%,$41.58,$79.53,,,,
HAYFIELD SS,5/22/2025,20040,Cucumber Slices(2 Tablespoon),40,0,40,40,40,0,40,$1.20,0,0.00%,$0.00,$1.20,0,0.00%,$0.00,$1.20,,,,
HAYFIELD SS,5/22/2025,20041,"Peppers, Green, Whole(2 Tablespoon)",40,0,40,40,40,0,40,$2.40,0,0.00%,$0.00,$2.40,0,0.00%,$0.00,$2.40,,,,
HAYFIELD SS,5/22/2025,20042,"Peppers, Red, Whole(2 Tablespoons)",40,0,40,40,40,0,40,$2.00,0,0.00%,$0.00,$2.00,0,0.00%,$0.00,$2.00,,,,
HAYFIELD SS,5/22/2025,20047,Orange Slices(3 slices per 1/4 cup),0,0,0,40,40,0,40,$8.00,0,0.00%,$0.00,$8.00,0,0.00%,$0.00,$8.00,,,,
HAYFIELD SS,5/22/2025,20072,"Tomato, Large, whole, Plum(1/4 cup sliced)",0,0,0,25,25,0,25,$4.75,0,0.00%,$0.00,$4.75,0,0.00%,$0.00,$4.75,,,,
HAYFIELD SS,5/22/2025,20077,"Peppers, red, pre-sliced(1/2 cup sliced)",0,0,0,220,180,0,180,$100.80,0,0.00%,$0.00,$100.80,40,18.18%,$22.40,$123.20,,,,
HAYFIELD SS,5/22/2025,30002,Sub Roll(Sub Roll),3,0,3,10,2,0,2,$0.62,0,0.00%,$0.00,$0.62,8,80.00%,$2.48,$3.10,,,,
HAYFIELD SS,5/22/2025,30008,Apple Juice(Each),53,0,53,42,42,0,42,$7.14,0,0.00%,$0.00,$7.14,0,0.00%,$0.00,$7.14,,,,
HAYFIELD SS,5/22/2025,30009,Orange Tangerine Juice(Each),45,0,45,30,30,0,30,$5.10,0,0.00%,$0.00,$5.10,0,0.00%,$0.00,$5.10,,,,
HAYFIELD SS,5/22/2025,30018,Marinara Sauce(1/4 Cup),200,0,200,360,360,0,360,$54.00,0,0.00%,$0.00,$54.00,0,0.00%,$0.00,$54.00,,,,
HAYFIELD SS,5/22/2025,30024,Black Beans(1/2 Cup),0,0,0,25,25,0,25,$4.25,0,0.00%,$0.00,$4.25,0,0.00%,$0.00,$4.25,,,,
HAYFIELD SS,5/22/2025,30024,Black Beans(1/4 Cup),34,0,34,45,45,0,45,$4.05,0,0.00%,$0.00,$4.05,0,0.00%,$0.00,$4.05,,,,
HAYFIELD SS,5/22/2025,30041,Orange Flavored Dried Cranberries(Each),73,0,73,210,113,0,113,$27.12,0,0.00%,$0.00,$27.12,97,46.19%,$23.28,$50.40,,,,
HAYFIELD SS,5/22/2025,30061,Chilled Mandarin Oranges(1/2 cup (drained)),0,0,0,144,144,0,144,$48.96,0,0.00%,$0.00,$48.96,0,0.00%,$0.00,$48.96,,,,
HAYFIELD SS,5/22/2025,30063,Ketchup Packet(Packet),1834,0,1834,2000,2000,0,2000,$60.00,0,0.00%,$0.00,$60.00,0,0.00%,$0.00,$60.00,,,,
HAYFIELD SS,5/22/2025,30064,Mayonnaise Packet(Packet),423,0,423,450,425,0,425,$42.50,0,0.00%,$0.00,$42.50,25,5.56%,$2.50,$45.00,,,,
HAYFIELD SS,5/22/2025,30065,Mustard Packet(Packet),45,0,45,75,35,0,35,$1.75,0,0.00%,$0.00,$1.75,40,53.33%,$2.00,$3.75,,,,
HAYFIELD SS,5/22/2025,30077,Italian Dressing(1 ounce),82,0,82,174,82,0,82,$6.56,0,0.00%,$0.00,$6.56,92,52.87%,$7.36,$13.92,,,,
HAYFIELD SS,5/22/2025,30097,Bottled Water(Bottle),209,0,209,124,124,0,124,$19.84,0,0.00%,$0.00,$19.84,0,0.00%,$0.00,$19.84,,,,
HAYFIELD SS,5/22/2025,30099,Chickpeas(1/2 cup),0,0,0,45,45,0,45,$8.10,0,0.00%,$0.00,$8.10,0,0.00%,$0.00,$8.10,,,,
HAYFIELD SS,5/22/2025,30099,Chickpeas(2 Tablespoons),15,0,15,25,7,0,7,$0.28,0,0.00%,$0.00,$0.28,18,72.00%,$0.72,$1.00,,,,
HAYFIELD SS,5/22/2025,30107,Ranch Dressing(1 ounce),455,0,455,398,348,0,348,$38.28,0,0.00%,$0.00,$38.28,50,12.56%,$5.50,$43.78,,,,
HAYFIELD SS,5/22/2025,30110,Doritos Flamas(Each),50,0,50,50,50,0,50,$18.50,0,0.00%,$0.00,$18.50,0,0.00%,$0.00,$18.50,,,,
HAYFIELD SS,5/22/2025,30111,Doritos RF Spicy Sweet Chili(Each),46,0,46,50,50,0,50,$18.50,0,0.00%,$0.00,$18.50,0,0.00%,$0.00,$18.50,,,,
HAYFIELD SS,5/22/2025,30113,Cool Ranch Reduced Fat Doritos(Each),50,0,50,100,100,0,100,$37.00,0,0.00%,$0.00,$37.00,0,0.00%,$0.00,$37.00,,,,
HAYFIELD SS,5/22/2025,30114,SS Baked Cheetos Flaming Hot(Each),50,0,50,50,50,0,50,$26.50,0,0.00%,$0.00,$26.50,0,0.00%,$0.00,$26.50,,,,
HAYFIELD SS,5/22/2025,30117,WG Baked Funyuns(Each),51,0,51,26,26,0,26,$9.36,0,0.00%,$0.00,$9.36,0,0.00%,$0.00,$9.36,,,,
HAYFIELD SS,5/22/2025,30118,Kettle Cooked Smoky BBQ Chips(Each),50,0,50,50,50,0,50,$30.00,0,0.00%,$0.00,$30.00,0,0.00%,$0.00,$30.00,,,,
HAYFIELD SS,5/22/2025,30119,RF Kettle Chips Jalapeno & Cheddar Chips(Each),50,0,50,100,100,0,100,$60.00,0,0.00%,$0.00,$60.00,0,0.00%,$0.00,$60.00,,,,
HAYFIELD SS,5/22/2025,30120,RF Kettle Chips Sea Salt & Vinegar Chips(Each),50,0,50,50,50,0,50,$30.00,0,0.00%,$0.00,$30.00,0,0.00%,$0.00,$30.00,,,,
HAYFIELD SS,5/22/2025,30160,Lay's RF Kettle Original Chips(Each),50,0,50,50,50,0,50,$30.00,0,0.00%,$0.00,$30.00,0,0.00%,$0.00,$30.00,,,,
HAYFIELD SS,5/22/2025,60035,PB&J Power Pack(Power Packs),176,0,176,208,89,0,89,$96.12,0,0.00%,$0.00,$96.12,119,57.21%,$128.52,$224.64,,,,
HAYFIELD SS,5/22/2025,60037,Strawberry & Banana Yogurt Power Pack(Power Packs),12,0,12,26,7,0,7,$5.60,0,0.00%,$0.00,$5.60,19,73.08%,$15.20,$20.80,,,,
HAYFIELD SS,5/22/2025,60042,Beef Meatball Sub Sandwich(Sandwich),0,0,0,144,112,0,112,$143.36,0,0.00%,$0.00,$143.36,32,22.22%,$40.96,$184.32,,,,
HAYFIELD SS,5/22/2025,60047,Chicken Tenders(3 tenders),0,0,0,183,183,0,183,$172.02,0,0.00%,$0.00,$172.02,0,0.00%,$0.00,$172.02,,,,
HAYFIELD SS,5/22/2025,60064,Vegetable Dumpling(6 dumplings),0,0,0,6,6,0,6,$0.00,0,0.00%,$0.00,$0.00,0,0.00%,$0.00,$0.00,,,,
HAYFIELD SS,5/22/2025,60072,Spicy Breaded Chicken Patty on Bun(Sandwich),0,0,0,140,140,0,140,$105.00,0,0.00%,$0.00,$105.00,0,0.00%,$0.00,$105.00,,,,
HAYFIELD SS,5/22/2025,60075,Spicy Chicken Wrap(Wrap),19,0,19,26,18,0,18,$21.06,0,0.00%,$0.00,$21.06,8,30.77%,$9.36,$30.42,,,,
HAYFIELD SS,5/22/2025,60095,Chicken and Cheese Quesadilla(Quesadilla),0,0,0,227,134,0,134,$117.92,0,0.00%,$0.00,$117.92,93,40.97%,$81.84,$199.76,,,,
HERNDON HS,5/22/2025,10015,Baked Cheese Sticks(2 Cheese Sticks),350,0,350,303,229,0,229,$151.14,0,0.00%,$0.00,$151.14,74,24.42%,$48.84,$199.98,,,,
HERNDON HS,5/22/2025,10026,Chickenless Bites(4 Bites),150,0,150,150,75,0,75,$54.75,0,0.00%,$0.00,$54.75,75,50.00%,$54.75,$109.50,,,,
HERNDON HS,5/22/2025,10027,"Bread, Loco(flatbread)",150,0,150,150,75,0,75,$22.50,0,0.00%,$0.00,$22.50,75,50.00%,$22.50,$45.00,,,,
HERNDON HS,5/22/2025,10033,Chocolate Chip Cookie(Cookie),107,0,107,80,78,0,78,$21.06,0,0.00%,$0.00,$21.06,2,2.50%,$0.54,$21.60,,,,
HERNDON HS,5/22/2025,10044,Soft Pretzel(1 pretzel),8,0,8,0,0,0,0,$0.00,0,0.00%,$0.00,$0.00,0,0.00%,$0.00,$0.00,,,,
HERNDON HS,5/22/2025,10062,Corn(1/4 cup (thawed)),100,0,100,80,80,0,80,$8.80,0,0.00%,$0.00,$8.80,0,0.00%,$0.00,$8.80,,,,
HERNDON HS,5/22/2025,10075,Cheese Pizza(Slice),0,0,0,60,52,0,52,$29.64,0,0.00%,$0.00,$29.64,8,13.33%,$4.56,$34.20,,,,
HERNDON HS,5/22/2025,20001,1% White Milk(Each),53,0,53,216,41,0,41,$14.76,0,0.00%,$0.00,$14.76,175,81.02%,$63.00,$77.76,,,,
HERNDON HS,5/22/2025,20002,Fat Free Chocolate Milk(Each),416,0,416,512,337,0,337,$117.95,0,0.00%,$0.00,$117.95,175,34.18%,$61.25,$179.20,,,,
HERNDON HS,5/22/2025,20008,Apple Slices(3 slices per 1/4 cup),0,0,0,73,73,0,73,$43.07,0,0.00%,$0.00,$43.07,0,0.00%,$0.00,$43.07,,,,
HERNDON HS,5/22/2025,20014,Red Delicious Apple(Each - serving),250,0,250,225,196,0,196,$64.68,0,0.00%,$0.00,$64.68,29,12.89%,$9.57,$74.25,,,,
HERNDON HS,5/22/2025,20017,Orange(1/4 cup),200,0,200,235,129,0,129,$21.93,0,0.00%,$0.00,$21.93,106,45.11%,$18.02,$39.95,,,,
HERNDON HS,5/22/2025,20018,Red Seedless Grapes(16 grapes per 1/2 cup),250,0,250,225,225,0,225,$114.75,0,0.00%,$0.00,$114.75,0,0.00%,$0.00,$114.75,,,,
HERNDON HS,5/22/2025,20027,Broccoli Florets(1/4 cup),125,0,125,50,47,0,47,$3.76,0,0.00%,$0.00,$3.76,3,6.00%,$0.24,$4.00,,,,
HERNDON HS,5/22/2025,20028,Lettuce Blend Salad Mix(1/2 cup),80,0,80,80,78,0,78,$6.24,0,0.00%,$0.00,$6.24,2,2.50%,$0.16,$6.40,,,,
HERNDON HS,5/22/2025,20031,Banana(Each),350,0,350,113,113,0,113,$23.73,0,0.00%,$0.00,$23.73,0,0.00%,$0.00,$23.73,,,,
HERNDON HS,5/22/2025,20038,Fat Free White Milk(Each),37,0,37,274,24,0,24,$7.92,0,0.00%,$0.00,$7.92,250,91.24%,$82.50,$90.42,,,,
HERNDON HS,5/22/2025,30018,Marinara Sauce(1/4 Cup),350,0,350,303,229,0,229,$34.35,0,0.00%,$0.00,$34.35,74,24.42%,$11.10,$45.45,,,,
HERNDON HS,5/22/2025,30024,Black Beans(1/4 Cup),35,0,35,30,20,0,20,$1.80,0,0.00%,$0.00,$1.80,10,33.33%,$0.90,$2.70,,,,
HERNDON HS,5/22/2025,30061,Chilled Mandarin Oranges(1/2 cup (drained)),0,0,0,250,250,0,250,$85.00,0,0.00%,$0.00,$85.00,0,0.00%,$0.00,$85.00,,,,
HERNDON HS,5/22/2025,30063,Ketchup Packet(Packet),1493,0,1493,1500,1390,0,1390,$41.70,0,0.00%,$0.00,$41.70,110,7.33%,$3.30,$45.00,,,,
HERNDON HS,5/22/2025,30064,Mayonnaise Packet(Packet),801,0,801,900,890,0,890,$89.00,0,0.00%,$0.00,$89.00,10,1.11%,$1.00,$90.00,,,,
HERNDON HS,5/22/2025,30065,Mustard Packet(Packet),761,0,761,800,725,0,725,$36.25,0,0.00%,$0.00,$36.25,75,9.38%,$3.75,$40.00,,,,
HERNDON HS,5/22/2025,30077,Italian Dressing(1 ounce),89,0,89,100,85,0,85,$6.80,0,0.00%,$0.00,$6.80,15,15.00%,$1.20,$8.00,,,,
HERNDON HS,5/22/2025,30097,Bottled Water(Bottle),27,0,27,30,25,0,25,$4.00,0,0.00%,$0.00,$4.00,5,16.67%,$0.80,$4.80,,,,
HERNDON HS,5/22/2025,30110,Doritos Flamas(Each),9,0,9,15,15,0,15,$5.55,0,0.00%,$0.00,$5.55,0,0.00%,$0.00,$5.55,,,,
HERNDON HS,5/22/2025,30114,SS Baked Cheetos Flaming Hot(Each),9,0,9,10,10,0,10,$5.30,0,0.00%,$0.00,$5.30,0,0.00%,$0.00,$5.30,,,,
HERNDON HS,5/22/2025,30118,Kettle Cooked Smoky BBQ Chips(Each),7,0,7,10,10,0,10,$6.00,0,0.00%,$0.00,$6.00,0,0.00%,$0.00,$6.00,,,,
HERNDON HS,5/22/2025,30119,RF Kettle Chips Jalapeno & Cheddar Chips(Each),10,0,10,20,20,0,20,$12.00,0,0.00%,$0.00,$12.00,0,0.00%,$0.00,$12.00,,,,
HERNDON HS,5/22/2025,30120,RF Kettle Chips Sea Salt & Vinegar Chips(Each),11,0,11,1,1,0,1,$0.60,0,0.00%,$0.00,$0.60,0,0.00%,$0.00,$0.60,,,,
HERNDON HS,5/22/2025,60009,"Sandwich, Turkey & Cheese(sandwich)",0,0,0,35,24,0,24,$16.56,0,0.00%,$0.00,$16.56,11,31.43%,$7.59,$24.15,,,,
HERNDON HS,5/22/2025,60035,PB&J Power Pack(Power Packs),150,0,150,72,71,0,71,$76.68,0,0.00%,$0.00,$76.68,1,1.39%,$1.08,$77.76,,,,
HERNDON HS,5/22/2025,60037,Strawberry & Banana Yogurt Power Pack(Power Packs),5,0,5,5,4,0,4,$3.20,0,0.00%,$0.00,$3.20,1,20.00%,$0.80,$4.00,,,,
HERNDON HS,5/22/2025,60038,Peach Yogurt Power Pack(Power Packs),5,0,5,5,4,0,4,$3.20,0,0.00%,$0.00,$3.20,1,20.00%,$0.80,$4.00,,,,
HERNDON HS,5/22/2025,60041,Turkey Pepperoni Pizza(1.37 oz),0,0,0,132,111,0,111,$75.48,0,0.00%,$0.00,$75.48,21,15.91%,$14.28,$89.76,,,,
HERNDON HS,5/22/2025,60047,Chicken Tenders(3 tenders),0,0,0,140,140,0,140,$131.60,0,0.00%,$0.00,$131.60,0,0.00%,$0.00,$131.60,,,,
HERNDON HS,5/22/2025,60064,Vegetable Dumpling(6 dumplings),0,0,0,18,18,0,18,$0.00,0,0.00%,$0.00,$0.00,0,0.00%,$0.00,$0.00,,,,
HERNDON HS,5/22/2025,60077,Manager's Vegetable Choice(1/4 cup),150,0,150,120,115,0,115,$0.00,0,0.00%,$0.00,$0.00,5,4.17%,$0.00,$0.00,,,,
HERNDON HS,5/22/2025,60078,Nachos with Turkey Barbacoa and Cheese Sauce(Serving),0,0,0,18,18,0,18,$23.94,0,0.00%,$0.00,$23.94,0,0.00%,$0.00,$23.94,,,,
HERNDON HS,5/22/2025,60150,Strawberry Parfait Power Pack(Power Pack),25,0,25,34,26,0,26,$42.38,0,0.00%,$0.00,$42.38,8,23.53%,$13.04,$55.42,,,,
HERNDON HS,5/22/2025,60155,Fish  Sandwich(Sandwich),0,0,0,30,30,0,30,$21.00,0,0.00%,$0.00,$21.00,0,0.00%,$0.00,$21.00,,,,
Halley Elementary,5/22/2025,10075,Cheese Pizza(Slice),0,0,0,53,51,1,52,$29.64,1,1.89%,$0.57,$30.21,0,0.00%,$0.00,$30.21,,,,
Halley Elementary,5/22/2025,20001,1% White Milk(Each),92,0,92,101,79,0,79,$28.44,0,0.00%,$0.00,$28.44,22,21.78%,$7.92,$36.36,,,,
Halley Elementary,5/22/2025,20002,Fat Free Chocolate Milk(Each),122,0,122,190,174,3,177,$61.95,0,0.00%,$0.00,$61.95,13,6.84%,$4.55,$66.50,,,,
Halley Elementary,5/22/2025,20014,Red Delicious Apple(Each - serving),0,0,0,120,109,0,109,$35.97,0,0.00%,$0.00,$35.97,11,9.17%,$3.63,$39.60,,,,
Halley Elementary,5/22/2025,20017,Orange(1/4 cup),0,0,0,80,79,0,79,$13.43,1,1.25%,$0.17,$13.60,0,0.00%,$0.00,$13.60,,,,
Halley Elementary,5/22/2025,20028,Lettuce Blend Salad Mix(1 cup),55,0,55,53,53,0,53,$8.48,0,0.00%,$0.00,$8.48,0,0.00%,$0.00,$8.48,,,,
Halley Elementary,5/22/2025,20028,Lettuce Blend Salad Mix(1/2 cup),93,0,93,80,79,0,79,$6.32,1,1.25%,$0.08,$6.40,0,0.00%,$0.00,$6.40,,,,
Halley Elementary,5/22/2025,20031,Banana(Each),55,0,55,53,53,0,53,$11.13,0,0.00%,$0.00,$11.13,0,0.00%,$0.00,$11.13,,,,
Halley Elementary,5/22/2025,20038,Fat Free White Milk(Each),66,0,66,24,11,0,11,$3.63,0,0.00%,$0.00,$3.63,13,54.17%,$4.29,$7.92,,,,
Halley Elementary,5/22/2025,20077,"Peppers, red, pre-sliced(1/2 cup sliced)",0,0,0,60,58,0,58,$32.48,2,3.33%,$1.12,$33.60,0,0.00%,$0.00,$33.60,,,,
Halley Elementary,5/22/2025,30008,Apple Juice(Each),25,0,25,25,0,23,23,$0.00,0,0.00%,$0.00,$0.00,2,8.00%,$0.00,$0.00,,,,
Halley Elementary,5/22/2025,30009,Orange Tangerine Juice(Each),25,0,25,25,0,22,22,$0.00,0,0.00%,$0.00,$0.00,3,12.00%,$0.00,$0.00,,,,
Halley Elementary,5/22/2025,30033,Cheez-Its Crackers(Package),0,0,0,25,0,10,10,$0.00,0,0.00%,$0.00,$0.00,15,60.00%,$0.00,$0.00,,,,
Halley Elementary,5/22/2025,30034,Graham Crackers(Package),25,0,25,24,24,0,24,$3.36,0,0.00%,$0.00,$3.36,0,0.00%,$0.00,$3.36,,,,
Halley Elementary,5/22/2025,30037,IW Applesauce Cup(Each),25,0,25,24,24,0,24,$6.48,0,0.00%,$0.00,$6.48,0,0.00%,$0.00,$6.48,,,,
Halley Elementary,5/22/2025,30039,Cherry Flavored Dried Cranberries(Each),18,0,18,30,20,0,20,$4.80,0,0.00%,$0.00,$4.80,10,33.33%,$2.40,$7.20,,,,
Halley Elementary,5/22/2025,30041,Orange Flavored Dried Cranberries(Each),38,0,38,30,18,0,18,$4.32,0,0.00%,$0.00,$4.32,12,40.00%,$2.88,$7.20,,,,
Halley Elementary,5/22/2025,30077,Italian Dressing(1 ounce),22,0,22,48,36,0,36,$2.88,0,0.00%,$0.00,$2.88,12,25.00%,$0.96,$3.84,,,,
Halley Elementary,5/22/2025,30097,Bottled Water(Bottle),10,0,10,20,0,15,15,$0.00,0,0.00%,$0.00,$0.00,5,25.00%,$0.00,$0.00,,,,
Halley Elementary,5/22/2025,30099,Chickpeas(1/4 cup),59,0,59,60,59,0,59,$5.31,1,1.67%,$0.09,$5.40,0,0.00%,$0.00,$5.40,,,,
Halley Elementary,5/22/2025,30107,Ranch Dressing(1 ounce),116,0,116,99,97,0,97,$10.67,2,2.02%,$0.22,$10.89,0,0.00%,$0.00,$10.89,,,,
Halley Elementary,5/22/2025,60035,PB&J Power Pack(Power Packs),48,0,48,80,60,0,60,$64.80,0,0.00%,$0.00,$64.80,20,25.00%,$21.60,$86.40,,,,
Halley Elementary,5/22/2025,60036,Cherry Vanilla Yogurt Power Pack(Power Packs),13,0,13,20,18,0,18,$14.40,0,0.00%,$0.00,$14.40,2,10.00%,$1.60,$16.00,,,,
Halley Elementary,5/22/2025,60037,Strawberry & Banana Yogurt Power Pack(Power Packs),19,0,19,40,39,0,39,$31.20,0,0.00%,$0.00,$31.20,1,2.50%,$0.80,$32.00,,,,
Halley Elementary,5/22/2025,60038,Peach Yogurt Power Pack(Power Packs),10,0,10,20,19,0,19,$15.20,0,0.00%,$0.00,$15.20,1,5.00%,$0.80,$16.00,,,,
Halley Elementary,5/22/2025,60054,Steamed Broccoli(1/2 cup),80,0,80,85,84,0,84,$12.60,1,1.18%,$0.15,$12.75,0,0.00%,$0.00,$12.75,,,,
Halley Elementary,5/22/2025,60077,Manager's Vegetable Choice(1/4 cup),81,0,81,80,74,0,74,$0.00,0,0.00%,$0.00,$0.00,6,7.50%,$0.00,$0.00,,,,
Halley Elementary,5/22/2025,60122,Asian Meatball Sub(sandwich),117,0,117,93,77,15,92,$163.76,1,1.08%,$1.78,$165.54,0,0.00%,$0.00,$165.54,,,,
Haycock Elementary,5/22/2025,10044,Soft Pretzel(1 pretzel),4,0,4,3,3,0,3,$0.66,0,0.00%,$0.00,$0.66,0,0.00%,$0.00,$0.66,,,,
Haycock Elementary,5/22/2025,10062,Corn(1/4 cup (thawed)),75,0,75,25,25,0,25,$2.75,0,0.00%,$0.00,$2.75,0,0.00%,$0.00,$2.75,,,,
Haycock Elementary,5/22/2025,20001,1% White Milk(Each),18,0,18,59,29,0,29,$10.44,0,0.00%,$0.00,$10.44,30,50.85%,$10.80,$21.24,,,,
Haycock Elementary,5/22/2025,20002,Fat Free Chocolate Milk(Each),127,0,127,397,147,0,147,$51.45,0,0.00%,$0.00,$51.45,250,62.97%,$87.50,$138.95,,,,
Haycock Elementary,5/22/2025,20027,Broccoli Florets(1/4 cup),50,0,50,50,50,0,50,$4.00,0,0.00%,$0.00,$4.00,0,0.00%,$0.00,$4.00,,,,
Haycock Elementary,5/22/2025,20028,Lettuce Blend Salad Mix(1/2 cup),80,0,80,80,75,0,75,$6.00,5,6.25%,$0.40,$6.40,0,0.00%,$0.00,$6.40,,,,
Haycock Elementary,5/22/2025,20038,Fat Free White Milk(Each),8,0,8,29,19,0,19,$6.27,0,0.00%,$0.00,$6.27,10,34.48%,$3.30,$9.57,,,,
Haycock Elementary,5/22/2025,30045,Watermelon Flavored Dried Cranberries(Each),29,0,29,150,115,0,115,$27.60,0,0.00%,$0.00,$27.60,35,23.33%,$8.40,$36.00,,,,
Haycock Elementary,5/22/2025,30077,Italian Dressing(1 ounce),25,0,25,50,50,0,50,$4.00,0,0.00%,$0.00,$4.00,0,0.00%,$0.00,$4.00,,,,
Haycock Elementary,5/22/2025,30099,Chickpeas(1/4 cup),30,0,30,25,25,0,25,$2.25,0,0.00%,$0.00,$2.25,0,0.00%,$0.00,$2.25,,,,
Haycock Elementary,5/22/2025,30107,Ranch Dressing(1 ounce),25,0,25,25,25,0,25,$2.75,0,0.00%,$0.00,$2.75,0,0.00%,$0.00,$2.75,,,,
Haycock Elementary,5/22/2025,60035,PB&J Power Pack(Power Packs),120,0,120,100,71,27,98,$105.84,0,0.00%,$0.00,$105.84,2,2.00%,$2.16,$108.00,,,,
Haycock Elementary,5/22/2025,60042,Beef Meatball Sub Sandwich(Sandwich),0,0,0,4,4,0,4,$5.12,0,0.00%,$0.00,$5.12,0,0.00%,$0.00,$5.12,,,,
Haycock Elementary,5/22/2025,60076,"Penne Pasta with Marinara and Beef Meatballs(cup cooked pasta, 1/2c sauce, 5 meatballs)",0,0,0,19,19,0,19,$23.75,0,0.00%,$0.00,$23.75,0,0.00%,$0.00,$23.75,,,,
Haycock Elementary,5/22/2025,60077,Manager's Vegetable Choice(1/4 cup),93,0,93,100,99,0,99,$0.00,1,1.00%,$0.00,$0.00,0,0.00%,$0.00,$0.00,,,,
Haycock Elementary,5/22/2025,60078,Nachos with Turkey Barbacoa and Cheese Sauce(Serving),0,0,0,23,23,0,23,$30.59,0,0.00%,$0.00,$30.59,0,0.00%,$0.00,$30.59,,,,
Haycock Elementary,5/22/2025,60100,Black Beans - salad bar entree(1/2 cup),4,0,4,3,3,0,3,$0.51,0,0.00%,$0.00,$0.51,0,0.00%,$0.00,$0.51,,,,
Haycock Elementary,5/22/2025,60108,Chicken Tenders Sub(Sandwich),0,0,0,17,17,0,17,$21.08,0,0.00%,$0.00,$21.08,0,0.00%,$0.00,$21.08,,,,
Haycock Elementary,5/22/2025,60120,Asian Veggie Sub(sandwich),5,0,5,20,17,0,17,$32.13,3,15.00%,$5.67,$37.80,0,0.00%,$0.00,$37.80,,,,
Haycock Elementary,5/22/2025,60122,Asian Meatball Sub(sandwich),35,0,35,65,61,0,61,$108.58,4,6.15%,$7.12,$115.70,0,0.00%,$0.00,$115.70,,,,
Haycock Elementary,5/22/2025,60150,Strawberry Parfait Power Pack(Power Pack),40,0,40,37,37,0,37,$60.31,0,0.00%,$0.00,$60.31,0,0.00%,$0.00,$60.31,,,,
Hayfield Elementary,5/22/2025,10033,Chocolate Chip Cookie(1/2 Cookie),192,0,192,119,115,0,115,$16.10,0,0.00%,$0.00,$16.10,4,3.36%,$0.56,$16.66,,,,
Hayfield Elementary,5/22/2025,10036,Vanilla Sugar Cookie(1/2 Cookie),0,0,0,42,29,0,29,$4.06,0,0.00%,$0.00,$4.06,13,30.95%,$1.82,$5.88,,,,
Hayfield Elementary,5/22/2025,10044,Soft Pretzel(1 pretzel),11,0,11,14,5,1,6,$1.32,0,0.00%,$0.00,$1.32,8,57.14%,$1.76,$3.08,,,,
Hayfield Elementary,5/22/2025,20001,1% White Milk(Each),15,0,15,2,2,0,2,$0.72,0,0.00%,$0.00,$0.72,0,0.00%,$0.00,$0.72,,,,
Hayfield Elementary,5/22/2025,20002,Fat Free Chocolate Milk(Each),176,0,176,290,138,0,138,$48.30,0,0.00%,$0.00,$48.30,152,52.41%,$53.20,$101.50,,,,
Hayfield Elementary,5/22/2025,20008,Apple Slices(6 Slices per 1/2 cup),0,0,0,174,159,0,159,$187.62,0,0.00%,$0.00,$187.62,15,8.62%,$17.70,$205.32,,,,
Hayfield Elementary,5/22/2025,20012,Grape Tomatoes(6 Tomatoes per 1/2 cup),0,0,0,63,45,0,45,$23.40,0,0.00%,$0.00,$23.40,18,28.57%,$9.36,$32.76,,,,
Hayfield Elementary,5/22/2025,20023,Baby Carrots(6 Baby Carrots per 1/2 cup),0,0,0,60,56,0,56,$9.52,0,0.00%,$0.00,$9.52,4,6.67%,$0.68,$10.20,,,,
Hayfield Elementary,5/22/2025,20028,Lettuce Blend Salad Mix(1/2 cup),40,0,40,40,40,0,40,$3.20,0,0.00%,$0.00,$3.20,0,0.00%,$0.00,$3.20,,,,
Hayfield Elementary,5/22/2025,20031,Banana(Each),72,0,72,6,6,0,6,$1.26,0,0.00%,$0.00,$1.26,0,0.00%,$0.00,$1.26,,,,
Hayfield Elementary,5/22/2025,20038,Fat Free White Milk(Each),2,0,2,8,2,0,2,$0.66,0,0.00%,$0.00,$0.66,6,75.00%,$1.98,$2.64,,,,
Hayfield Elementary,5/22/2025,20047,Orange Slices(6 Slices per 1/2 cup),0,0,0,111,97,0,97,$38.80,0,0.00%,$0.00,$38.80,14,12.61%,$5.60,$44.40,,,,
Hayfield Elementary,5/22/2025,20077,"Peppers, red, pre-sliced(1/2 cup sliced)",0,0,0,4,4,0,4,$2.24,0,0.00%,$0.00,$2.24,0,0.00%,$0.00,$2.24,,,,
Hayfield Elementary,5/22/2025,20080,"Carrots, Shredded(Cup)",0,0,0,24,19,0,19,$6.27,0,0.00%,$0.00,$6.27,5,20.83%,$1.65,$7.92,,,,
Hayfield Elementary,5/22/2025,30008,Apple Juice(Each),10,0,10,10,10,0,10,$1.70,0,0.00%,$0.00,$1.70,0,0.00%,$0.00,$1.70,,,,
Hayfield Elementary,5/22/2025,30009,Orange Tangerine Juice(Each),10,0,10,11,11,0,11,$1.87,0,0.00%,$0.00,$1.87,0,0.00%,$0.00,$1.87,,,,
Hayfield Elementary,5/22/2025,30033,Cheez-Its Crackers(Package),0,0,0,20,14,0,14,$2.52,0,0.00%,$0.00,$2.52,6,30.00%,$1.08,$3.60,,,,
Hayfield Elementary,5/22/2025,30044,Strawberry Flavored Dried Cranberries(Each),20,0,20,12,11,0,11,$2.64,0,0.00%,$0.00,$2.64,1,8.33%,$0.24,$2.88,,,,
Hayfield Elementary,5/22/2025,30063,Ketchup Packet(Packet),0,0,0,401,227,0,227,$6.81,0,0.00%,$0.00,$6.81,174,43.39%,$5.22,$12.03,,,,
Hayfield Elementary,5/22/2025,30077,Italian Dressing(1 ounce),6,0,6,12,3,0,3,$0.24,0,0.00%,$0.00,$0.24,9,75.00%,$0.72,$0.96,,,,
Hayfield Elementary,5/22/2025,30094,Doritos Wild White Nacho Flavored Tortilla Chips(Bag),72,0,72,85,78,0,78,$27.30,0,0.00%,$0.00,$27.30,7,8.24%,$2.45,$29.75,,,,
Hayfield Elementary,5/22/2025,30097,Bottled Water(Bottle),12,0,12,12,6,0,6,$0.96,0,0.00%,$0.00,$0.96,6,50.00%,$0.96,$1.92,,,,
Hayfield Elementary,5/22/2025,30099,Chickpeas(1/2 cup),12,0,12,8,7,0,7,$1.26,0,0.00%,$0.00,$1.26,1,12.50%,$0.18,$1.44,,,,
Hayfield Elementary,5/22/2025,30102,1% Unflavored Shelf-Stable Milk(Each),0,0,0,33,27,0,27,$10.26,0,0.00%,$0.00,$10.26,6,18.18%,$2.28,$12.54,,,,
Hayfield Elementary,5/22/2025,30107,Ranch Dressing(1 ounce),22,0,22,28,26,0,26,$2.86,0,0.00%,$0.00,$2.86,2,7.14%,$0.22,$3.08,,,,
Hayfield Elementary,5/22/2025,60035,PB&J Power Pack(Power Packs),60,0,60,71,56,0,56,$60.48,0,0.00%,$0.00,$60.48,15,21.13%,$16.20,$76.68,,,,
Hayfield Elementary,5/22/2025,60037,Strawberry & Banana Yogurt Power Pack(Power Packs),40,0,40,35,29,0,29,$23.20,0,0.00%,$0.00,$23.20,6,17.14%,$4.80,$28.00,,,,
Hayfield Elementary,5/22/2025,60063,Chicken & Vegetable Dumplings(6 dumplings),0,0,0,9,9,0,9,$0.00,0,0.00%,$0.00,$0.00,0,0.00%,$0.00,$0.00,,,,
Hayfield Elementary,5/22/2025,60100,Black Beans - salad bar entree(1/2 cup),1,0,1,1,0,1,1,$0.00,0,0.00%,$0.00,$0.00,0,0.00%,$0.00,$0.00,,,,
Hayfield Elementary,5/22/2025,60122,Asian Meatball Sub(sandwich),180,0,180,194,144,4,148,$263.44,2,1.03%,$3.56,$267.00,44,22.68%,$78.32,$345.32,,,,
Herndon Elementary,5/22/2025,10044,Soft Pretzel(1 pretzel),2,0,2,0,0,0,0,$0.00,0,0.00%,$0.00,$0.00,0,0.00%,$0.00,$0.00,,,,
Herndon Elementary,5/22/2025,10062,Corn(1/2 cup (cooked)),168,0,168,128,123,0,123,$25.83,5,3.91%,$1.05,$26.88,0,0.00%,$0.00,$26.88,,,,
Herndon Elementary,5/22/2025,10084,"Chicken, Bites(4 Bites)",0,0,0,60,59,0,59,$48.97,1,1.67%,$0.83,$49.80,0,0.00%,$0.00,$49.80,,,,
Herndon Elementary,5/22/2025,20001,1% White Milk(Each),68,0,68,85,73,0,73,$26.28,0,0.00%,$0.00,$26.28,12,14.12%,$4.32,$30.60,,,,
Herndon Elementary,5/22/2025,20002,Fat Free Chocolate Milk(Each),370,0,370,375,366,0,366,$128.10,0,0.00%,$0.00,$128.10,9,2.40%,$3.15,$131.25,,,,
Herndon Elementary,5/22/2025,20008,Apple Slices(3 slices per 1/4 cup),0,0,0,384,370,0,370,$218.30,0,0.00%,$0.00,$218.30,14,3.65%,$8.26,$226.56,,,,
Herndon Elementary,5/22/2025,20017,Orange(1/4 cup),0,0,0,135,128,0,128,$21.76,0,0.00%,$0.00,$21.76,7,5.19%,$1.19,$22.95,,,,
Herndon Elementary,5/22/2025,20028,Lettuce Blend Salad Mix(1 cup),37,0,37,36,36,0,36,$5.76,0,0.00%,$0.00,$5.76,0,0.00%,$0.00,$5.76,,,,
Herndon Elementary,5/22/2025,20028,Lettuce Blend Salad Mix(1/2 cup),220,0,220,160,151,0,151,$12.08,9,5.63%,$0.72,$12.80,0,0.00%,$0.00,$12.80,,,,
Herndon Elementary,5/22/2025,20031,Banana(Each),109,0,109,111,109,0,109,$22.89,2,1.80%,$0.42,$23.31,0,0.00%,$0.00,$23.31,,,,
Herndon Elementary,5/22/2025,20038,Fat Free White Milk(Each),140,0,140,20,15,0,15,$4.95,0,0.00%,$0.00,$4.95,5,25.00%,$1.65,$6.60,,,,
Herndon Elementary,5/22/2025,20043,"Lactose Free, White Milk(Each)",0,0,0,1,1,0,1,$0.58,0,0.00%,$0.00,$0.58,0,0.00%,$0.00,$0.58,,,,
Herndon Elementary,5/22/2025,30033,Cheez-Its Crackers(Package),0,0,0,175,175,0,175,$31.50,0,0.00%,$0.00,$31.50,0,0.00%,$0.00,$31.50,,,,
Herndon Elementary,5/22/2025,30034,Graham Crackers(Package),35,0,35,34,34,0,34,$4.76,0,0.00%,$0.00,$4.76,0,0.00%,$0.00,$4.76,,,,
Herndon Elementary,5/22/2025,30037,IW Applesauce Cup(Each),35,0,35,34,34,0,34,$9.18,0,0.00%,$0.00,$9.18,0,0.00%,$0.00,$9.18,,,,
Herndon Elementary,5/22/2025,30099,Chickpeas(1/4 cup),30,0,30,30,26,0,26,$2.34,4,13.33%,$0.36,$2.70,0,0.00%,$0.00,$2.70,,,,
Herndon Elementary,5/22/2025,30107,Ranch Dressing(1 ounce),153,0,153,156,148,0,148,$16.28,8,5.13%,$0.88,$17.16,0,0.00%,$0.00,$17.16,,,,
Herndon Elementary,5/22/2025,30158,Black Beans(1/2 Cup),0,0,0,30,26,0,26,$4.42,4,13.33%,$0.68,$5.10,0,0.00%,$0.00,$5.10,,,,
Herndon Elementary,5/22/2025,60035,PB&J Power Pack(Power Packs),68,0,68,100,87,0,87,$93.96,0,0.00%,$0.00,$93.96,13,13.00%,$14.04,$108.00,,,,
Herndon Elementary,5/22/2025,60036,Cherry Vanilla Yogurt Power Pack(Power Packs),30,0,30,36,35,0,35,$28.00,0,0.00%,$0.00,$28.00,1,2.78%,$0.80,$28.80,,,,
Herndon Elementary,5/22/2025,60037,Strawberry & Banana Yogurt Power Pack(Power Packs),30,0,30,36,35,0,35,$28.00,0,0.00%,$0.00,$28.00,1,2.78%,$0.80,$28.80,,,,
Herndon Elementary,5/22/2025,60038,Peach Yogurt Power Pack(Power Packs),25,0,25,24,22,0,22,$17.60,0,0.00%,$0.00,$17.60,2,8.33%,$1.60,$19.20,,,,
Herndon Elementary,5/22/2025,60054,Steamed Broccoli(1/2 cup),79,0,79,84,79,0,79,$11.85,5,5.95%,$0.75,$12.60,0,0.00%,$0.00,$12.60,,,,
Herndon Elementary,5/22/2025,60077,Manager's Vegetable Choice(1/4 cup),180,0,180,192,178,0,178,$0.00,0,0.00%,$0.00,$0.00,14,7.29%,$0.00,$0.00,,,,
Herndon Elementary,5/22/2025,60120,Asian Veggie Sub(sandwich),66,0,66,254,245,0,245,$463.05,0,0.00%,$0.00,$463.05,9,3.54%,$17.01,$480.06,,,,
Herndon Elementary,5/22/2025,60122,Asian Meatball Sub(sandwich),118,0,118,132,126,0,126,$224.28,0,0.00%,$0.00,$224.28,6,4.55%,$10.68,$234.96,,,,
Herndon Middle,5/22/2025,10015,Baked Cheese Sticks(2 Cheese Sticks),270,0,270,280,274,5,279,$184.14,1,0.36%,$0.66,$184.80,0,0.00%,$0.00,$184.80,,,,
Herndon Middle,5/22/2025,10026,Chickenless Bites(4 Bites),0,0,0,290,286,4,290,$211.70,0,0.00%,$0.00,$211.70,0,0.00%,$0.00,$211.70,,,,
Herndon Middle,5/22/2025,10033,Chocolate Chip Cookie(Cookie),0,0,0,90,90,0,90,$24.30,0,0.00%,$0.00,$24.30,0,0.00%,$0.00,$24.30,,,,
Herndon Middle,5/22/2025,10039,Potato Encrusted Breaded Pollock(Fillet),0,0,0,12,9,3,12,$7.92,0,0.00%,$0.00,$7.92,0,0.00%,$0.00,$7.92,,,,
Herndon Middle,5/22/2025,10044,Soft Pretzel(1 pretzel),8,0,8,0,0,0,0,$0.00,0,0.00%,$0.00,$0.00,0,0.00%,$0.00,$0.00,,,,
Herndon Middle,5/22/2025,20001,1% White Milk(Each),46,0,46,75,37,0,37,$13.32,0,0.00%,$0.00,$13.32,38,50.67%,$13.68,$27.00,,,,
Herndon Middle,5/22/2025,20002,Fat Free Chocolate Milk(Each),379,0,379,350,344,0,344,$120.40,0,0.00%,$0.00,$120.40,6,1.71%,$2.10,$122.50,,,,
Herndon Middle,5/22/2025,20012,Grape Tomatoes(1/4 cup),0,0,0,96,95,0,95,$24.70,1,1.04%,$0.26,$24.96,0,0.00%,$0.00,$24.96,,,,
Herndon Middle,5/22/2025,20014,Red Delicious Apple(Each - serving),0,0,0,375,369,0,369,$121.77,0,0.00%,$0.00,$121.77,6,1.60%,$1.98,$123.75,,,,
Herndon Middle,5/22/2025,20016,String Cheese(Each),0,0,0,0,0,0,0,$0.00,0,0.00%,$0.00,$0.00,0,0.00%,$0.00,$0.00,,,,
Herndon Middle,5/22/2025,20017,Orange(1/4 cup),0,0,0,175,171,0,171,$29.07,4,2.29%,$0.68,$29.75,0,0.00%,$0.00,$29.75,,,,
Herndon Middle,5/22/2025,20023,Baby Carrots(3 baby carrots per 1/4 cup),0,0,0,144,138,0,138,$12.42,0,0.00%,$0.00,$12.42,6,4.17%,$0.54,$12.96,,,,
Herndon Middle,5/22/2025,20027,Broccoli Florets(1/4 cup),0,0,0,48,40,0,40,$3.20,0,0.00%,$0.00,$3.20,8,16.67%,$0.64,$3.84,,,,
Herndon Middle,5/22/2025,20028,Lettuce Blend Salad Mix(1/2 cup),284,0,284,320,312,0,312,$24.96,8,2.50%,$0.64,$25.60,0,0.00%,$0.00,$25.60,,,,
Herndon Middle,5/22/2025,20031,Banana(Each),332,0,332,25,25,0,25,$5.25,0,0.00%,$0.00,$5.25,0,0.00%,$0.00,$5.25,,,,
Herndon Middle,5/22/2025,20038,Fat Free White Milk(Each),24,0,24,50,23,0,23,$7.59,0,0.00%,$0.00,$7.59,27,54.00%,$8.91,$16.50,,,,
Herndon Middle,5/22/2025,20052,Assorted  4 oz Yogurt(Container),0,0,0,0,0,0,0,$0.00,0,0.00%,$0.00,$0.00,0,0.00%,$0.00,$0.00,,,,
Herndon Middle,5/22/2025,30008,Apple Juice(Each),0,0,0,0,0,0,0,$0.00,0,0.00%,$0.00,$0.00,0,0.00%,$0.00,$0.00,,,,
Herndon Middle,5/22/2025,30009,Orange Tangerine Juice(Each),0,0,0,0,0,0,0,$0.00,0,0.00%,$0.00,$0.00,0,0.00%,$0.00,$0.00,,,,
Herndon Middle,5/22/2025,30014,Whole Wheat Dinner Roll(2 rolls),0,0,0,290,286,4,290,$81.20,0,0.00%,$0.00,$81.20,0,0.00%,$0.00,$81.20,,,,
Herndon Middle,5/22/2025,30018,Marinara Sauce(1/4 Cup),60,0,60,280,274,5,279,$41.85,1,0.36%,$0.15,$42.00,0,0.00%,$0.00,$42.00,,,,
Herndon Middle,5/22/2025,30024,Black Beans(1/4 Cup),4,0,4,10,5,0,5,$0.45,5,50.00%,$0.45,$0.90,0,0.00%,$0.00,$0.90,,,,
Herndon Middle,5/22/2025,30033,Cheez-Its Crackers(Package),0,0,0,8,8,0,8,$1.44,0,0.00%,$0.00,$1.44,0,0.00%,$0.00,$1.44,,,,
Herndon Middle,5/22/2025,30063,Ketchup Packet(Packet),611,0,611,150,150,0,150,$4.50,0,0.00%,$0.00,$4.50,0,0.00%,$0.00,$4.50,,,,
Herndon Middle,5/22/2025,30064,Mayonnaise Packet(Packet),314,0,314,100,100,0,100,$10.00,0,0.00%,$0.00,$10.00,0,0.00%,$0.00,$10.00,,,,
Herndon Middle,5/22/2025,30065,Mustard Packet(Packet),324,0,324,40,40,0,40,$2.00,0,0.00%,$0.00,$2.00,0,0.00%,$0.00,$2.00,,,,
Herndon Middle,5/22/2025,30097,Bottled Water(Bottle),0,0,0,14,14,0,14,$2.24,0,0.00%,$0.00,$2.24,0,0.00%,$0.00,$2.24,,,,
Herndon Middle,5/22/2025,30107,Ranch Dressing(1 ounce),194,0,194,288,285,0,285,$31.35,3,1.04%,$0.33,$31.68,0,0.00%,$0.00,$31.68,,,,
Herndon Middle,5/22/2025,30109,Smartfood RF White Cheddar Popcorn(Each),0,0,0,0,0,0,0,$0.00,0,0.00%,$0.00,$0.00,0,0.00%,$0.00,$0.00,,,,
Herndon Middle,5/22/2025,30110,Doritos Flamas(Each),0,0,0,0,0,0,0,$0.00,0,0.00%,$0.00,$0.00,0,0.00%,$0.00,$0.00,,,,
Herndon Middle,5/22/2025,30111,Doritos RF Spicy Sweet Chili(Each),0,0,0,0,0,0,0,$0.00,0,0.00%,$0.00,$0.00,0,0.00%,$0.00,$0.00,,,,
Herndon Middle,5/22/2025,30112,Doritos RF Nacho Cheese(Each),0,0,0,0,0,0,0,$0.00,0,0.00%,$0.00,$0.00,0,0.00%,$0.00,$0.00,,,,
Herndon Middle,5/22/2025,30113,Cool Ranch Reduced Fat Doritos(Each),0,0,0,0,0,0,0,$0.00,0,0.00%,$0.00,$0.00,0,0.00%,$0.00,$0.00,,,,
Herndon Middle,5/22/2025,30114,SS Baked Cheetos Flaming Hot(Each),0,0,0,0,0,0,0,$0.00,0,0.00%,$0.00,$0.00,0,0.00%,$0.00,$0.00,,,,
Herndon Middle,5/22/2025,30115,SS Baked Cheetos Flaming Limon(Each),0,0,0,0,0,0,0,$0.00,0,0.00%,$0.00,$0.00,0,0.00%,$0.00,$0.00,,,,
Herndon Middle,5/22/2025,30116,SS Cheetos Fantastix Flaming Hot(Each),0,0,0,0,0,0,0,$0.00,0,0.00%,$0.00,$0.00,0,0.00%,$0.00,$0.00,,,,
Herndon Middle,5/22/2025,30117,WG Baked Funyuns(Each),0,0,0,0,0,0,0,$0.00,0,0.00%,$0.00,$0.00,0,0.00%,$0.00,$0.00,,,,
Herndon Middle,5/22/2025,30118,Kettle Cooked Smoky BBQ Chips(Each),0,0,0,0,0,0,0,$0.00,0,0.00%,$0.00,$0.00,0,0.00%,$0.00,$0.00,,,,
Herndon Middle,5/22/2025,30119,RF Kettle Chips Jalapeno & Cheddar Chips(Each),0,0,0,0,0,0,0,$0.00,0,0.00%,$0.00,$0.00,0,0.00%,$0.00,$0.00,,,,
Herndon Middle,5/22/2025,30120,RF Kettle Chips Sea Salt & Vinegar Chips(Each),0,0,0,0,0,0,0,$0.00,0,0.00%,$0.00,$0.00,0,0.00%,$0.00,$0.00,,,,
Herndon Middle,5/22/2025,30124,"Fruit Snacks, Welch's Mixed(Each)",0,0,0,0,0,0,0,$0.00,0,0.00%,$0.00,$0.00,0,0.00%,$0.00,$0.00,,,,
Herndon Middle,5/22/2025,30160,Lay's RF Kettle Original Chips(Each),0,0,0,0,0,0,0,$0.00,0,0.00%,$0.00,$0.00,0,0.00%,$0.00,$0.00,,,,
Herndon Middle,5/22/2025,60035,PB&J Power Pack(Power Packs),9,0,9,10,9,0,9,$9.72,0,0.00%,$0.00,$9.72,1,10.00%,$1.08,$10.80,,,,
Herndon Middle,5/22/2025,60038,Peach Yogurt Power Pack(Power Packs),6,0,6,4,0,0,0,$0.00,0,0.00%,$0.00,$0.00,4,100.00%,$0.00,$0.00,,,,
Herndon Middle,5/22/2025,60100,Black Beans - salad bar entree(1/2 cup),6,0,6,0,0,0,0,$0.00,0,0.00%,$0.00,$0.00,0,0.00%,$0.00,$0.00,,,,
Herndon Middle,5/22/2025,60120,Asian Veggie Sub(sandwich),120,0,120,5,5,0,5,$9.45,0,0.00%,$0.00,$9.45,0,0.00%,$0.00,$9.45,,,,
Hollin Meadows Elementary,5/22/2025,10044,Soft Pretzel(1 pretzel),108,0,108,200,184,0,184,$40.48,0,0.00%,$0.00,$40.48,16,8.00%,$3.52,$44.00,,,,
Hollin Meadows Elementary,5/22/2025,10062,Corn(1/4 cup (thawed)),120,0,120,128,116,0,116,$12.76,0,0.00%,$0.00,$12.76,12,9.38%,$1.32,$14.08,,,,
Hollin Meadows Elementary,5/22/2025,20001,1% White Milk(Each),76,0,76,85,73,0,73,$26.28,0,0.00%,$0.00,$26.28,12,14.12%,$4.32,$30.60,,,,
Hollin Meadows Elementary,5/22/2025,20002,Fat Free Chocolate Milk(Each),300,0,300,325,306,0,306,$107.10,0,0.00%,$0.00,$107.10,19,5.85%,$6.65,$113.75,,,,
Hollin Meadows Elementary,5/22/2025,20008,Apple Slices(3 slices per 1/4 cup),0,0,0,320,304,0,304,$179.36,0,0.00%,$0.00,$179.36,16,5.00%,$9.44,$188.80,,,,
Hollin Meadows Elementary,5/22/2025,20028,Lettuce Blend Salad Mix(1 cup),20,0,20,20,20,0,20,$3.20,0,0.00%,$0.00,$3.20,0,0.00%,$0.00,$3.20,,,,
Hollin Meadows Elementary,5/22/2025,20028,Lettuce Blend Salad Mix(1/2 cup),112,0,112,120,117,0,117,$9.36,0,0.00%,$0.00,$9.36,3,2.50%,$0.24,$9.60,,,,
Hollin Meadows Elementary,5/22/2025,20031,Banana(Each),335,0,335,320,316,0,316,$66.36,0,0.00%,$0.00,$66.36,4,1.25%,$0.84,$67.20,,,,
Hollin Meadows Elementary,5/22/2025,20038,Fat Free White Milk(Each),19,0,19,35,15,0,15,$4.95,0,0.00%,$0.00,$4.95,20,57.14%,$6.60,$11.55,,,,
Hollin Meadows Elementary,5/22/2025,30034,Graham Crackers(Package),18,0,18,18,18,0,18,$2.52,0,0.00%,$0.00,$2.52,0,0.00%,$0.00,$2.52,,,,
Hollin Meadows Elementary,5/22/2025,30037,IW Applesauce Cup(Each),18,0,18,18,18,0,18,$4.86,0,0.00%,$0.00,$4.86,0,0.00%,$0.00,$4.86,,,,
Hollin Meadows Elementary,5/22/2025,30045,Watermelon Flavored Dried Cranberries(Each),186,0,186,200,174,0,174,$41.76,0,0.00%,$0.00,$41.76,26,13.00%,$6.24,$48.00,,,,
Hollin Meadows Elementary,5/22/2025,30077,Italian Dressing(1 ounce),9,0,9,24,4,0,4,$0.32,0,0.00%,$0.00,$0.32,20,83.33%,$1.60,$1.92,,,,
Hollin Meadows Elementary,5/22/2025,30099,Chickpeas(1/4 cup),40,0,40,48,46,0,46,$4.14,0,0.00%,$0.00,$4.14,2,4.17%,$0.18,$4.32,,,,
Hollin Meadows Elementary,5/22/2025,30107,Ranch Dressing(1 ounce),82,0,82,92,88,0,88,$9.68,0,0.00%,$0.00,$9.68,4,4.35%,$0.44,$10.12,,,,
Hollin Meadows Elementary,5/22/2025,60035,PB&J Power Pack(Power Packs),102,0,102,150,143,0,143,$154.44,0,0.00%,$0.00,$154.44,7,4.67%,$7.56,$162.00,,,,
Hollin Meadows Elementary,5/22/2025,60037,Strawberry & Banana Yogurt Power Pack(Power Packs),37,0,37,80,74,0,74,$59.20,0,0.00%,$0.00,$59.20,6,7.50%,$4.80,$64.00,,,,
Hollin Meadows Elementary,5/22/2025,60054,Steamed Broccoli(1/2 cup),95,0,95,144,141,0,141,$21.15,0,0.00%,$0.00,$21.15,3,2.08%,$0.45,$21.60,,,,
Hollin Meadows Elementary,5/22/2025,60120,Asian Veggie Sub(sandwich),125,0,125,102,89,0,89,$168.21,0,0.00%,$0.00,$168.21,13,12.75%,$24.57,$192.78,,,,
Hollin Meadows Elementary,5/22/2025,60122,Asian Meatball Sub(sandwich),107,0,107,68,63,0,63,$112.14,0,0.00%,$0.00,$112.14,5,7.35%,$8.90,$121.04,,,,
Holmes Middle,5/22/2025,10015,Baked Cheese Sticks(2 Cheese Sticks),350,0,350,126,117,8,125,$82.50,0,0.00%,$0.00,$82.50,1,0.79%,$0.66,$83.16,,,,
Holmes Middle,5/22/2025,10026,Chickenless Bites(4 Bites),127,0,127,8,7,0,7,$5.11,0,0.00%,$0.00,$5.11,1,12.50%,$0.73,$5.84,,,,
Holmes Middle,5/22/2025,10033,Chocolate Chip Cookie(Cookie),50,0,50,0,0,0,0,$0.00,0,0.00%,$0.00,$0.00,0,0.00%,$0.00,$0.00,,,,
Holmes Middle,5/22/2025,10039,Potato Encrusted Breaded Pollock(Fillet),0,0,0,150,125,0,125,$82.50,0,0.00%,$0.00,$82.50,25,16.67%,$16.50,$99.00,,,,
Holmes Middle,5/22/2025,10044,Soft Pretzel(1 pretzel),10,0,10,5,1,0,1,$0.22,0,0.00%,$0.00,$0.22,4,80.00%,$0.88,$1.10,,,,
Holmes Middle,5/22/2025,10062,Corn(1/4 cup (thawed)),107,0,107,320,192,0,192,$21.12,0,0.00%,$0.00,$21.12,128,40.00%,$14.08,$35.20,,,,
Holmes Middle,5/22/2025,10069,Bean and Cheese Pupusa(Pupusa),0,0,0,102,101,0,101,$151.50,0,0.00%,$0.00,$151.50,1,0.98%,$1.50,$153.00,,,,
Holmes Middle,5/22/2025,20001,1% White Milk(Each),100,0,100,124,31,0,31,$11.16,0,0.00%,$0.00,$11.16,93,75.00%,$33.48,$44.64,,,,
Holmes Middle,5/22/2025,20002,Fat Free Chocolate Milk(Each),400,0,400,450,337,0,337,$117.95,0,0.00%,$0.00,$117.95,113,25.11%,$39.55,$157.50,,,,
Holmes Middle,5/22/2025,20012,Grape Tomatoes(1/4 cup),0,0,0,552,552,0,552,$143.52,0,0.00%,$0.00,$143.52,0,0.00%,$0.00,$143.52,,,,
Holmes Middle,5/22/2025,20016,String Cheese(Each),0,0,0,0,0,0,0,$0.00,0,0.00%,$0.00,$0.00,0,0.00%,$0.00,$0.00,,,,
Holmes Middle,5/22/2025,20027,Broccoli Florets(1/4 cup),133,0,133,252,168,0,168,$13.44,0,0.00%,$0.00,$13.44,84,33.33%,$6.72,$20.16,,,,
Holmes Middle,5/22/2025,20028,Lettuce Blend Salad Mix(1/2 cup),327,0,327,320,280,0,280,$22.40,0,0.00%,$0.00,$22.40,40,12.50%,$3.20,$25.60,,,,
Holmes Middle,5/22/2025,20031,Banana(Each),141,0,141,163,158,0,158,$33.18,0,0.00%,$0.00,$33.18,5,3.07%,$1.05,$34.23,,,,
Holmes Middle,5/22/2025,20038,Fat Free White Milk(Each),100,0,100,121,25,0,25,$8.25,0,0.00%,$0.00,$8.25,96,79.34%,$31.68,$39.93,,,,
Holmes Middle,5/22/2025,20052,Assorted  4 oz Yogurt(Container),0,0,0,0,0,0,0,$0.00,0,0.00%,$0.00,$0.00,0,0.00%,$0.00,$0.00,,,,
Holmes Middle,5/22/2025,30008,Apple Juice(Each),0,0,0,0,0,0,0,$0.00,0,0.00%,$0.00,$0.00,0,0.00%,$0.00,$0.00,,,,
Holmes Middle,5/22/2025,30009,Orange Tangerine Juice(Each),0,0,0,0,0,0,0,$0.00,0,0.00%,$0.00,$0.00,0,0.00%,$0.00,$0.00,,,,
Holmes Middle,5/22/2025,30014,Whole Wheat Dinner Roll(2 rolls),0,0,0,158,132,0,132,$36.96,0,0.00%,$0.00,$36.96,26,16.46%,$7.28,$44.24,,,,
Holmes Middle,5/22/2025,30018,Marinara Sauce(1/4 Cup),350,0,350,137,125,0,125,$18.75,0,0.00%,$0.00,$18.75,12,8.76%,$1.80,$20.55,,,,
Holmes Middle,5/22/2025,30024,Black Beans(1/4 Cup),28,0,28,16,16,0,16,$1.44,0,0.00%,$0.00,$1.44,0,0.00%,$0.00,$1.44,,,,
Holmes Middle,5/22/2025,30033,Cheez-Its Crackers(Package),25,0,25,25,1,0,1,$0.18,0,0.00%,$0.00,$0.18,24,96.00%,$4.32,$4.50,,,,
Holmes Middle,5/22/2025,30039,Cherry Flavored Dried Cranberries(Each),253,0,253,360,260,0,260,$62.40,0,0.00%,$0.00,$62.40,100,27.78%,$24.00,$86.40,,,,
Holmes Middle,5/22/2025,30063,Ketchup Packet(Packet),278,0,278,300,274,0,274,$8.22,0,0.00%,$0.00,$8.22,26,8.67%,$0.78,$9.00,,,,
Holmes Middle,5/22/2025,30064,Mayonnaise Packet(Packet),79,0,79,125,79,0,79,$7.90,0,0.00%,$0.00,$7.90,46,36.80%,$4.60,$12.50,,,,
Holmes Middle,5/22/2025,30065,Mustard Packet(Packet),47,0,47,100,52,0,52,$2.60,0,0.00%,$0.00,$2.60,48,48.00%,$2.40,$5.00,,,,
Holmes Middle,5/22/2025,30097,Bottled Water(Bottle),25,0,25,25,9,0,9,$1.44,0,0.00%,$0.00,$1.44,16,64.00%,$2.56,$4.00,,,,
Holmes Middle,5/22/2025,30099,Chickpeas(1/2 cup),0,0,0,48,16,0,16,$2.88,0,0.00%,$0.00,$2.88,32,66.67%,$5.76,$8.64,,,,
Holmes Middle,5/22/2025,30109,Smartfood RF White Cheddar Popcorn(Each),0,0,0,0,0,0,0,$0.00,0,0.00%,$0.00,$0.00,0,0.00%,$0.00,$0.00,,,,
Holmes Middle,5/22/2025,30110,Doritos Flamas(Each),0,0,0,0,0,0,0,$0.00,0,0.00%,$0.00,$0.00,0,0.00%,$0.00,$0.00,,,,
Holmes Middle,5/22/2025,30111,Doritos RF Spicy Sweet Chili(Each),0,0,0,0,0,0,0,$0.00,0,0.00%,$0.00,$0.00,0,0.00%,$0.00,$0.00,,,,
Holmes Middle,5/22/2025,30112,Doritos RF Nacho Cheese(Each),0,0,0,0,0,0,0,$0.00,0,0.00%,$0.00,$0.00,0,0.00%,$0.00,$0.00,,,,
Holmes Middle,5/22/2025,30113,Cool Ranch Reduced Fat Doritos(Each),0,0,0,0,0,0,0,$0.00,0,0.00%,$0.00,$0.00,0,0.00%,$0.00,$0.00,,,,
Holmes Middle,5/22/2025,30114,SS Baked Cheetos Flaming Hot(Each),0,0,0,0,0,0,0,$0.00,0,0.00%,$0.00,$0.00,0,0.00%,$0.00,$0.00,,,,
Holmes Middle,5/22/2025,30115,SS Baked Cheetos Flaming Limon(Each),0,0,0,0,0,0,0,$0.00,0,0.00%,$0.00,$0.00,0,0.00%,$0.00,$0.00,,,,
Holmes Middle,5/22/2025,30116,SS Cheetos Fantastix Flaming Hot(Each),0,0,0,0,0,0,0,$0.00,0,0.00%,$0.00,$0.00,0,0.00%,$0.00,$0.00,,,,
Holmes Middle,5/22/2025,30117,WG Baked Funyuns(Each),0,0,0,0,0,0,0,$0.00,0,0.00%,$0.00,$0.00,0,0.00%,$0.00,$0.00,,,,
Holmes Middle,5/22/2025,30118,Kettle Cooked Smoky BBQ Chips(Each),0,0,0,0,0,0,0,$0.00,0,0.00%,$0.00,$0.00,0,0.00%,$0.00,$0.00,,,,
Holmes Middle,5/22/2025,30119,RF Kettle Chips Jalapeno & Cheddar Chips(Each),0,0,0,0,0,0,0,$0.00,0,0.00%,$0.00,$0.00,0,0.00%,$0.00,$0.00,,,,
Holmes Middle,5/22/2025,30120,RF Kettle Chips Sea Salt & Vinegar Chips(Each),0,0,0,0,0,0,0,$0.00,0,0.00%,$0.00,$0.00,0,0.00%,$0.00,$0.00,,,,
Holmes Middle,5/22/2025,30124,"Fruit Snacks, Welch's Mixed(Each)",0,0,0,0,0,0,0,$0.00,0,0.00%,$0.00,$0.00,0,0.00%,$0.00,$0.00,,,,
Holmes Middle,5/22/2025,30160,Lay's RF Kettle Original Chips(Each),0,0,0,0,0,0,0,$0.00,0,0.00%,$0.00,$0.00,0,0.00%,$0.00,$0.00,,,,
Holmes Middle,5/22/2025,60035,PB&J Power Pack(Power Packs),61,0,61,123,121,0,121,$130.68,0,0.00%,$0.00,$130.68,2,1.63%,$2.16,$132.84,,,,
Holmes Middle,5/22/2025,60036,Cherry Vanilla Yogurt Power Pack(Power Packs),14,0,14,1,1,0,1,$0.80,0,0.00%,$0.00,$0.80,0,0.00%,$0.00,$0.80,,,,
Holmes Middle,5/22/2025,60075,Spicy Chicken Wrap(Wrap),9,0,9,0,0,0,0,$0.00,0,0.00%,$0.00,$0.00,0,0.00%,$0.00,$0.00,,,,
Holmes Middle,5/22/2025,60077,Manager's Vegetable Choice(1/4 cup),190,0,190,252,168,0,168,$0.00,0,0.00%,$0.00,$0.00,84,33.33%,$0.00,$0.00,,,,
Holmes Middle,5/22/2025,60100,Black Beans - salad bar entree(1/2 cup),10,0,10,5,1,0,1,$0.17,0,0.00%,$0.00,$0.17,4,80.00%,$0.68,$0.85,,,,
Holmes Middle,5/22/2025,60120,Asian Veggie Sub(sandwich),71,0,71,168,114,0,114,$215.46,0,0.00%,$0.00,$215.46,54,32.14%,$102.06,$317.52,,,,
Holmes Middle,5/22/2025,60122,Asian Meatball Sub(sandwich),82,0,82,82,52,0,52,$92.56,0,0.00%,$0.00,$92.56,30,36.59%,$53.40,$145.96,,,,
Hughes Middle,5/22/2025,10015,Baked Cheese Sticks(2 Cheese Sticks),205,0,205,240,238,0,238,$157.08,0,0.00%,$0.00,$157.08,2,0.83%,$1.32,$158.40,,,,
Hughes Middle,5/22/2025,10026,Chickenless Bites(4 Bites),0,0,0,30,29,0,29,$21.17,0,0.00%,$0.00,$21.17,1,3.33%,$0.73,$21.90,,,,
Hughes Middle,5/22/2025,10027,"Bread, Loco(flatbread)",378,0,378,30,29,0,29,$8.70,0,0.00%,$0.00,$8.70,1,3.33%,$0.30,$9.00,,,,
Hughes Middle,5/22/2025,10044,Soft Pretzel(1 pretzel),20,0,20,30,29,0,29,$6.38,0,0.00%,$0.00,$6.38,1,3.33%,$0.22,$6.60,,,,
Hughes Middle,5/22/2025,10062,Corn(1/4 cup (thawed)),82,0,82,100,70,0,70,$7.70,0,0.00%,$0.00,$7.70,30,30.00%,$3.30,$11.00,,,,
Hughes Middle,5/22/2025,20001,1% White Milk(Each),20,0,20,40,18,0,18,$6.48,0,0.00%,$0.00,$6.48,22,55.00%,$7.92,$14.40,,,,
Hughes Middle,5/22/2025,20002,Fat Free Chocolate Milk(Each),331,0,331,400,325,0,325,$113.75,0,0.00%,$0.00,$113.75,75,18.75%,$26.25,$140.00,,,,
Hughes Middle,5/22/2025,20017,Orange(1/4 cup),0,0,0,250,220,0,220,$37.40,0,0.00%,$0.00,$37.40,30,12.00%,$5.10,$42.50,,,,
Hughes Middle,5/22/2025,20027,Broccoli Florets(1/4 cup),63,0,63,50,40,0,40,$3.20,0,0.00%,$0.00,$3.20,10,20.00%,$0.80,$4.00,,,,
Hughes Middle,5/22/2025,20028,Lettuce Blend Salad Mix(1/2 cup),277,0,277,300,275,0,275,$22.00,0,0.00%,$0.00,$22.00,25,8.33%,$2.00,$24.00,,,,
Hughes Middle,5/22/2025,20038,Fat Free White Milk(Each),15,0,15,30,15,0,15,$4.95,0,0.00%,$0.00,$4.95,15,50.00%,$4.95,$9.90,,,,
Hughes Middle,5/22/2025,30018,Marinara Sauce(1/4 Cup),135,0,135,200,199,0,199,$29.85,0,0.00%,$0.00,$29.85,1,0.50%,$0.15,$30.00,,,,
Hughes Middle,5/22/2025,30024,Black Beans(1/4 Cup),35,0,35,50,40,0,40,$3.60,0,0.00%,$0.00,$3.60,10,20.00%,$0.90,$4.50,,,,
Hughes Middle,5/22/2025,30045,Watermelon Flavored Dried Cranberries(Each),48,0,48,100,65,0,65,$15.60,0,0.00%,$0.00,$15.60,35,35.00%,$8.40,$24.00,,,,
Hughes Middle,5/22/2025,30063,Ketchup Packet(Packet),487,0,487,400,350,0,350,$10.50,0,0.00%,$0.00,$10.50,50,12.50%,$1.50,$12.00,,,,
Hughes Middle,5/22/2025,30064,Mayonnaise Packet(Packet),57,0,57,100,60,0,60,$6.00,0,0.00%,$0.00,$6.00,40,40.00%,$4.00,$10.00,,,,
Hughes Middle,5/22/2025,30065,Mustard Packet(Packet),44,0,44,100,30,0,30,$1.50,0,0.00%,$0.00,$1.50,70,70.00%,$3.50,$5.00,,,,
Hughes Middle,5/22/2025,30068,Chilled Peaches(1/2 cup (drained)),0,0,0,180,178,0,178,$90.78,0,0.00%,$0.00,$90.78,2,1.11%,$1.02,$91.80,,,,
Hughes Middle,5/22/2025,30077,Italian Dressing(1 ounce),74,0,74,100,70,0,70,$5.60,0,0.00%,$0.00,$5.60,30,30.00%,$2.40,$8.00,,,,
Hughes Middle,5/22/2025,30107,Ranch Dressing(1 ounce),286,0,286,300,280,0,280,$30.80,0,0.00%,$0.00,$30.80,20,6.67%,$2.20,$33.00,,,,
Hughes Middle,5/22/2025,60035,PB&J Power Pack(Power Packs),107,0,107,140,118,0,118,$127.44,0,0.00%,$0.00,$127.44,22,15.71%,$23.76,$151.20,,,,
Hughes Middle,5/22/2025,60036,Cherry Vanilla Yogurt Power Pack(Power Packs),2,0,2,10,2,0,2,$1.60,0,0.00%,$0.00,$1.60,8,80.00%,$6.40,$8.00,,,,
Hughes Middle,5/22/2025,60038,Peach Yogurt Power Pack(Power Packs),6,0,6,10,4,0,4,$3.20,0,0.00%,$0.00,$3.20,6,60.00%,$4.80,$8.00,,,,
Hughes Middle,5/22/2025,60067,Chicken Eggroll(2 Egg Rolls),0,0,0,68,65,0,65,$101.40,0,0.00%,$0.00,$101.40,3,4.41%,$4.68,$106.08,,,,
Hughes Middle,5/22/2025,60075,Spicy Chicken Wrap(Wrap),10,0,10,12,12,0,12,$14.04,0,0.00%,$0.00,$14.04,0,0.00%,$0.00,$14.04,,,,
Hughes Middle,5/22/2025,60120,Asian Veggie Sub(sandwich),5,0,5,5,3,0,3,$5.67,0,0.00%,$0.00,$5.67,2,40.00%,$3.78,$9.45,,,,
Hughes Middle,5/22/2025,60122,Asian Meatball Sub(sandwich),116,0,116,75,65,0,65,$115.70,0,0.00%,$0.00,$115.70,10,13.33%,$17.80,$133.50,,,,
Hunt Valley Elementary,5/22/2025,10044,Soft Pretzel(1 pretzel),28,0,28,45,44,0,44,$9.68,0,0.00%,$0.00,$9.68,1,2.22%,$0.22,$9.90,,,,
Hunt Valley Elementary,5/22/2025,10062,Corn(1/4 cup (thawed)),100,0,100,100,90,9,99,$10.89,0,0.00%,$0.00,$10.89,1,1.00%,$0.11,$11.00,,,,
Hunt Valley Elementary,5/22/2025,20001,1% White Milk(Each),30,0,30,30,23,5,28,$10.08,0,0.00%,$0.00,$10.08,2,6.67%,$0.72,$10.80,,,,
Hunt Valley Elementary,5/22/2025,20002,Fat Free Chocolate Milk(Each),200,0,200,170,154,10,164,$57.40,0,0.00%,$0.00,$57.40,6,3.53%,$2.10,$59.50,,,,
Hunt Valley Elementary,5/22/2025,20014,Red Delicious Apple(Each - serving),0,0,0,20,17,2,19,$6.27,0,0.00%,$0.00,$6.27,1,5.00%,$0.33,$6.60,,,,
Hunt Valley Elementary,5/22/2025,20016,String Cheese(Each),15,0,15,15,15,0,15,$3.30,0,0.00%,$0.00,$3.30,0,0.00%,$0.00,$3.30,,,,
Hunt Valley Elementary,5/22/2025,20023,Baby Carrots(3 baby carrots per 1/4 cup),0,0,0,100,93,2,95,$8.55,0,0.00%,$0.00,$8.55,5,5.00%,$0.45,$9.00,,,,
Hunt Valley Elementary,5/22/2025,20028,Lettuce Blend Salad Mix(1/2 cup),80,0,80,80,68,10,78,$6.24,0,0.00%,$0.00,$6.24,2,2.50%,$0.16,$6.40,,,,
Hunt Valley Elementary,5/22/2025,20031,Banana(Each),0,0,0,110,96,5,101,$21.21,0,0.00%,$0.00,$21.21,9,8.18%,$1.89,$23.10,,,,
Hunt Valley Elementary,5/22/2025,20038,Fat Free White Milk(Each),10,0,10,6,5,0,5,$1.65,0,0.00%,$0.00,$1.65,1,16.67%,$0.33,$1.98,,,,
Hunt Valley Elementary,5/22/2025,30008,Apple Juice(Each),60,0,60,63,63,0,63,$10.71,0,0.00%,$0.00,$10.71,0,0.00%,$0.00,$10.71,,,,
Hunt Valley Elementary,5/22/2025,30009,Orange Tangerine Juice(Each),10,0,10,10,10,0,10,$1.70,0,0.00%,$0.00,$1.70,0,0.00%,$0.00,$1.70,,,,
Hunt Valley Elementary,5/22/2025,30014,Whole Wheat Dinner Roll(2 rolls),0,0,0,200,177,22,199,$55.72,0,0.00%,$0.00,$55.72,1,0.50%,$0.28,$56.00,,,,
Hunt Valley Elementary,5/22/2025,30031,Strawberry Chex Mix(Package),0,0,0,4,4,0,4,$1.80,0,0.00%,$0.00,$1.80,0,0.00%,$0.00,$1.80,,,,
Hunt Valley Elementary,5/22/2025,30033,Cheez-Its Crackers(Package),20,0,20,51,51,0,51,$9.18,0,0.00%,$0.00,$9.18,0,0.00%,$0.00,$9.18,,,,
Hunt Valley Elementary,5/22/2025,30039,Cherry Flavored Dried Cranberries(Each),10,0,10,15,4,5,9,$2.16,0,0.00%,$0.00,$2.16,6,40.00%,$1.44,$3.60,,,,
Hunt Valley Elementary,5/22/2025,30041,Orange Flavored Dried Cranberries(Each),8,0,8,15,7,3,10,$2.40,0,0.00%,$0.00,$2.40,5,33.33%,$1.20,$3.60,,,,
Hunt Valley Elementary,5/22/2025,30044,Strawberry Flavored Dried Cranberries(Each),10,0,10,30,20,9,29,$6.96,0,0.00%,$0.00,$6.96,1,3.33%,$0.24,$7.20,,,,
Hunt Valley Elementary,5/22/2025,30045,Watermelon Flavored Dried Cranberries(2 Eaches),0,0,0,30,24,6,30,$14.40,0,0.00%,$0.00,$14.40,0,0.00%,$0.00,$14.40,,,,
Hunt Valley Elementary,5/22/2025,30061,Chilled Mandarin Oranges(1/2 cup (drained)),150,0,150,100,91,9,100,$34.00,0,0.00%,$0.00,$34.00,0,0.00%,$0.00,$34.00,,,,
Hunt Valley Elementary,5/22/2025,30063,Ketchup Packet(Packet),0,0,0,400,208,190,398,$11.94,0,0.00%,$0.00,$11.94,2,0.50%,$0.06,$12.00,,,,
Hunt Valley Elementary,5/22/2025,30077,Italian Dressing(1 ounce),23,0,23,50,39,2,41,$3.28,0,0.00%,$0.00,$3.28,9,18.00%,$0.72,$4.00,,,,
Hunt Valley Elementary,5/22/2025,30097,Bottled Water(Bottle),20,0,20,27,27,0,27,$4.32,0,0.00%,$0.00,$4.32,0,0.00%,$0.00,$4.32,,,,
Hunt Valley Elementary,5/22/2025,30099,Chickpeas(1/4 cup),6,0,6,8,5,2,7,$0.63,0,0.00%,$0.00,$0.63,1,12.50%,$0.09,$0.72,,,,
Hunt Valley Elementary,5/22/2025,30107,Ranch Dressing(1 ounce),58,0,58,80,68,9,77,$8.47,0,0.00%,$0.00,$8.47,3,3.75%,$0.33,$8.80,,,,
Hunt Valley Elementary,5/22/2025,60018,Cheese Quesadilla(Quesadilla),0,0,0,15,14,1,15,$10.35,0,0.00%,$0.00,$10.35,0,0.00%,$0.00,$10.35,,,,
Hunt Valley Elementary,5/22/2025,60035,PB&J Power Pack(Power Packs),50,0,50,36,26,9,35,$37.80,0,0.00%,$0.00,$37.80,1,2.78%,$1.08,$38.88,,,,
Hunt Valley Elementary,5/22/2025,60036,Cherry Vanilla Yogurt Power Pack(Power Packs),5,0,5,5,2,1,3,$2.40,0,0.00%,$0.00,$2.40,2,40.00%,$1.60,$4.00,,,,
Hunt Valley Elementary,5/22/2025,60037,Strawberry & Banana Yogurt Power Pack(Power Packs),5,0,5,5,2,0,2,$1.60,0,0.00%,$0.00,$1.60,3,60.00%,$2.40,$4.00,,,,
Hunt Valley Elementary,5/22/2025,60038,Peach Yogurt Power Pack(Power Packs),5,0,5,5,2,1,3,$2.40,0,0.00%,$0.00,$2.40,2,40.00%,$1.60,$4.00,,,,
Hunt Valley Elementary,5/22/2025,60047,Chicken Tenders(3 tenders),0,0,0,227,203,22,225,$211.50,1,0.44%,$0.94,$212.44,1,0.44%,$0.94,$213.38,,,,
Hunt Valley Elementary,5/22/2025,60064,Vegetable Dumpling(6 dumplings),0,0,0,12,12,0,12,$0.00,0,0.00%,$0.00,$0.00,0,0.00%,$0.00,$0.00,,,,
Hunt Valley Elementary,5/22/2025,60100,Black Beans - salad bar entree(1/2 cup),8,0,8,9,8,0,8,$1.36,0,0.00%,$0.00,$1.36,1,11.11%,$0.17,$1.53,,,,
Hunt Valley Elementary,5/22/2025,60120,Asian Veggie Sub(sandwich),140,0,140,37,17,19,36,$68.04,0,0.00%,$0.00,$68.04,1,2.70%,$1.89,$69.93,,,,
Hunt Valley Elementary,5/22/2025,60128,Alfredo & Basil Lasagna(Each),0,0,0,12,6,6,12,$15.12,0,0.00%,$0.00,$15.12,0,0.00%,$0.00,$15.12,,,,
Hunt Valley Elementary,5/22/2025,60150,Strawberry Parfait Power Pack(Power Pack),5,0,5,3,1,1,2,$3.26,0,0.00%,$0.00,$3.26,1,33.33%,$1.63,$4.89,,,,
Hunters Woods Elementary,5/22/2025,10044,Soft Pretzel(1 pretzel),15,0,15,10,8,0,8,$1.76,0,0.00%,$0.00,$1.76,2,20.00%,$0.44,$2.20,,,,
Hunters Woods Elementary,5/22/2025,10062,Corn(1/2 cup (cooked)),128,0,128,128,80,0,80,$16.80,0,0.00%,$0.00,$16.80,48,37.50%,$10.08,$26.88,,,,
Hunters Woods Elementary,5/22/2025,20001,1% White Milk(Each),45,0,45,43,40,0,40,$14.40,0,0.00%,$0.00,$14.40,3,6.98%,$1.08,$15.48,,,,
Hunters Woods Elementary,5/22/2025,20002,Fat Free Chocolate Milk(Each),175,0,175,100,90,0,90,$31.50,0,0.00%,$0.00,$31.50,10,10.00%,$3.50,$35.00,,,,
Hunters Woods Elementary,5/22/2025,20014,Red Delicious Apple(Each - serving),100,0,100,80,25,0,25,$8.25,0,0.00%,$0.00,$8.25,55,68.75%,$18.15,$26.40,,,,
Hunters Woods Elementary,5/22/2025,20017,Orange(1/4 cup),222,0,222,151,133,1,134,$22.78,0,0.00%,$0.00,$22.78,17,11.26%,$2.89,$25.67,,,,
Hunters Woods Elementary,5/22/2025,20028,Lettuce Blend Salad Mix(1 cup),18,0,18,16,15,1,16,$2.56,0,0.00%,$0.00,$2.56,0,0.00%,$0.00,$2.56,,,,
Hunters Woods Elementary,5/22/2025,20028,Lettuce Blend Salad Mix(1/2 cup),160,0,160,120,100,0,100,$8.00,0,0.00%,$0.00,$8.00,20,16.67%,$1.60,$9.60,,,,
Hunters Woods Elementary,5/22/2025,20031,Banana(Each),54,0,54,52,51,1,52,$10.92,0,0.00%,$0.00,$10.92,0,0.00%,$0.00,$10.92,,,,
Hunters Woods Elementary,5/22/2025,20038,Fat Free White Milk(Each),20,0,20,20,8,0,8,$2.64,0,0.00%,$0.00,$2.64,12,60.00%,$3.96,$6.60,,,,
Hunters Woods Elementary,5/22/2025,20043,"Lactose Free, White Milk(Each)",2,0,2,2,2,0,2,$1.16,0,0.00%,$0.00,$1.16,0,0.00%,$0.00,$1.16,,,,
Hunters Woods Elementary,5/22/2025,20080,"Carrots, Shredded(Cup)",65,0,65,65,32,0,32,$10.56,0,0.00%,$0.00,$10.56,33,50.77%,$10.89,$21.45,,,,
Hunters Woods Elementary,5/22/2025,30024,Black Beans(1/2 Cup),33,0,33,33,8,0,8,$1.36,0,0.00%,$0.00,$1.36,25,75.76%,$4.25,$5.61,,,,
Hunters Woods Elementary,5/22/2025,30034,Graham Crackers(Package),17,0,17,15,15,0,15,$2.10,0,0.00%,$0.00,$2.10,0,0.00%,$0.00,$2.10,,,,
Hunters Woods Elementary,5/22/2025,30037,IW Applesauce Cup(Each),17,0,17,15,15,0,15,$4.05,0,0.00%,$0.00,$4.05,0,0.00%,$0.00,$4.05,,,,
Hunters Woods Elementary,5/22/2025,30039,Cherry Flavored Dried Cranberries(2 Eaches),30,0,30,30,30,0,30,$14.40,0,0.00%,$0.00,$14.40,0,0.00%,$0.00,$14.40,,,,
Hunters Woods Elementary,5/22/2025,30044,Strawberry Flavored Dried Cranberries(2 Eaches),40,0,40,40,40,0,40,$19.20,0,0.00%,$0.00,$19.20,0,0.00%,$0.00,$19.20,,,,
Hunters Woods Elementary,5/22/2025,30068,Chilled Peaches(1/2 cup (drained)),1,0,1,1,1,0,1,$0.51,0,0.00%,$0.00,$0.51,0,0.00%,$0.00,$0.51,,,,
Hunters Woods Elementary,5/22/2025,30077,Italian Dressing(1 ounce),42,0,42,40,27,1,28,$2.24,0,0.00%,$0.00,$2.24,12,30.00%,$0.96,$3.20,,,,
Hunters Woods Elementary,5/22/2025,30078,"Sauce, BBQ, HFCS-Free, Bulk, Low-Sodium(2 TBSP)",24,0,24,18,6,0,6,$0.60,0,0.00%,$0.00,$0.60,12,66.67%,$1.20,$1.80,,,,
Hunters Woods Elementary,5/22/2025,30094,Doritos Wild White Nacho Flavored Tortilla Chips(Bag),60,0,60,60,39,0,39,$13.65,0,0.00%,$0.00,$13.65,21,35.00%,$7.35,$21.00,,,,
Hunters Woods Elementary,5/22/2025,30097,Bottled Water(Bottle),15,0,15,10,6,0,6,$0.96,0,0.00%,$0.00,$0.96,4,40.00%,$0.64,$1.60,,,,
Hunters Woods Elementary,5/22/2025,30107,Ranch Dressing(1 ounce),66,0,66,40,27,1,28,$3.08,0,0.00%,$0.00,$3.08,12,30.00%,$1.32,$4.40,,,,
Hunters Woods Elementary,5/22/2025,30158,Black Beans(1/2 Cup),0,0,0,0,0,0,0,$0.00,0,0.00%,$0.00,$0.00,0,0.00%,$0.00,$0.00,,,,
Hunters Woods Elementary,5/22/2025,60009,"Sandwich, Turkey & Cheese(sandwich)",21,0,21,21,21,0,21,$14.49,0,0.00%,$0.00,$14.49,0,0.00%,$0.00,$14.49,,,,
Hunters Woods Elementary,5/22/2025,60035,PB&J Power Pack(Power Packs),100,0,100,95,94,0,94,$101.52,0,0.00%,$0.00,$101.52,1,1.05%,$1.08,$102.60,,,,
Hunters Woods Elementary,5/22/2025,60037,Strawberry & Banana Yogurt Power Pack(Power Packs),30,0,30,35,32,0,32,$25.60,0,0.00%,$0.00,$25.60,3,8.57%,$2.40,$28.00,,,,
Hunters Woods Elementary,5/22/2025,60120,Asian Veggie Sub(sandwich),56,0,56,44,33,0,33,$62.37,11,25.00%,$20.79,$83.16,0,0.00%,$0.00,$83.16,,,,
Hunters Woods Elementary,5/22/2025,60122,Asian Meatball Sub(sandwich),67,0,67,51,32,7,39,$69.42,12,23.53%,$21.36,$90.78,0,0.00%,$0.00,$90.78,,,,
Hutchison Elementary,5/22/2025,10044,Soft Pretzel(1 pretzel),24,0,24,30,24,0,24,$5.28,0,0.00%,$0.00,$5.28,6,20.00%,$1.32,$6.60,,,,
Hutchison Elementary,5/22/2025,10062,Corn(1/4 cup (thawed)),99,0,99,40,35,0,35,$3.85,0,0.00%,$0.00,$3.85,5,12.50%,$0.55,$4.40,,,,
Hutchison Elementary,5/22/2025,10069,Bean and Cheese Pupusa(Pupusa),0,0,0,105,86,0,86,$129.00,7,6.67%,$10.50,$139.50,12,11.43%,$18.00,$157.50,,,,
Hutchison Elementary,5/22/2025,10073,Whole Strawberries(1/2 cup thawed),0,0,0,220,205,0,205,$69.70,0,0.00%,$0.00,$69.70,15,6.82%,$5.10,$74.80,,,,
Hutchison Elementary,5/22/2025,20001,1% White Milk(Each),232,0,232,98,87,0,87,$31.32,0,0.00%,$0.00,$31.32,11,11.22%,$3.96,$35.28,,,,
Hutchison Elementary,5/22/2025,20002,Fat Free Chocolate Milk(Each),357,0,357,500,493,0,493,$172.55,0,0.00%,$0.00,$172.55,7,1.40%,$2.45,$175.00,,,,
Hutchison Elementary,5/22/2025,20008,Apple Slices(3 slices per 1/4 cup),0,0,0,460,436,0,436,$257.24,0,0.00%,$0.00,$257.24,24,5.22%,$14.16,$271.40,,,,
Hutchison Elementary,5/22/2025,20018,Red Seedless Grapes(16 grapes per 1/2 cup),0,0,0,400,395,0,395,$201.45,0,0.00%,$0.00,$201.45,5,1.25%,$2.55,$204.00,,,,
Hutchison Elementary,5/22/2025,20028,Lettuce Blend Salad Mix(1 cup),53,0,53,57,57,0,57,$9.12,0,0.00%,$0.00,$9.12,0,0.00%,$0.00,$9.12,,,,
Hutchison Elementary,5/22/2025,20028,Lettuce Blend Salad Mix(1/2 cup),103,0,103,120,107,0,107,$8.56,0,0.00%,$0.00,$8.56,13,10.83%,$1.04,$9.60,,,,
Hutchison Elementary,5/22/2025,20031,Banana(Each),333,0,333,274,224,0,224,$47.04,0,0.00%,$0.00,$47.04,50,18.25%,$10.50,$57.54,,,,
Hutchison Elementary,5/22/2025,20038,Fat Free White Milk(Each),28,0,28,50,41,0,41,$13.53,0,0.00%,$0.00,$13.53,9,18.00%,$2.97,$16.50,,,,
Hutchison Elementary,5/22/2025,20043,"Lactose Free, White Milk(Each)",0,0,0,6,6,0,6,$3.48,0,0.00%,$0.00,$3.48,0,0.00%,$0.00,$3.48,,,,
Hutchison Elementary,5/22/2025,30034,Graham Crackers(Package),50,0,50,54,54,0,54,$7.56,0,0.00%,$0.00,$7.56,0,0.00%,$0.00,$7.56,,,,
Hutchison Elementary,5/22/2025,30037,IW Applesauce Cup(Each),49,0,49,54,54,0,54,$14.58,0,0.00%,$0.00,$14.58,0,0.00%,$0.00,$14.58,,,,
Hutchison Elementary,5/22/2025,30039,Cherry Flavored Dried Cranberries(Each),154,0,154,160,140,0,140,$33.60,0,0.00%,$0.00,$33.60,20,12.50%,$4.80,$38.40,,,,
Hutchison Elementary,5/22/2025,30099,Chickpeas(1/4 cup),18,0,18,66,44,0,44,$3.96,0,0.00%,$0.00,$3.96,22,33.33%,$1.98,$5.94,,,,
Hutchison Elementary,5/22/2025,30107,Ranch Dressing(1 ounce),139,0,139,181,169,0,169,$18.59,0,0.00%,$0.00,$18.59,12,6.63%,$1.32,$19.91,,,,
Hutchison Elementary,5/22/2025,30158,Black Beans(1/2 Cup),37,0,37,66,44,0,44,$7.48,0,0.00%,$0.00,$7.48,22,33.33%,$3.74,$11.22,,,,
Hutchison Elementary,5/22/2025,60035,PB&J Power Pack(Power Packs),150,0,150,157,94,0,94,$101.52,12,7.64%,$12.96,$114.48,51,32.48%,$55.08,$169.56,,,,
Hutchison Elementary,5/22/2025,60037,Strawberry & Banana Yogurt Power Pack(Power Packs),100,0,100,10,0,0,0,$0.00,0,0.00%,$0.00,$0.00,10,100.00%,$0.00,$0.00,,,,
Hutchison Elementary,5/22/2025,60054,Steamed Broccoli(1/2 cup),22,0,22,48,38,0,38,$5.70,0,0.00%,$0.00,$5.70,10,20.83%,$1.50,$7.20,,,,
Hutchison Elementary,5/22/2025,60077,Manager's Vegetable Choice(1/4 cup),76,0,76,96,86,0,86,$0.00,0,0.00%,$0.00,$0.00,10,10.42%,$0.00,$0.00,,,,
Hutchison Elementary,5/22/2025,60120,Asian Veggie Sub(sandwich),501,0,501,501,411,0,411,$776.79,40,7.98%,$75.60,$852.39,50,9.98%,$94.50,$946.89,,,,
Hutchison Elementary,5/22/2025,60122,Asian Meatball Sub(sandwich),137,0,137,110,107,0,107,$190.46,0,0.00%,$0.00,$190.46,3,2.73%,$5.34,$195.80,,,,
Hutchison Elementary,5/22/2025,60150,Strawberry Parfait Power Pack(Power Pack),0,0,0,115,53,0,53,$86.39,0,0.00%,$0.00,$86.39,62,53.91%,$101.06,$187.45,,,,
Hybla Valley Elementary,5/22/2025,10015,Baked Cheese Sticks(2 Cheese Sticks),0,0,0,248,236,1,237,$156.42,0,0.00%,$0.00,$156.42,11,4.44%,$7.26,$163.68,,,,
Hybla Valley Elementary,5/22/2025,10033,Chocolate Chip Cookie(1/2 Cookie),0,0,0,0,0,0,0,$0.00,0,0.00%,$0.00,$0.00,0,0.00%,$0.00,$0.00,,,,
Hybla Valley Elementary,5/22/2025,10044,Soft Pretzel(1 pretzel),9,0,9,35,35,0,35,$7.70,0,0.00%,$0.00,$7.70,0,0.00%,$0.00,$7.70,,,,
Hybla Valley Elementary,5/22/2025,20001,1% White Milk(Each),119,0,119,361,37,0,37,$13.32,0,0.00%,$0.00,$13.32,324,89.75%,$116.64,$129.96,,,,
Hybla Valley Elementary,5/22/2025,20002,Fat Free Chocolate Milk(Each),424,0,424,670,476,0,476,$166.60,0,0.00%,$0.00,$166.60,194,28.96%,$67.90,$234.50,,,,
Hybla Valley Elementary,5/22/2025,20008,Apple Slices(3 slices per 1/4 cup),0,0,0,240,179,2,181,$106.79,9,3.75%,$5.31,$112.10,50,20.83%,$29.50,$141.60,,,,
Hybla Valley Elementary,5/22/2025,20011,Cherry Tomatoes(1/4 cup),0,0,0,220,188,2,190,$70.30,5,2.27%,$1.85,$72.15,25,11.36%,$9.25,$81.40,,,,
Hybla Valley Elementary,5/22/2025,20013,Gala Apple(Each),0,0,0,375,353,8,361,$133.57,14,3.73%,$5.18,$138.75,0,0.00%,$0.00,$138.75,,,,
Hybla Valley Elementary,5/22/2025,20016,String Cheese(Each),0,0,0,0,0,0,0,$0.00,0,0.00%,$0.00,$0.00,0,0.00%,$0.00,$0.00,,,,
Hybla Valley Elementary,5/22/2025,20017,Orange(1/4 cup),0,0,0,390,342,10,352,$59.84,13,3.33%,$2.21,$62.05,25,6.41%,$4.25,$66.30,,,,
Hybla Valley Elementary,5/22/2025,20028,Lettuce Blend Salad Mix(1 cup),18,0,18,19,18,1,19,$3.04,0,0.00%,$0.00,$3.04,0,0.00%,$0.00,$3.04,,,,
Hybla Valley Elementary,5/22/2025,20028,Lettuce Blend Salad Mix(1/2 cup),267,0,267,285,259,8,267,$21.36,18,6.32%,$1.44,$22.80,0,0.00%,$0.00,$22.80,,,,
Hybla Valley Elementary,5/22/2025,20031,Banana(Each),17,0,17,19,18,1,19,$3.99,0,0.00%,$0.00,$3.99,0,0.00%,$0.00,$3.99,,,,
Hybla Valley Elementary,5/22/2025,20038,Fat Free White Milk(Each),11,0,11,0,0,0,0,$0.00,0,0.00%,$0.00,$0.00,0,0.00%,$0.00,$0.00,,,,
Hybla Valley Elementary,5/22/2025,20043,"Lactose Free, White Milk(Each)",0,0,0,1,1,0,1,$0.58,0,0.00%,$0.00,$0.58,0,0.00%,$0.00,$0.58,,,,
Hybla Valley Elementary,5/22/2025,20052,Assorted  4 oz Yogurt(Container),0,0,0,0,0,0,0,$0.00,0,0.00%,$0.00,$0.00,0,0.00%,$0.00,$0.00,,,,
Hybla Valley Elementary,5/22/2025,30008,Apple Juice(Each),0,0,0,0,0,0,0,$0.00,0,0.00%,$0.00,$0.00,0,0.00%,$0.00,$0.00,,,,
Hybla Valley Elementary,5/22/2025,30009,Orange Tangerine Juice(Each),0,0,0,0,0,0,0,$0.00,0,0.00%,$0.00,$0.00,0,0.00%,$0.00,$0.00,,,,
Hybla Valley Elementary,5/22/2025,30034,Graham Crackers(Package),17,0,17,18,18,0,18,$2.52,0,0.00%,$0.00,$2.52,0,0.00%,$0.00,$2.52,,,,
Hybla Valley Elementary,5/22/2025,30037,IW Applesauce Cup(Each),16,0,16,18,18,0,18,$4.86,0,0.00%,$0.00,$4.86,0,0.00%,$0.00,$4.86,,,,
Hybla Valley Elementary,5/22/2025,30041,Orange Flavored Dried Cranberries(Each),217,0,217,100,100,0,100,$24.00,0,0.00%,$0.00,$24.00,0,0.00%,$0.00,$24.00,,,,
Hybla Valley Elementary,5/22/2025,30077,Italian Dressing(1 ounce),58,0,58,94,69,0,69,$5.52,0,0.00%,$0.00,$5.52,25,26.60%,$2.00,$7.52,,,,
Hybla Valley Elementary,5/22/2025,30094,Doritos Wild White Nacho Flavored Tortilla Chips(Bag),0,0,0,10,3,0,3,$1.05,0,0.00%,$0.00,$1.05,7,70.00%,$2.45,$3.50,,,,
Hybla Valley Elementary,5/22/2025,30097,Bottled Water(Bottle),0,0,0,0,0,0,0,$0.00,0,0.00%,$0.00,$0.00,0,0.00%,$0.00,$0.00,,,,
Hybla Valley Elementary,5/22/2025,30099,Chickpeas(1/4 cup),22,0,22,48,48,0,48,$4.32,0,0.00%,$0.00,$4.32,0,0.00%,$0.00,$4.32,,,,
Hybla Valley Elementary,5/22/2025,30107,Ranch Dressing(1 ounce),119,0,119,219,182,10,192,$21.12,2,0.91%,$0.22,$21.34,25,11.42%,$2.75,$24.09,,,,
Hybla Valley Elementary,5/22/2025,30158,Black Beans(1/2 Cup),0,0,0,0,0,0,0,$0.00,0,0.00%,$0.00,$0.00,0,0.00%,$0.00,$0.00,,,,
Hybla Valley Elementary,5/22/2025,60035,PB&J Power Pack(Power Packs),150,0,150,120,79,1,80,$86.40,0,0.00%,$0.00,$86.40,40,33.33%,$43.20,$129.60,,,,
Hybla Valley Elementary,5/22/2025,60036,Cherry Vanilla Yogurt Power Pack(Power Packs),60,0,60,50,50,0,50,$40.00,0,0.00%,$0.00,$40.00,0,0.00%,$0.00,$40.00,,,,
Hybla Valley Elementary,5/22/2025,60037,Strawberry & Banana Yogurt Power Pack(Power Packs),27,0,27,0,0,0,0,$0.00,0,0.00%,$0.00,$0.00,0,0.00%,$0.00,$0.00,,,,
Hybla Valley Elementary,5/22/2025,60038,Peach Yogurt Power Pack(Power Packs),45,0,45,150,76,4,80,$64.00,0,0.00%,$0.00,$64.00,70,46.67%,$56.00,$120.00,,,,
Hybla Valley Elementary,5/22/2025,60054,Steamed Broccoli(1/2 cup),148,0,148,220,185,3,188,$28.20,7,3.18%,$1.05,$29.25,25,11.36%,$3.75,$33.00,,,,
Hybla Valley Elementary,5/22/2025,60077,Manager's Vegetable Choice(1/4 cup),231,0,231,284,216,8,224,$0.00,12,4.23%,$0.00,$0.00,48,16.90%,$0.00,$0.00,,,,
Hybla Valley Elementary,5/22/2025,60120,Asian Veggie Sub(sandwich),12,0,12,0,0,0,0,$0.00,0,0.00%,$0.00,$0.00,0,0.00%,$0.00,$0.00,,,,
Hybla Valley Elementary,5/22/2025,60122,Asian Meatball Sub(sandwich),7,0,7,116,115,1,116,$206.48,0,0.00%,$0.00,$206.48,0,0.00%,$0.00,$206.48,,,,
Hybla Valley Elementary,5/22/2025,60130,"Quesadilla, Cheese w/ 6 Inch Tortillas(Quesadilla)",0,0,0,185,173,0,173,$119.37,0,0.00%,$0.00,$119.37,12,6.49%,$8.28,$127.65,,,,
Hybla Valley Elementary,5/22/2025,60150,Strawberry Parfait Power Pack(Power Pack),0,0,0,0,0,0,0,$0.00,0,0.00%,$0.00,$0.00,0,0.00%,$0.00,$0.00,,,,
Irving Middle,5/22/2025,10015,Baked Cheese Sticks(2 Cheese Sticks),300,0,300,127,126,0,126,$83.16,1,0.79%,$0.66,$83.82,0,0.00%,$0.00,$83.82,,,,
Irving Middle,5/22/2025,10026,Chickenless Bites(4 Bites),100,0,100,165,144,0,144,$105.12,21,12.73%,$15.33,$120.45,0,0.00%,$0.00,$120.45,,,,
Irving Middle,5/22/2025,10027,"Bread, Loco(1/2 piece)",0,0,0,62,53,6,59,$8.85,3,4.84%,$0.45,$9.30,0,0.00%,$0.00,$9.30,,,,
Irving Middle,5/22/2025,10027,"Bread, Loco(flatbread)",100,0,100,165,144,0,144,$43.20,21,12.73%,$6.30,$49.50,0,0.00%,$0.00,$49.50,,,,
Irving Middle,5/22/2025,10033,Chocolate Chip Cookie(Cookie),250,0,250,207,207,0,207,$55.89,0,0.00%,$0.00,$55.89,0,0.00%,$0.00,$55.89,,,,
Irving Middle,5/22/2025,10039,Potato Encrusted Breaded Pollock(Fillet),0,0,0,26,18,6,24,$15.84,2,7.69%,$1.32,$17.16,0,0.00%,$0.00,$17.16,,,,
Irving Middle,5/22/2025,10044,Soft Pretzel(1 pretzel),4,0,4,5,2,0,2,$0.44,0,0.00%,$0.00,$0.44,3,60.00%,$0.66,$1.10,,,,
Irving Middle,5/22/2025,20001,1% White Milk(Each),25,0,25,48,39,0,39,$14.04,0,0.00%,$0.00,$14.04,9,18.75%,$3.24,$17.28,,,,
Irving Middle,5/22/2025,20002,Fat Free Chocolate Milk(Each),284,0,284,299,284,0,284,$99.40,0,0.00%,$0.00,$99.40,15,5.02%,$5.25,$104.65,,,,
Irving Middle,5/22/2025,20008,Apple Slices(3 slices per 1/4 cup),0,0,0,348,348,0,348,$205.32,0,0.00%,$0.00,$205.32,0,0.00%,$0.00,$205.32,,,,
Irving Middle,5/22/2025,20016,String Cheese(Each),5,0,5,5,2,0,2,$0.44,0,0.00%,$0.00,$0.44,3,60.00%,$0.66,$1.10,,,,
Irving Middle,5/22/2025,20018,Red Seedless Grapes(16 grapes per 1/2 cup),0,0,0,92,92,0,92,$46.92,0,0.00%,$0.00,$46.92,0,0.00%,$0.00,$46.92,,,,
Irving Middle,5/22/2025,20023,Baby Carrots(3 baby carrots per 1/4 cup),0,0,0,96,60,0,60,$5.40,0,0.00%,$0.00,$5.40,36,37.50%,$3.24,$8.64,,,,
Irving Middle,5/22/2025,20028,Lettuce Blend Salad Mix(1/2 cup),267,0,267,320,284,0,284,$22.72,0,0.00%,$0.00,$22.72,36,11.25%,$2.88,$25.60,,,,
Irving Middle,5/22/2025,20031,Banana(Each),106,0,106,56,56,0,56,$11.76,0,0.00%,$0.00,$11.76,0,0.00%,$0.00,$11.76,,,,
Irving Middle,5/22/2025,20038,Fat Free White Milk(Each),17,0,17,36,30,0,30,$9.90,0,0.00%,$0.00,$9.90,6,16.67%,$1.98,$11.88,,,,
Irving Middle,5/22/2025,20052,Assorted  4 oz Yogurt(Container),5,0,5,5,0,0,0,$0.00,0,0.00%,$0.00,$0.00,5,100.00%,$0.00,$0.00,,,,
Irving Middle,5/22/2025,20076,"Peppers, green, pre-sliced(1/2 cup sliced)",0,0,0,72,54,0,54,$16.20,0,0.00%,$0.00,$16.20,18,25.00%,$5.40,$21.60,,,,
Irving Middle,5/22/2025,30008,Apple Juice(Each),25,0,25,25,25,0,25,$4.25,0,0.00%,$0.00,$4.25,0,0.00%,$0.00,$4.25,,,,
Irving Middle,5/22/2025,30009,Orange Tangerine Juice(Each),25,0,25,10,6,0,6,$1.02,0,0.00%,$0.00,$1.02,4,40.00%,$0.68,$1.70,,,,
Irving Middle,5/22/2025,30018,Marinara Sauce(1/4 Cup),300,0,300,127,126,0,126,$18.90,1,0.79%,$0.15,$19.05,0,0.00%,$0.00,$19.05,,,,
Irving Middle,5/22/2025,30024,Black Beans(1/4 Cup),27,0,27,19,19,0,19,$1.71,0,0.00%,$0.00,$1.71,0,0.00%,$0.00,$1.71,,,,
Irving Middle,5/22/2025,30033,Cheez-Its Crackers(Package),25,0,25,25,18,0,18,$3.24,0,0.00%,$0.00,$3.24,7,28.00%,$1.26,$4.50,,,,
Irving Middle,5/22/2025,30043,Raspberry Lemonade Flavored Dried Cranberries(Each),66,0,66,80,69,0,69,$16.56,0,0.00%,$0.00,$16.56,11,13.75%,$2.64,$19.20,,,,
Irving Middle,5/22/2025,30045,Watermelon Flavored Dried Cranberries(Each),41,0,41,100,73,0,73,$17.52,0,0.00%,$0.00,$17.52,27,27.00%,$6.48,$24.00,,,,
Irving Middle,5/22/2025,30063,Ketchup Packet(Packet),434,0,434,500,500,0,500,$15.00,0,0.00%,$0.00,$15.00,0,0.00%,$0.00,$15.00,,,,
Irving Middle,5/22/2025,30064,Mayonnaise Packet(Packet),250,0,250,350,350,0,350,$35.00,0,0.00%,$0.00,$35.00,0,0.00%,$0.00,$35.00,,,,
Irving Middle,5/22/2025,30065,Mustard Packet(Packet),45,0,45,40,40,0,40,$2.00,0,0.00%,$0.00,$2.00,0,0.00%,$0.00,$2.00,,,,
Irving Middle,5/22/2025,30077,Italian Dressing(1 ounce),48,0,48,48,48,0,48,$3.84,0,0.00%,$0.00,$3.84,0,0.00%,$0.00,$3.84,,,,
Irving Middle,5/22/2025,30097,Bottled Water(Bottle),90,0,90,102,102,0,102,$16.32,0,0.00%,$0.00,$16.32,0,0.00%,$0.00,$16.32,,,,
Irving Middle,5/22/2025,30107,Ranch Dressing(1 ounce),96,0,96,96,96,0,96,$10.56,0,0.00%,$0.00,$10.56,0,0.00%,$0.00,$10.56,,,,
Irving Middle,5/22/2025,30111,Doritos RF Spicy Sweet Chili(Each),25,0,25,72,72,0,72,$26.64,0,0.00%,$0.00,$26.64,0,0.00%,$0.00,$26.64,,,,
Irving Middle,5/22/2025,30113,Cool Ranch Reduced Fat Doritos(Each),25,0,25,72,51,0,51,$18.87,0,0.00%,$0.00,$18.87,21,29.17%,$7.77,$26.64,,,,
Irving Middle,5/22/2025,30119,RF Kettle Chips Jalapeno & Cheddar Chips(Each),25,0,25,64,64,0,64,$38.40,0,0.00%,$0.00,$38.40,0,0.00%,$0.00,$38.40,,,,
Irving Middle,5/22/2025,30121,Kellogg’s W/G Rice Krispies Treats(Each),0,0,0,93,93,0,93,$68.82,0,0.00%,$0.00,$68.82,0,0.00%,$0.00,$68.82,,,,
Irving Middle,5/22/2025,30124,"Fruit Snacks, Welch's Mixed(Each)",25,0,25,92,92,0,92,$36.80,0,0.00%,$0.00,$36.80,0,0.00%,$0.00,$36.80,,,,
Irving Middle,5/22/2025,60035,PB&J Power Pack(Power Packs),72,0,72,95,95,0,95,$102.60,0,0.00%,$0.00,$102.60,0,0.00%,$0.00,$102.60,,,,
Irving Middle,5/22/2025,60036,Cherry Vanilla Yogurt Power Pack(Power Packs),0,0,0,1,0,0,0,$0.00,0,0.00%,$0.00,$0.00,1,100.00%,$0.00,$0.00,,,,
Irving Middle,5/22/2025,60037,Strawberry & Banana Yogurt Power Pack(Power Packs),0,0,0,1,0,0,0,$0.00,0,0.00%,$0.00,$0.00,1,100.00%,$0.00,$0.00,,,,
Irving Middle,5/22/2025,60038,Peach Yogurt Power Pack(Power Packs),1,0,1,1,1,0,1,$0.80,0,0.00%,$0.00,$0.80,0,0.00%,$0.00,$0.80,,,,
Irving Middle,5/22/2025,60047,Chicken Tenders(3 tenders),0,0,0,36,36,0,36,$33.84,0,0.00%,$0.00,$33.84,0,0.00%,$0.00,$33.84,,,,
Irving Middle,5/22/2025,60075,Spicy Chicken Wrap(Wrap),15,0,15,21,21,0,21,$24.57,0,0.00%,$0.00,$24.57,0,0.00%,$0.00,$24.57,,,,
Irving Middle,5/22/2025,60078,Nachos with Turkey Barbacoa and Cheese Sauce(Serving),0,0,0,16,16,0,16,$21.28,0,0.00%,$0.00,$21.28,0,0.00%,$0.00,$21.28,,,,
Irving Middle,5/22/2025,60100,Black Beans - salad bar entree(1/2 cup),2,0,2,5,2,0,2,$0.34,0,0.00%,$0.00,$0.34,3,60.00%,$0.51,$0.85,,,,
Irving Middle,5/22/2025,60120,Asian Veggie Sub(sandwich),31,0,31,5,2,0,2,$3.78,3,60.00%,$5.67,$9.45,0,0.00%,$0.00,$9.45,,,,
Irving Middle,5/22/2025,60121,"Sauce, Spicy Mayo(tbsp)",0,0,0,50,50,0,50,$4.50,0,0.00%,$0.00,$4.50,0,0.00%,$0.00,$4.50,,,,
Irving Middle,5/22/2025,60122,Asian Meatball Sub(sandwich),50,0,50,22,20,0,20,$35.60,2,9.09%,$3.56,$39.16,0,0.00%,$0.00,$39.16,,,,
Irving Middle,5/22/2025,60150,Strawberry Parfait Power Pack(Power Pack),0,0,0,1,0,0,0,$0.00,0,0.00%,$0.00,$0.00,1,100.00%,$0.00,$0.00,,,,
Jefferson High,5/22/2025,10001,"Patty, Chicken, Breaded, WG(2 strips)",26,0,26,30,29,0,29,$6.38,0,0.00%,$0.00,$6.38,1,3.33%,$0.22,$6.60,,,,
Jefferson High,5/22/2025,10015,Baked Cheese Sticks(2 Cheese Sticks),85,0,85,180,167,4,171,$112.86,0,0.00%,$0.00,$112.86,9,5.00%,$5.94,$118.80,,,,
Jefferson High,5/22/2025,10026,Chickenless Bites(2 Bites),0,0,0,40,40,0,40,$14.40,0,0.00%,$0.00,$14.40,0,0.00%,$0.00,$14.40,,,,
Jefferson High,5/22/2025,10033,Chocolate Chip Cookie(Cookie),130,0,130,140,140,0,140,$37.80,0,0.00%,$0.00,$37.80,0,0.00%,$0.00,$37.80,,,,
Jefferson High,5/22/2025,10044,Soft Pretzel(1 pretzel),16,0,16,8,8,0,8,$1.76,0,0.00%,$0.00,$1.76,0,0.00%,$0.00,$1.76,,,,
Jefferson High,5/22/2025,10049,"WG 10"" Flour Tortilla(Tortilla)",11,0,11,15,14,0,14,$4.90,0,0.00%,$0.00,$4.90,1,6.67%,$0.35,$5.25,,,,
Jefferson High,5/22/2025,10051,"Turkey,  Breast, Pre-Sliced, Oven Roasted(3 Slices)",3,0,3,15,8,0,8,$4.32,0,0.00%,$0.00,$4.32,7,46.67%,$3.78,$8.10,,,,
Jefferson High,5/22/2025,10062,Corn(1/4 cup (thawed)),0,0,0,0,0,0,0,$0.00,0,0.00%,$0.00,$0.00,0,0.00%,$0.00,$0.00,,,,
Jefferson High,5/22/2025,10062,Corn(2 Tablespoons (thawed)),20,0,20,24,23,0,23,$1.15,0,0.00%,$0.00,$1.15,1,4.17%,$0.05,$1.20,,,,
Jefferson High,5/22/2025,10073,Whole Strawberries(1/2 cup thawed),0,0,0,0,0,0,0,$0.00,0,0.00%,$0.00,$0.00,0,0.00%,$0.00,$0.00,,,,
Jefferson High,5/22/2025,20001,1% White Milk(Each),23,0,23,54,40,0,40,$14.40,0,0.00%,$0.00,$14.40,14,25.93%,$5.04,$19.44,,,,
Jefferson High,5/22/2025,20002,Fat Free Chocolate Milk(Each),166,0,166,369,136,0,136,$47.60,0,0.00%,$0.00,$47.60,233,63.14%,$81.55,$129.15,,,,
Jefferson High,5/22/2025,20006,"Cheese, Shredded, Cheddar(1/4 cup)",21,0,21,30,22,0,22,$3.74,0,0.00%,$0.00,$3.74,8,26.67%,$1.36,$5.10,,,,
Jefferson High,5/22/2025,20008,Apple Slices(6 Slices per 1/2 cup),0,0,0,0,0,0,0,$0.00,0,0.00%,$0.00,$0.00,0,0.00%,$0.00,$0.00,,,,
Jefferson High,5/22/2025,20010,Fresh Whole Pear(Each),0,0,0,0,0,0,0,$0.00,0,0.00%,$0.00,$0.00,0,0.00%,$0.00,$0.00,,,,
Jefferson High,5/22/2025,20012,Grape Tomatoes(1/4 cup),0,0,0,5,5,0,5,$1.30,0,0.00%,$0.00,$1.30,0,0.00%,$0.00,$1.30,,,,
Jefferson High,5/22/2025,20016,String Cheese(Each),0,0,0,0,0,0,0,$0.00,0,0.00%,$0.00,$0.00,0,0.00%,$0.00,$0.00,,,,
Jefferson High,5/22/2025,20017,Orange(1/4 cup),0,0,0,120,105,0,105,$17.85,0,0.00%,$0.00,$17.85,15,12.50%,$2.55,$20.40,,,,
Jefferson High,5/22/2025,20018,Red Seedless Grapes(16 grapes per 1/2 cup),0,0,0,60,60,0,60,$30.60,0,0.00%,$0.00,$30.60,0,0.00%,$0.00,$30.60,,,,
Jefferson High,5/22/2025,20018,Red Seedless Grapes(2 Tablespoons),14,0,14,20,20,0,20,$2.60,0,0.00%,$0.00,$2.60,0,0.00%,$0.00,$2.60,,,,
Jefferson High,5/22/2025,20023,Baby Carrots(3 baby carrots per 1/4 cup),0,0,0,150,125,0,125,$11.25,0,0.00%,$0.00,$11.25,25,16.67%,$2.25,$13.50,,,,
Jefferson High,5/22/2025,20027,Broccoli Florets(1/4 cup),15,0,15,25,20,0,20,$1.60,0,0.00%,$0.00,$1.60,5,20.00%,$0.40,$2.00,,,,
Jefferson High,5/22/2025,20027,Broccoli Florets(6 Pieces per 1/2 cup),4,0,4,0,0,0,0,$0.00,0,0.00%,$0.00,$0.00,0,0.00%,$0.00,$0.00,,,,
Jefferson High,5/22/2025,20028,Lettuce Blend Salad Mix(1/2 cup),55,0,55,40,36,0,36,$2.88,0,0.00%,$0.00,$2.88,4,10.00%,$0.32,$3.20,,,,
Jefferson High,5/22/2025,20031,Banana(Each),61,0,61,45,45,0,45,$9.45,0,0.00%,$0.00,$9.45,0,0.00%,$0.00,$9.45,,,,
Jefferson High,5/22/2025,20035,"Onions, Red, Whole(2 Tablespoons (sliced))",5,0,5,15,8,0,8,$0.24,0,0.00%,$0.00,$0.24,7,46.67%,$0.21,$0.45,,,,
Jefferson High,5/22/2025,20038,Fat Free White Milk(Each),15,0,15,77,26,0,26,$8.58,0,0.00%,$0.00,$8.58,51,66.23%,$16.83,$25.41,,,,
Jefferson High,5/22/2025,20040,Cucumber Slices(2 Tablespoon),13,0,13,0,0,0,0,$0.00,0,0.00%,$0.00,$0.00,0,0.00%,$0.00,$0.00,,,,
Jefferson High,5/22/2025,20041,"Peppers, Green, Whole(2 Tablespoon)",11,0,11,10,5,0,5,$0.30,0,0.00%,$0.00,$0.30,5,50.00%,$0.30,$0.60,,,,
Jefferson High,5/22/2025,20042,"Peppers, Red, Whole(2 Tablespoons)",7,0,7,0,0,0,0,$0.00,0,0.00%,$0.00,$0.00,0,0.00%,$0.00,$0.00,,,,
Jefferson High,5/22/2025,20047,Orange Slices(3 slices per 1/4 cup),0,0,0,15,12,0,12,$2.40,0,0.00%,$0.00,$2.40,3,20.00%,$0.60,$3.00,,,,
Jefferson High,5/22/2025,20052,Assorted  4 oz Yogurt(Container),0,0,0,0,0,0,0,$0.00,0,0.00%,$0.00,$0.00,0,0.00%,$0.00,$0.00,,,,
Jefferson High,5/22/2025,30002,Sub Roll(Sub Roll),12,0,12,12,7,0,7,$2.17,0,0.00%,$0.00,$2.17,5,41.67%,$1.55,$3.72,,,,
Jefferson High,5/22/2025,30008,Apple Juice(Each),0,0,0,0,0,0,0,$0.00,0,0.00%,$0.00,$0.00,0,0.00%,$0.00,$0.00,,,,
Jefferson High,5/22/2025,30009,Orange Tangerine Juice(Each),0,0,0,0,0,0,0,$0.00,0,0.00%,$0.00,$0.00,0,0.00%,$0.00,$0.00,,,,
Jefferson High,5/22/2025,30014,Whole Wheat Dinner Roll(2 rolls),0,0,0,40,40,0,40,$11.20,0,0.00%,$0.00,$11.20,0,0.00%,$0.00,$11.20,,,,
Jefferson High,5/22/2025,30018,Marinara Sauce(1/4 Cup),113,0,113,180,167,4,171,$25.65,0,0.00%,$0.00,$25.65,9,5.00%,$1.35,$27.00,,,,
Jefferson High,5/22/2025,30024,Black Beans(1/4 Cup),3,0,3,0,0,0,0,$0.00,0,0.00%,$0.00,$0.00,0,0.00%,$0.00,$0.00,,,,
Jefferson High,5/22/2025,30033,Cheez-Its Crackers(Package),0,0,0,0,0,0,0,$0.00,0,0.00%,$0.00,$0.00,0,0.00%,$0.00,$0.00,,,,
Jefferson High,5/22/2025,30039,Cherry Flavored Dried Cranberries(Each),57,0,57,0,0,0,0,$0.00,0,0.00%,$0.00,$0.00,0,0.00%,$0.00,$0.00,,,,
Jefferson High,5/22/2025,30041,Orange Flavored Dried Cranberries(Each),11,0,11,0,0,0,0,$0.00,0,0.00%,$0.00,$0.00,0,0.00%,$0.00,$0.00,,,,
Jefferson High,5/22/2025,30042,Original Flavored Dried Cranberries(Package),0,0,0,0,0,0,0,$0.00,0,0.00%,$0.00,$0.00,0,0.00%,$0.00,$0.00,,,,
Jefferson High,5/22/2025,30043,Raspberry Lemonade Flavored Dried Cranberries(Each),0,0,0,0,0,0,0,$0.00,0,0.00%,$0.00,$0.00,0,0.00%,$0.00,$0.00,,,,
Jefferson High,5/22/2025,30044,Strawberry Flavored Dried Cranberries(Each),0,0,0,0,0,0,0,$0.00,0,0.00%,$0.00,$0.00,0,0.00%,$0.00,$0.00,,,,
Jefferson High,5/22/2025,30045,Watermelon Flavored Dried Cranberries(Each),0,0,0,0,0,0,0,$0.00,0,0.00%,$0.00,$0.00,0,0.00%,$0.00,$0.00,,,,
Jefferson High,5/22/2025,30061,Chilled Mandarin Oranges(1/2 cup (drained)),0,0,0,40,40,0,40,$13.60,0,0.00%,$0.00,$13.60,0,0.00%,$0.00,$13.60,,,,
Jefferson High,5/22/2025,30063,Ketchup Packet(Packet),177,0,177,460,210,0,210,$6.30,0,0.00%,$0.00,$6.30,250,54.35%,$7.50,$13.80,,,,
Jefferson High,5/22/2025,30064,Mayonnaise Packet(Packet),24,0,24,0,0,0,0,$0.00,0,0.00%,$0.00,$0.00,0,0.00%,$0.00,$0.00,,,,
Jefferson High,5/22/2025,30065,Mustard Packet(Packet),22,0,22,180,30,0,30,$1.50,0,0.00%,$0.00,$1.50,150,83.33%,$7.50,$9.00,,,,
Jefferson High,5/22/2025,30077,Italian Dressing(1 ounce),30,0,30,40,10,0,10,$0.80,0,0.00%,$0.00,$0.80,30,75.00%,$2.40,$3.20,,,,
Jefferson High,5/22/2025,30097,Bottled Water(Bottle),17,0,17,22,14,0,14,$2.24,0,0.00%,$0.00,$2.24,8,36.36%,$1.28,$3.52,,,,
Jefferson High,5/22/2025,30099,Chickpeas(2 Tablespoons),12,0,12,0,0,0,0,$0.00,0,0.00%,$0.00,$0.00,0,0.00%,$0.00,$0.00,,,,
Jefferson High,5/22/2025,30107,Ranch Dressing(1 ounce),101,0,101,190,148,0,148,$16.28,0,0.00%,$0.00,$16.28,42,22.11%,$4.62,$20.90,,,,
Jefferson High,5/22/2025,30109,Smartfood RF White Cheddar Popcorn(Each),0,0,0,0,0,0,0,$0.00,0,0.00%,$0.00,$0.00,0,0.00%,$0.00,$0.00,,,,
Jefferson High,5/22/2025,30110,Doritos Flamas(Each),0,0,0,0,0,0,0,$0.00,0,0.00%,$0.00,$0.00,0,0.00%,$0.00,$0.00,,,,
Jefferson High,5/22/2025,30111,Doritos RF Spicy Sweet Chili(Each),0,0,0,0,0,0,0,$0.00,0,0.00%,$0.00,$0.00,0,0.00%,$0.00,$0.00,,,,
Jefferson High,5/22/2025,30112,Doritos RF Nacho Cheese(Each),0,0,0,0,0,0,0,$0.00,0,0.00%,$0.00,$0.00,0,0.00%,$0.00,$0.00,,,,
Jefferson High,5/22/2025,30113,Cool Ranch Reduced Fat Doritos(Each),0,0,0,0,0,0,0,$0.00,0,0.00%,$0.00,$0.00,0,0.00%,$0.00,$0.00,,,,
Jefferson High,5/22/2025,30114,SS Baked Cheetos Flaming Hot(Each),0,0,0,0,0,0,0,$0.00,0,0.00%,$0.00,$0.00,0,0.00%,$0.00,$0.00,,,,
Jefferson High,5/22/2025,30115,SS Baked Cheetos Flaming Limon(Each),0,0,0,0,0,0,0,$0.00,0,0.00%,$0.00,$0.00,0,0.00%,$0.00,$0.00,,,,
Jefferson High,5/22/2025,30116,SS Cheetos Fantastix Flaming Hot(Each),0,0,0,0,0,0,0,$0.00,0,0.00%,$0.00,$0.00,0,0.00%,$0.00,$0.00,,,,
Jefferson High,5/22/2025,30117,WG Baked Funyuns(Each),0,0,0,0,0,0,0,$0.00,0,0.00%,$0.00,$0.00,0,0.00%,$0.00,$0.00,,,,
Jefferson High,5/22/2025,30118,Kettle Cooked Smoky BBQ Chips(Each),0,0,0,0,0,0,0,$0.00,0,0.00%,$0.00,$0.00,0,0.00%,$0.00,$0.00,,,,
Jefferson High,5/22/2025,30119,RF Kettle Chips Jalapeno & Cheddar Chips(Each),0,0,0,0,0,0,0,$0.00,0,0.00%,$0.00,$0.00,0,0.00%,$0.00,$0.00,,,,
Jefferson High,5/22/2025,30120,RF Kettle Chips Sea Salt & Vinegar Chips(Each),0,0,0,0,0,0,0,$0.00,0,0.00%,$0.00,$0.00,0,0.00%,$0.00,$0.00,,,,
Jefferson High,5/22/2025,30124,"Fruit Snacks, Welch's Mixed(Each)",0,0,0,0,0,0,0,$0.00,0,0.00%,$0.00,$0.00,0,0.00%,$0.00,$0.00,,,,
Jefferson High,5/22/2025,30160,Lay's RF Kettle Original Chips(Each),0,0,0,0,0,0,0,$0.00,0,0.00%,$0.00,$0.00,0,0.00%,$0.00,$0.00,,,,
Jefferson High,5/22/2025,60035,PB&J Power Pack(Power Packs),77,0,77,87,65,0,65,$70.20,0,0.00%,$0.00,$70.20,22,25.29%,$23.76,$93.96,,,,
Jefferson High,5/22/2025,60036,Cherry Vanilla Yogurt Power Pack(Power Packs),0,0,0,0,0,0,0,$0.00,0,0.00%,$0.00,$0.00,0,0.00%,$0.00,$0.00,,,,
Jefferson High,5/22/2025,60037,Strawberry & Banana Yogurt Power Pack(Power Packs),8,0,8,10,3,0,3,$2.40,0,0.00%,$0.00,$2.40,7,70.00%,$5.60,$8.00,,,,
Jefferson High,5/22/2025,60038,Peach Yogurt Power Pack(Power Packs),0,0,0,0,0,0,0,$0.00,0,0.00%,$0.00,$0.00,0,0.00%,$0.00,$0.00,,,,
Jefferson High,5/22/2025,60050,Chickenless Bites(2 Bites),6,0,6,0,0,0,0,$0.00,0,0.00%,$0.00,$0.00,0,0.00%,$0.00,$0.00,,,,
Jefferson High,5/22/2025,60072,Spicy Breaded Chicken Patty on Bun(Sandwich),0,0,0,192,180,5,185,$138.75,0,0.00%,$0.00,$138.75,7,3.65%,$5.25,$144.00,,,,
Jefferson High,5/22/2025,60075,Spicy Chicken Wrap(Wrap),9,0,9,6,5,0,5,$5.85,0,0.00%,$0.00,$5.85,1,16.67%,$1.17,$7.02,,,,
Jefferson High,5/22/2025,60077,Manager's Vegetable Choice(1/4 cup),17,0,17,0,0,0,0,$0.00,0,0.00%,$0.00,$0.00,0,0.00%,$0.00,$0.00,,,,
Jefferson High,5/22/2025,60100,Black Beans - salad bar entree(1/2 cup),0,0,0,0,0,0,0,$0.00,0,0.00%,$0.00,$0.00,0,0.00%,$0.00,$0.00,,,,
Jefferson High,5/22/2025,60120,Asian Veggie Sub(sandwich),42,0,42,0,0,0,0,$0.00,0,0.00%,$0.00,$0.00,0,0.00%,$0.00,$0.00,,,,
Jefferson High,5/22/2025,60122,Asian Meatball Sub(sandwich),80,0,80,0,0,0,0,$0.00,0,0.00%,$0.00,$0.00,0,0.00%,$0.00,$0.00,,,,
Jefferson High,5/22/2025,60150,Strawberry Parfait Power Pack(Power Pack),0,0,0,0,0,0,0,$0.00,0,0.00%,$0.00,$0.00,0,0.00%,$0.00,$0.00,,,,
Johnson Middle,5/22/2025,10015,Baked Cheese Sticks(2 Cheese Sticks),192,0,192,288,267,0,267,$176.22,2,0.69%,$1.32,$177.54,19,6.60%,$12.54,$190.08,,,,
Johnson Middle,5/22/2025,10033,Chocolate Chip Cookie(Cookie),382,0,382,331,303,0,303,$81.81,0,0.00%,$0.00,$81.81,28,8.46%,$7.56,$89.37,,,,
Johnson Middle,5/22/2025,10044,Soft Pretzel(1 pretzel),7,0,7,10,8,0,8,$1.76,2,20.00%,$0.44,$2.20,0,0.00%,$0.00,$2.20,,,,
Johnson Middle,5/22/2025,10069,Bean and Cheese Pupusa(Pupusa),0,0,0,10,7,0,7,$10.50,0,0.00%,$0.00,$10.50,3,30.00%,$4.50,$15.00,,,,
Johnson Middle,5/22/2025,10071,"Cheese Sauce, Frozen, Nacho(1/2 cup)",0,0,0,80,49,0,49,$22.54,5,6.25%,$2.30,$24.84,26,32.50%,$11.96,$36.80,,,,
Johnson Middle,5/22/2025,20001,1% White Milk(Each),52,0,52,72,61,0,61,$21.96,0,0.00%,$0.00,$21.96,11,15.28%,$3.96,$25.92,,,,
Johnson Middle,5/22/2025,20002,Fat Free Chocolate Milk(Each),330,0,330,463,351,0,351,$122.85,0,0.00%,$0.00,$122.85,112,24.19%,$39.20,$162.05,,,,
Johnson Middle,5/22/2025,20008,Apple Slices(3 slices per 1/4 cup),0,0,0,680,677,0,677,$399.43,3,0.44%,$1.77,$401.20,0,0.00%,$0.00,$401.20,,,,
Johnson Middle,5/22/2025,20012,Grape Tomatoes(1/4 cup),0,0,0,160,127,0,127,$33.02,3,1.88%,$0.78,$33.80,30,18.75%,$7.80,$41.60,,,,
Johnson Middle,5/22/2025,20018,Red Seedless Grapes(16 grapes per 1/2 cup),0,0,0,68,66,0,66,$33.66,2,2.94%,$1.02,$34.68,0,0.00%,$0.00,$34.68,,,,
Johnson Middle,5/22/2025,20023,Baby Carrots(3 baby carrots per 1/4 cup),0,0,0,96,86,0,86,$7.74,0,0.00%,$0.00,$7.74,10,10.42%,$0.90,$8.64,,,,
Johnson Middle,5/22/2025,20028,Lettuce Blend Salad Mix(1/2 cup),468,0,468,480,477,0,477,$38.16,3,0.63%,$0.24,$38.40,0,0.00%,$0.00,$38.40,,,,
Johnson Middle,5/22/2025,20031,Banana(Each),97,0,97,120,90,0,90,$18.90,0,0.00%,$0.00,$18.90,30,25.00%,$6.30,$25.20,,,,
Johnson Middle,5/22/2025,20036,Celery Sticks(1/2 cup),0,0,0,96,74,0,74,$40.70,2,2.08%,$1.10,$41.80,20,20.83%,$11.00,$52.80,,,,
Johnson Middle,5/22/2025,20038,Fat Free White Milk(Each),35,0,35,59,45,0,45,$14.85,0,0.00%,$0.00,$14.85,14,23.73%,$4.62,$19.47,,,,
Johnson Middle,5/22/2025,30011,"Salsa, Mild Canned(1.5 oz)",0,0,0,260,258,0,258,$25.80,2,0.77%,$0.20,$26.00,0,0.00%,$0.00,$26.00,,,,
Johnson Middle,5/22/2025,30018,Marinara Sauce(1/4 Cup),192,0,192,288,269,0,269,$40.35,0,0.00%,$0.00,$40.35,19,6.60%,$2.85,$43.20,,,,
Johnson Middle,5/22/2025,30035,Ranch Dressing Packet(Packet),0,0,0,30,20,0,20,$4.60,0,0.00%,$0.00,$4.60,10,33.33%,$2.30,$6.90,,,,
Johnson Middle,5/22/2025,30039,Cherry Flavored Dried Cranberries(2 Eaches),0,0,0,210,150,0,150,$72.00,0,0.00%,$0.00,$72.00,60,28.57%,$28.80,$100.80,,,,
Johnson Middle,5/22/2025,30045,Watermelon Flavored Dried Cranberries(2 Eaches),0,0,0,90,90,0,90,$43.20,0,0.00%,$0.00,$43.20,0,0.00%,$0.00,$43.20,,,,
Johnson Middle,5/22/2025,30063,Ketchup Packet(Packet),484,0,484,800,700,0,700,$21.00,0,0.00%,$0.00,$21.00,100,12.50%,$3.00,$24.00,,,,
Johnson Middle,5/22/2025,30064,Mayonnaise Packet(Packet),63,0,63,50,40,0,40,$4.00,0,0.00%,$0.00,$4.00,10,20.00%,$1.00,$5.00,,,,
Johnson Middle,5/22/2025,30065,Mustard Packet(Packet),34,0,34,30,25,0,25,$1.25,0,0.00%,$0.00,$1.25,5,16.67%,$0.25,$1.50,,,,
Johnson Middle,5/22/2025,30097,Bottled Water(Bottle),60,0,60,80,60,0,60,$9.60,3,3.75%,$0.48,$10.08,17,21.25%,$2.72,$12.80,,,,
Johnson Middle,5/22/2025,30107,Ranch Dressing(1 ounce),129,0,129,96,86,0,86,$9.46,0,0.00%,$0.00,$9.46,10,10.42%,$1.10,$10.56,,,,
Johnson Middle,5/22/2025,30110,Doritos Flamas(Each),30,0,30,35,35,0,35,$12.95,0,0.00%,$0.00,$12.95,0,0.00%,$0.00,$12.95,,,,
Johnson Middle,5/22/2025,30114,SS Baked Cheetos Flaming Hot(Each),20,0,20,40,40,0,40,$21.20,0,0.00%,$0.00,$21.20,0,0.00%,$0.00,$21.20,,,,
Johnson Middle,5/22/2025,30118,Kettle Cooked Smoky BBQ Chips(Each),20,0,20,24,24,0,24,$14.40,0,0.00%,$0.00,$14.40,0,0.00%,$0.00,$14.40,,,,
Johnson Middle,5/22/2025,30119,RF Kettle Chips Jalapeno & Cheddar Chips(Each),20,0,20,24,24,0,24,$14.40,0,0.00%,$0.00,$14.40,0,0.00%,$0.00,$14.40,,,,
Johnson Middle,5/22/2025,30120,RF Kettle Chips Sea Salt & Vinegar Chips(Each),20,0,20,64,64,0,64,$38.40,0,0.00%,$0.00,$38.40,0,0.00%,$0.00,$38.40,,,,
Johnson Middle,5/22/2025,30121,Kellogg’s W/G Rice Krispies Treats(Each),0,0,0,29,29,0,29,$21.46,0,0.00%,$0.00,$21.46,0,0.00%,$0.00,$21.46,,,,
Johnson Middle,5/22/2025,30122,WG Chocolate Chip Rice Krispy Treats(Each),0,0,0,20,20,0,20,$12.00,0,0.00%,$0.00,$12.00,0,0.00%,$0.00,$12.00,,,,
Johnson Middle,5/22/2025,30124,"Fruit Snacks, Welch's Mixed(Each)",30,0,30,50,48,0,48,$19.20,0,0.00%,$0.00,$19.20,2,4.00%,$0.80,$20.00,,,,
Johnson Middle,5/22/2025,30160,Lay's RF Kettle Original Chips(Each),20,0,20,82,44,0,44,$26.40,0,0.00%,$0.00,$26.40,38,46.34%,$22.80,$49.20,,,,
Johnson Middle,5/22/2025,60035,PB&J Power Pack(Power Packs),100,0,100,100,92,0,92,$99.36,3,3.00%,$3.24,$102.60,5,5.00%,$5.40,$108.00,,,,
Johnson Middle,5/22/2025,60036,Cherry Vanilla Yogurt Power Pack(Power Packs),6,0,6,10,6,0,6,$4.80,2,20.00%,$1.60,$6.40,2,20.00%,$1.60,$8.00,,,,
Johnson Middle,5/22/2025,60039,Pasta with Meat Sauce(serving),0,0,0,80,55,0,55,$58.85,5,6.25%,$5.35,$64.20,20,25.00%,$21.40,$85.60,,,,
Johnson Middle,5/22/2025,60063,Chicken & Vegetable Dumplings(6 dumplings),0,0,0,7,1,0,1,$0.00,6,85.71%,$0.00,$0.00,0,0.00%,$0.00,$0.00,,,,
Johnson Middle,5/22/2025,60075,Spicy Chicken Wrap(Wrap),6,0,6,16,12,0,12,$14.04,2,12.50%,$2.34,$16.38,2,12.50%,$2.34,$18.72,,,,
Johnson Middle,5/22/2025,60095,Chicken and Cheese Quesadilla(Quesadilla),0,0,0,30,23,3,26,$22.88,4,13.33%,$3.52,$26.40,0,0.00%,$0.00,$26.40,,,,
Johnson Middle,5/22/2025,60120,Asian Veggie Sub(sandwich),50,0,50,100,84,0,84,$158.76,2,2.00%,$3.78,$162.54,14,14.00%,$26.46,$189.00,,,,
Johnson Middle,5/22/2025,60122,Asian Meatball Sub(sandwich),96,0,96,64,44,2,46,$81.88,4,6.25%,$7.12,$89.00,14,21.88%,$24.92,$113.92,,,,
Johnson Middle,5/22/2025,60150,Strawberry Parfait Power Pack(Power Pack),8,0,8,4,1,0,1,$1.63,3,75.00%,$4.89,$6.52,0,0.00%,$0.00,$6.52,,,,
Johnson Middle,5/22/2025,60155,Fish  Sandwich(Sandwich),0,0,0,44,21,4,25,$17.50,3,6.82%,$2.10,$19.60,16,36.36%,$11.20,$30.80,,,,
Justice High,5/22/2025,10013,"Patty, Chicken, Spicy, Breaded(Patty)",50,0,50,75,61,0,61,$43.92,0,0.00%,$0.00,$43.92,14,18.67%,$10.08,$54.00,,,,
Justice High,5/22/2025,10015,Baked Cheese Sticks(2 Cheese Sticks),426,0,426,450,444,4,448,$295.68,2,0.44%,$1.32,$297.00,0,0.00%,$0.00,$297.00,,,,
Justice High,5/22/2025,10026,Chickenless Bites(4 Bites),400,0,400,10,0,8,8,$0.00,2,20.00%,$0.00,$0.00,0,0.00%,$0.00,$0.00,,,,
Justice High,5/22/2025,10044,Soft Pretzel(1 pretzel),3,0,3,2,2,0,2,$0.44,0,0.00%,$0.00,$0.44,0,0.00%,$0.00,$0.44,,,,
Justice High,5/22/2025,10049,"WG 10"" Flour Tortilla(Tortilla)",32,0,32,40,39,0,39,$13.65,0,0.00%,$0.00,$13.65,1,2.50%,$0.35,$14.00,,,,
Justice High,5/22/2025,10051,"Turkey,  Breast, Pre-Sliced, Oven Roasted(6 Slices)",17,0,17,5,1,0,1,$1.08,0,0.00%,$0.00,$1.08,4,80.00%,$4.32,$5.40,,,,
Justice High,5/22/2025,20001,1% White Milk(Each),94,0,94,200,135,0,135,$48.60,0,0.00%,$0.00,$48.60,65,32.50%,$23.40,$72.00,,,,
Justice High,5/22/2025,20002,Fat Free Chocolate Milk(Each),544,0,544,500,458,0,458,$160.30,0,0.00%,$0.00,$160.30,42,8.40%,$14.70,$175.00,,,,
Justice High,5/22/2025,20006,"Cheese, Shredded, Cheddar(Cup)",2,0,2,5,1,1,2,$1.40,0,0.00%,$0.00,$1.40,3,60.00%,$2.10,$3.50,,,,
Justice High,5/22/2025,20008,Apple Slices(3 slices per 1/4 cup),116,0,116,120,116,0,116,$68.44,0,0.00%,$0.00,$68.44,4,3.33%,$2.36,$70.80,,,,
Justice High,5/22/2025,20011,Cherry Tomatoes(1/4 cup),50,0,50,36,21,0,21,$7.77,0,0.00%,$0.00,$7.77,15,41.67%,$5.55,$13.32,,,,
Justice High,5/22/2025,20014,Red Delicious Apple(Each - serving),0,0,0,519,478,0,478,$157.74,0,0.00%,$0.00,$157.74,41,7.90%,$13.53,$171.27,,,,
Justice High,5/22/2025,20017,Orange(Each - serving),0,0,0,302,281,0,281,$95.54,0,0.00%,$0.00,$95.54,21,6.95%,$7.14,$102.68,,,,
Justice High,5/22/2025,20023,Baby Carrots(6 Baby Carrots per 1/2 cup),0,0,0,165,123,0,123,$20.91,0,0.00%,$0.00,$20.91,42,25.45%,$7.14,$28.05,,,,
Justice High,5/22/2025,20027,Broccoli Florets(6 Pieces per 1/2 cup),105,0,105,18,18,0,18,$2.70,0,0.00%,$0.00,$2.70,0,0.00%,$0.00,$2.70,,,,
Justice High,5/22/2025,20028,Lettuce Blend Salad Mix(1/2 cup),325,0,325,280,268,0,268,$21.44,0,0.00%,$0.00,$21.44,12,4.29%,$0.96,$22.40,,,,
Justice High,5/22/2025,20035,"Onions, Red, Whole(1/4 cup (sliced))",35,0,35,40,35,0,35,$2.45,0,0.00%,$0.00,$2.45,5,12.50%,$0.35,$2.80,,,,
Justice High,5/22/2025,20038,Fat Free White Milk(Each),44,0,44,100,43,0,43,$14.19,0,0.00%,$0.00,$14.19,57,57.00%,$18.81,$33.00,,,,
Justice High,5/22/2025,20041,"Peppers, Green, Whole(1/4 cup)",23,0,23,30,24,0,24,$3.12,0,0.00%,$0.00,$3.12,6,20.00%,$0.78,$3.90,,,,
Justice High,5/22/2025,20042,"Peppers, Red, Whole(1/4 cup)",50,0,50,35,23,0,23,$2.07,0,0.00%,$0.00,$2.07,12,34.29%,$1.08,$3.15,,,,
Justice High,5/22/2025,30002,Sub Roll(Sub Roll),34,0,34,48,47,0,47,$14.57,0,0.00%,$0.00,$14.57,1,2.08%,$0.31,$14.88,,,,
Justice High,5/22/2025,30014,Whole Wheat Dinner Roll(2 rolls),400,0,400,10,0,8,8,$0.00,2,20.00%,$0.00,$0.00,0,0.00%,$0.00,$0.00,,,,
Justice High,5/22/2025,30018,Marinara Sauce(1/4 Cup),225,0,225,450,444,4,448,$67.20,2,0.44%,$0.30,$67.50,0,0.00%,$0.00,$67.50,,,,
Justice High,5/22/2025,30024,Black Beans(1/2 Cup),16,0,16,24,17,0,17,$2.89,0,0.00%,$0.00,$2.89,7,29.17%,$1.19,$4.08,,,,
Justice High,5/22/2025,30043,Raspberry Lemonade Flavored Dried Cranberries(Each),163,0,163,220,200,0,200,$48.00,0,0.00%,$0.00,$48.00,20,9.09%,$4.80,$52.80,,,,
Justice High,5/22/2025,30063,Ketchup Packet(Packet),664,0,664,420,377,0,377,$11.31,0,0.00%,$0.00,$11.31,43,10.24%,$1.29,$12.60,,,,
Justice High,5/22/2025,30064,Mayonnaise Packet(Packet),545,0,545,300,176,0,176,$17.60,0,0.00%,$0.00,$17.60,124,41.33%,$12.40,$30.00,,,,
Justice High,5/22/2025,30065,Mustard Packet(Packet),9,0,9,30,8,0,8,$0.40,0,0.00%,$0.00,$0.40,22,73.33%,$1.10,$1.50,,,,
Justice High,5/22/2025,30077,Italian Dressing(1 ounce),41,0,41,48,26,0,26,$2.08,0,0.00%,$0.00,$2.08,22,45.83%,$1.76,$3.84,,,,
Justice High,5/22/2025,30097,Bottled Water(Bottle),0,0,0,5,2,0,2,$0.32,0,0.00%,$0.00,$0.32,3,60.00%,$0.48,$0.80,,,,
Justice High,5/22/2025,30099,Chickpeas(1/2 cup),0,0,0,12,12,0,12,$2.16,0,0.00%,$0.00,$2.16,0,0.00%,$0.00,$2.16,,,,
Justice High,5/22/2025,30099,Chickpeas(1/4 cup),24,0,24,50,47,0,47,$4.23,0,0.00%,$0.00,$4.23,3,6.00%,$0.27,$4.50,,,,
Justice High,5/22/2025,30107,Ranch Dressing(1 ounce),188,0,188,198,168,0,168,$18.48,0,0.00%,$0.00,$18.48,30,15.15%,$3.30,$21.78,,,,
Justice High,5/22/2025,60035,PB&J Power Pack(Power Packs),150,0,150,200,195,1,196,$211.68,0,0.00%,$0.00,$211.68,4,2.00%,$4.32,$216.00,,,,
Justice High,5/22/2025,60037,Strawberry & Banana Yogurt Power Pack(Power Packs),1,0,1,5,0,0,0,$0.00,0,0.00%,$0.00,$0.00,5,100.00%,$0.00,$0.00,,,,
Justice High,5/22/2025,60040,Grilled Cheese Sandwich(Sandwich),0,0,0,8,7,0,7,$2.94,1,12.50%,$0.42,$3.36,0,0.00%,$0.00,$3.36,,,,
Justice High,5/22/2025,60050,Chickenless Bites(4 Bites),8,0,8,25,23,0,23,$17.48,0,0.00%,$0.00,$17.48,2,8.00%,$1.52,$19.00,,,,
Justice High,5/22/2025,60060,Hamburger(Sandwich),0,0,0,30,30,0,30,$20.10,0,0.00%,$0.00,$20.10,0,0.00%,$0.00,$20.10,,,,
Justice High,5/22/2025,60072,Spicy Breaded Chicken Patty on Bun(Sandwich),0,0,0,16,16,0,16,$12.00,0,0.00%,$0.00,$12.00,0,0.00%,$0.00,$12.00,,,,
Justice High,5/22/2025,60073,Chicken and Cheese Quesadilla(Quesadilla),0,0,0,120,112,3,115,$187.45,0,0.00%,$0.00,$187.45,5,4.17%,$8.15,$195.60,,,,
Justice High,5/22/2025,60120,Asian Veggie Sub(sandwich),27,0,27,5,0,0,0,$0.00,0,0.00%,$0.00,$0.00,5,100.00%,$0.00,$0.00,,,,
Justice High,5/22/2025,60122,Asian Meatball Sub(sandwich),31,0,31,34,33,0,33,$58.74,1,2.94%,$1.78,$60.52,0,0.00%,$0.00,$60.52,,,,
Justice High,5/22/2025,60150,Strawberry Parfait Power Pack(Power Pack),20,0,20,15,9,1,10,$16.30,0,0.00%,$0.00,$16.30,5,33.33%,$8.15,$24.45,,,,
Keene Mill Elementary,5/22/2025,10041,Mini Maple Pancakes(Package),0,0,0,19,19,0,19,$7.41,0,0.00%,$0.00,$7.41,0,0.00%,$0.00,$7.41,,,,
Keene Mill Elementary,5/22/2025,10044,Soft Pretzel(1 pretzel),11,0,11,30,26,0,26,$5.72,0,0.00%,$0.00,$5.72,4,13.33%,$0.88,$6.60,,,,
Keene Mill Elementary,5/22/2025,10062,Corn(1/4 cup (thawed)),147,0,147,175,172,0,172,$18.92,0,0.00%,$0.00,$18.92,3,1.71%,$0.33,$19.25,,,,
Keene Mill Elementary,5/22/2025,10073,Whole Strawberries(1/2 cup thawed),0,0,0,165,160,0,160,$54.40,0,0.00%,$0.00,$54.40,5,3.03%,$1.70,$56.10,,,,
Keene Mill Elementary,5/22/2025,20001,1% White Milk(Each),45,0,45,55,46,0,46,$16.56,0,0.00%,$0.00,$16.56,9,16.36%,$3.24,$19.80,,,,
Keene Mill Elementary,5/22/2025,20002,Fat Free Chocolate Milk(Each),198,0,198,270,264,0,264,$92.40,0,0.00%,$0.00,$92.40,6,2.22%,$2.10,$94.50,,,,
Keene Mill Elementary,5/22/2025,20015,Golden Delicious Apple(Each),0,0,0,195,191,0,191,$59.21,0,0.00%,$0.00,$59.21,4,2.05%,$1.24,$60.45,,,,
Keene Mill Elementary,5/22/2025,20028,Lettuce Blend Salad Mix(1 cup),9,0,9,10,10,0,10,$1.60,0,0.00%,$0.00,$1.60,0,0.00%,$0.00,$1.60,,,,
Keene Mill Elementary,5/22/2025,20028,Lettuce Blend Salad Mix(1/2 cup),156,0,156,245,242,0,242,$19.36,0,0.00%,$0.00,$19.36,3,1.22%,$0.24,$19.60,,,,
Keene Mill Elementary,5/22/2025,20031,Banana(Each),151,0,151,195,192,0,192,$40.32,0,0.00%,$0.00,$40.32,3,1.54%,$0.63,$40.95,,,,
Keene Mill Elementary,5/22/2025,20038,Fat Free White Milk(Each),25,0,25,35,23,0,23,$7.59,0,0.00%,$0.00,$7.59,12,34.29%,$3.96,$11.55,,,,
Keene Mill Elementary,5/22/2025,30008,Apple Juice(Each),0,0,0,70,67,0,67,$11.39,0,0.00%,$0.00,$11.39,3,4.29%,$0.51,$11.90,,,,
Keene Mill Elementary,5/22/2025,30009,Orange Tangerine Juice(Each),0,0,0,30,25,0,25,$4.25,0,0.00%,$0.00,$4.25,5,16.67%,$0.85,$5.10,,,,
Keene Mill Elementary,5/22/2025,30031,Strawberry Chex Mix(Package),0,0,0,25,20,0,20,$9.00,0,0.00%,$0.00,$9.00,5,20.00%,$2.25,$11.25,,,,
Keene Mill Elementary,5/22/2025,30034,Graham Crackers(Package),10,0,10,10,10,0,10,$1.40,0,0.00%,$0.00,$1.40,0,0.00%,$0.00,$1.40,,,,
Keene Mill Elementary,5/22/2025,30037,IW Applesauce Cup(Each),10,0,10,10,10,0,10,$2.70,0,0.00%,$0.00,$2.70,0,0.00%,$0.00,$2.70,,,,
Keene Mill Elementary,5/22/2025,30043,Raspberry Lemonade Flavored Dried Cranberries(Each),22,0,22,65,63,0,63,$15.12,0,0.00%,$0.00,$15.12,2,3.08%,$0.48,$15.60,,,,
Keene Mill Elementary,5/22/2025,30044,Strawberry Flavored Dried Cranberries(Each),66,0,66,65,56,0,56,$13.44,0,0.00%,$0.00,$13.44,9,13.85%,$2.16,$15.60,,,,
Keene Mill Elementary,5/22/2025,30077,Italian Dressing(1 ounce),70,0,70,135,126,0,126,$10.08,0,0.00%,$0.00,$10.08,9,6.67%,$0.72,$10.80,,,,
Keene Mill Elementary,5/22/2025,30094,Doritos Wild White Nacho Flavored Tortilla Chips(Bag),0,0,0,60,56,0,56,$19.60,0,0.00%,$0.00,$19.60,4,6.67%,$1.40,$21.00,,,,
Keene Mill Elementary,5/22/2025,30097,Bottled Water(Bottle),0,0,0,20,17,0,17,$2.72,0,0.00%,$0.00,$2.72,3,15.00%,$0.48,$3.20,,,,
Keene Mill Elementary,5/22/2025,30099,Chickpeas(1/4 cup),55,0,55,150,144,0,144,$12.96,0,0.00%,$0.00,$12.96,6,4.00%,$0.54,$13.50,,,,
Keene Mill Elementary,5/22/2025,30107,Ranch Dressing(1 ounce),127,0,127,135,132,0,132,$14.52,0,0.00%,$0.00,$14.52,3,2.22%,$0.33,$14.85,,,,
Keene Mill Elementary,5/22/2025,60035,PB&J Power Pack(Power Packs),22,0,22,20,16,0,16,$17.28,0,0.00%,$0.00,$17.28,4,20.00%,$4.32,$21.60,,,,
Keene Mill Elementary,5/22/2025,60037,Strawberry & Banana Yogurt Power Pack(Power Packs),27,0,27,55,50,0,50,$40.00,0,0.00%,$0.00,$40.00,5,9.09%,$4.00,$44.00,,,,
Keene Mill Elementary,5/22/2025,60054,Steamed Broccoli(1/2 cup),162,0,162,145,138,0,138,$20.70,0,0.00%,$0.00,$20.70,7,4.83%,$1.05,$21.75,,,,
Keene Mill Elementary,5/22/2025,60077,Manager's Vegetable Choice(1/4 cup),12,0,12,165,160,0,160,$0.00,0,0.00%,$0.00,$0.00,5,3.03%,$0.00,$0.00,,,,
Keene Mill Elementary,5/22/2025,60120,Asian Veggie Sub(sandwich),137,0,137,116,116,0,116,$219.24,0,0.00%,$0.00,$219.24,0,0.00%,$0.00,$219.24,,,,
Keene Mill Elementary,5/22/2025,60122,Asian Meatball Sub(sandwich),118,0,118,158,154,4,158,$281.24,0,0.00%,$0.00,$281.24,0,0.00%,$0.00,$281.24,,,,
Kent Gardens Elementary,5/22/2025,10044,Soft Pretzel(1 pretzel),26,0,26,89,88,0,88,$19.36,0,0.00%,$0.00,$19.36,1,1.12%,$0.22,$19.58,,,,
Kent Gardens Elementary,5/22/2025,20001,1% White Milk(Each),8,0,8,45,14,0,14,$5.04,0,0.00%,$0.00,$5.04,31,68.89%,$11.16,$16.20,,,,
Kent Gardens Elementary,5/22/2025,20002,Fat Free Chocolate Milk(Each),140,0,140,245,133,0,133,$46.55,0,0.00%,$0.00,$46.55,112,45.71%,$39.20,$85.75,,,,
Kent Gardens Elementary,5/22/2025,20011,Cherry Tomatoes(1/4 cup),0,0,0,100,98,0,98,$36.26,0,0.00%,$0.00,$36.26,2,2.00%,$0.74,$37.00,,,,
Kent Gardens Elementary,5/22/2025,20016,String Cheese(Each),10,0,10,10,4,0,4,$0.88,0,0.00%,$0.00,$0.88,6,60.00%,$1.32,$2.20,,,,
Kent Gardens Elementary,5/22/2025,20017,Orange(1/4 cup),0,0,0,200,198,0,198,$33.66,0,0.00%,$0.00,$33.66,2,1.00%,$0.34,$34.00,,,,
Kent Gardens Elementary,5/22/2025,20018,Red Seedless Grapes(16 grapes per 1/2 cup),0,0,0,350,348,0,348,$177.48,0,0.00%,$0.00,$177.48,2,0.57%,$1.02,$178.50,,,,
Kent Gardens Elementary,5/22/2025,20023,Baby Carrots(3 baby carrots per 1/4 cup),0,0,0,100,97,0,97,$8.73,0,0.00%,$0.00,$8.73,3,3.00%,$0.27,$9.00,,,,
Kent Gardens Elementary,5/22/2025,20028,Lettuce Blend Salad Mix(1/2 cup),77,0,77,80,77,0,77,$6.16,0,0.00%,$0.00,$6.16,3,3.75%,$0.24,$6.40,,,,
Kent Gardens Elementary,5/22/2025,20038,Fat Free White Milk(Each),10,0,10,24,6,0,6,$1.98,0,0.00%,$0.00,$1.98,18,75.00%,$5.94,$7.92,,,,
Kent Gardens Elementary,5/22/2025,20052,Assorted  4 oz Yogurt(Container),5,0,5,5,1,0,1,$0.00,0,0.00%,$0.00,$0.00,4,80.00%,$0.00,$0.00,,,,
Kent Gardens Elementary,5/22/2025,30008,Apple Juice(Each),60,0,60,50,45,0,45,$7.65,0,0.00%,$0.00,$7.65,5,10.00%,$0.85,$8.50,,,,
Kent Gardens Elementary,5/22/2025,30009,Orange Tangerine Juice(Each),50,0,50,50,37,0,37,$6.29,0,0.00%,$0.00,$6.29,13,26.00%,$2.21,$8.50,,,,
Kent Gardens Elementary,5/22/2025,30033,Cheez-Its Crackers(Package),0,0,0,65,61,0,61,$10.98,0,0.00%,$0.00,$10.98,4,6.15%,$0.72,$11.70,,,,
Kent Gardens Elementary,5/22/2025,30045,Watermelon Flavored Dried Cranberries(Each),14,0,14,80,65,0,65,$15.60,0,0.00%,$0.00,$15.60,15,18.75%,$3.60,$19.20,,,,
Kent Gardens Elementary,5/22/2025,30077,Italian Dressing(1 ounce),22,0,22,24,22,0,22,$1.76,0,0.00%,$0.00,$1.76,2,8.33%,$0.16,$1.92,,,,
Kent Gardens Elementary,5/22/2025,30097,Bottled Water(Bottle),35,0,35,35,31,0,31,$4.96,0,0.00%,$0.00,$4.96,4,11.43%,$0.64,$5.60,,,,
Kent Gardens Elementary,5/22/2025,30099,Chickpeas(1/4 cup),37,0,37,40,37,0,37,$3.33,0,0.00%,$0.00,$3.33,3,7.50%,$0.27,$3.60,,,,
Kent Gardens Elementary,5/22/2025,30107,Ranch Dressing(1 ounce),46,0,46,48,46,0,46,$5.06,0,0.00%,$0.00,$5.06,2,4.17%,$0.22,$5.28,,,,
Kent Gardens Elementary,5/22/2025,60035,PB&J Power Pack(Power Packs),68,0,68,156,155,0,155,$167.40,0,0.00%,$0.00,$167.40,1,0.64%,$1.08,$168.48,,,,
Kent Gardens Elementary,5/22/2025,60036,Cherry Vanilla Yogurt Power Pack(Power Packs),9,0,9,36,35,0,35,$28.00,0,0.00%,$0.00,$28.00,1,2.78%,$0.80,$28.80,,,,
Kent Gardens Elementary,5/22/2025,60064,Vegetable Dumpling(6 dumplings),0,0,0,40,39,0,39,$0.00,0,0.00%,$0.00,$0.00,1,2.50%,$0.00,$0.00,,,,
Kent Gardens Elementary,5/22/2025,60078,Nachos with Turkey Barbacoa and Cheese Sauce(Serving),0,0,0,15,15,0,15,$19.95,0,0.00%,$0.00,$19.95,0,0.00%,$0.00,$19.95,,,,
Kent Gardens Elementary,5/22/2025,60100,Black Beans - salad bar entree(1/2 cup),8,0,8,11,11,0,11,$1.87,0,0.00%,$0.00,$1.87,0,0.00%,$0.00,$1.87,,,,
Kent Gardens Elementary,5/22/2025,60122,Asian Meatball Sub(sandwich),55,0,55,50,44,4,48,$85.44,0,0.00%,$0.00,$85.44,2,4.00%,$3.56,$89.00,,,,
Kent Gardens Elementary,5/22/2025,60124,Nachos with Cheese Sauce(Serving),0,0,0,5,5,0,5,$3.85,0,0.00%,$0.00,$3.85,0,0.00%,$0.00,$3.85,,,,
Key Middle,5/22/2025,10015,Baked Cheese Sticks(2 Cheese Sticks),135,0,135,230,226,0,226,$149.16,1,0.43%,$0.66,$149.82,3,1.30%,$1.98,$151.80,,,,
Key Middle,5/22/2025,10026,Chickenless Bites(4 Bites),0,0,0,218,214,0,214,$156.22,1,0.46%,$0.73,$156.95,3,1.38%,$2.19,$159.14,,,,
Key Middle,5/22/2025,10027,"Bread, Loco(flatbread)",258,0,258,217,214,0,214,$64.20,0,0.00%,$0.00,$64.20,3,1.38%,$0.90,$65.10,,,,
Key Middle,5/22/2025,10033,Chocolate Chip Cookie(Cookie),30,0,30,0,0,0,0,$0.00,0,0.00%,$0.00,$0.00,0,0.00%,$0.00,$0.00,,,,
Key Middle,5/22/2025,10044,Soft Pretzel(1 pretzel),1,0,1,2,2,0,2,$0.44,0,0.00%,$0.00,$0.44,0,0.00%,$0.00,$0.44,,,,
Key Middle,5/22/2025,10062,Corn(1/4 cup (thawed)),79,0,79,80,79,0,79,$8.69,0,0.00%,$0.00,$8.69,1,1.25%,$0.11,$8.80,,,,
Key Middle,5/22/2025,20001,1% White Milk(Each),32,0,32,177,105,0,105,$37.80,0,0.00%,$0.00,$37.80,72,40.68%,$25.92,$63.72,,,,
Key Middle,5/22/2025,20002,Fat Free Chocolate Milk(Each),242,0,242,443,297,0,297,$103.95,0,0.00%,$0.00,$103.95,146,32.96%,$51.10,$155.05,,,,
Key Middle,5/22/2025,20015,Golden Delicious Apple(Each),0,0,0,348,347,0,347,$107.57,0,0.00%,$0.00,$107.57,1,0.29%,$0.31,$107.88,,,,
Key Middle,5/22/2025,20027,Broccoli Florets(1/4 cup),76,0,76,42,41,0,41,$3.28,0,0.00%,$0.00,$3.28,1,2.38%,$0.08,$3.36,,,,
Key Middle,5/22/2025,20028,Lettuce Blend Salad Mix(1/2 cup),320,0,320,320,319,0,319,$25.52,0,0.00%,$0.00,$25.52,1,0.31%,$0.08,$25.60,,,,
Key Middle,5/22/2025,20031,Banana(Each),259,0,259,0,0,0,0,$0.00,0,0.00%,$0.00,$0.00,0,0.00%,$0.00,$0.00,,,,
Key Middle,5/22/2025,20038,Fat Free White Milk(Each),13,0,13,10,8,0,8,$2.64,0,0.00%,$0.00,$2.64,2,20.00%,$0.66,$3.30,,,,
Key Middle,5/22/2025,20040,Cucumber Slices(1/4 cup),0,0,0,144,0,0,0,$0.00,144,100.00%,$0.00,$0.00,0,0.00%,$0.00,$0.00,,,,
Key Middle,5/22/2025,20047,Orange Slices(3 slices per 1/4 cup),0,0,0,230,229,0,229,$45.80,0,0.00%,$0.00,$45.80,1,0.43%,$0.20,$46.00,,,,
Key Middle,5/22/2025,20052,Assorted  4 oz Yogurt(Container),5,0,5,5,0,0,0,$0.00,0,0.00%,$0.00,$0.00,5,100.00%,$0.00,$0.00,,,,
Key Middle,5/22/2025,30008,Apple Juice(Each),5,0,5,5,0,0,0,$0.00,0,0.00%,$0.00,$0.00,5,100.00%,$0.00,$0.00,,,,
Key Middle,5/22/2025,30009,Orange Tangerine Juice(Each),5,0,5,5,0,0,0,$0.00,0,0.00%,$0.00,$0.00,5,100.00%,$0.00,$0.00,,,,
Key Middle,5/22/2025,30018,Marinara Sauce(1/4 Cup),116,0,116,200,200,0,200,$30.00,0,0.00%,$0.00,$30.00,0,0.00%,$0.00,$30.00,,,,
Key Middle,5/22/2025,30024,Black Beans(1/4 Cup),96,0,96,66,61,0,61,$5.49,0,0.00%,$0.00,$5.49,5,7.58%,$0.45,$5.94,,,,
Key Middle,5/22/2025,30033,Cheez-Its Crackers(Package),5,0,5,5,0,0,0,$0.00,0,0.00%,$0.00,$0.00,5,100.00%,$0.00,$0.00,,,,
Key Middle,5/22/2025,30039,Cherry Flavored Dried Cranberries(Each),168,0,168,50,50,0,50,$12.00,0,0.00%,$0.00,$12.00,0,0.00%,$0.00,$12.00,,,,
Key Middle,5/22/2025,30041,Orange Flavored Dried Cranberries(Each),227,0,227,50,50,0,50,$12.00,0,0.00%,$0.00,$12.00,0,0.00%,$0.00,$12.00,,,,
Key Middle,5/22/2025,30042,Original Flavored Dried Cranberries(Package),27,0,27,50,20,0,20,$4.80,0,0.00%,$0.00,$4.80,30,60.00%,$7.20,$12.00,,,,
Key Middle,5/22/2025,30043,Raspberry Lemonade Flavored Dried Cranberries(Each),149,0,149,0,0,0,0,$0.00,0,0.00%,$0.00,$0.00,0,0.00%,$0.00,$0.00,,,,
Key Middle,5/22/2025,30044,Strawberry Flavored Dried Cranberries(Each),107,0,107,0,0,0,0,$0.00,0,0.00%,$0.00,$0.00,0,0.00%,$0.00,$0.00,,,,
Key Middle,5/22/2025,30045,Watermelon Flavored Dried Cranberries(Each),112,0,112,0,0,0,0,$0.00,0,0.00%,$0.00,$0.00,0,0.00%,$0.00,$0.00,,,,
Key Middle,5/22/2025,30063,Ketchup Packet(Packet),789,0,789,500,499,0,499,$14.97,0,0.00%,$0.00,$14.97,1,0.20%,$0.03,$15.00,,,,
Key Middle,5/22/2025,30064,Mayonnaise Packet(Packet),194,0,194,150,149,0,149,$14.90,0,0.00%,$0.00,$14.90,1,0.67%,$0.10,$15.00,,,,
Key Middle,5/22/2025,30065,Mustard Packet(Packet),25,0,25,30,20,0,20,$1.00,0,0.00%,$0.00,$1.00,10,33.33%,$0.50,$1.50,,,,
Key Middle,5/22/2025,30068,Chilled Peaches(1/2 cup (drained)),0,0,0,34,33,0,33,$16.83,0,0.00%,$0.00,$16.83,1,2.94%,$0.51,$17.34,,,,
Key Middle,5/22/2025,30077,Italian Dressing(1 ounce),39,0,39,48,37,0,37,$2.96,0,0.00%,$0.00,$2.96,11,22.92%,$0.88,$3.84,,,,
Key Middle,5/22/2025,30097,Bottled Water(Bottle),5,0,5,20,17,0,17,$2.72,0,0.00%,$0.00,$2.72,3,15.00%,$0.48,$3.20,,,,
Key Middle,5/22/2025,30107,Ranch Dressing(1 ounce),95,0,95,96,95,0,95,$10.45,0,0.00%,$0.00,$10.45,1,1.04%,$0.11,$10.56,,,,
Key Middle,5/22/2025,30109,Smartfood RF White Cheddar Popcorn(Each),0,0,0,0,0,0,0,$0.00,0,0.00%,$0.00,$0.00,0,0.00%,$0.00,$0.00,,,,
Key Middle,5/22/2025,30110,Doritos Flamas(Each),0,0,0,35,35,0,35,$12.95,0,0.00%,$0.00,$12.95,0,0.00%,$0.00,$12.95,,,,
Key Middle,5/22/2025,30111,Doritos RF Spicy Sweet Chili(Each),0,0,0,0,0,0,0,$0.00,0,0.00%,$0.00,$0.00,0,0.00%,$0.00,$0.00,,,,
Key Middle,5/22/2025,30112,Doritos RF Nacho Cheese(Each),0,0,0,0,0,0,0,$0.00,0,0.00%,$0.00,$0.00,0,0.00%,$0.00,$0.00,,,,
Key Middle,5/22/2025,30113,Cool Ranch Reduced Fat Doritos(Each),0,0,0,0,0,0,0,$0.00,0,0.00%,$0.00,$0.00,0,0.00%,$0.00,$0.00,,,,
Key Middle,5/22/2025,30114,SS Baked Cheetos Flaming Hot(Each),0,0,0,51,31,0,31,$16.43,0,0.00%,$0.00,$16.43,20,39.22%,$10.60,$27.03,,,,
Key Middle,5/22/2025,30115,SS Baked Cheetos Flaming Limon(Each),0,0,0,0,0,0,0,$0.00,0,0.00%,$0.00,$0.00,0,0.00%,$0.00,$0.00,,,,
Key Middle,5/22/2025,30116,SS Cheetos Fantastix Flaming Hot(Each),0,0,0,0,0,0,0,$0.00,0,0.00%,$0.00,$0.00,0,0.00%,$0.00,$0.00,,,,
Key Middle,5/22/2025,30117,WG Baked Funyuns(Each),0,0,0,0,0,0,0,$0.00,0,0.00%,$0.00,$0.00,0,0.00%,$0.00,$0.00,,,,
Key Middle,5/22/2025,30118,Kettle Cooked Smoky BBQ Chips(Each),0,0,0,0,0,0,0,$0.00,0,0.00%,$0.00,$0.00,0,0.00%,$0.00,$0.00,,,,
Key Middle,5/22/2025,30119,RF Kettle Chips Jalapeno & Cheddar Chips(Each),0,0,0,0,0,0,0,$0.00,0,0.00%,$0.00,$0.00,0,0.00%,$0.00,$0.00,,,,
Key Middle,5/22/2025,30120,RF Kettle Chips Sea Salt & Vinegar Chips(Each),0,0,0,0,0,0,0,$0.00,0,0.00%,$0.00,$0.00,0,0.00%,$0.00,$0.00,,,,
Key Middle,5/22/2025,30121,Kellogg’s W/G Rice Krispies Treats(Each),0,0,0,20,20,0,20,$14.80,0,0.00%,$0.00,$14.80,0,0.00%,$0.00,$14.80,,,,
Key Middle,5/22/2025,30124,"Fruit Snacks, Welch's Mixed(Each)",0,0,0,10,0,0,0,$0.00,2,20.00%,$0.00,$0.00,8,80.00%,$0.00,$0.00,,,,
Key Middle,5/22/2025,30160,Lay's RF Kettle Original Chips(Each),0,0,0,0,0,0,0,$0.00,0,0.00%,$0.00,$0.00,0,0.00%,$0.00,$0.00,,,,
Key Middle,5/22/2025,60035,PB&J Power Pack(Power Packs),44,0,44,40,39,0,39,$42.12,0,0.00%,$0.00,$42.12,1,2.50%,$1.08,$43.20,,,,
Key Middle,5/22/2025,60036,Cherry Vanilla Yogurt Power Pack(Power Packs),4,0,4,0,0,0,0,$0.00,0,0.00%,$0.00,$0.00,0,0.00%,$0.00,$0.00,,,,
Key Middle,5/22/2025,60037,Strawberry & Banana Yogurt Power Pack(Power Packs),7,0,7,5,2,0,2,$1.60,0,0.00%,$0.00,$1.60,3,60.00%,$2.40,$4.00,,,,
Key Middle,5/22/2025,60038,Peach Yogurt Power Pack(Power Packs),3,0,3,0,0,0,0,$0.00,0,0.00%,$0.00,$0.00,0,0.00%,$0.00,$0.00,,,,
Key Middle,5/22/2025,60075,Spicy Chicken Wrap(Wrap),18,0,18,30,29,0,29,$33.93,1,3.33%,$1.17,$35.10,0,0.00%,$0.00,$35.10,,,,
Key Middle,5/22/2025,60077,Manager's Vegetable Choice(1/4 cup),157,0,157,264,156,0,156,$0.00,0,0.00%,$0.00,$0.00,108,40.91%,$0.00,$0.00,,,,
Key Middle,5/22/2025,60100,Black Beans - salad bar entree(1/2 cup),1,0,1,0,0,0,0,$0.00,0,0.00%,$0.00,$0.00,0,0.00%,$0.00,$0.00,,,,
Key Middle,5/22/2025,60120,Asian Veggie Sub(sandwich),49,0,49,11,11,0,11,$20.79,0,0.00%,$0.00,$20.79,0,0.00%,$0.00,$20.79,,,,
Key Middle,5/22/2025,60122,Asian Meatball Sub(sandwich),41,0,41,50,26,0,26,$46.28,5,10.00%,$8.90,$55.18,19,38.00%,$33.82,$89.00,,,,
Key Middle,5/22/2025,60150,Strawberry Parfait Power Pack(Power Pack),0,0,0,5,5,0,5,$8.15,0,0.00%,$0.00,$8.15,0,0.00%,$0.00,$8.15,,,,
Kilmer Middle,5/22/2025,10011,Sweet Thai Chili Sauce(ounce),0,0,0,10,10,0,10,$1.40,0,0.00%,$0.00,$1.40,0,0.00%,$0.00,$1.40,,,,
Kilmer Middle,5/22/2025,10026,Chickenless Bites(4 Bites),120,20,140,200,139,36,175,$127.75,0,0.00%,$0.00,$127.75,25,12.50%,$18.25,$146.00,,,,
Kilmer Middle,5/22/2025,10027,"Bread, Loco(flatbread)",120,20,140,288,180,0,180,$54.00,0,0.00%,$0.00,$54.00,108,37.50%,$32.40,$86.40,,,,
Kilmer Middle,5/22/2025,10031,"Calzone, Cheese(Each)",0,0,0,40,40,0,40,$38.80,0,0.00%,$0.00,$38.80,0,0.00%,$0.00,$38.80,,,,
Kilmer Middle,5/22/2025,10033,Chocolate Chip Cookie(1/2 Cookie),0,0,0,420,373,0,373,$52.22,2,0.48%,$0.28,$52.50,45,10.71%,$6.30,$58.80,,,,
Kilmer Middle,5/22/2025,10044,Soft Pretzel(1 pretzel),1,0,1,24,22,0,22,$4.84,2,8.33%,$0.44,$5.28,0,0.00%,$0.00,$5.28,,,,
Kilmer Middle,5/22/2025,10062,Corn(1/4 cup (thawed)),88,0,88,75,73,0,73,$8.03,2,2.67%,$0.22,$8.25,0,0.00%,$0.00,$8.25,,,,
Kilmer Middle,5/22/2025,10075,Cheese Pizza(Slice),0,0,0,192,152,15,167,$95.19,0,0.00%,$0.00,$95.19,25,13.02%,$14.25,$109.44,,,,
Kilmer Middle,5/22/2025,20001,1% White Milk(Each),40,0,40,42,29,0,29,$10.44,0,0.00%,$0.00,$10.44,13,30.95%,$4.68,$15.12,,,,
Kilmer Middle,5/22/2025,20002,Fat Free Chocolate Milk(Each),225,0,225,281,235,0,235,$82.25,0,0.00%,$0.00,$82.25,46,16.37%,$16.10,$98.35,,,,
Kilmer Middle,5/22/2025,20008,Apple Slices(3 slices per 1/4 cup),0,0,0,125,125,0,125,$73.75,0,0.00%,$0.00,$73.75,0,0.00%,$0.00,$73.75,,,,
Kilmer Middle,5/22/2025,20012,Grape Tomatoes(1/4 cup),0,0,0,85,84,0,84,$21.84,0,0.00%,$0.00,$21.84,1,1.18%,$0.26,$22.10,,,,
Kilmer Middle,5/22/2025,20014,Red Delicious Apple(Each - serving),0,0,0,45,45,0,45,$14.85,0,0.00%,$0.00,$14.85,0,0.00%,$0.00,$14.85,,,,
Kilmer Middle,5/22/2025,20017,Orange(1/4 cup),0,0,0,220,210,0,210,$35.70,0,0.00%,$0.00,$35.70,10,4.55%,$1.70,$37.40,,,,
Kilmer Middle,5/22/2025,20027,Broccoli Florets(1/4 cup),57,0,57,30,29,0,29,$2.32,1,3.33%,$0.08,$2.40,0,0.00%,$0.00,$2.40,,,,
Kilmer Middle,5/22/2025,20028,Lettuce Blend Salad Mix(1/2 cup),203,0,203,240,235,0,235,$18.80,5,2.08%,$0.40,$19.20,0,0.00%,$0.00,$19.20,,,,
Kilmer Middle,5/22/2025,20031,Banana(Each),82,0,82,45,45,0,45,$9.45,0,0.00%,$0.00,$9.45,0,0.00%,$0.00,$9.45,,,,
Kilmer Middle,5/22/2025,20038,Fat Free White Milk(Each),9,0,9,20,5,0,5,$1.65,0,0.00%,$0.00,$1.65,15,75.00%,$4.95,$6.60,,,,
Kilmer Middle,5/22/2025,30008,Apple Juice(Each),10,0,10,10,4,0,4,$0.68,0,0.00%,$0.00,$0.68,6,60.00%,$1.02,$1.70,,,,
Kilmer Middle,5/22/2025,30018,Marinara Sauce(1/4 Cup),250,25,275,40,40,0,40,$6.00,0,0.00%,$0.00,$6.00,0,0.00%,$0.00,$6.00,,,,
Kilmer Middle,5/22/2025,30033,Cheez-Its Crackers(Package),20,0,20,40,20,0,20,$3.60,0,0.00%,$0.00,$3.60,20,50.00%,$3.60,$7.20,,,,
Kilmer Middle,5/22/2025,30044,Strawberry Flavored Dried Cranberries(Each),213,0,213,210,203,0,203,$48.72,0,0.00%,$0.00,$48.72,7,3.33%,$1.68,$50.40,,,,
Kilmer Middle,5/22/2025,30063,Ketchup Packet(Packet),364,0,364,400,300,0,300,$9.00,0,0.00%,$0.00,$9.00,100,25.00%,$3.00,$12.00,,,,
Kilmer Middle,5/22/2025,30064,Mayonnaise Packet(Packet),57,0,57,80,60,0,60,$6.00,0,0.00%,$0.00,$6.00,20,25.00%,$2.00,$8.00,,,,
Kilmer Middle,5/22/2025,30065,Mustard Packet(Packet),31,0,31,50,40,0,40,$2.00,0,0.00%,$0.00,$2.00,10,20.00%,$0.50,$2.50,,,,
Kilmer Middle,5/22/2025,30077,Italian Dressing(1 ounce),7,0,7,25,18,0,18,$1.44,0,0.00%,$0.00,$1.44,7,28.00%,$0.56,$2.00,,,,
Kilmer Middle,5/22/2025,30097,Bottled Water(Bottle),92,0,92,99,82,0,82,$13.12,0,0.00%,$0.00,$13.12,17,17.17%,$2.72,$15.84,,,,
Kilmer Middle,5/22/2025,30107,Ranch Dressing(1 ounce),152,0,152,200,150,0,150,$16.50,0,0.00%,$0.00,$16.50,50,25.00%,$5.50,$22.00,,,,
Kilmer Middle,5/22/2025,30124,"Fruit Snacks, Welch's Mixed(Each)",160,0,160,135,104,0,104,$41.60,0,0.00%,$0.00,$41.60,31,22.96%,$12.40,$54.00,,,,
Kilmer Middle,5/22/2025,60035,PB&J Power Pack(Power Packs),120,21,141,170,122,37,159,$171.72,0,0.00%,$0.00,$171.72,11,6.47%,$11.88,$183.60,,,,
Kilmer Middle,5/22/2025,60037,Strawberry & Banana Yogurt Power Pack(Power Packs),11,1,12,25,17,4,21,$16.80,0,0.00%,$0.00,$16.80,4,16.00%,$3.20,$20.00,,,,
Kilmer Middle,5/22/2025,60064,Vegetable Dumpling(6 dumplings),0,0,0,7,7,0,7,$0.00,0,0.00%,$0.00,$0.00,0,0.00%,$0.00,$0.00,,,,
Kilmer Middle,5/22/2025,60075,Spicy Chicken Wrap(Wrap),14,0,14,14,8,1,9,$10.53,0,0.00%,$0.00,$10.53,5,35.71%,$5.85,$16.38,,,,
Kilmer Middle,5/22/2025,60101,Chickpeas - salad bar entree(1/2 cup),0,0,0,5,2,0,2,$0.36,0,0.00%,$0.00,$0.36,3,60.00%,$0.54,$0.90,,,,
Kilmer Middle,5/22/2025,60120,Asian Veggie Sub(sandwich),36,21,57,20,7,0,7,$13.23,13,65.00%,$24.57,$37.80,0,0.00%,$0.00,$37.80,,,,
Kilmer Middle,5/22/2025,60122,Asian Meatball Sub(sandwich),28,3,31,33,21,0,21,$37.38,2,6.06%,$3.56,$40.94,10,30.30%,$17.80,$58.74,,,,
Kilmer Middle,5/22/2025,x30159,Chickpeas(1/2 cup),0,0,0,30,15,0,15,$2.70,0,0.00%,$0.00,$2.70,15,50.00%,$2.70,$5.40,,,,
Kings Glen Elementary,5/22/2025,10026,Chickenless Bites(2 Bites),0,0,0,125,65,57,122,$43.92,0,0.00%,$0.00,$43.92,3,2.40%,$1.08,$45.00,,,,
Kings Glen Elementary,5/22/2025,10044,Soft Pretzel(1 pretzel),9,0,9,32,29,0,29,$6.38,0,0.00%,$0.00,$6.38,3,9.38%,$0.66,$7.04,,,,
Kings Glen Elementary,5/22/2025,10062,Corn(1/4 cup (thawed)),37,0,37,50,47,0,47,$5.17,0,0.00%,$0.00,$5.17,3,6.00%,$0.33,$5.50,,,,
Kings Glen Elementary,5/22/2025,20001,1% White Milk(Each),21,0,21,50,25,0,25,$9.00,0,0.00%,$0.00,$9.00,25,50.00%,$9.00,$18.00,,,,
Kings Glen Elementary,5/22/2025,20002,Fat Free Chocolate Milk(Each),131,0,131,150,125,6,131,$45.85,0,0.00%,$0.00,$45.85,19,12.67%,$6.65,$52.50,,,,
Kings Glen Elementary,5/22/2025,20010,Fresh Whole Pear(Each),57,0,57,100,80,0,80,$44.80,0,0.00%,$0.00,$44.80,20,20.00%,$11.20,$56.00,,,,
Kings Glen Elementary,5/22/2025,20028,Lettuce Blend Salad Mix(1/2 cup),79,0,79,89,87,0,87,$6.96,0,0.00%,$0.00,$6.96,2,2.25%,$0.16,$7.12,,,,
Kings Glen Elementary,5/22/2025,20031,Banana(Each),93,0,93,100,90,0,90,$18.90,0,0.00%,$0.00,$18.90,10,10.00%,$2.10,$21.00,,,,
Kings Glen Elementary,5/22/2025,20038,Fat Free White Milk(Each),15,0,15,50,18,0,18,$5.94,0,0.00%,$0.00,$5.94,32,64.00%,$10.56,$16.50,,,,
Kings Glen Elementary,5/22/2025,30045,Watermelon Flavored Dried Cranberries(Each),50,0,50,60,50,0,50,$12.00,0,0.00%,$0.00,$12.00,10,16.67%,$2.40,$14.40,,,,
Kings Glen Elementary,5/22/2025,30094,Doritos Wild White Nacho Flavored Tortilla Chips(Bag),0,0,0,55,55,0,55,$19.25,0,0.00%,$0.00,$19.25,0,0.00%,$0.00,$19.25,,,,
Kings Glen Elementary,5/22/2025,30097,Bottled Water(Bottle),0,0,0,36,36,0,36,$5.76,0,0.00%,$0.00,$5.76,0,0.00%,$0.00,$5.76,,,,
Kings Glen Elementary,5/22/2025,30099,Chickpeas(1/4 cup),38,0,38,50,30,0,30,$2.70,0,0.00%,$0.00,$2.70,20,40.00%,$1.80,$4.50,,,,
Kings Glen Elementary,5/22/2025,30107,Ranch Dressing(1 ounce),35,0,35,50,40,0,40,$4.40,0,0.00%,$0.00,$4.40,10,20.00%,$1.10,$5.50,,,,
Kings Glen Elementary,5/22/2025,60035,PB&J Power Pack(Power Packs),31,0,31,35,30,0,30,$32.40,0,0.00%,$0.00,$32.40,5,14.29%,$5.40,$37.80,,,,
Kings Glen Elementary,5/22/2025,60037,Strawberry & Banana Yogurt Power Pack(Power Packs),8,0,8,10,7,0,7,$5.60,0,0.00%,$0.00,$5.60,3,30.00%,$2.40,$8.00,,,,
Kings Glen Elementary,5/22/2025,60040,Grilled Cheese Sandwich(Sandwich),0,0,0,44,44,0,44,$18.48,0,0.00%,$0.00,$18.48,0,0.00%,$0.00,$18.48,,,,
Kings Glen Elementary,5/22/2025,60077,Manager's Vegetable Choice(1/4 cup),43,0,43,50,45,0,45,$0.00,0,0.00%,$0.00,$0.00,5,10.00%,$0.00,$0.00,,,,
Kings Glen Elementary,5/22/2025,60122,Asian Meatball Sub(sandwich),46,0,46,76,73,3,76,$135.28,0,0.00%,$0.00,$135.28,0,0.00%,$0.00,$135.28,,,,
Kings Park Elementary,5/22/2025,10044,Soft Pretzel(1 pretzel),26,0,26,75,60,0,60,$13.20,0,0.00%,$0.00,$13.20,15,20.00%,$3.30,$16.50,,,,
Kings Park Elementary,5/22/2025,20001,1% White Milk(Each),66,0,66,192,62,5,67,$24.12,0,0.00%,$0.00,$24.12,125,65.10%,$45.00,$69.12,,,,
Kings Park Elementary,5/22/2025,20002,Fat Free Chocolate Milk(Each),209,0,209,322,208,14,222,$77.70,0,0.00%,$0.00,$77.70,100,31.06%,$35.00,$112.70,,,,
Kings Park Elementary,5/22/2025,20012,Grape Tomatoes(1/4 cup),0,0,0,72,72,0,72,$18.72,0,0.00%,$0.00,$18.72,0,0.00%,$0.00,$18.72,,,,
Kings Park Elementary,5/22/2025,20018,Red Seedless Grapes(16 grapes per 1/2 cup),0,0,0,276,276,0,276,$140.76,0,0.00%,$0.00,$140.76,0,0.00%,$0.00,$140.76,,,,
Kings Park Elementary,5/22/2025,20023,Baby Carrots(3 baby carrots per 1/4 cup),0,0,0,48,48,0,48,$4.32,0,0.00%,$0.00,$4.32,0,0.00%,$0.00,$4.32,,,,
Kings Park Elementary,5/22/2025,20028,Lettuce Blend Salad Mix(1 cup),33,0,33,37,36,1,37,$5.92,0,0.00%,$0.00,$5.92,0,0.00%,$0.00,$5.92,,,,
Kings Park Elementary,5/22/2025,20028,Lettuce Blend Salad Mix(1/2 cup),121,0,121,120,120,0,120,$9.60,0,0.00%,$0.00,$9.60,0,0.00%,$0.00,$9.60,,,,
Kings Park Elementary,5/22/2025,20031,Banana(Each),138,0,138,168,143,1,144,$30.24,0,0.00%,$0.00,$30.24,24,14.29%,$5.04,$35.28,,,,
Kings Park Elementary,5/22/2025,20036,Celery Sticks(1/2 cup),0,0,0,84,84,0,84,$46.20,0,0.00%,$0.00,$46.20,0,0.00%,$0.00,$46.20,,,,
Kings Park Elementary,5/22/2025,20038,Fat Free White Milk(Each),20,0,20,65,16,0,16,$5.28,0,0.00%,$0.00,$5.28,49,75.38%,$16.17,$21.45,,,,
Kings Park Elementary,5/22/2025,20047,Orange Slices(3 slices per 1/4 cup),0,0,0,136,128,0,128,$25.60,0,0.00%,$0.00,$25.60,8,5.88%,$1.60,$27.20,,,,
Kings Park Elementary,5/22/2025,30034,Graham Crackers(Package),17,0,17,17,17,0,17,$2.38,0,0.00%,$0.00,$2.38,0,0.00%,$0.00,$2.38,,,,
Kings Park Elementary,5/22/2025,30037,IW Applesauce Cup(Each),17,0,17,17,17,0,17,$4.59,0,0.00%,$0.00,$4.59,0,0.00%,$0.00,$4.59,,,,
Kings Park Elementary,5/22/2025,30041,Orange Flavored Dried Cranberries(Each),29,0,29,30,30,0,30,$7.20,0,0.00%,$0.00,$7.20,0,0.00%,$0.00,$7.20,,,,
Kings Park Elementary,5/22/2025,30044,Strawberry Flavored Dried Cranberries(Each),59,0,59,70,40,0,40,$9.60,0,0.00%,$0.00,$9.60,30,42.86%,$7.20,$16.80,,,,
Kings Park Elementary,5/22/2025,30077,Italian Dressing(1 ounce),44,0,44,61,48,1,49,$3.92,0,0.00%,$0.00,$3.92,12,19.67%,$0.96,$4.88,,,,
Kings Park Elementary,5/22/2025,30099,Chickpeas(1/4 cup),23,0,23,33,33,0,33,$2.97,0,0.00%,$0.00,$2.97,0,0.00%,$0.00,$2.97,,,,
Kings Park Elementary,5/22/2025,30107,Ranch Dressing(1 ounce),69,0,69,85,72,1,73,$8.03,0,0.00%,$0.00,$8.03,12,14.12%,$1.32,$9.35,,,,
Kings Park Elementary,5/22/2025,60035,PB&J Power Pack(Power Packs),79,0,79,112,103,0,103,$111.24,0,0.00%,$0.00,$111.24,9,8.04%,$9.72,$120.96,,,,
Kings Park Elementary,5/22/2025,60036,Cherry Vanilla Yogurt Power Pack(Power Packs),17,0,17,19,16,0,16,$12.80,0,0.00%,$0.00,$12.80,3,15.79%,$2.40,$15.20,,,,
Kings Park Elementary,5/22/2025,60037,Strawberry & Banana Yogurt Power Pack(Power Packs),17,0,17,26,24,0,24,$19.20,0,0.00%,$0.00,$19.20,2,7.69%,$1.60,$20.80,,,,
Kings Park Elementary,5/22/2025,60054,Steamed Broccoli(1/2 cup),42,0,42,84,84,0,84,$12.60,0,0.00%,$0.00,$12.60,0,0.00%,$0.00,$12.60,,,,
Kings Park Elementary,5/22/2025,60077,Manager's Vegetable Choice(1/4 cup),16,0,16,15,15,0,15,$0.00,0,0.00%,$0.00,$0.00,0,0.00%,$0.00,$0.00,,,,
Kings Park Elementary,5/22/2025,60101,Chickpeas - salad bar entree(1/2 cup),0,0,0,4,4,0,4,$0.72,0,0.00%,$0.00,$0.72,0,0.00%,$0.00,$0.72,,,,
Kings Park Elementary,5/22/2025,60120,Asian Veggie Sub(sandwich),108,0,108,125,117,1,118,$223.02,0,0.00%,$0.00,$223.02,7,5.60%,$13.23,$236.25,,,,
Kings Park Elementary,5/22/2025,60122,Asian Meatball Sub(sandwich),72,0,72,54,43,8,51,$90.78,0,0.00%,$0.00,$90.78,3,5.56%,$5.34,$96.12,,,,
Lake Anne Elementary,5/22/2025,10015,Baked Cheese Sticks(2 Cheese Sticks),0,0,0,4,4,0,4,$2.64,0,0.00%,$0.00,$2.64,0,0.00%,$0.00,$2.64,,,,
Lake Anne Elementary,5/22/2025,10033,Chocolate Chip Cookie(1/2 Cookie),150,0,150,106,105,0,105,$14.70,1,0.94%,$0.14,$14.84,0,0.00%,$0.00,$14.84,,,,
Lake Anne Elementary,5/22/2025,10044,Soft Pretzel(1 pretzel),30,0,30,10,8,0,8,$1.76,2,20.00%,$0.44,$2.20,0,0.00%,$0.00,$2.20,,,,
Lake Anne Elementary,5/22/2025,10062,Corn(1/4 cup (thawed)),100,0,100,64,44,0,44,$4.84,0,0.00%,$0.00,$4.84,20,31.25%,$2.20,$7.04,,,,
Lake Anne Elementary,5/22/2025,20001,1% White Milk(Each),81,0,81,69,57,0,57,$20.52,0,0.00%,$0.00,$20.52,12,17.39%,$4.32,$24.84,,,,
Lake Anne Elementary,5/22/2025,20002,Fat Free Chocolate Milk(Each),275,0,275,260,210,0,210,$73.50,0,0.00%,$0.00,$73.50,50,19.23%,$17.50,$91.00,,,,
Lake Anne Elementary,5/22/2025,20008,Apple Slices(3 slices per 1/4 cup),0,0,0,174,172,0,172,$101.48,2,1.15%,$1.18,$102.66,0,0.00%,$0.00,$102.66,,,,
Lake Anne Elementary,5/22/2025,20015,Golden Delicious Apple(Each),0,0,0,125,40,0,40,$12.40,0,0.00%,$0.00,$12.40,85,68.00%,$26.35,$38.75,,,,
Lake Anne Elementary,5/22/2025,20016,String Cheese(Each),15,0,15,10,0,0,0,$0.00,0,0.00%,$0.00,$0.00,10,100.00%,$0.00,$0.00,,,,
Lake Anne Elementary,5/22/2025,20018,Red Seedless Grapes(16 grapes per 1/2 cup),0,0,0,276,256,0,256,$130.56,20,7.25%,$10.20,$140.76,0,0.00%,$0.00,$140.76,,,,
Lake Anne Elementary,5/22/2025,20028,Lettuce Blend Salad Mix(1 cup),26,0,26,24,24,0,24,$3.84,0,0.00%,$0.00,$3.84,0,0.00%,$0.00,$3.84,,,,
Lake Anne Elementary,5/22/2025,20028,Lettuce Blend Salad Mix(1/2 cup),100,0,100,80,78,0,78,$6.24,2,2.50%,$0.16,$6.40,0,0.00%,$0.00,$6.40,,,,
Lake Anne Elementary,5/22/2025,20031,Banana(Each),71,0,71,99,94,0,94,$19.74,0,0.00%,$0.00,$19.74,5,5.05%,$1.05,$20.79,,,,
Lake Anne Elementary,5/22/2025,20038,Fat Free White Milk(Each),61,0,61,51,20,0,20,$6.60,0,0.00%,$0.00,$6.60,31,60.78%,$10.23,$16.83,,,,
Lake Anne Elementary,5/22/2025,20052,Assorted  4 oz Yogurt(Container),15,0,15,10,0,0,0,$0.00,0,0.00%,$0.00,$0.00,10,100.00%,$0.00,$0.00,,,,
Lake Anne Elementary,5/22/2025,30008,Apple Juice(Each),50,0,50,30,22,0,22,$3.74,0,0.00%,$0.00,$3.74,8,26.67%,$1.36,$5.10,,,,
Lake Anne Elementary,5/22/2025,30009,Orange Tangerine Juice(Each),50,0,50,20,18,0,18,$3.06,0,0.00%,$0.00,$3.06,2,10.00%,$0.34,$3.40,,,,
Lake Anne Elementary,5/22/2025,30018,Marinara Sauce(1/2 cup),0,0,0,4,4,0,4,$1.16,0,0.00%,$0.00,$1.16,0,0.00%,$0.00,$1.16,,,,
Lake Anne Elementary,5/22/2025,30034,Graham Crackers(Package),18,0,18,18,18,0,18,$2.52,0,0.00%,$0.00,$2.52,0,0.00%,$0.00,$2.52,,,,
Lake Anne Elementary,5/22/2025,30037,IW Applesauce Cup(Each),18,0,18,18,18,0,18,$4.86,0,0.00%,$0.00,$4.86,0,0.00%,$0.00,$4.86,,,,
Lake Anne Elementary,5/22/2025,30039,Cherry Flavored Dried Cranberries(Each),0,0,0,40,38,0,38,$9.12,0,0.00%,$0.00,$9.12,2,5.00%,$0.48,$9.60,,,,
Lake Anne Elementary,5/22/2025,30041,Orange Flavored Dried Cranberries(Each),23,0,23,0,0,0,0,$0.00,0,0.00%,$0.00,$0.00,0,0.00%,$0.00,$0.00,,,,
Lake Anne Elementary,5/22/2025,30042,Original Flavored Dried Cranberries(Package),0,0,0,0,0,0,0,$0.00,0,0.00%,$0.00,$0.00,0,0.00%,$0.00,$0.00,,,,
Lake Anne Elementary,5/22/2025,30043,Raspberry Lemonade Flavored Dried Cranberries(Each),12,0,12,0,0,0,0,$0.00,0,0.00%,$0.00,$0.00,0,0.00%,$0.00,$0.00,,,,
Lake Anne Elementary,5/22/2025,30044,Strawberry Flavored Dried Cranberries(Each),0,0,0,0,0,0,0,$0.00,0,0.00%,$0.00,$0.00,0,0.00%,$0.00,$0.00,,,,
Lake Anne Elementary,5/22/2025,30045,Watermelon Flavored Dried Cranberries(Each),0,0,0,0,0,0,0,$0.00,0,0.00%,$0.00,$0.00,0,0.00%,$0.00,$0.00,,,,
Lake Anne Elementary,5/22/2025,30077,Italian Dressing(1 ounce),32,0,32,26,16,0,16,$1.28,0,0.00%,$0.00,$1.28,10,38.46%,$0.80,$2.08,,,,
Lake Anne Elementary,5/22/2025,30094,Doritos Wild White Nacho Flavored Tortilla Chips(Bag),80,0,80,30,16,0,16,$5.60,0,0.00%,$0.00,$5.60,14,46.67%,$4.90,$10.50,,,,
Lake Anne Elementary,5/22/2025,30097,Bottled Water(Bottle),30,0,30,10,7,0,7,$1.12,0,0.00%,$0.00,$1.12,3,30.00%,$0.48,$1.60,,,,
Lake Anne Elementary,5/22/2025,30099,Chickpeas(1/4 cup),30,0,30,30,20,0,20,$1.80,10,33.33%,$0.90,$2.70,0,0.00%,$0.00,$2.70,,,,
Lake Anne Elementary,5/22/2025,30103,"Milk, Lactose Free,  Fat Free, Shelf-Stable(Each)",2,0,2,2,2,0,2,$0.96,0,0.00%,$0.00,$0.96,0,0.00%,$0.00,$0.96,,,,
Lake Anne Elementary,5/22/2025,30107,Ranch Dressing(1 ounce),74,0,74,94,74,0,74,$8.14,0,0.00%,$0.00,$8.14,20,21.28%,$2.20,$10.34,,,,
Lake Anne Elementary,5/22/2025,30158,Black Beans(1/2 Cup),0,0,0,0,0,0,0,$0.00,0,0.00%,$0.00,$0.00,0,0.00%,$0.00,$0.00,,,,
Lake Anne Elementary,5/22/2025,30188,"Milk, Soy, Plain, Bulk (12/32 oz)(1 cup)",1,0,1,1,1,0,1,$0.79,0,0.00%,$0.00,$0.79,0,0.00%,$0.00,$0.79,,,,
Lake Anne Elementary,5/22/2025,60035,PB&J Power Pack(Power Packs),80,0,80,100,80,2,82,$88.56,0,0.00%,$0.00,$88.56,18,18.00%,$19.44,$108.00,,,,
Lake Anne Elementary,5/22/2025,60036,Cherry Vanilla Yogurt Power Pack(Power Packs),20,0,20,20,9,0,9,$7.20,0,0.00%,$0.00,$7.20,11,55.00%,$8.80,$16.00,,,,
Lake Anne Elementary,5/22/2025,60037,Strawberry & Banana Yogurt Power Pack(Power Packs),27,0,27,25,24,0,24,$19.20,0,0.00%,$0.00,$19.20,1,4.00%,$0.80,$20.00,,,,
Lake Anne Elementary,5/22/2025,60038,Peach Yogurt Power Pack(Power Packs),15,0,15,10,5,0,5,$4.00,0,0.00%,$0.00,$4.00,5,50.00%,$4.00,$8.00,,,,
Lake Anne Elementary,5/22/2025,60054,Steamed Broccoli(1/2 cup),80,0,80,63,50,0,50,$7.50,3,4.76%,$0.45,$7.95,10,15.87%,$1.50,$9.45,,,,
Lake Anne Elementary,5/22/2025,60077,Manager's Vegetable Choice(1/4 cup),0,0,0,48,46,0,46,$0.00,2,4.17%,$0.00,$0.00,0,0.00%,$0.00,$0.00,,,,
Lake Anne Elementary,5/22/2025,60120,Asian Veggie Sub(sandwich),136,0,136,207,192,3,195,$368.55,2,0.97%,$3.78,$372.33,10,4.83%,$18.90,$391.23,,,,
Lake Anne Elementary,5/22/2025,60122,Asian Meatball Sub(sandwich),168,0,168,47,35,5,40,$71.20,1,2.13%,$1.78,$72.98,6,12.77%,$10.68,$83.66,,,,
Lake Anne Elementary,5/22/2025,60148,Turkey Barbacoa Arepa(1 Arepa + #10 scoop of turkey barbacoa),0,0,0,18,16,0,16,$23.04,2,11.11%,$2.88,$25.92,0,0.00%,$0.00,$25.92,,,,
Lake Braddock Secondary,5/22/2025,10013,"Patty, Chicken, Spicy, Breaded(2 strips)",0,0,0,90,69,16,85,$30.60,0,0.00%,$0.00,$30.60,5,5.56%,$1.80,$32.40,,,,
Lake Braddock Secondary,5/22/2025,10015,Baked Cheese Sticks(2 Cheese Sticks),481,0,481,630,543,72,615,$405.90,1,0.16%,$0.66,$406.56,14,2.22%,$9.24,$415.80,,,,
Lake Braddock Secondary,5/22/2025,10026,Chickenless Bites(4 Bites),0,0,0,60,33,17,50,$36.50,1,1.67%,$0.73,$37.23,9,15.00%,$6.57,$43.80,,,,
Lake Braddock Secondary,5/22/2025,10027,"Bread, Loco(flatbread)",685,132,817,60,33,17,50,$15.00,1,1.67%,$0.30,$15.30,9,15.00%,$2.70,$18.00,,,,
Lake Braddock Secondary,5/22/2025,10033,Chocolate Chip Cookie(Cookie),0,0,0,620,0,600,600,$0.00,0,0.00%,$0.00,$0.00,20,3.23%,$0.00,$0.00,,,,
Lake Braddock Secondary,5/22/2025,10044,Soft Pretzel(1 pretzel),13,0,13,36,10,23,33,$7.26,0,0.00%,$0.00,$7.26,3,8.33%,$0.66,$7.92,,,,
Lake Braddock Secondary,5/22/2025,10051,"Turkey,  Breast, Pre-Sliced, Oven Roasted(3 Slices)",22,0,22,20,13,4,17,$9.18,0,0.00%,$0.00,$9.18,3,15.00%,$1.62,$10.80,,,,
Lake Braddock Secondary,5/22/2025,10062,Corn(1/4 cup (thawed)),98,19,117,90,58,21,79,$8.69,0,0.00%,$0.00,$8.69,11,12.22%,$1.21,$9.90,,,,
Lake Braddock Secondary,5/22/2025,10062,Corn(2 Tablespoons (thawed)),18,0,18,30,7,2,9,$0.45,0,0.00%,$0.00,$0.45,21,70.00%,$1.05,$1.50,,,,
Lake Braddock Secondary,5/22/2025,10069,Bean and Cheese Pupusa(Pupusa),0,0,0,42,37,3,40,$60.00,1,2.38%,$1.50,$61.50,1,2.38%,$1.50,$63.00,,,,
Lake Braddock Secondary,5/22/2025,20001,1% White Milk(Each),105,2,107,115,78,1,79,$28.44,0,0.00%,$0.00,$28.44,36,31.30%,$12.96,$41.40,,,,
Lake Braddock Secondary,5/22/2025,20002,Fat Free Chocolate Milk(Each),789,11,800,755,664,9,673,$235.55,0,0.00%,$0.00,$235.55,82,10.86%,$28.70,$264.25,,,,
Lake Braddock Secondary,5/22/2025,20006,"Cheese, Shredded, Cheddar(1/4 cup)",100,0,100,110,82,20,102,$17.34,0,0.00%,$0.00,$17.34,8,7.27%,$1.36,$18.70,,,,
Lake Braddock Secondary,5/22/2025,20008,Apple Slices(6 Slices per 1/2 cup),80,0,80,48,46,2,48,$56.64,0,0.00%,$0.00,$56.64,0,0.00%,$0.00,$56.64,,,,
Lake Braddock Secondary,5/22/2025,20012,Grape Tomatoes(6 Tomatoes per 1/2 cup),0,0,0,36,28,2,30,$15.60,0,0.00%,$0.00,$15.60,6,16.67%,$3.12,$18.72,,,,
Lake Braddock Secondary,5/22/2025,20014,Red Delicious Apple(Each - serving),0,0,0,40,32,2,34,$11.22,2,5.00%,$0.66,$11.88,4,10.00%,$1.32,$13.20,,,,
Lake Braddock Secondary,5/22/2025,20016,String Cheese(Each),0,0,0,10,0,0,0,$0.00,0,0.00%,$0.00,$0.00,10,100.00%,$0.00,$0.00,,,,
Lake Braddock Secondary,5/22/2025,20018,Red Seedless Grapes(16 grapes per 1/2 cup),0,0,0,182,173,2,175,$89.25,0,0.00%,$0.00,$89.25,7,3.85%,$3.57,$92.82,,,,
Lake Braddock Secondary,5/22/2025,20023,Baby Carrots(6 Baby Carrots per 1/2 cup),0,0,0,196,139,27,166,$28.22,0,0.00%,$0.00,$28.22,30,15.31%,$5.10,$33.32,,,,
Lake Braddock Secondary,5/22/2025,20027,Broccoli Florets(6 Pieces per 1/2 cup),91,22,113,111,50,26,76,$11.40,0,0.00%,$0.00,$11.40,35,31.53%,$5.25,$16.65,,,,
Lake Braddock Secondary,5/22/2025,20028,Lettuce Blend Salad Mix(1/2 cup),410,24,434,440,384,27,411,$32.88,0,0.00%,$0.00,$32.88,29,6.59%,$2.32,$35.20,,,,
Lake Braddock Secondary,5/22/2025,20031,Banana(Each),654,24,678,765,701,27,728,$152.88,2,0.26%,$0.42,$153.30,35,4.58%,$7.35,$160.65,,,,
Lake Braddock Secondary,5/22/2025,20035,"Onions, Red, Whole(2 Tablespoons (sliced))",88,0,88,100,85,2,87,$2.61,0,0.00%,$0.00,$2.61,13,13.00%,$0.39,$3.00,,,,
Lake Braddock Secondary,5/22/2025,20036,Celery Sticks(1/2 cup),0,0,0,24,22,2,24,$13.20,0,0.00%,$0.00,$13.20,0,0.00%,$0.00,$13.20,,,,
Lake Braddock Secondary,5/22/2025,20038,Fat Free White Milk(Each),63,3,66,125,54,1,55,$18.15,0,0.00%,$0.00,$18.15,70,56.00%,$23.10,$41.25,,,,
Lake Braddock Secondary,5/22/2025,20041,"Peppers, Green, Whole(2 Tablespoon)",15,0,15,24,13,2,15,$0.90,0,0.00%,$0.00,$0.90,9,37.50%,$0.54,$1.44,,,,
Lake Braddock Secondary,5/22/2025,20042,"Peppers, Red, Whole(2 Tablespoons)",16,0,16,24,13,2,15,$0.75,0,0.00%,$0.00,$0.75,9,37.50%,$0.45,$1.20,,,,
Lake Braddock Secondary,5/22/2025,20047,Orange Slices(6 Slices per 1/2 cup),0,0,0,245,151,27,178,$71.20,1,0.41%,$0.40,$71.60,66,26.94%,$26.40,$98.00,,,,
Lake Braddock Secondary,5/22/2025,20052,Assorted  4 oz Yogurt(Container),0,0,0,10,0,8,8,$0.00,0,0.00%,$0.00,$0.00,2,20.00%,$0.00,$0.00,,,,
Lake Braddock Secondary,5/22/2025,30002,Sub Roll(Sub Roll),100,0,100,110,82,20,102,$31.62,0,0.00%,$0.00,$31.62,8,7.27%,$2.48,$34.10,,,,
Lake Braddock Secondary,5/22/2025,30008,Apple Juice(Each),0,0,0,110,0,102,102,$0.00,0,0.00%,$0.00,$0.00,8,7.27%,$0.00,$0.00,,,,
Lake Braddock Secondary,5/22/2025,30009,Orange Tangerine Juice(Each),0,0,0,60,0,39,39,$0.00,0,0.00%,$0.00,$0.00,21,35.00%,$0.00,$0.00,,,,
Lake Braddock Secondary,5/22/2025,30018,Marinara Sauce(1/4 Cup),293,0,293,630,543,72,615,$92.25,1,0.16%,$0.15,$92.40,14,2.22%,$2.10,$94.50,,,,
Lake Braddock Secondary,5/22/2025,30024,Black Beans(1/4 Cup),25,7,32,30,16,0,16,$1.44,0,0.00%,$0.00,$1.44,14,46.67%,$1.26,$2.70,,,,
Lake Braddock Secondary,5/22/2025,30033,Cheez-Its Crackers(Package),0,0,0,28,0,20,20,$0.00,0,0.00%,$0.00,$0.00,8,28.57%,$0.00,$0.00,,,,
Lake Braddock Secondary,5/22/2025,30039,Cherry Flavored Dried Cranberries(Each),62,0,62,35,33,0,33,$7.92,0,0.00%,$0.00,$7.92,2,5.71%,$0.48,$8.40,,,,
Lake Braddock Secondary,5/22/2025,30041,Orange Flavored Dried Cranberries(Each),45,0,45,150,132,0,132,$31.68,0,0.00%,$0.00,$31.68,18,12.00%,$4.32,$36.00,,,,
Lake Braddock Secondary,5/22/2025,30044,Strawberry Flavored Dried Cranberries(Each),142,0,142,100,83,0,83,$19.92,0,0.00%,$0.00,$19.92,17,17.00%,$4.08,$24.00,,,,
Lake Braddock Secondary,5/22/2025,30061,Chilled Mandarin Oranges(1/2 cup (drained)),0,0,0,960,866,27,893,$303.62,0,0.00%,$0.00,$303.62,67,6.98%,$22.78,$326.40,,,,
Lake Braddock Secondary,5/22/2025,30063,Ketchup Packet(Packet),974,0,974,1125,678,0,678,$20.34,0,0.00%,$0.00,$20.34,447,39.73%,$13.41,$33.75,,,,
Lake Braddock Secondary,5/22/2025,30064,Mayonnaise Packet(Packet),489,0,489,525,177,0,177,$17.70,0,0.00%,$0.00,$17.70,348,66.29%,$34.80,$52.50,,,,
Lake Braddock Secondary,5/22/2025,30065,Mustard Packet(Packet),184,0,184,530,127,0,127,$6.35,0,0.00%,$0.00,$6.35,403,76.04%,$20.15,$26.50,,,,
Lake Braddock Secondary,5/22/2025,30077,Italian Dressing(1 ounce),51,0,51,60,42,0,42,$3.36,0,0.00%,$0.00,$3.36,18,30.00%,$1.44,$4.80,,,,
Lake Braddock Secondary,5/22/2025,30097,Bottled Water(Bottle),0,0,0,200,0,171,171,$0.00,0,0.00%,$0.00,$0.00,29,14.50%,$0.00,$0.00,,,,
Lake Braddock Secondary,5/22/2025,30099,Chickpeas(2 Tablespoons),17,0,17,30,17,2,19,$0.76,0,0.00%,$0.00,$0.76,11,36.67%,$0.44,$1.20,,,,
Lake Braddock Secondary,5/22/2025,30107,Ranch Dressing(1 ounce),413,0,413,408,310,2,312,$34.32,0,0.00%,$0.00,$34.32,96,23.53%,$10.56,$44.88,,,,
Lake Braddock Secondary,5/22/2025,30110,Doritos Flamas(Each),0,0,0,82,0,77,77,$0.00,0,0.00%,$0.00,$0.00,5,6.10%,$0.00,$0.00,,,,
Lake Braddock Secondary,5/22/2025,30111,Doritos RF Spicy Sweet Chili(Each),0,0,0,46,0,40,40,$0.00,0,0.00%,$0.00,$0.00,6,13.04%,$0.00,$0.00,,,,
Lake Braddock Secondary,5/22/2025,30112,Doritos RF Nacho Cheese(Each),0,0,0,58,0,36,36,$0.00,0,0.00%,$0.00,$0.00,22,37.93%,$0.00,$0.00,,,,
Lake Braddock Secondary,5/22/2025,30113,Cool Ranch Reduced Fat Doritos(Each),0,0,0,36,0,24,24,$0.00,0,0.00%,$0.00,$0.00,12,33.33%,$0.00,$0.00,,,,
Lake Braddock Secondary,5/22/2025,30114,SS Baked Cheetos Flaming Hot(Each),0,0,0,54,0,37,37,$0.00,0,0.00%,$0.00,$0.00,17,31.48%,$0.00,$0.00,,,,
Lake Braddock Secondary,5/22/2025,30115,SS Baked Cheetos Flaming Limon(Each),0,0,0,56,0,33,33,$0.00,0,0.00%,$0.00,$0.00,23,41.07%,$0.00,$0.00,,,,
Lake Braddock Secondary,5/22/2025,30116,SS Cheetos Fantastix Flaming Hot(Each),0,0,0,50,0,27,27,$0.00,0,0.00%,$0.00,$0.00,23,46.00%,$0.00,$0.00,,,,
Lake Braddock Secondary,5/22/2025,30117,WG Baked Funyuns(Each),0,0,0,29,0,18,18,$0.00,0,0.00%,$0.00,$0.00,11,37.93%,$0.00,$0.00,,,,
Lake Braddock Secondary,5/22/2025,30118,Kettle Cooked Smoky BBQ Chips(Each),0,0,0,71,0,56,56,$0.00,0,0.00%,$0.00,$0.00,15,21.13%,$0.00,$0.00,,,,
Lake Braddock Secondary,5/22/2025,30119,RF Kettle Chips Jalapeno & Cheddar Chips(Each),0,0,0,105,0,95,95,$0.00,0,0.00%,$0.00,$0.00,10,9.52%,$0.00,$0.00,,,,
Lake Braddock Secondary,5/22/2025,30120,RF Kettle Chips Sea Salt & Vinegar Chips(Each),0,0,0,123,0,93,93,$0.00,0,0.00%,$0.00,$0.00,30,24.39%,$0.00,$0.00,,,,
Lake Braddock Secondary,5/22/2025,30121,Kellogg’s W/G Rice Krispies Treats(Each),0,0,0,143,0,73,73,$0.00,0,0.00%,$0.00,$0.00,70,48.95%,$0.00,$0.00,,,,
Lake Braddock Secondary,5/22/2025,30122,WG Chocolate Chip Rice Krispy Treats(Each),0,0,0,125,44,81,125,$75.00,0,0.00%,$0.00,$75.00,0,0.00%,$0.00,$75.00,,,,
Lake Braddock Secondary,5/22/2025,30124,"Fruit Snacks, Welch's Mixed(Each)",0,0,0,100,0,84,84,$0.00,0,0.00%,$0.00,$0.00,16,16.00%,$0.00,$0.00,,,,
Lake Braddock Secondary,5/22/2025,60035,PB&J Power Pack(Power Packs),259,0,259,240,212,24,236,$254.88,0,0.00%,$0.00,$254.88,4,1.67%,$4.32,$259.20,,,,
Lake Braddock Secondary,5/22/2025,60037,Strawberry & Banana Yogurt Power Pack(Power Packs),9,0,9,10,7,2,9,$7.20,0,0.00%,$0.00,$7.20,1,10.00%,$0.80,$8.00,,,,
Lake Braddock Secondary,5/22/2025,60039,Pasta with Meat Sauce(serving),0,0,0,140,128,12,140,$149.80,0,0.00%,$0.00,$149.80,0,0.00%,$0.00,$149.80,,,,
Lake Braddock Secondary,5/22/2025,60075,Spicy Chicken Wrap(Wrap),0,0,0,84,60,14,74,$86.58,0,0.00%,$0.00,$86.58,10,11.90%,$11.70,$98.28,,,,
Lake Braddock Secondary,5/22/2025,60100,Black Beans - salad bar entree(1/2 cup),64,0,64,90,78,0,78,$13.26,0,0.00%,$0.00,$13.26,12,13.33%,$2.04,$15.30,,,,
Lake Braddock Secondary,5/22/2025,60120,Asian Veggie Sub(sandwich),46,8,54,65,51,9,60,$113.40,1,1.54%,$1.89,$115.29,4,6.15%,$7.56,$122.85,,,,
Lake Braddock Secondary,5/22/2025,60122,Asian Meatball Sub(sandwich),107,17,124,330,243,68,311,$553.58,1,0.30%,$1.78,$555.36,18,5.45%,$32.04,$587.40,,,,
Lake Braddock Secondary,5/22/2025,60124,Nachos with Cheese Sauce(Serving),0,0,0,30,23,7,30,$23.10,0,0.00%,$0.00,$23.10,0,0.00%,$0.00,$23.10,,,,
Lake Braddock Secondary,5/22/2025,60148,Turkey Barbacoa Arepa(1 Arepa + #10 scoop of turkey barbacoa),0,0,0,20,14,6,20,$28.80,0,0.00%,$0.00,$28.80,0,0.00%,$0.00,$28.80,,,,
Lane Elementary,5/22/2025,10033,Chocolate Chip Cookie(1/2 Cookie),192,0,192,192,168,0,168,$23.52,0,0.00%,$0.00,$23.52,24,12.50%,$3.36,$26.88,,,,
Lane Elementary,5/22/2025,10044,Soft Pretzel(1 pretzel),10,0,10,25,11,0,11,$2.42,1,4.00%,$0.22,$2.64,13,52.00%,$2.86,$5.50,,,,
Lane Elementary,5/22/2025,10062,Corn(1/4 cup (thawed)),120,0,120,120,88,0,88,$9.68,0,0.00%,$0.00,$9.68,32,26.67%,$3.52,$13.20,,,,
Lane Elementary,5/22/2025,20001,1% White Milk(Each),60,0,60,60,28,0,28,$10.08,0,0.00%,$0.00,$10.08,32,53.33%,$11.52,$21.60,,,,
Lane Elementary,5/22/2025,20002,Fat Free Chocolate Milk(Each),200,0,200,200,159,0,159,$55.65,0,0.00%,$0.00,$55.65,41,20.50%,$14.35,$70.00,,,,
Lane Elementary,5/22/2025,20018,Red Seedless Grapes(16 grapes per 1/2 cup),0,0,0,92,92,0,92,$46.92,0,0.00%,$0.00,$46.92,0,0.00%,$0.00,$46.92,,,,
Lane Elementary,5/22/2025,20023,Baby Carrots(3 baby carrots per 1/4 cup),0,0,0,72,72,0,72,$6.48,0,0.00%,$0.00,$6.48,0,0.00%,$0.00,$6.48,,,,
Lane Elementary,5/22/2025,20028,Lettuce Blend Salad Mix(1/2 cup),120,0,120,140,135,0,135,$10.80,0,0.00%,$0.00,$10.80,5,3.57%,$0.40,$11.20,,,,
Lane Elementary,5/22/2025,20031,Banana(Each),150,0,150,120,120,0,120,$25.20,0,0.00%,$0.00,$25.20,0,0.00%,$0.00,$25.20,,,,
Lane Elementary,5/22/2025,20036,Celery Sticks(1/2 cup),0,0,0,46,23,0,23,$12.65,0,0.00%,$0.00,$12.65,23,50.00%,$12.65,$25.30,,,,
Lane Elementary,5/22/2025,20038,Fat Free White Milk(Each),50,0,50,50,48,0,48,$15.84,0,0.00%,$0.00,$15.84,2,4.00%,$0.66,$16.50,,,,
Lane Elementary,5/22/2025,20047,Orange Slices(3 slices per 1/4 cup),0,0,0,104,104,0,104,$20.80,0,0.00%,$0.00,$20.80,0,0.00%,$0.00,$20.80,,,,
Lane Elementary,5/22/2025,20074,"Apple Slices(3 slices, 1/4 cup)",0,0,0,128,128,0,128,$23.04,0,0.00%,$0.00,$23.04,0,0.00%,$0.00,$23.04,,,,
Lane Elementary,5/22/2025,30008,Apple Juice(Each),20,0,20,20,10,0,10,$1.70,0,0.00%,$0.00,$1.70,10,50.00%,$1.70,$3.40,,,,
Lane Elementary,5/22/2025,30009,Orange Tangerine Juice(Each),20,0,20,20,11,0,11,$1.87,0,0.00%,$0.00,$1.87,9,45.00%,$1.53,$3.40,,,,
Lane Elementary,5/22/2025,30039,Cherry Flavored Dried Cranberries(Each),50,0,50,50,21,0,21,$5.04,0,0.00%,$0.00,$5.04,29,58.00%,$6.96,$12.00,,,,
Lane Elementary,5/22/2025,30041,Orange Flavored Dried Cranberries(Each),50,0,50,50,20,0,20,$4.80,0,0.00%,$0.00,$4.80,30,60.00%,$7.20,$12.00,,,,
Lane Elementary,5/22/2025,30077,Italian Dressing(1 ounce),24,0,24,24,24,0,24,$1.92,0,0.00%,$0.00,$1.92,0,0.00%,$0.00,$1.92,,,,
Lane Elementary,5/22/2025,30094,Doritos Wild White Nacho Flavored Tortilla Chips(Bag),72,0,72,72,63,0,63,$22.05,0,0.00%,$0.00,$22.05,9,12.50%,$3.15,$25.20,,,,
Lane Elementary,5/22/2025,30097,Bottled Water(Bottle),25,0,25,25,22,0,22,$3.52,0,0.00%,$0.00,$3.52,3,12.00%,$0.48,$4.00,,,,
Lane Elementary,5/22/2025,30099,Chickpeas(1/4 cup),66,0,66,33,33,0,33,$2.97,0,0.00%,$0.00,$2.97,0,0.00%,$0.00,$2.97,,,,
Lane Elementary,5/22/2025,30107,Ranch Dressing(1 ounce),48,0,48,48,48,0,48,$5.28,0,0.00%,$0.00,$5.28,0,0.00%,$0.00,$5.28,,,,
Lane Elementary,5/22/2025,60035,PB&J Power Pack(Power Packs),100,0,100,55,49,0,49,$52.92,0,0.00%,$0.00,$52.92,6,10.91%,$6.48,$59.40,,,,
Lane Elementary,5/22/2025,60037,Strawberry & Banana Yogurt Power Pack(Power Packs),25,0,25,20,8,0,8,$6.40,0,0.00%,$0.00,$6.40,12,60.00%,$9.60,$16.00,,,,
Lane Elementary,5/22/2025,60070,Nachos with Taco Meat and Cheese Sauce(Serving Size),0,0,0,20,20,0,20,$16.00,0,0.00%,$0.00,$16.00,0,0.00%,$0.00,$16.00,,,,
Lane Elementary,5/22/2025,60087,Sweet Thai Chili Chicken Wings(3 Wings),0,0,0,50,33,0,33,$39.93,3,6.00%,$3.63,$43.56,14,28.00%,$16.94,$60.50,,,,
Lane Elementary,5/22/2025,60100,Black Beans - salad bar entree(1/2 cup),10,0,10,5,0,0,0,$0.00,1,20.00%,$0.00,$0.00,4,80.00%,$0.00,$0.00,,,,
Lane Elementary,5/22/2025,60120,Asian Veggie Sub(sandwich),0,0,0,150,145,0,145,$274.05,3,2.00%,$5.67,$279.72,2,1.33%,$3.78,$283.50,,,,
Lane Elementary,5/22/2025,60122,Asian Meatball Sub(sandwich),50,0,50,60,58,0,58,$103.24,2,3.33%,$3.56,$106.80,0,0.00%,$0.00,$106.80,,,,
Lane Elementary,5/22/2025,60150,Strawberry Parfait Power Pack(Power Pack),25,0,25,15,3,0,3,$4.89,0,0.00%,$0.00,$4.89,12,80.00%,$19.56,$24.45,,,,
Langley High,5/22/2025,10001,"Patty, Chicken, Breaded, WG(2 strips)",11,0,11,0,0,0,0,$0.00,0,0.00%,$0.00,$0.00,0,0.00%,$0.00,$0.00,,,,
Langley High,5/22/2025,10015,Baked Cheese Sticks(2 Cheese Sticks),231,0,231,250,180,61,241,$159.06,1,0.40%,$0.66,$159.72,8,3.20%,$5.28,$165.00,,,,
Langley High,5/22/2025,10026,Chickenless Bites(4 Bites),0,0,0,90,58,20,78,$56.94,0,0.00%,$0.00,$56.94,12,13.33%,$8.76,$65.70,,,,
Langley High,5/22/2025,10033,Chocolate Chip Cookie(Cookie),0,0,0,354,0,353,353,$0.00,1,0.28%,$0.00,$0.00,0,0.00%,$0.00,$0.00,,,,
Langley High,5/22/2025,10044,Soft Pretzel(1 pretzel),8,0,8,2,2,0,2,$0.44,0,0.00%,$0.00,$0.44,0,0.00%,$0.00,$0.44,,,,
Langley High,5/22/2025,10049,"WG 10"" Flour Tortilla(Tortilla)",14,0,14,0,0,0,0,$0.00,0,0.00%,$0.00,$0.00,0,0.00%,$0.00,$0.00,,,,
Langley High,5/22/2025,10051,"Turkey,  Breast, Pre-Sliced, Oven Roasted(3 Slices)",1,0,1,0,0,0,0,$0.00,0,0.00%,$0.00,$0.00,0,0.00%,$0.00,$0.00,,,,
Langley High,5/22/2025,10062,Corn(2 Tablespoons (thawed)),35,0,35,0,0,0,0,$0.00,0,0.00%,$0.00,$0.00,0,0.00%,$0.00,$0.00,,,,
Langley High,5/22/2025,10073,Whole Strawberries(1/2 cup thawed),0,0,0,20,15,0,15,$5.10,0,0.00%,$0.00,$5.10,5,25.00%,$1.70,$6.80,,,,
Langley High,5/22/2025,20001,1% White Milk(Each),71,0,71,70,41,0,41,$14.76,0,0.00%,$0.00,$14.76,29,41.43%,$10.44,$25.20,,,,
Langley High,5/22/2025,20002,Fat Free Chocolate Milk(Each),149,0,149,130,74,0,74,$25.90,0,0.00%,$0.00,$25.90,56,43.08%,$19.60,$45.50,,,,
Langley High,5/22/2025,20006,"Cheese, Shredded, Cheddar(1/4 cup)",9,0,9,0,0,0,0,$0.00,0,0.00%,$0.00,$0.00,0,0.00%,$0.00,$0.00,,,,
Langley High,5/22/2025,20008,Apple Slices(6 Slices per 1/2 cup),14,0,14,0,0,0,0,$0.00,0,0.00%,$0.00,$0.00,0,0.00%,$0.00,$0.00,,,,
Langley High,5/22/2025,20015,Golden Delicious Apple(Each),0,0,0,250,122,0,122,$37.82,0,0.00%,$0.00,$37.82,128,51.20%,$39.68,$77.50,,,,
Langley High,5/22/2025,20017,Orange(1/4 cup),0,0,0,17,16,0,16,$2.72,0,0.00%,$0.00,$2.72,1,5.88%,$0.17,$2.89,,,,
Langley High,5/22/2025,20018,Red Seedless Grapes(16 grapes per 1/2 cup),0,0,0,368,356,0,356,$181.56,0,0.00%,$0.00,$181.56,12,3.26%,$6.12,$187.68,,,,
Langley High,5/22/2025,20018,Red Seedless Grapes(2 Tablespoons),59,0,59,0,0,0,0,$0.00,0,0.00%,$0.00,$0.00,0,0.00%,$0.00,$0.00,,,,
Langley High,5/22/2025,20027,Broccoli Florets(6 Pieces per 1/2 cup),58,0,58,24,23,0,23,$3.45,0,0.00%,$0.00,$3.45,1,4.17%,$0.15,$3.60,,,,
Langley High,5/22/2025,20028,Lettuce Blend Salad Mix(1/2 cup),251,0,251,125,120,0,120,$9.60,0,0.00%,$0.00,$9.60,5,4.00%,$0.40,$10.00,,,,
Langley High,5/22/2025,20031,Banana(Each),13,0,13,0,0,0,0,$0.00,0,0.00%,$0.00,$0.00,0,0.00%,$0.00,$0.00,,,,
Langley High,5/22/2025,20035,"Onions, Red, Whole(2 Tablespoons (sliced))",21,0,21,0,0,0,0,$0.00,0,0.00%,$0.00,$0.00,0,0.00%,$0.00,$0.00,,,,
Langley High,5/22/2025,20036,Celery Sticks(1/2 cup),0,0,0,75,55,0,55,$30.25,0,0.00%,$0.00,$30.25,20,26.67%,$11.00,$41.25,,,,
Langley High,5/22/2025,20038,Fat Free White Milk(Each),30,0,30,39,16,0,16,$5.28,0,0.00%,$0.00,$5.28,23,58.97%,$7.59,$12.87,,,,
Langley High,5/22/2025,20040,Cucumber Slices(2 Tablespoon),44,0,44,0,0,0,0,$0.00,0,0.00%,$0.00,$0.00,0,0.00%,$0.00,$0.00,,,,
Langley High,5/22/2025,20041,"Peppers, Green, Whole(2 Tablespoon)",26,0,26,0,0,0,0,$0.00,0,0.00%,$0.00,$0.00,0,0.00%,$0.00,$0.00,,,,
Langley High,5/22/2025,20042,"Peppers, Red, Whole(2 Tablespoons)",46,0,46,0,0,0,0,$0.00,0,0.00%,$0.00,$0.00,0,0.00%,$0.00,$0.00,,,,
Langley High,5/22/2025,30002,Sub Roll(Sub Roll),16,0,16,0,0,0,0,$0.00,0,0.00%,$0.00,$0.00,0,0.00%,$0.00,$0.00,,,,
Langley High,5/22/2025,30014,Whole Wheat Dinner Roll(2 rolls),0,0,0,100,65,20,85,$23.80,0,0.00%,$0.00,$23.80,15,15.00%,$4.20,$28.00,,,,
Langley High,5/22/2025,30018,Marinara Sauce(1/4 Cup),91,0,91,250,180,61,241,$36.15,0,0.00%,$0.00,$36.15,9,3.60%,$1.35,$37.50,,,,
Langley High,5/22/2025,30024,Black Beans(1/2 Cup),63,0,63,32,30,0,30,$5.10,0,0.00%,$0.00,$5.10,2,6.25%,$0.34,$5.44,,,,
Langley High,5/22/2025,30039,Cherry Flavored Dried Cranberries(Each),15,0,15,0,0,0,0,$0.00,0,0.00%,$0.00,$0.00,0,0.00%,$0.00,$0.00,,,,
Langley High,5/22/2025,30041,Orange Flavored Dried Cranberries(Each),23,0,23,0,0,0,0,$0.00,0,0.00%,$0.00,$0.00,0,0.00%,$0.00,$0.00,,,,
Langley High,5/22/2025,30043,Raspberry Lemonade Flavored Dried Cranberries(Each),16,0,16,0,0,0,0,$0.00,0,0.00%,$0.00,$0.00,0,0.00%,$0.00,$0.00,,,,
Langley High,5/22/2025,30044,Strawberry Flavored Dried Cranberries(Each),94,0,94,170,116,0,116,$27.84,0,0.00%,$0.00,$27.84,54,31.76%,$12.96,$40.80,,,,
Langley High,5/22/2025,30045,Watermelon Flavored Dried Cranberries(Each),33,0,33,0,0,0,0,$0.00,0,0.00%,$0.00,$0.00,0,0.00%,$0.00,$0.00,,,,
Langley High,5/22/2025,30063,Ketchup Packet(Packet),244,0,244,300,282,0,282,$8.46,0,0.00%,$0.00,$8.46,18,6.00%,$0.54,$9.00,,,,
Langley High,5/22/2025,30064,Mayonnaise Packet(Packet),58,0,58,50,38,0,38,$3.80,0,0.00%,$0.00,$3.80,12,24.00%,$1.20,$5.00,,,,
Langley High,5/22/2025,30065,Mustard Packet(Packet),54,0,54,50,46,0,46,$2.30,0,0.00%,$0.00,$2.30,4,8.00%,$0.20,$2.50,,,,
Langley High,5/22/2025,30077,Italian Dressing(1 ounce),81,0,81,55,49,0,49,$3.92,0,0.00%,$0.00,$3.92,6,10.91%,$0.48,$4.40,,,,
Langley High,5/22/2025,30097,Bottled Water(Bottle),0,0,0,124,12,112,124,$19.84,0,0.00%,$0.00,$19.84,0,0.00%,$0.00,$19.84,,,,
Langley High,5/22/2025,30099,Chickpeas(2 Tablespoons),32,0,32,0,0,0,0,$0.00,0,0.00%,$0.00,$0.00,0,0.00%,$0.00,$0.00,,,,
Langley High,5/22/2025,30107,Ranch Dressing(1 ounce),112,0,112,75,70,0,70,$7.70,0,0.00%,$0.00,$7.70,5,6.67%,$0.55,$8.25,,,,
Langley High,5/22/2025,30110,Doritos Flamas(Each),0,0,0,40,0,40,40,$0.00,0,0.00%,$0.00,$0.00,0,0.00%,$0.00,$0.00,,,,
Langley High,5/22/2025,30121,Kellogg’s W/G Rice Krispies Treats(Each),0,0,0,20,0,20,20,$0.00,0,0.00%,$0.00,$0.00,0,0.00%,$0.00,$0.00,,,,
Langley High,5/22/2025,60035,PB&J Power Pack(Power Packs),85,0,85,150,95,49,144,$155.52,0,0.00%,$0.00,$155.52,6,4.00%,$6.48,$162.00,,,,
Langley High,5/22/2025,60038,Peach Yogurt Power Pack(Power Packs),11,0,11,20,3,16,19,$15.20,0,0.00%,$0.00,$15.20,1,5.00%,$0.80,$16.00,,,,
Langley High,5/22/2025,60050,Chickenless Bites(2 Bites),14,0,14,0,0,0,0,$0.00,0,0.00%,$0.00,$0.00,0,0.00%,$0.00,$0.00,,,,
Langley High,5/22/2025,60055,Orange Chicken(4 Bites w/ 1oz sauce),0,0,0,10,6,1,7,$6.65,0,0.00%,$0.00,$6.65,3,30.00%,$2.85,$9.50,,,,
Langley High,5/22/2025,60061,Soft Beef Taco on Flour Tortilla(Taco),0,0,0,34,0,34,34,$0.00,0,0.00%,$0.00,$0.00,0,0.00%,$0.00,$0.00,,,,
Langley High,5/22/2025,60070,Nachos with Taco Meat and Cheese Sauce(Serving Size),0,0,0,43,39,4,43,$34.40,0,0.00%,$0.00,$34.40,0,0.00%,$0.00,$34.40,,,,
Langley High,5/22/2025,60075,Spicy Chicken Wrap(Wrap),27,0,27,19,8,9,17,$19.89,1,5.26%,$1.17,$21.06,1,5.26%,$1.17,$22.23,,,,
Langley High,5/22/2025,60077,Manager's Vegetable Choice(1/4 cup),10,0,10,0,0,0,0,$0.00,0,0.00%,$0.00,$0.00,0,0.00%,$0.00,$0.00,,,,
Langley High,5/22/2025,60101,Chickpeas - salad bar entree(1/2 cup),0,0,0,2,2,0,2,$0.36,0,0.00%,$0.00,$0.36,0,0.00%,$0.00,$0.36,,,,
Langley High,5/22/2025,60120,Asian Veggie Sub(sandwich),22,0,22,10,0,0,0,$0.00,0,0.00%,$0.00,$0.00,10,100.00%,$0.00,$0.00,,,,
Langley High,5/22/2025,60122,Asian Meatball Sub(sandwich),95,0,95,125,88,20,108,$192.24,1,0.80%,$1.78,$194.02,16,12.80%,$28.48,$222.50,,,,
Langley High,5/22/2025,60124,Nachos with Cheese Sauce(Serving),0,0,0,10,9,1,10,$7.70,0,0.00%,$0.00,$7.70,0,0.00%,$0.00,$7.70,,,,
Langley High,5/22/2025,60150,Strawberry Parfait Power Pack(Power Pack),0,0,0,2,2,0,2,$3.26,0,0.00%,$0.00,$3.26,0,0.00%,$0.00,$3.26,,,,
Laurel Hill Elementary,5/22/2025,10033,Chocolate Chip Cookie(1/2 Cookie),150,0,150,100,92,0,92,$12.88,0,0.00%,$0.00,$12.88,8,8.00%,$1.12,$14.00,,,,
Laurel Hill Elementary,5/22/2025,10062,Corn(1/4 cup (thawed)),180,0,180,80,80,0,80,$8.80,0,0.00%,$0.00,$8.80,0,0.00%,$0.00,$8.80,,,,
Laurel Hill Elementary,5/22/2025,20001,1% White Milk(Each),48,0,48,153,50,0,50,$18.00,0,0.00%,$0.00,$18.00,103,67.32%,$37.08,$55.08,,,,
Laurel Hill Elementary,5/22/2025,20002,Fat Free Chocolate Milk(Each),136,0,136,525,182,0,182,$63.70,0,0.00%,$0.00,$63.70,343,65.33%,$120.05,$183.75,,,,
Laurel Hill Elementary,5/22/2025,20015,Golden Delicious Apple(Each),0,0,0,150,150,0,150,$46.50,0,0.00%,$0.00,$46.50,0,0.00%,$0.00,$46.50,,,,
Laurel Hill Elementary,5/22/2025,20016,String Cheese(Each),5,0,5,5,0,0,0,$0.00,0,0.00%,$0.00,$0.00,5,100.00%,$0.00,$0.00,,,,
Laurel Hill Elementary,5/22/2025,20017,Orange(1/4 cup),0,0,0,225,200,0,200,$34.00,0,0.00%,$0.00,$34.00,25,11.11%,$4.25,$38.25,,,,
Laurel Hill Elementary,5/22/2025,20023,Baby Carrots(3 baby carrots per 1/4 cup),0,0,0,200,125,0,125,$11.25,0,0.00%,$0.00,$11.25,75,37.50%,$6.75,$18.00,,,,
Laurel Hill Elementary,5/22/2025,20028,Lettuce Blend Salad Mix(1 cup),1,0,1,1,1,0,1,$0.16,0,0.00%,$0.00,$0.16,0,0.00%,$0.00,$0.16,,,,
Laurel Hill Elementary,5/22/2025,20028,Lettuce Blend Salad Mix(1/2 cup),150,0,150,100,75,0,75,$6.00,0,0.00%,$0.00,$6.00,25,25.00%,$2.00,$8.00,,,,
Laurel Hill Elementary,5/22/2025,20031,Banana(Each),1,0,1,1,1,0,1,$0.21,0,0.00%,$0.00,$0.21,0,0.00%,$0.00,$0.21,,,,
Laurel Hill Elementary,5/22/2025,20038,Fat Free White Milk(Each),24,0,24,83,0,0,0,$0.00,0,0.00%,$0.00,$0.00,83,100.00%,$0.00,$0.00,,,,
Laurel Hill Elementary,5/22/2025,20052,Assorted  4 oz Yogurt(Container),5,0,5,5,0,0,0,$0.00,0,0.00%,$0.00,$0.00,5,100.00%,$0.00,$0.00,,,,
Laurel Hill Elementary,5/22/2025,30008,Apple Juice(Each),5,0,5,5,0,0,0,$0.00,0,0.00%,$0.00,$0.00,5,100.00%,$0.00,$0.00,,,,
Laurel Hill Elementary,5/22/2025,30009,Orange Tangerine Juice(Each),5,0,5,5,0,0,0,$0.00,0,0.00%,$0.00,$0.00,5,100.00%,$0.00,$0.00,,,,
Laurel Hill Elementary,5/22/2025,30033,Cheez-Its Crackers(Package),0,0,0,200,181,0,181,$32.58,0,0.00%,$0.00,$32.58,19,9.50%,$3.42,$36.00,,,,
Laurel Hill Elementary,5/22/2025,30045,Watermelon Flavored Dried Cranberries(Each),135,0,135,100,100,0,100,$24.00,0,0.00%,$0.00,$24.00,0,0.00%,$0.00,$24.00,,,,
Laurel Hill Elementary,5/22/2025,30077,Italian Dressing(1 ounce),16,0,16,26,21,0,21,$1.68,0,0.00%,$0.00,$1.68,5,19.23%,$0.40,$2.08,,,,
Laurel Hill Elementary,5/22/2025,30094,Doritos Wild White Nacho Flavored Tortilla Chips(Bag),25,0,25,70,67,0,67,$23.45,0,0.00%,$0.00,$23.45,3,4.29%,$1.05,$24.50,,,,
Laurel Hill Elementary,5/22/2025,30097,Bottled Water(Bottle),10,0,10,10,6,0,6,$0.96,0,0.00%,$0.00,$0.96,4,40.00%,$0.64,$1.60,,,,
Laurel Hill Elementary,5/22/2025,30107,Ranch Dressing(1 ounce),75,0,75,51,41,0,41,$4.51,0,0.00%,$0.00,$4.51,10,19.61%,$1.10,$5.61,,,,
Laurel Hill Elementary,5/22/2025,30158,Black Beans(1/2 Cup),30,0,30,30,30,0,30,$5.10,0,0.00%,$0.00,$5.10,0,0.00%,$0.00,$5.10,,,,
Laurel Hill Elementary,5/22/2025,60035,PB&J Power Pack(Power Packs),92,0,92,129,129,0,129,$139.32,0,0.00%,$0.00,$139.32,0,0.00%,$0.00,$139.32,,,,
Laurel Hill Elementary,5/22/2025,60037,Strawberry & Banana Yogurt Power Pack(Power Packs),29,0,29,33,32,0,32,$25.60,0,0.00%,$0.00,$25.60,1,3.03%,$0.80,$26.40,,,,
Laurel Hill Elementary,5/22/2025,60038,Peach Yogurt Power Pack(Power Packs),46,0,46,10,10,0,10,$8.00,0,0.00%,$0.00,$8.00,0,0.00%,$0.00,$8.00,,,,
Laurel Hill Elementary,5/22/2025,60077,Manager's Vegetable Choice(1/4 cup),72,0,72,80,80,0,80,$0.00,0,0.00%,$0.00,$0.00,0,0.00%,$0.00,$0.00,,,,
Laurel Hill Elementary,5/22/2025,60120,Asian Veggie Sub(sandwich),45,0,45,139,138,0,138,$260.82,0,0.00%,$0.00,$260.82,1,0.72%,$1.89,$262.71,,,,
Laurel Hill Elementary,5/22/2025,60122,Asian Meatball Sub(sandwich),38,0,38,42,42,0,42,$74.76,0,0.00%,$0.00,$74.76,0,0.00%,$0.00,$74.76,,,,
Laurel Hill Elementary,5/22/2025,60150,Strawberry Parfait Power Pack(Power Pack),0,0,0,10,10,0,10,$16.30,0,0.00%,$0.00,$16.30,0,0.00%,$0.00,$16.30,,,,
Laurel Ridge Elementary,5/22/2025,10033,Chocolate Chip Cookie(1/2 Cookie),0,0,0,230,0,226,226,$0.00,4,1.74%,$0.00,$0.00,0,0.00%,$0.00,$0.00,,,,
Laurel Ridge Elementary,5/22/2025,10044,Soft Pretzel(1 pretzel),0,0,0,13,1,12,13,$2.86,0,0.00%,$0.00,$2.86,0,0.00%,$0.00,$2.86,,,,
Laurel Ridge Elementary,5/22/2025,20001,1% White Milk(Each),37,4,41,164,22,6,28,$10.08,0,0.00%,$0.00,$10.08,136,82.93%,$48.96,$59.04,,,,
Laurel Ridge Elementary,5/22/2025,20002,Fat Free Chocolate Milk(Each),199,13,212,510,163,20,183,$64.05,0,0.00%,$0.00,$64.05,327,64.12%,$114.45,$178.50,,,,
Laurel Ridge Elementary,5/22/2025,20008,Apple Slices(6 Slices per 1/2 cup),0,0,0,174,174,0,174,$205.32,0,0.00%,$0.00,$205.32,0,0.00%,$0.00,$205.32,,,,
Laurel Ridge Elementary,5/22/2025,20016,String Cheese(Each),10,0,10,10,0,10,10,$0.00,0,0.00%,$0.00,$0.00,0,0.00%,$0.00,$0.00,,,,
Laurel Ridge Elementary,5/22/2025,20017,Orange(1/4 cup),0,0,0,60,60,0,60,$10.20,0,0.00%,$0.00,$10.20,0,0.00%,$0.00,$10.20,,,,
Laurel Ridge Elementary,5/22/2025,20018,Red Seedless Grapes(16 grapes per 1/2 cup),0,0,0,46,46,0,46,$23.46,0,0.00%,$0.00,$23.46,0,0.00%,$0.00,$23.46,,,,
Laurel Ridge Elementary,5/22/2025,20028,Lettuce Blend Salad Mix(1 cup),6,0,6,7,7,0,7,$1.12,0,0.00%,$0.00,$1.12,0,0.00%,$0.00,$1.12,,,,
Laurel Ridge Elementary,5/22/2025,20028,Lettuce Blend Salad Mix(1/2 cup),160,0,160,160,160,0,160,$12.80,0,0.00%,$0.00,$12.80,0,0.00%,$0.00,$12.80,,,,
Laurel Ridge Elementary,5/22/2025,20031,Banana(Each),102,2,104,112,112,0,112,$23.52,0,0.00%,$0.00,$23.52,0,0.00%,$0.00,$23.52,,,,
Laurel Ridge Elementary,5/22/2025,20038,Fat Free White Milk(Each),5,0,5,27,2,0,2,$0.66,0,0.00%,$0.00,$0.66,25,92.59%,$8.25,$8.91,,,,
Laurel Ridge Elementary,5/22/2025,20052,Assorted  4 oz Yogurt(Container),20,0,20,18,0,17,17,$0.00,1,5.56%,$0.00,$0.00,0,0.00%,$0.00,$0.00,,,,
Laurel Ridge Elementary,5/22/2025,20080,"Carrots, Shredded(Cup)",0,0,0,48,48,0,48,$15.84,0,0.00%,$0.00,$15.84,0,0.00%,$0.00,$15.84,,,,
Laurel Ridge Elementary,5/22/2025,30008,Apple Juice(Each),0,0,0,40,0,40,40,$0.00,0,0.00%,$0.00,$0.00,0,0.00%,$0.00,$0.00,,,,
Laurel Ridge Elementary,5/22/2025,30009,Orange Tangerine Juice(Each),0,0,0,25,0,25,25,$0.00,0,0.00%,$0.00,$0.00,0,0.00%,$0.00,$0.00,,,,
Laurel Ridge Elementary,5/22/2025,30031,Strawberry Chex Mix(Package),0,0,0,18,0,18,18,$0.00,0,0.00%,$0.00,$0.00,0,0.00%,$0.00,$0.00,,,,
Laurel Ridge Elementary,5/22/2025,30033,Cheez-Its Crackers(Package),0,0,0,23,0,23,23,$0.00,0,0.00%,$0.00,$0.00,0,0.00%,$0.00,$0.00,,,,
Laurel Ridge Elementary,5/22/2025,30045,Watermelon Flavored Dried Cranberries(Each),35,29,64,35,15,12,27,$6.48,0,0.00%,$0.00,$6.48,8,22.86%,$1.92,$8.40,,,,
Laurel Ridge Elementary,5/22/2025,30077,Italian Dressing(1 ounce),22,0,22,24,24,0,24,$1.92,0,0.00%,$0.00,$1.92,0,0.00%,$0.00,$1.92,,,,
Laurel Ridge Elementary,5/22/2025,30094,Doritos Wild White Nacho Flavored Tortilla Chips(Bag),0,0,0,133,0,131,131,$0.00,2,1.50%,$0.00,$0.00,0,0.00%,$0.00,$0.00,,,,
Laurel Ridge Elementary,5/22/2025,30097,Bottled Water(Bottle),0,0,0,19,0,19,19,$0.00,0,0.00%,$0.00,$0.00,0,0.00%,$0.00,$0.00,,,,
Laurel Ridge Elementary,5/22/2025,30098,Wheat Thins(Package),0,0,0,20,0,20,20,$0.00,0,0.00%,$0.00,$0.00,0,0.00%,$0.00,$0.00,,,,
Laurel Ridge Elementary,5/22/2025,30099,Chickpeas(1/4 cup),35,0,35,32,32,0,32,$2.88,0,0.00%,$0.00,$2.88,0,0.00%,$0.00,$2.88,,,,
Laurel Ridge Elementary,5/22/2025,30107,Ranch Dressing(1 ounce),91,0,91,55,55,0,55,$6.05,0,0.00%,$0.00,$6.05,0,0.00%,$0.00,$6.05,,,,
Laurel Ridge Elementary,5/22/2025,60009,"Sandwich, Turkey & Cheese(sandwich)",0,0,0,24,13,11,24,$16.56,0,0.00%,$0.00,$16.56,0,0.00%,$0.00,$16.56,,,,
Laurel Ridge Elementary,5/22/2025,60035,PB&J Power Pack(Power Packs),54,12,66,80,75,3,78,$84.24,0,0.00%,$0.00,$84.24,2,2.50%,$2.16,$86.40,,,,
Laurel Ridge Elementary,5/22/2025,60036,Cherry Vanilla Yogurt Power Pack(Power Packs),5,0,5,7,7,0,7,$5.60,0,0.00%,$0.00,$5.60,0,0.00%,$0.00,$5.60,,,,
Laurel Ridge Elementary,5/22/2025,60037,Strawberry & Banana Yogurt Power Pack(Power Packs),6,0,6,8,8,0,8,$6.40,0,0.00%,$0.00,$6.40,0,0.00%,$0.00,$6.40,,,,
Laurel Ridge Elementary,5/22/2025,60038,Peach Yogurt Power Pack(Power Packs),4,0,4,7,7,0,7,$5.60,0,0.00%,$0.00,$5.60,0,0.00%,$0.00,$5.60,,,,
Laurel Ridge Elementary,5/22/2025,60041,Turkey Pepperoni Pizza(1.37 oz),0,0,0,5,5,0,5,$3.40,0,0.00%,$0.00,$3.40,0,0.00%,$0.00,$3.40,,,,
Laurel Ridge Elementary,5/22/2025,60101,Chickpeas - salad bar entree(1/2 cup),0,0,0,1,1,0,1,$0.18,0,0.00%,$0.00,$0.18,0,0.00%,$0.00,$0.18,,,,
Laurel Ridge Elementary,5/22/2025,60120,Asian Veggie Sub(sandwich),126,11,137,140,107,13,120,$226.80,2,1.43%,$3.78,$230.58,18,12.86%,$34.02,$264.60,,,,
Laurel Ridge Elementary,5/22/2025,60121,"Sauce, Spicy Mayo(tbsp)",0,0,0,48,48,0,48,$4.32,0,0.00%,$0.00,$4.32,0,0.00%,$0.00,$4.32,,,,
Laurel Ridge Elementary,5/22/2025,60122,Asian Meatball Sub(sandwich),45,6,51,60,59,0,59,$105.02,1,1.67%,$1.78,$106.80,0,0.00%,$0.00,$106.80,,,,
Laurel Ridge Elementary,5/22/2025,60157,Mandarin Orange Pepper Fruit Salsa(1 TBSP),0,0,0,288,288,0,288,$37.44,0,0.00%,$0.00,$37.44,0,0.00%,$0.00,$37.44,,,,
Lees Corner Elementary,5/22/2025,10044,Soft Pretzel(1 pretzel),25,0,25,7,0,5,5,$0.00,0,0.00%,$0.00,$0.00,2,28.57%,$0.00,$0.00,,,,
Lees Corner Elementary,5/22/2025,10062,Corn(1/4 cup (thawed)),54,0,54,32,32,0,32,$3.52,0,0.00%,$0.00,$3.52,0,0.00%,$0.00,$3.52,,,,
Lees Corner Elementary,5/22/2025,20001,1% White Milk(Each),25,0,25,105,20,0,20,$7.20,0,0.00%,$0.00,$7.20,85,80.95%,$30.60,$37.80,,,,
Lees Corner Elementary,5/22/2025,20002,Fat Free Chocolate Milk(Each),120,0,120,393,106,0,106,$37.10,0,0.00%,$0.00,$37.10,287,73.03%,$100.45,$137.55,,,,
Lees Corner Elementary,5/22/2025,20011,Cherry Tomatoes(1/4 cup),0,0,0,35,35,0,35,$12.95,0,0.00%,$0.00,$12.95,0,0.00%,$0.00,$12.95,,,,
Lees Corner Elementary,5/22/2025,20014,Red Delicious Apple(Each - serving),0,0,0,112,95,0,95,$31.35,0,0.00%,$0.00,$31.35,17,15.18%,$5.61,$36.96,,,,
Lees Corner Elementary,5/22/2025,20017,Orange(1/4 cup),0,0,0,0,0,0,0,$0.00,0,0.00%,$0.00,$0.00,0,0.00%,$0.00,$0.00,,,,
Lees Corner Elementary,5/22/2025,20018,Red Seedless Grapes(16 grapes per 1/2 cup),0,0,0,92,92,0,92,$46.92,0,0.00%,$0.00,$46.92,0,0.00%,$0.00,$46.92,,,,
Lees Corner Elementary,5/22/2025,20023,Baby Carrots(3 baby carrots per 1/4 cup),0,0,0,72,72,0,72,$6.48,0,0.00%,$0.00,$6.48,0,0.00%,$0.00,$6.48,,,,
Lees Corner Elementary,5/22/2025,20027,Broccoli Florets(1/4 cup),50,0,50,63,63,0,63,$5.04,0,0.00%,$0.00,$5.04,0,0.00%,$0.00,$5.04,,,,
Lees Corner Elementary,5/22/2025,20028,Lettuce Blend Salad Mix(1/2 cup),120,0,120,120,100,0,100,$8.00,0,0.00%,$0.00,$8.00,20,16.67%,$1.60,$9.60,,,,
Lees Corner Elementary,5/22/2025,20031,Banana(Each),64,0,64,93,93,0,93,$19.53,0,0.00%,$0.00,$19.53,0,0.00%,$0.00,$19.53,,,,
Lees Corner Elementary,5/22/2025,20038,Fat Free White Milk(Each),10,0,10,50,7,0,7,$2.31,0,0.00%,$0.00,$2.31,43,86.00%,$14.19,$16.50,,,,
Lees Corner Elementary,5/22/2025,20077,"Peppers, red, pre-sliced(1/2 cup sliced)",0,0,0,70,70,0,70,$39.20,0,0.00%,$0.00,$39.20,0,0.00%,$0.00,$39.20,,,,
Lees Corner Elementary,5/22/2025,30031,Strawberry Chex Mix(Package),0,0,0,15,0,15,15,$0.00,0,0.00%,$0.00,$0.00,0,0.00%,$0.00,$0.00,,,,
Lees Corner Elementary,5/22/2025,30077,Italian Dressing(1 ounce),15,0,15,25,20,0,20,$1.60,0,0.00%,$0.00,$1.60,5,20.00%,$0.40,$2.00,,,,
Lees Corner Elementary,5/22/2025,30097,Bottled Water(Bottle),10,0,10,4,0,4,4,$0.00,0,0.00%,$0.00,$0.00,0,0.00%,$0.00,$0.00,,,,
Lees Corner Elementary,5/22/2025,30099,Chickpeas(1/4 cup),28,0,28,23,23,0,23,$2.07,0,0.00%,$0.00,$2.07,0,0.00%,$0.00,$2.07,,,,
Lees Corner Elementary,5/22/2025,30107,Ranch Dressing(1 ounce),60,0,60,60,50,0,50,$5.50,0,0.00%,$0.00,$5.50,10,16.67%,$1.10,$6.60,,,,
Lees Corner Elementary,5/22/2025,60029,Chicken Alfredo Pasta(heaping 1 cup ( #4 scoop)),0,0,0,57,52,5,57,$86.64,0,0.00%,$0.00,$86.64,0,0.00%,$0.00,$86.64,,,,
Lees Corner Elementary,5/22/2025,60035,PB&J Power Pack(Power Packs),25,0,25,26,26,0,26,$28.08,0,0.00%,$0.00,$28.08,0,0.00%,$0.00,$28.08,,,,
Lees Corner Elementary,5/22/2025,60036,Cherry Vanilla Yogurt Power Pack(Power Packs),30,0,30,18,18,0,18,$14.40,0,0.00%,$0.00,$14.40,0,0.00%,$0.00,$14.40,,,,
Lees Corner Elementary,5/22/2025,60077,Manager's Vegetable Choice(1/4 cup),52,0,52,0,0,0,0,$0.00,0,0.00%,$0.00,$0.00,0,0.00%,$0.00,$0.00,,,,
Lees Corner Elementary,5/22/2025,60079,Nachos with Black Beans and Cheese Sauce(Serving),0,0,0,10,10,0,10,$6.30,0,0.00%,$0.00,$6.30,0,0.00%,$0.00,$6.30,,,,
Lees Corner Elementary,5/22/2025,60100,Black Beans - salad bar entree(1/2 cup),0,0,0,0,0,0,0,$0.00,0,0.00%,$0.00,$0.00,0,0.00%,$0.00,$0.00,,,,
Lees Corner Elementary,5/22/2025,60120,Asian Veggie Sub(sandwich),0,0,0,34,24,2,26,$49.14,8,23.53%,$15.12,$64.26,0,0.00%,$0.00,$64.26,,,,
Lees Corner Elementary,5/22/2025,60122,Asian Meatball Sub(sandwich),31,0,31,29,18,0,18,$32.04,0,0.00%,$0.00,$32.04,11,37.93%,$19.58,$51.62,,,,
Lees Corner Elementary,5/22/2025,60168,Triple Berry Parfait Power Pack(Power Pack),0,0,0,7,7,0,7,$9.24,0,0.00%,$0.00,$9.24,0,0.00%,$0.00,$9.24,,,,
Lemon Road Elementary,5/22/2025,10015,Baked Cheese Sticks(2 Cheese Sticks),0,0,0,24,24,0,24,$15.84,0,0.00%,$0.00,$15.84,0,0.00%,$0.00,$15.84,,,,
Lemon Road Elementary,5/22/2025,10033,Chocolate Chip Cookie(1/2 Cookie),0,0,0,135,135,0,135,$18.90,0,0.00%,$0.00,$18.90,0,0.00%,$0.00,$18.90,,,,
Lemon Road Elementary,5/22/2025,10044,Soft Pretzel(1 pretzel),11,0,11,4,4,0,4,$0.88,0,0.00%,$0.00,$0.88,0,0.00%,$0.00,$0.88,,,,
Lemon Road Elementary,5/22/2025,20001,1% White Milk(Each),37,0,37,80,38,0,38,$13.68,0,0.00%,$0.00,$13.68,42,52.50%,$15.12,$28.80,,,,
Lemon Road Elementary,5/22/2025,20002,Fat Free Chocolate Milk(Each),143,0,143,191,140,0,140,$49.00,0,0.00%,$0.00,$49.00,51,26.70%,$17.85,$66.85,,,,
Lemon Road Elementary,5/22/2025,20008,Apple Slices(3 slices per 1/4 cup),0,0,0,221,180,0,180,$106.20,0,0.00%,$0.00,$106.20,41,18.55%,$24.19,$130.39,,,,
Lemon Road Elementary,5/22/2025,20017,Orange(1/4 cup),0,0,0,184,149,0,149,$25.33,0,0.00%,$0.00,$25.33,35,19.02%,$5.95,$31.28,,,,
Lemon Road Elementary,5/22/2025,20023,Baby Carrots(3 baby carrots per 1/4 cup),0,0,0,90,88,0,88,$7.92,0,0.00%,$0.00,$7.92,2,2.22%,$0.18,$8.10,,,,
Lemon Road Elementary,5/22/2025,20028,Lettuce Blend Salad Mix(1 cup),3,0,3,5,5,0,5,$0.80,0,0.00%,$0.00,$0.80,0,0.00%,$0.00,$0.80,,,,
Lemon Road Elementary,5/22/2025,20028,Lettuce Blend Salad Mix(1/2 cup),116,0,116,120,115,0,115,$9.20,0,0.00%,$0.00,$9.20,5,4.17%,$0.40,$9.60,,,,
Lemon Road Elementary,5/22/2025,20038,Fat Free White Milk(Each),4,0,4,33,2,0,2,$0.66,0,0.00%,$0.00,$0.66,31,93.94%,$10.23,$10.89,,,,
Lemon Road Elementary,5/22/2025,20052,Assorted  4 oz Yogurt(Container),0,0,0,1,1,0,1,$0.00,0,0.00%,$0.00,$0.00,0,0.00%,$0.00,$0.00,,,,
Lemon Road Elementary,5/22/2025,30008,Apple Juice(Each),0,0,0,6,6,0,6,$1.02,0,0.00%,$0.00,$1.02,0,0.00%,$0.00,$1.02,,,,
Lemon Road Elementary,5/22/2025,30077,Italian Dressing(1 ounce),18,0,18,48,28,0,28,$2.24,0,0.00%,$0.00,$2.24,20,41.67%,$1.60,$3.84,,,,
Lemon Road Elementary,5/22/2025,30094,Doritos Wild White Nacho Flavored Tortilla Chips(Bag),0,0,0,42,42,0,42,$14.70,0,0.00%,$0.00,$14.70,0,0.00%,$0.00,$14.70,,,,
Lemon Road Elementary,5/22/2025,30097,Bottled Water(Bottle),0,0,0,3,3,0,3,$0.48,0,0.00%,$0.00,$0.48,0,0.00%,$0.00,$0.48,,,,
Lemon Road Elementary,5/22/2025,30099,Chickpeas(1/4 cup),10,0,10,25,10,0,10,$0.90,0,0.00%,$0.00,$0.90,15,60.00%,$1.35,$2.25,,,,
Lemon Road Elementary,5/22/2025,30107,Ranch Dressing(1 ounce),91,0,91,101,81,0,81,$8.91,0,0.00%,$0.00,$8.91,20,19.80%,$2.20,$11.11,,,,
Lemon Road Elementary,5/22/2025,60007,Cheeseburger(Sandwich),0,0,0,38,38,0,38,$27.74,0,0.00%,$0.00,$27.74,0,0.00%,$0.00,$27.74,,,,
Lemon Road Elementary,5/22/2025,60035,PB&J Power Pack(Power Packs),31,0,31,58,57,0,57,$61.56,0,0.00%,$0.00,$61.56,1,1.72%,$1.08,$62.64,,,,
Lemon Road Elementary,5/22/2025,60037,Strawberry & Banana Yogurt Power Pack(Power Packs),1,0,1,1,1,0,1,$0.80,0,0.00%,$0.00,$0.80,0,0.00%,$0.00,$0.80,,,,
Lemon Road Elementary,5/22/2025,60038,Peach Yogurt Power Pack(Power Packs),7,0,7,20,9,0,9,$7.20,1,5.00%,$0.80,$8.00,10,50.00%,$8.00,$16.00,,,,
Lemon Road Elementary,5/22/2025,60054,Steamed Broccoli(1/2 cup),43,0,43,90,50,0,50,$7.50,0,0.00%,$0.00,$7.50,40,44.44%,$6.00,$13.50,,,,
Lemon Road Elementary,5/22/2025,60101,Chickpeas - salad bar entree(1/2 cup),0,0,0,1,1,0,1,$0.18,0,0.00%,$0.00,$0.18,0,0.00%,$0.00,$0.18,,,,
Lemon Road Elementary,5/22/2025,60120,Asian Veggie Sub(sandwich),61,0,61,97,95,0,95,$179.55,2,2.06%,$3.78,$183.33,0,0.00%,$0.00,$183.33,,,,
Lemon Road Elementary,5/22/2025,60122,Asian Meatball Sub(sandwich),27,0,27,54,48,4,52,$92.56,2,3.70%,$3.56,$96.12,0,0.00%,$0.00,$96.12,,,,
Lewis High,5/22/2025,10015,Baked Cheese Sticks(2 Cheese Sticks),313,0,313,115,114,0,114,$75.24,0,0.00%,$0.00,$75.24,1,0.87%,$0.66,$75.90,,,,
Lewis High,5/22/2025,10026,Chickenless Bites(4 Bites),0,0,0,300,291,0,291,$212.43,0,0.00%,$0.00,$212.43,9,3.00%,$6.57,$219.00,,,,
Lewis High,5/22/2025,10033,Chocolate Chip Cookie(Cookie),145,0,145,145,145,0,145,$39.15,0,0.00%,$0.00,$39.15,0,0.00%,$0.00,$39.15,,,,
Lewis High,5/22/2025,10042,"Pasta, Lasagna Roll-Up, Cheese(Each)",0,0,0,56,56,0,56,$47.04,0,0.00%,$0.00,$47.04,0,0.00%,$0.00,$47.04,,,,
Lewis High,5/22/2025,10049,"WG 10"" Flour Tortilla(Tortilla)",70,0,70,50,47,0,47,$16.45,0,0.00%,$0.00,$16.45,3,6.00%,$1.05,$17.50,,,,
Lewis High,5/22/2025,10062,Corn(1/4 cup (thawed)),230,0,230,350,325,0,325,$35.75,0,0.00%,$0.00,$35.75,25,7.14%,$2.75,$38.50,,,,
Lewis High,5/22/2025,10062,Corn(2 Tablespoons (thawed)),63,0,63,80,70,0,70,$3.50,0,0.00%,$0.00,$3.50,10,12.50%,$0.50,$4.00,,,,
Lewis High,5/22/2025,10075,Cheese Pizza(Slice),0,0,0,15,15,0,15,$8.55,0,0.00%,$0.00,$8.55,0,0.00%,$0.00,$8.55,,,,
Lewis High,5/22/2025,20001,1% White Milk(Each),65,0,65,115,55,0,55,$19.80,0,0.00%,$0.00,$19.80,60,52.17%,$21.60,$41.40,,,,
Lewis High,5/22/2025,20002,Fat Free Chocolate Milk(Each),320,0,320,350,325,0,325,$113.75,0,0.00%,$0.00,$113.75,25,7.14%,$8.75,$122.50,,,,
Lewis High,5/22/2025,20006,"Cheese, Shredded, Cheddar(1/4 cup)",93,0,93,100,95,0,95,$16.15,0,0.00%,$0.00,$16.15,5,5.00%,$0.85,$17.00,,,,
Lewis High,5/22/2025,20014,Red Delicious Apple(Each - serving),0,0,0,398,273,0,273,$90.09,0,0.00%,$0.00,$90.09,125,31.41%,$41.25,$131.34,,,,
Lewis High,5/22/2025,20028,Lettuce Blend Salad Mix(1/2 cup),463,0,463,800,778,0,778,$62.24,0,0.00%,$0.00,$62.24,22,2.75%,$1.76,$64.00,,,,
Lewis High,5/22/2025,20031,Banana(Each),198,0,198,330,330,0,330,$69.30,0,0.00%,$0.00,$69.30,0,0.00%,$0.00,$69.30,,,,
Lewis High,5/22/2025,20035,"Onions, Red, Whole(2 Tablespoons (sliced))",45,0,45,50,40,0,40,$1.20,0,0.00%,$0.00,$1.20,10,20.00%,$0.30,$1.50,,,,
Lewis High,5/22/2025,20038,Fat Free White Milk(Each),87,0,87,65,41,0,41,$13.53,0,0.00%,$0.00,$13.53,24,36.92%,$7.92,$21.45,,,,
Lewis High,5/22/2025,20047,Orange Slices(3 slices per 1/4 cup),0,0,0,780,737,0,737,$147.40,0,0.00%,$0.00,$147.40,43,5.51%,$8.60,$156.00,,,,
Lewis High,5/22/2025,30014,Whole Wheat Dinner Roll(2 rolls),0,0,0,325,316,0,316,$88.48,0,0.00%,$0.00,$88.48,9,2.77%,$2.52,$91.00,,,,
Lewis High,5/22/2025,30018,Marinara Sauce(1/4 Cup),143,0,143,115,114,0,114,$17.10,0,0.00%,$0.00,$17.10,1,0.87%,$0.15,$17.25,,,,
Lewis High,5/22/2025,30045,Watermelon Flavored Dried Cranberries(Each),270,0,270,330,298,0,298,$71.52,0,0.00%,$0.00,$71.52,32,9.70%,$7.68,$79.20,,,,
Lewis High,5/22/2025,30061,Chilled Mandarin Oranges(1/2 cup (drained)),0,0,0,80,70,0,70,$23.80,0,0.00%,$0.00,$23.80,10,12.50%,$3.40,$27.20,,,,
Lewis High,5/22/2025,30063,Ketchup Packet(Packet),871,0,871,800,795,0,795,$23.85,0,0.00%,$0.00,$23.85,5,0.63%,$0.15,$24.00,,,,
Lewis High,5/22/2025,30064,Mayonnaise Packet(Packet),485,0,485,550,526,0,526,$52.60,0,0.00%,$0.00,$52.60,24,4.36%,$2.40,$55.00,,,,
Lewis High,5/22/2025,30065,Mustard Packet(Packet),118,0,118,40,0,0,0,$0.00,0,0.00%,$0.00,$0.00,40,100.00%,$0.00,$0.00,,,,
Lewis High,5/22/2025,30077,Italian Dressing(1 ounce),99,0,99,70,44,0,44,$3.52,0,0.00%,$0.00,$3.52,26,37.14%,$2.08,$5.60,,,,
Lewis High,5/22/2025,30097,Bottled Water(Bottle),37,0,37,37,37,0,37,$5.92,0,0.00%,$0.00,$5.92,0,0.00%,$0.00,$5.92,,,,
Lewis High,5/22/2025,30107,Ranch Dressing(1 ounce),171,0,171,350,303,0,303,$33.33,0,0.00%,$0.00,$33.33,47,13.43%,$5.17,$38.50,,,,
Lewis High,5/22/2025,30109,Smartfood RF White Cheddar Popcorn(Each),5,0,5,5,5,0,5,$1.85,0,0.00%,$0.00,$1.85,0,0.00%,$0.00,$1.85,,,,
Lewis High,5/22/2025,30110,Doritos Flamas(Each),53,0,53,53,53,0,53,$19.61,0,0.00%,$0.00,$19.61,0,0.00%,$0.00,$19.61,,,,
Lewis High,5/22/2025,30111,Doritos RF Spicy Sweet Chili(Each),10,0,10,10,10,0,10,$3.70,0,0.00%,$0.00,$3.70,0,0.00%,$0.00,$3.70,,,,
Lewis High,5/22/2025,30112,Doritos RF Nacho Cheese(Each),11,0,11,11,11,0,11,$4.07,0,0.00%,$0.00,$4.07,0,0.00%,$0.00,$4.07,,,,
Lewis High,5/22/2025,30114,SS Baked Cheetos Flaming Hot(Each),20,0,20,20,20,0,20,$10.60,0,0.00%,$0.00,$10.60,0,0.00%,$0.00,$10.60,,,,
Lewis High,5/22/2025,30115,SS Baked Cheetos Flaming Limon(Each),6,0,6,6,6,0,6,$2.34,0,0.00%,$0.00,$2.34,0,0.00%,$0.00,$2.34,,,,
Lewis High,5/22/2025,30117,WG Baked Funyuns(Each),0,0,0,0,0,0,0,$0.00,0,0.00%,$0.00,$0.00,0,0.00%,$0.00,$0.00,,,,
Lewis High,5/22/2025,30118,Kettle Cooked Smoky BBQ Chips(Each),9,0,9,9,9,0,9,$5.40,0,0.00%,$0.00,$5.40,0,0.00%,$0.00,$5.40,,,,
Lewis High,5/22/2025,30119,RF Kettle Chips Jalapeno & Cheddar Chips(Each),51,0,51,51,51,0,51,$30.60,0,0.00%,$0.00,$30.60,0,0.00%,$0.00,$30.60,,,,
Lewis High,5/22/2025,30120,RF Kettle Chips Sea Salt & Vinegar Chips(Each),32,0,32,32,32,0,32,$19.20,0,0.00%,$0.00,$19.20,0,0.00%,$0.00,$19.20,,,,
Lewis High,5/22/2025,30121,Kellogg’s W/G Rice Krispies Treats(Each),2,0,2,2,2,0,2,$1.48,0,0.00%,$0.00,$1.48,0,0.00%,$0.00,$1.48,,,,
Lewis High,5/22/2025,30122,WG Chocolate Chip Rice Krispy Treats(Each),15,0,15,15,15,0,15,$9.00,0,0.00%,$0.00,$9.00,0,0.00%,$0.00,$9.00,,,,
Lewis High,5/22/2025,30124,"Fruit Snacks, Welch's Mixed(Each)",7,0,7,7,7,0,7,$2.80,0,0.00%,$0.00,$2.80,0,0.00%,$0.00,$2.80,,,,
Lewis High,5/22/2025,30160,Lay's RF Kettle Original Chips(Each),19,0,19,19,19,0,19,$11.40,0,0.00%,$0.00,$11.40,0,0.00%,$0.00,$11.40,,,,
Lewis High,5/22/2025,60035,PB&J Power Pack(Power Packs),62,0,62,20,0,0,0,$0.00,0,0.00%,$0.00,$0.00,20,100.00%,$0.00,$0.00,,,,
Lewis High,5/22/2025,60037,Strawberry & Banana Yogurt Power Pack(Power Packs),6,0,6,20,0,0,0,$0.00,0,0.00%,$0.00,$0.00,20,100.00%,$0.00,$0.00,,,,
Lewis High,5/22/2025,60047,Chicken Tenders(3 tenders),0,0,0,25,25,0,25,$23.50,0,0.00%,$0.00,$23.50,0,0.00%,$0.00,$23.50,,,,
Lewis High,5/22/2025,60050,Chickenless Bites(2 Bites),28,0,28,50,47,0,47,$17.86,0,0.00%,$0.00,$17.86,3,6.00%,$1.14,$19.00,,,,
Lewis High,5/22/2025,60075,Spicy Chicken Wrap(Wrap),29,0,29,55,55,0,55,$64.35,0,0.00%,$0.00,$64.35,0,0.00%,$0.00,$64.35,,,,
Lewis High,5/22/2025,60077,Manager's Vegetable Choice(1/4 cup),387,0,387,430,405,0,405,$0.00,0,0.00%,$0.00,$0.00,25,5.81%,$0.00,$0.00,,,,
Lewis High,5/22/2025,60122,Asian Meatball Sub(sandwich),56,0,56,32,32,0,32,$56.96,0,0.00%,$0.00,$56.96,0,0.00%,$0.00,$56.96,,,,
Lewis High,5/22/2025,60171,"Pizza, Turkey Pepperoni, Slice(Slice)",0,0,0,166,166,0,166,$159.36,0,0.00%,$0.00,$159.36,0,0.00%,$0.00,$159.36,,,,
Liberty Middle,5/22/2025,10015,Baked Cheese Sticks(2 Cheese Sticks),250,0,250,192,175,17,192,$126.72,0,0.00%,$0.00,$126.72,0,0.00%,$0.00,$126.72,,,,
Liberty Middle,5/22/2025,10026,Chickenless Bites(4 Bites),50,0,50,93,78,0,78,$56.94,0,0.00%,$0.00,$56.94,15,16.13%,$10.95,$67.89,,,,
Liberty Middle,5/22/2025,10027,"Bread, Loco(flatbread)",50,0,50,93,78,0,78,$23.40,0,0.00%,$0.00,$23.40,15,16.13%,$4.50,$27.90,,,,
Liberty Middle,5/22/2025,10033,Chocolate Chip Cookie(Cookie),192,0,192,192,190,0,190,$51.30,0,0.00%,$0.00,$51.30,2,1.04%,$0.54,$51.84,,,,
Liberty Middle,5/22/2025,10044,Soft Pretzel(1 pretzel),5,0,5,6,3,0,3,$0.66,0,0.00%,$0.00,$0.66,3,50.00%,$0.66,$1.32,,,,
Liberty Middle,5/22/2025,20001,1% White Milk(Each),26,0,26,65,36,0,36,$12.96,0,0.00%,$0.00,$12.96,29,44.62%,$10.44,$23.40,,,,
Liberty Middle,5/22/2025,20002,Fat Free Chocolate Milk(Each),261,0,261,324,262,0,262,$91.70,0,0.00%,$0.00,$91.70,62,19.14%,$21.70,$113.40,,,,
Liberty Middle,5/22/2025,20028,Lettuce Blend Salad Mix(1/2 cup),347,0,347,400,400,0,400,$32.00,0,0.00%,$0.00,$32.00,0,0.00%,$0.00,$32.00,,,,
Liberty Middle,5/22/2025,20031,Banana(Each),94,0,94,205,205,0,205,$43.05,0,0.00%,$0.00,$43.05,0,0.00%,$0.00,$43.05,,,,
Liberty Middle,5/22/2025,20038,Fat Free White Milk(Each),14,0,14,69,9,0,9,$2.97,0,0.00%,$0.00,$2.97,60,86.96%,$19.80,$22.77,,,,
Liberty Middle,5/22/2025,20047,Orange Slices(3 slices per 1/4 cup),0,0,0,420,415,0,415,$83.00,0,0.00%,$0.00,$83.00,5,1.19%,$1.00,$84.00,,,,
Liberty Middle,5/22/2025,20080,"Carrots, Shredded(Cup)",0,0,0,120,120,0,120,$39.60,0,0.00%,$0.00,$39.60,0,0.00%,$0.00,$39.60,,,,
Liberty Middle,5/22/2025,30008,Apple Juice(Each),10,0,10,10,8,0,8,$1.36,0,0.00%,$0.00,$1.36,2,20.00%,$0.34,$1.70,,,,
Liberty Middle,5/22/2025,30009,Orange Tangerine Juice(Each),10,0,10,10,8,0,8,$1.36,0,0.00%,$0.00,$1.36,2,20.00%,$0.34,$1.70,,,,
Liberty Middle,5/22/2025,30018,Marinara Sauce(1/4 Cup),250,0,250,192,175,17,192,$28.80,0,0.00%,$0.00,$28.80,0,0.00%,$0.00,$28.80,,,,
Liberty Middle,5/22/2025,30033,Cheez-Its Crackers(Package),10,0,10,10,8,0,8,$1.44,0,0.00%,$0.00,$1.44,2,20.00%,$0.36,$1.80,,,,
Liberty Middle,5/22/2025,30043,Raspberry Lemonade Flavored Dried Cranberries(Each),80,0,80,100,98,0,98,$23.52,0,0.00%,$0.00,$23.52,2,2.00%,$0.48,$24.00,,,,
Liberty Middle,5/22/2025,30063,Ketchup Packet(Packet),474,0,474,450,400,0,400,$12.00,0,0.00%,$0.00,$12.00,50,11.11%,$1.50,$13.50,,,,
Liberty Middle,5/22/2025,30065,Mustard Packet(Packet),18,0,18,30,16,0,16,$0.80,0,0.00%,$0.00,$0.80,14,46.67%,$0.70,$1.50,,,,
Liberty Middle,5/22/2025,30077,Italian Dressing(1 ounce),20,0,20,30,24,0,24,$1.92,0,0.00%,$0.00,$1.92,6,20.00%,$0.48,$2.40,,,,
Liberty Middle,5/22/2025,30078,"Sauce, BBQ, HFCS-Free, Bulk, Low-Sodium(2 TBSP)",0,0,0,72,48,0,48,$4.80,0,0.00%,$0.00,$4.80,24,33.33%,$2.40,$7.20,,,,
Liberty Middle,5/22/2025,30097,Bottled Water(Bottle),50,0,50,50,40,0,40,$6.40,0,0.00%,$0.00,$6.40,10,20.00%,$1.60,$8.00,,,,
Liberty Middle,5/22/2025,30107,Ranch Dressing(1 ounce),128,0,128,144,144,0,144,$15.84,0,0.00%,$0.00,$15.84,0,0.00%,$0.00,$15.84,,,,
Liberty Middle,5/22/2025,30110,Doritos Flamas(Each),44,0,44,44,43,0,43,$15.91,0,0.00%,$0.00,$15.91,1,2.27%,$0.37,$16.28,,,,
Liberty Middle,5/22/2025,30124,"Fruit Snacks, Welch's Mixed(Each)",12,0,12,9,9,0,9,$3.60,0,0.00%,$0.00,$3.60,0,0.00%,$0.00,$3.60,,,,
Liberty Middle,5/22/2025,30160,Lay's RF Kettle Original Chips(Each),35,0,35,38,30,0,30,$18.00,1,2.63%,$0.60,$18.60,7,18.42%,$4.20,$22.80,,,,
Liberty Middle,5/22/2025,60035,PB&J Power Pack(Power Packs),56,0,56,89,87,2,89,$96.12,0,0.00%,$0.00,$96.12,0,0.00%,$0.00,$96.12,,,,
Liberty Middle,5/22/2025,60038,Peach Yogurt Power Pack(Power Packs),4,0,4,6,2,0,2,$1.60,0,0.00%,$0.00,$1.60,4,66.67%,$3.20,$4.80,,,,
Liberty Middle,5/22/2025,60072,Spicy Breaded Chicken Patty on Bun(Sandwich),0,0,0,125,121,4,125,$93.75,0,0.00%,$0.00,$93.75,0,0.00%,$0.00,$93.75,,,,
Liberty Middle,5/22/2025,60075,Spicy Chicken Wrap(Wrap),15,0,15,2,2,0,2,$2.34,0,0.00%,$0.00,$2.34,0,0.00%,$0.00,$2.34,,,,
Liberty Middle,5/22/2025,60077,Manager's Vegetable Choice(1/4 cup),199,0,199,260,257,0,257,$0.00,0,0.00%,$0.00,$0.00,3,1.15%,$0.00,$0.00,,,,
Liberty Middle,5/22/2025,60100,Black Beans - salad bar entree(1/2 cup),27,0,27,32,28,0,28,$4.76,0,0.00%,$0.00,$4.76,4,12.50%,$0.68,$5.44,,,,
Liberty Middle,5/22/2025,60120,Asian Veggie Sub(sandwich),60,0,60,10,9,1,10,$18.90,0,0.00%,$0.00,$18.90,0,0.00%,$0.00,$18.90,,,,
Liberty Middle,5/22/2025,60122,Asian Meatball Sub(sandwich),85,0,85,80,40,11,51,$90.78,0,0.00%,$0.00,$90.78,29,36.25%,$51.62,$142.40,,,,
Liberty Middle,5/22/2025,60150,Strawberry Parfait Power Pack(Power Pack),0,0,0,3,2,1,3,$4.89,0,0.00%,$0.00,$4.89,0,0.00%,$0.00,$4.89,,,,
Little Run Elementary,5/22/2025,10044,Soft Pretzel(1 pretzel),20,0,20,18,7,8,15,$3.30,1,5.56%,$0.22,$3.52,2,11.11%,$0.44,$3.96,,,,
Little Run Elementary,5/22/2025,20001,1% White Milk(Each),19,0,19,34,32,0,32,$11.52,0,0.00%,$0.00,$11.52,2,5.88%,$0.72,$12.24,,,,
Little Run Elementary,5/22/2025,20002,Fat Free Chocolate Milk(Each),84,0,84,100,86,4,90,$31.50,0,0.00%,$0.00,$31.50,10,10.00%,$3.50,$35.00,,,,
Little Run Elementary,5/22/2025,20016,String Cheese(Each),2,0,2,2,0,1,1,$0.00,0,0.00%,$0.00,$0.00,1,50.00%,$0.00,$0.00,,,,
Little Run Elementary,5/22/2025,20028,Lettuce Blend Salad Mix(1 cup),12,0,12,12,12,0,12,$1.92,0,0.00%,$0.00,$1.92,0,0.00%,$0.00,$1.92,,,,
Little Run Elementary,5/22/2025,20028,Lettuce Blend Salad Mix(1/2 cup),60,0,60,60,58,0,58,$4.64,0,0.00%,$0.00,$4.64,2,3.33%,$0.16,$4.80,,,,
Little Run Elementary,5/22/2025,20031,Banana(Each),87,0,87,82,65,0,65,$13.65,0,0.00%,$0.00,$13.65,17,20.73%,$3.57,$17.22,,,,
Little Run Elementary,5/22/2025,20038,Fat Free White Milk(Each),11,0,11,20,4,0,4,$1.32,0,0.00%,$0.00,$1.32,16,80.00%,$5.28,$6.60,,,,
Little Run Elementary,5/22/2025,20047,Orange Slices(3 slices per 1/4 cup),0,0,0,65,59,0,59,$11.80,0,0.00%,$0.00,$11.80,6,9.23%,$1.20,$13.00,,,,
Little Run Elementary,5/22/2025,30008,Apple Juice(Each),30,0,30,39,0,39,39,$0.00,0,0.00%,$0.00,$0.00,0,0.00%,$0.00,$0.00,,,,
Little Run Elementary,5/22/2025,30030,Cheddar Chex Mix(Package),0,0,0,10,0,7,7,$0.00,0,0.00%,$0.00,$0.00,3,30.00%,$0.00,$0.00,,,,
Little Run Elementary,5/22/2025,30044,Strawberry Flavored Dried Cranberries(2 Eaches),0,0,0,40,34,0,34,$16.32,0,0.00%,$0.00,$16.32,6,15.00%,$2.88,$19.20,,,,
Little Run Elementary,5/22/2025,30077,Italian Dressing(1 ounce),17,0,17,27,17,0,17,$1.36,0,0.00%,$0.00,$1.36,10,37.04%,$0.80,$2.16,,,,
Little Run Elementary,5/22/2025,30094,Doritos Wild White Nacho Flavored Tortilla Chips(Bag),50,0,50,25,0,25,25,$0.00,0,0.00%,$0.00,$0.00,0,0.00%,$0.00,$0.00,,,,
Little Run Elementary,5/22/2025,30097,Bottled Water(Bottle),12,0,12,12,0,9,9,$0.00,0,0.00%,$0.00,$0.00,3,25.00%,$0.00,$0.00,,,,
Little Run Elementary,5/22/2025,30099,Chickpeas(1/4 cup),9,0,9,20,12,0,12,$1.08,0,0.00%,$0.00,$1.08,8,40.00%,$0.72,$1.80,,,,
Little Run Elementary,5/22/2025,30107,Ranch Dressing(1 ounce),26,0,26,36,26,0,26,$2.86,0,0.00%,$0.00,$2.86,10,27.78%,$1.10,$3.96,,,,
Little Run Elementary,5/22/2025,30158,Black Beans(1/2 Cup),5,0,5,2,0,1,1,$0.00,0,0.00%,$0.00,$0.00,1,50.00%,$0.00,$0.00,,,,
Little Run Elementary,5/22/2025,60035,PB&J Power Pack(Power Packs),60,0,60,50,32,2,34,$36.72,0,0.00%,$0.00,$36.72,16,32.00%,$17.28,$54.00,,,,
Little Run Elementary,5/22/2025,60037,Strawberry & Banana Yogurt Power Pack(Power Packs),36,0,36,24,11,0,11,$8.80,0,0.00%,$0.00,$8.80,13,54.17%,$10.40,$19.20,,,,
Little Run Elementary,5/22/2025,60054,Steamed Broccoli(1/2 cup),55,0,55,45,41,0,41,$6.15,0,0.00%,$0.00,$6.15,4,8.89%,$0.60,$6.75,,,,
Little Run Elementary,5/22/2025,60055,Orange Chicken(4 Bites w/ 1oz sauce),0,0,0,18,15,3,18,$17.10,0,0.00%,$0.00,$17.10,0,0.00%,$0.00,$17.10,,,,
Little Run Elementary,5/22/2025,60077,Manager's Vegetable Choice(1/4 cup),50,0,50,48,43,0,43,$0.00,0,0.00%,$0.00,$0.00,5,10.42%,$0.00,$0.00,,,,
Little Run Elementary,5/22/2025,60120,Asian Veggie Sub(sandwich),66,0,66,96,66,12,78,$147.42,18,18.75%,$34.02,$181.44,0,0.00%,$0.00,$181.44,,,,
Little Run Elementary,5/22/2025,60121,"Sauce, Spicy Mayo(tbsp)",0,0,0,50,28,2,30,$2.70,0,0.00%,$0.00,$2.70,20,40.00%,$1.80,$4.50,,,,
Little Run Elementary,5/22/2025,60999,Fish Tacos(2 Tacos),0,0,0,35,31,3,34,$34.34,1,2.86%,$1.01,$35.35,0,0.00%,$0.00,$35.35,,,,
London Towne Elementary,5/22/2025,10033,Chocolate Chip Cookie(1/2 Cookie),0,0,0,54,0,53,53,$0.00,1,1.85%,$0.00,$0.00,0,0.00%,$0.00,$0.00,,,,
London Towne Elementary,5/22/2025,10044,Soft Pretzel(1 pretzel),1,0,1,4,2,2,4,$0.88,0,0.00%,$0.00,$0.88,0,0.00%,$0.00,$0.88,,,,
London Towne Elementary,5/22/2025,20001,1% White Milk(Each),85,0,85,86,76,0,76,$27.36,0,0.00%,$0.00,$27.36,10,11.63%,$3.60,$30.96,,,,
London Towne Elementary,5/22/2025,20002,Fat Free Chocolate Milk(Each),257,0,257,287,225,0,225,$78.75,0,0.00%,$0.00,$78.75,62,21.60%,$21.70,$100.45,,,,
London Towne Elementary,5/22/2025,20008,Apple Slices(3 slices per 1/4 cup),900,0,900,307,249,0,249,$146.91,0,0.00%,$0.00,$146.91,58,18.89%,$34.22,$181.13,,,,
London Towne Elementary,5/22/2025,20017,Orange(1/4 cup),300,0,300,289,287,0,287,$48.79,2,0.69%,$0.34,$49.13,0,0.00%,$0.00,$49.13,,,,
London Towne Elementary,5/22/2025,20023,Baby Carrots(3 baby carrots per 1/4 cup),0,0,0,192,168,0,168,$15.12,0,0.00%,$0.00,$15.12,24,12.50%,$2.16,$17.28,,,,
London Towne Elementary,5/22/2025,20027,Broccoli Florets(1/4 cup),0,0,0,42,40,0,40,$3.20,2,4.76%,$0.16,$3.36,0,0.00%,$0.00,$3.36,,,,
London Towne Elementary,5/22/2025,20028,Lettuce Blend Salad Mix(1 cup),40,0,40,40,40,0,40,$6.40,0,0.00%,$0.00,$6.40,0,0.00%,$0.00,$6.40,,,,
London Towne Elementary,5/22/2025,20028,Lettuce Blend Salad Mix(1/2 cup),151,0,151,150,144,0,144,$11.52,6,4.00%,$0.48,$12.00,0,0.00%,$0.00,$12.00,,,,
London Towne Elementary,5/22/2025,20031,Banana(Each),275,0,275,320,308,0,308,$64.68,0,0.00%,$0.00,$64.68,12,3.75%,$2.52,$67.20,,,,
London Towne Elementary,5/22/2025,20036,Celery Sticks(1/2 cup),0,0,0,96,93,0,93,$51.15,3,3.13%,$1.65,$52.80,0,0.00%,$0.00,$52.80,,,,
London Towne Elementary,5/22/2025,20038,Fat Free White Milk(Each),10,0,10,10,3,0,3,$0.99,0,0.00%,$0.00,$0.99,7,70.00%,$2.31,$3.30,,,,
London Towne Elementary,5/22/2025,30033,Cheez-Its Crackers(Package),0,0,0,2,0,2,2,$0.00,0,0.00%,$0.00,$0.00,0,0.00%,$0.00,$0.00,,,,
London Towne Elementary,5/22/2025,30034,Graham Crackers(Package),34,0,34,32,32,0,32,$4.48,0,0.00%,$0.00,$4.48,0,0.00%,$0.00,$4.48,,,,
London Towne Elementary,5/22/2025,30037,IW Applesauce Cup(Each),34,0,34,17,17,0,17,$4.59,0,0.00%,$0.00,$4.59,0,0.00%,$0.00,$4.59,,,,
London Towne Elementary,5/22/2025,30077,Italian Dressing(1 ounce),0,0,0,24,9,0,9,$0.72,0,0.00%,$0.00,$0.72,15,62.50%,$1.20,$1.92,,,,
London Towne Elementary,5/22/2025,30094,Doritos Wild White Nacho Flavored Tortilla Chips(Bag),0,0,0,16,0,16,16,$0.00,0,0.00%,$0.00,$0.00,0,0.00%,$0.00,$0.00,,,,
London Towne Elementary,5/22/2025,30097,Bottled Water(Bottle),0,0,0,3,0,3,3,$0.00,0,0.00%,$0.00,$0.00,0,0.00%,$0.00,$0.00,,,,
London Towne Elementary,5/22/2025,30107,Ranch Dressing(1 ounce),104,0,104,136,124,0,124,$13.64,0,0.00%,$0.00,$13.64,12,8.82%,$1.32,$14.96,,,,
London Towne Elementary,5/22/2025,30158,Black Beans(1/2 Cup),0,0,0,33,29,0,29,$4.93,4,12.12%,$0.68,$5.61,0,0.00%,$0.00,$5.61,,,,
London Towne Elementary,5/22/2025,30184,"Milk, Soy, Vanilla (24/8 oz)(each)",0,0,0,5,5,0,5,$5.10,0,0.00%,$0.00,$5.10,0,0.00%,$0.00,$5.10,,,,
London Towne Elementary,5/22/2025,60009,"Sandwich, Turkey & Cheese(sandwich)",0,0,0,3,3,0,3,$2.07,0,0.00%,$0.00,$2.07,0,0.00%,$0.00,$2.07,,,,
London Towne Elementary,5/22/2025,60017,Korean Chicken Drumstick(Drumstick),0,0,0,2,2,0,2,$2.34,0,0.00%,$0.00,$2.34,0,0.00%,$0.00,$2.34,,,,
London Towne Elementary,5/22/2025,60035,PB&J Power Pack(Power Packs),150,0,150,170,149,0,149,$160.92,1,0.59%,$1.08,$162.00,20,11.76%,$21.60,$183.60,,,,
London Towne Elementary,5/22/2025,60037,Strawberry & Banana Yogurt Power Pack(Power Packs),18,0,18,31,28,0,28,$22.40,0,0.00%,$0.00,$22.40,3,9.68%,$2.40,$24.80,,,,
London Towne Elementary,5/22/2025,60040,Grilled Cheese Sandwich(Sandwich),0,0,0,45,45,0,45,$18.90,0,0.00%,$0.00,$18.90,0,0.00%,$0.00,$18.90,,,,
London Towne Elementary,5/22/2025,60064,Vegetable Dumpling(6 dumplings),0,0,0,37,36,1,37,$0.00,0,0.00%,$0.00,$0.00,0,0.00%,$0.00,$0.00,,,,
London Towne Elementary,5/22/2025,60077,Manager's Vegetable Choice(1/4 cup),197,0,197,65,62,0,62,$0.00,3,4.62%,$0.00,$0.00,0,0.00%,$0.00,$0.00,,,,
London Towne Elementary,5/22/2025,60090,Assorted Craisins(Packet),0,0,0,40,33,0,33,$7.92,0,0.00%,$0.00,$7.92,7,17.50%,$1.68,$9.60,,,,
London Towne Elementary,5/22/2025,60100,Black Beans - salad bar entree(1/2 cup),0,0,0,2,1,1,2,$0.34,0,0.00%,$0.00,$0.34,0,0.00%,$0.00,$0.34,,,,
London Towne Elementary,5/22/2025,60120,Asian Veggie Sub(sandwich),154,0,154,102,95,3,98,$185.22,1,0.98%,$1.89,$187.11,3,2.94%,$5.67,$192.78,,,,
London Towne Elementary,5/22/2025,60122,Asian Meatball Sub(sandwich),131,0,131,92,82,6,88,$156.64,2,2.17%,$3.56,$160.20,2,2.17%,$3.56,$163.76,,,,
London Towne Elementary,5/22/2025,60168,Triple Berry Parfait Power Pack(Power Pack),0,0,0,1,1,0,1,$1.32,0,0.00%,$0.00,$1.32,0,0.00%,$0.00,$1.32,,,,
Longfellow Middle,5/22/2025,10013,"Patty, Chicken, Spicy, Breaded(2 strips)",0,0,0,48,15,2,17,$6.12,1,2.08%,$0.36,$6.48,30,62.50%,$10.80,$17.28,,,,
Longfellow Middle,5/22/2025,10026,Chickenless Bites(4 Bites),96,0,96,96,93,2,95,$69.35,1,1.04%,$0.73,$70.08,0,0.00%,$0.00,$70.08,,,,
Longfellow Middle,5/22/2025,10033,Chocolate Chip Cookie(Cookie),180,0,180,763,763,0,763,$206.01,0,0.00%,$0.00,$206.01,0,0.00%,$0.00,$206.01,,,,
Longfellow Middle,5/22/2025,10044,Soft Pretzel(1 pretzel),0,0,0,18,18,0,18,$3.96,0,0.00%,$0.00,$3.96,0,0.00%,$0.00,$3.96,,,,
Longfellow Middle,5/22/2025,10062,Corn(1/4 cup (thawed)),77,0,77,150,150,0,150,$16.50,0,0.00%,$0.00,$16.50,0,0.00%,$0.00,$16.50,,,,
Longfellow Middle,5/22/2025,20001,1% White Milk(Each),33,0,33,100,31,0,31,$11.16,0,0.00%,$0.00,$11.16,69,69.00%,$24.84,$36.00,,,,
Longfellow Middle,5/22/2025,20002,Fat Free Chocolate Milk(Each),274,0,274,304,272,0,272,$95.20,0,0.00%,$0.00,$95.20,32,10.53%,$11.20,$106.40,,,,
Longfellow Middle,5/22/2025,20028,Lettuce Blend Salad Mix(1/2 cup),142,0,142,142,142,0,142,$11.36,0,0.00%,$0.00,$11.36,0,0.00%,$0.00,$11.36,,,,
Longfellow Middle,5/22/2025,20031,Banana(Each),31,0,31,142,142,0,142,$29.82,0,0.00%,$0.00,$29.82,0,0.00%,$0.00,$29.82,,,,
Longfellow Middle,5/22/2025,20038,Fat Free White Milk(Each),27,0,27,100,28,0,28,$9.24,0,0.00%,$0.00,$9.24,72,72.00%,$23.76,$33.00,,,,
Longfellow Middle,5/22/2025,20047,Orange Slices(3 slices per 1/4 cup),0,0,0,142,142,0,142,$28.40,0,0.00%,$0.00,$28.40,0,0.00%,$0.00,$28.40,,,,
Longfellow Middle,5/22/2025,30008,Apple Juice(Each),20,0,20,9,9,0,9,$1.53,0,0.00%,$0.00,$1.53,0,0.00%,$0.00,$1.53,,,,
Longfellow Middle,5/22/2025,30009,Orange Tangerine Juice(Each),20,0,20,8,8,0,8,$1.36,0,0.00%,$0.00,$1.36,0,0.00%,$0.00,$1.36,,,,
Longfellow Middle,5/22/2025,30014,Whole Wheat Dinner Roll(2 rolls),0,0,0,106,103,2,105,$29.40,1,0.94%,$0.28,$29.68,0,0.00%,$0.00,$29.68,,,,
Longfellow Middle,5/22/2025,30044,Strawberry Flavored Dried Cranberries(Each),70,0,70,120,110,0,110,$26.40,0,0.00%,$0.00,$26.40,10,8.33%,$2.40,$28.80,,,,
Longfellow Middle,5/22/2025,30045,Watermelon Flavored Dried Cranberries(Each),54,0,54,120,100,0,100,$24.00,0,0.00%,$0.00,$24.00,20,16.67%,$4.80,$28.80,,,,
Longfellow Middle,5/22/2025,30063,Ketchup Packet(Packet),587,0,587,600,588,0,588,$17.64,0,0.00%,$0.00,$17.64,12,2.00%,$0.36,$18.00,,,,
Longfellow Middle,5/22/2025,30064,Mayonnaise Packet(Packet),82,0,82,100,80,0,80,$8.00,0,0.00%,$0.00,$8.00,20,20.00%,$2.00,$10.00,,,,
Longfellow Middle,5/22/2025,30065,Mustard Packet(Packet),75,0,75,100,80,0,80,$4.00,0,0.00%,$0.00,$4.00,20,20.00%,$1.00,$5.00,,,,
Longfellow Middle,5/22/2025,30077,Italian Dressing(1 ounce),54,0,54,50,40,0,40,$3.20,0,0.00%,$0.00,$3.20,10,20.00%,$0.80,$4.00,,,,
Longfellow Middle,5/22/2025,30097,Bottled Water(Bottle),160,0,160,158,158,0,158,$25.28,0,0.00%,$0.00,$25.28,0,0.00%,$0.00,$25.28,,,,
Longfellow Middle,5/22/2025,30107,Ranch Dressing(1 ounce),86,0,86,96,86,0,86,$9.46,0,0.00%,$0.00,$9.46,10,10.42%,$1.10,$10.56,,,,
Longfellow Middle,5/22/2025,60020,"Quesadilla, Turkey Barbacoa and Cheese(Quesadilla)",0,0,0,84,83,0,83,$101.26,1,1.19%,$1.22,$102.48,0,0.00%,$0.00,$102.48,,,,
Longfellow Middle,5/22/2025,60032,Blueberry Parfait(Parfait),0,0,0,20,20,0,20,$21.80,0,0.00%,$0.00,$21.80,0,0.00%,$0.00,$21.80,,,,
Longfellow Middle,5/22/2025,60035,PB&J Power Pack(Power Packs),88,0,88,102,102,0,102,$110.16,0,0.00%,$0.00,$110.16,0,0.00%,$0.00,$110.16,,,,
Longfellow Middle,5/22/2025,60037,Strawberry & Banana Yogurt Power Pack(Power Packs),3,0,3,4,4,0,4,$3.20,0,0.00%,$0.00,$3.20,0,0.00%,$0.00,$3.20,,,,
Longfellow Middle,5/22/2025,60038,Peach Yogurt Power Pack(Power Packs),3,0,3,5,5,0,5,$4.00,0,0.00%,$0.00,$4.00,0,0.00%,$0.00,$4.00,,,,
Longfellow Middle,5/22/2025,60039,Pasta with Meat Sauce(serving),0,0,0,220,219,0,219,$234.33,1,0.45%,$1.07,$235.40,0,0.00%,$0.00,$235.40,,,,
Longfellow Middle,5/22/2025,60040,Grilled Cheese Sandwich(Sandwich),0,0,0,48,45,2,47,$19.74,1,2.08%,$0.42,$20.16,0,0.00%,$0.00,$20.16,,,,
Longfellow Middle,5/22/2025,60047,Chicken Tenders(3 tenders),0,0,0,12,12,0,12,$11.28,0,0.00%,$0.00,$11.28,0,0.00%,$0.00,$11.28,,,,
Longfellow Middle,5/22/2025,60075,Spicy Chicken Wrap(Wrap),24,0,24,24,22,2,24,$28.08,0,0.00%,$0.00,$28.08,0,0.00%,$0.00,$28.08,,,,
Longfellow Middle,5/22/2025,60077,Manager's Vegetable Choice(1/4 cup),120,0,120,120,120,0,120,$0.00,0,0.00%,$0.00,$0.00,0,0.00%,$0.00,$0.00,,,,
Longfellow Middle,5/22/2025,60100,Black Beans - salad bar entree(1/2 cup),20,0,20,24,24,0,24,$4.08,0,0.00%,$0.00,$4.08,0,0.00%,$0.00,$4.08,,,,
Lorton Station Elementary,5/22/2025,10033,Chocolate Chip Cookie(Cookie),48,0,48,52,50,0,50,$13.50,0,0.00%,$0.00,$13.50,2,3.85%,$0.54,$14.04,,,,
Lorton Station Elementary,5/22/2025,10044,Soft Pretzel(1 pretzel),10,0,10,8,8,0,8,$1.76,0,0.00%,$0.00,$1.76,0,0.00%,$0.00,$1.76,,,,
Lorton Station Elementary,5/22/2025,10062,Corn(1/4 cup (thawed)),100,0,100,50,45,5,50,$5.50,0,0.00%,$0.00,$5.50,0,0.00%,$0.00,$5.50,,,,
Lorton Station Elementary,5/22/2025,20001,1% White Milk(Each),82,2,84,82,70,2,72,$25.92,0,0.00%,$0.00,$25.92,10,12.20%,$3.60,$29.52,,,,
Lorton Station Elementary,5/22/2025,20002,Fat Free Chocolate Milk(Each),250,0,250,220,211,0,211,$73.85,0,0.00%,$0.00,$73.85,9,4.09%,$3.15,$77.00,,,,
Lorton Station Elementary,5/22/2025,20014,Red Delicious Apple(Each - serving),0,0,0,250,245,0,245,$80.85,0,0.00%,$0.00,$80.85,5,2.00%,$1.65,$82.50,,,,
Lorton Station Elementary,5/22/2025,20017,Orange(1/4 cup),0,0,0,32,30,2,32,$5.44,0,0.00%,$0.00,$5.44,0,0.00%,$0.00,$5.44,,,,
Lorton Station Elementary,5/22/2025,20018,Red Seedless Grapes(16 grapes per 1/2 cup),0,0,0,150,145,5,150,$76.50,0,0.00%,$0.00,$76.50,0,0.00%,$0.00,$76.50,,,,
Lorton Station Elementary,5/22/2025,20028,Lettuce Blend Salad Mix(1 cup),32,2,34,32,30,2,32,$5.12,0,0.00%,$0.00,$5.12,0,0.00%,$0.00,$5.12,,,,
Lorton Station Elementary,5/22/2025,20028,Lettuce Blend Salad Mix(1/2 cup),80,0,80,80,75,5,80,$6.40,0,0.00%,$0.00,$6.40,0,0.00%,$0.00,$6.40,,,,
Lorton Station Elementary,5/22/2025,20038,Fat Free White Milk(Each),20,0,20,28,16,0,16,$5.28,0,0.00%,$0.00,$5.28,12,42.86%,$3.96,$9.24,,,,
Lorton Station Elementary,5/22/2025,30034,Graham Crackers(Package),32,0,32,30,30,0,30,$4.20,0,0.00%,$0.00,$4.20,0,0.00%,$0.00,$4.20,,,,
Lorton Station Elementary,5/22/2025,30037,IW Applesauce Cup(Each),32,0,32,30,30,0,30,$8.10,0,0.00%,$0.00,$8.10,0,0.00%,$0.00,$8.10,,,,
Lorton Station Elementary,5/22/2025,30041,Orange Flavored Dried Cranberries(2 Eaches),60,0,60,60,50,5,55,$26.40,0,0.00%,$0.00,$26.40,5,8.33%,$2.40,$28.80,,,,
Lorton Station Elementary,5/22/2025,30077,Italian Dressing(1 ounce),82,2,84,82,80,2,82,$6.56,0,0.00%,$0.00,$6.56,0,0.00%,$0.00,$6.56,,,,
Lorton Station Elementary,5/22/2025,30094,Doritos Wild White Nacho Flavored Tortilla Chips(Bag),12,0,12,16,12,0,12,$4.20,0,0.00%,$0.00,$4.20,4,25.00%,$1.40,$5.60,,,,
Lorton Station Elementary,5/22/2025,30099,Chickpeas(1/4 cup),30,0,30,34,32,0,32,$2.88,0,0.00%,$0.00,$2.88,2,5.88%,$0.18,$3.06,,,,
Lorton Station Elementary,5/22/2025,30107,Ranch Dressing(1 ounce),50,0,50,50,50,0,50,$5.50,0,0.00%,$0.00,$5.50,0,0.00%,$0.00,$5.50,,,,
Lorton Station Elementary,5/22/2025,60035,PB&J Power Pack(Power Packs),144,0,144,130,127,0,127,$137.16,0,0.00%,$0.00,$137.16,3,2.31%,$3.24,$140.40,,,,
Lorton Station Elementary,5/22/2025,60036,Cherry Vanilla Yogurt Power Pack(Power Packs),12,0,12,20,18,0,18,$14.40,0,0.00%,$0.00,$14.40,2,10.00%,$1.60,$16.00,,,,
Lorton Station Elementary,5/22/2025,60054,Steamed Broccoli(1/2 cup),63,0,63,63,60,0,60,$9.00,0,0.00%,$0.00,$9.00,3,4.76%,$0.45,$9.45,,,,
Lorton Station Elementary,5/22/2025,60077,Manager's Vegetable Choice(1/4 cup),50,0,50,100,100,0,100,$0.00,0,0.00%,$0.00,$0.00,0,0.00%,$0.00,$0.00,,,,
Lorton Station Elementary,5/22/2025,60100,Black Beans - salad bar entree(1/2 cup),0,0,0,8,8,0,8,$1.36,0,0.00%,$0.00,$1.36,0,0.00%,$0.00,$1.36,,,,
Lorton Station Elementary,5/22/2025,60120,Asian Veggie Sub(sandwich),222,0,222,217,211,3,214,$404.46,1,0.46%,$1.89,$406.35,2,0.92%,$3.78,$410.13,,,,
Lorton Station Elementary,5/22/2025,60122,Asian Meatball Sub(sandwich),60,2,62,73,65,4,69,$122.82,1,1.37%,$1.78,$124.60,3,4.11%,$5.34,$129.94,,,,
Louise Archer Elementary,5/22/2025,10044,Soft Pretzel(1 pretzel),16,0,16,30,25,0,25,$5.50,0,0.00%,$0.00,$5.50,5,16.67%,$1.10,$6.60,,,,
Louise Archer Elementary,5/22/2025,10071,"Cheese Sauce, Frozen, Nacho(1/2 cup)",0,0,0,8,8,0,8,$3.68,0,0.00%,$0.00,$3.68,0,0.00%,$0.00,$3.68,,,,
Louise Archer Elementary,5/22/2025,20001,1% White Milk(Each),31,0,31,51,23,0,23,$8.28,0,0.00%,$0.00,$8.28,28,54.90%,$10.08,$18.36,,,,
Louise Archer Elementary,5/22/2025,20002,Fat Free Chocolate Milk(Each),147,0,147,225,123,0,123,$43.05,0,0.00%,$0.00,$43.05,102,45.33%,$35.70,$78.75,,,,
Louise Archer Elementary,5/22/2025,20013,Gala Apple(Each),0,0,0,128,128,0,128,$47.36,0,0.00%,$0.00,$47.36,0,0.00%,$0.00,$47.36,,,,
Louise Archer Elementary,5/22/2025,20016,String Cheese(Each),0,0,0,5,3,0,3,$0.66,0,0.00%,$0.00,$0.66,2,40.00%,$0.44,$1.10,,,,
Louise Archer Elementary,5/22/2025,20017,Orange(1/4 cup),0,0,0,204,154,0,154,$26.18,0,0.00%,$0.00,$26.18,50,24.51%,$8.50,$34.68,,,,
Louise Archer Elementary,5/22/2025,20027,Broccoli Florets(1/4 cup),74,0,74,50,40,0,40,$3.20,0,0.00%,$0.00,$3.20,10,20.00%,$0.80,$4.00,,,,
Louise Archer Elementary,5/22/2025,20028,Lettuce Blend Salad Mix(1/2 cup),130,0,130,150,130,0,130,$10.40,20,13.33%,$1.60,$12.00,0,0.00%,$0.00,$12.00,,,,
Louise Archer Elementary,5/22/2025,20031,Banana(Each),207,0,207,120,120,0,120,$25.20,0,0.00%,$0.00,$25.20,0,0.00%,$0.00,$25.20,,,,
Louise Archer Elementary,5/22/2025,20038,Fat Free White Milk(Each),30,0,30,34,25,0,25,$8.25,0,0.00%,$0.00,$8.25,9,26.47%,$2.97,$11.22,,,,
Louise Archer Elementary,5/22/2025,20052,Assorted  4 oz Yogurt(Container),0,0,0,15,10,0,10,$0.00,0,0.00%,$0.00,$0.00,5,33.33%,$0.00,$0.00,,,,
Louise Archer Elementary,5/22/2025,30002,Sub Roll(Sub Roll),0,0,0,25,25,0,25,$7.75,0,0.00%,$0.00,$7.75,0,0.00%,$0.00,$7.75,,,,
Louise Archer Elementary,5/22/2025,30008,Apple Juice(Each),0,0,0,80,72,0,72,$12.24,0,0.00%,$0.00,$12.24,8,10.00%,$1.36,$13.60,,,,
Louise Archer Elementary,5/22/2025,30031,Strawberry Chex Mix(Package),0,0,0,32,32,0,32,$14.40,0,0.00%,$0.00,$14.40,0,0.00%,$0.00,$14.40,,,,
Louise Archer Elementary,5/22/2025,30045,Watermelon Flavored Dried Cranberries(Each),59,0,59,70,67,0,67,$16.08,0,0.00%,$0.00,$16.08,3,4.29%,$0.72,$16.80,,,,
Louise Archer Elementary,5/22/2025,30077,Italian Dressing(1 ounce),7,0,7,12,7,0,7,$0.56,0,0.00%,$0.00,$0.56,5,41.67%,$0.40,$0.96,,,,
Louise Archer Elementary,5/22/2025,30097,Bottled Water(Bottle),0,0,0,15,13,0,13,$2.08,0,0.00%,$0.00,$2.08,2,13.33%,$0.32,$2.40,,,,
Louise Archer Elementary,5/22/2025,30099,Chickpeas(1/4 cup),14,0,14,33,21,0,21,$1.89,0,0.00%,$0.00,$1.89,12,36.36%,$1.08,$2.97,,,,
Louise Archer Elementary,5/22/2025,30107,Ranch Dressing(1 ounce),10,0,10,12,10,0,10,$1.10,0,0.00%,$0.00,$1.10,2,16.67%,$0.22,$1.32,,,,
Louise Archer Elementary,5/22/2025,60035,PB&J Power Pack(Power Packs),47,0,47,55,42,10,52,$56.16,0,0.00%,$0.00,$56.16,3,5.45%,$3.24,$59.40,,,,
Louise Archer Elementary,5/22/2025,60038,Peach Yogurt Power Pack(Power Packs),12,0,12,35,17,4,21,$16.80,0,0.00%,$0.00,$16.80,14,40.00%,$11.20,$28.00,,,,
Louise Archer Elementary,5/22/2025,60077,Manager's Vegetable Choice(1/4 cup),59,0,59,75,65,0,65,$0.00,0,0.00%,$0.00,$0.00,10,13.33%,$0.00,$0.00,,,,
Louise Archer Elementary,5/22/2025,60100,Black Beans - salad bar entree(1/2 cup),1,0,1,0,0,0,0,$0.00,0,0.00%,$0.00,$0.00,0,0.00%,$0.00,$0.00,,,,
Louise Archer Elementary,5/22/2025,60120,Asian Veggie Sub(sandwich),0,0,0,189,129,20,149,$281.61,0,0.00%,$0.00,$281.61,40,21.16%,$75.60,$357.21,,,,
Louise Archer Elementary,5/22/2025,60122,Asian Meatball Sub(sandwich),36,0,36,40,20,20,40,$71.20,0,0.00%,$0.00,$71.20,0,0.00%,$0.00,$71.20,,,,
Luther Jackson Middle,5/22/2025,10015,Baked Cheese Sticks(2 Cheese Sticks),196,0,196,196,150,8,158,$104.28,3,1.53%,$1.98,$106.26,35,17.86%,$23.10,$129.36,,,,
Luther Jackson Middle,5/22/2025,10026,Chickenless Bites(2 Bites),0,0,0,193,181,11,192,$69.12,1,0.52%,$0.36,$69.48,0,0.00%,$0.00,$69.48,,,,
Luther Jackson Middle,5/22/2025,10033,Chocolate Chip Cookie(Cookie),105,0,105,126,0,126,126,$0.00,0,0.00%,$0.00,$0.00,0,0.00%,$0.00,$0.00,,,,
Luther Jackson Middle,5/22/2025,10044,Soft Pretzel(1 pretzel),0,0,0,2,0,2,2,$0.00,0,0.00%,$0.00,$0.00,0,0.00%,$0.00,$0.00,,,,
Luther Jackson Middle,5/22/2025,10062,Corn(1/2 cup (cooked)),72,0,72,96,72,0,72,$15.12,0,0.00%,$0.00,$15.12,24,25.00%,$5.04,$20.16,,,,
Luther Jackson Middle,5/22/2025,20001,1% White Milk(Each),50,0,50,223,67,0,67,$24.12,0,0.00%,$0.00,$24.12,156,69.96%,$56.16,$80.28,,,,
Luther Jackson Middle,5/22/2025,20002,Fat Free Chocolate Milk(Each),400,0,400,1031,365,0,365,$127.75,0,0.00%,$0.00,$127.75,666,64.60%,$233.10,$360.85,,,,
Luther Jackson Middle,5/22/2025,20008,Apple Slices(3 slices per 1/4 cup),0,0,0,84,84,0,84,$49.56,0,0.00%,$0.00,$49.56,0,0.00%,$0.00,$49.56,,,,
Luther Jackson Middle,5/22/2025,20014,Red Delicious Apple(Each - serving),0,0,0,388,263,0,263,$86.79,0,0.00%,$0.00,$86.79,125,32.22%,$41.25,$128.04,,,,
Luther Jackson Middle,5/22/2025,20023,Baby Carrots(3 baby carrots per 1/4 cup),0,0,0,96,88,0,88,$7.92,8,8.33%,$0.72,$8.64,0,0.00%,$0.00,$8.64,,,,
Luther Jackson Middle,5/22/2025,20027,Broccoli Florets(1/4 cup),72,0,72,84,72,0,72,$5.76,12,14.29%,$0.96,$6.72,0,0.00%,$0.00,$6.72,,,,
Luther Jackson Middle,5/22/2025,20028,Lettuce Blend Salad Mix(1/2 cup),160,0,160,160,156,0,156,$12.48,4,2.50%,$0.32,$12.80,0,0.00%,$0.00,$12.80,,,,
Luther Jackson Middle,5/22/2025,20031,Banana(Each),120,0,120,219,136,0,136,$28.56,0,0.00%,$0.00,$28.56,83,37.90%,$17.43,$45.99,,,,
Luther Jackson Middle,5/22/2025,20032,Strawberry Banana Yogurt(each),0,0,0,1,0,1,1,$0.00,0,0.00%,$0.00,$0.00,0,0.00%,$0.00,$0.00,,,,
Luther Jackson Middle,5/22/2025,20036,Celery Sticks(1/4 cup),0,0,0,72,62,0,62,$16.74,10,13.89%,$2.70,$19.44,0,0.00%,$0.00,$19.44,,,,
Luther Jackson Middle,5/22/2025,30008,Apple Juice(Each),0,0,0,33,0,26,26,$0.00,0,0.00%,$0.00,$0.00,7,21.21%,$0.00,$0.00,,,,
Luther Jackson Middle,5/22/2025,30014,Whole Wheat Dinner Roll(Each),0,0,0,193,181,11,192,$26.88,1,0.52%,$0.14,$27.02,0,0.00%,$0.00,$27.02,,,,
Luther Jackson Middle,5/22/2025,30018,Marinara Sauce(1/4 Cup),144,0,144,196,150,8,158,$23.70,3,1.53%,$0.45,$24.15,35,17.86%,$5.25,$29.40,,,,
Luther Jackson Middle,5/22/2025,30024,Black Beans(1/4 Cup),72,0,72,33,33,0,33,$2.97,0,0.00%,$0.00,$2.97,0,0.00%,$0.00,$2.97,,,,
Luther Jackson Middle,5/22/2025,30033,Cheez-Its Crackers(Package),0,0,0,24,0,24,24,$0.00,0,0.00%,$0.00,$0.00,0,0.00%,$0.00,$0.00,,,,
Luther Jackson Middle,5/22/2025,30061,Chilled Mandarin Oranges(1/2 cup (drained)),0,0,0,144,144,0,144,$48.96,0,0.00%,$0.00,$48.96,0,0.00%,$0.00,$48.96,,,,
Luther Jackson Middle,5/22/2025,30063,Ketchup Packet(Packet),187,0,187,400,305,0,305,$9.15,0,0.00%,$0.00,$9.15,95,23.75%,$2.85,$12.00,,,,
Luther Jackson Middle,5/22/2025,30065,Mustard Packet(Packet),38,0,38,50,29,0,29,$1.45,0,0.00%,$0.00,$1.45,21,42.00%,$1.05,$2.50,,,,
Luther Jackson Middle,5/22/2025,30097,Bottled Water(Bottle),36,0,36,36,0,30,30,$0.00,0,0.00%,$0.00,$0.00,6,16.67%,$0.00,$0.00,,,,
Luther Jackson Middle,5/22/2025,30107,Ranch Dressing(1 ounce),144,0,144,168,168,0,168,$18.48,0,0.00%,$0.00,$18.48,0,0.00%,$0.00,$18.48,,,,
Luther Jackson Middle,5/22/2025,30110,Doritos Flamas(Each),30,0,30,6,0,6,6,$0.00,0,0.00%,$0.00,$0.00,0,0.00%,$0.00,$0.00,,,,
Luther Jackson Middle,5/22/2025,30114,SS Baked Cheetos Flaming Hot(Each),30,0,30,35,0,35,35,$0.00,0,0.00%,$0.00,$0.00,0,0.00%,$0.00,$0.00,,,,
Luther Jackson Middle,5/22/2025,30115,SS Baked Cheetos Flaming Limon(Each),30,0,30,36,0,36,36,$0.00,0,0.00%,$0.00,$0.00,0,0.00%,$0.00,$0.00,,,,
Luther Jackson Middle,5/22/2025,60035,PB&J Power Pack(Power Packs),72,0,72,80,79,1,80,$86.40,0,0.00%,$0.00,$86.40,0,0.00%,$0.00,$86.40,,,,
Luther Jackson Middle,5/22/2025,60037,Strawberry & Banana Yogurt Power Pack(Power Packs),6,0,6,8,6,0,6,$4.80,0,0.00%,$0.00,$4.80,2,25.00%,$1.60,$6.40,,,,
Luther Jackson Middle,5/22/2025,60064,Vegetable Dumpling(6 dumplings),0,0,0,8,7,0,7,$0.00,1,12.50%,$0.00,$0.00,0,0.00%,$0.00,$0.00,,,,
Luther Jackson Middle,5/22/2025,60075,Spicy Chicken Wrap(Wrap),60,0,60,72,71,1,72,$84.24,0,0.00%,$0.00,$84.24,0,0.00%,$0.00,$84.24,,,,
Luther Jackson Middle,5/22/2025,60120,Asian Veggie Sub(sandwich),120,0,120,70,69,1,70,$132.30,0,0.00%,$0.00,$132.30,0,0.00%,$0.00,$132.30,,,,
Luther Jackson Middle,5/22/2025,60121,"Sauce, Spicy Mayo(tbsp)",0,0,0,96,72,0,72,$6.48,0,0.00%,$0.00,$6.48,24,25.00%,$2.16,$8.64,,,,
Luther Jackson Middle,5/22/2025,60128,Alfredo & Basil Lasagna(Each),0,0,0,55,27,0,27,$34.02,28,50.91%,$35.28,$69.30,0,0.00%,$0.00,$69.30,,,,
Luther Jackson Middle,5/22/2025,60148,Turkey Barbacoa Arepa(1 Arepa + #10 scoop of turkey barbacoa),0,0,0,13,7,2,9,$12.96,4,30.77%,$5.76,$18.72,0,0.00%,$0.00,$18.72,,,,
Lynbrook Elementary,5/22/2025,10033,Chocolate Chip Cookie(1/2 Cookie),0,25,25,0,0,0,0,$0.00,0,0.00%,$0.00,$0.00,0,0.00%,$0.00,$0.00,,,,
Lynbrook Elementary,5/22/2025,10044,Soft Pretzel(1 pretzel),19,0,19,0,0,0,0,$0.00,0,0.00%,$0.00,$0.00,0,0.00%,$0.00,$0.00,,,,
Lynbrook Elementary,5/22/2025,10062,Corn(1/4 cup (thawed)),61,0,61,0,0,0,0,$0.00,0,0.00%,$0.00,$0.00,0,0.00%,$0.00,$0.00,,,,
Lynbrook Elementary,5/22/2025,10073,Whole Strawberries(1/2 cup thawed),200,0,200,0,0,0,0,$0.00,0,0.00%,$0.00,$0.00,0,0.00%,$0.00,$0.00,,,,
Lynbrook Elementary,5/22/2025,20001,1% White Milk(Each),80,0,80,65,55,3,58,$20.88,0,0.00%,$0.00,$20.88,7,10.77%,$2.52,$23.40,,,,
Lynbrook Elementary,5/22/2025,20002,Fat Free Chocolate Milk(Each),312,0,312,0,0,0,0,$0.00,0,0.00%,$0.00,$0.00,0,0.00%,$0.00,$0.00,,,,
Lynbrook Elementary,5/22/2025,20010,Fresh Whole Pear(Each),69,0,69,0,0,0,0,$0.00,0,0.00%,$0.00,$0.00,0,0.00%,$0.00,$0.00,,,,
Lynbrook Elementary,5/22/2025,20016,String Cheese(Each),0,2,2,0,0,0,0,$0.00,0,0.00%,$0.00,$0.00,0,0.00%,$0.00,$0.00,,,,
Lynbrook Elementary,5/22/2025,20028,Lettuce Blend Salad Mix(1 cup),57,0,57,65,56,3,59,$9.44,0,0.00%,$0.00,$9.44,6,9.23%,$0.96,$10.40,,,,
Lynbrook Elementary,5/22/2025,20028,Lettuce Blend Salad Mix(1/2 cup),164,0,164,0,0,0,0,$0.00,0,0.00%,$0.00,$0.00,0,0.00%,$0.00,$0.00,,,,
Lynbrook Elementary,5/22/2025,20031,Banana(Each),158,0,158,65,56,3,59,$12.39,0,0.00%,$0.00,$12.39,6,9.23%,$1.26,$13.65,,,,
Lynbrook Elementary,5/22/2025,20038,Fat Free White Milk(Each),18,0,18,0,0,0,0,$0.00,0,0.00%,$0.00,$0.00,0,0.00%,$0.00,$0.00,,,,
Lynbrook Elementary,5/22/2025,20043,"Lactose Free, White Milk(Each)",0,0,0,2,1,0,1,$0.58,0,0.00%,$0.00,$0.58,1,50.00%,$0.58,$1.16,,,,
Lynbrook Elementary,5/22/2025,20052,Assorted  4 oz Yogurt(Container),0,2,2,0,0,0,0,$0.00,0,0.00%,$0.00,$0.00,0,0.00%,$0.00,$0.00,,,,
Lynbrook Elementary,5/22/2025,30008,Apple Juice(Each),0,25,25,0,0,0,0,$0.00,0,0.00%,$0.00,$0.00,0,0.00%,$0.00,$0.00,,,,
Lynbrook Elementary,5/22/2025,30009,Orange Tangerine Juice(Each),0,10,10,0,0,0,0,$0.00,0,0.00%,$0.00,$0.00,0,0.00%,$0.00,$0.00,,,,
Lynbrook Elementary,5/22/2025,30034,Graham Crackers(Package),49,0,49,55,49,0,49,$6.86,0,0.00%,$0.00,$6.86,6,10.91%,$0.84,$7.70,,,,
Lynbrook Elementary,5/22/2025,30037,IW Applesauce Cup(Each),49,0,49,55,49,0,49,$13.23,0,0.00%,$0.00,$13.23,6,10.91%,$1.62,$14.85,,,,
Lynbrook Elementary,5/22/2025,30039,Cherry Flavored Dried Cranberries(Each),192,0,192,0,0,0,0,$0.00,0,0.00%,$0.00,$0.00,0,0.00%,$0.00,$0.00,,,,
Lynbrook Elementary,5/22/2025,30041,Orange Flavored Dried Cranberries(Each),133,0,133,0,0,0,0,$0.00,0,0.00%,$0.00,$0.00,0,0.00%,$0.00,$0.00,,,,
Lynbrook Elementary,5/22/2025,30042,Original Flavored Dried Cranberries(Package),191,0,191,0,0,0,0,$0.00,0,0.00%,$0.00,$0.00,0,0.00%,$0.00,$0.00,,,,
Lynbrook Elementary,5/22/2025,30043,Raspberry Lemonade Flavored Dried Cranberries(Each),111,0,111,0,0,0,0,$0.00,0,0.00%,$0.00,$0.00,0,0.00%,$0.00,$0.00,,,,
Lynbrook Elementary,5/22/2025,30044,Strawberry Flavored Dried Cranberries(Each),144,0,144,0,0,0,0,$0.00,0,0.00%,$0.00,$0.00,0,0.00%,$0.00,$0.00,,,,
Lynbrook Elementary,5/22/2025,30045,Watermelon Flavored Dried Cranberries(Each),145,0,145,0,0,0,0,$0.00,0,0.00%,$0.00,$0.00,0,0.00%,$0.00,$0.00,,,,
Lynbrook Elementary,5/22/2025,30094,Doritos Wild White Nacho Flavored Tortilla Chips(Bag),0,25,25,30,0,14,14,$0.00,0,0.00%,$0.00,$0.00,16,53.33%,$0.00,$0.00,,,,
Lynbrook Elementary,5/22/2025,30097,Bottled Water(Bottle),0,10,10,10,0,5,5,$0.00,0,0.00%,$0.00,$0.00,5,50.00%,$0.00,$0.00,,,,
Lynbrook Elementary,5/22/2025,30099,Chickpeas(1/4 cup),13,0,13,0,0,0,0,$0.00,0,0.00%,$0.00,$0.00,0,0.00%,$0.00,$0.00,,,,
Lynbrook Elementary,5/22/2025,30107,Ranch Dressing(1 ounce),172,0,172,240,224,0,224,$24.64,0,0.00%,$0.00,$24.64,16,6.67%,$1.76,$26.40,,,,
Lynbrook Elementary,5/22/2025,30158,Black Beans(1/2 Cup),1,0,1,0,0,0,0,$0.00,0,0.00%,$0.00,$0.00,0,0.00%,$0.00,$0.00,,,,
Lynbrook Elementary,5/22/2025,60035,PB&J Power Pack(Power Packs),115,0,115,120,110,0,110,$118.80,0,0.00%,$0.00,$118.80,10,8.33%,$10.80,$129.60,,,,
Lynbrook Elementary,5/22/2025,60036,Cherry Vanilla Yogurt Power Pack(Power Packs),25,0,25,50,34,0,34,$27.20,0,0.00%,$0.00,$27.20,16,32.00%,$12.80,$40.00,,,,
Lynbrook Elementary,5/22/2025,60037,Strawberry & Banana Yogurt Power Pack(Power Packs),43,0,43,0,0,0,0,$0.00,0,0.00%,$0.00,$0.00,0,0.00%,$0.00,$0.00,,,,
Lynbrook Elementary,5/22/2025,60038,Peach Yogurt Power Pack(Power Packs),30,0,30,0,0,0,0,$0.00,0,0.00%,$0.00,$0.00,0,0.00%,$0.00,$0.00,,,,
Lynbrook Elementary,5/22/2025,60054,Steamed Broccoli(1/2 cup),71,0,71,0,0,0,0,$0.00,0,0.00%,$0.00,$0.00,0,0.00%,$0.00,$0.00,,,,
Lynbrook Elementary,5/22/2025,60061,Soft Beef Taco on Flour Tortilla(Taco),0,0,0,32,32,0,32,$33.28,0,0.00%,$0.00,$33.28,0,0.00%,$0.00,$33.28,,,,
Lynbrook Elementary,5/22/2025,60077,Manager's Vegetable Choice(1/4 cup),113,0,113,0,0,0,0,$0.00,0,0.00%,$0.00,$0.00,0,0.00%,$0.00,$0.00,,,,
Lynbrook Elementary,5/22/2025,60120,Asian Veggie Sub(sandwich),189,0,189,169,154,0,154,$291.06,1,0.59%,$1.89,$292.95,14,8.28%,$26.46,$319.41,,,,
Lynbrook Elementary,5/22/2025,60122,Asian Meatball Sub(sandwich),117,0,117,134,101,16,117,$208.26,0,0.00%,$0.00,$208.26,17,12.69%,$30.26,$238.52,,,,
Lynbrook Elementary,5/22/2025,60128,Alfredo & Basil Lasagna(Each),0,0,0,16,16,0,16,$20.16,0,0.00%,$0.00,$20.16,0,0.00%,$0.00,$20.16,,,,
Lynbrook Elementary,5/22/2025,60150,Strawberry Parfait Power Pack(Power Pack),20,0,20,15,14,0,14,$22.82,0,0.00%,$0.00,$22.82,1,6.67%,$1.63,$24.45,,,,
MARSHALL HS,5/22/2025,10001,"Patty, Chicken, Breaded, WG(2 strips)",13,0,13,20,15,0,15,$3.30,0,0.00%,$0.00,$3.30,5,25.00%,$1.10,$4.40,,,,
MARSHALL HS,5/22/2025,10011,Sweet Thai Chili Sauce(ounce),0,0,0,28,28,0,28,$3.92,0,0.00%,$0.00,$3.92,0,0.00%,$0.00,$3.92,,,,
MARSHALL HS,5/22/2025,10015,Baked Cheese Sticks(2 Cheese Sticks),257,0,257,440,395,10,405,$267.30,0,0.00%,$0.00,$267.30,35,7.95%,$23.10,$290.40,,,,
MARSHALL HS,5/22/2025,10026,Chickenless Bites(4 Bites),0,0,0,180,144,0,144,$105.12,0,0.00%,$0.00,$105.12,36,20.00%,$26.28,$131.40,,,,
MARSHALL HS,5/22/2025,10027,"Bread, Loco(1/2 piece)",0,0,0,40,40,0,40,$6.00,0,0.00%,$0.00,$6.00,0,0.00%,$0.00,$6.00,,,,
MARSHALL HS,5/22/2025,10027,"Bread, Loco(flatbread)",481,0,481,180,144,0,144,$43.20,0,0.00%,$0.00,$43.20,36,20.00%,$10.80,$54.00,,,,
MARSHALL HS,5/22/2025,10033,Chocolate Chip Cookie(Cookie),200,0,200,237,237,0,237,$63.99,0,0.00%,$0.00,$63.99,0,0.00%,$0.00,$63.99,,,,
MARSHALL HS,5/22/2025,10044,Soft Pretzel(1 pretzel),25,0,25,45,43,0,43,$9.46,0,0.00%,$0.00,$9.46,2,4.44%,$0.44,$9.90,,,,
MARSHALL HS,5/22/2025,10049,"WG 10"" Flour Tortilla(Tortilla)",5,0,5,10,5,0,5,$1.75,0,0.00%,$0.00,$1.75,5,50.00%,$1.75,$3.50,,,,
MARSHALL HS,5/22/2025,10051,"Turkey,  Breast, Pre-Sliced, Oven Roasted(3 Slices)",3,0,3,10,1,0,1,$0.54,0,0.00%,$0.00,$0.54,9,90.00%,$4.86,$5.40,,,,
MARSHALL HS,5/22/2025,10062,Corn(1/4 cup (thawed)),161,0,161,64,54,0,54,$5.94,0,0.00%,$0.00,$5.94,10,15.63%,$1.10,$7.04,,,,
MARSHALL HS,5/22/2025,10062,Corn(2 Tablespoons (thawed)),3,0,3,6,4,0,4,$0.20,0,0.00%,$0.00,$0.20,2,33.33%,$0.10,$0.30,,,,
MARSHALL HS,5/22/2025,20001,1% White Milk(Each),66,0,66,185,49,0,49,$17.64,0,0.00%,$0.00,$17.64,136,73.51%,$48.96,$66.60,,,,
MARSHALL HS,5/22/2025,20002,Fat Free Chocolate Milk(Each),304,0,304,629,282,0,282,$98.70,0,0.00%,$0.00,$98.70,347,55.17%,$121.45,$220.15,,,,
MARSHALL HS,5/22/2025,20008,Apple Slices(3 slices per 1/4 cup),0,0,0,145,145,0,145,$85.55,0,0.00%,$0.00,$85.55,0,0.00%,$0.00,$85.55,,,,
MARSHALL HS,5/22/2025,20008,Apple Slices(6 Slices per 1/2 cup),12,0,12,14,14,0,14,$16.52,0,0.00%,$0.00,$16.52,0,0.00%,$0.00,$16.52,,,,
MARSHALL HS,5/22/2025,20012,Grape Tomatoes(1/4 cup),0,0,0,108,90,0,90,$23.40,0,0.00%,$0.00,$23.40,18,16.67%,$4.68,$28.08,,,,
MARSHALL HS,5/22/2025,20014,Red Delicious Apple(Each - serving),0,0,0,260,223,0,223,$73.59,0,0.00%,$0.00,$73.59,37,14.23%,$12.21,$85.80,,,,
MARSHALL HS,5/22/2025,20016,String Cheese(Each),17,0,17,10,10,0,10,$2.20,0,0.00%,$0.00,$2.20,0,0.00%,$0.00,$2.20,,,,
MARSHALL HS,5/22/2025,20017,Orange(1/4 cup),0,0,0,10,2,0,2,$0.34,0,0.00%,$0.00,$0.34,8,80.00%,$1.36,$1.70,,,,
MARSHALL HS,5/22/2025,20018,Red Seedless Grapes(16 grapes per 1/2 cup),0,0,0,544,534,0,534,$272.34,0,0.00%,$0.00,$272.34,10,1.84%,$5.10,$277.44,,,,
MARSHALL HS,5/22/2025,20027,Broccoli Florets(1/4 cup),186,0,186,168,147,0,147,$11.76,0,0.00%,$0.00,$11.76,21,12.50%,$1.68,$13.44,,,,
MARSHALL HS,5/22/2025,20027,Broccoli Florets(6 Pieces per 1/2 cup),6,0,6,6,5,0,5,$0.75,0,0.00%,$0.00,$0.75,1,16.67%,$0.15,$0.90,,,,
MARSHALL HS,5/22/2025,20028,Lettuce Blend Salad Mix(1/2 cup),256,0,256,280,260,0,260,$20.80,0,0.00%,$0.00,$20.80,20,7.14%,$1.60,$22.40,,,,
MARSHALL HS,5/22/2025,20035,"Onions, Red, Whole(2 Tablespoons (sliced))",4,0,4,5,3,0,3,$0.09,0,0.00%,$0.00,$0.09,2,40.00%,$0.06,$0.15,,,,
MARSHALL HS,5/22/2025,20036,Celery Sticks(1/2 cup),0,0,0,96,86,0,86,$47.30,0,0.00%,$0.00,$47.30,10,10.42%,$5.50,$52.80,,,,
MARSHALL HS,5/22/2025,20038,Fat Free White Milk(Each),1,0,1,50,7,0,7,$2.31,0,0.00%,$0.00,$2.31,43,86.00%,$14.19,$16.50,,,,
MARSHALL HS,5/22/2025,20041,"Peppers, Green, Whole(2 Tablespoon)",4,0,4,5,3,0,3,$0.18,0,0.00%,$0.00,$0.18,2,40.00%,$0.12,$0.30,,,,
MARSHALL HS,5/22/2025,20042,"Peppers, Red, Whole(2 Tablespoons)",4,0,4,5,3,0,3,$0.15,0,0.00%,$0.00,$0.15,2,40.00%,$0.10,$0.25,,,,
MARSHALL HS,5/22/2025,20052,Assorted  4 oz Yogurt(Container),7,0,7,7,7,0,7,$0.00,0,0.00%,$0.00,$0.00,0,0.00%,$0.00,$0.00,,,,
MARSHALL HS,5/22/2025,20076,"Peppers, green, pre-sliced(1/2 cup sliced)",0,0,0,70,65,0,65,$19.50,0,0.00%,$0.00,$19.50,5,7.14%,$1.50,$21.00,,,,
MARSHALL HS,5/22/2025,20077,"Peppers, red, pre-sliced(1/2 cup sliced)",0,0,0,70,65,0,65,$36.40,0,0.00%,$0.00,$36.40,5,7.14%,$2.80,$39.20,,,,
MARSHALL HS,5/22/2025,30002,Sub Roll(Sub Roll),7,0,7,10,3,0,3,$0.93,0,0.00%,$0.00,$0.93,7,70.00%,$2.17,$3.10,,,,
MARSHALL HS,5/22/2025,30018,Marinara Sauce(1/4 Cup),140,0,140,324,233,10,243,$36.45,0,0.00%,$0.00,$36.45,81,25.00%,$12.15,$48.60,,,,
MARSHALL HS,5/22/2025,30024,Black Beans(1/4 Cup),32,0,32,52,22,0,22,$1.98,0,0.00%,$0.00,$1.98,30,57.69%,$2.70,$4.68,,,,
MARSHALL HS,5/22/2025,30033,Cheez-Its Crackers(Package),46,0,46,44,44,0,44,$7.92,0,0.00%,$0.00,$7.92,0,0.00%,$0.00,$7.92,,,,
MARSHALL HS,5/22/2025,30041,Orange Flavored Dried Cranberries(Each),61,0,61,84,58,0,58,$13.92,0,0.00%,$0.00,$13.92,26,30.95%,$6.24,$20.16,,,,
MARSHALL HS,5/22/2025,30061,Chilled Mandarin Oranges(1/2 cup (drained)),0,0,0,231,204,0,204,$69.36,0,0.00%,$0.00,$69.36,27,11.69%,$9.18,$78.54,,,,
MARSHALL HS,5/22/2025,30063,Ketchup Packet(Packet),376,0,376,400,350,0,350,$10.50,0,0.00%,$0.00,$10.50,50,12.50%,$1.50,$12.00,,,,
MARSHALL HS,5/22/2025,30064,Mayonnaise Packet(Packet),73,0,73,90,44,0,44,$4.40,0,0.00%,$0.00,$4.40,46,51.11%,$4.60,$9.00,,,,
MARSHALL HS,5/22/2025,30065,Mustard Packet(Packet),30,0,30,50,3,0,3,$0.15,0,0.00%,$0.00,$0.15,47,94.00%,$2.35,$2.50,,,,
MARSHALL HS,5/22/2025,30077,Italian Dressing(1 ounce),91,0,91,108,90,0,90,$7.20,0,0.00%,$0.00,$7.20,18,16.67%,$1.44,$8.64,,,,
MARSHALL HS,5/22/2025,30097,Bottled Water(Bottle),85,0,85,90,90,0,90,$14.40,0,0.00%,$0.00,$14.40,0,0.00%,$0.00,$14.40,,,,
MARSHALL HS,5/22/2025,30099,Chickpeas(2 Tablespoons),3,0,3,6,3,0,3,$0.12,0,0.00%,$0.00,$0.12,3,50.00%,$0.12,$0.24,,,,
MARSHALL HS,5/22/2025,30107,Ranch Dressing(1 ounce),250,0,250,264,246,0,246,$27.06,0,0.00%,$0.00,$27.06,18,6.82%,$1.98,$29.04,,,,
MARSHALL HS,5/22/2025,60035,PB&J Power Pack(Power Packs),60,0,60,80,73,0,73,$78.84,0,0.00%,$0.00,$78.84,7,8.75%,$7.56,$86.40,,,,
MARSHALL HS,5/22/2025,60038,Peach Yogurt Power Pack(Power Packs),3,0,3,4,3,0,3,$2.40,0,0.00%,$0.00,$2.40,1,25.00%,$0.80,$3.20,,,,
MARSHALL HS,5/22/2025,60039,Pasta with Meat Sauce(serving),0,0,0,40,40,0,40,$42.80,0,0.00%,$0.00,$42.80,0,0.00%,$0.00,$42.80,,,,
MARSHALL HS,5/22/2025,60041,Turkey Pepperoni Pizza(1.37 oz),0,0,0,50,36,0,36,$24.48,0,0.00%,$0.00,$24.48,14,28.00%,$9.52,$34.00,,,,
MARSHALL HS,5/22/2025,60047,Chicken Tenders(3 tenders),0,0,0,38,38,0,38,$35.72,0,0.00%,$0.00,$35.72,0,0.00%,$0.00,$35.72,,,,
MARSHALL HS,5/22/2025,60064,Vegetable Dumpling(6 dumplings),0,0,0,28,28,0,28,$0.00,0,0.00%,$0.00,$0.00,0,0.00%,$0.00,$0.00,,,,
MARSHALL HS,5/22/2025,60075,Spicy Chicken Wrap(Wrap),19,0,19,25,23,2,25,$29.25,0,0.00%,$0.00,$29.25,0,0.00%,$0.00,$29.25,,,,
MARSHALL HS,5/22/2025,60077,Manager's Vegetable Choice(1/4 cup),271,0,271,252,225,0,225,$0.00,0,0.00%,$0.00,$0.00,27,10.71%,$0.00,$0.00,,,,
MARSHALL HS,5/22/2025,60080,Cheese Pizza(Slice),0,0,0,30,28,0,28,$15.96,0,0.00%,$0.00,$15.96,2,6.67%,$1.14,$17.10,,,,
MARSHALL HS,5/22/2025,60100,Black Beans - salad bar entree(1/2 cup),9,0,9,16,16,0,16,$2.72,0,0.00%,$0.00,$2.72,0,0.00%,$0.00,$2.72,,,,
MARSHALL HS,5/22/2025,60120,Asian Veggie Sub(sandwich),41,0,41,2,2,0,2,$3.78,0,0.00%,$0.00,$3.78,0,0.00%,$0.00,$3.78,,,,
MARSHALL HS,5/22/2025,60122,Asian Meatball Sub(sandwich),90,0,90,38,38,0,38,$67.64,0,0.00%,$0.00,$67.64,0,0.00%,$0.00,$67.64,,,,
MARSHALL HS,5/22/2025,60133,Chicken Philly Sandwich(each),0,0,0,60,47,5,52,$73.84,4,6.67%,$5.68,$79.52,4,6.67%,$5.68,$85.20,,,,
MT VERNON HS,5/22/2025,10013,"Patty, Chicken, Spicy, Breaded(2 strips)",0,0,0,22,17,0,17,$6.12,0,0.00%,$0.00,$6.12,5,22.73%,$1.80,$7.92,,,,
MT VERNON HS,5/22/2025,10015,Baked Cheese Sticks(2 Cheese Sticks),269,0,269,288,285,0,285,$188.10,3,1.04%,$1.98,$190.08,0,0.00%,$0.00,$190.08,,,,
MT VERNON HS,5/22/2025,10026,Chickenless Bites(4 Bites),0,0,0,120,114,0,114,$83.22,0,0.00%,$0.00,$83.22,6,5.00%,$4.38,$87.60,,,,
MT VERNON HS,5/22/2025,10044,Soft Pretzel(1 pretzel),18,0,18,22,15,0,15,$3.30,0,0.00%,$0.00,$3.30,7,31.82%,$1.54,$4.84,,,,
MT VERNON HS,5/22/2025,10049,"WG 10"" Flour Tortilla(Tortilla)",7,0,7,12,0,0,0,$0.00,0,0.00%,$0.00,$0.00,12,100.00%,$0.00,$0.00,,,,
MT VERNON HS,5/22/2025,10051,"Turkey,  Breast, Pre-Sliced, Oven Roasted(3 Slices)",8,0,8,12,4,0,4,$2.16,0,0.00%,$0.00,$2.16,8,66.67%,$4.32,$6.48,,,,
MT VERNON HS,5/22/2025,10062,Corn(1/4 cup (thawed)),185,0,185,100,85,0,85,$9.35,0,0.00%,$0.00,$9.35,15,15.00%,$1.65,$11.00,,,,
MT VERNON HS,5/22/2025,10062,Corn(2 Tablespoons (thawed)),11,0,11,15,15,0,15,$0.75,0,0.00%,$0.00,$0.75,0,0.00%,$0.00,$0.75,,,,
MT VERNON HS,5/22/2025,20001,1% White Milk(Each),95,0,95,347,114,0,114,$41.04,0,0.00%,$0.00,$41.04,233,67.15%,$83.88,$124.92,,,,
MT VERNON HS,5/22/2025,20002,Fat Free Chocolate Milk(Each),360,0,360,469,358,0,358,$125.30,0,0.00%,$0.00,$125.30,111,23.67%,$38.85,$164.15,,,,
MT VERNON HS,5/22/2025,20006,"Cheese, Shredded, Cheddar(1/4 cup)",31,0,31,32,32,0,32,$5.44,0,0.00%,$0.00,$5.44,0,0.00%,$0.00,$5.44,,,,
MT VERNON HS,5/22/2025,20008,Apple Slices(6 Slices per 1/2 cup),55,0,55,34,34,0,34,$40.12,0,0.00%,$0.00,$40.12,0,0.00%,$0.00,$40.12,,,,
MT VERNON HS,5/22/2025,20027,Broccoli Florets(1/4 cup),162,0,162,120,110,0,110,$8.80,0,0.00%,$0.00,$8.80,10,8.33%,$0.80,$9.60,,,,
MT VERNON HS,5/22/2025,20027,Broccoli Florets(6 Pieces per 1/2 cup),12,0,12,12,8,0,8,$1.20,0,0.00%,$0.00,$1.20,4,33.33%,$0.60,$1.80,,,,
MT VERNON HS,5/22/2025,20028,Lettuce Blend Salad Mix(1/2 cup),387,0,387,330,305,0,305,$24.40,0,0.00%,$0.00,$24.40,25,7.58%,$2.00,$26.40,,,,
MT VERNON HS,5/22/2025,20031,Banana(Each),224,0,224,520,518,0,518,$108.78,0,0.00%,$0.00,$108.78,2,0.38%,$0.42,$109.20,,,,
MT VERNON HS,5/22/2025,20035,"Onions, Red, Whole(2 Tablespoons (sliced))",12,0,12,10,10,0,10,$0.30,0,0.00%,$0.00,$0.30,0,0.00%,$0.00,$0.30,,,,
MT VERNON HS,5/22/2025,20047,Orange Slices(3 slices per 1/4 cup),0,0,0,423,403,0,403,$80.60,0,0.00%,$0.00,$80.60,20,4.73%,$4.00,$84.60,,,,
MT VERNON HS,5/22/2025,20076,"Peppers, green, pre-sliced(1/2 cup sliced)",0,0,0,17,12,0,12,$3.60,0,0.00%,$0.00,$3.60,5,29.41%,$1.50,$5.10,,,,
MT VERNON HS,5/22/2025,20077,"Peppers, red, pre-sliced(1/2 cup sliced)",0,0,0,17,12,0,12,$6.72,0,0.00%,$0.00,$6.72,5,29.41%,$2.80,$9.52,,,,
MT VERNON HS,5/22/2025,30002,Sub Roll(Sub Roll),5,0,5,5,0,0,0,$0.00,0,0.00%,$0.00,$0.00,5,100.00%,$0.00,$0.00,,,,
MT VERNON HS,5/22/2025,30014,Whole Wheat Dinner Roll(2 rolls),0,0,0,168,150,12,162,$45.36,0,0.00%,$0.00,$45.36,6,3.57%,$1.68,$47.04,,,,
MT VERNON HS,5/22/2025,30018,Marinara Sauce(1/4 Cup),350,0,350,300,290,0,290,$43.50,0,0.00%,$0.00,$43.50,10,3.33%,$1.50,$45.00,,,,
MT VERNON HS,5/22/2025,30024,Black Beans(1/4 Cup),78,0,78,64,50,0,50,$4.50,0,0.00%,$0.00,$4.50,14,21.88%,$1.26,$5.76,,,,
MT VERNON HS,5/22/2025,30041,Orange Flavored Dried Cranberries(Each),95,0,95,200,200,0,200,$48.00,0,0.00%,$0.00,$48.00,0,0.00%,$0.00,$48.00,,,,
MT VERNON HS,5/22/2025,30043,Raspberry Lemonade Flavored Dried Cranberries(Each),188,0,188,105,102,0,102,$24.48,0,0.00%,$0.00,$24.48,3,2.86%,$0.72,$25.20,,,,
MT VERNON HS,5/22/2025,30063,Ketchup Packet(Packet),489,0,489,600,600,0,600,$18.00,0,0.00%,$0.00,$18.00,0,0.00%,$0.00,$18.00,,,,
MT VERNON HS,5/22/2025,30065,Mustard Packet(Packet),79,0,79,110,110,0,110,$5.50,0,0.00%,$0.00,$5.50,0,0.00%,$0.00,$5.50,,,,
MT VERNON HS,5/22/2025,30077,Italian Dressing(1 ounce),99,0,99,210,185,0,185,$14.80,0,0.00%,$0.00,$14.80,25,11.90%,$2.00,$16.80,,,,
MT VERNON HS,5/22/2025,30094,Doritos Wild White Nacho Flavored Tortilla Chips(Bag),0,0,0,10,10,0,10,$3.50,0,0.00%,$0.00,$3.50,0,0.00%,$0.00,$3.50,,,,
MT VERNON HS,5/22/2025,30097,Bottled Water(Bottle),0,0,0,74,74,0,74,$11.84,0,0.00%,$0.00,$11.84,0,0.00%,$0.00,$11.84,,,,
MT VERNON HS,5/22/2025,30099,Chickpeas(2 Tablespoons),11,0,11,15,15,0,15,$0.60,0,0.00%,$0.00,$0.60,0,0.00%,$0.00,$0.60,,,,
MT VERNON HS,5/22/2025,30107,Ranch Dressing(1 ounce),245,0,245,210,185,0,185,$20.35,0,0.00%,$0.00,$20.35,25,11.90%,$2.75,$23.10,,,,
MT VERNON HS,5/22/2025,30110,Doritos Flamas(Each),0,0,0,20,18,0,18,$6.66,0,0.00%,$0.00,$6.66,2,10.00%,$0.74,$7.40,,,,
MT VERNON HS,5/22/2025,30114,SS Baked Cheetos Flaming Hot(Each),0,0,0,20,20,0,20,$10.60,0,0.00%,$0.00,$10.60,0,0.00%,$0.00,$10.60,,,,
MT VERNON HS,5/22/2025,30118,Kettle Cooked Smoky BBQ Chips(Each),0,0,0,10,10,0,10,$6.00,0,0.00%,$0.00,$6.00,0,0.00%,$0.00,$6.00,,,,
MT VERNON HS,5/22/2025,30119,RF Kettle Chips Jalapeno & Cheddar Chips(Each),0,0,0,40,36,0,36,$21.60,0,0.00%,$0.00,$21.60,4,10.00%,$2.40,$24.00,,,,
MT VERNON HS,5/22/2025,30120,RF Kettle Chips Sea Salt & Vinegar Chips(Each),0,0,0,10,10,0,10,$6.00,0,0.00%,$0.00,$6.00,0,0.00%,$0.00,$6.00,,,,
MT VERNON HS,5/22/2025,30124,"Fruit Snacks, Welch's Mixed(Each)",0,0,0,5,5,0,5,$2.00,0,0.00%,$0.00,$2.00,0,0.00%,$0.00,$2.00,,,,
MT VERNON HS,5/22/2025,60007,Cheeseburger(Sandwich),0,0,0,62,45,15,60,$43.80,2,3.23%,$1.46,$45.26,0,0.00%,$0.00,$45.26,,,,
MT VERNON HS,5/22/2025,60035,PB&J Power Pack(Power Packs),101,0,101,103,103,0,103,$111.24,0,0.00%,$0.00,$111.24,0,0.00%,$0.00,$111.24,,,,
MT VERNON HS,5/22/2025,60038,Peach Yogurt Power Pack(Power Packs),7,0,7,8,5,0,5,$4.00,0,0.00%,$0.00,$4.00,3,37.50%,$2.40,$6.40,,,,
MT VERNON HS,5/22/2025,60047,Chicken Tenders(3 tenders),0,0,0,48,36,12,48,$45.12,0,0.00%,$0.00,$45.12,0,0.00%,$0.00,$45.12,,,,
MT VERNON HS,5/22/2025,60050,Chickenless Bites(2 Bites),4,0,4,9,3,0,3,$1.14,0,0.00%,$0.00,$1.14,6,66.67%,$2.28,$3.42,,,,
MT VERNON HS,5/22/2025,60075,Spicy Chicken Wrap(Wrap),89,0,89,84,84,0,84,$98.28,0,0.00%,$0.00,$98.28,0,0.00%,$0.00,$98.28,,,,
MT VERNON HS,5/22/2025,60077,Manager's Vegetable Choice(1/4 cup),504,0,504,360,356,0,356,$0.00,0,0.00%,$0.00,$0.00,4,1.11%,$0.00,$0.00,,,,
MT VERNON HS,5/22/2025,60078,Nachos with Turkey Barbacoa and Cheese Sauce(Serving),0,0,0,17,17,0,17,$22.61,0,0.00%,$0.00,$22.61,0,0.00%,$0.00,$22.61,,,,
MT VERNON HS,5/22/2025,60080,Cheese Pizza(Slice),0,0,0,39,29,0,29,$16.53,3,7.69%,$1.71,$18.24,7,17.95%,$3.99,$22.23,,,,
MT VERNON HS,5/22/2025,60120,Asian Veggie Sub(sandwich),55,0,55,50,37,0,37,$69.93,0,0.00%,$0.00,$69.93,13,26.00%,$24.57,$94.50,,,,
MT VERNON HS,5/22/2025,60122,Asian Meatball Sub(sandwich),100,0,100,85,78,0,78,$138.84,7,8.24%,$12.46,$151.30,0,0.00%,$0.00,$151.30,,,,
MT VERNON HS,5/22/2025,60150,Strawberry Parfait Power Pack(Power Pack),7,0,7,5,5,0,5,$8.15,0,0.00%,$0.00,$8.15,0,0.00%,$0.00,$8.15,,,,
Madison High,5/22/2025,10001,"Patty, Chicken, Breaded, WG(2 strips)",19,0,19,0,0,0,0,$0.00,0,0.00%,$0.00,$0.00,0,0.00%,$0.00,$0.00,,,,
Madison High,5/22/2025,10015,Baked Cheese Sticks(2 Cheese Sticks),288,0,288,196,120,7,127,$83.82,1,0.51%,$0.66,$84.48,68,34.69%,$44.88,$129.36,,,,
Madison High,5/22/2025,10026,Chickenless Bites(4 Bites),105,0,105,78,77,0,77,$56.21,1,1.28%,$0.73,$56.94,0,0.00%,$0.00,$56.94,,,,
Madison High,5/22/2025,10027,"Bread, Loco(flatbread)",105,0,105,78,77,0,77,$23.10,1,1.28%,$0.30,$23.40,0,0.00%,$0.00,$23.40,,,,
Madison High,5/22/2025,10033,Chocolate Chip Cookie(Cookie),0,0,0,100,100,0,100,$27.00,0,0.00%,$0.00,$27.00,0,0.00%,$0.00,$27.00,,,,
Madison High,5/22/2025,10044,Soft Pretzel(1 pretzel),3,0,3,1,1,0,1,$0.22,0,0.00%,$0.00,$0.22,0,0.00%,$0.00,$0.22,,,,
Madison High,5/22/2025,10045,"Peanut Butter and Jelly Sandwich, IW(Each)",0,0,0,20,20,0,20,$13.40,0,0.00%,$0.00,$13.40,0,0.00%,$0.00,$13.40,,,,
Madison High,5/22/2025,10049,"WG 10"" Flour Tortilla(Tortilla)",19,0,19,0,0,0,0,$0.00,0,0.00%,$0.00,$0.00,0,0.00%,$0.00,$0.00,,,,
Madison High,5/22/2025,10051,"Turkey,  Breast, Pre-Sliced, Oven Roasted(3 Slices)",0,0,0,0,0,0,0,$0.00,0,0.00%,$0.00,$0.00,0,0.00%,$0.00,$0.00,,,,
Madison High,5/22/2025,10062,Corn(1/2 cup (thawed)),75,0,75,128,96,0,96,$20.16,0,0.00%,$0.00,$20.16,32,25.00%,$6.72,$26.88,,,,
Madison High,5/22/2025,10062,Corn(2 Tablespoons (thawed)),13,0,13,0,0,0,0,$0.00,0,0.00%,$0.00,$0.00,0,0.00%,$0.00,$0.00,,,,
Madison High,5/22/2025,10075,Cheese Pizza(Slice),0,0,0,10,10,0,10,$5.70,0,0.00%,$0.00,$5.70,0,0.00%,$0.00,$5.70,,,,
Madison High,5/22/2025,20001,1% White Milk(Each),28,0,28,29,14,0,14,$5.04,0,0.00%,$0.00,$5.04,15,51.72%,$5.40,$10.44,,,,
Madison High,5/22/2025,20002,Fat Free Chocolate Milk(Each),204,0,204,385,157,0,157,$54.95,0,0.00%,$0.00,$54.95,228,59.22%,$79.80,$134.75,,,,
Madison High,5/22/2025,20006,"Cheese, Shredded, Cheddar(1/4 cup)",20,0,20,0,0,0,0,$0.00,0,0.00%,$0.00,$0.00,0,0.00%,$0.00,$0.00,,,,
Madison High,5/22/2025,20008,Apple Slices(6 Slices per 1/2 cup),0,0,0,0,0,0,0,$0.00,0,0.00%,$0.00,$0.00,0,0.00%,$0.00,$0.00,,,,
Madison High,5/22/2025,20015,Golden Delicious Apple(Each),0,0,0,140,100,0,100,$31.00,0,0.00%,$0.00,$31.00,40,28.57%,$12.40,$43.40,,,,
Madison High,5/22/2025,20016,String Cheese(Each),0,0,0,0,0,0,0,$0.00,0,0.00%,$0.00,$0.00,0,0.00%,$0.00,$0.00,,,,
Madison High,5/22/2025,20018,Red Seedless Grapes(2 Tablespoons),0,0,0,0,0,0,0,$0.00,0,0.00%,$0.00,$0.00,0,0.00%,$0.00,$0.00,,,,
Madison High,5/22/2025,20027,Broccoli Florets(6 Pieces per 1/2 cup),71,0,71,42,42,0,42,$6.30,0,0.00%,$0.00,$6.30,0,0.00%,$0.00,$6.30,,,,
Madison High,5/22/2025,20028,Lettuce Blend Salad Mix(1/2 cup),115,0,115,120,100,0,100,$8.00,0,0.00%,$0.00,$8.00,20,16.67%,$1.60,$9.60,,,,
Madison High,5/22/2025,20031,Banana(Each),0,0,0,0,0,0,0,$0.00,0,0.00%,$0.00,$0.00,0,0.00%,$0.00,$0.00,,,,
Madison High,5/22/2025,20035,"Onions, Red, Whole(2 Tablespoons (sliced))",0,0,0,0,0,0,0,$0.00,0,0.00%,$0.00,$0.00,0,0.00%,$0.00,$0.00,,,,
Madison High,5/22/2025,20038,Fat Free White Milk(Each),16,0,16,37,7,0,7,$2.31,0,0.00%,$0.00,$2.31,30,81.08%,$9.90,$12.21,,,,
Madison High,5/22/2025,20040,Cucumber Slices(2 Tablespoon),10,0,10,0,0,0,0,$0.00,0,0.00%,$0.00,$0.00,0,0.00%,$0.00,$0.00,,,,
Madison High,5/22/2025,20041,"Peppers, Green, Whole(2 Tablespoon)",0,0,0,0,0,0,0,$0.00,0,0.00%,$0.00,$0.00,0,0.00%,$0.00,$0.00,,,,
Madison High,5/22/2025,20042,"Peppers, Red, Whole(2 Tablespoons)",4,0,4,0,0,0,0,$0.00,0,0.00%,$0.00,$0.00,0,0.00%,$0.00,$0.00,,,,
Madison High,5/22/2025,20052,Assorted  4 oz Yogurt(Container),0,0,0,0,0,0,0,$0.00,0,0.00%,$0.00,$0.00,0,0.00%,$0.00,$0.00,,,,
Madison High,5/22/2025,20077,"Peppers, red, pre-sliced(1/2 cup sliced)",0,0,0,70,70,0,70,$39.20,0,0.00%,$0.00,$39.20,0,0.00%,$0.00,$39.20,,,,
Madison High,5/22/2025,30002,Sub Roll(Sub Roll),0,0,0,0,0,0,0,$0.00,0,0.00%,$0.00,$0.00,0,0.00%,$0.00,$0.00,,,,
Madison High,5/22/2025,30008,Apple Juice(Each),0,0,0,0,0,0,0,$0.00,0,0.00%,$0.00,$0.00,0,0.00%,$0.00,$0.00,,,,
Madison High,5/22/2025,30009,Orange Tangerine Juice(Each),0,0,0,0,0,0,0,$0.00,0,0.00%,$0.00,$0.00,0,0.00%,$0.00,$0.00,,,,
Madison High,5/22/2025,30014,Whole Wheat Dinner Roll(2 rolls),0,0,0,110,110,0,110,$30.80,0,0.00%,$0.00,$30.80,0,0.00%,$0.00,$30.80,,,,
Madison High,5/22/2025,30018,Marinara Sauce(1/4 Cup),100,0,100,70,70,0,70,$10.50,0,0.00%,$0.00,$10.50,0,0.00%,$0.00,$10.50,,,,
Madison High,5/22/2025,30024,Black Beans(1/2 Cup),10,0,10,16,4,0,4,$0.68,0,0.00%,$0.00,$0.68,12,75.00%,$2.04,$2.72,,,,
Madison High,5/22/2025,30033,Cheez-Its Crackers(Package),0,0,0,0,0,0,0,$0.00,0,0.00%,$0.00,$0.00,0,0.00%,$0.00,$0.00,,,,
Madison High,5/22/2025,30039,Cherry Flavored Dried Cranberries(Each),0,0,0,0,0,0,0,$0.00,0,0.00%,$0.00,$0.00,0,0.00%,$0.00,$0.00,,,,
Madison High,5/22/2025,30041,Orange Flavored Dried Cranberries(Each),4,0,4,0,0,0,0,$0.00,0,0.00%,$0.00,$0.00,0,0.00%,$0.00,$0.00,,,,
Madison High,5/22/2025,30043,Raspberry Lemonade Flavored Dried Cranberries(Each),0,0,0,0,0,0,0,$0.00,0,0.00%,$0.00,$0.00,0,0.00%,$0.00,$0.00,,,,
Madison High,5/22/2025,30044,Strawberry Flavored Dried Cranberries(Each),0,0,0,0,0,0,0,$0.00,0,0.00%,$0.00,$0.00,0,0.00%,$0.00,$0.00,,,,
Madison High,5/22/2025,30045,Watermelon Flavored Dried Cranberries(Each),69,0,69,60,52,0,52,$12.48,0,0.00%,$0.00,$12.48,8,13.33%,$1.92,$14.40,,,,
Madison High,5/22/2025,30061,Chilled Mandarin Oranges(1/2 cup (drained)),0,0,0,147,147,0,147,$49.98,0,0.00%,$0.00,$49.98,0,0.00%,$0.00,$49.98,,,,
Madison High,5/22/2025,30063,Ketchup Packet(Packet),145,0,145,20,12,0,12,$0.36,0,0.00%,$0.00,$0.36,8,40.00%,$0.24,$0.60,,,,
Madison High,5/22/2025,30064,Mayonnaise Packet(Packet),20,0,20,0,0,0,0,$0.00,0,0.00%,$0.00,$0.00,0,0.00%,$0.00,$0.00,,,,
Madison High,5/22/2025,30065,Mustard Packet(Packet),0,0,0,0,0,0,0,$0.00,0,0.00%,$0.00,$0.00,0,0.00%,$0.00,$0.00,,,,
Madison High,5/22/2025,30068,Chilled Peaches(1/2 cup (drained)),0,0,0,48,48,0,48,$24.48,0,0.00%,$0.00,$24.48,0,0.00%,$0.00,$24.48,,,,
Madison High,5/22/2025,30077,Italian Dressing(1 ounce),18,0,18,48,18,0,18,$1.44,0,0.00%,$0.00,$1.44,30,62.50%,$2.40,$3.84,,,,
Madison High,5/22/2025,30097,Bottled Water(Bottle),0,0,0,73,73,0,73,$11.68,0,0.00%,$0.00,$11.68,0,0.00%,$0.00,$11.68,,,,
Madison High,5/22/2025,30099,Chickpeas(2 Tablespoons),7,0,7,0,0,0,0,$0.00,0,0.00%,$0.00,$0.00,0,0.00%,$0.00,$0.00,,,,
Madison High,5/22/2025,30107,Ranch Dressing(1 ounce),75,0,75,48,33,0,33,$3.63,0,0.00%,$0.00,$3.63,15,31.25%,$1.65,$5.28,,,,
Madison High,5/22/2025,30109,Smartfood RF White Cheddar Popcorn(Each),0,0,0,0,0,0,0,$0.00,0,0.00%,$0.00,$0.00,0,0.00%,$0.00,$0.00,,,,
Madison High,5/22/2025,30110,Doritos Flamas(Each),0,0,0,0,0,0,0,$0.00,0,0.00%,$0.00,$0.00,0,0.00%,$0.00,$0.00,,,,
Madison High,5/22/2025,30111,Doritos RF Spicy Sweet Chili(Each),0,0,0,0,0,0,0,$0.00,0,0.00%,$0.00,$0.00,0,0.00%,$0.00,$0.00,,,,
Madison High,5/22/2025,30112,Doritos RF Nacho Cheese(Each),0,0,0,0,0,0,0,$0.00,0,0.00%,$0.00,$0.00,0,0.00%,$0.00,$0.00,,,,
Madison High,5/22/2025,30113,Cool Ranch Reduced Fat Doritos(Each),0,0,0,0,0,0,0,$0.00,0,0.00%,$0.00,$0.00,0,0.00%,$0.00,$0.00,,,,
Madison High,5/22/2025,30114,SS Baked Cheetos Flaming Hot(Each),0,0,0,0,0,0,0,$0.00,0,0.00%,$0.00,$0.00,0,0.00%,$0.00,$0.00,,,,
Madison High,5/22/2025,30115,SS Baked Cheetos Flaming Limon(Each),0,0,0,0,0,0,0,$0.00,0,0.00%,$0.00,$0.00,0,0.00%,$0.00,$0.00,,,,
Madison High,5/22/2025,30116,SS Cheetos Fantastix Flaming Hot(Each),0,0,0,0,0,0,0,$0.00,0,0.00%,$0.00,$0.00,0,0.00%,$0.00,$0.00,,,,
Madison High,5/22/2025,30117,WG Baked Funyuns(Each),0,0,0,46,46,0,46,$16.56,0,0.00%,$0.00,$16.56,0,0.00%,$0.00,$16.56,,,,
Madison High,5/22/2025,30118,Kettle Cooked Smoky BBQ Chips(Each),0,0,0,0,0,0,0,$0.00,0,0.00%,$0.00,$0.00,0,0.00%,$0.00,$0.00,,,,
Madison High,5/22/2025,30119,RF Kettle Chips Jalapeno & Cheddar Chips(Each),0,0,0,0,0,0,0,$0.00,0,0.00%,$0.00,$0.00,0,0.00%,$0.00,$0.00,,,,
Madison High,5/22/2025,30120,RF Kettle Chips Sea Salt & Vinegar Chips(Each),0,0,0,0,0,0,0,$0.00,0,0.00%,$0.00,$0.00,0,0.00%,$0.00,$0.00,,,,
Madison High,5/22/2025,30124,"Fruit Snacks, Welch's Mixed(Each)",0,0,0,91,89,0,89,$35.60,0,0.00%,$0.00,$35.60,2,2.20%,$0.80,$36.40,,,,
Madison High,5/22/2025,30160,Lay's RF Kettle Original Chips(Each),0,0,0,0,0,0,0,$0.00,0,0.00%,$0.00,$0.00,0,0.00%,$0.00,$0.00,,,,
Madison High,5/22/2025,60037,Strawberry & Banana Yogurt Power Pack(Power Packs),6,0,6,5,5,0,5,$4.00,0,0.00%,$0.00,$4.00,0,0.00%,$0.00,$4.00,,,,
Madison High,5/22/2025,60038,Peach Yogurt Power Pack(Power Packs),6,0,6,5,5,0,5,$4.00,0,0.00%,$0.00,$4.00,0,0.00%,$0.00,$4.00,,,,
Madison High,5/22/2025,60041,Turkey Pepperoni Pizza(1.37 oz),0,0,0,14,14,0,14,$9.52,0,0.00%,$0.00,$9.52,0,0.00%,$0.00,$9.52,,,,
Madison High,5/22/2025,60047,Chicken Tenders(3 tenders),0,0,0,126,113,0,113,$106.22,1,0.79%,$0.94,$107.16,12,9.52%,$11.28,$118.44,,,,
Madison High,5/22/2025,60050,Chickenless Bites(2 Bites),0,0,0,0,0,0,0,$0.00,0,0.00%,$0.00,$0.00,0,0.00%,$0.00,$0.00,,,,
Madison High,5/22/2025,60077,Manager's Vegetable Choice(1/4 cup),0,0,0,0,0,0,0,$0.00,0,0.00%,$0.00,$0.00,0,0.00%,$0.00,$0.00,,,,
Madison High,5/22/2025,60078,Nachos with Turkey Barbacoa and Cheese Sauce(Serving),0,0,0,61,61,0,61,$81.13,0,0.00%,$0.00,$81.13,0,0.00%,$0.00,$81.13,,,,
Madison High,5/22/2025,60100,Black Beans - salad bar entree(1/2 cup),2,0,2,16,0,0,0,$0.00,1,6.25%,$0.00,$0.00,15,93.75%,$0.00,$0.00,,,,
Madison High,5/22/2025,60120,Asian Veggie Sub(sandwich),25,0,25,26,23,0,23,$43.47,1,3.85%,$1.89,$45.36,2,7.69%,$3.78,$49.14,,,,
Madison High,5/22/2025,60122,Asian Meatball Sub(sandwich),60,0,60,30,29,0,29,$51.62,1,3.33%,$1.78,$53.40,0,0.00%,$0.00,$53.40,,,,
Madison High,5/22/2025,60124,Nachos with Cheese Sauce(Serving),0,0,0,6,6,0,6,$4.62,0,0.00%,$0.00,$4.62,0,0.00%,$0.00,$4.62,,,,
Mantua Elementary,5/22/2025,10044,Soft Pretzel(1 pretzel),9,0,9,0,0,0,0,$0.00,0,0.00%,$0.00,$0.00,0,0.00%,$0.00,$0.00,,,,
Mantua Elementary,5/22/2025,10062,Corn(1/4 cup (thawed)),126,0,126,30,30,0,30,$3.30,0,0.00%,$0.00,$3.30,0,0.00%,$0.00,$3.30,,,,
Mantua Elementary,5/22/2025,10067,Roasted Plantains(3 Slices),0,0,0,100,95,0,95,$32.30,5,5.00%,$1.70,$34.00,0,0.00%,$0.00,$34.00,,,,
Mantua Elementary,5/22/2025,10073,Whole Strawberries(1/2 cup thawed),0,0,0,0,0,0,0,$0.00,0,0.00%,$0.00,$0.00,0,0.00%,$0.00,$0.00,,,,
Mantua Elementary,5/22/2025,20001,1% White Milk(Each),58,0,58,413,83,0,83,$29.88,0,0.00%,$0.00,$29.88,330,79.90%,$118.80,$148.68,,,,
Mantua Elementary,5/22/2025,20002,Fat Free Chocolate Milk(Each),244,8,252,200,200,0,200,$70.00,0,0.00%,$0.00,$70.00,0,0.00%,$0.00,$70.00,,,,
Mantua Elementary,5/22/2025,20008,Apple Slices(3 slices per 1/4 cup),0,0,0,150,150,0,150,$88.50,0,0.00%,$0.00,$88.50,0,0.00%,$0.00,$88.50,,,,
Mantua Elementary,5/22/2025,20010,Fresh Whole Pear(Each),0,0,0,0,0,0,0,$0.00,0,0.00%,$0.00,$0.00,0,0.00%,$0.00,$0.00,,,,
Mantua Elementary,5/22/2025,20017,Orange(1/4 cup),0,0,0,30,29,0,29,$4.93,1,3.33%,$0.17,$5.10,0,0.00%,$0.00,$5.10,,,,
Mantua Elementary,5/22/2025,20028,Lettuce Blend Salad Mix(1 cup),1,0,1,0,0,0,0,$0.00,0,0.00%,$0.00,$0.00,0,0.00%,$0.00,$0.00,,,,
Mantua Elementary,5/22/2025,20028,Lettuce Blend Salad Mix(1/2 cup),163,0,163,80,80,0,80,$6.40,0,0.00%,$0.00,$6.40,0,0.00%,$0.00,$6.40,,,,
Mantua Elementary,5/22/2025,20031,Banana(Each),173,0,173,100,100,0,100,$21.00,0,0.00%,$0.00,$21.00,0,0.00%,$0.00,$21.00,,,,
Mantua Elementary,5/22/2025,20036,Celery Sticks(1/2 cup),0,0,0,30,15,0,15,$8.25,0,0.00%,$0.00,$8.25,15,50.00%,$8.25,$16.50,,,,
Mantua Elementary,5/22/2025,20038,Fat Free White Milk(Each),57,0,57,87,18,0,18,$5.94,0,0.00%,$0.00,$5.94,69,79.31%,$22.77,$28.71,,,,
Mantua Elementary,5/22/2025,30039,Cherry Flavored Dried Cranberries(Each),93,3,96,0,0,0,0,$0.00,0,0.00%,$0.00,$0.00,0,0.00%,$0.00,$0.00,,,,
Mantua Elementary,5/22/2025,30041,Orange Flavored Dried Cranberries(Each),0,0,0,100,70,0,70,$16.80,0,0.00%,$0.00,$16.80,30,30.00%,$7.20,$24.00,,,,
Mantua Elementary,5/22/2025,30042,Original Flavored Dried Cranberries(Package),85,3,88,0,0,0,0,$0.00,0,0.00%,$0.00,$0.00,0,0.00%,$0.00,$0.00,,,,
Mantua Elementary,5/22/2025,30043,Raspberry Lemonade Flavored Dried Cranberries(Each),115,0,115,0,0,0,0,$0.00,0,0.00%,$0.00,$0.00,0,0.00%,$0.00,$0.00,,,,
Mantua Elementary,5/22/2025,30044,Strawberry Flavored Dried Cranberries(Each),0,0,0,0,0,0,0,$0.00,0,0.00%,$0.00,$0.00,0,0.00%,$0.00,$0.00,,,,
Mantua Elementary,5/22/2025,30045,Watermelon Flavored Dried Cranberries(Each),76,0,76,0,0,0,0,$0.00,0,0.00%,$0.00,$0.00,0,0.00%,$0.00,$0.00,,,,
Mantua Elementary,5/22/2025,30077,Italian Dressing(1 ounce),30,0,30,20,20,0,20,$1.60,0,0.00%,$0.00,$1.60,0,0.00%,$0.00,$1.60,,,,
Mantua Elementary,5/22/2025,30099,Chickpeas(1/4 cup),50,0,50,50,20,0,20,$1.80,30,60.00%,$2.70,$4.50,0,0.00%,$0.00,$4.50,,,,
Mantua Elementary,5/22/2025,30107,Ranch Dressing(1 ounce),79,0,79,40,40,0,40,$4.40,0,0.00%,$0.00,$4.40,0,0.00%,$0.00,$4.40,,,,
Mantua Elementary,5/22/2025,30158,Black Beans(1/2 Cup),2,0,2,0,0,0,0,$0.00,0,0.00%,$0.00,$0.00,0,0.00%,$0.00,$0.00,,,,
Mantua Elementary,5/22/2025,60035,PB&J Power Pack(Power Packs),118,6,124,30,10,0,10,$10.80,0,0.00%,$0.00,$10.80,20,66.67%,$21.60,$32.40,,,,
Mantua Elementary,5/22/2025,60036,Cherry Vanilla Yogurt Power Pack(Power Packs),33,0,33,0,0,0,0,$0.00,0,0.00%,$0.00,$0.00,0,0.00%,$0.00,$0.00,,,,
Mantua Elementary,5/22/2025,60037,Strawberry & Banana Yogurt Power Pack(Power Packs),35,6,41,0,0,0,0,$0.00,0,0.00%,$0.00,$0.00,0,0.00%,$0.00,$0.00,,,,
Mantua Elementary,5/22/2025,60038,Peach Yogurt Power Pack(Power Packs),40,0,40,20,3,0,3,$2.40,0,0.00%,$0.00,$2.40,17,85.00%,$13.60,$16.00,,,,
Mantua Elementary,5/22/2025,60054,Steamed Broccoli(1/2 cup),150,0,150,0,0,0,0,$0.00,0,0.00%,$0.00,$0.00,0,0.00%,$0.00,$0.00,,,,
Mantua Elementary,5/22/2025,60078,Nachos with Turkey Barbacoa and Cheese Sauce(Serving),0,0,0,20,19,0,19,$25.27,1,5.00%,$1.33,$26.60,0,0.00%,$0.00,$26.60,,,,
Mantua Elementary,5/22/2025,60120,Asian Veggie Sub(sandwich),11,0,11,248,247,0,247,$466.83,1,0.40%,$1.89,$468.72,0,0.00%,$0.00,$468.72,,,,
Mantua Elementary,5/22/2025,60122,Asian Meatball Sub(sandwich),95,4,99,140,116,0,116,$206.48,4,2.86%,$7.12,$213.60,20,14.29%,$35.60,$249.20,,,,
Mantua Elementary,5/22/2025,60124,Nachos with Cheese Sauce(Serving),0,0,0,6,5,0,5,$3.85,1,16.67%,$0.77,$4.62,0,0.00%,$0.00,$4.62,,,,
Mantua Elementary,5/22/2025,60150,Strawberry Parfait Power Pack(Power Pack),0,0,0,0,0,0,0,$0.00,0,0.00%,$0.00,$0.00,0,0.00%,$0.00,$0.00,,,,
Marshall Road Elementary,5/22/2025,10044,Soft Pretzel(1 pretzel),0,0,0,22,0,22,22,$0.00,0,0.00%,$0.00,$0.00,0,0.00%,$0.00,$0.00,,,,
Marshall Road Elementary,5/22/2025,20001,1% White Milk(Each),31,0,31,49,34,0,34,$12.24,0,0.00%,$0.00,$12.24,15,30.61%,$5.40,$17.64,,,,
Marshall Road Elementary,5/22/2025,20002,Fat Free Chocolate Milk(Each),219,0,219,270,226,20,246,$86.10,0,0.00%,$0.00,$86.10,24,8.89%,$8.40,$94.50,,,,
Marshall Road Elementary,5/22/2025,20015,Golden Delicious Apple(Each),0,0,0,100,90,0,90,$27.90,0,0.00%,$0.00,$27.90,10,10.00%,$3.10,$31.00,,,,
Marshall Road Elementary,5/22/2025,20016,String Cheese(Each),0,0,0,2,0,2,2,$0.00,0,0.00%,$0.00,$0.00,0,0.00%,$0.00,$0.00,,,,
Marshall Road Elementary,5/22/2025,20023,Baby Carrots(3 baby carrots per 1/4 cup),0,0,0,100,98,0,98,$8.82,0,0.00%,$0.00,$8.82,2,2.00%,$0.18,$9.00,,,,
Marshall Road Elementary,5/22/2025,20027,Broccoli Florets(1/4 cup),0,0,0,50,47,0,47,$3.76,0,0.00%,$0.00,$3.76,3,6.00%,$0.24,$4.00,,,,
Marshall Road Elementary,5/22/2025,20028,Lettuce Blend Salad Mix(1 cup),7,0,7,12,12,0,12,$1.92,0,0.00%,$0.00,$1.92,0,0.00%,$0.00,$1.92,,,,
Marshall Road Elementary,5/22/2025,20028,Lettuce Blend Salad Mix(1/2 cup),53,0,53,80,79,0,79,$6.32,1,1.25%,$0.08,$6.40,0,0.00%,$0.00,$6.40,,,,
Marshall Road Elementary,5/22/2025,20031,Banana(Each),107,0,107,112,102,0,102,$21.42,0,0.00%,$0.00,$21.42,10,8.93%,$2.10,$23.52,,,,
Marshall Road Elementary,5/22/2025,20036,Celery Sticks(1/2 cup),0,0,0,50,49,0,49,$26.95,1,2.00%,$0.55,$27.50,0,0.00%,$0.00,$27.50,,,,
Marshall Road Elementary,5/22/2025,20038,Fat Free White Milk(Each),8,0,8,22,5,0,5,$1.65,0,0.00%,$0.00,$1.65,17,77.27%,$5.61,$7.26,,,,
Marshall Road Elementary,5/22/2025,20047,Orange Slices(3 slices per 1/4 cup),0,0,0,200,189,0,189,$37.80,0,0.00%,$0.00,$37.80,11,5.50%,$2.20,$40.00,,,,
Marshall Road Elementary,5/22/2025,20052,Assorted  4 oz Yogurt(Container),0,0,0,11,0,11,11,$0.00,0,0.00%,$0.00,$0.00,0,0.00%,$0.00,$0.00,,,,
Marshall Road Elementary,5/22/2025,30008,Apple Juice(Each),0,0,0,20,0,20,20,$0.00,0,0.00%,$0.00,$0.00,0,0.00%,$0.00,$0.00,,,,
Marshall Road Elementary,5/22/2025,30009,Orange Tangerine Juice(Each),0,0,0,21,0,21,21,$0.00,0,0.00%,$0.00,$0.00,0,0.00%,$0.00,$0.00,,,,
Marshall Road Elementary,5/22/2025,30033,Cheez-Its Crackers(Package),0,0,0,28,0,28,28,$0.00,0,0.00%,$0.00,$0.00,0,0.00%,$0.00,$0.00,,,,
Marshall Road Elementary,5/22/2025,30034,Graham Crackers(Package),12,0,12,12,12,0,12,$1.68,0,0.00%,$0.00,$1.68,0,0.00%,$0.00,$1.68,,,,
Marshall Road Elementary,5/22/2025,30037,IW Applesauce Cup(Each),11,0,11,12,12,0,12,$3.24,0,0.00%,$0.00,$3.24,0,0.00%,$0.00,$3.24,,,,
Marshall Road Elementary,5/22/2025,30044,Strawberry Flavored Dried Cranberries(Each),107,0,107,70,54,0,54,$12.96,0,0.00%,$0.00,$12.96,16,22.86%,$3.84,$16.80,,,,
Marshall Road Elementary,5/22/2025,30077,Italian Dressing(1 ounce),28,0,28,36,15,0,15,$1.20,0,0.00%,$0.00,$1.20,21,58.33%,$1.68,$2.88,,,,
Marshall Road Elementary,5/22/2025,30107,Ranch Dressing(1 ounce),52,0,52,36,18,0,18,$1.98,0,0.00%,$0.00,$1.98,18,50.00%,$1.98,$3.96,,,,
Marshall Road Elementary,5/22/2025,60038,Peach Yogurt Power Pack(Power Packs),27,0,27,50,46,0,46,$36.80,0,0.00%,$0.00,$36.80,4,8.00%,$3.20,$40.00,,,,
Marshall Road Elementary,5/22/2025,60100,Black Beans - salad bar entree(1/2 cup),0,0,0,18,17,1,18,$3.06,0,0.00%,$0.00,$3.06,0,0.00%,$0.00,$3.06,,,,
Marshall Road Elementary,5/22/2025,60120,Asian Veggie Sub(sandwich),124,0,124,157,143,13,156,$294.84,1,0.64%,$1.89,$296.73,0,0.00%,$0.00,$296.73,,,,
Marshall Road Elementary,5/22/2025,60122,Asian Meatball Sub(sandwich),92,0,92,85,70,5,75,$133.50,10,11.76%,$17.80,$151.30,0,0.00%,$0.00,$151.30,,,,
Mason Crest Elementary,5/22/2025,10033,Chocolate Chip Cookie(1/2 Cookie),30,0,30,34,0,34,34,$0.00,0,0.00%,$0.00,$0.00,0,0.00%,$0.00,$0.00,,,,
Mason Crest Elementary,5/22/2025,10044,Soft Pretzel(1 pretzel),2,0,2,7,0,5,5,$0.00,0,0.00%,$0.00,$0.00,2,28.57%,$0.00,$0.00,,,,
Mason Crest Elementary,5/22/2025,10062,Corn(1/4 cup (thawed)),43,0,43,96,73,0,73,$8.03,0,0.00%,$0.00,$8.03,23,23.96%,$2.53,$10.56,,,,
Mason Crest Elementary,5/22/2025,10074,"Frozen Berry, Triple Berry Blend(1/2 cup (thawed))",0,0,0,10,5,0,5,$0.15,0,0.00%,$0.00,$0.15,5,50.00%,$0.15,$0.30,,,,
Mason Crest Elementary,5/22/2025,20001,1% White Milk(Each),168,0,168,148,132,0,132,$47.52,1,0.68%,$0.36,$47.88,15,10.14%,$5.40,$53.28,,,,
Mason Crest Elementary,5/22/2025,20002,Fat Free Chocolate Milk(Each),300,0,300,307,269,7,276,$96.60,0,0.00%,$0.00,$96.60,31,10.10%,$10.85,$107.45,,,,
Mason Crest Elementary,5/22/2025,20014,Red Delicious Apple(Each - serving),0,0,0,75,70,0,70,$23.10,0,0.00%,$0.00,$23.10,5,6.67%,$1.65,$24.75,,,,
Mason Crest Elementary,5/22/2025,20016,String Cheese(Each),5,0,5,5,0,0,0,$0.00,0,0.00%,$0.00,$0.00,5,100.00%,$0.00,$0.00,,,,
Mason Crest Elementary,5/22/2025,20023,Baby Carrots(3 baby carrots per 1/4 cup),0,0,0,72,48,0,48,$4.32,0,0.00%,$0.00,$4.32,24,33.33%,$2.16,$6.48,,,,
Mason Crest Elementary,5/22/2025,20028,Lettuce Blend Salad Mix(1 cup),88,0,88,85,84,0,84,$13.44,1,1.18%,$0.16,$13.60,0,0.00%,$0.00,$13.60,,,,
Mason Crest Elementary,5/22/2025,20028,Lettuce Blend Salad Mix(1/2 cup),240,0,240,400,315,0,315,$25.20,5,1.25%,$0.40,$25.60,80,20.00%,$6.40,$32.00,,,,
Mason Crest Elementary,5/22/2025,20031,Banana(Each),173,0,173,254,249,0,249,$52.29,1,0.39%,$0.21,$52.50,4,1.57%,$0.84,$53.34,,,,
Mason Crest Elementary,5/22/2025,20038,Fat Free White Milk(Each),20,0,20,10,3,0,3,$0.99,0,0.00%,$0.00,$0.99,7,70.00%,$2.31,$3.30,,,,
Mason Crest Elementary,5/22/2025,20043,"Lactose Free, White Milk(Each)",0,0,0,3,3,0,3,$1.74,0,0.00%,$0.00,$1.74,0,0.00%,$0.00,$1.74,,,,
Mason Crest Elementary,5/22/2025,20047,Orange Slices(3 slices per 1/4 cup),0,0,0,578,298,0,298,$59.60,2,0.35%,$0.40,$60.00,278,48.10%,$55.60,$115.60,,,,
Mason Crest Elementary,5/22/2025,20047,Orange Slices(6 Slices per 1/2 cup),0,0,0,1,1,0,1,$0.40,0,0.00%,$0.00,$0.40,0,0.00%,$0.00,$0.40,,,,
Mason Crest Elementary,5/22/2025,20052,Assorted  4 oz Yogurt(Container),5,0,5,5,0,0,0,$0.00,0,0.00%,$0.00,$0.00,5,100.00%,$0.00,$0.00,,,,
Mason Crest Elementary,5/22/2025,30008,Apple Juice(Each),20,0,20,20,0,18,18,$0.00,0,0.00%,$0.00,$0.00,2,10.00%,$0.00,$0.00,,,,
Mason Crest Elementary,5/22/2025,30009,Orange Tangerine Juice(Each),10,0,10,10,0,0,0,$0.00,0,0.00%,$0.00,$0.00,10,100.00%,$0.00,$0.00,,,,
Mason Crest Elementary,5/22/2025,30024,Black Beans(1/4 Cup),0,0,0,50,33,0,33,$2.97,0,0.00%,$0.00,$2.97,17,34.00%,$1.53,$4.50,,,,
Mason Crest Elementary,5/22/2025,30034,Graham Crackers(Package),64,0,64,60,59,0,59,$8.26,1,1.67%,$0.14,$8.40,0,0.00%,$0.00,$8.40,,,,
Mason Crest Elementary,5/22/2025,30037,IW Applesauce Cup(Each),64,0,64,60,59,0,59,$15.93,1,1.67%,$0.27,$16.20,0,0.00%,$0.00,$16.20,,,,
Mason Crest Elementary,5/22/2025,30041,Orange Flavored Dried Cranberries(Each),20,0,20,20,0,0,0,$0.00,0,0.00%,$0.00,$0.00,20,100.00%,$0.00,$0.00,,,,
Mason Crest Elementary,5/22/2025,30077,Italian Dressing(1 ounce),112,0,112,133,108,0,108,$8.64,1,0.75%,$0.08,$8.72,24,18.05%,$1.92,$10.64,,,,
Mason Crest Elementary,5/22/2025,30094,Doritos Wild White Nacho Flavored Tortilla Chips(Bag),20,0,20,45,0,44,44,$0.00,0,0.00%,$0.00,$0.00,1,2.22%,$0.00,$0.00,,,,
Mason Crest Elementary,5/22/2025,30097,Bottled Water(Bottle),10,0,10,10,0,6,6,$0.00,0,0.00%,$0.00,$0.00,4,40.00%,$0.00,$0.00,,,,
Mason Crest Elementary,5/22/2025,30107,Ranch Dressing(1 ounce),136,0,136,50,37,0,37,$4.07,0,0.00%,$0.00,$4.07,13,26.00%,$1.43,$5.50,,,,
Mason Crest Elementary,5/22/2025,30158,Black Beans(1/2 Cup),2,0,2,2,0,0,0,$0.00,0,0.00%,$0.00,$0.00,2,100.00%,$0.00,$0.00,,,,
Mason Crest Elementary,5/22/2025,60035,PB&J Power Pack(Power Packs),100,0,100,122,108,2,110,$118.80,0,0.00%,$0.00,$118.80,12,9.84%,$12.96,$131.76,,,,
Mason Crest Elementary,5/22/2025,60036,Cherry Vanilla Yogurt Power Pack(Power Packs),20,0,20,10,0,0,0,$0.00,0,0.00%,$0.00,$0.00,10,100.00%,$0.00,$0.00,,,,
Mason Crest Elementary,5/22/2025,60037,Strawberry & Banana Yogurt Power Pack(Power Packs),22,0,22,53,39,0,39,$31.20,0,0.00%,$0.00,$31.20,14,26.42%,$11.20,$42.40,,,,
Mason Crest Elementary,5/22/2025,60038,Peach Yogurt Power Pack(Power Packs),20,0,20,10,0,0,0,$0.00,0,0.00%,$0.00,$0.00,10,100.00%,$0.00,$0.00,,,,
Mason Crest Elementary,5/22/2025,60042,Beef Meatball Sub Sandwich(Sandwich),0,0,0,7,7,0,7,$8.96,0,0.00%,$0.00,$8.96,0,0.00%,$0.00,$8.96,,,,
Mason Crest Elementary,5/22/2025,60054,Steamed Broccoli(1/4 cups),83,0,83,21,0,0,0,$0.00,0,0.00%,$0.00,$0.00,21,100.00%,$0.00,$0.00,,,,
Mason Crest Elementary,5/22/2025,60076,"Penne Pasta with Marinara and Beef Meatballs(cup cooked pasta, 1/2c sauce, 5 meatballs)",0,0,0,11,11,0,11,$13.75,0,0.00%,$0.00,$13.75,0,0.00%,$0.00,$13.75,,,,
Mason Crest Elementary,5/22/2025,60120,Asian Veggie Sub(sandwich),206,0,206,207,198,5,203,$383.67,0,0.00%,$0.00,$383.67,4,1.93%,$7.56,$391.23,,,,
Mason Crest Elementary,5/22/2025,60122,Asian Meatball Sub(sandwich),130,0,130,108,87,11,98,$174.44,3,2.78%,$5.34,$179.78,7,6.48%,$12.46,$192.24,,,,
Mason Crest Elementary,5/22/2025,60150,Strawberry Parfait Power Pack(Power Pack),20,0,20,10,0,0,0,$0.00,0,0.00%,$0.00,$0.00,10,100.00%,$0.00,$0.00,,,,
McLean High,5/22/2025,10013,"Patty, Chicken, Spicy, Breaded(2 strips)",40,0,40,0,0,0,0,$0.00,0,0.00%,$0.00,$0.00,0,0.00%,$0.00,$0.00,,,,
McLean High,5/22/2025,10015,Baked Cheese Sticks(2 Cheese Sticks),288,0,288,192,186,4,190,$125.40,2,1.04%,$1.32,$126.72,0,0.00%,$0.00,$126.72,,,,
McLean High,5/22/2025,10026,Chickenless Bites(4 Bites),100,0,100,200,173,0,173,$126.29,1,0.50%,$0.73,$127.02,26,13.00%,$18.98,$146.00,,,,
McLean High,5/22/2025,10027,"Bread, Loco(flatbread)",100,0,100,200,185,0,185,$55.50,0,0.00%,$0.00,$55.50,15,7.50%,$4.50,$60.00,,,,
McLean High,5/22/2025,10033,Chocolate Chip Cookie(Cookie),210,0,210,281,281,0,281,$75.87,0,0.00%,$0.00,$75.87,0,0.00%,$0.00,$75.87,,,,
McLean High,5/22/2025,10044,Soft Pretzel(1 pretzel),8,0,8,4,4,0,4,$0.88,0,0.00%,$0.00,$0.88,0,0.00%,$0.00,$0.88,,,,
McLean High,5/22/2025,10049,"WG 10"" Flour Tortilla(Tortilla)",12,0,12,0,0,0,0,$0.00,0,0.00%,$0.00,$0.00,0,0.00%,$0.00,$0.00,,,,
McLean High,5/22/2025,10051,"Turkey,  Breast, Pre-Sliced, Oven Roasted(3 Slices)",6,0,6,0,0,0,0,$0.00,0,0.00%,$0.00,$0.00,0,0.00%,$0.00,$0.00,,,,
McLean High,5/22/2025,10062,Corn(1/4 cup (thawed)),84,0,84,48,48,0,48,$5.28,0,0.00%,$0.00,$5.28,0,0.00%,$0.00,$5.28,,,,
McLean High,5/22/2025,10062,Corn(2 Tablespoons (thawed)),35,0,35,0,0,0,0,$0.00,0,0.00%,$0.00,$0.00,0,0.00%,$0.00,$0.00,,,,
McLean High,5/22/2025,20001,1% White Milk(Each),146,0,146,48,34,0,34,$12.24,0,0.00%,$0.00,$12.24,14,29.17%,$5.04,$17.28,,,,
McLean High,5/22/2025,20002,Fat Free Chocolate Milk(Each),308,0,308,156,140,0,140,$49.00,0,0.00%,$0.00,$49.00,16,10.26%,$5.60,$54.60,,,,
McLean High,5/22/2025,20006,"Cheese, Shredded, Cheddar(1/4 cup)",10,0,10,0,0,0,0,$0.00,0,0.00%,$0.00,$0.00,0,0.00%,$0.00,$0.00,,,,
McLean High,5/22/2025,20008,Apple Slices(3 slices per 1/4 cup),0,0,0,156,156,0,156,$92.04,0,0.00%,$0.00,$92.04,0,0.00%,$0.00,$92.04,,,,
McLean High,5/22/2025,20008,Apple Slices(6 Slices per 1/2 cup),72,0,72,0,0,0,0,$0.00,0,0.00%,$0.00,$0.00,0,0.00%,$0.00,$0.00,,,,
McLean High,5/22/2025,20016,String Cheese(Each),4,0,4,4,0,0,0,$0.00,0,0.00%,$0.00,$0.00,4,100.00%,$0.00,$0.00,,,,
McLean High,5/22/2025,20018,Red Seedless Grapes(2 Tablespoons),92,0,92,0,0,0,0,$0.00,0,0.00%,$0.00,$0.00,0,0.00%,$0.00,$0.00,,,,
McLean High,5/22/2025,20027,Broccoli Florets(1/4 cup),144,0,144,120,88,0,88,$7.04,0,0.00%,$0.00,$7.04,32,26.67%,$2.56,$9.60,,,,
McLean High,5/22/2025,20027,Broccoli Florets(6 Pieces per 1/2 cup),26,0,26,0,0,0,0,$0.00,0,0.00%,$0.00,$0.00,0,0.00%,$0.00,$0.00,,,,
McLean High,5/22/2025,20028,Lettuce Blend Salad Mix(1/2 cup),216,0,216,120,120,0,120,$9.60,0,0.00%,$0.00,$9.60,0,0.00%,$0.00,$9.60,,,,
McLean High,5/22/2025,20031,Banana(Each),200,0,200,124,124,0,124,$26.04,0,0.00%,$0.00,$26.04,0,0.00%,$0.00,$26.04,,,,
McLean High,5/22/2025,20035,"Onions, Red, Whole(2 Tablespoons (sliced))",3,0,3,0,0,0,0,$0.00,0,0.00%,$0.00,$0.00,0,0.00%,$0.00,$0.00,,,,
McLean High,5/22/2025,20038,Fat Free White Milk(Each),116,0,116,105,30,0,30,$9.90,0,0.00%,$0.00,$9.90,75,71.43%,$24.75,$34.65,,,,
McLean High,5/22/2025,20040,Cucumber Slices(2 Tablespoon),46,0,46,0,0,0,0,$0.00,0,0.00%,$0.00,$0.00,0,0.00%,$0.00,$0.00,,,,
McLean High,5/22/2025,20041,"Peppers, Green, Whole(2 Tablespoon)",3,0,3,0,0,0,0,$0.00,0,0.00%,$0.00,$0.00,0,0.00%,$0.00,$0.00,,,,
McLean High,5/22/2025,20042,"Peppers, Red, Whole(2 Tablespoons)",3,0,3,0,0,0,0,$0.00,0,0.00%,$0.00,$0.00,0,0.00%,$0.00,$0.00,,,,
McLean High,5/22/2025,20052,Assorted  4 oz Yogurt(Container),4,0,4,4,0,0,0,$0.00,0,0.00%,$0.00,$0.00,4,100.00%,$0.00,$0.00,,,,
McLean High,5/22/2025,30002,Sub Roll(Sub Roll),70,0,70,0,0,0,0,$0.00,0,0.00%,$0.00,$0.00,0,0.00%,$0.00,$0.00,,,,
McLean High,5/22/2025,30008,Apple Juice(Each),20,0,20,20,20,0,20,$3.40,0,0.00%,$0.00,$3.40,0,0.00%,$0.00,$3.40,,,,
McLean High,5/22/2025,30009,Orange Tangerine Juice(Each),20,0,20,20,13,0,13,$2.21,0,0.00%,$0.00,$2.21,7,35.00%,$1.19,$3.40,,,,
McLean High,5/22/2025,30014,Whole Wheat Dinner Roll(2 rolls),0,0,0,12,12,0,12,$3.36,0,0.00%,$0.00,$3.36,0,0.00%,$0.00,$3.36,,,,
McLean High,5/22/2025,30018,Marinara Sauce(1/4 Cup),288,0,288,144,144,0,144,$21.60,0,0.00%,$0.00,$21.60,0,0.00%,$0.00,$21.60,,,,
McLean High,5/22/2025,30024,Black Beans(1/4 Cup),72,0,72,72,62,0,62,$5.58,0,0.00%,$0.00,$5.58,10,13.89%,$0.90,$6.48,,,,
McLean High,5/22/2025,30033,Cheez-Its Crackers(Package),4,0,4,4,0,0,0,$0.00,0,0.00%,$0.00,$0.00,4,100.00%,$0.00,$0.00,,,,
McLean High,5/22/2025,30039,Cherry Flavored Dried Cranberries(Each),30,0,30,0,0,0,0,$0.00,0,0.00%,$0.00,$0.00,0,0.00%,$0.00,$0.00,,,,
McLean High,5/22/2025,30041,Orange Flavored Dried Cranberries(Each),60,0,60,60,60,0,60,$14.40,0,0.00%,$0.00,$14.40,0,0.00%,$0.00,$14.40,,,,
McLean High,5/22/2025,30044,Strawberry Flavored Dried Cranberries(Each),90,0,90,60,60,0,60,$14.40,0,0.00%,$0.00,$14.40,0,0.00%,$0.00,$14.40,,,,
McLean High,5/22/2025,30063,Ketchup Packet(Packet),210,0,210,240,228,0,228,$6.84,0,0.00%,$0.00,$6.84,12,5.00%,$0.36,$7.20,,,,
McLean High,5/22/2025,30064,Mayonnaise Packet(Packet),240,0,240,120,110,0,110,$11.00,0,0.00%,$0.00,$11.00,10,8.33%,$1.00,$12.00,,,,
McLean High,5/22/2025,30065,Mustard Packet(Packet),170,0,170,80,65,0,65,$3.25,0,0.00%,$0.00,$3.25,15,18.75%,$0.75,$4.00,,,,
McLean High,5/22/2025,30077,Italian Dressing(1 ounce),60,0,60,48,36,0,36,$2.88,0,0.00%,$0.00,$2.88,12,25.00%,$0.96,$3.84,,,,
McLean High,5/22/2025,30097,Bottled Water(Bottle),120,0,120,135,132,0,132,$21.12,0,0.00%,$0.00,$21.12,3,2.22%,$0.48,$21.60,,,,
McLean High,5/22/2025,30099,Chickpeas(2 Tablespoons),33,0,33,0,0,0,0,$0.00,0,0.00%,$0.00,$0.00,0,0.00%,$0.00,$0.00,,,,
McLean High,5/22/2025,30107,Ranch Dressing(1 ounce),168,0,168,96,90,0,90,$9.90,0,0.00%,$0.00,$9.90,6,6.25%,$0.66,$10.56,,,,
McLean High,5/22/2025,30110,Doritos Flamas(Each),8,0,8,36,36,0,36,$13.32,0,0.00%,$0.00,$13.32,0,0.00%,$0.00,$13.32,,,,
McLean High,5/22/2025,30112,Doritos RF Nacho Cheese(Each),8,0,8,24,24,0,24,$8.88,0,0.00%,$0.00,$8.88,0,0.00%,$0.00,$8.88,,,,
McLean High,5/22/2025,30113,Cool Ranch Reduced Fat Doritos(Each),8,0,8,36,36,0,36,$13.32,0,0.00%,$0.00,$13.32,0,0.00%,$0.00,$13.32,,,,
McLean High,5/22/2025,30114,SS Baked Cheetos Flaming Hot(Each),8,0,8,36,36,0,36,$19.08,0,0.00%,$0.00,$19.08,0,0.00%,$0.00,$19.08,,,,
McLean High,5/22/2025,30118,Kettle Cooked Smoky BBQ Chips(Each),16,0,16,60,60,0,60,$36.00,0,0.00%,$0.00,$36.00,0,0.00%,$0.00,$36.00,,,,
McLean High,5/22/2025,30119,RF Kettle Chips Jalapeno & Cheddar Chips(Each),8,0,8,36,36,0,36,$21.60,0,0.00%,$0.00,$21.60,0,0.00%,$0.00,$21.60,,,,
McLean High,5/22/2025,30120,RF Kettle Chips Sea Salt & Vinegar Chips(Each),8,0,8,36,36,0,36,$21.60,0,0.00%,$0.00,$21.60,0,0.00%,$0.00,$21.60,,,,
McLean High,5/22/2025,30121,Kellogg’s W/G Rice Krispies Treats(Each),0,0,0,40,32,0,32,$23.68,0,0.00%,$0.00,$23.68,8,20.00%,$5.92,$29.60,,,,
McLean High,5/22/2025,30122,WG Chocolate Chip Rice Krispy Treats(Each),0,0,0,40,36,0,36,$21.60,0,0.00%,$0.00,$21.60,4,10.00%,$2.40,$24.00,,,,
McLean High,5/22/2025,30124,"Fruit Snacks, Welch's Mixed(Each)",12,0,12,24,20,0,20,$8.00,0,0.00%,$0.00,$8.00,4,16.67%,$1.60,$9.60,,,,
McLean High,5/22/2025,60035,PB&J Power Pack(Power Packs),96,0,96,120,115,0,115,$124.20,0,0.00%,$0.00,$124.20,5,4.17%,$5.40,$129.60,,,,
McLean High,5/22/2025,60037,Strawberry & Banana Yogurt Power Pack(Power Packs),2,0,2,6,6,0,6,$4.80,0,0.00%,$0.00,$4.80,0,0.00%,$0.00,$4.80,,,,
McLean High,5/22/2025,60047,Chicken Tenders(3 tenders),0,0,0,12,12,0,12,$11.28,0,0.00%,$0.00,$11.28,0,0.00%,$0.00,$11.28,,,,
McLean High,5/22/2025,60050,Chickenless Bites(2 Bites),26,0,26,0,0,0,0,$0.00,0,0.00%,$0.00,$0.00,0,0.00%,$0.00,$0.00,,,,
McLean High,5/22/2025,60072,Spicy Breaded Chicken Patty on Bun(Sandwich),0,0,0,9,4,5,9,$6.75,0,0.00%,$0.00,$6.75,0,0.00%,$0.00,$6.75,,,,
McLean High,5/22/2025,60075,Spicy Chicken Wrap(Wrap),10,0,10,10,7,0,7,$8.19,0,0.00%,$0.00,$8.19,3,30.00%,$3.51,$11.70,,,,
McLean High,5/22/2025,60077,Manager's Vegetable Choice(1/4 cup),184,0,184,144,138,0,138,$0.00,0,0.00%,$0.00,$0.00,6,4.17%,$0.00,$0.00,,,,
McLean High,5/22/2025,60100,Black Beans - salad bar entree(1/2 cup),12,0,12,12,0,0,0,$0.00,0,0.00%,$0.00,$0.00,12,100.00%,$0.00,$0.00,,,,
McLean High,5/22/2025,60120,Asian Veggie Sub(sandwich),24,0,24,12,12,0,12,$22.68,0,0.00%,$0.00,$22.68,0,0.00%,$0.00,$22.68,,,,
McLean High,5/22/2025,60122,Asian Meatball Sub(sandwich),200,5,205,200,97,2,99,$176.22,1,0.50%,$1.78,$178.00,100,50.00%,$178.00,$356.00,,,,
McLean High,5/22/2025,60150,Strawberry Parfait Power Pack(Power Pack),6,0,6,4,0,0,0,$0.00,0,0.00%,$0.00,$0.00,4,100.00%,$0.00,$0.00,,,,
McNair Elementary,5/22/2025,10044,Soft Pretzel(1 pretzel),22,0,22,34,25,0,25,$5.50,0,0.00%,$0.00,$5.50,9,26.47%,$1.98,$7.48,,,,
McNair Elementary,5/22/2025,20001,1% White Milk(Each),135,0,135,155,102,0,102,$36.72,0,0.00%,$0.00,$36.72,53,34.19%,$19.08,$55.80,,,,
McNair Elementary,5/22/2025,20002,Fat Free Chocolate Milk(Each),98,0,98,75,73,0,73,$25.55,2,2.67%,$0.70,$26.25,0,0.00%,$0.00,$26.25,,,,
McNair Elementary,5/22/2025,20018,Red Seedless Grapes(16 grapes per 1/2 cup),0,0,0,332,270,0,270,$137.70,5,1.51%,$2.55,$140.25,57,17.17%,$29.07,$169.32,,,,
McNair Elementary,5/22/2025,20027,Broccoli Florets(1/4 cup),0,0,0,42,29,0,29,$2.32,3,7.14%,$0.24,$2.56,10,23.81%,$0.80,$3.36,,,,
McNair Elementary,5/22/2025,20028,Lettuce Blend Salad Mix(1 cup),103,0,103,100,100,0,100,$16.00,0,0.00%,$0.00,$16.00,0,0.00%,$0.00,$16.00,,,,
McNair Elementary,5/22/2025,20028,Lettuce Blend Salad Mix(1/2 cup),114,0,114,100,96,0,96,$7.68,4,4.00%,$0.32,$8.00,0,0.00%,$0.00,$8.00,,,,
McNair Elementary,5/22/2025,20031,Banana(Each),100,0,100,100,100,0,100,$21.00,0,0.00%,$0.00,$21.00,0,0.00%,$0.00,$21.00,,,,
McNair Elementary,5/22/2025,20038,Fat Free White Milk(Each),15,0,15,65,17,0,17,$5.61,0,0.00%,$0.00,$5.61,48,73.85%,$15.84,$21.45,,,,
McNair Elementary,5/22/2025,20043,"Lactose Free, White Milk(Each)",0,0,0,4,4,0,4,$2.32,0,0.00%,$0.00,$2.32,0,0.00%,$0.00,$2.32,,,,
McNair Elementary,5/22/2025,20047,Orange Slices(3 slices per 1/4 cup),0,0,0,204,116,0,116,$23.20,3,1.47%,$0.60,$23.80,85,41.67%,$17.00,$40.80,,,,
McNair Elementary,5/22/2025,20077,"Peppers, red, pre-sliced(1/2 cup sliced)",0,0,0,35,25,0,25,$14.00,2,5.71%,$1.12,$15.12,8,22.86%,$4.48,$19.60,,,,
McNair Elementary,5/22/2025,30034,Graham Crackers(Package),81,0,81,80,80,0,80,$11.20,0,0.00%,$0.00,$11.20,0,0.00%,$0.00,$11.20,,,,
McNair Elementary,5/22/2025,30037,IW Applesauce Cup(Each),82,0,82,80,80,0,80,$21.60,0,0.00%,$0.00,$21.60,0,0.00%,$0.00,$21.60,,,,
McNair Elementary,5/22/2025,30039,Cherry Flavored Dried Cranberries(Each),51,0,51,2,2,0,2,$0.48,0,0.00%,$0.00,$0.48,0,0.00%,$0.00,$0.48,,,,
McNair Elementary,5/22/2025,30099,Chickpeas(1/4 cup),15,0,15,165,137,0,137,$12.33,3,1.82%,$0.27,$12.60,25,15.15%,$2.25,$14.85,,,,
McNair Elementary,5/22/2025,30107,Ranch Dressing(1 ounce),119,0,119,124,118,0,118,$12.98,0,0.00%,$0.00,$12.98,6,4.84%,$0.66,$13.64,,,,
McNair Elementary,5/22/2025,30184,"Milk, Soy, Vanilla (24/8 oz)(each)",0,0,0,1,1,0,1,$1.02,0,0.00%,$0.00,$1.02,0,0.00%,$0.00,$1.02,,,,
McNair Elementary,5/22/2025,60021,Cooked  Brown Rice(1 cup cooked),0,0,0,1,1,0,1,$0.11,0,0.00%,$0.00,$0.11,0,0.00%,$0.00,$0.11,,,,
McNair Elementary,5/22/2025,60035,PB&J Power Pack(Power Packs),27,0,27,45,41,0,41,$44.28,1,2.22%,$1.08,$45.36,3,6.67%,$3.24,$48.60,,,,
McNair Elementary,5/22/2025,60036,Cherry Vanilla Yogurt Power Pack(Power Packs),12,0,12,30,25,0,25,$20.00,0,0.00%,$0.00,$20.00,5,16.67%,$4.00,$24.00,,,,
McNair Elementary,5/22/2025,60037,Strawberry & Banana Yogurt Power Pack(Power Packs),1,0,1,2,2,0,2,$1.60,0,0.00%,$0.00,$1.60,0,0.00%,$0.00,$1.60,,,,
McNair Elementary,5/22/2025,60066,Beef Meatballs(Serving),0,0,0,1,1,0,1,$0.65,0,0.00%,$0.00,$0.65,0,0.00%,$0.00,$0.65,,,,
McNair Elementary,5/22/2025,60077,Manager's Vegetable Choice(1/4 cup),135,0,135,24,16,0,16,$0.00,2,8.33%,$0.00,$0.00,6,25.00%,$0.00,$0.00,,,,
McNair Elementary,5/22/2025,60120,Asian Veggie Sub(sandwich),58,0,58,124,114,2,116,$219.24,8,6.45%,$15.12,$234.36,0,0.00%,$0.00,$234.36,,,,
McNair Elementary,5/22/2025,60122,Asian Meatball Sub(sandwich),81,17,98,86,74,7,81,$144.18,5,5.81%,$8.90,$153.08,0,0.00%,$0.00,$153.08,,,,
McNair Upper Elementary,5/22/2025,10033,Chocolate Chip Cookie(1/2 Cookie),85,0,85,0,0,0,0,$0.00,0,0.00%,$0.00,$0.00,0,0.00%,$0.00,$0.00,,,,
McNair Upper Elementary,5/22/2025,10044,Soft Pretzel(1 pretzel),0,0,0,12,10,0,10,$2.20,2,16.67%,$0.44,$2.64,0,0.00%,$0.00,$2.64,,,,
McNair Upper Elementary,5/22/2025,20001,1% White Milk(Each),9,0,9,112,11,0,11,$3.96,0,0.00%,$0.00,$3.96,101,90.18%,$36.36,$40.32,,,,
McNair Upper Elementary,5/22/2025,20002,Fat Free Chocolate Milk(Each),127,0,127,304,140,0,140,$49.00,0,0.00%,$0.00,$49.00,164,53.95%,$57.40,$106.40,,,,
McNair Upper Elementary,5/22/2025,20028,Lettuce Blend Salad Mix(1/2 cup),144,0,144,200,180,0,180,$14.40,20,10.00%,$1.60,$16.00,0,0.00%,$0.00,$16.00,,,,
McNair Upper Elementary,5/22/2025,20031,Banana(Each),56,0,56,24,24,0,24,$5.04,0,0.00%,$0.00,$5.04,0,0.00%,$0.00,$5.04,,,,
McNair Upper Elementary,5/22/2025,20038,Fat Free White Milk(Each),3,0,3,21,2,0,2,$0.66,0,0.00%,$0.00,$0.66,19,90.48%,$6.27,$6.93,,,,
McNair Upper Elementary,5/22/2025,20052,Assorted  4 oz Yogurt(Container),1,0,1,0,0,0,0,$0.00,0,0.00%,$0.00,$0.00,0,0.00%,$0.00,$0.00,,,,
McNair Upper Elementary,5/22/2025,30008,Apple Juice(Each),1,0,1,0,0,0,0,$0.00,0,0.00%,$0.00,$0.00,0,0.00%,$0.00,$0.00,,,,
McNair Upper Elementary,5/22/2025,30009,Orange Tangerine Juice(Each),2,0,2,0,0,0,0,$0.00,0,0.00%,$0.00,$0.00,0,0.00%,$0.00,$0.00,,,,
McNair Upper Elementary,5/22/2025,30033,Cheez-Its Crackers(Package),1,0,1,0,0,0,0,$0.00,0,0.00%,$0.00,$0.00,0,0.00%,$0.00,$0.00,,,,
McNair Upper Elementary,5/22/2025,30039,Cherry Flavored Dried Cranberries(Each),13,0,13,5,3,0,3,$0.72,0,0.00%,$0.00,$0.72,2,40.00%,$0.48,$1.20,,,,
McNair Upper Elementary,5/22/2025,30041,Orange Flavored Dried Cranberries(Each),12,0,12,5,4,0,4,$0.96,0,0.00%,$0.00,$0.96,1,20.00%,$0.24,$1.20,,,,
McNair Upper Elementary,5/22/2025,30042,Original Flavored Dried Cranberries(Package),10,0,10,5,4,0,4,$0.96,0,0.00%,$0.00,$0.96,1,20.00%,$0.24,$1.20,,,,
McNair Upper Elementary,5/22/2025,30043,Raspberry Lemonade Flavored Dried Cranberries(Each),26,0,26,5,3,0,3,$0.72,0,0.00%,$0.00,$0.72,2,40.00%,$0.48,$1.20,,,,
McNair Upper Elementary,5/22/2025,30044,Strawberry Flavored Dried Cranberries(Each),12,0,12,5,2,0,2,$0.48,0,0.00%,$0.00,$0.48,3,60.00%,$0.72,$1.20,,,,
McNair Upper Elementary,5/22/2025,30045,Watermelon Flavored Dried Cranberries(Each),14,0,14,5,4,0,4,$0.96,0,0.00%,$0.00,$0.96,1,20.00%,$0.24,$1.20,,,,
McNair Upper Elementary,5/22/2025,30077,Italian Dressing(1 ounce),26,0,26,25,22,0,22,$1.76,0,0.00%,$0.00,$1.76,3,12.00%,$0.24,$2.00,,,,
McNair Upper Elementary,5/22/2025,30094,Doritos Wild White Nacho Flavored Tortilla Chips(Bag),44,0,44,0,0,0,0,$0.00,0,0.00%,$0.00,$0.00,0,0.00%,$0.00,$0.00,,,,
McNair Upper Elementary,5/22/2025,30097,Bottled Water(Bottle),5,0,5,0,0,0,0,$0.00,0,0.00%,$0.00,$0.00,0,0.00%,$0.00,$0.00,,,,
McNair Upper Elementary,5/22/2025,30099,Chickpeas(1/4 cup),32,0,32,32,20,0,20,$1.80,12,37.50%,$1.08,$2.88,0,0.00%,$0.00,$2.88,,,,
McNair Upper Elementary,5/22/2025,30107,Ranch Dressing(1 ounce),72,0,72,75,70,0,70,$7.70,0,0.00%,$0.00,$7.70,5,6.67%,$0.55,$8.25,,,,
McNair Upper Elementary,5/22/2025,60035,PB&J Power Pack(Power Packs),46,0,46,59,57,0,57,$61.56,0,0.00%,$0.00,$61.56,2,3.39%,$2.16,$63.72,,,,
McNair Upper Elementary,5/22/2025,60037,Strawberry & Banana Yogurt Power Pack(Power Packs),9,0,9,5,3,0,3,$2.40,0,0.00%,$0.00,$2.40,2,40.00%,$1.60,$4.00,,,,
McNair Upper Elementary,5/22/2025,60038,Peach Yogurt Power Pack(Power Packs),3,0,3,10,7,0,7,$5.60,0,0.00%,$0.00,$5.60,3,30.00%,$2.40,$8.00,,,,
McNair Upper Elementary,5/22/2025,60077,Manager's Vegetable Choice(1/4 cup),30,0,30,60,50,0,50,$0.00,0,0.00%,$0.00,$0.00,10,16.67%,$0.00,$0.00,,,,
McNair Upper Elementary,5/22/2025,60100,Black Beans - salad bar entree(1/2 cup),0,0,0,5,1,0,1,$0.17,4,80.00%,$0.68,$0.85,0,0.00%,$0.00,$0.85,,,,
McNair Upper Elementary,5/22/2025,60122,Asian Meatball Sub(sandwich),65,0,65,183,171,4,175,$311.50,8,4.37%,$14.24,$325.74,0,0.00%,$0.00,$325.74,,,,
Mosaic Elementary,5/22/2025,10044,Soft Pretzel(1 pretzel),10,0,10,24,24,0,24,$5.28,0,0.00%,$0.00,$5.28,0,0.00%,$0.00,$5.28,,,,
Mosaic Elementary,5/22/2025,10066,"Chicken, Drumstick, Roasted(Each Drumstick)",0,0,0,1,1,0,1,$1.05,0,0.00%,$0.00,$1.05,0,0.00%,$0.00,$1.05,,,,
Mosaic Elementary,5/22/2025,20001,1% White Milk(Each),80,0,80,299,138,0,138,$49.68,0,0.00%,$0.00,$49.68,161,53.85%,$57.96,$107.64,,,,
Mosaic Elementary,5/22/2025,20002,Fat Free Chocolate Milk(Each),255,0,255,198,198,0,198,$69.30,0,0.00%,$0.00,$69.30,0,0.00%,$0.00,$69.30,,,,
Mosaic Elementary,5/22/2025,20008,Apple Slices(6 Slices per 1/2 cup),0,0,0,17,17,0,17,$20.06,0,0.00%,$0.00,$20.06,0,0.00%,$0.00,$20.06,,,,
Mosaic Elementary,5/22/2025,20015,Golden Delicious Apple(Each),0,0,0,90,90,0,90,$27.90,0,0.00%,$0.00,$27.90,0,0.00%,$0.00,$27.90,,,,
Mosaic Elementary,5/22/2025,20018,Red Seedless Grapes(16 grapes per 1/2 cup),0,0,0,72,12,0,12,$6.12,0,0.00%,$0.00,$6.12,60,83.33%,$30.60,$36.72,,,,
Mosaic Elementary,5/22/2025,20027,Broccoli Florets(6 Pieces per 1/2 cup),0,0,0,21,21,0,21,$3.15,0,0.00%,$0.00,$3.15,0,0.00%,$0.00,$3.15,,,,
Mosaic Elementary,5/22/2025,20028,Lettuce Blend Salad Mix(1/2 cup),120,0,120,120,120,0,120,$9.60,0,0.00%,$0.00,$9.60,0,0.00%,$0.00,$9.60,,,,
Mosaic Elementary,5/22/2025,20038,Fat Free White Milk(Each),28,0,28,88,36,0,36,$11.88,0,0.00%,$0.00,$11.88,52,59.09%,$17.16,$29.04,,,,
Mosaic Elementary,5/22/2025,20047,Orange Slices(6 Slices per 1/2 cup),0,0,0,87,67,0,67,$26.80,0,0.00%,$0.00,$26.80,20,22.99%,$8.00,$34.80,,,,
Mosaic Elementary,5/22/2025,20077,"Peppers, red, pre-sliced(1/2 cup sliced)",0,0,0,70,35,0,35,$19.60,0,0.00%,$0.00,$19.60,35,50.00%,$19.60,$39.20,,,,
Mosaic Elementary,5/22/2025,30008,Apple Juice(Each),20,0,20,20,2,0,2,$0.34,0,0.00%,$0.00,$0.34,18,90.00%,$3.06,$3.40,,,,
Mosaic Elementary,5/22/2025,30024,Black Beans(1/2 Cup),0,0,0,24,24,0,24,$4.08,0,0.00%,$0.00,$4.08,0,0.00%,$0.00,$4.08,,,,
Mosaic Elementary,5/22/2025,30034,Graham Crackers(Package),17,0,17,17,17,0,17,$2.38,0,0.00%,$0.00,$2.38,0,0.00%,$0.00,$2.38,,,,
Mosaic Elementary,5/22/2025,30068,Chilled Peaches(1/2 cup (drained)),0,0,0,14,14,0,14,$7.14,0,0.00%,$0.00,$7.14,0,0.00%,$0.00,$7.14,,,,
Mosaic Elementary,5/22/2025,30077,Italian Dressing(1 ounce),1,0,1,24,24,0,24,$1.92,0,0.00%,$0.00,$1.92,0,0.00%,$0.00,$1.92,,,,
Mosaic Elementary,5/22/2025,30097,Bottled Water(Bottle),30,0,30,45,45,0,45,$7.20,0,0.00%,$0.00,$7.20,0,0.00%,$0.00,$7.20,,,,
Mosaic Elementary,5/22/2025,30102,1% Unflavored Shelf-Stable Milk(Each),0,0,0,37,37,0,37,$14.06,0,0.00%,$0.00,$14.06,0,0.00%,$0.00,$14.06,,,,
Mosaic Elementary,5/22/2025,30107,Ranch Dressing(1 ounce),10,0,10,36,36,0,36,$3.96,0,0.00%,$0.00,$3.96,0,0.00%,$0.00,$3.96,,,,
Mosaic Elementary,5/22/2025,30158,Black Beans(1/2 Cup),24,0,24,24,24,0,24,$4.08,0,0.00%,$0.00,$4.08,0,0.00%,$0.00,$4.08,,,,
Mosaic Elementary,5/22/2025,30184,"Milk, Soy, Vanilla (24/8 oz)(each)",0,0,0,1,1,0,1,$1.02,0,0.00%,$0.00,$1.02,0,0.00%,$0.00,$1.02,,,,
Mosaic Elementary,5/22/2025,60009,"Sandwich, Turkey & Cheese(sandwich)",0,0,0,10,10,0,10,$6.90,0,0.00%,$0.00,$6.90,0,0.00%,$0.00,$6.90,,,,
Mosaic Elementary,5/22/2025,60035,PB&J Power Pack(Power Packs),100,0,100,145,109,0,109,$117.72,0,0.00%,$0.00,$117.72,36,24.83%,$38.88,$156.60,,,,
Mosaic Elementary,5/22/2025,60036,Cherry Vanilla Yogurt Power Pack(Power Packs),0,0,0,88,70,0,70,$56.00,0,0.00%,$0.00,$56.00,18,20.45%,$14.40,$70.40,,,,
Mosaic Elementary,5/22/2025,60077,Manager's Vegetable Choice(1/2 cup),88,0,88,48,48,0,48,$0.00,0,0.00%,$0.00,$0.00,0,0.00%,$0.00,$0.00,,,,
Mosaic Elementary,5/22/2025,60079,Nachos with Black Beans and Cheese Sauce(Serving),0,0,0,24,12,12,24,$15.12,0,0.00%,$0.00,$15.12,0,0.00%,$0.00,$15.12,,,,
Mosaic Elementary,5/22/2025,60120,Asian Veggie Sub(sandwich),84,0,84,207,146,30,176,$332.64,1,0.48%,$1.89,$334.53,30,14.49%,$56.70,$391.23,,,,
Mosaic Elementary,5/22/2025,60122,Asian Meatball Sub(sandwich),86,0,86,102,53,0,53,$94.34,1,0.98%,$1.78,$96.12,48,47.06%,$85.44,$181.56,,,,
Mosaic Elementary,5/22/2025,60148,Turkey Barbacoa Arepa(1 Arepa + #10 scoop of turkey barbacoa),0,0,0,15,9,0,9,$12.96,1,6.67%,$1.44,$14.40,5,33.33%,$7.20,$21.60,,,,
Mount Eagle Elementary,5/22/2025,10026,Chickenless Bites(2 Bites),0,0,0,54,54,0,54,$19.44,0,0.00%,$0.00,$19.44,0,0.00%,$0.00,$19.44,,,,
Mount Eagle Elementary,5/22/2025,10062,Corn(1/4 cup (thawed)),72,0,72,80,80,0,80,$8.80,0,0.00%,$0.00,$8.80,0,0.00%,$0.00,$8.80,,,,
Mount Eagle Elementary,5/22/2025,20001,1% White Milk(Each),49,0,49,59,40,0,40,$14.40,0,0.00%,$0.00,$14.40,19,32.20%,$6.84,$21.24,,,,
Mount Eagle Elementary,5/22/2025,20002,Fat Free Chocolate Milk(Each),219,0,219,5,5,0,5,$1.75,0,0.00%,$0.00,$1.75,0,0.00%,$0.00,$1.75,,,,
Mount Eagle Elementary,5/22/2025,20028,Lettuce Blend Salad Mix(1 cup),18,0,18,19,19,0,19,$3.04,0,0.00%,$0.00,$3.04,0,0.00%,$0.00,$3.04,,,,
Mount Eagle Elementary,5/22/2025,20028,Lettuce Blend Salad Mix(1/2 cup),161,0,161,160,160,0,160,$12.80,0,0.00%,$0.00,$12.80,0,0.00%,$0.00,$12.80,,,,
Mount Eagle Elementary,5/22/2025,20031,Banana(Each),17,0,17,68,67,0,67,$14.07,0,0.00%,$0.00,$14.07,1,1.47%,$0.21,$14.28,,,,
Mount Eagle Elementary,5/22/2025,20038,Fat Free White Milk(Each),4,0,4,250,250,0,250,$82.50,0,0.00%,$0.00,$82.50,0,0.00%,$0.00,$82.50,,,,
Mount Eagle Elementary,5/22/2025,20047,Orange Slices(3 slices per 1/4 cup),0,0,0,240,240,0,240,$48.00,0,0.00%,$0.00,$48.00,0,0.00%,$0.00,$48.00,,,,
Mount Eagle Elementary,5/22/2025,30034,Graham Crackers(Package),17,0,17,18,18,0,18,$2.52,0,0.00%,$0.00,$2.52,0,0.00%,$0.00,$2.52,,,,
Mount Eagle Elementary,5/22/2025,30037,IW Applesauce Cup(Each),16,0,16,19,19,0,19,$5.13,0,0.00%,$0.00,$5.13,0,0.00%,$0.00,$5.13,,,,
Mount Eagle Elementary,5/22/2025,30077,Italian Dressing(1 ounce),49,0,49,121,98,0,98,$7.84,0,0.00%,$0.00,$7.84,23,19.01%,$1.84,$9.68,,,,
Mount Eagle Elementary,5/22/2025,30099,Chickpeas(1/4 cup),36,0,36,25,25,0,25,$2.25,0,0.00%,$0.00,$2.25,0,0.00%,$0.00,$2.25,,,,
Mount Eagle Elementary,5/22/2025,30107,Ranch Dressing(1 ounce),87,0,87,137,126,0,126,$13.86,0,0.00%,$0.00,$13.86,11,8.03%,$1.21,$15.07,,,,
Mount Eagle Elementary,5/22/2025,60035,PB&J Power Pack(Power Packs),40,0,40,35,33,0,33,$35.64,0,0.00%,$0.00,$35.64,2,5.71%,$2.16,$37.80,,,,
Mount Eagle Elementary,5/22/2025,60037,Strawberry & Banana Yogurt Power Pack(Power Packs),31,0,31,30,29,0,29,$23.20,0,0.00%,$0.00,$23.20,1,3.33%,$0.80,$24.00,,,,
Mount Eagle Elementary,5/22/2025,60054,Steamed Broccoli(1/2 cup),84,0,84,120,120,0,120,$18.00,0,0.00%,$0.00,$18.00,0,0.00%,$0.00,$18.00,,,,
Mount Eagle Elementary,5/22/2025,60077,Manager's Vegetable Choice(1/4 cup),133,0,133,60,60,0,60,$0.00,0,0.00%,$0.00,$0.00,0,0.00%,$0.00,$0.00,,,,
Mount Eagle Elementary,5/22/2025,60090,Assorted Craisins(Packet),0,0,0,25,25,0,25,$6.00,0,0.00%,$0.00,$6.00,0,0.00%,$0.00,$6.00,,,,
Mount Eagle Elementary,5/22/2025,60120,Asian Veggie Sub(sandwich),64,0,64,63,63,0,63,$119.07,0,0.00%,$0.00,$119.07,0,0.00%,$0.00,$119.07,,,,
Mount Eagle Elementary,5/22/2025,60122,Asian Meatball Sub(sandwich),126,0,126,124,118,5,123,$218.94,0,0.00%,$0.00,$218.94,1,0.81%,$1.78,$220.72,,,,
Mt. Vernon Woods Elementary,5/22/2025,10015,Baked Cheese Sticks(2 Cheese Sticks),0,0,0,44,43,0,43,$28.38,1,2.27%,$0.66,$29.04,0,0.00%,$0.00,$29.04,,,,
Mt. Vernon Woods Elementary,5/22/2025,20001,1% White Milk(Each),75,0,75,115,65,0,65,$23.40,0,0.00%,$0.00,$23.40,50,43.48%,$18.00,$41.40,,,,
Mt. Vernon Woods Elementary,5/22/2025,20002,Fat Free Chocolate Milk(Each),271,0,271,361,260,0,260,$91.00,0,0.00%,$0.00,$91.00,101,27.98%,$35.35,$126.35,,,,
Mt. Vernon Woods Elementary,5/22/2025,20008,Apple Slices(3 slices per 1/4 cup),0,0,0,580,580,0,580,$342.20,0,0.00%,$0.00,$342.20,0,0.00%,$0.00,$342.20,,,,
Mt. Vernon Woods Elementary,5/22/2025,20012,Grape Tomatoes(1/4 cup),0,0,0,144,24,0,24,$6.24,0,0.00%,$0.00,$6.24,120,83.33%,$31.20,$37.44,,,,
Mt. Vernon Woods Elementary,5/22/2025,20014,Red Delicious Apple(Each - serving),0,0,0,15,5,0,5,$1.65,0,0.00%,$0.00,$1.65,10,66.67%,$3.30,$4.95,,,,
Mt. Vernon Woods Elementary,5/22/2025,20023,Baby Carrots(3 baby carrots per 1/4 cup),0,0,0,144,96,0,96,$8.64,0,0.00%,$0.00,$8.64,48,33.33%,$4.32,$12.96,,,,
Mt. Vernon Woods Elementary,5/22/2025,20028,Lettuce Blend Salad Mix(1 cup),54,0,54,55,55,0,55,$8.80,0,0.00%,$0.00,$8.80,0,0.00%,$0.00,$8.80,,,,
Mt. Vernon Woods Elementary,5/22/2025,20028,Lettuce Blend Salad Mix(1/2 cup),128,0,128,160,150,0,150,$12.00,0,0.00%,$0.00,$12.00,10,6.25%,$0.80,$12.80,,,,
Mt. Vernon Woods Elementary,5/22/2025,20031,Banana(Each),259,0,259,280,235,0,235,$49.35,0,0.00%,$0.00,$49.35,45,16.07%,$9.45,$58.80,,,,
Mt. Vernon Woods Elementary,5/22/2025,20038,Fat Free White Milk(Each),5,0,5,43,2,0,2,$0.66,0,0.00%,$0.00,$0.66,41,95.35%,$13.53,$14.19,,,,
Mt. Vernon Woods Elementary,5/22/2025,20043,"Lactose Free, White Milk(Each)",0,0,0,4,4,0,4,$2.32,0,0.00%,$0.00,$2.32,0,0.00%,$0.00,$2.32,,,,
Mt. Vernon Woods Elementary,5/22/2025,30024,Black Beans(1/2 Cup),0,0,0,24,8,0,8,$1.36,0,0.00%,$0.00,$1.36,16,66.67%,$2.72,$4.08,,,,
Mt. Vernon Woods Elementary,5/22/2025,30034,Graham Crackers(Package),33,0,33,26,26,0,26,$3.64,0,0.00%,$0.00,$3.64,0,0.00%,$0.00,$3.64,,,,
Mt. Vernon Woods Elementary,5/22/2025,30037,IW Applesauce Cup(Each),31,0,31,26,26,0,26,$7.02,0,0.00%,$0.00,$7.02,0,0.00%,$0.00,$7.02,,,,
Mt. Vernon Woods Elementary,5/22/2025,30044,Strawberry Flavored Dried Cranberries(Each),38,0,38,80,60,0,60,$14.40,0,0.00%,$0.00,$14.40,20,25.00%,$4.80,$19.20,,,,
Mt. Vernon Woods Elementary,5/22/2025,30077,Italian Dressing(1 ounce),24,0,24,48,24,0,24,$1.92,0,0.00%,$0.00,$1.92,24,50.00%,$1.92,$3.84,,,,
Mt. Vernon Woods Elementary,5/22/2025,30107,Ranch Dressing(1 ounce),100,0,100,127,113,0,113,$12.43,0,0.00%,$0.00,$12.43,14,11.02%,$1.54,$13.97,,,,
Mt. Vernon Woods Elementary,5/22/2025,60035,PB&J Power Pack(Power Packs),87,0,87,116,111,0,111,$119.88,1,0.86%,$1.08,$120.96,4,3.45%,$4.32,$125.28,,,,
Mt. Vernon Woods Elementary,5/22/2025,60037,Strawberry & Banana Yogurt Power Pack(Power Packs),24,0,24,67,60,0,60,$48.00,0,0.00%,$0.00,$48.00,7,10.45%,$5.60,$53.60,,,,
Mt. Vernon Woods Elementary,5/22/2025,60070,Nachos with Taco Meat and Cheese Sauce(Serving Size),0,0,0,16,16,0,16,$12.80,0,0.00%,$0.00,$12.80,0,0.00%,$0.00,$12.80,,,,
Mt. Vernon Woods Elementary,5/22/2025,60071,Nachos with Cheese Sauce(serving size),0,0,0,8,8,0,8,$6.16,0,0.00%,$0.00,$6.16,0,0.00%,$0.00,$6.16,,,,
Mt. Vernon Woods Elementary,5/22/2025,60120,Asian Veggie Sub(sandwich),68,0,68,120,108,0,108,$204.12,0,0.00%,$0.00,$204.12,12,10.00%,$22.68,$226.80,,,,
Mt. Vernon Woods Elementary,5/22/2025,60122,Asian Meatball Sub(sandwich),88,0,88,96,84,0,84,$149.52,0,0.00%,$0.00,$149.52,12,12.50%,$21.36,$170.88,,,,
Navy Elementary,5/22/2025,10044,Soft Pretzel(1 pretzel),48,0,48,96,94,0,94,$20.68,0,0.00%,$0.00,$20.68,2,2.08%,$0.44,$21.12,,,,
Navy Elementary,5/22/2025,20001,1% White Milk(Each),72,0,72,155,24,0,24,$8.64,0,0.00%,$0.00,$8.64,131,84.52%,$47.16,$55.80,,,,
Navy Elementary,5/22/2025,20002,Fat Free Chocolate Milk(Each),243,0,243,707,177,0,177,$61.95,0,0.00%,$0.00,$61.95,530,74.96%,$185.50,$247.45,,,,
Navy Elementary,5/22/2025,20018,Red Seedless Grapes(16 grapes per 1/2 cup),0,0,0,207,207,0,207,$105.57,0,0.00%,$0.00,$105.57,0,0.00%,$0.00,$105.57,,,,
Navy Elementary,5/22/2025,20027,Broccoli Florets(1/4 cup),49,0,49,84,84,0,84,$6.72,0,0.00%,$0.00,$6.72,0,0.00%,$0.00,$6.72,,,,
Navy Elementary,5/22/2025,20028,Lettuce Blend Salad Mix(1/2 cup),77,0,77,80,70,0,70,$5.60,0,0.00%,$0.00,$5.60,10,12.50%,$0.80,$6.40,,,,
Navy Elementary,5/22/2025,20038,Fat Free White Milk(Each),47,0,47,77,7,0,7,$2.31,0,0.00%,$0.00,$2.31,70,90.91%,$23.10,$25.41,,,,
Navy Elementary,5/22/2025,20047,Orange Slices(3 slices per 1/4 cup),0,0,0,102,68,0,68,$13.60,0,0.00%,$0.00,$13.60,34,33.33%,$6.80,$20.40,,,,
Navy Elementary,5/22/2025,20052,Assorted  4 oz Yogurt(Container),10,0,10,5,3,0,3,$0.00,0,0.00%,$0.00,$0.00,2,40.00%,$0.00,$0.00,,,,
Navy Elementary,5/22/2025,30009,Orange Tangerine Juice(Each),0,0,0,40,35,0,35,$5.95,0,0.00%,$0.00,$5.95,5,12.50%,$0.85,$6.80,,,,
Navy Elementary,5/22/2025,30043,Raspberry Lemonade Flavored Dried Cranberries(Each),56,0,56,50,45,0,45,$10.80,0,0.00%,$0.00,$10.80,5,10.00%,$1.20,$12.00,,,,
Navy Elementary,5/22/2025,30077,Italian Dressing(1 ounce),12,0,12,12,12,0,12,$0.96,0,0.00%,$0.00,$0.96,0,0.00%,$0.00,$0.96,,,,
Navy Elementary,5/22/2025,30094,Doritos Wild White Nacho Flavored Tortilla Chips(Bag),40,0,40,72,70,0,70,$24.50,0,0.00%,$0.00,$24.50,2,2.78%,$0.70,$25.20,,,,
Navy Elementary,5/22/2025,30097,Bottled Water(Bottle),20,0,20,35,33,0,33,$5.28,0,0.00%,$0.00,$5.28,2,5.71%,$0.32,$5.60,,,,
Navy Elementary,5/22/2025,30107,Ranch Dressing(1 ounce),24,0,24,24,24,0,24,$2.64,0,0.00%,$0.00,$2.64,0,0.00%,$0.00,$2.64,,,,
Navy Elementary,5/22/2025,60035,PB&J Power Pack(Power Packs),54,0,54,125,118,0,118,$127.44,0,0.00%,$0.00,$127.44,7,5.60%,$7.56,$135.00,,,,
Navy Elementary,5/22/2025,60038,Peach Yogurt Power Pack(Power Packs),17,0,17,44,24,0,24,$19.20,0,0.00%,$0.00,$19.20,20,45.45%,$16.00,$35.20,,,,
Navy Elementary,5/22/2025,60077,Manager's Vegetable Choice(1/4 cup),54,0,54,96,96,0,96,$0.00,0,0.00%,$0.00,$0.00,0,0.00%,$0.00,$0.00,,,,
Navy Elementary,5/22/2025,60100,Black Beans - salad bar entree(1/2 cup),7,0,7,7,7,0,7,$1.19,0,0.00%,$0.00,$1.19,0,0.00%,$0.00,$1.19,,,,
Navy Elementary,5/22/2025,60122,Asian Meatball Sub(sandwich),52,0,52,209,177,0,177,$315.06,2,0.96%,$3.56,$318.62,30,14.35%,$53.40,$372.02,,,,
Navy Elementary,5/22/2025,60124,Nachos with Cheese Sauce(Serving),0,0,0,8,8,0,8,$6.16,0,0.00%,$0.00,$6.16,0,0.00%,$0.00,$6.16,,,,
Newington Forest Elementary,5/22/2025,10033,Chocolate Chip Cookie(1/2 Cookie),196,0,196,0,0,0,0,$0.00,0,0.00%,$0.00,$0.00,0,0.00%,$0.00,$0.00,,,,
Newington Forest Elementary,5/22/2025,10044,Soft Pretzel(1 pretzel),0,0,0,30,20,0,20,$4.40,0,0.00%,$0.00,$4.40,10,33.33%,$2.20,$6.60,,,,
Newington Forest Elementary,5/22/2025,10062,Corn(1/4 cup (thawed)),100,0,100,100,89,0,89,$9.79,0,0.00%,$0.00,$9.79,11,11.00%,$1.21,$11.00,,,,
Newington Forest Elementary,5/22/2025,10073,Whole Strawberries(1/2 cup thawed),80,0,80,0,0,0,0,$0.00,0,0.00%,$0.00,$0.00,0,0.00%,$0.00,$0.00,,,,
Newington Forest Elementary,5/22/2025,20001,1% White Milk(Each),50,0,50,50,24,0,24,$8.64,0,0.00%,$0.00,$8.64,26,52.00%,$9.36,$18.00,,,,
Newington Forest Elementary,5/22/2025,20002,Fat Free Chocolate Milk(Each),180,0,180,180,169,0,169,$59.15,0,0.00%,$0.00,$59.15,11,6.11%,$3.85,$63.00,,,,
Newington Forest Elementary,5/22/2025,20010,Fresh Whole Pear(Each),0,0,0,0,0,0,0,$0.00,0,0.00%,$0.00,$0.00,0,0.00%,$0.00,$0.00,,,,
Newington Forest Elementary,5/22/2025,20013,Gala Apple(Each),0,0,0,60,59,0,59,$21.83,0,0.00%,$0.00,$21.83,1,1.67%,$0.37,$22.20,,,,
Newington Forest Elementary,5/22/2025,20016,String Cheese(Each),20,0,20,0,0,0,0,$0.00,0,0.00%,$0.00,$0.00,0,0.00%,$0.00,$0.00,,,,
Newington Forest Elementary,5/22/2025,20018,Red Seedless Grapes(16 grapes per 1/2 cup),0,0,0,80,79,0,79,$40.29,1,1.25%,$0.51,$40.80,0,0.00%,$0.00,$40.80,,,,
Newington Forest Elementary,5/22/2025,20028,Lettuce Blend Salad Mix(1/2 cup),120,0,120,120,117,0,117,$9.36,3,2.50%,$0.24,$9.60,0,0.00%,$0.00,$9.60,,,,
Newington Forest Elementary,5/22/2025,20031,Banana(Each),72,0,72,72,71,0,71,$14.91,1,1.39%,$0.21,$15.12,0,0.00%,$0.00,$15.12,,,,
Newington Forest Elementary,5/22/2025,20038,Fat Free White Milk(Each),25,0,25,25,14,0,14,$4.62,0,0.00%,$0.00,$4.62,11,44.00%,$3.63,$8.25,,,,
Newington Forest Elementary,5/22/2025,20052,Assorted  4 oz Yogurt(Container),20,0,20,0,0,0,0,$0.00,0,0.00%,$0.00,$0.00,0,0.00%,$0.00,$0.00,,,,
Newington Forest Elementary,5/22/2025,30008,Apple Juice(Each),20,0,20,20,11,0,11,$1.87,0,0.00%,$0.00,$1.87,9,45.00%,$1.53,$3.40,,,,
Newington Forest Elementary,5/22/2025,30009,Orange Tangerine Juice(Each),20,0,20,20,11,0,11,$1.87,0,0.00%,$0.00,$1.87,9,45.00%,$1.53,$3.40,,,,
Newington Forest Elementary,5/22/2025,30031,Strawberry Chex Mix(Package),0,0,0,30,28,0,28,$12.60,0,0.00%,$0.00,$12.60,2,6.67%,$0.90,$13.50,,,,
Newington Forest Elementary,5/22/2025,30033,Cheez-Its Crackers(Package),0,0,0,20,16,0,16,$2.88,0,0.00%,$0.00,$2.88,4,20.00%,$0.72,$3.60,,,,
Newington Forest Elementary,5/22/2025,30039,Cherry Flavored Dried Cranberries(Each),30,0,30,50,27,0,27,$6.48,0,0.00%,$0.00,$6.48,23,46.00%,$5.52,$12.00,,,,
Newington Forest Elementary,5/22/2025,30041,Orange Flavored Dried Cranberries(Each),30,0,30,0,0,0,0,$0.00,0,0.00%,$0.00,$0.00,0,0.00%,$0.00,$0.00,,,,
Newington Forest Elementary,5/22/2025,30042,Original Flavored Dried Cranberries(Package),30,0,30,0,0,0,0,$0.00,0,0.00%,$0.00,$0.00,0,0.00%,$0.00,$0.00,,,,
Newington Forest Elementary,5/22/2025,30043,Raspberry Lemonade Flavored Dried Cranberries(Each),30,0,30,0,0,0,0,$0.00,0,0.00%,$0.00,$0.00,0,0.00%,$0.00,$0.00,,,,
Newington Forest Elementary,5/22/2025,30044,Strawberry Flavored Dried Cranberries(Each),30,0,30,0,0,0,0,$0.00,0,0.00%,$0.00,$0.00,0,0.00%,$0.00,$0.00,,,,
Newington Forest Elementary,5/22/2025,30045,Watermelon Flavored Dried Cranberries(Each),30,0,30,0,0,0,0,$0.00,0,0.00%,$0.00,$0.00,0,0.00%,$0.00,$0.00,,,,
Newington Forest Elementary,5/22/2025,30077,Italian Dressing(1 ounce),48,0,48,48,43,0,43,$3.44,0,0.00%,$0.00,$3.44,5,10.42%,$0.40,$3.84,,,,
Newington Forest Elementary,5/22/2025,30094,Doritos Wild White Nacho Flavored Tortilla Chips(Bag),60,0,60,70,67,0,67,$23.45,0,0.00%,$0.00,$23.45,3,4.29%,$1.05,$24.50,,,,
Newington Forest Elementary,5/22/2025,30097,Bottled Water(Bottle),30,0,30,30,14,0,14,$2.24,0,0.00%,$0.00,$2.24,16,53.33%,$2.56,$4.80,,,,
Newington Forest Elementary,5/22/2025,30099,Chickpeas(1/4 cup),80,0,80,80,68,0,68,$6.12,0,0.00%,$0.00,$6.12,12,15.00%,$1.08,$7.20,,,,
Newington Forest Elementary,5/22/2025,30107,Ranch Dressing(1 ounce),72,0,72,72,71,0,71,$7.81,1,1.39%,$0.11,$7.92,0,0.00%,$0.00,$7.92,,,,
Newington Forest Elementary,5/22/2025,60035,PB&J Power Pack(Power Packs),60,0,60,120,113,0,113,$122.04,0,0.00%,$0.00,$122.04,7,5.83%,$7.56,$129.60,,,,
Newington Forest Elementary,5/22/2025,60036,Cherry Vanilla Yogurt Power Pack(Power Packs),30,0,30,30,28,0,28,$22.40,0,0.00%,$0.00,$22.40,2,6.67%,$1.60,$24.00,,,,
Newington Forest Elementary,5/22/2025,60037,Strawberry & Banana Yogurt Power Pack(Power Packs),30,0,30,30,28,0,28,$22.40,0,0.00%,$0.00,$22.40,2,6.67%,$1.60,$24.00,,,,
Newington Forest Elementary,5/22/2025,60038,Peach Yogurt Power Pack(Power Packs),30,0,30,0,0,0,0,$0.00,0,0.00%,$0.00,$0.00,0,0.00%,$0.00,$0.00,,,,
Newington Forest Elementary,5/22/2025,60077,Manager's Vegetable Choice(1/4 cup),60,0,60,60,56,0,56,$0.00,0,0.00%,$0.00,$0.00,4,6.67%,$0.00,$0.00,,,,
Newington Forest Elementary,5/22/2025,60087,Sweet Thai Chili Chicken Wings(3 Wings),0,0,0,42,35,2,37,$44.77,0,0.00%,$0.00,$44.77,5,11.90%,$6.05,$50.82,,,,
Newington Forest Elementary,5/22/2025,60100,Black Beans - salad bar entree(1/2 cup),0,0,0,0,0,0,0,$0.00,0,0.00%,$0.00,$0.00,0,0.00%,$0.00,$0.00,,,,
Newington Forest Elementary,5/22/2025,60120,Asian Veggie Sub(sandwich),0,0,0,15,13,0,13,$24.57,0,0.00%,$0.00,$24.57,2,13.33%,$3.78,$28.35,,,,
Newington Forest Elementary,5/22/2025,60122,Asian Meatball Sub(sandwich),40,0,40,40,31,2,33,$58.74,1,2.50%,$1.78,$60.52,6,15.00%,$10.68,$71.20,,,,
Newington Forest Elementary,5/22/2025,60124,Nachos with Cheese Sauce(Serving),0,0,0,30,29,1,30,$23.10,0,0.00%,$0.00,$23.10,0,0.00%,$0.00,$23.10,,,,
Newington Forest Elementary,5/22/2025,60150,Strawberry Parfait Power Pack(Power Pack),30,0,30,0,0,0,0,$0.00,0,0.00%,$0.00,$0.00,0,0.00%,$0.00,$0.00,,,,
North Springfield Elementary,5/22/2025,10033,Chocolate Chip Cookie(1/2 Cookie),45,0,45,32,32,0,32,$4.48,0,0.00%,$0.00,$4.48,0,0.00%,$0.00,$4.48,,,,
North Springfield Elementary,5/22/2025,10044,Soft Pretzel(1 pretzel),1,0,1,0,0,0,0,$0.00,0,0.00%,$0.00,$0.00,0,0.00%,$0.00,$0.00,,,,
North Springfield Elementary,5/22/2025,20001,1% White Milk(Each),103,0,103,118,98,0,98,$35.28,0,0.00%,$0.00,$35.28,20,16.95%,$7.20,$42.48,,,,
North Springfield Elementary,5/22/2025,20002,Fat Free Chocolate Milk(Each),143,0,143,170,139,0,139,$48.65,0,0.00%,$0.00,$48.65,31,18.24%,$10.85,$59.50,,,,
North Springfield Elementary,5/22/2025,20014,Red Delicious Apple(Each - serving),0,0,0,112,100,2,102,$33.66,0,0.00%,$0.00,$33.66,10,8.93%,$3.30,$36.96,,,,
North Springfield Elementary,5/22/2025,20016,String Cheese(Each),5,0,5,3,3,0,3,$0.66,0,0.00%,$0.00,$0.66,0,0.00%,$0.00,$0.66,,,,
North Springfield Elementary,5/22/2025,20018,Red Seedless Grapes(16 grapes per 1/2 cup),0,0,0,46,46,0,46,$23.46,0,0.00%,$0.00,$23.46,0,0.00%,$0.00,$23.46,,,,
North Springfield Elementary,5/22/2025,20023,Baby Carrots(6 Baby Carrots per 1/2 cup),0,0,0,48,43,0,43,$7.31,0,0.00%,$0.00,$7.31,5,10.42%,$0.85,$8.16,,,,
North Springfield Elementary,5/22/2025,20027,Broccoli Florets(6 Pieces per 1/2 cup),0,0,0,21,21,0,21,$3.15,0,0.00%,$0.00,$3.15,0,0.00%,$0.00,$3.15,,,,
North Springfield Elementary,5/22/2025,20028,Lettuce Blend Salad Mix(1 cup),83,0,83,85,83,2,85,$13.60,0,0.00%,$0.00,$13.60,0,0.00%,$0.00,$13.60,,,,
North Springfield Elementary,5/22/2025,20028,Lettuce Blend Salad Mix(1/2 cup),110,0,110,120,110,0,110,$8.80,0,0.00%,$0.00,$8.80,10,8.33%,$0.80,$9.60,,,,
North Springfield Elementary,5/22/2025,20031,Banana(Each),85,0,85,85,83,2,85,$17.85,0,0.00%,$0.00,$17.85,0,0.00%,$0.00,$17.85,,,,
North Springfield Elementary,5/22/2025,20038,Fat Free White Milk(Each),13,0,13,29,9,0,9,$2.97,0,0.00%,$0.00,$2.97,20,68.97%,$6.60,$9.57,,,,
North Springfield Elementary,5/22/2025,20043,"Lactose Free, White Milk(Each)",0,0,0,3,3,0,3,$1.74,0,0.00%,$0.00,$1.74,0,0.00%,$0.00,$1.74,,,,
North Springfield Elementary,5/22/2025,20047,Orange Slices(3 slices per 1/4 cup),0,0,0,90,90,0,90,$18.00,0,0.00%,$0.00,$18.00,0,0.00%,$0.00,$18.00,,,,
North Springfield Elementary,5/22/2025,20052,Assorted  4 oz Yogurt(Container),5,0,5,0,0,0,0,$0.00,0,0.00%,$0.00,$0.00,0,0.00%,$0.00,$0.00,,,,
North Springfield Elementary,5/22/2025,20077,"Peppers, red, pre-sliced(1/2 cup sliced)",0,0,0,35,35,0,35,$19.60,0,0.00%,$0.00,$19.60,0,0.00%,$0.00,$19.60,,,,
North Springfield Elementary,5/22/2025,30008,Apple Juice(Each),5,0,5,4,4,0,4,$0.68,0,0.00%,$0.00,$0.68,0,0.00%,$0.00,$0.68,,,,
North Springfield Elementary,5/22/2025,30009,Orange Tangerine Juice(Each),5,0,5,4,4,0,4,$0.68,0,0.00%,$0.00,$0.68,0,0.00%,$0.00,$0.68,,,,
North Springfield Elementary,5/22/2025,30031,Strawberry Chex Mix(Package),0,0,0,2,2,0,2,$0.90,0,0.00%,$0.00,$0.90,0,0.00%,$0.00,$0.90,,,,
North Springfield Elementary,5/22/2025,30033,Cheez-Its Crackers(Package),0,0,0,4,4,0,4,$0.72,0,0.00%,$0.00,$0.72,0,0.00%,$0.00,$0.72,,,,
North Springfield Elementary,5/22/2025,30034,Graham Crackers(Package),32,0,32,32,30,2,32,$4.48,0,0.00%,$0.00,$4.48,0,0.00%,$0.00,$4.48,,,,
North Springfield Elementary,5/22/2025,30041,Orange Flavored Dried Cranberries(Each),37,0,37,50,45,0,45,$10.80,0,0.00%,$0.00,$10.80,5,10.00%,$1.20,$12.00,,,,
North Springfield Elementary,5/22/2025,30077,Italian Dressing(1 ounce),24,0,24,24,24,0,24,$1.92,0,0.00%,$0.00,$1.92,0,0.00%,$0.00,$1.92,,,,
North Springfield Elementary,5/22/2025,30094,Doritos Wild White Nacho Flavored Tortilla Chips(Bag),45,0,45,27,27,0,27,$9.45,0,0.00%,$0.00,$9.45,0,0.00%,$0.00,$9.45,,,,
North Springfield Elementary,5/22/2025,30097,Bottled Water(Bottle),5,0,5,1,1,0,1,$0.16,0,0.00%,$0.00,$0.16,0,0.00%,$0.00,$0.16,,,,
North Springfield Elementary,5/22/2025,30099,Chickpeas(1/4 cup),15,0,15,12,12,0,12,$1.08,0,0.00%,$0.00,$1.08,0,0.00%,$0.00,$1.08,,,,
North Springfield Elementary,5/22/2025,30107,Ranch Dressing(1 ounce),134,0,134,133,131,2,133,$14.63,0,0.00%,$0.00,$14.63,0,0.00%,$0.00,$14.63,,,,
North Springfield Elementary,5/22/2025,30109,Smartfood RF White Cheddar Popcorn(Each),0,0,0,10,10,0,10,$3.70,0,0.00%,$0.00,$3.70,0,0.00%,$0.00,$3.70,,,,
North Springfield Elementary,5/22/2025,30158,Black Beans(1/2 Cup),1,0,1,0,0,0,0,$0.00,0,0.00%,$0.00,$0.00,0,0.00%,$0.00,$0.00,,,,
North Springfield Elementary,5/22/2025,60009,"Sandwich, Turkey & Cheese(sandwich)",0,0,0,25,25,0,25,$17.25,0,0.00%,$0.00,$17.25,0,0.00%,$0.00,$17.25,,,,
North Springfield Elementary,5/22/2025,60035,PB&J Power Pack(Power Packs),25,0,25,7,7,0,7,$7.56,0,0.00%,$0.00,$7.56,0,0.00%,$0.00,$7.56,,,,
North Springfield Elementary,5/22/2025,60037,Strawberry & Banana Yogurt Power Pack(Power Packs),35,0,35,27,27,0,27,$21.60,0,0.00%,$0.00,$21.60,0,0.00%,$0.00,$21.60,,,,
North Springfield Elementary,5/22/2025,60120,Asian Veggie Sub(sandwich),141,0,141,223,216,7,223,$421.47,0,0.00%,$0.00,$421.47,0,0.00%,$0.00,$421.47,,,,
North Springfield Elementary,5/22/2025,60122,Asian Meatball Sub(sandwich),29,0,29,17,17,0,17,$30.26,0,0.00%,$0.00,$30.26,0,0.00%,$0.00,$30.26,,,,
Oak Hill Elementary,5/22/2025,10044,Soft Pretzel(1 pretzel),13,0,13,21,11,9,20,$4.40,0,0.00%,$0.00,$4.40,1,4.76%,$0.22,$4.62,,,,
Oak Hill Elementary,5/22/2025,20001,1% White Milk(Each),23,0,23,56,28,0,28,$10.08,0,0.00%,$0.00,$10.08,28,50.00%,$10.08,$20.16,,,,
Oak Hill Elementary,5/22/2025,20002,Fat Free Chocolate Milk(Each),138,0,138,207,136,7,143,$50.05,2,0.97%,$0.70,$50.75,62,29.95%,$21.70,$72.45,,,,
Oak Hill Elementary,5/22/2025,20018,Red Seedless Grapes(16 grapes per 1/2 cup),0,0,0,92,92,0,92,$46.92,0,0.00%,$0.00,$46.92,0,0.00%,$0.00,$46.92,,,,
Oak Hill Elementary,5/22/2025,20028,Lettuce Blend Salad Mix(1 cup),4,0,4,6,6,0,6,$0.96,0,0.00%,$0.00,$0.96,0,0.00%,$0.00,$0.96,,,,
Oak Hill Elementary,5/22/2025,20028,Lettuce Blend Salad Mix(1/2 cup),67,0,67,80,80,0,80,$6.40,0,0.00%,$0.00,$6.40,0,0.00%,$0.00,$6.40,,,,
Oak Hill Elementary,5/22/2025,20031,Banana(Each),29,0,29,137,137,0,137,$28.77,0,0.00%,$0.00,$28.77,0,0.00%,$0.00,$28.77,,,,
Oak Hill Elementary,5/22/2025,20038,Fat Free White Milk(Each),20,0,20,62,11,0,11,$3.63,0,0.00%,$0.00,$3.63,51,82.26%,$16.83,$20.46,,,,
Oak Hill Elementary,5/22/2025,20047,Orange Slices(3 slices per 1/4 cup),0,0,0,136,102,0,102,$20.40,0,0.00%,$0.00,$20.40,34,25.00%,$6.80,$27.20,,,,
Oak Hill Elementary,5/22/2025,30033,Cheez-Its Crackers(Package),0,0,0,40,31,0,31,$5.58,0,0.00%,$0.00,$5.58,9,22.50%,$1.62,$7.20,,,,
Oak Hill Elementary,5/22/2025,30039,Cherry Flavored Dried Cranberries(Each),34,0,34,19,19,0,19,$4.56,0,0.00%,$0.00,$4.56,0,0.00%,$0.00,$4.56,,,,
Oak Hill Elementary,5/22/2025,30077,Italian Dressing(1 ounce),9,0,9,24,24,0,24,$1.92,0,0.00%,$0.00,$1.92,0,0.00%,$0.00,$1.92,,,,
Oak Hill Elementary,5/22/2025,30097,Bottled Water(Bottle),0,0,0,10,6,0,6,$0.96,0,0.00%,$0.00,$0.96,4,40.00%,$0.64,$1.60,,,,
Oak Hill Elementary,5/22/2025,30099,Chickpeas(1/4 cup),8,0,8,33,16,0,16,$1.44,0,0.00%,$0.00,$1.44,17,51.52%,$1.53,$2.97,,,,
Oak Hill Elementary,5/22/2025,30107,Ranch Dressing(1 ounce),25,0,25,54,30,0,30,$3.30,0,0.00%,$0.00,$3.30,24,44.44%,$2.64,$5.94,,,,
Oak Hill Elementary,5/22/2025,30158,Black Beans(1/2 Cup),17,0,17,0,0,0,0,$0.00,0,0.00%,$0.00,$0.00,0,0.00%,$0.00,$0.00,,,,
Oak Hill Elementary,5/22/2025,60035,PB&J Power Pack(Power Packs),56,0,56,47,43,3,46,$49.68,0,0.00%,$0.00,$49.68,1,2.13%,$1.08,$50.76,,,,
Oak Hill Elementary,5/22/2025,60037,Strawberry & Banana Yogurt Power Pack(Power Packs),18,0,18,14,12,0,12,$9.60,0,0.00%,$0.00,$9.60,2,14.29%,$1.60,$11.20,,,,
Oak Hill Elementary,5/22/2025,60054,Steamed Broccoli(1/2 cup),42,0,42,126,84,0,84,$12.60,0,0.00%,$0.00,$12.60,42,33.33%,$6.30,$18.90,,,,
Oak Hill Elementary,5/22/2025,60077,Manager's Vegetable Choice(1/4 cup),54,0,54,92,92,0,92,$0.00,0,0.00%,$0.00,$0.00,0,0.00%,$0.00,$0.00,,,,
Oak Hill Elementary,5/22/2025,60120,Asian Veggie Sub(sandwich),78,0,78,109,107,1,108,$204.12,1,0.92%,$1.89,$206.01,0,0.00%,$0.00,$206.01,,,,
Oak Hill Elementary,5/22/2025,60122,Asian Meatball Sub(sandwich),53,0,53,98,92,0,92,$163.76,1,1.02%,$1.78,$165.54,5,5.10%,$8.90,$174.44,,,,
Oak Hill Elementary,5/22/2025,60123,Tomato Soup(8 oz Ladle),0,0,0,50,48,0,48,$34.08,0,0.00%,$0.00,$34.08,2,4.00%,$1.42,$35.50,,,,
Oak View Elementary,5/22/2025,10033,Chocolate Chip Cookie(1/2 Cookie),200,0,200,230,207,0,207,$28.98,0,0.00%,$0.00,$28.98,23,10.00%,$3.22,$32.20,,,,
Oak View Elementary,5/22/2025,10044,Soft Pretzel(1 pretzel),10,0,10,30,23,0,23,$5.06,0,0.00%,$0.00,$5.06,7,23.33%,$1.54,$6.60,,,,
Oak View Elementary,5/22/2025,10062,Corn(1/4 cup (thawed)),72,0,72,72,68,0,68,$7.48,0,0.00%,$0.00,$7.48,4,5.56%,$0.44,$7.92,,,,
Oak View Elementary,5/22/2025,20001,1% White Milk(Each),30,0,30,50,30,0,30,$10.80,0,0.00%,$0.00,$10.80,20,40.00%,$7.20,$18.00,,,,
Oak View Elementary,5/22/2025,20002,Fat Free Chocolate Milk(Each),200,0,200,216,195,0,195,$68.25,0,0.00%,$0.00,$68.25,21,9.72%,$7.35,$75.60,,,,
Oak View Elementary,5/22/2025,20014,Red Delicious Apple(Each - serving),0,0,0,95,89,0,89,$29.37,0,0.00%,$0.00,$29.37,6,6.32%,$1.98,$31.35,,,,
Oak View Elementary,5/22/2025,20016,String Cheese(Each),3,0,3,2,0,0,0,$0.00,0,0.00%,$0.00,$0.00,2,100.00%,$0.00,$0.00,,,,
Oak View Elementary,5/22/2025,20027,Broccoli Florets(1/4 cup),48,0,48,48,40,0,40,$3.20,8,16.67%,$0.64,$3.84,0,0.00%,$0.00,$3.84,,,,
Oak View Elementary,5/22/2025,20028,Lettuce Blend Salad Mix(1/2 cup),40,0,40,40,30,0,30,$2.40,0,0.00%,$0.00,$2.40,10,25.00%,$0.80,$3.20,,,,
Oak View Elementary,5/22/2025,20038,Fat Free White Milk(Each),10,0,10,32,6,0,6,$1.98,0,0.00%,$0.00,$1.98,26,81.25%,$8.58,$10.56,,,,
Oak View Elementary,5/22/2025,20047,Orange Slices(3 slices per 1/4 cup),0,0,0,120,108,0,108,$21.60,0,0.00%,$0.00,$21.60,12,10.00%,$2.40,$24.00,,,,
Oak View Elementary,5/22/2025,20052,Assorted  4 oz Yogurt(Container),3,0,3,2,0,0,0,$0.00,0,0.00%,$0.00,$0.00,2,100.00%,$0.00,$0.00,,,,
Oak View Elementary,5/22/2025,30008,Apple Juice(Each),60,0,60,10,0,0,0,$0.00,0,0.00%,$0.00,$0.00,10,100.00%,$0.00,$0.00,,,,
Oak View Elementary,5/22/2025,30039,Cherry Flavored Dried Cranberries(Each),80,0,80,80,76,0,76,$18.24,0,0.00%,$0.00,$18.24,4,5.00%,$0.96,$19.20,,,,
Oak View Elementary,5/22/2025,30077,Italian Dressing(1 ounce),12,0,12,12,8,0,8,$0.64,0,0.00%,$0.00,$0.64,4,33.33%,$0.32,$0.96,,,,
Oak View Elementary,5/22/2025,30097,Bottled Water(Bottle),20,0,20,10,9,0,9,$1.44,0,0.00%,$0.00,$1.44,1,10.00%,$0.16,$1.60,,,,
Oak View Elementary,5/22/2025,30099,Chickpeas(1/4 cup),24,0,24,24,20,0,20,$1.80,4,16.67%,$0.36,$2.16,0,0.00%,$0.00,$2.16,,,,
Oak View Elementary,5/22/2025,30107,Ranch Dressing(1 ounce),24,0,24,34,12,0,12,$1.32,0,0.00%,$0.00,$1.32,22,64.71%,$2.42,$3.74,,,,
Oak View Elementary,5/22/2025,30109,Smartfood RF White Cheddar Popcorn(Each),0,0,0,24,24,0,24,$8.88,0,0.00%,$0.00,$8.88,0,0.00%,$0.00,$8.88,,,,
Oak View Elementary,5/22/2025,60035,PB&J Power Pack(Power Packs),80,0,80,75,73,0,73,$78.84,0,0.00%,$0.00,$78.84,2,2.67%,$2.16,$81.00,,,,
Oak View Elementary,5/22/2025,60037,Strawberry & Banana Yogurt Power Pack(Power Packs),24,0,24,27,23,0,23,$18.40,0,0.00%,$0.00,$18.40,4,14.81%,$3.20,$21.60,,,,
Oak View Elementary,5/22/2025,60058,Korean BBQ Chickenless Bites(4 bites),120,0,120,120,116,0,116,$102.08,1,0.83%,$0.88,$102.96,3,2.50%,$2.64,$105.60,,,,
Oak View Elementary,5/22/2025,60077,Manager's Vegetable Choice(1/4 cup),80,0,80,80,68,0,68,$0.00,0,0.00%,$0.00,$0.00,12,15.00%,$0.00,$0.00,,,,
Oak View Elementary,5/22/2025,60100,Black Beans - salad bar entree(1/2 cup),10,0,10,10,5,0,5,$0.85,0,0.00%,$0.00,$0.85,5,50.00%,$0.85,$1.70,,,,
Oak View Elementary,5/22/2025,60122,Asian Meatball Sub(sandwich),96,0,96,72,52,9,61,$108.58,1,1.39%,$1.78,$110.36,10,13.89%,$17.80,$128.16,,,,
Oakton Elementary,5/22/2025,10044,Soft Pretzel(1 pretzel),26,0,26,45,44,0,44,$9.68,0,0.00%,$0.00,$9.68,1,2.22%,$0.22,$9.90,,,,
Oakton Elementary,5/22/2025,20001,1% White Milk(Each),63,0,63,100,73,0,73,$26.28,0,0.00%,$0.00,$26.28,27,27.00%,$9.72,$36.00,,,,
Oakton Elementary,5/22/2025,20002,Fat Free Chocolate Milk(Each),199,0,199,200,160,0,160,$56.00,0,0.00%,$0.00,$56.00,40,20.00%,$14.00,$70.00,,,,
Oakton Elementary,5/22/2025,20012,Grape Tomatoes(1/4 cup),0,0,0,68,68,0,68,$17.68,0,0.00%,$0.00,$17.68,0,0.00%,$0.00,$17.68,,,,
Oakton Elementary,5/22/2025,20014,Red Delicious Apple(Each - serving),0,0,0,78,70,0,70,$23.10,0,0.00%,$0.00,$23.10,8,10.26%,$2.64,$25.74,,,,
Oakton Elementary,5/22/2025,20016,String Cheese(Each),10,0,10,7,7,0,7,$1.54,0,0.00%,$0.00,$1.54,0,0.00%,$0.00,$1.54,,,,
Oakton Elementary,5/22/2025,20023,Baby Carrots(3 baby carrots per 1/4 cup),0,0,0,56,51,0,51,$4.59,0,0.00%,$0.00,$4.59,5,8.93%,$0.45,$5.04,,,,
Oakton Elementary,5/22/2025,20028,Lettuce Blend Salad Mix(1/2 cup),118,0,118,89,86,0,86,$6.88,0,0.00%,$0.00,$6.88,3,3.37%,$0.24,$7.12,,,,
Oakton Elementary,5/22/2025,20031,Banana(Each),136,0,136,79,74,0,74,$15.54,0,0.00%,$0.00,$15.54,5,6.33%,$1.05,$16.59,,,,
Oakton Elementary,5/22/2025,20038,Fat Free White Milk(Each),20,0,20,50,35,0,35,$11.55,0,0.00%,$0.00,$11.55,15,30.00%,$4.95,$16.50,,,,
Oakton Elementary,5/22/2025,20052,Assorted  4 oz Yogurt(Container),10,0,10,19,19,0,19,$0.00,0,0.00%,$0.00,$0.00,0,0.00%,$0.00,$0.00,,,,
Oakton Elementary,5/22/2025,30008,Apple Juice(Each),25,0,25,40,40,0,40,$6.80,0,0.00%,$0.00,$6.80,0,0.00%,$0.00,$6.80,,,,
Oakton Elementary,5/22/2025,30009,Orange Tangerine Juice(Each),25,0,25,49,49,0,49,$8.33,0,0.00%,$0.00,$8.33,0,0.00%,$0.00,$8.33,,,,
Oakton Elementary,5/22/2025,30030,Cheddar Chex Mix(Package),0,0,0,70,70,0,70,$31.50,0,0.00%,$0.00,$31.50,0,0.00%,$0.00,$31.50,,,,
Oakton Elementary,5/22/2025,30041,Orange Flavored Dried Cranberries(2 Eaches),0,0,0,25,19,0,19,$9.12,0,0.00%,$0.00,$9.12,6,24.00%,$2.88,$12.00,,,,
Oakton Elementary,5/22/2025,30077,Italian Dressing(1 ounce),38,0,38,38,38,0,38,$3.04,0,0.00%,$0.00,$3.04,0,0.00%,$0.00,$3.04,,,,
Oakton Elementary,5/22/2025,30097,Bottled Water(Bottle),10,0,10,17,17,0,17,$2.72,0,0.00%,$0.00,$2.72,0,0.00%,$0.00,$2.72,,,,
Oakton Elementary,5/22/2025,30098,Wheat Thins(Package),0,0,0,8,8,0,8,$3.76,0,0.00%,$0.00,$3.76,0,0.00%,$0.00,$3.76,,,,
Oakton Elementary,5/22/2025,30099,Chickpeas(1/4 cup),16,0,16,13,11,0,11,$0.99,0,0.00%,$0.00,$0.99,2,15.38%,$0.18,$1.17,,,,
Oakton Elementary,5/22/2025,30107,Ranch Dressing(1 ounce),47,0,47,47,47,0,47,$5.17,0,0.00%,$0.00,$5.17,0,0.00%,$0.00,$5.17,,,,
Oakton Elementary,5/22/2025,60035,PB&J Power Pack(Power Packs),95,0,95,110,107,0,107,$115.56,0,0.00%,$0.00,$115.56,3,2.73%,$3.24,$118.80,,,,
Oakton Elementary,5/22/2025,60038,Peach Yogurt Power Pack(Power Packs),35,0,35,25,22,0,22,$17.60,0,0.00%,$0.00,$17.60,3,12.00%,$2.40,$20.00,,,,
Oakton Elementary,5/22/2025,60077,Manager's Vegetable Choice(1/4 cup),78,0,78,78,73,0,73,$0.00,0,0.00%,$0.00,$0.00,5,6.41%,$0.00,$0.00,,,,
Oakton Elementary,5/22/2025,60100,Black Beans - salad bar entree(1/2 cup),16,0,16,12,8,0,8,$1.36,0,0.00%,$0.00,$1.36,4,33.33%,$0.68,$2.04,,,,
Oakton Elementary,5/22/2025,60122,Asian Meatball Sub(sandwich),135,0,135,30,30,0,30,$53.40,0,0.00%,$0.00,$53.40,0,0.00%,$0.00,$53.40,,,,
Oakton Elementary,5/22/2025,60130,"Quesadilla, Cheese w/ 6 Inch Tortillas(Quesadilla)",0,0,0,89,87,0,87,$60.03,0,0.00%,$0.00,$60.03,2,2.25%,$1.38,$61.41,,,,
Oakton Elementary,5/22/2025,60133,Chicken Philly Sandwich(each),0,0,0,96,94,0,94,$133.48,0,0.00%,$0.00,$133.48,2,2.08%,$2.84,$136.32,,,,
Oakton High,5/22/2025,10013,"Patty, Chicken, Spicy, Breaded(2 strips)",120,0,120,0,0,0,0,$0.00,0,0.00%,$0.00,$0.00,0,0.00%,$0.00,$0.00,,,,
Oakton High,5/22/2025,10015,Baked Cheese Sticks(2 Cheese Sticks),390,0,390,512,510,2,512,$337.92,0,0.00%,$0.00,$337.92,0,0.00%,$0.00,$337.92,,,,
Oakton High,5/22/2025,10026,Chickenless Bites(2 Bites),40,0,40,0,0,0,0,$0.00,0,0.00%,$0.00,$0.00,0,0.00%,$0.00,$0.00,,,,
Oakton High,5/22/2025,10026,Chickenless Bites(4 Bites),100,0,100,43,42,1,43,$31.39,0,0.00%,$0.00,$31.39,0,0.00%,$0.00,$31.39,,,,
Oakton High,5/22/2025,10027,"Bread, Loco(1/2 piece)",0,0,0,43,43,0,43,$6.45,0,0.00%,$0.00,$6.45,0,0.00%,$0.00,$6.45,,,,
Oakton High,5/22/2025,10033,Chocolate Chip Cookie(Cookie),300,0,300,350,350,0,350,$94.50,0,0.00%,$0.00,$94.50,0,0.00%,$0.00,$94.50,,,,
Oakton High,5/22/2025,10044,Soft Pretzel(1 pretzel),23,0,23,25,25,0,25,$5.50,0,0.00%,$0.00,$5.50,0,0.00%,$0.00,$5.50,,,,
Oakton High,5/22/2025,10049,"WG 10"" Flour Tortilla(Tortilla)",90,0,90,0,0,0,0,$0.00,0,0.00%,$0.00,$0.00,0,0.00%,$0.00,$0.00,,,,
Oakton High,5/22/2025,10051,"Turkey,  Breast, Pre-Sliced, Oven Roasted(3 Slices)",47,0,47,0,0,0,0,$0.00,0,0.00%,$0.00,$0.00,0,0.00%,$0.00,$0.00,,,,
Oakton High,5/22/2025,10062,Corn(1/4 cup (thawed)),156,0,156,256,192,0,192,$21.12,0,0.00%,$0.00,$21.12,64,25.00%,$7.04,$28.16,,,,
Oakton High,5/22/2025,10062,Corn(2 Tablespoons (thawed)),20,0,20,0,0,0,0,$0.00,0,0.00%,$0.00,$0.00,0,0.00%,$0.00,$0.00,,,,
Oakton High,5/22/2025,20001,1% White Milk(Each),40,0,40,107,42,0,42,$15.12,0,0.00%,$0.00,$15.12,65,60.75%,$23.40,$38.52,,,,
Oakton High,5/22/2025,20002,Fat Free Chocolate Milk(Each),348,0,348,458,271,0,271,$94.85,0,0.00%,$0.00,$94.85,187,40.83%,$65.45,$160.30,,,,
Oakton High,5/22/2025,20006,"Cheese, Shredded, Cheddar(1/4 cup)",47,0,47,0,0,0,0,$0.00,0,0.00%,$0.00,$0.00,0,0.00%,$0.00,$0.00,,,,
Oakton High,5/22/2025,20008,Apple Slices(3 slices per 1/4 cup),0,0,0,144,144,0,144,$84.96,0,0.00%,$0.00,$84.96,0,0.00%,$0.00,$84.96,,,,
Oakton High,5/22/2025,20012,Grape Tomatoes(2 Tablespoons),20,0,20,0,0,0,0,$0.00,0,0.00%,$0.00,$0.00,0,0.00%,$0.00,$0.00,,,,
Oakton High,5/22/2025,20014,Red Delicious Apple(Each - serving),0,0,0,25,13,0,13,$4.29,0,0.00%,$0.00,$4.29,12,48.00%,$3.96,$8.25,,,,
Oakton High,5/22/2025,20016,String Cheese(Each),20,0,20,20,6,0,6,$1.32,0,0.00%,$0.00,$1.32,14,70.00%,$3.08,$4.40,,,,
Oakton High,5/22/2025,20017,Orange(1/4 cup),0,0,0,33,9,0,9,$1.53,0,0.00%,$0.00,$1.53,24,72.73%,$4.08,$5.61,,,,
Oakton High,5/22/2025,20023,Baby Carrots(3 baby carrots per 1/4 cup),0,0,0,132,122,0,122,$10.98,0,0.00%,$0.00,$10.98,10,7.58%,$0.90,$11.88,,,,
Oakton High,5/22/2025,20027,Broccoli Florets(1/4 cup),45,0,45,30,10,0,10,$0.80,0,0.00%,$0.00,$0.80,20,66.67%,$1.60,$2.40,,,,
Oakton High,5/22/2025,20028,Lettuce Blend Salad Mix(1/2 cup),452,0,452,250,180,0,180,$14.40,0,0.00%,$0.00,$14.40,70,28.00%,$5.60,$20.00,,,,
Oakton High,5/22/2025,20031,Banana(Each),73,0,73,120,109,0,109,$22.89,0,0.00%,$0.00,$22.89,11,9.17%,$2.31,$25.20,,,,
Oakton High,5/22/2025,20035,"Onions, Red, Whole(2 Tablespoons (sliced))",20,0,20,0,0,0,0,$0.00,0,0.00%,$0.00,$0.00,0,0.00%,$0.00,$0.00,,,,
Oakton High,5/22/2025,20038,Fat Free White Milk(Each),34,0,34,18,9,0,9,$2.97,0,0.00%,$0.00,$2.97,9,50.00%,$2.97,$5.94,,,,
Oakton High,5/22/2025,20040,Cucumber Slices(2 Tablespoon),20,0,20,0,0,0,0,$0.00,0,0.00%,$0.00,$0.00,0,0.00%,$0.00,$0.00,,,,
Oakton High,5/22/2025,20042,"Peppers, Red, Whole(2 Tablespoons)",20,0,20,0,0,0,0,$0.00,0,0.00%,$0.00,$0.00,0,0.00%,$0.00,$0.00,,,,
Oakton High,5/22/2025,20052,Assorted  4 oz Yogurt(Container),30,0,30,20,13,0,13,$0.00,0,0.00%,$0.00,$0.00,7,35.00%,$0.00,$0.00,,,,
Oakton High,5/22/2025,20077,"Peppers, red, pre-sliced(1/4 cup sliced)",18,0,18,0,0,0,0,$0.00,0,0.00%,$0.00,$0.00,0,0.00%,$0.00,$0.00,,,,
Oakton High,5/22/2025,30002,Sub Roll(Sub Roll),29,0,29,0,0,0,0,$0.00,0,0.00%,$0.00,$0.00,0,0.00%,$0.00,$0.00,,,,
Oakton High,5/22/2025,30008,Apple Juice(Each),40,0,40,69,37,0,37,$6.29,0,0.00%,$0.00,$6.29,32,46.38%,$5.44,$11.73,,,,
Oakton High,5/22/2025,30009,Orange Tangerine Juice(Each),5,0,5,42,7,0,7,$1.19,0,0.00%,$0.00,$1.19,35,83.33%,$5.95,$7.14,,,,
Oakton High,5/22/2025,30018,Marinara Sauce(1/4 Cup),182,0,182,320,318,0,318,$47.70,0,0.00%,$0.00,$47.70,2,0.63%,$0.30,$48.00,,,,
Oakton High,5/22/2025,30024,Black Beans(1/4 Cup),23,0,23,25,5,0,5,$0.45,0,0.00%,$0.00,$0.45,20,80.00%,$1.80,$2.25,,,,
Oakton High,5/22/2025,30033,Cheez-Its Crackers(Package),15,0,15,13,9,0,9,$1.62,0,0.00%,$0.00,$1.62,4,30.77%,$0.72,$2.34,,,,
Oakton High,5/22/2025,30039,Cherry Flavored Dried Cranberries(Each),10,0,10,0,0,0,0,$0.00,0,0.00%,$0.00,$0.00,0,0.00%,$0.00,$0.00,,,,
Oakton High,5/22/2025,30041,Orange Flavored Dried Cranberries(Each),30,0,30,80,80,0,80,$19.20,0,0.00%,$0.00,$19.20,0,0.00%,$0.00,$19.20,,,,
Oakton High,5/22/2025,30043,Raspberry Lemonade Flavored Dried Cranberries(Each),30,0,30,100,100,0,100,$24.00,0,0.00%,$0.00,$24.00,0,0.00%,$0.00,$24.00,,,,
Oakton High,5/22/2025,30044,Strawberry Flavored Dried Cranberries(Each),10,0,10,0,0,0,0,$0.00,0,0.00%,$0.00,$0.00,0,0.00%,$0.00,$0.00,,,,
Oakton High,5/22/2025,30045,Watermelon Flavored Dried Cranberries(Each),30,0,30,270,180,0,180,$43.20,0,0.00%,$0.00,$43.20,90,33.33%,$21.60,$64.80,,,,
Oakton High,5/22/2025,30061,Chilled Mandarin Oranges(1/2 cup (drained)),48,0,48,212,182,0,182,$61.88,0,0.00%,$0.00,$61.88,30,14.15%,$10.20,$72.08,,,,
Oakton High,5/22/2025,30063,Ketchup Packet(Packet),527,0,527,205,205,0,205,$6.15,0,0.00%,$0.00,$6.15,0,0.00%,$0.00,$6.15,,,,
Oakton High,5/22/2025,30064,Mayonnaise Packet(Packet),134,0,134,120,100,0,100,$10.00,0,0.00%,$0.00,$10.00,20,16.67%,$2.00,$12.00,,,,
Oakton High,5/22/2025,30065,Mustard Packet(Packet),45,0,45,50,30,0,30,$1.50,0,0.00%,$0.00,$1.50,20,40.00%,$1.00,$2.50,,,,
Oakton High,5/22/2025,30077,Italian Dressing(1 ounce),28,0,28,40,5,0,5,$0.40,0,0.00%,$0.00,$0.40,35,87.50%,$2.80,$3.20,,,,
Oakton High,5/22/2025,30078,"Sauce, BBQ, HFCS-Free, Bulk, Low-Sodium(2 TBSP)",12,0,12,52,7,0,7,$0.70,0,0.00%,$0.00,$0.70,45,86.54%,$4.50,$5.20,,,,
Oakton High,5/22/2025,30097,Bottled Water(Bottle),150,0,150,150,101,0,101,$16.16,0,0.00%,$0.00,$16.16,49,32.67%,$7.84,$24.00,,,,
Oakton High,5/22/2025,30099,Chickpeas(1/4 cup),10,0,10,0,0,0,0,$0.00,0,0.00%,$0.00,$0.00,0,0.00%,$0.00,$0.00,,,,
Oakton High,5/22/2025,30099,Chickpeas(2 Tablespoons),20,0,20,0,0,0,0,$0.00,0,0.00%,$0.00,$0.00,0,0.00%,$0.00,$0.00,,,,
Oakton High,5/22/2025,30107,Ranch Dressing(1 ounce),174,0,174,168,108,0,108,$11.88,0,0.00%,$0.00,$11.88,60,35.71%,$6.60,$18.48,,,,
Oakton High,5/22/2025,30111,Doritos RF Spicy Sweet Chili(Each),24,0,24,26,26,0,26,$9.62,0,0.00%,$0.00,$9.62,0,0.00%,$0.00,$9.62,,,,
Oakton High,5/22/2025,30112,Doritos RF Nacho Cheese(Each),24,0,24,17,11,0,11,$4.07,0,0.00%,$0.00,$4.07,6,35.29%,$2.22,$6.29,,,,
Oakton High,5/22/2025,30113,Cool Ranch Reduced Fat Doritos(Each),24,0,24,20,20,0,20,$7.40,0,0.00%,$0.00,$7.40,0,0.00%,$0.00,$7.40,,,,
Oakton High,5/22/2025,30114,SS Baked Cheetos Flaming Hot(Each),48,0,48,11,11,0,11,$5.83,0,0.00%,$0.00,$5.83,0,0.00%,$0.00,$5.83,,,,
Oakton High,5/22/2025,30117,WG Baked Funyuns(Each),12,0,12,25,9,0,9,$3.24,0,0.00%,$0.00,$3.24,16,64.00%,$5.76,$9.00,,,,
Oakton High,5/22/2025,30118,Kettle Cooked Smoky BBQ Chips(Each),32,0,32,30,30,0,30,$18.00,0,0.00%,$0.00,$18.00,0,0.00%,$0.00,$18.00,,,,
Oakton High,5/22/2025,30119,RF Kettle Chips Jalapeno & Cheddar Chips(Each),64,0,64,40,39,0,39,$23.40,1,2.50%,$0.60,$24.00,0,0.00%,$0.00,$24.00,,,,
Oakton High,5/22/2025,30120,RF Kettle Chips Sea Salt & Vinegar Chips(Each),64,0,64,69,66,0,66,$39.60,1,1.45%,$0.60,$40.20,2,2.90%,$1.20,$41.40,,,,
Oakton High,5/22/2025,30121,Kellogg’s W/G Rice Krispies Treats(Each),20,0,20,55,19,0,19,$14.06,0,0.00%,$0.00,$14.06,36,65.45%,$26.64,$40.70,,,,
Oakton High,5/22/2025,30122,WG Chocolate Chip Rice Krispy Treats(Each),40,0,40,48,28,0,28,$16.80,0,0.00%,$0.00,$16.80,20,41.67%,$12.00,$28.80,,,,
Oakton High,5/22/2025,30124,"Fruit Snacks, Welch's Mixed(Each)",50,0,50,39,30,0,30,$12.00,0,0.00%,$0.00,$12.00,9,23.08%,$3.60,$15.60,,,,
Oakton High,5/22/2025,30160,Lay's RF Kettle Original Chips(Each),24,0,24,31,25,0,25,$15.00,0,0.00%,$0.00,$15.00,6,19.35%,$3.60,$18.60,,,,
Oakton High,5/22/2025,60035,PB&J Power Pack(Power Packs),171,0,171,282,133,0,133,$143.64,0,0.00%,$0.00,$143.64,149,52.84%,$160.92,$304.56,,,,
Oakton High,5/22/2025,60038,Peach Yogurt Power Pack(Power Packs),3,0,3,5,3,1,4,$3.20,0,0.00%,$0.00,$3.20,1,20.00%,$0.80,$4.00,,,,
Oakton High,5/22/2025,60042,Beef Meatball Sub Sandwich(Sandwich),0,0,0,193,157,6,163,$208.64,1,0.52%,$1.28,$209.92,29,15.03%,$37.12,$247.04,,,,
Oakton High,5/22/2025,60075,Spicy Chicken Wrap(Wrap),0,0,0,34,34,0,34,$39.78,0,0.00%,$0.00,$39.78,0,0.00%,$0.00,$39.78,,,,
Oakton High,5/22/2025,60100,Black Beans - salad bar entree(1/2 cup),14,0,14,25,15,0,15,$2.55,0,0.00%,$0.00,$2.55,10,40.00%,$1.70,$4.25,,,,
Oakton High,5/22/2025,60120,Asian Veggie Sub(sandwich),57,0,57,65,63,1,64,$120.96,1,1.54%,$1.89,$122.85,0,0.00%,$0.00,$122.85,,,,
Oakton High,5/22/2025,60177,Turkey & Cheese & Cracker Power Pack(wrap),0,0,0,7,4,3,7,$7.91,0,0.00%,$0.00,$7.91,0,0.00%,$0.00,$7.91,,,,
Olde Creek Elementary,5/22/2025,10015,Baked Cheese Sticks(2 Cheese Sticks),0,0,0,86,69,16,85,$56.10,1,1.16%,$0.66,$56.76,0,0.00%,$0.00,$56.76,,,,
Olde Creek Elementary,5/22/2025,10033,Chocolate Chip Cookie(Cookie),100,0,100,100,0,87,87,$0.00,2,2.00%,$0.00,$0.00,11,11.00%,$0.00,$0.00,,,,
Olde Creek Elementary,5/22/2025,10044,Soft Pretzel(1 pretzel),14,0,14,8,1,4,5,$1.10,3,37.50%,$0.66,$1.76,0,0.00%,$0.00,$1.76,,,,
Olde Creek Elementary,5/22/2025,10062,Corn(1/2 cup (cooked)),0,0,0,80,75,0,75,$15.75,5,6.25%,$1.05,$16.80,0,0.00%,$0.00,$16.80,,,,
Olde Creek Elementary,5/22/2025,20001,1% White Milk(Each),40,0,40,40,22,0,22,$7.92,0,0.00%,$0.00,$7.92,18,45.00%,$6.48,$14.40,,,,
Olde Creek Elementary,5/22/2025,20002,Fat Free Chocolate Milk(Each),130,0,130,131,99,11,110,$38.50,0,0.00%,$0.00,$38.50,21,16.03%,$7.35,$45.85,,,,
Olde Creek Elementary,5/22/2025,20008,Apple Slices(6 Slices per 1/2 cup),128,0,128,128,125,0,125,$147.50,3,2.34%,$3.54,$151.04,0,0.00%,$0.00,$151.04,,,,
Olde Creek Elementary,5/22/2025,20012,Grape Tomatoes(6 Tomatoes per 1/2 cup),70,0,70,70,65,0,65,$33.80,5,7.14%,$2.60,$36.40,0,0.00%,$0.00,$36.40,,,,
Olde Creek Elementary,5/22/2025,20016,String Cheese(Each),2,0,2,2,0,1,1,$0.00,0,0.00%,$0.00,$0.00,1,50.00%,$0.00,$0.00,,,,
Olde Creek Elementary,5/22/2025,20028,Lettuce Blend Salad Mix(1 cup),60,0,60,60,57,0,57,$9.12,3,5.00%,$0.48,$9.60,0,0.00%,$0.00,$9.60,,,,
Olde Creek Elementary,5/22/2025,20031,Banana(Each),0,0,0,20,20,0,20,$4.20,0,0.00%,$0.00,$4.20,0,0.00%,$0.00,$4.20,,,,
Olde Creek Elementary,5/22/2025,20038,Fat Free White Milk(Each),15,0,15,10,8,0,8,$2.64,0,0.00%,$0.00,$2.64,2,20.00%,$0.66,$3.30,,,,
Olde Creek Elementary,5/22/2025,20047,Orange Slices(6 Slices per 1/2 cup),60,0,60,50,46,0,46,$18.40,4,8.00%,$1.60,$20.00,0,0.00%,$0.00,$20.00,,,,
Olde Creek Elementary,5/22/2025,20052,Assorted  4 oz Yogurt(Container),2,0,2,2,0,1,1,$0.00,0,0.00%,$0.00,$0.00,1,50.00%,$0.00,$0.00,,,,
Olde Creek Elementary,5/22/2025,20075,Cucumbers(1/2 cup sliced),0,0,0,46,0,0,0,$0.00,46,100.00%,$0.00,$0.00,0,0.00%,$0.00,$0.00,,,,
Olde Creek Elementary,5/22/2025,30008,Apple Juice(Each),20,0,20,20,0,18,18,$0.00,0,0.00%,$0.00,$0.00,2,10.00%,$0.00,$0.00,,,,
Olde Creek Elementary,5/22/2025,30009,Orange Tangerine Juice(Each),10,0,10,10,0,7,7,$0.00,0,0.00%,$0.00,$0.00,3,30.00%,$0.00,$0.00,,,,
Olde Creek Elementary,5/22/2025,30018,Marinara Sauce(1/4 Cup),0,0,0,48,40,2,42,$6.30,6,12.50%,$0.90,$7.20,0,0.00%,$0.00,$7.20,,,,
Olde Creek Elementary,5/22/2025,30024,Black Beans(1/2 Cup),0,0,0,20,16,0,16,$2.72,4,20.00%,$0.68,$3.40,0,0.00%,$0.00,$3.40,,,,
Olde Creek Elementary,5/22/2025,30033,Cheez-Its Crackers(Package),0,0,0,4,0,1,1,$0.00,0,0.00%,$0.00,$0.00,3,75.00%,$0.00,$0.00,,,,
Olde Creek Elementary,5/22/2025,30039,Cherry Flavored Dried Cranberries(Each),60,0,60,60,56,0,56,$13.44,0,0.00%,$0.00,$13.44,4,6.67%,$0.96,$14.40,,,,
Olde Creek Elementary,5/22/2025,30077,Italian Dressing(1 ounce),24,0,24,36,32,0,32,$2.56,0,0.00%,$0.00,$2.56,4,11.11%,$0.32,$2.88,,,,
Olde Creek Elementary,5/22/2025,30078,"Sauce, BBQ, HFCS-Free, Bulk, Low-Sodium(2 TBSP)",40,0,40,40,36,0,36,$3.60,0,0.00%,$0.00,$3.60,4,10.00%,$0.40,$4.00,,,,
Olde Creek Elementary,5/22/2025,30094,Doritos Wild White Nacho Flavored Tortilla Chips(Bag),40,0,40,24,0,24,24,$0.00,0,0.00%,$0.00,$0.00,0,0.00%,$0.00,$0.00,,,,
Olde Creek Elementary,5/22/2025,30097,Bottled Water(Bottle),15,0,15,10,0,6,6,$0.00,0,0.00%,$0.00,$0.00,4,40.00%,$0.00,$0.00,,,,
Olde Creek Elementary,5/22/2025,30107,Ranch Dressing(1 ounce),36,0,36,48,44,0,44,$4.84,0,0.00%,$0.00,$4.84,4,8.33%,$0.44,$5.28,,,,
Olde Creek Elementary,5/22/2025,30184,"Milk, Soy, Vanilla (24/8 oz)(each)",2,0,2,2,0,0,0,$0.00,0,0.00%,$0.00,$0.00,2,100.00%,$0.00,$0.00,,,,
Olde Creek Elementary,5/22/2025,60035,PB&J Power Pack(Power Packs),70,0,70,40,31,3,34,$36.72,0,0.00%,$0.00,$36.72,6,15.00%,$6.48,$43.20,,,,
Olde Creek Elementary,5/22/2025,60037,Strawberry & Banana Yogurt Power Pack(Power Packs),15,0,15,10,4,0,4,$3.20,0,0.00%,$0.00,$3.20,6,60.00%,$4.80,$8.00,,,,
Olde Creek Elementary,5/22/2025,60078,Nachos with Turkey Barbacoa and Cheese Sauce(Serving),0,0,0,12,12,0,12,$15.96,0,0.00%,$0.00,$15.96,0,0.00%,$0.00,$15.96,,,,
Olde Creek Elementary,5/22/2025,60079,Nachos with Black Beans and Cheese Sauce(Serving),0,0,0,7,7,0,7,$4.41,0,0.00%,$0.00,$4.41,0,0.00%,$0.00,$4.41,,,,
Olde Creek Elementary,5/22/2025,60100,Black Beans - salad bar entree(1/2 cup),4,0,4,4,1,0,1,$0.17,3,75.00%,$0.51,$0.68,0,0.00%,$0.00,$0.68,,,,
Olde Creek Elementary,5/22/2025,60120,Asian Veggie Sub(sandwich),0,0,0,20,9,7,16,$30.24,4,20.00%,$7.56,$37.80,0,0.00%,$0.00,$37.80,,,,
Olde Creek Elementary,5/22/2025,60122,Asian Meatball Sub(sandwich),40,0,40,13,12,0,12,$21.36,1,7.69%,$1.78,$23.14,0,0.00%,$0.00,$23.14,,,,
Olde Creek Elementary,5/22/2025,60124,Nachos with Cheese Sauce(Serving),0,0,0,18,18,0,18,$13.86,0,0.00%,$0.00,$13.86,0,0.00%,$0.00,$13.86,,,,
Orange Hunt Elementary,5/22/2025,10033,Chocolate Chip Cookie(Cookie),250,0,250,360,357,0,357,$96.39,0,0.00%,$0.00,$96.39,3,0.83%,$0.81,$97.20,,,,
Orange Hunt Elementary,5/22/2025,10044,Soft Pretzel(1 pretzel),92,0,92,50,40,0,40,$8.80,0,0.00%,$0.00,$8.80,10,20.00%,$2.20,$11.00,,,,
Orange Hunt Elementary,5/22/2025,20001,1% White Milk(Each),12,0,12,15,13,0,13,$4.68,0,0.00%,$0.00,$4.68,2,13.33%,$0.72,$5.40,,,,
Orange Hunt Elementary,5/22/2025,20002,Fat Free Chocolate Milk(Each),250,0,250,240,237,0,237,$82.95,0,0.00%,$0.00,$82.95,3,1.25%,$1.05,$84.00,,,,
Orange Hunt Elementary,5/22/2025,20012,Grape Tomatoes(1/4 cup),0,0,0,40,37,0,37,$9.62,0,0.00%,$0.00,$9.62,3,7.50%,$0.78,$10.40,,,,
Orange Hunt Elementary,5/22/2025,20016,String Cheese(Each),2,0,2,2,0,0,0,$0.00,0,0.00%,$0.00,$0.00,2,100.00%,$0.00,$0.00,,,,
Orange Hunt Elementary,5/22/2025,20018,Red Seedless Grapes(16 grapes per 1/2 cup),0,0,0,94,91,0,91,$46.41,0,0.00%,$0.00,$46.41,3,3.19%,$1.53,$47.94,,,,
Orange Hunt Elementary,5/22/2025,20027,Broccoli Florets(1/4 cup),66,0,66,40,37,0,37,$2.96,0,0.00%,$0.00,$2.96,3,7.50%,$0.24,$3.20,,,,
Orange Hunt Elementary,5/22/2025,20028,Lettuce Blend Salad Mix(1/2 cup),140,0,140,140,134,0,134,$10.72,0,0.00%,$0.00,$10.72,6,4.29%,$0.48,$11.20,,,,
Orange Hunt Elementary,5/22/2025,20031,Banana(Each),78,0,78,80,79,0,79,$16.59,0,0.00%,$0.00,$16.59,1,1.25%,$0.21,$16.80,,,,
Orange Hunt Elementary,5/22/2025,20038,Fat Free White Milk(Each),8,0,8,10,8,0,8,$2.64,0,0.00%,$0.00,$2.64,2,20.00%,$0.66,$3.30,,,,
Orange Hunt Elementary,5/22/2025,20052,Assorted  4 oz Yogurt(Container),2,0,2,2,0,0,0,$0.00,0,0.00%,$0.00,$0.00,2,100.00%,$0.00,$0.00,,,,
Orange Hunt Elementary,5/22/2025,20077,"Peppers, red, pre-sliced(1/2 cup sliced)",0,0,0,80,77,0,77,$43.12,0,0.00%,$0.00,$43.12,3,3.75%,$1.68,$44.80,,,,
Orange Hunt Elementary,5/22/2025,30008,Apple Juice(Each),2,0,2,2,0,0,0,$0.00,0,0.00%,$0.00,$0.00,2,100.00%,$0.00,$0.00,,,,
Orange Hunt Elementary,5/22/2025,30009,Orange Tangerine Juice(Each),2,0,2,2,0,0,0,$0.00,0,0.00%,$0.00,$0.00,2,100.00%,$0.00,$0.00,,,,
Orange Hunt Elementary,5/22/2025,30031,Strawberry Chex Mix(Package),0,0,0,15,14,0,14,$6.30,0,0.00%,$0.00,$6.30,1,6.67%,$0.45,$6.75,,,,
Orange Hunt Elementary,5/22/2025,30033,Cheez-Its Crackers(Package),0,0,0,10,10,0,10,$1.80,0,0.00%,$0.00,$1.80,0,0.00%,$0.00,$1.80,,,,
Orange Hunt Elementary,5/22/2025,30044,Strawberry Flavored Dried Cranberries(Each),13,0,13,30,28,0,28,$6.72,0,0.00%,$0.00,$6.72,2,6.67%,$0.48,$7.20,,,,
Orange Hunt Elementary,5/22/2025,30077,Italian Dressing(1 ounce),22,0,22,24,20,0,20,$1.60,0,0.00%,$0.00,$1.60,4,16.67%,$0.32,$1.92,,,,
Orange Hunt Elementary,5/22/2025,30094,Doritos Wild White Nacho Flavored Tortilla Chips(Bag),144,0,144,72,72,0,72,$25.20,0,0.00%,$0.00,$25.20,0,0.00%,$0.00,$25.20,,,,
Orange Hunt Elementary,5/22/2025,30097,Bottled Water(Bottle),40,0,40,40,36,0,36,$5.76,0,0.00%,$0.00,$5.76,4,10.00%,$0.64,$6.40,,,,
Orange Hunt Elementary,5/22/2025,30099,Chickpeas(1/4 cup),20,0,20,50,46,0,46,$4.14,0,0.00%,$0.00,$4.14,4,8.00%,$0.36,$4.50,,,,
Orange Hunt Elementary,5/22/2025,30107,Ranch Dressing(1 ounce),38,0,38,48,44,0,44,$4.84,0,0.00%,$0.00,$4.84,4,8.33%,$0.44,$5.28,,,,
Orange Hunt Elementary,5/22/2025,60035,PB&J Power Pack(Power Packs),84,0,84,82,79,0,79,$85.32,0,0.00%,$0.00,$85.32,3,3.66%,$3.24,$88.56,,,,
Orange Hunt Elementary,5/22/2025,60036,Cherry Vanilla Yogurt Power Pack(Power Packs),12,0,12,10,9,0,9,$7.20,0,0.00%,$0.00,$7.20,1,10.00%,$0.80,$8.00,,,,
Orange Hunt Elementary,5/22/2025,60037,Strawberry & Banana Yogurt Power Pack(Power Packs),11,0,11,10,9,0,9,$7.20,0,0.00%,$0.00,$7.20,1,10.00%,$0.80,$8.00,,,,
Orange Hunt Elementary,5/22/2025,60038,Peach Yogurt Power Pack(Power Packs),12,0,12,10,9,0,9,$7.20,0,0.00%,$0.00,$7.20,1,10.00%,$0.80,$8.00,,,,
Orange Hunt Elementary,5/22/2025,60100,Black Beans - salad bar entree(1/2 cup),0,0,0,5,0,0,0,$0.00,0,0.00%,$0.00,$0.00,5,100.00%,$0.00,$0.00,,,,
Orange Hunt Elementary,5/22/2025,60120,Asian Veggie Sub(sandwich),125,0,125,80,74,0,74,$139.86,0,0.00%,$0.00,$139.86,6,7.50%,$11.34,$151.20,,,,
Orange Hunt Elementary,5/22/2025,60122,Asian Meatball Sub(sandwich),80,0,80,135,131,0,131,$233.18,0,0.00%,$0.00,$233.18,4,2.96%,$7.12,$240.30,,,,
Parklawn Elementary,5/22/2025,10033,Chocolate Chip Cookie(1/2 Cookie),15,0,15,30,22,0,22,$3.08,0,0.00%,$0.00,$3.08,8,26.67%,$1.12,$4.20,,,,
Parklawn Elementary,5/22/2025,10044,Soft Pretzel(1 pretzel),1,0,1,5,0,0,0,$0.00,0,0.00%,$0.00,$0.00,5,100.00%,$0.00,$0.00,,,,
Parklawn Elementary,5/22/2025,10062,Corn(1/4 cup (thawed)),370,0,370,128,128,0,128,$14.08,0,0.00%,$0.00,$14.08,0,0.00%,$0.00,$14.08,,,,
Parklawn Elementary,5/22/2025,10073,Whole Strawberries(1/2 cup thawed),0,0,0,320,320,0,320,$108.80,0,0.00%,$0.00,$108.80,0,0.00%,$0.00,$108.80,,,,
Parklawn Elementary,5/22/2025,20001,1% White Milk(Each),117,0,117,358,119,0,119,$42.84,0,0.00%,$0.00,$42.84,239,66.76%,$86.04,$128.88,,,,
Parklawn Elementary,5/22/2025,20002,Fat Free Chocolate Milk(Each),437,0,437,778,468,0,468,$163.80,0,0.00%,$0.00,$163.80,310,39.85%,$108.50,$272.30,,,,
Parklawn Elementary,5/22/2025,20014,Red Delicious Apple(Each - serving),0,0,0,414,352,0,352,$116.16,0,0.00%,$0.00,$116.16,62,14.98%,$20.46,$136.62,,,,
Parklawn Elementary,5/22/2025,20016,String Cheese(Each),0,0,0,0,0,0,0,$0.00,0,0.00%,$0.00,$0.00,0,0.00%,$0.00,$0.00,,,,
Parklawn Elementary,5/22/2025,20023,Baby Carrots(3 baby carrots per 1/4 cup),0,0,0,276,276,0,276,$24.84,0,0.00%,$0.00,$24.84,0,0.00%,$0.00,$24.84,,,,
Parklawn Elementary,5/22/2025,20028,Lettuce Blend Salad Mix(1 cup),35,0,35,35,35,0,35,$5.60,0,0.00%,$0.00,$5.60,0,0.00%,$0.00,$5.60,,,,
Parklawn Elementary,5/22/2025,20028,Lettuce Blend Salad Mix(1/2 cup),298,0,298,320,304,0,304,$24.32,16,5.00%,$1.28,$25.60,0,0.00%,$0.00,$25.60,,,,
Parklawn Elementary,5/22/2025,20031,Banana(Each),34,0,34,173,171,0,171,$35.91,0,0.00%,$0.00,$35.91,2,1.16%,$0.42,$36.33,,,,
Parklawn Elementary,5/22/2025,20038,Fat Free White Milk(Each),52,0,52,143,25,0,25,$8.25,0,0.00%,$0.00,$8.25,118,82.52%,$38.94,$47.19,,,,
Parklawn Elementary,5/22/2025,20047,Orange Slices(3 slices per 1/4 cup),0,0,0,379,375,0,375,$75.00,0,0.00%,$0.00,$75.00,4,1.06%,$0.80,$75.80,,,,
Parklawn Elementary,5/22/2025,20052,Assorted  4 oz Yogurt(Container),0,0,0,0,0,0,0,$0.00,0,0.00%,$0.00,$0.00,0,0.00%,$0.00,$0.00,,,,
Parklawn Elementary,5/22/2025,30008,Apple Juice(Each),0,0,0,0,0,0,0,$0.00,0,0.00%,$0.00,$0.00,0,0.00%,$0.00,$0.00,,,,
Parklawn Elementary,5/22/2025,30009,Orange Tangerine Juice(Each),0,0,0,0,0,0,0,$0.00,0,0.00%,$0.00,$0.00,0,0.00%,$0.00,$0.00,,,,
Parklawn Elementary,5/22/2025,30031,Strawberry Chex Mix(Package),0,0,0,5,1,0,1,$0.45,0,0.00%,$0.00,$0.45,4,80.00%,$1.80,$2.25,,,,
Parklawn Elementary,5/22/2025,30034,Graham Crackers(Package),34,0,34,35,35,0,35,$4.90,0,0.00%,$0.00,$4.90,0,0.00%,$0.00,$4.90,,,,
Parklawn Elementary,5/22/2025,30037,IW Applesauce Cup(Each),34,0,34,35,35,0,35,$9.45,0,0.00%,$0.00,$9.45,0,0.00%,$0.00,$9.45,,,,
Parklawn Elementary,5/22/2025,30077,Italian Dressing(1 ounce),83,0,83,135,72,0,72,$5.76,0,0.00%,$0.00,$5.76,63,46.67%,$5.04,$10.80,,,,
Parklawn Elementary,5/22/2025,30097,Bottled Water(Bottle),0,0,0,0,0,0,0,$0.00,0,0.00%,$0.00,$0.00,0,0.00%,$0.00,$0.00,,,,
Parklawn Elementary,5/22/2025,30099,Chickpeas(1/4 cup),44,0,44,66,33,0,33,$2.97,0,0.00%,$0.00,$2.97,33,50.00%,$2.97,$5.94,,,,
Parklawn Elementary,5/22/2025,30107,Ranch Dressing(1 ounce),206,0,206,235,151,0,151,$16.61,0,0.00%,$0.00,$16.61,84,35.74%,$9.24,$25.85,,,,
Parklawn Elementary,5/22/2025,30158,Black Beans(1/2 Cup),4,0,4,5,0,0,0,$0.00,0,0.00%,$0.00,$0.00,5,100.00%,$0.00,$0.00,,,,
Parklawn Elementary,5/22/2025,60035,PB&J Power Pack(Power Packs),93,0,93,250,211,0,211,$227.88,0,0.00%,$0.00,$227.88,39,15.60%,$42.12,$270.00,,,,
Parklawn Elementary,5/22/2025,60036,Cherry Vanilla Yogurt Power Pack(Power Packs),35,0,35,30,29,0,29,$23.20,0,0.00%,$0.00,$23.20,1,3.33%,$0.80,$24.00,,,,
Parklawn Elementary,5/22/2025,60037,Strawberry & Banana Yogurt Power Pack(Power Packs),37,0,37,30,29,0,29,$23.20,0,0.00%,$0.00,$23.20,1,3.33%,$0.80,$24.00,,,,
Parklawn Elementary,5/22/2025,60038,Peach Yogurt Power Pack(Power Packs),35,0,35,30,30,0,30,$24.00,0,0.00%,$0.00,$24.00,0,0.00%,$0.00,$24.00,,,,
Parklawn Elementary,5/22/2025,60054,Steamed Broccoli(1/2 cup),146,0,146,168,126,0,126,$18.90,0,0.00%,$0.00,$18.90,42,25.00%,$6.30,$25.20,,,,
Parklawn Elementary,5/22/2025,60078,Nachos with Turkey Barbacoa and Cheese Sauce(Serving),0,0,0,20,20,0,20,$26.60,0,0.00%,$0.00,$26.60,0,0.00%,$0.00,$26.60,,,,
Parklawn Elementary,5/22/2025,60120,Asian Veggie Sub(sandwich),321,0,321,410,395,8,403,$761.67,0,0.00%,$0.00,$761.67,7,1.71%,$13.23,$774.90,,,,
Parklawn Elementary,5/22/2025,60122,Asian Meatball Sub(sandwich),55,0,55,65,51,0,51,$90.78,14,21.54%,$24.92,$115.70,0,0.00%,$0.00,$115.70,,,,
Parklawn Elementary,5/22/2025,60124,Nachos with Cheese Sauce(Serving),0,0,0,14,14,0,14,$10.78,0,0.00%,$0.00,$10.78,0,0.00%,$0.00,$10.78,,,,
Parklawn Elementary,5/22/2025,60150,Strawberry Parfait Power Pack(Power Pack),0,0,0,10,8,0,8,$13.04,0,0.00%,$0.00,$13.04,2,20.00%,$3.26,$16.30,,,,
Parklawn Elementary,5/22/2025,60156,"Taco, Turkey Barbacoa, Loco Bread(2 Tacos)",0,0,0,12,12,0,12,$13.68,0,0.00%,$0.00,$13.68,0,0.00%,$0.00,$13.68,,,,
Pine Spring Elementary,5/22/2025,10015,Baked Cheese Sticks(2 Cheese Sticks),0,0,0,4,4,0,4,$2.64,0,0.00%,$0.00,$2.64,0,0.00%,$0.00,$2.64,,,,
Pine Spring Elementary,5/22/2025,10033,Chocolate Chip Cookie(1/2 Cookie),0,9,9,0,0,0,0,$0.00,0,0.00%,$0.00,$0.00,0,0.00%,$0.00,$0.00,,,,
Pine Spring Elementary,5/22/2025,10044,Soft Pretzel(1 pretzel),0,0,0,0,0,0,0,$0.00,0,0.00%,$0.00,$0.00,0,0.00%,$0.00,$0.00,,,,
Pine Spring Elementary,5/22/2025,10075,Cheese Pizza(Slice),0,0,0,8,8,0,8,$4.56,0,0.00%,$0.00,$4.56,0,0.00%,$0.00,$4.56,,,,
Pine Spring Elementary,5/22/2025,20001,1% White Milk(Each),162,0,162,243,91,0,91,$32.76,0,0.00%,$0.00,$32.76,152,62.55%,$54.72,$87.48,,,,
Pine Spring Elementary,5/22/2025,20002,Fat Free Chocolate Milk(Each),350,0,350,412,315,0,315,$110.25,0,0.00%,$0.00,$110.25,97,23.54%,$33.95,$144.20,,,,
Pine Spring Elementary,5/22/2025,20008,Apple Slices(3 slices per 1/4 cup),0,0,0,232,213,0,213,$125.67,0,0.00%,$0.00,$125.67,19,8.19%,$11.21,$136.88,,,,
Pine Spring Elementary,5/22/2025,20011,Cherry Tomatoes(1/4 cup),0,0,0,72,56,0,56,$20.72,0,0.00%,$0.00,$20.72,16,22.22%,$5.92,$26.64,,,,
Pine Spring Elementary,5/22/2025,20014,Red Delicious Apple(Each - serving),0,0,0,59,59,0,59,$19.47,0,0.00%,$0.00,$19.47,0,0.00%,$0.00,$19.47,,,,
Pine Spring Elementary,5/22/2025,20016,String Cheese(Each),0,0,0,0,0,0,0,$0.00,0,0.00%,$0.00,$0.00,0,0.00%,$0.00,$0.00,,,,
Pine Spring Elementary,5/22/2025,20017,Orange(1/4 cup),0,0,0,102,85,0,85,$14.45,0,0.00%,$0.00,$14.45,17,16.67%,$2.89,$17.34,,,,
Pine Spring Elementary,5/22/2025,20018,Red Seedless Grapes(16 grapes per 1/2 cup),0,0,0,368,351,0,351,$179.01,0,0.00%,$0.00,$179.01,17,4.62%,$8.67,$187.68,,,,
Pine Spring Elementary,5/22/2025,20023,Baby Carrots(3 baby carrots per 1/4 cup),0,0,0,144,127,0,127,$11.43,0,0.00%,$0.00,$11.43,17,11.81%,$1.53,$12.96,,,,
Pine Spring Elementary,5/22/2025,20028,Lettuce Blend Salad Mix(1 cup),62,0,62,58,58,0,58,$9.28,0,0.00%,$0.00,$9.28,0,0.00%,$0.00,$9.28,,,,
Pine Spring Elementary,5/22/2025,20028,Lettuce Blend Salad Mix(1/2 cup),240,0,240,360,357,0,357,$28.56,0,0.00%,$0.00,$28.56,3,0.83%,$0.24,$28.80,,,,
Pine Spring Elementary,5/22/2025,20031,Banana(Each),212,0,212,283,273,0,273,$57.33,0,0.00%,$0.00,$57.33,10,3.53%,$2.10,$59.43,,,,
Pine Spring Elementary,5/22/2025,20038,Fat Free White Milk(Each),50,0,50,79,9,0,9,$2.97,0,0.00%,$0.00,$2.97,70,88.61%,$23.10,$26.07,,,,
Pine Spring Elementary,5/22/2025,20052,Assorted  4 oz Yogurt(Container),0,0,0,0,0,0,0,$0.00,0,0.00%,$0.00,$0.00,0,0.00%,$0.00,$0.00,,,,
Pine Spring Elementary,5/22/2025,20077,"Peppers, red, pre-sliced(1/2 cup sliced)",0,0,0,210,180,0,180,$100.80,0,0.00%,$0.00,$100.80,30,14.29%,$16.80,$117.60,,,,
Pine Spring Elementary,5/22/2025,30008,Apple Juice(Each),0,0,0,0,0,0,0,$0.00,0,0.00%,$0.00,$0.00,0,0.00%,$0.00,$0.00,,,,
Pine Spring Elementary,5/22/2025,30009,Orange Tangerine Juice(Each),0,0,0,0,0,0,0,$0.00,0,0.00%,$0.00,$0.00,0,0.00%,$0.00,$0.00,,,,
Pine Spring Elementary,5/22/2025,30034,Graham Crackers(Package),36,0,36,30,30,0,30,$4.20,0,0.00%,$0.00,$4.20,0,0.00%,$0.00,$4.20,,,,
Pine Spring Elementary,5/22/2025,30037,IW Applesauce Cup(Each),36,0,36,30,30,0,30,$8.10,0,0.00%,$0.00,$8.10,0,0.00%,$0.00,$8.10,,,,
Pine Spring Elementary,5/22/2025,30041,Orange Flavored Dried Cranberries(Each),200,0,200,25,15,0,15,$3.60,0,0.00%,$0.00,$3.60,10,40.00%,$2.40,$6.00,,,,
Pine Spring Elementary,5/22/2025,30077,Italian Dressing(1 ounce),10,0,10,24,11,0,11,$0.88,0,0.00%,$0.00,$0.88,13,54.17%,$1.04,$1.92,,,,
Pine Spring Elementary,5/22/2025,30094,Doritos Wild White Nacho Flavored Tortilla Chips(Bag),0,4,4,0,0,0,0,$0.00,0,0.00%,$0.00,$0.00,0,0.00%,$0.00,$0.00,,,,
Pine Spring Elementary,5/22/2025,30097,Bottled Water(Bottle),0,0,0,0,0,0,0,$0.00,0,0.00%,$0.00,$0.00,0,0.00%,$0.00,$0.00,,,,
Pine Spring Elementary,5/22/2025,30099,Chickpeas(1/4 cup),34,0,34,32,19,0,19,$1.71,0,0.00%,$0.00,$1.71,13,40.63%,$1.17,$2.88,,,,
Pine Spring Elementary,5/22/2025,30107,Ranch Dressing(1 ounce),137,0,137,154,131,0,131,$14.41,0,0.00%,$0.00,$14.41,23,14.94%,$2.53,$16.94,,,,
Pine Spring Elementary,5/22/2025,30109,Smartfood RF White Cheddar Popcorn(Each),0,0,0,4,0,4,4,$0.00,0,0.00%,$0.00,$0.00,0,0.00%,$0.00,$0.00,,,,
Pine Spring Elementary,5/22/2025,30158,Black Beans(1/2 Cup),0,0,0,0,0,0,0,$0.00,0,0.00%,$0.00,$0.00,0,0.00%,$0.00,$0.00,,,,
Pine Spring Elementary,5/22/2025,60007,Cheeseburger(Sandwich),0,0,0,20,20,0,20,$14.60,0,0.00%,$0.00,$14.60,0,0.00%,$0.00,$14.60,,,,
Pine Spring Elementary,5/22/2025,60018,Cheese Quesadilla(Quesadilla),0,0,0,4,4,0,4,$2.76,0,0.00%,$0.00,$2.76,0,0.00%,$0.00,$2.76,,,,
Pine Spring Elementary,5/22/2025,60035,PB&J Power Pack(Power Packs),160,0,160,150,140,0,140,$151.20,0,0.00%,$0.00,$151.20,10,6.67%,$10.80,$162.00,,,,
Pine Spring Elementary,5/22/2025,60036,Cherry Vanilla Yogurt Power Pack(Power Packs),100,0,100,50,42,0,42,$33.60,0,0.00%,$0.00,$33.60,8,16.00%,$6.40,$40.00,,,,
Pine Spring Elementary,5/22/2025,60037,Strawberry & Banana Yogurt Power Pack(Power Packs),2,0,2,5,5,0,5,$4.00,0,0.00%,$0.00,$4.00,0,0.00%,$0.00,$4.00,,,,
Pine Spring Elementary,5/22/2025,60044,BBQ Vegan Burger(Sandwich),0,0,0,11,11,0,11,$7.15,0,0.00%,$0.00,$7.15,0,0.00%,$0.00,$7.15,,,,
Pine Spring Elementary,5/22/2025,60047,Chicken Tenders(3 tenders),0,0,0,85,70,0,70,$65.80,0,0.00%,$0.00,$65.80,15,17.65%,$14.10,$79.90,,,,
Pine Spring Elementary,5/22/2025,60064,Vegetable Dumpling(6 dumplings),0,0,0,3,3,0,3,$0.00,0,0.00%,$0.00,$0.00,0,0.00%,$0.00,$0.00,,,,
Pine Spring Elementary,5/22/2025,60078,Nachos with Turkey Barbacoa and Cheese Sauce(Serving),0,0,0,10,10,0,10,$13.30,0,0.00%,$0.00,$13.30,0,0.00%,$0.00,$13.30,,,,
Pine Spring Elementary,5/22/2025,60120,Asian Veggie Sub(sandwich),161,0,161,63,47,0,47,$88.83,0,0.00%,$0.00,$88.83,16,25.40%,$30.24,$119.07,,,,
Pine Spring Elementary,5/22/2025,60122,Asian Meatball Sub(sandwich),149,6,155,106,102,2,104,$185.12,0,0.00%,$0.00,$185.12,2,1.89%,$3.56,$188.68,,,,
Pine Spring Elementary,5/22/2025,60124,Nachos with Cheese Sauce(Serving),0,0,0,5,5,0,5,$3.85,0,0.00%,$0.00,$3.85,0,0.00%,$0.00,$3.85,,,,
Poe Middle,5/22/2025,10015,Baked Cheese Sticks(2 Cheese Sticks),192,0,192,342,334,6,340,$224.40,0,0.00%,$0.00,$224.40,2,0.58%,$1.32,$225.72,,,,
Poe Middle,5/22/2025,10026,Chickenless Bites(4 Bites),0,0,0,117,116,0,116,$84.68,0,0.00%,$0.00,$84.68,1,0.85%,$0.73,$85.41,,,,
Poe Middle,5/22/2025,10027,"Bread, Loco(flatbread)",0,0,0,117,109,0,109,$32.70,0,0.00%,$0.00,$32.70,8,6.84%,$2.40,$35.10,,,,
Poe Middle,5/22/2025,10033,Chocolate Chip Cookie(Cookie),25,0,25,30,22,0,22,$5.94,0,0.00%,$0.00,$5.94,8,26.67%,$2.16,$8.10,,,,
Poe Middle,5/22/2025,10039,Potato Encrusted Breaded Pollock(Fillet),0,0,0,33,33,0,33,$21.78,0,0.00%,$0.00,$21.78,0,0.00%,$0.00,$21.78,,,,
Poe Middle,5/22/2025,10044,Soft Pretzel(1 pretzel),84,0,84,18,17,0,17,$3.74,0,0.00%,$0.00,$3.74,1,5.56%,$0.22,$3.96,,,,
Poe Middle,5/22/2025,10062,Corn(1/4 cup (thawed)),74,0,74,128,126,0,126,$13.86,0,0.00%,$0.00,$13.86,2,1.56%,$0.22,$14.08,,,,
Poe Middle,5/22/2025,20001,1% White Milk(Each),74,0,74,362,47,0,47,$16.92,0,0.00%,$0.00,$16.92,315,87.02%,$113.40,$130.32,,,,
Poe Middle,5/22/2025,20002,Fat Free Chocolate Milk(Each),222,0,222,816,313,0,313,$109.55,0,0.00%,$0.00,$109.55,503,61.64%,$176.05,$285.60,,,,
Poe Middle,5/22/2025,20008,Apple Slices(3 slices per 1/4 cup),0,0,0,348,348,0,348,$205.32,0,0.00%,$0.00,$205.32,0,0.00%,$0.00,$205.32,,,,
Poe Middle,5/22/2025,20014,Red Delicious Apple(Each - serving),0,0,0,125,46,0,46,$15.18,0,0.00%,$0.00,$15.18,79,63.20%,$26.07,$41.25,,,,
Poe Middle,5/22/2025,20017,Orange(1/4 cup),0,0,0,138,118,0,118,$20.06,0,0.00%,$0.00,$20.06,20,14.49%,$3.40,$23.46,,,,
Poe Middle,5/22/2025,20023,Baby Carrots(3 baby carrots per 1/4 cup),0,0,0,96,72,0,72,$6.48,0,0.00%,$0.00,$6.48,24,25.00%,$2.16,$8.64,,,,
Poe Middle,5/22/2025,20028,Lettuce Blend Salad Mix(1/2 cup),300,0,300,320,280,0,280,$22.40,0,0.00%,$0.00,$22.40,40,12.50%,$3.20,$25.60,,,,
Poe Middle,5/22/2025,20031,Banana(Each),110,0,110,100,99,0,99,$20.79,0,0.00%,$0.00,$20.79,1,1.00%,$0.21,$21.00,,,,
Poe Middle,5/22/2025,20038,Fat Free White Milk(Each),41,0,41,149,18,0,18,$5.94,0,0.00%,$0.00,$5.94,131,87.92%,$43.23,$49.17,,,,
Poe Middle,5/22/2025,30008,Apple Juice(Each),5,0,5,0,0,0,0,$0.00,0,0.00%,$0.00,$0.00,0,0.00%,$0.00,$0.00,,,,
Poe Middle,5/22/2025,30009,Orange Tangerine Juice(Each),5,0,5,0,0,0,0,$0.00,0,0.00%,$0.00,$0.00,0,0.00%,$0.00,$0.00,,,,
Poe Middle,5/22/2025,30014,Whole Wheat Dinner Roll(2 rolls),0,0,0,33,33,0,33,$9.24,0,0.00%,$0.00,$9.24,0,0.00%,$0.00,$9.24,,,,
Poe Middle,5/22/2025,30018,Marinara Sauce(1/4 Cup),198,0,198,200,186,0,186,$27.90,0,0.00%,$0.00,$27.90,14,7.00%,$2.10,$30.00,,,,
Poe Middle,5/22/2025,30024,Black Beans(1/4 Cup),33,0,33,66,33,0,33,$2.97,0,0.00%,$0.00,$2.97,33,50.00%,$2.97,$5.94,,,,
Poe Middle,5/22/2025,30045,Watermelon Flavored Dried Cranberries(Each),54,0,54,50,25,0,25,$6.00,0,0.00%,$0.00,$6.00,25,50.00%,$6.00,$12.00,,,,
Poe Middle,5/22/2025,30063,Ketchup Packet(Packet),495,0,495,500,400,0,400,$12.00,0,0.00%,$0.00,$12.00,100,20.00%,$3.00,$15.00,,,,
Poe Middle,5/22/2025,30064,Mayonnaise Packet(Packet),205,0,205,150,100,0,100,$10.00,0,0.00%,$0.00,$10.00,50,33.33%,$5.00,$15.00,,,,
Poe Middle,5/22/2025,30065,Mustard Packet(Packet),189,0,189,100,50,0,50,$2.50,0,0.00%,$0.00,$2.50,50,50.00%,$2.50,$5.00,,,,
Poe Middle,5/22/2025,30077,Italian Dressing(1 ounce),28,0,28,48,12,0,12,$0.96,0,0.00%,$0.00,$0.96,36,75.00%,$2.88,$3.84,,,,
Poe Middle,5/22/2025,30097,Bottled Water(Bottle),5,0,5,5,2,0,2,$0.32,0,0.00%,$0.00,$0.32,3,60.00%,$0.48,$0.80,,,,
Poe Middle,5/22/2025,30107,Ranch Dressing(1 ounce),104,0,104,192,168,0,168,$18.48,0,0.00%,$0.00,$18.48,24,12.50%,$2.64,$21.12,,,,
Poe Middle,5/22/2025,30111,Doritos RF Spicy Sweet Chili(Each),20,0,20,2,2,0,2,$0.74,0,0.00%,$0.00,$0.74,0,0.00%,$0.00,$0.74,,,,
Poe Middle,5/22/2025,30114,SS Baked Cheetos Flaming Hot(Each),20,0,20,23,3,0,3,$1.59,0,0.00%,$0.00,$1.59,20,86.96%,$10.60,$12.19,,,,
Poe Middle,5/22/2025,30115,SS Baked Cheetos Flaming Limon(Each),20,0,20,31,12,0,12,$4.68,0,0.00%,$0.00,$4.68,19,61.29%,$7.41,$12.09,,,,
Poe Middle,5/22/2025,30116,SS Cheetos Fantastix Flaming Hot(Each),20,0,20,7,1,0,1,$0.39,0,0.00%,$0.00,$0.39,6,85.71%,$2.34,$2.73,,,,
Poe Middle,5/22/2025,30120,RF Kettle Chips Sea Salt & Vinegar Chips(Each),20,0,20,4,4,0,4,$2.40,0,0.00%,$0.00,$2.40,0,0.00%,$0.00,$2.40,,,,
Poe Middle,5/22/2025,30121,Kellogg’s W/G Rice Krispies Treats(Each),0,0,0,12,8,0,8,$5.92,0,0.00%,$0.00,$5.92,4,33.33%,$2.96,$8.88,,,,
Poe Middle,5/22/2025,30124,"Fruit Snacks, Welch's Mixed(Each)",10,0,10,10,3,0,3,$1.20,0,0.00%,$0.00,$1.20,7,70.00%,$2.80,$4.00,,,,
Poe Middle,5/22/2025,60035,PB&J Power Pack(Power Packs),57,0,57,72,68,0,68,$73.44,0,0.00%,$0.00,$73.44,4,5.56%,$4.32,$77.76,,,,
Poe Middle,5/22/2025,60036,Cherry Vanilla Yogurt Power Pack(Power Packs),7,0,7,10,5,0,5,$4.00,0,0.00%,$0.00,$4.00,5,50.00%,$4.00,$8.00,,,,
Poe Middle,5/22/2025,60037,Strawberry & Banana Yogurt Power Pack(Power Packs),9,0,9,10,6,0,6,$4.80,0,0.00%,$0.00,$4.80,4,40.00%,$3.20,$8.00,,,,
Poe Middle,5/22/2025,60075,Spicy Chicken Wrap(Wrap),11,0,11,10,9,0,9,$10.53,0,0.00%,$0.00,$10.53,1,10.00%,$1.17,$11.70,,,,
Poe Middle,5/22/2025,60077,Manager's Vegetable Choice(1/4 cup),84,0,84,96,48,0,48,$0.00,0,0.00%,$0.00,$0.00,48,50.00%,$0.00,$0.00,,,,
Poe Middle,5/22/2025,60120,Asian Veggie Sub(sandwich),54,0,54,37,34,2,36,$68.04,0,0.00%,$0.00,$68.04,1,2.70%,$1.89,$69.93,,,,
Poe Middle,5/22/2025,60122,Asian Meatball Sub(sandwich),78,0,78,22,18,0,18,$32.04,4,18.18%,$7.12,$39.16,0,0.00%,$0.00,$39.16,,,,
Poplar Tree Elementary,5/22/2025,10044,Soft Pretzel(1 pretzel),0,0,0,15,0,0,0,$0.00,0,0.00%,$0.00,$0.00,15,100.00%,$0.00,$0.00,,,,
Poplar Tree Elementary,5/22/2025,20001,1% White Milk(Each),74,0,74,56,40,0,40,$14.40,0,0.00%,$0.00,$14.40,16,28.57%,$5.76,$20.16,,,,
Poplar Tree Elementary,5/22/2025,20002,Fat Free Chocolate Milk(Each),78,0,78,186,153,0,153,$53.55,0,0.00%,$0.00,$53.55,33,17.74%,$11.55,$65.10,,,,
Poplar Tree Elementary,5/22/2025,20018,Red Seedless Grapes(16 grapes per 1/2 cup),0,0,0,184,184,0,184,$93.84,0,0.00%,$0.00,$93.84,0,0.00%,$0.00,$93.84,,,,
Poplar Tree Elementary,5/22/2025,20023,Baby Carrots(3 baby carrots per 1/4 cup),0,0,0,198,178,0,178,$16.02,20,10.10%,$1.80,$17.82,0,0.00%,$0.00,$17.82,,,,
Poplar Tree Elementary,5/22/2025,20028,Lettuce Blend Salad Mix(1 cup),8,0,8,10,7,0,7,$1.12,0,0.00%,$0.00,$1.12,3,30.00%,$0.48,$1.60,,,,
Poplar Tree Elementary,5/22/2025,20028,Lettuce Blend Salad Mix(1/2 cup),121,0,121,140,120,0,120,$9.60,20,14.29%,$1.60,$11.20,0,0.00%,$0.00,$11.20,,,,
Poplar Tree Elementary,5/22/2025,20031,Banana(Each),6,0,6,10,7,0,7,$1.47,0,0.00%,$0.00,$1.47,3,30.00%,$0.63,$2.10,,,,
Poplar Tree Elementary,5/22/2025,20038,Fat Free White Milk(Each),13,0,13,26,12,0,12,$3.96,0,0.00%,$0.00,$3.96,14,53.85%,$4.62,$8.58,,,,
Poplar Tree Elementary,5/22/2025,20040,Cucumber Slices(1/4 cup),0,0,0,115,115,0,115,$6.90,0,0.00%,$0.00,$6.90,0,0.00%,$0.00,$6.90,,,,
Poplar Tree Elementary,5/22/2025,20047,Orange Slices(3 slices per 1/4 cup),0,0,0,201,117,0,117,$23.40,0,0.00%,$0.00,$23.40,84,41.79%,$16.80,$40.20,,,,
Poplar Tree Elementary,5/22/2025,30045,Watermelon Flavored Dried Cranberries(Each),46,0,46,40,23,0,23,$5.52,0,0.00%,$0.00,$5.52,17,42.50%,$4.08,$9.60,,,,
Poplar Tree Elementary,5/22/2025,30077,Italian Dressing(1 ounce),13,0,13,10,7,0,7,$0.56,0,0.00%,$0.00,$0.56,3,30.00%,$0.24,$0.80,,,,
Poplar Tree Elementary,5/22/2025,30099,Chickpeas(1/4 cup),14,0,14,20,17,0,17,$1.53,3,15.00%,$0.27,$1.80,0,0.00%,$0.00,$1.80,,,,
Poplar Tree Elementary,5/22/2025,30158,Black Beans(1/2 Cup),0,0,0,15,0,0,0,$0.00,0,0.00%,$0.00,$0.00,15,100.00%,$0.00,$0.00,,,,
Poplar Tree Elementary,5/22/2025,60035,PB&J Power Pack(Power Packs),28,0,28,50,50,0,50,$54.00,0,0.00%,$0.00,$54.00,0,0.00%,$0.00,$54.00,,,,
Poplar Tree Elementary,5/22/2025,60037,Strawberry & Banana Yogurt Power Pack(Power Packs),12,0,12,45,37,1,38,$30.40,0,0.00%,$0.00,$30.40,7,15.56%,$5.60,$36.00,,,,
Poplar Tree Elementary,5/22/2025,60120,Asian Veggie Sub(sandwich),72,0,72,120,112,0,112,$211.68,0,0.00%,$0.00,$211.68,8,6.67%,$15.12,$226.80,,,,
Poplar Tree Elementary,5/22/2025,60122,Asian Meatball Sub(sandwich),62,0,62,65,57,2,59,$105.02,0,0.00%,$0.00,$105.02,6,9.23%,$10.68,$115.70,,,,
Providence Elementary,5/22/2025,10033,Chocolate Chip Cookie(1/2 Cookie),0,0,0,170,154,0,154,$21.56,0,0.00%,$0.00,$21.56,16,9.41%,$2.24,$23.80,,,,
Providence Elementary,5/22/2025,10044,Soft Pretzel(1 pretzel),50,0,50,30,30,0,30,$6.60,0,0.00%,$0.00,$6.60,0,0.00%,$0.00,$6.60,,,,
Providence Elementary,5/22/2025,20001,1% White Milk(Each),35,0,35,179,71,0,71,$25.56,0,0.00%,$0.00,$25.56,108,60.34%,$38.88,$64.44,,,,
Providence Elementary,5/22/2025,20002,Fat Free Chocolate Milk(Each),290,0,290,639,289,0,289,$101.15,0,0.00%,$0.00,$101.15,350,54.77%,$122.50,$223.65,,,,
Providence Elementary,5/22/2025,20008,Apple Slices(3 slices per 1/4 cup),120,0,120,24,24,0,24,$14.16,0,0.00%,$0.00,$14.16,0,0.00%,$0.00,$14.16,,,,
Providence Elementary,5/22/2025,20011,Cherry Tomatoes(1/4 cup),100,0,100,72,72,0,72,$26.64,0,0.00%,$0.00,$26.64,0,0.00%,$0.00,$26.64,,,,
Providence Elementary,5/22/2025,20023,Baby Carrots(3 baby carrots per 1/4 cup),0,0,0,48,24,0,24,$2.16,0,0.00%,$0.00,$2.16,24,50.00%,$2.16,$4.32,,,,
Providence Elementary,5/22/2025,20027,Broccoli Florets(1/4 cup),0,0,0,63,21,0,21,$1.68,0,0.00%,$0.00,$1.68,42,66.67%,$3.36,$5.04,,,,
Providence Elementary,5/22/2025,20028,Lettuce Blend Salad Mix(1 cup),18,0,18,17,17,0,17,$2.72,0,0.00%,$0.00,$2.72,0,0.00%,$0.00,$2.72,,,,
Providence Elementary,5/22/2025,20028,Lettuce Blend Salad Mix(1/2 cup),140,0,140,140,100,0,100,$8.00,0,0.00%,$0.00,$8.00,40,28.57%,$3.20,$11.20,,,,
Providence Elementary,5/22/2025,20031,Banana(Each),18,0,18,147,107,0,107,$22.47,0,0.00%,$0.00,$22.47,40,27.21%,$8.40,$30.87,,,,
Providence Elementary,5/22/2025,20038,Fat Free White Milk(Each),22,0,22,168,25,0,25,$8.25,0,0.00%,$0.00,$8.25,143,85.12%,$47.19,$55.44,,,,
Providence Elementary,5/22/2025,30008,Apple Juice(Each),0,0,0,15,11,0,11,$1.87,0,0.00%,$0.00,$1.87,4,26.67%,$0.68,$2.55,,,,
Providence Elementary,5/22/2025,30024,Black Beans(1/2 Cup),0,0,0,132,66,0,66,$11.22,0,0.00%,$0.00,$11.22,66,50.00%,$11.22,$22.44,,,,
Providence Elementary,5/22/2025,30034,Graham Crackers(Package),18,0,18,17,17,0,17,$2.38,0,0.00%,$0.00,$2.38,0,0.00%,$0.00,$2.38,,,,
Providence Elementary,5/22/2025,30037,IW Applesauce Cup(Each),18,0,18,17,17,0,17,$4.59,0,0.00%,$0.00,$4.59,0,0.00%,$0.00,$4.59,,,,
Providence Elementary,5/22/2025,30041,Orange Flavored Dried Cranberries(2 Eaches),0,0,0,120,120,0,120,$57.60,0,0.00%,$0.00,$57.60,0,0.00%,$0.00,$57.60,,,,
Providence Elementary,5/22/2025,30077,Italian Dressing(1 ounce),19,0,19,60,35,0,35,$2.80,0,0.00%,$0.00,$2.80,25,41.67%,$2.00,$4.80,,,,
Providence Elementary,5/22/2025,30097,Bottled Water(Bottle),0,0,0,20,10,0,10,$1.60,0,0.00%,$0.00,$1.60,10,50.00%,$1.60,$3.20,,,,
Providence Elementary,5/22/2025,30107,Ranch Dressing(1 ounce),18,0,18,17,17,0,17,$1.87,0,0.00%,$0.00,$1.87,0,0.00%,$0.00,$1.87,,,,
Providence Elementary,5/22/2025,60035,PB&J Power Pack(Power Packs),150,0,150,190,188,0,188,$203.04,0,0.00%,$0.00,$203.04,2,1.05%,$2.16,$205.20,,,,
Providence Elementary,5/22/2025,60036,Cherry Vanilla Yogurt Power Pack(Power Packs),0,0,0,60,38,0,38,$30.40,0,0.00%,$0.00,$30.40,22,36.67%,$17.60,$48.00,,,,
Providence Elementary,5/22/2025,60063,Chicken & Vegetable Dumplings(6 dumplings),0,0,0,54,54,0,54,$0.00,0,0.00%,$0.00,$0.00,0,0.00%,$0.00,$0.00,,,,
Providence Elementary,5/22/2025,60120,Asian Veggie Sub(sandwich),168,0,168,142,140,0,140,$264.60,2,1.41%,$3.78,$268.38,0,0.00%,$0.00,$268.38,,,,
Providence Elementary,5/22/2025,60122,Asian Meatball Sub(sandwich),150,0,150,70,58,0,58,$103.24,0,0.00%,$0.00,$103.24,12,17.14%,$21.36,$124.60,,,,
Ravensworth Elementary,5/22/2025,10026,Chickenless Bites(2 Bites),3,0,3,155,138,17,155,$55.80,0,0.00%,$0.00,$55.80,0,0.00%,$0.00,$55.80,,,,
Ravensworth Elementary,5/22/2025,10044,Soft Pretzel(1 pretzel),167,10,177,167,156,11,167,$36.74,0,0.00%,$0.00,$36.74,0,0.00%,$0.00,$36.74,,,,
Ravensworth Elementary,5/22/2025,10062,Corn(1/2 cup (cooked)),99,0,99,99,89,0,89,$18.69,10,10.10%,$2.10,$20.79,0,0.00%,$0.00,$20.79,,,,
Ravensworth Elementary,5/22/2025,20001,1% White Milk(Each),30,0,30,30,27,0,27,$9.72,2,6.67%,$0.72,$10.44,1,3.33%,$0.36,$10.80,,,,
Ravensworth Elementary,5/22/2025,20002,Fat Free Chocolate Milk(Each),158,0,158,289,135,0,135,$47.25,0,0.00%,$0.00,$47.25,154,53.29%,$53.90,$101.15,,,,
Ravensworth Elementary,5/22/2025,20008,Apple Slices(3 slices per 1/4 cup),174,0,174,174,150,0,150,$88.50,0,0.00%,$0.00,$88.50,24,13.79%,$14.16,$102.66,,,,
Ravensworth Elementary,5/22/2025,20018,Red Seedless Grapes(16 grapes per 1/2 cup),115,0,115,115,115,0,115,$58.65,0,0.00%,$0.00,$58.65,0,0.00%,$0.00,$58.65,,,,
Ravensworth Elementary,5/22/2025,20028,Lettuce Blend Salad Mix(1 cup),3,0,3,3,3,0,3,$0.48,0,0.00%,$0.00,$0.48,0,0.00%,$0.00,$0.48,,,,
Ravensworth Elementary,5/22/2025,20028,Lettuce Blend Salad Mix(1/2 cup),80,0,80,80,60,0,60,$4.80,0,0.00%,$0.00,$4.80,20,25.00%,$1.60,$6.40,,,,
Ravensworth Elementary,5/22/2025,20031,Banana(Each),25,0,25,25,25,0,25,$5.25,0,0.00%,$0.00,$5.25,0,0.00%,$0.00,$5.25,,,,
Ravensworth Elementary,5/22/2025,20038,Fat Free White Milk(Each),7,0,7,7,5,0,5,$1.65,2,28.57%,$0.66,$2.31,0,0.00%,$0.00,$2.31,,,,
Ravensworth Elementary,5/22/2025,30009,Orange Tangerine Juice(Each),40,0,40,40,0,12,12,$0.00,0,0.00%,$0.00,$0.00,28,70.00%,$0.00,$0.00,,,,
Ravensworth Elementary,5/22/2025,30042,Original Flavored Dried Cranberries(Package),35,0,35,35,16,0,16,$3.84,0,0.00%,$0.00,$3.84,19,54.29%,$4.56,$8.40,,,,
Ravensworth Elementary,5/22/2025,30077,Italian Dressing(1 ounce),5,0,5,5,4,0,4,$0.32,0,0.00%,$0.00,$0.32,1,20.00%,$0.08,$0.40,,,,
Ravensworth Elementary,5/22/2025,30094,Doritos Wild White Nacho Flavored Tortilla Chips(Bag),85,0,85,115,0,112,112,$0.00,0,0.00%,$0.00,$0.00,3,2.61%,$0.00,$0.00,,,,
Ravensworth Elementary,5/22/2025,30097,Bottled Water(Bottle),20,0,20,20,0,18,18,$0.00,0,0.00%,$0.00,$0.00,2,10.00%,$0.00,$0.00,,,,
Ravensworth Elementary,5/22/2025,30107,Ranch Dressing(1 ounce),7,0,7,10,5,0,5,$0.55,0,0.00%,$0.00,$0.55,5,50.00%,$0.55,$1.10,,,,
Ravensworth Elementary,5/22/2025,30158,Black Beans(1/2 Cup),20,0,20,20,10,0,10,$1.70,0,0.00%,$0.00,$1.70,10,50.00%,$1.70,$3.40,,,,
Ravensworth Elementary,5/22/2025,60035,PB&J Power Pack(Power Packs),70,0,70,50,46,2,48,$51.84,0,0.00%,$0.00,$51.84,2,4.00%,$2.16,$54.00,,,,
Ravensworth Elementary,5/22/2025,60036,Cherry Vanilla Yogurt Power Pack(Power Packs),25,0,25,25,15,0,15,$12.00,0,0.00%,$0.00,$12.00,10,40.00%,$8.00,$20.00,,,,
Ravensworth Elementary,5/22/2025,60077,Manager's Vegetable Choice(1/4 cup),144,0,144,144,132,0,132,$0.00,0,0.00%,$0.00,$0.00,12,8.33%,$0.00,$0.00,,,,
Ravensworth Elementary,5/22/2025,60122,Asian Meatball Sub(sandwich),30,0,30,30,28,0,28,$49.84,2,6.67%,$3.56,$53.40,0,0.00%,$0.00,$53.40,,,,
Riverside Elementary,5/22/2025,10033,Chocolate Chip Cookie(1/2 Cookie),0,0,0,30,30,0,30,$4.20,0,0.00%,$0.00,$4.20,0,0.00%,$0.00,$4.20,,,,
Riverside Elementary,5/22/2025,10044,Soft Pretzel(1 pretzel),13,0,13,20,19,0,19,$4.18,0,0.00%,$0.00,$4.18,1,5.00%,$0.22,$4.40,,,,
Riverside Elementary,5/22/2025,20001,1% White Milk(Each),93,0,93,84,71,0,71,$25.56,0,0.00%,$0.00,$25.56,13,15.48%,$4.68,$30.24,,,,
Riverside Elementary,5/22/2025,20002,Fat Free Chocolate Milk(Each),331,0,331,353,312,0,312,$109.20,0,0.00%,$0.00,$109.20,41,11.61%,$14.35,$123.55,,,,
Riverside Elementary,5/22/2025,20008,Apple Slices(3 slices per 1/4 cup),317,0,317,200,190,0,190,$112.10,0,0.00%,$0.00,$112.10,10,5.00%,$5.90,$118.00,,,,
Riverside Elementary,5/22/2025,20017,Orange(1/4 cup),260,0,260,260,240,0,240,$40.80,0,0.00%,$0.00,$40.80,20,7.69%,$3.40,$44.20,,,,
Riverside Elementary,5/22/2025,20023,Baby Carrots(3 baby carrots per 1/4 cup),120,0,120,120,105,0,105,$9.45,0,0.00%,$0.00,$9.45,15,12.50%,$1.35,$10.80,,,,
Riverside Elementary,5/22/2025,20028,Lettuce Blend Salad Mix(1 cup),53,0,53,47,47,0,47,$7.52,0,0.00%,$0.00,$7.52,0,0.00%,$0.00,$7.52,,,,
Riverside Elementary,5/22/2025,20028,Lettuce Blend Salad Mix(1/2 cup),297,0,297,320,299,0,299,$23.92,6,1.88%,$0.48,$24.40,15,4.69%,$1.20,$25.60,,,,
Riverside Elementary,5/22/2025,20031,Banana(Each),55,0,55,47,47,0,47,$9.87,0,0.00%,$0.00,$9.87,0,0.00%,$0.00,$9.87,,,,
Riverside Elementary,5/22/2025,20038,Fat Free White Milk(Each),14,0,14,22,8,0,8,$2.64,0,0.00%,$0.00,$2.64,14,63.64%,$4.62,$7.26,,,,
Riverside Elementary,5/22/2025,30008,Apple Juice(Each),0,0,0,5,3,0,3,$0.51,0,0.00%,$0.00,$0.51,2,40.00%,$0.34,$0.85,,,,
Riverside Elementary,5/22/2025,30034,Graham Crackers(Package),16,0,16,16,16,0,16,$2.24,0,0.00%,$0.00,$2.24,0,0.00%,$0.00,$2.24,,,,
Riverside Elementary,5/22/2025,30037,IW Applesauce Cup(Each),16,0,16,16,16,0,16,$4.32,0,0.00%,$0.00,$4.32,0,0.00%,$0.00,$4.32,,,,
Riverside Elementary,5/22/2025,30039,Cherry Flavored Dried Cranberries(Each),23,0,23,35,29,0,29,$6.96,0,0.00%,$0.00,$6.96,6,17.14%,$1.44,$8.40,,,,
Riverside Elementary,5/22/2025,30077,Italian Dressing(1 ounce),24,0,24,24,14,0,14,$1.12,0,0.00%,$0.00,$1.12,10,41.67%,$0.80,$1.92,,,,
Riverside Elementary,5/22/2025,30094,Doritos Wild White Nacho Flavored Tortilla Chips(Bag),0,0,0,10,7,0,7,$2.45,0,0.00%,$0.00,$2.45,3,30.00%,$1.05,$3.50,,,,
Riverside Elementary,5/22/2025,30097,Bottled Water(Bottle),0,0,0,5,3,0,3,$0.48,0,0.00%,$0.00,$0.48,2,40.00%,$0.32,$0.80,,,,
Riverside Elementary,5/22/2025,30103,"Milk, Lactose Free,  Fat Free, Shelf-Stable(Each)",1,0,1,0,0,0,0,$0.00,0,0.00%,$0.00,$0.00,0,0.00%,$0.00,$0.00,,,,
Riverside Elementary,5/22/2025,30107,Ranch Dressing(1 ounce),83,0,83,116,67,0,67,$7.37,0,0.00%,$0.00,$7.37,49,42.24%,$5.39,$12.76,,,,
Riverside Elementary,5/22/2025,30184,"Milk, Soy, Vanilla (24/8 oz)(each)",1,0,1,0,0,0,0,$0.00,0,0.00%,$0.00,$0.00,0,0.00%,$0.00,$0.00,,,,
Riverside Elementary,5/22/2025,60035,PB&J Power Pack(Power Packs),92,0,92,200,191,0,191,$206.28,0,0.00%,$0.00,$206.28,9,4.50%,$9.72,$216.00,,,,
Riverside Elementary,5/22/2025,60038,Peach Yogurt Power Pack(Power Packs),40,0,40,40,32,0,32,$25.60,0,0.00%,$0.00,$25.60,8,20.00%,$6.40,$32.00,,,,
Riverside Elementary,5/22/2025,60054,Steamed Broccoli(1/2 cup),67,0,67,120,100,0,100,$15.00,0,0.00%,$0.00,$15.00,20,16.67%,$3.00,$18.00,,,,
Riverside Elementary,5/22/2025,60078,Nachos with Turkey Barbacoa and Cheese Sauce(Serving),26,0,26,26,26,0,26,$34.58,0,0.00%,$0.00,$34.58,0,0.00%,$0.00,$34.58,,,,
Riverside Elementary,5/22/2025,60120,Asian Veggie Sub(sandwich),74,0,74,120,120,0,120,$226.80,0,0.00%,$0.00,$226.80,0,0.00%,$0.00,$226.80,,,,
Riverside Elementary,5/22/2025,60122,Asian Meatball Sub(sandwich),146,0,146,127,120,3,123,$218.94,1,0.79%,$1.78,$220.72,3,2.36%,$5.34,$226.06,,,,
Robinson Secondary,5/22/2025,10001,"Patty, Chicken, Breaded, WG(2 strips)",8,0,8,13,12,0,12,$2.64,0,0.00%,$0.00,$2.64,1,7.69%,$0.22,$2.86,,,,
Robinson Secondary,5/22/2025,10044,Soft Pretzel(1 pretzel),83,0,83,75,24,45,69,$15.18,0,0.00%,$0.00,$15.18,6,8.00%,$1.32,$16.50,,,,
Robinson Secondary,5/22/2025,10049,"WG 10"" Flour Tortilla(Tortilla)",6,0,6,24,21,0,21,$7.35,0,0.00%,$0.00,$7.35,3,12.50%,$1.05,$8.40,,,,
Robinson Secondary,5/22/2025,10051,"Turkey,  Breast, Pre-Sliced, Oven Roasted(3 Slices)",15,0,15,22,21,0,21,$11.34,0,0.00%,$0.00,$11.34,1,4.55%,$0.54,$11.88,,,,
Robinson Secondary,5/22/2025,10062,Corn(1/4 cup (thawed)),487,0,487,500,420,0,420,$46.20,0,0.00%,$0.00,$46.20,80,16.00%,$8.80,$55.00,,,,
Robinson Secondary,5/22/2025,10062,Corn(2 Tablespoons (thawed)),36,0,36,27,8,0,8,$0.40,0,0.00%,$0.00,$0.40,19,70.37%,$0.95,$1.35,,,,
Robinson Secondary,5/22/2025,10075,Cheese Pizza(Slice),0,0,0,140,120,19,139,$79.23,0,0.00%,$0.00,$79.23,1,0.71%,$0.57,$79.80,,,,
Robinson Secondary,5/22/2025,20001,1% White Milk(Each),90,0,90,77,70,0,70,$25.20,0,0.00%,$0.00,$25.20,7,9.09%,$2.52,$27.72,,,,
Robinson Secondary,5/22/2025,20002,Fat Free Chocolate Milk(Each),398,0,398,593,420,0,420,$147.00,0,0.00%,$0.00,$147.00,173,29.17%,$60.55,$207.55,,,,
Robinson Secondary,5/22/2025,20006,"Cheese, Shredded, Cheddar(1/4 cup)",15,0,15,16,12,0,12,$2.04,0,0.00%,$0.00,$2.04,4,25.00%,$0.68,$2.72,,,,
Robinson Secondary,5/22/2025,20008,Apple Slices(6 Slices per 1/2 cup),76,0,76,116,115,0,115,$135.70,0,0.00%,$0.00,$135.70,1,0.86%,$1.18,$136.88,,,,
Robinson Secondary,5/22/2025,20012,Grape Tomatoes(1/4 cup),0,0,0,236,236,0,236,$61.36,0,0.00%,$0.00,$61.36,0,0.00%,$0.00,$61.36,,,,
Robinson Secondary,5/22/2025,20013,Gala Apple(Each),0,0,0,210,189,0,189,$69.93,0,0.00%,$0.00,$69.93,21,10.00%,$7.77,$77.70,,,,
Robinson Secondary,5/22/2025,20027,Broccoli Florets(1/4 cup),288,0,288,484,484,0,484,$38.72,0,0.00%,$0.00,$38.72,0,0.00%,$0.00,$38.72,,,,
Robinson Secondary,5/22/2025,20028,Lettuce Blend Salad Mix(1/2 cup),879,0,879,920,878,0,878,$70.24,0,0.00%,$0.00,$70.24,42,4.57%,$3.36,$73.60,,,,
Robinson Secondary,5/22/2025,20031,Banana(Each),335,0,335,260,260,0,260,$54.60,0,0.00%,$0.00,$54.60,0,0.00%,$0.00,$54.60,,,,
Robinson Secondary,5/22/2025,20035,"Onions, Red, Whole(2 Tablespoons (sliced))",10,0,10,10,8,0,8,$0.24,0,0.00%,$0.00,$0.24,2,20.00%,$0.06,$0.30,,,,
Robinson Secondary,5/22/2025,20038,Fat Free White Milk(Each),80,0,80,65,46,0,46,$15.18,0,0.00%,$0.00,$15.18,19,29.23%,$6.27,$21.45,,,,
Robinson Secondary,5/22/2025,20042,"Peppers, Red, Whole(2 Tablespoons)",36,0,36,70,40,0,40,$2.00,0,0.00%,$0.00,$2.00,30,42.86%,$1.50,$3.50,,,,
Robinson Secondary,5/22/2025,20047,Orange Slices(3 slices per 1/4 cup),0,0,0,348,314,0,314,$62.80,0,0.00%,$0.00,$62.80,34,9.77%,$6.80,$69.60,,,,
Robinson Secondary,5/22/2025,20077,"Peppers, red, pre-sliced(1/2 cup sliced)",0,0,0,350,105,0,105,$58.80,0,0.00%,$0.00,$58.80,245,70.00%,$137.20,$196.00,,,,
Robinson Secondary,5/22/2025,30002,Sub Roll(Sub Roll),8,0,8,12,12,0,12,$3.72,0,0.00%,$0.00,$3.72,0,0.00%,$0.00,$3.72,,,,
Robinson Secondary,5/22/2025,30014,Whole Wheat Dinner Roll(2 rolls),0,0,0,421,363,41,404,$113.12,2,0.48%,$0.56,$113.68,15,3.56%,$4.20,$117.88,,,,
Robinson Secondary,5/22/2025,30024,Black Beans(1/4 Cup),82,0,82,100,80,0,80,$7.20,0,0.00%,$0.00,$7.20,20,20.00%,$1.80,$9.00,,,,
Robinson Secondary,5/22/2025,30039,Cherry Flavored Dried Cranberries(Each),29,0,29,25,25,0,25,$6.00,0,0.00%,$0.00,$6.00,0,0.00%,$0.00,$6.00,,,,
Robinson Secondary,5/22/2025,30063,Ketchup Packet(Packet),566,0,566,600,300,0,300,$9.00,0,0.00%,$0.00,$9.00,300,50.00%,$9.00,$18.00,,,,
Robinson Secondary,5/22/2025,30064,Mayonnaise Packet(Packet),233,0,233,300,195,0,195,$19.50,0,0.00%,$0.00,$19.50,105,35.00%,$10.50,$30.00,,,,
Robinson Secondary,5/22/2025,30065,Mustard Packet(Packet),133,0,133,300,135,0,135,$6.75,0,0.00%,$0.00,$6.75,165,55.00%,$8.25,$15.00,,,,
Robinson Secondary,5/22/2025,30077,Italian Dressing(1 ounce),411,0,411,504,384,0,384,$30.72,0,0.00%,$0.00,$30.72,120,23.81%,$9.60,$40.32,,,,
Robinson Secondary,5/22/2025,30099,Chickpeas(2 Tablespoons),19,0,19,12,8,0,8,$0.32,0,0.00%,$0.00,$0.32,4,33.33%,$0.16,$0.48,,,,
Robinson Secondary,5/22/2025,30107,Ranch Dressing(1 ounce),601,0,601,792,688,0,688,$75.68,0,0.00%,$0.00,$75.68,104,13.13%,$11.44,$87.12,,,,
Robinson Secondary,5/22/2025,60035,PB&J Power Pack(Power Packs),143,0,143,72,71,1,72,$77.76,0,0.00%,$0.00,$77.76,0,0.00%,$0.00,$77.76,,,,
Robinson Secondary,5/22/2025,60038,Peach Yogurt Power Pack(Power Packs),22,0,22,41,34,1,35,$28.00,0,0.00%,$0.00,$28.00,6,14.63%,$4.80,$32.80,,,,
Robinson Secondary,5/22/2025,60050,Chickenless Bites(2 Bites),9,0,9,17,15,0,15,$5.70,0,0.00%,$0.00,$5.70,2,11.76%,$0.76,$6.46,,,,
Robinson Secondary,5/22/2025,60064,Vegetable Dumpling(6 dumplings),0,0,0,30,20,9,29,$0.00,1,3.33%,$0.00,$0.00,0,0.00%,$0.00,$0.00,,,,
Robinson Secondary,5/22/2025,60075,Spicy Chicken Wrap(Wrap),44,0,44,85,79,2,81,$94.77,0,0.00%,$0.00,$94.77,4,4.71%,$4.68,$99.45,,,,
Robinson Secondary,5/22/2025,60076,"Penne Pasta with Marinara and Beef Meatballs(cup cooked pasta, 1/2c sauce, 5 meatballs)",0,0,0,150,131,9,140,$175.00,0,0.00%,$0.00,$175.00,10,6.67%,$12.50,$187.50,,,,
Robinson Secondary,5/22/2025,60077,Manager's Vegetable Choice(1/4 cup),30,0,30,48,48,0,48,$0.00,0,0.00%,$0.00,$0.00,0,0.00%,$0.00,$0.00,,,,
Robinson Secondary,5/22/2025,60108,Chicken Tenders Sub(Sandwich),0,0,0,19,19,0,19,$23.56,0,0.00%,$0.00,$23.56,0,0.00%,$0.00,$23.56,,,,
Robinson Secondary,5/22/2025,60120,Asian Veggie Sub(sandwich),47,0,47,40,27,1,28,$52.92,2,5.00%,$3.78,$56.70,10,25.00%,$18.90,$75.60,,,,
Robinson Secondary,5/22/2025,60122,Asian Meatball Sub(sandwich),76,0,76,420,242,17,259,$461.02,2,0.48%,$3.56,$464.58,159,37.86%,$283.02,$747.60,,,,
Robinson Secondary,5/22/2025,60157,Mandarin Orange Pepper Fruit Salsa(1 TBSP),0,0,0,100,50,0,50,$6.50,0,0.00%,$0.00,$6.50,50,50.00%,$6.50,$13.00,,,,
Robinson Secondary,5/22/2025,60173,BBQ Chickenless Bites(4 bites),0,0,0,365,319,41,360,$306.00,0,0.00%,$0.00,$306.00,5,1.37%,$4.25,$310.25,,,,
Rocky Run Middle,5/22/2025,10015,Baked Cheese Sticks(2 Cheese Sticks),174,0,174,200,179,0,179,$118.14,0,0.00%,$0.00,$118.14,21,10.50%,$13.86,$132.00,,,,
Rocky Run Middle,5/22/2025,10026,Chickenless Bites(4 Bites),0,0,0,100,57,0,57,$41.61,0,0.00%,$0.00,$41.61,43,43.00%,$31.39,$73.00,,,,
Rocky Run Middle,5/22/2025,10027,"Bread, Loco(flatbread)",129,0,129,100,57,0,57,$17.10,0,0.00%,$0.00,$17.10,43,43.00%,$12.90,$30.00,,,,
Rocky Run Middle,5/22/2025,10033,Chocolate Chip Cookie(Cookie),191,0,191,192,189,0,189,$51.03,0,0.00%,$0.00,$51.03,3,1.56%,$0.81,$51.84,,,,
Rocky Run Middle,5/22/2025,10044,Soft Pretzel(1 pretzel),2,0,2,10,8,0,8,$1.76,0,0.00%,$0.00,$1.76,2,20.00%,$0.44,$2.20,,,,
Rocky Run Middle,5/22/2025,20001,1% White Milk(Each),23,0,23,39,37,0,37,$13.32,0,0.00%,$0.00,$13.32,2,5.13%,$0.72,$14.04,,,,
Rocky Run Middle,5/22/2025,20002,Fat Free Chocolate Milk(Each),135,0,135,250,159,0,159,$55.65,0,0.00%,$0.00,$55.65,91,36.40%,$31.85,$87.50,,,,
Rocky Run Middle,5/22/2025,20017,Orange(1/4 cup),0,0,0,140,130,0,130,$22.10,0,0.00%,$0.00,$22.10,10,7.14%,$1.70,$23.80,,,,
Rocky Run Middle,5/22/2025,20018,Red Seedless Grapes(16 grapes per 1/2 cup),0,0,0,140,135,0,135,$68.85,0,0.00%,$0.00,$68.85,5,3.57%,$2.55,$71.40,,,,
Rocky Run Middle,5/22/2025,20023,Baby Carrots(3 baby carrots per 1/4 cup),0,0,0,96,81,0,81,$7.29,0,0.00%,$0.00,$7.29,15,15.63%,$1.35,$8.64,,,,
Rocky Run Middle,5/22/2025,20027,Broccoli Florets(1/4 cup),72,0,72,10,9,0,9,$0.72,1,10.00%,$0.08,$0.80,0,0.00%,$0.00,$0.80,,,,
Rocky Run Middle,5/22/2025,20028,Lettuce Blend Salad Mix(1/2 cup),231,0,231,240,230,0,230,$18.40,0,0.00%,$0.00,$18.40,10,4.17%,$0.80,$19.20,,,,
Rocky Run Middle,5/22/2025,20036,Celery Sticks(1/2 cup),0,0,0,96,81,0,81,$44.55,0,0.00%,$0.00,$44.55,15,15.63%,$8.25,$52.80,,,,
Rocky Run Middle,5/22/2025,20038,Fat Free White Milk(Each),30,0,30,62,19,0,19,$6.27,0,0.00%,$0.00,$6.27,43,69.35%,$14.19,$20.46,,,,
Rocky Run Middle,5/22/2025,30008,Apple Juice(Each),42,0,42,40,40,0,40,$6.80,0,0.00%,$0.00,$6.80,0,0.00%,$0.00,$6.80,,,,
Rocky Run Middle,5/22/2025,30018,Marinara Sauce(1/4 Cup),88,0,88,150,140,0,140,$21.00,0,0.00%,$0.00,$21.00,10,6.67%,$1.50,$22.50,,,,
Rocky Run Middle,5/22/2025,30024,Black Beans(1/4 Cup),15,0,15,33,18,0,18,$1.62,0,0.00%,$0.00,$1.62,15,45.45%,$1.35,$2.97,,,,
Rocky Run Middle,5/22/2025,30039,Cherry Flavored Dried Cranberries(Each),70,0,70,200,170,0,170,$40.80,0,0.00%,$0.00,$40.80,30,15.00%,$7.20,$48.00,,,,
Rocky Run Middle,5/22/2025,30063,Ketchup Packet(Packet),160,0,160,200,170,0,170,$5.10,0,0.00%,$0.00,$5.10,30,15.00%,$0.90,$6.00,,,,
Rocky Run Middle,5/22/2025,30064,Mayonnaise Packet(Packet),47,0,47,50,30,0,30,$3.00,0,0.00%,$0.00,$3.00,20,40.00%,$2.00,$5.00,,,,
Rocky Run Middle,5/22/2025,30065,Mustard Packet(Packet),34,0,34,50,30,0,30,$1.50,0,0.00%,$0.00,$1.50,20,40.00%,$1.00,$2.50,,,,
Rocky Run Middle,5/22/2025,30077,Italian Dressing(1 ounce),38,0,38,48,38,0,38,$3.04,0,0.00%,$0.00,$3.04,10,20.83%,$0.80,$3.84,,,,
Rocky Run Middle,5/22/2025,30097,Bottled Water(Bottle),54,0,54,35,34,0,34,$5.44,0,0.00%,$0.00,$5.44,1,2.86%,$0.16,$5.60,,,,
Rocky Run Middle,5/22/2025,30099,Chickpeas(1/2 cup),0,0,0,15,14,0,14,$2.52,1,6.67%,$0.18,$2.70,0,0.00%,$0.00,$2.70,,,,
Rocky Run Middle,5/22/2025,30107,Ranch Dressing(1 ounce),91,0,91,48,43,0,43,$4.73,0,0.00%,$0.00,$4.73,5,10.42%,$0.55,$5.28,,,,
Rocky Run Middle,5/22/2025,30117,WG Baked Funyuns(Each),71,0,71,100,97,0,97,$34.92,0,0.00%,$0.00,$34.92,3,3.00%,$1.08,$36.00,,,,
Rocky Run Middle,5/22/2025,30124,"Fruit Snacks, Welch's Mixed(Each)",48,0,48,100,74,0,74,$29.60,0,0.00%,$0.00,$29.60,26,26.00%,$10.40,$40.00,,,,
Rocky Run Middle,5/22/2025,60035,PB&J Power Pack(Power Packs),16,0,16,30,27,0,27,$29.16,0,0.00%,$0.00,$29.16,3,10.00%,$3.24,$32.40,,,,
Rocky Run Middle,5/22/2025,60037,Strawberry & Banana Yogurt Power Pack(Power Packs),2,0,2,10,8,0,8,$6.40,0,0.00%,$0.00,$6.40,2,20.00%,$1.60,$8.00,,,,
Rocky Run Middle,5/22/2025,60075,Spicy Chicken Wrap(Wrap),10,0,10,24,20,0,20,$23.40,0,0.00%,$0.00,$23.40,4,16.67%,$4.68,$28.08,,,,
Rocky Run Middle,5/22/2025,60100,Black Beans - salad bar entree(1/2 cup),1,0,1,1,1,0,1,$0.17,0,0.00%,$0.00,$0.17,0,0.00%,$0.00,$0.17,,,,
Rocky Run Middle,5/22/2025,60120,Asian Veggie Sub(sandwich),91,0,91,100,52,0,52,$98.28,0,0.00%,$0.00,$98.28,48,48.00%,$90.72,$189.00,,,,
Rocky Run Middle,5/22/2025,60122,Asian Meatball Sub(sandwich),44,0,44,96,91,0,91,$161.98,0,0.00%,$0.00,$161.98,5,5.21%,$8.90,$170.88,,,,
Rolling Valley Elementary,5/22/2025,10044,Soft Pretzel(1 pretzel),18,0,18,18,1,0,1,$0.22,0,0.00%,$0.00,$0.22,17,94.44%,$3.74,$3.96,,,,
Rolling Valley Elementary,5/22/2025,20001,1% White Milk(Each),50,0,50,50,19,0,19,$6.84,0,0.00%,$0.00,$6.84,31,62.00%,$11.16,$18.00,,,,
Rolling Valley Elementary,5/22/2025,20002,Fat Free Chocolate Milk(Each),150,0,150,291,141,0,141,$49.35,0,0.00%,$0.00,$49.35,150,51.55%,$52.50,$101.85,,,,
Rolling Valley Elementary,5/22/2025,20014,Red Delicious Apple(Each - serving),0,0,0,140,137,0,137,$45.21,0,0.00%,$0.00,$45.21,3,2.14%,$0.99,$46.20,,,,
Rolling Valley Elementary,5/22/2025,20027,Broccoli Florets(1/4 cup),45,0,45,84,68,0,68,$5.44,0,0.00%,$0.00,$5.44,16,19.05%,$1.28,$6.72,,,,
Rolling Valley Elementary,5/22/2025,20028,Lettuce Blend Salad Mix(1/2 cup),40,0,40,60,50,0,50,$4.00,0,0.00%,$0.00,$4.00,10,16.67%,$0.80,$4.80,,,,
Rolling Valley Elementary,5/22/2025,20038,Fat Free White Milk(Each),50,0,50,75,9,0,9,$2.97,0,0.00%,$0.00,$2.97,66,88.00%,$21.78,$24.75,,,,
Rolling Valley Elementary,5/22/2025,20047,Orange Slices(3 slices per 1/4 cup),0,0,0,102,68,0,68,$13.60,0,0.00%,$0.00,$13.60,34,33.33%,$6.80,$20.40,,,,
Rolling Valley Elementary,5/22/2025,30039,Cherry Flavored Dried Cranberries(Each),0,0,0,25,13,0,13,$3.12,0,0.00%,$0.00,$3.12,12,48.00%,$2.88,$6.00,,,,
Rolling Valley Elementary,5/22/2025,30077,Italian Dressing(1 ounce),24,0,24,24,12,0,12,$0.96,0,0.00%,$0.00,$0.96,12,50.00%,$0.96,$1.92,,,,
Rolling Valley Elementary,5/22/2025,30099,Chickpeas(1/4 cup),18,0,18,18,9,0,9,$0.81,0,0.00%,$0.00,$0.81,9,50.00%,$0.81,$1.62,,,,
Rolling Valley Elementary,5/22/2025,30107,Ranch Dressing(1 ounce),24,0,24,24,22,0,22,$2.42,0,0.00%,$0.00,$2.42,2,8.33%,$0.22,$2.64,,,,
Rolling Valley Elementary,5/22/2025,60035,PB&J Power Pack(Power Packs),50,0,50,70,56,10,66,$71.28,0,0.00%,$0.00,$71.28,4,5.71%,$4.32,$75.60,,,,
Rolling Valley Elementary,5/22/2025,60036,Cherry Vanilla Yogurt Power Pack(Power Packs),0,0,0,0,0,0,0,$0.00,0,0.00%,$0.00,$0.00,0,0.00%,$0.00,$0.00,,,,
Rolling Valley Elementary,5/22/2025,60037,Strawberry & Banana Yogurt Power Pack(Power Packs),20,0,20,25,22,0,22,$17.60,0,0.00%,$0.00,$17.60,3,12.00%,$2.40,$20.00,,,,
Rolling Valley Elementary,5/22/2025,60038,Peach Yogurt Power Pack(Power Packs),0,0,0,0,0,0,0,$0.00,0,0.00%,$0.00,$0.00,0,0.00%,$0.00,$0.00,,,,
Rolling Valley Elementary,5/22/2025,60077,Manager's Vegetable Choice(1/4 cup),72,0,72,96,82,0,82,$0.00,0,0.00%,$0.00,$0.00,14,14.58%,$0.00,$0.00,,,,
Rolling Valley Elementary,5/22/2025,60100,Black Beans - salad bar entree(1/2 cup),18,0,18,18,1,0,1,$0.17,0,0.00%,$0.00,$0.17,17,94.44%,$2.89,$3.06,,,,
Rolling Valley Elementary,5/22/2025,60120,Asian Veggie Sub(sandwich),20,0,20,15,12,0,12,$22.68,0,0.00%,$0.00,$22.68,3,20.00%,$5.67,$28.35,,,,
Rolling Valley Elementary,5/22/2025,60122,Asian Meatball Sub(sandwich),30,0,30,80,77,0,77,$137.06,0,0.00%,$0.00,$137.06,3,3.75%,$5.34,$142.40,,,,
Rolling Valley Elementary,5/22/2025,60149,Hot Turkey & Cheese(sandwich),0,0,0,30,26,0,26,$33.80,0,0.00%,$0.00,$33.80,4,13.33%,$5.20,$39.00,,,,
Rolling Valley Elementary,5/22/2025,60150,Strawberry Parfait Power Pack(Power Pack),20,0,20,10,7,0,7,$11.41,0,0.00%,$0.00,$11.41,3,30.00%,$4.89,$16.30,,,,
Rose Hill Elementary,5/22/2025,10041,Mini Maple Pancakes(Package),0,0,0,14,14,0,14,$5.46,0,0.00%,$0.00,$5.46,0,0.00%,$0.00,$5.46,,,,
Rose Hill Elementary,5/22/2025,10044,Soft Pretzel(1 pretzel),51,0,51,66,64,0,64,$14.08,0,0.00%,$0.00,$14.08,2,3.03%,$0.44,$14.52,,,,
Rose Hill Elementary,5/22/2025,10062,Corn(1/4 cup (thawed)),82,0,82,100,100,0,100,$11.00,0,0.00%,$0.00,$11.00,0,0.00%,$0.00,$11.00,,,,
Rose Hill Elementary,5/22/2025,20001,1% White Milk(Each),112,0,112,152,136,1,137,$49.32,0,0.00%,$0.00,$49.32,15,9.87%,$5.40,$54.72,,,,
Rose Hill Elementary,5/22/2025,20002,Fat Free Chocolate Milk(Each),220,0,220,253,214,0,214,$74.90,0,0.00%,$0.00,$74.90,39,15.42%,$13.65,$88.55,,,,
Rose Hill Elementary,5/22/2025,20011,Cherry Tomatoes(1/4 cup),0,0,0,200,195,0,195,$72.15,0,0.00%,$0.00,$72.15,5,2.50%,$1.85,$74.00,,,,
Rose Hill Elementary,5/22/2025,20015,Golden Delicious Apple(Each),0,0,0,251,244,0,244,$75.64,0,0.00%,$0.00,$75.64,7,2.79%,$2.17,$77.81,,,,
Rose Hill Elementary,5/22/2025,20017,Orange(1/4 cup),0,0,0,220,215,0,215,$36.55,0,0.00%,$0.00,$36.55,5,2.27%,$0.85,$37.40,,,,
Rose Hill Elementary,5/22/2025,20028,Lettuce Blend Salad Mix(1 cup),31,0,31,32,31,1,32,$5.12,0,0.00%,$0.00,$5.12,0,0.00%,$0.00,$5.12,,,,
Rose Hill Elementary,5/22/2025,20028,Lettuce Blend Salad Mix(1/2 cup),98,0,98,120,118,0,118,$9.44,0,0.00%,$0.00,$9.44,2,1.67%,$0.16,$9.60,,,,
Rose Hill Elementary,5/22/2025,20031,Banana(Each),31,0,31,32,31,1,32,$6.72,0,0.00%,$0.00,$6.72,0,0.00%,$0.00,$6.72,,,,
Rose Hill Elementary,5/22/2025,20038,Fat Free White Milk(Each),12,0,12,20,10,0,10,$3.30,0,0.00%,$0.00,$3.30,10,50.00%,$3.30,$6.60,,,,
Rose Hill Elementary,5/22/2025,30008,Apple Juice(Each),0,0,0,34,34,0,34,$5.78,0,0.00%,$0.00,$5.78,0,0.00%,$0.00,$5.78,,,,
Rose Hill Elementary,5/22/2025,30009,Orange Tangerine Juice(Each),0,0,0,5,5,0,5,$0.85,0,0.00%,$0.00,$0.85,0,0.00%,$0.00,$0.85,,,,
Rose Hill Elementary,5/22/2025,30034,Graham Crackers(Package),13,0,13,11,11,0,11,$1.54,0,0.00%,$0.00,$1.54,0,0.00%,$0.00,$1.54,,,,
Rose Hill Elementary,5/22/2025,30037,IW Applesauce Cup(Each),12,0,12,11,11,0,11,$2.97,0,0.00%,$0.00,$2.97,0,0.00%,$0.00,$2.97,,,,
Rose Hill Elementary,5/22/2025,30039,Cherry Flavored Dried Cranberries(Each),32,0,32,50,30,0,30,$7.20,0,0.00%,$0.00,$7.20,20,40.00%,$4.80,$12.00,,,,
Rose Hill Elementary,5/22/2025,30077,Italian Dressing(1 ounce),18,0,18,30,18,0,18,$1.44,0,0.00%,$0.00,$1.44,12,40.00%,$0.96,$2.40,,,,
Rose Hill Elementary,5/22/2025,30094,Doritos Wild White Nacho Flavored Tortilla Chips(Bag),0,0,0,25,25,0,25,$8.75,0,0.00%,$0.00,$8.75,0,0.00%,$0.00,$8.75,,,,
Rose Hill Elementary,5/22/2025,30097,Bottled Water(Bottle),0,0,0,4,4,0,4,$0.64,0,0.00%,$0.00,$0.64,0,0.00%,$0.00,$0.64,,,,
Rose Hill Elementary,5/22/2025,30099,Chickpeas(1/4 cup),24,0,24,30,10,0,10,$0.90,0,0.00%,$0.00,$0.90,20,66.67%,$1.80,$2.70,,,,
Rose Hill Elementary,5/22/2025,30107,Ranch Dressing(1 ounce),78,0,78,102,91,1,92,$10.12,0,0.00%,$0.00,$10.12,10,9.80%,$1.10,$11.22,,,,
Rose Hill Elementary,5/22/2025,30109,Smartfood RF White Cheddar Popcorn(Each),0,0,0,29,29,0,29,$10.73,0,0.00%,$0.00,$10.73,0,0.00%,$0.00,$10.73,,,,
Rose Hill Elementary,5/22/2025,60021,Cooked  Brown Rice(1 cup cooked),0,0,0,1,1,0,1,$0.11,0,0.00%,$0.00,$0.11,0,0.00%,$0.00,$0.11,,,,
Rose Hill Elementary,5/22/2025,60035,PB&J Power Pack(Power Packs),89,0,89,120,110,0,110,$118.80,0,0.00%,$0.00,$118.80,10,8.33%,$10.80,$129.60,,,,
Rose Hill Elementary,5/22/2025,60038,Peach Yogurt Power Pack(Power Packs),29,0,29,40,33,0,33,$26.40,0,0.00%,$0.00,$26.40,7,17.50%,$5.60,$32.00,,,,
Rose Hill Elementary,5/22/2025,60042,Beef Meatball Sub Sandwich(Sandwich),0,0,0,2,2,0,2,$2.56,0,0.00%,$0.00,$2.56,0,0.00%,$0.00,$2.56,,,,
Rose Hill Elementary,5/22/2025,60054,Steamed Broccoli(1/2 cup),119,0,119,100,100,0,100,$15.00,0,0.00%,$0.00,$15.00,0,0.00%,$0.00,$15.00,,,,
Rose Hill Elementary,5/22/2025,60066,Beef Meatballs(Serving),0,0,0,1,1,0,1,$0.65,0,0.00%,$0.00,$0.65,0,0.00%,$0.00,$0.65,,,,
Rose Hill Elementary,5/22/2025,60077,Manager's Vegetable Choice(1/4 cup),207,0,207,157,152,0,152,$0.00,0,0.00%,$0.00,$0.00,5,3.18%,$0.00,$0.00,,,,
Rose Hill Elementary,5/22/2025,60100,Black Beans - salad bar entree(1/2 cup),0,0,0,5,3,0,3,$0.51,0,0.00%,$0.00,$0.51,2,40.00%,$0.34,$0.85,,,,
Rose Hill Elementary,5/22/2025,60120,Asian Veggie Sub(sandwich),131,0,131,95,91,3,94,$177.66,1,1.05%,$1.89,$179.55,0,0.00%,$0.00,$179.55,,,,
Rose Hill Elementary,5/22/2025,60122,Asian Meatball Sub(sandwich),71,0,71,122,116,4,120,$213.60,2,1.64%,$3.56,$217.16,0,0.00%,$0.00,$217.16,,,,
Rose Hill Elementary,5/22/2025,60177,Turkey & Cheese & Cracker Power Pack(wrap),0,0,0,5,5,0,5,$5.65,0,0.00%,$0.00,$5.65,0,0.00%,$0.00,$5.65,,,,
SOUTH COUNTY HS,5/22/2025,10001,"Patty, Chicken, Breaded, WG(2 strips)",29,0,29,24,24,0,24,$5.28,0,0.00%,$0.00,$5.28,0,0.00%,$0.00,$5.28,,,,
SOUTH COUNTY HS,5/22/2025,10015,Baked Cheese Sticks(2 Cheese Sticks),370,67,437,320,259,50,309,$203.94,0,0.00%,$0.00,$203.94,11,3.44%,$7.26,$211.20,,,,
SOUTH COUNTY HS,5/22/2025,10026,Chickenless Bites(4 Bites),0,0,0,116,74,25,99,$72.27,0,0.00%,$0.00,$72.27,17,14.66%,$12.41,$84.68,,,,
SOUTH COUNTY HS,5/22/2025,10027,"Bread, Loco(flatbread)",0,0,0,116,74,25,99,$29.70,0,0.00%,$0.00,$29.70,17,14.66%,$5.10,$34.80,,,,
SOUTH COUNTY HS,5/22/2025,10044,Soft Pretzel(1 pretzel),122,0,122,100,94,0,94,$20.68,0,0.00%,$0.00,$20.68,6,6.00%,$1.32,$22.00,,,,
SOUTH COUNTY HS,5/22/2025,10049,"WG 10"" Flour Tortilla(Tortilla)",33,0,33,50,30,0,30,$10.50,0,0.00%,$0.00,$10.50,20,40.00%,$7.00,$17.50,,,,
SOUTH COUNTY HS,5/22/2025,10051,"Turkey,  Breast, Pre-Sliced, Oven Roasted(3 Slices)",7,0,7,2,2,0,2,$1.08,0,0.00%,$0.00,$1.08,0,0.00%,$0.00,$1.08,,,,
SOUTH COUNTY HS,5/22/2025,10062,Corn(1/4 cup (thawed)),152,0,152,200,132,0,132,$14.52,0,0.00%,$0.00,$14.52,68,34.00%,$7.48,$22.00,,,,
SOUTH COUNTY HS,5/22/2025,10062,Corn(2 Tablespoons (thawed)),37,0,37,50,25,0,25,$1.25,0,0.00%,$0.00,$1.25,25,50.00%,$1.25,$2.50,,,,
SOUTH COUNTY HS,5/22/2025,10070,Orange Sauce(ounce),0,0,0,230,220,0,220,$30.80,0,0.00%,$0.00,$30.80,10,4.35%,$1.40,$32.20,,,,
SOUTH COUNTY HS,5/22/2025,20001,1% White Milk(Each),110,0,110,250,94,0,94,$33.84,0,0.00%,$0.00,$33.84,156,62.40%,$56.16,$90.00,,,,
SOUTH COUNTY HS,5/22/2025,20002,Fat Free Chocolate Milk(Each),644,0,644,750,529,0,529,$185.15,0,0.00%,$0.00,$185.15,221,29.47%,$77.35,$262.50,,,,
SOUTH COUNTY HS,5/22/2025,20006,"Cheese, Shredded, Cheddar(1/4 cup)",8,0,8,8,5,0,5,$0.85,0,0.00%,$0.00,$0.85,3,37.50%,$0.51,$1.36,,,,
SOUTH COUNTY HS,5/22/2025,20008,Apple Slices(6 Slices per 1/2 cup),62,0,62,50,47,0,47,$55.46,0,0.00%,$0.00,$55.46,3,6.00%,$3.54,$59.00,,,,
SOUTH COUNTY HS,5/22/2025,20018,Red Seedless Grapes(2 Tablespoons),44,0,44,50,45,0,45,$5.85,0,0.00%,$0.00,$5.85,5,10.00%,$0.65,$6.50,,,,
SOUTH COUNTY HS,5/22/2025,20027,Broccoli Florets(1/4 cup),154,0,154,200,101,0,101,$8.08,0,0.00%,$0.00,$8.08,99,49.50%,$7.92,$16.00,,,,
SOUTH COUNTY HS,5/22/2025,20027,Broccoli Florets(6 Pieces per 1/2 cup),36,0,36,50,30,0,30,$4.50,0,0.00%,$0.00,$4.50,20,40.00%,$3.00,$7.50,,,,
SOUTH COUNTY HS,5/22/2025,20028,Lettuce Blend Salad Mix(1/2 cup),298,0,298,350,255,0,255,$20.40,0,0.00%,$0.00,$20.40,95,27.14%,$7.60,$28.00,,,,
SOUTH COUNTY HS,5/22/2025,20031,Banana(Each),340,0,340,350,257,0,257,$53.97,0,0.00%,$0.00,$53.97,93,26.57%,$19.53,$73.50,,,,
SOUTH COUNTY HS,5/22/2025,20035,"Onions, Red, Whole(2 Tablespoons (sliced))",41,0,41,50,33,0,33,$0.99,0,0.00%,$0.00,$0.99,17,34.00%,$0.51,$1.50,,,,
SOUTH COUNTY HS,5/22/2025,20038,Fat Free White Milk(Each),62,0,62,150,48,0,48,$15.84,0,0.00%,$0.00,$15.84,102,68.00%,$33.66,$49.50,,,,
SOUTH COUNTY HS,5/22/2025,20040,Cucumber Slices(2 Tablespoon),31,0,31,50,25,0,25,$0.75,0,0.00%,$0.00,$0.75,25,50.00%,$0.75,$1.50,,,,
SOUTH COUNTY HS,5/22/2025,20041,"Peppers, Green, Whole(2 Tablespoon)",40,0,40,50,34,0,34,$2.04,0,0.00%,$0.00,$2.04,16,32.00%,$0.96,$3.00,,,,
SOUTH COUNTY HS,5/22/2025,20042,"Peppers, Red, Whole(2 Tablespoons)",39,0,39,50,25,0,25,$1.25,0,0.00%,$0.00,$1.25,25,50.00%,$1.25,$2.50,,,,
SOUTH COUNTY HS,5/22/2025,30002,Sub Roll(Sub Roll),8,0,8,50,1,0,1,$0.31,0,0.00%,$0.00,$0.31,49,98.00%,$15.19,$15.50,,,,
SOUTH COUNTY HS,5/22/2025,30018,Marinara Sauce(1/4 Cup),212,27,239,320,259,50,309,$46.35,0,0.00%,$0.00,$46.35,11,3.44%,$1.65,$48.00,,,,
SOUTH COUNTY HS,5/22/2025,30024,Black Beans(1/4 Cup),143,0,143,200,125,0,125,$11.25,0,0.00%,$0.00,$11.25,75,37.50%,$6.75,$18.00,,,,
SOUTH COUNTY HS,5/22/2025,30039,Cherry Flavored Dried Cranberries(Each),119,0,119,150,93,0,93,$22.32,0,0.00%,$0.00,$22.32,57,38.00%,$13.68,$36.00,,,,
SOUTH COUNTY HS,5/22/2025,30041,Orange Flavored Dried Cranberries(Each),124,0,124,150,80,0,80,$19.20,0,0.00%,$0.00,$19.20,70,46.67%,$16.80,$36.00,,,,
SOUTH COUNTY HS,5/22/2025,30042,Original Flavored Dried Cranberries(Package),89,0,89,100,25,0,25,$6.00,0,0.00%,$0.00,$6.00,75,75.00%,$18.00,$24.00,,,,
SOUTH COUNTY HS,5/22/2025,30043,Raspberry Lemonade Flavored Dried Cranberries(Each),31,0,31,50,31,0,31,$7.44,0,0.00%,$0.00,$7.44,19,38.00%,$4.56,$12.00,,,,
SOUTH COUNTY HS,5/22/2025,30063,Ketchup Packet(Packet),726,0,726,700,602,0,602,$18.06,0,0.00%,$0.00,$18.06,98,14.00%,$2.94,$21.00,,,,
SOUTH COUNTY HS,5/22/2025,30064,Mayonnaise Packet(Packet),570,0,570,550,465,0,465,$46.50,0,0.00%,$0.00,$46.50,85,15.45%,$8.50,$55.00,,,,
SOUTH COUNTY HS,5/22/2025,30065,Mustard Packet(Packet),565,0,565,550,453,0,453,$22.65,0,0.00%,$0.00,$22.65,97,17.64%,$4.85,$27.50,,,,
SOUTH COUNTY HS,5/22/2025,30077,Italian Dressing(1 ounce),21,0,21,50,10,0,10,$0.80,0,0.00%,$0.00,$0.80,40,80.00%,$3.20,$4.00,,,,
SOUTH COUNTY HS,5/22/2025,30099,Chickpeas(2 Tablespoons),36,0,36,50,26,0,26,$1.04,0,0.00%,$0.00,$1.04,24,48.00%,$0.96,$2.00,,,,
SOUTH COUNTY HS,5/22/2025,30107,Ranch Dressing(1 ounce),583,0,583,550,470,0,470,$51.70,0,0.00%,$0.00,$51.70,80,14.55%,$8.80,$60.50,,,,
SOUTH COUNTY HS,5/22/2025,60021,Cooked  Brown Rice(1 cup cooked),0,0,0,230,220,0,220,$24.20,0,0.00%,$0.00,$24.20,10,4.35%,$1.10,$25.30,,,,
SOUTH COUNTY HS,5/22/2025,60035,PB&J Power Pack(Power Packs),88,0,88,75,45,25,70,$75.60,0,0.00%,$0.00,$75.60,5,6.67%,$5.40,$81.00,,,,
SOUTH COUNTY HS,5/22/2025,60047,Chicken Tenders(3 tenders),0,0,0,125,115,10,125,$117.50,0,0.00%,$0.00,$117.50,0,0.00%,$0.00,$117.50,,,,
SOUTH COUNTY HS,5/22/2025,60055,Orange Chicken(4 Bites w/ 1oz sauce),0,0,0,230,210,10,220,$209.00,0,0.00%,$0.00,$209.00,10,4.35%,$9.50,$218.50,,,,
SOUTH COUNTY HS,5/22/2025,60075,Spicy Chicken Wrap(Wrap),60,4,64,30,20,6,26,$30.42,0,0.00%,$0.00,$30.42,4,13.33%,$4.68,$35.10,,,,
SOUTH COUNTY HS,5/22/2025,60077,Manager's Vegetable Choice(1/4 cup),497,0,497,350,232,0,232,$0.00,0,0.00%,$0.00,$0.00,118,33.71%,$0.00,$0.00,,,,
SOUTH COUNTY HS,5/22/2025,60100,Black Beans - salad bar entree(1/2 cup),33,0,33,40,38,0,38,$6.46,0,0.00%,$0.00,$6.46,2,5.00%,$0.34,$6.80,,,,
SOUTH COUNTY HS,5/22/2025,60150,Strawberry Parfait Power Pack(Power Pack),0,0,0,15,13,0,13,$21.19,0,0.00%,$0.00,$21.19,2,13.33%,$3.26,$24.45,,,,
SOUTH COUNTY HS,5/22/2025,60155,Fish  Sandwich(Sandwich),0,0,0,2,2,0,2,$1.40,0,0.00%,$0.00,$1.40,0,0.00%,$0.00,$1.40,,,,
Sandburg Middle,5/22/2025,10015,Baked Cheese Sticks(2 Cheese Sticks),129,0,129,288,250,0,250,$165.00,0,0.00%,$0.00,$165.00,38,13.19%,$25.08,$190.08,,,,
Sandburg Middle,5/22/2025,10026,Chickenless Bites(4 Bites),0,0,0,120,120,0,120,$87.60,0,0.00%,$0.00,$87.60,0,0.00%,$0.00,$87.60,,,,
Sandburg Middle,5/22/2025,10042,"Pasta, Lasagna Roll-Up, Cheese(Each)",0,0,0,54,49,0,49,$41.16,0,0.00%,$0.00,$41.16,5,9.26%,$4.20,$45.36,,,,
Sandburg Middle,5/22/2025,10062,Corn(1/4 cup (thawed)),173,0,173,200,175,0,175,$19.25,0,0.00%,$0.00,$19.25,25,12.50%,$2.75,$22.00,,,,
Sandburg Middle,5/22/2025,20001,1% White Milk(Each),41,0,41,151,31,0,31,$11.16,0,0.00%,$0.00,$11.16,120,79.47%,$43.20,$54.36,,,,
Sandburg Middle,5/22/2025,20002,Fat Free Chocolate Milk(Each),312,0,312,1006,369,0,369,$129.15,0,0.00%,$0.00,$129.15,637,63.32%,$222.95,$352.10,,,,
Sandburg Middle,5/22/2025,20027,Broccoli Florets(1/4 cup),108,0,108,60,60,0,60,$4.80,0,0.00%,$0.00,$4.80,0,0.00%,$0.00,$4.80,,,,
Sandburg Middle,5/22/2025,20028,Lettuce Blend Salad Mix(1/2 cup),133,0,133,120,106,0,106,$8.48,0,0.00%,$0.00,$8.48,14,11.67%,$1.12,$9.60,,,,
Sandburg Middle,5/22/2025,20031,Banana(Each),180,0,180,260,260,0,260,$54.60,0,0.00%,$0.00,$54.60,0,0.00%,$0.00,$54.60,,,,
Sandburg Middle,5/22/2025,20038,Fat Free White Milk(Each),8,0,8,50,4,0,4,$1.32,0,0.00%,$0.00,$1.32,46,92.00%,$15.18,$16.50,,,,
Sandburg Middle,5/22/2025,30018,Marinara Sauce(1/4 Cup),153,0,153,220,220,0,220,$33.00,0,0.00%,$0.00,$33.00,0,0.00%,$0.00,$33.00,,,,
Sandburg Middle,5/22/2025,30024,Black Beans(1/4 Cup),16,0,16,55,25,0,25,$2.25,0,0.00%,$0.00,$2.25,30,54.55%,$2.70,$4.95,,,,
Sandburg Middle,5/22/2025,30063,Ketchup Packet(Packet),250,0,250,200,200,0,200,$6.00,0,0.00%,$0.00,$6.00,0,0.00%,$0.00,$6.00,,,,
Sandburg Middle,5/22/2025,30064,Mayonnaise Packet(Packet),217,0,217,150,150,0,150,$15.00,0,0.00%,$0.00,$15.00,0,0.00%,$0.00,$15.00,,,,
Sandburg Middle,5/22/2025,30107,Ranch Dressing(1 ounce),170,0,170,165,165,0,165,$18.15,0,0.00%,$0.00,$18.15,0,0.00%,$0.00,$18.15,,,,
Sandburg Middle,5/22/2025,60021,Cooked  Brown Rice(1 cup cooked),0,0,0,95,95,0,95,$10.45,0,0.00%,$0.00,$10.45,0,0.00%,$0.00,$10.45,,,,
Sandburg Middle,5/22/2025,60035,PB&J Power Pack(Power Packs),130,0,130,154,136,0,136,$146.88,0,0.00%,$0.00,$146.88,18,11.69%,$19.44,$166.32,,,,
Sandburg Middle,5/22/2025,60072,Spicy Breaded Chicken Patty on Bun(Sandwich),0,0,0,84,0,0,0,$0.00,0,0.00%,$0.00,$0.00,84,100.00%,$0.00,$0.00,,,,
Sandburg Middle,5/22/2025,60075,Spicy Chicken Wrap(Wrap),87,0,87,88,88,0,88,$102.96,0,0.00%,$0.00,$102.96,0,0.00%,$0.00,$102.96,,,,
Sandburg Middle,5/22/2025,60077,Manager's Vegetable Choice(1/4 cup),80,0,80,100,100,0,100,$0.00,0,0.00%,$0.00,$0.00,0,0.00%,$0.00,$0.00,,,,
Sangster Elementary,5/22/2025,10044,Soft Pretzel(1 pretzel),60,0,60,60,53,0,53,$11.66,0,0.00%,$0.00,$11.66,7,11.67%,$1.54,$13.20,,,,
Sangster Elementary,5/22/2025,10062,Corn(1/4 cup (thawed)),235,0,235,250,250,0,250,$27.50,0,0.00%,$0.00,$27.50,0,0.00%,$0.00,$27.50,,,,
Sangster Elementary,5/22/2025,20001,1% White Milk(Each),25,0,25,44,37,0,37,$13.32,0,0.00%,$0.00,$13.32,7,15.91%,$2.52,$15.84,,,,
Sangster Elementary,5/22/2025,20002,Fat Free Chocolate Milk(Each),200,0,200,685,163,0,163,$57.05,0,0.00%,$0.00,$57.05,522,76.20%,$182.70,$239.75,,,,
Sangster Elementary,5/22/2025,20027,Broccoli Florets(1/4 cup),154,0,154,160,160,0,160,$12.80,0,0.00%,$0.00,$12.80,0,0.00%,$0.00,$12.80,,,,
Sangster Elementary,5/22/2025,20028,Lettuce Blend Salad Mix(1/2 cup),160,0,160,160,160,0,160,$12.80,0,0.00%,$0.00,$12.80,0,0.00%,$0.00,$12.80,,,,
Sangster Elementary,5/22/2025,20031,Banana(Each),177,0,177,160,160,0,160,$33.60,0,0.00%,$0.00,$33.60,0,0.00%,$0.00,$33.60,,,,
Sangster Elementary,5/22/2025,20038,Fat Free White Milk(Each),25,0,25,230,15,0,15,$4.95,0,0.00%,$0.00,$4.95,215,93.48%,$70.95,$75.90,,,,
Sangster Elementary,5/22/2025,20047,Orange Slices(3 slices per 1/4 cup),0,0,0,250,250,0,250,$50.00,0,0.00%,$0.00,$50.00,0,0.00%,$0.00,$50.00,,,,
Sangster Elementary,5/22/2025,30009,Orange Tangerine Juice(Each),0,0,0,49,46,0,46,$7.82,0,0.00%,$0.00,$7.82,3,6.12%,$0.51,$8.33,,,,
Sangster Elementary,5/22/2025,30043,Raspberry Lemonade Flavored Dried Cranberries(Each),80,0,80,80,75,0,75,$18.00,0,0.00%,$0.00,$18.00,5,6.25%,$1.20,$19.20,,,,
Sangster Elementary,5/22/2025,30068,Chilled Peaches(1/2 cup (drained)),0,0,0,34,34,0,34,$17.34,0,0.00%,$0.00,$17.34,0,0.00%,$0.00,$17.34,,,,
Sangster Elementary,5/22/2025,30077,Italian Dressing(1 ounce),24,0,24,24,24,0,24,$1.92,0,0.00%,$0.00,$1.92,0,0.00%,$0.00,$1.92,,,,
Sangster Elementary,5/22/2025,30094,Doritos Wild White Nacho Flavored Tortilla Chips(Bag),0,0,0,71,71,0,71,$24.85,0,0.00%,$0.00,$24.85,0,0.00%,$0.00,$24.85,,,,
Sangster Elementary,5/22/2025,30107,Ranch Dressing(1 ounce),24,0,24,24,24,0,24,$2.64,0,0.00%,$0.00,$2.64,0,0.00%,$0.00,$2.64,,,,
Sangster Elementary,5/22/2025,60035,PB&J Power Pack(Power Packs),120,0,120,92,70,10,80,$86.40,0,0.00%,$0.00,$86.40,12,13.04%,$12.96,$99.36,,,,
Sangster Elementary,5/22/2025,60036,Cherry Vanilla Yogurt Power Pack(Power Packs),10,0,10,10,7,0,7,$5.60,0,0.00%,$0.00,$5.60,3,30.00%,$2.40,$8.00,,,,
Sangster Elementary,5/22/2025,60037,Strawberry & Banana Yogurt Power Pack(Power Packs),10,0,10,10,8,0,8,$6.40,0,0.00%,$0.00,$6.40,2,20.00%,$1.60,$8.00,,,,
Sangster Elementary,5/22/2025,60038,Peach Yogurt Power Pack(Power Packs),10,0,10,10,7,0,7,$5.60,0,0.00%,$0.00,$5.60,3,30.00%,$2.40,$8.00,,,,
Sangster Elementary,5/22/2025,60042,Beef Meatball Sub Sandwich(Sandwich),0,0,0,60,52,3,55,$70.40,0,0.00%,$0.00,$70.40,5,8.33%,$6.40,$76.80,,,,
Sangster Elementary,5/22/2025,60077,Manager's Vegetable Choice(1/4 cup),144,0,144,144,144,0,144,$0.00,0,0.00%,$0.00,$0.00,0,0.00%,$0.00,$0.00,,,,
Sangster Elementary,5/22/2025,60100,Black Beans - salad bar entree(1/2 cup),33,0,33,33,33,0,33,$5.61,0,0.00%,$0.00,$5.61,0,0.00%,$0.00,$5.61,,,,
Sangster Elementary,5/22/2025,60120,Asian Veggie Sub(sandwich),0,0,0,120,104,10,114,$215.46,0,0.00%,$0.00,$215.46,6,5.00%,$11.34,$226.80,,,,
Sangster Elementary,5/22/2025,60150,Strawberry Parfait Power Pack(Power Pack),20,0,20,21,11,10,21,$34.23,0,0.00%,$0.00,$34.23,0,0.00%,$0.00,$34.23,,,,
Saratoga Elementary,5/22/2025,10033,Chocolate Chip Cookie(1/2 Cookie),110,0,110,96,0,96,96,$0.00,0,0.00%,$0.00,$0.00,0,0.00%,$0.00,$0.00,,,,
Saratoga Elementary,5/22/2025,10044,Soft Pretzel(1 pretzel),9,0,9,8,0,6,6,$0.00,0,0.00%,$0.00,$0.00,2,25.00%,$0.00,$0.00,,,,
Saratoga Elementary,5/22/2025,20001,1% White Milk(Each),57,0,57,177,44,0,44,$15.84,0,0.00%,$0.00,$15.84,133,75.14%,$47.88,$63.72,,,,
Saratoga Elementary,5/22/2025,20002,Fat Free Chocolate Milk(Each),196,0,196,300,195,4,199,$69.65,0,0.00%,$0.00,$69.65,101,33.67%,$35.35,$105.00,,,,
Saratoga Elementary,5/22/2025,20012,Grape Tomatoes(6 Tomatoes per 1/2 cup),0,0,0,60,50,0,50,$26.00,0,0.00%,$0.00,$26.00,10,16.67%,$5.20,$31.20,,,,
Saratoga Elementary,5/22/2025,20015,Golden Delicious Apple(Each),0,0,0,50,40,0,40,$12.40,0,0.00%,$0.00,$12.40,10,20.00%,$3.10,$15.50,,,,
Saratoga Elementary,5/22/2025,20018,Red Seedless Grapes(16 grapes per 1/2 cup),0,0,0,200,200,0,200,$102.00,0,0.00%,$0.00,$102.00,0,0.00%,$0.00,$102.00,,,,
Saratoga Elementary,5/22/2025,20023,Baby Carrots(6 Baby Carrots per 1/2 cup),0,0,0,48,42,0,42,$7.14,0,0.00%,$0.00,$7.14,6,12.50%,$1.02,$8.16,,,,
Saratoga Elementary,5/22/2025,20028,Lettuce Blend Salad Mix(1/2 cup),108,0,108,110,105,0,105,$8.40,0,0.00%,$0.00,$8.40,5,4.55%,$0.40,$8.80,,,,
Saratoga Elementary,5/22/2025,20031,Banana(Each),128,0,128,135,91,24,115,$24.15,0,0.00%,$0.00,$24.15,20,14.81%,$4.20,$28.35,,,,
Saratoga Elementary,5/22/2025,20038,Fat Free White Milk(Each),9,0,9,40,10,0,10,$3.30,0,0.00%,$0.00,$3.30,30,75.00%,$9.90,$13.20,,,,
Saratoga Elementary,5/22/2025,20043,"Lactose Free, White Milk(Each)",0,0,0,5,5,0,5,$2.90,0,0.00%,$0.00,$2.90,0,0.00%,$0.00,$2.90,,,,
Saratoga Elementary,5/22/2025,20076,"Peppers, green, pre-sliced(1/2 cup sliced)",0,0,0,24,24,0,24,$7.20,0,0.00%,$0.00,$7.20,0,0.00%,$0.00,$7.20,,,,
Saratoga Elementary,5/22/2025,20077,"Peppers, red, pre-sliced(1/2 cup sliced)",0,0,0,1,1,0,1,$0.56,0,0.00%,$0.00,$0.56,0,0.00%,$0.00,$0.56,,,,
Saratoga Elementary,5/22/2025,30009,Orange Tangerine Juice(Each),10,0,10,15,0,14,14,$0.00,0,0.00%,$0.00,$0.00,1,6.67%,$0.00,$0.00,,,,
Saratoga Elementary,5/22/2025,30024,Black Beans(1/4 Cup),0,0,0,25,20,0,20,$1.80,0,0.00%,$0.00,$1.80,5,20.00%,$0.45,$2.25,,,,
Saratoga Elementary,5/22/2025,30034,Graham Crackers(Package),36,0,36,24,24,0,24,$3.36,0,0.00%,$0.00,$3.36,0,0.00%,$0.00,$3.36,,,,
Saratoga Elementary,5/22/2025,30037,IW Applesauce Cup(Each),36,0,36,24,0,24,24,$0.00,0,0.00%,$0.00,$0.00,0,0.00%,$0.00,$0.00,,,,
Saratoga Elementary,5/22/2025,30045,Watermelon Flavored Dried Cranberries(Each),10,0,10,50,45,0,45,$10.80,0,0.00%,$0.00,$10.80,5,10.00%,$1.20,$12.00,,,,
Saratoga Elementary,5/22/2025,30077,Italian Dressing(1 ounce),55,0,55,50,41,0,41,$3.28,0,0.00%,$0.00,$3.28,9,18.00%,$0.72,$4.00,,,,
Saratoga Elementary,5/22/2025,30094,Doritos Wild White Nacho Flavored Tortilla Chips(Bag),70,0,70,72,0,72,72,$0.00,0,0.00%,$0.00,$0.00,0,0.00%,$0.00,$0.00,,,,
Saratoga Elementary,5/22/2025,30097,Bottled Water(Bottle),25,0,25,20,0,17,17,$0.00,0,0.00%,$0.00,$0.00,3,15.00%,$0.00,$0.00,,,,
Saratoga Elementary,5/22/2025,30107,Ranch Dressing(1 ounce),72,0,72,75,65,0,65,$7.15,0,0.00%,$0.00,$7.15,10,13.33%,$1.10,$8.25,,,,
Saratoga Elementary,5/22/2025,30188,"Milk, Soy, Plain, Bulk (12/32 oz)(1 cup)",0,0,0,2,2,0,2,$1.58,0,0.00%,$0.00,$1.58,0,0.00%,$0.00,$1.58,,,,
Saratoga Elementary,5/22/2025,60035,PB&J Power Pack(Power Packs),60,0,60,98,74,0,74,$79.92,0,0.00%,$0.00,$79.92,24,24.49%,$25.92,$105.84,,,,
Saratoga Elementary,5/22/2025,60037,Strawberry & Banana Yogurt Power Pack(Power Packs),10,0,10,20,17,0,17,$13.60,0,0.00%,$0.00,$13.60,3,15.00%,$2.40,$16.00,,,,
Saratoga Elementary,5/22/2025,60077,Manager's Vegetable Choice(1/2 cup),54,0,54,50,45,0,45,$0.00,0,0.00%,$0.00,$0.00,5,10.00%,$0.00,$0.00,,,,
Saratoga Elementary,5/22/2025,60100,Black Beans - salad bar entree(1/2 cup),0,0,0,2,0,2,2,$0.00,0,0.00%,$0.00,$0.00,0,0.00%,$0.00,$0.00,,,,
Saratoga Elementary,5/22/2025,60120,Asian Veggie Sub(sandwich),72,0,72,200,191,4,195,$368.55,0,0.00%,$0.00,$368.55,5,2.50%,$9.45,$378.00,,,,
Saratoga Elementary,5/22/2025,60122,Asian Meatball Sub(sandwich),95,0,95,50,45,0,45,$80.10,0,0.00%,$0.00,$80.10,5,10.00%,$8.90,$89.00,,,,
Shrevewood Elementary,5/22/2025,20001,1% White Milk(Each),70,0,70,40,40,0,40,$14.40,0,0.00%,$0.00,$14.40,0,0.00%,$0.00,$14.40,,,,
Shrevewood Elementary,5/22/2025,20002,Fat Free Chocolate Milk(Each),84,0,84,552,157,0,157,$54.95,0,0.00%,$0.00,$54.95,395,71.56%,$138.25,$193.20,,,,
Shrevewood Elementary,5/22/2025,20013,Gala Apple(Each),0,0,0,100,100,0,100,$37.00,0,0.00%,$0.00,$37.00,0,0.00%,$0.00,$37.00,,,,
Shrevewood Elementary,5/22/2025,20023,Baby Carrots(3 baby carrots per 1/4 cup),0,0,0,48,48,0,48,$4.32,0,0.00%,$0.00,$4.32,0,0.00%,$0.00,$4.32,,,,
Shrevewood Elementary,5/22/2025,20027,Broccoli Florets(1/4 cup),0,0,0,42,27,0,27,$2.16,0,0.00%,$0.00,$2.16,15,35.71%,$1.20,$3.36,,,,
Shrevewood Elementary,5/22/2025,20028,Lettuce Blend Salad Mix(1 cup),16,0,16,16,16,0,16,$2.56,0,0.00%,$0.00,$2.56,0,0.00%,$0.00,$2.56,,,,
Shrevewood Elementary,5/22/2025,20028,Lettuce Blend Salad Mix(1/2 cup),40,0,40,40,30,0,30,$2.40,0,0.00%,$0.00,$2.40,10,25.00%,$0.80,$3.20,,,,
Shrevewood Elementary,5/22/2025,20031,Banana(Each),16,0,16,16,16,0,16,$3.36,0,0.00%,$0.00,$3.36,0,0.00%,$0.00,$3.36,,,,
Shrevewood Elementary,5/22/2025,20036,Celery Sticks(1/2 cup),0,0,0,24,14,0,14,$7.70,0,0.00%,$0.00,$7.70,10,41.67%,$5.50,$13.20,,,,
Shrevewood Elementary,5/22/2025,20038,Fat Free White Milk(Each),3,0,3,72,17,0,17,$5.61,0,0.00%,$0.00,$5.61,55,76.39%,$18.15,$23.76,,,,
Shrevewood Elementary,5/22/2025,20043,"Lactose Free, White Milk(Each)",0,0,0,1,1,0,1,$0.58,0,0.00%,$0.00,$0.58,0,0.00%,$0.00,$0.58,,,,
Shrevewood Elementary,5/22/2025,20047,Orange Slices(3 slices per 1/4 cup),0,0,0,170,170,0,170,$34.00,0,0.00%,$0.00,$34.00,0,0.00%,$0.00,$34.00,,,,
Shrevewood Elementary,5/22/2025,20077,"Peppers, red, pre-sliced(1/2 cup sliced)",0,0,0,70,53,0,53,$29.68,0,0.00%,$0.00,$29.68,17,24.29%,$9.52,$39.20,,,,
Shrevewood Elementary,5/22/2025,30008,Apple Juice(Each),0,0,0,10,6,0,6,$1.02,0,0.00%,$0.00,$1.02,4,40.00%,$0.68,$1.70,,,,
Shrevewood Elementary,5/22/2025,30009,Orange Tangerine Juice(Each),0,0,0,8,3,0,3,$0.51,0,0.00%,$0.00,$0.51,5,62.50%,$0.85,$1.36,,,,
Shrevewood Elementary,5/22/2025,30034,Graham Crackers(Package),16,0,16,16,16,0,16,$2.24,0,0.00%,$0.00,$2.24,0,0.00%,$0.00,$2.24,,,,
Shrevewood Elementary,5/22/2025,30037,IW Applesauce Cup(Each),17,0,17,16,16,0,16,$4.32,0,0.00%,$0.00,$4.32,0,0.00%,$0.00,$4.32,,,,
Shrevewood Elementary,5/22/2025,30041,Orange Flavored Dried Cranberries(Each),35,0,35,50,30,0,30,$7.20,0,0.00%,$0.00,$7.20,20,40.00%,$4.80,$12.00,,,,
Shrevewood Elementary,5/22/2025,30077,Italian Dressing(1 ounce),37,0,37,40,40,0,40,$3.20,0,0.00%,$0.00,$3.20,0,0.00%,$0.00,$3.20,,,,
Shrevewood Elementary,5/22/2025,30097,Bottled Water(Bottle),0,0,0,10,4,0,4,$0.64,0,0.00%,$0.00,$0.64,6,60.00%,$0.96,$1.60,,,,
Shrevewood Elementary,5/22/2025,30099,Chickpeas(1/4 cup),27,0,27,32,17,0,17,$1.53,0,0.00%,$0.00,$1.53,15,46.88%,$1.35,$2.88,,,,
Shrevewood Elementary,5/22/2025,30107,Ranch Dressing(1 ounce),62,0,62,64,64,0,64,$7.04,0,0.00%,$0.00,$7.04,0,0.00%,$0.00,$7.04,,,,
Shrevewood Elementary,5/22/2025,30112,Doritos RF Nacho Cheese(Each),0,0,0,72,64,0,64,$23.68,0,0.00%,$0.00,$23.68,8,11.11%,$2.96,$26.64,,,,
Shrevewood Elementary,5/22/2025,30158,Black Beans(1/2 Cup),0,0,0,33,17,0,17,$2.89,0,0.00%,$0.00,$2.89,16,48.48%,$2.72,$5.61,,,,
Shrevewood Elementary,5/22/2025,60035,PB&J Power Pack(Power Packs),34,0,34,65,60,5,65,$70.20,0,0.00%,$0.00,$70.20,0,0.00%,$0.00,$70.20,,,,
Shrevewood Elementary,5/22/2025,60037,Strawberry & Banana Yogurt Power Pack(Power Packs),8,0,8,35,25,0,25,$20.00,0,0.00%,$0.00,$20.00,10,28.57%,$8.00,$28.00,,,,
Shrevewood Elementary,5/22/2025,60077,Manager's Vegetable Choice(1/4 cup),25,0,25,1,1,0,1,$0.00,0,0.00%,$0.00,$0.00,0,0.00%,$0.00,$0.00,,,,
Shrevewood Elementary,5/22/2025,60120,Asian Veggie Sub(sandwich),129,0,129,152,147,5,152,$287.28,0,0.00%,$0.00,$287.28,0,0.00%,$0.00,$287.28,,,,
Shrevewood Elementary,5/22/2025,60122,Asian Meatball Sub(sandwich),20,0,20,41,33,0,33,$58.74,8,19.51%,$14.24,$72.98,0,0.00%,$0.00,$72.98,,,,
Silverbrook Elementary,5/22/2025,10015,Baked Cheese Sticks(2 Cheese Sticks),0,0,0,21,21,0,21,$13.86,0,0.00%,$0.00,$13.86,0,0.00%,$0.00,$13.86,,,,
Silverbrook Elementary,5/22/2025,10033,Chocolate Chip Cookie(1/2 Cookie),180,0,180,191,157,0,157,$21.98,0,0.00%,$0.00,$21.98,34,17.80%,$4.76,$26.74,,,,
Silverbrook Elementary,5/22/2025,10042,"Pasta, Lasagna Roll-Up, Cheese(Each)",0,0,0,18,15,0,15,$12.60,3,16.67%,$2.52,$15.12,0,0.00%,$0.00,$15.12,,,,
Silverbrook Elementary,5/22/2025,10044,Soft Pretzel(1 pretzel),40,0,40,50,46,0,46,$10.12,0,0.00%,$0.00,$10.12,4,8.00%,$0.88,$11.00,,,,
Silverbrook Elementary,5/22/2025,10062,Corn(1/4 cup (thawed)),120,0,120,128,107,0,107,$11.77,0,0.00%,$0.00,$11.77,21,16.41%,$2.31,$14.08,,,,
Silverbrook Elementary,5/22/2025,20001,1% White Milk(Each),46,0,46,68,37,0,37,$13.32,0,0.00%,$0.00,$13.32,31,45.59%,$11.16,$24.48,,,,
Silverbrook Elementary,5/22/2025,20002,Fat Free Chocolate Milk(Each),120,0,120,305,133,0,133,$46.55,0,0.00%,$0.00,$46.55,172,56.39%,$60.20,$106.75,,,,
Silverbrook Elementary,5/22/2025,20013,Gala Apple(Each),0,0,0,120,116,0,116,$42.92,0,0.00%,$0.00,$42.92,4,3.33%,$1.48,$44.40,,,,
Silverbrook Elementary,5/22/2025,20016,String Cheese(Each),4,0,4,12,2,0,2,$0.44,0,0.00%,$0.00,$0.44,10,83.33%,$2.20,$2.64,,,,
Silverbrook Elementary,5/22/2025,20017,Orange(1/4 cup),0,0,0,204,195,0,195,$33.15,0,0.00%,$0.00,$33.15,9,4.41%,$1.53,$34.68,,,,
Silverbrook Elementary,5/22/2025,20028,Lettuce Blend Salad Mix(1 cup),6,0,6,6,6,0,6,$0.96,0,0.00%,$0.00,$0.96,0,0.00%,$0.00,$0.96,,,,
Silverbrook Elementary,5/22/2025,20028,Lettuce Blend Salad Mix(1/2 cup),180,0,180,160,150,0,150,$12.00,0,0.00%,$0.00,$12.00,10,6.25%,$0.80,$12.80,,,,
Silverbrook Elementary,5/22/2025,20031,Banana(Each),6,0,6,6,6,0,6,$1.26,0,0.00%,$0.00,$1.26,0,0.00%,$0.00,$1.26,,,,
Silverbrook Elementary,5/22/2025,20038,Fat Free White Milk(Each),25,0,25,50,17,0,17,$5.61,0,0.00%,$0.00,$5.61,33,66.00%,$10.89,$16.50,,,,
Silverbrook Elementary,5/22/2025,20052,Assorted  4 oz Yogurt(Container),4,0,4,2,0,0,0,$0.00,0,0.00%,$0.00,$0.00,2,100.00%,$0.00,$0.00,,,,
Silverbrook Elementary,5/22/2025,30008,Apple Juice(Each),30,0,30,20,12,0,12,$2.04,0,0.00%,$0.00,$2.04,8,40.00%,$1.36,$3.40,,,,
Silverbrook Elementary,5/22/2025,30009,Orange Tangerine Juice(Each),20,0,20,20,8,0,8,$1.36,0,0.00%,$0.00,$1.36,12,60.00%,$2.04,$3.40,,,,
Silverbrook Elementary,5/22/2025,30039,Cherry Flavored Dried Cranberries(Each),40,0,40,78,66,0,66,$15.84,0,0.00%,$0.00,$15.84,12,15.38%,$2.88,$18.72,,,,
Silverbrook Elementary,5/22/2025,30044,Strawberry Flavored Dried Cranberries(Each),30,0,30,48,27,0,27,$6.48,0,0.00%,$0.00,$6.48,21,43.75%,$5.04,$11.52,,,,
Silverbrook Elementary,5/22/2025,30061,Chilled Mandarin Oranges(1/2 cup (drained)),0,0,0,200,188,0,188,$63.92,0,0.00%,$0.00,$63.92,12,6.00%,$4.08,$68.00,,,,
Silverbrook Elementary,5/22/2025,30077,Italian Dressing(1 ounce),41,0,41,74,48,0,48,$3.84,0,0.00%,$0.00,$3.84,26,35.14%,$2.08,$5.92,,,,
Silverbrook Elementary,5/22/2025,30094,Doritos Wild White Nacho Flavored Tortilla Chips(Bag),60,0,60,30,24,0,24,$8.40,0,0.00%,$0.00,$8.40,6,20.00%,$2.10,$10.50,,,,
Silverbrook Elementary,5/22/2025,30097,Bottled Water(Bottle),12,0,12,12,6,0,6,$0.96,0,0.00%,$0.00,$0.96,6,50.00%,$0.96,$1.92,,,,
Silverbrook Elementary,5/22/2025,30099,Chickpeas(1/4 cup),25,0,25,33,25,0,25,$2.25,0,0.00%,$0.00,$2.25,8,24.24%,$0.72,$2.97,,,,
Silverbrook Elementary,5/22/2025,30107,Ranch Dressing(1 ounce),85,0,85,102,97,0,97,$10.67,0,0.00%,$0.00,$10.67,5,4.90%,$0.55,$11.22,,,,
Silverbrook Elementary,5/22/2025,30158,Black Beans(1/2 Cup),24,0,24,0,0,0,0,$0.00,0,0.00%,$0.00,$0.00,0,0.00%,$0.00,$0.00,,,,
Silverbrook Elementary,5/22/2025,60035,PB&J Power Pack(Power Packs),70,0,70,11,5,0,5,$5.40,0,0.00%,$0.00,$5.40,6,54.55%,$6.48,$11.88,,,,
Silverbrook Elementary,5/22/2025,60037,Strawberry & Banana Yogurt Power Pack(Power Packs),22,0,22,67,59,2,61,$48.80,0,0.00%,$0.00,$48.80,6,8.96%,$4.80,$53.60,,,,
Silverbrook Elementary,5/22/2025,60043,BBQ Chicken Sandwich(Sandwich),0,0,0,90,85,2,87,$74.82,0,0.00%,$0.00,$74.82,3,3.33%,$2.58,$77.40,,,,
Silverbrook Elementary,5/22/2025,60054,Steamed Broccoli(1/2 cup),60,0,60,126,126,0,126,$18.90,0,0.00%,$0.00,$18.90,0,0.00%,$0.00,$18.90,,,,
Silverbrook Elementary,5/22/2025,60077,Manager's Vegetable Choice(1/4 cup),100,0,100,192,180,0,180,$0.00,0,0.00%,$0.00,$0.00,12,6.25%,$0.00,$0.00,,,,
Silverbrook Elementary,5/22/2025,60120,Asian Veggie Sub(sandwich),62,0,62,8,0,0,0,$0.00,6,75.00%,$0.00,$0.00,2,25.00%,$0.00,$0.00,,,,
Silverbrook Elementary,5/22/2025,60122,Asian Meatball Sub(sandwich),42,0,42,66,51,0,51,$90.78,2,3.03%,$3.56,$94.34,13,19.70%,$23.14,$117.48,,,,
Silverbrook Elementary,5/22/2025,60150,Strawberry Parfait Power Pack(Power Pack),25,0,25,12,7,0,7,$11.41,0,0.00%,$0.00,$11.41,5,41.67%,$8.15,$19.56,,,,
Sleepy Hollow Elementary,5/22/2025,10033,Chocolate Chip Cookie(1/2 Cookie),138,0,138,23,23,0,23,$3.22,0,0.00%,$0.00,$3.22,0,0.00%,$0.00,$3.22,,,,
Sleepy Hollow Elementary,5/22/2025,10044,Soft Pretzel(1 pretzel),0,0,0,0,0,0,0,$0.00,0,0.00%,$0.00,$0.00,0,0.00%,$0.00,$0.00,,,,
Sleepy Hollow Elementary,5/22/2025,10062,Corn(1/4 cup (thawed)),96,0,96,80,58,0,58,$6.38,0,0.00%,$0.00,$6.38,22,27.50%,$2.42,$8.80,,,,
Sleepy Hollow Elementary,5/22/2025,20001,1% White Milk(Each),142,0,142,265,110,0,110,$39.60,0,0.00%,$0.00,$39.60,155,58.49%,$55.80,$95.40,,,,
Sleepy Hollow Elementary,5/22/2025,20002,Fat Free Chocolate Milk(Each),125,0,125,450,218,0,218,$76.30,0,0.00%,$0.00,$76.30,232,51.56%,$81.20,$157.50,,,,
Sleepy Hollow Elementary,5/22/2025,20008,Apple Slices(3 slices per 1/4 cup),0,0,0,160,132,0,132,$77.88,0,0.00%,$0.00,$77.88,28,17.50%,$16.52,$94.40,,,,
Sleepy Hollow Elementary,5/22/2025,20012,Grape Tomatoes(1/4 cup),0,0,0,160,144,0,144,$37.44,0,0.00%,$0.00,$37.44,16,10.00%,$4.16,$41.60,,,,
Sleepy Hollow Elementary,5/22/2025,20013,Gala Apple(Each),0,0,0,120,95,0,95,$35.15,0,0.00%,$0.00,$35.15,25,20.83%,$9.25,$44.40,,,,
Sleepy Hollow Elementary,5/22/2025,20016,String Cheese(Each),0,0,0,0,0,0,0,$0.00,0,0.00%,$0.00,$0.00,0,0.00%,$0.00,$0.00,,,,
Sleepy Hollow Elementary,5/22/2025,20028,Lettuce Blend Salad Mix(1 cup),16,0,16,18,18,0,18,$2.88,0,0.00%,$0.00,$2.88,0,0.00%,$0.00,$2.88,,,,
Sleepy Hollow Elementary,5/22/2025,20028,Lettuce Blend Salad Mix(1/2 cup),132,0,132,200,188,0,188,$15.04,0,0.00%,$0.00,$15.04,12,6.00%,$0.96,$16.00,,,,
Sleepy Hollow Elementary,5/22/2025,20031,Banana(Each),129,0,129,144,129,0,129,$27.09,0,0.00%,$0.00,$27.09,15,10.42%,$3.15,$30.24,,,,
Sleepy Hollow Elementary,5/22/2025,20038,Fat Free White Milk(Each),31,0,31,25,9,0,9,$2.97,0,0.00%,$0.00,$2.97,16,64.00%,$5.28,$8.25,,,,
Sleepy Hollow Elementary,5/22/2025,20047,Orange Slices(3 slices per 1/4 cup),0,0,0,145,128,0,128,$25.60,0,0.00%,$0.00,$25.60,17,11.72%,$3.40,$29.00,,,,
Sleepy Hollow Elementary,5/22/2025,20052,Assorted  4 oz Yogurt(Container),0,0,0,0,0,0,0,$0.00,0,0.00%,$0.00,$0.00,0,0.00%,$0.00,$0.00,,,,
Sleepy Hollow Elementary,5/22/2025,30008,Apple Juice(Each),0,0,0,0,0,0,0,$0.00,0,0.00%,$0.00,$0.00,0,0.00%,$0.00,$0.00,,,,
Sleepy Hollow Elementary,5/22/2025,30009,Orange Tangerine Juice(Each),0,0,0,0,0,0,0,$0.00,0,0.00%,$0.00,$0.00,0,0.00%,$0.00,$0.00,,,,
Sleepy Hollow Elementary,5/22/2025,30039,Cherry Flavored Dried Cranberries(Each),100,0,100,80,68,0,68,$16.32,0,0.00%,$0.00,$16.32,12,15.00%,$2.88,$19.20,,,,
Sleepy Hollow Elementary,5/22/2025,30077,Italian Dressing(1 ounce),68,0,68,53,50,0,50,$4.00,0,0.00%,$0.00,$4.00,3,5.66%,$0.24,$4.24,,,,
Sleepy Hollow Elementary,5/22/2025,30094,Doritos Wild White Nacho Flavored Tortilla Chips(Bag),7,0,7,5,5,0,5,$1.75,0,0.00%,$0.00,$1.75,0,0.00%,$0.00,$1.75,,,,
Sleepy Hollow Elementary,5/22/2025,30097,Bottled Water(Bottle),3,0,3,0,0,0,0,$0.00,0,0.00%,$0.00,$0.00,0,0.00%,$0.00,$0.00,,,,
Sleepy Hollow Elementary,5/22/2025,30099,Chickpeas(1/4 cup),43,0,43,80,70,0,70,$6.30,0,0.00%,$0.00,$6.30,10,12.50%,$0.90,$7.20,,,,
Sleepy Hollow Elementary,5/22/2025,30107,Ranch Dressing(1 ounce),86,0,86,85,79,0,79,$8.69,0,0.00%,$0.00,$8.69,6,7.06%,$0.66,$9.35,,,,
Sleepy Hollow Elementary,5/22/2025,30158,Black Beans(1/2 Cup),0,0,0,0,0,0,0,$0.00,0,0.00%,$0.00,$0.00,0,0.00%,$0.00,$0.00,,,,
Sleepy Hollow Elementary,5/22/2025,60035,PB&J Power Pack(Power Packs),57,3,60,12,2,0,2,$2.16,0,0.00%,$0.00,$2.16,10,83.33%,$10.80,$12.96,,,,
Sleepy Hollow Elementary,5/22/2025,60037,Strawberry & Banana Yogurt Power Pack(Power Packs),32,0,32,12,7,0,7,$5.60,0,0.00%,$0.00,$5.60,5,41.67%,$4.00,$9.60,,,,
Sleepy Hollow Elementary,5/22/2025,60054,Steamed Broccoli(1/2 cup),82,0,82,120,106,0,106,$15.90,0,0.00%,$0.00,$15.90,14,11.67%,$2.10,$18.00,,,,
Sleepy Hollow Elementary,5/22/2025,60077,Manager's Vegetable Choice(1/4 cup),66,0,66,80,68,0,68,$0.00,0,0.00%,$0.00,$0.00,12,15.00%,$0.00,$0.00,,,,
Sleepy Hollow Elementary,5/22/2025,60120,Asian Veggie Sub(sandwich),170,1,171,65,54,7,61,$115.29,0,0.00%,$0.00,$115.29,4,6.15%,$7.56,$122.85,,,,
Sleepy Hollow Elementary,5/22/2025,60122,Asian Meatball Sub(sandwich),92,4,96,320,305,2,307,$546.46,0,0.00%,$0.00,$546.46,13,4.06%,$23.14,$569.60,,,,
South County Middle,5/22/2025,10015,Baked Cheese Sticks(2 Cheese Sticks),141,0,141,230,190,38,228,$150.48,0,0.00%,$0.00,$150.48,2,0.87%,$1.32,$151.80,,,,
South County Middle,5/22/2025,10026,Chickenless Bites(4 Bites),150,0,150,196,112,11,123,$89.79,0,0.00%,$0.00,$89.79,73,37.24%,$53.29,$143.08,,,,
South County Middle,5/22/2025,10027,"Bread, Loco(flatbread)",80,0,80,50,50,0,50,$15.00,0,0.00%,$0.00,$15.00,0,0.00%,$0.00,$15.00,,,,
South County Middle,5/22/2025,10033,Chocolate Chip Cookie(Cookie),262,0,262,310,305,0,305,$82.35,0,0.00%,$0.00,$82.35,5,1.61%,$1.35,$83.70,,,,
South County Middle,5/22/2025,10039,Potato Encrusted Breaded Pollock(Fillet),0,0,0,22,11,11,22,$14.52,0,0.00%,$0.00,$14.52,0,0.00%,$0.00,$14.52,,,,
South County Middle,5/22/2025,10044,Soft Pretzel(1 pretzel),14,0,14,12,5,0,5,$1.10,0,0.00%,$0.00,$1.10,7,58.33%,$1.54,$2.64,,,,
South County Middle,5/22/2025,10062,Corn(1/4 cup (thawed)),39,0,39,50,50,0,50,$5.50,0,0.00%,$0.00,$5.50,0,0.00%,$0.00,$5.50,,,,
South County Middle,5/22/2025,10075,Cheese Pizza(Slice),0,0,0,25,16,9,25,$14.25,0,0.00%,$0.00,$14.25,0,0.00%,$0.00,$14.25,,,,
South County Middle,5/22/2025,20001,1% White Milk(Each),36,0,36,84,44,0,44,$15.84,0,0.00%,$0.00,$15.84,40,47.62%,$14.40,$30.24,,,,
South County Middle,5/22/2025,20002,Fat Free Chocolate Milk(Each),121,0,121,420,115,0,115,$40.25,0,0.00%,$0.00,$40.25,305,72.62%,$106.75,$147.00,,,,
South County Middle,5/22/2025,20008,Apple Slices(3 slices per 1/4 cup),0,0,0,352,288,0,288,$169.92,0,0.00%,$0.00,$169.92,64,18.18%,$37.76,$207.68,,,,
South County Middle,5/22/2025,20012,Grape Tomatoes(1/4 cup),0,0,0,72,36,0,36,$9.36,0,0.00%,$0.00,$9.36,36,50.00%,$9.36,$18.72,,,,
South County Middle,5/22/2025,20017,Orange(1/4 cup),0,0,0,5,5,0,5,$0.85,0,0.00%,$0.00,$0.85,0,0.00%,$0.00,$0.85,,,,
South County Middle,5/22/2025,20023,Baby Carrots(3 baby carrots per 1/4 cup),0,0,0,72,60,0,60,$5.40,0,0.00%,$0.00,$5.40,12,16.67%,$1.08,$6.48,,,,
South County Middle,5/22/2025,20027,Broccoli Florets(1/4 cup),24,0,24,4,4,0,4,$0.32,0,0.00%,$0.00,$0.32,0,0.00%,$0.00,$0.32,,,,
South County Middle,5/22/2025,20028,Lettuce Blend Salad Mix(1/2 cup),67,0,67,90,90,0,90,$7.20,0,0.00%,$0.00,$7.20,0,0.00%,$0.00,$7.20,,,,
South County Middle,5/22/2025,20031,Banana(Each),120,0,120,96,96,0,96,$20.16,0,0.00%,$0.00,$20.16,0,0.00%,$0.00,$20.16,,,,
South County Middle,5/22/2025,20038,Fat Free White Milk(Each),5,0,5,59,19,0,19,$6.27,0,0.00%,$0.00,$6.27,40,67.80%,$13.20,$19.47,,,,
South County Middle,5/22/2025,30014,Whole Wheat Dinner Roll(2 rolls),0,0,0,90,90,0,90,$25.20,0,0.00%,$0.00,$25.20,0,0.00%,$0.00,$25.20,,,,
South County Middle,5/22/2025,30018,Marinara Sauce(1/4 Cup),47,0,47,144,141,0,141,$21.15,0,0.00%,$0.00,$21.15,3,2.08%,$0.45,$21.60,,,,
South County Middle,5/22/2025,30020,Applesauce(1/2 Cup),0,0,0,75,71,0,71,$14.91,0,0.00%,$0.00,$14.91,4,5.33%,$0.84,$15.75,,,,
South County Middle,5/22/2025,30024,Black Beans(1/4 Cup),53,0,53,82,33,0,33,$2.97,0,0.00%,$0.00,$2.97,49,59.76%,$4.41,$7.38,,,,
South County Middle,5/22/2025,30063,Ketchup Packet(Packet),304,0,304,350,331,0,331,$9.93,0,0.00%,$0.00,$9.93,19,5.43%,$0.57,$10.50,,,,
South County Middle,5/22/2025,30064,Mayonnaise Packet(Packet),62,0,62,80,59,0,59,$5.90,0,0.00%,$0.00,$5.90,21,26.25%,$2.10,$8.00,,,,
South County Middle,5/22/2025,30065,Mustard Packet(Packet),21,0,21,50,18,0,18,$0.90,0,0.00%,$0.00,$0.90,32,64.00%,$1.60,$2.50,,,,
South County Middle,5/22/2025,30068,Chilled Peaches(1/2 cup (drained)),80,0,80,24,19,0,19,$9.69,0,0.00%,$0.00,$9.69,5,20.83%,$2.55,$12.24,,,,
South County Middle,5/22/2025,30077,Italian Dressing(1 ounce),8,0,8,50,5,0,5,$0.40,0,0.00%,$0.00,$0.40,45,90.00%,$3.60,$4.00,,,,
South County Middle,5/22/2025,30097,Bottled Water(Bottle),85,0,85,100,95,0,95,$15.20,0,0.00%,$0.00,$15.20,5,5.00%,$0.80,$16.00,,,,
South County Middle,5/22/2025,30099,Chickpeas(1/2 cup),0,0,0,8,8,0,8,$1.44,0,0.00%,$0.00,$1.44,0,0.00%,$0.00,$1.44,,,,
South County Middle,5/22/2025,30107,Ranch Dressing(1 ounce),68,0,68,80,63,0,63,$6.93,0,0.00%,$0.00,$6.93,17,21.25%,$1.87,$8.80,,,,
South County Middle,5/22/2025,30111,Doritos RF Spicy Sweet Chili(Each),51,0,51,70,60,0,60,$22.20,0,0.00%,$0.00,$22.20,10,14.29%,$3.70,$25.90,,,,
South County Middle,5/22/2025,30113,Cool Ranch Reduced Fat Doritos(Each),59,0,59,70,58,0,58,$21.46,0,0.00%,$0.00,$21.46,12,17.14%,$4.44,$25.90,,,,
South County Middle,5/22/2025,30114,SS Baked Cheetos Flaming Hot(Each),57,0,57,30,20,0,20,$10.60,0,0.00%,$0.00,$10.60,10,33.33%,$5.30,$15.90,,,,
South County Middle,5/22/2025,30124,"Fruit Snacks, Welch's Mixed(Each)",39,0,39,2,2,0,2,$0.80,0,0.00%,$0.00,$0.80,0,0.00%,$0.00,$0.80,,,,
South County Middle,5/22/2025,60007,Cheeseburger(Sandwich),0,0,0,10,7,2,9,$6.57,0,0.00%,$0.00,$6.57,1,10.00%,$0.73,$7.30,,,,
South County Middle,5/22/2025,60035,PB&J Power Pack(Power Packs),18,0,18,28,16,12,28,$30.24,0,0.00%,$0.00,$30.24,0,0.00%,$0.00,$30.24,,,,
South County Middle,5/22/2025,60039,Pasta with Meat Sauce(serving),0,0,0,20,14,6,20,$21.40,0,0.00%,$0.00,$21.40,0,0.00%,$0.00,$21.40,,,,
South County Middle,5/22/2025,60041,Turkey Pepperoni Pizza(1.37 oz),0,0,0,27,25,2,27,$18.36,0,0.00%,$0.00,$18.36,0,0.00%,$0.00,$18.36,,,,
South County Middle,5/22/2025,60075,Spicy Chicken Wrap(Wrap),16,0,16,24,20,4,24,$28.08,0,0.00%,$0.00,$28.08,0,0.00%,$0.00,$28.08,,,,
South County Middle,5/22/2025,60100,Black Beans - salad bar entree(1/2 cup),3,0,3,4,4,0,4,$0.68,0,0.00%,$0.00,$0.68,0,0.00%,$0.00,$0.68,,,,
South County Middle,5/22/2025,60150,Strawberry Parfait Power Pack(Power Pack),0,0,0,1,1,0,1,$1.63,0,0.00%,$0.00,$1.63,0,0.00%,$0.00,$1.63,,,,
South Lakes High,5/22/2025,10015,Baked Cheese Sticks(2 Cheese Sticks),384,0,384,483,459,5,464,$306.24,4,0.83%,$2.64,$308.88,15,3.11%,$9.90,$318.78,,,,
South Lakes High,5/22/2025,10026,Chickenless Bites(4 Bites),106,0,106,53,48,0,48,$35.04,5,9.43%,$3.65,$38.69,0,0.00%,$0.00,$38.69,,,,
South Lakes High,5/22/2025,10027,"Bread, Loco(flatbread)",106,0,106,53,43,0,43,$12.90,0,0.00%,$0.00,$12.90,10,18.87%,$3.00,$15.90,,,,
South Lakes High,5/22/2025,10033,Chocolate Chip Cookie(Cookie),384,0,384,318,306,0,306,$82.62,0,0.00%,$0.00,$82.62,12,3.77%,$3.24,$85.86,,,,
South Lakes High,5/22/2025,10044,Soft Pretzel(1 pretzel),33,0,33,35,14,0,14,$3.08,0,0.00%,$0.00,$3.08,21,60.00%,$4.62,$7.70,,,,
South Lakes High,5/22/2025,10062,Corn(1/4 cup (thawed)),200,0,200,256,223,0,223,$24.53,0,0.00%,$0.00,$24.53,33,12.89%,$3.63,$28.16,,,,
South Lakes High,5/22/2025,20001,1% White Milk(Each),50,0,50,142,62,0,62,$22.32,0,0.00%,$0.00,$22.32,80,56.34%,$28.80,$51.12,,,,
South Lakes High,5/22/2025,20002,Fat Free Chocolate Milk(Each),400,0,400,376,280,0,280,$98.00,0,0.00%,$0.00,$98.00,96,25.53%,$33.60,$131.60,,,,
South Lakes High,5/22/2025,20015,Golden Delicious Apple(Each),0,0,0,150,140,0,140,$43.40,0,0.00%,$0.00,$43.40,10,6.67%,$3.10,$46.50,,,,
South Lakes High,5/22/2025,20016,String Cheese(Each),15,0,15,15,6,0,6,$1.32,0,0.00%,$0.00,$1.32,9,60.00%,$1.98,$3.30,,,,
South Lakes High,5/22/2025,20027,Broccoli Florets(1/4 cup),146,0,146,146,146,0,146,$11.68,0,0.00%,$0.00,$11.68,0,0.00%,$0.00,$11.68,,,,
South Lakes High,5/22/2025,20028,Lettuce Blend Salad Mix(1/2 cup),200,0,200,200,173,0,173,$13.84,27,13.50%,$2.16,$16.00,0,0.00%,$0.00,$16.00,,,,
South Lakes High,5/22/2025,20031,Banana(Each),116,0,116,105,105,0,105,$22.05,0,0.00%,$0.00,$22.05,0,0.00%,$0.00,$22.05,,,,
South Lakes High,5/22/2025,20038,Fat Free White Milk(Each),25,0,25,33,11,0,11,$3.63,0,0.00%,$0.00,$3.63,22,66.67%,$7.26,$10.89,,,,
South Lakes High,5/22/2025,20052,Assorted  4 oz Yogurt(Container),3,0,3,3,0,0,0,$0.00,0,0.00%,$0.00,$0.00,3,100.00%,$0.00,$0.00,,,,
South Lakes High,5/22/2025,30008,Apple Juice(Each),20,0,20,20,15,0,15,$2.55,0,0.00%,$0.00,$2.55,5,25.00%,$0.85,$3.40,,,,
South Lakes High,5/22/2025,30009,Orange Tangerine Juice(Each),20,0,20,20,6,0,6,$1.02,0,0.00%,$0.00,$1.02,14,70.00%,$2.38,$3.40,,,,
South Lakes High,5/22/2025,30018,Marinara Sauce(1/4 Cup),384,0,384,483,430,5,435,$65.25,0,0.00%,$0.00,$65.25,48,9.94%,$7.20,$72.45,,,,
South Lakes High,5/22/2025,30024,Black Beans(1/4 Cup),66,0,66,66,56,0,56,$5.04,0,0.00%,$0.00,$5.04,10,15.15%,$0.90,$5.94,,,,
South Lakes High,5/22/2025,30033,Cheez-Its Crackers(Package),15,0,15,15,7,0,7,$1.26,0,0.00%,$0.00,$1.26,8,53.33%,$1.44,$2.70,,,,
South Lakes High,5/22/2025,30043,Raspberry Lemonade Flavored Dried Cranberries(Each),226,0,226,250,230,0,230,$55.20,0,0.00%,$0.00,$55.20,20,8.00%,$4.80,$60.00,,,,
South Lakes High,5/22/2025,30063,Ketchup Packet(Packet),900,0,900,900,743,0,743,$22.29,0,0.00%,$0.00,$22.29,157,17.44%,$4.71,$27.00,,,,
South Lakes High,5/22/2025,30064,Mayonnaise Packet(Packet),200,0,200,200,155,0,155,$15.50,0,0.00%,$0.00,$15.50,45,22.50%,$4.50,$20.00,,,,
South Lakes High,5/22/2025,30065,Mustard Packet(Packet),75,0,75,50,33,0,33,$1.65,0,0.00%,$0.00,$1.65,17,34.00%,$0.85,$2.50,,,,
South Lakes High,5/22/2025,30068,Chilled Peaches(1/2 cup (drained)),0,0,0,288,264,0,264,$134.64,0,0.00%,$0.00,$134.64,24,8.33%,$12.24,$146.88,,,,
South Lakes High,5/22/2025,30077,Italian Dressing(1 ounce),72,0,72,72,60,0,60,$4.80,0,0.00%,$0.00,$4.80,12,16.67%,$0.96,$5.76,,,,
South Lakes High,5/22/2025,30097,Bottled Water(Bottle),100,0,100,100,100,0,100,$16.00,0,0.00%,$0.00,$16.00,0,0.00%,$0.00,$16.00,,,,
South Lakes High,5/22/2025,30107,Ranch Dressing(1 ounce),216,0,216,216,192,0,192,$21.12,0,0.00%,$0.00,$21.12,24,11.11%,$2.64,$23.76,,,,
South Lakes High,5/22/2025,30109,Smartfood RF White Cheddar Popcorn(Each),20,0,20,0,0,0,0,$0.00,0,0.00%,$0.00,$0.00,0,0.00%,$0.00,$0.00,,,,
South Lakes High,5/22/2025,30110,Doritos Flamas(Each),50,0,50,39,22,0,22,$8.14,0,0.00%,$0.00,$8.14,17,43.59%,$6.29,$14.43,,,,
South Lakes High,5/22/2025,30111,Doritos RF Spicy Sweet Chili(Each),30,0,30,30,13,0,13,$4.81,0,0.00%,$0.00,$4.81,17,56.67%,$6.29,$11.10,,,,
South Lakes High,5/22/2025,30112,Doritos RF Nacho Cheese(Each),30,0,30,12,12,0,12,$4.44,0,0.00%,$0.00,$4.44,0,0.00%,$0.00,$4.44,,,,
South Lakes High,5/22/2025,30113,Cool Ranch Reduced Fat Doritos(Each),30,0,30,25,7,0,7,$2.59,0,0.00%,$0.00,$2.59,18,72.00%,$6.66,$9.25,,,,
South Lakes High,5/22/2025,30114,SS Baked Cheetos Flaming Hot(Each),50,0,50,11,11,0,11,$5.83,0,0.00%,$0.00,$5.83,0,0.00%,$0.00,$5.83,,,,
South Lakes High,5/22/2025,30115,SS Baked Cheetos Flaming Limon(Each),30,0,30,20,11,0,11,$4.29,0,0.00%,$0.00,$4.29,9,45.00%,$3.51,$7.80,,,,
South Lakes High,5/22/2025,30116,SS Cheetos Fantastix Flaming Hot(Each),20,0,20,17,6,0,6,$2.34,0,0.00%,$0.00,$2.34,11,64.71%,$4.29,$6.63,,,,
South Lakes High,5/22/2025,30117,WG Baked Funyuns(Each),15,0,15,15,5,0,5,$1.80,0,0.00%,$0.00,$1.80,10,66.67%,$3.60,$5.40,,,,
South Lakes High,5/22/2025,30118,Kettle Cooked Smoky BBQ Chips(Each),30,0,30,20,5,0,5,$3.00,0,0.00%,$0.00,$3.00,15,75.00%,$9.00,$12.00,,,,
South Lakes High,5/22/2025,30119,RF Kettle Chips Jalapeno & Cheddar Chips(Each),35,0,35,30,21,0,21,$12.60,0,0.00%,$0.00,$12.60,9,30.00%,$5.40,$18.00,,,,
South Lakes High,5/22/2025,30120,RF Kettle Chips Sea Salt & Vinegar Chips(Each),70,0,70,72,50,0,50,$30.00,6,8.33%,$3.60,$33.60,16,22.22%,$9.60,$43.20,,,,
South Lakes High,5/22/2025,30124,"Fruit Snacks, Welch's Mixed(Each)",80,0,80,70,67,0,67,$26.80,0,0.00%,$0.00,$26.80,3,4.29%,$1.20,$28.00,,,,
South Lakes High,5/22/2025,30160,Lay's RF Kettle Original Chips(Each),30,0,30,20,17,0,17,$10.20,0,0.00%,$0.00,$10.20,3,15.00%,$1.80,$12.00,,,,
South Lakes High,5/22/2025,60035,PB&J Power Pack(Power Packs),200,0,200,266,213,4,217,$234.36,0,0.00%,$0.00,$234.36,49,18.42%,$52.92,$287.28,,,,
South Lakes High,5/22/2025,60036,Cherry Vanilla Yogurt Power Pack(Power Packs),11,0,11,6,2,0,2,$1.60,0,0.00%,$0.00,$1.60,4,66.67%,$3.20,$4.80,,,,
South Lakes High,5/22/2025,60037,Strawberry & Banana Yogurt Power Pack(Power Packs),11,0,11,11,3,0,3,$2.40,0,0.00%,$0.00,$2.40,8,72.73%,$6.40,$8.80,,,,
South Lakes High,5/22/2025,60038,Peach Yogurt Power Pack(Power Packs),11,0,11,8,1,0,1,$0.80,0,0.00%,$0.00,$0.80,7,87.50%,$5.60,$6.40,,,,
South Lakes High,5/22/2025,60075,Spicy Chicken Wrap(Wrap),50,0,50,29,22,0,22,$25.74,0,0.00%,$0.00,$25.74,7,24.14%,$8.19,$33.93,,,,
South Lakes High,5/22/2025,60077,Manager's Vegetable Choice(1/4 cup),184,0,184,184,184,0,184,$0.00,0,0.00%,$0.00,$0.00,0,0.00%,$0.00,$0.00,,,,
South Lakes High,5/22/2025,60120,Asian Veggie Sub(sandwich),50,0,50,26,18,2,20,$37.80,6,23.08%,$11.34,$49.14,0,0.00%,$0.00,$49.14,,,,
South Lakes High,5/22/2025,60122,Asian Meatball Sub(sandwich),50,0,50,75,53,2,55,$97.90,20,26.67%,$35.60,$133.50,0,0.00%,$0.00,$133.50,,,,
South Lakes High,5/22/2025,60150,Strawberry Parfait Power Pack(Power Pack),10,0,10,10,8,0,8,$13.04,0,0.00%,$0.00,$13.04,2,20.00%,$3.26,$16.30,,,,
Spring Hill Elementary,5/22/2025,10044,Soft Pretzel(1 pretzel),100,0,100,75,66,0,66,$14.52,0,0.00%,$0.00,$14.52,9,12.00%,$1.98,$16.50,,,,
Spring Hill Elementary,5/22/2025,20001,1% White Milk(Each),118,0,118,70,42,0,42,$15.12,0,0.00%,$0.00,$15.12,28,40.00%,$10.08,$25.20,,,,
Spring Hill Elementary,5/22/2025,20002,Fat Free Chocolate Milk(Each),330,0,330,300,280,0,280,$98.00,0,0.00%,$0.00,$98.00,20,6.67%,$7.00,$105.00,,,,
Spring Hill Elementary,5/22/2025,20011,Cherry Tomatoes(1/4 cup),0,0,0,144,108,0,108,$39.96,0,0.00%,$0.00,$39.96,36,25.00%,$13.32,$53.28,,,,
Spring Hill Elementary,5/22/2025,20014,Red Delicious Apple(Each - serving),0,0,0,232,229,0,229,$75.57,0,0.00%,$0.00,$75.57,3,1.29%,$0.99,$76.56,,,,
Spring Hill Elementary,5/22/2025,20016,String Cheese(Each),20,0,20,0,0,0,0,$0.00,0,0.00%,$0.00,$0.00,0,0.00%,$0.00,$0.00,,,,
Spring Hill Elementary,5/22/2025,20017,Orange(1/4 cup),0,0,0,204,202,0,202,$34.34,0,0.00%,$0.00,$34.34,2,0.98%,$0.34,$34.68,,,,
Spring Hill Elementary,5/22/2025,20018,Red Seedless Grapes(16 grapes per 1/2 cup),0,0,0,92,90,0,90,$45.90,0,0.00%,$0.00,$45.90,2,2.17%,$1.02,$46.92,,,,
Spring Hill Elementary,5/22/2025,20023,Baby Carrots(3 baby carrots per 1/4 cup),0,0,0,120,112,0,112,$10.08,0,0.00%,$0.00,$10.08,8,6.67%,$0.72,$10.80,,,,
Spring Hill Elementary,5/22/2025,20028,Lettuce Blend Salad Mix(1 cup),0,0,0,0,0,0,0,$0.00,0,0.00%,$0.00,$0.00,0,0.00%,$0.00,$0.00,,,,
Spring Hill Elementary,5/22/2025,20028,Lettuce Blend Salad Mix(1/2 cup),172,0,172,200,190,0,190,$15.20,0,0.00%,$0.00,$15.20,10,5.00%,$0.80,$16.00,,,,
Spring Hill Elementary,5/22/2025,20031,Banana(Each),108,0,108,140,115,0,115,$24.15,0,0.00%,$0.00,$24.15,25,17.86%,$5.25,$29.40,,,,
Spring Hill Elementary,5/22/2025,20038,Fat Free White Milk(Each),80,0,80,60,39,0,39,$12.87,0,0.00%,$0.00,$12.87,21,35.00%,$6.93,$19.80,,,,
Spring Hill Elementary,5/22/2025,30008,Apple Juice(Each),30,0,30,70,66,0,66,$11.22,0,0.00%,$0.00,$11.22,4,5.71%,$0.68,$11.90,,,,
Spring Hill Elementary,5/22/2025,30009,Orange Tangerine Juice(Each),30,0,30,70,64,0,64,$10.88,0,0.00%,$0.00,$10.88,6,8.57%,$1.02,$11.90,,,,
Spring Hill Elementary,5/22/2025,30033,Cheez-Its Crackers(Package),200,0,200,0,0,0,0,$0.00,0,0.00%,$0.00,$0.00,0,0.00%,$0.00,$0.00,,,,
Spring Hill Elementary,5/22/2025,30044,Strawberry Flavored Dried Cranberries(2 Eaches),0,0,0,120,120,0,120,$57.60,0,0.00%,$0.00,$57.60,0,0.00%,$0.00,$57.60,,,,
Spring Hill Elementary,5/22/2025,30077,Italian Dressing(1 ounce),80,0,80,24,19,0,19,$1.52,0,0.00%,$0.00,$1.52,5,20.83%,$0.40,$1.92,,,,
Spring Hill Elementary,5/22/2025,30097,Bottled Water(Bottle),30,0,30,40,36,0,36,$5.76,0,0.00%,$0.00,$5.76,4,10.00%,$0.64,$6.40,,,,
Spring Hill Elementary,5/22/2025,30099,Chickpeas(1/4 cup),48,0,48,64,58,0,58,$5.22,0,0.00%,$0.00,$5.22,6,9.38%,$0.54,$5.76,,,,
Spring Hill Elementary,5/22/2025,30107,Ranch Dressing(1 ounce),130,0,130,72,62,0,62,$6.82,0,0.00%,$0.00,$6.82,10,13.89%,$1.10,$7.92,,,,
Spring Hill Elementary,5/22/2025,30158,Black Beans(1/2 Cup),10,0,10,10,5,0,5,$0.85,0,0.00%,$0.00,$0.85,5,50.00%,$0.85,$1.70,,,,
Spring Hill Elementary,5/22/2025,60035,PB&J Power Pack(Power Packs),150,0,150,144,140,0,140,$151.20,0,0.00%,$0.00,$151.20,4,2.78%,$4.32,$155.52,,,,
Spring Hill Elementary,5/22/2025,60036,Cherry Vanilla Yogurt Power Pack(Power Packs),20,0,20,50,43,0,43,$34.40,0,0.00%,$0.00,$34.40,7,14.00%,$5.60,$40.00,,,,
Spring Hill Elementary,5/22/2025,60037,Strawberry & Banana Yogurt Power Pack(Power Packs),20,0,20,50,41,0,41,$32.80,0,0.00%,$0.00,$32.80,9,18.00%,$7.20,$40.00,,,,
Spring Hill Elementary,5/22/2025,60054,Steamed Broccoli(1/2 cup),58,0,58,63,61,0,61,$9.15,0,0.00%,$0.00,$9.15,2,3.17%,$0.30,$9.45,,,,
Spring Hill Elementary,5/22/2025,60099,"Parfait, Triple Berry(Parfait)",10,0,10,5,3,0,3,$2.04,0,0.00%,$0.00,$2.04,2,40.00%,$1.36,$3.40,,,,
Spring Hill Elementary,5/22/2025,60120,Asian Veggie Sub(sandwich),200,0,200,165,161,0,161,$304.29,0,0.00%,$0.00,$304.29,4,2.42%,$7.56,$311.85,,,,
Spring Hill Elementary,5/22/2025,60122,Asian Meatball Sub(sandwich),180,0,180,130,125,0,125,$222.50,0,0.00%,$0.00,$222.50,5,3.85%,$8.90,$231.40,,,,
Springfield Estates Elementary,5/22/2025,10033,Chocolate Chip Cookie(1/2 Cookie),50,0,50,1,0,1,1,$0.00,0,0.00%,$0.00,$0.00,0,0.00%,$0.00,$0.00,,,,
Springfield Estates Elementary,5/22/2025,10041,Mini Maple Pancakes(Package),0,0,0,2,0,2,2,$0.00,0,0.00%,$0.00,$0.00,0,0.00%,$0.00,$0.00,,,,
Springfield Estates Elementary,5/22/2025,10044,Soft Pretzel(1 pretzel),46,0,46,48,35,3,38,$8.36,0,0.00%,$0.00,$8.36,10,20.83%,$2.20,$10.56,,,,
Springfield Estates Elementary,5/22/2025,20001,1% White Milk(Each),42,0,42,60,47,0,47,$16.92,0,0.00%,$0.00,$16.92,13,21.67%,$4.68,$21.60,,,,
Springfield Estates Elementary,5/22/2025,20002,Fat Free Chocolate Milk(Each),146,0,146,158,148,4,152,$53.20,0,0.00%,$0.00,$53.20,6,3.80%,$2.10,$55.30,,,,
Springfield Estates Elementary,5/22/2025,20008,Apple Slices(3 slices per 1/4 cup),0,0,0,1,1,0,1,$0.59,0,0.00%,$0.00,$0.59,0,0.00%,$0.00,$0.59,,,,
Springfield Estates Elementary,5/22/2025,20014,Red Delicious Apple(Each - serving),0,0,0,4,4,0,4,$1.32,0,0.00%,$0.00,$1.32,0,0.00%,$0.00,$1.32,,,,
Springfield Estates Elementary,5/22/2025,20015,Golden Delicious Apple(Each),0,0,0,125,110,0,110,$34.10,0,0.00%,$0.00,$34.10,15,12.00%,$4.65,$38.75,,,,
Springfield Estates Elementary,5/22/2025,20016,String Cheese(Each),2,0,2,2,0,2,2,$0.00,0,0.00%,$0.00,$0.00,0,0.00%,$0.00,$0.00,,,,
Springfield Estates Elementary,5/22/2025,20023,Baby Carrots(3 baby carrots per 1/4 cup),0,0,0,60,50,0,50,$4.50,0,0.00%,$0.00,$4.50,10,16.67%,$0.90,$5.40,,,,
Springfield Estates Elementary,5/22/2025,20028,Lettuce Blend Salad Mix(1 cup),26,0,26,27,26,1,27,$4.32,0,0.00%,$0.00,$4.32,0,0.00%,$0.00,$4.32,,,,
Springfield Estates Elementary,5/22/2025,20028,Lettuce Blend Salad Mix(1/2 cup),60,0,60,80,60,0,60,$4.80,0,0.00%,$0.00,$4.80,20,25.00%,$1.60,$6.40,,,,
Springfield Estates Elementary,5/22/2025,20031,Banana(Each),48,0,48,72,71,1,72,$15.12,0,0.00%,$0.00,$15.12,0,0.00%,$0.00,$15.12,,,,
Springfield Estates Elementary,5/22/2025,20038,Fat Free White Milk(Each),5,0,5,46,2,0,2,$0.66,0,0.00%,$0.00,$0.66,44,95.65%,$14.52,$15.18,,,,
Springfield Estates Elementary,5/22/2025,20052,Assorted  4 oz Yogurt(Container),1,0,1,1,0,1,1,$0.00,0,0.00%,$0.00,$0.00,0,0.00%,$0.00,$0.00,,,,
Springfield Estates Elementary,5/22/2025,30007,"Cinnamon Toast Crunch Cereal, 25% Less Sugar(Each)",0,0,0,2,0,2,2,$0.00,0,0.00%,$0.00,$0.00,0,0.00%,$0.00,$0.00,,,,
Springfield Estates Elementary,5/22/2025,30008,Apple Juice(Each),15,0,15,8,0,8,8,$0.00,0,0.00%,$0.00,$0.00,0,0.00%,$0.00,$0.00,,,,
Springfield Estates Elementary,5/22/2025,30033,Cheez-Its Crackers(Package),0,0,0,2,0,2,2,$0.00,0,0.00%,$0.00,$0.00,0,0.00%,$0.00,$0.00,,,,
Springfield Estates Elementary,5/22/2025,30034,Graham Crackers(Package),20,0,20,21,21,0,21,$2.94,0,0.00%,$0.00,$2.94,0,0.00%,$0.00,$2.94,,,,
Springfield Estates Elementary,5/22/2025,30037,IW Applesauce Cup(Each),21,0,21,22,22,0,22,$5.94,0,0.00%,$0.00,$5.94,0,0.00%,$0.00,$5.94,,,,
Springfield Estates Elementary,5/22/2025,30041,Orange Flavored Dried Cranberries(Each),11,0,11,30,30,0,30,$7.20,0,0.00%,$0.00,$7.20,0,0.00%,$0.00,$7.20,,,,
Springfield Estates Elementary,5/22/2025,30061,Chilled Mandarin Oranges(1/2 cup (drained)),0,0,0,66,56,0,56,$19.04,0,0.00%,$0.00,$19.04,10,15.15%,$3.40,$22.44,,,,
Springfield Estates Elementary,5/22/2025,30077,Italian Dressing(1 ounce),3,0,3,13,3,0,3,$0.24,0,0.00%,$0.00,$0.24,10,76.92%,$0.80,$1.04,,,,
Springfield Estates Elementary,5/22/2025,30094,Doritos Wild White Nacho Flavored Tortilla Chips(Bag),50,0,50,71,0,71,71,$0.00,0,0.00%,$0.00,$0.00,0,0.00%,$0.00,$0.00,,,,
Springfield Estates Elementary,5/22/2025,30097,Bottled Water(Bottle),9,0,9,13,1,12,13,$2.08,0,0.00%,$0.00,$2.08,0,0.00%,$0.00,$2.08,,,,
Springfield Estates Elementary,5/22/2025,30099,Chickpeas(1/4 cup),7,0,7,5,5,0,5,$0.45,0,0.00%,$0.00,$0.45,0,0.00%,$0.00,$0.45,,,,
Springfield Estates Elementary,5/22/2025,30107,Ranch Dressing(1 ounce),69,0,69,74,68,1,69,$7.59,0,0.00%,$0.00,$7.59,5,6.76%,$0.55,$8.14,,,,
Springfield Estates Elementary,5/22/2025,60006,Vegan Burger(Sandwich),0,0,0,20,20,0,20,$11.00,0,0.00%,$0.00,$11.00,0,0.00%,$0.00,$11.00,,,,
Springfield Estates Elementary,5/22/2025,60035,PB&J Power Pack(Power Packs),0,0,0,60,57,0,57,$61.56,0,0.00%,$0.00,$61.56,3,5.00%,$3.24,$64.80,,,,
Springfield Estates Elementary,5/22/2025,60036,Cherry Vanilla Yogurt Power Pack(Power Packs),20,0,20,40,35,0,35,$28.00,0,0.00%,$0.00,$28.00,5,12.50%,$4.00,$32.00,,,,
Springfield Estates Elementary,5/22/2025,60037,Strawberry & Banana Yogurt Power Pack(Power Packs),0,0,0,0,0,0,0,$0.00,0,0.00%,$0.00,$0.00,0,0.00%,$0.00,$0.00,,,,
Springfield Estates Elementary,5/22/2025,60054,Steamed Broccoli(1/2 cup),25,0,25,50,50,0,50,$7.50,0,0.00%,$0.00,$7.50,0,0.00%,$0.00,$7.50,,,,
Springfield Estates Elementary,5/22/2025,60078,Nachos with Turkey Barbacoa and Cheese Sauce(Serving),0,0,0,10,10,0,10,$13.30,0,0.00%,$0.00,$13.30,0,0.00%,$0.00,$13.30,,,,
Springfield Estates Elementary,5/22/2025,60120,Asian Veggie Sub(sandwich),151,0,151,177,168,9,177,$334.53,0,0.00%,$0.00,$334.53,0,0.00%,$0.00,$334.53,,,,
Springfield Estates Elementary,5/22/2025,60122,Asian Meatball Sub(sandwich),39,0,39,27,26,1,27,$48.06,0,0.00%,$0.00,$48.06,0,0.00%,$0.00,$48.06,,,,
Springfield Estates Elementary,5/22/2025,60125,Egg and American Cheese on Biscuit(Sandwich),0,0,0,3,0,3,3,$0.00,0,0.00%,$0.00,$0.00,0,0.00%,$0.00,$0.00,,,,
Stenwood Elementary,5/22/2025,10033,Chocolate Chip Cookie(1/2 Cookie),200,0,200,216,215,0,215,$30.10,1,0.46%,$0.14,$30.24,0,0.00%,$0.00,$30.24,,,,
Stenwood Elementary,5/22/2025,10044,Soft Pretzel(1 pretzel),1,0,1,51,22,0,22,$4.84,0,0.00%,$0.00,$4.84,29,56.86%,$6.38,$11.22,,,,
Stenwood Elementary,5/22/2025,10062,Corn(1/2 cup (cooked)),0,0,0,2,2,0,2,$0.42,0,0.00%,$0.00,$0.42,0,0.00%,$0.00,$0.42,,,,
Stenwood Elementary,5/22/2025,10062,Corn(1/4 cup (thawed)),128,0,128,128,106,0,106,$11.66,6,4.69%,$0.66,$12.32,16,12.50%,$1.76,$14.08,,,,
Stenwood Elementary,5/22/2025,20001,1% White Milk(Each),30,0,30,23,21,0,21,$7.56,0,0.00%,$0.00,$7.56,2,8.70%,$0.72,$8.28,,,,
Stenwood Elementary,5/22/2025,20002,Fat Free Chocolate Milk(Each),125,0,125,245,122,0,122,$42.70,0,0.00%,$0.00,$42.70,123,50.20%,$43.05,$85.75,,,,
Stenwood Elementary,5/22/2025,20008,Apple Slices(3 slices per 1/4 cup),0,0,0,290,275,0,275,$162.25,3,1.03%,$1.77,$164.02,12,4.14%,$7.08,$171.10,,,,
Stenwood Elementary,5/22/2025,20018,Red Seedless Grapes(16 grapes per 1/2 cup),0,0,0,186,183,0,183,$93.33,3,1.61%,$1.53,$94.86,0,0.00%,$0.00,$94.86,,,,
Stenwood Elementary,5/22/2025,20028,Lettuce Blend Salad Mix(1/2 cup),40,0,40,40,22,0,22,$1.76,3,7.50%,$0.24,$2.00,15,37.50%,$1.20,$3.20,,,,
Stenwood Elementary,5/22/2025,20038,Fat Free White Milk(Each),20,0,20,42,8,0,8,$2.64,0,0.00%,$0.00,$2.64,34,80.95%,$11.22,$13.86,,,,
Stenwood Elementary,5/22/2025,20052,Assorted  4 oz Yogurt(Container),25,0,25,25,15,0,15,$0.00,0,0.00%,$0.00,$0.00,10,40.00%,$0.00,$0.00,,,,
Stenwood Elementary,5/22/2025,30031,Strawberry Chex Mix(Package),0,0,0,30,9,0,9,$4.05,0,0.00%,$0.00,$4.05,21,70.00%,$9.45,$13.50,,,,
Stenwood Elementary,5/22/2025,30033,Cheez-Its Crackers(Package),0,0,0,30,21,0,21,$3.78,0,0.00%,$0.00,$3.78,9,30.00%,$1.62,$5.40,,,,
Stenwood Elementary,5/22/2025,30041,Orange Flavored Dried Cranberries(Each),20,0,20,30,15,0,15,$3.60,0,0.00%,$0.00,$3.60,15,50.00%,$3.60,$7.20,,,,
Stenwood Elementary,5/22/2025,30044,Strawberry Flavored Dried Cranberries(Each),20,0,20,30,21,0,21,$5.04,0,0.00%,$0.00,$5.04,9,30.00%,$2.16,$7.20,,,,
Stenwood Elementary,5/22/2025,30077,Italian Dressing(1 ounce),24,0,24,24,12,0,12,$0.96,0,0.00%,$0.00,$0.96,12,50.00%,$0.96,$1.92,,,,
Stenwood Elementary,5/22/2025,30094,Doritos Wild White Nacho Flavored Tortilla Chips(Bag),100,0,100,100,70,0,70,$24.50,0,0.00%,$0.00,$24.50,30,30.00%,$10.50,$35.00,,,,
Stenwood Elementary,5/22/2025,30097,Bottled Water(Bottle),25,0,25,25,23,0,23,$3.68,0,0.00%,$0.00,$3.68,2,8.00%,$0.32,$4.00,,,,
Stenwood Elementary,5/22/2025,30099,Chickpeas(1/4 cup),32,0,32,32,19,0,19,$1.71,2,6.25%,$0.18,$1.89,11,34.38%,$0.99,$2.88,,,,
Stenwood Elementary,5/22/2025,30107,Ranch Dressing(1 ounce),24,0,24,24,20,0,20,$2.20,0,0.00%,$0.00,$2.20,4,16.67%,$0.44,$2.64,,,,
Stenwood Elementary,5/22/2025,30158,Black Beans(1/2 Cup),1,0,1,1,1,0,1,$0.17,0,0.00%,$0.00,$0.17,0,0.00%,$0.00,$0.17,,,,
Stenwood Elementary,5/22/2025,60035,PB&J Power Pack(Power Packs),72,0,72,72,62,0,62,$66.96,0,0.00%,$0.00,$66.96,10,13.89%,$10.80,$77.76,,,,
Stenwood Elementary,5/22/2025,60036,Cherry Vanilla Yogurt Power Pack(Power Packs),20,0,20,15,10,0,10,$8.00,0,0.00%,$0.00,$8.00,5,33.33%,$4.00,$12.00,,,,
Stenwood Elementary,5/22/2025,60037,Strawberry & Banana Yogurt Power Pack(Power Packs),25,0,25,17,10,0,10,$8.00,0,0.00%,$0.00,$8.00,7,41.18%,$5.60,$13.60,,,,
Stenwood Elementary,5/22/2025,60038,Peach Yogurt Power Pack(Power Packs),20,0,20,15,6,0,6,$4.80,0,0.00%,$0.00,$4.80,9,60.00%,$7.20,$12.00,,,,
Stenwood Elementary,5/22/2025,60077,Manager's Vegetable Choice(1/4 cup),46,0,46,48,23,0,23,$0.00,5,10.42%,$0.00,$0.00,20,41.67%,$0.00,$0.00,,,,
Stenwood Elementary,5/22/2025,60120,Asian Veggie Sub(sandwich),90,0,90,113,108,0,108,$204.12,5,4.42%,$9.45,$213.57,0,0.00%,$0.00,$213.57,,,,
Stenwood Elementary,5/22/2025,60122,Asian Meatball Sub(sandwich),30,0,30,57,25,0,25,$44.50,6,10.53%,$10.68,$55.18,26,45.61%,$46.28,$101.46,,,,
Stenwood Elementary,5/22/2025,60150,Strawberry Parfait Power Pack(Power Pack),20,0,20,4,4,0,4,$6.52,0,0.00%,$0.00,$6.52,0,0.00%,$0.00,$6.52,,,,
Stone Middle,5/22/2025,10015,Baked Cheese Sticks(2 Cheese Sticks),203,0,203,96,90,4,94,$62.04,2,2.08%,$1.32,$63.36,0,0.00%,$0.00,$63.36,,,,
Stone Middle,5/22/2025,10026,Chickenless Bites(4 Bites),0,0,0,97,65,0,65,$47.45,1,1.03%,$0.73,$48.18,31,31.96%,$22.63,$70.81,,,,
Stone Middle,5/22/2025,10044,Soft Pretzel(1 pretzel),1,0,1,6,5,0,5,$1.10,0,0.00%,$0.00,$1.10,1,16.67%,$0.22,$1.32,,,,
Stone Middle,5/22/2025,10062,Corn(1/2 cup (thawed)),27,0,27,50,45,0,45,$9.45,0,0.00%,$0.00,$9.45,5,10.00%,$1.05,$10.50,,,,
Stone Middle,5/22/2025,20001,1% White Milk(Each),23,0,23,30,25,0,25,$9.00,0,0.00%,$0.00,$9.00,5,16.67%,$1.80,$10.80,,,,
Stone Middle,5/22/2025,20002,Fat Free Chocolate Milk(Each),121,0,121,217,172,0,172,$60.20,0,0.00%,$0.00,$60.20,45,20.74%,$15.75,$75.95,,,,
Stone Middle,5/22/2025,20008,Apple Slices(6 Slices per 1/2 cup),0,0,0,336,326,0,326,$384.68,0,0.00%,$0.00,$384.68,10,2.98%,$11.80,$396.48,,,,
Stone Middle,5/22/2025,20017,Orange(Each - serving),0,0,0,34,33,0,33,$11.22,0,0.00%,$0.00,$11.22,1,2.94%,$0.34,$11.56,,,,
Stone Middle,5/22/2025,20027,Broccoli Florets(6 Pieces per 1/2 cup),27,0,27,35,22,0,22,$3.30,0,0.00%,$0.00,$3.30,13,37.14%,$1.95,$5.25,,,,
Stone Middle,5/22/2025,20028,Lettuce Blend Salad Mix(1/2 cup),119,0,119,160,150,0,150,$12.00,0,0.00%,$0.00,$12.00,10,6.25%,$0.80,$12.80,,,,
Stone Middle,5/22/2025,20031,Banana(Each),91,0,91,102,89,0,89,$18.69,0,0.00%,$0.00,$18.69,13,12.75%,$2.73,$21.42,,,,
Stone Middle,5/22/2025,20036,Celery Sticks(1/2 cup),0,0,0,60,50,0,50,$27.50,0,0.00%,$0.00,$27.50,10,16.67%,$5.50,$33.00,,,,
Stone Middle,5/22/2025,20038,Fat Free White Milk(Each),56,0,56,30,5,0,5,$1.65,0,0.00%,$0.00,$1.65,25,83.33%,$8.25,$9.90,,,,
Stone Middle,5/22/2025,20080,"Carrots, Shredded(Cup)",0,0,0,60,30,0,30,$9.90,0,0.00%,$0.00,$9.90,30,50.00%,$9.90,$19.80,,,,
Stone Middle,5/22/2025,30018,Marinara Sauce(1/4 Cup),108,0,108,98,98,0,98,$14.70,0,0.00%,$0.00,$14.70,0,0.00%,$0.00,$14.70,,,,
Stone Middle,5/22/2025,30044,Strawberry Flavored Dried Cranberries(2 Eaches),0,0,0,50,25,0,25,$12.00,0,0.00%,$0.00,$12.00,25,50.00%,$12.00,$24.00,,,,
Stone Middle,5/22/2025,30063,Ketchup Packet(Packet),71,0,71,200,100,0,100,$3.00,0,0.00%,$0.00,$3.00,100,50.00%,$3.00,$6.00,,,,
Stone Middle,5/22/2025,30064,Mayonnaise Packet(Packet),13,0,13,50,30,0,30,$3.00,0,0.00%,$0.00,$3.00,20,40.00%,$2.00,$5.00,,,,
Stone Middle,5/22/2025,30077,Italian Dressing(1 ounce),4,0,4,4,2,0,2,$0.16,0,0.00%,$0.00,$0.16,2,50.00%,$0.16,$0.32,,,,
Stone Middle,5/22/2025,30097,Bottled Water(Bottle),30,0,30,30,26,0,26,$4.16,0,0.00%,$0.00,$4.16,4,13.33%,$0.64,$4.80,,,,
Stone Middle,5/22/2025,30107,Ranch Dressing(1 ounce),105,0,105,120,90,0,90,$9.90,0,0.00%,$0.00,$9.90,30,25.00%,$3.30,$13.20,,,,
Stone Middle,5/22/2025,60021,Cooked  Brown Rice(1 cup cooked),0,0,0,184,152,0,152,$16.72,1,0.54%,$0.11,$16.83,31,16.85%,$3.41,$20.24,,,,
Stone Middle,5/22/2025,60035,PB&J Power Pack(Power Packs),75,0,75,65,58,5,63,$68.04,0,0.00%,$0.00,$68.04,2,3.08%,$2.16,$70.20,,,,
Stone Middle,5/22/2025,60038,Peach Yogurt Power Pack(Power Packs),12,0,12,13,11,0,11,$8.80,0,0.00%,$0.00,$8.80,2,15.38%,$1.60,$10.40,,,,
Stone Middle,5/22/2025,60042,Beef Meatball Sub Sandwich(Sandwich),0,0,0,27,25,2,27,$34.56,0,0.00%,$0.00,$34.56,0,0.00%,$0.00,$34.56,,,,
Stone Middle,5/22/2025,60047,Chicken Tenders(3 tenders),0,0,0,87,80,6,86,$80.84,1,1.15%,$0.94,$81.78,0,0.00%,$0.00,$81.78,,,,
Stone Middle,5/22/2025,60054,Steamed Broccoli(1/2 cup),0,0,0,30,30,0,30,$4.50,0,0.00%,$0.00,$4.50,0,0.00%,$0.00,$4.50,,,,
Stone Middle,5/22/2025,60075,Spicy Chicken Wrap(Wrap),4,0,4,23,12,3,15,$17.55,0,0.00%,$0.00,$17.55,8,34.78%,$9.36,$26.91,,,,
Stone Middle,5/22/2025,60077,Manager's Vegetable Choice(1/2 cup),40,0,40,45,40,0,40,$0.00,0,0.00%,$0.00,$0.00,5,11.11%,$0.00,$0.00,,,,
Stone Middle,5/22/2025,60100,Black Beans - salad bar entree(1/2 cup),0,0,0,1,0,0,0,$0.00,0,0.00%,$0.00,$0.00,1,100.00%,$0.00,$0.00,,,,
Stone Middle,5/22/2025,60120,Asian Veggie Sub(sandwich),12,0,12,5,4,0,4,$7.56,1,20.00%,$1.89,$9.45,0,0.00%,$0.00,$9.45,,,,
Stone Middle,5/22/2025,60121,"Sauce, Spicy Mayo(tbsp)",0,0,0,40,16,0,16,$1.44,0,0.00%,$0.00,$1.44,24,60.00%,$2.16,$3.60,,,,
Stone Middle,5/22/2025,60122,Asian Meatball Sub(sandwich),16,0,16,5,4,0,4,$7.12,1,20.00%,$1.78,$8.90,0,0.00%,$0.00,$8.90,,,,
Stratford Landing Elementary,5/22/2025,10044,Soft Pretzel(1 pretzel),47,0,47,41,4,37,41,$9.02,0,0.00%,$0.00,$9.02,0,0.00%,$0.00,$9.02,,,,
Stratford Landing Elementary,5/22/2025,20001,1% White Milk(Each),73,0,73,58,36,0,36,$12.96,0,0.00%,$0.00,$12.96,22,37.93%,$7.92,$20.88,,,,
Stratford Landing Elementary,5/22/2025,20002,Fat Free Chocolate Milk(Each),169,0,169,168,155,5,160,$56.00,0,0.00%,$0.00,$56.00,8,4.76%,$2.80,$58.80,,,,
Stratford Landing Elementary,5/22/2025,20012,Grape Tomatoes(1/4 cup),0,0,0,72,72,0,72,$18.72,0,0.00%,$0.00,$18.72,0,0.00%,$0.00,$18.72,,,,
Stratford Landing Elementary,5/22/2025,20014,Red Delicious Apple(Each - serving),0,0,0,132,132,0,132,$43.56,0,0.00%,$0.00,$43.56,0,0.00%,$0.00,$43.56,,,,
Stratford Landing Elementary,5/22/2025,20028,Lettuce Blend Salad Mix(1 cup),14,0,14,8,8,0,8,$1.28,0,0.00%,$0.00,$1.28,0,0.00%,$0.00,$1.28,,,,
Stratford Landing Elementary,5/22/2025,20028,Lettuce Blend Salad Mix(1/2 cup),196,0,196,160,160,0,160,$12.80,0,0.00%,$0.00,$12.80,0,0.00%,$0.00,$12.80,,,,
Stratford Landing Elementary,5/22/2025,20031,Banana(Each),86,0,86,116,116,0,116,$24.36,0,0.00%,$0.00,$24.36,0,0.00%,$0.00,$24.36,,,,
Stratford Landing Elementary,5/22/2025,20038,Fat Free White Milk(Each),6,0,6,38,1,0,1,$0.33,0,0.00%,$0.00,$0.33,37,97.37%,$12.21,$12.54,,,,
Stratford Landing Elementary,5/22/2025,20080,"Carrots, Shredded(Cup)",0,0,0,72,72,0,72,$23.76,0,0.00%,$0.00,$23.76,0,0.00%,$0.00,$23.76,,,,
Stratford Landing Elementary,5/22/2025,30024,Black Beans(1/2 Cup),0,0,0,33,18,0,18,$3.06,0,0.00%,$0.00,$3.06,15,45.45%,$2.55,$5.61,,,,
Stratford Landing Elementary,5/22/2025,30034,Graham Crackers(Package),14,0,14,8,8,0,8,$1.12,0,0.00%,$0.00,$1.12,0,0.00%,$0.00,$1.12,,,,
Stratford Landing Elementary,5/22/2025,30044,Strawberry Flavored Dried Cranberries(Each),19,0,19,100,80,0,80,$19.20,0,0.00%,$0.00,$19.20,20,20.00%,$4.80,$24.00,,,,
Stratford Landing Elementary,5/22/2025,30077,Italian Dressing(1 ounce),10,0,10,24,9,0,9,$0.72,0,0.00%,$0.00,$0.72,15,62.50%,$1.20,$1.92,,,,
Stratford Landing Elementary,5/22/2025,30097,Bottled Water(Bottle),0,0,0,14,0,14,14,$0.00,0,0.00%,$0.00,$0.00,0,0.00%,$0.00,$0.00,,,,
Stratford Landing Elementary,5/22/2025,30107,Ranch Dressing(1 ounce),58,0,58,56,56,0,56,$6.16,0,0.00%,$0.00,$6.16,0,0.00%,$0.00,$6.16,,,,
Stratford Landing Elementary,5/22/2025,30158,Black Beans(1/2 Cup),5,0,5,4,4,0,4,$0.68,0,0.00%,$0.00,$0.68,0,0.00%,$0.00,$0.68,,,,
Stratford Landing Elementary,5/22/2025,60021,Cooked  Brown Rice(1 cup cooked),0,0,0,112,112,0,112,$12.32,0,0.00%,$0.00,$12.32,0,0.00%,$0.00,$12.32,,,,
Stratford Landing Elementary,5/22/2025,60035,PB&J Power Pack(Power Packs),39,0,39,60,58,2,60,$64.80,0,0.00%,$0.00,$64.80,0,0.00%,$0.00,$64.80,,,,
Stratford Landing Elementary,5/22/2025,60037,Strawberry & Banana Yogurt Power Pack(Power Packs),46,0,46,45,42,3,45,$36.00,0,0.00%,$0.00,$36.00,0,0.00%,$0.00,$36.00,,,,
Stratford Landing Elementary,5/22/2025,60054,Steamed Broccoli(1/2 cup),36,0,36,42,42,0,42,$6.30,0,0.00%,$0.00,$6.30,0,0.00%,$0.00,$6.30,,,,
Stratford Landing Elementary,5/22/2025,60120,Asian Veggie Sub(sandwich),108,0,108,140,130,4,134,$253.26,0,0.00%,$0.00,$253.26,6,4.29%,$11.34,$264.60,,,,
Stratford Landing Elementary,5/22/2025,60122,Asian Meatball Sub(sandwich),40,0,40,40,36,4,40,$71.20,0,0.00%,$0.00,$71.20,0,0.00%,$0.00,$71.20,,,,
Sunrise Valley Elementary,5/22/2025,10015,Baked Cheese Sticks(2 Cheese Sticks),0,0,0,12,12,0,12,$7.92,0,0.00%,$0.00,$7.92,0,0.00%,$0.00,$7.92,,,,
Sunrise Valley Elementary,5/22/2025,10033,Chocolate Chip Cookie(1/2 Cookie),0,0,0,143,143,0,143,$20.02,0,0.00%,$0.00,$20.02,0,0.00%,$0.00,$20.02,,,,
Sunrise Valley Elementary,5/22/2025,10044,Soft Pretzel(1 pretzel),2,0,2,4,4,0,4,$0.88,0,0.00%,$0.00,$0.88,0,0.00%,$0.00,$0.88,,,,
Sunrise Valley Elementary,5/22/2025,10062,Corn(1/4 cup (thawed)),64,0,64,64,52,0,52,$5.72,0,0.00%,$0.00,$5.72,12,18.75%,$1.32,$7.04,,,,
Sunrise Valley Elementary,5/22/2025,10084,"Chicken, Bites(4 Bites)",0,0,0,16,16,0,16,$13.28,0,0.00%,$0.00,$13.28,0,0.00%,$0.00,$13.28,,,,
Sunrise Valley Elementary,5/22/2025,20001,1% White Milk(Each),25,0,25,101,17,0,17,$6.12,0,0.00%,$0.00,$6.12,84,83.17%,$30.24,$36.36,,,,
Sunrise Valley Elementary,5/22/2025,20002,Fat Free Chocolate Milk(Each),166,0,166,145,130,0,130,$45.50,0,0.00%,$0.00,$45.50,15,10.34%,$5.25,$50.75,,,,
Sunrise Valley Elementary,5/22/2025,20028,Lettuce Blend Salad Mix(1 cup),2,0,2,1,1,0,1,$0.16,0,0.00%,$0.00,$0.16,0,0.00%,$0.00,$0.16,,,,
Sunrise Valley Elementary,5/22/2025,20028,Lettuce Blend Salad Mix(1/2 cup),40,0,40,60,58,0,58,$4.64,2,3.33%,$0.16,$4.80,0,0.00%,$0.00,$4.80,,,,
Sunrise Valley Elementary,5/22/2025,20031,Banana(Each),91,0,91,31,31,0,31,$6.51,0,0.00%,$0.00,$6.51,0,0.00%,$0.00,$6.51,,,,
Sunrise Valley Elementary,5/22/2025,20038,Fat Free White Milk(Each),10,0,10,38,2,0,2,$0.66,0,0.00%,$0.00,$0.66,36,94.74%,$11.88,$12.54,,,,
Sunrise Valley Elementary,5/22/2025,20047,Orange Slices(3 slices per 1/4 cup),0,0,0,34,34,0,34,$6.80,0,0.00%,$0.00,$6.80,0,0.00%,$0.00,$6.80,,,,
Sunrise Valley Elementary,5/22/2025,30014,Whole Wheat Dinner Roll(2 rolls),0,0,0,16,16,0,16,$4.48,0,0.00%,$0.00,$4.48,0,0.00%,$0.00,$4.48,,,,
Sunrise Valley Elementary,5/22/2025,30018,Marinara Sauce(1/2 cup),0,0,0,12,12,0,12,$3.48,0,0.00%,$0.00,$3.48,0,0.00%,$0.00,$3.48,,,,
Sunrise Valley Elementary,5/22/2025,30033,Cheez-Its Crackers(Package),0,0,0,15,4,0,4,$0.72,0,0.00%,$0.00,$0.72,11,73.33%,$1.98,$2.70,,,,
Sunrise Valley Elementary,5/22/2025,30039,Cherry Flavored Dried Cranberries(2 Eaches),0,0,0,10,10,0,10,$4.80,0,0.00%,$0.00,$4.80,0,0.00%,$0.00,$4.80,,,,
Sunrise Valley Elementary,5/22/2025,30061,Chilled Mandarin Oranges(1/2 cup (drained)),0,0,0,100,99,0,99,$33.66,1,1.00%,$0.34,$34.00,0,0.00%,$0.00,$34.00,,,,
Sunrise Valley Elementary,5/22/2025,30077,Italian Dressing(1 ounce),15,0,15,12,12,0,12,$0.96,0,0.00%,$0.00,$0.96,0,0.00%,$0.00,$0.96,,,,
Sunrise Valley Elementary,5/22/2025,30094,Doritos Wild White Nacho Flavored Tortilla Chips(Bag),70,0,70,55,51,0,51,$17.85,0,0.00%,$0.00,$17.85,4,7.27%,$1.40,$19.25,,,,
Sunrise Valley Elementary,5/22/2025,30097,Bottled Water(Bottle),35,0,35,45,31,0,31,$4.96,0,0.00%,$0.00,$4.96,14,31.11%,$2.24,$7.20,,,,
Sunrise Valley Elementary,5/22/2025,30099,Chickpeas(1/4 cup),32,0,32,33,32,0,32,$2.88,1,3.03%,$0.09,$2.97,0,0.00%,$0.00,$2.97,,,,
Sunrise Valley Elementary,5/22/2025,30107,Ranch Dressing(1 ounce),65,0,65,49,49,0,49,$5.39,0,0.00%,$0.00,$5.39,0,0.00%,$0.00,$5.39,,,,
Sunrise Valley Elementary,5/22/2025,30158,Black Beans(1/2 Cup),2,0,2,0,0,0,0,$0.00,0,0.00%,$0.00,$0.00,0,0.00%,$0.00,$0.00,,,,
Sunrise Valley Elementary,5/22/2025,60009,"Sandwich, Turkey & Cheese(sandwich)",0,0,0,9,9,0,9,$6.21,0,0.00%,$0.00,$6.21,0,0.00%,$0.00,$6.21,,,,
Sunrise Valley Elementary,5/22/2025,60034,Mandarin Orange Parfait(Parfait),0,0,0,2,2,0,2,$1.98,0,0.00%,$0.00,$1.98,0,0.00%,$0.00,$1.98,,,,
Sunrise Valley Elementary,5/22/2025,60035,PB&J Power Pack(Power Packs),55,0,55,50,42,0,42,$45.36,0,0.00%,$0.00,$45.36,8,16.00%,$8.64,$54.00,,,,
Sunrise Valley Elementary,5/22/2025,60037,Strawberry & Banana Yogurt Power Pack(Power Packs),12,0,12,12,9,0,9,$7.20,0,0.00%,$0.00,$7.20,3,25.00%,$2.40,$9.60,,,,
Sunrise Valley Elementary,5/22/2025,60038,Peach Yogurt Power Pack(Power Packs),12,0,12,12,7,0,7,$5.60,0,0.00%,$0.00,$5.60,5,41.67%,$4.00,$9.60,,,,
Sunrise Valley Elementary,5/22/2025,60040,Grilled Cheese Sandwich(Sandwich),0,0,0,9,4,0,4,$1.68,5,55.56%,$2.10,$3.78,0,0.00%,$0.00,$3.78,,,,
Sunrise Valley Elementary,5/22/2025,60054,Steamed Broccoli(1/2 cup),42,0,42,42,42,0,42,$6.30,0,0.00%,$0.00,$6.30,0,0.00%,$0.00,$6.30,,,,
Sunrise Valley Elementary,5/22/2025,60077,Manager's Vegetable Choice(1/4 cup),96,0,96,44,44,0,44,$0.00,0,0.00%,$0.00,$0.00,0,0.00%,$0.00,$0.00,,,,
Sunrise Valley Elementary,5/22/2025,60120,Asian Veggie Sub(sandwich),41,0,41,23,17,0,17,$32.13,6,26.09%,$11.34,$43.47,0,0.00%,$0.00,$43.47,,,,
Sunrise Valley Elementary,5/22/2025,60122,Asian Meatball Sub(sandwich),52,0,52,60,60,0,60,$106.80,0,0.00%,$0.00,$106.80,0,0.00%,$0.00,$106.80,,,,
Sunrise Valley Elementary,5/22/2025,60124,Nachos with Cheese Sauce(Serving),0,0,0,7,7,0,7,$5.39,0,0.00%,$0.00,$5.39,0,0.00%,$0.00,$5.39,,,,
Terra Centre Elementary,5/22/2025,10026,Chickenless Bites(2 Bites),0,0,0,26,24,0,24,$8.64,2,7.69%,$0.72,$9.36,0,0.00%,$0.00,$9.36,,,,
Terra Centre Elementary,5/22/2025,10033,Chocolate Chip Cookie(1/2 Cookie),0,0,0,200,181,0,181,$25.34,0,0.00%,$0.00,$25.34,19,9.50%,$2.66,$28.00,,,,
Terra Centre Elementary,5/22/2025,10044,Soft Pretzel(1 pretzel),28,0,28,80,17,0,17,$3.74,0,0.00%,$0.00,$3.74,63,78.75%,$13.86,$17.60,,,,
Terra Centre Elementary,5/22/2025,10062,Corn(1/4 cup (thawed)),84,0,84,128,104,0,104,$11.44,0,0.00%,$0.00,$11.44,24,18.75%,$2.64,$14.08,,,,
Terra Centre Elementary,5/22/2025,20001,1% White Milk(Each),51,0,51,84,52,2,54,$19.44,0,0.00%,$0.00,$19.44,30,35.71%,$10.80,$30.24,,,,
Terra Centre Elementary,5/22/2025,20002,Fat Free Chocolate Milk(Each),180,0,180,200,169,0,169,$59.15,31,15.50%,$10.85,$70.00,0,0.00%,$0.00,$70.00,,,,
Terra Centre Elementary,5/22/2025,20008,Apple Slices(3 slices per 1/4 cup),0,0,0,64,62,0,62,$36.58,2,3.13%,$1.18,$37.76,0,0.00%,$0.00,$37.76,,,,
Terra Centre Elementary,5/22/2025,20016,String Cheese(Each),0,0,0,0,0,0,0,$0.00,0,0.00%,$0.00,$0.00,0,0.00%,$0.00,$0.00,,,,
Terra Centre Elementary,5/22/2025,20018,Red Seedless Grapes(16 grapes per 1/2 cup),0,0,0,92,90,0,90,$45.90,2,2.17%,$1.02,$46.92,0,0.00%,$0.00,$46.92,,,,
Terra Centre Elementary,5/22/2025,20028,Lettuce Blend Salad Mix(1 cup),29,0,29,36,34,2,36,$5.76,0,0.00%,$0.00,$5.76,0,0.00%,$0.00,$5.76,,,,
Terra Centre Elementary,5/22/2025,20028,Lettuce Blend Salad Mix(1/2 cup),45,0,45,60,58,0,58,$4.64,2,3.33%,$0.16,$4.80,0,0.00%,$0.00,$4.80,,,,
Terra Centre Elementary,5/22/2025,20031,Banana(Each),82,0,82,126,94,2,96,$20.16,0,0.00%,$0.00,$20.16,30,23.81%,$6.30,$26.46,,,,
Terra Centre Elementary,5/22/2025,20038,Fat Free White Milk(Each),15,0,15,50,10,0,10,$3.30,0,0.00%,$0.00,$3.30,40,80.00%,$13.20,$16.50,,,,
Terra Centre Elementary,5/22/2025,20043,"Lactose Free, White Milk(Each)",0,0,0,2,2,0,2,$1.16,0,0.00%,$0.00,$1.16,0,0.00%,$0.00,$1.16,,,,
Terra Centre Elementary,5/22/2025,20047,Orange Slices(3 slices per 1/4 cup),0,0,0,64,62,0,62,$12.40,2,3.13%,$0.40,$12.80,0,0.00%,$0.00,$12.80,,,,
Terra Centre Elementary,5/22/2025,20052,Assorted  4 oz Yogurt(Container),0,0,0,0,0,0,0,$0.00,0,0.00%,$0.00,$0.00,0,0.00%,$0.00,$0.00,,,,
Terra Centre Elementary,5/22/2025,30008,Apple Juice(Each),0,0,0,40,30,0,30,$5.10,0,0.00%,$0.00,$5.10,10,25.00%,$1.70,$6.80,,,,
Terra Centre Elementary,5/22/2025,30009,Orange Tangerine Juice(Each),0,0,0,40,5,0,5,$0.85,0,0.00%,$0.00,$0.85,35,87.50%,$5.95,$6.80,,,,
Terra Centre Elementary,5/22/2025,30033,Cheez-Its Crackers(Package),0,0,0,2,2,0,2,$0.36,0,0.00%,$0.00,$0.36,0,0.00%,$0.00,$0.36,,,,
Terra Centre Elementary,5/22/2025,30034,Graham Crackers(Package),19,0,19,20,20,0,20,$2.80,0,0.00%,$0.00,$2.80,0,0.00%,$0.00,$2.80,,,,
Terra Centre Elementary,5/22/2025,30037,IW Applesauce Cup(Each),19,0,19,0,0,0,0,$0.00,0,0.00%,$0.00,$0.00,0,0.00%,$0.00,$0.00,,,,
Terra Centre Elementary,5/22/2025,30039,Cherry Flavored Dried Cranberries(Each),15,0,15,0,0,0,0,$0.00,0,0.00%,$0.00,$0.00,0,0.00%,$0.00,$0.00,,,,
Terra Centre Elementary,5/22/2025,30041,Orange Flavored Dried Cranberries(Each),4,0,4,0,0,0,0,$0.00,0,0.00%,$0.00,$0.00,0,0.00%,$0.00,$0.00,,,,
Terra Centre Elementary,5/22/2025,30042,Original Flavored Dried Cranberries(Package),4,0,4,0,0,0,0,$0.00,0,0.00%,$0.00,$0.00,0,0.00%,$0.00,$0.00,,,,
Terra Centre Elementary,5/22/2025,30043,Raspberry Lemonade Flavored Dried Cranberries(Each),6,0,6,0,0,0,0,$0.00,0,0.00%,$0.00,$0.00,0,0.00%,$0.00,$0.00,,,,
Terra Centre Elementary,5/22/2025,30044,Strawberry Flavored Dried Cranberries(Each),8,0,8,0,0,0,0,$0.00,0,0.00%,$0.00,$0.00,0,0.00%,$0.00,$0.00,,,,
Terra Centre Elementary,5/22/2025,30045,Watermelon Flavored Dried Cranberries(Each),11,0,11,0,0,0,0,$0.00,0,0.00%,$0.00,$0.00,0,0.00%,$0.00,$0.00,,,,
Terra Centre Elementary,5/22/2025,30077,Italian Dressing(1 ounce),46,0,46,83,57,2,59,$4.72,0,0.00%,$0.00,$4.72,24,28.92%,$1.92,$6.64,,,,
Terra Centre Elementary,5/22/2025,30094,Doritos Wild White Nacho Flavored Tortilla Chips(Bag),0,0,0,0,0,0,0,$0.00,0,0.00%,$0.00,$0.00,0,0.00%,$0.00,$0.00,,,,
Terra Centre Elementary,5/22/2025,30097,Bottled Water(Bottle),0,0,0,10,4,0,4,$0.64,0,0.00%,$0.00,$0.64,6,60.00%,$0.96,$1.60,,,,
Terra Centre Elementary,5/22/2025,30107,Ranch Dressing(1 ounce),32,0,32,48,24,0,24,$2.64,0,0.00%,$0.00,$2.64,24,50.00%,$2.64,$5.28,,,,
Terra Centre Elementary,5/22/2025,30158,Black Beans(1/2 Cup),0,0,0,50,50,0,50,$8.50,0,0.00%,$0.00,$8.50,0,0.00%,$0.00,$8.50,,,,
Terra Centre Elementary,5/22/2025,60018,Cheese Quesadilla(Quesadilla),0,0,0,30,24,0,24,$16.56,6,20.00%,$4.14,$20.70,0,0.00%,$0.00,$20.70,,,,
Terra Centre Elementary,5/22/2025,60021,Cooked  Brown Rice(1 cup cooked),0,0,0,211,172,22,194,$21.34,2,0.95%,$0.22,$21.56,15,7.11%,$1.65,$23.21,,,,
Terra Centre Elementary,5/22/2025,60035,PB&J Power Pack(Power Packs),23,0,23,40,32,0,32,$34.56,0,0.00%,$0.00,$34.56,8,20.00%,$8.64,$43.20,,,,
Terra Centre Elementary,5/22/2025,60036,Cherry Vanilla Yogurt Power Pack(Power Packs),4,0,4,20,2,0,2,$1.60,0,0.00%,$0.00,$1.60,18,90.00%,$14.40,$16.00,,,,
Terra Centre Elementary,5/22/2025,60037,Strawberry & Banana Yogurt Power Pack(Power Packs),9,0,9,20,3,0,3,$2.40,0,0.00%,$0.00,$2.40,17,85.00%,$13.60,$16.00,,,,
Terra Centre Elementary,5/22/2025,60038,Peach Yogurt Power Pack(Power Packs),5,0,5,20,2,0,2,$1.60,0,0.00%,$0.00,$1.60,18,90.00%,$14.40,$16.00,,,,
Terra Centre Elementary,5/22/2025,60047,Chicken Tenders(3 tenders),0,0,0,185,134,22,156,$146.64,0,0.00%,$0.00,$146.64,29,15.68%,$27.26,$173.90,,,,
Terra Centre Elementary,5/22/2025,60054,Steamed Broccoli(1/2 cup),54,0,54,84,82,0,82,$12.30,2,2.38%,$0.30,$12.60,0,0.00%,$0.00,$12.60,,,,
Terra Centre Elementary,5/22/2025,60077,Manager's Vegetable Choice(1/4 cup),69,0,69,71,69,0,69,$0.00,2,2.82%,$0.00,$0.00,0,0.00%,$0.00,$0.00,,,,
Terra Centre Elementary,5/22/2025,60120,Asian Veggie Sub(sandwich),36,0,36,10,0,0,0,$0.00,0,0.00%,$0.00,$0.00,10,100.00%,$0.00,$0.00,,,,
Terra Centre Elementary,5/22/2025,60122,Asian Meatball Sub(sandwich),38,0,38,19,0,0,0,$0.00,0,0.00%,$0.00,$0.00,19,100.00%,$0.00,$0.00,,,,
Terraset Elementary,5/22/2025,10044,Soft Pretzel(1 pretzel),35,0,35,28,28,0,28,$6.16,0,0.00%,$0.00,$6.16,0,0.00%,$0.00,$6.16,,,,
Terraset Elementary,5/22/2025,10062,Corn(1/4 cup (thawed)),80,0,80,80,78,0,78,$8.58,0,0.00%,$0.00,$8.58,2,2.50%,$0.22,$8.80,,,,
Terraset Elementary,5/22/2025,10073,Whole Strawberries(1/2 cup thawed),120,0,120,140,140,0,140,$47.60,0,0.00%,$0.00,$47.60,0,0.00%,$0.00,$47.60,,,,
Terraset Elementary,5/22/2025,20001,1% White Milk(Each),54,0,54,266,70,0,70,$25.20,0,0.00%,$0.00,$25.20,196,73.68%,$70.56,$95.76,,,,
Terraset Elementary,5/22/2025,20002,Fat Free Chocolate Milk(Each),170,0,170,392,171,0,171,$59.85,0,0.00%,$0.00,$59.85,221,56.38%,$77.35,$137.20,,,,
Terraset Elementary,5/22/2025,20028,Lettuce Blend Salad Mix(1 cup),21,0,21,20,20,0,20,$3.20,0,0.00%,$0.00,$3.20,0,0.00%,$0.00,$3.20,,,,
Terraset Elementary,5/22/2025,20028,Lettuce Blend Salad Mix(1/2 cup),80,0,80,52,52,0,52,$4.16,0,0.00%,$0.00,$4.16,0,0.00%,$0.00,$4.16,,,,
Terraset Elementary,5/22/2025,20031,Banana(Each),141,0,141,100,100,0,100,$21.00,0,0.00%,$0.00,$21.00,0,0.00%,$0.00,$21.00,,,,
Terraset Elementary,5/22/2025,20038,Fat Free White Milk(Each),22,0,22,68,5,0,5,$1.65,0,0.00%,$0.00,$1.65,63,92.65%,$20.79,$22.44,,,,
Terraset Elementary,5/22/2025,20043,"Lactose Free, White Milk(Each)",0,0,0,1,1,0,1,$0.58,0,0.00%,$0.00,$0.58,0,0.00%,$0.00,$0.58,,,,
Terraset Elementary,5/22/2025,30034,Graham Crackers(Package),18,0,18,16,16,0,16,$2.24,0,0.00%,$0.00,$2.24,0,0.00%,$0.00,$2.24,,,,
Terraset Elementary,5/22/2025,30037,IW Applesauce Cup(Each),18,0,18,16,16,0,16,$4.32,0,0.00%,$0.00,$4.32,0,0.00%,$0.00,$4.32,,,,
Terraset Elementary,5/22/2025,30039,Cherry Flavored Dried Cranberries(Each),77,0,77,85,73,0,73,$17.52,0,0.00%,$0.00,$17.52,12,14.12%,$2.88,$20.40,,,,
Terraset Elementary,5/22/2025,30077,Italian Dressing(1 ounce),0,0,0,0,0,0,0,$0.00,0,0.00%,$0.00,$0.00,0,0.00%,$0.00,$0.00,,,,
Terraset Elementary,5/22/2025,30099,Chickpeas(1/4 cup),23,0,23,33,13,0,13,$1.17,0,0.00%,$0.00,$1.17,20,60.61%,$1.80,$2.97,,,,
Terraset Elementary,5/22/2025,30107,Ranch Dressing(1 ounce),77,0,77,72,57,0,57,$6.27,0,0.00%,$0.00,$6.27,15,20.83%,$1.65,$7.92,,,,
Terraset Elementary,5/22/2025,30158,Black Beans(1/2 Cup),1,0,1,2,2,0,2,$0.34,0,0.00%,$0.00,$0.34,0,0.00%,$0.00,$0.34,,,,
Terraset Elementary,5/22/2025,60035,PB&J Power Pack(Power Packs),120,0,120,120,111,0,111,$119.88,0,0.00%,$0.00,$119.88,9,7.50%,$9.72,$129.60,,,,
Terraset Elementary,5/22/2025,60036,Cherry Vanilla Yogurt Power Pack(Power Packs),35,0,35,30,28,0,28,$22.40,0,0.00%,$0.00,$22.40,2,6.67%,$1.60,$24.00,,,,
Terraset Elementary,5/22/2025,60037,Strawberry & Banana Yogurt Power Pack(Power Packs),0,0,0,0,0,0,0,$0.00,0,0.00%,$0.00,$0.00,0,0.00%,$0.00,$0.00,,,,
Terraset Elementary,5/22/2025,60054,Steamed Broccoli(1/2 cup),90,0,90,98,98,0,98,$14.70,0,0.00%,$0.00,$14.70,0,0.00%,$0.00,$14.70,,,,
Terraset Elementary,5/22/2025,60077,Manager's Vegetable Choice(1/4 cup),81,0,81,120,118,0,118,$0.00,0,0.00%,$0.00,$0.00,2,1.67%,$0.00,$0.00,,,,
Terraset Elementary,5/22/2025,60120,Asian Veggie Sub(sandwich),70,0,70,85,77,0,77,$145.53,8,9.41%,$15.12,$160.65,0,0.00%,$0.00,$160.65,,,,
Terraset Elementary,5/22/2025,60122,Asian Meatball Sub(sandwich),107,0,107,79,59,0,59,$105.02,0,0.00%,$0.00,$105.02,20,25.32%,$35.60,$140.62,,,,
Terraset Elementary,5/22/2025,60133,Chicken Philly Sandwich(each),0,0,0,40,34,0,34,$48.28,6,15.00%,$8.52,$56.80,0,0.00%,$0.00,$56.80,,,,
Thoreau Middle,5/22/2025,10015,Baked Cheese Sticks(2 Cheese Sticks),300,0,300,350,350,0,350,$231.00,0,0.00%,$0.00,$231.00,0,0.00%,$0.00,$231.00,,,,
Thoreau Middle,5/22/2025,10026,Chickenless Bites(4 Bites),100,0,100,100,100,0,100,$73.00,0,0.00%,$0.00,$73.00,0,0.00%,$0.00,$73.00,,,,
Thoreau Middle,5/22/2025,10027,"Bread, Loco(flatbread)",100,0,100,100,100,0,100,$30.00,0,0.00%,$0.00,$30.00,0,0.00%,$0.00,$30.00,,,,
Thoreau Middle,5/22/2025,10044,Soft Pretzel(1 pretzel),50,0,50,0,0,0,0,$0.00,0,0.00%,$0.00,$0.00,0,0.00%,$0.00,$0.00,,,,
Thoreau Middle,5/22/2025,10062,Corn(1/4 cup (thawed)),400,0,400,40,40,0,40,$4.40,0,0.00%,$0.00,$4.40,0,0.00%,$0.00,$4.40,,,,
Thoreau Middle,5/22/2025,10073,Whole Strawberries(1/2 cup thawed),110,0,110,110,110,0,110,$37.40,0,0.00%,$0.00,$37.40,0,0.00%,$0.00,$37.40,,,,
Thoreau Middle,5/22/2025,20001,1% White Milk(Each),50,0,50,50,0,0,0,$0.00,50,100.00%,$0.00,$0.00,0,0.00%,$0.00,$0.00,,,,
Thoreau Middle,5/22/2025,20002,Fat Free Chocolate Milk(Each),300,0,300,300,264,0,264,$92.40,0,0.00%,$0.00,$92.40,36,12.00%,$12.60,$105.00,,,,
Thoreau Middle,5/22/2025,20010,Fresh Whole Pear(Each),110,0,110,110,110,0,110,$61.60,0,0.00%,$0.00,$61.60,0,0.00%,$0.00,$61.60,,,,
Thoreau Middle,5/22/2025,20027,Broccoli Florets(1/4 cup),80,0,80,80,80,0,80,$6.40,0,0.00%,$0.00,$6.40,0,0.00%,$0.00,$6.40,,,,
Thoreau Middle,5/22/2025,20028,Lettuce Blend Salad Mix(1/2 cup),110,0,110,110,110,0,110,$8.80,0,0.00%,$0.00,$8.80,0,0.00%,$0.00,$8.80,,,,
Thoreau Middle,5/22/2025,20031,Banana(Each),110,0,110,110,110,0,110,$23.10,0,0.00%,$0.00,$23.10,0,0.00%,$0.00,$23.10,,,,
Thoreau Middle,5/22/2025,20038,Fat Free White Milk(Each),50,0,50,50,0,0,0,$0.00,50,100.00%,$0.00,$0.00,0,0.00%,$0.00,$0.00,,,,
Thoreau Middle,5/22/2025,30018,Marinara Sauce(1/4 Cup),300,0,300,300,300,0,300,$45.00,0,0.00%,$0.00,$45.00,0,0.00%,$0.00,$45.00,,,,
Thoreau Middle,5/22/2025,30024,Black Beans(1/4 Cup),40,0,40,40,40,0,40,$3.60,0,0.00%,$0.00,$3.60,0,0.00%,$0.00,$3.60,,,,
Thoreau Middle,5/22/2025,30039,Cherry Flavored Dried Cranberries(Each),10,0,10,10,10,0,10,$2.40,0,0.00%,$0.00,$2.40,0,0.00%,$0.00,$2.40,,,,
Thoreau Middle,5/22/2025,30041,Orange Flavored Dried Cranberries(Each),10,0,10,10,10,0,10,$2.40,0,0.00%,$0.00,$2.40,0,0.00%,$0.00,$2.40,,,,
Thoreau Middle,5/22/2025,30042,Original Flavored Dried Cranberries(Package),10,0,10,10,10,0,10,$2.40,0,0.00%,$0.00,$2.40,0,0.00%,$0.00,$2.40,,,,
Thoreau Middle,5/22/2025,30043,Raspberry Lemonade Flavored Dried Cranberries(Each),10,0,10,10,10,0,10,$2.40,0,0.00%,$0.00,$2.40,0,0.00%,$0.00,$2.40,,,,
Thoreau Middle,5/22/2025,30044,Strawberry Flavored Dried Cranberries(Each),10,0,10,10,10,0,10,$2.40,0,0.00%,$0.00,$2.40,0,0.00%,$0.00,$2.40,,,,
Thoreau Middle,5/22/2025,30045,Watermelon Flavored Dried Cranberries(Each),10,0,10,10,10,0,10,$2.40,0,0.00%,$0.00,$2.40,0,0.00%,$0.00,$2.40,,,,
Thoreau Middle,5/22/2025,30063,Ketchup Packet(Packet),200,0,200,200,200,0,200,$6.00,0,0.00%,$0.00,$6.00,0,0.00%,$0.00,$6.00,,,,
Thoreau Middle,5/22/2025,30064,Mayonnaise Packet(Packet),100,0,100,100,100,0,100,$10.00,0,0.00%,$0.00,$10.00,0,0.00%,$0.00,$10.00,,,,
Thoreau Middle,5/22/2025,30065,Mustard Packet(Packet),100,0,100,100,0,0,0,$0.00,0,0.00%,$0.00,$0.00,100,100.00%,$0.00,$0.00,,,,
Thoreau Middle,5/22/2025,30077,Italian Dressing(1 ounce),0,0,0,100,0,0,0,$0.00,0,0.00%,$0.00,$0.00,100,100.00%,$0.00,$0.00,,,,
Thoreau Middle,5/22/2025,30107,Ranch Dressing(1 ounce),202,0,202,200,200,0,200,$22.00,0,0.00%,$0.00,$22.00,0,0.00%,$0.00,$22.00,,,,
Thoreau Middle,5/22/2025,60035,PB&J Power Pack(Power Packs),50,0,50,50,38,0,38,$41.04,0,0.00%,$0.00,$41.04,12,24.00%,$12.96,$54.00,,,,
Thoreau Middle,5/22/2025,60036,Cherry Vanilla Yogurt Power Pack(Power Packs),10,0,10,1,0,0,0,$0.00,0,0.00%,$0.00,$0.00,1,100.00%,$0.00,$0.00,,,,
Thoreau Middle,5/22/2025,60037,Strawberry & Banana Yogurt Power Pack(Power Packs),10,0,10,1,0,0,0,$0.00,0,0.00%,$0.00,$0.00,1,100.00%,$0.00,$0.00,,,,
Thoreau Middle,5/22/2025,60038,Peach Yogurt Power Pack(Power Packs),10,0,10,1,0,0,0,$0.00,0,0.00%,$0.00,$0.00,1,100.00%,$0.00,$0.00,,,,
Thoreau Middle,5/22/2025,60075,Spicy Chicken Wrap(Wrap),0,0,0,0,0,0,0,$0.00,0,0.00%,$0.00,$0.00,0,0.00%,$0.00,$0.00,,,,
Thoreau Middle,5/22/2025,60077,Manager's Vegetable Choice(1/4 cup),110,0,110,110,110,0,110,$0.00,0,0.00%,$0.00,$0.00,0,0.00%,$0.00,$0.00,,,,
Thoreau Middle,5/22/2025,60100,Black Beans - salad bar entree(1/2 cup),40,0,40,40,40,0,40,$6.80,0,0.00%,$0.00,$6.80,0,0.00%,$0.00,$6.80,,,,
Thoreau Middle,5/22/2025,60120,Asian Veggie Sub(sandwich),10,0,10,10,4,0,4,$7.56,6,60.00%,$11.34,$18.90,0,0.00%,$0.00,$18.90,,,,
Thoreau Middle,5/22/2025,60122,Asian Meatball Sub(sandwich),40,0,40,40,40,0,40,$71.20,0,0.00%,$0.00,$71.20,0,0.00%,$0.00,$71.20,,,,
Thoreau Middle,5/22/2025,60150,Strawberry Parfait Power Pack(Power Pack),10,0,10,1,0,0,0,$0.00,0,0.00%,$0.00,$0.00,1,100.00%,$0.00,$0.00,,,,
Timber Lane Elementary,5/22/2025,10033,Chocolate Chip Cookie(1/2 Cookie),0,50,50,100,0,96,96,$0.00,0,0.00%,$0.00,$0.00,4,4.00%,$0.00,$0.00,,,,
Timber Lane Elementary,5/22/2025,10044,Soft Pretzel(1 pretzel),0,0,0,3,0,3,3,$0.00,0,0.00%,$0.00,$0.00,0,0.00%,$0.00,$0.00,,,,
Timber Lane Elementary,5/22/2025,20001,1% White Milk(Each),108,2,110,323,71,1,72,$25.92,0,0.00%,$0.00,$25.92,251,77.71%,$90.36,$116.28,,,,
Timber Lane Elementary,5/22/2025,20002,Fat Free Chocolate Milk(Each),250,0,250,419,234,0,234,$81.90,0,0.00%,$0.00,$81.90,185,44.15%,$64.75,$146.65,,,,
Timber Lane Elementary,5/22/2025,20014,Red Delicious Apple(Each - serving),0,0,0,125,122,0,122,$40.26,0,0.00%,$0.00,$40.26,3,2.40%,$0.99,$41.25,,,,
Timber Lane Elementary,5/22/2025,20023,Baby Carrots(3 baby carrots per 1/4 cup),0,0,0,72,64,0,64,$5.76,5,6.94%,$0.45,$6.21,3,4.17%,$0.27,$6.48,,,,
Timber Lane Elementary,5/22/2025,20027,Broccoli Florets(1/4 cup),0,0,0,42,26,0,26,$2.08,5,11.90%,$0.40,$2.48,11,26.19%,$0.88,$3.36,,,,
Timber Lane Elementary,5/22/2025,20028,Lettuce Blend Salad Mix(1 cup),60,2,62,52,51,1,52,$8.32,0,0.00%,$0.00,$8.32,0,0.00%,$0.00,$8.32,,,,
Timber Lane Elementary,5/22/2025,20028,Lettuce Blend Salad Mix(1/2 cup),240,0,240,240,219,0,219,$17.52,6,2.50%,$0.48,$18.00,15,6.25%,$1.20,$19.20,,,,
Timber Lane Elementary,5/22/2025,20031,Banana(Each),60,2,62,52,51,1,52,$10.92,0,0.00%,$0.00,$10.92,0,0.00%,$0.00,$10.92,,,,
Timber Lane Elementary,5/22/2025,20038,Fat Free White Milk(Each),25,0,25,60,12,0,12,$3.96,0,0.00%,$0.00,$3.96,48,80.00%,$15.84,$19.80,,,,
Timber Lane Elementary,5/22/2025,20043,"Lactose Free, White Milk(Each)",2,0,2,2,2,0,2,$1.16,0,0.00%,$0.00,$1.16,0,0.00%,$0.00,$1.16,,,,
Timber Lane Elementary,5/22/2025,20047,Orange Slices(3 slices per 1/4 cup),0,0,0,272,263,0,263,$52.60,6,2.21%,$1.20,$53.80,3,1.10%,$0.60,$54.40,,,,
Timber Lane Elementary,5/22/2025,30024,Black Beans(1/2 Cup),0,0,0,25,10,0,10,$1.70,0,0.00%,$0.00,$1.70,15,60.00%,$2.55,$4.25,,,,
Timber Lane Elementary,5/22/2025,30033,Cheez-Its Crackers(Package),0,0,0,5,0,5,5,$0.00,0,0.00%,$0.00,$0.00,0,0.00%,$0.00,$0.00,,,,
Timber Lane Elementary,5/22/2025,30034,Graham Crackers(Package),35,0,35,30,30,0,30,$4.20,0,0.00%,$0.00,$4.20,0,0.00%,$0.00,$4.20,,,,
Timber Lane Elementary,5/22/2025,30037,IW Applesauce Cup(Each),35,0,35,30,30,0,30,$8.10,0,0.00%,$0.00,$8.10,0,0.00%,$0.00,$8.10,,,,
Timber Lane Elementary,5/22/2025,30044,Strawberry Flavored Dried Cranberries(Each),50,0,50,50,35,0,35,$8.40,0,0.00%,$0.00,$8.40,15,30.00%,$3.60,$12.00,,,,
Timber Lane Elementary,5/22/2025,30077,Italian Dressing(1 ounce),24,0,24,24,4,0,4,$0.32,0,0.00%,$0.00,$0.32,20,83.33%,$1.60,$1.92,,,,
Timber Lane Elementary,5/22/2025,30107,Ranch Dressing(1 ounce),108,2,110,100,97,1,98,$10.78,0,0.00%,$0.00,$10.78,2,2.00%,$0.22,$11.00,,,,
Timber Lane Elementary,5/22/2025,60035,PB&J Power Pack(Power Packs),100,0,100,135,128,2,130,$140.40,0,0.00%,$0.00,$140.40,5,3.70%,$5.40,$145.80,,,,
Timber Lane Elementary,5/22/2025,60036,Cherry Vanilla Yogurt Power Pack(Power Packs),50,0,50,41,38,1,39,$31.20,0,0.00%,$0.00,$31.20,2,4.88%,$1.60,$32.80,,,,
Timber Lane Elementary,5/22/2025,60037,Strawberry & Banana Yogurt Power Pack(Power Packs),5,0,5,8,8,0,8,$6.40,0,0.00%,$0.00,$6.40,0,0.00%,$0.00,$6.40,,,,
Timber Lane Elementary,5/22/2025,60077,Manager's Vegetable Choice(1/4 cup),100,0,100,36,36,0,36,$0.00,0,0.00%,$0.00,$0.00,0,0.00%,$0.00,$0.00,,,,
Timber Lane Elementary,5/22/2025,60120,Asian Veggie Sub(sandwich),125,3,128,177,171,2,173,$326.97,1,0.56%,$1.89,$328.86,3,1.69%,$5.67,$334.53,,,,
Timber Lane Elementary,5/22/2025,60122,Asian Meatball Sub(sandwich),95,7,102,71,53,2,55,$97.90,1,1.41%,$1.78,$99.68,15,21.13%,$26.70,$126.38,,,,
Twain Middle,5/22/2025,10015,Baked Cheese Sticks(2 Cheese Sticks),3678,0,3678,380,330,10,340,$224.40,1,0.26%,$0.66,$225.06,39,10.26%,$25.74,$250.80,,,,
Twain Middle,5/22/2025,10026,Chickenless Bites(4 Bites),0,0,0,170,132,0,132,$96.36,1,0.59%,$0.73,$97.09,37,21.76%,$27.01,$124.10,,,,
Twain Middle,5/22/2025,10044,Soft Pretzel(1 pretzel),0,0,0,35,35,0,35,$7.70,0,0.00%,$0.00,$7.70,0,0.00%,$0.00,$7.70,,,,
Twain Middle,5/22/2025,20001,1% White Milk(Each),273,0,273,65,46,1,47,$16.92,0,0.00%,$0.00,$16.92,18,27.69%,$6.48,$23.40,,,,
Twain Middle,5/22/2025,20002,Fat Free Chocolate Milk(Each),1484,0,1484,574,245,2,247,$86.45,0,0.00%,$0.00,$86.45,327,56.97%,$114.45,$200.90,,,,
Twain Middle,5/22/2025,20008,Apple Slices(3 slices per 1/4 cup),0,0,0,30,29,1,30,$17.70,0,0.00%,$0.00,$17.70,0,0.00%,$0.00,$17.70,,,,
Twain Middle,5/22/2025,20012,Grape Tomatoes(1/4 cup),0,0,0,90,88,1,89,$23.14,1,1.11%,$0.26,$23.40,0,0.00%,$0.00,$23.40,,,,
Twain Middle,5/22/2025,20014,Red Delicious Apple(Each - serving),0,0,0,35,34,1,35,$11.55,0,0.00%,$0.00,$11.55,0,0.00%,$0.00,$11.55,,,,
Twain Middle,5/22/2025,20018,Red Seedless Grapes(16 grapes per 1/2 cup),0,0,0,250,247,2,249,$126.99,1,0.40%,$0.51,$127.50,0,0.00%,$0.00,$127.50,,,,
Twain Middle,5/22/2025,20023,Baby Carrots(3 baby carrots per 1/4 cup),0,0,0,20,19,1,20,$1.80,0,0.00%,$0.00,$1.80,0,0.00%,$0.00,$1.80,,,,
Twain Middle,5/22/2025,20027,Broccoli Florets(1/4 cup),206,0,206,25,23,1,24,$1.92,1,4.00%,$0.08,$2.00,0,0.00%,$0.00,$2.00,,,,
Twain Middle,5/22/2025,20028,Lettuce Blend Salad Mix(1/2 cup),1296,0,1296,220,216,2,218,$17.44,2,0.91%,$0.16,$17.60,0,0.00%,$0.00,$17.60,,,,
Twain Middle,5/22/2025,20031,Banana(Each),1115,0,1115,35,34,1,35,$7.35,0,0.00%,$0.00,$7.35,0,0.00%,$0.00,$7.35,,,,
Twain Middle,5/22/2025,20038,Fat Free White Milk(Each),36,0,36,3,2,1,3,$0.99,0,0.00%,$0.00,$0.99,0,0.00%,$0.00,$0.99,,,,
Twain Middle,5/22/2025,30014,Whole Wheat Dinner Roll(2 rolls),0,0,0,170,132,0,132,$36.96,1,0.59%,$0.28,$37.24,37,21.76%,$10.36,$47.60,,,,
Twain Middle,5/22/2025,30018,Marinara Sauce(1/4 Cup),1706,0,1706,192,173,10,183,$27.45,1,0.52%,$0.15,$27.60,8,4.17%,$1.20,$28.80,,,,
Twain Middle,5/22/2025,30024,Black Beans(1/2 Cup),0,0,0,60,48,1,49,$8.33,1,1.67%,$0.17,$8.50,10,16.67%,$1.70,$10.20,,,,
Twain Middle,5/22/2025,30043,Raspberry Lemonade Flavored Dried Cranberries(2 Eaches),0,0,0,50,47,0,47,$22.56,0,0.00%,$0.00,$22.56,3,6.00%,$1.44,$24.00,,,,
Twain Middle,5/22/2025,30044,Strawberry Flavored Dried Cranberries(Each),388,0,388,167,157,0,157,$37.68,0,0.00%,$0.00,$37.68,10,5.99%,$2.40,$40.08,,,,
Twain Middle,5/22/2025,30063,Ketchup Packet(Packet),1199,0,1199,300,243,2,245,$7.35,0,0.00%,$0.00,$7.35,55,18.33%,$1.65,$9.00,,,,
Twain Middle,5/22/2025,30064,Mayonnaise Packet(Packet),182,0,182,55,43,2,45,$4.50,0,0.00%,$0.00,$4.50,10,18.18%,$1.00,$5.50,,,,
Twain Middle,5/22/2025,30107,Ranch Dressing(1 ounce),557,0,557,95,92,2,94,$10.34,1,1.05%,$0.11,$10.45,0,0.00%,$0.00,$10.45,,,,
Twain Middle,5/22/2025,60035,PB&J Power Pack(Power Packs),475,0,475,126,58,0,58,$62.64,0,0.00%,$0.00,$62.64,68,53.97%,$73.44,$136.08,,,,
Twain Middle,5/22/2025,60038,Peach Yogurt Power Pack(Power Packs),319,0,319,88,19,0,19,$15.20,0,0.00%,$0.00,$15.20,69,78.41%,$55.20,$70.40,,,,
Twain Middle,5/22/2025,60075,Spicy Chicken Wrap(Wrap),329,0,329,31,31,0,31,$36.27,0,0.00%,$0.00,$36.27,0,0.00%,$0.00,$36.27,,,,
Twain Middle,5/22/2025,60076,"Penne Pasta with Marinara and Beef Meatballs(cup cooked pasta, 1/2c sauce, 5 meatballs)",0,0,0,50,49,0,49,$61.25,1,2.00%,$1.25,$62.50,0,0.00%,$0.00,$62.50,,,,
Union Mill Elementary,5/22/2025,10044,Soft Pretzel(1 pretzel),5,0,5,2,2,0,2,$0.44,0,0.00%,$0.00,$0.44,0,0.00%,$0.00,$0.44,,,,
Union Mill Elementary,5/22/2025,10062,Corn(1/2 cup (cooked)),50,0,50,60,58,0,58,$12.18,2,3.33%,$0.42,$12.60,0,0.00%,$0.00,$12.60,,,,
Union Mill Elementary,5/22/2025,20001,1% White Milk(Each),50,0,50,48,23,0,23,$8.28,0,0.00%,$0.00,$8.28,25,52.08%,$9.00,$17.28,,,,
Union Mill Elementary,5/22/2025,20002,Fat Free Chocolate Milk(Each),250,0,250,210,189,0,189,$66.15,0,0.00%,$0.00,$66.15,21,10.00%,$7.35,$73.50,,,,
Union Mill Elementary,5/22/2025,20013,Gala Apple(Each),150,0,150,150,119,0,119,$44.03,0,0.00%,$0.00,$44.03,31,20.67%,$11.47,$55.50,,,,
Union Mill Elementary,5/22/2025,20028,Lettuce Blend Salad Mix(1/2 cup),120,0,120,120,117,0,117,$9.36,3,2.50%,$0.24,$9.60,0,0.00%,$0.00,$9.60,,,,
Union Mill Elementary,5/22/2025,20031,Banana(Each),80,0,80,136,99,0,99,$20.79,0,0.00%,$0.00,$20.79,37,27.21%,$7.77,$28.56,,,,
Union Mill Elementary,5/22/2025,20038,Fat Free White Milk(Each),30,0,30,21,4,0,4,$1.32,0,0.00%,$0.00,$1.32,17,80.95%,$5.61,$6.93,,,,
Union Mill Elementary,5/22/2025,30039,Cherry Flavored Dried Cranberries(Each),100,0,100,100,54,0,54,$12.96,0,0.00%,$0.00,$12.96,46,46.00%,$11.04,$24.00,,,,
Union Mill Elementary,5/22/2025,30077,Italian Dressing(1 ounce),30,0,30,30,10,0,10,$0.80,0,0.00%,$0.00,$0.80,20,66.67%,$1.60,$2.40,,,,
Union Mill Elementary,5/22/2025,30099,Chickpeas(1/2 cup),25,0,25,25,15,0,15,$2.70,10,40.00%,$1.80,$4.50,0,0.00%,$0.00,$4.50,,,,
Union Mill Elementary,5/22/2025,30103,"Milk, Lactose Free,  Fat Free, Shelf-Stable(Each)",0,0,0,14,14,0,14,$6.72,0,0.00%,$0.00,$6.72,0,0.00%,$0.00,$6.72,,,,
Union Mill Elementary,5/22/2025,30107,Ranch Dressing(1 ounce),80,0,80,80,50,0,50,$5.50,0,0.00%,$0.00,$5.50,30,37.50%,$3.30,$8.80,,,,
Union Mill Elementary,5/22/2025,60035,PB&J Power Pack(Power Packs),100,0,100,144,113,0,113,$122.04,1,0.69%,$1.08,$123.12,30,20.83%,$32.40,$155.52,,,,
Union Mill Elementary,5/22/2025,60037,Strawberry & Banana Yogurt Power Pack(Power Packs),50,0,50,47,31,0,31,$24.80,0,0.00%,$0.00,$24.80,16,34.04%,$12.80,$37.60,,,,
Union Mill Elementary,5/22/2025,60077,Manager's Vegetable Choice(1/2 cup),100,0,100,75,73,0,73,$0.00,2,2.67%,$0.00,$0.00,0,0.00%,$0.00,$0.00,,,,
Union Mill Elementary,5/22/2025,60078,Nachos with Turkey Barbacoa and Cheese Sauce(Serving),0,0,0,10,10,0,10,$13.30,0,0.00%,$0.00,$13.30,0,0.00%,$0.00,$13.30,,,,
Union Mill Elementary,5/22/2025,60101,Chickpeas - salad bar entree(1/2 cup),0,0,0,2,2,0,2,$0.36,0,0.00%,$0.00,$0.36,0,0.00%,$0.00,$0.36,,,,
Union Mill Elementary,5/22/2025,60120,Asian Veggie Sub(sandwich),50,0,50,45,42,0,42,$79.38,3,6.67%,$5.67,$85.05,0,0.00%,$0.00,$85.05,,,,
Union Mill Elementary,5/22/2025,60122,Asian Meatball Sub(sandwich),150,0,150,71,62,0,62,$110.36,9,12.68%,$16.02,$126.38,0,0.00%,$0.00,$126.38,,,,
Union Mill Elementary,5/22/2025,60124,Nachos with Cheese Sauce(Serving),0,0,0,23,23,0,23,$17.71,0,0.00%,$0.00,$17.71,0,0.00%,$0.00,$17.71,,,,
Union Mill Elementary,5/22/2025,sys-16,Fish Tacos(2 Tacos),0,0,0,69,67,0,67,$95.81,2,2.90%,$2.86,$98.67,0,0.00%,$0.00,$98.67,,,,
Vienna Elementary,5/22/2025,10044,Soft Pretzel(1 pretzel),2,0,2,35,6,27,33,$7.26,2,5.71%,$0.44,$7.70,0,0.00%,$0.00,$7.70,,,,
Vienna Elementary,5/22/2025,20001,1% White Milk(Each),18,0,18,31,10,1,11,$3.96,0,0.00%,$0.00,$3.96,20,64.52%,$7.20,$11.16,,,,
Vienna Elementary,5/22/2025,20002,Fat Free Chocolate Milk(Each),60,15,75,115,52,14,66,$23.10,0,0.00%,$0.00,$23.10,49,42.61%,$17.15,$40.25,,,,
Vienna Elementary,5/22/2025,20014,Red Delicious Apple(Each - serving),0,0,0,30,18,2,20,$6.60,0,0.00%,$0.00,$6.60,10,33.33%,$3.30,$9.90,,,,
Vienna Elementary,5/22/2025,20017,Orange(1/4 cup),0,0,0,40,31,1,32,$5.44,0,0.00%,$0.00,$5.44,8,20.00%,$1.36,$6.80,,,,
Vienna Elementary,5/22/2025,20018,Red Seedless Grapes(16 grapes per 1/2 cup),0,0,0,23,23,0,23,$11.73,0,0.00%,$0.00,$11.73,0,0.00%,$0.00,$11.73,,,,
Vienna Elementary,5/22/2025,20028,Lettuce Blend Salad Mix(1 cup),6,0,6,6,6,0,6,$0.96,0,0.00%,$0.00,$0.96,0,0.00%,$0.00,$0.96,,,,
Vienna Elementary,5/22/2025,20028,Lettuce Blend Salad Mix(1/2 cup),40,0,40,40,40,0,40,$3.20,0,0.00%,$0.00,$3.20,0,0.00%,$0.00,$3.20,,,,
Vienna Elementary,5/22/2025,20038,Fat Free White Milk(Each),10,0,10,17,9,1,10,$3.30,0,0.00%,$0.00,$3.30,7,41.18%,$2.31,$5.61,,,,
Vienna Elementary,5/22/2025,20047,Orange Slices(3 slices per 1/4 cup),0,0,0,6,6,0,6,$1.20,0,0.00%,$0.00,$1.20,0,0.00%,$0.00,$1.20,,,,
Vienna Elementary,5/22/2025,20052,Assorted  4 oz Yogurt(Container),0,15,15,12,0,11,11,$0.00,0,0.00%,$0.00,$0.00,1,8.33%,$0.00,$0.00,,,,
Vienna Elementary,5/22/2025,20077,"Peppers, red, pre-sliced(1/2 cup sliced)",0,0,0,35,29,0,29,$16.24,6,17.14%,$3.36,$19.60,0,0.00%,$0.00,$19.60,,,,
Vienna Elementary,5/22/2025,30033,Cheez-Its Crackers(Package),0,0,0,25,0,24,24,$0.00,0,0.00%,$0.00,$0.00,1,4.00%,$0.00,$0.00,,,,
Vienna Elementary,5/22/2025,30045,Watermelon Flavored Dried Cranberries(2 Eaches),0,0,0,30,13,4,17,$8.16,0,0.00%,$0.00,$8.16,13,43.33%,$6.24,$14.40,,,,
Vienna Elementary,5/22/2025,30077,Italian Dressing(1 ounce),15,0,15,15,15,0,15,$1.20,0,0.00%,$0.00,$1.20,0,0.00%,$0.00,$1.20,,,,
Vienna Elementary,5/22/2025,30094,Doritos Wild White Nacho Flavored Tortilla Chips(Bag),0,144,144,51,0,51,51,$0.00,0,0.00%,$0.00,$0.00,0,0.00%,$0.00,$0.00,,,,
Vienna Elementary,5/22/2025,30097,Bottled Water(Bottle),0,12,12,20,0,17,17,$0.00,0,0.00%,$0.00,$0.00,3,15.00%,$0.00,$0.00,,,,
Vienna Elementary,5/22/2025,30099,Chickpeas(1/4 cup),22,0,22,20,11,0,11,$0.99,0,0.00%,$0.00,$0.99,9,45.00%,$0.81,$1.80,,,,
Vienna Elementary,5/22/2025,30107,Ranch Dressing(1 ounce),30,0,30,28,28,0,28,$3.08,0,0.00%,$0.00,$3.08,0,0.00%,$0.00,$3.08,,,,
Vienna Elementary,5/22/2025,30109,Smartfood RF White Cheddar Popcorn(Each),0,0,0,20,0,19,19,$0.00,0,0.00%,$0.00,$0.00,1,5.00%,$0.00,$0.00,,,,
Vienna Elementary,5/22/2025,30158,Black Beans(1/2 Cup),17,0,17,10,10,0,10,$1.70,0,0.00%,$0.00,$1.70,0,0.00%,$0.00,$1.70,,,,
Vienna Elementary,5/22/2025,60002,Chicken Quesadilla(quesadilla),0,0,0,34,32,0,32,$22.40,2,5.88%,$1.40,$23.80,0,0.00%,$0.00,$23.80,,,,
Vienna Elementary,5/22/2025,60035,PB&J Power Pack(Power Packs),10,15,25,30,20,10,30,$32.40,0,0.00%,$0.00,$32.40,0,0.00%,$0.00,$32.40,,,,
Vienna Elementary,5/22/2025,60036,Cherry Vanilla Yogurt Power Pack(Power Packs),3,0,3,3,3,0,3,$2.40,0,0.00%,$0.00,$2.40,0,0.00%,$0.00,$2.40,,,,
Vienna Elementary,5/22/2025,60037,Strawberry & Banana Yogurt Power Pack(Power Packs),4,0,4,6,6,0,6,$4.80,0,0.00%,$0.00,$4.80,0,0.00%,$0.00,$4.80,,,,
Vienna Elementary,5/22/2025,60077,Manager's Vegetable Choice(1/4 cup),49,0,49,48,48,0,48,$0.00,0,0.00%,$0.00,$0.00,0,0.00%,$0.00,$0.00,,,,
Vienna Elementary,5/22/2025,60120,Asian Veggie Sub(sandwich),35,5,40,37,28,9,37,$69.93,0,0.00%,$0.00,$69.93,0,0.00%,$0.00,$69.93,,,,
Vienna Elementary,5/22/2025,60122,Asian Meatball Sub(sandwich),44,5,49,20,13,5,18,$32.04,2,10.00%,$3.56,$35.60,0,0.00%,$0.00,$35.60,,,,
Vienna Elementary,5/22/2025,60149,Hot Turkey & Cheese(sandwich),0,0,0,9,9,0,9,$11.70,0,0.00%,$0.00,$11.70,0,0.00%,$0.00,$11.70,,,,
Virginia Run Elementary,5/22/2025,10044,Soft Pretzel(1 pretzel),0,0,0,5,5,0,5,$1.10,0,0.00%,$0.00,$1.10,0,0.00%,$0.00,$1.10,,,,
Virginia Run Elementary,5/22/2025,20001,1% White Milk(Each),41,1,42,53,50,1,51,$18.36,0,0.00%,$0.00,$18.36,2,3.77%,$0.72,$19.08,,,,
Virginia Run Elementary,5/22/2025,20002,Fat Free Chocolate Milk(Each),277,0,277,275,275,0,275,$96.25,0,0.00%,$0.00,$96.25,0,0.00%,$0.00,$96.25,,,,
Virginia Run Elementary,5/22/2025,20012,Grape Tomatoes(1/4 cup),0,0,0,72,72,0,72,$18.72,0,0.00%,$0.00,$18.72,0,0.00%,$0.00,$18.72,,,,
Virginia Run Elementary,5/22/2025,20015,Golden Delicious Apple(Each),0,0,0,210,210,0,210,$65.10,0,0.00%,$0.00,$65.10,0,0.00%,$0.00,$65.10,,,,
Virginia Run Elementary,5/22/2025,20028,Lettuce Blend Salad Mix(1 cup),26,1,27,21,20,1,21,$3.36,0,0.00%,$0.00,$3.36,0,0.00%,$0.00,$3.36,,,,
Virginia Run Elementary,5/22/2025,20028,Lettuce Blend Salad Mix(1/2 cup),89,0,89,120,120,0,120,$9.60,0,0.00%,$0.00,$9.60,0,0.00%,$0.00,$9.60,,,,
Virginia Run Elementary,5/22/2025,20031,Banana(Each),111,1,112,106,105,1,106,$22.26,0,0.00%,$0.00,$22.26,0,0.00%,$0.00,$22.26,,,,
Virginia Run Elementary,5/22/2025,20036,Celery Sticks(1/2 cup),0,0,0,24,24,0,24,$13.20,0,0.00%,$0.00,$13.20,0,0.00%,$0.00,$13.20,,,,
Virginia Run Elementary,5/22/2025,20038,Fat Free White Milk(Each),16,0,16,15,15,0,15,$4.95,0,0.00%,$0.00,$4.95,0,0.00%,$0.00,$4.95,,,,
Virginia Run Elementary,5/22/2025,20043,"Lactose Free, White Milk(Each)",0,0,0,3,3,0,3,$1.74,0,0.00%,$0.00,$1.74,0,0.00%,$0.00,$1.74,,,,
Virginia Run Elementary,5/22/2025,20047,Orange Slices(3 slices per 1/4 cup),0,0,0,30,30,0,30,$6.00,0,0.00%,$0.00,$6.00,0,0.00%,$0.00,$6.00,,,,
Virginia Run Elementary,5/22/2025,30008,Apple Juice(Each),0,0,0,2,2,0,2,$0.34,0,0.00%,$0.00,$0.34,0,0.00%,$0.00,$0.34,,,,
Virginia Run Elementary,5/22/2025,30030,Cheddar Chex Mix(Package),0,0,0,30,14,0,14,$6.30,0,0.00%,$0.00,$6.30,16,53.33%,$7.20,$13.50,,,,
Virginia Run Elementary,5/22/2025,30033,Cheez-Its Crackers(Package),0,0,0,55,38,0,38,$6.84,0,0.00%,$0.00,$6.84,17,30.91%,$3.06,$9.90,,,,
Virginia Run Elementary,5/22/2025,30034,Graham Crackers(Package),20,0,20,18,18,0,18,$2.52,0,0.00%,$0.00,$2.52,0,0.00%,$0.00,$2.52,,,,
Virginia Run Elementary,5/22/2025,30037,IW Applesauce Cup(Each),19,0,19,18,18,0,18,$4.86,0,0.00%,$0.00,$4.86,0,0.00%,$0.00,$4.86,,,,
Virginia Run Elementary,5/22/2025,30043,Raspberry Lemonade Flavored Dried Cranberries(Each),18,0,18,20,15,0,15,$3.60,0,0.00%,$0.00,$3.60,5,25.00%,$1.20,$4.80,,,,
Virginia Run Elementary,5/22/2025,30077,Italian Dressing(1 ounce),14,0,14,24,9,0,9,$0.72,0,0.00%,$0.00,$0.72,15,62.50%,$1.20,$1.92,,,,
Virginia Run Elementary,5/22/2025,30078,"Sauce, BBQ, HFCS-Free, Bulk, Low-Sodium(2 TBSP)",0,0,0,24,12,0,12,$1.20,0,0.00%,$0.00,$1.20,12,50.00%,$1.20,$2.40,,,,
Virginia Run Elementary,5/22/2025,30097,Bottled Water(Bottle),0,0,0,5,4,0,4,$0.64,0,0.00%,$0.00,$0.64,1,20.00%,$0.16,$0.80,,,,
Virginia Run Elementary,5/22/2025,30107,Ranch Dressing(1 ounce),72,1,73,69,66,1,67,$7.37,0,0.00%,$0.00,$7.37,2,2.90%,$0.22,$7.59,,,,
Virginia Run Elementary,5/22/2025,60004,Egg and American Cheese on English Muffin(Sandwich),0,0,0,6,6,0,6,$3.06,0,0.00%,$0.00,$3.06,0,0.00%,$0.00,$3.06,,,,
Virginia Run Elementary,5/22/2025,60035,PB&J Power Pack(Power Packs),82,0,82,100,94,0,94,$101.52,0,0.00%,$0.00,$101.52,6,6.00%,$6.48,$108.00,,,,
Virginia Run Elementary,5/22/2025,60037,Strawberry & Banana Yogurt Power Pack(Power Packs),28,0,28,26,20,0,20,$16.00,0,0.00%,$0.00,$16.00,6,23.08%,$4.80,$20.80,,,,
Virginia Run Elementary,5/22/2025,60077,Manager's Vegetable Choice(1/4 cup),67,0,67,45,45,0,45,$0.00,0,0.00%,$0.00,$0.00,0,0.00%,$0.00,$0.00,,,,
Virginia Run Elementary,5/22/2025,60078,Nachos with Turkey Barbacoa and Cheese Sauce(Serving),0,0,0,14,14,0,14,$18.62,0,0.00%,$0.00,$18.62,0,0.00%,$0.00,$18.62,,,,
Virginia Run Elementary,5/22/2025,60120,Asian Veggie Sub(sandwich),141,0,141,238,236,0,236,$446.04,2,0.84%,$3.78,$449.82,0,0.00%,$0.00,$449.82,,,,
Virginia Run Elementary,5/22/2025,60121,"Sauce, Spicy Mayo(tbsp)",0,0,0,24,24,0,24,$2.16,0,0.00%,$0.00,$2.16,0,0.00%,$0.00,$2.16,,,,
Virginia Run Elementary,5/22/2025,60122,Asian Meatball Sub(sandwich),82,7,89,51,44,6,50,$89.00,1,1.96%,$1.78,$90.78,0,0.00%,$0.00,$90.78,,,,
Virginia Run Elementary,5/22/2025,60164,"Sandwich, Breakfast. Bagel, Turkey Sausage(Sandwich)",0,0,0,1,1,0,1,$0.54,0,0.00%,$0.00,$0.54,0,0.00%,$0.00,$0.54,,,,
Virginia Run Elementary,5/22/2025,x30159,Chickpeas(1/2 cup),0,0,0,35,35,0,35,$6.30,0,0.00%,$0.00,$6.30,0,0.00%,$0.00,$6.30,,,,
WESTFIELD HS,5/22/2025,10001,"Patty, Chicken, Breaded, WG(2 strips)",14,0,14,14,14,0,14,$3.08,0,0.00%,$0.00,$3.08,0,0.00%,$0.00,$3.08,,,,
WESTFIELD HS,5/22/2025,10015,Baked Cheese Sticks(2 Cheese Sticks),455,0,455,540,438,66,504,$332.64,0,0.00%,$0.00,$332.64,36,6.67%,$23.76,$356.40,,,,
WESTFIELD HS,5/22/2025,10026,Chickenless Bites(4 Bites),0,0,0,153,100,33,133,$97.09,0,0.00%,$0.00,$97.09,20,13.07%,$14.60,$111.69,,,,
WESTFIELD HS,5/22/2025,10033,Chocolate Chip Cookie(Cookie),0,0,0,240,210,0,210,$56.70,0,0.00%,$0.00,$56.70,30,12.50%,$8.10,$64.80,,,,
WESTFIELD HS,5/22/2025,10044,Soft Pretzel(1 pretzel),18,0,18,39,29,6,35,$7.70,0,0.00%,$0.00,$7.70,4,10.26%,$0.88,$8.58,,,,
WESTFIELD HS,5/22/2025,10049,"WG 10"" Flour Tortilla(Tortilla)",10,0,10,14,14,0,14,$4.90,0,0.00%,$0.00,$4.90,0,0.00%,$0.00,$4.90,,,,
WESTFIELD HS,5/22/2025,10051,"Turkey,  Breast, Pre-Sliced, Oven Roasted(3 Slices)",0,0,0,5,1,0,1,$0.54,0,0.00%,$0.00,$0.54,4,80.00%,$2.16,$2.70,,,,
WESTFIELD HS,5/22/2025,10062,Corn(2 Tablespoons (thawed)),17,0,17,30,20,0,20,$1.00,0,0.00%,$0.00,$1.00,10,33.33%,$0.50,$1.50,,,,
WESTFIELD HS,5/22/2025,20001,1% White Milk(Each),72,0,72,97,59,0,59,$21.24,0,0.00%,$0.00,$21.24,38,39.18%,$13.68,$34.92,,,,
WESTFIELD HS,5/22/2025,20002,Fat Free Chocolate Milk(Each),402,0,402,510,388,0,388,$135.80,0,0.00%,$0.00,$135.80,122,23.92%,$42.70,$178.50,,,,
WESTFIELD HS,5/22/2025,20006,"Cheese, Shredded, Cheddar(1/4 cup)",20,0,20,20,20,0,20,$3.40,0,0.00%,$0.00,$3.40,0,0.00%,$0.00,$3.40,,,,
WESTFIELD HS,5/22/2025,20012,Grape Tomatoes(1/4 cup),0,0,0,56,48,0,48,$12.48,0,0.00%,$0.00,$12.48,8,14.29%,$2.08,$14.56,,,,
WESTFIELD HS,5/22/2025,20014,Red Delicious Apple(Each - serving),0,0,0,276,254,0,254,$83.82,0,0.00%,$0.00,$83.82,22,7.97%,$7.26,$91.08,,,,
WESTFIELD HS,5/22/2025,20017,Orange(1/4 cup),0,0,0,239,233,0,233,$39.61,0,0.00%,$0.00,$39.61,6,2.51%,$1.02,$40.63,,,,
WESTFIELD HS,5/22/2025,20018,Red Seedless Grapes(2 Tablespoons),0,0,0,0,0,0,0,$0.00,0,0.00%,$0.00,$0.00,0,0.00%,$0.00,$0.00,,,,
WESTFIELD HS,5/22/2025,20027,Broccoli Florets(6 Pieces per 1/2 cup),48,0,48,44,30,0,30,$4.50,0,0.00%,$0.00,$4.50,14,31.82%,$2.10,$6.60,,,,
WESTFIELD HS,5/22/2025,20028,Lettuce Blend Salad Mix(1 cup),77,0,77,144,128,0,128,$20.48,0,0.00%,$0.00,$20.48,16,11.11%,$2.56,$23.04,,,,
WESTFIELD HS,5/22/2025,20028,Lettuce Blend Salad Mix(1/2 cup),40,0,40,100,90,0,90,$7.20,0,0.00%,$0.00,$7.20,10,10.00%,$0.80,$8.00,,,,
WESTFIELD HS,5/22/2025,20031,Banana(Each),205,0,205,60,60,0,60,$12.60,0,0.00%,$0.00,$12.60,0,0.00%,$0.00,$12.60,,,,
WESTFIELD HS,5/22/2025,20035,"Onions, Red, Whole(2 Tablespoons (sliced))",14,0,14,20,10,0,10,$0.30,0,0.00%,$0.00,$0.30,10,50.00%,$0.30,$0.60,,,,
WESTFIELD HS,5/22/2025,20036,Celery Sticks(1/2 cup),0,0,0,80,58,0,58,$31.90,0,0.00%,$0.00,$31.90,22,27.50%,$12.10,$44.00,,,,
WESTFIELD HS,5/22/2025,20038,Fat Free White Milk(Each),44,0,44,96,19,0,19,$6.27,0,0.00%,$0.00,$6.27,77,80.21%,$25.41,$31.68,,,,
WESTFIELD HS,5/22/2025,20040,Cucumber Slices(2 Tablespoon),10,0,10,0,0,0,0,$0.00,0,0.00%,$0.00,$0.00,0,0.00%,$0.00,$0.00,,,,
WESTFIELD HS,5/22/2025,20041,"Peppers, Green, Whole(2 Tablespoon)",8,0,8,20,10,0,10,$0.60,0,0.00%,$0.00,$0.60,10,50.00%,$0.60,$1.20,,,,
WESTFIELD HS,5/22/2025,20042,"Peppers, Red, Whole(2 Tablespoons)",13,0,13,20,13,0,13,$0.65,0,0.00%,$0.00,$0.65,7,35.00%,$0.35,$1.00,,,,
WESTFIELD HS,5/22/2025,30002,Sub Roll(Sub Roll),0,0,0,2,2,0,2,$0.62,0,0.00%,$0.00,$0.62,0,0.00%,$0.00,$0.62,,,,
WESTFIELD HS,5/22/2025,30014,Whole Wheat Dinner Roll(2 rolls),0,0,0,153,133,0,133,$37.24,0,0.00%,$0.00,$37.24,20,13.07%,$5.60,$42.84,,,,
WESTFIELD HS,5/22/2025,30018,Marinara Sauce(1/4 Cup),357,0,357,467,467,0,467,$70.05,0,0.00%,$0.00,$70.05,0,0.00%,$0.00,$70.05,,,,
WESTFIELD HS,5/22/2025,30024,Black Beans(1/2 Cup),0,0,0,54,17,0,17,$2.89,0,0.00%,$0.00,$2.89,37,68.52%,$6.29,$9.18,,,,
WESTFIELD HS,5/22/2025,30039,Cherry Flavored Dried Cranberries(Each),8,0,8,8,3,0,3,$0.72,0,0.00%,$0.00,$0.72,5,62.50%,$1.20,$1.92,,,,
WESTFIELD HS,5/22/2025,30044,Strawberry Flavored Dried Cranberries(Each),226,0,226,220,207,0,207,$49.68,0,0.00%,$0.00,$49.68,13,5.91%,$3.12,$52.80,,,,
WESTFIELD HS,5/22/2025,30063,Ketchup Packet(Packet),844,0,844,300,300,0,300,$9.00,0,0.00%,$0.00,$9.00,0,0.00%,$0.00,$9.00,,,,
WESTFIELD HS,5/22/2025,30064,Mayonnaise Packet(Packet),155,0,155,62,56,0,56,$5.60,0,0.00%,$0.00,$5.60,6,9.68%,$0.60,$6.20,,,,
WESTFIELD HS,5/22/2025,30065,Mustard Packet(Packet),181,0,181,62,56,0,56,$2.80,0,0.00%,$0.00,$2.80,6,9.68%,$0.30,$3.10,,,,
WESTFIELD HS,5/22/2025,30077,Italian Dressing(1 ounce),12,0,12,24,6,0,6,$0.48,0,0.00%,$0.00,$0.48,18,75.00%,$1.44,$1.92,,,,
WESTFIELD HS,5/22/2025,30097,Bottled Water(Bottle),0,0,0,100,70,0,70,$11.20,0,0.00%,$0.00,$11.20,30,30.00%,$4.80,$16.00,,,,
WESTFIELD HS,5/22/2025,30099,Chickpeas(1/2 cup),0,0,0,12,4,0,4,$0.72,0,0.00%,$0.00,$0.72,8,66.67%,$1.44,$2.16,,,,
WESTFIELD HS,5/22/2025,30107,Ranch Dressing(1 ounce),288,0,288,288,283,0,283,$31.13,0,0.00%,$0.00,$31.13,5,1.74%,$0.55,$31.68,,,,
WESTFIELD HS,5/22/2025,30110,Doritos Flamas(Each),0,0,0,11,11,0,11,$4.07,0,0.00%,$0.00,$4.07,0,0.00%,$0.00,$4.07,,,,
WESTFIELD HS,5/22/2025,30112,Doritos RF Nacho Cheese(Each),0,0,0,75,32,0,32,$11.84,0,0.00%,$0.00,$11.84,43,57.33%,$15.91,$27.75,,,,
WESTFIELD HS,5/22/2025,30119,RF Kettle Chips Jalapeno & Cheddar Chips(Each),0,0,0,100,69,0,69,$41.40,0,0.00%,$0.00,$41.40,31,31.00%,$18.60,$60.00,,,,
WESTFIELD HS,5/22/2025,30120,RF Kettle Chips Sea Salt & Vinegar Chips(Each),0,0,0,90,46,0,46,$27.60,0,0.00%,$0.00,$27.60,44,48.89%,$26.40,$54.00,,,,
WESTFIELD HS,5/22/2025,30124,"Fruit Snacks, Welch's Mixed(Each)",0,0,0,50,30,0,30,$12.00,0,0.00%,$0.00,$12.00,20,40.00%,$8.00,$20.00,,,,
WESTFIELD HS,5/22/2025,60035,PB&J Power Pack(Power Packs),117,0,117,242,121,47,168,$181.44,0,0.00%,$0.00,$181.44,74,30.58%,$79.92,$261.36,,,,
WESTFIELD HS,5/22/2025,60036,Cherry Vanilla Yogurt Power Pack(Power Packs),1,0,1,4,2,0,2,$1.60,0,0.00%,$0.00,$1.60,2,50.00%,$1.60,$3.20,,,,
WESTFIELD HS,5/22/2025,60039,Pasta with Meat Sauce(serving),0,0,0,30,25,5,30,$32.10,0,0.00%,$0.00,$32.10,0,0.00%,$0.00,$32.10,,,,
WESTFIELD HS,5/22/2025,60050,Chickenless Bites(2 Bites),5,0,5,5,5,0,5,$1.90,0,0.00%,$0.00,$1.90,0,0.00%,$0.00,$1.90,,,,
WESTFIELD HS,5/22/2025,60064,Vegetable Dumpling(6 dumplings),0,0,0,13,13,0,13,$0.00,0,0.00%,$0.00,$0.00,0,0.00%,$0.00,$0.00,,,,
WESTFIELD HS,5/22/2025,60075,Spicy Chicken Wrap(Wrap),10,0,10,0,0,0,0,$0.00,0,0.00%,$0.00,$0.00,0,0.00%,$0.00,$0.00,,,,
WESTFIELD HS,5/22/2025,60077,Manager's Vegetable Choice(1/4 cup),96,0,96,0,0,0,0,$0.00,0,0.00%,$0.00,$0.00,0,0.00%,$0.00,$0.00,,,,
WESTFIELD HS,5/22/2025,60078,Nachos with Turkey Barbacoa and Cheese Sauce(Serving),0,0,0,59,58,1,59,$78.47,0,0.00%,$0.00,$78.47,0,0.00%,$0.00,$78.47,,,,
WESTFIELD HS,5/22/2025,60100,Black Beans - salad bar entree(1/2 cup),0,0,0,6,0,6,6,$0.00,0,0.00%,$0.00,$0.00,0,0.00%,$0.00,$0.00,,,,
WESTFIELD HS,5/22/2025,60120,Asian Veggie Sub(sandwich),52,0,52,69,63,5,68,$128.52,1,1.45%,$1.89,$130.41,0,0.00%,$0.00,$130.41,,,,
WESTFIELD HS,5/22/2025,60122,Asian Meatball Sub(sandwich),60,0,60,83,67,2,69,$122.82,1,1.20%,$1.78,$124.60,13,15.66%,$23.14,$147.74,,,,
Wakefield Forest Elementary,5/22/2025,10015,Baked Cheese Sticks(2 Cheese Sticks),0,0,0,26,26,0,26,$17.16,0,0.00%,$0.00,$17.16,0,0.00%,$0.00,$17.16,,,,
Wakefield Forest Elementary,5/22/2025,10033,Chocolate Chip Cookie(1/2 Cookie),0,0,0,213,213,0,213,$29.82,0,0.00%,$0.00,$29.82,0,0.00%,$0.00,$29.82,,,,
Wakefield Forest Elementary,5/22/2025,10044,Soft Pretzel(1 pretzel),0,0,0,5,5,0,5,$1.10,0,0.00%,$0.00,$1.10,0,0.00%,$0.00,$1.10,,,,
Wakefield Forest Elementary,5/22/2025,20001,1% White Milk(Each),17,0,17,151,12,0,12,$4.32,0,0.00%,$0.00,$4.32,139,92.05%,$50.04,$54.36,,,,
Wakefield Forest Elementary,5/22/2025,20002,Fat Free Chocolate Milk(Each),154,2,156,399,175,0,175,$61.25,0,0.00%,$0.00,$61.25,224,56.14%,$78.40,$139.65,,,,
Wakefield Forest Elementary,5/22/2025,20015,Golden Delicious Apple(Each),0,0,0,50,41,0,41,$12.71,0,0.00%,$0.00,$12.71,9,18.00%,$2.79,$15.50,,,,
Wakefield Forest Elementary,5/22/2025,20017,Orange(1/4 cup),0,0,0,136,136,0,136,$23.12,0,0.00%,$0.00,$23.12,0,0.00%,$0.00,$23.12,,,,
Wakefield Forest Elementary,5/22/2025,20027,Broccoli Florets(1/4 cup),45,0,45,84,63,0,63,$5.04,0,0.00%,$0.00,$5.04,21,25.00%,$1.68,$6.72,,,,
Wakefield Forest Elementary,5/22/2025,20028,Lettuce Blend Salad Mix(1/2 cup),80,0,80,120,120,0,120,$9.60,0,0.00%,$0.00,$9.60,0,0.00%,$0.00,$9.60,,,,
Wakefield Forest Elementary,5/22/2025,20038,Fat Free White Milk(Each),13,0,13,134,13,0,13,$4.29,0,0.00%,$0.00,$4.29,121,90.30%,$39.93,$44.22,,,,
Wakefield Forest Elementary,5/22/2025,30077,Italian Dressing(1 ounce),9,0,9,12,12,0,12,$0.96,0,0.00%,$0.00,$0.96,0,0.00%,$0.00,$0.96,,,,
Wakefield Forest Elementary,5/22/2025,30097,Bottled Water(Bottle),0,0,0,1,1,0,1,$0.16,0,0.00%,$0.00,$0.16,0,0.00%,$0.00,$0.16,,,,
Wakefield Forest Elementary,5/22/2025,30099,Chickpeas(1/4 cup),27,0,27,32,16,0,16,$1.44,0,0.00%,$0.00,$1.44,16,50.00%,$1.44,$2.88,,,,
Wakefield Forest Elementary,5/22/2025,30107,Ranch Dressing(1 ounce),16,0,16,24,12,0,12,$1.32,0,0.00%,$0.00,$1.32,12,50.00%,$1.32,$2.64,,,,
Wakefield Forest Elementary,5/22/2025,60035,PB&J Power Pack(Power Packs),56,0,56,33,33,0,33,$35.64,0,0.00%,$0.00,$35.64,0,0.00%,$0.00,$35.64,,,,
Wakefield Forest Elementary,5/22/2025,60038,Peach Yogurt Power Pack(Power Packs),12,0,12,47,47,0,47,$37.60,0,0.00%,$0.00,$37.60,0,0.00%,$0.00,$37.60,,,,
Wakefield Forest Elementary,5/22/2025,60077,Manager's Vegetable Choice(1/4 cup),28,0,28,72,72,0,72,$0.00,0,0.00%,$0.00,$0.00,0,0.00%,$0.00,$0.00,,,,
Wakefield Forest Elementary,5/22/2025,60100,Black Beans - salad bar entree(1/2 cup),2,0,2,1,1,0,1,$0.17,0,0.00%,$0.00,$0.17,0,0.00%,$0.00,$0.17,,,,
Wakefield Forest Elementary,5/22/2025,60122,Asian Meatball Sub(sandwich),54,0,54,129,107,0,107,$190.46,0,0.00%,$0.00,$190.46,22,17.05%,$39.16,$229.62,,,,
Waples Mill Elementary,5/22/2025,10044,Soft Pretzel(1 pretzel),3,0,3,5,5,0,5,$1.10,0,0.00%,$0.00,$1.10,0,0.00%,$0.00,$1.10,,,,
Waples Mill Elementary,5/22/2025,20001,1% White Milk(Each),29,0,29,184,32,0,32,$11.52,0,0.00%,$0.00,$11.52,152,82.61%,$54.72,$66.24,,,,
Waples Mill Elementary,5/22/2025,20002,Fat Free Chocolate Milk(Each),161,0,161,480,161,0,161,$56.35,0,0.00%,$0.00,$56.35,319,66.46%,$111.65,$168.00,,,,
Waples Mill Elementary,5/22/2025,20011,Cherry Tomatoes(1/4 cup),0,0,0,72,72,0,72,$26.64,0,0.00%,$0.00,$26.64,0,0.00%,$0.00,$26.64,,,,
Waples Mill Elementary,5/22/2025,20014,Red Delicious Apple(Each - serving),0,0,0,120,90,0,90,$29.70,0,0.00%,$0.00,$29.70,30,25.00%,$9.90,$39.60,,,,
Waples Mill Elementary,5/22/2025,20018,Red Seedless Grapes(16 grapes per 1/2 cup),0,0,0,138,138,0,138,$70.38,0,0.00%,$0.00,$70.38,0,0.00%,$0.00,$70.38,,,,
Waples Mill Elementary,5/22/2025,20023,Baby Carrots(3 baby carrots per 1/4 cup),0,0,0,48,48,0,48,$4.32,0,0.00%,$0.00,$4.32,0,0.00%,$0.00,$4.32,,,,
Waples Mill Elementary,5/22/2025,20028,Lettuce Blend Salad Mix(1 cup),4,0,4,0,0,0,0,$0.00,0,0.00%,$0.00,$0.00,0,0.00%,$0.00,$0.00,,,,
Waples Mill Elementary,5/22/2025,20028,Lettuce Blend Salad Mix(1/2 cup),132,0,132,160,160,0,160,$12.80,0,0.00%,$0.00,$12.80,0,0.00%,$0.00,$12.80,,,,
Waples Mill Elementary,5/22/2025,20031,Banana(Each),7,0,7,0,0,0,0,$0.00,0,0.00%,$0.00,$0.00,0,0.00%,$0.00,$0.00,,,,
Waples Mill Elementary,5/22/2025,20036,Celery Sticks(1/2 cup),0,0,0,24,24,0,24,$13.20,0,0.00%,$0.00,$13.20,0,0.00%,$0.00,$13.20,,,,
Waples Mill Elementary,5/22/2025,20038,Fat Free White Milk(Each),12,0,12,98,28,0,28,$9.24,0,0.00%,$0.00,$9.24,70,71.43%,$23.10,$32.34,,,,
Waples Mill Elementary,5/22/2025,20047,Orange Slices(3 slices per 1/4 cup),0,0,0,34,34,0,34,$6.80,0,0.00%,$0.00,$6.80,0,0.00%,$0.00,$6.80,,,,
Waples Mill Elementary,5/22/2025,20052,Assorted  4 oz Yogurt(Container),2,0,2,2,2,0,2,$0.00,0,0.00%,$0.00,$0.00,0,0.00%,$0.00,$0.00,,,,
Waples Mill Elementary,5/22/2025,30039,Cherry Flavored Dried Cranberries(Each),24,0,24,5,0,0,0,$0.00,0,0.00%,$0.00,$0.00,5,100.00%,$0.00,$0.00,,,,
Waples Mill Elementary,5/22/2025,30077,Italian Dressing(1 ounce),37,0,37,0,0,0,0,$0.00,0,0.00%,$0.00,$0.00,0,0.00%,$0.00,$0.00,,,,
Waples Mill Elementary,5/22/2025,30097,Bottled Water(Bottle),25,0,25,40,40,0,40,$6.40,0,0.00%,$0.00,$6.40,0,0.00%,$0.00,$6.40,,,,
Waples Mill Elementary,5/22/2025,30099,Chickpeas(1/4 cup),24,0,24,32,20,0,20,$1.80,0,0.00%,$0.00,$1.80,12,37.50%,$1.08,$2.88,,,,
Waples Mill Elementary,5/22/2025,30107,Ranch Dressing(1 ounce),53,0,53,0,0,0,0,$0.00,0,0.00%,$0.00,$0.00,0,0.00%,$0.00,$0.00,,,,
Waples Mill Elementary,5/22/2025,30158,Black Beans(1/2 Cup),3,0,3,5,5,0,5,$0.85,0,0.00%,$0.00,$0.85,0,0.00%,$0.00,$0.85,,,,
Waples Mill Elementary,5/22/2025,60021,Cooked  Brown Rice(1 cup cooked),0,0,0,50,50,0,50,$5.50,0,0.00%,$0.00,$5.50,0,0.00%,$0.00,$5.50,,,,
Waples Mill Elementary,5/22/2025,60035,PB&J Power Pack(Power Packs),50,0,50,5,5,0,5,$5.40,0,0.00%,$0.00,$5.40,0,0.00%,$0.00,$5.40,,,,
Waples Mill Elementary,5/22/2025,60037,Strawberry & Banana Yogurt Power Pack(Power Packs),28,0,28,48,46,0,46,$36.80,0,0.00%,$0.00,$36.80,2,4.17%,$1.60,$38.40,,,,
Waples Mill Elementary,5/22/2025,60038,Peach Yogurt Power Pack(Power Packs),24,0,24,48,48,0,48,$38.40,0,0.00%,$0.00,$38.40,0,0.00%,$0.00,$38.40,,,,
Waples Mill Elementary,5/22/2025,60054,Steamed Broccoli(1/2 cup),40,0,40,21,21,0,21,$3.15,0,0.00%,$0.00,$3.15,0,0.00%,$0.00,$3.15,,,,
Waples Mill Elementary,5/22/2025,60120,Asian Veggie Sub(sandwich),97,0,97,52,50,0,50,$94.50,0,0.00%,$0.00,$94.50,2,3.85%,$3.78,$98.28,,,,
Waples Mill Elementary,5/22/2025,60122,Asian Meatball Sub(sandwich),47,0,47,108,108,0,108,$192.24,0,0.00%,$0.00,$192.24,0,0.00%,$0.00,$192.24,,,,
Washington Mill Elementary,5/22/2025,10044,Soft Pretzel(1 pretzel),43,0,43,48,48,0,48,$10.56,0,0.00%,$0.00,$10.56,0,0.00%,$0.00,$10.56,,,,
Washington Mill Elementary,5/22/2025,10062,Corn(1/4 cup (thawed)),194,0,194,210,210,0,210,$23.10,0,0.00%,$0.00,$23.10,0,0.00%,$0.00,$23.10,,,,
Washington Mill Elementary,5/22/2025,20001,1% White Milk(Each),34,0,34,37,36,1,37,$13.32,0,0.00%,$0.00,$13.32,0,0.00%,$0.00,$13.32,,,,
Washington Mill Elementary,5/22/2025,20002,Fat Free Chocolate Milk(Each),265,0,265,260,260,0,260,$91.00,0,0.00%,$0.00,$91.00,0,0.00%,$0.00,$91.00,,,,
Washington Mill Elementary,5/22/2025,20008,Apple Slices(3 slices per 1/4 cup),0,0,0,640,640,0,640,$377.60,0,0.00%,$0.00,$377.60,0,0.00%,$0.00,$377.60,,,,
Washington Mill Elementary,5/22/2025,20017,Orange(1/4 cup),0,0,0,238,238,0,238,$40.46,0,0.00%,$0.00,$40.46,0,0.00%,$0.00,$40.46,,,,
Washington Mill Elementary,5/22/2025,20028,Lettuce Blend Salad Mix(1 cup),19,0,19,17,16,1,17,$2.72,0,0.00%,$0.00,$2.72,0,0.00%,$0.00,$2.72,,,,
Washington Mill Elementary,5/22/2025,20028,Lettuce Blend Salad Mix(1/2 cup),114,0,114,140,140,0,140,$11.20,0,0.00%,$0.00,$11.20,0,0.00%,$0.00,$11.20,,,,
Washington Mill Elementary,5/22/2025,20031,Banana(Each),250,0,250,103,102,1,103,$21.63,0,0.00%,$0.00,$21.63,0,0.00%,$0.00,$21.63,,,,
Washington Mill Elementary,5/22/2025,20038,Fat Free White Milk(Each),19,0,19,8,8,0,8,$2.64,0,0.00%,$0.00,$2.64,0,0.00%,$0.00,$2.64,,,,
Washington Mill Elementary,5/22/2025,30034,Graham Crackers(Package),18,0,18,16,16,0,16,$2.24,0,0.00%,$0.00,$2.24,0,0.00%,$0.00,$2.24,,,,
Washington Mill Elementary,5/22/2025,30037,IW Applesauce Cup(Each),19,0,19,16,16,0,16,$4.32,0,0.00%,$0.00,$4.32,0,0.00%,$0.00,$4.32,,,,
Washington Mill Elementary,5/22/2025,30077,Italian Dressing(1 ounce),36,0,36,29,28,1,29,$2.32,0,0.00%,$0.00,$2.32,0,0.00%,$0.00,$2.32,,,,
Washington Mill Elementary,5/22/2025,30107,Ranch Dressing(1 ounce),90,0,90,96,96,0,96,$10.56,0,0.00%,$0.00,$10.56,0,0.00%,$0.00,$10.56,,,,
Washington Mill Elementary,5/22/2025,30158,Black Beans(1/2 Cup),22,0,22,22,22,0,22,$3.74,0,0.00%,$0.00,$3.74,0,0.00%,$0.00,$3.74,,,,
Washington Mill Elementary,5/22/2025,60035,PB&J Power Pack(Power Packs),33,0,33,55,55,0,55,$59.40,0,0.00%,$0.00,$59.40,0,0.00%,$0.00,$59.40,,,,
Washington Mill Elementary,5/22/2025,60037,Strawberry & Banana Yogurt Power Pack(Power Packs),40,0,40,62,62,0,62,$49.60,0,0.00%,$0.00,$49.60,0,0.00%,$0.00,$49.60,,,,
Washington Mill Elementary,5/22/2025,60077,Manager's Vegetable Choice(1/4 cup),95,0,95,96,96,0,96,$0.00,0,0.00%,$0.00,$0.00,0,0.00%,$0.00,$0.00,,,,
Washington Mill Elementary,5/22/2025,60120,Asian Veggie Sub(sandwich),203,0,203,231,225,6,231,$436.59,0,0.00%,$0.00,$436.59,0,0.00%,$0.00,$436.59,,,,
Washington Mill Elementary,5/22/2025,60122,Asian Meatball Sub(sandwich),76,0,76,69,69,0,69,$122.82,0,0.00%,$0.00,$122.82,0,0.00%,$0.00,$122.82,,,,
Waynewood Elementary,5/22/2025,10044,Soft Pretzel(1 pretzel),2,0,2,0,0,0,0,$0.00,0,0.00%,$0.00,$0.00,0,0.00%,$0.00,$0.00,,,,
Waynewood Elementary,5/22/2025,10062,Corn(1/4 cup (thawed)),44,0,44,64,64,0,64,$7.04,0,0.00%,$0.00,$7.04,0,0.00%,$0.00,$7.04,,,,
Waynewood Elementary,5/22/2025,20001,1% White Milk(Each),7,0,7,50,9,0,9,$3.24,0,0.00%,$0.00,$3.24,41,82.00%,$14.76,$18.00,,,,
Waynewood Elementary,5/22/2025,20002,Fat Free Chocolate Milk(Each),142,0,142,216,120,0,120,$42.00,0,0.00%,$0.00,$42.00,96,44.44%,$33.60,$75.60,,,,
Waynewood Elementary,5/22/2025,20012,Grape Tomatoes(1/4 cup),0,0,0,10,10,0,10,$2.60,0,0.00%,$0.00,$2.60,0,0.00%,$0.00,$2.60,,,,
Waynewood Elementary,5/22/2025,20015,Golden Delicious Apple(Each),0,0,0,50,50,0,50,$15.50,0,0.00%,$0.00,$15.50,0,0.00%,$0.00,$15.50,,,,
Waynewood Elementary,5/22/2025,20018,Red Seedless Grapes(16 grapes per 1/2 cup),0,0,0,92,92,0,92,$46.92,0,0.00%,$0.00,$46.92,0,0.00%,$0.00,$46.92,,,,
Waynewood Elementary,5/22/2025,20027,Broccoli Florets(1/4 cup),26,0,26,0,0,0,0,$0.00,0,0.00%,$0.00,$0.00,0,0.00%,$0.00,$0.00,,,,
Waynewood Elementary,5/22/2025,20028,Lettuce Blend Salad Mix(1/2 cup),40,0,40,20,20,0,20,$1.60,0,0.00%,$0.00,$1.60,0,0.00%,$0.00,$1.60,,,,
Waynewood Elementary,5/22/2025,20036,Celery Sticks(1/2 cup),0,0,0,15,15,0,15,$8.25,0,0.00%,$0.00,$8.25,0,0.00%,$0.00,$8.25,,,,
Waynewood Elementary,5/22/2025,20038,Fat Free White Milk(Each),3,0,3,50,0,0,0,$0.00,0,0.00%,$0.00,$0.00,50,100.00%,$0.00,$0.00,,,,
Waynewood Elementary,5/22/2025,20047,Orange Slices(3 slices per 1/4 cup),0,0,0,68,68,0,68,$13.60,0,0.00%,$0.00,$13.60,0,0.00%,$0.00,$13.60,,,,
Waynewood Elementary,5/22/2025,30044,Strawberry Flavored Dried Cranberries(Each),42,0,42,50,38,0,38,$9.12,0,0.00%,$0.00,$9.12,12,24.00%,$2.88,$12.00,,,,
Waynewood Elementary,5/22/2025,30045,Watermelon Flavored Dried Cranberries(Each),31,0,31,50,45,0,45,$10.80,0,0.00%,$0.00,$10.80,5,10.00%,$1.20,$12.00,,,,
Waynewood Elementary,5/22/2025,30077,Italian Dressing(1 ounce),14,0,14,24,24,0,24,$1.92,0,0.00%,$0.00,$1.92,0,0.00%,$0.00,$1.92,,,,
Waynewood Elementary,5/22/2025,30099,Chickpeas(1/4 cup),18,0,18,33,13,0,13,$1.17,0,0.00%,$0.00,$1.17,20,60.61%,$1.80,$2.97,,,,
Waynewood Elementary,5/22/2025,30102,1% Unflavored Shelf-Stable Milk(Each),0,0,0,60,4,0,4,$1.52,0,0.00%,$0.00,$1.52,56,93.33%,$21.28,$22.80,,,,
Waynewood Elementary,5/22/2025,30107,Ranch Dressing(1 ounce),38,0,38,48,48,0,48,$5.28,0,0.00%,$0.00,$5.28,0,0.00%,$0.00,$5.28,,,,
Waynewood Elementary,5/22/2025,60035,PB&J Power Pack(Power Packs),58,0,58,72,41,0,41,$44.28,0,0.00%,$0.00,$44.28,31,43.06%,$33.48,$77.76,,,,
Waynewood Elementary,5/22/2025,60036,Cherry Vanilla Yogurt Power Pack(Power Packs),2,0,2,5,1,0,1,$0.80,0,0.00%,$0.00,$0.80,4,80.00%,$3.20,$4.00,,,,
Waynewood Elementary,5/22/2025,60037,Strawberry & Banana Yogurt Power Pack(Power Packs),3,0,3,5,0,0,0,$0.00,0,0.00%,$0.00,$0.00,5,100.00%,$0.00,$0.00,,,,
Waynewood Elementary,5/22/2025,60038,Peach Yogurt Power Pack(Power Packs),1,0,1,5,1,0,1,$0.80,0,0.00%,$0.00,$0.80,4,80.00%,$3.20,$4.00,,,,
Waynewood Elementary,5/22/2025,60040,Grilled Cheese Sandwich(Sandwich),0,0,0,70,67,0,67,$28.14,0,0.00%,$0.00,$28.14,3,4.29%,$1.26,$29.40,,,,
Waynewood Elementary,5/22/2025,60077,Manager's Vegetable Choice(1/4 cup),39,0,39,0,0,0,0,$0.00,0,0.00%,$0.00,$0.00,0,0.00%,$0.00,$0.00,,,,
Waynewood Elementary,5/22/2025,60100,Black Beans - salad bar entree(1/2 cup),22,0,22,0,0,0,0,$0.00,0,0.00%,$0.00,$0.00,0,0.00%,$0.00,$0.00,,,,
Waynewood Elementary,5/22/2025,60120,Asian Veggie Sub(sandwich),0,0,0,90,88,0,88,$166.32,0,0.00%,$0.00,$166.32,2,2.22%,$3.78,$170.10,,,,
Waynewood Elementary,5/22/2025,60122,Asian Meatball Sub(sandwich),34,0,34,10,7,0,7,$12.46,0,0.00%,$0.00,$12.46,3,30.00%,$5.34,$17.80,,,,
West Springfield Elementary,5/22/2025,10044,Soft Pretzel(1 pretzel),22,0,22,42,37,0,37,$8.14,0,0.00%,$0.00,$8.14,5,11.90%,$1.10,$9.24,,,,
West Springfield Elementary,5/22/2025,10045,"Peanut Butter and Jelly Sandwich, IW(Each)",0,0,0,3,3,0,3,$2.01,0,0.00%,$0.00,$2.01,0,0.00%,$0.00,$2.01,,,,
West Springfield Elementary,5/22/2025,10062,Corn(1/4 cup (thawed)),21,0,21,33,22,0,22,$2.42,0,0.00%,$0.00,$2.42,11,33.33%,$1.21,$3.63,,,,
West Springfield Elementary,5/22/2025,20001,1% White Milk(Each),28,0,28,65,16,0,16,$5.76,0,0.00%,$0.00,$5.76,49,75.38%,$17.64,$23.40,,,,
West Springfield Elementary,5/22/2025,20002,Fat Free Chocolate Milk(Each),78,0,78,224,75,0,75,$26.25,0,0.00%,$0.00,$26.25,149,66.52%,$52.15,$78.40,,,,
West Springfield Elementary,5/22/2025,20016,String Cheese(Each),1,0,1,5,5,0,5,$1.10,0,0.00%,$0.00,$1.10,0,0.00%,$0.00,$1.10,,,,
West Springfield Elementary,5/22/2025,20023,Baby Carrots(3 baby carrots per 1/4 cup),0,0,0,72,67,0,67,$6.03,0,0.00%,$0.00,$6.03,5,6.94%,$0.45,$6.48,,,,
West Springfield Elementary,5/22/2025,20028,Lettuce Blend Salad Mix(1 cup),3,0,3,5,5,0,5,$0.80,0,0.00%,$0.00,$0.80,0,0.00%,$0.00,$0.80,,,,
West Springfield Elementary,5/22/2025,20028,Lettuce Blend Salad Mix(1/2 cup),71,0,71,80,70,0,70,$5.60,0,0.00%,$0.00,$5.60,10,12.50%,$0.80,$6.40,,,,
West Springfield Elementary,5/22/2025,20031,Banana(Each),54,0,54,77,54,0,54,$11.34,0,0.00%,$0.00,$11.34,23,29.87%,$4.83,$16.17,,,,
West Springfield Elementary,5/22/2025,20038,Fat Free White Milk(Each),7,0,7,39,5,0,5,$1.65,0,0.00%,$0.00,$1.65,34,87.18%,$11.22,$12.87,,,,
West Springfield Elementary,5/22/2025,20052,Assorted  4 oz Yogurt(Container),0,0,0,2,0,0,0,$0.00,0,0.00%,$0.00,$0.00,2,100.00%,$0.00,$0.00,,,,
West Springfield Elementary,5/22/2025,20074,"Apple Slices(3 slices, 1/4 cup)",0,0,0,192,189,0,189,$34.02,0,0.00%,$0.00,$34.02,3,1.56%,$0.54,$34.56,,,,
West Springfield Elementary,5/22/2025,20076,"Peppers, green, pre-sliced(1/2 cup sliced)",0,0,0,30,22,0,22,$6.60,0,0.00%,$0.00,$6.60,8,26.67%,$2.40,$9.00,,,,
West Springfield Elementary,5/22/2025,20077,"Peppers, red, pre-sliced(1/2 cup sliced)",0,0,0,30,22,0,22,$12.32,0,0.00%,$0.00,$12.32,8,26.67%,$4.48,$16.80,,,,
West Springfield Elementary,5/22/2025,30002,Sub Roll(Sub Roll),0,0,0,30,4,0,4,$1.24,26,86.67%,$8.06,$9.30,0,0.00%,$0.00,$9.30,,,,
West Springfield Elementary,5/22/2025,30041,Orange Flavored Dried Cranberries(Each),27,0,27,18,17,0,17,$4.08,0,0.00%,$0.00,$4.08,1,5.56%,$0.24,$4.32,,,,
West Springfield Elementary,5/22/2025,30077,Italian Dressing(1 ounce),7,0,7,29,28,0,28,$2.24,0,0.00%,$0.00,$2.24,1,3.45%,$0.08,$2.32,,,,
West Springfield Elementary,5/22/2025,30097,Bottled Water(Bottle),5,0,5,24,24,0,24,$3.84,0,0.00%,$0.00,$3.84,0,0.00%,$0.00,$3.84,,,,
West Springfield Elementary,5/22/2025,30099,Chickpeas(1/4 cup),21,0,21,33,20,0,20,$1.80,0,0.00%,$0.00,$1.80,13,39.39%,$1.17,$2.97,,,,
West Springfield Elementary,5/22/2025,30107,Ranch Dressing(1 ounce),61,0,61,77,67,0,67,$7.37,0,0.00%,$0.00,$7.37,10,12.99%,$1.10,$8.47,,,,
West Springfield Elementary,5/22/2025,30158,Black Beans(1/2 Cup),14,0,14,33,18,0,18,$3.06,0,0.00%,$0.00,$3.06,15,45.45%,$2.55,$5.61,,,,
West Springfield Elementary,5/22/2025,60035,PB&J Power Pack(Power Packs),30,0,30,51,51,0,51,$55.08,0,0.00%,$0.00,$55.08,0,0.00%,$0.00,$55.08,,,,
West Springfield Elementary,5/22/2025,60037,Strawberry & Banana Yogurt Power Pack(Power Packs),16,0,16,26,16,0,16,$12.80,0,0.00%,$0.00,$12.80,10,38.46%,$8.00,$20.80,,,,
West Springfield Elementary,5/22/2025,60054,Steamed Broccoli(1/2 cup),12,0,12,10,3,0,3,$0.45,7,70.00%,$1.05,$1.50,0,0.00%,$0.00,$1.50,,,,
West Springfield Elementary,5/22/2025,60077,Manager's Vegetable Choice(1/4 cup),33,0,33,42,35,0,35,$0.00,0,0.00%,$0.00,$0.00,7,16.67%,$0.00,$0.00,,,,
West Springfield Elementary,5/22/2025,60120,Asian Veggie Sub(sandwich),28,0,28,69,68,0,68,$128.52,0,0.00%,$0.00,$128.52,1,1.45%,$1.89,$130.41,,,,
West Springfield Elementary,5/22/2025,60122,Asian Meatball Sub(sandwich),29,0,29,22,17,0,17,$30.26,0,0.00%,$0.00,$30.26,5,22.73%,$8.90,$39.16,,,,
West Springfield Elementary,5/22/2025,60149,Hot Turkey & Cheese(sandwich),0,0,0,2,2,0,2,$2.60,0,0.00%,$0.00,$2.60,0,0.00%,$0.00,$2.60,,,,
West Springfield High,5/22/2025,10015,Baked Cheese Sticks(2 Cheese Sticks),360,0,360,540,368,160,528,$348.48,10,1.85%,$6.60,$355.08,2,0.37%,$1.32,$356.40,,,,
West Springfield High,5/22/2025,10026,Chickenless Bites(4 Bites),100,0,100,170,83,80,163,$118.99,5,2.94%,$3.65,$122.64,2,1.18%,$1.46,$124.10,,,,
West Springfield High,5/22/2025,10033,Chocolate Chip Cookie(Cookie),0,0,0,389,388,0,388,$104.76,1,0.26%,$0.27,$105.03,0,0.00%,$0.00,$105.03,,,,
West Springfield High,5/22/2025,10044,Soft Pretzel(1 pretzel),2,0,2,5,2,0,2,$0.44,0,0.00%,$0.00,$0.44,3,60.00%,$0.66,$1.10,,,,
West Springfield High,5/22/2025,10049,"WG 10"" Flour Tortilla(Tortilla)",0,0,0,2,0,0,0,$0.00,0,0.00%,$0.00,$0.00,2,100.00%,$0.00,$0.00,,,,
West Springfield High,5/22/2025,10051,"Turkey,  Breast, Pre-Sliced, Oven Roasted(3 Slices)",0,0,0,1,0,0,0,$0.00,0,0.00%,$0.00,$0.00,1,100.00%,$0.00,$0.00,,,,
West Springfield High,5/22/2025,10062,Corn(1/4 cup (thawed)),80,0,80,80,63,2,65,$7.15,0,0.00%,$0.00,$7.15,15,18.75%,$1.65,$8.80,,,,
West Springfield High,5/22/2025,10062,Corn(2 Tablespoons (thawed)),0,0,0,3,2,0,2,$0.10,0,0.00%,$0.00,$0.10,1,33.33%,$0.05,$0.15,,,,
West Springfield High,5/22/2025,10070,Orange Sauce(ounce),0,0,0,24,9,1,10,$1.40,10,41.67%,$1.40,$2.80,4,16.67%,$0.56,$3.36,,,,
West Springfield High,5/22/2025,10088,Potato Wedges(4 pieces),0,0,0,195,160,30,190,$19.00,0,0.00%,$0.00,$19.00,5,2.56%,$0.50,$19.50,,,,
West Springfield High,5/22/2025,20001,1% White Milk(Each),100,0,100,103,75,5,80,$28.80,0,0.00%,$0.00,$28.80,23,22.33%,$8.28,$37.08,,,,
West Springfield High,5/22/2025,20002,Fat Free Chocolate Milk(Each),500,0,500,503,446,25,471,$164.85,0,0.00%,$0.00,$164.85,32,6.36%,$11.20,$176.05,,,,
West Springfield High,5/22/2025,20006,"Cheese, Shredded, Cheddar(1/4 cup)",0,0,0,1,0,0,0,$0.00,0,0.00%,$0.00,$0.00,1,100.00%,$0.00,$0.00,,,,
West Springfield High,5/22/2025,20016,String Cheese(Each),0,0,0,4,4,0,4,$0.88,0,0.00%,$0.00,$0.88,0,0.00%,$0.00,$0.88,,,,
West Springfield High,5/22/2025,20018,Red Seedless Grapes(16 grapes per 1/2 cup),0,0,0,653,444,20,464,$236.64,0,0.00%,$0.00,$236.64,189,28.94%,$96.39,$333.03,,,,
West Springfield High,5/22/2025,20023,Baby Carrots(3 baby carrots per 1/4 cup),0,0,0,200,170,10,180,$16.20,0,0.00%,$0.00,$16.20,20,10.00%,$1.80,$18.00,,,,
West Springfield High,5/22/2025,20027,Broccoli Florets(1/4 cup),150,0,150,150,130,10,140,$11.20,0,0.00%,$0.00,$11.20,10,6.67%,$0.80,$12.00,,,,
West Springfield High,5/22/2025,20027,Broccoli Florets(6 Pieces per 1/2 cup),0,0,0,3,2,0,2,$0.30,0,0.00%,$0.00,$0.30,1,33.33%,$0.15,$0.45,,,,
West Springfield High,5/22/2025,20028,Lettuce Blend Salad Mix(1/2 cup),150,0,150,153,137,10,147,$11.76,0,0.00%,$0.00,$11.76,6,3.92%,$0.48,$12.24,,,,
West Springfield High,5/22/2025,20035,"Onions, Red, Whole(2 Tablespoons (sliced))",0,0,0,3,2,0,2,$0.06,0,0.00%,$0.00,$0.06,1,33.33%,$0.03,$0.09,,,,
West Springfield High,5/22/2025,20038,Fat Free White Milk(Each),50,0,50,53,33,2,35,$11.55,0,0.00%,$0.00,$11.55,18,33.96%,$5.94,$17.49,,,,
West Springfield High,5/22/2025,20040,Cucumber Slices(2 Tablespoon),0,0,0,3,2,0,2,$0.06,0,0.00%,$0.00,$0.06,1,33.33%,$0.03,$0.09,,,,
West Springfield High,5/22/2025,20041,"Peppers, Green, Whole(2 Tablespoon)",0,0,0,3,2,0,2,$0.12,0,0.00%,$0.00,$0.12,1,33.33%,$0.06,$0.18,,,,
West Springfield High,5/22/2025,20052,Assorted  4 oz Yogurt(Container),0,0,0,7,7,0,7,$0.00,0,0.00%,$0.00,$0.00,0,0.00%,$0.00,$0.00,,,,
West Springfield High,5/22/2025,30002,Sub Roll(Sub Roll),0,0,0,2,1,0,1,$0.31,0,0.00%,$0.00,$0.31,1,50.00%,$0.31,$0.62,,,,
West Springfield High,5/22/2025,30014,Whole Wheat Dinner Roll(Each),0,0,0,170,83,80,163,$22.82,5,2.94%,$0.70,$23.52,2,1.18%,$0.28,$23.80,,,,
West Springfield High,5/22/2025,30018,Marinara Sauce(1/4 Cup),360,0,360,540,368,160,528,$79.20,10,1.85%,$1.50,$80.70,2,0.37%,$0.30,$81.00,,,,
West Springfield High,5/22/2025,30024,Black Beans(1/4 Cup),20,0,20,20,8,2,10,$0.90,0,0.00%,$0.00,$0.90,10,50.00%,$0.90,$1.80,,,,
West Springfield High,5/22/2025,30033,Cheez-Its Crackers(Package),0,0,0,14,14,0,14,$2.52,0,0.00%,$0.00,$2.52,0,0.00%,$0.00,$2.52,,,,
West Springfield High,5/22/2025,30039,Cherry Flavored Dried Cranberries(2 Eaches),0,0,0,55,26,5,31,$14.88,0,0.00%,$0.00,$14.88,24,43.64%,$11.52,$26.40,,,,
West Springfield High,5/22/2025,30039,Cherry Flavored Dried Cranberries(Each),0,0,0,3,1,0,1,$0.24,0,0.00%,$0.00,$0.24,2,66.67%,$0.48,$0.72,,,,
West Springfield High,5/22/2025,30061,Chilled Mandarin Oranges(1/2 cup (drained)),0,0,0,303,250,10,260,$88.40,0,0.00%,$0.00,$88.40,43,14.19%,$14.62,$103.02,,,,
West Springfield High,5/22/2025,30063,Ketchup Packet(Packet),500,0,500,800,790,0,790,$23.70,0,0.00%,$0.00,$23.70,10,1.25%,$0.30,$24.00,,,,
West Springfield High,5/22/2025,30064,Mayonnaise Packet(Packet),160,0,160,183,162,0,162,$16.20,0,0.00%,$0.00,$16.20,21,11.48%,$2.10,$18.30,,,,
West Springfield High,5/22/2025,30065,Mustard Packet(Packet),100,0,100,96,33,0,33,$1.65,0,0.00%,$0.00,$1.65,63,65.63%,$3.15,$4.80,,,,
West Springfield High,5/22/2025,30077,Italian Dressing(1 ounce),120,0,120,123,20,0,20,$1.60,0,0.00%,$0.00,$1.60,103,83.74%,$8.24,$9.84,,,,
West Springfield High,5/22/2025,30078,"Sauce, BBQ, HFCS-Free, Bulk, Low-Sodium(2 TBSP)",240,0,240,240,235,0,235,$23.50,0,0.00%,$0.00,$23.50,5,2.08%,$0.50,$24.00,,,,
West Springfield High,5/22/2025,30097,Bottled Water(Bottle),0,0,0,124,124,0,124,$19.84,0,0.00%,$0.00,$19.84,0,0.00%,$0.00,$19.84,,,,
West Springfield High,5/22/2025,30099,Chickpeas(2 Tablespoons),0,0,0,3,2,0,2,$0.08,0,0.00%,$0.00,$0.08,1,33.33%,$0.04,$0.12,,,,
West Springfield High,5/22/2025,30102,1% Unflavored Shelf-Stable Milk(Each),0,0,0,56,28,2,30,$11.40,0,0.00%,$0.00,$11.40,26,46.43%,$9.88,$21.28,,,,
West Springfield High,5/22/2025,30107,Ranch Dressing(1 ounce),240,0,240,203,201,0,201,$22.11,0,0.00%,$0.00,$22.11,2,0.99%,$0.22,$22.33,,,,
West Springfield High,5/22/2025,30110,Doritos Flamas(Each),0,0,0,10,10,0,10,$3.70,0,0.00%,$0.00,$3.70,0,0.00%,$0.00,$3.70,,,,
West Springfield High,5/22/2025,30111,Doritos RF Spicy Sweet Chili(Each),0,0,0,50,50,0,50,$18.50,0,0.00%,$0.00,$18.50,0,0.00%,$0.00,$18.50,,,,
West Springfield High,5/22/2025,30112,Doritos RF Nacho Cheese(Each),0,0,0,10,10,0,10,$3.70,0,0.00%,$0.00,$3.70,0,0.00%,$0.00,$3.70,,,,
West Springfield High,5/22/2025,30114,SS Baked Cheetos Flaming Hot(Each),0,0,0,33,33,0,33,$17.49,0,0.00%,$0.00,$17.49,0,0.00%,$0.00,$17.49,,,,
West Springfield High,5/22/2025,30118,Kettle Cooked Smoky BBQ Chips(Each),0,0,0,12,12,0,12,$7.20,0,0.00%,$0.00,$7.20,0,0.00%,$0.00,$7.20,,,,
West Springfield High,5/22/2025,30160,Lay's RF Kettle Original Chips(Each),0,0,0,24,24,0,24,$14.40,0,0.00%,$0.00,$14.40,0,0.00%,$0.00,$14.40,,,,
West Springfield High,5/22/2025,60035,PB&J Power Pack(Power Packs),144,0,144,167,106,60,166,$179.28,0,0.00%,$0.00,$179.28,1,0.60%,$1.08,$180.36,,,,
West Springfield High,5/22/2025,60036,Cherry Vanilla Yogurt Power Pack(Power Packs),3,0,3,8,0,0,0,$0.00,0,0.00%,$0.00,$0.00,8,100.00%,$0.00,$0.00,,,,
West Springfield High,5/22/2025,60037,Strawberry & Banana Yogurt Power Pack(Power Packs),3,0,3,4,0,0,0,$0.00,0,0.00%,$0.00,$0.00,4,100.00%,$0.00,$0.00,,,,
West Springfield High,5/22/2025,60050,Chickenless Bites(2 Bites),0,0,0,1,1,0,1,$0.38,0,0.00%,$0.00,$0.38,0,0.00%,$0.00,$0.38,,,,
West Springfield High,5/22/2025,60064,Vegetable Dumpling(6 dumplings),0,0,0,24,9,1,10,$0.00,10,41.67%,$0.00,$0.00,4,16.67%,$0.00,$0.00,,,,
West Springfield High,5/22/2025,60072,Spicy Breaded Chicken Patty on Bun(Sandwich),0,0,0,190,178,5,183,$137.25,4,2.11%,$3.00,$140.25,3,1.58%,$2.25,$142.50,,,,
West Springfield High,5/22/2025,60075,Spicy Chicken Wrap(Wrap),13,0,13,30,17,10,27,$31.59,0,0.00%,$0.00,$31.59,3,10.00%,$3.51,$35.10,,,,
West Springfield High,5/22/2025,60077,Manager's Vegetable Choice(1/4 cup),30,0,30,33,20,2,22,$0.00,0,0.00%,$0.00,$0.00,11,33.33%,$0.00,$0.00,,,,
West Springfield High,5/22/2025,60100,Black Beans - salad bar entree(1/2 cup),5,0,5,3,2,0,2,$0.34,0,0.00%,$0.00,$0.34,1,33.33%,$0.17,$0.51,,,,
West Springfield High,5/22/2025,60120,Asian Veggie Sub(sandwich),50,0,50,40,30,1,31,$58.59,6,15.00%,$11.34,$69.93,3,7.50%,$5.67,$75.60,,,,
West Springfield High,5/22/2025,60122,Asian Meatball Sub(sandwich),80,0,80,120,83,25,108,$192.24,6,5.00%,$10.68,$202.92,6,5.00%,$10.68,$213.60,,,,
Westbriar Elementary,5/22/2025,10044,Soft Pretzel(1 pretzel),4,0,4,10,7,0,7,$1.54,3,30.00%,$0.66,$2.20,0,0.00%,$0.00,$2.20,,,,
Westbriar Elementary,5/22/2025,10062,Corn(1/4 cup (thawed)),85,0,85,85,83,0,83,$9.13,2,2.35%,$0.22,$9.35,0,0.00%,$0.00,$9.35,,,,
Westbriar Elementary,5/22/2025,20001,1% White Milk(Each),33,0,33,50,37,0,37,$13.32,0,0.00%,$0.00,$13.32,13,26.00%,$4.68,$18.00,,,,
Westbriar Elementary,5/22/2025,20002,Fat Free Chocolate Milk(Each),242,0,242,300,235,0,235,$82.25,0,0.00%,$0.00,$82.25,65,21.67%,$22.75,$105.00,,,,
Westbriar Elementary,5/22/2025,20015,Golden Delicious Apple(Each),0,0,0,80,80,0,80,$24.80,0,0.00%,$0.00,$24.80,0,0.00%,$0.00,$24.80,,,,
Westbriar Elementary,5/22/2025,20017,Orange(1/4 cup),0,0,0,75,73,0,73,$12.41,2,2.67%,$0.34,$12.75,0,0.00%,$0.00,$12.75,,,,
Westbriar Elementary,5/22/2025,20028,Lettuce Blend Salad Mix(1 cup),0,0,0,0,0,0,0,$0.00,0,0.00%,$0.00,$0.00,0,0.00%,$0.00,$0.00,,,,
Westbriar Elementary,5/22/2025,20028,Lettuce Blend Salad Mix(1/2 cup),191,0,191,210,208,0,208,$16.64,2,0.95%,$0.16,$16.80,0,0.00%,$0.00,$16.80,,,,
Westbriar Elementary,5/22/2025,20031,Banana(Each),78,0,78,50,50,0,50,$10.50,0,0.00%,$0.00,$10.50,0,0.00%,$0.00,$10.50,,,,
Westbriar Elementary,5/22/2025,20038,Fat Free White Milk(Each),32,0,32,50,22,0,22,$7.26,0,0.00%,$0.00,$7.26,28,56.00%,$9.24,$16.50,,,,
Westbriar Elementary,5/22/2025,30008,Apple Juice(Each),0,0,0,20,20,0,20,$3.40,0,0.00%,$0.00,$3.40,0,0.00%,$0.00,$3.40,,,,
Westbriar Elementary,5/22/2025,30009,Orange Tangerine Juice(Each),0,0,0,20,18,0,18,$3.06,0,0.00%,$0.00,$3.06,2,10.00%,$0.34,$3.40,,,,
Westbriar Elementary,5/22/2025,30033,Cheez-Its Crackers(Package),0,0,0,37,37,0,37,$6.66,0,0.00%,$0.00,$6.66,0,0.00%,$0.00,$6.66,,,,
Westbriar Elementary,5/22/2025,30039,Cherry Flavored Dried Cranberries(Each),49,0,49,50,47,0,47,$11.28,0,0.00%,$0.00,$11.28,3,6.00%,$0.72,$12.00,,,,
Westbriar Elementary,5/22/2025,30041,Orange Flavored Dried Cranberries(Each),48,0,48,50,44,0,44,$10.56,0,0.00%,$0.00,$10.56,6,12.00%,$1.44,$12.00,,,,
Westbriar Elementary,5/22/2025,30042,Original Flavored Dried Cranberries(Package),53,0,53,50,48,0,48,$11.52,0,0.00%,$0.00,$11.52,2,4.00%,$0.48,$12.00,,,,
Westbriar Elementary,5/22/2025,30077,Italian Dressing(1 ounce),56,0,56,50,38,0,38,$3.04,12,24.00%,$0.96,$4.00,0,0.00%,$0.00,$4.00,,,,
Westbriar Elementary,5/22/2025,30094,Doritos Wild White Nacho Flavored Tortilla Chips(Bag),0,0,0,75,75,0,75,$26.25,0,0.00%,$0.00,$26.25,0,0.00%,$0.00,$26.25,,,,
Westbriar Elementary,5/22/2025,30097,Bottled Water(Bottle),0,0,0,22,22,0,22,$3.52,0,0.00%,$0.00,$3.52,0,0.00%,$0.00,$3.52,,,,
Westbriar Elementary,5/22/2025,30099,Chickpeas(1/4 cup),53,0,53,60,48,0,48,$4.32,12,20.00%,$1.08,$5.40,0,0.00%,$0.00,$5.40,,,,
Westbriar Elementary,5/22/2025,30107,Ranch Dressing(1 ounce),177,0,177,180,175,0,175,$19.25,5,2.78%,$0.55,$19.80,0,0.00%,$0.00,$19.80,,,,
Westbriar Elementary,5/22/2025,30158,Black Beans(1/2 Cup),50,0,50,50,44,0,44,$7.48,6,12.00%,$1.02,$8.50,0,0.00%,$0.00,$8.50,,,,
Westbriar Elementary,5/22/2025,60035,PB&J Power Pack(Power Packs),29,0,29,40,37,0,37,$39.96,0,0.00%,$0.00,$39.96,3,7.50%,$3.24,$43.20,,,,
Westbriar Elementary,5/22/2025,60036,Cherry Vanilla Yogurt Power Pack(Power Packs),3,0,3,5,4,0,4,$3.20,0,0.00%,$0.00,$3.20,1,20.00%,$0.80,$4.00,,,,
Westbriar Elementary,5/22/2025,60037,Strawberry & Banana Yogurt Power Pack(Power Packs),4,0,4,5,4,0,4,$3.20,0,0.00%,$0.00,$3.20,1,20.00%,$0.80,$4.00,,,,
Westbriar Elementary,5/22/2025,60038,Peach Yogurt Power Pack(Power Packs),3,0,3,5,5,0,5,$4.00,0,0.00%,$0.00,$4.00,0,0.00%,$0.00,$4.00,,,,
Westbriar Elementary,5/22/2025,60054,Steamed Broccoli(1/2 cup),90,0,90,90,85,0,85,$12.75,5,5.56%,$0.75,$13.50,0,0.00%,$0.00,$13.50,,,,
Westbriar Elementary,5/22/2025,60076,"Penne Pasta with Marinara and Beef Meatballs(cup cooked pasta, 1/2c sauce, 5 meatballs)",0,0,0,42,42,0,42,$52.50,0,0.00%,$0.00,$52.50,0,0.00%,$0.00,$52.50,,,,
Westbriar Elementary,5/22/2025,60077,Manager's Vegetable Choice(1/4 cup),115,0,115,95,95,0,95,$0.00,0,0.00%,$0.00,$0.00,0,0.00%,$0.00,$0.00,,,,
Westbriar Elementary,5/22/2025,60120,Asian Veggie Sub(sandwich),50,0,50,53,51,0,51,$96.39,2,3.77%,$3.78,$100.17,0,0.00%,$0.00,$100.17,,,,
Westbriar Elementary,5/22/2025,60122,Asian Meatball Sub(sandwich),120,0,120,107,97,5,102,$181.56,5,4.67%,$8.90,$190.46,0,0.00%,$0.00,$190.46,,,,
Westgate Elementary,5/22/2025,10044,Soft Pretzel(1 pretzel),21,0,21,25,21,0,21,$4.62,0,0.00%,$0.00,$4.62,4,16.00%,$0.88,$5.50,,,,
Westgate Elementary,5/22/2025,10062,Corn(1/4 cup (thawed)),95,0,95,96,64,0,64,$7.04,0,0.00%,$0.00,$7.04,32,33.33%,$3.52,$10.56,,,,
Westgate Elementary,5/22/2025,20001,1% White Milk(Each),35,0,35,54,53,0,53,$19.08,0,0.00%,$0.00,$19.08,1,1.85%,$0.36,$19.44,,,,
Westgate Elementary,5/22/2025,20002,Fat Free Chocolate Milk(Each),109,0,109,216,143,0,143,$50.05,0,0.00%,$0.00,$50.05,73,33.80%,$25.55,$75.60,,,,
Westgate Elementary,5/22/2025,20008,Apple Slices(3 slices per 1/4 cup),0,0,0,232,203,0,203,$119.77,0,0.00%,$0.00,$119.77,29,12.50%,$17.11,$136.88,,,,
Westgate Elementary,5/22/2025,20011,Cherry Tomatoes(1/4 cup),0,0,0,72,36,0,36,$13.32,0,0.00%,$0.00,$13.32,36,50.00%,$13.32,$26.64,,,,
Westgate Elementary,5/22/2025,20014,Red Delicious Apple(Each - serving),0,0,0,40,25,0,25,$8.25,0,0.00%,$0.00,$8.25,15,37.50%,$4.95,$13.20,,,,
Westgate Elementary,5/22/2025,20017,Orange(1/4 cup),0,0,0,136,134,0,134,$22.78,0,0.00%,$0.00,$22.78,2,1.47%,$0.34,$23.12,,,,
Westgate Elementary,5/22/2025,20018,Red Seedless Grapes(16 grapes per 1/2 cup),0,0,0,23,23,0,23,$11.73,0,0.00%,$0.00,$11.73,0,0.00%,$0.00,$11.73,,,,
Westgate Elementary,5/22/2025,20023,Baby Carrots(3 baby carrots per 1/4 cup),0,0,0,72,60,0,60,$5.40,0,0.00%,$0.00,$5.40,12,16.67%,$1.08,$6.48,,,,
Westgate Elementary,5/22/2025,20028,Lettuce Blend Salad Mix(1 cup),16,0,16,16,16,0,16,$2.56,0,0.00%,$0.00,$2.56,0,0.00%,$0.00,$2.56,,,,
Westgate Elementary,5/22/2025,20028,Lettuce Blend Salad Mix(1/2 cup),72,0,72,80,60,0,60,$4.80,0,0.00%,$0.00,$4.80,20,25.00%,$1.60,$6.40,,,,
Westgate Elementary,5/22/2025,20031,Banana(Each),16,0,16,16,16,0,16,$3.36,0,0.00%,$0.00,$3.36,0,0.00%,$0.00,$3.36,,,,
Westgate Elementary,5/22/2025,20038,Fat Free White Milk(Each),7,0,7,44,4,0,4,$1.32,0,0.00%,$0.00,$1.32,40,90.91%,$13.20,$14.52,,,,
Westgate Elementary,5/22/2025,20043,"Lactose Free, White Milk(Each)",0,0,0,2,2,0,2,$1.16,0,0.00%,$0.00,$1.16,0,0.00%,$0.00,$1.16,,,,
Westgate Elementary,5/22/2025,30008,Apple Juice(Each),15,0,15,20,16,0,16,$2.72,0,0.00%,$0.00,$2.72,4,20.00%,$0.68,$3.40,,,,
Westgate Elementary,5/22/2025,30009,Orange Tangerine Juice(Each),12,0,12,10,5,0,5,$0.85,0,0.00%,$0.00,$0.85,5,50.00%,$0.85,$1.70,,,,
Westgate Elementary,5/22/2025,30034,Graham Crackers(Package),16,0,16,16,16,0,16,$2.24,0,0.00%,$0.00,$2.24,0,0.00%,$0.00,$2.24,,,,
Westgate Elementary,5/22/2025,30037,IW Applesauce Cup(Each),16,0,16,16,16,0,16,$4.32,0,0.00%,$0.00,$4.32,0,0.00%,$0.00,$4.32,,,,
Westgate Elementary,5/22/2025,30041,Orange Flavored Dried Cranberries(Each),73,0,73,73,53,0,53,$12.72,0,0.00%,$0.00,$12.72,20,27.40%,$4.80,$17.52,,,,
Westgate Elementary,5/22/2025,30077,Italian Dressing(1 ounce),25,0,25,34,22,0,22,$1.76,0,0.00%,$0.00,$1.76,12,35.29%,$0.96,$2.72,,,,
Westgate Elementary,5/22/2025,30097,Bottled Water(Bottle),15,0,15,20,15,0,15,$2.40,0,0.00%,$0.00,$2.40,5,25.00%,$0.80,$3.20,,,,
Westgate Elementary,5/22/2025,30107,Ranch Dressing(1 ounce),28,0,28,40,32,0,32,$3.52,0,0.00%,$0.00,$3.52,8,20.00%,$0.88,$4.40,,,,
Westgate Elementary,5/22/2025,30109,Smartfood RF White Cheddar Popcorn(Each),0,0,0,42,42,0,42,$15.54,0,0.00%,$0.00,$15.54,0,0.00%,$0.00,$15.54,,,,
Westgate Elementary,5/22/2025,30158,Black Beans(1/2 Cup),10,0,10,12,4,0,4,$0.68,0,0.00%,$0.00,$0.68,8,66.67%,$1.36,$2.04,,,,
Westgate Elementary,5/22/2025,60030,Broccoli Alfredo Pasta(1 cup),0,0,0,23,22,0,22,$25.30,1,4.35%,$1.15,$26.45,0,0.00%,$0.00,$26.45,,,,
Westgate Elementary,5/22/2025,60035,PB&J Power Pack(Power Packs),125,0,125,125,101,0,101,$109.08,0,0.00%,$0.00,$109.08,24,19.20%,$25.92,$135.00,,,,
Westgate Elementary,5/22/2025,60036,Cherry Vanilla Yogurt Power Pack(Power Packs),11,0,11,15,12,0,12,$9.60,0,0.00%,$0.00,$9.60,3,20.00%,$2.40,$12.00,,,,
Westgate Elementary,5/22/2025,60038,Peach Yogurt Power Pack(Power Packs),8,0,8,15,13,0,13,$10.40,0,0.00%,$0.00,$10.40,2,13.33%,$1.60,$12.00,,,,
Westgate Elementary,5/22/2025,60078,Nachos with Turkey Barbacoa and Cheese Sauce(Serving),0,0,0,24,18,2,20,$26.60,0,0.00%,$0.00,$26.60,4,16.67%,$5.32,$31.92,,,,
Westgate Elementary,5/22/2025,60099,"Parfait, Triple Berry(Parfait)",0,0,0,6,5,0,5,$3.40,0,0.00%,$0.00,$3.40,1,16.67%,$0.68,$4.08,,,,
Westgate Elementary,5/22/2025,60120,Asian Veggie Sub(sandwich),49,0,49,46,46,0,46,$86.94,0,0.00%,$0.00,$86.94,0,0.00%,$0.00,$86.94,,,,
Westgate Elementary,5/22/2025,60121,"Sauce, Spicy Mayo(tbsp)",0,0,0,24,8,0,8,$0.72,0,0.00%,$0.00,$0.72,16,66.67%,$1.44,$2.16,,,,
Westgate Elementary,5/22/2025,60122,Asian Meatball Sub(sandwich),41,0,41,48,42,2,44,$78.32,4,8.33%,$7.12,$85.44,0,0.00%,$0.00,$85.44,,,,
Westgate Elementary,5/22/2025,60124,Nachos with Cheese Sauce(Serving),0,0,0,34,33,0,33,$25.41,1,2.94%,$0.77,$26.18,0,0.00%,$0.00,$26.18,,,,
Westlawn Elementary,5/22/2025,10044,Soft Pretzel(1 pretzel),2,0,2,0,0,0,0,$0.00,0,0.00%,$0.00,$0.00,0,0.00%,$0.00,$0.00,,,,
Westlawn Elementary,5/22/2025,10062,Corn(1/4 cup (thawed)),89,0,89,128,98,0,98,$10.78,0,0.00%,$0.00,$10.78,30,23.44%,$3.30,$14.08,,,,
Westlawn Elementary,5/22/2025,20001,1% White Milk(Each),132,0,132,158,157,0,157,$56.52,0,0.00%,$0.00,$56.52,1,0.63%,$0.36,$56.88,,,,
Westlawn Elementary,5/22/2025,20002,Fat Free Chocolate Milk(Each),360,0,360,400,310,0,310,$108.50,0,0.00%,$0.00,$108.50,90,22.50%,$31.50,$140.00,,,,
Westlawn Elementary,5/22/2025,20018,Red Seedless Grapes(8 grapes per 1/4 cup),0,0,0,414,368,0,368,$95.68,0,0.00%,$0.00,$95.68,46,11.11%,$11.96,$107.64,,,,
Westlawn Elementary,5/22/2025,20028,Lettuce Blend Salad Mix(1/2 cup),133,0,133,109,108,0,108,$8.64,1,0.92%,$0.08,$8.72,0,0.00%,$0.00,$8.72,,,,
Westlawn Elementary,5/22/2025,20031,Banana(Each),262,0,262,192,173,0,173,$36.33,0,0.00%,$0.00,$36.33,19,9.90%,$3.99,$40.32,,,,
Westlawn Elementary,5/22/2025,20038,Fat Free White Milk(Each),28,0,28,50,45,0,45,$14.85,0,0.00%,$0.00,$14.85,5,10.00%,$1.65,$16.50,,,,
Westlawn Elementary,5/22/2025,20043,"Lactose Free, White Milk(Each)",0,0,0,1,1,0,1,$0.58,0,0.00%,$0.00,$0.58,0,0.00%,$0.00,$0.58,,,,
Westlawn Elementary,5/22/2025,30034,Graham Crackers(Package),17,0,17,17,17,0,17,$2.38,0,0.00%,$0.00,$2.38,0,0.00%,$0.00,$2.38,,,,
Westlawn Elementary,5/22/2025,30037,IW Applesauce Cup(Each),12,0,12,17,17,0,17,$4.59,0,0.00%,$0.00,$4.59,0,0.00%,$0.00,$4.59,,,,
Westlawn Elementary,5/22/2025,30039,Cherry Flavored Dried Cranberries(Each),10,0,10,0,0,0,0,$0.00,0,0.00%,$0.00,$0.00,0,0.00%,$0.00,$0.00,,,,
Westlawn Elementary,5/22/2025,30041,Orange Flavored Dried Cranberries(Each),27,0,27,0,0,0,0,$0.00,0,0.00%,$0.00,$0.00,0,0.00%,$0.00,$0.00,,,,
Westlawn Elementary,5/22/2025,30042,Original Flavored Dried Cranberries(Package),43,0,43,0,0,0,0,$0.00,0,0.00%,$0.00,$0.00,0,0.00%,$0.00,$0.00,,,,
Westlawn Elementary,5/22/2025,30043,Raspberry Lemonade Flavored Dried Cranberries(Each),19,0,19,0,0,0,0,$0.00,0,0.00%,$0.00,$0.00,0,0.00%,$0.00,$0.00,,,,
Westlawn Elementary,5/22/2025,30044,Strawberry Flavored Dried Cranberries(Each),39,0,39,0,0,0,0,$0.00,0,0.00%,$0.00,$0.00,0,0.00%,$0.00,$0.00,,,,
Westlawn Elementary,5/22/2025,30045,Watermelon Flavored Dried Cranberries(Each),39,0,39,0,0,0,0,$0.00,0,0.00%,$0.00,$0.00,0,0.00%,$0.00,$0.00,,,,
Westlawn Elementary,5/22/2025,30077,Italian Dressing(1 ounce),21,0,21,24,12,0,12,$0.96,0,0.00%,$0.00,$0.96,12,50.00%,$0.96,$1.92,,,,
Westlawn Elementary,5/22/2025,30099,Chickpeas(1/4 cup),40,0,40,30,30,0,30,$2.70,0,0.00%,$0.00,$2.70,0,0.00%,$0.00,$2.70,,,,
Westlawn Elementary,5/22/2025,30107,Ranch Dressing(1 ounce),43,0,43,36,30,0,30,$3.30,0,0.00%,$0.00,$3.30,6,16.67%,$0.66,$3.96,,,,
Westlawn Elementary,5/22/2025,30158,Black Beans(1/2 Cup),4,0,4,0,0,0,0,$0.00,0,0.00%,$0.00,$0.00,0,0.00%,$0.00,$0.00,,,,
Westlawn Elementary,5/22/2025,60035,PB&J Power Pack(Power Packs),68,0,68,50,48,0,48,$51.84,0,0.00%,$0.00,$51.84,2,4.00%,$2.16,$54.00,,,,
Westlawn Elementary,5/22/2025,60036,Cherry Vanilla Yogurt Power Pack(Power Packs),8,0,8,35,35,0,35,$28.00,0,0.00%,$0.00,$28.00,0,0.00%,$0.00,$28.00,,,,
Westlawn Elementary,5/22/2025,60037,Strawberry & Banana Yogurt Power Pack(Power Packs),22,0,22,40,37,0,37,$29.60,0,0.00%,$0.00,$29.60,3,7.50%,$2.40,$32.00,,,,
Westlawn Elementary,5/22/2025,60038,Peach Yogurt Power Pack(Power Packs),5,0,5,30,30,0,30,$24.00,0,0.00%,$0.00,$24.00,0,0.00%,$0.00,$24.00,,,,
Westlawn Elementary,5/22/2025,60054,Steamed Broccoli(1/4 cups),70,0,70,96,91,0,91,$7.28,5,5.21%,$0.40,$7.68,0,0.00%,$0.00,$7.68,,,,
Westlawn Elementary,5/22/2025,60077,Manager's Vegetable Choice(1/4 cup),111,0,111,120,115,0,115,$0.00,0,0.00%,$0.00,$0.00,5,4.17%,$0.00,$0.00,,,,
Westlawn Elementary,5/22/2025,60120,Asian Veggie Sub(sandwich),148,0,148,205,201,0,201,$379.89,0,0.00%,$0.00,$379.89,4,1.95%,$7.56,$387.45,,,,
Westlawn Elementary,5/22/2025,60122,Asian Meatball Sub(sandwich),278,7,285,249,235,6,241,$428.98,0,0.00%,$0.00,$428.98,8,3.21%,$14.24,$443.22,,,,
Weyanoke Elementary,5/22/2025,10026,Chickenless Bites(2 Bites),0,0,0,3,3,0,3,$1.08,0,0.00%,$0.00,$1.08,0,0.00%,$0.00,$1.08,,,,
Weyanoke Elementary,5/22/2025,10044,Soft Pretzel(1 pretzel),22,0,22,48,48,0,48,$10.56,0,0.00%,$0.00,$10.56,0,0.00%,$0.00,$10.56,,,,
Weyanoke Elementary,5/22/2025,10088,Potato Wedges(4 pieces),0,0,0,241,240,1,241,$24.10,0,0.00%,$0.00,$24.10,0,0.00%,$0.00,$24.10,,,,
Weyanoke Elementary,5/22/2025,20001,1% White Milk(Each),144,0,144,710,61,2,63,$22.68,0,0.00%,$0.00,$22.68,647,91.13%,$232.92,$255.60,,,,
Weyanoke Elementary,5/22/2025,20002,Fat Free Chocolate Milk(Each),250,0,250,394,304,0,304,$106.40,0,0.00%,$0.00,$106.40,90,22.84%,$31.50,$137.90,,,,
Weyanoke Elementary,5/22/2025,20008,Apple Slices(3 slices per 1/4 cup),0,0,0,464,464,0,464,$273.76,0,0.00%,$0.00,$273.76,0,0.00%,$0.00,$273.76,,,,
Weyanoke Elementary,5/22/2025,20012,Grape Tomatoes(1/4 cup),0,0,0,144,94,0,94,$24.44,0,0.00%,$0.00,$24.44,50,34.72%,$13.00,$37.44,,,,
Weyanoke Elementary,5/22/2025,20015,Golden Delicious Apple(Each),0,0,0,134,56,0,56,$17.36,0,0.00%,$0.00,$17.36,78,58.21%,$24.18,$41.54,,,,
Weyanoke Elementary,5/22/2025,20023,Baby Carrots(3 baby carrots per 1/4 cup),0,0,0,114,98,1,99,$8.91,0,0.00%,$0.00,$8.91,15,13.16%,$1.35,$10.26,,,,
Weyanoke Elementary,5/22/2025,20027,Broccoli Florets(1/4 cup),0,0,0,84,44,0,44,$3.52,0,0.00%,$0.00,$3.52,40,47.62%,$3.20,$6.72,,,,
Weyanoke Elementary,5/22/2025,20028,Lettuce Blend Salad Mix(1 cup),41,0,41,23,22,1,23,$3.68,0,0.00%,$0.00,$3.68,0,0.00%,$0.00,$3.68,,,,
Weyanoke Elementary,5/22/2025,20028,Lettuce Blend Salad Mix(1/2 cup),240,0,240,240,220,0,220,$17.60,0,0.00%,$0.00,$17.60,20,8.33%,$1.60,$19.20,,,,
Weyanoke Elementary,5/22/2025,20031,Banana(Each),106,0,106,158,157,1,158,$33.18,0,0.00%,$0.00,$33.18,0,0.00%,$0.00,$33.18,,,,
Weyanoke Elementary,5/22/2025,20038,Fat Free White Milk(Each),4,0,4,90,29,0,29,$9.57,0,0.00%,$0.00,$9.57,61,67.78%,$20.13,$29.70,,,,
Weyanoke Elementary,5/22/2025,20043,"Lactose Free, White Milk(Each)",2,0,2,73,4,0,4,$2.32,0,0.00%,$0.00,$2.32,69,94.52%,$40.02,$42.34,,,,
Weyanoke Elementary,5/22/2025,20074,"Apple Slices(3 slices, 1/4 cup)",0,0,0,18,17,1,18,$3.24,0,0.00%,$0.00,$3.24,0,0.00%,$0.00,$3.24,,,,
Weyanoke Elementary,5/22/2025,20087,"Carrots, Slims Bulk (Sub For Receiving Only)(3 baby carrots per 1/4 cup)",0,0,0,237,237,0,237,$26.07,0,0.00%,$0.00,$26.07,0,0.00%,$0.00,$26.07,,,,
Weyanoke Elementary,5/22/2025,30011,"Salsa, Mild Canned(1.5 oz)",0,0,0,11,11,0,11,$1.10,0,0.00%,$0.00,$1.10,0,0.00%,$0.00,$1.10,,,,
Weyanoke Elementary,5/22/2025,30014,Whole Wheat Dinner Roll(2 rolls),0,0,0,22,21,1,22,$6.16,0,0.00%,$0.00,$6.16,0,0.00%,$0.00,$6.16,,,,
Weyanoke Elementary,5/22/2025,30016,"Bread, Hamburger Bun(Bun)",0,0,0,141,141,0,141,$4.23,0,0.00%,$0.00,$4.23,0,0.00%,$0.00,$4.23,,,,
Weyanoke Elementary,5/22/2025,30034,Graham Crackers(Package),36,0,36,96,91,0,91,$12.74,0,0.00%,$0.00,$12.74,5,5.21%,$0.70,$13.44,,,,
Weyanoke Elementary,5/22/2025,30037,IW Applesauce Cup(Each),36,0,36,33,33,0,33,$8.91,0,0.00%,$0.00,$8.91,0,0.00%,$0.00,$8.91,,,,
Weyanoke Elementary,5/22/2025,30077,Italian Dressing(1 ounce),34,0,34,119,97,1,98,$7.84,0,0.00%,$0.00,$7.84,21,17.65%,$1.68,$9.52,,,,
Weyanoke Elementary,5/22/2025,30099,Chickpeas(1/4 cup),28,0,28,56,46,0,46,$4.14,0,0.00%,$0.00,$4.14,10,17.86%,$0.90,$5.04,,,,
Weyanoke Elementary,5/22/2025,60009,"Sandwich, Turkey & Cheese(sandwich)",0,0,0,15,14,1,15,$10.35,0,0.00%,$0.00,$10.35,0,0.00%,$0.00,$10.35,,,,
Weyanoke Elementary,5/22/2025,60010,Cheese Sandwich(sandwich),0,0,0,3,3,0,3,$0.81,0,0.00%,$0.00,$0.81,0,0.00%,$0.00,$0.81,,,,
Weyanoke Elementary,5/22/2025,60035,PB&J Power Pack(Power Packs),50,0,50,63,58,0,58,$62.64,0,0.00%,$0.00,$62.64,5,7.94%,$5.40,$68.04,,,,
Weyanoke Elementary,5/22/2025,60036,Cherry Vanilla Yogurt Power Pack(Power Packs),0,0,0,5,4,0,4,$3.20,0,0.00%,$0.00,$3.20,1,20.00%,$0.80,$4.00,,,,
Weyanoke Elementary,5/22/2025,60037,Strawberry & Banana Yogurt Power Pack(Power Packs),10,0,10,36,17,0,17,$13.60,0,0.00%,$0.00,$13.60,19,52.78%,$15.20,$28.80,,,,
Weyanoke Elementary,5/22/2025,60047,Chicken Tenders(3 tenders),0,0,0,160,159,1,160,$150.40,0,0.00%,$0.00,$150.40,0,0.00%,$0.00,$150.40,,,,
Weyanoke Elementary,5/22/2025,60051,Steamed Baby Carrots(1/2 cup),0,0,0,50,50,0,50,$9.00,0,0.00%,$0.00,$9.00,0,0.00%,$0.00,$9.00,,,,
Weyanoke Elementary,5/22/2025,60054,Steamed Broccoli(1/2 cup),40,0,40,50,50,0,50,$7.50,0,0.00%,$0.00,$7.50,0,0.00%,$0.00,$7.50,,,,
Weyanoke Elementary,5/22/2025,60095,Chicken and Cheese Quesadilla(Quesadilla),0,0,0,11,11,0,11,$9.68,0,0.00%,$0.00,$9.68,0,0.00%,$0.00,$9.68,,,,
Weyanoke Elementary,5/22/2025,60101,Chickpeas - salad bar entree(1/2 cup),0,0,0,10,2,0,2,$0.36,0,0.00%,$0.00,$0.36,8,80.00%,$1.44,$1.80,,,,
Weyanoke Elementary,5/22/2025,60108,Chicken Tenders Sub(Sandwich),0,0,0,97,91,6,97,$120.28,0,0.00%,$0.00,$120.28,0,0.00%,$0.00,$120.28,,,,
Weyanoke Elementary,5/22/2025,60120,Asian Veggie Sub(sandwich),200,0,200,112,104,2,106,$200.34,0,0.00%,$0.00,$200.34,6,5.36%,$11.34,$211.68,,,,
White Oaks Elementary,5/22/2025,10044,Soft Pretzel(1 pretzel),46,0,46,68,53,0,53,$11.66,0,0.00%,$0.00,$11.66,15,22.06%,$3.30,$14.96,,,,
White Oaks Elementary,5/22/2025,20001,1% White Milk(Each),35,0,35,78,56,0,56,$20.16,0,0.00%,$0.00,$20.16,22,28.21%,$7.92,$28.08,,,,
White Oaks Elementary,5/22/2025,20002,Fat Free Chocolate Milk(Each),185,0,185,153,139,0,139,$48.65,0,0.00%,$0.00,$48.65,14,9.15%,$4.90,$53.55,,,,
White Oaks Elementary,5/22/2025,20015,Golden Delicious Apple(Each),0,0,0,100,90,0,90,$27.90,0,0.00%,$0.00,$27.90,10,10.00%,$3.10,$31.00,,,,
White Oaks Elementary,5/22/2025,20016,String Cheese(Each),0,0,0,1,1,0,1,$0.22,0,0.00%,$0.00,$0.22,0,0.00%,$0.00,$0.22,,,,
White Oaks Elementary,5/22/2025,20017,Orange(1/4 cup),0,0,0,120,117,0,117,$19.89,3,2.50%,$0.51,$20.40,0,0.00%,$0.00,$20.40,,,,
White Oaks Elementary,5/22/2025,20018,Red Seedless Grapes(16 grapes per 1/2 cup),0,0,0,60,60,0,60,$30.60,0,0.00%,$0.00,$30.60,0,0.00%,$0.00,$30.60,,,,
White Oaks Elementary,5/22/2025,20028,Lettuce Blend Salad Mix(1 cup),30,0,30,29,29,0,29,$4.64,0,0.00%,$0.00,$4.64,0,0.00%,$0.00,$4.64,,,,
White Oaks Elementary,5/22/2025,20028,Lettuce Blend Salad Mix(1/2 cup),139,0,139,120,118,0,118,$9.44,2,1.67%,$0.16,$9.60,0,0.00%,$0.00,$9.60,,,,
White Oaks Elementary,5/22/2025,20031,Banana(Each),31,0,31,29,29,0,29,$6.09,0,0.00%,$0.00,$6.09,0,0.00%,$0.00,$6.09,,,,
White Oaks Elementary,5/22/2025,20038,Fat Free White Milk(Each),15,0,15,10,6,0,6,$1.98,0,0.00%,$0.00,$1.98,4,40.00%,$1.32,$3.30,,,,
White Oaks Elementary,5/22/2025,20043,"Lactose Free, White Milk(Each)",0,0,0,1,1,0,1,$0.58,0,0.00%,$0.00,$0.58,0,0.00%,$0.00,$0.58,,,,
White Oaks Elementary,5/22/2025,20052,Assorted  4 oz Yogurt(Container),0,0,0,1,1,0,1,$0.00,0,0.00%,$0.00,$0.00,0,0.00%,$0.00,$0.00,,,,
White Oaks Elementary,5/22/2025,20076,"Peppers, green, pre-sliced(1/2 cup sliced)",0,0,0,80,67,0,67,$20.10,13,16.25%,$3.90,$24.00,0,0.00%,$0.00,$24.00,,,,
White Oaks Elementary,5/22/2025,30034,Graham Crackers(Package),18,0,18,15,15,0,15,$2.10,0,0.00%,$0.00,$2.10,0,0.00%,$0.00,$2.10,,,,
White Oaks Elementary,5/22/2025,30037,IW Applesauce Cup(Each),18,0,18,15,15,0,15,$4.05,0,0.00%,$0.00,$4.05,0,0.00%,$0.00,$4.05,,,,
White Oaks Elementary,5/22/2025,30045,Watermelon Flavored Dried Cranberries(Each),90,0,90,150,100,0,100,$24.00,0,0.00%,$0.00,$24.00,50,33.33%,$12.00,$36.00,,,,
White Oaks Elementary,5/22/2025,30077,Italian Dressing(1 ounce),74,0,74,89,70,0,70,$5.60,0,0.00%,$0.00,$5.60,19,21.35%,$1.52,$7.12,,,,
White Oaks Elementary,5/22/2025,30094,Doritos Wild White Nacho Flavored Tortilla Chips(Bag),0,0,0,73,73,0,73,$25.55,0,0.00%,$0.00,$25.55,0,0.00%,$0.00,$25.55,,,,
White Oaks Elementary,5/22/2025,30097,Bottled Water(Bottle),0,0,0,28,28,0,28,$4.48,0,0.00%,$0.00,$4.48,0,0.00%,$0.00,$4.48,,,,
White Oaks Elementary,5/22/2025,30099,Chickpeas(1/4 cup),54,0,54,60,57,0,57,$5.13,3,5.00%,$0.27,$5.40,0,0.00%,$0.00,$5.40,,,,
White Oaks Elementary,5/22/2025,30107,Ranch Dressing(1 ounce),114,0,114,129,117,0,117,$12.87,0,0.00%,$0.00,$12.87,12,9.30%,$1.32,$14.19,,,,
White Oaks Elementary,5/22/2025,30158,Black Beans(1/2 Cup),2,0,2,5,5,0,5,$0.85,0,0.00%,$0.00,$0.85,0,0.00%,$0.00,$0.85,,,,
White Oaks Elementary,5/22/2025,60035,PB&J Power Pack(Power Packs),78,0,78,100,98,0,98,$105.84,0,0.00%,$0.00,$105.84,2,2.00%,$2.16,$108.00,,,,
White Oaks Elementary,5/22/2025,60037,Strawberry & Banana Yogurt Power Pack(Power Packs),48,0,48,48,45,0,45,$36.00,0,0.00%,$0.00,$36.00,3,6.25%,$2.40,$38.40,,,,
White Oaks Elementary,5/22/2025,60054,Steamed Broccoli(1/2 cup),127,0,127,100,98,0,98,$14.70,2,2.00%,$0.30,$15.00,0,0.00%,$0.00,$15.00,,,,
White Oaks Elementary,5/22/2025,60120,Asian Veggie Sub(sandwich),48,0,48,81,72,7,79,$149.31,2,2.47%,$3.78,$153.09,0,0.00%,$0.00,$153.09,,,,
White Oaks Elementary,5/22/2025,60121,"Sauce, Spicy Mayo(tbsp)",0,0,0,100,92,0,92,$8.28,0,0.00%,$0.00,$8.28,8,8.00%,$0.72,$9.00,,,,
White Oaks Elementary,5/22/2025,60122,Asian Meatball Sub(sandwich),66,0,66,128,113,6,119,$211.82,9,7.03%,$16.02,$227.84,0,0.00%,$0.00,$227.84,,,,
Whitman Middle School,5/22/2025,10015,Baked Cheese Sticks(2 Cheese Sticks),270,0,270,166,154,8,162,$106.92,0,0.00%,$0.00,$106.92,4,2.41%,$2.64,$109.56,,,,
Whitman Middle School,5/22/2025,10026,Chickenless Bites(4 Bites),0,0,0,170,169,0,169,$123.37,0,0.00%,$0.00,$123.37,1,0.59%,$0.73,$124.10,,,,
Whitman Middle School,5/22/2025,10031,"Calzone, Cheese(Each)",0,0,0,45,45,0,45,$43.65,0,0.00%,$0.00,$43.65,0,0.00%,$0.00,$43.65,,,,
Whitman Middle School,5/22/2025,10033,Chocolate Chip Cookie(Cookie),0,0,0,76,59,0,59,$15.93,2,2.63%,$0.54,$16.47,15,19.74%,$4.05,$20.52,,,,
Whitman Middle School,5/22/2025,10044,Soft Pretzel(1 pretzel),0,0,0,3,1,0,1,$0.22,0,0.00%,$0.00,$0.22,2,66.67%,$0.44,$0.66,,,,
Whitman Middle School,5/22/2025,20001,1% White Milk(Each),64,0,64,161,64,1,65,$23.40,0,0.00%,$0.00,$23.40,96,59.63%,$34.56,$57.96,,,,
Whitman Middle School,5/22/2025,20002,Fat Free Chocolate Milk(Each),261,0,261,304,272,0,272,$95.20,0,0.00%,$0.00,$95.20,32,10.53%,$11.20,$106.40,,,,
Whitman Middle School,5/22/2025,20012,Grape Tomatoes(6 Tomatoes per 1/2 cup),0,0,0,72,67,5,72,$37.44,0,0.00%,$0.00,$37.44,0,0.00%,$0.00,$37.44,,,,
Whitman Middle School,5/22/2025,20014,Red Delicious Apple(Each - serving),0,0,0,102,98,4,102,$33.66,0,0.00%,$0.00,$33.66,0,0.00%,$0.00,$33.66,,,,
Whitman Middle School,5/22/2025,20017,Orange(6 Slices per 1/2 cup),0,0,0,138,138,0,138,$46.92,0,0.00%,$0.00,$46.92,0,0.00%,$0.00,$46.92,,,,
Whitman Middle School,5/22/2025,20018,Red Seedless Grapes(16 grapes per 1/2 cup),0,0,0,138,131,7,138,$70.38,0,0.00%,$0.00,$70.38,0,0.00%,$0.00,$70.38,,,,
Whitman Middle School,5/22/2025,20027,Broccoli Florets(1/4 cup),79,0,79,84,56,5,61,$4.88,0,0.00%,$0.00,$4.88,23,27.38%,$1.84,$6.72,,,,
Whitman Middle School,5/22/2025,20028,Lettuce Blend Salad Mix(1/2 cup),477,0,477,480,466,8,474,$37.92,0,0.00%,$0.00,$37.92,6,1.25%,$0.48,$38.40,,,,
Whitman Middle School,5/22/2025,20031,Banana(Each),95,0,95,102,96,6,102,$21.42,0,0.00%,$0.00,$21.42,0,0.00%,$0.00,$21.42,,,,
Whitman Middle School,5/22/2025,20038,Fat Free White Milk(Each),22,0,22,142,20,0,20,$6.60,0,0.00%,$0.00,$6.60,122,85.92%,$40.26,$46.86,,,,
Whitman Middle School,5/22/2025,30008,Apple Juice(Each),0,0,0,4,0,0,0,$0.00,0,0.00%,$0.00,$0.00,4,100.00%,$0.00,$0.00,,,,
Whitman Middle School,5/22/2025,30009,Orange Tangerine Juice(Each),0,0,0,4,0,0,0,$0.00,0,0.00%,$0.00,$0.00,4,100.00%,$0.00,$0.00,,,,
Whitman Middle School,5/22/2025,30014,Whole Wheat Dinner Roll(2 rolls),0,0,0,170,169,0,169,$47.32,0,0.00%,$0.00,$47.32,1,0.59%,$0.28,$47.60,,,,
Whitman Middle School,5/22/2025,30018,Marinara Sauce(1/4 Cup),241,0,241,166,156,6,162,$24.30,0,0.00%,$0.00,$24.30,4,2.41%,$0.60,$24.90,,,,
Whitman Middle School,5/22/2025,30024,Black Beans(1/2 Cup),39,0,39,64,56,3,59,$10.03,0,0.00%,$0.00,$10.03,5,7.81%,$0.85,$10.88,,,,
Whitman Middle School,5/22/2025,30039,Cherry Flavored Dried Cranberries(Each),45,0,45,50,50,0,50,$12.00,0,0.00%,$0.00,$12.00,0,0.00%,$0.00,$12.00,,,,
Whitman Middle School,5/22/2025,30041,Orange Flavored Dried Cranberries(Each),45,0,45,45,40,0,40,$9.60,0,0.00%,$0.00,$9.60,5,11.11%,$1.20,$10.80,,,,
Whitman Middle School,5/22/2025,30063,Ketchup Packet(Packet),378,0,378,380,340,5,345,$10.35,0,0.00%,$0.00,$10.35,35,9.21%,$1.05,$11.40,,,,
Whitman Middle School,5/22/2025,30064,Mayonnaise Packet(Packet),103,0,103,150,114,6,120,$12.00,0,0.00%,$0.00,$12.00,30,20.00%,$3.00,$15.00,,,,
Whitman Middle School,5/22/2025,30065,Mustard Packet(Packet),86,0,86,100,80,0,80,$4.00,0,0.00%,$0.00,$4.00,20,20.00%,$1.00,$5.00,,,,
Whitman Middle School,5/22/2025,30077,Italian Dressing(1 ounce),64,0,64,96,53,3,56,$4.48,0,0.00%,$0.00,$4.48,40,41.67%,$3.20,$7.68,,,,
Whitman Middle School,5/22/2025,30097,Bottled Water(Bottle),0,0,0,20,7,0,7,$1.12,0,0.00%,$0.00,$1.12,13,65.00%,$2.08,$3.20,,,,
Whitman Middle School,5/22/2025,30098,Wheat Thins(Package),0,0,0,26,1,0,1,$0.47,0,0.00%,$0.00,$0.47,25,96.15%,$11.75,$12.22,,,,
Whitman Middle School,5/22/2025,30099,Chickpeas(1/2 cup),0,0,0,32,26,5,31,$5.58,0,0.00%,$0.00,$5.58,1,3.13%,$0.18,$5.76,,,,
Whitman Middle School,5/22/2025,30107,Ranch Dressing(1 ounce),65,0,65,96,89,7,96,$10.56,0,0.00%,$0.00,$10.56,0,0.00%,$0.00,$10.56,,,,
Whitman Middle School,5/22/2025,60035,PB&J Power Pack(Power Packs),55,0,55,107,86,1,87,$93.96,0,0.00%,$0.00,$93.96,20,18.69%,$21.60,$115.56,,,,
Whitman Middle School,5/22/2025,60036,Cherry Vanilla Yogurt Power Pack(Power Packs),2,0,2,4,1,0,1,$0.80,0,0.00%,$0.00,$0.80,3,75.00%,$2.40,$3.20,,,,
Whitman Middle School,5/22/2025,60037,Strawberry & Banana Yogurt Power Pack(Power Packs),3,0,3,4,2,0,2,$1.60,0,0.00%,$0.00,$1.60,2,50.00%,$1.60,$3.20,,,,
Whitman Middle School,5/22/2025,60038,Peach Yogurt Power Pack(Power Packs),2,0,2,4,1,0,1,$0.80,0,0.00%,$0.00,$0.80,3,75.00%,$2.40,$3.20,,,,
Whitman Middle School,5/22/2025,60075,Spicy Chicken Wrap(Wrap),8,0,8,2,2,0,2,$2.34,0,0.00%,$0.00,$2.34,0,0.00%,$0.00,$2.34,,,,
Whitman Middle School,5/22/2025,60076,"Penne Pasta with Marinara and Beef Meatballs(cup cooked pasta, 1/2c sauce, 5 meatballs)",0,0,0,37,37,0,37,$46.25,0,0.00%,$0.00,$46.25,0,0.00%,$0.00,$46.25,,,,
Whitman Middle School,5/22/2025,60077,Manager's Vegetable Choice(1/2 cup),156,0,156,96,85,5,90,$0.00,0,0.00%,$0.00,$0.00,6,6.25%,$0.00,$0.00,,,,
Whitman Middle School,5/22/2025,60100,Black Beans - salad bar entree(1/2 cup),1,0,1,3,1,0,1,$0.17,0,0.00%,$0.00,$0.17,2,66.67%,$0.34,$0.51,,,,
Whitman Middle School,5/22/2025,60120,Asian Veggie Sub(sandwich),61,0,61,30,29,1,30,$56.70,0,0.00%,$0.00,$56.70,0,0.00%,$0.00,$56.70,,,,
Whitman Middle School,5/22/2025,60122,Asian Meatball Sub(sandwich),36,0,36,52,48,1,49,$87.22,0,0.00%,$0.00,$87.22,3,5.77%,$5.34,$92.56,,,,
Whitman Middle School,5/22/2025,60150,Strawberry Parfait Power Pack(Power Pack),0,0,0,2,1,0,1,$1.63,0,0.00%,$0.00,$1.63,1,50.00%,$1.63,$3.26,,,,
Willow Springs Elementary,5/22/2025,10020,Bagel(Bagel),0,0,0,84,84,0,84,$26.88,0,0.00%,$0.00,$26.88,0,0.00%,$0.00,$26.88,,,,
Willow Springs Elementary,5/22/2025,10027,"Bread, Loco(1/2 piece)",0,0,0,12,12,0,12,$1.80,0,0.00%,$0.00,$1.80,0,0.00%,$0.00,$1.80,,,,
Willow Springs Elementary,5/22/2025,10033,Chocolate Chip Cookie(1/2 Cookie),0,0,0,112,112,0,112,$15.68,0,0.00%,$0.00,$15.68,0,0.00%,$0.00,$15.68,,,,
Willow Springs Elementary,5/22/2025,10044,Soft Pretzel(1 pretzel),16,0,16,41,39,0,39,$8.58,0,0.00%,$0.00,$8.58,2,4.88%,$0.44,$9.02,,,,
Willow Springs Elementary,5/22/2025,10062,Corn(1/4 cup (thawed)),36,0,36,24,22,2,24,$2.64,0,0.00%,$0.00,$2.64,0,0.00%,$0.00,$2.64,,,,
Willow Springs Elementary,5/22/2025,20001,1% White Milk(Each),19,0,19,97,31,2,33,$11.88,0,0.00%,$0.00,$11.88,64,65.98%,$23.04,$34.92,,,,
Willow Springs Elementary,5/22/2025,20002,Fat Free Chocolate Milk(Each),133,0,133,570,192,4,196,$68.60,2,0.35%,$0.70,$69.30,372,65.26%,$130.20,$199.50,,,,
Willow Springs Elementary,5/22/2025,20008,Apple Slices(3 slices per 1/4 cup),0,0,0,90,88,2,90,$53.10,0,0.00%,$0.00,$53.10,0,0.00%,$0.00,$53.10,,,,
Willow Springs Elementary,5/22/2025,20012,Grape Tomatoes(1/4 cup),0,0,0,28,26,2,28,$7.28,0,0.00%,$0.00,$7.28,0,0.00%,$0.00,$7.28,,,,
Willow Springs Elementary,5/22/2025,20017,Orange(1/4 cup),0,0,0,80,70,2,72,$12.24,0,0.00%,$0.00,$12.24,8,10.00%,$1.36,$13.60,,,,
Willow Springs Elementary,5/22/2025,20018,Red Seedless Grapes(16 grapes per 1/2 cup),0,0,0,144,139,2,141,$71.91,3,2.08%,$1.53,$73.44,0,0.00%,$0.00,$73.44,,,,
Willow Springs Elementary,5/22/2025,20027,Broccoli Florets(1/4 cup),30,0,30,20,18,2,20,$1.60,0,0.00%,$0.00,$1.60,0,0.00%,$0.00,$1.60,,,,
Willow Springs Elementary,5/22/2025,20028,Lettuce Blend Salad Mix(1/2 cup),114,0,114,104,98,2,100,$8.00,0,0.00%,$0.00,$8.00,4,3.85%,$0.32,$8.32,,,,
Willow Springs Elementary,5/22/2025,20030,Sour Cream(2 Tablespoons),0,0,0,35,29,2,31,$4.65,4,11.43%,$0.60,$5.25,0,0.00%,$0.00,$5.25,,,,
Willow Springs Elementary,5/22/2025,20031,Banana(Each),69,0,69,78,55,2,57,$11.97,1,1.28%,$0.21,$12.18,20,25.64%,$4.20,$16.38,,,,
Willow Springs Elementary,5/22/2025,20034,Cherry Vanilla Yogurt(Container),0,0,0,8,8,0,8,$2.80,0,0.00%,$0.00,$2.80,0,0.00%,$0.00,$2.80,,,,
Willow Springs Elementary,5/22/2025,20038,Fat Free White Milk(Each),84,0,84,70,7,2,9,$2.97,0,0.00%,$0.00,$2.97,61,87.14%,$20.13,$23.10,,,,
Willow Springs Elementary,5/22/2025,30011,"Salsa, Mild Canned(1.5 oz)",0,0,0,28,23,2,25,$2.50,3,10.71%,$0.30,$2.80,0,0.00%,$0.00,$2.80,,,,
Willow Springs Elementary,5/22/2025,30024,Black Beans(1/2 Cup),0,0,0,18,12,2,14,$2.38,4,22.22%,$0.68,$3.06,0,0.00%,$0.00,$3.06,,,,
Willow Springs Elementary,5/22/2025,30031,Strawberry Chex Mix(Package),0,0,0,31,31,0,31,$13.95,0,0.00%,$0.00,$13.95,0,0.00%,$0.00,$13.95,,,,
Willow Springs Elementary,5/22/2025,30045,Watermelon Flavored Dried Cranberries(Each),52,0,52,60,56,2,58,$13.92,0,0.00%,$0.00,$13.92,2,3.33%,$0.48,$14.40,,,,
Willow Springs Elementary,5/22/2025,30061,Chilled Mandarin Oranges(1/2 cup (drained)),0,0,0,35,33,2,35,$11.90,0,0.00%,$0.00,$11.90,0,0.00%,$0.00,$11.90,,,,
Willow Springs Elementary,5/22/2025,30078,"Sauce, BBQ, HFCS-Free, Bulk, Low-Sodium(2 TBSP)",0,0,0,60,52,2,54,$5.40,0,0.00%,$0.00,$5.40,6,10.00%,$0.60,$6.00,,,,
Willow Springs Elementary,5/22/2025,30097,Bottled Water(Bottle),0,0,0,15,15,0,15,$2.40,0,0.00%,$0.00,$2.40,0,0.00%,$0.00,$2.40,,,,
Willow Springs Elementary,5/22/2025,30099,Chickpeas(1/4 cup),16,0,16,30,26,2,28,$2.52,0,0.00%,$0.00,$2.52,2,6.67%,$0.18,$2.70,,,,
Willow Springs Elementary,5/22/2025,30107,Ranch Dressing(1 ounce),101,0,101,100,94,2,96,$10.56,0,0.00%,$0.00,$10.56,4,4.00%,$0.44,$11.00,,,,
Willow Springs Elementary,5/22/2025,60035,PB&J Power Pack(Power Packs),49,0,49,70,63,1,64,$69.12,0,0.00%,$0.00,$69.12,6,8.57%,$6.48,$75.60,,,,
Willow Springs Elementary,5/22/2025,60036,Cherry Vanilla Yogurt Power Pack(Power Packs),16,0,16,15,11,1,12,$9.60,0,0.00%,$0.00,$9.60,3,20.00%,$2.40,$12.00,,,,
Willow Springs Elementary,5/22/2025,60047,Chicken Tenders(3 tenders),0,0,0,120,118,2,120,$112.80,0,0.00%,$0.00,$112.80,0,0.00%,$0.00,$112.80,,,,
Willow Springs Elementary,5/22/2025,60064,Vegetable Dumpling(6 dumplings),0,0,0,10,8,2,10,$0.00,0,0.00%,$0.00,$0.00,0,0.00%,$0.00,$0.00,,,,
Willow Springs Elementary,5/22/2025,60077,Manager's Vegetable Choice(1/4 cup),14,0,14,13,11,2,13,$0.00,0,0.00%,$0.00,$0.00,0,0.00%,$0.00,$0.00,,,,
Willow Springs Elementary,5/22/2025,60078,Nachos with Turkey Barbacoa and Cheese Sauce(Serving),0,0,0,24,20,2,22,$29.26,2,8.33%,$2.66,$31.92,0,0.00%,$0.00,$31.92,,,,
Willow Springs Elementary,5/22/2025,60079,Nachos with Black Beans and Cheese Sauce(Serving),0,0,0,5,2,1,3,$1.89,2,40.00%,$1.26,$3.15,0,0.00%,$0.00,$3.15,,,,
Willow Springs Elementary,5/22/2025,60121,"Sauce, Spicy Mayo(tbsp)",0,0,0,35,33,2,35,$3.15,0,0.00%,$0.00,$3.15,0,0.00%,$0.00,$3.15,,,,
Willow Springs Elementary,5/22/2025,60122,Asian Meatball Sub(sandwich),61,0,61,70,67,2,69,$122.82,1,1.43%,$1.78,$124.60,0,0.00%,$0.00,$124.60,,,,
Willow Springs Elementary,5/22/2025,60124,Nachos with Cheese Sauce(Serving),0,0,0,35,31,2,33,$25.41,2,5.71%,$1.54,$26.95,0,0.00%,$0.00,$26.95,,,,
Willow Springs Elementary,5/22/2025,60149,Hot Turkey & Cheese(sandwich),0,0,0,20,18,2,20,$26.00,0,0.00%,$0.00,$26.00,0,0.00%,$0.00,$26.00,,,,
Wolftrap Elementary,5/22/2025,10044,Soft Pretzel(1 pretzel),36,0,36,50,41,0,41,$9.02,9,18.00%,$1.98,$11.00,0,0.00%,$0.00,$11.00,,,,
Wolftrap Elementary,5/22/2025,20001,1% White Milk(Each),30,0,30,27,17,0,17,$6.12,0,0.00%,$0.00,$6.12,10,37.04%,$3.60,$9.72,,,,
Wolftrap Elementary,5/22/2025,20002,Fat Free Chocolate Milk(Each),123,0,123,150,119,0,119,$41.65,0,0.00%,$0.00,$41.65,31,20.67%,$10.85,$52.50,,,,
Wolftrap Elementary,5/22/2025,20013,Gala Apple(Each),0,0,0,20,20,0,20,$7.40,0,0.00%,$0.00,$7.40,0,0.00%,$0.00,$7.40,,,,
Wolftrap Elementary,5/22/2025,20023,Baby Carrots(3 baby carrots per 1/4 cup),0,0,0,48,48,0,48,$4.32,0,0.00%,$0.00,$4.32,0,0.00%,$0.00,$4.32,,,,
Wolftrap Elementary,5/22/2025,20028,Lettuce Blend Salad Mix(1 cup),4,0,4,2,2,0,2,$0.32,0,0.00%,$0.00,$0.32,0,0.00%,$0.00,$0.32,,,,
Wolftrap Elementary,5/22/2025,20028,Lettuce Blend Salad Mix(1/2 cup),59,0,59,60,57,0,57,$4.56,3,5.00%,$0.24,$4.80,0,0.00%,$0.00,$4.80,,,,
Wolftrap Elementary,5/22/2025,20031,Banana(Each),55,0,55,17,17,0,17,$3.57,0,0.00%,$0.00,$3.57,0,0.00%,$0.00,$3.57,,,,
Wolftrap Elementary,5/22/2025,20038,Fat Free White Milk(Each),14,0,14,25,15,0,15,$4.95,0,0.00%,$0.00,$4.95,10,40.00%,$3.30,$8.25,,,,
Wolftrap Elementary,5/22/2025,20047,Orange Slices(3 slices per 1/4 cup),0,0,0,51,47,0,47,$9.40,4,7.84%,$0.80,$10.20,0,0.00%,$0.00,$10.20,,,,
Wolftrap Elementary,5/22/2025,20052,Assorted  4 oz Yogurt(Container),25,0,25,50,41,0,41,$0.00,2,4.00%,$0.00,$0.00,7,14.00%,$0.00,$0.00,,,,
Wolftrap Elementary,5/22/2025,30008,Apple Juice(Each),43,0,43,45,36,0,36,$6.12,3,6.67%,$0.51,$6.63,6,13.33%,$1.02,$7.65,,,,
Wolftrap Elementary,5/22/2025,30009,Orange Tangerine Juice(Each),20,0,20,20,13,0,13,$2.21,3,15.00%,$0.51,$2.72,4,20.00%,$0.68,$3.40,,,,
Wolftrap Elementary,5/22/2025,30031,Strawberry Chex Mix(Package),0,0,0,40,34,0,34,$15.30,3,7.50%,$1.35,$16.65,3,7.50%,$1.35,$18.00,,,,
Wolftrap Elementary,5/22/2025,30033,Cheez-Its Crackers(Package),0,0,0,20,12,0,12,$2.16,0,0.00%,$0.00,$2.16,8,40.00%,$1.44,$3.60,,,,
Wolftrap Elementary,5/22/2025,30037,IW Applesauce Cup(Each),0,0,0,68,58,0,58,$15.66,0,0.00%,$0.00,$15.66,10,14.71%,$2.70,$18.36,,,,
Wolftrap Elementary,5/22/2025,30041,Orange Flavored Dried Cranberries(Each),16,0,16,25,19,0,19,$4.56,0,0.00%,$0.00,$4.56,6,24.00%,$1.44,$6.00,,,,
Wolftrap Elementary,5/22/2025,30043,Raspberry Lemonade Flavored Dried Cranberries(Each),16,0,16,25,22,0,22,$5.28,0,0.00%,$0.00,$5.28,3,12.00%,$0.72,$6.00,,,,
Wolftrap Elementary,5/22/2025,30077,Italian Dressing(1 ounce),20,0,20,24,20,0,20,$1.60,4,16.67%,$0.32,$1.92,0,0.00%,$0.00,$1.92,,,,
Wolftrap Elementary,5/22/2025,30097,Bottled Water(Bottle),18,0,18,25,17,0,17,$2.72,3,12.00%,$0.48,$3.20,5,20.00%,$0.80,$4.00,,,,
Wolftrap Elementary,5/22/2025,30107,Ranch Dressing(1 ounce),24,0,24,26,22,0,22,$2.42,4,15.38%,$0.44,$2.86,0,0.00%,$0.00,$2.86,,,,
Wolftrap Elementary,5/22/2025,30109,Smartfood RF White Cheddar Popcorn(Each),0,0,0,77,77,0,77,$28.49,0,0.00%,$0.00,$28.49,0,0.00%,$0.00,$28.49,,,,
Wolftrap Elementary,5/22/2025,30158,Black Beans(1/2 Cup),32,0,32,32,27,0,27,$4.59,5,15.63%,$0.85,$5.44,0,0.00%,$0.00,$5.44,,,,
Wolftrap Elementary,5/22/2025,60035,PB&J Power Pack(Power Packs),45,0,45,50,46,0,46,$49.68,0,0.00%,$0.00,$49.68,4,8.00%,$4.32,$54.00,,,,
Wolftrap Elementary,5/22/2025,60037,Strawberry & Banana Yogurt Power Pack(Power Packs),0,0,0,0,0,0,0,$0.00,0,0.00%,$0.00,$0.00,0,0.00%,$0.00,$0.00,,,,
Wolftrap Elementary,5/22/2025,60038,Peach Yogurt Power Pack(Power Packs),0,0,0,10,5,0,5,$4.00,0,0.00%,$0.00,$4.00,5,50.00%,$4.00,$8.00,,,,
Wolftrap Elementary,5/22/2025,60054,Steamed Broccoli(1/2 cup),39,0,39,42,37,0,37,$5.55,5,11.90%,$0.75,$6.30,0,0.00%,$0.00,$6.30,,,,
Wolftrap Elementary,5/22/2025,60120,Asian Veggie Sub(sandwich),54,0,54,92,87,0,87,$164.43,5,5.43%,$9.45,$173.88,0,0.00%,$0.00,$173.88,,,,
Wolftrap Elementary,5/22/2025,60122,Asian Meatball Sub(sandwich),29,0,29,80,74,0,74,$131.72,6,7.50%,$10.68,$142.40,0,0.00%,$0.00,$142.40,,,,
Wolftrap Elementary,5/22/2025,60150,Strawberry Parfait Power Pack(Power Pack),0,0,0,20,17,0,17,$27.71,3,15.00%,$4.89,$32.60,0,0.00%,$0.00,$32.60,,,,
Woodburn Elementary,5/22/2025,10033,Chocolate Chip Cookie(Cookie),0,0,0,86,0,86,86,$0.00,0,0.00%,$0.00,$0.00,0,0.00%,$0.00,$0.00,,,,
Woodburn Elementary,5/22/2025,10044,Soft Pretzel(1 pretzel),0,0,0,3,0,3,3,$0.00,0,0.00%,$0.00,$0.00,0,0.00%,$0.00,$0.00,,,,
Woodburn Elementary,5/22/2025,10062,Corn(1/4 cup (thawed)),75,0,75,130,126,0,126,$13.86,2,1.54%,$0.22,$14.08,2,1.54%,$0.22,$14.30,,,,
Woodburn Elementary,5/22/2025,20001,1% White Milk(Each),63,0,63,62,47,0,47,$16.92,0,0.00%,$0.00,$16.92,15,24.19%,$5.40,$22.32,,,,
Woodburn Elementary,5/22/2025,20002,Fat Free Chocolate Milk(Each),250,0,250,254,228,4,232,$81.20,0,0.00%,$0.00,$81.20,22,8.66%,$7.70,$88.90,,,,
Woodburn Elementary,5/22/2025,20008,Apple Slices(3 slices per 1/4 cup),0,0,0,522,461,0,461,$271.99,3,0.57%,$1.77,$273.76,58,11.11%,$34.22,$307.98,,,,
Woodburn Elementary,5/22/2025,20016,String Cheese(1 Stick),0,0,0,1,0,1,1,$0.00,0,0.00%,$0.00,$0.00,0,0.00%,$0.00,$0.00,,,,
Woodburn Elementary,5/22/2025,20018,Red Seedless Grapes(8 grapes per 1/4 cup),0,0,0,94,89,0,89,$23.14,3,3.19%,$0.78,$23.92,2,2.13%,$0.52,$24.44,,,,
Woodburn Elementary,5/22/2025,20028,Lettuce Blend Salad Mix(1 cup),130,0,130,114,112,0,112,$17.92,0,0.00%,$0.00,$17.92,2,1.75%,$0.32,$18.24,,,,
Woodburn Elementary,5/22/2025,20031,Banana(Each),63,0,63,74,70,0,70,$14.70,2,2.70%,$0.42,$15.12,2,2.70%,$0.42,$15.54,,,,
Woodburn Elementary,5/22/2025,20038,Fat Free White Milk(Each),50,0,50,50,25,0,25,$8.25,0,0.00%,$0.00,$8.25,25,50.00%,$8.25,$16.50,,,,
Woodburn Elementary,5/22/2025,20047,Orange Slices(3 slices per 1/4 cup),0,0,0,272,166,0,166,$33.20,4,1.47%,$0.80,$34.00,102,37.50%,$20.40,$54.40,,,,
Woodburn Elementary,5/22/2025,30008,Apple Juice(Each),0,0,0,3,0,3,3,$0.00,0,0.00%,$0.00,$0.00,0,0.00%,$0.00,$0.00,,,,
Woodburn Elementary,5/22/2025,30009,Orange Tangerine Juice(Each),0,0,0,3,0,3,3,$0.00,0,0.00%,$0.00,$0.00,0,0.00%,$0.00,$0.00,,,,
Woodburn Elementary,5/22/2025,30024,Black Beans(1/4 Cup),0,0,0,66,33,0,33,$2.97,0,0.00%,$0.00,$2.97,33,50.00%,$2.97,$5.94,,,,
Woodburn Elementary,5/22/2025,30031,Strawberry Chex Mix(Package),0,0,0,3,0,3,3,$0.00,0,0.00%,$0.00,$0.00,0,0.00%,$0.00,$0.00,,,,
Woodburn Elementary,5/22/2025,30034,Graham Crackers(Package),12,0,12,11,11,0,11,$1.54,0,0.00%,$0.00,$1.54,0,0.00%,$0.00,$1.54,,,,
Woodburn Elementary,5/22/2025,30037,IW Applesauce Cup(Each),12,0,12,11,11,0,11,$2.97,0,0.00%,$0.00,$2.97,0,0.00%,$0.00,$2.97,,,,
Woodburn Elementary,5/22/2025,30077,Italian Dressing(1 ounce),27,0,27,36,30,0,30,$2.40,0,0.00%,$0.00,$2.40,6,16.67%,$0.48,$2.88,,,,
Woodburn Elementary,5/22/2025,30094,Doritos Wild White Nacho Flavored Tortilla Chips(Bag),0,0,0,22,0,22,22,$0.00,0,0.00%,$0.00,$0.00,0,0.00%,$0.00,$0.00,,,,
Woodburn Elementary,5/22/2025,30097,Bottled Water(Bottle),0,0,0,10,0,10,10,$0.00,0,0.00%,$0.00,$0.00,0,0.00%,$0.00,$0.00,,,,
Woodburn Elementary,5/22/2025,30099,Chickpeas(1/4 cup),32,0,32,64,29,0,29,$2.61,3,4.69%,$0.27,$2.88,32,50.00%,$2.88,$5.76,,,,
Woodburn Elementary,5/22/2025,30107,Ranch Dressing(1 ounce),29,0,29,36,24,0,24,$2.64,0,0.00%,$0.00,$2.64,12,33.33%,$1.32,$3.96,,,,
Woodburn Elementary,5/22/2025,60035,PB&J Power Pack(Power Packs),15,0,15,75,70,0,70,$75.60,0,0.00%,$0.00,$75.60,5,6.67%,$5.40,$81.00,,,,
Woodburn Elementary,5/22/2025,60037,Strawberry & Banana Yogurt Power Pack(Power Packs),15,0,15,55,50,0,50,$40.00,0,0.00%,$0.00,$40.00,5,9.09%,$4.00,$44.00,,,,
Woodburn Elementary,5/22/2025,60078,Nachos with Turkey Barbacoa and Cheese Sauce(Serving),0,0,0,27,27,0,27,$35.91,0,0.00%,$0.00,$35.91,0,0.00%,$0.00,$35.91,,,,
Woodburn Elementary,5/22/2025,60120,Asian Veggie Sub(sandwich),163,1,164,151,137,8,145,$274.05,0,0.00%,$0.00,$274.05,6,3.97%,$11.34,$285.39,,,,
Woodburn Elementary,5/22/2025,60122,Asian Meatball Sub(sandwich),130,2,132,42,34,0,34,$60.52,2,4.76%,$3.56,$64.08,6,14.29%,$10.68,$74.76,,,,
Woodlawn Elementary,5/22/2025,10062,Corn(1/4 cup (thawed)),106,0,106,150,130,0,130,$14.30,0,0.00%,$0.00,$14.30,20,13.33%,$2.20,$16.50,,,,
Woodlawn Elementary,5/22/2025,20001,1% White Milk(Each),42,0,42,105,53,0,53,$19.08,0,0.00%,$0.00,$19.08,52,49.52%,$18.72,$37.80,,,,
Woodlawn Elementary,5/22/2025,20002,Fat Free Chocolate Milk(Each),293,0,293,300,275,0,275,$96.25,0,0.00%,$0.00,$96.25,25,8.33%,$8.75,$105.00,,,,
Woodlawn Elementary,5/22/2025,20015,Golden Delicious Apple(Each),0,0,0,40,38,0,38,$11.78,0,0.00%,$0.00,$11.78,2,5.00%,$0.62,$12.40,,,,
Woodlawn Elementary,5/22/2025,20028,Lettuce Blend Salad Mix(1 cup),36,0,36,35,35,0,35,$5.60,0,0.00%,$0.00,$5.60,0,0.00%,$0.00,$5.60,,,,
Woodlawn Elementary,5/22/2025,20028,Lettuce Blend Salad Mix(1/2 cup),77,0,77,80,77,0,77,$6.16,0,0.00%,$0.00,$6.16,3,3.75%,$0.24,$6.40,,,,
Woodlawn Elementary,5/22/2025,20031,Banana(Each),116,0,116,194,194,0,194,$40.74,0,0.00%,$0.00,$40.74,0,0.00%,$0.00,$40.74,,,,
Woodlawn Elementary,5/22/2025,20038,Fat Free White Milk(Each),3,0,3,20,15,0,15,$4.95,0,0.00%,$0.00,$4.95,5,25.00%,$1.65,$6.60,,,,
Woodlawn Elementary,5/22/2025,20043,"Lactose Free, White Milk(Each)",7,0,7,7,7,0,7,$4.06,0,0.00%,$0.00,$4.06,0,0.00%,$0.00,$4.06,,,,
Woodlawn Elementary,5/22/2025,30034,Graham Crackers(Package),32,0,32,32,32,0,32,$4.48,0,0.00%,$0.00,$4.48,0,0.00%,$0.00,$4.48,,,,
Woodlawn Elementary,5/22/2025,30037,IW Applesauce Cup(Each),32,0,32,32,32,0,32,$8.64,0,0.00%,$0.00,$8.64,0,0.00%,$0.00,$8.64,,,,
Woodlawn Elementary,5/22/2025,30099,Chickpeas(1/4 cup),34,0,34,66,33,0,33,$2.97,0,0.00%,$0.00,$2.97,33,50.00%,$2.97,$5.94,,,,
Woodlawn Elementary,5/22/2025,30158,Black Beans(1/2 Cup),2,0,2,1,1,0,1,$0.17,0,0.00%,$0.00,$0.17,0,0.00%,$0.00,$0.17,,,,
Woodlawn Elementary,5/22/2025,60035,PB&J Power Pack(Power Packs),114,0,114,80,76,0,76,$82.08,0,0.00%,$0.00,$82.08,4,5.00%,$4.32,$86.40,,,,
Woodlawn Elementary,5/22/2025,60037,Strawberry & Banana Yogurt Power Pack(Power Packs),24,0,24,15,12,0,12,$9.60,0,0.00%,$0.00,$9.60,3,20.00%,$2.40,$12.00,,,,
Woodlawn Elementary,5/22/2025,60038,Peach Yogurt Power Pack(Power Packs),24,0,24,15,10,0,10,$8.00,0,0.00%,$0.00,$8.00,5,33.33%,$4.00,$12.00,,,,
Woodlawn Elementary,5/22/2025,60064,Vegetable Dumpling(6 dumplings),0,0,0,25,16,0,16,$0.00,0,0.00%,$0.00,$0.00,9,36.00%,$0.00,$0.00,,,,
Woodlawn Elementary,5/22/2025,60077,Manager's Vegetable Choice(1/4 cup),138,0,138,96,90,0,90,$0.00,0,0.00%,$0.00,$0.00,6,6.25%,$0.00,$0.00,,,,
Woodlawn Elementary,5/22/2025,60078,Nachos with Turkey Barbacoa and Cheese Sauce(Serving),0,0,0,21,21,0,21,$27.93,0,0.00%,$0.00,$27.93,0,0.00%,$0.00,$27.93,,,,
Woodlawn Elementary,5/22/2025,60120,Asian Veggie Sub(sandwich),12,0,12,122,118,0,118,$223.02,0,0.00%,$0.00,$223.02,4,3.28%,$7.56,$230.58,,,,
Woodlawn Elementary,5/22/2025,60122,Asian Meatball Sub(sandwich),52,0,52,58,45,0,45,$80.10,0,0.00%,$0.00,$80.10,13,22.41%,$23.14,$103.24,,,,
Woodlawn Elementary,5/22/2025,60124,Nachos with Cheese Sauce(Serving),0,0,0,33,33,0,33,$25.41,0,0.00%,$0.00,$25.41,0,0.00%,$0.00,$25.41,,,,
Woodley Hills Elementary,5/22/2025,10044,Soft Pretzel(1 pretzel),14,0,14,10,3,0,3,$0.66,0,0.00%,$0.00,$0.66,7,70.00%,$1.54,$2.20,,,,
Woodley Hills Elementary,5/22/2025,10045,"Peanut Butter and Jelly Sandwich, IW(Each)",0,0,0,6,6,0,6,$4.02,0,0.00%,$0.00,$4.02,0,0.00%,$0.00,$4.02,,,,
Woodley Hills Elementary,5/22/2025,20001,1% White Milk(Each),108,0,108,256,119,0,119,$42.84,0,0.00%,$0.00,$42.84,137,53.52%,$49.32,$92.16,,,,
Woodley Hills Elementary,5/22/2025,20002,Fat Free Chocolate Milk(Each),183,0,183,460,180,0,180,$63.00,0,0.00%,$0.00,$63.00,280,60.87%,$98.00,$161.00,,,,
Woodley Hills Elementary,5/22/2025,20014,Red Delicious Apple(Each - serving),0,0,0,140,95,0,95,$31.35,0,0.00%,$0.00,$31.35,45,32.14%,$14.85,$46.20,,,,
Woodley Hills Elementary,5/22/2025,20023,Baby Carrots(3 baby carrots per 1/4 cup),0,0,0,96,59,0,59,$5.31,0,0.00%,$0.00,$5.31,37,38.54%,$3.33,$8.64,,,,
Woodley Hills Elementary,5/22/2025,20028,Lettuce Blend Salad Mix(1 cup),24,0,24,24,24,0,24,$3.84,0,0.00%,$0.00,$3.84,0,0.00%,$0.00,$3.84,,,,
Woodley Hills Elementary,5/22/2025,20028,Lettuce Blend Salad Mix(1/2 cup),156,0,156,160,158,0,158,$12.64,0,0.00%,$0.00,$12.64,2,1.25%,$0.16,$12.80,,,,
Woodley Hills Elementary,5/22/2025,20031,Banana(Each),123,0,123,174,174,0,174,$36.54,0,0.00%,$0.00,$36.54,0,0.00%,$0.00,$36.54,,,,
Woodley Hills Elementary,5/22/2025,20038,Fat Free White Milk(Each),12,0,12,21,10,0,10,$3.30,0,0.00%,$0.00,$3.30,11,52.38%,$3.63,$6.93,,,,
Woodley Hills Elementary,5/22/2025,20077,"Peppers, red, pre-sliced(1/2 cup sliced)",0,0,0,105,105,0,105,$58.80,0,0.00%,$0.00,$58.80,0,0.00%,$0.00,$58.80,,,,
Woodley Hills Elementary,5/22/2025,30034,Graham Crackers(Package),17,0,17,24,24,0,24,$3.36,0,0.00%,$0.00,$3.36,0,0.00%,$0.00,$3.36,,,,
Woodley Hills Elementary,5/22/2025,30045,Watermelon Flavored Dried Cranberries(2 Eaches),0,0,0,37,37,0,37,$17.76,0,0.00%,$0.00,$17.76,0,0.00%,$0.00,$17.76,,,,
Woodley Hills Elementary,5/22/2025,30077,Italian Dressing(1 ounce),40,0,40,60,55,0,55,$4.40,0,0.00%,$0.00,$4.40,5,8.33%,$0.40,$4.80,,,,
Woodley Hills Elementary,5/22/2025,30099,Chickpeas(1/4 cup),31,0,31,35,31,0,31,$2.79,0,0.00%,$0.00,$2.79,4,11.43%,$0.36,$3.15,,,,
Woodley Hills Elementary,5/22/2025,30107,Ranch Dressing(1 ounce),79,0,79,118,108,0,108,$11.88,0,0.00%,$0.00,$11.88,10,8.47%,$1.10,$12.98,,,,
Woodley Hills Elementary,5/22/2025,60035,PB&J Power Pack(Power Packs),91,0,91,82,82,0,82,$88.56,0,0.00%,$0.00,$88.56,0,0.00%,$0.00,$88.56,,,,
Woodley Hills Elementary,5/22/2025,60036,Cherry Vanilla Yogurt Power Pack(Power Packs),3,0,3,14,14,0,14,$11.20,0,0.00%,$0.00,$11.20,0,0.00%,$0.00,$11.20,,,,
Woodley Hills Elementary,5/22/2025,60120,Asian Veggie Sub(sandwich),165,0,165,242,232,0,232,$438.48,0,0.00%,$0.00,$438.48,10,4.13%,$18.90,$457.38,,,,
Woodley Hills Elementary,5/22/2025,60122,Asian Meatball Sub(sandwich),82,0,82,64,57,0,57,$101.46,0,0.00%,$0.00,$101.46,7,10.94%,$12.46,$113.92,,,,
Woodley Hills Elementary,5/22/2025,60124,Nachos with Cheese Sauce(Serving),0,0,0,10,10,0,10,$7.70,0,0.00%,$0.00,$7.70,0,0.00%,$0.00,$7.70,,,,
Woodson High,5/22/2025,10001,"Patty, Chicken, Breaded, WG(2 strips)",55,0,55,30,17,0,17,$3.74,1,3.33%,$0.22,$3.96,12,40.00%,$2.64,$6.60,,,,
Woodson High,5/22/2025,10015,Baked Cheese Sticks(2 Cheese Sticks),550,0,550,250,223,0,223,$147.18,5,2.00%,$3.30,$150.48,22,8.80%,$14.52,$165.00,,,,
Woodson High,5/22/2025,10033,Chocolate Chip Cookie(Cookie),550,0,550,300,275,0,275,$74.25,5,1.67%,$1.35,$75.60,20,6.67%,$5.40,$81.00,,,,
Woodson High,5/22/2025,10044,Soft Pretzel(1 pretzel),85,0,85,53,47,0,47,$10.34,1,1.89%,$0.22,$10.56,5,9.43%,$1.10,$11.66,,,,
Woodson High,5/22/2025,10049,"WG 10"" Flour Tortilla(Tortilla)",55,0,55,30,17,0,17,$5.95,1,3.33%,$0.35,$6.30,12,40.00%,$4.20,$10.50,,,,
Woodson High,5/22/2025,10062,Corn(1/4 cup (thawed)),250,0,250,30,14,0,14,$1.54,1,3.33%,$0.11,$1.65,15,50.00%,$1.65,$3.30,,,,
Woodson High,5/22/2025,10062,Corn(2 Tablespoons (thawed)),35,0,35,15,10,0,10,$0.50,0,0.00%,$0.00,$0.50,5,33.33%,$0.25,$0.75,,,,
Woodson High,5/22/2025,20001,1% White Milk(Each),225,0,225,160,74,0,74,$26.64,0,0.00%,$0.00,$26.64,86,53.75%,$30.96,$57.60,,,,
Woodson High,5/22/2025,20002,Fat Free Chocolate Milk(Each),700,0,700,551,454,0,454,$158.90,2,0.36%,$0.70,$159.60,95,17.24%,$33.25,$192.85,,,,
Woodson High,5/22/2025,20006,"Cheese, Shredded, Cheddar(1/4 cup)",55,0,55,50,42,0,42,$7.14,2,4.00%,$0.34,$7.48,6,12.00%,$1.02,$8.50,,,,
Woodson High,5/22/2025,20014,Red Delicious Apple(Each - serving),288,5,293,255,219,0,219,$72.27,3,1.18%,$0.99,$73.26,33,12.94%,$10.89,$84.15,,,,
Woodson High,5/22/2025,20015,Golden Delicious Apple(Each),265,3,268,255,201,0,201,$62.31,2,0.78%,$0.62,$62.93,52,20.39%,$16.12,$79.05,,,,
Woodson High,5/22/2025,20018,Red Seedless Grapes(2 Tablespoons),55,0,55,50,48,0,48,$6.24,1,2.00%,$0.13,$6.37,1,2.00%,$0.13,$6.50,,,,
Woodson High,5/22/2025,20027,Broccoli Florets(1/4 cup),185,0,185,125,118,0,118,$9.44,2,1.60%,$0.16,$9.60,5,4.00%,$0.40,$10.00,,,,
Woodson High,5/22/2025,20027,Broccoli Florets(6 Pieces per 1/2 cup),35,0,35,30,18,0,18,$2.70,0,0.00%,$0.00,$2.70,12,40.00%,$1.80,$4.50,,,,
Woodson High,5/22/2025,20028,Lettuce Blend Salad Mix(1/2 cup),305,0,305,250,231,0,231,$18.48,5,2.00%,$0.40,$18.88,14,5.60%,$1.12,$20.00,,,,
Woodson High,5/22/2025,20031,Banana(Each),414,0,414,278,269,0,269,$56.49,3,1.08%,$0.63,$57.12,6,2.16%,$1.26,$58.38,,,,
Woodson High,5/22/2025,20035,"Onions, Red, Whole(2 Tablespoons (sliced))",35,0,35,15,5,0,5,$0.15,0,0.00%,$0.00,$0.15,10,66.67%,$0.30,$0.45,,,,
Woodson High,5/22/2025,20038,Fat Free White Milk(Each),175,0,175,60,33,0,33,$10.89,0,0.00%,$0.00,$10.89,27,45.00%,$8.91,$19.80,,,,
Woodson High,5/22/2025,20041,"Peppers, Green, Whole(2 Tablespoon)",35,0,35,30,16,0,16,$0.96,1,3.33%,$0.06,$1.02,13,43.33%,$0.78,$1.80,,,,
Woodson High,5/22/2025,30002,Sub Roll(Sub Roll),35,0,35,12,5,0,5,$1.55,0,0.00%,$0.00,$1.55,7,58.33%,$2.17,$3.72,,,,
Woodson High,5/22/2025,30008,Apple Juice(Each),150,0,150,88,83,0,83,$14.11,2,2.27%,$0.34,$14.45,3,3.41%,$0.51,$14.96,,,,
Woodson High,5/22/2025,30014,Whole Wheat Dinner Roll(2 rolls),385,1,386,332,330,0,330,$92.40,2,0.60%,$0.56,$92.96,0,0.00%,$0.00,$92.96,,,,
Woodson High,5/22/2025,30018,Marinara Sauce(1/4 Cup),550,0,550,260,223,0,223,$33.45,6,2.31%,$0.90,$34.35,31,11.92%,$4.65,$39.00,,,,
Woodson High,5/22/2025,30024,Black Beans(1/4 Cup),150,0,150,50,23,0,23,$2.07,2,4.00%,$0.18,$2.25,25,50.00%,$2.25,$4.50,,,,
Woodson High,5/22/2025,30039,Cherry Flavored Dried Cranberries(Each),62,0,62,60,33,0,33,$7.92,0,0.00%,$0.00,$7.92,27,45.00%,$6.48,$14.40,,,,
Woodson High,5/22/2025,30045,Watermelon Flavored Dried Cranberries(Each),21,0,21,20,15,0,15,$3.60,0,0.00%,$0.00,$3.60,5,25.00%,$1.20,$4.80,,,,
Woodson High,5/22/2025,30061,Chilled Mandarin Oranges(1/2 cup (drained)),310,2,312,300,291,0,291,$98.94,3,1.00%,$1.02,$99.96,6,2.00%,$2.04,$102.00,,,,
Woodson High,5/22/2025,30063,Ketchup Packet(Packet),650,0,650,500,468,0,468,$14.04,2,0.40%,$0.06,$14.10,30,6.00%,$0.90,$15.00,,,,
Woodson High,5/22/2025,30064,Mayonnaise Packet(Packet),305,0,305,235,190,0,190,$19.00,2,0.85%,$0.20,$19.20,43,18.30%,$4.30,$23.50,,,,
Woodson High,5/22/2025,30065,Mustard Packet(Packet),205,0,205,145,65,0,65,$3.25,2,1.38%,$0.10,$3.35,78,53.79%,$3.90,$7.25,,,,
Woodson High,5/22/2025,30077,Italian Dressing(1 ounce),205,0,205,100,41,0,41,$3.28,2,2.00%,$0.16,$3.44,57,57.00%,$4.56,$8.00,,,,
Woodson High,5/22/2025,30097,Bottled Water(Bottle),250,0,250,150,143,0,143,$22.88,1,0.67%,$0.16,$23.04,6,4.00%,$0.96,$24.00,,,,
Woodson High,5/22/2025,30107,Ranch Dressing(1 ounce),305,0,305,250,203,0,203,$22.33,5,2.00%,$0.55,$22.88,42,16.80%,$4.62,$27.50,,,,
Woodson High,5/22/2025,30110,Doritos Flamas(Each),125,0,125,101,84,0,84,$31.08,2,1.98%,$0.74,$31.82,15,14.85%,$5.55,$37.37,,,,
Woodson High,5/22/2025,30120,RF Kettle Chips Sea Salt & Vinegar Chips(Each),125,0,125,72,70,0,70,$42.00,1,1.39%,$0.60,$42.60,1,1.39%,$0.60,$43.20,,,,
Woodson High,5/22/2025,30124,"Fruit Snacks, Welch's Mixed(Each)",350,0,350,100,88,0,88,$35.20,2,2.00%,$0.80,$36.00,10,10.00%,$4.00,$40.00,,,,
Woodson High,5/22/2025,60021,Cooked  Brown Rice(1 cup cooked),389,1,390,350,335,0,335,$36.85,0,0.00%,$0.00,$36.85,15,4.29%,$1.65,$38.50,,,,
Woodson High,5/22/2025,60035,PB&J Power Pack(Power Packs),280,0,280,200,107,3,110,$118.80,2,1.00%,$2.16,$120.96,88,44.00%,$95.04,$216.00,,,,
Woodson High,5/22/2025,60036,Cherry Vanilla Yogurt Power Pack(Power Packs),20,0,20,12,6,0,6,$4.80,0,0.00%,$0.00,$4.80,6,50.00%,$4.80,$9.60,,,,
Woodson High,5/22/2025,60047,Chicken Tenders(3 tenders),789,1,790,672,637,2,639,$600.66,5,0.74%,$4.70,$605.36,28,4.17%,$26.32,$631.68,,,,
Woodson High,5/22/2025,60050,Chickenless Bites(2 Bites),55,0,55,12,6,0,6,$2.28,1,8.33%,$0.38,$2.66,5,41.67%,$1.90,$4.56,,,,
Woodson High,5/22/2025,60075,Spicy Chicken Wrap(Wrap),55,0,55,30,19,0,19,$22.23,3,10.00%,$3.51,$25.74,8,26.67%,$9.36,$35.10,,,,
Woodson High,5/22/2025,60077,Manager's Vegetable Choice(1/4 cup),305,0,305,235,204,0,204,$0.00,2,0.85%,$0.00,$0.00,29,12.34%,$0.00,$0.00,,,,
Woodson High,5/22/2025,60120,Asian Veggie Sub(sandwich),150,0,150,50,24,0,24,$45.36,3,6.00%,$5.67,$51.03,23,46.00%,$43.47,$94.50,,,,
Woodson High,5/22/2025,60122,Asian Meatball Sub(sandwich),280,0,280,106,75,2,77,$137.06,4,3.77%,$7.12,$144.18,25,23.58%,$44.50,$188.68,,,,
Woodson High,5/22/2025,60171,"Pizza, Turkey Pepperoni, Slice(Slice)",150,1,151,88,74,0,74,$71.04,5,5.68%,$4.80,$75.84,9,10.23%,$8.64,$84.48,,,,
