School_Name,Date,Identifier,Name,Planned,Offered,Served,Discarded,Subtotal,Left Over,Production Cost,Reimbursable,Non-Reimbursable,Total,Reimbursable,Non-Reimbursable,Total,Cost,Total,Percent of Offered,Cost,Total,Percent of Offered,Cost
Aldrin Elementary,5/23/2025,10044,Soft Pretzel(1 pretzel),17,0,17,20,17,0,17,$3.74,0,0.00%,$0.00,$3.74,3,15.00%,$0.66,$4.40,,,,
Aldrin Elementary,5/23/2025,10073,Whole Strawberries(1/2 cup thawed),0,0,0,167,160,0,160,$54.40,0,0.00%,$0.00,$54.40,7,4.19%,$2.38,$56.78,,,,
Aldrin Elementary,5/23/2025,20001,1% White Milk(Each),45,0,45,72,56,0,56,$20.16,0,0.00%,$0.00,$20.16,16,22.22%,$5.76,$25.92,,,,
Aldrin Elementary,5/23/2025,20002,Fat Free Chocolate Milk(Each),140,0,140,150,135,0,135,$47.25,0,0.00%,$0.00,$47.25,15,10.00%,$5.25,$52.50,,,,
Aldrin Elementary,5/23/2025,20011,Cherry Tomatoes(1/4 cup),51,0,51,125,120,0,120,$44.40,5,4.00%,$1.85,$46.25,0,0.00%,$0.00,$46.25,,,,
Aldrin Elementary,5/23/2025,20016,String Cheese(Each),2,0,2,2,0,0,0,$0.00,0,0.00%,$0.00,$0.00,2,100.00%,$0.00,$0.00,,,,
Aldrin Elementary,5/23/2025,20018,Red Seedless Grapes(8 grapes per 1/4 cup),154,0,154,160,154,0,154,$40.04,0,0.00%,$0.00,$40.04,6,3.75%,$1.56,$41.60,,,,
Aldrin Elementary,5/23/2025,20028,Lettuce Blend Salad Mix(1/2 cup),45,0,45,45,42,0,42,$3.36,3,6.67%,$0.24,$3.60,0,0.00%,$0.00,$3.60,,,,
Aldrin Elementary,5/23/2025,20038,Fat Free White Milk(Each),17,0,17,50,15,0,15,$4.95,0,0.00%,$0.00,$4.95,35,70.00%,$11.55,$16.50,,,,
Aldrin Elementary,5/23/2025,20052,Assorted  4 oz Yogurt(Container),2,0,2,5,0,0,0,$0.00,0,0.00%,$0.00,$0.00,5,100.00%,$0.00,$0.00,,,,
Aldrin Elementary,5/23/2025,30008,Apple Juice(Each),18,0,18,25,19,0,19,$3.23,0,0.00%,$0.00,$3.23,6,24.00%,$1.02,$4.25,,,,
Aldrin Elementary,5/23/2025,30009,Orange Tangerine Juice(Each),7,0,7,25,20,0,20,$3.40,0,0.00%,$0.00,$3.40,5,20.00%,$0.85,$4.25,,,,
Aldrin Elementary,5/23/2025,30024,Black Beans(1/2 Cup),20,0,20,22,20,0,20,$3.40,2,9.09%,$0.34,$3.74,0,0.00%,$0.00,$3.74,,,,
Aldrin Elementary,5/23/2025,30033,Cheez-Its Crackers(Package),0,0,0,10,6,0,6,$1.08,0,0.00%,$0.00,$1.08,4,40.00%,$0.72,$1.80,,,,
Aldrin Elementary,5/23/2025,30044,Strawberry Flavored Dried Cranberries(Each),8,0,8,20,18,0,18,$4.32,0,0.00%,$0.00,$4.32,2,10.00%,$0.48,$4.80,,,,
Aldrin Elementary,5/23/2025,30045,Watermelon Flavored Dried Cranberries(Each),30,0,30,20,17,0,17,$4.08,0,0.00%,$0.00,$4.08,3,15.00%,$0.72,$4.80,,,,
Aldrin Elementary,5/23/2025,30061,Chilled Mandarin Oranges(1/2 cup (drained)),21,0,21,22,20,0,20,$6.80,2,9.09%,$0.68,$7.48,0,0.00%,$0.00,$7.48,,,,
Aldrin Elementary,5/23/2025,30061,Chilled Mandarin Oranges(1/4 cup (drained)),133,0,133,145,143,0,143,$24.31,2,1.38%,$0.34,$24.65,0,0.00%,$0.00,$24.65,,,,
Aldrin Elementary,5/23/2025,30077,Italian Dressing(1 ounce),16,0,16,25,21,0,21,$1.68,0,0.00%,$0.00,$1.68,4,16.00%,$0.32,$2.00,,,,
Aldrin Elementary,5/23/2025,30094,Doritos Wild White Nacho Flavored Tortilla Chips(Bag),32,0,32,40,38,0,38,$13.30,0,0.00%,$0.00,$13.30,2,5.00%,$0.70,$14.00,,,,
Aldrin Elementary,5/23/2025,30097,Bottled Water(Bottle),4,0,4,10,7,0,7,$1.12,0,0.00%,$0.00,$1.12,3,30.00%,$0.48,$1.60,,,,
Aldrin Elementary,5/23/2025,30099,Chickpeas(1/4 cup),30,0,30,35,33,0,33,$2.97,2,5.71%,$0.18,$3.15,0,0.00%,$0.00,$3.15,,,,
Aldrin Elementary,5/23/2025,30107,Ranch Dressing(1 ounce),25,0,25,25,22,0,22,$2.42,0,0.00%,$0.00,$2.42,3,12.00%,$0.33,$2.75,,,,
Aldrin Elementary,5/23/2025,30109,Smartfood RF White Cheddar Popcorn(Each),0,0,0,25,20,0,20,$7.40,0,0.00%,$0.00,$7.40,5,20.00%,$1.85,$9.25,,,,
Aldrin Elementary,5/23/2025,60035,PB&J Power Pack(Power Packs),29,0,29,25,19,0,19,$20.52,0,0.00%,$0.00,$20.52,6,24.00%,$6.48,$27.00,,,,
Aldrin Elementary,5/23/2025,60036,Cherry Vanilla Yogurt Power Pack(Power Packs),8,0,8,15,5,0,5,$4.00,0,0.00%,$0.00,$4.00,10,66.67%,$8.00,$12.00,,,,
Aldrin Elementary,5/23/2025,60037,Strawberry & Banana Yogurt Power Pack(Power Packs),5,0,5,10,3,0,3,$2.40,0,0.00%,$0.00,$2.40,7,70.00%,$5.60,$8.00,,,,
Aldrin Elementary,5/23/2025,60038,Peach Yogurt Power Pack(Power Packs),7,0,7,10,5,0,5,$4.00,0,0.00%,$0.00,$4.00,5,50.00%,$4.00,$8.00,,,,
Aldrin Elementary,5/23/2025,60041,Turkey Pepperoni Pizza(Slice),85,0,85,58,54,0,54,$36.72,3,5.17%,$2.04,$38.76,1,1.72%,$0.68,$39.44,,,,
Aldrin Elementary,5/23/2025,60077,Manager's Vegetable Choice(1/4 cup),69,0,69,145,144,0,144,$0.00,1,0.69%,$0.00,$0.00,0,0.00%,$0.00,$0.00,,,,
Aldrin Elementary,5/23/2025,60080,Cheese Pizza(Slice),138,0,138,159,155,0,155,$88.35,2,1.26%,$1.14,$89.49,2,1.26%,$1.14,$90.63,,,,
Annandale High,5/23/2025,10001,"Patty, Chicken, Breaded, WG(2 strips)",80,0,80,110,104,0,104,$22.88,1,0.91%,$0.22,$23.10,5,4.55%,$1.10,$24.20,,,,
Annandale High,5/23/2025,10033,Chocolate Chip Cookie(Cookie),20,0,20,20,17,0,17,$4.59,0,0.00%,$0.00,$4.59,3,15.00%,$0.81,$5.40,,,,
Annandale High,5/23/2025,10044,Soft Pretzel(1 pretzel),10,0,10,10,4,0,4,$0.88,2,20.00%,$0.44,$1.32,4,40.00%,$0.88,$2.20,,,,
Annandale High,5/23/2025,10049,"WG 10"" Flour Tortilla(Tortilla)",72,0,72,112,100,0,100,$35.00,1,0.89%,$0.35,$35.35,11,9.82%,$3.85,$39.20,,,,
Annandale High,5/23/2025,10051,"Turkey,  Breast, Pre-Sliced, Oven Roasted(3 Slices)",10,0,10,10,1,0,1,$0.54,0,0.00%,$0.00,$0.54,9,90.00%,$4.86,$5.40,,,,
Annandale High,5/23/2025,10062,Corn(2 Tablespoons (thawed)),64,0,64,64,52,0,52,$2.60,4,6.25%,$0.20,$2.80,8,12.50%,$0.40,$3.20,,,,
Annandale High,5/23/2025,10070,Orange Sauce(ounce),60,0,60,40,24,0,24,$3.36,1,2.50%,$0.14,$3.50,15,37.50%,$2.10,$5.60,,,,
Annandale High,5/23/2025,10075,Cheese Pizza(Slice),200,0,200,260,230,13,243,$138.51,1,0.38%,$0.57,$139.08,16,6.15%,$9.12,$148.20,,,,
Annandale High,5/23/2025,20001,1% White Milk(Each),95,0,95,98,59,0,59,$21.24,0,0.00%,$0.00,$21.24,39,39.80%,$14.04,$35.28,,,,
Annandale High,5/23/2025,20002,Fat Free Chocolate Milk(Each),650,0,650,578,556,0,556,$194.60,0,0.00%,$0.00,$194.60,22,3.81%,$7.70,$202.30,,,,
Annandale High,5/23/2025,20006,"Cheese, Shredded, Cheddar(1/4 cup)",96,0,96,128,108,0,108,$18.36,4,3.13%,$0.68,$19.04,16,12.50%,$2.72,$21.76,,,,
Annandale High,5/23/2025,20011,Cherry Tomatoes(1/4 cup),180,0,180,180,167,0,167,$61.79,3,1.67%,$1.11,$62.90,10,5.56%,$3.70,$66.60,,,,
Annandale High,5/23/2025,20014,Red Delicious Apple(Each - serving),0,0,0,425,363,0,363,$119.79,2,0.47%,$0.66,$120.45,60,14.12%,$19.80,$140.25,,,,
Annandale High,5/23/2025,20015,Golden Delicious Apple(Each),0,0,0,300,254,0,254,$78.74,1,0.33%,$0.31,$79.05,45,15.00%,$13.95,$93.00,,,,
Annandale High,5/23/2025,20016,String Cheese(Each),5,0,5,5,0,0,0,$0.00,0,0.00%,$0.00,$0.00,5,100.00%,$0.00,$0.00,,,,
Annandale High,5/23/2025,20017,Orange(1/4 cup),0,0,0,188,152,0,152,$25.84,2,1.06%,$0.34,$26.18,34,18.09%,$5.78,$31.96,,,,
Annandale High,5/23/2025,20018,Red Seedless Grapes(16 grapes per 1/2 cup),0,0,0,138,131,0,131,$66.81,2,1.45%,$1.02,$67.83,5,3.62%,$2.55,$70.38,,,,
Annandale High,5/23/2025,20027,Broccoli Florets(6 Pieces per 1/2 cup),21,0,21,21,10,0,10,$1.50,5,23.81%,$0.75,$2.25,6,28.57%,$0.90,$3.15,,,,
Annandale High,5/23/2025,20028,Lettuce Blend Salad Mix(1/2 cup),360,0,360,400,354,13,367,$29.36,13,3.25%,$1.04,$30.40,20,5.00%,$1.60,$32.00,,,,
Annandale High,5/23/2025,20030,Sour Cream(2 Tablespoons),100,0,100,50,38,0,38,$5.70,0,0.00%,$0.00,$5.70,12,24.00%,$1.80,$7.50,,,,
Annandale High,5/23/2025,20035,"Onions, Red, Whole(1/4 cup (sliced))",70,0,70,70,64,0,64,$4.48,3,4.29%,$0.21,$4.69,3,4.29%,$0.21,$4.90,,,,
Annandale High,5/23/2025,20038,Fat Free White Milk(Each),95,0,95,107,39,0,39,$12.87,1,0.93%,$0.33,$13.20,67,62.62%,$22.11,$35.31,,,,
Annandale High,5/23/2025,20040,Cucumber Slices(2 Tablespoon),46,0,46,46,39,0,39,$1.17,2,4.35%,$0.06,$1.23,5,10.87%,$0.15,$1.38,,,,
Annandale High,5/23/2025,20052,Assorted  4 oz Yogurt(Container),5,0,5,5,0,0,0,$0.00,0,0.00%,$0.00,$0.00,5,100.00%,$0.00,$0.00,,,,
Annandale High,5/23/2025,20076,"Peppers, green, pre-sliced(1/4 cup sliced)",70,0,70,70,59,0,59,$8.85,5,7.14%,$0.75,$9.60,6,8.57%,$0.90,$10.50,,,,
Annandale High,5/23/2025,20077,"Peppers, red, pre-sliced(1/4 cup sliced)",70,0,70,70,62,0,62,$17.36,3,4.29%,$0.84,$18.20,5,7.14%,$1.40,$19.60,,,,
Annandale High,5/23/2025,30002,Sub Roll(Sub Roll),12,0,12,10,5,0,5,$1.55,0,0.00%,$0.00,$1.55,5,50.00%,$1.55,$3.10,,,,
Annandale High,5/23/2025,30008,Apple Juice(Each),5,0,5,5,1,0,1,$0.17,0,0.00%,$0.00,$0.17,4,80.00%,$0.68,$0.85,,,,
Annandale High,5/23/2025,30009,Orange Tangerine Juice(Each),5,0,5,5,0,0,0,$0.00,0,0.00%,$0.00,$0.00,5,100.00%,$0.00,$0.00,,,,
Annandale High,5/23/2025,30011,"Salsa, Mild Canned(1.5 oz)",100,0,100,100,90,0,90,$9.00,0,0.00%,$0.00,$9.00,10,10.00%,$1.00,$10.00,,,,
Annandale High,5/23/2025,30033,Cheez-Its Crackers(Package),10,0,10,10,0,0,0,$0.00,0,0.00%,$0.00,$0.00,10,100.00%,$0.00,$0.00,,,,
Annandale High,5/23/2025,30044,Strawberry Flavored Dried Cranberries(Each),70,0,70,70,43,0,43,$10.32,0,0.00%,$0.00,$10.32,27,38.57%,$6.48,$16.80,,,,
Annandale High,5/23/2025,30045,Watermelon Flavored Dried Cranberries(Each),70,0,70,70,46,0,46,$11.04,0,0.00%,$0.00,$11.04,24,34.29%,$5.76,$16.80,,,,
Annandale High,5/23/2025,30061,Chilled Mandarin Oranges(1/4 cup (drained)),300,0,300,210,190,13,203,$34.51,5,2.38%,$0.85,$35.36,2,0.95%,$0.34,$35.70,,,,
Annandale High,5/23/2025,30063,Ketchup Packet(Packet),1800,0,1800,1500,1000,0,1000,$30.00,0,0.00%,$0.00,$30.00,500,33.33%,$15.00,$45.00,,,,
Annandale High,5/23/2025,30064,Mayonnaise Packet(Packet),700,0,700,700,540,0,540,$54.00,0,0.00%,$0.00,$54.00,160,22.86%,$16.00,$70.00,,,,
Annandale High,5/23/2025,30065,Mustard Packet(Packet),200,0,200,200,76,0,76,$3.80,0,0.00%,$0.00,$3.80,124,62.00%,$6.20,$10.00,,,,
Annandale High,5/23/2025,30077,Italian Dressing(1 ounce),144,0,144,144,100,0,100,$8.00,8,5.56%,$0.64,$8.64,36,25.00%,$2.88,$11.52,,,,
Annandale High,5/23/2025,30097,Bottled Water(Bottle),15,0,15,20,11,0,11,$1.76,0,0.00%,$0.00,$1.76,9,45.00%,$1.44,$3.20,,,,
Annandale High,5/23/2025,30099,Chickpeas(1/4 cup),160,0,160,161,131,0,131,$11.79,9,5.59%,$0.81,$12.60,21,13.04%,$1.89,$14.49,,,,
Annandale High,5/23/2025,30107,Ranch Dressing(1 ounce),285,0,285,384,337,13,350,$38.50,10,2.60%,$1.10,$39.60,24,6.25%,$2.64,$42.24,,,,
Annandale High,5/23/2025,30109,Smartfood RF White Cheddar Popcorn(Each),10,0,10,10,5,0,5,$1.85,0,0.00%,$0.00,$1.85,5,50.00%,$1.85,$3.70,,,,
Annandale High,5/23/2025,30110,Doritos Flamas(Each),10,0,10,10,9,0,9,$3.33,0,0.00%,$0.00,$3.33,1,10.00%,$0.37,$3.70,,,,
Annandale High,5/23/2025,30111,Doritos RF Spicy Sweet Chili(Each),10,0,10,10,8,0,8,$2.96,0,0.00%,$0.00,$2.96,2,20.00%,$0.74,$3.70,,,,
Annandale High,5/23/2025,30112,Doritos RF Nacho Cheese(Each),10,0,10,10,6,0,6,$2.22,0,0.00%,$0.00,$2.22,4,40.00%,$1.48,$3.70,,,,
Annandale High,5/23/2025,30113,Cool Ranch Reduced Fat Doritos(Each),10,0,10,10,5,0,5,$1.85,0,0.00%,$0.00,$1.85,5,50.00%,$1.85,$3.70,,,,
Annandale High,5/23/2025,30114,SS Baked Cheetos Flaming Hot(Each),10,0,10,10,6,0,6,$3.18,0,0.00%,$0.00,$3.18,4,40.00%,$2.12,$5.30,,,,
Annandale High,5/23/2025,30115,SS Baked Cheetos Flaming Limon(Each),10,0,10,10,6,0,6,$2.34,0,0.00%,$0.00,$2.34,4,40.00%,$1.56,$3.90,,,,
Annandale High,5/23/2025,30116,SS Cheetos Fantastix Flaming Hot(Each),10,0,10,10,5,0,5,$1.95,0,0.00%,$0.00,$1.95,5,50.00%,$1.95,$3.90,,,,
Annandale High,5/23/2025,30117,WG Baked Funyuns(Each),10,0,10,10,3,0,3,$1.08,0,0.00%,$0.00,$1.08,7,70.00%,$2.52,$3.60,,,,
Annandale High,5/23/2025,30118,Kettle Cooked Smoky BBQ Chips(Each),10,0,10,10,9,0,9,$5.40,0,0.00%,$0.00,$5.40,1,10.00%,$0.60,$6.00,,,,
Annandale High,5/23/2025,30119,RF Kettle Chips Jalapeno & Cheddar Chips(Each),10,0,10,10,9,0,9,$5.40,0,0.00%,$0.00,$5.40,1,10.00%,$0.60,$6.00,,,,
Annandale High,5/23/2025,30120,RF Kettle Chips Sea Salt & Vinegar Chips(Each),10,0,10,10,8,0,8,$4.80,0,0.00%,$0.00,$4.80,2,20.00%,$1.20,$6.00,,,,
Annandale High,5/23/2025,30124,"Fruit Snacks, Welch's Mixed(Each)",10,0,10,10,1,0,1,$0.40,0,0.00%,$0.00,$0.40,9,90.00%,$3.60,$4.00,,,,
Annandale High,5/23/2025,30160,Lay's RF Kettle Original Chips(Each),10,0,10,10,9,0,9,$5.40,0,0.00%,$0.00,$5.40,1,10.00%,$0.60,$6.00,,,,
Annandale High,5/23/2025,60020,"Quesadilla, Turkey Barbacoa and Cheese(Quesadilla)",75,0,75,75,71,0,71,$86.62,2,2.67%,$2.44,$89.06,2,2.67%,$2.44,$91.50,,,,
Annandale High,5/23/2025,60035,PB&J Power Pack(Power Packs),150,0,150,215,213,0,213,$230.04,0,0.00%,$0.00,$230.04,2,0.93%,$2.16,$232.20,,,,
Annandale High,5/23/2025,60036,Cherry Vanilla Yogurt Power Pack(Power Packs),5,0,5,5,3,0,3,$2.40,0,0.00%,$0.00,$2.40,2,40.00%,$1.60,$4.00,,,,
Annandale High,5/23/2025,60037,Strawberry & Banana Yogurt Power Pack(Power Packs),5,0,5,5,4,0,4,$3.20,0,0.00%,$0.00,$3.20,1,20.00%,$0.80,$4.00,,,,
Annandale High,5/23/2025,60038,Peach Yogurt Power Pack(Power Packs),5,0,5,5,3,0,3,$2.40,0,0.00%,$0.00,$2.40,2,40.00%,$1.60,$4.00,,,,
Annandale High,5/23/2025,60041,Turkey Pepperoni Pizza(Slice),300,0,300,300,282,3,285,$193.80,2,0.67%,$1.36,$195.16,13,4.33%,$8.84,$204.00,,,,
Annandale High,5/23/2025,60050,Chickenless Bites(2 Bites),10,0,10,10,4,0,4,$1.52,1,10.00%,$0.38,$1.90,5,50.00%,$1.90,$3.80,,,,
Annandale High,5/23/2025,60064,Vegetable Dumpling(6 dumplings),0,0,0,40,23,0,23,$0.00,2,5.00%,$0.00,$0.00,15,37.50%,$0.00,$0.00,,,,
Annandale High,5/23/2025,60075,Spicy Chicken Wrap(Wrap),45,0,45,30,28,0,28,$32.76,1,3.33%,$1.17,$33.93,1,3.33%,$1.17,$35.10,,,,
Annandale High,5/23/2025,60077,Manager's Vegetable Choice(1/4 cup),132,0,132,128,109,0,109,$0.00,8,6.25%,$0.00,$0.00,11,8.59%,$0.00,$0.00,,,,
Annandale Terrace Elementary,5/23/2025,10044,Soft Pretzel(1 pretzel),0,0,0,5,0,0,0,$0.00,0,0.00%,$0.00,$0.00,5,100.00%,$0.00,$0.00,,,,
Annandale Terrace Elementary,5/23/2025,10075,Cheese Pizza(Slice),4,0,4,6,6,0,6,$3.42,0,0.00%,$0.00,$3.42,0,0.00%,$0.00,$3.42,,,,
Annandale Terrace Elementary,5/23/2025,20001,1% White Milk(Each),75,0,75,92,72,0,72,$25.92,0,0.00%,$0.00,$25.92,20,21.74%,$7.20,$33.12,,,,
Annandale Terrace Elementary,5/23/2025,20002,Fat Free Chocolate Milk(Each),330,0,330,405,339,0,339,$118.65,0,0.00%,$0.00,$118.65,66,16.30%,$23.10,$141.75,,,,
Annandale Terrace Elementary,5/23/2025,20008,Apple Slices(3 slices per 1/4 cup),0,0,0,230,143,0,143,$84.37,0,0.00%,$0.00,$84.37,87,37.83%,$51.33,$135.70,,,,
Annandale Terrace Elementary,5/23/2025,20011,Cherry Tomatoes(1/4 cup),28,0,28,48,48,0,48,$17.76,0,0.00%,$0.00,$17.76,0,0.00%,$0.00,$17.76,,,,
Annandale Terrace Elementary,5/23/2025,20016,String Cheese(Each),5,0,5,5,5,0,5,$1.10,0,0.00%,$0.00,$1.10,0,0.00%,$0.00,$1.10,,,,
Annandale Terrace Elementary,5/23/2025,20017,Orange(1/4 cup),0,0,0,306,303,0,303,$51.51,0,0.00%,$0.00,$51.51,3,0.98%,$0.51,$52.02,,,,
Annandale Terrace Elementary,5/23/2025,20027,Broccoli Florets(1/4 cup),0,0,0,126,122,0,122,$9.76,0,0.00%,$0.00,$9.76,4,3.17%,$0.32,$10.08,,,,
Annandale Terrace Elementary,5/23/2025,20028,Lettuce Blend Salad Mix(1/2 cup),157,0,157,80,80,0,80,$6.40,0,0.00%,$0.00,$6.40,0,0.00%,$0.00,$6.40,,,,
Annandale Terrace Elementary,5/23/2025,20031,Banana(Each),47,0,47,157,157,0,157,$32.97,0,0.00%,$0.00,$32.97,0,0.00%,$0.00,$32.97,,,,
Annandale Terrace Elementary,5/23/2025,20038,Fat Free White Milk(Each),8,0,8,81,19,0,19,$6.27,0,0.00%,$0.00,$6.27,62,76.54%,$20.46,$26.73,,,,
Annandale Terrace Elementary,5/23/2025,20043,"Lactose Free, White Milk(Each)",0,0,0,3,3,0,3,$1.74,0,0.00%,$0.00,$1.74,0,0.00%,$0.00,$1.74,,,,
Annandale Terrace Elementary,5/23/2025,20052,Assorted  4 oz Yogurt(Container),5,0,5,5,0,0,0,$0.00,0,0.00%,$0.00,$0.00,5,100.00%,$0.00,$0.00,,,,
Annandale Terrace Elementary,5/23/2025,30008,Apple Juice(Each),5,0,5,5,0,0,0,$0.00,0,0.00%,$0.00,$0.00,5,100.00%,$0.00,$0.00,,,,
Annandale Terrace Elementary,5/23/2025,30009,Orange Tangerine Juice(Each),5,0,5,5,0,0,0,$0.00,0,0.00%,$0.00,$0.00,5,100.00%,$0.00,$0.00,,,,
Annandale Terrace Elementary,5/23/2025,30024,Black Beans(1/2 Cup),59,0,59,58,58,0,58,$9.86,0,0.00%,$0.00,$9.86,0,0.00%,$0.00,$9.86,,,,
Annandale Terrace Elementary,5/23/2025,30033,Cheez-Its Crackers(Package),47,0,47,47,47,0,47,$8.46,0,0.00%,$0.00,$8.46,0,0.00%,$0.00,$8.46,,,,
Annandale Terrace Elementary,5/23/2025,30045,Watermelon Flavored Dried Cranberries(Each),8,0,8,25,3,0,3,$0.72,0,0.00%,$0.00,$0.72,22,88.00%,$5.28,$6.00,,,,
Annandale Terrace Elementary,5/23/2025,30061,Chilled Mandarin Oranges(1/2 cup (drained)),58,0,58,58,58,0,58,$19.72,0,0.00%,$0.00,$19.72,0,0.00%,$0.00,$19.72,,,,
Annandale Terrace Elementary,5/23/2025,30061,Chilled Mandarin Oranges(1/4 cup (drained)),248,0,248,168,165,0,165,$28.05,0,0.00%,$0.00,$28.05,3,1.79%,$0.51,$28.56,,,,
Annandale Terrace Elementary,5/23/2025,30077,Italian Dressing(1 ounce),46,0,46,48,28,0,28,$2.24,0,0.00%,$0.00,$2.24,20,41.67%,$1.60,$3.84,,,,
Annandale Terrace Elementary,5/23/2025,30097,Bottled Water(Bottle),5,0,5,5,0,0,0,$0.00,0,0.00%,$0.00,$0.00,5,100.00%,$0.00,$0.00,,,,
Annandale Terrace Elementary,5/23/2025,30099,Chickpeas(1/4 cup),46,0,46,66,64,0,64,$5.76,0,0.00%,$0.00,$5.76,2,3.03%,$0.18,$5.94,,,,
Annandale Terrace Elementary,5/23/2025,30107,Ranch Dressing(1 ounce),45,0,45,48,43,0,43,$4.73,0,0.00%,$0.00,$4.73,5,10.42%,$0.55,$5.28,,,,
Annandale Terrace Elementary,5/23/2025,30109,Smartfood RF White Cheddar Popcorn(Each),0,0,0,15,11,0,11,$4.07,0,0.00%,$0.00,$4.07,4,26.67%,$1.48,$5.55,,,,
Annandale Terrace Elementary,5/23/2025,30188,"Milk, Soy, Plain, Bulk (12/32 oz)(1 cup)",0,0,0,1,1,0,1,$0.79,0,0.00%,$0.00,$0.79,0,0.00%,$0.00,$0.79,,,,
Annandale Terrace Elementary,5/23/2025,60035,PB&J Power Pack(Power Packs),56,0,56,25,21,0,21,$22.68,0,0.00%,$0.00,$22.68,4,16.00%,$4.32,$27.00,,,,
Annandale Terrace Elementary,5/23/2025,60036,Cherry Vanilla Yogurt Power Pack(Power Packs),75,0,75,39,31,0,31,$24.80,0,0.00%,$0.00,$24.80,8,20.51%,$6.40,$31.20,,,,
Annandale Terrace Elementary,5/23/2025,60041,Turkey Pepperoni Pizza(Slice),188,0,188,216,203,1,204,$138.72,1,0.46%,$0.68,$139.40,11,5.09%,$7.48,$146.88,,,,
Annandale Terrace Elementary,5/23/2025,60077,Manager's Vegetable Choice(1/2 cup),91,0,91,96,96,0,96,$0.00,0,0.00%,$0.00,$0.00,0,0.00%,$0.00,$0.00,,,,
Annandale Terrace Elementary,5/23/2025,60080,Cheese Pizza(Slice),246,0,246,281,270,8,278,$158.46,1,0.36%,$0.57,$159.03,2,0.71%,$1.14,$160.17,,,,
Annandale Terrace Elementary,5/23/2025,60101,Chickpeas - salad bar entree(1/2 cup),0,0,0,5,0,0,0,$0.00,0,0.00%,$0.00,$0.00,5,100.00%,$0.00,$0.00,,,,
Annandale Terrace Elementary,5/23/2025,60120,Asian Veggie Sub(sandwich),0,0,0,2,2,0,2,$3.78,0,0.00%,$0.00,$3.78,0,0.00%,$0.00,$3.78,,,,
Annandale Terrace Elementary,5/23/2025,60150,Strawberry Parfait Power Pack(Power Pack),0,0,0,2,2,0,2,$3.26,0,0.00%,$0.00,$3.26,0,0.00%,$0.00,$3.26,,,,
Armstrong Elementary,5/23/2025,10044,Soft Pretzel(1 pretzel),0,0,0,2,0,0,0,$0.00,2,100.00%,$0.00,$0.00,0,0.00%,$0.00,$0.00,,,,
Armstrong Elementary,5/23/2025,10075,Cheese Pizza(Slice),27,0,27,45,42,0,42,$23.94,3,6.67%,$1.71,$25.65,0,0.00%,$0.00,$25.65,,,,
Armstrong Elementary,5/23/2025,20001,1% White Milk(Each),19,0,19,50,21,0,21,$7.56,0,0.00%,$0.00,$7.56,29,58.00%,$10.44,$18.00,,,,
Armstrong Elementary,5/23/2025,20002,Fat Free Chocolate Milk(Each),91,0,91,150,107,0,107,$37.45,0,0.00%,$0.00,$37.45,43,28.67%,$15.05,$52.50,,,,
Armstrong Elementary,5/23/2025,20011,Cherry Tomatoes(1/4 cup),29,0,29,50,47,0,47,$17.39,3,6.00%,$1.11,$18.50,0,0.00%,$0.00,$18.50,,,,
Armstrong Elementary,5/23/2025,20014,Red Delicious Apple(Each - serving),0,0,0,62,62,0,62,$20.46,0,0.00%,$0.00,$20.46,0,0.00%,$0.00,$20.46,,,,
Armstrong Elementary,5/23/2025,20017,Orange(1/4 cup),0,0,0,46,44,0,44,$7.48,2,4.35%,$0.34,$7.82,0,0.00%,$0.00,$7.82,,,,
Armstrong Elementary,5/23/2025,20027,Broccoli Florets(1/4 cup),0,0,0,48,45,0,45,$3.60,3,6.25%,$0.24,$3.84,0,0.00%,$0.00,$3.84,,,,
Armstrong Elementary,5/23/2025,20028,Lettuce Blend Salad Mix(1/2 cup),57,0,57,80,73,0,73,$5.84,7,8.75%,$0.56,$6.40,0,0.00%,$0.00,$6.40,,,,
Armstrong Elementary,5/23/2025,20036,Celery Sticks(1/4 cup),0,0,0,50,47,0,47,$12.69,3,6.00%,$0.81,$13.50,0,0.00%,$0.00,$13.50,,,,
Armstrong Elementary,5/23/2025,20038,Fat Free White Milk(Each),15,0,15,50,14,0,14,$4.62,0,0.00%,$0.00,$4.62,36,72.00%,$11.88,$16.50,,,,
Armstrong Elementary,5/23/2025,20080,"Carrots, Shredded(Cup)",0,0,0,33,29,0,29,$9.57,4,12.12%,$1.32,$10.89,0,0.00%,$0.00,$10.89,,,,
Armstrong Elementary,5/23/2025,30024,Black Beans(1/4 Cup),0,0,0,25,21,0,21,$1.89,4,16.00%,$0.36,$2.25,0,0.00%,$0.00,$2.25,,,,
Armstrong Elementary,5/23/2025,30039,Cherry Flavored Dried Cranberries(Each),17,0,17,25,19,0,19,$4.56,0,0.00%,$0.00,$4.56,6,24.00%,$1.44,$6.00,,,,
Armstrong Elementary,5/23/2025,30061,Chilled Mandarin Oranges(1/4 cup (drained)),43,0,43,58,56,0,56,$9.52,2,3.45%,$0.34,$9.86,0,0.00%,$0.00,$9.86,,,,
Armstrong Elementary,5/23/2025,30063,Ketchup Packet(Packet),0,0,0,100,87,0,87,$2.61,0,0.00%,$0.00,$2.61,13,13.00%,$0.39,$3.00,,,,
Armstrong Elementary,5/23/2025,30077,Italian Dressing(1 ounce),23,0,23,25,21,0,21,$1.68,4,16.00%,$0.32,$2.00,0,0.00%,$0.00,$2.00,,,,
Armstrong Elementary,5/23/2025,30107,Ranch Dressing(1 ounce),40,0,40,45,39,0,39,$4.29,6,13.33%,$0.66,$4.95,0,0.00%,$0.00,$4.95,,,,
Armstrong Elementary,5/23/2025,30158,Black Beans(1/2 Cup),0,0,0,2,0,0,0,$0.00,2,100.00%,$0.00,$0.00,0,0.00%,$0.00,$0.00,,,,
Armstrong Elementary,5/23/2025,60035,PB&J Power Pack(Power Packs),29,0,29,20,16,0,16,$17.28,0,0.00%,$0.00,$17.28,4,20.00%,$4.32,$21.60,,,,
Armstrong Elementary,5/23/2025,60036,Cherry Vanilla Yogurt Power Pack(Power Packs),5,0,5,10,4,0,4,$3.20,0,0.00%,$0.00,$3.20,6,60.00%,$4.80,$8.00,,,,
Armstrong Elementary,5/23/2025,60041,Turkey Pepperoni Pizza(Slice),94,0,94,65,60,4,64,$43.52,1,1.54%,$0.68,$44.20,0,0.00%,$0.00,$44.20,,,,
Armstrong Elementary,5/23/2025,60042,Beef Meatball Sub Sandwich(Sandwich),0,0,0,35,30,0,30,$38.40,5,14.29%,$6.40,$44.80,0,0.00%,$0.00,$44.80,,,,
Armstrong Elementary,5/23/2025,60096,Strawberry Parfait(Parfait),0,0,0,4,2,0,2,$1.98,2,50.00%,$1.98,$3.96,0,0.00%,$0.00,$3.96,,,,
Baileys Lower Elementary,5/23/2025,10044,Soft Pretzel(1 pretzel),3,0,3,9,0,9,9,$0.00,0,0.00%,$0.00,$0.00,0,0.00%,$0.00,$0.00,,,,
Baileys Lower Elementary,5/23/2025,10075,Cheese Pizza(Slice),9,0,9,10,10,0,10,$5.70,0,0.00%,$0.00,$5.70,0,0.00%,$0.00,$5.70,,,,
Baileys Lower Elementary,5/23/2025,20001,1% White Milk(Each),236,0,236,260,214,0,214,$77.04,4,1.54%,$1.44,$78.48,42,16.15%,$15.12,$93.60,,,,
Baileys Lower Elementary,5/23/2025,20002,Fat Free Chocolate Milk(Each),339,0,339,440,385,0,385,$134.75,0,0.00%,$0.00,$134.75,55,12.50%,$19.25,$154.00,,,,
Baileys Lower Elementary,5/23/2025,20011,Cherry Tomatoes(1/4 cup),130,0,130,72,67,0,67,$24.79,5,6.94%,$1.85,$26.64,0,0.00%,$0.00,$26.64,,,,
Baileys Lower Elementary,5/23/2025,20018,Red Seedless Grapes(16 grapes per 1/2 cup),555,0,555,520,516,0,516,$263.16,4,0.77%,$2.04,$265.20,0,0.00%,$0.00,$265.20,,,,
Baileys Lower Elementary,5/23/2025,20027,Broccoli Florets(1/4 cup),0,0,0,42,40,0,40,$3.20,2,4.76%,$0.16,$3.36,0,0.00%,$0.00,$3.36,,,,
Baileys Lower Elementary,5/23/2025,20028,Lettuce Blend Salad Mix(1/2 cup),121,0,121,120,110,0,110,$8.80,10,8.33%,$0.80,$9.60,0,0.00%,$0.00,$9.60,,,,
Baileys Lower Elementary,5/23/2025,20031,Banana(Each),0,0,0,200,198,0,198,$41.58,2,1.00%,$0.42,$42.00,0,0.00%,$0.00,$42.00,,,,
Baileys Lower Elementary,5/23/2025,20038,Fat Free White Milk(Each),30,0,30,47,26,0,26,$8.58,0,0.00%,$0.00,$8.58,21,44.68%,$6.93,$15.51,,,,
Baileys Lower Elementary,5/23/2025,20043,"Lactose Free, White Milk(Each)",0,0,0,6,6,0,6,$3.48,0,0.00%,$0.00,$3.48,0,0.00%,$0.00,$3.48,,,,
Baileys Lower Elementary,5/23/2025,20047,Orange Slices(6 Slices per 1/2 cup),0,0,0,136,130,0,130,$52.00,6,4.41%,$2.40,$54.40,0,0.00%,$0.00,$54.40,,,,
Baileys Lower Elementary,5/23/2025,20079,"Lettuce, Green Salad Mix(1 cup)",0,0,0,136,136,0,136,$23.12,0,0.00%,$0.00,$23.12,0,0.00%,$0.00,$23.12,,,,
Baileys Lower Elementary,5/23/2025,30033,Cheez-Its Crackers(Package),81,0,81,81,81,0,81,$14.58,0,0.00%,$0.00,$14.58,0,0.00%,$0.00,$14.58,,,,
Baileys Lower Elementary,5/23/2025,30034,Graham Crackers(Package),0,0,0,81,81,0,81,$11.34,0,0.00%,$0.00,$11.34,0,0.00%,$0.00,$11.34,,,,
Baileys Lower Elementary,5/23/2025,30044,Strawberry Flavored Dried Cranberries(Each),32,0,32,60,32,0,32,$7.68,0,0.00%,$0.00,$7.68,28,46.67%,$6.72,$14.40,,,,
Baileys Lower Elementary,5/23/2025,30048,Apple Cinnamon Spread(Each),0,0,0,81,81,0,81,$36.45,0,0.00%,$0.00,$36.45,0,0.00%,$0.00,$36.45,,,,
Baileys Lower Elementary,5/23/2025,30061,Chilled Mandarin Oranges(1/2 cup (drained)),132,0,132,136,136,0,136,$46.24,0,0.00%,$0.00,$46.24,0,0.00%,$0.00,$46.24,,,,
Baileys Lower Elementary,5/23/2025,30077,Italian Dressing(1 ounce),25,0,25,48,20,0,20,$1.60,0,0.00%,$0.00,$1.60,28,58.33%,$2.24,$3.84,,,,
Baileys Lower Elementary,5/23/2025,30099,Chickpeas(1/4 cup),39,0,39,36,32,0,32,$2.88,4,11.11%,$0.36,$3.24,0,0.00%,$0.00,$3.24,,,,
Baileys Lower Elementary,5/23/2025,30107,Ranch Dressing(1 ounce),54,0,54,48,33,0,33,$3.63,0,0.00%,$0.00,$3.63,15,31.25%,$1.65,$5.28,,,,
Baileys Lower Elementary,5/23/2025,60035,PB&J Power Pack(Power Packs),114,0,114,50,39,0,39,$42.12,3,6.00%,$3.24,$45.36,8,16.00%,$8.64,$54.00,,,,
Baileys Lower Elementary,5/23/2025,60036,Cherry Vanilla Yogurt Power Pack(Power Packs),18,0,18,20,14,0,14,$11.20,0,0.00%,$0.00,$11.20,6,30.00%,$4.80,$16.00,,,,
Baileys Lower Elementary,5/23/2025,60041,Turkey Pepperoni Pizza(Slice),379,14,393,414,404,5,409,$278.12,5,1.21%,$3.40,$281.52,0,0.00%,$0.00,$281.52,,,,
Baileys Lower Elementary,5/23/2025,60077,Manager's Vegetable Choice(1/4 cup),179,0,179,48,40,0,40,$0.00,8,16.67%,$0.00,$0.00,0,0.00%,$0.00,$0.00,,,,
Baileys Lower Elementary,5/23/2025,60080,Cheese Pizza(Slice),203,7,210,206,195,3,198,$112.86,8,3.88%,$4.56,$117.42,0,0.00%,$0.00,$117.42,,,,
Baileys Lower Elementary,5/23/2025,60101,Chickpeas - salad bar entree(1/2 cup),2,0,2,9,0,9,9,$0.00,0,0.00%,$0.00,$0.00,0,0.00%,$0.00,$0.00,,,,
Baileys Lower Elementary,5/23/2025,60120,Asian Veggie Sub(sandwich),0,0,0,45,43,0,43,$81.27,2,4.44%,$3.78,$85.05,0,0.00%,$0.00,$85.05,,,,
Baileys Upper Elementary,5/23/2025,10033,Chocolate Chip Cookie(1/2 Cookie),40,0,40,6,6,0,6,$0.84,0,0.00%,$0.00,$0.84,0,0.00%,$0.00,$0.84,,,,
Baileys Upper Elementary,5/23/2025,10044,Soft Pretzel(1 pretzel),3,0,3,3,0,1,1,$0.00,0,0.00%,$0.00,$0.00,2,66.67%,$0.00,$0.00,,,,
Baileys Upper Elementary,5/23/2025,10075,Cheese Pizza(Slice),90,0,90,99,91,5,96,$54.72,3,3.03%,$1.71,$56.43,0,0.00%,$0.00,$56.43,,,,
Baileys Upper Elementary,5/23/2025,20001,1% White Milk(Each),63,0,63,167,74,0,74,$26.64,0,0.00%,$0.00,$26.64,93,55.69%,$33.48,$60.12,,,,
Baileys Upper Elementary,5/23/2025,20002,Fat Free Chocolate Milk(Each),300,0,300,9,5,0,5,$1.75,0,0.00%,$0.00,$1.75,4,44.44%,$1.40,$3.15,,,,
Baileys Upper Elementary,5/23/2025,20008,Apple Slices(3 slices per 1/4 cup),0,0,0,512,448,0,448,$264.32,0,0.00%,$0.00,$264.32,64,12.50%,$37.76,$302.08,,,,
Baileys Upper Elementary,5/23/2025,20011,Cherry Tomatoes(1/4 cup),180,0,180,360,360,0,360,$133.20,0,0.00%,$0.00,$133.20,0,0.00%,$0.00,$133.20,,,,
Baileys Upper Elementary,5/23/2025,20018,Red Seedless Grapes(8 grapes per 1/4 cup),506,0,506,506,368,0,368,$95.68,0,0.00%,$0.00,$95.68,138,27.27%,$35.88,$131.56,,,,
Baileys Upper Elementary,5/23/2025,20023,Baby Carrots(3 baby carrots per 1/4 cup),200,0,200,336,336,0,336,$30.24,0,0.00%,$0.00,$30.24,0,0.00%,$0.00,$30.24,,,,
Baileys Upper Elementary,5/23/2025,20028,Lettuce Blend Salad Mix(1/2 cup),454,0,454,400,400,0,400,$32.00,0,0.00%,$0.00,$32.00,0,0.00%,$0.00,$32.00,,,,
Baileys Upper Elementary,5/23/2025,20031,Banana(Each),0,0,0,205,200,0,200,$42.00,5,2.44%,$1.05,$43.05,0,0.00%,$0.00,$43.05,,,,
Baileys Upper Elementary,5/23/2025,20038,Fat Free White Milk(Each),7,0,7,422,303,0,303,$99.99,0,0.00%,$0.00,$99.99,119,28.20%,$39.27,$139.26,,,,
Baileys Upper Elementary,5/23/2025,20047,Orange Slices(3 slices per 1/4 cup),0,0,0,51,51,0,51,$10.20,0,0.00%,$0.00,$10.20,0,0.00%,$0.00,$10.20,,,,
Baileys Upper Elementary,5/23/2025,30031,Strawberry Chex Mix(Package),0,0,0,3,2,0,2,$0.90,0,0.00%,$0.00,$0.90,1,33.33%,$0.45,$1.35,,,,
Baileys Upper Elementary,5/23/2025,30063,Ketchup Packet(Packet),0,0,0,500,300,0,300,$9.00,0,0.00%,$0.00,$9.00,200,40.00%,$6.00,$15.00,,,,
Baileys Upper Elementary,5/23/2025,30064,Mayonnaise Packet(Packet),0,0,0,200,100,0,100,$10.00,0,0.00%,$0.00,$10.00,100,50.00%,$10.00,$20.00,,,,
Baileys Upper Elementary,5/23/2025,30094,Doritos Wild White Nacho Flavored Tortilla Chips(Bag),7,0,7,20,17,0,17,$5.95,0,0.00%,$0.00,$5.95,3,15.00%,$1.05,$7.00,,,,
Baileys Upper Elementary,5/23/2025,30097,Bottled Water(Bottle),3,0,3,5,4,0,4,$0.64,0,0.00%,$0.00,$0.64,1,20.00%,$0.16,$0.80,,,,
Baileys Upper Elementary,5/23/2025,30099,Chickpeas(1/2 cup),0,0,0,32,32,0,32,$5.76,0,0.00%,$0.00,$5.76,0,0.00%,$0.00,$5.76,,,,
Baileys Upper Elementary,5/23/2025,30107,Ranch Dressing(1 ounce),128,0,128,100,100,0,100,$11.00,0,0.00%,$0.00,$11.00,0,0.00%,$0.00,$11.00,,,,
Baileys Upper Elementary,5/23/2025,30109,Smartfood RF White Cheddar Popcorn(Each),0,0,0,10,9,0,9,$3.33,0,0.00%,$0.00,$3.33,1,10.00%,$0.37,$3.70,,,,
Baileys Upper Elementary,5/23/2025,60035,PB&J Power Pack(Power Packs),15,0,15,25,23,0,23,$24.84,0,0.00%,$0.00,$24.84,2,8.00%,$2.16,$27.00,,,,
Baileys Upper Elementary,5/23/2025,60037,Strawberry & Banana Yogurt Power Pack(Power Packs),15,0,15,15,14,0,14,$11.20,0,0.00%,$0.00,$11.20,1,6.67%,$0.80,$12.00,,,,
Baileys Upper Elementary,5/23/2025,60041,Turkey Pepperoni Pizza(Slice),300,0,300,324,321,2,323,$219.64,1,0.31%,$0.68,$220.32,0,0.00%,$0.00,$220.32,,,,
Beech Tree Elementary,5/23/2025,10044,Soft Pretzel(1 pretzel),1,0,1,1,0,0,0,$0.00,0,0.00%,$0.00,$0.00,1,100.00%,$0.00,$0.00,,,,
Beech Tree Elementary,5/23/2025,10075,Cheese Pizza(Slice),0,0,0,0,0,0,0,$0.00,0,0.00%,$0.00,$0.00,0,0.00%,$0.00,$0.00,,,,
Beech Tree Elementary,5/23/2025,20001,1% White Milk(Each),68,0,68,94,62,0,62,$22.32,0,0.00%,$0.00,$22.32,32,34.04%,$11.52,$33.84,,,,
Beech Tree Elementary,5/23/2025,20002,Fat Free Chocolate Milk(Each),200,0,200,250,214,0,214,$74.90,0,0.00%,$0.00,$74.90,36,14.40%,$12.60,$87.50,,,,
Beech Tree Elementary,5/23/2025,20018,Red Seedless Grapes(8 grapes per 1/4 cup),240,0,240,460,448,0,448,$116.48,0,0.00%,$0.00,$116.48,12,2.61%,$3.12,$119.60,,,,
Beech Tree Elementary,5/23/2025,20023,Baby Carrots(3 baby carrots per 1/4 cup),0,0,0,144,134,0,134,$12.06,0,0.00%,$0.00,$12.06,10,6.94%,$0.90,$12.96,,,,
Beech Tree Elementary,5/23/2025,20027,Broccoli Florets(1/4 cup),72,0,72,84,74,0,74,$5.92,0,0.00%,$0.00,$5.92,10,11.90%,$0.80,$6.72,,,,
Beech Tree Elementary,5/23/2025,20028,Lettuce Blend Salad Mix(1/2 cup),240,0,240,240,230,0,230,$18.40,0,0.00%,$0.00,$18.40,10,4.17%,$0.80,$19.20,,,,
Beech Tree Elementary,5/23/2025,20031,Banana(Each),36,0,36,306,276,0,276,$57.96,0,0.00%,$0.00,$57.96,30,9.80%,$6.30,$64.26,,,,
Beech Tree Elementary,5/23/2025,20038,Fat Free White Milk(Each),20,0,20,25,6,0,6,$1.98,0,0.00%,$0.00,$1.98,19,76.00%,$6.27,$8.25,,,,
Beech Tree Elementary,5/23/2025,30024,Black Beans(1/2 Cup),48,0,48,46,35,0,35,$5.95,0,0.00%,$0.00,$5.95,11,23.91%,$1.87,$7.82,,,,
Beech Tree Elementary,5/23/2025,30033,Cheez-Its Crackers(Package),36,0,36,36,36,0,36,$6.48,0,0.00%,$0.00,$6.48,0,0.00%,$0.00,$6.48,,,,
Beech Tree Elementary,5/23/2025,30043,Raspberry Lemonade Flavored Dried Cranberries(Each),100,0,100,75,63,0,63,$15.12,0,0.00%,$0.00,$15.12,12,16.00%,$2.88,$18.00,,,,
Beech Tree Elementary,5/23/2025,30061,Chilled Mandarin Oranges(1/2 cup (drained)),48,0,48,46,35,0,35,$11.90,0,0.00%,$0.00,$11.90,11,23.91%,$3.74,$15.64,,,,
Beech Tree Elementary,5/23/2025,30077,Italian Dressing(1 ounce),48,0,48,24,12,0,12,$0.96,0,0.00%,$0.00,$0.96,12,50.00%,$0.96,$1.92,,,,
Beech Tree Elementary,5/23/2025,30099,Chickpeas(1/4 cup),33,0,33,33,33,0,33,$2.97,0,0.00%,$0.00,$2.97,0,0.00%,$0.00,$2.97,,,,
Beech Tree Elementary,5/23/2025,30107,Ranch Dressing(1 ounce),48,0,48,48,24,0,24,$2.64,0,0.00%,$0.00,$2.64,24,50.00%,$2.64,$5.28,,,,
Beech Tree Elementary,5/23/2025,60035,PB&J Power Pack(Power Packs),30,0,30,25,23,0,23,$24.84,0,0.00%,$0.00,$24.84,2,8.00%,$2.16,$27.00,,,,
Beech Tree Elementary,5/23/2025,60036,Cherry Vanilla Yogurt Power Pack(Power Packs),15,0,15,15,12,0,12,$9.60,0,0.00%,$0.00,$9.60,3,20.00%,$2.40,$12.00,,,,
Beech Tree Elementary,5/23/2025,60037,Strawberry & Banana Yogurt Power Pack(Power Packs),0,0,0,15,11,0,11,$8.80,0,0.00%,$0.00,$8.80,4,26.67%,$3.20,$12.00,,,,
Beech Tree Elementary,5/23/2025,60041,Turkey Pepperoni Pizza(Slice),172,6,178,195,177,6,183,$124.44,0,0.00%,$0.00,$124.44,12,6.15%,$8.16,$132.60,,,,
Beech Tree Elementary,5/23/2025,60080,Cheese Pizza(Slice),91,0,91,91,87,0,87,$49.59,0,0.00%,$0.00,$49.59,4,4.40%,$2.28,$51.87,,,,
Beech Tree Elementary,5/23/2025,60101,Chickpeas - salad bar entree(1/2 cup),1,0,1,1,0,0,0,$0.00,0,0.00%,$0.00,$0.00,1,100.00%,$0.00,$0.00,,,,
Belle View Elementary,5/23/2025,10023,Blueberry Bread(1oz Grain (1/64 Baked Pan)),0,0,0,3,0,3,3,$0.00,0,0.00%,$0.00,$0.00,0,0.00%,$0.00,$0.00,,,,
Belle View Elementary,5/23/2025,10044,Soft Pretzel(1 pretzel),26,0,26,39,20,19,39,$8.58,0,0.00%,$0.00,$8.58,0,0.00%,$0.00,$8.58,,,,
Belle View Elementary,5/23/2025,10075,Cheese Pizza(Slice),80,0,80,95,83,3,86,$49.02,0,0.00%,$0.00,$49.02,9,9.47%,$5.13,$54.15,,,,
Belle View Elementary,5/23/2025,20001,1% White Milk(Each),15,0,15,25,11,1,12,$4.32,0,0.00%,$0.00,$4.32,13,52.00%,$4.68,$9.00,,,,
Belle View Elementary,5/23/2025,20002,Fat Free Chocolate Milk(Each),120,0,120,135,124,5,129,$45.15,0,0.00%,$0.00,$45.15,6,4.44%,$2.10,$47.25,,,,
Belle View Elementary,5/23/2025,20011,Cherry Tomatoes(1/4 cup),95,0,95,72,72,0,72,$26.64,0,0.00%,$0.00,$26.64,0,0.00%,$0.00,$26.64,,,,
Belle View Elementary,5/23/2025,20015,Golden Delicious Apple(Each),0,0,0,121,100,1,101,$31.31,0,0.00%,$0.00,$31.31,20,16.53%,$6.20,$37.51,,,,
Belle View Elementary,5/23/2025,20017,Orange(1/4 cup),0,0,0,100,100,0,100,$17.00,0,0.00%,$0.00,$17.00,0,0.00%,$0.00,$17.00,,,,
Belle View Elementary,5/23/2025,20023,Baby Carrots(3 baby carrots per 1/4 cup),0,0,0,96,92,0,92,$8.28,0,0.00%,$0.00,$8.28,4,4.17%,$0.36,$8.64,,,,
Belle View Elementary,5/23/2025,20028,Lettuce Blend Salad Mix(1/2 cup),120,0,120,120,120,0,120,$9.60,0,0.00%,$0.00,$9.60,0,0.00%,$0.00,$9.60,,,,
Belle View Elementary,5/23/2025,20031,Banana(Each),0,0,0,34,34,0,34,$7.14,0,0.00%,$0.00,$7.14,0,0.00%,$0.00,$7.14,,,,
Belle View Elementary,5/23/2025,20038,Fat Free White Milk(Each),3,0,3,5,1,0,1,$0.33,0,0.00%,$0.00,$0.33,4,80.00%,$1.32,$1.65,,,,
Belle View Elementary,5/23/2025,30006,Cinnamon Chex Cereal(Each),0,0,0,1,0,1,1,$0.00,0,0.00%,$0.00,$0.00,0,0.00%,$0.00,$0.00,,,,
Belle View Elementary,5/23/2025,30008,Apple Juice(Each),40,0,40,33,0,33,33,$0.00,0,0.00%,$0.00,$0.00,0,0.00%,$0.00,$0.00,,,,
Belle View Elementary,5/23/2025,30009,Orange Tangerine Juice(Each),20,0,20,6,0,6,6,$0.00,0,0.00%,$0.00,$0.00,0,0.00%,$0.00,$0.00,,,,
Belle View Elementary,5/23/2025,30033,Cheez-Its Crackers(Package),0,0,0,25,0,25,25,$0.00,0,0.00%,$0.00,$0.00,0,0.00%,$0.00,$0.00,,,,
Belle View Elementary,5/23/2025,30043,Raspberry Lemonade Flavored Dried Cranberries(Each),4,0,4,20,20,0,20,$4.80,0,0.00%,$0.00,$4.80,0,0.00%,$0.00,$4.80,,,,
Belle View Elementary,5/23/2025,30077,Italian Dressing(1 ounce),4,0,4,5,5,0,5,$0.40,0,0.00%,$0.00,$0.40,0,0.00%,$0.00,$0.40,,,,
Belle View Elementary,5/23/2025,30097,Bottled Water(Bottle),5,0,5,3,0,3,3,$0.00,0,0.00%,$0.00,$0.00,0,0.00%,$0.00,$0.00,,,,
Belle View Elementary,5/23/2025,30099,Chickpeas(1/4 cup),8,0,8,20,10,0,10,$0.90,0,0.00%,$0.00,$0.90,10,50.00%,$0.90,$1.80,,,,
Belle View Elementary,5/23/2025,30107,Ranch Dressing(1 ounce),84,0,84,84,84,0,84,$9.24,0,0.00%,$0.00,$9.24,0,0.00%,$0.00,$9.24,,,,
Belle View Elementary,5/23/2025,60035,PB&J Power Pack(Power Packs),39,0,39,15,14,0,14,$15.12,0,0.00%,$0.00,$15.12,1,6.67%,$1.08,$16.20,,,,
Belle View Elementary,5/23/2025,60037,Strawberry & Banana Yogurt Power Pack(Power Packs),13,0,13,10,10,0,10,$8.00,0,0.00%,$0.00,$8.00,0,0.00%,$0.00,$8.00,,,,
Belle View Elementary,5/23/2025,60038,Peach Yogurt Power Pack(Power Packs),17,0,17,10,10,0,10,$8.00,0,0.00%,$0.00,$8.00,0,0.00%,$0.00,$8.00,,,,
Belle View Elementary,5/23/2025,60041,Turkey Pepperoni Pizza(1.37 oz),0,0,0,1,0,1,1,$0.00,0,0.00%,$0.00,$0.00,0,0.00%,$0.00,$0.00,,,,
Belle View Elementary,5/23/2025,60041,Turkey Pepperoni Pizza(Slice),89,0,89,84,84,0,84,$57.12,0,0.00%,$0.00,$57.12,0,0.00%,$0.00,$57.12,,,,
Belle View Elementary,5/23/2025,60080,Cheese Pizza(Slice),0,0,0,1,0,1,1,$0.00,0,0.00%,$0.00,$0.00,0,0.00%,$0.00,$0.00,,,,
Belle View Elementary,5/23/2025,60120,Asian Veggie Sub(sandwich),0,0,0,2,2,0,2,$3.78,0,0.00%,$0.00,$3.78,0,0.00%,$0.00,$3.78,,,,
Belvedere Elementary,5/23/2025,10044,Soft Pretzel(1 pretzel),2,0,2,2,1,1,2,$0.44,0,0.00%,$0.00,$0.44,0,0.00%,$0.00,$0.44,,,,
Belvedere Elementary,5/23/2025,10075,Cheese Pizza(Slice),35,0,35,37,37,0,37,$21.09,0,0.00%,$0.00,$21.09,0,0.00%,$0.00,$21.09,,,,
Belvedere Elementary,5/23/2025,20001,1% White Milk(Each),172,0,172,143,105,0,105,$37.80,0,0.00%,$0.00,$37.80,38,26.57%,$13.68,$51.48,,,,
Belvedere Elementary,5/23/2025,20002,Fat Free Chocolate Milk(Each),90,0,90,281,204,0,204,$71.40,0,0.00%,$0.00,$71.40,77,27.40%,$26.95,$98.35,,,,
Belvedere Elementary,5/23/2025,20008,Apple Slices(3 slices per 1/4 cup),0,0,0,90,90,0,90,$53.10,0,0.00%,$0.00,$53.10,0,0.00%,$0.00,$53.10,,,,
Belvedere Elementary,5/23/2025,20017,Orange(1/4 cup),0,0,0,95,95,0,95,$16.15,0,0.00%,$0.00,$16.15,0,0.00%,$0.00,$16.15,,,,
Belvedere Elementary,5/23/2025,20028,Lettuce Blend Salad Mix(1/2 cup),248,0,248,100,100,0,100,$8.00,0,0.00%,$0.00,$8.00,0,0.00%,$0.00,$8.00,,,,
Belvedere Elementary,5/23/2025,20031,Banana(Each),44,0,44,37,37,0,37,$7.77,0,0.00%,$0.00,$7.77,0,0.00%,$0.00,$7.77,,,,
Belvedere Elementary,5/23/2025,20038,Fat Free White Milk(Each),8,0,8,50,7,0,7,$2.31,0,0.00%,$0.00,$2.31,43,86.00%,$14.19,$16.50,,,,
Belvedere Elementary,5/23/2025,20077,"Peppers, red, pre-sliced(1/2 cup sliced)",0,0,0,25,25,0,25,$14.00,0,0.00%,$0.00,$14.00,0,0.00%,$0.00,$14.00,,,,
Belvedere Elementary,5/23/2025,30024,Black Beans(1/2 Cup),79,0,79,74,74,0,74,$12.58,0,0.00%,$0.00,$12.58,0,0.00%,$0.00,$12.58,,,,
Belvedere Elementary,5/23/2025,30033,Cheez-Its Crackers(Package),44,0,44,373,373,0,373,$67.14,0,0.00%,$0.00,$67.14,0,0.00%,$0.00,$67.14,,,,
Belvedere Elementary,5/23/2025,30061,Chilled Mandarin Oranges(1/2 cup (drained)),35,0,35,37,37,0,37,$12.58,0,0.00%,$0.00,$12.58,0,0.00%,$0.00,$12.58,,,,
Belvedere Elementary,5/23/2025,30061,Chilled Mandarin Oranges(1/4 cup (drained)),28,0,28,39,39,0,39,$6.63,0,0.00%,$0.00,$6.63,0,0.00%,$0.00,$6.63,,,,
Belvedere Elementary,5/23/2025,30077,Italian Dressing(1 ounce),93,0,93,84,66,0,66,$5.28,0,0.00%,$0.00,$5.28,18,21.43%,$1.44,$6.72,,,,
Belvedere Elementary,5/23/2025,30103,"Milk, Lactose Free,  Fat Free, Shelf-Stable(Each)",0,0,0,1,1,0,1,$0.48,0,0.00%,$0.00,$0.48,0,0.00%,$0.00,$0.48,,,,
Belvedere Elementary,5/23/2025,30107,Ranch Dressing(1 ounce),132,0,132,108,98,0,98,$10.78,0,0.00%,$0.00,$10.78,10,9.26%,$1.10,$11.88,,,,
Belvedere Elementary,5/23/2025,30188,"Milk, Soy, Plain, Bulk (12/32 oz)(1 cup)",0,0,0,1,1,0,1,$0.79,0,0.00%,$0.00,$0.79,0,0.00%,$0.00,$0.79,,,,
Belvedere Elementary,5/23/2025,60035,PB&J Power Pack(Power Packs),10,0,10,60,18,16,34,$36.72,0,0.00%,$0.00,$36.72,26,43.33%,$28.08,$64.80,,,,
Belvedere Elementary,5/23/2025,60036,Cherry Vanilla Yogurt Power Pack(Power Packs),0,0,0,0,0,0,0,$0.00,0,0.00%,$0.00,$0.00,0,0.00%,$0.00,$0.00,,,,
Belvedere Elementary,5/23/2025,60037,Strawberry & Banana Yogurt Power Pack(Power Packs),4,0,4,28,7,6,13,$10.40,0,0.00%,$0.00,$10.40,15,53.57%,$12.00,$22.40,,,,
Belvedere Elementary,5/23/2025,60041,Turkey Pepperoni Pizza(Slice),65,0,65,112,105,0,105,$71.40,0,0.00%,$0.00,$71.40,7,6.25%,$4.76,$76.16,,,,
Belvedere Elementary,5/23/2025,60077,Manager's Vegetable Choice(1/4 cup),165,0,165,84,84,0,84,$0.00,0,0.00%,$0.00,$0.00,0,0.00%,$0.00,$0.00,,,,
Belvedere Elementary,5/23/2025,60080,Cheese Pizza(Slice),174,0,174,203,184,6,190,$108.30,0,0.00%,$0.00,$108.30,13,6.40%,$7.41,$115.71,,,,
Belvedere Elementary,5/23/2025,60100,Black Beans - salad bar entree(1/2 cup),0,0,0,66,66,0,66,$11.22,0,0.00%,$0.00,$11.22,0,0.00%,$0.00,$11.22,,,,
Belvedere Elementary,5/23/2025,60101,Chickpeas - salad bar entree(1/2 cup),2,0,2,2,1,1,2,$0.36,0,0.00%,$0.00,$0.36,0,0.00%,$0.00,$0.36,,,,
Belvedere Elementary,5/23/2025,60150,Strawberry Parfait Power Pack(Power Pack),0,0,0,0,0,0,0,$0.00,0,0.00%,$0.00,$0.00,0,0.00%,$0.00,$0.00,,,,
Belvedere Elementary,5/23/2025,x30001,Chilled Peaches(1/2 cup),0,0,0,160,156,0,156,$59.28,0,0.00%,$0.00,$59.28,4,2.50%,$1.52,$60.80,,,,
Bonnie Brae Elementary,5/23/2025,10033,Chocolate Chip Cookie(1/2 Cookie),87,0,87,0,0,0,0,$0.00,0,0.00%,$0.00,$0.00,0,0.00%,$0.00,$0.00,,,,
Bonnie Brae Elementary,5/23/2025,10044,Soft Pretzel(1 pretzel),22,0,22,35,34,0,34,$7.48,1,2.86%,$0.22,$7.70,0,0.00%,$0.00,$7.70,,,,
Bonnie Brae Elementary,5/23/2025,10075,Cheese Pizza(Slice),0,0,0,0,0,0,0,$0.00,0,0.00%,$0.00,$0.00,0,0.00%,$0.00,$0.00,,,,
Bonnie Brae Elementary,5/23/2025,20001,1% White Milk(Each),116,0,116,137,127,0,127,$45.72,0,0.00%,$0.00,$45.72,10,7.30%,$3.60,$49.32,,,,
Bonnie Brae Elementary,5/23/2025,20002,Fat Free Chocolate Milk(Each),174,0,174,200,195,0,195,$68.25,0,0.00%,$0.00,$68.25,5,2.50%,$1.75,$70.00,,,,
Bonnie Brae Elementary,5/23/2025,20011,Cherry Tomatoes(1/4 cup),195,0,195,240,233,0,233,$86.21,7,2.92%,$2.59,$88.80,0,0.00%,$0.00,$88.80,,,,
Bonnie Brae Elementary,5/23/2025,20016,String Cheese(Each),9,0,9,0,0,0,0,$0.00,0,0.00%,$0.00,$0.00,0,0.00%,$0.00,$0.00,,,,
Bonnie Brae Elementary,5/23/2025,20018,Red Seedless Grapes(8 grapes per 1/4 cup),210,0,210,238,234,0,234,$60.84,4,1.68%,$1.04,$61.88,0,0.00%,$0.00,$61.88,,,,
Bonnie Brae Elementary,5/23/2025,20028,Lettuce Blend Salad Mix(1/2 cup),129,0,129,160,156,0,156,$12.48,4,2.50%,$0.32,$12.80,0,0.00%,$0.00,$12.80,,,,
Bonnie Brae Elementary,5/23/2025,20031,Banana(Each),36,0,36,36,36,0,36,$7.56,0,0.00%,$0.00,$7.56,0,0.00%,$0.00,$7.56,,,,
Bonnie Brae Elementary,5/23/2025,20038,Fat Free White Milk(Each),22,0,22,50,40,0,40,$13.20,0,0.00%,$0.00,$13.20,10,20.00%,$3.30,$16.50,,,,
Bonnie Brae Elementary,5/23/2025,20052,Assorted  4 oz Yogurt(Container),0,0,0,0,0,0,0,$0.00,0,0.00%,$0.00,$0.00,0,0.00%,$0.00,$0.00,,,,
Bonnie Brae Elementary,5/23/2025,30008,Apple Juice(Each),32,0,32,0,0,0,0,$0.00,0,0.00%,$0.00,$0.00,0,0.00%,$0.00,$0.00,,,,
Bonnie Brae Elementary,5/23/2025,30009,Orange Tangerine Juice(Each),4,0,4,0,0,0,0,$0.00,0,0.00%,$0.00,$0.00,0,0.00%,$0.00,$0.00,,,,
Bonnie Brae Elementary,5/23/2025,30024,Black Beans(1/2 Cup),33,0,33,352,352,0,352,$59.84,0,0.00%,$0.00,$59.84,0,0.00%,$0.00,$59.84,,,,
Bonnie Brae Elementary,5/23/2025,30033,Cheez-Its Crackers(Package),36,0,36,36,36,0,36,$6.48,0,0.00%,$0.00,$6.48,0,0.00%,$0.00,$6.48,,,,
Bonnie Brae Elementary,5/23/2025,30039,Cherry Flavored Dried Cranberries(Each),181,0,181,210,208,0,208,$49.92,2,0.95%,$0.48,$50.40,0,0.00%,$0.00,$50.40,,,,
Bonnie Brae Elementary,5/23/2025,30041,Orange Flavored Dried Cranberries(Each),104,0,104,0,0,0,0,$0.00,0,0.00%,$0.00,$0.00,0,0.00%,$0.00,$0.00,,,,
Bonnie Brae Elementary,5/23/2025,30042,Original Flavored Dried Cranberries(Package),134,0,134,0,0,0,0,$0.00,0,0.00%,$0.00,$0.00,0,0.00%,$0.00,$0.00,,,,
Bonnie Brae Elementary,5/23/2025,30043,Raspberry Lemonade Flavored Dried Cranberries(Each),115,0,115,0,0,0,0,$0.00,0,0.00%,$0.00,$0.00,0,0.00%,$0.00,$0.00,,,,
Bonnie Brae Elementary,5/23/2025,30044,Strawberry Flavored Dried Cranberries(Each),0,0,0,0,0,0,0,$0.00,0,0.00%,$0.00,$0.00,0,0.00%,$0.00,$0.00,,,,
Bonnie Brae Elementary,5/23/2025,30045,Watermelon Flavored Dried Cranberries(Each),0,0,0,0,0,0,0,$0.00,0,0.00%,$0.00,$0.00,0,0.00%,$0.00,$0.00,,,,
Bonnie Brae Elementary,5/23/2025,30061,Chilled Mandarin Oranges(1/2 cup (drained)),36,0,36,37,37,0,37,$12.58,0,0.00%,$0.00,$12.58,0,0.00%,$0.00,$12.58,,,,
Bonnie Brae Elementary,5/23/2025,30061,Chilled Mandarin Oranges(1/4 cup (drained)),916,0,916,200,197,0,197,$33.49,3,1.50%,$0.51,$34.00,0,0.00%,$0.00,$34.00,,,,
Bonnie Brae Elementary,5/23/2025,30077,Italian Dressing(1 ounce),92,0,92,96,93,0,93,$7.44,3,3.13%,$0.24,$7.68,0,0.00%,$0.00,$7.68,,,,
Bonnie Brae Elementary,5/23/2025,30094,Doritos Wild White Nacho Flavored Tortilla Chips(Bag),84,0,84,53,53,0,53,$18.55,0,0.00%,$0.00,$18.55,0,0.00%,$0.00,$18.55,,,,
Bonnie Brae Elementary,5/23/2025,30097,Bottled Water(Bottle),26,0,26,41,41,0,41,$6.56,0,0.00%,$0.00,$6.56,0,0.00%,$0.00,$6.56,,,,
Bonnie Brae Elementary,5/23/2025,30099,Chickpeas(1/4 cup),72,0,72,96,93,0,93,$8.37,3,3.13%,$0.27,$8.64,0,0.00%,$0.00,$8.64,,,,
Bonnie Brae Elementary,5/23/2025,30107,Ranch Dressing(1 ounce),90,0,90,96,93,0,93,$10.23,3,3.13%,$0.33,$10.56,0,0.00%,$0.00,$10.56,,,,
Bonnie Brae Elementary,5/23/2025,60035,PB&J Power Pack(Power Packs),38,0,38,50,38,0,38,$41.04,0,0.00%,$0.00,$41.04,12,24.00%,$12.96,$54.00,,,,
Bonnie Brae Elementary,5/23/2025,60036,Cherry Vanilla Yogurt Power Pack(Power Packs),0,0,0,0,0,0,0,$0.00,0,0.00%,$0.00,$0.00,0,0.00%,$0.00,$0.00,,,,
Bonnie Brae Elementary,5/23/2025,60037,Strawberry & Banana Yogurt Power Pack(Power Packs),18,0,18,0,0,0,0,$0.00,0,0.00%,$0.00,$0.00,0,0.00%,$0.00,$0.00,,,,
Bonnie Brae Elementary,5/23/2025,60038,Peach Yogurt Power Pack(Power Packs),33,0,33,20,14,0,14,$11.20,0,0.00%,$0.00,$11.20,6,30.00%,$4.80,$16.00,,,,
Bonnie Brae Elementary,5/23/2025,60041,Turkey Pepperoni Pizza(Slice),123,0,123,214,211,0,211,$143.48,3,1.40%,$2.04,$145.52,0,0.00%,$0.00,$145.52,,,,
Bonnie Brae Elementary,5/23/2025,60077,Manager's Vegetable Choice(1/4 cup),272,0,272,420,411,0,411,$0.00,9,2.14%,$0.00,$0.00,0,0.00%,$0.00,$0.00,,,,
Bonnie Brae Elementary,5/23/2025,60080,Cheese Pizza(Slice),180,0,180,165,126,33,159,$90.63,6,3.64%,$3.42,$94.05,0,0.00%,$0.00,$94.05,,,,
Bonnie Brae Elementary,5/23/2025,60101,Chickpeas - salad bar entree(1/2 cup),95,0,95,96,93,0,93,$16.74,0,0.00%,$0.00,$16.74,3,3.13%,$0.54,$17.28,,,,
Braddock Elementary,5/23/2025,10044,Soft Pretzel(1 pretzel),10,0,10,4,4,0,4,$0.88,0,0.00%,$0.00,$0.88,0,0.00%,$0.00,$0.88,,,,
Braddock Elementary,5/23/2025,10073,Whole Strawberries(1/2 cup thawed),0,0,0,220,220,0,220,$74.80,0,0.00%,$0.00,$74.80,0,0.00%,$0.00,$74.80,,,,
Braddock Elementary,5/23/2025,10075,Cheese Pizza(Slice),16,0,16,15,15,0,15,$8.55,0,0.00%,$0.00,$8.55,0,0.00%,$0.00,$8.55,,,,
Braddock Elementary,5/23/2025,20001,1% White Milk(Each),220,0,220,200,200,0,200,$72.00,0,0.00%,$0.00,$72.00,0,0.00%,$0.00,$72.00,,,,
Braddock Elementary,5/23/2025,20002,Fat Free Chocolate Milk(Each),329,0,329,25,25,0,25,$8.75,0,0.00%,$0.00,$8.75,0,0.00%,$0.00,$8.75,,,,
Braddock Elementary,5/23/2025,20011,Cherry Tomatoes(1/4 cup),342,0,342,350,350,0,350,$129.50,0,0.00%,$0.00,$129.50,0,0.00%,$0.00,$129.50,,,,
Braddock Elementary,5/23/2025,20018,Red Seedless Grapes(8 grapes per 1/4 cup),364,0,364,0,0,0,0,$0.00,0,0.00%,$0.00,$0.00,0,0.00%,$0.00,$0.00,,,,
Braddock Elementary,5/23/2025,20028,Lettuce Blend Salad Mix(1/2 cup),424,0,424,345,345,0,345,$27.60,0,0.00%,$0.00,$27.60,0,0.00%,$0.00,$27.60,,,,
Braddock Elementary,5/23/2025,20031,Banana(Each),35,0,35,35,35,0,35,$7.35,0,0.00%,$0.00,$7.35,0,0.00%,$0.00,$7.35,,,,
Braddock Elementary,5/23/2025,20038,Fat Free White Milk(Each),170,0,170,450,450,0,450,$148.50,0,0.00%,$0.00,$148.50,0,0.00%,$0.00,$148.50,,,,
Braddock Elementary,5/23/2025,30024,Black Beans(1/2 Cup),51,0,51,50,50,0,50,$8.50,0,0.00%,$0.00,$8.50,0,0.00%,$0.00,$8.50,,,,
Braddock Elementary,5/23/2025,30033,Cheez-Its Crackers(Package),35,0,35,35,35,0,35,$6.30,0,0.00%,$0.00,$6.30,0,0.00%,$0.00,$6.30,,,,
Braddock Elementary,5/23/2025,30039,Cherry Flavored Dried Cranberries(Each),0,0,0,0,0,0,0,$0.00,0,0.00%,$0.00,$0.00,0,0.00%,$0.00,$0.00,,,,
Braddock Elementary,5/23/2025,30041,Orange Flavored Dried Cranberries(Each),0,0,0,0,0,0,0,$0.00,0,0.00%,$0.00,$0.00,0,0.00%,$0.00,$0.00,,,,
Braddock Elementary,5/23/2025,30042,Original Flavored Dried Cranberries(Package),0,0,0,0,0,0,0,$0.00,0,0.00%,$0.00,$0.00,0,0.00%,$0.00,$0.00,,,,
Braddock Elementary,5/23/2025,30043,Raspberry Lemonade Flavored Dried Cranberries(Each),0,0,0,0,0,0,0,$0.00,0,0.00%,$0.00,$0.00,0,0.00%,$0.00,$0.00,,,,
Braddock Elementary,5/23/2025,30044,Strawberry Flavored Dried Cranberries(Each),0,0,0,0,0,0,0,$0.00,0,0.00%,$0.00,$0.00,0,0.00%,$0.00,$0.00,,,,
Braddock Elementary,5/23/2025,30045,Watermelon Flavored Dried Cranberries(Each),0,0,0,0,0,0,0,$0.00,0,0.00%,$0.00,$0.00,0,0.00%,$0.00,$0.00,,,,
Braddock Elementary,5/23/2025,30061,Chilled Mandarin Oranges(1/2 cup (drained)),52,0,52,50,50,0,50,$17.00,0,0.00%,$0.00,$17.00,0,0.00%,$0.00,$17.00,,,,
Braddock Elementary,5/23/2025,30061,Chilled Mandarin Oranges(1/4 cup (drained)),364,0,364,375,375,0,375,$63.75,0,0.00%,$0.00,$63.75,0,0.00%,$0.00,$63.75,,,,
Braddock Elementary,5/23/2025,30077,Italian Dressing(1 ounce),122,0,122,0,0,0,0,$0.00,0,0.00%,$0.00,$0.00,0,0.00%,$0.00,$0.00,,,,
Braddock Elementary,5/23/2025,30099,Chickpeas(1/4 cup),4,0,4,0,0,0,0,$0.00,0,0.00%,$0.00,$0.00,0,0.00%,$0.00,$0.00,,,,
Braddock Elementary,5/23/2025,30107,Ranch Dressing(1 ounce),159,0,159,159,159,0,159,$17.49,0,0.00%,$0.00,$17.49,0,0.00%,$0.00,$17.49,,,,
Braddock Elementary,5/23/2025,60035,PB&J Power Pack(Power Packs),146,0,146,3,3,0,3,$3.24,0,0.00%,$0.00,$3.24,0,0.00%,$0.00,$3.24,,,,
Braddock Elementary,5/23/2025,60036,Cherry Vanilla Yogurt Power Pack(Power Packs),71,0,71,20,20,0,20,$16.00,0,0.00%,$0.00,$16.00,0,0.00%,$0.00,$16.00,,,,
Braddock Elementary,5/23/2025,60037,Strawberry & Banana Yogurt Power Pack(Power Packs),47,0,47,0,0,0,0,$0.00,0,0.00%,$0.00,$0.00,0,0.00%,$0.00,$0.00,,,,
Braddock Elementary,5/23/2025,60038,Peach Yogurt Power Pack(Power Packs),30,0,30,0,0,0,0,$0.00,0,0.00%,$0.00,$0.00,0,0.00%,$0.00,$0.00,,,,
Braddock Elementary,5/23/2025,60041,Turkey Pepperoni Pizza(Slice),585,0,585,458,458,0,458,$311.44,0,0.00%,$0.00,$311.44,0,0.00%,$0.00,$311.44,,,,
Braddock Elementary,5/23/2025,60077,Manager's Vegetable Choice(1/4 cup),375,0,375,300,300,0,300,$0.00,0,0.00%,$0.00,$0.00,0,0.00%,$0.00,$0.00,,,,
Braddock Elementary,5/23/2025,60080,Cheese Pizza(Slice),171,0,171,231,231,0,231,$131.67,0,0.00%,$0.00,$131.67,0,0.00%,$0.00,$131.67,,,,
Braddock Elementary,5/23/2025,60101,Chickpeas - salad bar entree(1/2 cup),0,0,0,0,0,0,0,$0.00,0,0.00%,$0.00,$0.00,0,0.00%,$0.00,$0.00,,,,
Braddock Elementary,5/23/2025,60150,Strawberry Parfait Power Pack(Power Pack),0,0,0,0,0,0,0,$0.00,0,0.00%,$0.00,$0.00,0,0.00%,$0.00,$0.00,,,,
Bren Mar Park Elementary,5/23/2025,10033,Chocolate Chip Cookie(1/2 Cookie),21,0,21,10,7,0,7,$0.98,3,30.00%,$0.42,$1.40,0,0.00%,$0.00,$1.40,,,,
Bren Mar Park Elementary,5/23/2025,10044,Soft Pretzel(1 pretzel),5,0,5,5,0,0,0,$0.00,5,100.00%,$0.00,$0.00,0,0.00%,$0.00,$0.00,,,,
Bren Mar Park Elementary,5/23/2025,10075,Cheese Pizza(Slice),18,0,18,16,15,0,15,$8.55,1,6.25%,$0.57,$9.12,0,0.00%,$0.00,$9.12,,,,
Bren Mar Park Elementary,5/23/2025,20001,1% White Milk(Each),71,0,71,69,56,0,56,$20.16,1,1.45%,$0.36,$20.52,12,17.39%,$4.32,$24.84,,,,
Bren Mar Park Elementary,5/23/2025,20002,Fat Free Chocolate Milk(Each),200,0,200,200,192,0,192,$67.20,0,0.00%,$0.00,$67.20,8,4.00%,$2.80,$70.00,,,,
Bren Mar Park Elementary,5/23/2025,20008,Apple Slices(3 slices per 1/4 cup),344,0,344,640,640,0,640,$377.60,0,0.00%,$0.00,$377.60,0,0.00%,$0.00,$377.60,,,,
Bren Mar Park Elementary,5/23/2025,20011,Cherry Tomatoes(1/4 cup),64,0,64,64,64,0,64,$23.68,0,0.00%,$0.00,$23.68,0,0.00%,$0.00,$23.68,,,,
Bren Mar Park Elementary,5/23/2025,20018,Red Seedless Grapes(16 grapes per 1/2 cup),0,0,0,46,46,0,46,$23.46,0,0.00%,$0.00,$23.46,0,0.00%,$0.00,$23.46,,,,
Bren Mar Park Elementary,5/23/2025,20023,Baby Carrots(3 baby carrots per 1/4 cup),96,0,96,96,96,0,96,$8.64,0,0.00%,$0.00,$8.64,0,0.00%,$0.00,$8.64,,,,
Bren Mar Park Elementary,5/23/2025,20028,Lettuce Blend Salad Mix(1/2 cup),80,0,80,80,80,0,80,$6.40,0,0.00%,$0.00,$6.40,0,0.00%,$0.00,$6.40,,,,
Bren Mar Park Elementary,5/23/2025,20031,Banana(Each),15,0,15,207,206,1,207,$43.47,0,0.00%,$0.00,$43.47,0,0.00%,$0.00,$43.47,,,,
Bren Mar Park Elementary,5/23/2025,20038,Fat Free White Milk(Each),30,0,30,30,10,0,10,$3.30,0,0.00%,$0.00,$3.30,20,66.67%,$6.60,$9.90,,,,
Bren Mar Park Elementary,5/23/2025,20043,"Lactose Free, White Milk(Each)",1,0,1,3,3,0,3,$1.74,0,0.00%,$0.00,$1.74,0,0.00%,$0.00,$1.74,,,,
Bren Mar Park Elementary,5/23/2025,30024,Black Beans(1/2 Cup),45,0,45,42,40,1,41,$6.97,1,2.38%,$0.17,$7.14,0,0.00%,$0.00,$7.14,,,,
Bren Mar Park Elementary,5/23/2025,30033,Cheez-Its Crackers(Package),14,0,14,17,16,1,17,$3.06,0,0.00%,$0.00,$3.06,0,0.00%,$0.00,$3.06,,,,
Bren Mar Park Elementary,5/23/2025,30042,Original Flavored Dried Cranberries(Package),47,0,47,30,28,0,28,$6.72,0,0.00%,$0.00,$6.72,2,6.67%,$0.48,$7.20,,,,
Bren Mar Park Elementary,5/23/2025,30061,Chilled Mandarin Oranges(1/2 cup (drained)),44,0,44,42,40,1,41,$13.94,1,2.38%,$0.34,$14.28,0,0.00%,$0.00,$14.28,,,,
Bren Mar Park Elementary,5/23/2025,30077,Italian Dressing(1 ounce),12,0,12,24,24,0,24,$1.92,0,0.00%,$0.00,$1.92,0,0.00%,$0.00,$1.92,,,,
Bren Mar Park Elementary,5/23/2025,30094,Doritos Wild White Nacho Flavored Tortilla Chips(Bag),7,0,7,5,1,0,1,$0.35,0,0.00%,$0.00,$0.35,4,80.00%,$1.40,$1.75,,,,
Bren Mar Park Elementary,5/23/2025,30097,Bottled Water(Bottle),4,0,4,10,8,0,8,$1.28,0,0.00%,$0.00,$1.28,2,20.00%,$0.32,$1.60,,,,
Bren Mar Park Elementary,5/23/2025,30099,Chickpeas(1/4 cup),20,0,20,20,20,0,20,$1.80,0,0.00%,$0.00,$1.80,0,0.00%,$0.00,$1.80,,,,
Bren Mar Park Elementary,5/23/2025,30107,Ranch Dressing(1 ounce),24,0,24,48,48,0,48,$5.28,0,0.00%,$0.00,$5.28,0,0.00%,$0.00,$5.28,,,,
Bren Mar Park Elementary,5/23/2025,30109,Smartfood RF White Cheddar Popcorn(Each),0,0,0,10,5,0,5,$1.85,0,0.00%,$0.00,$1.85,5,50.00%,$1.85,$3.70,,,,
Bren Mar Park Elementary,5/23/2025,60035,PB&J Power Pack(Power Packs),30,0,30,30,29,0,29,$31.32,1,3.33%,$1.08,$32.40,0,0.00%,$0.00,$32.40,,,,
Bren Mar Park Elementary,5/23/2025,60036,Cherry Vanilla Yogurt Power Pack(Power Packs),19,0,19,12,12,0,12,$9.60,0,0.00%,$0.00,$9.60,0,0.00%,$0.00,$9.60,,,,
Bren Mar Park Elementary,5/23/2025,60041,Turkey Pepperoni Pizza(Slice),101,0,101,127,113,8,121,$82.28,6,4.72%,$4.08,$86.36,0,0.00%,$0.00,$86.36,,,,
Bren Mar Park Elementary,5/23/2025,60080,Cheese Pizza(Slice),202,0,202,187,184,1,185,$105.45,2,1.07%,$1.14,$106.59,0,0.00%,$0.00,$106.59,,,,
Bren Mar Park Elementary,5/23/2025,60101,Chickpeas - salad bar entree(1/2 cup),5,0,5,5,0,0,0,$0.00,5,100.00%,$0.00,$0.00,0,0.00%,$0.00,$0.00,,,,
Bren Mar Park Elementary,5/23/2025,60122,Asian Meatball Sub(sandwich),0,0,0,29,2,1,3,$5.34,26,89.66%,$46.28,$51.62,0,0.00%,$0.00,$51.62,,,,
Brookfield Elementary,5/23/2025,10044,Soft Pretzel(1 pretzel),6,0,6,2,1,0,1,$0.22,1,50.00%,$0.22,$0.44,0,0.00%,$0.00,$0.44,,,,
Brookfield Elementary,5/23/2025,20001,1% White Milk(Each),86,0,86,63,41,0,41,$14.76,0,0.00%,$0.00,$14.76,22,34.92%,$7.92,$22.68,,,,
Brookfield Elementary,5/23/2025,20002,Fat Free Chocolate Milk(Each),380,0,380,382,380,0,380,$133.00,0,0.00%,$0.00,$133.00,2,0.52%,$0.70,$133.70,,,,
Brookfield Elementary,5/23/2025,20003,"Cheese, American, Sliced(3 slices)",0,0,0,2,2,0,2,$0.42,0,0.00%,$0.00,$0.42,0,0.00%,$0.00,$0.42,,,,
Brookfield Elementary,5/23/2025,20023,Baby Carrots(3 baby carrots per 1/4 cup),0,0,0,273,269,0,269,$24.21,4,1.47%,$0.36,$24.57,0,0.00%,$0.00,$24.57,,,,
Brookfield Elementary,5/23/2025,20027,Broccoli Florets(1/4 cup),0,0,0,210,207,0,207,$16.56,3,1.43%,$0.24,$16.80,0,0.00%,$0.00,$16.80,,,,
Brookfield Elementary,5/23/2025,20028,Lettuce Blend Salad Mix(1 cup),120,0,120,80,74,0,74,$11.84,6,7.50%,$0.96,$12.80,0,0.00%,$0.00,$12.80,,,,
Brookfield Elementary,5/23/2025,20031,Banana(Each),36,0,36,298,264,30,294,$61.74,4,1.34%,$0.84,$62.58,0,0.00%,$0.00,$62.58,,,,
Brookfield Elementary,5/23/2025,20038,Fat Free White Milk(Each),30,0,30,32,25,0,25,$8.25,0,0.00%,$0.00,$8.25,7,21.88%,$2.31,$10.56,,,,
Brookfield Elementary,5/23/2025,20074,"Apple Slices(3 slices, 1/4 cup)",0,0,0,2,2,0,2,$0.36,0,0.00%,$0.00,$0.36,0,0.00%,$0.00,$0.36,,,,
Brookfield Elementary,5/23/2025,30016,"Bread, Hamburger Bun(Bun)",0,0,0,2,2,0,2,$0.06,0,0.00%,$0.00,$0.06,0,0.00%,$0.00,$0.06,,,,
Brookfield Elementary,5/23/2025,30034,Graham Crackers(Package),0,0,0,30,0,30,30,$0.00,0,0.00%,$0.00,$0.00,0,0.00%,$0.00,$0.00,,,,
Brookfield Elementary,5/23/2025,30044,Strawberry Flavored Dried Cranberries(Each),0,0,0,100,67,0,67,$16.08,0,0.00%,$0.00,$16.08,33,33.00%,$7.92,$24.00,,,,
Brookfield Elementary,5/23/2025,30061,Chilled Mandarin Oranges(1/4 cup (drained)),400,0,400,420,418,0,418,$71.06,2,0.48%,$0.34,$71.40,0,0.00%,$0.00,$71.40,,,,
Brookfield Elementary,5/23/2025,30077,Italian Dressing(1 ounce),48,0,48,48,45,0,45,$3.60,0,0.00%,$0.00,$3.60,3,6.25%,$0.24,$3.84,,,,
Brookfield Elementary,5/23/2025,30107,Ranch Dressing(1 ounce),72,0,72,72,69,0,69,$7.59,0,0.00%,$0.00,$7.59,3,4.17%,$0.33,$7.92,,,,
Brookfield Elementary,5/23/2025,30158,Black Beans(1/4 Cup),0,0,0,99,93,0,93,$8.37,6,6.06%,$0.54,$8.91,0,0.00%,$0.00,$8.91,,,,
Brookfield Elementary,5/23/2025,60009,"Sandwich, Turkey & Cheese(sandwich)",0,0,0,31,29,2,31,$21.39,0,0.00%,$0.00,$21.39,0,0.00%,$0.00,$21.39,,,,
Brookfield Elementary,5/23/2025,60035,PB&J Power Pack(Power Packs),60,0,60,20,13,0,13,$14.04,0,0.00%,$0.00,$14.04,7,35.00%,$7.56,$21.60,,,,
Brookfield Elementary,5/23/2025,60037,Strawberry & Banana Yogurt Power Pack(Power Packs),30,0,30,45,37,0,37,$29.60,0,0.00%,$0.00,$29.60,8,17.78%,$6.40,$36.00,,,,
Brookfield Elementary,5/23/2025,60041,Turkey Pepperoni Pizza(Slice),210,0,210,194,186,4,190,$129.20,4,2.06%,$2.72,$131.92,0,0.00%,$0.00,$131.92,,,,
Brookfield Elementary,5/23/2025,60080,Cheese Pizza(Slice),270,0,270,294,289,3,292,$166.44,2,0.68%,$1.14,$167.58,0,0.00%,$0.00,$167.58,,,,
Bucknell Elementary,5/23/2025,10044,Soft Pretzel(1 pretzel),2,0,2,3,1,2,3,$0.66,0,0.00%,$0.00,$0.66,0,0.00%,$0.00,$0.66,,,,
Bucknell Elementary,5/23/2025,10062,Corn(1/2 cup (cooked)),0,0,0,64,64,0,64,$13.44,0,0.00%,$0.00,$13.44,0,0.00%,$0.00,$13.44,,,,
Bucknell Elementary,5/23/2025,10075,Cheese Pizza(Slice),33,0,33,32,32,0,32,$18.24,0,0.00%,$0.00,$18.24,0,0.00%,$0.00,$18.24,,,,
Bucknell Elementary,5/23/2025,20001,1% White Milk(Each),43,0,43,54,35,0,35,$12.60,0,0.00%,$0.00,$12.60,19,35.19%,$6.84,$19.44,,,,
Bucknell Elementary,5/23/2025,20002,Fat Free Chocolate Milk(Each),130,0,130,285,137,0,137,$47.95,0,0.00%,$0.00,$47.95,148,51.93%,$51.80,$99.75,,,,
Bucknell Elementary,5/23/2025,20011,Cherry Tomatoes(1/4 cup),266,0,266,72,64,0,64,$23.68,0,0.00%,$0.00,$23.68,8,11.11%,$2.96,$26.64,,,,
Bucknell Elementary,5/23/2025,20018,Red Seedless Grapes(8 grapes per 1/4 cup),210,0,210,230,225,4,229,$59.54,0,0.00%,$0.00,$59.54,1,0.43%,$0.26,$59.80,,,,
Bucknell Elementary,5/23/2025,20028,Lettuce Blend Salad Mix(1/2 cup),79,0,79,80,74,5,79,$6.32,1,1.25%,$0.08,$6.40,0,0.00%,$0.00,$6.40,,,,
Bucknell Elementary,5/23/2025,20031,Banana(Each),32,0,32,126,124,0,124,$26.04,0,0.00%,$0.00,$26.04,2,1.59%,$0.42,$26.46,,,,
Bucknell Elementary,5/23/2025,20038,Fat Free White Milk(Each),10,0,10,5,2,0,2,$0.66,0,0.00%,$0.00,$0.66,3,60.00%,$0.99,$1.65,,,,
Bucknell Elementary,5/23/2025,30024,Black Beans(1/2 Cup),65,0,65,65,63,2,65,$11.05,0,0.00%,$0.00,$11.05,0,0.00%,$0.00,$11.05,,,,
Bucknell Elementary,5/23/2025,30033,Cheez-Its Crackers(Package),33,0,33,29,29,0,29,$5.22,0,0.00%,$0.00,$5.22,0,0.00%,$0.00,$5.22,,,,
Bucknell Elementary,5/23/2025,30041,Orange Flavored Dried Cranberries(Each),15,0,15,20,13,0,13,$3.12,0,0.00%,$0.00,$3.12,7,35.00%,$1.68,$4.80,,,,
Bucknell Elementary,5/23/2025,30061,Chilled Mandarin Oranges(1/2 cup (drained)),68,0,68,65,63,2,65,$22.10,0,0.00%,$0.00,$22.10,0,0.00%,$0.00,$22.10,,,,
Bucknell Elementary,5/23/2025,30077,Italian Dressing(1 ounce),6,0,6,12,6,0,6,$0.48,0,0.00%,$0.00,$0.48,6,50.00%,$0.48,$0.96,,,,
Bucknell Elementary,5/23/2025,30099,Chickpeas(1/4 cup),11,0,11,12,10,0,10,$0.90,0,0.00%,$0.00,$0.90,2,16.67%,$0.18,$1.08,,,,
Bucknell Elementary,5/23/2025,30103,"Milk, Lactose Free,  Fat Free, Shelf-Stable(Each)",0,0,0,2,2,0,2,$0.96,0,0.00%,$0.00,$0.96,0,0.00%,$0.00,$0.96,,,,
Bucknell Elementary,5/23/2025,30107,Ranch Dressing(1 ounce),34,0,34,36,30,0,30,$3.30,0,0.00%,$0.00,$3.30,6,16.67%,$0.66,$3.96,,,,
Bucknell Elementary,5/23/2025,60035,PB&J Power Pack(Power Packs),53,0,53,35,28,0,28,$30.24,0,0.00%,$0.00,$30.24,7,20.00%,$7.56,$37.80,,,,
Bucknell Elementary,5/23/2025,60037,Strawberry & Banana Yogurt Power Pack(Power Packs),15,0,15,20,12,1,13,$10.40,0,0.00%,$0.00,$10.40,7,35.00%,$5.60,$16.00,,,,
Bucknell Elementary,5/23/2025,60041,Turkey Pepperoni Pizza(Slice),77,0,77,77,74,0,74,$50.32,3,3.90%,$2.04,$52.36,0,0.00%,$0.00,$52.36,,,,
Bucknell Elementary,5/23/2025,60080,Cheese Pizza(Slice),110,0,110,127,113,4,117,$66.69,10,7.87%,$5.70,$72.39,0,0.00%,$0.00,$72.39,,,,
Bucknell Elementary,5/23/2025,60101,Chickpeas - salad bar entree(1/2 cup),2,0,2,3,1,2,3,$0.54,0,0.00%,$0.00,$0.54,0,0.00%,$0.00,$0.54,,,,
Bull Run Elementary,5/23/2025,10015,Baked Cheese Sticks(2 Cheese Sticks),0,0,0,24,23,1,24,$15.84,0,0.00%,$0.00,$15.84,0,0.00%,$0.00,$15.84,,,,
Bull Run Elementary,5/23/2025,10044,Soft Pretzel(1 pretzel),8,0,8,6,6,0,6,$1.32,0,0.00%,$0.00,$1.32,0,0.00%,$0.00,$1.32,,,,
Bull Run Elementary,5/23/2025,10075,Cheese Pizza(Slice),0,0,0,0,0,0,0,$0.00,0,0.00%,$0.00,$0.00,0,0.00%,$0.00,$0.00,,,,
Bull Run Elementary,5/23/2025,20001,1% White Milk(Each),50,0,50,82,77,0,77,$27.72,0,0.00%,$0.00,$27.72,5,6.10%,$1.80,$29.52,,,,
Bull Run Elementary,5/23/2025,20002,Fat Free Chocolate Milk(Each),308,0,308,310,296,0,296,$103.60,0,0.00%,$0.00,$103.60,14,4.52%,$4.90,$108.50,,,,
Bull Run Elementary,5/23/2025,20008,Apple Slices(3 slices per 1/4 cup),0,0,0,672,672,0,672,$396.48,0,0.00%,$0.00,$396.48,0,0.00%,$0.00,$396.48,,,,
Bull Run Elementary,5/23/2025,20011,Cherry Tomatoes(1/4 cup),66,0,66,144,142,0,142,$52.54,0,0.00%,$0.00,$52.54,2,1.39%,$0.74,$53.28,,,,
Bull Run Elementary,5/23/2025,20018,Red Seedless Grapes(8 grapes per 1/4 cup),379,0,379,828,759,0,759,$197.34,0,0.00%,$0.00,$197.34,69,8.33%,$17.94,$215.28,,,,
Bull Run Elementary,5/23/2025,20028,Lettuce Blend Salad Mix(1/2 cup),113,0,113,120,118,0,118,$9.44,0,0.00%,$0.00,$9.44,2,1.67%,$0.16,$9.60,,,,
Bull Run Elementary,5/23/2025,20036,Celery Sticks(1/2 cup),0,0,0,230,230,0,230,$126.50,0,0.00%,$0.00,$126.50,0,0.00%,$0.00,$126.50,,,,
Bull Run Elementary,5/23/2025,20038,Fat Free White Milk(Each),5,0,5,15,11,0,11,$3.63,0,0.00%,$0.00,$3.63,4,26.67%,$1.32,$4.95,,,,
Bull Run Elementary,5/23/2025,30008,Apple Juice(Each),0,0,0,1,1,0,1,$0.17,0,0.00%,$0.00,$0.17,0,0.00%,$0.00,$0.17,,,,
Bull Run Elementary,5/23/2025,30024,Black Beans(1/2 Cup),12,0,12,13,13,0,13,$2.21,0,0.00%,$0.00,$2.21,0,0.00%,$0.00,$2.21,,,,
Bull Run Elementary,5/23/2025,30033,Cheez-Its Crackers(Package),13,0,13,13,13,0,13,$2.34,0,0.00%,$0.00,$2.34,0,0.00%,$0.00,$2.34,,,,
Bull Run Elementary,5/23/2025,30039,Cherry Flavored Dried Cranberries(2 Eaches),0,0,0,50,48,0,48,$23.04,0,0.00%,$0.00,$23.04,2,4.00%,$0.96,$24.00,,,,
Bull Run Elementary,5/23/2025,30061,Chilled Mandarin Oranges(1/2 cup (drained)),13,0,13,13,13,0,13,$4.42,0,0.00%,$0.00,$4.42,0,0.00%,$0.00,$4.42,,,,
Bull Run Elementary,5/23/2025,30061,Chilled Mandarin Oranges(1/4 cup (drained)),108,0,108,0,0,0,0,$0.00,0,0.00%,$0.00,$0.00,0,0.00%,$0.00,$0.00,,,,
Bull Run Elementary,5/23/2025,30077,Italian Dressing(1 ounce),8,0,8,24,1,0,1,$0.08,0,0.00%,$0.00,$0.08,23,95.83%,$1.84,$1.92,,,,
Bull Run Elementary,5/23/2025,30107,Ranch Dressing(1 ounce),151,0,151,72,44,0,44,$4.84,0,0.00%,$0.00,$4.84,28,38.89%,$3.08,$7.92,,,,
Bull Run Elementary,5/23/2025,60035,PB&J Power Pack(Power Packs),73,0,73,60,58,0,58,$62.64,0,0.00%,$0.00,$62.64,2,3.33%,$2.16,$64.80,,,,
Bull Run Elementary,5/23/2025,60036,Cherry Vanilla Yogurt Power Pack(Power Packs),13,0,13,15,13,1,14,$11.20,0,0.00%,$0.00,$11.20,1,6.67%,$0.80,$12.00,,,,
Bull Run Elementary,5/23/2025,60041,Turkey Pepperoni Pizza(Slice),165,0,165,165,161,3,164,$111.52,1,0.61%,$0.68,$112.20,0,0.00%,$0.00,$112.20,,,,
Bull Run Elementary,5/23/2025,60077,Manager's Vegetable Choice(1/4 cup),80,0,80,84,63,0,63,$0.00,0,0.00%,$0.00,$0.00,21,25.00%,$0.00,$0.00,,,,
Bull Run Elementary,5/23/2025,60080,Cheese Pizza(Slice),223,0,223,263,256,5,261,$148.77,2,0.76%,$1.14,$149.91,0,0.00%,$0.00,$149.91,,,,
Bull Run Elementary,5/23/2025,60101,Chickpeas - salad bar entree(1/2 cup),12,0,12,2,2,0,2,$0.36,0,0.00%,$0.00,$0.36,0,0.00%,$0.00,$0.36,,,,
Bush Hill Elementary,5/23/2025,10033,Chocolate Chip Cookie(1/2 Cookie),100,0,100,0,0,0,0,$0.00,0,0.00%,$0.00,$0.00,0,0.00%,$0.00,$0.00,,,,
Bush Hill Elementary,5/23/2025,10044,Soft Pretzel(1 pretzel),5,0,5,35,0,35,35,$0.00,0,0.00%,$0.00,$0.00,0,0.00%,$0.00,$0.00,,,,
Bush Hill Elementary,5/23/2025,10062,Corn(1/2 cup (cooked)),0,0,0,30,30,0,30,$6.30,0,0.00%,$0.00,$6.30,0,0.00%,$0.00,$6.30,,,,
Bush Hill Elementary,5/23/2025,10073,Whole Strawberries(1/2 cup thawed),100,0,100,0,0,0,0,$0.00,0,0.00%,$0.00,$0.00,0,0.00%,$0.00,$0.00,,,,
Bush Hill Elementary,5/23/2025,20001,1% White Milk(Each),57,0,57,130,26,0,26,$9.36,0,0.00%,$0.00,$9.36,104,80.00%,$37.44,$46.80,,,,
Bush Hill Elementary,5/23/2025,20002,Fat Free Chocolate Milk(Each),200,0,200,266,202,0,202,$70.70,0,0.00%,$0.00,$70.70,64,24.06%,$22.40,$93.10,,,,
Bush Hill Elementary,5/23/2025,20011,Cherry Tomatoes(1/4 cup),100,0,100,72,52,0,52,$19.24,0,0.00%,$0.00,$19.24,20,27.78%,$7.40,$26.64,,,,
Bush Hill Elementary,5/23/2025,20016,String Cheese(Each),5,0,5,0,0,0,0,$0.00,0,0.00%,$0.00,$0.00,0,0.00%,$0.00,$0.00,,,,
Bush Hill Elementary,5/23/2025,20017,Orange(1/4 cup),0,0,0,70,70,0,70,$11.90,0,0.00%,$0.00,$11.90,0,0.00%,$0.00,$11.90,,,,
Bush Hill Elementary,5/23/2025,20018,Red Seedless Grapes(8 grapes per 1/4 cup),200,0,200,360,314,0,314,$81.64,0,0.00%,$0.00,$81.64,46,12.78%,$11.96,$93.60,,,,
Bush Hill Elementary,5/23/2025,20023,Baby Carrots(3 baby carrots per 1/4 cup),0,0,0,96,96,0,96,$8.64,0,0.00%,$0.00,$8.64,0,0.00%,$0.00,$8.64,,,,
Bush Hill Elementary,5/23/2025,20027,Broccoli Florets(1/4 cup),0,0,0,42,39,0,39,$3.12,3,7.14%,$0.24,$3.36,0,0.00%,$0.00,$3.36,,,,
Bush Hill Elementary,5/23/2025,20028,Lettuce Blend Salad Mix(1/2 cup),150,0,150,120,110,0,110,$8.80,0,0.00%,$0.00,$8.80,10,8.33%,$0.80,$9.60,,,,
Bush Hill Elementary,5/23/2025,20038,Fat Free White Milk(Each),50,0,50,50,9,0,9,$2.97,0,0.00%,$0.00,$2.97,41,82.00%,$13.53,$16.50,,,,
Bush Hill Elementary,5/23/2025,20052,Assorted  4 oz Yogurt(Container),5,0,5,0,0,0,0,$0.00,0,0.00%,$0.00,$0.00,0,0.00%,$0.00,$0.00,,,,
Bush Hill Elementary,5/23/2025,30008,Apple Juice(Each),10,0,10,0,0,0,0,$0.00,0,0.00%,$0.00,$0.00,0,0.00%,$0.00,$0.00,,,,
Bush Hill Elementary,5/23/2025,30009,Orange Tangerine Juice(Each),50,0,50,0,0,0,0,$0.00,0,0.00%,$0.00,$0.00,0,0.00%,$0.00,$0.00,,,,
Bush Hill Elementary,5/23/2025,30024,Black Beans(1/2 Cup),30,0,30,0,0,0,0,$0.00,0,0.00%,$0.00,$0.00,0,0.00%,$0.00,$0.00,,,,
Bush Hill Elementary,5/23/2025,30030,Cheddar Chex Mix(Package),0,0,0,10,0,9,9,$0.00,0,0.00%,$0.00,$0.00,1,10.00%,$0.00,$0.00,,,,
Bush Hill Elementary,5/23/2025,30031,Strawberry Chex Mix(Package),0,0,0,10,0,10,10,$0.00,0,0.00%,$0.00,$0.00,0,0.00%,$0.00,$0.00,,,,
Bush Hill Elementary,5/23/2025,30039,Cherry Flavored Dried Cranberries(Each),10,0,10,20,20,0,20,$4.80,0,0.00%,$0.00,$4.80,0,0.00%,$0.00,$4.80,,,,
Bush Hill Elementary,5/23/2025,30041,Orange Flavored Dried Cranberries(Each),10,0,10,0,0,0,0,$0.00,0,0.00%,$0.00,$0.00,0,0.00%,$0.00,$0.00,,,,
Bush Hill Elementary,5/23/2025,30042,Original Flavored Dried Cranberries(Package),10,0,10,0,0,0,0,$0.00,0,0.00%,$0.00,$0.00,0,0.00%,$0.00,$0.00,,,,
Bush Hill Elementary,5/23/2025,30043,Raspberry Lemonade Flavored Dried Cranberries(Each),10,0,10,0,0,0,0,$0.00,0,0.00%,$0.00,$0.00,0,0.00%,$0.00,$0.00,,,,
Bush Hill Elementary,5/23/2025,30044,Strawberry Flavored Dried Cranberries(Each),10,0,10,0,0,0,0,$0.00,0,0.00%,$0.00,$0.00,0,0.00%,$0.00,$0.00,,,,
Bush Hill Elementary,5/23/2025,30045,Watermelon Flavored Dried Cranberries(Each),10,0,10,0,0,0,0,$0.00,0,0.00%,$0.00,$0.00,0,0.00%,$0.00,$0.00,,,,
Bush Hill Elementary,5/23/2025,30061,Chilled Mandarin Oranges(1/2 cup (drained)),30,0,30,0,0,0,0,$0.00,0,0.00%,$0.00,$0.00,0,0.00%,$0.00,$0.00,,,,
Bush Hill Elementary,5/23/2025,30061,Chilled Mandarin Oranges(1/4 cup (drained)),100,0,100,25,25,0,25,$4.25,0,0.00%,$0.00,$4.25,0,0.00%,$0.00,$4.25,,,,
Bush Hill Elementary,5/23/2025,30077,Italian Dressing(1 ounce),50,0,50,20,15,0,15,$1.20,5,25.00%,$0.40,$1.60,0,0.00%,$0.00,$1.60,,,,
Bush Hill Elementary,5/23/2025,30094,Doritos Wild White Nacho Flavored Tortilla Chips(Bag),100,0,100,0,0,0,0,$0.00,0,0.00%,$0.00,$0.00,0,0.00%,$0.00,$0.00,,,,
Bush Hill Elementary,5/23/2025,30097,Bottled Water(Bottle),50,0,50,50,0,33,33,$0.00,0,0.00%,$0.00,$0.00,17,34.00%,$0.00,$0.00,,,,
Bush Hill Elementary,5/23/2025,30099,Chickpeas(1/4 cup),50,0,50,15,11,0,11,$0.99,4,26.67%,$0.36,$1.35,0,0.00%,$0.00,$1.35,,,,
Bush Hill Elementary,5/23/2025,30107,Ranch Dressing(1 ounce),150,0,150,150,130,0,130,$14.30,20,13.33%,$2.20,$16.50,0,0.00%,$0.00,$16.50,,,,
Bush Hill Elementary,5/23/2025,60035,PB&J Power Pack(Power Packs),50,0,50,50,45,1,46,$49.68,0,0.00%,$0.00,$49.68,4,8.00%,$4.32,$54.00,,,,
Bush Hill Elementary,5/23/2025,60036,Cherry Vanilla Yogurt Power Pack(Power Packs),15,0,15,0,0,0,0,$0.00,0,0.00%,$0.00,$0.00,0,0.00%,$0.00,$0.00,,,,
Bush Hill Elementary,5/23/2025,60037,Strawberry & Banana Yogurt Power Pack(Power Packs),10,0,10,0,0,0,0,$0.00,0,0.00%,$0.00,$0.00,0,0.00%,$0.00,$0.00,,,,
Bush Hill Elementary,5/23/2025,60038,Peach Yogurt Power Pack(Power Packs),10,0,10,40,21,0,21,$16.80,0,0.00%,$0.00,$16.80,19,47.50%,$15.20,$32.00,,,,
Bush Hill Elementary,5/23/2025,60041,Turkey Pepperoni Pizza(Slice),105,0,105,115,107,6,113,$76.84,2,1.74%,$1.36,$78.20,0,0.00%,$0.00,$78.20,,,,
Bush Hill Elementary,5/23/2025,60077,Manager's Vegetable Choice(1/4 cup),50,0,50,0,0,0,0,$0.00,0,0.00%,$0.00,$0.00,0,0.00%,$0.00,$0.00,,,,
Bush Hill Elementary,5/23/2025,60080,Cheese Pizza(Slice),170,0,170,165,142,17,159,$90.63,6,3.64%,$3.42,$94.05,0,0.00%,$0.00,$94.05,,,,
Bush Hill Elementary,5/23/2025,60101,Chickpeas - salad bar entree(1/2 cup),5,0,5,0,0,0,0,$0.00,0,0.00%,$0.00,$0.00,0,0.00%,$0.00,$0.00,,,,
Bush Hill Elementary,5/23/2025,60150,Strawberry Parfait Power Pack(Power Pack),10,0,10,0,0,0,0,$0.00,0,0.00%,$0.00,$0.00,0,0.00%,$0.00,$0.00,,,,
CHANTILLY HS,5/23/2025,10013,"Patty, Chicken, Spicy, Breaded(2 strips)",0,0,0,160,157,3,160,$57.60,0,0.00%,$0.00,$57.60,0,0.00%,$0.00,$57.60,,,,
CHANTILLY HS,5/23/2025,10015,Baked Cheese Sticks(2 Cheese Sticks),0,0,0,70,43,27,70,$46.20,0,0.00%,$0.00,$46.20,0,0.00%,$0.00,$46.20,,,,
CHANTILLY HS,5/23/2025,10033,Chocolate Chip Cookie(Cookie),0,385,385,413,0,373,373,$0.00,0,0.00%,$0.00,$0.00,40,9.69%,$0.00,$0.00,,,,
CHANTILLY HS,5/23/2025,10044,Soft Pretzel(1 pretzel),12,24,36,24,9,15,24,$5.28,0,0.00%,$0.00,$5.28,0,0.00%,$0.00,$5.28,,,,
CHANTILLY HS,5/23/2025,10049,"WG 10"" Flour Tortilla(Tortilla)",144,48,192,166,159,3,162,$56.70,0,0.00%,$0.00,$56.70,4,2.41%,$1.40,$58.10,,,,
CHANTILLY HS,5/23/2025,10051,"Turkey,  Breast, Pre-Sliced, Oven Roasted(3 Slices)",0,0,0,20,20,0,20,$10.80,0,0.00%,$0.00,$10.80,0,0.00%,$0.00,$10.80,,,,
CHANTILLY HS,5/23/2025,10062,Corn(2 Tablespoons (thawed)),96,32,128,64,61,3,64,$3.20,0,0.00%,$0.00,$3.20,0,0.00%,$0.00,$3.20,,,,
CHANTILLY HS,5/23/2025,10070,Orange Sauce(ounce),0,0,0,80,56,0,56,$7.84,0,0.00%,$0.00,$7.84,24,30.00%,$3.36,$11.20,,,,
CHANTILLY HS,5/23/2025,10075,Cheese Pizza(Slice),192,48,240,144,79,41,120,$68.40,0,0.00%,$0.00,$68.40,24,16.67%,$13.68,$82.08,,,,
CHANTILLY HS,5/23/2025,20002,Fat Free Chocolate Milk(Each),380,20,400,601,312,25,337,$117.95,0,0.00%,$0.00,$117.95,264,43.93%,$92.40,$210.35,,,,
CHANTILLY HS,5/23/2025,20006,"Cheese, Shredded, Cheddar(1/4 cup)",224,32,256,192,189,3,192,$32.64,0,0.00%,$0.00,$32.64,0,0.00%,$0.00,$32.64,,,,
CHANTILLY HS,5/23/2025,20008,Apple Slices(3 slices per 1/4 cup),0,0,0,300,298,0,298,$175.82,0,0.00%,$0.00,$175.82,2,0.67%,$1.18,$177.00,,,,
CHANTILLY HS,5/23/2025,20013,Gala Apple(Each),0,0,0,92,92,0,92,$34.04,0,0.00%,$0.00,$34.04,0,0.00%,$0.00,$34.04,,,,
CHANTILLY HS,5/23/2025,20016,String Cheese(Each),10,10,20,15,15,0,15,$3.30,0,0.00%,$0.00,$3.30,0,0.00%,$0.00,$3.30,,,,
CHANTILLY HS,5/23/2025,20017,Orange(1/4 cup),0,0,0,23,23,0,23,$3.91,0,0.00%,$0.00,$3.91,0,0.00%,$0.00,$3.91,,,,
CHANTILLY HS,5/23/2025,20018,Red Seedless Grapes(8 grapes per 1/4 cup),368,46,414,89,79,10,89,$23.14,0,0.00%,$0.00,$23.14,0,0.00%,$0.00,$23.14,,,,
CHANTILLY HS,5/23/2025,20023,Baby Carrots(3 baby carrots per 1/4 cup),0,0,0,24,24,0,24,$2.16,0,0.00%,$0.00,$2.16,0,0.00%,$0.00,$2.16,,,,
CHANTILLY HS,5/23/2025,20027,Broccoli Florets(1/4 cup),0,0,0,21,21,0,21,$1.68,0,0.00%,$0.00,$1.68,0,0.00%,$0.00,$1.68,,,,
CHANTILLY HS,5/23/2025,20028,Lettuce Blend Salad Mix(1/2 cup),140,40,180,180,177,3,180,$14.40,0,0.00%,$0.00,$14.40,0,0.00%,$0.00,$14.40,,,,
CHANTILLY HS,5/23/2025,20030,Sour Cream(2 Tablespoons),0,0,0,58,58,0,58,$8.70,0,0.00%,$0.00,$8.70,0,0.00%,$0.00,$8.70,,,,
CHANTILLY HS,5/23/2025,20031,Banana(Each),0,0,0,23,23,0,23,$4.83,0,0.00%,$0.00,$4.83,0,0.00%,$0.00,$4.83,,,,
CHANTILLY HS,5/23/2025,20035,"Onions, Red, Whole(1/4 cup (sliced))",60,20,80,80,57,3,60,$4.20,0,0.00%,$0.00,$4.20,20,25.00%,$1.40,$5.60,,,,
CHANTILLY HS,5/23/2025,20036,Celery Sticks(1/2 cup),0,0,0,84,42,0,42,$23.10,0,0.00%,$0.00,$23.10,42,50.00%,$23.10,$46.20,,,,
CHANTILLY HS,5/23/2025,20052,Assorted  4 oz Yogurt(Container),5,5,10,2,0,0,0,$0.00,0,0.00%,$0.00,$0.00,2,100.00%,$0.00,$0.00,,,,
CHANTILLY HS,5/23/2025,20072,"Tomato, Large, whole, Plum(1/4 cup sliced)",0,0,0,144,141,3,144,$27.36,0,0.00%,$0.00,$27.36,0,0.00%,$0.00,$27.36,,,,
CHANTILLY HS,5/23/2025,30002,Sub Roll(Sub Roll),9,3,12,9,6,0,6,$1.86,0,0.00%,$0.00,$1.86,3,33.33%,$0.93,$2.79,,,,
CHANTILLY HS,5/23/2025,30008,Apple Juice(Each),0,40,40,40,0,37,37,$0.00,0,0.00%,$0.00,$0.00,3,7.50%,$0.00,$0.00,,,,
CHANTILLY HS,5/23/2025,30009,Orange Tangerine Juice(Each),0,40,40,10,0,7,7,$0.00,0,0.00%,$0.00,$0.00,3,30.00%,$0.00,$0.00,,,,
CHANTILLY HS,5/23/2025,30011,"Salsa, Mild Canned(1.5 oz)",70,10,80,85,85,0,85,$8.50,0,0.00%,$0.00,$8.50,0,0.00%,$0.00,$8.50,,,,
CHANTILLY HS,5/23/2025,30024,Black Beans(1/2 Cup),0,0,0,30,27,3,30,$5.10,0,0.00%,$0.00,$5.10,0,0.00%,$0.00,$5.10,,,,
CHANTILLY HS,5/23/2025,30030,Cheddar Chex Mix(Package),0,0,0,9,0,0,0,$0.00,0,0.00%,$0.00,$0.00,9,100.00%,$0.00,$0.00,,,,
CHANTILLY HS,5/23/2025,30031,Strawberry Chex Mix(Package),0,0,0,10,0,0,0,$0.00,0,0.00%,$0.00,$0.00,10,100.00%,$0.00,$0.00,,,,
CHANTILLY HS,5/23/2025,30033,Cheez-Its Crackers(Package),0,20,20,26,0,8,8,$0.00,0,0.00%,$0.00,$0.00,18,69.23%,$0.00,$0.00,,,,
CHANTILLY HS,5/23/2025,30039,Cherry Flavored Dried Cranberries(Each),180,20,200,200,136,0,136,$32.64,0,0.00%,$0.00,$32.64,64,32.00%,$15.36,$48.00,,,,
CHANTILLY HS,5/23/2025,30041,Orange Flavored Dried Cranberries(Each),180,20,200,143,143,0,143,$34.32,0,0.00%,$0.00,$34.32,0,0.00%,$0.00,$34.32,,,,
CHANTILLY HS,5/23/2025,30064,Mayonnaise Packet(Packet),120,80,200,200,36,0,36,$3.60,0,0.00%,$0.00,$3.60,164,82.00%,$16.40,$20.00,,,,
CHANTILLY HS,5/23/2025,30065,Mustard Packet(Packet),84,76,160,200,66,0,66,$3.30,0,0.00%,$0.00,$3.30,134,67.00%,$6.70,$10.00,,,,
CHANTILLY HS,5/23/2025,30077,Italian Dressing(1 ounce),72,24,96,96,48,0,48,$3.84,0,0.00%,$0.00,$3.84,48,50.00%,$3.84,$7.68,,,,
CHANTILLY HS,5/23/2025,30097,Bottled Water(Bottle),0,120,120,120,0,58,58,$0.00,0,0.00%,$0.00,$0.00,62,51.67%,$0.00,$0.00,,,,
CHANTILLY HS,5/23/2025,30102,1% Unflavored Shelf-Stable Milk(Each),0,0,0,78,55,0,55,$20.90,0,0.00%,$0.00,$20.90,23,29.49%,$8.74,$29.64,,,,
CHANTILLY HS,5/23/2025,30107,Ranch Dressing(1 ounce),336,48,384,384,333,3,336,$36.96,0,0.00%,$0.00,$36.96,48,12.50%,$5.28,$42.24,,,,
CHANTILLY HS,5/23/2025,30110,Doritos Flamas(Each),0,50,50,60,0,33,33,$0.00,0,0.00%,$0.00,$0.00,27,45.00%,$0.00,$0.00,,,,
CHANTILLY HS,5/23/2025,30111,Doritos RF Spicy Sweet Chili(Each),0,50,50,35,0,23,23,$0.00,0,0.00%,$0.00,$0.00,12,34.29%,$0.00,$0.00,,,,
CHANTILLY HS,5/23/2025,30112,Doritos RF Nacho Cheese(Each),0,20,20,25,0,12,12,$0.00,0,0.00%,$0.00,$0.00,13,52.00%,$0.00,$0.00,,,,
CHANTILLY HS,5/23/2025,30113,Cool Ranch Reduced Fat Doritos(Each),0,25,25,25,0,11,11,$0.00,0,0.00%,$0.00,$0.00,14,56.00%,$0.00,$0.00,,,,
CHANTILLY HS,5/23/2025,30114,SS Baked Cheetos Flaming Hot(Each),0,50,50,65,0,26,26,$0.00,0,0.00%,$0.00,$0.00,39,60.00%,$0.00,$0.00,,,,
CHANTILLY HS,5/23/2025,30115,SS Baked Cheetos Flaming Limon(Each),0,50,50,9,0,9,9,$0.00,0,0.00%,$0.00,$0.00,0,0.00%,$0.00,$0.00,,,,
CHANTILLY HS,5/23/2025,30116,SS Cheetos Fantastix Flaming Hot(Each),0,50,50,16,0,10,10,$0.00,0,0.00%,$0.00,$0.00,6,37.50%,$0.00,$0.00,,,,
CHANTILLY HS,5/23/2025,30117,WG Baked Funyuns(Each),0,20,20,31,0,7,7,$0.00,0,0.00%,$0.00,$0.00,24,77.42%,$0.00,$0.00,,,,
CHANTILLY HS,5/23/2025,30118,Kettle Cooked Smoky BBQ Chips(Each),0,32,32,33,0,28,28,$0.00,0,0.00%,$0.00,$0.00,5,15.15%,$0.00,$0.00,,,,
CHANTILLY HS,5/23/2025,30119,RF Kettle Chips Jalapeno & Cheddar Chips(Each),0,64,64,74,0,55,55,$0.00,0,0.00%,$0.00,$0.00,19,25.68%,$0.00,$0.00,,,,
CHANTILLY HS,5/23/2025,30120,RF Kettle Chips Sea Salt & Vinegar Chips(Each),0,64,64,79,0,50,50,$0.00,0,0.00%,$0.00,$0.00,29,36.71%,$0.00,$0.00,,,,
CHANTILLY HS,5/23/2025,30121,Kellogg’s W/G Rice Krispies Treats(Each),0,0,0,38,0,19,19,$0.00,0,0.00%,$0.00,$0.00,19,50.00%,$0.00,$0.00,,,,
CHANTILLY HS,5/23/2025,30122,WG Chocolate Chip Rice Krispy Treats(Each),0,0,0,42,0,24,24,$0.00,0,0.00%,$0.00,$0.00,18,42.86%,$0.00,$0.00,,,,
CHANTILLY HS,5/23/2025,30124,"Fruit Snacks, Welch's Mixed(Each)",0,50,50,45,0,37,37,$0.00,0,0.00%,$0.00,$0.00,8,17.78%,$0.00,$0.00,,,,
CHANTILLY HS,5/23/2025,60009,"Sandwich, Turkey & Cheese(sandwich)",0,0,0,35,27,0,27,$18.63,0,0.00%,$0.00,$18.63,8,22.86%,$5.52,$24.15,,,,
CHANTILLY HS,5/23/2025,60018,Cheese Quesadilla(Quesadilla),0,0,0,144,60,32,92,$63.48,8,5.56%,$5.52,$69.00,44,30.56%,$30.36,$99.36,,,,
CHANTILLY HS,5/23/2025,60034,Mandarin Orange Parfait(Parfait),0,0,0,5,5,0,5,$4.95,0,0.00%,$0.00,$4.95,0,0.00%,$0.00,$4.95,,,,
CHANTILLY HS,5/23/2025,60035,PB&J Power Pack(Power Packs),60,40,100,96,53,25,78,$84.24,0,0.00%,$0.00,$84.24,18,18.75%,$19.44,$103.68,,,,
CHANTILLY HS,5/23/2025,60036,Cherry Vanilla Yogurt Power Pack(Power Packs),8,2,10,13,6,3,9,$7.20,0,0.00%,$0.00,$7.20,4,30.77%,$3.20,$10.40,,,,
CHANTILLY HS,5/23/2025,60041,Turkey Pepperoni Pizza(Slice),192,48,240,144,90,29,119,$80.92,0,0.00%,$0.00,$80.92,25,17.36%,$17.00,$97.92,,,,
CHANTILLY HS,5/23/2025,60050,Chickenless Bites(2 Bites),10,5,15,8,6,0,6,$2.28,0,0.00%,$0.00,$2.28,2,25.00%,$0.76,$3.04,,,,
CHANTILLY HS,5/23/2025,60064,Vegetable Dumpling(6 dumplings),0,0,0,144,35,21,56,$0.00,0,0.00%,$0.00,$0.00,88,61.11%,$0.00,$0.00,,,,
CHANTILLY HS,5/23/2025,60108,Chicken Tenders Sub(Sandwich),0,0,0,61,46,15,61,$75.64,0,0.00%,$0.00,$75.64,0,0.00%,$0.00,$75.64,,,,
CHANTILLY HS,5/23/2025,60120,Asian Veggie Sub(sandwich),0,0,0,19,10,9,19,$35.91,0,0.00%,$0.00,$35.91,0,0.00%,$0.00,$35.91,,,,
CHANTILLY HS,5/23/2025,60122,Asian Meatball Sub(sandwich),0,0,0,54,46,0,46,$81.88,8,14.81%,$14.24,$96.12,0,0.00%,$0.00,$96.12,,,,
Camelot Elementary,5/23/2025,10044,Soft Pretzel(1 pretzel),16,0,16,20,14,5,19,$4.18,0,0.00%,$0.00,$4.18,1,5.00%,$0.22,$4.40,,,,
Camelot Elementary,5/23/2025,10045,"Peanut Butter and Jelly Sandwich, IW(Each)",0,0,0,1,0,1,1,$0.00,0,0.00%,$0.00,$0.00,0,0.00%,$0.00,$0.00,,,,
Camelot Elementary,5/23/2025,10075,Cheese Pizza(Slice),4,0,4,5,1,4,5,$2.85,0,0.00%,$0.00,$2.85,0,0.00%,$0.00,$2.85,,,,
Camelot Elementary,5/23/2025,20001,1% White Milk(Each),62,0,62,64,61,1,62,$22.32,0,0.00%,$0.00,$22.32,2,3.13%,$0.72,$23.04,,,,
Camelot Elementary,5/23/2025,20002,Fat Free Chocolate Milk(Each),234,0,234,256,235,6,241,$84.35,0,0.00%,$0.00,$84.35,15,5.86%,$5.25,$89.60,,,,
Camelot Elementary,5/23/2025,20008,Apple Slices(3 slices per 1/4 cup),0,0,0,406,405,0,405,$238.95,0,0.00%,$0.00,$238.95,1,0.25%,$0.59,$239.54,,,,
Camelot Elementary,5/23/2025,20012,Grape Tomatoes(1/4 cup),0,0,0,144,143,0,143,$37.18,0,0.00%,$0.00,$37.18,1,0.69%,$0.26,$37.44,,,,
Camelot Elementary,5/23/2025,20014,Red Delicious Apple(Each - serving),0,0,0,20,19,0,19,$6.27,0,0.00%,$0.00,$6.27,1,5.00%,$0.33,$6.60,,,,
Camelot Elementary,5/23/2025,20018,Red Seedless Grapes(8 grapes per 1/4 cup),44,0,44,46,45,0,45,$11.70,0,0.00%,$0.00,$11.70,1,2.17%,$0.26,$11.96,,,,
Camelot Elementary,5/23/2025,20023,Baby Carrots(6 Baby Carrots per 1/2 cup),0,0,0,96,90,0,90,$15.30,5,5.21%,$0.85,$16.15,1,1.04%,$0.17,$16.32,,,,
Camelot Elementary,5/23/2025,20027,Broccoli Florets(1/4 cup),0,0,0,84,77,0,77,$6.16,7,8.33%,$0.56,$6.72,0,0.00%,$0.00,$6.72,,,,
Camelot Elementary,5/23/2025,20028,Lettuce Blend Salad Mix(1/2 cup),112,0,112,100,99,0,99,$7.92,0,0.00%,$0.00,$7.92,1,1.00%,$0.08,$8.00,,,,
Camelot Elementary,5/23/2025,20031,Banana(Each),18,0,18,117,116,0,116,$24.36,0,0.00%,$0.00,$24.36,1,0.85%,$0.21,$24.57,,,,
Camelot Elementary,5/23/2025,20038,Fat Free White Milk(Each),23,0,23,30,25,0,25,$8.25,0,0.00%,$0.00,$8.25,5,16.67%,$1.65,$9.90,,,,
Camelot Elementary,5/23/2025,20047,Orange Slices(3 slices per 1/4 cup),0,0,0,29,28,1,29,$5.80,0,0.00%,$0.00,$5.80,0,0.00%,$0.00,$5.80,,,,
Camelot Elementary,5/23/2025,30008,Apple Juice(Each),0,0,0,17,0,17,17,$0.00,0,0.00%,$0.00,$0.00,0,0.00%,$0.00,$0.00,,,,
Camelot Elementary,5/23/2025,30009,Orange Tangerine Juice(Each),0,0,0,10,0,10,10,$0.00,0,0.00%,$0.00,$0.00,0,0.00%,$0.00,$0.00,,,,
Camelot Elementary,5/23/2025,30024,Black Beans(1/2 Cup),24,0,24,29,28,1,29,$4.93,0,0.00%,$0.00,$4.93,0,0.00%,$0.00,$4.93,,,,
Camelot Elementary,5/23/2025,30031,Strawberry Chex Mix(Package),0,0,0,15,0,15,15,$0.00,0,0.00%,$0.00,$0.00,0,0.00%,$0.00,$0.00,,,,
Camelot Elementary,5/23/2025,30033,Cheez-Its Crackers(Package),18,0,18,23,17,6,23,$4.14,0,0.00%,$0.00,$4.14,0,0.00%,$0.00,$4.14,,,,
Camelot Elementary,5/23/2025,30044,Strawberry Flavored Dried Cranberries(Each),37,0,37,41,40,0,40,$9.60,0,0.00%,$0.00,$9.60,1,2.44%,$0.24,$9.84,,,,
Camelot Elementary,5/23/2025,30097,Bottled Water(Bottle),0,0,0,7,0,7,7,$0.00,0,0.00%,$0.00,$0.00,0,0.00%,$0.00,$0.00,,,,
Camelot Elementary,5/23/2025,30099,Chickpeas(1/4 cup),31,0,31,33,32,0,32,$2.88,0,0.00%,$0.00,$2.88,1,3.03%,$0.09,$2.97,,,,
Camelot Elementary,5/23/2025,30107,Ranch Dressing(1 ounce),23,0,23,24,23,0,23,$2.53,0,0.00%,$0.00,$2.53,1,4.17%,$0.11,$2.64,,,,
Camelot Elementary,5/23/2025,60035,PB&J Power Pack(Power Packs),54,0,54,50,45,0,45,$48.60,0,0.00%,$0.00,$48.60,5,10.00%,$5.40,$54.00,,,,
Camelot Elementary,5/23/2025,60036,Cherry Vanilla Yogurt Power Pack(Power Packs),11,0,11,10,8,0,8,$6.40,0,0.00%,$0.00,$6.40,2,20.00%,$1.60,$8.00,,,,
Camelot Elementary,5/23/2025,60037,Strawberry & Banana Yogurt Power Pack(Power Packs),13,0,13,10,8,0,8,$6.40,0,0.00%,$0.00,$6.40,2,20.00%,$1.60,$8.00,,,,
Camelot Elementary,5/23/2025,60038,Peach Yogurt Power Pack(Power Packs),11,0,11,10,8,0,8,$6.40,0,0.00%,$0.00,$6.40,2,20.00%,$1.60,$8.00,,,,
Camelot Elementary,5/23/2025,60041,Turkey Pepperoni Pizza(1.37 oz),0,0,0,8,0,8,8,$0.00,0,0.00%,$0.00,$0.00,0,0.00%,$0.00,$0.00,,,,
Camelot Elementary,5/23/2025,60041,Turkey Pepperoni Pizza(Slice),126,0,126,131,120,9,129,$87.72,1,0.76%,$0.68,$88.40,1,0.76%,$0.68,$89.08,,,,
Camelot Elementary,5/23/2025,60080,Cheese Pizza(Slice),162,0,162,142,138,0,138,$78.66,0,0.00%,$0.00,$78.66,4,2.82%,$2.28,$80.94,,,,
Camelot Elementary,5/23/2025,60101,Chickpeas - salad bar entree(1/2 cup),20,0,20,15,14,0,14,$2.52,0,0.00%,$0.00,$2.52,1,6.67%,$0.18,$2.70,,,,
Camelot Elementary,5/23/2025,60122,Asian Meatball Sub(sandwich),0,0,0,13,11,0,11,$19.58,2,15.38%,$3.56,$23.14,0,0.00%,$0.00,$23.14,,,,
Cameron Elementary,5/23/2025,10075,Cheese Pizza(Slice),6,0,6,7,7,0,7,$3.99,0,0.00%,$0.00,$3.99,0,0.00%,$0.00,$3.99,,,,
Cameron Elementary,5/23/2025,20001,1% White Milk(Each),208,0,208,356,127,0,127,$45.72,0,0.00%,$0.00,$45.72,229,64.33%,$82.44,$128.16,,,,
Cameron Elementary,5/23/2025,20002,Fat Free Chocolate Milk(Each),142,0,142,650,275,0,275,$96.25,0,0.00%,$0.00,$96.25,375,57.69%,$131.25,$227.50,,,,
Cameron Elementary,5/23/2025,20015,Golden Delicious Apple(Each),0,0,0,125,125,0,125,$38.75,0,0.00%,$0.00,$38.75,0,0.00%,$0.00,$38.75,,,,
Cameron Elementary,5/23/2025,20018,Red Seedless Grapes(8 grapes per 1/4 cup),192,0,192,161,161,0,161,$41.86,0,0.00%,$0.00,$41.86,0,0.00%,$0.00,$41.86,,,,
Cameron Elementary,5/23/2025,20027,Broccoli Florets(1/4 cup),0,0,0,105,105,0,105,$8.40,0,0.00%,$0.00,$8.40,0,0.00%,$0.00,$8.40,,,,
Cameron Elementary,5/23/2025,20028,Lettuce Blend Salad Mix(1/2 cup),160,0,160,320,240,0,240,$19.20,0,0.00%,$0.00,$19.20,80,25.00%,$6.40,$25.60,,,,
Cameron Elementary,5/23/2025,20031,Banana(Each),36,0,36,136,135,1,136,$28.56,0,0.00%,$0.00,$28.56,0,0.00%,$0.00,$28.56,,,,
Cameron Elementary,5/23/2025,20036,Celery Sticks(1/2 cup),0,0,0,96,96,0,96,$52.80,0,0.00%,$0.00,$52.80,0,0.00%,$0.00,$52.80,,,,
Cameron Elementary,5/23/2025,20038,Fat Free White Milk(Each),19,0,19,17,2,0,2,$0.66,0,0.00%,$0.00,$0.66,15,88.24%,$4.95,$5.61,,,,
Cameron Elementary,5/23/2025,30024,Black Beans(1/2 Cup),49,0,49,52,51,1,52,$8.84,0,0.00%,$0.00,$8.84,0,0.00%,$0.00,$8.84,,,,
Cameron Elementary,5/23/2025,30033,Cheez-Its Crackers(Package),36,0,36,30,30,0,30,$5.40,0,0.00%,$0.00,$5.40,0,0.00%,$0.00,$5.40,,,,
Cameron Elementary,5/23/2025,30041,Orange Flavored Dried Cranberries(Each),125,0,125,10,7,0,7,$1.68,0,0.00%,$0.00,$1.68,3,30.00%,$0.72,$2.40,,,,
Cameron Elementary,5/23/2025,30061,Chilled Mandarin Oranges(1/2 cup (drained)),54,0,54,51,51,0,51,$17.34,0,0.00%,$0.00,$17.34,0,0.00%,$0.00,$17.34,,,,
Cameron Elementary,5/23/2025,30077,Italian Dressing(1 ounce),16,0,16,24,24,0,24,$1.92,0,0.00%,$0.00,$1.92,0,0.00%,$0.00,$1.92,,,,
Cameron Elementary,5/23/2025,30107,Ranch Dressing(1 ounce),48,0,48,48,48,0,48,$5.28,0,0.00%,$0.00,$5.28,0,0.00%,$0.00,$5.28,,,,
Cameron Elementary,5/23/2025,60035,PB&J Power Pack(Power Packs),116,0,116,78,72,1,73,$78.84,0,0.00%,$0.00,$78.84,5,6.41%,$5.40,$84.24,,,,
Cameron Elementary,5/23/2025,60036,Cherry Vanilla Yogurt Power Pack(Power Packs),9,0,9,2,2,0,2,$1.60,0,0.00%,$0.00,$1.60,0,0.00%,$0.00,$1.60,,,,
Cameron Elementary,5/23/2025,60038,Peach Yogurt Power Pack(Power Packs),18,0,18,10,10,0,10,$8.00,0,0.00%,$0.00,$8.00,0,0.00%,$0.00,$8.00,,,,
Cameron Elementary,5/23/2025,60041,Turkey Pepperoni Pizza(Slice),182,0,182,148,137,6,143,$97.24,0,0.00%,$0.00,$97.24,5,3.38%,$3.40,$100.64,,,,
Cameron Elementary,5/23/2025,60077,Manager's Vegetable Choice(1/4 cup),88,0,88,72,72,0,72,$0.00,0,0.00%,$0.00,$0.00,0,0.00%,$0.00,$0.00,,,,
Cameron Elementary,5/23/2025,60080,Cheese Pizza(Slice),234,0,234,200,195,0,195,$111.15,0,0.00%,$0.00,$111.15,5,2.50%,$2.85,$114.00,,,,
Cameron Elementary,5/23/2025,60101,Chickpeas - salad bar entree(1/2 cup),0,0,0,2,0,0,0,$0.00,0,0.00%,$0.00,$0.00,2,100.00%,$0.00,$0.00,,,,
Cameron Elementary,5/23/2025,60122,Asian Meatball Sub(sandwich),0,0,0,14,14,0,14,$24.92,0,0.00%,$0.00,$24.92,0,0.00%,$0.00,$24.92,,,,
Canterbury Woods Elementary,5/23/2025,10033,Chocolate Chip Cookie(1/2 Cookie),0,0,0,20,0,20,20,$0.00,0,0.00%,$0.00,$0.00,0,0.00%,$0.00,$0.00,,,,
Canterbury Woods Elementary,5/23/2025,10044,Soft Pretzel(1 pretzel),2,0,2,9,0,9,9,$0.00,0,0.00%,$0.00,$0.00,0,0.00%,$0.00,$0.00,,,,
Canterbury Woods Elementary,5/23/2025,10075,Cheese Pizza(Slice),136,0,136,131,127,3,130,$74.10,1,0.76%,$0.57,$74.67,0,0.00%,$0.00,$74.67,,,,
Canterbury Woods Elementary,5/23/2025,20001,1% White Milk(Each),33,0,33,80,46,0,46,$16.56,0,0.00%,$0.00,$16.56,34,42.50%,$12.24,$28.80,,,,
Canterbury Woods Elementary,5/23/2025,20002,Fat Free Chocolate Milk(Each),152,0,152,2,0,2,2,$0.00,0,0.00%,$0.00,$0.00,0,0.00%,$0.00,$0.00,,,,
Canterbury Woods Elementary,5/23/2025,20011,Cherry Tomatoes(1/4 cup),94,0,94,144,141,0,141,$52.17,3,2.08%,$1.11,$53.28,0,0.00%,$0.00,$53.28,,,,
Canterbury Woods Elementary,5/23/2025,20015,Golden Delicious Apple(Each),0,0,0,125,125,0,125,$38.75,0,0.00%,$0.00,$38.75,0,0.00%,$0.00,$38.75,,,,
Canterbury Woods Elementary,5/23/2025,20016,String Cheese(Each),0,0,0,1,0,1,1,$0.00,0,0.00%,$0.00,$0.00,0,0.00%,$0.00,$0.00,,,,
Canterbury Woods Elementary,5/23/2025,20017,Orange(1/4 cup),0,0,0,134,131,0,131,$22.27,3,2.24%,$0.51,$22.78,0,0.00%,$0.00,$22.78,,,,
Canterbury Woods Elementary,5/23/2025,20028,Lettuce Blend Salad Mix(1/2 cup),117,0,117,120,117,0,117,$9.36,3,2.50%,$0.24,$9.60,0,0.00%,$0.00,$9.60,,,,
Canterbury Woods Elementary,5/23/2025,20036,Celery Sticks(1/2 cup),0,0,0,92,90,0,90,$49.50,2,2.17%,$1.10,$50.60,0,0.00%,$0.00,$50.60,,,,
Canterbury Woods Elementary,5/23/2025,20038,Fat Free White Milk(Each),13,0,13,236,173,0,173,$57.09,0,0.00%,$0.00,$57.09,63,26.69%,$20.79,$77.88,,,,
Canterbury Woods Elementary,5/23/2025,20052,Assorted  4 oz Yogurt(Container),0,0,0,1,0,1,1,$0.00,0,0.00%,$0.00,$0.00,0,0.00%,$0.00,$0.00,,,,
Canterbury Woods Elementary,5/23/2025,30008,Apple Juice(Each),0,0,0,20,0,20,20,$0.00,0,0.00%,$0.00,$0.00,0,0.00%,$0.00,$0.00,,,,
Canterbury Woods Elementary,5/23/2025,30009,Orange Tangerine Juice(Each),0,0,0,20,0,20,20,$0.00,0,0.00%,$0.00,$0.00,0,0.00%,$0.00,$0.00,,,,
Canterbury Woods Elementary,5/23/2025,30033,Cheez-Its Crackers(Package),0,0,0,42,39,3,42,$7.56,0,0.00%,$0.00,$7.56,0,0.00%,$0.00,$7.56,,,,
Canterbury Woods Elementary,5/23/2025,30043,Raspberry Lemonade Flavored Dried Cranberries(2 Eaches),0,0,0,150,150,0,150,$72.00,0,0.00%,$0.00,$72.00,0,0.00%,$0.00,$72.00,,,,
Canterbury Woods Elementary,5/23/2025,30077,Italian Dressing(1 ounce),10,0,10,10,10,0,10,$0.80,0,0.00%,$0.00,$0.80,0,0.00%,$0.00,$0.80,,,,
Canterbury Woods Elementary,5/23/2025,30078,"Sauce, BBQ, HFCS-Free, Bulk, Low-Sodium(2 TBSP)",0,0,0,10,10,0,10,$1.00,0,0.00%,$0.00,$1.00,0,0.00%,$0.00,$1.00,,,,
Canterbury Woods Elementary,5/23/2025,30094,Doritos Wild White Nacho Flavored Tortilla Chips(Bag),0,0,0,46,0,46,46,$0.00,0,0.00%,$0.00,$0.00,0,0.00%,$0.00,$0.00,,,,
Canterbury Woods Elementary,5/23/2025,30097,Bottled Water(Bottle),1,0,1,16,0,16,16,$0.00,0,0.00%,$0.00,$0.00,0,0.00%,$0.00,$0.00,,,,
Canterbury Woods Elementary,5/23/2025,30099,Chickpeas(1/4 cup),31,0,31,33,30,0,30,$2.70,3,9.09%,$0.27,$2.97,0,0.00%,$0.00,$2.97,,,,
Canterbury Woods Elementary,5/23/2025,30107,Ranch Dressing(1 ounce),36,0,36,24,24,0,24,$2.64,0,0.00%,$0.00,$2.64,0,0.00%,$0.00,$2.64,,,,
Canterbury Woods Elementary,5/23/2025,60032,Blueberry Parfait(Parfait),0,0,0,1,0,1,1,$0.00,0,0.00%,$0.00,$0.00,0,0.00%,$0.00,$0.00,,,,
Canterbury Woods Elementary,5/23/2025,60035,PB&J Power Pack(Power Packs),36,0,36,25,25,0,25,$27.00,0,0.00%,$0.00,$27.00,0,0.00%,$0.00,$27.00,,,,
Canterbury Woods Elementary,5/23/2025,60037,Strawberry & Banana Yogurt Power Pack(Power Packs),29,0,29,13,13,0,13,$10.40,0,0.00%,$0.00,$10.40,0,0.00%,$0.00,$10.40,,,,
Canterbury Woods Elementary,5/23/2025,60041,Turkey Pepperoni Pizza(Slice),111,0,111,136,124,8,132,$89.76,4,2.94%,$2.72,$92.48,0,0.00%,$0.00,$92.48,,,,
Canterbury Woods Elementary,5/23/2025,60101,Chickpeas - salad bar entree(1/2 cup),2,0,2,0,0,0,0,$0.00,0,0.00%,$0.00,$0.00,0,0.00%,$0.00,$0.00,,,,
Cardinal Forest Elementary,5/23/2025,10044,Soft Pretzel(1 pretzel),6,0,6,22,22,0,22,$4.84,0,0.00%,$0.00,$4.84,0,0.00%,$0.00,$4.84,,,,
Cardinal Forest Elementary,5/23/2025,10075,Cheese Pizza(Slice),10,0,10,15,15,0,15,$8.55,0,0.00%,$0.00,$8.55,0,0.00%,$0.00,$8.55,,,,
Cardinal Forest Elementary,5/23/2025,20001,1% White Milk(Each),87,0,87,134,91,0,91,$32.76,0,0.00%,$0.00,$32.76,43,32.09%,$15.48,$48.24,,,,
Cardinal Forest Elementary,5/23/2025,20002,Fat Free Chocolate Milk(Each),223,0,223,300,184,0,184,$64.40,0,0.00%,$0.00,$64.40,116,38.67%,$40.60,$105.00,,,,
Cardinal Forest Elementary,5/23/2025,20011,Cherry Tomatoes(1/4 cup),55,0,55,72,72,0,72,$26.64,0,0.00%,$0.00,$26.64,0,0.00%,$0.00,$26.64,,,,
Cardinal Forest Elementary,5/23/2025,20012,Grape Tomatoes(1/4 cup),0,0,0,36,36,0,36,$9.36,0,0.00%,$0.00,$9.36,0,0.00%,$0.00,$9.36,,,,
Cardinal Forest Elementary,5/23/2025,20014,Red Delicious Apple(Each - serving),0,0,0,20,20,0,20,$6.60,0,0.00%,$0.00,$6.60,0,0.00%,$0.00,$6.60,,,,
Cardinal Forest Elementary,5/23/2025,20016,String Cheese(Each),3,0,3,0,0,0,0,$0.00,0,0.00%,$0.00,$0.00,0,0.00%,$0.00,$0.00,,,,
Cardinal Forest Elementary,5/23/2025,20018,Red Seedless Grapes(8 grapes per 1/4 cup),216,0,216,276,276,0,276,$71.76,0,0.00%,$0.00,$71.76,0,0.00%,$0.00,$71.76,,,,
Cardinal Forest Elementary,5/23/2025,20023,Baby Carrots(3 baby carrots per 1/4 cup),0,0,0,48,48,0,48,$4.32,0,0.00%,$0.00,$4.32,0,0.00%,$0.00,$4.32,,,,
Cardinal Forest Elementary,5/23/2025,20027,Broccoli Florets(1/4 cup),0,0,0,42,42,0,42,$3.36,0,0.00%,$0.00,$3.36,0,0.00%,$0.00,$3.36,,,,
Cardinal Forest Elementary,5/23/2025,20028,Lettuce Blend Salad Mix(1/2 cup),101,0,101,60,60,0,60,$4.80,0,0.00%,$0.00,$4.80,0,0.00%,$0.00,$4.80,,,,
Cardinal Forest Elementary,5/23/2025,20031,Banana(Each),17,0,17,17,17,0,17,$3.57,0,0.00%,$0.00,$3.57,0,0.00%,$0.00,$3.57,,,,
Cardinal Forest Elementary,5/23/2025,20036,Celery Sticks(1/2 cup),0,0,0,24,24,0,24,$13.20,0,0.00%,$0.00,$13.20,0,0.00%,$0.00,$13.20,,,,
Cardinal Forest Elementary,5/23/2025,20047,Orange Slices(3 slices per 1/4 cup),0,0,0,204,204,0,204,$40.80,0,0.00%,$0.00,$40.80,0,0.00%,$0.00,$40.80,,,,
Cardinal Forest Elementary,5/23/2025,20052,Assorted  4 oz Yogurt(Container),4,0,4,5,5,0,5,$0.00,0,0.00%,$0.00,$0.00,0,0.00%,$0.00,$0.00,,,,
Cardinal Forest Elementary,5/23/2025,20076,"Peppers, green, pre-sliced(1/2 cup sliced)",0,0,0,35,35,0,35,$10.50,0,0.00%,$0.00,$10.50,0,0.00%,$0.00,$10.50,,,,
Cardinal Forest Elementary,5/23/2025,20077,"Peppers, red, pre-sliced(1/2 cup sliced)",0,0,0,35,35,0,35,$19.60,0,0.00%,$0.00,$19.60,0,0.00%,$0.00,$19.60,,,,
Cardinal Forest Elementary,5/23/2025,30024,Black Beans(1/2 Cup),30,0,30,34,34,0,34,$5.78,0,0.00%,$0.00,$5.78,0,0.00%,$0.00,$5.78,,,,
Cardinal Forest Elementary,5/23/2025,30025,Black Beans(1/2 cup),0,0,0,66,66,0,66,$11.88,0,0.00%,$0.00,$11.88,0,0.00%,$0.00,$11.88,,,,
Cardinal Forest Elementary,5/23/2025,30033,Cheez-Its Crackers(Package),17,0,17,17,17,0,17,$3.06,0,0.00%,$0.00,$3.06,0,0.00%,$0.00,$3.06,,,,
Cardinal Forest Elementary,5/23/2025,30061,Chilled Mandarin Oranges(1/2 cup (drained)),30,0,30,34,34,0,34,$11.56,0,0.00%,$0.00,$11.56,0,0.00%,$0.00,$11.56,,,,
Cardinal Forest Elementary,5/23/2025,30061,Chilled Mandarin Oranges(1/4 cup (drained)),24,0,24,21,21,0,21,$3.57,0,0.00%,$0.00,$3.57,0,0.00%,$0.00,$3.57,,,,
Cardinal Forest Elementary,5/23/2025,30077,Italian Dressing(1 ounce),24,0,24,24,24,0,24,$1.92,0,0.00%,$0.00,$1.92,0,0.00%,$0.00,$1.92,,,,
Cardinal Forest Elementary,5/23/2025,30094,Doritos Wild White Nacho Flavored Tortilla Chips(Bag),77,0,77,68,68,0,68,$23.80,0,0.00%,$0.00,$23.80,0,0.00%,$0.00,$23.80,,,,
Cardinal Forest Elementary,5/23/2025,30097,Bottled Water(Bottle),11,0,11,13,13,0,13,$2.08,0,0.00%,$0.00,$2.08,0,0.00%,$0.00,$2.08,,,,
Cardinal Forest Elementary,5/23/2025,30107,Ranch Dressing(1 ounce),48,0,48,48,48,0,48,$5.28,0,0.00%,$0.00,$5.28,0,0.00%,$0.00,$5.28,,,,
Cardinal Forest Elementary,5/23/2025,60035,PB&J Power Pack(Power Packs),36,0,36,37,37,0,37,$39.96,0,0.00%,$0.00,$39.96,0,0.00%,$0.00,$39.96,,,,
Cardinal Forest Elementary,5/23/2025,60036,Cherry Vanilla Yogurt Power Pack(Power Packs),1,0,1,1,1,0,1,$0.80,0,0.00%,$0.00,$0.80,0,0.00%,$0.00,$0.80,,,,
Cardinal Forest Elementary,5/23/2025,60037,Strawberry & Banana Yogurt Power Pack(Power Packs),35,0,35,20,20,0,20,$16.00,0,0.00%,$0.00,$16.00,0,0.00%,$0.00,$16.00,,,,
Cardinal Forest Elementary,5/23/2025,60041,Turkey Pepperoni Pizza(Slice),92,0,92,93,92,0,92,$62.56,1,1.08%,$0.68,$63.24,0,0.00%,$0.00,$63.24,,,,
Cardinal Forest Elementary,5/23/2025,60080,Cheese Pizza(Slice),202,0,202,190,178,12,190,$108.30,0,0.00%,$0.00,$108.30,0,0.00%,$0.00,$108.30,,,,
Cardinal Forest Elementary,5/23/2025,60101,Chickpeas - salad bar entree(1/2 cup),0,0,0,1,1,0,1,$0.18,0,0.00%,$0.00,$0.18,0,0.00%,$0.00,$0.18,,,,
Cardinal Forest Elementary,5/23/2025,60150,Strawberry Parfait Power Pack(Power Pack),0,0,0,6,6,0,6,$9.78,0,0.00%,$0.00,$9.78,0,0.00%,$0.00,$9.78,,,,
Carson Middle,5/23/2025,10026,Chickenless Bites(2 Bites),0,0,0,46,46,0,46,$16.56,0,0.00%,$0.00,$16.56,0,0.00%,$0.00,$16.56,,,,
Carson Middle,5/23/2025,10033,Chocolate Chip Cookie(Cookie),8,0,8,0,0,0,0,$0.00,0,0.00%,$0.00,$0.00,0,0.00%,$0.00,$0.00,,,,
Carson Middle,5/23/2025,10044,Soft Pretzel(1 pretzel),4,0,4,27,17,0,17,$3.74,10,37.04%,$2.20,$5.94,0,0.00%,$0.00,$5.94,,,,
Carson Middle,5/23/2025,10075,Cheese Pizza(Slice),174,52,226,216,163,47,210,$119.70,6,2.78%,$3.42,$123.12,0,0.00%,$0.00,$123.12,,,,
Carson Middle,5/23/2025,20001,1% White Milk(Each),51,0,51,64,45,0,45,$16.20,0,0.00%,$0.00,$16.20,19,29.69%,$6.84,$23.04,,,,
Carson Middle,5/23/2025,20002,Fat Free Chocolate Milk(Each),295,0,295,314,291,0,291,$101.85,0,0.00%,$0.00,$101.85,23,7.32%,$8.05,$109.90,,,,
Carson Middle,5/23/2025,20011,Cherry Tomatoes(1/4 cup),49,0,49,90,90,0,90,$33.30,0,0.00%,$0.00,$33.30,0,0.00%,$0.00,$33.30,,,,
Carson Middle,5/23/2025,20014,Red Delicious Apple(Each - serving),0,0,0,44,44,0,44,$14.52,0,0.00%,$0.00,$14.52,0,0.00%,$0.00,$14.52,,,,
Carson Middle,5/23/2025,20028,Lettuce Blend Salad Mix(1/2 cup),162,0,162,200,200,0,200,$16.00,0,0.00%,$0.00,$16.00,0,0.00%,$0.00,$16.00,,,,
Carson Middle,5/23/2025,20030,Sour Cream(2 Tablespoons),54,0,54,66,66,0,66,$9.90,0,0.00%,$0.00,$9.90,0,0.00%,$0.00,$9.90,,,,
Carson Middle,5/23/2025,20031,Banana(Each),0,0,0,220,220,0,220,$46.20,0,0.00%,$0.00,$46.20,0,0.00%,$0.00,$46.20,,,,
Carson Middle,5/23/2025,20038,Fat Free White Milk(Each),49,0,49,60,49,0,49,$16.17,0,0.00%,$0.00,$16.17,11,18.33%,$3.63,$19.80,,,,
Carson Middle,5/23/2025,30011,"Salsa, Mild Canned(1.5 oz)",57,0,57,66,66,0,66,$6.60,0,0.00%,$0.00,$6.60,0,0.00%,$0.00,$6.60,,,,
Carson Middle,5/23/2025,30014,Whole Wheat Dinner Roll(2 rolls),0,0,0,126,126,0,126,$35.28,0,0.00%,$0.00,$35.28,0,0.00%,$0.00,$35.28,,,,
Carson Middle,5/23/2025,30061,Chilled Mandarin Oranges(1/4 cup (drained)),150,0,150,60,60,0,60,$10.20,0,0.00%,$0.00,$10.20,0,0.00%,$0.00,$10.20,,,,
Carson Middle,5/23/2025,30063,Ketchup Packet(Packet),600,0,600,575,575,0,575,$17.25,0,0.00%,$0.00,$17.25,0,0.00%,$0.00,$17.25,,,,
Carson Middle,5/23/2025,30064,Mayonnaise Packet(Packet),200,0,200,220,220,0,220,$22.00,0,0.00%,$0.00,$22.00,0,0.00%,$0.00,$22.00,,,,
Carson Middle,5/23/2025,30065,Mustard Packet(Packet),107,0,107,150,150,0,150,$7.50,0,0.00%,$0.00,$7.50,0,0.00%,$0.00,$7.50,,,,
Carson Middle,5/23/2025,30077,Italian Dressing(1 ounce),10,0,10,10,10,0,10,$0.80,0,0.00%,$0.00,$0.80,0,0.00%,$0.00,$0.80,,,,
Carson Middle,5/23/2025,30097,Bottled Water(Bottle),83,0,83,99,99,0,99,$15.84,0,0.00%,$0.00,$15.84,0,0.00%,$0.00,$15.84,,,,
Carson Middle,5/23/2025,30099,Chickpeas(1/4 cup),41,0,41,46,46,0,46,$4.14,0,0.00%,$0.00,$4.14,0,0.00%,$0.00,$4.14,,,,
Carson Middle,5/23/2025,30107,Ranch Dressing(1 ounce),193,0,193,250,250,0,250,$27.50,0,0.00%,$0.00,$27.50,0,0.00%,$0.00,$27.50,,,,
Carson Middle,5/23/2025,30109,Smartfood RF White Cheddar Popcorn(Each),57,0,57,0,0,0,0,$0.00,0,0.00%,$0.00,$0.00,0,0.00%,$0.00,$0.00,,,,
Carson Middle,5/23/2025,30110,Doritos Flamas(Each),131,0,131,0,0,0,0,$0.00,0,0.00%,$0.00,$0.00,0,0.00%,$0.00,$0.00,,,,
Carson Middle,5/23/2025,30111,Doritos RF Spicy Sweet Chili(Each),137,0,137,0,0,0,0,$0.00,0,0.00%,$0.00,$0.00,0,0.00%,$0.00,$0.00,,,,
Carson Middle,5/23/2025,30112,Doritos RF Nacho Cheese(Each),124,0,124,0,0,0,0,$0.00,0,0.00%,$0.00,$0.00,0,0.00%,$0.00,$0.00,,,,
Carson Middle,5/23/2025,30113,Cool Ranch Reduced Fat Doritos(Each),50,0,50,0,0,0,0,$0.00,0,0.00%,$0.00,$0.00,0,0.00%,$0.00,$0.00,,,,
Carson Middle,5/23/2025,30114,SS Baked Cheetos Flaming Hot(Each),150,0,150,0,0,0,0,$0.00,0,0.00%,$0.00,$0.00,0,0.00%,$0.00,$0.00,,,,
Carson Middle,5/23/2025,30115,SS Baked Cheetos Flaming Limon(Each),132,0,132,0,0,0,0,$0.00,0,0.00%,$0.00,$0.00,0,0.00%,$0.00,$0.00,,,,
Carson Middle,5/23/2025,30116,SS Cheetos Fantastix Flaming Hot(Each),152,0,152,0,0,0,0,$0.00,0,0.00%,$0.00,$0.00,0,0.00%,$0.00,$0.00,,,,
Carson Middle,5/23/2025,30117,WG Baked Funyuns(Each),217,0,217,0,0,0,0,$0.00,0,0.00%,$0.00,$0.00,0,0.00%,$0.00,$0.00,,,,
Carson Middle,5/23/2025,30118,Kettle Cooked Smoky BBQ Chips(Each),207,0,207,0,0,0,0,$0.00,0,0.00%,$0.00,$0.00,0,0.00%,$0.00,$0.00,,,,
Carson Middle,5/23/2025,30119,RF Kettle Chips Jalapeno & Cheddar Chips(Each),131,0,131,0,0,0,0,$0.00,0,0.00%,$0.00,$0.00,0,0.00%,$0.00,$0.00,,,,
Carson Middle,5/23/2025,30120,RF Kettle Chips Sea Salt & Vinegar Chips(Each),61,0,61,0,0,0,0,$0.00,0,0.00%,$0.00,$0.00,0,0.00%,$0.00,$0.00,,,,
Carson Middle,5/23/2025,30124,"Fruit Snacks, Welch's Mixed(Each)",89,0,89,252,252,0,252,$100.80,0,0.00%,$0.00,$100.80,0,0.00%,$0.00,$100.80,,,,
Carson Middle,5/23/2025,30160,Lay's RF Kettle Original Chips(Each),279,0,279,0,0,0,0,$0.00,0,0.00%,$0.00,$0.00,0,0.00%,$0.00,$0.00,,,,
Carson Middle,5/23/2025,60020,"Quesadilla, Turkey Barbacoa and Cheese(Quesadilla)",0,0,0,50,28,19,47,$57.34,3,6.00%,$3.66,$61.00,0,0.00%,$0.00,$61.00,,,,
Carson Middle,5/23/2025,60035,PB&J Power Pack(Power Packs),73,15,88,80,57,21,78,$84.24,0,0.00%,$0.00,$84.24,2,2.50%,$2.16,$86.40,,,,
Carson Middle,5/23/2025,60037,Strawberry & Banana Yogurt Power Pack(Power Packs),9,0,9,6,4,0,4,$3.20,0,0.00%,$0.00,$3.20,2,33.33%,$1.60,$4.80,,,,
Carson Middle,5/23/2025,60038,Peach Yogurt Power Pack(Power Packs),11,0,11,6,4,0,4,$3.20,0,0.00%,$0.00,$3.20,2,33.33%,$1.60,$4.80,,,,
Carson Middle,5/23/2025,60041,Turkey Pepperoni Pizza(Slice),85,34,119,128,93,33,126,$85.68,2,1.56%,$1.36,$87.04,0,0.00%,$0.00,$87.04,,,,
Carson Middle,5/23/2025,60047,Chicken Tenders(3 tenders),0,0,0,36,4,32,36,$33.84,0,0.00%,$0.00,$33.84,0,0.00%,$0.00,$33.84,,,,
Carson Middle,5/23/2025,60072,Spicy Breaded Chicken Patty on Bun(Sandwich),0,0,0,132,110,22,132,$99.00,0,0.00%,$0.00,$99.00,0,0.00%,$0.00,$99.00,,,,
Carson Middle,5/23/2025,60075,Spicy Chicken Wrap(Wrap),8,0,8,4,4,0,4,$4.68,0,0.00%,$0.00,$4.68,0,0.00%,$0.00,$4.68,,,,
Carson Middle,5/23/2025,60077,Manager's Vegetable Choice(1/4 cup),73,0,73,60,60,0,60,$0.00,0,0.00%,$0.00,$0.00,0,0.00%,$0.00,$0.00,,,,
Carson Middle,5/23/2025,60090,Assorted Craisins(Packet),0,0,0,140,140,0,140,$33.60,0,0.00%,$0.00,$33.60,0,0.00%,$0.00,$33.60,,,,
Carson Middle,5/23/2025,60101,Chickpeas - salad bar entree(1/2 cup),5,0,5,5,2,0,2,$0.36,3,60.00%,$0.54,$0.90,0,0.00%,$0.00,$0.90,,,,
Centre Ridge Elementary,5/23/2025,10044,Soft Pretzel(1 pretzel),2,0,2,0,0,0,0,$0.00,0,0.00%,$0.00,$0.00,0,0.00%,$0.00,$0.00,,,,
Centre Ridge Elementary,5/23/2025,10075,Cheese Pizza(Slice),8,0,8,4,4,0,4,$2.28,0,0.00%,$0.00,$2.28,0,0.00%,$0.00,$2.28,,,,
Centre Ridge Elementary,5/23/2025,20001,1% White Milk(Each),96,0,96,273,109,0,109,$39.24,0,0.00%,$0.00,$39.24,164,60.07%,$59.04,$98.28,,,,
Centre Ridge Elementary,5/23/2025,20002,Fat Free Chocolate Milk(Each),273,0,273,527,282,0,282,$98.70,0,0.00%,$0.00,$98.70,245,46.49%,$85.75,$184.45,,,,
Centre Ridge Elementary,5/23/2025,20014,Red Delicious Apple(Each - serving),0,0,0,34,19,0,19,$6.27,0,0.00%,$0.00,$6.27,15,44.12%,$4.95,$11.22,,,,
Centre Ridge Elementary,5/23/2025,20017,Orange(1/4 cup),0,0,0,188,158,0,158,$26.86,0,0.00%,$0.00,$26.86,30,15.96%,$5.10,$31.96,,,,
Centre Ridge Elementary,5/23/2025,20028,Lettuce Blend Salad Mix(1/2 cup),149,0,149,175,155,0,155,$12.40,0,0.00%,$0.00,$12.40,20,11.43%,$1.60,$14.00,,,,
Centre Ridge Elementary,5/23/2025,20031,Banana(Each),35,0,35,132,132,0,132,$27.72,0,0.00%,$0.00,$27.72,0,0.00%,$0.00,$27.72,,,,
Centre Ridge Elementary,5/23/2025,20036,Celery Sticks(1/2 cup),0,0,0,150,125,0,125,$68.75,0,0.00%,$0.00,$68.75,25,16.67%,$13.75,$82.50,,,,
Centre Ridge Elementary,5/23/2025,20038,Fat Free White Milk(Each),17,0,17,200,17,0,17,$5.61,0,0.00%,$0.00,$5.61,183,91.50%,$60.39,$66.00,,,,
Centre Ridge Elementary,5/23/2025,20043,"Lactose Free, White Milk(Each)",0,0,0,2,2,0,2,$1.16,0,0.00%,$0.00,$1.16,0,0.00%,$0.00,$1.16,,,,
Centre Ridge Elementary,5/23/2025,20074,"Apple Slices(3 slices, 1/4 cup)",0,0,0,150,150,0,150,$27.00,0,0.00%,$0.00,$27.00,0,0.00%,$0.00,$27.00,,,,
Centre Ridge Elementary,5/23/2025,20077,"Peppers, red, pre-sliced(1/2 cup sliced)",0,0,0,70,55,0,55,$30.80,0,0.00%,$0.00,$30.80,15,21.43%,$8.40,$39.20,,,,
Centre Ridge Elementary,5/23/2025,30024,Black Beans(1/2 Cup),46,0,46,39,39,0,39,$6.63,0,0.00%,$0.00,$6.63,0,0.00%,$0.00,$6.63,,,,
Centre Ridge Elementary,5/23/2025,30033,Cheez-Its Crackers(Package),34,0,34,35,35,0,35,$6.30,0,0.00%,$0.00,$6.30,0,0.00%,$0.00,$6.30,,,,
Centre Ridge Elementary,5/23/2025,30061,Chilled Mandarin Oranges(1/2 cup (drained)),46,0,46,39,39,0,39,$13.26,0,0.00%,$0.00,$13.26,0,0.00%,$0.00,$13.26,,,,
Centre Ridge Elementary,5/23/2025,30077,Italian Dressing(1 ounce),16,0,16,32,18,0,18,$1.44,0,0.00%,$0.00,$1.44,14,43.75%,$1.12,$2.56,,,,
Centre Ridge Elementary,5/23/2025,30099,Chickpeas(1/4 cup),36,0,36,38,32,0,32,$2.88,0,0.00%,$0.00,$2.88,6,15.79%,$0.54,$3.42,,,,
Centre Ridge Elementary,5/23/2025,60035,PB&J Power Pack(Power Packs),73,0,73,100,63,0,63,$68.04,0,0.00%,$0.00,$68.04,37,37.00%,$39.96,$108.00,,,,
Centre Ridge Elementary,5/23/2025,60036,Cherry Vanilla Yogurt Power Pack(Power Packs),14,0,14,20,10,0,10,$8.00,0,0.00%,$0.00,$8.00,10,50.00%,$8.00,$16.00,,,,
Centre Ridge Elementary,5/23/2025,60037,Strawberry & Banana Yogurt Power Pack(Power Packs),14,0,14,20,12,0,12,$9.60,0,0.00%,$0.00,$9.60,8,40.00%,$6.40,$16.00,,,,
Centre Ridge Elementary,5/23/2025,60038,Peach Yogurt Power Pack(Power Packs),14,0,14,20,12,0,12,$9.60,0,0.00%,$0.00,$9.60,8,40.00%,$6.40,$16.00,,,,
Centre Ridge Elementary,5/23/2025,60041,Turkey Pepperoni Pizza(Slice),167,0,167,36,33,2,35,$23.80,1,2.78%,$0.68,$24.48,0,0.00%,$0.00,$24.48,,,,
Centre Ridge Elementary,5/23/2025,60080,Cheese Pizza(Slice),251,0,251,297,290,4,294,$167.58,0,0.00%,$0.00,$167.58,3,1.01%,$1.71,$169.29,,,,
Centre Ridge Elementary,5/23/2025,60101,Chickpeas - salad bar entree(1/2 cup),12,0,12,0,0,0,0,$0.00,0,0.00%,$0.00,$0.00,0,0.00%,$0.00,$0.00,,,,
Centre Ridge Elementary,5/23/2025,60120,Asian Veggie Sub(sandwich),0,0,0,7,7,0,7,$13.23,0,0.00%,$0.00,$13.23,0,0.00%,$0.00,$13.23,,,,
Centre Ridge Elementary,5/23/2025,60150,Strawberry Parfait Power Pack(Power Pack),0,0,0,0,0,0,0,$0.00,0,0.00%,$0.00,$0.00,0,0.00%,$0.00,$0.00,,,,
Centreville Elementary,5/23/2025,10033,Chocolate Chip Cookie(1/2 Cookie),0,0,0,0,0,0,0,$0.00,0,0.00%,$0.00,$0.00,0,0.00%,$0.00,$0.00,,,,
Centreville Elementary,5/23/2025,10044,Soft Pretzel(1 pretzel),0,0,0,7,7,0,7,$1.54,0,0.00%,$0.00,$1.54,0,0.00%,$0.00,$1.54,,,,
Centreville Elementary,5/23/2025,10073,Whole Strawberries(1/2 cup thawed),260,0,260,0,0,0,0,$0.00,0,0.00%,$0.00,$0.00,0,0.00%,$0.00,$0.00,,,,
Centreville Elementary,5/23/2025,10074,"Frozen Berry, Triple Berry Blend(1/2 cup (thawed))",0,0,0,2,2,0,2,$0.06,0,0.00%,$0.00,$0.06,0,0.00%,$0.00,$0.06,,,,
Centreville Elementary,5/23/2025,10075,Cheese Pizza(Slice),10,0,10,15,15,0,15,$8.55,0,0.00%,$0.00,$8.55,0,0.00%,$0.00,$8.55,,,,
Centreville Elementary,5/23/2025,20001,1% White Milk(Each),74,0,74,161,67,0,67,$24.12,0,0.00%,$0.00,$24.12,94,58.39%,$33.84,$57.96,,,,
Centreville Elementary,5/23/2025,20002,Fat Free Chocolate Milk(Each),214,0,214,518,249,0,249,$87.15,0,0.00%,$0.00,$87.15,269,51.93%,$94.15,$181.30,,,,
Centreville Elementary,5/23/2025,20011,Cherry Tomatoes(1/4 cup),120,0,120,120,120,0,120,$44.40,0,0.00%,$0.00,$44.40,0,0.00%,$0.00,$44.40,,,,
Centreville Elementary,5/23/2025,20016,String Cheese(Each),1,0,1,0,0,0,0,$0.00,0,0.00%,$0.00,$0.00,0,0.00%,$0.00,$0.00,,,,
Centreville Elementary,5/23/2025,20018,Red Seedless Grapes(8 grapes per 1/4 cup),0,0,0,0,0,0,0,$0.00,0,0.00%,$0.00,$0.00,0,0.00%,$0.00,$0.00,,,,
Centreville Elementary,5/23/2025,20028,Lettuce Blend Salad Mix(1/2 cup),160,0,160,160,150,0,150,$12.00,10,6.25%,$0.80,$12.80,0,0.00%,$0.00,$12.80,,,,
Centreville Elementary,5/23/2025,20038,Fat Free White Milk(Each),24,0,24,60,21,0,21,$6.93,0,0.00%,$0.00,$6.93,39,65.00%,$12.87,$19.80,,,,
Centreville Elementary,5/23/2025,20043,"Lactose Free, White Milk(Each)",1,0,1,1,1,0,1,$0.58,0,0.00%,$0.00,$0.58,0,0.00%,$0.00,$0.58,,,,
Centreville Elementary,5/23/2025,20047,Orange Slices(3 slices per 1/4 cup),0,0,0,360,358,0,358,$71.60,2,0.56%,$0.40,$72.00,0,0.00%,$0.00,$72.00,,,,
Centreville Elementary,5/23/2025,20052,Assorted  4 oz Yogurt(Container),1,0,1,0,0,0,0,$0.00,0,0.00%,$0.00,$0.00,0,0.00%,$0.00,$0.00,,,,
Centreville Elementary,5/23/2025,30008,Apple Juice(Each),9,0,9,0,0,0,0,$0.00,0,0.00%,$0.00,$0.00,0,0.00%,$0.00,$0.00,,,,
Centreville Elementary,5/23/2025,30009,Orange Tangerine Juice(Each),5,0,5,0,0,0,0,$0.00,0,0.00%,$0.00,$0.00,0,0.00%,$0.00,$0.00,,,,
Centreville Elementary,5/23/2025,30024,Black Beans(1/2 Cup),45,0,45,49,49,0,49,$8.33,0,0.00%,$0.00,$8.33,0,0.00%,$0.00,$8.33,,,,
Centreville Elementary,5/23/2025,30031,Strawberry Chex Mix(Package),0,0,0,12,12,0,12,$5.40,0,0.00%,$0.00,$5.40,0,0.00%,$0.00,$5.40,,,,
Centreville Elementary,5/23/2025,30034,Graham Crackers(Package),0,0,0,30,30,0,30,$4.20,0,0.00%,$0.00,$4.20,0,0.00%,$0.00,$4.20,,,,
Centreville Elementary,5/23/2025,30039,Cherry Flavored Dried Cranberries(Each),0,0,0,0,0,0,0,$0.00,0,0.00%,$0.00,$0.00,0,0.00%,$0.00,$0.00,,,,
Centreville Elementary,5/23/2025,30041,Orange Flavored Dried Cranberries(Each),0,0,0,0,0,0,0,$0.00,0,0.00%,$0.00,$0.00,0,0.00%,$0.00,$0.00,,,,
Centreville Elementary,5/23/2025,30042,Original Flavored Dried Cranberries(Package),0,0,0,0,0,0,0,$0.00,0,0.00%,$0.00,$0.00,0,0.00%,$0.00,$0.00,,,,
Centreville Elementary,5/23/2025,30043,Raspberry Lemonade Flavored Dried Cranberries(Each),0,0,0,0,0,0,0,$0.00,0,0.00%,$0.00,$0.00,0,0.00%,$0.00,$0.00,,,,
Centreville Elementary,5/23/2025,30044,Strawberry Flavored Dried Cranberries(Each),0,0,0,0,0,0,0,$0.00,0,0.00%,$0.00,$0.00,0,0.00%,$0.00,$0.00,,,,
Centreville Elementary,5/23/2025,30045,Watermelon Flavored Dried Cranberries(Each),20,0,20,30,30,0,30,$7.20,0,0.00%,$0.00,$7.20,0,0.00%,$0.00,$7.20,,,,
Centreville Elementary,5/23/2025,30061,Chilled Mandarin Oranges(1/2 cup (drained)),45,0,45,49,49,0,49,$16.66,0,0.00%,$0.00,$16.66,0,0.00%,$0.00,$16.66,,,,
Centreville Elementary,5/23/2025,30061,Chilled Mandarin Oranges(1/4 cup (drained)),171,0,171,144,144,0,144,$24.48,0,0.00%,$0.00,$24.48,0,0.00%,$0.00,$24.48,,,,
Centreville Elementary,5/23/2025,30077,Italian Dressing(1 ounce),24,0,24,24,14,0,14,$1.12,0,0.00%,$0.00,$1.12,10,41.67%,$0.80,$1.92,,,,
Centreville Elementary,5/23/2025,30094,Doritos Wild White Nacho Flavored Tortilla Chips(Bag),15,0,15,0,0,0,0,$0.00,0,0.00%,$0.00,$0.00,0,0.00%,$0.00,$0.00,,,,
Centreville Elementary,5/23/2025,30097,Bottled Water(Bottle),7,0,7,18,18,0,18,$2.88,0,0.00%,$0.00,$2.88,0,0.00%,$0.00,$2.88,,,,
Centreville Elementary,5/23/2025,30099,Chickpeas(1/4 cup),32,0,32,32,26,0,26,$2.34,6,18.75%,$0.54,$2.88,0,0.00%,$0.00,$2.88,,,,
Centreville Elementary,5/23/2025,30107,Ranch Dressing(1 ounce),48,0,48,48,36,0,36,$3.96,0,0.00%,$0.00,$3.96,12,25.00%,$1.32,$5.28,,,,
Centreville Elementary,5/23/2025,30109,Smartfood RF White Cheddar Popcorn(Each),0,0,0,59,59,0,59,$21.83,0,0.00%,$0.00,$21.83,0,0.00%,$0.00,$21.83,,,,
Centreville Elementary,5/23/2025,30176,"Applesauce, IW, Cinnamon. Unsweetened, Shelf-Stable (SUB)(Each)",0,0,0,30,30,0,30,$8.10,0,0.00%,$0.00,$8.10,0,0.00%,$0.00,$8.10,,,,
Centreville Elementary,5/23/2025,30188,"Milk, Soy, Plain, Bulk (12/32 oz)(1 cup)",1,0,1,1,1,0,1,$0.79,0,0.00%,$0.00,$0.79,0,0.00%,$0.00,$0.79,,,,
Centreville Elementary,5/23/2025,60035,PB&J Power Pack(Power Packs),40,0,40,50,48,0,48,$51.84,0,0.00%,$0.00,$51.84,2,4.00%,$2.16,$54.00,,,,
Centreville Elementary,5/23/2025,60036,Cherry Vanilla Yogurt Power Pack(Power Packs),12,0,12,2,2,0,2,$1.60,0,0.00%,$0.00,$1.60,0,0.00%,$0.00,$1.60,,,,
Centreville Elementary,5/23/2025,60037,Strawberry & Banana Yogurt Power Pack(Power Packs),10,0,10,30,20,0,20,$16.00,0,0.00%,$0.00,$16.00,10,33.33%,$8.00,$24.00,,,,
Centreville Elementary,5/23/2025,60038,Peach Yogurt Power Pack(Power Packs),10,0,10,0,0,0,0,$0.00,0,0.00%,$0.00,$0.00,0,0.00%,$0.00,$0.00,,,,
Centreville Elementary,5/23/2025,60041,Turkey Pepperoni Pizza(Slice),122,0,122,120,110,0,110,$74.80,2,1.67%,$1.36,$76.16,8,6.67%,$5.44,$81.60,,,,
Centreville Elementary,5/23/2025,60064,Vegetable Dumpling(6 dumplings),0,0,0,20,20,0,20,$0.00,0,0.00%,$0.00,$0.00,0,0.00%,$0.00,$0.00,,,,
Centreville Elementary,5/23/2025,60077,Manager's Vegetable Choice(1/4 cup),48,0,48,48,40,0,40,$0.00,8,16.67%,$0.00,$0.00,0,0.00%,$0.00,$0.00,,,,
Centreville Elementary,5/23/2025,60080,Cheese Pizza(Slice),241,0,241,232,223,0,223,$127.11,1,0.43%,$0.57,$127.68,8,3.45%,$4.56,$132.24,,,,
Centreville Elementary,5/23/2025,60101,Chickpeas - salad bar entree(1/2 cup),0,0,0,0,0,0,0,$0.00,0,0.00%,$0.00,$0.00,0,0.00%,$0.00,$0.00,,,,
Centreville Elementary,5/23/2025,60150,Strawberry Parfait Power Pack(Power Pack),10,0,10,0,0,0,0,$0.00,0,0.00%,$0.00,$0.00,0,0.00%,$0.00,$0.00,,,,
Centreville High,5/23/2025,10026,Chickenless Bites(2 Bites),0,0,0,150,138,10,148,$53.28,2,1.33%,$0.72,$54.00,0,0.00%,$0.00,$54.00,,,,
Centreville High,5/23/2025,10027,"Bread, Loco(1/2 piece)",0,0,0,150,138,10,148,$22.20,2,1.33%,$0.30,$22.50,0,0.00%,$0.00,$22.50,,,,
Centreville High,5/23/2025,10033,Chocolate Chip Cookie(Cookie),96,0,96,90,90,0,90,$24.30,0,0.00%,$0.00,$24.30,0,0.00%,$0.00,$24.30,,,,
Centreville High,5/23/2025,10044,Soft Pretzel(1 pretzel),5,0,5,2,1,0,1,$0.22,1,50.00%,$0.22,$0.44,0,0.00%,$0.00,$0.44,,,,
Centreville High,5/23/2025,10070,Orange Sauce(ounce),100,0,100,80,71,0,71,$9.94,9,11.25%,$1.26,$11.20,0,0.00%,$0.00,$11.20,,,,
Centreville High,5/23/2025,10075,Cheese Pizza(Slice),200,0,200,120,107,0,107,$60.99,13,10.83%,$7.41,$68.40,0,0.00%,$0.00,$68.40,,,,
Centreville High,5/23/2025,20001,1% White Milk(Each),70,0,70,70,43,0,43,$15.48,0,0.00%,$0.00,$15.48,27,38.57%,$9.72,$25.20,,,,
Centreville High,5/23/2025,20002,Fat Free Chocolate Milk(Each),350,0,350,310,264,0,264,$92.40,0,0.00%,$0.00,$92.40,46,14.84%,$16.10,$108.50,,,,
Centreville High,5/23/2025,20011,Cherry Tomatoes(1/4 cup),100,0,100,144,139,0,139,$51.43,5,3.47%,$1.85,$53.28,0,0.00%,$0.00,$53.28,,,,
Centreville High,5/23/2025,20014,Red Delicious Apple(Each - serving),250,0,250,220,147,0,147,$48.51,0,0.00%,$0.00,$48.51,73,33.18%,$24.09,$72.60,,,,
Centreville High,5/23/2025,20016,String Cheese(Each),2,0,2,2,0,0,0,$0.00,0,0.00%,$0.00,$0.00,2,100.00%,$0.00,$0.00,,,,
Centreville High,5/23/2025,20018,Red Seedless Grapes(8 grapes per 1/4 cup),500,0,500,138,138,0,138,$35.88,0,0.00%,$0.00,$35.88,0,0.00%,$0.00,$35.88,,,,
Centreville High,5/23/2025,20028,Lettuce Blend Salad Mix(1/2 cup),320,0,320,260,230,0,230,$18.40,30,11.54%,$2.40,$20.80,0,0.00%,$0.00,$20.80,,,,
Centreville High,5/23/2025,20030,Sour Cream(2 Tablespoons),150,0,150,120,105,0,105,$15.75,0,0.00%,$0.00,$15.75,15,12.50%,$2.25,$18.00,,,,
Centreville High,5/23/2025,20038,Fat Free White Milk(Each),40,0,40,30,15,0,15,$4.95,0,0.00%,$0.00,$4.95,15,50.00%,$4.95,$9.90,,,,
Centreville High,5/23/2025,20052,Assorted  4 oz Yogurt(Container),2,0,2,2,0,0,0,$0.00,0,0.00%,$0.00,$0.00,2,100.00%,$0.00,$0.00,,,,
Centreville High,5/23/2025,30008,Apple Juice(Each),20,0,20,20,9,0,9,$1.53,0,0.00%,$0.00,$1.53,11,55.00%,$1.87,$3.40,,,,
Centreville High,5/23/2025,30009,Orange Tangerine Juice(Each),2,0,2,2,0,0,0,$0.00,0,0.00%,$0.00,$0.00,2,100.00%,$0.00,$0.00,,,,
Centreville High,5/23/2025,30011,"Salsa, Mild Canned(1.5 oz)",150,0,150,95,75,0,75,$7.50,0,0.00%,$0.00,$7.50,20,21.05%,$2.00,$9.50,,,,
Centreville High,5/23/2025,30033,Cheez-Its Crackers(Package),8,0,8,30,26,0,26,$4.68,1,3.33%,$0.18,$4.86,3,10.00%,$0.54,$5.40,,,,
Centreville High,5/23/2025,30039,Cherry Flavored Dried Cranberries(2 Eaches),0,0,0,320,286,0,286,$137.28,0,0.00%,$0.00,$137.28,34,10.63%,$16.32,$153.60,,,,
Centreville High,5/23/2025,30061,Chilled Mandarin Oranges(1/4 cup (drained)),350,0,350,360,340,0,340,$57.80,20,5.56%,$3.40,$61.20,0,0.00%,$0.00,$61.20,,,,
Centreville High,5/23/2025,30063,Ketchup Packet(Packet),300,0,300,300,190,0,190,$5.70,0,0.00%,$0.00,$5.70,110,36.67%,$3.30,$9.00,,,,
Centreville High,5/23/2025,30064,Mayonnaise Packet(Packet),50,0,50,50,40,0,40,$4.00,0,0.00%,$0.00,$4.00,10,20.00%,$1.00,$5.00,,,,
Centreville High,5/23/2025,30065,Mustard Packet(Packet),50,0,50,100,15,0,15,$0.75,0,0.00%,$0.00,$0.75,85,85.00%,$4.25,$5.00,,,,
Centreville High,5/23/2025,30077,Italian Dressing(1 ounce),50,0,50,96,48,0,48,$3.84,0,0.00%,$0.00,$3.84,48,50.00%,$3.84,$7.68,,,,
Centreville High,5/23/2025,30097,Bottled Water(Bottle),50,0,50,60,60,0,60,$9.60,0,0.00%,$0.00,$9.60,0,0.00%,$0.00,$9.60,,,,
Centreville High,5/23/2025,30099,Chickpeas(1/4 cup),50,0,50,32,28,0,28,$2.52,4,12.50%,$0.36,$2.88,0,0.00%,$0.00,$2.88,,,,
Centreville High,5/23/2025,30109,Smartfood RF White Cheddar Popcorn(Each),6,0,6,3,2,0,2,$0.74,0,0.00%,$0.00,$0.74,1,33.33%,$0.37,$1.11,,,,
Centreville High,5/23/2025,30110,Doritos Flamas(Each),15,0,15,70,63,0,63,$23.31,0,0.00%,$0.00,$23.31,7,10.00%,$2.59,$25.90,,,,
Centreville High,5/23/2025,30111,Doritos RF Spicy Sweet Chili(Each),12,0,12,35,33,0,33,$12.21,1,2.86%,$0.37,$12.58,1,2.86%,$0.37,$12.95,,,,
Centreville High,5/23/2025,30112,Doritos RF Nacho Cheese(Each),12,0,12,60,58,0,58,$21.46,0,0.00%,$0.00,$21.46,2,3.33%,$0.74,$22.20,,,,
Centreville High,5/23/2025,30113,Cool Ranch Reduced Fat Doritos(Each),12,0,12,20,15,0,15,$5.55,0,0.00%,$0.00,$5.55,5,25.00%,$1.85,$7.40,,,,
Centreville High,5/23/2025,30114,SS Baked Cheetos Flaming Hot(Each),15,0,15,70,64,0,64,$33.92,6,8.57%,$3.18,$37.10,0,0.00%,$0.00,$37.10,,,,
Centreville High,5/23/2025,30115,SS Baked Cheetos Flaming Limon(Each),10,0,10,30,30,0,30,$11.70,0,0.00%,$0.00,$11.70,0,0.00%,$0.00,$11.70,,,,
Centreville High,5/23/2025,30116,SS Cheetos Fantastix Flaming Hot(Each),10,0,10,10,10,0,10,$3.90,0,0.00%,$0.00,$3.90,0,0.00%,$0.00,$3.90,,,,
Centreville High,5/23/2025,30117,WG Baked Funyuns(Each),8,0,8,12,9,0,9,$3.24,0,0.00%,$0.00,$3.24,3,25.00%,$1.08,$4.32,,,,
Centreville High,5/23/2025,30118,Kettle Cooked Smoky BBQ Chips(Each),12,0,12,55,53,0,53,$31.80,2,3.64%,$1.20,$33.00,0,0.00%,$0.00,$33.00,,,,
Centreville High,5/23/2025,30119,RF Kettle Chips Jalapeno & Cheddar Chips(Each),25,0,25,160,134,0,134,$80.40,17,10.63%,$10.20,$90.60,9,5.63%,$5.40,$96.00,,,,
Centreville High,5/23/2025,30120,RF Kettle Chips Sea Salt & Vinegar Chips(Each),25,0,25,100,90,0,90,$54.00,3,3.00%,$1.80,$55.80,7,7.00%,$4.20,$60.00,,,,
Centreville High,5/23/2025,30121,Kellogg’s W/G Rice Krispies Treats(Each),0,0,0,28,28,0,28,$20.72,0,0.00%,$0.00,$20.72,0,0.00%,$0.00,$20.72,,,,
Centreville High,5/23/2025,30122,WG Chocolate Chip Rice Krispy Treats(Each),0,0,0,81,81,0,81,$48.60,0,0.00%,$0.00,$48.60,0,0.00%,$0.00,$48.60,,,,
Centreville High,5/23/2025,30124,"Fruit Snacks, Welch's Mixed(Each)",25,0,25,80,79,0,79,$31.60,0,0.00%,$0.00,$31.60,1,1.25%,$0.40,$32.00,,,,
Centreville High,5/23/2025,30160,Lay's RF Kettle Original Chips(Each),15,0,15,25,24,0,24,$14.40,0,0.00%,$0.00,$14.40,1,4.00%,$0.60,$15.00,,,,
Centreville High,5/23/2025,60020,"Quesadilla, Turkey Barbacoa and Cheese(Quesadilla)",250,0,250,150,133,0,133,$162.26,17,11.33%,$20.74,$183.00,0,0.00%,$0.00,$183.00,,,,
Centreville High,5/23/2025,60035,PB&J Power Pack(Power Packs),150,0,150,80,76,0,76,$82.08,4,5.00%,$4.32,$86.40,0,0.00%,$0.00,$86.40,,,,
Centreville High,5/23/2025,60037,Strawberry & Banana Yogurt Power Pack(Power Packs),5,0,5,4,0,0,0,$0.00,0,0.00%,$0.00,$0.00,4,100.00%,$0.00,$0.00,,,,
Centreville High,5/23/2025,60041,Turkey Pepperoni Pizza(Slice),200,0,200,100,97,0,97,$65.96,3,3.00%,$2.04,$68.00,0,0.00%,$0.00,$68.00,,,,
Centreville High,5/23/2025,60064,Vegetable Dumpling(6 dumplings),0,0,0,71,70,0,70,$0.00,1,1.41%,$0.00,$0.00,0,0.00%,$0.00,$0.00,,,,
Centreville High,5/23/2025,60075,Spicy Chicken Wrap(Wrap),50,0,50,30,27,0,27,$31.59,3,10.00%,$3.51,$35.10,0,0.00%,$0.00,$35.10,,,,
Centreville High,5/23/2025,60077,Manager's Vegetable Choice(1/4 cup),200,0,200,96,91,0,91,$0.00,5,5.21%,$0.00,$0.00,0,0.00%,$0.00,$0.00,,,,
Centreville High,5/23/2025,60101,Chickpeas - salad bar entree(1/2 cup),5,0,5,5,1,0,1,$0.18,4,80.00%,$0.72,$0.90,0,0.00%,$0.00,$0.90,,,,
Cherry Run Elementary,5/23/2025,10044,Soft Pretzel(1 pretzel),11,0,11,11,0,11,11,$0.00,0,0.00%,$0.00,$0.00,0,0.00%,$0.00,$0.00,,,,
Cherry Run Elementary,5/23/2025,10073,Whole Strawberries(1/2 cup thawed),0,0,0,24,24,0,24,$8.16,0,0.00%,$0.00,$8.16,0,0.00%,$0.00,$8.16,,,,
Cherry Run Elementary,5/23/2025,20001,1% White Milk(Each),30,0,30,38,23,0,23,$8.28,0,0.00%,$0.00,$8.28,15,39.47%,$5.40,$13.68,,,,
Cherry Run Elementary,5/23/2025,20002,Fat Free Chocolate Milk(Each),119,0,119,150,127,0,127,$44.45,0,0.00%,$0.00,$44.45,23,15.33%,$8.05,$52.50,,,,
Cherry Run Elementary,5/23/2025,20011,Cherry Tomatoes(1/4 cup),60,0,60,64,64,0,64,$23.68,0,0.00%,$0.00,$23.68,0,0.00%,$0.00,$23.68,,,,
Cherry Run Elementary,5/23/2025,20018,Red Seedless Grapes(8 grapes per 1/4 cup),75,0,75,75,75,0,75,$19.50,0,0.00%,$0.00,$19.50,0,0.00%,$0.00,$19.50,,,,
Cherry Run Elementary,5/23/2025,20038,Fat Free White Milk(Each),8,0,8,10,8,0,8,$2.64,0,0.00%,$0.00,$2.64,2,20.00%,$0.66,$3.30,,,,
Cherry Run Elementary,5/23/2025,30009,Orange Tangerine Juice(Each),15,0,15,15,0,13,13,$0.00,0,0.00%,$0.00,$0.00,2,13.33%,$0.00,$0.00,,,,
Cherry Run Elementary,5/23/2025,30024,Black Beans(1/2 Cup),15,0,15,13,13,0,13,$2.21,0,0.00%,$0.00,$2.21,0,0.00%,$0.00,$2.21,,,,
Cherry Run Elementary,5/23/2025,30033,Cheez-Its Crackers(Package),11,0,11,11,0,11,11,$0.00,0,0.00%,$0.00,$0.00,0,0.00%,$0.00,$0.00,,,,
Cherry Run Elementary,5/23/2025,30044,Strawberry Flavored Dried Cranberries(2 Eaches),0,0,0,3,0,3,3,$0.00,0,0.00%,$0.00,$0.00,0,0.00%,$0.00,$0.00,,,,
Cherry Run Elementary,5/23/2025,30044,Strawberry Flavored Dried Cranberries(Each),33,0,33,45,43,0,43,$10.32,0,0.00%,$0.00,$10.32,2,4.44%,$0.48,$10.80,,,,
Cherry Run Elementary,5/23/2025,30061,Chilled Mandarin Oranges(1/2 cup (drained)),16,0,16,13,13,0,13,$4.42,0,0.00%,$0.00,$4.42,0,0.00%,$0.00,$4.42,,,,
Cherry Run Elementary,5/23/2025,30061,Chilled Mandarin Oranges(1/4 cup (drained)),86,0,86,64,51,0,51,$8.67,0,0.00%,$0.00,$8.67,13,20.31%,$2.21,$10.88,,,,
Cherry Run Elementary,5/23/2025,30077,Italian Dressing(1 ounce),20,0,20,20,20,0,20,$1.60,0,0.00%,$0.00,$1.60,0,0.00%,$0.00,$1.60,,,,
Cherry Run Elementary,5/23/2025,30094,Doritos Wild White Nacho Flavored Tortilla Chips(Bag),41,0,41,41,0,41,41,$0.00,0,0.00%,$0.00,$0.00,0,0.00%,$0.00,$0.00,,,,
Cherry Run Elementary,5/23/2025,30097,Bottled Water(Bottle),7,0,7,20,0,18,18,$0.00,0,0.00%,$0.00,$0.00,2,10.00%,$0.00,$0.00,,,,
Cherry Run Elementary,5/23/2025,60035,PB&J Power Pack(Power Packs),19,0,19,10,7,0,7,$7.56,0,0.00%,$0.00,$7.56,3,30.00%,$3.24,$10.80,,,,
Cherry Run Elementary,5/23/2025,60037,Strawberry & Banana Yogurt Power Pack(Power Packs),11,0,11,10,10,0,10,$8.00,0,0.00%,$0.00,$8.00,0,0.00%,$0.00,$8.00,,,,
Cherry Run Elementary,5/23/2025,60041,Turkey Pepperoni Pizza(Slice),51,0,51,42,41,0,41,$27.88,0,0.00%,$0.00,$27.88,1,2.38%,$0.68,$28.56,,,,
Cherry Run Elementary,5/23/2025,60077,Manager's Vegetable Choice(1/4 cup),62,0,62,98,98,0,98,$0.00,0,0.00%,$0.00,$0.00,0,0.00%,$0.00,$0.00,,,,
Cherry Run Elementary,5/23/2025,60080,Cheese Pizza(Slice),153,0,153,132,108,11,119,$67.83,1,0.76%,$0.57,$68.40,12,9.09%,$6.84,$75.24,,,,
Cherry Run Elementary,5/23/2025,60101,Chickpeas - salad bar entree(1/2 cup),17,0,17,22,22,0,22,$3.96,0,0.00%,$0.00,$3.96,0,0.00%,$0.00,$3.96,,,,
Cherry Run Elementary,5/23/2025,60108,Chicken Tenders Sub(Sandwich),0,0,0,5,5,0,5,$6.20,0,0.00%,$0.00,$6.20,0,0.00%,$0.00,$6.20,,,,
Chesterbrook Elementary,5/23/2025,10044,Soft Pretzel(1 pretzel),10,0,10,54,54,0,54,$11.88,0,0.00%,$0.00,$11.88,0,0.00%,$0.00,$11.88,,,,
Chesterbrook Elementary,5/23/2025,20001,1% White Milk(Each),18,0,18,53,53,0,53,$19.08,0,0.00%,$0.00,$19.08,0,0.00%,$0.00,$19.08,,,,
Chesterbrook Elementary,5/23/2025,20002,Fat Free Chocolate Milk(Each),107,0,107,50,50,0,50,$17.50,0,0.00%,$0.00,$17.50,0,0.00%,$0.00,$17.50,,,,
Chesterbrook Elementary,5/23/2025,20011,Cherry Tomatoes(1/4 cup),45,0,45,40,40,0,40,$14.80,0,0.00%,$0.00,$14.80,0,0.00%,$0.00,$14.80,,,,
Chesterbrook Elementary,5/23/2025,20014,Red Delicious Apple(Each - serving),0,0,0,120,120,0,120,$39.60,0,0.00%,$0.00,$39.60,0,0.00%,$0.00,$39.60,,,,
Chesterbrook Elementary,5/23/2025,20018,Red Seedless Grapes(8 grapes per 1/4 cup),37,2,39,80,80,0,80,$20.80,0,0.00%,$0.00,$20.80,0,0.00%,$0.00,$20.80,,,,
Chesterbrook Elementary,5/23/2025,20023,Baby Carrots(3 baby carrots per 1/4 cup),0,0,0,40,40,0,40,$3.60,0,0.00%,$0.00,$3.60,0,0.00%,$0.00,$3.60,,,,
Chesterbrook Elementary,5/23/2025,20028,Lettuce Blend Salad Mix(1/2 cup),48,0,48,40,40,0,40,$3.20,0,0.00%,$0.00,$3.20,0,0.00%,$0.00,$3.20,,,,
Chesterbrook Elementary,5/23/2025,20038,Fat Free White Milk(Each),3,0,3,125,125,0,125,$41.25,0,0.00%,$0.00,$41.25,0,0.00%,$0.00,$41.25,,,,
Chesterbrook Elementary,5/23/2025,30024,Black Beans(1/2 Cup),10,0,10,3,3,0,3,$0.51,0,0.00%,$0.00,$0.51,0,0.00%,$0.00,$0.51,,,,
Chesterbrook Elementary,5/23/2025,30045,Watermelon Flavored Dried Cranberries(Each),10,0,10,60,60,0,60,$14.40,0,0.00%,$0.00,$14.40,0,0.00%,$0.00,$14.40,,,,
Chesterbrook Elementary,5/23/2025,30061,Chilled Mandarin Oranges(1/2 cup (drained)),2,0,2,3,3,0,3,$1.02,0,0.00%,$0.00,$1.02,0,0.00%,$0.00,$1.02,,,,
Chesterbrook Elementary,5/23/2025,30077,Italian Dressing(1 ounce),7,0,7,12,12,0,12,$0.96,0,0.00%,$0.00,$0.96,0,0.00%,$0.00,$0.96,,,,
Chesterbrook Elementary,5/23/2025,30099,Chickpeas(1/4 cup),16,0,16,40,40,0,40,$3.60,0,0.00%,$0.00,$3.60,0,0.00%,$0.00,$3.60,,,,
Chesterbrook Elementary,5/23/2025,30107,Ranch Dressing(1 ounce),22,0,22,24,24,0,24,$2.64,0,0.00%,$0.00,$2.64,0,0.00%,$0.00,$2.64,,,,
Chesterbrook Elementary,5/23/2025,60035,PB&J Power Pack(Power Packs),35,0,35,37,37,0,37,$39.96,0,0.00%,$0.00,$39.96,0,0.00%,$0.00,$39.96,,,,
Chesterbrook Elementary,5/23/2025,60037,Strawberry & Banana Yogurt Power Pack(Power Packs),11,0,11,3,3,0,3,$2.40,0,0.00%,$0.00,$2.40,0,0.00%,$0.00,$2.40,,,,
Chesterbrook Elementary,5/23/2025,60041,Turkey Pepperoni Pizza(Slice),63,4,67,54,53,0,53,$36.04,0,0.00%,$0.00,$36.04,1,1.85%,$0.68,$36.72,,,,
Chesterbrook Elementary,5/23/2025,60077,Manager's Vegetable Choice(1/4 cup),43,0,43,40,40,0,40,$0.00,0,0.00%,$0.00,$0.00,0,0.00%,$0.00,$0.00,,,,
Chesterbrook Elementary,5/23/2025,60080,Cheese Pizza(Slice),103,0,103,170,168,0,168,$95.76,0,0.00%,$0.00,$95.76,2,1.18%,$1.14,$96.90,,,,
Churchill Road Elementary,5/23/2025,10044,Soft Pretzel(1 pretzel),15,0,15,60,56,0,56,$12.32,0,0.00%,$0.00,$12.32,4,6.67%,$0.88,$13.20,,,,
Churchill Road Elementary,5/23/2025,10075,Cheese Pizza(Slice),106,0,106,115,115,0,115,$65.55,0,0.00%,$0.00,$65.55,0,0.00%,$0.00,$65.55,,,,
Churchill Road Elementary,5/23/2025,20001,1% White Milk(Each),23,0,23,50,9,0,9,$3.24,0,0.00%,$0.00,$3.24,41,82.00%,$14.76,$18.00,,,,
Churchill Road Elementary,5/23/2025,20002,Fat Free Chocolate Milk(Each),143,0,143,250,245,0,245,$85.75,0,0.00%,$0.00,$85.75,5,2.00%,$1.75,$87.50,,,,
Churchill Road Elementary,5/23/2025,20008,Apple Slices(3 slices per 1/4 cup),0,0,0,64,64,0,64,$37.76,0,0.00%,$0.00,$37.76,0,0.00%,$0.00,$37.76,,,,
Churchill Road Elementary,5/23/2025,20011,Cherry Tomatoes(1/4 cup),52,0,52,72,72,0,72,$26.64,0,0.00%,$0.00,$26.64,0,0.00%,$0.00,$26.64,,,,
Churchill Road Elementary,5/23/2025,20012,Grape Tomatoes(1/4 cup),0,0,0,72,72,0,72,$18.72,0,0.00%,$0.00,$18.72,0,0.00%,$0.00,$18.72,,,,
Churchill Road Elementary,5/23/2025,20018,Red Seedless Grapes(8 grapes per 1/4 cup),127,0,127,120,120,0,120,$31.20,0,0.00%,$0.00,$31.20,0,0.00%,$0.00,$31.20,,,,
Churchill Road Elementary,5/23/2025,20023,Baby Carrots(3 baby carrots per 1/4 cup),0,0,0,48,40,0,40,$3.60,0,0.00%,$0.00,$3.60,8,16.67%,$0.72,$4.32,,,,
Churchill Road Elementary,5/23/2025,20028,Lettuce Blend Salad Mix(1/2 cup),80,0,80,80,68,0,68,$5.44,12,15.00%,$0.96,$6.40,0,0.00%,$0.00,$6.40,,,,
Churchill Road Elementary,5/23/2025,20031,Banana(Each),0,0,0,75,75,0,75,$15.75,0,0.00%,$0.00,$15.75,0,0.00%,$0.00,$15.75,,,,
Churchill Road Elementary,5/23/2025,20038,Fat Free White Milk(Each),17,0,17,10,8,0,8,$2.64,0,0.00%,$0.00,$2.64,2,20.00%,$0.66,$3.30,,,,
Churchill Road Elementary,5/23/2025,30045,Watermelon Flavored Dried Cranberries(Each),31,0,31,40,28,0,28,$6.72,0,0.00%,$0.00,$6.72,12,30.00%,$2.88,$9.60,,,,
Churchill Road Elementary,5/23/2025,30077,Italian Dressing(1 ounce),29,0,29,24,12,0,12,$0.96,0,0.00%,$0.00,$0.96,12,50.00%,$0.96,$1.92,,,,
Churchill Road Elementary,5/23/2025,30107,Ranch Dressing(1 ounce),78,0,78,48,48,0,48,$5.28,0,0.00%,$0.00,$5.28,0,0.00%,$0.00,$5.28,,,,
Churchill Road Elementary,5/23/2025,60035,PB&J Power Pack(Power Packs),39,0,39,40,38,0,38,$41.04,0,0.00%,$0.00,$41.04,2,5.00%,$2.16,$43.20,,,,
Churchill Road Elementary,5/23/2025,60037,Strawberry & Banana Yogurt Power Pack(Power Packs),15,0,15,16,16,0,16,$12.80,0,0.00%,$0.00,$12.80,0,0.00%,$0.00,$12.80,,,,
Churchill Road Elementary,5/23/2025,60041,Turkey Pepperoni Pizza(Slice),148,0,148,75,72,0,72,$48.96,0,0.00%,$0.00,$48.96,3,4.00%,$2.04,$51.00,,,,
Churchill Road Elementary,5/23/2025,60047,Chicken Tenders(3 tenders),0,0,0,20,20,0,20,$18.80,0,0.00%,$0.00,$18.80,0,0.00%,$0.00,$18.80,,,,
Churchill Road Elementary,5/23/2025,60070,Nachos with Taco Meat and Cheese Sauce(Serving Size),0,0,0,15,10,0,10,$8.00,0,0.00%,$0.00,$8.00,5,33.33%,$4.00,$12.00,,,,
Churchill Road Elementary,5/23/2025,60100,Black Beans - salad bar entree(1/2 cup),0,0,0,48,18,0,18,$3.06,30,62.50%,$5.10,$8.16,0,0.00%,$0.00,$8.16,,,,
Clearview Elementary,5/23/2025,10044,Soft Pretzel(1 pretzel),18,0,18,21,21,0,21,$4.62,0,0.00%,$0.00,$4.62,0,0.00%,$0.00,$4.62,,,,
Clearview Elementary,5/23/2025,10062,Corn(1/2 cup (cooked)),0,0,0,86,82,4,86,$18.06,0,0.00%,$0.00,$18.06,0,0.00%,$0.00,$18.06,,,,
Clearview Elementary,5/23/2025,10075,Cheese Pizza(Slice),9,0,9,15,15,0,15,$8.55,0,0.00%,$0.00,$8.55,0,0.00%,$0.00,$8.55,,,,
Clearview Elementary,5/23/2025,20001,1% White Milk(Each),99,3,102,251,92,0,92,$33.12,0,0.00%,$0.00,$33.12,159,63.35%,$57.24,$90.36,,,,
Clearview Elementary,5/23/2025,20002,Fat Free Chocolate Milk(Each),249,0,249,304,276,0,276,$96.60,0,0.00%,$0.00,$96.60,28,9.21%,$9.80,$106.40,,,,
Clearview Elementary,5/23/2025,20008,Apple Slices(6 Slices per 1/2 cup),0,0,0,150,144,2,146,$172.28,4,2.67%,$4.72,$177.00,0,0.00%,$0.00,$177.00,,,,
Clearview Elementary,5/23/2025,20011,Cherry Tomatoes(6 Tomatoes per 1/2 cup),151,2,153,85,83,2,85,$62.90,0,0.00%,$0.00,$62.90,0,0.00%,$0.00,$62.90,,,,
Clearview Elementary,5/23/2025,20016,String Cheese(Each),2,0,2,0,0,0,0,$0.00,0,0.00%,$0.00,$0.00,0,0.00%,$0.00,$0.00,,,,
Clearview Elementary,5/23/2025,20017,Orange(6 Slices per 1/2 cup),0,0,0,300,285,4,289,$98.26,11,3.67%,$3.74,$102.00,0,0.00%,$0.00,$102.00,,,,
Clearview Elementary,5/23/2025,20023,Baby Carrots(6 Baby Carrots per 1/2 cup),0,0,0,144,144,0,144,$24.48,0,0.00%,$0.00,$24.48,0,0.00%,$0.00,$24.48,,,,
Clearview Elementary,5/23/2025,20027,Broccoli Florets(6 Pieces per 1/2 cup),0,0,0,100,100,0,100,$15.00,0,0.00%,$0.00,$15.00,0,0.00%,$0.00,$15.00,,,,
Clearview Elementary,5/23/2025,20028,Lettuce Blend Salad Mix(1/2 cup),96,2,98,120,103,7,110,$8.80,10,8.33%,$0.80,$9.60,0,0.00%,$0.00,$9.60,,,,
Clearview Elementary,5/23/2025,20031,Banana(Each),0,0,0,47,43,4,47,$9.87,0,0.00%,$0.00,$9.87,0,0.00%,$0.00,$9.87,,,,
Clearview Elementary,5/23/2025,20038,Fat Free White Milk(Each),2,0,2,51,0,0,0,$0.00,0,0.00%,$0.00,$0.00,51,100.00%,$0.00,$0.00,,,,
Clearview Elementary,5/23/2025,20043,"Lactose Free, White Milk(Each)",0,0,0,5,5,0,5,$2.90,0,0.00%,$0.00,$2.90,0,0.00%,$0.00,$2.90,,,,
Clearview Elementary,5/23/2025,20052,Assorted  4 oz Yogurt(Container),2,0,2,1,1,0,1,$0.00,0,0.00%,$0.00,$0.00,0,0.00%,$0.00,$0.00,,,,
Clearview Elementary,5/23/2025,30031,Strawberry Chex Mix(Package),0,0,0,1,1,0,1,$0.45,0,0.00%,$0.00,$0.45,0,0.00%,$0.00,$0.45,,,,
Clearview Elementary,5/23/2025,30033,Cheez-Its Crackers(Package),0,0,0,7,7,0,7,$1.26,0,0.00%,$0.00,$1.26,0,0.00%,$0.00,$1.26,,,,
Clearview Elementary,5/23/2025,30034,Graham Crackers(Package),0,0,0,33,33,0,33,$4.62,0,0.00%,$0.00,$4.62,0,0.00%,$0.00,$4.62,,,,
Clearview Elementary,5/23/2025,30044,Strawberry Flavored Dried Cranberries(Each),79,2,81,100,85,0,85,$20.40,0,0.00%,$0.00,$20.40,15,15.00%,$3.60,$24.00,,,,
Clearview Elementary,5/23/2025,30048,Apple Cinnamon Spread(Each),0,0,0,33,33,0,33,$14.85,0,0.00%,$0.00,$14.85,0,0.00%,$0.00,$14.85,,,,
Clearview Elementary,5/23/2025,30061,Chilled Mandarin Oranges(1/2 cup (drained)),56,3,59,66,66,0,66,$22.44,0,0.00%,$0.00,$22.44,0,0.00%,$0.00,$22.44,,,,
Clearview Elementary,5/23/2025,30061,Chilled Mandarin Oranges(1/4 cup (drained)),22,0,22,20,16,4,20,$3.40,0,0.00%,$0.00,$3.40,0,0.00%,$0.00,$3.40,,,,
Clearview Elementary,5/23/2025,30077,Italian Dressing(1 ounce),20,0,20,24,13,0,13,$1.04,11,45.83%,$0.88,$1.92,0,0.00%,$0.00,$1.92,,,,
Clearview Elementary,5/23/2025,30092,Roasted Sunflower Seeds(Package),0,0,0,67,67,0,67,$20.77,0,0.00%,$0.00,$20.77,0,0.00%,$0.00,$20.77,,,,
Clearview Elementary,5/23/2025,30097,Bottled Water(Bottle),7,0,7,7,7,0,7,$1.12,0,0.00%,$0.00,$1.12,0,0.00%,$0.00,$1.12,,,,
Clearview Elementary,5/23/2025,30107,Ranch Dressing(1 ounce),41,0,41,48,41,0,41,$4.51,7,14.58%,$0.77,$5.28,0,0.00%,$0.00,$5.28,,,,
Clearview Elementary,5/23/2025,30109,Smartfood RF White Cheddar Popcorn(Each),0,0,0,49,49,0,49,$18.13,0,0.00%,$0.00,$18.13,0,0.00%,$0.00,$18.13,,,,
Clearview Elementary,5/23/2025,30188,"Milk, Soy, Plain, Bulk (12/32 oz)(1 cup)",0,0,0,1,1,0,1,$0.79,0,0.00%,$0.00,$0.79,0,0.00%,$0.00,$0.79,,,,
Clearview Elementary,5/23/2025,60035,PB&J Power Pack(Power Packs),47,0,47,51,51,0,51,$55.08,0,0.00%,$0.00,$55.08,0,0.00%,$0.00,$55.08,,,,
Clearview Elementary,5/23/2025,60036,Cherry Vanilla Yogurt Power Pack(Power Packs),3,0,3,5,5,0,5,$4.00,0,0.00%,$0.00,$4.00,0,0.00%,$0.00,$4.00,,,,
Clearview Elementary,5/23/2025,60037,Strawberry & Banana Yogurt Power Pack(Power Packs),4,0,4,16,16,0,16,$12.80,0,0.00%,$0.00,$12.80,0,0.00%,$0.00,$12.80,,,,
Clearview Elementary,5/23/2025,60041,Turkey Pepperoni Pizza(Slice),230,5,235,227,217,7,224,$152.32,3,1.32%,$2.04,$154.36,0,0.00%,$0.00,$154.36,,,,
Clearview Elementary,5/23/2025,60080,Cheese Pizza(Slice),127,4,131,154,142,4,146,$83.22,8,5.19%,$4.56,$87.78,0,0.00%,$0.00,$87.78,,,,
Clearview Elementary,5/23/2025,60101,Chickpeas - salad bar entree(1/2 cup),8,2,10,1,1,0,1,$0.18,0,0.00%,$0.00,$0.18,0,0.00%,$0.00,$0.18,,,,
Clearview Elementary,5/23/2025,x30159,Chickpeas(1/2 cup),0,0,0,32,25,0,25,$4.50,7,21.88%,$1.26,$5.76,0,0.00%,$0.00,$5.76,,,,
Clermont Elementary,5/23/2025,10033,Chocolate Chip Cookie(Cookie),0,0,0,27,0,27,27,$0.00,0,0.00%,$0.00,$0.00,0,0.00%,$0.00,$0.00,,,,
Clermont Elementary,5/23/2025,10044,Soft Pretzel(1 pretzel),53,0,53,23,2,18,20,$4.40,0,0.00%,$0.00,$4.40,3,13.04%,$0.66,$5.06,,,,
Clermont Elementary,5/23/2025,10062,Corn(1/2 cup (thawed)),0,0,0,64,48,0,48,$10.08,0,0.00%,$0.00,$10.08,16,25.00%,$3.36,$13.44,,,,
Clermont Elementary,5/23/2025,10075,Cheese Pizza(Slice),156,0,156,138,114,17,131,$74.67,7,5.07%,$3.99,$78.66,0,0.00%,$0.00,$78.66,,,,
Clermont Elementary,5/23/2025,20001,1% White Milk(Each),22,0,22,97,27,0,27,$9.72,0,0.00%,$0.00,$9.72,70,72.16%,$25.20,$34.92,,,,
Clermont Elementary,5/23/2025,20002,Fat Free Chocolate Milk(Each),147,0,147,209,170,0,170,$59.50,0,0.00%,$0.00,$59.50,39,18.66%,$13.65,$73.15,,,,
Clermont Elementary,5/23/2025,20015,Golden Delicious Apple(Each),0,0,0,125,86,0,86,$26.66,0,0.00%,$0.00,$26.66,39,31.20%,$12.09,$38.75,,,,
Clermont Elementary,5/23/2025,20017,Orange(6 Slices per 1/2 cup),0,0,0,85,68,0,68,$23.12,0,0.00%,$0.00,$23.12,17,20.00%,$5.78,$28.90,,,,
Clermont Elementary,5/23/2025,20027,Broccoli Florets(6 Pieces per 1/2 cup),0,0,0,21,11,0,11,$1.65,0,0.00%,$0.00,$1.65,10,47.62%,$1.50,$3.15,,,,
Clermont Elementary,5/23/2025,20028,Lettuce Blend Salad Mix(1 cup),38,0,38,40,37,0,37,$5.92,0,0.00%,$0.00,$5.92,3,7.50%,$0.48,$6.40,,,,
Clermont Elementary,5/23/2025,20033,Peach Yogurt(Container),0,0,0,13,10,0,10,$3.50,0,0.00%,$0.00,$3.50,3,23.08%,$1.05,$4.55,,,,
Clermont Elementary,5/23/2025,20038,Fat Free White Milk(Each),9,0,9,62,11,0,11,$3.63,0,0.00%,$0.00,$3.63,51,82.26%,$16.83,$20.46,,,,
Clermont Elementary,5/23/2025,30024,Black Beans(1/2 Cup),0,0,0,16,16,0,16,$2.72,0,0.00%,$0.00,$2.72,0,0.00%,$0.00,$2.72,,,,
Clermont Elementary,5/23/2025,30044,Strawberry Flavored Dried Cranberries(Each),31,0,31,45,41,0,41,$9.84,0,0.00%,$0.00,$9.84,4,8.89%,$0.96,$10.80,,,,
Clermont Elementary,5/23/2025,30063,Ketchup Packet(Packet),0,0,0,120,100,0,100,$3.00,0,0.00%,$0.00,$3.00,20,16.67%,$0.60,$3.60,,,,
Clermont Elementary,5/23/2025,30077,Italian Dressing(1 ounce),10,0,10,24,21,0,21,$1.68,3,12.50%,$0.24,$1.92,0,0.00%,$0.00,$1.92,,,,
Clermont Elementary,5/23/2025,30097,Bottled Water(Bottle),10,0,10,12,0,10,10,$0.00,0,0.00%,$0.00,$0.00,2,16.67%,$0.00,$0.00,,,,
Clermont Elementary,5/23/2025,30107,Ranch Dressing(1 ounce),37,0,37,18,18,0,18,$1.98,0,0.00%,$0.00,$1.98,0,0.00%,$0.00,$1.98,,,,
Clermont Elementary,5/23/2025,60009,"Sandwich, Turkey & Cheese(sandwich)",0,0,0,7,7,0,7,$4.83,0,0.00%,$0.00,$4.83,0,0.00%,$0.00,$4.83,,,,
Clermont Elementary,5/23/2025,60035,PB&J Power Pack(Power Packs),39,0,39,71,59,9,68,$73.44,0,0.00%,$0.00,$73.44,3,4.23%,$3.24,$76.68,,,,
Clermont Elementary,5/23/2025,60041,Turkey Pepperoni Pizza(Slice),84,0,84,60,54,4,58,$39.44,2,3.33%,$1.36,$40.80,0,0.00%,$0.00,$40.80,,,,
Clermont Elementary,5/23/2025,60100,Black Beans - salad bar entree(1/2 cup),0,0,0,5,2,0,2,$0.34,0,0.00%,$0.00,$0.34,3,60.00%,$0.51,$0.85,,,,
Clermont Elementary,5/23/2025,60121,"Sauce, Spicy Mayo(tbsp)",0,0,0,5,5,0,5,$0.45,0,0.00%,$0.00,$0.45,0,0.00%,$0.00,$0.45,,,,
Coates Elementary,5/23/2025,10044,Soft Pretzel(1 pretzel),6,0,6,15,12,0,12,$2.64,0,0.00%,$0.00,$2.64,3,20.00%,$0.66,$3.30,,,,
Coates Elementary,5/23/2025,10062,Corn(1/2 cup (cooked)),0,0,0,192,128,0,128,$26.88,0,0.00%,$0.00,$26.88,64,33.33%,$13.44,$40.32,,,,
Coates Elementary,5/23/2025,10075,Cheese Pizza(Slice),420,0,420,451,436,0,436,$248.52,0,0.00%,$0.00,$248.52,15,3.33%,$8.55,$257.07,,,,
Coates Elementary,5/23/2025,20001,1% White Milk(Each),47,0,47,409,50,0,50,$18.00,0,0.00%,$0.00,$18.00,359,87.78%,$129.24,$147.24,,,,
Coates Elementary,5/23/2025,20002,Fat Free Chocolate Milk(Each),390,0,390,589,376,0,376,$131.60,0,0.00%,$0.00,$131.60,213,36.16%,$74.55,$206.15,,,,
Coates Elementary,5/23/2025,20017,Orange(1/4 cup),0,0,0,612,578,0,578,$98.26,0,0.00%,$0.00,$98.26,34,5.56%,$5.78,$104.04,,,,
Coates Elementary,5/23/2025,20023,Baby Carrots(3 baby carrots per 1/4 cup),0,0,0,192,168,0,168,$15.12,0,0.00%,$0.00,$15.12,24,12.50%,$2.16,$17.28,,,,
Coates Elementary,5/23/2025,20028,Lettuce Blend Salad Mix(1/2 cup),325,0,325,400,360,0,360,$28.80,0,0.00%,$0.00,$28.80,40,10.00%,$3.20,$32.00,,,,
Coates Elementary,5/23/2025,20036,Celery Sticks(1/2 cup),0,0,0,24,24,0,24,$13.20,0,0.00%,$0.00,$13.20,0,0.00%,$0.00,$13.20,,,,
Coates Elementary,5/23/2025,20038,Fat Free White Milk(Each),30,0,30,344,29,0,29,$9.57,0,0.00%,$0.00,$9.57,315,91.57%,$103.95,$113.52,,,,
Coates Elementary,5/23/2025,30039,Cherry Flavored Dried Cranberries(Each),310,0,310,223,210,0,210,$50.40,0,0.00%,$0.00,$50.40,13,5.83%,$3.12,$53.52,,,,
Coates Elementary,5/23/2025,30061,Chilled Mandarin Oranges(1/4 cup (drained)),579,0,579,576,542,0,542,$92.14,0,0.00%,$0.00,$92.14,34,5.90%,$5.78,$97.92,,,,
Coates Elementary,5/23/2025,30077,Italian Dressing(1 ounce),12,0,12,24,12,0,12,$0.96,0,0.00%,$0.00,$0.96,12,50.00%,$0.96,$1.92,,,,
Coates Elementary,5/23/2025,30099,Chickpeas(1/4 cup),43,0,43,64,64,0,64,$5.76,0,0.00%,$0.00,$5.76,0,0.00%,$0.00,$5.76,,,,
Coates Elementary,5/23/2025,30107,Ranch Dressing(1 ounce),84,0,84,72,60,0,60,$6.60,0,0.00%,$0.00,$6.60,12,16.67%,$1.32,$7.92,,,,
Coates Elementary,5/23/2025,60035,PB&J Power Pack(Power Packs),91,0,91,90,86,0,86,$92.88,0,0.00%,$0.00,$92.88,4,4.44%,$4.32,$97.20,,,,
Coates Elementary,5/23/2025,60036,Cherry Vanilla Yogurt Power Pack(Power Packs),66,0,66,75,65,0,65,$52.00,0,0.00%,$0.00,$52.00,10,13.33%,$8.00,$60.00,,,,
Coates Elementary,5/23/2025,60041,Turkey Pepperoni Pizza(Slice),169,0,169,180,180,0,180,$122.40,0,0.00%,$0.00,$122.40,0,0.00%,$0.00,$122.40,,,,
Coates Elementary,5/23/2025,60101,Chickpeas - salad bar entree(1/2 cup),38,0,38,62,62,0,62,$11.16,0,0.00%,$0.00,$11.16,0,0.00%,$0.00,$11.16,,,,
Colin Powell Elementary,5/23/2025,10062,Corn(1/2 cup (cooked)),0,0,0,64,59,0,59,$12.39,0,0.00%,$0.00,$12.39,5,7.81%,$1.05,$13.44,,,,
Colin Powell Elementary,5/23/2025,20001,1% White Milk(Each),102,0,102,64,43,0,43,$15.48,0,0.00%,$0.00,$15.48,21,32.81%,$7.56,$23.04,,,,
Colin Powell Elementary,5/23/2025,20002,Fat Free Chocolate Milk(Each),209,0,209,682,244,0,244,$85.40,0,0.00%,$0.00,$85.40,438,64.22%,$153.30,$238.70,,,,
Colin Powell Elementary,5/23/2025,20015,Golden Delicious Apple(Each),175,0,175,291,261,0,261,$80.91,0,0.00%,$0.00,$80.91,30,10.31%,$9.30,$90.21,,,,
Colin Powell Elementary,5/23/2025,20016,String Cheese(Each),5,0,5,10,10,0,10,$2.20,0,0.00%,$0.00,$2.20,0,0.00%,$0.00,$2.20,,,,
Colin Powell Elementary,5/23/2025,20018,Red Seedless Grapes(8 grapes per 1/4 cup),225,0,225,322,299,0,299,$77.74,0,0.00%,$0.00,$77.74,23,7.14%,$5.98,$83.72,,,,
Colin Powell Elementary,5/23/2025,20028,Lettuce Blend Salad Mix(1/2 cup),141,0,141,140,134,0,134,$10.72,0,0.00%,$0.00,$10.72,6,4.29%,$0.48,$11.20,,,,
Colin Powell Elementary,5/23/2025,20036,Celery Sticks(1/2 cup),0,0,0,92,54,0,54,$29.70,0,0.00%,$0.00,$29.70,38,41.30%,$20.90,$50.60,,,,
Colin Powell Elementary,5/23/2025,20038,Fat Free White Milk(Each),48,0,48,76,20,0,20,$6.60,0,0.00%,$0.00,$6.60,56,73.68%,$18.48,$25.08,,,,
Colin Powell Elementary,5/23/2025,20052,Assorted  4 oz Yogurt(Container),5,0,5,11,11,0,11,$0.00,0,0.00%,$0.00,$0.00,0,0.00%,$0.00,$0.00,,,,
Colin Powell Elementary,5/23/2025,30008,Apple Juice(Each),15,0,15,20,20,0,20,$3.40,0,0.00%,$0.00,$3.40,0,0.00%,$0.00,$3.40,,,,
Colin Powell Elementary,5/23/2025,30009,Orange Tangerine Juice(Each),15,0,15,20,20,0,20,$3.40,0,0.00%,$0.00,$3.40,0,0.00%,$0.00,$3.40,,,,
Colin Powell Elementary,5/23/2025,30031,Strawberry Chex Mix(Package),20,0,20,14,14,0,14,$6.30,0,0.00%,$0.00,$6.30,0,0.00%,$0.00,$6.30,,,,
Colin Powell Elementary,5/23/2025,30033,Cheez-Its Crackers(Package),20,0,20,56,56,0,56,$10.08,0,0.00%,$0.00,$10.08,0,0.00%,$0.00,$10.08,,,,
Colin Powell Elementary,5/23/2025,30041,Orange Flavored Dried Cranberries(Each),29,0,29,30,27,0,27,$6.48,0,0.00%,$0.00,$6.48,3,10.00%,$0.72,$7.20,,,,
Colin Powell Elementary,5/23/2025,30046,Granola(1/4 cup),0,0,0,50,43,0,43,$9.89,0,0.00%,$0.00,$9.89,7,14.00%,$1.61,$11.50,,,,
Colin Powell Elementary,5/23/2025,30061,Chilled Mandarin Oranges(1/2 cup (drained)),13,0,13,13,13,0,13,$4.42,0,0.00%,$0.00,$4.42,0,0.00%,$0.00,$4.42,,,,
Colin Powell Elementary,5/23/2025,30077,Italian Dressing(1 ounce),54,0,54,150,140,0,140,$11.20,0,0.00%,$0.00,$11.20,10,6.67%,$0.80,$12.00,,,,
Colin Powell Elementary,5/23/2025,30097,Bottled Water(Bottle),10,0,10,25,25,0,25,$4.00,0,0.00%,$0.00,$4.00,0,0.00%,$0.00,$4.00,,,,
Colin Powell Elementary,5/23/2025,30099,Chickpeas(1/4 cup),15,0,15,15,13,0,13,$1.17,0,0.00%,$0.00,$1.17,2,13.33%,$0.18,$1.35,,,,
Colin Powell Elementary,5/23/2025,30107,Ranch Dressing(1 ounce),163,0,163,50,50,0,50,$5.50,0,0.00%,$0.00,$5.50,0,0.00%,$0.00,$5.50,,,,
Colin Powell Elementary,5/23/2025,60035,PB&J Power Pack(Power Packs),30,0,30,30,29,0,29,$31.32,0,0.00%,$0.00,$31.32,1,3.33%,$1.08,$32.40,,,,
Colin Powell Elementary,5/23/2025,60036,Cherry Vanilla Yogurt Power Pack(Power Packs),27,0,27,22,22,0,22,$17.60,0,0.00%,$0.00,$17.60,0,0.00%,$0.00,$17.60,,,,
Colin Powell Elementary,5/23/2025,60037,Strawberry & Banana Yogurt Power Pack(Power Packs),25,0,25,25,23,0,23,$18.40,0,0.00%,$0.00,$18.40,2,8.00%,$1.60,$20.00,,,,
Colin Powell Elementary,5/23/2025,60041,Turkey Pepperoni Pizza(Slice),151,0,151,146,144,2,146,$99.28,0,0.00%,$0.00,$99.28,0,0.00%,$0.00,$99.28,,,,
Colin Powell Elementary,5/23/2025,60054,Steamed Broccoli(1/2 cup),0,0,0,13,13,0,13,$1.95,0,0.00%,$0.00,$1.95,0,0.00%,$0.00,$1.95,,,,
Colin Powell Elementary,5/23/2025,60077,Manager's Vegetable Choice(1/4 cup),95,0,95,144,140,0,140,$0.00,0,0.00%,$0.00,$0.00,4,2.78%,$0.00,$0.00,,,,
Colin Powell Elementary,5/23/2025,60080,Cheese Pizza(Slice),222,0,222,245,241,0,241,$137.37,0,0.00%,$0.00,$137.37,4,1.63%,$2.28,$139.65,,,,
Colin Powell Elementary,5/23/2025,60150,Strawberry Parfait Power Pack(Power Pack),2,0,2,2,2,0,2,$3.26,0,0.00%,$0.00,$3.26,0,0.00%,$0.00,$3.26,,,,
Columbia Elementary,5/23/2025,10026,Chickenless Bites(2 Bites),0,0,0,50,40,0,40,$14.40,10,20.00%,$3.60,$18.00,0,0.00%,$0.00,$18.00,,,,
Columbia Elementary,5/23/2025,10044,Soft Pretzel(1 pretzel),5,0,5,5,0,0,0,$0.00,0,0.00%,$0.00,$0.00,5,100.00%,$0.00,$0.00,,,,
Columbia Elementary,5/23/2025,10074,"Frozen Berry, Triple Berry Blend(1/2 cup (thawed))",0,0,0,80,65,0,65,$1.95,0,0.00%,$0.00,$1.95,15,18.75%,$0.45,$2.40,,,,
Columbia Elementary,5/23/2025,20001,1% White Milk(Each),51,0,51,66,59,0,59,$21.24,2,3.03%,$0.72,$21.96,5,7.58%,$1.80,$23.76,,,,
Columbia Elementary,5/23/2025,20002,Fat Free Chocolate Milk(Each),91,0,91,100,88,0,88,$30.80,0,0.00%,$0.00,$30.80,12,12.00%,$4.20,$35.00,,,,
Columbia Elementary,5/23/2025,20011,Cherry Tomatoes(1/4 cup),75,0,75,75,70,0,70,$25.90,0,0.00%,$0.00,$25.90,5,6.67%,$1.85,$27.75,,,,
Columbia Elementary,5/23/2025,20016,String Cheese(Each),0,0,0,5,0,1,1,$0.00,0,0.00%,$0.00,$0.00,4,80.00%,$0.00,$0.00,,,,
Columbia Elementary,5/23/2025,20028,Lettuce Blend Salad Mix(1/2 cup),75,0,75,100,95,0,95,$7.60,0,0.00%,$0.00,$7.60,5,5.00%,$0.40,$8.00,,,,
Columbia Elementary,5/23/2025,20031,Banana(Each),0,0,0,60,59,0,59,$12.39,0,0.00%,$0.00,$12.39,1,1.67%,$0.21,$12.60,,,,
Columbia Elementary,5/23/2025,20038,Fat Free White Milk(Each),34,0,34,50,36,0,36,$11.88,0,0.00%,$0.00,$11.88,14,28.00%,$4.62,$16.50,,,,
Columbia Elementary,5/23/2025,20047,Orange Slices(3 slices per 1/4 cup),0,0,0,50,49,0,49,$9.80,0,0.00%,$0.00,$9.80,1,2.00%,$0.20,$10.00,,,,
Columbia Elementary,5/23/2025,20052,Assorted  4 oz Yogurt(Container),0,0,0,0,0,0,0,$0.00,0,0.00%,$0.00,$0.00,0,0.00%,$0.00,$0.00,,,,
Columbia Elementary,5/23/2025,30008,Apple Juice(Each),0,0,0,0,0,0,0,$0.00,0,0.00%,$0.00,$0.00,0,0.00%,$0.00,$0.00,,,,
Columbia Elementary,5/23/2025,30009,Orange Tangerine Juice(Each),0,0,0,0,0,0,0,$0.00,0,0.00%,$0.00,$0.00,0,0.00%,$0.00,$0.00,,,,
Columbia Elementary,5/23/2025,30014,Whole Wheat Dinner Roll(2 rolls),0,0,0,50,40,0,40,$11.20,10,20.00%,$2.80,$14.00,0,0.00%,$0.00,$14.00,,,,
Columbia Elementary,5/23/2025,30024,Black Beans(1/2 Cup),16,0,16,16,14,0,14,$2.38,2,12.50%,$0.34,$2.72,0,0.00%,$0.00,$2.72,,,,
Columbia Elementary,5/23/2025,30031,Strawberry Chex Mix(Package),0,0,0,20,0,15,15,$0.00,0,0.00%,$0.00,$0.00,5,25.00%,$0.00,$0.00,,,,
Columbia Elementary,5/23/2025,30039,Cherry Flavored Dried Cranberries(Each),0,0,0,0,0,0,0,$0.00,0,0.00%,$0.00,$0.00,0,0.00%,$0.00,$0.00,,,,
Columbia Elementary,5/23/2025,30041,Orange Flavored Dried Cranberries(Each),0,0,0,50,38,0,38,$9.12,0,0.00%,$0.00,$9.12,12,24.00%,$2.88,$12.00,,,,
Columbia Elementary,5/23/2025,30042,Original Flavored Dried Cranberries(Package),0,0,0,0,0,0,0,$0.00,0,0.00%,$0.00,$0.00,0,0.00%,$0.00,$0.00,,,,
Columbia Elementary,5/23/2025,30043,Raspberry Lemonade Flavored Dried Cranberries(Each),0,0,0,0,0,0,0,$0.00,0,0.00%,$0.00,$0.00,0,0.00%,$0.00,$0.00,,,,
Columbia Elementary,5/23/2025,30044,Strawberry Flavored Dried Cranberries(Each),0,0,0,0,0,0,0,$0.00,0,0.00%,$0.00,$0.00,0,0.00%,$0.00,$0.00,,,,
Columbia Elementary,5/23/2025,30045,Watermelon Flavored Dried Cranberries(Each),0,0,0,0,0,0,0,$0.00,0,0.00%,$0.00,$0.00,0,0.00%,$0.00,$0.00,,,,
Columbia Elementary,5/23/2025,30061,Chilled Mandarin Oranges(1/2 cup (drained)),16,0,16,16,14,0,14,$4.76,2,12.50%,$0.68,$5.44,0,0.00%,$0.00,$5.44,,,,
Columbia Elementary,5/23/2025,30068,Chilled Peaches(1/2 cup (drained)),0,0,0,120,95,0,95,$48.45,0,0.00%,$0.00,$48.45,25,20.83%,$12.75,$61.20,,,,
Columbia Elementary,5/23/2025,30077,Italian Dressing(1 ounce),9,0,9,0,0,0,0,$0.00,0,0.00%,$0.00,$0.00,0,0.00%,$0.00,$0.00,,,,
Columbia Elementary,5/23/2025,30097,Bottled Water(Bottle),0,0,0,10,0,4,4,$0.00,0,0.00%,$0.00,$0.00,6,60.00%,$0.00,$0.00,,,,
Columbia Elementary,5/23/2025,30099,Chickpeas(1/4 cup),75,0,75,75,60,0,60,$5.40,0,0.00%,$0.00,$5.40,15,20.00%,$1.35,$6.75,,,,
Columbia Elementary,5/23/2025,30107,Ranch Dressing(1 ounce),8,0,8,0,0,0,0,$0.00,0,0.00%,$0.00,$0.00,0,0.00%,$0.00,$0.00,,,,
Columbia Elementary,5/23/2025,60035,PB&J Power Pack(Power Packs),20,0,20,60,50,0,50,$54.00,0,0.00%,$0.00,$54.00,10,16.67%,$10.80,$64.80,,,,
Columbia Elementary,5/23/2025,60036,Cherry Vanilla Yogurt Power Pack(Power Packs),10,0,10,10,1,0,1,$0.80,0,0.00%,$0.00,$0.80,9,90.00%,$7.20,$8.00,,,,
Columbia Elementary,5/23/2025,60037,Strawberry & Banana Yogurt Power Pack(Power Packs),10,0,10,10,3,0,3,$2.40,0,0.00%,$0.00,$2.40,7,70.00%,$5.60,$8.00,,,,
Columbia Elementary,5/23/2025,60038,Peach Yogurt Power Pack(Power Packs),10,0,10,10,3,0,3,$2.40,0,0.00%,$0.00,$2.40,7,70.00%,$5.60,$8.00,,,,
Columbia Elementary,5/23/2025,60041,Turkey Pepperoni Pizza(Slice),65,5,70,50,43,3,46,$31.28,4,8.00%,$2.72,$34.00,0,0.00%,$0.00,$34.00,,,,
Columbia Elementary,5/23/2025,60077,Manager's Vegetable Choice(1/4 cup),75,0,75,75,65,0,65,$0.00,0,0.00%,$0.00,$0.00,10,13.33%,$0.00,$0.00,,,,
Columbia Elementary,5/23/2025,60080,Cheese Pizza(Slice),136,0,136,96,81,0,81,$46.17,15,15.63%,$8.55,$54.72,0,0.00%,$0.00,$54.72,,,,
Columbia Elementary,5/23/2025,60101,Chickpeas - salad bar entree(1/2 cup),5,0,5,5,0,0,0,$0.00,0,0.00%,$0.00,$0.00,5,100.00%,$0.00,$0.00,,,,
Colvin Run Elementary,5/23/2025,10044,Soft Pretzel(1 pretzel),16,0,16,37,4,33,37,$8.14,0,0.00%,$0.00,$8.14,0,0.00%,$0.00,$8.14,,,,
Colvin Run Elementary,5/23/2025,20001,1% White Milk(Each),25,0,25,50,38,0,38,$13.68,0,0.00%,$0.00,$13.68,12,24.00%,$4.32,$18.00,,,,
Colvin Run Elementary,5/23/2025,20002,Fat Free Chocolate Milk(Each),125,0,125,30,14,0,14,$4.90,0,0.00%,$0.00,$4.90,16,53.33%,$5.60,$10.50,,,,
Colvin Run Elementary,5/23/2025,20008,Apple Slices(3 slices per 1/4 cup),0,0,0,60,42,0,42,$24.78,0,0.00%,$0.00,$24.78,18,30.00%,$10.62,$35.40,,,,
Colvin Run Elementary,5/23/2025,20011,Cherry Tomatoes(1/4 cup),135,0,135,140,124,0,124,$45.88,0,0.00%,$0.00,$45.88,16,11.43%,$5.92,$51.80,,,,
Colvin Run Elementary,5/23/2025,20013,Gala Apple(Each),0,0,0,134,134,0,134,$49.58,0,0.00%,$0.00,$49.58,0,0.00%,$0.00,$49.58,,,,
Colvin Run Elementary,5/23/2025,20016,String Cheese(Each),12,0,12,14,14,0,14,$3.08,0,0.00%,$0.00,$3.08,0,0.00%,$0.00,$3.08,,,,
Colvin Run Elementary,5/23/2025,20028,Lettuce Blend Salad Mix(1/2 cup),88,0,88,100,96,0,96,$7.68,4,4.00%,$0.32,$8.00,0,0.00%,$0.00,$8.00,,,,
Colvin Run Elementary,5/23/2025,20038,Fat Free White Milk(Each),14,0,14,200,145,24,169,$55.77,0,0.00%,$0.00,$55.77,31,15.50%,$10.23,$66.00,,,,
Colvin Run Elementary,5/23/2025,20047,Orange Slices(3 slices per 1/4 cup),0,0,0,180,156,0,156,$31.20,0,0.00%,$0.00,$31.20,24,13.33%,$4.80,$36.00,,,,
Colvin Run Elementary,5/23/2025,20052,Assorted  4 oz Yogurt(Container),12,0,12,20,0,20,20,$0.00,0,0.00%,$0.00,$0.00,0,0.00%,$0.00,$0.00,,,,
Colvin Run Elementary,5/23/2025,30033,Cheez-Its Crackers(Package),12,0,12,39,0,39,39,$0.00,0,0.00%,$0.00,$0.00,0,0.00%,$0.00,$0.00,,,,
Colvin Run Elementary,5/23/2025,30045,Watermelon Flavored Dried Cranberries(Each),61,0,61,90,67,12,79,$18.96,0,0.00%,$0.00,$18.96,11,12.22%,$2.64,$21.60,,,,
Colvin Run Elementary,5/23/2025,30077,Italian Dressing(1 ounce),20,0,20,30,15,0,15,$1.20,0,0.00%,$0.00,$1.20,15,50.00%,$1.20,$2.40,,,,
Colvin Run Elementary,5/23/2025,30094,Doritos Wild White Nacho Flavored Tortilla Chips(Bag),0,0,0,50,0,50,50,$0.00,0,0.00%,$0.00,$0.00,0,0.00%,$0.00,$0.00,,,,
Colvin Run Elementary,5/23/2025,30097,Bottled Water(Bottle),12,0,12,14,0,14,14,$0.00,0,0.00%,$0.00,$0.00,0,0.00%,$0.00,$0.00,,,,
Colvin Run Elementary,5/23/2025,30099,Chickpeas(1/4 cup),28,0,28,24,22,0,22,$1.98,2,8.33%,$0.18,$2.16,0,0.00%,$0.00,$2.16,,,,
Colvin Run Elementary,5/23/2025,30107,Ranch Dressing(1 ounce),30,0,30,40,30,0,30,$3.30,0,0.00%,$0.00,$3.30,10,25.00%,$1.10,$4.40,,,,
Colvin Run Elementary,5/23/2025,30109,Smartfood RF White Cheddar Popcorn(Each),12,0,12,63,0,63,63,$0.00,0,0.00%,$0.00,$0.00,0,0.00%,$0.00,$0.00,,,,
Colvin Run Elementary,5/23/2025,60035,PB&J Power Pack(Power Packs),36,0,36,60,31,20,51,$55.08,0,0.00%,$0.00,$55.08,9,15.00%,$9.72,$64.80,,,,
Colvin Run Elementary,5/23/2025,60038,Peach Yogurt Power Pack(Power Packs),7,0,7,3,3,0,3,$2.40,0,0.00%,$0.00,$2.40,0,0.00%,$0.00,$2.40,,,,
Colvin Run Elementary,5/23/2025,60041,Turkey Pepperoni Pizza(Slice),63,0,63,65,45,18,63,$42.84,2,3.08%,$1.36,$44.20,0,0.00%,$0.00,$44.20,,,,
Colvin Run Elementary,5/23/2025,60077,Manager's Vegetable Choice(1/4 cup),127,0,127,150,147,0,147,$0.00,3,2.00%,$0.00,$0.00,0,0.00%,$0.00,$0.00,,,,
Colvin Run Elementary,5/23/2025,60080,Cheese Pizza(Slice),148,0,148,190,134,52,186,$106.02,4,2.11%,$2.28,$108.30,0,0.00%,$0.00,$108.30,,,,
Cooper Middle,5/23/2025,10023,Blueberry Bread(1oz Grain (1/64 Baked Pan)),0,0,0,5,5,0,5,$2.05,0,0.00%,$0.00,$2.05,0,0.00%,$0.00,$2.05,,,,
Cooper Middle,5/23/2025,10033,Chocolate Chip Cookie(Cookie),315,0,315,192,192,0,192,$51.84,0,0.00%,$0.00,$51.84,0,0.00%,$0.00,$51.84,,,,
Cooper Middle,5/23/2025,10044,Soft Pretzel(1 pretzel),15,0,15,10,9,0,9,$1.98,0,0.00%,$0.00,$1.98,1,10.00%,$0.22,$2.20,,,,
Cooper Middle,5/23/2025,10070,Orange Sauce(ounce),30,0,30,15,11,0,11,$1.54,0,0.00%,$0.00,$1.54,4,26.67%,$0.56,$2.10,,,,
Cooper Middle,5/23/2025,10074,"Frozen Berry, Triple Berry Blend(1/2 cup (thawed))",0,0,0,36,36,0,36,$1.08,0,0.00%,$0.00,$1.08,0,0.00%,$0.00,$1.08,,,,
Cooper Middle,5/23/2025,10075,Cheese Pizza(Slice),100,0,100,108,105,0,105,$59.85,0,0.00%,$0.00,$59.85,3,2.78%,$1.71,$61.56,,,,
Cooper Middle,5/23/2025,10096,"Batter, Pumpkin Bread(1oz Grain (1/64 Baked Pan))",0,0,0,29,29,0,29,$11.89,0,0.00%,$0.00,$11.89,0,0.00%,$0.00,$11.89,,,,
Cooper Middle,5/23/2025,20001,1% White Milk(Each),21,0,21,72,16,0,16,$5.76,0,0.00%,$0.00,$5.76,56,77.78%,$20.16,$25.92,,,,
Cooper Middle,5/23/2025,20002,Fat Free Chocolate Milk(Each),120,0,120,434,83,0,83,$29.05,0,0.00%,$0.00,$29.05,351,80.88%,$122.85,$151.90,,,,
Cooper Middle,5/23/2025,20011,Cherry Tomatoes(1/4 cup),86,0,86,72,36,0,36,$13.32,0,0.00%,$0.00,$13.32,36,50.00%,$13.32,$26.64,,,,
Cooper Middle,5/23/2025,20016,String Cheese(Each),8,0,8,10,2,0,2,$0.44,0,0.00%,$0.00,$0.44,8,80.00%,$1.76,$2.20,,,,
Cooper Middle,5/23/2025,20018,Red Seedless Grapes(8 grapes per 1/4 cup),93,0,93,138,138,0,138,$35.88,0,0.00%,$0.00,$35.88,0,0.00%,$0.00,$35.88,,,,
Cooper Middle,5/23/2025,20028,Lettuce Blend Salad Mix(1/2 cup),155,0,155,160,156,0,156,$12.48,4,2.50%,$0.32,$12.80,0,0.00%,$0.00,$12.80,,,,
Cooper Middle,5/23/2025,20030,Sour Cream(2 Tablespoons),53,0,53,50,39,0,39,$5.85,0,0.00%,$0.00,$5.85,11,22.00%,$1.65,$7.50,,,,
Cooper Middle,5/23/2025,20031,Banana(Each),0,0,0,148,67,0,67,$14.07,0,0.00%,$0.00,$14.07,81,54.73%,$17.01,$31.08,,,,
Cooper Middle,5/23/2025,20038,Fat Free White Milk(Each),30,0,30,38,15,0,15,$4.95,0,0.00%,$0.00,$4.95,23,60.53%,$7.59,$12.54,,,,
Cooper Middle,5/23/2025,20047,Orange Slices(3 slices per 1/4 cup),0,0,0,102,101,0,101,$20.20,1,0.98%,$0.20,$20.40,0,0.00%,$0.00,$20.40,,,,
Cooper Middle,5/23/2025,20052,Assorted  4 oz Yogurt(Container),3,0,3,6,5,0,5,$0.00,0,0.00%,$0.00,$0.00,1,16.67%,$0.00,$0.00,,,,
Cooper Middle,5/23/2025,30008,Apple Juice(Each),87,0,87,136,116,0,116,$19.72,0,0.00%,$0.00,$19.72,20,14.71%,$3.40,$23.12,,,,
Cooper Middle,5/23/2025,30009,Orange Tangerine Juice(Each),33,0,33,40,30,0,30,$5.10,0,0.00%,$0.00,$5.10,10,25.00%,$1.70,$6.80,,,,
Cooper Middle,5/23/2025,30011,"Salsa, Mild Canned(1.5 oz)",53,0,53,55,46,0,46,$4.60,0,0.00%,$0.00,$4.60,9,16.36%,$0.90,$5.50,,,,
Cooper Middle,5/23/2025,30033,Cheez-Its Crackers(Package),10,0,10,20,17,0,17,$3.06,0,0.00%,$0.00,$3.06,3,15.00%,$0.54,$3.60,,,,
Cooper Middle,5/23/2025,30044,Strawberry Flavored Dried Cranberries(Each),16,0,16,25,21,0,21,$5.04,0,0.00%,$0.00,$5.04,4,16.00%,$0.96,$6.00,,,,
Cooper Middle,5/23/2025,30045,Watermelon Flavored Dried Cranberries(Each),17,0,17,35,23,0,23,$5.52,0,0.00%,$0.00,$5.52,12,34.29%,$2.88,$8.40,,,,
Cooper Middle,5/23/2025,30063,Ketchup Packet(Packet),381,0,381,250,160,0,160,$4.80,0,0.00%,$0.00,$4.80,90,36.00%,$2.70,$7.50,,,,
Cooper Middle,5/23/2025,30064,Mayonnaise Packet(Packet),48,0,48,60,41,0,41,$4.10,0,0.00%,$0.00,$4.10,19,31.67%,$1.90,$6.00,,,,
Cooper Middle,5/23/2025,30065,Mustard Packet(Packet),38,0,38,60,49,0,49,$2.45,0,0.00%,$0.00,$2.45,11,18.33%,$0.55,$3.00,,,,
Cooper Middle,5/23/2025,30068,Chilled Peaches(1/2 cup (drained)),0,0,0,96,96,0,96,$48.96,0,0.00%,$0.00,$48.96,0,0.00%,$0.00,$48.96,,,,
Cooper Middle,5/23/2025,30077,Italian Dressing(1 ounce),42,0,42,50,46,0,46,$3.68,4,8.00%,$0.32,$4.00,0,0.00%,$0.00,$4.00,,,,
Cooper Middle,5/23/2025,30097,Bottled Water(Bottle),105,0,105,121,108,0,108,$17.28,0,0.00%,$0.00,$17.28,13,10.74%,$2.08,$19.36,,,,
Cooper Middle,5/23/2025,30099,Chickpeas(1/4 cup),24,0,24,24,24,0,24,$2.16,0,0.00%,$0.00,$2.16,0,0.00%,$0.00,$2.16,,,,
Cooper Middle,5/23/2025,30107,Ranch Dressing(1 ounce),64,0,64,70,68,0,68,$7.48,2,2.86%,$0.22,$7.70,0,0.00%,$0.00,$7.70,,,,
Cooper Middle,5/23/2025,30112,Doritos RF Nacho Cheese(Each),54,0,54,72,72,0,72,$26.64,0,0.00%,$0.00,$26.64,0,0.00%,$0.00,$26.64,,,,
Cooper Middle,5/23/2025,30114,SS Baked Cheetos Flaming Hot(Each),0,0,0,104,104,0,104,$55.12,0,0.00%,$0.00,$55.12,0,0.00%,$0.00,$55.12,,,,
Cooper Middle,5/23/2025,30120,RF Kettle Chips Sea Salt & Vinegar Chips(Each),64,0,64,64,64,0,64,$38.40,0,0.00%,$0.00,$38.40,0,0.00%,$0.00,$38.40,,,,
Cooper Middle,5/23/2025,30122,WG Chocolate Chip Rice Krispy Treats(Each),0,0,0,80,80,0,80,$48.00,0,0.00%,$0.00,$48.00,0,0.00%,$0.00,$48.00,,,,
Cooper Middle,5/23/2025,30124,"Fruit Snacks, Welch's Mixed(Each)",77,0,77,11,11,0,11,$4.40,0,0.00%,$0.00,$4.40,0,0.00%,$0.00,$4.40,,,,
Cooper Middle,5/23/2025,60020,"Quesadilla, Turkey Barbacoa and Cheese(Quesadilla)",100,0,100,86,79,0,79,$96.38,0,0.00%,$0.00,$96.38,7,8.14%,$8.54,$104.92,,,,
Cooper Middle,5/23/2025,60030,Broccoli Alfredo Pasta(1 cup),0,0,0,40,40,0,40,$46.00,0,0.00%,$0.00,$46.00,0,0.00%,$0.00,$46.00,,,,
Cooper Middle,5/23/2025,60035,PB&J Power Pack(Power Packs),33,0,33,45,41,0,41,$44.28,0,0.00%,$0.00,$44.28,4,8.89%,$4.32,$48.60,,,,
Cooper Middle,5/23/2025,60036,Cherry Vanilla Yogurt Power Pack(Power Packs),1,0,1,4,3,0,3,$2.40,0,0.00%,$0.00,$2.40,1,25.00%,$0.80,$3.20,,,,
Cooper Middle,5/23/2025,60037,Strawberry & Banana Yogurt Power Pack(Power Packs),1,0,1,2,1,0,1,$0.80,0,0.00%,$0.00,$0.80,1,50.00%,$0.80,$1.60,,,,
Cooper Middle,5/23/2025,60038,Peach Yogurt Power Pack(Power Packs),1,0,1,4,2,0,2,$1.60,0,0.00%,$0.00,$1.60,2,50.00%,$1.60,$3.20,,,,
Cooper Middle,5/23/2025,60041,Turkey Pepperoni Pizza(Slice),100,0,100,82,78,0,78,$53.04,0,0.00%,$0.00,$53.04,4,4.88%,$2.72,$55.76,,,,
Cooper Middle,5/23/2025,60063,Chicken & Vegetable Dumplings(6 dumplings),32,0,32,15,11,0,11,$0.00,0,0.00%,$0.00,$0.00,4,26.67%,$0.00,$0.00,,,,
Cooper Middle,5/23/2025,60075,Spicy Chicken Wrap(Wrap),2,0,2,5,3,0,3,$3.51,2,40.00%,$2.34,$5.85,0,0.00%,$0.00,$5.85,,,,
Cooper Middle,5/23/2025,60077,Manager's Vegetable Choice(1/4 cup),76,0,76,53,53,0,53,$0.00,0,0.00%,$0.00,$0.00,0,0.00%,$0.00,$0.00,,,,
Cooper Middle,5/23/2025,60101,Chickpeas - salad bar entree(1/2 cup),4,0,4,2,1,0,1,$0.18,1,50.00%,$0.18,$0.36,0,0.00%,$0.00,$0.36,,,,
Cooper Middle,5/23/2025,60122,Asian Meatball Sub(sandwich),0,0,0,3,3,0,3,$5.34,0,0.00%,$0.00,$5.34,0,0.00%,$0.00,$5.34,,,,
Cooper Middle,5/23/2025,60150,Strawberry Parfait Power Pack(Power Pack),0,0,0,12,10,0,10,$16.30,0,0.00%,$0.00,$16.30,2,16.67%,$3.26,$19.56,,,,
Cooper Middle,5/23/2025,60999,Fish Tacos(2 Tacos),0,0,0,30,20,0,20,$20.20,0,0.00%,$0.00,$20.20,10,33.33%,$10.10,$30.30,,,,
Crestwood Elementary,5/23/2025,10033,Chocolate Chip Cookie(1/2 Cookie),16,0,16,12,9,0,9,$1.26,0,0.00%,$0.00,$1.26,3,25.00%,$0.42,$1.68,,,,
Crestwood Elementary,5/23/2025,10044,Soft Pretzel(1 pretzel),15,0,15,20,18,0,18,$3.96,2,10.00%,$0.44,$4.40,0,0.00%,$0.00,$4.40,,,,
Crestwood Elementary,5/23/2025,10073,Whole Strawberries(1/2 cup thawed),0,0,0,45,42,0,42,$14.28,3,6.67%,$1.02,$15.30,0,0.00%,$0.00,$15.30,,,,
Crestwood Elementary,5/23/2025,10075,Cheese Pizza(Slice),14,0,14,18,18,0,18,$10.26,0,0.00%,$0.00,$10.26,0,0.00%,$0.00,$10.26,,,,
Crestwood Elementary,5/23/2025,20001,1% White Milk(Each),121,0,121,147,133,0,133,$47.88,0,0.00%,$0.00,$47.88,14,9.52%,$5.04,$52.92,,,,
Crestwood Elementary,5/23/2025,20002,Fat Free Chocolate Milk(Each),298,0,298,350,331,0,331,$115.85,0,0.00%,$0.00,$115.85,19,5.43%,$6.65,$122.50,,,,
Crestwood Elementary,5/23/2025,20011,Cherry Tomatoes(1/4 cup),71,0,71,98,97,0,97,$35.89,1,1.02%,$0.37,$36.26,0,0.00%,$0.00,$36.26,,,,
Crestwood Elementary,5/23/2025,20016,String Cheese(Each),2,0,2,2,0,0,0,$0.00,0,0.00%,$0.00,$0.00,2,100.00%,$0.00,$0.00,,,,
Crestwood Elementary,5/23/2025,20017,Orange(1/4 cup),0,0,0,510,504,0,504,$85.68,6,1.18%,$1.02,$86.70,0,0.00%,$0.00,$86.70,,,,
Crestwood Elementary,5/23/2025,20023,Baby Carrots(3 baby carrots per 1/4 cup),0,0,0,96,91,0,91,$8.19,5,5.21%,$0.45,$8.64,0,0.00%,$0.00,$8.64,,,,
Crestwood Elementary,5/23/2025,20027,Broccoli Florets(1/4 cup),0,0,0,42,37,0,37,$2.96,5,11.90%,$0.40,$3.36,0,0.00%,$0.00,$3.36,,,,
Crestwood Elementary,5/23/2025,20028,Lettuce Blend Salad Mix(1/2 cup),79,0,79,160,157,0,157,$12.56,3,1.88%,$0.24,$12.80,0,0.00%,$0.00,$12.80,,,,
Crestwood Elementary,5/23/2025,20031,Banana(Each),34,0,34,303,303,0,303,$63.63,0,0.00%,$0.00,$63.63,0,0.00%,$0.00,$63.63,,,,
Crestwood Elementary,5/23/2025,20038,Fat Free White Milk(Each),40,0,40,50,26,0,26,$8.58,0,0.00%,$0.00,$8.58,24,48.00%,$7.92,$16.50,,,,
Crestwood Elementary,5/23/2025,20043,"Lactose Free, White Milk(Each)",0,0,0,2,2,0,2,$1.16,0,0.00%,$0.00,$1.16,0,0.00%,$0.00,$1.16,,,,
Crestwood Elementary,5/23/2025,20052,Assorted  4 oz Yogurt(Container),2,0,2,2,0,0,0,$0.00,0,0.00%,$0.00,$0.00,2,100.00%,$0.00,$0.00,,,,
Crestwood Elementary,5/23/2025,30008,Apple Juice(Each),2,0,2,2,0,0,0,$0.00,0,0.00%,$0.00,$0.00,2,100.00%,$0.00,$0.00,,,,
Crestwood Elementary,5/23/2025,30009,Orange Tangerine Juice(Each),2,0,2,2,0,0,0,$0.00,0,0.00%,$0.00,$0.00,2,100.00%,$0.00,$0.00,,,,
Crestwood Elementary,5/23/2025,30024,Black Beans(1/2 Cup),33,0,33,35,35,0,35,$5.95,0,0.00%,$0.00,$5.95,0,0.00%,$0.00,$5.95,,,,
Crestwood Elementary,5/23/2025,30024,Black Beans(1/4 Cup),22,0,22,21,21,0,21,$1.89,0,0.00%,$0.00,$1.89,0,0.00%,$0.00,$1.89,,,,
Crestwood Elementary,5/23/2025,30033,Cheez-Its Crackers(Package),33,0,33,33,33,0,33,$5.94,0,0.00%,$0.00,$5.94,0,0.00%,$0.00,$5.94,,,,
Crestwood Elementary,5/23/2025,30044,Strawberry Flavored Dried Cranberries(Each),65,0,65,40,37,0,37,$8.88,0,0.00%,$0.00,$8.88,3,7.50%,$0.72,$9.60,,,,
Crestwood Elementary,5/23/2025,30061,Chilled Mandarin Oranges(1/2 cup (drained)),35,0,35,35,35,0,35,$11.90,0,0.00%,$0.00,$11.90,0,0.00%,$0.00,$11.90,,,,
Crestwood Elementary,5/23/2025,30061,Chilled Mandarin Oranges(1/4 cup (drained)),22,0,22,21,21,0,21,$3.57,0,0.00%,$0.00,$3.57,0,0.00%,$0.00,$3.57,,,,
Crestwood Elementary,5/23/2025,30077,Italian Dressing(1 ounce),14,0,14,36,18,0,18,$1.44,0,0.00%,$0.00,$1.44,18,50.00%,$1.44,$2.88,,,,
Crestwood Elementary,5/23/2025,30097,Bottled Water(Bottle),1,0,1,5,0,0,0,$0.00,0,0.00%,$0.00,$0.00,5,100.00%,$0.00,$0.00,,,,
Crestwood Elementary,5/23/2025,30099,Chickpeas(1/4 cup),27,0,27,32,26,0,26,$2.34,6,18.75%,$0.54,$2.88,0,0.00%,$0.00,$2.88,,,,
Crestwood Elementary,5/23/2025,30107,Ranch Dressing(1 ounce),66,0,66,144,140,0,140,$15.40,0,0.00%,$0.00,$15.40,4,2.78%,$0.44,$15.84,,,,
Crestwood Elementary,5/23/2025,60035,PB&J Power Pack(Power Packs),31,0,31,40,16,0,16,$17.28,0,0.00%,$0.00,$17.28,24,60.00%,$25.92,$43.20,,,,
Crestwood Elementary,5/23/2025,60037,Strawberry & Banana Yogurt Power Pack(Power Packs),49,0,49,45,42,0,42,$33.60,0,0.00%,$0.00,$33.60,3,6.67%,$2.40,$36.00,,,,
Crestwood Elementary,5/23/2025,60041,Turkey Pepperoni Pizza(Slice),223,0,223,188,183,0,183,$124.44,5,2.66%,$3.40,$127.84,0,0.00%,$0.00,$127.84,,,,
Crestwood Elementary,5/23/2025,60080,Cheese Pizza(Slice),182,0,182,243,231,6,237,$135.09,6,2.47%,$3.42,$138.51,0,0.00%,$0.00,$138.51,,,,
Crestwood Elementary,5/23/2025,60122,Asian Meatball Sub(sandwich),0,0,0,14,9,0,9,$16.02,5,35.71%,$8.90,$24.92,0,0.00%,$0.00,$24.92,,,,
Crossfield Elementary,5/23/2025,10044,Soft Pretzel(1 pretzel),38,0,38,68,68,0,68,$14.96,0,0.00%,$0.00,$14.96,0,0.00%,$0.00,$14.96,,,,
Crossfield Elementary,5/23/2025,10073,Whole Strawberries(1/2 cup thawed),0,0,0,0,0,0,0,$0.00,0,0.00%,$0.00,$0.00,0,0.00%,$0.00,$0.00,,,,
Crossfield Elementary,5/23/2025,20001,1% White Milk(Each),38,0,38,43,43,0,43,$15.48,0,0.00%,$0.00,$15.48,0,0.00%,$0.00,$15.48,,,,
Crossfield Elementary,5/23/2025,20002,Fat Free Chocolate Milk(Each),184,0,184,213,213,0,213,$74.55,0,0.00%,$0.00,$74.55,0,0.00%,$0.00,$74.55,,,,
Crossfield Elementary,5/23/2025,20008,Apple Slices(6 Slices per 1/2 cup),0,0,0,200,200,0,200,$236.00,0,0.00%,$0.00,$236.00,0,0.00%,$0.00,$236.00,,,,
Crossfield Elementary,5/23/2025,20011,Cherry Tomatoes(6 Tomatoes per 1/2 cup),122,0,122,125,125,0,125,$92.50,0,0.00%,$0.00,$92.50,0,0.00%,$0.00,$92.50,,,,
Crossfield Elementary,5/23/2025,20017,Orange(6 Slices per 1/2 cup),0,0,0,125,125,0,125,$42.50,0,0.00%,$0.00,$42.50,0,0.00%,$0.00,$42.50,,,,
Crossfield Elementary,5/23/2025,20018,Red Seedless Grapes(8 grapes per 1/4 cup),253,0,253,0,0,0,0,$0.00,0,0.00%,$0.00,$0.00,0,0.00%,$0.00,$0.00,,,,
Crossfield Elementary,5/23/2025,20028,Lettuce Blend Salad Mix(1/2 cup),127,0,127,150,150,0,150,$12.00,0,0.00%,$0.00,$12.00,0,0.00%,$0.00,$12.00,,,,
Crossfield Elementary,5/23/2025,20038,Fat Free White Milk(Each),12,0,12,18,18,0,18,$5.94,0,0.00%,$0.00,$5.94,0,0.00%,$0.00,$5.94,,,,
Crossfield Elementary,5/23/2025,20077,"Peppers, red, pre-sliced(1/2 cup sliced)",0,0,0,125,125,0,125,$70.00,0,0.00%,$0.00,$70.00,0,0.00%,$0.00,$70.00,,,,
Crossfield Elementary,5/23/2025,30024,Black Beans(1/2 Cup),17,0,17,16,16,0,16,$2.72,0,0.00%,$0.00,$2.72,0,0.00%,$0.00,$2.72,,,,
Crossfield Elementary,5/23/2025,30033,Cheez-Its Crackers(Package),0,0,0,55,55,0,55,$9.90,0,0.00%,$0.00,$9.90,0,0.00%,$0.00,$9.90,,,,
Crossfield Elementary,5/23/2025,30039,Cherry Flavored Dried Cranberries(Each),84,0,84,0,0,0,0,$0.00,0,0.00%,$0.00,$0.00,0,0.00%,$0.00,$0.00,,,,
Crossfield Elementary,5/23/2025,30041,Orange Flavored Dried Cranberries(Each),163,0,163,0,0,0,0,$0.00,0,0.00%,$0.00,$0.00,0,0.00%,$0.00,$0.00,,,,
Crossfield Elementary,5/23/2025,30042,Original Flavored Dried Cranberries(Package),0,0,0,0,0,0,0,$0.00,0,0.00%,$0.00,$0.00,0,0.00%,$0.00,$0.00,,,,
Crossfield Elementary,5/23/2025,30043,Raspberry Lemonade Flavored Dried Cranberries(Each),5,0,5,0,0,0,0,$0.00,0,0.00%,$0.00,$0.00,0,0.00%,$0.00,$0.00,,,,
Crossfield Elementary,5/23/2025,30044,Strawberry Flavored Dried Cranberries(Each),0,0,0,0,0,0,0,$0.00,0,0.00%,$0.00,$0.00,0,0.00%,$0.00,$0.00,,,,
Crossfield Elementary,5/23/2025,30045,Watermelon Flavored Dried Cranberries(Each),151,0,151,0,0,0,0,$0.00,0,0.00%,$0.00,$0.00,0,0.00%,$0.00,$0.00,,,,
Crossfield Elementary,5/23/2025,30061,Chilled Mandarin Oranges(1/2 cup (drained)),17,0,17,16,16,0,16,$5.44,0,0.00%,$0.00,$5.44,0,0.00%,$0.00,$5.44,,,,
Crossfield Elementary,5/23/2025,30061,Chilled Mandarin Oranges(1/4 cup (drained)),156,0,156,0,0,0,0,$0.00,0,0.00%,$0.00,$0.00,0,0.00%,$0.00,$0.00,,,,
Crossfield Elementary,5/23/2025,30077,Italian Dressing(1 ounce),72,0,72,100,100,0,100,$8.00,0,0.00%,$0.00,$8.00,0,0.00%,$0.00,$8.00,,,,
Crossfield Elementary,5/23/2025,30097,Bottled Water(Bottle),0,0,0,33,33,0,33,$5.28,0,0.00%,$0.00,$5.28,0,0.00%,$0.00,$5.28,,,,
Crossfield Elementary,5/23/2025,30099,Chickpeas(1/4 cup),42,0,42,75,75,0,75,$6.75,0,0.00%,$0.00,$6.75,0,0.00%,$0.00,$6.75,,,,
Crossfield Elementary,5/23/2025,30107,Ranch Dressing(1 ounce),72,0,72,100,100,0,100,$11.00,0,0.00%,$0.00,$11.00,0,0.00%,$0.00,$11.00,,,,
Crossfield Elementary,5/23/2025,30109,Smartfood RF White Cheddar Popcorn(Each),0,0,0,16,16,0,16,$5.92,0,0.00%,$0.00,$5.92,0,0.00%,$0.00,$5.92,,,,
Crossfield Elementary,5/23/2025,60035,PB&J Power Pack(Power Packs),34,0,34,30,30,0,30,$32.40,0,0.00%,$0.00,$32.40,0,0.00%,$0.00,$32.40,,,,
Crossfield Elementary,5/23/2025,60036,Cherry Vanilla Yogurt Power Pack(Power Packs),21,0,21,2,2,0,2,$1.60,0,0.00%,$0.00,$1.60,0,0.00%,$0.00,$1.60,,,,
Crossfield Elementary,5/23/2025,60037,Strawberry & Banana Yogurt Power Pack(Power Packs),20,0,20,0,0,0,0,$0.00,0,0.00%,$0.00,$0.00,0,0.00%,$0.00,$0.00,,,,
Crossfield Elementary,5/23/2025,60038,Peach Yogurt Power Pack(Power Packs),8,0,8,18,18,0,18,$14.40,0,0.00%,$0.00,$14.40,0,0.00%,$0.00,$14.40,,,,
Crossfield Elementary,5/23/2025,60041,Turkey Pepperoni Pizza(Slice),71,0,71,70,62,0,62,$42.16,8,11.43%,$5.44,$47.60,0,0.00%,$0.00,$47.60,,,,
Crossfield Elementary,5/23/2025,60077,Manager's Vegetable Choice(1/4 cup),55,0,55,50,50,0,50,$0.00,0,0.00%,$0.00,$0.00,0,0.00%,$0.00,$0.00,,,,
Crossfield Elementary,5/23/2025,60080,Cheese Pizza(Slice),195,0,195,199,194,0,194,$110.58,5,2.51%,$2.85,$113.43,0,0.00%,$0.00,$113.43,,,,
Crossfield Elementary,5/23/2025,60101,Chickpeas - salad bar entree(1/2 cup),2,0,2,3,3,0,3,$0.54,0,0.00%,$0.00,$0.54,0,0.00%,$0.00,$0.54,,,,
Crossfield Elementary,5/23/2025,60150,Strawberry Parfait Power Pack(Power Pack),0,0,0,0,0,0,0,$0.00,0,0.00%,$0.00,$0.00,0,0.00%,$0.00,$0.00,,,,
Cub Run Elementary,5/23/2025,10033,Chocolate Chip Cookie(1/2 Cookie),37,0,37,0,0,0,0,$0.00,0,0.00%,$0.00,$0.00,0,0.00%,$0.00,$0.00,,,,
Cub Run Elementary,5/23/2025,10044,Soft Pretzel(1 pretzel),3,0,3,31,1,30,31,$6.82,0,0.00%,$0.00,$6.82,0,0.00%,$0.00,$6.82,,,,
Cub Run Elementary,5/23/2025,20001,1% White Milk(Each),35,0,35,135,45,0,45,$16.20,0,0.00%,$0.00,$16.20,90,66.67%,$32.40,$48.60,,,,
Cub Run Elementary,5/23/2025,20002,Fat Free Chocolate Milk(Each),138,0,138,300,158,0,158,$55.30,0,0.00%,$0.00,$55.30,142,47.33%,$49.70,$105.00,,,,
Cub Run Elementary,5/23/2025,20008,Apple Slices(3 slices per 1/4 cup),0,0,0,348,346,0,346,$204.14,2,0.57%,$1.18,$205.32,0,0.00%,$0.00,$205.32,,,,
Cub Run Elementary,5/23/2025,20011,Cherry Tomatoes(1/4 cup),82,0,82,72,66,4,70,$25.90,2,2.78%,$0.74,$26.64,0,0.00%,$0.00,$26.64,,,,
Cub Run Elementary,5/23/2025,20014,Red Delicious Apple(Each - serving),0,0,0,25,17,0,17,$5.61,0,0.00%,$0.00,$5.61,8,32.00%,$2.64,$8.25,,,,
Cub Run Elementary,5/23/2025,20016,String Cheese(Each),0,0,0,1,0,1,1,$0.00,0,0.00%,$0.00,$0.00,0,0.00%,$0.00,$0.00,,,,
Cub Run Elementary,5/23/2025,20023,Baby Carrots(3 baby carrots per 1/4 cup),0,0,0,72,72,0,72,$6.48,0,0.00%,$0.00,$6.48,0,0.00%,$0.00,$6.48,,,,
Cub Run Elementary,5/23/2025,20028,Lettuce Blend Salad Mix(1/2 cup),81,0,81,80,66,4,70,$5.60,10,12.50%,$0.80,$6.40,0,0.00%,$0.00,$6.40,,,,
Cub Run Elementary,5/23/2025,20031,Banana(Each),0,0,0,13,13,0,13,$2.73,0,0.00%,$0.00,$2.73,0,0.00%,$0.00,$2.73,,,,
Cub Run Elementary,5/23/2025,20036,Celery Sticks(1/2 cup),0,0,0,48,40,0,40,$22.00,8,16.67%,$4.40,$26.40,0,0.00%,$0.00,$26.40,,,,
Cub Run Elementary,5/23/2025,20038,Fat Free White Milk(Each),10,0,10,0,0,0,0,$0.00,0,0.00%,$0.00,$0.00,0,0.00%,$0.00,$0.00,,,,
Cub Run Elementary,5/23/2025,20047,Orange Slices(3 slices per 1/4 cup),0,0,0,204,197,4,201,$40.20,3,1.47%,$0.60,$40.80,0,0.00%,$0.00,$40.80,,,,
Cub Run Elementary,5/23/2025,20052,Assorted  4 oz Yogurt(Container),0,0,0,0,0,0,0,$0.00,0,0.00%,$0.00,$0.00,0,0.00%,$0.00,$0.00,,,,
Cub Run Elementary,5/23/2025,30008,Apple Juice(Each),0,0,0,0,0,0,0,$0.00,0,0.00%,$0.00,$0.00,0,0.00%,$0.00,$0.00,,,,
Cub Run Elementary,5/23/2025,30009,Orange Tangerine Juice(Each),0,0,0,0,0,0,0,$0.00,0,0.00%,$0.00,$0.00,0,0.00%,$0.00,$0.00,,,,
Cub Run Elementary,5/23/2025,30033,Cheez-Its Crackers(Package),0,0,0,52,0,52,52,$0.00,0,0.00%,$0.00,$0.00,0,0.00%,$0.00,$0.00,,,,
Cub Run Elementary,5/23/2025,30044,Strawberry Flavored Dried Cranberries(Each),19,0,19,30,4,0,4,$0.96,0,0.00%,$0.00,$0.96,26,86.67%,$6.24,$7.20,,,,
Cub Run Elementary,5/23/2025,30061,Chilled Mandarin Oranges(1/2 cup (drained)),8,0,8,12,12,0,12,$4.08,0,0.00%,$0.00,$4.08,0,0.00%,$0.00,$4.08,,,,
Cub Run Elementary,5/23/2025,30073,IW Heartzels Pretzels(Package),0,0,0,13,0,13,13,$0.00,0,0.00%,$0.00,$0.00,0,0.00%,$0.00,$0.00,,,,
Cub Run Elementary,5/23/2025,30077,Italian Dressing(1 ounce),36,0,36,36,22,4,26,$2.08,0,0.00%,$0.00,$2.08,10,27.78%,$0.80,$2.88,,,,
Cub Run Elementary,5/23/2025,30094,Doritos Wild White Nacho Flavored Tortilla Chips(Bag),7,0,7,0,0,0,0,$0.00,0,0.00%,$0.00,$0.00,0,0.00%,$0.00,$0.00,,,,
Cub Run Elementary,5/23/2025,30097,Bottled Water(Bottle),12,0,12,15,0,15,15,$0.00,0,0.00%,$0.00,$0.00,0,0.00%,$0.00,$0.00,,,,
Cub Run Elementary,5/23/2025,30099,Chickpeas(1/2 cup),0,0,0,12,12,0,12,$2.16,0,0.00%,$0.00,$2.16,0,0.00%,$0.00,$2.16,,,,
Cub Run Elementary,5/23/2025,30099,Chickpeas(1/4 cup),19,0,19,32,18,4,22,$1.98,10,31.25%,$0.90,$2.88,0,0.00%,$0.00,$2.88,,,,
Cub Run Elementary,5/23/2025,30107,Ranch Dressing(1 ounce),36,0,36,48,38,0,38,$4.18,0,0.00%,$0.00,$4.18,10,20.83%,$1.10,$5.28,,,,
Cub Run Elementary,5/23/2025,60035,PB&J Power Pack(Power Packs),69,0,69,75,53,5,58,$62.64,0,0.00%,$0.00,$62.64,17,22.67%,$18.36,$81.00,,,,
Cub Run Elementary,5/23/2025,60036,Cherry Vanilla Yogurt Power Pack(Power Packs),15,0,15,21,13,5,18,$14.40,0,0.00%,$0.00,$14.40,3,14.29%,$2.40,$16.80,,,,
Cub Run Elementary,5/23/2025,60037,Strawberry & Banana Yogurt Power Pack(Power Packs),17,0,17,7,7,0,7,$5.60,0,0.00%,$0.00,$5.60,0,0.00%,$0.00,$5.60,,,,
Cub Run Elementary,5/23/2025,60038,Peach Yogurt Power Pack(Power Packs),1,0,1,0,0,0,0,$0.00,0,0.00%,$0.00,$0.00,0,0.00%,$0.00,$0.00,,,,
Cub Run Elementary,5/23/2025,60041,Turkey Pepperoni Pizza(1.37 oz),0,0,0,10,0,10,10,$0.00,0,0.00%,$0.00,$0.00,0,0.00%,$0.00,$0.00,,,,
Cub Run Elementary,5/23/2025,60041,Turkey Pepperoni Pizza(Slice),57,0,57,54,48,4,52,$35.36,2,3.70%,$1.36,$36.72,0,0.00%,$0.00,$36.72,,,,
Cub Run Elementary,5/23/2025,60080,Cheese Pizza(Slice),159,0,159,187,179,4,183,$104.31,4,2.14%,$2.28,$106.59,0,0.00%,$0.00,$106.59,,,,
Cub Run Elementary,5/23/2025,60101,Chickpeas - salad bar entree(1/2 cup),3,0,3,1,1,0,1,$0.18,0,0.00%,$0.00,$0.18,0,0.00%,$0.00,$0.18,,,,
Cunningham Park Elementary,5/23/2025,10044,Soft Pretzel(1 pretzel),24,0,24,22,18,0,18,$3.96,0,0.00%,$0.00,$3.96,4,18.18%,$0.88,$4.84,,,,
Cunningham Park Elementary,5/23/2025,10075,Cheese Pizza(Slice),4,0,4,0,0,0,0,$0.00,0,0.00%,$0.00,$0.00,0,0.00%,$0.00,$0.00,,,,
Cunningham Park Elementary,5/23/2025,20001,1% White Milk(Each),39,0,39,42,32,0,32,$11.52,0,0.00%,$0.00,$11.52,10,23.81%,$3.60,$15.12,,,,
Cunningham Park Elementary,5/23/2025,20002,Fat Free Chocolate Milk(Each),159,0,159,192,175,0,175,$61.25,0,0.00%,$0.00,$61.25,17,8.85%,$5.95,$67.20,,,,
Cunningham Park Elementary,5/23/2025,20016,String Cheese(Each),3,0,3,6,5,0,5,$1.10,0,0.00%,$0.00,$1.10,1,16.67%,$0.22,$1.32,,,,
Cunningham Park Elementary,5/23/2025,20023,Baby Carrots(3 baby carrots per 1/4 cup),0,0,0,96,93,0,93,$8.37,0,0.00%,$0.00,$8.37,3,3.13%,$0.27,$8.64,,,,
Cunningham Park Elementary,5/23/2025,20028,Lettuce Blend Salad Mix(1/2 cup),78,0,78,80,80,0,80,$6.40,0,0.00%,$0.00,$6.40,0,0.00%,$0.00,$6.40,,,,
Cunningham Park Elementary,5/23/2025,20031,Banana(Each),18,0,18,18,18,0,18,$3.78,0,0.00%,$0.00,$3.78,0,0.00%,$0.00,$3.78,,,,
Cunningham Park Elementary,5/23/2025,20038,Fat Free White Milk(Each),5,0,5,9,4,0,4,$1.32,0,0.00%,$0.00,$1.32,5,55.56%,$1.65,$2.97,,,,
Cunningham Park Elementary,5/23/2025,20047,Orange Slices(3 slices per 1/4 cup),0,0,0,120,115,0,115,$23.00,0,0.00%,$0.00,$23.00,5,4.17%,$1.00,$24.00,,,,
Cunningham Park Elementary,5/23/2025,20052,Assorted  4 oz Yogurt(Container),3,0,3,6,5,0,5,$0.00,0,0.00%,$0.00,$0.00,1,16.67%,$0.00,$0.00,,,,
Cunningham Park Elementary,5/23/2025,30008,Apple Juice(Each),5,0,5,5,5,0,5,$0.85,0,0.00%,$0.00,$0.85,0,0.00%,$0.00,$0.85,,,,
Cunningham Park Elementary,5/23/2025,30009,Orange Tangerine Juice(Each),6,0,6,5,5,0,5,$0.85,0,0.00%,$0.00,$0.85,0,0.00%,$0.00,$0.85,,,,
Cunningham Park Elementary,5/23/2025,30020,Applesauce(1/2 Cup),0,0,0,24,22,0,22,$4.62,0,0.00%,$0.00,$4.62,2,8.33%,$0.42,$5.04,,,,
Cunningham Park Elementary,5/23/2025,30024,Black Beans(1/2 Cup),12,0,12,19,19,0,19,$3.23,0,0.00%,$0.00,$3.23,0,0.00%,$0.00,$3.23,,,,
Cunningham Park Elementary,5/23/2025,30034,Graham Crackers(Package),0,0,0,18,18,0,18,$2.52,0,0.00%,$0.00,$2.52,0,0.00%,$0.00,$2.52,,,,
Cunningham Park Elementary,5/23/2025,30061,Chilled Mandarin Oranges(1/2 cup (drained)),26,0,26,19,19,0,19,$6.46,0,0.00%,$0.00,$6.46,0,0.00%,$0.00,$6.46,,,,
Cunningham Park Elementary,5/23/2025,30061,Chilled Mandarin Oranges(1/4 cup (drained)),109,0,109,96,96,0,96,$16.32,0,0.00%,$0.00,$16.32,0,0.00%,$0.00,$16.32,,,,
Cunningham Park Elementary,5/23/2025,30077,Italian Dressing(1 ounce),14,0,14,24,14,0,14,$1.12,0,0.00%,$0.00,$1.12,10,41.67%,$0.80,$1.92,,,,
Cunningham Park Elementary,5/23/2025,30097,Bottled Water(Bottle),19,0,19,23,23,0,23,$3.68,0,0.00%,$0.00,$3.68,0,0.00%,$0.00,$3.68,,,,
Cunningham Park Elementary,5/23/2025,30098,Wheat Thins(Package),0,0,0,63,27,0,27,$12.69,0,0.00%,$0.00,$12.69,36,57.14%,$16.92,$29.61,,,,
Cunningham Park Elementary,5/23/2025,30099,Chickpeas(1/2 cup),0,0,0,10,3,0,3,$0.54,0,0.00%,$0.00,$0.54,7,70.00%,$1.26,$1.80,,,,
Cunningham Park Elementary,5/23/2025,30158,Black Beans(1/2 Cup),0,0,0,10,3,0,3,$0.51,0,0.00%,$0.00,$0.51,7,70.00%,$1.19,$1.70,,,,
Cunningham Park Elementary,5/23/2025,30188,"Milk, Soy, Plain, Bulk (12/32 oz)(1 cup)",0,0,0,1,1,0,1,$0.79,0,0.00%,$0.00,$0.79,0,0.00%,$0.00,$0.79,,,,
Cunningham Park Elementary,5/23/2025,60035,PB&J Power Pack(Power Packs),18,0,18,12,2,0,2,$2.16,0,0.00%,$0.00,$2.16,10,83.33%,$10.80,$12.96,,,,
Cunningham Park Elementary,5/23/2025,60036,Cherry Vanilla Yogurt Power Pack(Power Packs),0,0,0,0,0,0,0,$0.00,0,0.00%,$0.00,$0.00,0,0.00%,$0.00,$0.00,,,,
Cunningham Park Elementary,5/23/2025,60037,Strawberry & Banana Yogurt Power Pack(Power Packs),18,0,18,16,14,0,14,$11.20,0,0.00%,$0.00,$11.20,2,12.50%,$1.60,$12.80,,,,
Cunningham Park Elementary,5/23/2025,60041,Turkey Pepperoni Pizza(Slice),107,0,107,140,134,0,134,$91.12,0,0.00%,$0.00,$91.12,6,4.29%,$4.08,$95.20,,,,
Cunningham Park Elementary,5/23/2025,60080,Cheese Pizza(Slice),120,0,120,103,103,0,103,$58.71,0,0.00%,$0.00,$58.71,0,0.00%,$0.00,$58.71,,,,
Cunningham Park Elementary,5/23/2025,60121,"Sauce, Spicy Mayo(tbsp)",0,0,0,24,9,0,9,$0.81,0,0.00%,$0.00,$0.81,15,62.50%,$1.35,$2.16,,,,
Cunningham Park Elementary,5/23/2025,60122,Asian Meatball Sub(sandwich),0,0,0,20,9,0,9,$16.02,11,55.00%,$19.58,$35.60,0,0.00%,$0.00,$35.60,,,,
Cunningham Park Elementary,5/23/2025,60168,Triple Berry Parfait Power Pack(Power Pack),0,0,0,4,4,0,4,$5.28,0,0.00%,$0.00,$5.28,0,0.00%,$0.00,$5.28,,,,
Daniels Run Elementary,5/23/2025,10044,Soft Pretzel(1 pretzel),2,0,2,1,1,0,1,$0.22,0,0.00%,$0.00,$0.22,0,0.00%,$0.00,$0.22,,,,
Daniels Run Elementary,5/23/2025,20001,1% White Milk(Each),50,0,50,114,27,0,27,$9.72,0,0.00%,$0.00,$9.72,87,76.32%,$31.32,$41.04,,,,
Daniels Run Elementary,5/23/2025,20002,Fat Free Chocolate Milk(Each),273,0,273,602,241,0,241,$84.35,0,0.00%,$0.00,$84.35,361,59.97%,$126.35,$210.70,,,,
Daniels Run Elementary,5/23/2025,20008,Apple Slices(3 slices per 1/4 cup),0,0,0,96,96,0,96,$56.64,0,0.00%,$0.00,$56.64,0,0.00%,$0.00,$56.64,,,,
Daniels Run Elementary,5/23/2025,20011,Cherry Tomatoes(1/4 cup),96,0,96,72,72,0,72,$26.64,0,0.00%,$0.00,$26.64,0,0.00%,$0.00,$26.64,,,,
Daniels Run Elementary,5/23/2025,20017,Orange(1/4 cup),0,0,0,136,136,0,136,$23.12,0,0.00%,$0.00,$23.12,0,0.00%,$0.00,$23.12,,,,
Daniels Run Elementary,5/23/2025,20018,Red Seedless Grapes(8 grapes per 1/4 cup),417,0,417,460,445,0,445,$115.70,15,3.26%,$3.90,$119.60,0,0.00%,$0.00,$119.60,,,,
Daniels Run Elementary,5/23/2025,20028,Lettuce Blend Salad Mix(1/2 cup),152,0,152,160,150,0,150,$12.00,10,6.25%,$0.80,$12.80,0,0.00%,$0.00,$12.80,,,,
Daniels Run Elementary,5/23/2025,20031,Banana(Each),0,0,0,50,50,0,50,$10.50,0,0.00%,$0.00,$10.50,0,0.00%,$0.00,$10.50,,,,
Daniels Run Elementary,5/23/2025,20038,Fat Free White Milk(Each),10,0,10,32,4,0,4,$1.32,0,0.00%,$0.00,$1.32,28,87.50%,$9.24,$10.56,,,,
Daniels Run Elementary,5/23/2025,20052,Assorted  4 oz Yogurt(Container),5,0,5,5,0,4,4,$0.00,0,0.00%,$0.00,$0.00,1,20.00%,$0.00,$0.00,,,,
Daniels Run Elementary,5/23/2025,30008,Apple Juice(Each),5,0,5,50,0,45,45,$0.00,0,0.00%,$0.00,$0.00,5,10.00%,$0.00,$0.00,,,,
Daniels Run Elementary,5/23/2025,30009,Orange Tangerine Juice(Each),5,0,5,10,0,10,10,$0.00,0,0.00%,$0.00,$0.00,0,0.00%,$0.00,$0.00,,,,
Daniels Run Elementary,5/23/2025,30024,Black Beans(1/2 Cup),11,0,11,11,11,0,11,$1.87,0,0.00%,$0.00,$1.87,0,0.00%,$0.00,$1.87,,,,
Daniels Run Elementary,5/23/2025,30042,Original Flavored Dried Cranberries(Package),44,0,44,40,33,0,33,$7.92,0,0.00%,$0.00,$7.92,7,17.50%,$1.68,$9.60,,,,
Daniels Run Elementary,5/23/2025,30061,Chilled Mandarin Oranges(1/2 cup (drained)),12,0,12,11,11,0,11,$3.74,0,0.00%,$0.00,$3.74,0,0.00%,$0.00,$3.74,,,,
Daniels Run Elementary,5/23/2025,30061,Chilled Mandarin Oranges(1/4 cup (drained)),100,0,100,60,60,0,60,$10.20,0,0.00%,$0.00,$10.20,0,0.00%,$0.00,$10.20,,,,
Daniels Run Elementary,5/23/2025,30077,Italian Dressing(1 ounce),24,0,24,48,24,0,24,$1.92,0,0.00%,$0.00,$1.92,24,50.00%,$1.92,$3.84,,,,
Daniels Run Elementary,5/23/2025,30094,Doritos Wild White Nacho Flavored Tortilla Chips(Bag),18,0,18,13,0,13,13,$0.00,0,0.00%,$0.00,$0.00,0,0.00%,$0.00,$0.00,,,,
Daniels Run Elementary,5/23/2025,30097,Bottled Water(Bottle),5,0,5,5,0,1,1,$0.00,0,0.00%,$0.00,$0.00,4,80.00%,$0.00,$0.00,,,,
Daniels Run Elementary,5/23/2025,30099,Chickpeas(1/4 cup),38,0,38,33,18,0,18,$1.62,0,0.00%,$0.00,$1.62,15,45.45%,$1.35,$2.97,,,,
Daniels Run Elementary,5/23/2025,30107,Ranch Dressing(1 ounce),85,0,85,96,84,0,84,$9.24,0,0.00%,$0.00,$9.24,12,12.50%,$1.32,$10.56,,,,
Daniels Run Elementary,5/23/2025,60035,PB&J Power Pack(Power Packs),60,0,60,70,59,0,59,$63.72,0,0.00%,$0.00,$63.72,11,15.71%,$11.88,$75.60,,,,
Daniels Run Elementary,5/23/2025,60037,Strawberry & Banana Yogurt Power Pack(Power Packs),20,0,20,30,18,0,18,$14.40,0,0.00%,$0.00,$14.40,12,40.00%,$9.60,$24.00,,,,
Daniels Run Elementary,5/23/2025,60041,Turkey Pepperoni Pizza(Slice),169,0,169,156,141,14,155,$105.40,1,0.64%,$0.68,$106.08,0,0.00%,$0.00,$106.08,,,,
Daniels Run Elementary,5/23/2025,60051,Steamed Baby Carrots(1/4 cup),0,0,0,96,84,0,84,$7.56,0,0.00%,$0.00,$7.56,12,12.50%,$1.08,$8.64,,,,
Daniels Run Elementary,5/23/2025,60077,Manager's Vegetable Choice(1/4 cup),86,0,86,170,155,0,155,$0.00,15,8.82%,$0.00,$0.00,0,0.00%,$0.00,$0.00,,,,
Daniels Run Elementary,5/23/2025,60080,Cheese Pizza(Slice),216,0,216,194,180,12,192,$109.44,2,1.03%,$1.14,$110.58,0,0.00%,$0.00,$110.58,,,,
Daniels Run Elementary,5/23/2025,60101,Chickpeas - salad bar entree(1/2 cup),6,0,6,1,1,0,1,$0.18,0,0.00%,$0.00,$0.18,0,0.00%,$0.00,$0.18,,,,
Daniels Run Elementary,5/23/2025,60120,Asian Veggie Sub(sandwich),0,0,0,20,20,0,20,$37.80,0,0.00%,$0.00,$37.80,0,0.00%,$0.00,$37.80,,,,
Daniels Run Elementary,5/23/2025,60147,Turkey & Cheese on Sub Roll(sandwich),0,0,0,18,18,0,18,$24.66,0,0.00%,$0.00,$24.66,0,0.00%,$0.00,$24.66,,,,
Deer Park Elementary,5/23/2025,10044,Soft Pretzel(1 pretzel),17,0,17,10,2,8,10,$2.20,0,0.00%,$0.00,$2.20,0,0.00%,$0.00,$2.20,,,,
Deer Park Elementary,5/23/2025,10075,Cheese Pizza(Slice),6,0,6,9,9,0,9,$5.13,0,0.00%,$0.00,$5.13,0,0.00%,$0.00,$5.13,,,,
Deer Park Elementary,5/23/2025,20001,1% White Milk(Each),70,1,71,316,71,1,72,$25.92,0,0.00%,$0.00,$25.92,244,77.22%,$87.84,$113.76,,,,
Deer Park Elementary,5/23/2025,20002,Fat Free Chocolate Milk(Each),175,0,175,43,12,2,14,$4.90,0,0.00%,$0.00,$4.90,29,67.44%,$10.15,$15.05,,,,
Deer Park Elementary,5/23/2025,20008,Apple Slices(3 slices per 1/4 cup),406,0,406,406,404,0,404,$238.36,0,0.00%,$0.00,$238.36,2,0.49%,$1.18,$239.54,,,,
Deer Park Elementary,5/23/2025,20011,Cherry Tomatoes(1/4 cup),0,0,0,72,71,0,71,$26.27,0,0.00%,$0.00,$26.27,1,1.39%,$0.37,$26.64,,,,
Deer Park Elementary,5/23/2025,20017,Orange(1/4 cup),0,0,0,34,34,0,34,$5.78,0,0.00%,$0.00,$5.78,0,0.00%,$0.00,$5.78,,,,
Deer Park Elementary,5/23/2025,20023,Baby Carrots(3 baby carrots per 1/4 cup),0,0,0,96,95,0,95,$8.55,0,0.00%,$0.00,$8.55,1,1.04%,$0.09,$8.64,,,,
Deer Park Elementary,5/23/2025,20027,Broccoli Florets(1/4 cup),0,0,0,42,41,0,41,$3.28,0,0.00%,$0.00,$3.28,1,2.38%,$0.08,$3.36,,,,
Deer Park Elementary,5/23/2025,20028,Lettuce Blend Salad Mix(1/2 cup),80,0,80,130,128,0,128,$10.24,0,0.00%,$0.00,$10.24,2,1.54%,$0.16,$10.40,,,,
Deer Park Elementary,5/23/2025,20031,Banana(Each),14,1,15,99,97,0,97,$20.37,0,0.00%,$0.00,$20.37,2,2.02%,$0.42,$20.79,,,,
Deer Park Elementary,5/23/2025,20038,Fat Free White Milk(Each),15,0,15,494,176,0,176,$58.08,0,0.00%,$0.00,$58.08,318,64.37%,$104.94,$163.02,,,,
Deer Park Elementary,5/23/2025,20043,"Lactose Free, White Milk(Each)",0,0,0,2,2,0,2,$1.16,0,0.00%,$0.00,$1.16,0,0.00%,$0.00,$1.16,,,,
Deer Park Elementary,5/23/2025,30024,Black Beans(1/2 Cup),24,1,25,27,26,1,27,$4.59,0,0.00%,$0.00,$4.59,0,0.00%,$0.00,$4.59,,,,
Deer Park Elementary,5/23/2025,30033,Cheez-Its Crackers(Package),14,0,14,13,13,0,13,$2.34,0,0.00%,$0.00,$2.34,0,0.00%,$0.00,$2.34,,,,
Deer Park Elementary,5/23/2025,30039,Cherry Flavored Dried Cranberries(2 Eaches),0,0,0,5,4,0,4,$1.92,0,0.00%,$0.00,$1.92,1,20.00%,$0.48,$2.40,,,,
Deer Park Elementary,5/23/2025,30061,Chilled Mandarin Oranges(1/2 cup (drained)),26,1,27,28,27,1,28,$9.52,0,0.00%,$0.00,$9.52,0,0.00%,$0.00,$9.52,,,,
Deer Park Elementary,5/23/2025,30077,Italian Dressing(1 ounce),24,0,24,24,19,0,19,$1.52,0,0.00%,$0.00,$1.52,5,20.83%,$0.40,$1.92,,,,
Deer Park Elementary,5/23/2025,30094,Doritos Wild White Nacho Flavored Tortilla Chips(Bag),0,0,0,3,0,3,3,$0.00,0,0.00%,$0.00,$0.00,0,0.00%,$0.00,$0.00,,,,
Deer Park Elementary,5/23/2025,30097,Bottled Water(Bottle),7,0,7,18,0,18,18,$0.00,0,0.00%,$0.00,$0.00,0,0.00%,$0.00,$0.00,,,,
Deer Park Elementary,5/23/2025,30099,Chickpeas(1/4 cup),33,0,33,35,33,0,33,$2.97,0,0.00%,$0.00,$2.97,2,5.71%,$0.18,$3.15,,,,
Deer Park Elementary,5/23/2025,30107,Ranch Dressing(1 ounce),24,0,24,48,46,0,46,$5.06,0,0.00%,$0.00,$5.06,2,4.17%,$0.22,$5.28,,,,
Deer Park Elementary,5/23/2025,60034,Mandarin Orange Parfait(Parfait),0,0,0,1,1,0,1,$0.99,0,0.00%,$0.00,$0.99,0,0.00%,$0.00,$0.99,,,,
Deer Park Elementary,5/23/2025,60035,PB&J Power Pack(Power Packs),40,0,40,38,30,3,33,$35.64,0,0.00%,$0.00,$35.64,5,13.16%,$5.40,$41.04,,,,
Deer Park Elementary,5/23/2025,60037,Strawberry & Banana Yogurt Power Pack(Power Packs),15,0,15,5,1,0,1,$0.80,0,0.00%,$0.00,$0.80,4,80.00%,$3.20,$4.00,,,,
Deer Park Elementary,5/23/2025,60041,Turkey Pepperoni Pizza(1.37 oz),0,0,0,11,0,11,11,$0.00,0,0.00%,$0.00,$0.00,0,0.00%,$0.00,$0.00,,,,
Deer Park Elementary,5/23/2025,60041,Turkey Pepperoni Pizza(Slice),125,10,135,111,103,5,108,$73.44,3,2.70%,$2.04,$75.48,0,0.00%,$0.00,$75.48,,,,
Deer Park Elementary,5/23/2025,60080,Cheese Pizza(Slice),194,12,206,177,164,10,174,$99.18,3,1.69%,$1.71,$100.89,0,0.00%,$0.00,$100.89,,,,
Deer Park Elementary,5/23/2025,60101,Chickpeas - salad bar entree(1/2 cup),2,0,2,2,2,0,2,$0.36,0,0.00%,$0.00,$0.36,0,0.00%,$0.00,$0.36,,,,
Dogwood Elementary,5/23/2025,10044,Soft Pretzel(1 pretzel),36,0,36,36,36,0,36,$7.92,0,0.00%,$0.00,$7.92,0,0.00%,$0.00,$7.92,,,,
Dogwood Elementary,5/23/2025,10073,Whole Strawberries(1/2 cup thawed),0,0,0,100,100,0,100,$34.00,0,0.00%,$0.00,$34.00,0,0.00%,$0.00,$34.00,,,,
Dogwood Elementary,5/23/2025,10075,Cheese Pizza(Slice),13,0,13,44,44,0,44,$25.08,0,0.00%,$0.00,$25.08,0,0.00%,$0.00,$25.08,,,,
Dogwood Elementary,5/23/2025,20001,1% White Milk(Each),247,0,247,493,178,0,178,$64.08,0,0.00%,$0.00,$64.08,315,63.89%,$113.40,$177.48,,,,
Dogwood Elementary,5/23/2025,20002,Fat Free Chocolate Milk(Each),318,0,318,790,365,0,365,$127.75,0,0.00%,$0.00,$127.75,425,53.80%,$148.75,$276.50,,,,
Dogwood Elementary,5/23/2025,20011,Cherry Tomatoes(1/4 cup),119,0,119,120,120,0,120,$44.40,0,0.00%,$0.00,$44.40,0,0.00%,$0.00,$44.40,,,,
Dogwood Elementary,5/23/2025,20018,Red Seedless Grapes(8 grapes per 1/4 cup),180,0,180,300,300,0,300,$78.00,0,0.00%,$0.00,$78.00,0,0.00%,$0.00,$78.00,,,,
Dogwood Elementary,5/23/2025,20028,Lettuce Blend Salad Mix(1/2 cup),260,0,260,300,280,0,280,$22.40,20,6.67%,$1.60,$24.00,0,0.00%,$0.00,$24.00,,,,
Dogwood Elementary,5/23/2025,20031,Banana(Each),49,0,49,50,50,0,50,$10.50,0,0.00%,$0.00,$10.50,0,0.00%,$0.00,$10.50,,,,
Dogwood Elementary,5/23/2025,20038,Fat Free White Milk(Each),19,0,19,50,5,0,5,$1.65,0,0.00%,$0.00,$1.65,45,90.00%,$14.85,$16.50,,,,
Dogwood Elementary,5/23/2025,30024,Black Beans(1/2 Cup),84,0,84,87,87,0,87,$14.79,0,0.00%,$0.00,$14.79,0,0.00%,$0.00,$14.79,,,,
Dogwood Elementary,5/23/2025,30024,Black Beans(1/4 Cup),21,0,21,21,21,0,21,$1.89,0,0.00%,$0.00,$1.89,0,0.00%,$0.00,$1.89,,,,
Dogwood Elementary,5/23/2025,30033,Cheez-Its Crackers(Package),50,0,50,50,50,0,50,$9.00,0,0.00%,$0.00,$9.00,0,0.00%,$0.00,$9.00,,,,
Dogwood Elementary,5/23/2025,30045,Watermelon Flavored Dried Cranberries(Each),110,0,110,100,75,0,75,$18.00,0,0.00%,$0.00,$18.00,25,25.00%,$6.00,$24.00,,,,
Dogwood Elementary,5/23/2025,30061,Chilled Mandarin Oranges(1/2 cup (drained)),85,0,85,87,87,0,87,$29.58,0,0.00%,$0.00,$29.58,0,0.00%,$0.00,$29.58,,,,
Dogwood Elementary,5/23/2025,30061,Chilled Mandarin Oranges(1/4 cup (drained)),121,0,121,141,141,0,141,$23.97,0,0.00%,$0.00,$23.97,0,0.00%,$0.00,$23.97,,,,
Dogwood Elementary,5/23/2025,30077,Italian Dressing(1 ounce),30,0,30,30,30,0,30,$2.40,0,0.00%,$0.00,$2.40,0,0.00%,$0.00,$2.40,,,,
Dogwood Elementary,5/23/2025,30099,Chickpeas(1/4 cup),64,0,64,60,55,0,55,$4.95,5,8.33%,$0.45,$5.40,0,0.00%,$0.00,$5.40,,,,
Dogwood Elementary,5/23/2025,30107,Ranch Dressing(1 ounce),195,0,195,200,200,0,200,$22.00,0,0.00%,$0.00,$22.00,0,0.00%,$0.00,$22.00,,,,
Dogwood Elementary,5/23/2025,60035,PB&J Power Pack(Power Packs),45,0,45,72,52,0,52,$56.16,0,0.00%,$0.00,$56.16,20,27.78%,$21.60,$77.76,,,,
Dogwood Elementary,5/23/2025,60036,Cherry Vanilla Yogurt Power Pack(Power Packs),57,0,57,57,57,0,57,$45.60,0,0.00%,$0.00,$45.60,0,0.00%,$0.00,$45.60,,,,
Dogwood Elementary,5/23/2025,60037,Strawberry & Banana Yogurt Power Pack(Power Packs),20,0,20,20,20,0,20,$16.00,0,0.00%,$0.00,$16.00,0,0.00%,$0.00,$16.00,,,,
Dogwood Elementary,5/23/2025,60038,Peach Yogurt Power Pack(Power Packs),15,0,15,20,12,0,12,$9.60,0,0.00%,$0.00,$9.60,8,40.00%,$6.40,$16.00,,,,
Dogwood Elementary,5/23/2025,60041,Turkey Pepperoni Pizza(Slice),296,0,296,302,302,0,302,$205.36,0,0.00%,$0.00,$205.36,0,0.00%,$0.00,$205.36,,,,
Dogwood Elementary,5/23/2025,60077,Manager's Vegetable Choice(1/4 cup),60,0,60,60,60,0,60,$0.00,0,0.00%,$0.00,$0.00,0,0.00%,$0.00,$0.00,,,,
Dogwood Elementary,5/23/2025,60080,Cheese Pizza(Slice),242,0,242,258,242,0,242,$137.94,16,6.20%,$9.12,$147.06,0,0.00%,$0.00,$147.06,,,,
Dogwood Elementary,5/23/2025,60101,Chickpeas - salad bar entree(1/2 cup),5,0,5,1,1,0,1,$0.18,0,0.00%,$0.00,$0.18,0,0.00%,$0.00,$0.18,,,,
Dranesville Elementary,5/23/2025,10044,Soft Pretzel(1 pretzel),32,0,32,24,24,0,24,$5.28,0,0.00%,$0.00,$5.28,0,0.00%,$0.00,$5.28,,,,
Dranesville Elementary,5/23/2025,20001,1% White Milk(Each),35,0,35,89,24,65,89,$32.04,0,0.00%,$0.00,$32.04,0,0.00%,$0.00,$32.04,,,,
Dranesville Elementary,5/23/2025,20002,Fat Free Chocolate Milk(Each),188,0,188,403,152,251,403,$141.05,0,0.00%,$0.00,$141.05,0,0.00%,$0.00,$141.05,,,,
Dranesville Elementary,5/23/2025,20008,Apple Slices(3 slices per 1/4 cup),0,0,0,380,377,3,380,$224.20,0,0.00%,$0.00,$224.20,0,0.00%,$0.00,$224.20,,,,
Dranesville Elementary,5/23/2025,20017,Orange(1/4 cup),0,0,0,346,345,1,346,$58.82,0,0.00%,$0.00,$58.82,0,0.00%,$0.00,$58.82,,,,
Dranesville Elementary,5/23/2025,20027,Broccoli Florets(1/4 cup),0,0,0,78,78,0,78,$6.24,0,0.00%,$0.00,$6.24,0,0.00%,$0.00,$6.24,,,,
Dranesville Elementary,5/23/2025,20028,Lettuce Blend Salad Mix(1/2 cup),232,0,232,240,229,11,240,$19.20,0,0.00%,$0.00,$19.20,0,0.00%,$0.00,$19.20,,,,
Dranesville Elementary,5/23/2025,20038,Fat Free White Milk(Each),18,0,18,70,9,61,70,$23.10,0,0.00%,$0.00,$23.10,0,0.00%,$0.00,$23.10,,,,
Dranesville Elementary,5/23/2025,30045,Watermelon Flavored Dried Cranberries(Each),0,0,0,24,24,0,24,$5.76,0,0.00%,$0.00,$5.76,0,0.00%,$0.00,$5.76,,,,
Dranesville Elementary,5/23/2025,30077,Italian Dressing(1 ounce),14,0,14,24,15,9,24,$1.92,0,0.00%,$0.00,$1.92,0,0.00%,$0.00,$1.92,,,,
Dranesville Elementary,5/23/2025,30107,Ranch Dressing(1 ounce),37,0,37,48,37,11,48,$5.28,0,0.00%,$0.00,$5.28,0,0.00%,$0.00,$5.28,,,,
Dranesville Elementary,5/23/2025,60035,PB&J Power Pack(Power Packs),55,0,55,23,22,1,23,$24.84,0,0.00%,$0.00,$24.84,0,0.00%,$0.00,$24.84,,,,
Dranesville Elementary,5/23/2025,60036,Cherry Vanilla Yogurt Power Pack(Power Packs),10,0,10,6,4,2,6,$4.80,0,0.00%,$0.00,$4.80,0,0.00%,$0.00,$4.80,,,,
Dranesville Elementary,5/23/2025,60037,Strawberry & Banana Yogurt Power Pack(Power Packs),12,0,12,6,5,1,6,$4.80,0,0.00%,$0.00,$4.80,0,0.00%,$0.00,$4.80,,,,
Dranesville Elementary,5/23/2025,60038,Peach Yogurt Power Pack(Power Packs),11,0,11,4,3,1,4,$3.20,0,0.00%,$0.00,$3.20,0,0.00%,$0.00,$3.20,,,,
Dranesville Elementary,5/23/2025,60041,Turkey Pepperoni Pizza(Slice),103,0,103,112,110,2,112,$76.16,0,0.00%,$0.00,$76.16,0,0.00%,$0.00,$76.16,,,,
Dranesville Elementary,5/23/2025,60077,Manager's Vegetable Choice(1/4 cup),118,0,118,144,141,3,144,$0.00,0,0.00%,$0.00,$0.00,0,0.00%,$0.00,$0.00,,,,
Dranesville Elementary,5/23/2025,60080,Cheese Pizza(Slice),171,0,171,134,132,2,134,$76.38,0,0.00%,$0.00,$76.38,0,0.00%,$0.00,$76.38,,,,
Eagle View Elementary,5/23/2025,10044,Soft Pretzel(1 pretzel),11,2,13,4,1,3,4,$0.88,0,0.00%,$0.00,$0.88,0,0.00%,$0.00,$0.88,,,,
Eagle View Elementary,5/23/2025,10062,Corn(1/2 cup (cooked)),0,0,0,118,102,0,102,$21.42,16,13.56%,$3.36,$24.78,0,0.00%,$0.00,$24.78,,,,
Eagle View Elementary,5/23/2025,10075,Cheese Pizza(Slice),5,0,5,14,9,5,14,$7.98,0,0.00%,$0.00,$7.98,0,0.00%,$0.00,$7.98,,,,
Eagle View Elementary,5/23/2025,20001,1% White Milk(Each),38,2,40,254,47,2,49,$17.64,0,0.00%,$0.00,$17.64,205,80.71%,$73.80,$91.44,,,,
Eagle View Elementary,5/23/2025,20002,Fat Free Chocolate Milk(Each),181,0,181,53,5,3,8,$2.80,0,0.00%,$0.00,$2.80,45,84.91%,$15.75,$18.55,,,,
Eagle View Elementary,5/23/2025,20008,Apple Slices(3 slices per 1/4 cup),0,0,0,320,313,0,313,$184.67,0,0.00%,$0.00,$184.67,7,2.19%,$4.13,$188.80,,,,
Eagle View Elementary,5/23/2025,20012,Grape Tomatoes(1/4 cup),0,0,0,7,7,0,7,$1.82,0,0.00%,$0.00,$1.82,0,0.00%,$0.00,$1.82,,,,
Eagle View Elementary,5/23/2025,20016,String Cheese(1 Stick),0,0,0,1,0,1,1,$0.00,0,0.00%,$0.00,$0.00,0,0.00%,$0.00,$0.00,,,,
Eagle View Elementary,5/23/2025,20028,Lettuce Blend Salad Mix(1/2 cup),113,0,113,90,90,0,90,$7.20,0,0.00%,$0.00,$7.20,0,0.00%,$0.00,$7.20,,,,
Eagle View Elementary,5/23/2025,20036,Celery Sticks(1/2 cup),0,0,0,5,5,0,5,$2.75,0,0.00%,$0.00,$2.75,0,0.00%,$0.00,$2.75,,,,
Eagle View Elementary,5/23/2025,20038,Fat Free White Milk(Each),12,0,12,360,184,0,184,$60.72,0,0.00%,$0.00,$60.72,176,48.89%,$58.08,$118.80,,,,
Eagle View Elementary,5/23/2025,20047,Orange Slices(3 slices per 1/4 cup),0,0,0,68,68,0,68,$13.60,0,0.00%,$0.00,$13.60,0,0.00%,$0.00,$13.60,,,,
Eagle View Elementary,5/23/2025,20080,"Carrots, Shredded(Cup)",0,0,0,25,25,0,25,$8.25,0,0.00%,$0.00,$8.25,0,0.00%,$0.00,$8.25,,,,
Eagle View Elementary,5/23/2025,30034,Graham Crackers(Package),0,0,0,26,26,0,26,$3.64,0,0.00%,$0.00,$3.64,0,0.00%,$0.00,$3.64,,,,
Eagle View Elementary,5/23/2025,30044,Strawberry Flavored Dried Cranberries(Each),54,0,54,60,46,0,46,$11.04,0,0.00%,$0.00,$11.04,14,23.33%,$3.36,$14.40,,,,
Eagle View Elementary,5/23/2025,30048,Apple Cinnamon Spread(Each),0,0,0,26,26,0,26,$11.70,0,0.00%,$0.00,$11.70,0,0.00%,$0.00,$11.70,,,,
Eagle View Elementary,5/23/2025,30061,Chilled Mandarin Oranges(1/2 cup (drained)),32,2,34,41,39,2,41,$13.94,0,0.00%,$0.00,$13.94,0,0.00%,$0.00,$13.94,,,,
Eagle View Elementary,5/23/2025,30068,Chilled Peaches(1/2 cup (drained)),0,0,0,80,60,0,60,$30.60,0,0.00%,$0.00,$30.60,20,25.00%,$10.20,$40.80,,,,
Eagle View Elementary,5/23/2025,30077,Italian Dressing(1 ounce),11,0,11,18,18,0,18,$1.44,0,0.00%,$0.00,$1.44,0,0.00%,$0.00,$1.44,,,,
Eagle View Elementary,5/23/2025,30094,Doritos Wild White Nacho Flavored Tortilla Chips(Bag),0,0,0,35,0,35,35,$0.00,0,0.00%,$0.00,$0.00,0,0.00%,$0.00,$0.00,,,,
Eagle View Elementary,5/23/2025,30097,Bottled Water(Bottle),0,0,0,6,0,6,6,$0.00,0,0.00%,$0.00,$0.00,0,0.00%,$0.00,$0.00,,,,
Eagle View Elementary,5/23/2025,30099,Chickpeas(1/4 cup),10,0,10,15,15,0,15,$1.35,0,0.00%,$0.00,$1.35,0,0.00%,$0.00,$1.35,,,,
Eagle View Elementary,5/23/2025,30107,Ranch Dressing(1 ounce),31,0,31,36,30,0,30,$3.30,0,0.00%,$0.00,$3.30,6,16.67%,$0.66,$3.96,,,,
Eagle View Elementary,5/23/2025,30109,Smartfood RF White Cheddar Popcorn(Each),0,0,0,20,0,20,20,$0.00,0,0.00%,$0.00,$0.00,0,0.00%,$0.00,$0.00,,,,
Eagle View Elementary,5/23/2025,60035,PB&J Power Pack(Power Packs),69,0,69,71,52,0,52,$56.16,0,0.00%,$0.00,$56.16,19,26.76%,$20.52,$76.68,,,,
Eagle View Elementary,5/23/2025,60037,Strawberry & Banana Yogurt Power Pack(Power Packs),25,2,27,30,17,1,18,$14.40,0,0.00%,$0.00,$14.40,12,40.00%,$9.60,$24.00,,,,
Eagle View Elementary,5/23/2025,60041,Turkey Pepperoni Pizza(Slice),66,2,68,100,91,4,95,$64.60,1,1.00%,$0.68,$65.28,4,4.00%,$2.72,$68.00,,,,
Eagle View Elementary,5/23/2025,60054,Steamed Broccoli(1/2 cup),0,0,0,70,68,2,70,$10.50,0,0.00%,$0.00,$10.50,0,0.00%,$0.00,$10.50,,,,
Eagle View Elementary,5/23/2025,60080,Cheese Pizza(Slice),239,8,247,196,190,5,195,$111.15,0,0.00%,$0.00,$111.15,1,0.51%,$0.57,$111.72,,,,
Eagle View Elementary,5/23/2025,60101,Chickpeas - salad bar entree(1/2 cup),4,1,5,2,2,0,2,$0.36,0,0.00%,$0.00,$0.36,0,0.00%,$0.00,$0.36,,,,
Eagle View Elementary,5/23/2025,60120,Asian Veggie Sub(sandwich),0,0,0,6,5,1,6,$11.34,0,0.00%,$0.00,$11.34,0,0.00%,$0.00,$11.34,,,,
Eagle View Elementary,5/23/2025,60122,Asian Meatball Sub(sandwich),0,0,0,4,4,0,4,$7.12,0,0.00%,$0.00,$7.12,0,0.00%,$0.00,$7.12,,,,
FALLS CHURCH HS,5/23/2025,10013,"Patty, Chicken, Spicy, Breaded(2 strips)",0,0,0,31,31,0,31,$11.16,0,0.00%,$0.00,$11.16,0,0.00%,$0.00,$11.16,,,,
FALLS CHURCH HS,5/23/2025,10015,Baked Cheese Sticks(2 Cheese Sticks),175,0,175,175,165,10,175,$115.50,0,0.00%,$0.00,$115.50,0,0.00%,$0.00,$115.50,,,,
FALLS CHURCH HS,5/23/2025,10033,Chocolate Chip Cookie(Cookie),35,0,35,35,35,0,35,$9.45,0,0.00%,$0.00,$9.45,0,0.00%,$0.00,$9.45,,,,
FALLS CHURCH HS,5/23/2025,10044,Soft Pretzel(1 pretzel),10,0,10,10,10,0,10,$2.20,0,0.00%,$0.00,$2.20,0,0.00%,$0.00,$2.20,,,,
FALLS CHURCH HS,5/23/2025,10062,Corn(2 Tablespoons (thawed)),25,0,25,25,25,0,25,$1.25,0,0.00%,$0.00,$1.25,0,0.00%,$0.00,$1.25,,,,
FALLS CHURCH HS,5/23/2025,10075,Cheese Pizza(Slice),212,0,212,212,167,9,176,$100.32,0,0.00%,$0.00,$100.32,36,16.98%,$20.52,$120.84,,,,
FALLS CHURCH HS,5/23/2025,20001,1% White Milk(Each),139,0,139,139,139,0,139,$50.04,0,0.00%,$0.00,$50.04,0,0.00%,$0.00,$50.04,,,,
FALLS CHURCH HS,5/23/2025,20002,Fat Free Chocolate Milk(Each),598,0,598,598,598,0,598,$209.30,0,0.00%,$0.00,$209.30,0,0.00%,$0.00,$209.30,,,,
FALLS CHURCH HS,5/23/2025,20006,"Cheese, Shredded, Cheddar(1/4 cup)",30,0,30,30,30,0,30,$5.10,0,0.00%,$0.00,$5.10,0,0.00%,$0.00,$5.10,,,,
FALLS CHURCH HS,5/23/2025,20014,Red Delicious Apple(Each - serving),0,0,0,505,225,0,225,$74.25,0,0.00%,$0.00,$74.25,280,55.45%,$92.40,$166.65,,,,
FALLS CHURCH HS,5/23/2025,20017,Orange(1/4 cup),0,0,0,714,714,0,714,$121.38,0,0.00%,$0.00,$121.38,0,0.00%,$0.00,$121.38,,,,
FALLS CHURCH HS,5/23/2025,20023,Baby Carrots(3 baby carrots per 1/4 cup),0,0,0,96,96,0,96,$8.64,0,0.00%,$0.00,$8.64,0,0.00%,$0.00,$8.64,,,,
FALLS CHURCH HS,5/23/2025,20028,Lettuce Blend Salad Mix(1/2 cup),671,0,671,671,671,0,671,$53.68,0,0.00%,$0.00,$53.68,0,0.00%,$0.00,$53.68,,,,
FALLS CHURCH HS,5/23/2025,20035,"Onions, Red, Whole(1/4 cup (sliced))",25,0,25,25,25,0,25,$1.75,0,0.00%,$0.00,$1.75,0,0.00%,$0.00,$1.75,,,,
FALLS CHURCH HS,5/23/2025,20036,Celery Sticks(1/2 cup),0,0,0,96,96,0,96,$52.80,0,0.00%,$0.00,$52.80,0,0.00%,$0.00,$52.80,,,,
FALLS CHURCH HS,5/23/2025,20038,Fat Free White Milk(Each),16,0,16,16,16,0,16,$5.28,0,0.00%,$0.00,$5.28,0,0.00%,$0.00,$5.28,,,,
FALLS CHURCH HS,5/23/2025,20041,"Peppers, Green, Whole(2 Tablespoon)",25,0,25,25,25,0,25,$1.50,0,0.00%,$0.00,$1.50,0,0.00%,$0.00,$1.50,,,,
FALLS CHURCH HS,5/23/2025,20077,"Peppers, red, pre-sliced(1/2 cup sliced)",0,0,0,140,140,0,140,$78.40,0,0.00%,$0.00,$78.40,0,0.00%,$0.00,$78.40,,,,
FALLS CHURCH HS,5/23/2025,30002,Sub Roll(Sub Roll),36,0,36,36,31,0,31,$9.61,0,0.00%,$0.00,$9.61,5,13.89%,$1.55,$11.16,,,,
FALLS CHURCH HS,5/23/2025,30024,Black Beans(1/2 Cup),0,0,0,25,25,0,25,$4.25,0,0.00%,$0.00,$4.25,0,0.00%,$0.00,$4.25,,,,
FALLS CHURCH HS,5/23/2025,30039,Cherry Flavored Dried Cranberries(Each),200,0,200,200,175,0,175,$42.00,0,0.00%,$0.00,$42.00,25,12.50%,$6.00,$48.00,,,,
FALLS CHURCH HS,5/23/2025,30063,Ketchup Packet(Packet),200,0,200,200,200,0,200,$6.00,0,0.00%,$0.00,$6.00,0,0.00%,$0.00,$6.00,,,,
FALLS CHURCH HS,5/23/2025,30064,Mayonnaise Packet(Packet),233,0,233,233,223,0,223,$22.30,0,0.00%,$0.00,$22.30,10,4.29%,$1.00,$23.30,,,,
FALLS CHURCH HS,5/23/2025,30097,Bottled Water(Bottle),28,0,28,28,28,0,28,$4.48,0,0.00%,$0.00,$4.48,0,0.00%,$0.00,$4.48,,,,
FALLS CHURCH HS,5/23/2025,30107,Ranch Dressing(1 ounce),408,0,408,408,408,0,408,$44.88,0,0.00%,$0.00,$44.88,0,0.00%,$0.00,$44.88,,,,
FALLS CHURCH HS,5/23/2025,30114,SS Baked Cheetos Flaming Hot(Each),104,0,104,104,49,0,49,$25.97,0,0.00%,$0.00,$25.97,55,52.88%,$29.15,$55.12,,,,
FALLS CHURCH HS,5/23/2025,30115,SS Baked Cheetos Flaming Limon(Each),64,0,64,64,51,0,51,$19.89,0,0.00%,$0.00,$19.89,13,20.31%,$5.07,$24.96,,,,
FALLS CHURCH HS,5/23/2025,60035,PB&J Power Pack(Power Packs),216,0,216,216,182,0,182,$196.56,0,0.00%,$0.00,$196.56,34,15.74%,$36.72,$233.28,,,,
FALLS CHURCH HS,5/23/2025,60038,Peach Yogurt Power Pack(Power Packs),10,0,10,10,8,0,8,$6.40,0,0.00%,$0.00,$6.40,2,20.00%,$1.60,$8.00,,,,
FALLS CHURCH HS,5/23/2025,60041,Turkey Pepperoni Pizza(Slice),322,0,322,322,307,0,307,$208.76,0,0.00%,$0.00,$208.76,15,4.66%,$10.20,$218.96,,,,
FALLS CHURCH HS,5/23/2025,60075,Spicy Chicken Wrap(Wrap),52,0,52,52,52,0,52,$60.84,0,0.00%,$0.00,$60.84,0,0.00%,$0.00,$60.84,,,,
FALLS CHURCH HS,5/23/2025,60122,Asian Meatball Sub(sandwich),52,0,52,52,52,0,52,$92.56,0,0.00%,$0.00,$92.56,0,0.00%,$0.00,$92.56,,,,
Fairfax High,5/23/2025,10001,"Patty, Chicken, Breaded, WG(2 strips)",98,0,98,47,47,0,47,$10.34,0,0.00%,$0.00,$10.34,0,0.00%,$0.00,$10.34,,,,
Fairfax High,5/23/2025,10033,Chocolate Chip Cookie(Cookie),246,0,246,271,271,0,271,$73.17,0,0.00%,$0.00,$73.17,0,0.00%,$0.00,$73.17,,,,
Fairfax High,5/23/2025,10049,"WG 10"" Flour Tortilla(Tortilla)",60,0,60,47,47,0,47,$16.45,0,0.00%,$0.00,$16.45,0,0.00%,$0.00,$16.45,,,,
Fairfax High,5/23/2025,10062,Corn(1/2 cup (cooked)),0,0,0,256,251,0,251,$52.71,5,1.95%,$1.05,$53.76,0,0.00%,$0.00,$53.76,,,,
Fairfax High,5/23/2025,10070,Orange Sauce(ounce),60,0,60,40,40,0,40,$5.60,0,0.00%,$0.00,$5.60,0,0.00%,$0.00,$5.60,,,,
Fairfax High,5/23/2025,10073,Whole Strawberries(1/2 cup thawed),150,0,150,210,180,0,180,$61.20,0,0.00%,$0.00,$61.20,30,14.29%,$10.20,$71.40,,,,
Fairfax High,5/23/2025,10075,Cheese Pizza(Slice),192,46,238,264,175,33,208,$118.56,1,0.38%,$0.57,$119.13,55,20.83%,$31.35,$150.48,,,,
Fairfax High,5/23/2025,20001,1% White Milk(Each),50,0,50,134,58,0,58,$20.88,0,0.00%,$0.00,$20.88,76,56.72%,$27.36,$48.24,,,,
Fairfax High,5/23/2025,20002,Fat Free Chocolate Milk(Each),400,0,400,562,349,0,349,$122.15,0,0.00%,$0.00,$122.15,213,37.90%,$74.55,$196.70,,,,
Fairfax High,5/23/2025,20006,"Cheese, Shredded, Cheddar(1/4 cup)",70,0,70,47,47,0,47,$7.99,0,0.00%,$0.00,$7.99,0,0.00%,$0.00,$7.99,,,,
Fairfax High,5/23/2025,20011,Cherry Tomatoes(1/4 cup),150,0,150,216,216,0,216,$79.92,0,0.00%,$0.00,$79.92,0,0.00%,$0.00,$79.92,,,,
Fairfax High,5/23/2025,20015,Golden Delicious Apple(Each),0,0,0,137,134,0,134,$41.54,0,0.00%,$0.00,$41.54,3,2.19%,$0.93,$42.47,,,,
Fairfax High,5/23/2025,20017,Orange(1/4 cup),0,0,0,35,35,0,35,$5.95,0,0.00%,$0.00,$5.95,0,0.00%,$0.00,$5.95,,,,
Fairfax High,5/23/2025,20028,Lettuce Blend Salad Mix(1/2 cup),550,0,550,447,445,0,445,$35.60,2,0.45%,$0.16,$35.76,0,0.00%,$0.00,$35.76,,,,
Fairfax High,5/23/2025,20030,Sour Cream(2 Tablespoons),60,0,60,60,45,0,45,$6.75,15,25.00%,$2.25,$9.00,0,0.00%,$0.00,$9.00,,,,
Fairfax High,5/23/2025,20035,"Onions, Red, Whole(1/4 cup (sliced))",10,0,10,47,47,0,47,$3.29,0,0.00%,$0.00,$3.29,0,0.00%,$0.00,$3.29,,,,
Fairfax High,5/23/2025,20038,Fat Free White Milk(Each),30,0,30,29,24,0,24,$7.92,0,0.00%,$0.00,$7.92,5,17.24%,$1.65,$9.57,,,,
Fairfax High,5/23/2025,30011,"Salsa, Mild Canned(1.5 oz)",60,0,60,60,48,0,48,$4.80,12,20.00%,$1.20,$6.00,0,0.00%,$0.00,$6.00,,,,
Fairfax High,5/23/2025,30045,Watermelon Flavored Dried Cranberries(Each),50,0,50,181,175,0,175,$42.00,0,0.00%,$0.00,$42.00,6,3.31%,$1.44,$43.44,,,,
Fairfax High,5/23/2025,30063,Ketchup Packet(Packet),500,0,500,400,335,0,335,$10.05,0,0.00%,$0.00,$10.05,65,16.25%,$1.95,$12.00,,,,
Fairfax High,5/23/2025,30065,Mustard Packet(Packet),100,0,100,100,85,0,85,$4.25,0,0.00%,$0.00,$4.25,15,15.00%,$0.75,$5.00,,,,
Fairfax High,5/23/2025,30068,Chilled Peaches(1/2 cup (drained)),0,0,0,144,144,0,144,$73.44,0,0.00%,$0.00,$73.44,0,0.00%,$0.00,$73.44,,,,
Fairfax High,5/23/2025,30097,Bottled Water(Bottle),63,0,63,47,47,0,47,$7.52,0,0.00%,$0.00,$7.52,0,0.00%,$0.00,$7.52,,,,
Fairfax High,5/23/2025,30099,Chickpeas(1/4 cup),60,0,60,96,86,0,86,$7.74,10,10.42%,$0.90,$8.64,0,0.00%,$0.00,$8.64,,,,
Fairfax High,5/23/2025,30107,Ranch Dressing(1 ounce),192,0,192,192,168,0,168,$18.48,0,0.00%,$0.00,$18.48,24,12.50%,$2.64,$21.12,,,,
Fairfax High,5/23/2025,60006,Vegan Burger(Sandwich),0,0,0,20,15,0,15,$8.25,5,25.00%,$2.75,$11.00,0,0.00%,$0.00,$11.00,,,,
Fairfax High,5/23/2025,60020,"Quesadilla, Turkey Barbacoa and Cheese(Quesadilla)",100,14,114,180,157,20,177,$215.94,3,1.67%,$3.66,$219.60,0,0.00%,$0.00,$219.60,,,,
Fairfax High,5/23/2025,60035,PB&J Power Pack(Power Packs),150,3,153,135,135,0,135,$145.80,0,0.00%,$0.00,$145.80,0,0.00%,$0.00,$145.80,,,,
Fairfax High,5/23/2025,60041,Turkey Pepperoni Pizza(Slice),192,26,218,192,163,17,180,$122.40,1,0.52%,$0.68,$123.08,11,5.73%,$7.48,$130.56,,,,
Fairfax High,5/23/2025,60063,Chicken & Vegetable Dumplings(6 dumplings),60,0,60,40,22,10,32,$0.00,8,20.00%,$0.00,$0.00,0,0.00%,$0.00,$0.00,,,,
Fairfax High,5/23/2025,60075,Spicy Chicken Wrap(Wrap),100,0,100,47,41,5,46,$53.82,1,2.13%,$1.17,$54.99,0,0.00%,$0.00,$54.99,,,,
Fairfax High,5/23/2025,60077,Manager's Vegetable Choice(1/4 cup),120,0,120,33,24,0,24,$0.00,9,27.27%,$0.00,$0.00,0,0.00%,$0.00,$0.00,,,,
Fairfax High,5/23/2025,60149,Hot Turkey & Cheese(sandwich),0,0,0,13,13,0,13,$16.90,0,0.00%,$0.00,$16.90,0,0.00%,$0.00,$16.90,,,,
Fairfax High,5/23/2025,60150,Strawberry Parfait Power Pack(Power Pack),10,0,10,14,14,0,14,$22.82,0,0.00%,$0.00,$22.82,0,0.00%,$0.00,$22.82,,,,
Fairfax High,5/23/2025,60155,Fish  Sandwich(Sandwich),0,0,0,15,7,0,7,$4.90,8,53.33%,$5.60,$10.50,0,0.00%,$0.00,$10.50,,,,
Fairfax Villa Elementary,5/23/2025,10044,Soft Pretzel(1 pretzel),11,0,11,35,25,0,25,$5.50,0,0.00%,$0.00,$5.50,10,28.57%,$2.20,$7.70,,,,
Fairfax Villa Elementary,5/23/2025,20001,1% White Milk(Each),48,0,48,51,48,0,48,$17.28,0,0.00%,$0.00,$17.28,3,5.88%,$1.08,$18.36,,,,
Fairfax Villa Elementary,5/23/2025,20002,Fat Free Chocolate Milk(Each),175,0,175,175,164,0,164,$57.40,0,0.00%,$0.00,$57.40,11,6.29%,$3.85,$61.25,,,,
Fairfax Villa Elementary,5/23/2025,20008,Apple Slices(3 slices per 1/4 cup),0,0,0,200,198,0,198,$116.82,0,0.00%,$0.00,$116.82,2,1.00%,$1.18,$118.00,,,,
Fairfax Villa Elementary,5/23/2025,20011,Cherry Tomatoes(1/4 cup),80,0,80,155,154,0,154,$56.98,0,0.00%,$0.00,$56.98,1,0.65%,$0.37,$57.35,,,,
Fairfax Villa Elementary,5/23/2025,20018,Red Seedless Grapes(8 grapes per 1/4 cup),300,0,300,300,299,0,299,$77.74,0,0.00%,$0.00,$77.74,1,0.33%,$0.26,$78.00,,,,
Fairfax Villa Elementary,5/23/2025,20028,Lettuce Blend Salad Mix(1/2 cup),80,0,80,80,78,0,78,$6.24,0,0.00%,$0.00,$6.24,2,2.50%,$0.16,$6.40,,,,
Fairfax Villa Elementary,5/23/2025,20038,Fat Free White Milk(Each),7,0,7,10,9,0,9,$2.97,0,0.00%,$0.00,$2.97,1,10.00%,$0.33,$3.30,,,,
Fairfax Villa Elementary,5/23/2025,20052,Assorted  4 oz Yogurt(Container),5,0,5,20,16,0,16,$0.00,0,0.00%,$0.00,$0.00,4,20.00%,$0.00,$0.00,,,,
Fairfax Villa Elementary,5/23/2025,30024,Black Beans(1/2 Cup),22,0,22,21,21,0,21,$3.57,0,0.00%,$0.00,$3.57,0,0.00%,$0.00,$3.57,,,,
Fairfax Villa Elementary,5/23/2025,30033,Cheez-Its Crackers(Package),15,0,15,60,53,0,53,$9.54,0,0.00%,$0.00,$9.54,7,11.67%,$1.26,$10.80,,,,
Fairfax Villa Elementary,5/23/2025,30061,Chilled Mandarin Oranges(1/2 cup (drained)),22,0,22,21,21,0,21,$7.14,0,0.00%,$0.00,$7.14,0,0.00%,$0.00,$7.14,,,,
Fairfax Villa Elementary,5/23/2025,30077,Italian Dressing(1 ounce),20,0,20,20,10,0,10,$0.80,0,0.00%,$0.00,$0.80,10,50.00%,$0.80,$1.60,,,,
Fairfax Villa Elementary,5/23/2025,30097,Bottled Water(Bottle),10,0,10,15,12,0,12,$1.92,0,0.00%,$0.00,$1.92,3,20.00%,$0.48,$2.40,,,,
Fairfax Villa Elementary,5/23/2025,30099,Chickpeas(1/4 cup),33,0,33,45,40,0,40,$3.60,0,0.00%,$0.00,$3.60,5,11.11%,$0.45,$4.05,,,,
Fairfax Villa Elementary,5/23/2025,30107,Ranch Dressing(1 ounce),100,0,100,100,95,0,95,$10.45,0,0.00%,$0.00,$10.45,5,5.00%,$0.55,$11.00,,,,
Fairfax Villa Elementary,5/23/2025,60035,PB&J Power Pack(Power Packs),20,0,20,30,27,0,27,$29.16,0,0.00%,$0.00,$29.16,3,10.00%,$3.24,$32.40,,,,
Fairfax Villa Elementary,5/23/2025,60036,Cherry Vanilla Yogurt Power Pack(Power Packs),10,0,10,10,3,0,3,$2.40,0,0.00%,$0.00,$2.40,7,70.00%,$5.60,$8.00,,,,
Fairfax Villa Elementary,5/23/2025,60037,Strawberry & Banana Yogurt Power Pack(Power Packs),10,0,10,10,4,0,4,$3.20,0,0.00%,$0.00,$3.20,6,60.00%,$4.80,$8.00,,,,
Fairfax Villa Elementary,5/23/2025,60041,Turkey Pepperoni Pizza(Slice),97,0,97,97,96,0,96,$65.28,0,0.00%,$0.00,$65.28,1,1.03%,$0.68,$65.96,,,,
Fairfax Villa Elementary,5/23/2025,60077,Manager's Vegetable Choice(1/4 cup),120,0,120,65,64,0,64,$0.00,0,0.00%,$0.00,$0.00,1,1.54%,$0.00,$0.00,,,,
Fairfax Villa Elementary,5/23/2025,60080,Cheese Pizza(Slice),175,0,175,199,192,6,198,$112.86,0,0.00%,$0.00,$112.86,1,0.50%,$0.57,$113.43,,,,
Fairfax Villa Elementary,5/23/2025,60101,Chickpeas - salad bar entree(1/2 cup),1,0,1,5,1,0,1,$0.18,0,0.00%,$0.00,$0.18,4,80.00%,$0.72,$0.90,,,,
Fairfax Villa Elementary,5/23/2025,60150,Strawberry Parfait Power Pack(Power Pack),1,0,1,2,1,0,1,$1.63,0,0.00%,$0.00,$1.63,1,50.00%,$1.63,$3.26,,,,
Fairhill Elementary,5/23/2025,10044,Soft Pretzel(1 pretzel),40,0,40,71,71,0,71,$15.62,0,0.00%,$0.00,$15.62,0,0.00%,$0.00,$15.62,,,,
Fairhill Elementary,5/23/2025,10075,Cheese Pizza(Slice),2,0,2,6,6,0,6,$3.42,0,0.00%,$0.00,$3.42,0,0.00%,$0.00,$3.42,,,,
Fairhill Elementary,5/23/2025,20001,1% White Milk(Each),82,1,83,70,44,1,45,$16.20,0,0.00%,$0.00,$16.20,25,35.71%,$9.00,$25.20,,,,
Fairhill Elementary,5/23/2025,20002,Fat Free Chocolate Milk(Each),168,0,168,231,198,0,198,$69.30,0,0.00%,$0.00,$69.30,33,14.29%,$11.55,$80.85,,,,
Fairhill Elementary,5/23/2025,20014,Red Delicious Apple(Each - serving),0,0,0,52,49,0,49,$16.17,0,0.00%,$0.00,$16.17,3,5.77%,$0.99,$17.16,,,,
Fairhill Elementary,5/23/2025,20018,Red Seedless Grapes(16 grapes per 1/2 cup),0,0,0,138,138,0,138,$70.38,0,0.00%,$0.00,$70.38,0,0.00%,$0.00,$70.38,,,,
Fairhill Elementary,5/23/2025,20027,Broccoli Florets(1/4 cup),0,0,0,42,21,0,21,$1.68,0,0.00%,$0.00,$1.68,21,50.00%,$1.68,$3.36,,,,
Fairhill Elementary,5/23/2025,20028,Lettuce Blend Salad Mix(1/2 cup),55,0,55,85,85,0,85,$6.80,0,0.00%,$0.00,$6.80,0,0.00%,$0.00,$6.80,,,,
Fairhill Elementary,5/23/2025,20031,Banana(Each),18,1,19,18,18,0,18,$3.78,0,0.00%,$0.00,$3.78,0,0.00%,$0.00,$3.78,,,,
Fairhill Elementary,5/23/2025,20038,Fat Free White Milk(Each),3,0,3,44,8,0,8,$2.64,0,0.00%,$0.00,$2.64,36,81.82%,$11.88,$14.52,,,,
Fairhill Elementary,5/23/2025,20043,"Lactose Free, White Milk(Each)",1,0,1,1,1,0,1,$0.58,0,0.00%,$0.00,$0.58,0,0.00%,$0.00,$0.58,,,,
Fairhill Elementary,5/23/2025,30008,Apple Juice(Each),15,0,15,0,0,0,0,$0.00,0,0.00%,$0.00,$0.00,0,0.00%,$0.00,$0.00,,,,
Fairhill Elementary,5/23/2025,30009,Orange Tangerine Juice(Each),15,0,15,0,0,0,0,$0.00,0,0.00%,$0.00,$0.00,0,0.00%,$0.00,$0.00,,,,
Fairhill Elementary,5/23/2025,30024,Black Beans(1/2 Cup),25,1,26,24,24,0,24,$4.08,0,0.00%,$0.00,$4.08,0,0.00%,$0.00,$4.08,,,,
Fairhill Elementary,5/23/2025,30031,Strawberry Chex Mix(Package),0,0,0,47,47,0,47,$21.15,0,0.00%,$0.00,$21.15,0,0.00%,$0.00,$21.15,,,,
Fairhill Elementary,5/23/2025,30033,Cheez-Its Crackers(Package),18,0,18,18,18,0,18,$3.24,0,0.00%,$0.00,$3.24,0,0.00%,$0.00,$3.24,,,,
Fairhill Elementary,5/23/2025,30044,Strawberry Flavored Dried Cranberries(2 Eaches),0,0,0,80,75,0,75,$36.00,0,0.00%,$0.00,$36.00,5,6.25%,$2.40,$38.40,,,,
Fairhill Elementary,5/23/2025,30061,Chilled Mandarin Oranges(1/2 cup (drained)),25,1,26,24,24,0,24,$8.16,0,0.00%,$0.00,$8.16,0,0.00%,$0.00,$8.16,,,,
Fairhill Elementary,5/23/2025,30068,Chilled Peaches(1/2 cup (drained)),0,0,0,170,170,0,170,$86.70,0,0.00%,$0.00,$86.70,0,0.00%,$0.00,$86.70,,,,
Fairhill Elementary,5/23/2025,30077,Italian Dressing(1 ounce),17,0,17,24,16,0,16,$1.28,0,0.00%,$0.00,$1.28,8,33.33%,$0.64,$1.92,,,,
Fairhill Elementary,5/23/2025,30094,Doritos Wild White Nacho Flavored Tortilla Chips(Bag),50,0,50,0,0,0,0,$0.00,0,0.00%,$0.00,$0.00,0,0.00%,$0.00,$0.00,,,,
Fairhill Elementary,5/23/2025,30097,Bottled Water(Bottle),10,0,10,0,0,0,0,$0.00,0,0.00%,$0.00,$0.00,0,0.00%,$0.00,$0.00,,,,
Fairhill Elementary,5/23/2025,30099,Chickpeas(1/4 cup),64,0,64,64,64,0,64,$5.76,0,0.00%,$0.00,$5.76,0,0.00%,$0.00,$5.76,,,,
Fairhill Elementary,5/23/2025,30107,Ranch Dressing(1 ounce),21,0,21,44,39,0,39,$4.29,0,0.00%,$0.00,$4.29,5,11.36%,$0.55,$4.84,,,,
Fairhill Elementary,5/23/2025,60035,PB&J Power Pack(Power Packs),30,0,30,50,44,4,48,$51.84,0,0.00%,$0.00,$51.84,2,4.00%,$2.16,$54.00,,,,
Fairhill Elementary,5/23/2025,60036,Cherry Vanilla Yogurt Power Pack(Power Packs),6,0,6,10,6,0,6,$4.80,0,0.00%,$0.00,$4.80,4,40.00%,$3.20,$8.00,,,,
Fairhill Elementary,5/23/2025,60037,Strawberry & Banana Yogurt Power Pack(Power Packs),5,0,5,5,5,0,5,$4.00,0,0.00%,$0.00,$4.00,0,0.00%,$0.00,$4.00,,,,
Fairhill Elementary,5/23/2025,60038,Peach Yogurt Power Pack(Power Packs),5,0,5,0,0,0,0,$0.00,0,0.00%,$0.00,$0.00,0,0.00%,$0.00,$0.00,,,,
Fairhill Elementary,5/23/2025,60041,Turkey Pepperoni Pizza(Slice),91,4,95,81,67,11,78,$53.04,0,0.00%,$0.00,$53.04,3,3.70%,$2.04,$55.08,,,,
Fairhill Elementary,5/23/2025,60077,Manager's Vegetable Choice(1/4 cup),34,0,34,48,48,0,48,$0.00,0,0.00%,$0.00,$0.00,0,0.00%,$0.00,$0.00,,,,
Fairhill Elementary,5/23/2025,60080,Cheese Pizza(Slice),3,7,10,183,182,0,182,$103.74,1,0.55%,$0.57,$104.31,0,0.00%,$0.00,$104.31,,,,
Fairhill Elementary,5/23/2025,60101,Chickpeas - salad bar entree(1/2 cup),1,1,2,2,2,0,2,$0.36,0,0.00%,$0.00,$0.36,0,0.00%,$0.00,$0.36,,,,
Fairhill Elementary,5/23/2025,60150,Strawberry Parfait Power Pack(Power Pack),5,0,5,7,7,0,7,$11.41,0,0.00%,$0.00,$11.41,0,0.00%,$0.00,$11.41,,,,
Fairview Elementary,5/23/2025,10044,Soft Pretzel(1 pretzel),1,0,1,70,0,69,69,$0.00,0,0.00%,$0.00,$0.00,1,1.43%,$0.00,$0.00,,,,
Fairview Elementary,5/23/2025,10075,Cheese Pizza(Slice),160,0,160,172,167,4,171,$97.47,1,0.58%,$0.57,$98.04,0,0.00%,$0.00,$98.04,,,,
Fairview Elementary,5/23/2025,20001,1% White Milk(Each),17,0,17,30,25,5,30,$10.80,0,0.00%,$0.00,$10.80,0,0.00%,$0.00,$10.80,,,,
Fairview Elementary,5/23/2025,20002,Fat Free Chocolate Milk(Each),220,0,220,230,211,15,226,$79.10,0,0.00%,$0.00,$79.10,4,1.74%,$1.40,$80.50,,,,
Fairview Elementary,5/23/2025,20016,String Cheese(Each),3,0,3,2,2,0,2,$0.44,0,0.00%,$0.00,$0.44,0,0.00%,$0.00,$0.44,,,,
Fairview Elementary,5/23/2025,20018,Red Seedless Grapes(8 grapes per 1/4 cup),150,0,150,322,322,0,322,$83.72,0,0.00%,$0.00,$83.72,0,0.00%,$0.00,$83.72,,,,
Fairview Elementary,5/23/2025,20028,Lettuce Blend Salad Mix(1/2 cup),67,0,67,100,100,0,100,$8.00,0,0.00%,$0.00,$8.00,0,0.00%,$0.00,$8.00,,,,
Fairview Elementary,5/23/2025,20031,Banana(Each),0,0,0,210,210,0,210,$44.10,0,0.00%,$0.00,$44.10,0,0.00%,$0.00,$44.10,,,,
Fairview Elementary,5/23/2025,20038,Fat Free White Milk(Each),10,0,10,20,9,0,9,$2.97,0,0.00%,$0.00,$2.97,11,55.00%,$3.63,$6.60,,,,
Fairview Elementary,5/23/2025,30009,Orange Tangerine Juice(Each),25,0,25,83,0,81,81,$0.00,2,2.41%,$0.00,$0.00,0,0.00%,$0.00,$0.00,,,,
Fairview Elementary,5/23/2025,30030,Cheddar Chex Mix(Package),0,0,0,18,0,18,18,$0.00,0,0.00%,$0.00,$0.00,0,0.00%,$0.00,$0.00,,,,
Fairview Elementary,5/23/2025,30031,Strawberry Chex Mix(Package),0,0,0,12,0,12,12,$0.00,0,0.00%,$0.00,$0.00,0,0.00%,$0.00,$0.00,,,,
Fairview Elementary,5/23/2025,30033,Cheez-Its Crackers(Package),0,0,0,32,0,32,32,$0.00,0,0.00%,$0.00,$0.00,0,0.00%,$0.00,$0.00,,,,
Fairview Elementary,5/23/2025,30044,Strawberry Flavored Dried Cranberries(Each),43,0,43,65,62,3,65,$15.60,0,0.00%,$0.00,$15.60,0,0.00%,$0.00,$15.60,,,,
Fairview Elementary,5/23/2025,30049,Taco Flavored Hummus(2 Each),0,0,0,2,2,0,2,$2.04,0,0.00%,$0.00,$2.04,0,0.00%,$0.00,$2.04,,,,
Fairview Elementary,5/23/2025,30077,Italian Dressing(1 ounce),12,0,12,12,7,0,7,$0.56,0,0.00%,$0.00,$0.56,5,41.67%,$0.40,$0.96,,,,
Fairview Elementary,5/23/2025,30097,Bottled Water(Bottle),12,0,12,35,0,35,35,$0.00,0,0.00%,$0.00,$0.00,0,0.00%,$0.00,$0.00,,,,
Fairview Elementary,5/23/2025,30098,Wheat Thins(Package),0,0,0,11,0,11,11,$0.00,0,0.00%,$0.00,$0.00,0,0.00%,$0.00,$0.00,,,,
Fairview Elementary,5/23/2025,30158,Black Beans(1/2 Cup),0,0,0,16,16,0,16,$2.72,0,0.00%,$0.00,$2.72,0,0.00%,$0.00,$2.72,,,,
Fairview Elementary,5/23/2025,60035,PB&J Power Pack(Power Packs),53,0,53,47,45,2,47,$50.76,0,0.00%,$0.00,$50.76,0,0.00%,$0.00,$50.76,,,,
Fairview Elementary,5/23/2025,60037,Strawberry & Banana Yogurt Power Pack(Power Packs),12,0,12,16,16,0,16,$12.80,0,0.00%,$0.00,$12.80,0,0.00%,$0.00,$12.80,,,,
Fairview Elementary,5/23/2025,60041,Turkey Pepperoni Pizza(Slice),100,0,100,90,87,2,89,$60.52,1,1.11%,$0.68,$61.20,0,0.00%,$0.00,$61.20,,,,
Fairview Elementary,5/23/2025,60054,Steamed Broccoli(1/2 cup),0,0,0,42,42,0,42,$6.30,0,0.00%,$0.00,$6.30,0,0.00%,$0.00,$6.30,,,,
Fairview Elementary,5/23/2025,60077,Manager's Vegetable Choice(1/4 cup),150,0,150,175,175,0,175,$0.00,0,0.00%,$0.00,$0.00,0,0.00%,$0.00,$0.00,,,,
Fairview Elementary,5/23/2025,60101,Chickpeas - salad bar entree(1/2 cup),1,0,1,1,0,0,0,$0.00,0,0.00%,$0.00,$0.00,1,100.00%,$0.00,$0.00,,,,
Fairview Elementary,5/23/2025,60150,Strawberry Parfait Power Pack(Power Pack),2,0,2,4,4,0,4,$6.52,0,0.00%,$0.00,$6.52,0,0.00%,$0.00,$6.52,,,,
Fairview Elementary,5/23/2025,60170,BBQ Sandwich(Sandwich),0,0,0,8,6,2,8,$9.76,0,0.00%,$0.00,$9.76,0,0.00%,$0.00,$9.76,,,,
Flint Hill Elementary,5/23/2025,10015,Baked Cheese Sticks(2 Cheese Sticks),0,0,0,4,3,1,4,$2.64,0,0.00%,$0.00,$2.64,0,0.00%,$0.00,$2.64,,,,
Flint Hill Elementary,5/23/2025,10033,Chocolate Chip Cookie(1/2 Cookie),0,0,0,46,0,46,46,$0.00,0,0.00%,$0.00,$0.00,0,0.00%,$0.00,$0.00,,,,
Flint Hill Elementary,5/23/2025,10044,Soft Pretzel(1 pretzel),10,0,10,24,23,0,23,$5.06,0,0.00%,$0.00,$5.06,1,4.17%,$0.22,$5.28,,,,
Flint Hill Elementary,5/23/2025,10075,Cheese Pizza(Slice),103,0,103,107,102,3,105,$59.85,2,1.87%,$1.14,$60.99,0,0.00%,$0.00,$60.99,,,,
Flint Hill Elementary,5/23/2025,20001,1% White Milk(Each),26,0,26,31,31,0,31,$11.16,0,0.00%,$0.00,$11.16,0,0.00%,$0.00,$11.16,,,,
Flint Hill Elementary,5/23/2025,20002,Fat Free Chocolate Milk(Each),124,0,124,132,132,0,132,$46.20,0,0.00%,$0.00,$46.20,0,0.00%,$0.00,$46.20,,,,
Flint Hill Elementary,5/23/2025,20011,Cherry Tomatoes(1/4 cup),33,0,33,32,32,0,32,$11.84,0,0.00%,$0.00,$11.84,0,0.00%,$0.00,$11.84,,,,
Flint Hill Elementary,5/23/2025,20014,Red Delicious Apple(Each - serving),0,0,0,192,192,0,192,$63.36,0,0.00%,$0.00,$63.36,0,0.00%,$0.00,$63.36,,,,
Flint Hill Elementary,5/23/2025,20016,String Cheese(Each),1,0,1,0,0,0,0,$0.00,0,0.00%,$0.00,$0.00,0,0.00%,$0.00,$0.00,,,,
Flint Hill Elementary,5/23/2025,20017,Orange(6 Slices per 1/2 cup),0,0,0,221,221,0,221,$75.14,0,0.00%,$0.00,$75.14,0,0.00%,$0.00,$75.14,,,,
Flint Hill Elementary,5/23/2025,20027,Broccoli Florets(1/4 cup),0,0,0,42,42,0,42,$3.36,0,0.00%,$0.00,$3.36,0,0.00%,$0.00,$3.36,,,,
Flint Hill Elementary,5/23/2025,20028,Lettuce Blend Salad Mix(1/2 cup),40,0,40,40,40,0,40,$3.20,0,0.00%,$0.00,$3.20,0,0.00%,$0.00,$3.20,,,,
Flint Hill Elementary,5/23/2025,20052,Assorted  4 oz Yogurt(Container),0,0,0,0,0,0,0,$0.00,0,0.00%,$0.00,$0.00,0,0.00%,$0.00,$0.00,,,,
Flint Hill Elementary,5/23/2025,20077,"Peppers, red, pre-sliced(1/2 cup sliced)",0,0,0,4,4,0,4,$2.24,0,0.00%,$0.00,$2.24,0,0.00%,$0.00,$2.24,,,,
Flint Hill Elementary,5/23/2025,30008,Apple Juice(Each),14,0,14,0,0,0,0,$0.00,0,0.00%,$0.00,$0.00,0,0.00%,$0.00,$0.00,,,,
Flint Hill Elementary,5/23/2025,30009,Orange Tangerine Juice(Each),0,0,0,67,0,67,67,$0.00,0,0.00%,$0.00,$0.00,0,0.00%,$0.00,$0.00,,,,
Flint Hill Elementary,5/23/2025,30033,Cheez-Its Crackers(Package),0,0,0,30,0,30,30,$0.00,0,0.00%,$0.00,$0.00,0,0.00%,$0.00,$0.00,,,,
Flint Hill Elementary,5/23/2025,30039,Cherry Flavored Dried Cranberries(Each),12,0,12,0,0,0,0,$0.00,0,0.00%,$0.00,$0.00,0,0.00%,$0.00,$0.00,,,,
Flint Hill Elementary,5/23/2025,30061,Chilled Mandarin Oranges(1/4 cup (drained)),27,0,27,0,0,0,0,$0.00,0,0.00%,$0.00,$0.00,0,0.00%,$0.00,$0.00,,,,
Flint Hill Elementary,5/23/2025,30077,Italian Dressing(1 ounce),15,0,15,10,10,0,10,$0.80,0,0.00%,$0.00,$0.80,0,0.00%,$0.00,$0.80,,,,
Flint Hill Elementary,5/23/2025,30094,Doritos Wild White Nacho Flavored Tortilla Chips(Bag),0,0,0,71,0,71,71,$0.00,0,0.00%,$0.00,$0.00,0,0.00%,$0.00,$0.00,,,,
Flint Hill Elementary,5/23/2025,30097,Bottled Water(Bottle),0,0,0,28,0,28,28,$0.00,0,0.00%,$0.00,$0.00,0,0.00%,$0.00,$0.00,,,,
Flint Hill Elementary,5/23/2025,30099,Chickpeas(1/4 cup),11,0,11,10,10,0,10,$0.90,0,0.00%,$0.00,$0.90,0,0.00%,$0.00,$0.90,,,,
Flint Hill Elementary,5/23/2025,30107,Ranch Dressing(1 ounce),40,0,40,40,40,0,40,$4.40,0,0.00%,$0.00,$4.40,0,0.00%,$0.00,$4.40,,,,
Flint Hill Elementary,5/23/2025,60035,PB&J Power Pack(Power Packs),38,0,38,45,32,13,45,$48.60,0,0.00%,$0.00,$48.60,0,0.00%,$0.00,$48.60,,,,
Flint Hill Elementary,5/23/2025,60036,Cherry Vanilla Yogurt Power Pack(Power Packs),6,0,6,21,17,0,17,$13.60,0,0.00%,$0.00,$13.60,4,19.05%,$3.20,$16.80,,,,
Flint Hill Elementary,5/23/2025,60041,Turkey Pepperoni Pizza(1.37 oz),0,0,0,6,0,6,6,$0.00,0,0.00%,$0.00,$0.00,0,0.00%,$0.00,$0.00,,,,
Flint Hill Elementary,5/23/2025,60041,Turkey Pepperoni Pizza(Slice),59,0,59,64,63,1,64,$43.52,0,0.00%,$0.00,$43.52,0,0.00%,$0.00,$43.52,,,,
Flint Hill Elementary,5/23/2025,60077,Manager's Vegetable Choice(1/4 cup),7,0,7,0,0,0,0,$0.00,0,0.00%,$0.00,$0.00,0,0.00%,$0.00,$0.00,,,,
Flint Hill Elementary,5/23/2025,60089,Assorted Cereal(Cereal Cup),0,0,0,5,0,5,5,$0.00,0,0.00%,$0.00,$0.00,0,0.00%,$0.00,$0.00,,,,
Flint Hill Elementary,5/23/2025,60101,Chickpeas - salad bar entree(1/2 cup),2,0,2,1,1,0,1,$0.18,0,0.00%,$0.00,$0.18,0,0.00%,$0.00,$0.18,,,,
Floris Elementary,5/23/2025,10044,Soft Pretzel(1 pretzel),5,0,5,43,1,42,43,$9.46,0,0.00%,$0.00,$9.46,0,0.00%,$0.00,$9.46,,,,
Floris Elementary,5/23/2025,10075,Cheese Pizza(Slice),156,0,156,156,135,8,143,$81.51,13,8.33%,$7.41,$88.92,0,0.00%,$0.00,$88.92,,,,
Floris Elementary,5/23/2025,20001,1% White Milk(Each),35,0,35,44,13,0,13,$4.68,0,0.00%,$0.00,$4.68,31,70.45%,$11.16,$15.84,,,,
Floris Elementary,5/23/2025,20002,Fat Free Chocolate Milk(Each),225,0,225,244,155,0,155,$54.25,0,0.00%,$0.00,$54.25,89,36.48%,$31.15,$85.40,,,,
Floris Elementary,5/23/2025,20008,Apple Slices(3 slices per 1/4 cup),0,0,0,203,182,0,182,$107.38,21,10.34%,$12.39,$119.77,0,0.00%,$0.00,$119.77,,,,
Floris Elementary,5/23/2025,20011,Cherry Tomatoes(1/4 cup),150,0,150,150,148,0,148,$54.76,2,1.33%,$0.74,$55.50,0,0.00%,$0.00,$55.50,,,,
Floris Elementary,5/23/2025,20018,Red Seedless Grapes(8 grapes per 1/4 cup),200,0,200,69,68,0,68,$17.68,1,1.45%,$0.26,$17.94,0,0.00%,$0.00,$17.94,,,,
Floris Elementary,5/23/2025,20028,Lettuce Blend Salad Mix(1/2 cup),100,0,100,80,79,0,79,$6.32,1,1.25%,$0.08,$6.40,0,0.00%,$0.00,$6.40,,,,
Floris Elementary,5/23/2025,20031,Banana(Each),0,0,0,58,58,0,58,$12.18,0,0.00%,$0.00,$12.18,0,0.00%,$0.00,$12.18,,,,
Floris Elementary,5/23/2025,20038,Fat Free White Milk(Each),25,0,25,36,8,0,8,$2.64,0,0.00%,$0.00,$2.64,28,77.78%,$9.24,$11.88,,,,
Floris Elementary,5/23/2025,30020,Applesauce(1/2 Cup),0,0,0,27,27,0,27,$5.67,0,0.00%,$0.00,$5.67,0,0.00%,$0.00,$5.67,,,,
Floris Elementary,5/23/2025,30039,Cherry Flavored Dried Cranberries(Each),5,0,5,70,70,0,70,$16.80,0,0.00%,$0.00,$16.80,0,0.00%,$0.00,$16.80,,,,
Floris Elementary,5/23/2025,30068,Chilled Peaches(1/2 cup (drained)),0,0,0,100,98,0,98,$49.98,2,2.00%,$1.02,$51.00,0,0.00%,$0.00,$51.00,,,,
Floris Elementary,5/23/2025,30097,Bottled Water(Bottle),25,0,25,26,0,26,26,$0.00,0,0.00%,$0.00,$0.00,0,0.00%,$0.00,$0.00,,,,
Floris Elementary,5/23/2025,30107,Ranch Dressing(1 ounce),48,0,48,48,45,0,45,$4.95,3,6.25%,$0.33,$5.28,0,0.00%,$0.00,$5.28,,,,
Floris Elementary,5/23/2025,60035,PB&J Power Pack(Power Packs),30,0,30,49,33,2,35,$37.80,0,0.00%,$0.00,$37.80,14,28.57%,$15.12,$52.92,,,,
Floris Elementary,5/23/2025,60036,Cherry Vanilla Yogurt Power Pack(Power Packs),5,0,5,7,4,0,4,$3.20,0,0.00%,$0.00,$3.20,3,42.86%,$2.40,$5.60,,,,
Floris Elementary,5/23/2025,60037,Strawberry & Banana Yogurt Power Pack(Power Packs),5,0,5,7,7,0,7,$5.60,0,0.00%,$0.00,$5.60,0,0.00%,$0.00,$5.60,,,,
Floris Elementary,5/23/2025,60038,Peach Yogurt Power Pack(Power Packs),5,0,5,7,3,0,3,$2.40,0,0.00%,$0.00,$2.40,4,57.14%,$3.20,$5.60,,,,
Floris Elementary,5/23/2025,60041,Turkey Pepperoni Pizza(Slice),72,0,72,72,62,3,65,$44.20,7,9.72%,$4.76,$48.96,0,0.00%,$0.00,$48.96,,,,
Floris Elementary,5/23/2025,60077,Manager's Vegetable Choice(1/4 cup),150,0,150,168,167,0,167,$0.00,1,0.60%,$0.00,$0.00,0,0.00%,$0.00,$0.00,,,,
Floris Elementary,5/23/2025,60101,Chickpeas - salad bar entree(1/2 cup),5,0,5,1,1,0,1,$0.18,0,0.00%,$0.00,$0.18,0,0.00%,$0.00,$0.18,,,,
Forest Edge Elementary,5/23/2025,10033,Chocolate Chip Cookie(1/2 Cookie),24,0,24,0,0,0,0,$0.00,0,0.00%,$0.00,$0.00,0,0.00%,$0.00,$0.00,,,,
Forest Edge Elementary,5/23/2025,10044,Soft Pretzel(1 pretzel),28,0,28,27,27,0,27,$5.94,0,0.00%,$0.00,$5.94,0,0.00%,$0.00,$5.94,,,,
Forest Edge Elementary,5/23/2025,10075,Cheese Pizza(Slice),24,0,24,6,6,0,6,$3.42,0,0.00%,$0.00,$3.42,0,0.00%,$0.00,$3.42,,,,
Forest Edge Elementary,5/23/2025,20001,1% White Milk(Each),92,2,94,104,83,2,85,$30.60,0,0.00%,$0.00,$30.60,19,18.27%,$6.84,$37.44,,,,
Forest Edge Elementary,5/23/2025,20002,Fat Free Chocolate Milk(Each),207,0,207,200,183,0,183,$64.05,0,0.00%,$0.00,$64.05,17,8.50%,$5.95,$70.00,,,,
Forest Edge Elementary,5/23/2025,20008,Apple Slices(3 slices per 1/4 cup),0,0,0,31,29,2,31,$18.29,0,0.00%,$0.00,$18.29,0,0.00%,$0.00,$18.29,,,,
Forest Edge Elementary,5/23/2025,20012,Grape Tomatoes(6 Tomatoes per 1/2 cup),0,0,0,144,144,0,144,$74.88,0,0.00%,$0.00,$74.88,0,0.00%,$0.00,$74.88,,,,
Forest Edge Elementary,5/23/2025,20014,Red Delicious Apple(Each - serving),0,0,0,150,150,0,150,$49.50,0,0.00%,$0.00,$49.50,0,0.00%,$0.00,$49.50,,,,
Forest Edge Elementary,5/23/2025,20016,String Cheese(Each),0,0,0,0,0,0,0,$0.00,0,0.00%,$0.00,$0.00,0,0.00%,$0.00,$0.00,,,,
Forest Edge Elementary,5/23/2025,20017,Orange(Each - serving),0,0,0,170,170,0,170,$57.80,0,0.00%,$0.00,$57.80,0,0.00%,$0.00,$57.80,,,,
Forest Edge Elementary,5/23/2025,20023,Baby Carrots(3 baby carrots per 1/4 cup),0,0,0,31,29,2,31,$2.79,0,0.00%,$0.00,$2.79,0,0.00%,$0.00,$2.79,,,,
Forest Edge Elementary,5/23/2025,20023,Baby Carrots(6 Baby Carrots per 1/2 cup),0,0,0,48,48,0,48,$8.16,0,0.00%,$0.00,$8.16,0,0.00%,$0.00,$8.16,,,,
Forest Edge Elementary,5/23/2025,20028,Lettuce Blend Salad Mix(1/2 cup),131,0,131,100,100,0,100,$8.00,0,0.00%,$0.00,$8.00,0,0.00%,$0.00,$8.00,,,,
Forest Edge Elementary,5/23/2025,20038,Fat Free White Milk(Each),23,0,23,40,16,0,16,$5.28,0,0.00%,$0.00,$5.28,24,60.00%,$7.92,$13.20,,,,
Forest Edge Elementary,5/23/2025,20043,"Lactose Free, White Milk(Each)",0,0,0,3,3,0,3,$1.74,0,0.00%,$0.00,$1.74,0,0.00%,$0.00,$1.74,,,,
Forest Edge Elementary,5/23/2025,20052,Assorted  4 oz Yogurt(Container),0,0,0,0,0,0,0,$0.00,0,0.00%,$0.00,$0.00,0,0.00%,$0.00,$0.00,,,,
Forest Edge Elementary,5/23/2025,20077,"Peppers, red, pre-sliced(1/2 cup sliced)",0,0,0,35,35,0,35,$19.60,0,0.00%,$0.00,$19.60,0,0.00%,$0.00,$19.60,,,,
Forest Edge Elementary,5/23/2025,30008,Apple Juice(Each),27,0,27,0,0,0,0,$0.00,0,0.00%,$0.00,$0.00,0,0.00%,$0.00,$0.00,,,,
Forest Edge Elementary,5/23/2025,30009,Orange Tangerine Juice(Each),24,0,24,0,0,0,0,$0.00,0,0.00%,$0.00,$0.00,0,0.00%,$0.00,$0.00,,,,
Forest Edge Elementary,5/23/2025,30024,Black Beans(1/2 Cup),26,0,26,27,27,0,27,$4.59,0,0.00%,$0.00,$4.59,0,0.00%,$0.00,$4.59,,,,
Forest Edge Elementary,5/23/2025,30034,Graham Crackers(Package),0,0,0,9,9,0,9,$1.26,0,0.00%,$0.00,$1.26,0,0.00%,$0.00,$1.26,,,,
Forest Edge Elementary,5/23/2025,30043,Raspberry Lemonade Flavored Dried Cranberries(Each),31,0,31,50,50,0,50,$12.00,0,0.00%,$0.00,$12.00,0,0.00%,$0.00,$12.00,,,,
Forest Edge Elementary,5/23/2025,30048,Apple Cinnamon Spread(Each),0,0,0,10,10,0,10,$4.50,0,0.00%,$0.00,$4.50,0,0.00%,$0.00,$4.50,,,,
Forest Edge Elementary,5/23/2025,30061,Chilled Mandarin Oranges(1/2 cup (drained)),28,0,28,27,27,0,27,$9.18,0,0.00%,$0.00,$9.18,0,0.00%,$0.00,$9.18,,,,
Forest Edge Elementary,5/23/2025,30077,Italian Dressing(1 ounce),37,0,37,0,0,0,0,$0.00,0,0.00%,$0.00,$0.00,0,0.00%,$0.00,$0.00,,,,
Forest Edge Elementary,5/23/2025,30092,Roasted Sunflower Seeds(Package),0,0,0,23,23,0,23,$7.13,0,0.00%,$0.00,$7.13,0,0.00%,$0.00,$7.13,,,,
Forest Edge Elementary,5/23/2025,30094,Doritos Wild White Nacho Flavored Tortilla Chips(Bag),3,0,3,0,0,0,0,$0.00,0,0.00%,$0.00,$0.00,0,0.00%,$0.00,$0.00,,,,
Forest Edge Elementary,5/23/2025,30097,Bottled Water(Bottle),0,0,0,0,0,0,0,$0.00,0,0.00%,$0.00,$0.00,0,0.00%,$0.00,$0.00,,,,
Forest Edge Elementary,5/23/2025,30099,Chickpeas(1/4 cup),23,0,23,25,22,0,22,$1.98,3,12.00%,$0.27,$2.25,0,0.00%,$0.00,$2.25,,,,
Forest Edge Elementary,5/23/2025,30107,Ranch Dressing(1 ounce),39,0,39,48,48,0,48,$5.28,0,0.00%,$0.00,$5.28,0,0.00%,$0.00,$5.28,,,,
Forest Edge Elementary,5/23/2025,30188,"Milk, Soy, Plain, Bulk (12/32 oz)(1 cup)",0,0,0,1,1,0,1,$0.79,0,0.00%,$0.00,$0.79,0,0.00%,$0.00,$0.79,,,,
Forest Edge Elementary,5/23/2025,60009,"Sandwich, Turkey & Cheese(sandwich)",0,0,0,48,46,2,48,$33.12,0,0.00%,$0.00,$33.12,0,0.00%,$0.00,$33.12,,,,
Forest Edge Elementary,5/23/2025,60010,Cheese Sandwich(sandwich),0,0,0,5,5,0,5,$1.35,0,0.00%,$0.00,$1.35,0,0.00%,$0.00,$1.35,,,,
Forest Edge Elementary,5/23/2025,60035,PB&J Power Pack(Power Packs),41,0,41,5,5,0,5,$5.40,0,0.00%,$0.00,$5.40,0,0.00%,$0.00,$5.40,,,,
Forest Edge Elementary,5/23/2025,60036,Cherry Vanilla Yogurt Power Pack(Power Packs),0,0,0,14,14,0,14,$11.20,0,0.00%,$0.00,$11.20,0,0.00%,$0.00,$11.20,,,,
Forest Edge Elementary,5/23/2025,60041,Turkey Pepperoni Pizza(Slice),36,4,40,57,51,4,55,$37.40,2,3.51%,$1.36,$38.76,0,0.00%,$0.00,$38.76,,,,
Forest Edge Elementary,5/23/2025,60080,Cheese Pizza(Slice),150,0,150,160,159,0,159,$90.63,1,0.63%,$0.57,$91.20,0,0.00%,$0.00,$91.20,,,,
Forest Edge Elementary,5/23/2025,60101,Chickpeas - salad bar entree(1/2 cup),2,0,2,0,0,0,0,$0.00,0,0.00%,$0.00,$0.00,0,0.00%,$0.00,$0.00,,,,
Forest Edge Elementary,5/23/2025,60118,Creamy Cabbage Slaw(1/4 cup),0,0,0,50,40,0,40,$6.00,10,20.00%,$1.50,$7.50,0,0.00%,$0.00,$7.50,,,,
Forest Edge Elementary,5/23/2025,60168,Triple Berry Parfait Power Pack(Power Pack),0,0,0,10,10,0,10,$13.20,0,0.00%,$0.00,$13.20,0,0.00%,$0.00,$13.20,,,,
Forestdale Elementary,5/23/2025,10033,Chocolate Chip Cookie(1/2 Cookie),0,0,0,0,0,0,0,$0.00,0,0.00%,$0.00,$0.00,0,0.00%,$0.00,$0.00,,,,
Forestdale Elementary,5/23/2025,10044,Soft Pretzel(1 pretzel),4,0,4,0,0,0,0,$0.00,0,0.00%,$0.00,$0.00,0,0.00%,$0.00,$0.00,,,,
Forestdale Elementary,5/23/2025,10075,Cheese Pizza(Slice),3,0,3,6,6,0,6,$3.42,0,0.00%,$0.00,$3.42,0,0.00%,$0.00,$3.42,,,,
Forestdale Elementary,5/23/2025,20001,1% White Milk(Each),76,0,76,78,70,0,70,$25.20,0,0.00%,$0.00,$25.20,8,10.26%,$2.88,$28.08,,,,
Forestdale Elementary,5/23/2025,20002,Fat Free Chocolate Milk(Each),249,0,249,250,247,0,247,$86.45,0,0.00%,$0.00,$86.45,3,1.20%,$1.05,$87.50,,,,
Forestdale Elementary,5/23/2025,20011,Cherry Tomatoes(1/4 cup),95,0,95,100,95,0,95,$35.15,0,0.00%,$0.00,$35.15,5,5.00%,$1.85,$37.00,,,,
Forestdale Elementary,5/23/2025,20014,Red Delicious Apple(Each - serving),0,0,0,100,72,0,72,$23.76,0,0.00%,$0.00,$23.76,28,28.00%,$9.24,$33.00,,,,
Forestdale Elementary,5/23/2025,20016,String Cheese(Each),0,0,0,0,0,0,0,$0.00,0,0.00%,$0.00,$0.00,0,0.00%,$0.00,$0.00,,,,
Forestdale Elementary,5/23/2025,20028,Lettuce Blend Salad Mix(1/2 cup),101,0,101,100,100,0,100,$8.00,0,0.00%,$0.00,$8.00,0,0.00%,$0.00,$8.00,,,,
Forestdale Elementary,5/23/2025,20031,Banana(Each),17,0,17,13,13,0,13,$2.73,0,0.00%,$0.00,$2.73,0,0.00%,$0.00,$2.73,,,,
Forestdale Elementary,5/23/2025,20038,Fat Free White Milk(Each),26,0,26,30,25,0,25,$8.25,0,0.00%,$0.00,$8.25,5,16.67%,$1.65,$9.90,,,,
Forestdale Elementary,5/23/2025,20043,"Lactose Free, White Milk(Each)",2,0,2,2,2,0,2,$1.16,0,0.00%,$0.00,$1.16,0,0.00%,$0.00,$1.16,,,,
Forestdale Elementary,5/23/2025,20052,Assorted  4 oz Yogurt(Container),0,0,0,0,0,0,0,$0.00,0,0.00%,$0.00,$0.00,0,0.00%,$0.00,$0.00,,,,
Forestdale Elementary,5/23/2025,30008,Apple Juice(Each),1,0,1,1,0,1,1,$0.00,0,0.00%,$0.00,$0.00,0,0.00%,$0.00,$0.00,,,,
Forestdale Elementary,5/23/2025,30009,Orange Tangerine Juice(Each),0,0,0,0,0,0,0,$0.00,0,0.00%,$0.00,$0.00,0,0.00%,$0.00,$0.00,,,,
Forestdale Elementary,5/23/2025,30024,Black Beans(1/2 Cup),39,0,39,40,40,0,40,$6.80,0,0.00%,$0.00,$6.80,0,0.00%,$0.00,$6.80,,,,
Forestdale Elementary,5/23/2025,30033,Cheez-Its Crackers(Package),17,0,17,13,13,0,13,$2.34,0,0.00%,$0.00,$2.34,0,0.00%,$0.00,$2.34,,,,
Forestdale Elementary,5/23/2025,30045,Watermelon Flavored Dried Cranberries(Each),100,0,100,100,97,0,97,$23.28,0,0.00%,$0.00,$23.28,3,3.00%,$0.72,$24.00,,,,
Forestdale Elementary,5/23/2025,30061,Chilled Mandarin Oranges(1/2 cup (drained)),40,0,40,40,40,0,40,$13.60,0,0.00%,$0.00,$13.60,0,0.00%,$0.00,$13.60,,,,
Forestdale Elementary,5/23/2025,30061,Chilled Mandarin Oranges(1/4 cup (drained)),146,0,146,166,166,0,166,$28.22,0,0.00%,$0.00,$28.22,0,0.00%,$0.00,$28.22,,,,
Forestdale Elementary,5/23/2025,30077,Italian Dressing(1 ounce),14,0,14,20,15,0,15,$1.20,0,0.00%,$0.00,$1.20,5,25.00%,$0.40,$1.60,,,,
Forestdale Elementary,5/23/2025,30094,Doritos Wild White Nacho Flavored Tortilla Chips(Bag),7,0,7,7,0,7,7,$0.00,0,0.00%,$0.00,$0.00,0,0.00%,$0.00,$0.00,,,,
Forestdale Elementary,5/23/2025,30097,Bottled Water(Bottle),1,0,1,1,0,1,1,$0.00,0,0.00%,$0.00,$0.00,0,0.00%,$0.00,$0.00,,,,
Forestdale Elementary,5/23/2025,30099,Chickpeas(1/4 cup),15,0,15,15,15,0,15,$1.35,0,0.00%,$0.00,$1.35,0,0.00%,$0.00,$1.35,,,,
Forestdale Elementary,5/23/2025,30107,Ranch Dressing(1 ounce),44,0,44,0,0,0,0,$0.00,0,0.00%,$0.00,$0.00,0,0.00%,$0.00,$0.00,,,,
Forestdale Elementary,5/23/2025,30109,Smartfood RF White Cheddar Popcorn(Each),4,0,4,4,0,4,4,$0.00,0,0.00%,$0.00,$0.00,0,0.00%,$0.00,$0.00,,,,
Forestdale Elementary,5/23/2025,60035,PB&J Power Pack(Power Packs),50,0,50,50,48,0,48,$51.84,0,0.00%,$0.00,$51.84,2,4.00%,$2.16,$54.00,,,,
Forestdale Elementary,5/23/2025,60036,Cherry Vanilla Yogurt Power Pack(Power Packs),1,0,1,0,0,0,0,$0.00,0,0.00%,$0.00,$0.00,0,0.00%,$0.00,$0.00,,,,
Forestdale Elementary,5/23/2025,60037,Strawberry & Banana Yogurt Power Pack(Power Packs),30,0,30,40,31,0,31,$24.80,0,0.00%,$0.00,$24.80,9,22.50%,$7.20,$32.00,,,,
Forestdale Elementary,5/23/2025,60041,Turkey Pepperoni Pizza(Slice),152,0,152,186,164,8,172,$116.96,14,7.53%,$9.52,$126.48,0,0.00%,$0.00,$126.48,,,,
Forestdale Elementary,5/23/2025,60077,Manager's Vegetable Choice(1/4 cup),100,0,100,100,100,0,100,$0.00,0,0.00%,$0.00,$0.00,0,0.00%,$0.00,$0.00,,,,
Forestdale Elementary,5/23/2025,60080,Cheese Pizza(Slice),164,0,164,168,167,0,167,$95.19,1,0.60%,$0.57,$95.76,0,0.00%,$0.00,$95.76,,,,
Forestdale Elementary,5/23/2025,60101,Chickpeas - salad bar entree(1/2 cup),0,0,0,0,0,0,0,$0.00,0,0.00%,$0.00,$0.00,0,0.00%,$0.00,$0.00,,,,
Forestdale Elementary,5/23/2025,60121,"Sauce, Spicy Mayo(tbsp)",0,0,0,50,45,0,45,$4.05,0,0.00%,$0.00,$4.05,5,10.00%,$0.45,$4.50,,,,
Forestdale Elementary,5/23/2025,60150,Strawberry Parfait Power Pack(Power Pack),0,0,0,0,0,0,0,$0.00,0,0.00%,$0.00,$0.00,0,0.00%,$0.00,$0.00,,,,
Forestdale Elementary,5/23/2025,60155,Fish  Sandwich(Sandwich),0,0,0,7,5,1,6,$4.20,1,14.29%,$0.70,$4.90,0,0.00%,$0.00,$4.90,,,,
Forestville Elementary,5/23/2025,10044,Soft Pretzel(1 pretzel),2,0,2,5,0,0,0,$0.00,0,0.00%,$0.00,$0.00,5,100.00%,$0.00,$0.00,,,,
Forestville Elementary,5/23/2025,20001,1% White Milk(Each),29,0,29,76,17,0,17,$6.12,0,0.00%,$0.00,$6.12,59,77.63%,$21.24,$27.36,,,,
Forestville Elementary,5/23/2025,20002,Fat Free Chocolate Milk(Each),111,0,111,308,118,0,118,$41.30,0,0.00%,$0.00,$41.30,190,61.69%,$66.50,$107.80,,,,
Forestville Elementary,5/23/2025,20011,Cherry Tomatoes(1/4 cup),35,0,35,23,22,0,22,$8.14,1,4.35%,$0.37,$8.51,0,0.00%,$0.00,$8.51,,,,
Forestville Elementary,5/23/2025,20013,Gala Apple(Each),0,0,0,45,38,0,38,$14.06,0,0.00%,$0.00,$14.06,7,15.56%,$2.59,$16.65,,,,
Forestville Elementary,5/23/2025,20017,Orange(1/4 cup),0,0,0,120,117,0,117,$19.89,3,2.50%,$0.51,$20.40,0,0.00%,$0.00,$20.40,,,,
Forestville Elementary,5/23/2025,20027,Broccoli Florets(1/4 cup),0,0,0,34,30,0,30,$2.40,4,11.76%,$0.32,$2.72,0,0.00%,$0.00,$2.72,,,,
Forestville Elementary,5/23/2025,20028,Lettuce Blend Salad Mix(1/2 cup),83,0,83,85,82,0,82,$6.56,3,3.53%,$0.24,$6.80,0,0.00%,$0.00,$6.80,,,,
Forestville Elementary,5/23/2025,20038,Fat Free White Milk(Each),15,0,15,60,12,0,12,$3.96,0,0.00%,$0.00,$3.96,48,80.00%,$15.84,$19.80,,,,
Forestville Elementary,5/23/2025,30008,Apple Juice(Each),0,0,0,80,77,0,77,$13.09,0,0.00%,$0.00,$13.09,3,3.75%,$0.51,$13.60,,,,
Forestville Elementary,5/23/2025,30024,Black Beans(1/2 Cup),3,0,3,4,4,0,4,$0.68,0,0.00%,$0.00,$0.68,0,0.00%,$0.00,$0.68,,,,
Forestville Elementary,5/23/2025,30039,Cherry Flavored Dried Cranberries(Each),76,0,76,90,83,0,83,$19.92,0,0.00%,$0.00,$19.92,7,7.78%,$1.68,$21.60,,,,
Forestville Elementary,5/23/2025,30068,Chilled Peaches(1/2 cup (drained)),0,0,0,142,135,0,135,$68.85,7,4.93%,$3.57,$72.42,0,0.00%,$0.00,$72.42,,,,
Forestville Elementary,5/23/2025,30077,Italian Dressing(1 ounce),16,0,16,17,16,0,16,$1.28,1,5.88%,$0.08,$1.36,0,0.00%,$0.00,$1.36,,,,
Forestville Elementary,5/23/2025,30097,Bottled Water(Bottle),0,0,0,40,34,0,34,$5.44,0,0.00%,$0.00,$5.44,6,15.00%,$0.96,$6.40,,,,
Forestville Elementary,5/23/2025,30099,Chickpeas(1/4 cup),18,0,18,16,14,0,14,$1.26,2,12.50%,$0.18,$1.44,0,0.00%,$0.00,$1.44,,,,
Forestville Elementary,5/23/2025,30107,Ranch Dressing(1 ounce),18,0,18,19,17,0,17,$1.87,2,10.53%,$0.22,$2.09,0,0.00%,$0.00,$2.09,,,,
Forestville Elementary,5/23/2025,30109,Smartfood RF White Cheddar Popcorn(Each),0,0,0,80,77,0,77,$28.49,0,0.00%,$0.00,$28.49,3,3.75%,$1.11,$29.60,,,,
Forestville Elementary,5/23/2025,60035,PB&J Power Pack(Power Packs),41,0,41,45,42,0,42,$45.36,0,0.00%,$0.00,$45.36,3,6.67%,$3.24,$48.60,,,,
Forestville Elementary,5/23/2025,60036,Cherry Vanilla Yogurt Power Pack(Power Packs),2,0,2,1,1,0,1,$0.80,0,0.00%,$0.00,$0.80,0,0.00%,$0.00,$0.80,,,,
Forestville Elementary,5/23/2025,60038,Peach Yogurt Power Pack(Power Packs),11,0,11,20,14,0,14,$11.20,0,0.00%,$0.00,$11.20,6,30.00%,$4.80,$16.00,,,,
Forestville Elementary,5/23/2025,60041,Turkey Pepperoni Pizza(Slice),81,0,81,75,71,0,71,$48.28,4,5.33%,$2.72,$51.00,0,0.00%,$0.00,$51.00,,,,
Forestville Elementary,5/23/2025,60080,Cheese Pizza(Slice),164,0,164,173,172,0,172,$98.04,1,0.58%,$0.57,$98.61,0,0.00%,$0.00,$98.61,,,,
Forestville Elementary,5/23/2025,60101,Chickpeas - salad bar entree(1/2 cup),3,0,3,5,0,0,0,$0.00,5,100.00%,$0.00,$0.00,0,0.00%,$0.00,$0.00,,,,
Forestville Elementary,5/23/2025,x30001,Chilled Peaches(1/2 cup),0,0,0,4,4,0,4,$1.52,0,0.00%,$0.00,$1.52,0,0.00%,$0.00,$1.52,,,,
Fort Belvoir Primary Elementary,5/23/2025,10033,Chocolate Chip Cookie(1/2 Cookie),74,0,74,0,0,0,0,$0.00,0,0.00%,$0.00,$0.00,0,0.00%,$0.00,$0.00,,,,
Fort Belvoir Primary Elementary,5/23/2025,10044,Soft Pretzel(1 pretzel),4,0,4,28,28,0,28,$6.16,0,0.00%,$0.00,$6.16,0,0.00%,$0.00,$6.16,,,,
Fort Belvoir Primary Elementary,5/23/2025,10075,Cheese Pizza(Slice),9,0,9,9,9,0,9,$5.13,0,0.00%,$0.00,$5.13,0,0.00%,$0.00,$5.13,,,,
Fort Belvoir Primary Elementary,5/23/2025,20001,1% White Milk(Each),94,0,94,327,85,0,85,$30.60,0,0.00%,$0.00,$30.60,242,74.01%,$87.12,$117.72,,,,
Fort Belvoir Primary Elementary,5/23/2025,20002,Fat Free Chocolate Milk(Each),251,0,251,513,246,0,246,$86.10,0,0.00%,$0.00,$86.10,267,52.05%,$93.45,$179.55,,,,
Fort Belvoir Primary Elementary,5/23/2025,20008,Apple Slices(3 slices per 1/4 cup),0,0,0,232,230,0,230,$135.70,2,0.86%,$1.18,$136.88,0,0.00%,$0.00,$136.88,,,,
Fort Belvoir Primary Elementary,5/23/2025,20011,Cherry Tomatoes(1/4 cup),140,0,140,144,143,0,143,$52.91,1,0.69%,$0.37,$53.28,0,0.00%,$0.00,$53.28,,,,
Fort Belvoir Primary Elementary,5/23/2025,20015,Golden Delicious Apple(Each),0,0,0,91,70,0,70,$21.70,0,0.00%,$0.00,$21.70,21,23.08%,$6.51,$28.21,,,,
Fort Belvoir Primary Elementary,5/23/2025,20016,String Cheese(Each),1,0,1,0,0,0,0,$0.00,0,0.00%,$0.00,$0.00,0,0.00%,$0.00,$0.00,,,,
Fort Belvoir Primary Elementary,5/23/2025,20023,Baby Carrots(3 baby carrots per 1/4 cup),0,0,0,139,138,0,138,$12.42,1,0.72%,$0.09,$12.51,0,0.00%,$0.00,$12.51,,,,
Fort Belvoir Primary Elementary,5/23/2025,20028,Lettuce Blend Salad Mix(1/2 cup),153,0,153,180,177,0,177,$14.16,3,1.67%,$0.24,$14.40,0,0.00%,$0.00,$14.40,,,,
Fort Belvoir Primary Elementary,5/23/2025,20031,Banana(Each),36,0,36,70,69,0,69,$14.49,1,1.43%,$0.21,$14.70,0,0.00%,$0.00,$14.70,,,,
Fort Belvoir Primary Elementary,5/23/2025,20038,Fat Free White Milk(Each),5,0,5,77,6,0,6,$1.98,0,0.00%,$0.00,$1.98,71,92.21%,$23.43,$25.41,,,,
Fort Belvoir Primary Elementary,5/23/2025,20043,"Lactose Free, White Milk(Each)",0,0,0,1,1,0,1,$0.58,0,0.00%,$0.00,$0.58,0,0.00%,$0.00,$0.58,,,,
Fort Belvoir Primary Elementary,5/23/2025,20052,Assorted  4 oz Yogurt(Container),1,0,1,0,0,0,0,$0.00,0,0.00%,$0.00,$0.00,0,0.00%,$0.00,$0.00,,,,
Fort Belvoir Primary Elementary,5/23/2025,30008,Apple Juice(Each),26,0,26,14,14,0,14,$2.38,0,0.00%,$0.00,$2.38,0,0.00%,$0.00,$2.38,,,,
Fort Belvoir Primary Elementary,5/23/2025,30009,Orange Tangerine Juice(Each),3,0,3,0,0,0,0,$0.00,0,0.00%,$0.00,$0.00,0,0.00%,$0.00,$0.00,,,,
Fort Belvoir Primary Elementary,5/23/2025,30033,Cheez-Its Crackers(Package),36,0,36,33,33,0,33,$5.94,0,0.00%,$0.00,$5.94,0,0.00%,$0.00,$5.94,,,,
Fort Belvoir Primary Elementary,5/23/2025,30045,Watermelon Flavored Dried Cranberries(Each),87,0,87,75,65,0,65,$15.60,0,0.00%,$0.00,$15.60,10,13.33%,$2.40,$18.00,,,,
Fort Belvoir Primary Elementary,5/23/2025,30061,Chilled Mandarin Oranges(1/2 cup (drained)),48,0,48,43,43,0,43,$14.62,0,0.00%,$0.00,$14.62,0,0.00%,$0.00,$14.62,,,,
Fort Belvoir Primary Elementary,5/23/2025,30061,Chilled Mandarin Oranges(1/4 cup (drained)),251,0,251,308,305,0,305,$51.85,3,0.97%,$0.51,$52.36,0,0.00%,$0.00,$52.36,,,,
Fort Belvoir Primary Elementary,5/23/2025,30077,Italian Dressing(1 ounce),116,0,116,25,23,0,23,$1.84,2,8.00%,$0.16,$2.00,0,0.00%,$0.00,$2.00,,,,
Fort Belvoir Primary Elementary,5/23/2025,30094,Doritos Wild White Nacho Flavored Tortilla Chips(Bag),1,0,1,0,0,0,0,$0.00,0,0.00%,$0.00,$0.00,0,0.00%,$0.00,$0.00,,,,
Fort Belvoir Primary Elementary,5/23/2025,30097,Bottled Water(Bottle),2,0,2,2,2,0,2,$0.32,0,0.00%,$0.00,$0.32,0,0.00%,$0.00,$0.32,,,,
Fort Belvoir Primary Elementary,5/23/2025,30099,Chickpeas(1/4 cup),40,0,40,32,31,0,31,$2.79,1,3.13%,$0.09,$2.88,0,0.00%,$0.00,$2.88,,,,
Fort Belvoir Primary Elementary,5/23/2025,30107,Ranch Dressing(1 ounce),119,0,119,185,175,0,175,$19.25,10,5.41%,$1.10,$20.35,0,0.00%,$0.00,$20.35,,,,
Fort Belvoir Primary Elementary,5/23/2025,30188,"Milk, Soy, Plain, Bulk (12/32 oz)(1 cup)",0,0,0,2,2,0,2,$1.58,0,0.00%,$0.00,$1.58,0,0.00%,$0.00,$1.58,,,,
Fort Belvoir Primary Elementary,5/23/2025,60035,PB&J Power Pack(Power Packs),75,0,75,115,72,4,76,$82.08,0,0.00%,$0.00,$82.08,39,33.91%,$42.12,$124.20,,,,
Fort Belvoir Primary Elementary,5/23/2025,60037,Strawberry & Banana Yogurt Power Pack(Power Packs),51,0,51,76,35,3,38,$30.40,1,1.32%,$0.80,$31.20,37,48.68%,$29.60,$60.80,,,,
Fort Belvoir Primary Elementary,5/23/2025,60041,Turkey Pepperoni Pizza(Slice),109,0,109,116,110,4,114,$77.52,2,1.72%,$1.36,$78.88,0,0.00%,$0.00,$78.88,,,,
Fort Belvoir Primary Elementary,5/23/2025,60080,Cheese Pizza(Slice),160,0,160,167,140,10,150,$85.50,4,2.40%,$2.28,$87.78,13,7.78%,$7.41,$95.19,,,,
Fort Belvoir Primary Elementary,5/23/2025,60101,Chickpeas - salad bar entree(1/2 cup),5,0,5,4,4,0,4,$0.72,0,0.00%,$0.00,$0.72,0,0.00%,$0.00,$0.72,,,,
Fort Belvoir Upper Elementary,5/23/2025,10033,Chocolate Chip Cookie(1/2 Cookie),66,0,66,62,61,0,61,$8.54,1,1.61%,$0.14,$8.68,0,0.00%,$0.00,$8.68,,,,
Fort Belvoir Upper Elementary,5/23/2025,10044,Soft Pretzel(1 pretzel),30,0,30,22,17,0,17,$3.74,1,4.55%,$0.22,$3.96,4,18.18%,$0.88,$4.84,,,,
Fort Belvoir Upper Elementary,5/23/2025,10062,Corn(1/2 cup (cooked)),0,0,0,64,63,0,63,$13.23,0,0.00%,$0.00,$13.23,1,1.56%,$0.21,$13.44,,,,
Fort Belvoir Upper Elementary,5/23/2025,10075,Cheese Pizza(Slice),9,0,9,9,9,0,9,$5.13,0,0.00%,$0.00,$5.13,0,0.00%,$0.00,$5.13,,,,
Fort Belvoir Upper Elementary,5/23/2025,20001,1% White Milk(Each),65,0,65,89,58,0,58,$20.88,0,0.00%,$0.00,$20.88,31,34.83%,$11.16,$32.04,,,,
Fort Belvoir Upper Elementary,5/23/2025,20002,Fat Free Chocolate Milk(Each),193,0,193,225,205,0,205,$71.75,0,0.00%,$0.00,$71.75,20,8.89%,$7.00,$78.75,,,,
Fort Belvoir Upper Elementary,5/23/2025,20011,Cherry Tomatoes(1/4 cup),52,0,52,72,36,0,36,$13.32,0,0.00%,$0.00,$13.32,36,50.00%,$13.32,$26.64,,,,
Fort Belvoir Upper Elementary,5/23/2025,20014,Red Delicious Apple(Each - serving),0,0,0,123,97,0,97,$32.01,0,0.00%,$0.00,$32.01,26,21.14%,$8.58,$40.59,,,,
Fort Belvoir Upper Elementary,5/23/2025,20016,String Cheese(Each),3,0,3,5,1,0,1,$0.22,0,0.00%,$0.00,$0.22,4,80.00%,$0.88,$1.10,,,,
Fort Belvoir Upper Elementary,5/23/2025,20018,Red Seedless Grapes(8 grapes per 1/4 cup),161,0,161,184,184,0,184,$47.84,0,0.00%,$0.00,$47.84,0,0.00%,$0.00,$47.84,,,,
Fort Belvoir Upper Elementary,5/23/2025,20023,Baby Carrots(3 baby carrots per 1/4 cup),0,0,0,120,96,0,96,$8.64,0,0.00%,$0.00,$8.64,24,20.00%,$2.16,$10.80,,,,
Fort Belvoir Upper Elementary,5/23/2025,20028,Lettuce Blend Salad Mix(1/2 cup),49,0,49,60,52,0,52,$4.16,0,0.00%,$0.00,$4.16,8,13.33%,$0.64,$4.80,,,,
Fort Belvoir Upper Elementary,5/23/2025,20031,Banana(Each),34,0,34,40,40,0,40,$8.40,0,0.00%,$0.00,$8.40,0,0.00%,$0.00,$8.40,,,,
Fort Belvoir Upper Elementary,5/23/2025,20038,Fat Free White Milk(Each),12,0,12,45,7,0,7,$2.31,0,0.00%,$0.00,$2.31,38,84.44%,$12.54,$14.85,,,,
Fort Belvoir Upper Elementary,5/23/2025,20047,Orange Slices(3 slices per 1/4 cup),0,0,0,145,145,0,145,$29.00,0,0.00%,$0.00,$29.00,0,0.00%,$0.00,$29.00,,,,
Fort Belvoir Upper Elementary,5/23/2025,20052,Assorted  4 oz Yogurt(Container),0,0,0,2,0,0,0,$0.00,0,0.00%,$0.00,$0.00,2,100.00%,$0.00,$0.00,,,,
Fort Belvoir Upper Elementary,5/23/2025,30008,Apple Juice(Each),9,0,9,12,12,0,12,$2.04,0,0.00%,$0.00,$2.04,0,0.00%,$0.00,$2.04,,,,
Fort Belvoir Upper Elementary,5/23/2025,30009,Orange Tangerine Juice(Each),8,0,8,14,14,0,14,$2.38,0,0.00%,$0.00,$2.38,0,0.00%,$0.00,$2.38,,,,
Fort Belvoir Upper Elementary,5/23/2025,30033,Cheez-Its Crackers(Package),31,0,31,31,31,0,31,$5.58,0,0.00%,$0.00,$5.58,0,0.00%,$0.00,$5.58,,,,
Fort Belvoir Upper Elementary,5/23/2025,30045,Watermelon Flavored Dried Cranberries(Each),31,0,31,30,18,0,18,$4.32,0,0.00%,$0.00,$4.32,12,40.00%,$2.88,$7.20,,,,
Fort Belvoir Upper Elementary,5/23/2025,30061,Chilled Mandarin Oranges(1/2 cup (drained)),35,0,35,35,35,0,35,$11.90,0,0.00%,$0.00,$11.90,0,0.00%,$0.00,$11.90,,,,
Fort Belvoir Upper Elementary,5/23/2025,30061,Chilled Mandarin Oranges(1/4 cup (drained)),44,0,44,22,22,0,22,$3.74,0,0.00%,$0.00,$3.74,0,0.00%,$0.00,$3.74,,,,
Fort Belvoir Upper Elementary,5/23/2025,30077,Italian Dressing(1 ounce),8,0,8,24,16,0,16,$1.28,0,0.00%,$0.00,$1.28,8,33.33%,$0.64,$1.92,,,,
Fort Belvoir Upper Elementary,5/23/2025,30097,Bottled Water(Bottle),25,0,25,25,14,5,19,$3.04,0,0.00%,$0.00,$3.04,6,24.00%,$0.96,$4.00,,,,
Fort Belvoir Upper Elementary,5/23/2025,30099,Chickpeas(1/4 cup),11,0,11,20,10,0,10,$0.90,0,0.00%,$0.00,$0.90,10,50.00%,$0.90,$1.80,,,,
Fort Belvoir Upper Elementary,5/23/2025,60021,Cooked  Brown Rice(1 cup cooked),0,0,0,1,1,0,1,$0.11,0,0.00%,$0.00,$0.11,0,0.00%,$0.00,$0.11,,,,
Fort Belvoir Upper Elementary,5/23/2025,60035,PB&J Power Pack(Power Packs),81,0,81,72,68,0,68,$73.44,0,0.00%,$0.00,$73.44,4,5.56%,$4.32,$77.76,,,,
Fort Belvoir Upper Elementary,5/23/2025,60037,Strawberry & Banana Yogurt Power Pack(Power Packs),24,0,24,10,4,0,4,$3.20,0,0.00%,$0.00,$3.20,6,60.00%,$4.80,$8.00,,,,
Fort Belvoir Upper Elementary,5/23/2025,60038,Peach Yogurt Power Pack(Power Packs),13,0,13,10,2,0,2,$1.60,0,0.00%,$0.00,$1.60,8,80.00%,$6.40,$8.00,,,,
Fort Belvoir Upper Elementary,5/23/2025,60041,Turkey Pepperoni Pizza(Slice),133,0,133,183,167,5,172,$116.96,1,0.55%,$0.68,$117.64,10,5.46%,$6.80,$124.44,,,,
Fort Belvoir Upper Elementary,5/23/2025,60047,Chicken Tenders(3 tenders),0,0,0,1,1,0,1,$0.94,0,0.00%,$0.00,$0.94,0,0.00%,$0.00,$0.94,,,,
Fort Belvoir Upper Elementary,5/23/2025,60054,Steamed Broccoli(1/2 cup),0,0,0,98,92,0,92,$13.80,0,0.00%,$0.00,$13.80,6,6.12%,$0.90,$14.70,,,,
Fort Belvoir Upper Elementary,5/23/2025,60077,Manager's Vegetable Choice(1/4 cup),29,0,29,35,18,0,18,$0.00,0,0.00%,$0.00,$0.00,17,48.57%,$0.00,$0.00,,,,
Fort Belvoir Upper Elementary,5/23/2025,60080,Cheese Pizza(Slice),86,0,86,114,107,1,108,$61.56,0,0.00%,$0.00,$61.56,6,5.26%,$3.42,$64.98,,,,
Fort Belvoir Upper Elementary,5/23/2025,60101,Chickpeas - salad bar entree(1/2 cup),10,0,10,29,19,0,19,$3.42,0,0.00%,$0.00,$3.42,10,34.48%,$1.80,$5.22,,,,
Fort Hunt Elementary,5/23/2025,10044,Soft Pretzel(1 pretzel),3,0,3,4,4,0,4,$0.88,0,0.00%,$0.00,$0.88,0,0.00%,$0.00,$0.88,,,,
Fort Hunt Elementary,5/23/2025,10062,Corn(1/2 cup (cooked)),0,0,0,104,98,0,98,$20.58,0,0.00%,$0.00,$20.58,6,5.77%,$1.26,$21.84,,,,
Fort Hunt Elementary,5/23/2025,10075,Cheese Pizza(Slice),100,0,100,110,107,0,107,$60.99,0,0.00%,$0.00,$60.99,3,2.73%,$1.71,$62.70,,,,
Fort Hunt Elementary,5/23/2025,20001,1% White Milk(Each),21,0,21,54,19,0,19,$6.84,0,0.00%,$0.00,$6.84,35,64.81%,$12.60,$19.44,,,,
Fort Hunt Elementary,5/23/2025,20002,Fat Free Chocolate Milk(Each),107,0,107,152,130,0,130,$45.50,0,0.00%,$0.00,$45.50,22,14.47%,$7.70,$53.20,,,,
Fort Hunt Elementary,5/23/2025,20011,Cherry Tomatoes(1/4 cup),39,0,39,70,70,0,70,$25.90,0,0.00%,$0.00,$25.90,0,0.00%,$0.00,$25.90,,,,
Fort Hunt Elementary,5/23/2025,20015,Golden Delicious Apple(Each),0,0,0,156,75,0,75,$23.25,0,0.00%,$0.00,$23.25,81,51.92%,$25.11,$48.36,,,,
Fort Hunt Elementary,5/23/2025,20016,String Cheese(1 Stick),2,0,2,2,0,0,0,$0.00,0,0.00%,$0.00,$0.00,2,100.00%,$0.00,$0.00,,,,
Fort Hunt Elementary,5/23/2025,20018,Red Seedless Grapes(8 grapes per 1/4 cup),200,0,200,230,205,0,205,$53.30,0,0.00%,$0.00,$53.30,25,10.87%,$6.50,$59.80,,,,
Fort Hunt Elementary,5/23/2025,20028,Lettuce Blend Salad Mix(1/2 cup),130,0,130,120,120,0,120,$9.60,0,0.00%,$0.00,$9.60,0,0.00%,$0.00,$9.60,,,,
Fort Hunt Elementary,5/23/2025,20038,Fat Free White Milk(Each),5,0,5,29,3,0,3,$0.99,0,0.00%,$0.00,$0.99,26,89.66%,$8.58,$9.57,,,,
Fort Hunt Elementary,5/23/2025,20052,Assorted  4 oz Yogurt(Container),2,0,2,2,0,0,0,$0.00,0,0.00%,$0.00,$0.00,2,100.00%,$0.00,$0.00,,,,
Fort Hunt Elementary,5/23/2025,30008,Apple Juice(Each),5,0,5,2,0,0,0,$0.00,0,0.00%,$0.00,$0.00,2,100.00%,$0.00,$0.00,,,,
Fort Hunt Elementary,5/23/2025,30009,Orange Tangerine Juice(Each),5,0,5,2,0,0,0,$0.00,0,0.00%,$0.00,$0.00,2,100.00%,$0.00,$0.00,,,,
Fort Hunt Elementary,5/23/2025,30030,Cheddar Chex Mix(Package),0,0,0,15,12,0,12,$5.40,0,0.00%,$0.00,$5.40,3,20.00%,$1.35,$6.75,,,,
Fort Hunt Elementary,5/23/2025,30043,Raspberry Lemonade Flavored Dried Cranberries(Each),25,0,25,35,35,0,35,$8.40,0,0.00%,$0.00,$8.40,0,0.00%,$0.00,$8.40,,,,
Fort Hunt Elementary,5/23/2025,30077,Italian Dressing(1 ounce),10,0,10,12,4,0,4,$0.32,0,0.00%,$0.00,$0.32,8,66.67%,$0.64,$0.96,,,,
Fort Hunt Elementary,5/23/2025,30097,Bottled Water(Bottle),5,0,5,10,6,0,6,$0.96,0,0.00%,$0.00,$0.96,4,40.00%,$0.64,$1.60,,,,
Fort Hunt Elementary,5/23/2025,30099,Chickpeas(1/4 cup),19,0,19,24,16,0,16,$1.44,8,33.33%,$0.72,$2.16,0,0.00%,$0.00,$2.16,,,,
Fort Hunt Elementary,5/23/2025,30107,Ranch Dressing(1 ounce),24,0,24,24,14,0,14,$1.54,0,0.00%,$0.00,$1.54,10,41.67%,$1.10,$2.64,,,,
Fort Hunt Elementary,5/23/2025,60035,PB&J Power Pack(Power Packs),30,0,30,30,11,0,11,$11.88,0,0.00%,$0.00,$11.88,19,63.33%,$20.52,$32.40,,,,
Fort Hunt Elementary,5/23/2025,60038,Peach Yogurt Power Pack(Power Packs),8,0,8,15,3,0,3,$2.40,0,0.00%,$0.00,$2.40,12,80.00%,$9.60,$12.00,,,,
Fort Hunt Elementary,5/23/2025,60041,Turkey Pepperoni Pizza(Slice),82,0,82,83,80,0,80,$54.40,0,0.00%,$0.00,$54.40,3,3.61%,$2.04,$56.44,,,,
Fox Mill Elementary,5/23/2025,10033,Chocolate Chip Cookie(1/2 Cookie),190,0,190,0,0,0,0,$0.00,0,0.00%,$0.00,$0.00,0,0.00%,$0.00,$0.00,,,,
Fox Mill Elementary,5/23/2025,10044,Soft Pretzel(1 pretzel),2,0,2,0,0,0,0,$0.00,0,0.00%,$0.00,$0.00,0,0.00%,$0.00,$0.00,,,,
Fox Mill Elementary,5/23/2025,10073,Whole Strawberries(1/2 cup thawed),0,0,0,0,0,0,0,$0.00,0,0.00%,$0.00,$0.00,0,0.00%,$0.00,$0.00,,,,
Fox Mill Elementary,5/23/2025,10075,Cheese Pizza(Slice),135,0,135,125,124,0,124,$70.68,1,0.80%,$0.57,$71.25,0,0.00%,$0.00,$71.25,,,,
Fox Mill Elementary,5/23/2025,20001,1% White Milk(Each),15,0,15,51,20,0,20,$7.20,0,0.00%,$0.00,$7.20,31,60.78%,$11.16,$18.36,,,,
Fox Mill Elementary,5/23/2025,20002,Fat Free Chocolate Milk(Each),145,0,145,233,147,0,147,$51.45,0,0.00%,$0.00,$51.45,86,36.91%,$30.10,$81.55,,,,
Fox Mill Elementary,5/23/2025,20011,Cherry Tomatoes(1/4 cup),95,0,95,72,64,3,67,$24.79,5,6.94%,$1.85,$26.64,0,0.00%,$0.00,$26.64,,,,
Fox Mill Elementary,5/23/2025,20016,String Cheese(Each),3,0,3,0,0,0,0,$0.00,0,0.00%,$0.00,$0.00,0,0.00%,$0.00,$0.00,,,,
Fox Mill Elementary,5/23/2025,20018,Red Seedless Grapes(8 grapes per 1/4 cup),195,0,195,0,0,0,0,$0.00,0,0.00%,$0.00,$0.00,0,0.00%,$0.00,$0.00,,,,
Fox Mill Elementary,5/23/2025,20028,Lettuce Blend Salad Mix(1/2 cup),40,0,40,40,33,3,36,$2.88,4,10.00%,$0.32,$3.20,0,0.00%,$0.00,$3.20,,,,
Fox Mill Elementary,5/23/2025,20038,Fat Free White Milk(Each),10,0,10,26,6,0,6,$1.98,0,0.00%,$0.00,$1.98,20,76.92%,$6.60,$8.58,,,,
Fox Mill Elementary,5/23/2025,20047,Orange Slices(3 slices per 1/4 cup),0,0,0,102,96,3,99,$19.80,3,2.94%,$0.60,$20.40,0,0.00%,$0.00,$20.40,,,,
Fox Mill Elementary,5/23/2025,20052,Assorted  4 oz Yogurt(Container),5,0,5,15,12,0,12,$0.00,0,0.00%,$0.00,$0.00,3,20.00%,$0.00,$0.00,,,,
Fox Mill Elementary,5/23/2025,20074,"Apple Slices(3 slices, 1/4 cup)",0,0,0,348,337,3,340,$61.20,8,2.30%,$1.44,$62.64,0,0.00%,$0.00,$62.64,,,,
Fox Mill Elementary,5/23/2025,30008,Apple Juice(Each),58,0,58,0,0,0,0,$0.00,0,0.00%,$0.00,$0.00,0,0.00%,$0.00,$0.00,,,,
Fox Mill Elementary,5/23/2025,30009,Orange Tangerine Juice(Each),45,0,45,60,54,0,54,$9.18,0,0.00%,$0.00,$9.18,6,10.00%,$1.02,$10.20,,,,
Fox Mill Elementary,5/23/2025,30039,Cherry Flavored Dried Cranberries(Each),0,0,0,0,0,0,0,$0.00,0,0.00%,$0.00,$0.00,0,0.00%,$0.00,$0.00,,,,
Fox Mill Elementary,5/23/2025,30041,Orange Flavored Dried Cranberries(Each),30,0,30,0,0,0,0,$0.00,0,0.00%,$0.00,$0.00,0,0.00%,$0.00,$0.00,,,,
Fox Mill Elementary,5/23/2025,30042,Original Flavored Dried Cranberries(Package),0,0,0,0,0,0,0,$0.00,0,0.00%,$0.00,$0.00,0,0.00%,$0.00,$0.00,,,,
Fox Mill Elementary,5/23/2025,30043,Raspberry Lemonade Flavored Dried Cranberries(Each),0,0,0,0,0,0,0,$0.00,0,0.00%,$0.00,$0.00,0,0.00%,$0.00,$0.00,,,,
Fox Mill Elementary,5/23/2025,30044,Strawberry Flavored Dried Cranberries(Each),30,0,30,0,0,0,0,$0.00,0,0.00%,$0.00,$0.00,0,0.00%,$0.00,$0.00,,,,
Fox Mill Elementary,5/23/2025,30045,Watermelon Flavored Dried Cranberries(Each),30,0,30,0,0,0,0,$0.00,0,0.00%,$0.00,$0.00,0,0.00%,$0.00,$0.00,,,,
Fox Mill Elementary,5/23/2025,30061,Chilled Mandarin Oranges(1/4 cup (drained)),120,0,120,0,0,0,0,$0.00,0,0.00%,$0.00,$0.00,0,0.00%,$0.00,$0.00,,,,
Fox Mill Elementary,5/23/2025,30077,Italian Dressing(1 ounce),24,0,24,24,14,0,14,$1.12,10,41.67%,$0.80,$1.92,0,0.00%,$0.00,$1.92,,,,
Fox Mill Elementary,5/23/2025,30094,Doritos Wild White Nacho Flavored Tortilla Chips(Bag),74,0,74,130,130,0,130,$45.50,0,0.00%,$0.00,$45.50,0,0.00%,$0.00,$45.50,,,,
Fox Mill Elementary,5/23/2025,30097,Bottled Water(Bottle),25,0,25,35,35,0,35,$5.60,0,0.00%,$0.00,$5.60,0,0.00%,$0.00,$5.60,,,,
Fox Mill Elementary,5/23/2025,30099,Chickpeas(1/4 cup),32,0,32,32,26,3,29,$2.61,3,9.38%,$0.27,$2.88,0,0.00%,$0.00,$2.88,,,,
Fox Mill Elementary,5/23/2025,30107,Ranch Dressing(1 ounce),48,0,48,48,40,3,43,$4.73,5,10.42%,$0.55,$5.28,0,0.00%,$0.00,$5.28,,,,
Fox Mill Elementary,5/23/2025,60035,PB&J Power Pack(Power Packs),35,0,35,45,43,0,43,$46.44,0,0.00%,$0.00,$46.44,2,4.44%,$2.16,$48.60,,,,
Fox Mill Elementary,5/23/2025,60036,Cherry Vanilla Yogurt Power Pack(Power Packs),0,0,0,0,0,0,0,$0.00,0,0.00%,$0.00,$0.00,0,0.00%,$0.00,$0.00,,,,
Fox Mill Elementary,5/23/2025,60037,Strawberry & Banana Yogurt Power Pack(Power Packs),3,0,3,0,0,0,0,$0.00,0,0.00%,$0.00,$0.00,0,0.00%,$0.00,$0.00,,,,
Fox Mill Elementary,5/23/2025,60038,Peach Yogurt Power Pack(Power Packs),10,0,10,0,0,0,0,$0.00,0,0.00%,$0.00,$0.00,0,0.00%,$0.00,$0.00,,,,
Fox Mill Elementary,5/23/2025,60041,Turkey Pepperoni Pizza(Slice),95,0,95,100,95,2,97,$65.96,3,3.00%,$2.04,$68.00,0,0.00%,$0.00,$68.00,,,,
Fox Mill Elementary,5/23/2025,60077,Manager's Vegetable Choice(1/4 cup),85,0,85,96,87,3,90,$0.00,6,6.25%,$0.00,$0.00,0,0.00%,$0.00,$0.00,,,,
Fox Mill Elementary,5/23/2025,60101,Chickpeas - salad bar entree(1/2 cup),0,0,0,0,0,0,0,$0.00,0,0.00%,$0.00,$0.00,0,0.00%,$0.00,$0.00,,,,
Fox Mill Elementary,5/23/2025,60150,Strawberry Parfait Power Pack(Power Pack),0,0,0,10,8,0,8,$13.04,0,0.00%,$0.00,$13.04,2,20.00%,$3.26,$16.30,,,,
Franconia Elementary,5/23/2025,10044,Soft Pretzel(1 pretzel),8,0,8,28,6,10,16,$3.52,0,0.00%,$0.00,$3.52,12,42.86%,$2.64,$6.16,,,,
Franconia Elementary,5/23/2025,10075,Cheese Pizza(Slice),147,0,147,150,140,4,144,$82.08,0,0.00%,$0.00,$82.08,6,4.00%,$3.42,$85.50,,,,
Franconia Elementary,5/23/2025,20001,1% White Milk(Each),15,0,15,108,13,0,13,$4.68,0,0.00%,$0.00,$4.68,95,87.96%,$34.20,$38.88,,,,
Franconia Elementary,5/23/2025,20002,Fat Free Chocolate Milk(Each),94,0,94,364,145,4,149,$52.15,0,0.00%,$0.00,$52.15,215,59.07%,$75.25,$127.40,,,,
Franconia Elementary,5/23/2025,20017,Orange(1/4 cup),0,0,0,232,228,0,228,$38.76,0,0.00%,$0.00,$38.76,4,1.72%,$0.68,$39.44,,,,
Franconia Elementary,5/23/2025,20018,Red Seedless Grapes(8 grapes per 1/4 cup),159,0,159,276,272,3,275,$71.50,0,0.00%,$0.00,$71.50,1,0.36%,$0.26,$71.76,,,,
Franconia Elementary,5/23/2025,20028,Lettuce Blend Salad Mix(1/2 cup),64,0,64,40,40,0,40,$3.20,0,0.00%,$0.00,$3.20,0,0.00%,$0.00,$3.20,,,,
Franconia Elementary,5/23/2025,20038,Fat Free White Milk(Each),61,0,61,41,3,0,3,$0.99,0,0.00%,$0.00,$0.99,38,92.68%,$12.54,$13.53,,,,
Franconia Elementary,5/23/2025,30008,Apple Juice(Each),10,0,10,15,0,15,15,$0.00,0,0.00%,$0.00,$0.00,0,0.00%,$0.00,$0.00,,,,
Franconia Elementary,5/23/2025,30009,Orange Tangerine Juice(Each),8,0,8,15,0,15,15,$0.00,0,0.00%,$0.00,$0.00,0,0.00%,$0.00,$0.00,,,,
Franconia Elementary,5/23/2025,30033,Cheez-Its Crackers(Package),0,0,0,5,0,5,5,$0.00,0,0.00%,$0.00,$0.00,0,0.00%,$0.00,$0.00,,,,
Franconia Elementary,5/23/2025,30073,IW Heartzels Pretzels(Package),0,0,0,12,0,12,12,$0.00,0,0.00%,$0.00,$0.00,0,0.00%,$0.00,$0.00,,,,
Franconia Elementary,5/23/2025,30077,Italian Dressing(1 ounce),17,0,17,24,21,0,21,$1.68,3,12.50%,$0.24,$1.92,0,0.00%,$0.00,$1.92,,,,
Franconia Elementary,5/23/2025,30097,Bottled Water(Bottle),4,0,4,4,0,4,4,$0.00,0,0.00%,$0.00,$0.00,0,0.00%,$0.00,$0.00,,,,
Franconia Elementary,5/23/2025,30099,Chickpeas(1/4 cup),37,0,37,40,36,0,36,$3.24,4,10.00%,$0.36,$3.60,0,0.00%,$0.00,$3.60,,,,
Franconia Elementary,5/23/2025,30107,Ranch Dressing(1 ounce),33,0,33,48,48,0,48,$5.28,0,0.00%,$0.00,$5.28,0,0.00%,$0.00,$5.28,,,,
Franconia Elementary,5/23/2025,60035,PB&J Power Pack(Power Packs),52,0,52,40,37,0,37,$39.96,0,0.00%,$0.00,$39.96,3,7.50%,$3.24,$43.20,,,,
Franconia Elementary,5/23/2025,60037,Strawberry & Banana Yogurt Power Pack(Power Packs),27,0,27,20,17,0,17,$13.60,0,0.00%,$0.00,$13.60,3,15.00%,$2.40,$16.00,,,,
Franconia Elementary,5/23/2025,60041,Turkey Pepperoni Pizza(Slice),58,0,58,65,59,0,59,$40.12,0,0.00%,$0.00,$40.12,6,9.23%,$4.08,$44.20,,,,
Franconia Elementary,5/23/2025,60101,Chickpeas - salad bar entree(1/2 cup),10,0,10,1,1,0,1,$0.18,0,0.00%,$0.00,$0.18,0,0.00%,$0.00,$0.18,,,,
Franklin Middle,5/23/2025,10015,Baked Cheese Sticks(2 Cheese Sticks),0,0,0,19,19,0,19,$12.54,0,0.00%,$0.00,$12.54,0,0.00%,$0.00,$12.54,,,,
Franklin Middle,5/23/2025,10033,Chocolate Chip Cookie(Cookie),314,0,314,245,242,0,242,$65.34,3,1.22%,$0.81,$66.15,0,0.00%,$0.00,$66.15,,,,
Franklin Middle,5/23/2025,10044,Soft Pretzel(1 pretzel),7,0,7,12,7,0,7,$1.54,5,41.67%,$1.10,$2.64,0,0.00%,$0.00,$2.64,,,,
Franklin Middle,5/23/2025,10070,Orange Sauce(ounce),10,0,10,15,3,0,3,$0.42,12,80.00%,$1.68,$2.10,0,0.00%,$0.00,$2.10,,,,
Franklin Middle,5/23/2025,10075,Cheese Pizza(Slice),150,0,150,101,89,0,89,$50.73,0,0.00%,$0.00,$50.73,12,11.88%,$6.84,$57.57,,,,
Franklin Middle,5/23/2025,20001,1% White Milk(Each),14,0,14,149,34,0,34,$12.24,0,0.00%,$0.00,$12.24,115,77.18%,$41.40,$53.64,,,,
Franklin Middle,5/23/2025,20002,Fat Free Chocolate Milk(Each),99,0,99,490,123,0,123,$43.05,0,0.00%,$0.00,$43.05,367,74.90%,$128.45,$171.50,,,,
Franklin Middle,5/23/2025,20014,Red Delicious Apple(Each - serving),0,0,0,132,106,0,106,$34.98,0,0.00%,$0.00,$34.98,26,19.70%,$8.58,$43.56,,,,
Franklin Middle,5/23/2025,20016,String Cheese(Each),6,0,6,6,0,0,0,$0.00,0,0.00%,$0.00,$0.00,6,100.00%,$0.00,$0.00,,,,
Franklin Middle,5/23/2025,20023,Baby Carrots(3 baby carrots per 1/4 cup),0,0,0,96,48,0,48,$4.32,0,0.00%,$0.00,$4.32,48,50.00%,$4.32,$8.64,,,,
Franklin Middle,5/23/2025,20027,Broccoli Florets(1/4 cup),0,0,0,84,83,0,83,$6.64,1,1.19%,$0.08,$6.72,0,0.00%,$0.00,$6.72,,,,
Franklin Middle,5/23/2025,20028,Lettuce Blend Salad Mix(1/2 cup),87,0,87,120,110,0,110,$8.80,10,8.33%,$0.80,$9.60,0,0.00%,$0.00,$9.60,,,,
Franklin Middle,5/23/2025,20030,Sour Cream(2 Tablespoons),50,0,50,50,29,0,29,$4.35,0,0.00%,$0.00,$4.35,21,42.00%,$3.15,$7.50,,,,
Franklin Middle,5/23/2025,20038,Fat Free White Milk(Each),32,0,32,102,29,0,29,$9.57,0,0.00%,$0.00,$9.57,73,71.57%,$24.09,$33.66,,,,
Franklin Middle,5/23/2025,20047,Orange Slices(3 slices per 1/4 cup),0,0,0,34,33,0,33,$6.60,1,2.94%,$0.20,$6.80,0,0.00%,$0.00,$6.80,,,,
Franklin Middle,5/23/2025,20052,Assorted  4 oz Yogurt(Container),6,0,6,7,2,0,2,$0.00,0,0.00%,$0.00,$0.00,5,71.43%,$0.00,$0.00,,,,
Franklin Middle,5/23/2025,20074,"Apple Slices(3 slices, 1/4 cup)",0,0,0,406,405,0,405,$72.90,1,0.25%,$0.18,$73.08,0,0.00%,$0.00,$73.08,,,,
Franklin Middle,5/23/2025,20075,Cucumbers(1/2 cup sliced),0,0,0,92,91,0,91,$18.20,1,1.09%,$0.20,$18.40,0,0.00%,$0.00,$18.40,,,,
Franklin Middle,5/23/2025,30008,Apple Juice(Each),30,0,30,24,24,0,24,$4.08,0,0.00%,$0.00,$4.08,0,0.00%,$0.00,$4.08,,,,
Franklin Middle,5/23/2025,30009,Orange Tangerine Juice(Each),10,0,10,0,0,0,0,$0.00,0,0.00%,$0.00,$0.00,0,0.00%,$0.00,$0.00,,,,
Franklin Middle,5/23/2025,30011,"Salsa, Mild Canned(1.5 oz)",49,0,49,50,29,0,29,$2.90,0,0.00%,$0.00,$2.90,21,42.00%,$2.10,$5.00,,,,
Franklin Middle,5/23/2025,30018,Marinara Sauce(1/2 cup),0,0,0,19,19,0,19,$5.51,0,0.00%,$0.00,$5.51,0,0.00%,$0.00,$5.51,,,,
Franklin Middle,5/23/2025,30033,Cheez-Its Crackers(Package),16,0,16,20,16,0,16,$2.88,0,0.00%,$0.00,$2.88,4,20.00%,$0.72,$3.60,,,,
Franklin Middle,5/23/2025,30045,Watermelon Flavored Dried Cranberries(Each),85,0,85,100,84,0,84,$20.16,0,0.00%,$0.00,$20.16,16,16.00%,$3.84,$24.00,,,,
Franklin Middle,5/23/2025,30061,Chilled Mandarin Oranges(1/4 cup (drained)),147,0,147,252,251,0,251,$42.67,1,0.40%,$0.17,$42.84,0,0.00%,$0.00,$42.84,,,,
Franklin Middle,5/23/2025,30063,Ketchup Packet(Packet),263,0,263,350,301,0,301,$9.03,0,0.00%,$0.00,$9.03,49,14.00%,$1.47,$10.50,,,,
Franklin Middle,5/23/2025,30064,Mayonnaise Packet(Packet),43,0,43,85,51,0,51,$5.10,0,0.00%,$0.00,$5.10,34,40.00%,$3.40,$8.50,,,,
Franklin Middle,5/23/2025,30065,Mustard Packet(Packet),60,0,60,85,36,0,36,$1.80,0,0.00%,$0.00,$1.80,49,57.65%,$2.45,$4.25,,,,
Franklin Middle,5/23/2025,30077,Italian Dressing(1 ounce),22,0,22,48,5,0,5,$0.40,0,0.00%,$0.00,$0.40,43,89.58%,$3.44,$3.84,,,,
Franklin Middle,5/23/2025,30097,Bottled Water(Bottle),59,0,59,79,52,0,52,$8.32,0,0.00%,$0.00,$8.32,27,34.18%,$4.32,$12.64,,,,
Franklin Middle,5/23/2025,30107,Ranch Dressing(1 ounce),73,0,73,96,66,0,66,$7.26,0,0.00%,$0.00,$7.26,30,31.25%,$3.30,$10.56,,,,
Franklin Middle,5/23/2025,30109,Smartfood RF White Cheddar Popcorn(Each),34,0,34,0,0,0,0,$0.00,0,0.00%,$0.00,$0.00,0,0.00%,$0.00,$0.00,,,,
Franklin Middle,5/23/2025,30110,Doritos Flamas(Each),46,0,46,0,0,0,0,$0.00,0,0.00%,$0.00,$0.00,0,0.00%,$0.00,$0.00,,,,
Franklin Middle,5/23/2025,30111,Doritos RF Spicy Sweet Chili(Each),45,0,45,0,0,0,0,$0.00,0,0.00%,$0.00,$0.00,0,0.00%,$0.00,$0.00,,,,
Franklin Middle,5/23/2025,30112,Doritos RF Nacho Cheese(Each),23,0,23,0,0,0,0,$0.00,0,0.00%,$0.00,$0.00,0,0.00%,$0.00,$0.00,,,,
Franklin Middle,5/23/2025,30113,Cool Ranch Reduced Fat Doritos(Each),38,0,38,0,0,0,0,$0.00,0,0.00%,$0.00,$0.00,0,0.00%,$0.00,$0.00,,,,
Franklin Middle,5/23/2025,30114,SS Baked Cheetos Flaming Hot(Each),68,0,68,0,0,0,0,$0.00,0,0.00%,$0.00,$0.00,0,0.00%,$0.00,$0.00,,,,
Franklin Middle,5/23/2025,30115,SS Baked Cheetos Flaming Limon(Each),14,0,14,0,0,0,0,$0.00,0,0.00%,$0.00,$0.00,0,0.00%,$0.00,$0.00,,,,
Franklin Middle,5/23/2025,30116,SS Cheetos Fantastix Flaming Hot(Each),34,0,34,0,0,0,0,$0.00,0,0.00%,$0.00,$0.00,0,0.00%,$0.00,$0.00,,,,
Franklin Middle,5/23/2025,30117,WG Baked Funyuns(Each),34,0,34,0,0,0,0,$0.00,0,0.00%,$0.00,$0.00,0,0.00%,$0.00,$0.00,,,,
Franklin Middle,5/23/2025,30118,Kettle Cooked Smoky BBQ Chips(Each),126,0,126,0,0,0,0,$0.00,0,0.00%,$0.00,$0.00,0,0.00%,$0.00,$0.00,,,,
Franklin Middle,5/23/2025,30119,RF Kettle Chips Jalapeno & Cheddar Chips(Each),21,0,21,0,0,0,0,$0.00,0,0.00%,$0.00,$0.00,0,0.00%,$0.00,$0.00,,,,
Franklin Middle,5/23/2025,30120,RF Kettle Chips Sea Salt & Vinegar Chips(Each),21,0,21,0,0,0,0,$0.00,0,0.00%,$0.00,$0.00,0,0.00%,$0.00,$0.00,,,,
Franklin Middle,5/23/2025,30124,"Fruit Snacks, Welch's Mixed(Each)",56,0,56,80,64,0,64,$25.60,0,0.00%,$0.00,$25.60,16,20.00%,$6.40,$32.00,,,,
Franklin Middle,5/23/2025,30160,Lay's RF Kettle Original Chips(Each),15,0,15,0,0,0,0,$0.00,0,0.00%,$0.00,$0.00,0,0.00%,$0.00,$0.00,,,,
Franklin Middle,5/23/2025,60020,"Quesadilla, Turkey Barbacoa and Cheese(Quesadilla)",50,0,50,45,26,0,26,$31.72,19,42.22%,$23.18,$54.90,0,0.00%,$0.00,$54.90,,,,
Franklin Middle,5/23/2025,60035,PB&J Power Pack(Power Packs),56,0,56,100,54,0,54,$58.32,0,0.00%,$0.00,$58.32,46,46.00%,$49.68,$108.00,,,,
Franklin Middle,5/23/2025,60036,Cherry Vanilla Yogurt Power Pack(Power Packs),5,0,5,0,0,0,0,$0.00,0,0.00%,$0.00,$0.00,0,0.00%,$0.00,$0.00,,,,
Franklin Middle,5/23/2025,60037,Strawberry & Banana Yogurt Power Pack(Power Packs),4,0,4,8,3,0,3,$2.40,0,0.00%,$0.00,$2.40,5,62.50%,$4.00,$6.40,,,,
Franklin Middle,5/23/2025,60038,Peach Yogurt Power Pack(Power Packs),8,0,8,0,0,0,0,$0.00,0,0.00%,$0.00,$0.00,0,0.00%,$0.00,$0.00,,,,
Franklin Middle,5/23/2025,60041,Turkey Pepperoni Pizza(Slice),96,0,96,96,60,0,60,$40.80,4,4.17%,$2.72,$43.52,32,33.33%,$21.76,$65.28,,,,
Franklin Middle,5/23/2025,60064,Vegetable Dumpling(6 dumplings),0,0,0,15,3,0,3,$0.00,12,80.00%,$0.00,$0.00,0,0.00%,$0.00,$0.00,,,,
Franklin Middle,5/23/2025,60067,Chicken Eggroll(2 Egg Rolls),0,0,0,15,11,0,11,$17.16,4,26.67%,$6.24,$23.40,0,0.00%,$0.00,$23.40,,,,
Franklin Middle,5/23/2025,60072,Spicy Breaded Chicken Patty on Bun(Sandwich),0,0,0,132,104,0,104,$78.00,0,0.00%,$0.00,$78.00,28,21.21%,$21.00,$99.00,,,,
Franklin Middle,5/23/2025,60075,Spicy Chicken Wrap(Wrap),6,0,6,4,1,0,1,$1.17,3,75.00%,$3.51,$4.68,0,0.00%,$0.00,$4.68,,,,
Franklin Middle,5/23/2025,60100,Black Beans - salad bar entree(1/2 cup),0,0,0,33,32,0,32,$5.44,0,0.00%,$0.00,$5.44,1,3.03%,$0.17,$5.61,,,,
Franklin Middle,5/23/2025,60150,Strawberry Parfait Power Pack(Power Pack),5,0,5,0,0,0,0,$0.00,0,0.00%,$0.00,$0.00,0,0.00%,$0.00,$0.00,,,,
Franklin Middle,5/23/2025,60155,Fish  Sandwich(Sandwich),0,0,0,16,11,0,11,$7.70,2,12.50%,$1.40,$9.10,3,18.75%,$2.10,$11.20,,,,
Franklin Sherman Elementary,5/23/2025,10044,Soft Pretzel(1 pretzel),20,0,20,20,0,16,16,$0.00,4,20.00%,$0.00,$0.00,0,0.00%,$0.00,$0.00,,,,
Franklin Sherman Elementary,5/23/2025,10062,Corn(1/2 cup (cooked)),0,0,0,24,19,5,24,$5.04,0,0.00%,$0.00,$5.04,0,0.00%,$0.00,$5.04,,,,
Franklin Sherman Elementary,5/23/2025,10073,Whole Strawberries(1/2 cup thawed),40,0,40,50,40,4,44,$14.96,6,12.00%,$2.04,$17.00,0,0.00%,$0.00,$17.00,,,,
Franklin Sherman Elementary,5/23/2025,10075,Cheese Pizza(Slice),110,0,110,100,74,21,95,$54.15,0,0.00%,$0.00,$54.15,5,5.00%,$2.85,$57.00,,,,
Franklin Sherman Elementary,5/23/2025,20001,1% White Milk(Each),20,0,20,50,8,0,8,$2.88,0,0.00%,$0.00,$2.88,42,84.00%,$15.12,$18.00,,,,
Franklin Sherman Elementary,5/23/2025,20002,Fat Free Chocolate Milk(Each),80,0,80,90,72,5,77,$26.95,0,0.00%,$0.00,$26.95,13,14.44%,$4.55,$31.50,,,,
Franklin Sherman Elementary,5/23/2025,20014,Red Delicious Apple(Each - serving),0,0,0,30,24,3,27,$8.91,0,0.00%,$0.00,$8.91,3,10.00%,$0.99,$9.90,,,,
Franklin Sherman Elementary,5/23/2025,20016,String Cheese(Each),12,0,12,12,0,5,5,$0.00,0,0.00%,$0.00,$0.00,7,58.33%,$0.00,$0.00,,,,
Franklin Sherman Elementary,5/23/2025,20017,Orange(1/4 cup),0,0,0,16,11,5,16,$2.72,0,0.00%,$0.00,$2.72,0,0.00%,$0.00,$2.72,,,,
Franklin Sherman Elementary,5/23/2025,20018,Red Seedless Grapes(8 grapes per 1/4 cup),40,0,40,92,45,5,50,$13.00,0,0.00%,$0.00,$13.00,42,45.65%,$10.92,$23.92,,,,
Franklin Sherman Elementary,5/23/2025,20023,Baby Carrots(3 baby carrots per 1/4 cup),40,0,40,48,36,1,37,$3.33,0,0.00%,$0.00,$3.33,11,22.92%,$0.99,$4.32,,,,
Franklin Sherman Elementary,5/23/2025,20027,Broccoli Florets(1/4 cup),0,0,0,24,17,3,20,$1.60,4,16.67%,$0.32,$1.92,0,0.00%,$0.00,$1.92,,,,
Franklin Sherman Elementary,5/23/2025,20028,Lettuce Blend Salad Mix(1/2 cup),32,0,32,36,22,5,27,$2.16,9,25.00%,$0.72,$2.88,0,0.00%,$0.00,$2.88,,,,
Franklin Sherman Elementary,5/23/2025,20038,Fat Free White Milk(Each),12,0,12,12,2,0,2,$0.66,0,0.00%,$0.00,$0.66,10,83.33%,$3.30,$3.96,,,,
Franklin Sherman Elementary,5/23/2025,20052,Assorted  4 oz Yogurt(Container),8,0,8,6,0,2,2,$0.00,0,0.00%,$0.00,$0.00,4,66.67%,$0.00,$0.00,,,,
Franklin Sherman Elementary,5/23/2025,30008,Apple Juice(Each),32,0,32,32,0,26,26,$0.00,0,0.00%,$0.00,$0.00,6,18.75%,$0.00,$0.00,,,,
Franklin Sherman Elementary,5/23/2025,30009,Orange Tangerine Juice(Each),16,0,16,16,0,12,12,$0.00,0,0.00%,$0.00,$0.00,4,25.00%,$0.00,$0.00,,,,
Franklin Sherman Elementary,5/23/2025,30033,Cheez-Its Crackers(Package),0,0,0,12,0,12,12,$0.00,0,0.00%,$0.00,$0.00,0,0.00%,$0.00,$0.00,,,,
Franklin Sherman Elementary,5/23/2025,30044,Strawberry Flavored Dried Cranberries(Each),7,0,7,8,2,1,3,$0.72,0,0.00%,$0.00,$0.72,5,62.50%,$1.20,$1.92,,,,
Franklin Sherman Elementary,5/23/2025,30045,Watermelon Flavored Dried Cranberries(Each),6,0,6,8,4,0,4,$0.96,0,0.00%,$0.00,$0.96,4,50.00%,$0.96,$1.92,,,,
Franklin Sherman Elementary,5/23/2025,30094,Doritos Wild White Nacho Flavored Tortilla Chips(Bag),0,0,0,72,0,66,66,$0.00,0,0.00%,$0.00,$0.00,6,8.33%,$0.00,$0.00,,,,
Franklin Sherman Elementary,5/23/2025,30097,Bottled Water(Bottle),15,0,15,16,0,13,13,$0.00,0,0.00%,$0.00,$0.00,3,18.75%,$0.00,$0.00,,,,
Franklin Sherman Elementary,5/23/2025,30099,Chickpeas(1/4 cup),12,0,12,12,6,0,6,$0.54,6,50.00%,$0.54,$1.08,0,0.00%,$0.00,$1.08,,,,
Franklin Sherman Elementary,5/23/2025,30102,1% Unflavored Shelf-Stable Milk(Each),0,0,0,27,5,0,5,$1.90,0,0.00%,$0.00,$1.90,22,81.48%,$8.36,$10.26,,,,
Franklin Sherman Elementary,5/23/2025,30107,Ranch Dressing(1 ounce),6,0,6,6,6,0,6,$0.66,0,0.00%,$0.00,$0.66,0,0.00%,$0.00,$0.66,,,,
Franklin Sherman Elementary,5/23/2025,30109,Smartfood RF White Cheddar Popcorn(Each),0,0,0,44,0,4,4,$0.00,0,0.00%,$0.00,$0.00,40,90.91%,$0.00,$0.00,,,,
Franklin Sherman Elementary,5/23/2025,30184,"Milk, Soy, Vanilla (24/8 oz)(each)",0,0,0,6,0,0,0,$0.00,0,0.00%,$0.00,$0.00,6,100.00%,$0.00,$0.00,,,,
Franklin Sherman Elementary,5/23/2025,60035,PB&J Power Pack(Power Packs),20,0,20,20,20,0,20,$21.60,0,0.00%,$0.00,$21.60,0,0.00%,$0.00,$21.60,,,,
Franklin Sherman Elementary,5/23/2025,60036,Cherry Vanilla Yogurt Power Pack(Power Packs),2,0,2,3,2,0,2,$1.60,0,0.00%,$0.00,$1.60,1,33.33%,$0.80,$2.40,,,,
Franklin Sherman Elementary,5/23/2025,60037,Strawberry & Banana Yogurt Power Pack(Power Packs),2,0,2,3,1,0,1,$0.80,0,0.00%,$0.00,$0.80,2,66.67%,$1.60,$2.40,,,,
Franklin Sherman Elementary,5/23/2025,60038,Peach Yogurt Power Pack(Power Packs),2,0,2,3,1,0,1,$0.80,0,0.00%,$0.00,$0.80,2,66.67%,$1.60,$2.40,,,,
Franklin Sherman Elementary,5/23/2025,60041,Turkey Pepperoni Pizza(Slice),40,0,40,60,32,19,51,$34.68,0,0.00%,$0.00,$34.68,9,15.00%,$6.12,$40.80,,,,
Franklin Sherman Elementary,5/23/2025,60149,Hot Turkey & Cheese(sandwich),0,0,0,4,3,1,4,$5.20,0,0.00%,$0.00,$5.20,0,0.00%,$0.00,$5.20,,,,
Franklin Sherman Elementary,5/23/2025,60150,Strawberry Parfait Power Pack(Power Pack),3,0,3,3,2,0,2,$3.26,1,33.33%,$1.63,$4.89,0,0.00%,$0.00,$4.89,,,,
Freedom Hill Elementary,5/23/2025,10044,Soft Pretzel(1 pretzel),34,0,34,24,10,9,19,$4.18,0,0.00%,$0.00,$4.18,5,20.83%,$1.10,$5.28,,,,
Freedom Hill Elementary,5/23/2025,10073,Whole Strawberries(1/2 cup thawed),0,0,0,0,0,0,0,$0.00,0,0.00%,$0.00,$0.00,0,0.00%,$0.00,$0.00,,,,
Freedom Hill Elementary,5/23/2025,10075,Cheese Pizza(Slice),6,0,6,5,5,0,5,$2.85,0,0.00%,$0.00,$2.85,0,0.00%,$0.00,$2.85,,,,
Freedom Hill Elementary,5/23/2025,20001,1% White Milk(Each),65,0,65,135,56,0,56,$20.16,0,0.00%,$0.00,$20.16,79,58.52%,$28.44,$48.60,,,,
Freedom Hill Elementary,5/23/2025,20002,Fat Free Chocolate Milk(Each),130,0,130,110,5,0,5,$1.75,0,0.00%,$0.00,$1.75,105,95.45%,$36.75,$38.50,,,,
Freedom Hill Elementary,5/23/2025,20011,Cherry Tomatoes(1/4 cup),59,0,59,72,49,0,49,$18.13,9,12.50%,$3.33,$21.46,14,19.44%,$5.18,$26.64,,,,
Freedom Hill Elementary,5/23/2025,20017,Orange(1/4 cup),0,0,0,170,159,0,159,$27.03,0,0.00%,$0.00,$27.03,11,6.47%,$1.87,$28.90,,,,
Freedom Hill Elementary,5/23/2025,20018,Red Seedless Grapes(8 grapes per 1/4 cup),162,0,162,238,217,0,217,$56.42,0,0.00%,$0.00,$56.42,21,8.82%,$5.46,$61.88,,,,
Freedom Hill Elementary,5/23/2025,20023,Baby Carrots(3 baby carrots per 1/4 cup),0,0,0,107,92,0,92,$8.28,0,0.00%,$0.00,$8.28,15,14.02%,$1.35,$9.63,,,,
Freedom Hill Elementary,5/23/2025,20028,Lettuce Blend Salad Mix(1/2 cup),35,0,35,40,36,0,36,$2.88,4,10.00%,$0.32,$3.20,0,0.00%,$0.00,$3.20,,,,
Freedom Hill Elementary,5/23/2025,20031,Banana(Each),16,0,16,15,15,0,15,$3.15,0,0.00%,$0.00,$3.15,0,0.00%,$0.00,$3.15,,,,
Freedom Hill Elementary,5/23/2025,20038,Fat Free White Milk(Each),42,0,42,169,160,0,160,$52.80,0,0.00%,$0.00,$52.80,9,5.33%,$2.97,$55.77,,,,
Freedom Hill Elementary,5/23/2025,20074,"Apple Slices(3 slices, 1/4 cup)",0,0,0,64,60,0,60,$10.80,4,6.25%,$0.72,$11.52,0,0.00%,$0.00,$11.52,,,,
Freedom Hill Elementary,5/23/2025,30024,Black Beans(1/2 Cup),23,0,23,20,20,0,20,$3.40,0,0.00%,$0.00,$3.40,0,0.00%,$0.00,$3.40,,,,
Freedom Hill Elementary,5/23/2025,30033,Cheez-Its Crackers(Package),15,0,15,14,14,0,14,$2.52,0,0.00%,$0.00,$2.52,0,0.00%,$0.00,$2.52,,,,
Freedom Hill Elementary,5/23/2025,30039,Cherry Flavored Dried Cranberries(Each),83,0,83,0,0,0,0,$0.00,0,0.00%,$0.00,$0.00,0,0.00%,$0.00,$0.00,,,,
Freedom Hill Elementary,5/23/2025,30041,Orange Flavored Dried Cranberries(Each),0,0,0,0,0,0,0,$0.00,0,0.00%,$0.00,$0.00,0,0.00%,$0.00,$0.00,,,,
Freedom Hill Elementary,5/23/2025,30042,Original Flavored Dried Cranberries(Package),30,0,30,0,0,0,0,$0.00,0,0.00%,$0.00,$0.00,0,0.00%,$0.00,$0.00,,,,
Freedom Hill Elementary,5/23/2025,30043,Raspberry Lemonade Flavored Dried Cranberries(Each),91,0,91,0,0,0,0,$0.00,0,0.00%,$0.00,$0.00,0,0.00%,$0.00,$0.00,,,,
Freedom Hill Elementary,5/23/2025,30044,Strawberry Flavored Dried Cranberries(Each),90,0,90,0,0,0,0,$0.00,0,0.00%,$0.00,$0.00,0,0.00%,$0.00,$0.00,,,,
Freedom Hill Elementary,5/23/2025,30045,Watermelon Flavored Dried Cranberries(Each),48,0,48,60,60,0,60,$14.40,0,0.00%,$0.00,$14.40,0,0.00%,$0.00,$14.40,,,,
Freedom Hill Elementary,5/23/2025,30061,Chilled Mandarin Oranges(1/2 cup (drained)),23,0,23,19,19,0,19,$6.46,0,0.00%,$0.00,$6.46,0,0.00%,$0.00,$6.46,,,,
Freedom Hill Elementary,5/23/2025,30061,Chilled Mandarin Oranges(1/4 cup (drained)),52,0,52,24,21,0,21,$3.57,3,12.50%,$0.51,$4.08,0,0.00%,$0.00,$4.08,,,,
Freedom Hill Elementary,5/23/2025,30077,Italian Dressing(1 ounce),13,0,13,32,12,0,12,$0.96,0,0.00%,$0.00,$0.96,20,62.50%,$1.60,$2.56,,,,
Freedom Hill Elementary,5/23/2025,30099,Chickpeas(1/4 cup),8,0,8,24,8,0,8,$0.72,16,66.67%,$1.44,$2.16,0,0.00%,$0.00,$2.16,,,,
Freedom Hill Elementary,5/23/2025,30107,Ranch Dressing(1 ounce),28,0,28,32,16,0,16,$1.76,0,0.00%,$0.00,$1.76,16,50.00%,$1.76,$3.52,,,,
Freedom Hill Elementary,5/23/2025,60035,PB&J Power Pack(Power Packs),52,0,52,24,18,0,18,$19.44,0,0.00%,$0.00,$19.44,6,25.00%,$6.48,$25.92,,,,
Freedom Hill Elementary,5/23/2025,60036,Cherry Vanilla Yogurt Power Pack(Power Packs),1,0,1,0,0,0,0,$0.00,0,0.00%,$0.00,$0.00,0,0.00%,$0.00,$0.00,,,,
Freedom Hill Elementary,5/23/2025,60037,Strawberry & Banana Yogurt Power Pack(Power Packs),14,0,14,0,0,0,0,$0.00,0,0.00%,$0.00,$0.00,0,0.00%,$0.00,$0.00,,,,
Freedom Hill Elementary,5/23/2025,60038,Peach Yogurt Power Pack(Power Packs),8,0,8,0,0,0,0,$0.00,0,0.00%,$0.00,$0.00,0,0.00%,$0.00,$0.00,,,,
Freedom Hill Elementary,5/23/2025,60041,Turkey Pepperoni Pizza(Slice),113,0,113,121,111,2,113,$76.84,8,6.61%,$5.44,$82.28,0,0.00%,$0.00,$82.28,,,,
Freedom Hill Elementary,5/23/2025,60077,Manager's Vegetable Choice(1/4 cup),87,0,87,136,125,0,125,$0.00,11,8.09%,$0.00,$0.00,0,0.00%,$0.00,$0.00,,,,
Freedom Hill Elementary,5/23/2025,60080,Cheese Pizza(Slice),145,0,145,133,123,7,130,$74.10,3,2.26%,$1.71,$75.81,0,0.00%,$0.00,$75.81,,,,
Freedom Hill Elementary,5/23/2025,60101,Chickpeas - salad bar entree(1/2 cup),7,0,7,24,8,0,8,$1.44,16,66.67%,$2.88,$4.32,0,0.00%,$0.00,$4.32,,,,
Freedom Hill Elementary,5/23/2025,60120,Asian Veggie Sub(sandwich),0,0,0,10,7,0,7,$13.23,3,30.00%,$5.67,$18.90,0,0.00%,$0.00,$18.90,,,,
Freedom Hill Elementary,5/23/2025,60122,Asian Meatball Sub(sandwich),0,0,0,15,2,0,2,$3.56,13,86.67%,$23.14,$26.70,0,0.00%,$0.00,$26.70,,,,
Freedom Hill Elementary,5/23/2025,60150,Strawberry Parfait Power Pack(Power Pack),0,0,0,24,9,0,9,$14.67,0,0.00%,$0.00,$14.67,15,62.50%,$24.45,$39.12,,,,
Frost Middle,5/23/2025,10026,Chickenless Bites(2 Bites),0,0,0,14,14,0,14,$5.04,0,0.00%,$0.00,$5.04,0,0.00%,$0.00,$5.04,,,,
Frost Middle,5/23/2025,10039,Potato Encrusted Breaded Pollock(Fillet),0,0,0,22,21,0,21,$13.86,1,4.55%,$0.66,$14.52,0,0.00%,$0.00,$14.52,,,,
Frost Middle,5/23/2025,10070,Orange Sauce(ounce),50,0,50,28,23,0,23,$3.22,1,3.57%,$0.14,$3.36,4,14.29%,$0.56,$3.92,,,,
Frost Middle,5/23/2025,10075,Cheese Pizza(Slice),120,0,120,96,95,0,95,$54.15,1,1.04%,$0.57,$54.72,0,0.00%,$0.00,$54.72,,,,
Frost Middle,5/23/2025,20001,1% White Milk(Each),36,0,36,50,35,0,35,$12.60,0,0.00%,$0.00,$12.60,15,30.00%,$5.40,$18.00,,,,
Frost Middle,5/23/2025,20002,Fat Free Chocolate Milk(Each),400,0,400,561,286,0,286,$100.10,0,0.00%,$0.00,$100.10,275,49.02%,$96.25,$196.35,,,,
Frost Middle,5/23/2025,20013,Gala Apple(Each),0,0,0,150,127,0,127,$46.99,0,0.00%,$0.00,$46.99,23,15.33%,$8.51,$55.50,,,,
Frost Middle,5/23/2025,20028,Lettuce Blend Salad Mix(1/2 cup),500,0,500,500,470,0,470,$37.60,30,6.00%,$2.40,$40.00,0,0.00%,$0.00,$40.00,,,,
Frost Middle,5/23/2025,20030,Sour Cream(2 Tablespoons),60,0,60,57,26,0,26,$3.90,0,0.00%,$0.00,$3.90,31,54.39%,$4.65,$8.55,,,,
Frost Middle,5/23/2025,20038,Fat Free White Milk(Each),20,0,20,58,21,0,21,$6.93,0,0.00%,$0.00,$6.93,37,63.79%,$12.21,$19.14,,,,
Frost Middle,5/23/2025,20047,Orange Slices(3 slices per 1/4 cup),0,0,0,828,808,0,808,$161.60,20,2.42%,$4.00,$165.60,0,0.00%,$0.00,$165.60,,,,
Frost Middle,5/23/2025,30011,"Salsa, Mild Canned(1.5 oz)",65,0,65,58,46,0,46,$4.60,0,0.00%,$0.00,$4.60,12,20.69%,$1.20,$5.80,,,,
Frost Middle,5/23/2025,30039,Cherry Flavored Dried Cranberries(Each),100,0,100,200,180,0,180,$43.20,0,0.00%,$0.00,$43.20,20,10.00%,$4.80,$48.00,,,,
Frost Middle,5/23/2025,30063,Ketchup Packet(Packet),413,0,413,500,485,0,485,$14.55,0,0.00%,$0.00,$14.55,15,3.00%,$0.45,$15.00,,,,
Frost Middle,5/23/2025,30065,Mustard Packet(Packet),22,0,22,50,40,0,40,$2.00,0,0.00%,$0.00,$2.00,10,20.00%,$0.50,$2.50,,,,
Frost Middle,5/23/2025,30097,Bottled Water(Bottle),75,0,75,70,59,0,59,$9.44,0,0.00%,$0.00,$9.44,11,15.71%,$1.76,$11.20,,,,
Frost Middle,5/23/2025,60006,Vegan Burger(Sandwich),0,0,0,6,3,0,3,$1.65,3,50.00%,$1.65,$3.30,0,0.00%,$0.00,$3.30,,,,
Frost Middle,5/23/2025,60020,"Quesadilla, Turkey Barbacoa and Cheese(Quesadilla)",120,0,120,28,25,0,25,$30.50,3,10.71%,$3.66,$34.16,0,0.00%,$0.00,$34.16,,,,
Frost Middle,5/23/2025,60022,Tex Mex Corn(1/2 cup),0,0,0,12,12,0,12,$5.76,0,0.00%,$0.00,$5.76,0,0.00%,$0.00,$5.76,,,,
Frost Middle,5/23/2025,60035,PB&J Power Pack(Power Packs),100,0,100,125,111,0,111,$119.88,0,0.00%,$0.00,$119.88,14,11.20%,$15.12,$135.00,,,,
Frost Middle,5/23/2025,60038,Peach Yogurt Power Pack(Power Packs),10,0,10,27,14,0,14,$11.20,0,0.00%,$0.00,$11.20,13,48.15%,$10.40,$21.60,,,,
Frost Middle,5/23/2025,60041,Turkey Pepperoni Pizza(Slice),120,0,120,116,92,3,95,$64.60,1,0.86%,$0.68,$65.28,20,17.24%,$13.60,$78.88,,,,
Frost Middle,5/23/2025,60063,Chicken & Vegetable Dumplings(6 dumplings),50,0,50,28,23,0,23,$0.00,1,3.57%,$0.00,$0.00,4,14.29%,$0.00,$0.00,,,,
Frost Middle,5/23/2025,60072,Spicy Breaded Chicken Patty on Bun(Sandwich),0,0,0,192,185,3,188,$141.00,1,0.52%,$0.75,$141.75,3,1.56%,$2.25,$144.00,,,,
Frost Middle,5/23/2025,60075,Spicy Chicken Wrap(Wrap),12,0,12,12,10,0,10,$11.70,0,0.00%,$0.00,$11.70,2,16.67%,$2.34,$14.04,,,,
Frost Middle,5/23/2025,60100,Black Beans - salad bar entree(1/2 cup),0,0,0,24,18,0,18,$3.06,6,25.00%,$1.02,$4.08,0,0.00%,$0.00,$4.08,,,,
Frost Middle,5/23/2025,60123,Tomato Soup(8 oz Ladle),0,0,0,18,18,0,18,$12.78,0,0.00%,$0.00,$12.78,0,0.00%,$0.00,$12.78,,,,
Frost Middle,5/23/2025,60128,Alfredo & Basil Lasagna(Each),0,0,0,9,9,0,9,$11.34,0,0.00%,$0.00,$11.34,0,0.00%,$0.00,$11.34,,,,
Garfield Elementary,5/23/2025,10033,Chocolate Chip Cookie(1/2 Cookie),0,0,0,0,0,0,0,$0.00,0,0.00%,$0.00,$0.00,0,0.00%,$0.00,$0.00,,,,
Garfield Elementary,5/23/2025,10044,Soft Pretzel(1 pretzel),3,0,3,0,0,0,0,$0.00,0,0.00%,$0.00,$0.00,0,0.00%,$0.00,$0.00,,,,
Garfield Elementary,5/23/2025,20001,1% White Milk(Each),56,0,56,42,42,0,42,$15.12,0,0.00%,$0.00,$15.12,0,0.00%,$0.00,$15.12,,,,
Garfield Elementary,5/23/2025,20002,Fat Free Chocolate Milk(Each),139,0,139,126,126,0,126,$44.10,0,0.00%,$0.00,$44.10,0,0.00%,$0.00,$44.10,,,,
Garfield Elementary,5/23/2025,20008,Apple Slices(3 slices per 1/4 cup),140,0,140,240,240,0,240,$141.60,0,0.00%,$0.00,$141.60,0,0.00%,$0.00,$141.60,,,,
Garfield Elementary,5/23/2025,20016,String Cheese(Each),0,0,0,0,0,0,0,$0.00,0,0.00%,$0.00,$0.00,0,0.00%,$0.00,$0.00,,,,
Garfield Elementary,5/23/2025,20023,Baby Carrots(3 baby carrots per 1/4 cup),0,0,0,70,68,0,68,$6.12,2,2.86%,$0.18,$6.30,0,0.00%,$0.00,$6.30,,,,
Garfield Elementary,5/23/2025,20027,Broccoli Florets(1/4 cup),0,0,0,42,40,0,40,$3.20,2,4.76%,$0.16,$3.36,0,0.00%,$0.00,$3.36,,,,
Garfield Elementary,5/23/2025,20028,Lettuce Blend Salad Mix(1/2 cup),44,0,44,40,36,0,36,$2.88,4,10.00%,$0.32,$3.20,0,0.00%,$0.00,$3.20,,,,
Garfield Elementary,5/23/2025,20031,Banana(Each),31,0,31,31,31,0,31,$6.51,0,0.00%,$0.00,$6.51,0,0.00%,$0.00,$6.51,,,,
Garfield Elementary,5/23/2025,20038,Fat Free White Milk(Each),6,0,6,3,3,0,3,$0.99,0,0.00%,$0.00,$0.99,0,0.00%,$0.00,$0.99,,,,
Garfield Elementary,5/23/2025,20047,Orange Slices(3 slices per 1/4 cup),0,0,0,140,140,0,140,$28.00,0,0.00%,$0.00,$28.00,0,0.00%,$0.00,$28.00,,,,
Garfield Elementary,5/23/2025,20052,Assorted  4 oz Yogurt(Container),0,0,0,0,0,0,0,$0.00,0,0.00%,$0.00,$0.00,0,0.00%,$0.00,$0.00,,,,
Garfield Elementary,5/23/2025,30008,Apple Juice(Each),0,0,0,0,0,0,0,$0.00,0,0.00%,$0.00,$0.00,0,0.00%,$0.00,$0.00,,,,
Garfield Elementary,5/23/2025,30009,Orange Tangerine Juice(Each),0,0,0,0,0,0,0,$0.00,0,0.00%,$0.00,$0.00,0,0.00%,$0.00,$0.00,,,,
Garfield Elementary,5/23/2025,30024,Black Beans(1/2 Cup),32,0,32,33,31,2,33,$5.61,0,0.00%,$0.00,$5.61,0,0.00%,$0.00,$5.61,,,,
Garfield Elementary,5/23/2025,30033,Cheez-Its Crackers(Package),30,0,30,31,31,0,31,$5.58,0,0.00%,$0.00,$5.58,0,0.00%,$0.00,$5.58,,,,
Garfield Elementary,5/23/2025,30045,Watermelon Flavored Dried Cranberries(Each),19,0,19,19,19,0,19,$4.56,0,0.00%,$0.00,$4.56,0,0.00%,$0.00,$4.56,,,,
Garfield Elementary,5/23/2025,30061,Chilled Mandarin Oranges(1/2 cup (drained)),31,0,31,33,31,2,33,$11.22,0,0.00%,$0.00,$11.22,0,0.00%,$0.00,$11.22,,,,
Garfield Elementary,5/23/2025,30061,Chilled Mandarin Oranges(1/4 cup (drained)),108,0,108,48,48,0,48,$8.16,0,0.00%,$0.00,$8.16,0,0.00%,$0.00,$8.16,,,,
Garfield Elementary,5/23/2025,30094,Doritos Wild White Nacho Flavored Tortilla Chips(Bag),4,0,4,0,0,0,0,$0.00,0,0.00%,$0.00,$0.00,0,0.00%,$0.00,$0.00,,,,
Garfield Elementary,5/23/2025,30097,Bottled Water(Bottle),0,0,0,0,0,0,0,$0.00,0,0.00%,$0.00,$0.00,0,0.00%,$0.00,$0.00,,,,
Garfield Elementary,5/23/2025,30099,Chickpeas(1/4 cup),11,0,11,10,5,0,5,$0.45,5,50.00%,$0.45,$0.90,0,0.00%,$0.00,$0.90,,,,
Garfield Elementary,5/23/2025,30107,Ranch Dressing(1 ounce),21,0,21,21,21,0,21,$2.31,0,0.00%,$0.00,$2.31,0,0.00%,$0.00,$2.31,,,,
Garfield Elementary,5/23/2025,60035,PB&J Power Pack(Power Packs),20,0,20,18,17,1,18,$19.44,0,0.00%,$0.00,$19.44,0,0.00%,$0.00,$19.44,,,,
Garfield Elementary,5/23/2025,60038,Peach Yogurt Power Pack(Power Packs),20,0,20,7,7,0,7,$5.60,0,0.00%,$0.00,$5.60,0,0.00%,$0.00,$5.60,,,,
Garfield Elementary,5/23/2025,60041,Turkey Pepperoni Pizza(Slice),61,0,61,67,62,4,66,$44.88,1,1.49%,$0.68,$45.56,0,0.00%,$0.00,$45.56,,,,
Garfield Elementary,5/23/2025,60077,Manager's Vegetable Choice(1/4 cup),50,0,50,15,15,0,15,$0.00,0,0.00%,$0.00,$0.00,0,0.00%,$0.00,$0.00,,,,
Garfield Elementary,5/23/2025,60080,Cheese Pizza(Slice),181,0,181,172,169,2,171,$97.47,1,0.58%,$0.57,$98.04,0,0.00%,$0.00,$98.04,,,,
Garfield Elementary,5/23/2025,60101,Chickpeas - salad bar entree(1/2 cup),2,0,2,0,0,0,0,$0.00,0,0.00%,$0.00,$0.00,0,0.00%,$0.00,$0.00,,,,
Glasgow Middle,5/23/2025,10044,Soft Pretzel(1 pretzel),3,0,3,2,1,0,1,$0.22,0,0.00%,$0.00,$0.22,1,50.00%,$0.22,$0.44,,,,
Glasgow Middle,5/23/2025,10070,Orange Sauce(ounce),0,0,0,62,62,0,62,$8.68,0,0.00%,$0.00,$8.68,0,0.00%,$0.00,$8.68,,,,
Glasgow Middle,5/23/2025,10075,Cheese Pizza(Slice),365,0,365,530,529,0,529,$301.53,1,0.19%,$0.57,$302.10,0,0.00%,$0.00,$302.10,,,,
Glasgow Middle,5/23/2025,20001,1% White Milk(Each),145,0,145,150,125,0,125,$45.00,0,0.00%,$0.00,$45.00,25,16.67%,$9.00,$54.00,,,,
Glasgow Middle,5/23/2025,20002,Fat Free Chocolate Milk(Each),318,0,318,350,339,0,339,$118.65,0,0.00%,$0.00,$118.65,11,3.14%,$3.85,$122.50,,,,
Glasgow Middle,5/23/2025,20011,Cherry Tomatoes(1/4 cup),175,0,175,250,238,0,238,$88.06,0,0.00%,$0.00,$88.06,12,4.80%,$4.44,$92.50,,,,
Glasgow Middle,5/23/2025,20013,Gala Apple(Each),0,0,0,250,244,0,244,$90.28,0,0.00%,$0.00,$90.28,6,2.40%,$2.22,$92.50,,,,
Glasgow Middle,5/23/2025,20018,Red Seedless Grapes(8 grapes per 1/4 cup),446,0,446,450,436,0,436,$113.36,2,0.44%,$0.52,$113.88,12,2.67%,$3.12,$117.00,,,,
Glasgow Middle,5/23/2025,20027,Broccoli Florets(1/4 cup),0,0,0,250,243,0,243,$19.44,1,0.40%,$0.08,$19.52,6,2.40%,$0.48,$20.00,,,,
Glasgow Middle,5/23/2025,20028,Lettuce Blend Salad Mix(1/2 cup),338,0,338,350,338,0,338,$27.04,0,0.00%,$0.00,$27.04,12,3.43%,$0.96,$28.00,,,,
Glasgow Middle,5/23/2025,20030,Sour Cream(2 Tablespoons),36,0,36,78,66,0,66,$9.90,0,0.00%,$0.00,$9.90,12,15.38%,$1.80,$11.70,,,,
Glasgow Middle,5/23/2025,20038,Fat Free White Milk(Each),62,0,62,75,49,0,49,$16.17,0,0.00%,$0.00,$16.17,26,34.67%,$8.58,$24.75,,,,
Glasgow Middle,5/23/2025,30011,"Salsa, Mild Canned(1.5 oz)",21,0,21,28,22,0,22,$2.20,0,0.00%,$0.00,$2.20,6,21.43%,$0.60,$2.80,,,,
Glasgow Middle,5/23/2025,30061,Chilled Mandarin Oranges(1/4 cup (drained)),139,0,139,150,148,0,148,$25.16,0,0.00%,$0.00,$25.16,2,1.33%,$0.34,$25.50,,,,
Glasgow Middle,5/23/2025,30063,Ketchup Packet(Packet),308,0,308,350,335,0,335,$10.05,0,0.00%,$0.00,$10.05,15,4.29%,$0.45,$10.50,,,,
Glasgow Middle,5/23/2025,30064,Mayonnaise Packet(Packet),122,0,122,150,142,0,142,$14.20,0,0.00%,$0.00,$14.20,8,5.33%,$0.80,$15.00,,,,
Glasgow Middle,5/23/2025,30065,Mustard Packet(Packet),42,0,42,80,69,0,69,$3.45,0,0.00%,$0.00,$3.45,11,13.75%,$0.55,$4.00,,,,
Glasgow Middle,5/23/2025,30077,Italian Dressing(1 ounce),59,0,59,75,75,0,75,$6.00,0,0.00%,$0.00,$6.00,0,0.00%,$0.00,$6.00,,,,
Glasgow Middle,5/23/2025,30097,Bottled Water(Bottle),7,0,7,10,10,0,10,$1.60,0,0.00%,$0.00,$1.60,0,0.00%,$0.00,$1.60,,,,
Glasgow Middle,5/23/2025,30099,Chickpeas(1/4 cup),39,0,39,50,25,0,25,$2.25,0,0.00%,$0.00,$2.25,25,50.00%,$2.25,$4.50,,,,
Glasgow Middle,5/23/2025,30107,Ranch Dressing(1 ounce),128,0,128,250,242,0,242,$26.62,0,0.00%,$0.00,$26.62,8,3.20%,$0.88,$27.50,,,,
Glasgow Middle,5/23/2025,30109,Smartfood RF White Cheddar Popcorn(Each),11,0,11,15,12,0,12,$4.44,0,0.00%,$0.00,$4.44,3,20.00%,$1.11,$5.55,,,,
Glasgow Middle,5/23/2025,30110,Doritos Flamas(Each),26,0,26,25,21,0,21,$7.77,0,0.00%,$0.00,$7.77,4,16.00%,$1.48,$9.25,,,,
Glasgow Middle,5/23/2025,30111,Doritos RF Spicy Sweet Chili(Each),25,0,25,25,22,0,22,$8.14,0,0.00%,$0.00,$8.14,3,12.00%,$1.11,$9.25,,,,
Glasgow Middle,5/23/2025,30112,Doritos RF Nacho Cheese(Each),12,0,12,16,12,0,12,$4.44,0,0.00%,$0.00,$4.44,4,25.00%,$1.48,$5.92,,,,
Glasgow Middle,5/23/2025,30113,Cool Ranch Reduced Fat Doritos(Each),14,0,14,15,13,0,13,$4.81,0,0.00%,$0.00,$4.81,2,13.33%,$0.74,$5.55,,,,
Glasgow Middle,5/23/2025,30114,SS Baked Cheetos Flaming Hot(Each),22,0,22,25,22,0,22,$11.66,0,0.00%,$0.00,$11.66,3,12.00%,$1.59,$13.25,,,,
Glasgow Middle,5/23/2025,30115,SS Baked Cheetos Flaming Limon(Each),26,0,26,25,21,0,21,$8.19,0,0.00%,$0.00,$8.19,4,16.00%,$1.56,$9.75,,,,
Glasgow Middle,5/23/2025,30116,SS Cheetos Fantastix Flaming Hot(Each),20,0,20,25,18,0,18,$7.02,0,0.00%,$0.00,$7.02,7,28.00%,$2.73,$9.75,,,,
Glasgow Middle,5/23/2025,30117,WG Baked Funyuns(Each),10,0,10,15,14,0,14,$5.04,0,0.00%,$0.00,$5.04,1,6.67%,$0.36,$5.40,,,,
Glasgow Middle,5/23/2025,30118,Kettle Cooked Smoky BBQ Chips(Each),25,0,25,20,15,0,15,$9.00,0,0.00%,$0.00,$9.00,5,25.00%,$3.00,$12.00,,,,
Glasgow Middle,5/23/2025,30119,RF Kettle Chips Jalapeno & Cheddar Chips(Each),22,0,22,20,14,0,14,$8.40,0,0.00%,$0.00,$8.40,6,30.00%,$3.60,$12.00,,,,
Glasgow Middle,5/23/2025,30120,RF Kettle Chips Sea Salt & Vinegar Chips(Each),19,0,19,20,16,0,16,$9.60,0,0.00%,$0.00,$9.60,4,20.00%,$2.40,$12.00,,,,
Glasgow Middle,5/23/2025,30124,"Fruit Snacks, Welch's Mixed(Each)",61,0,61,115,114,0,114,$45.60,0,0.00%,$0.00,$45.60,1,0.87%,$0.40,$46.00,,,,
Glasgow Middle,5/23/2025,30160,Lay's RF Kettle Original Chips(Each),42,0,42,30,19,0,19,$11.40,0,0.00%,$0.00,$11.40,11,36.67%,$6.60,$18.00,,,,
Glasgow Middle,5/23/2025,60020,"Quesadilla, Turkey Barbacoa and Cheese(Quesadilla)",142,0,142,93,92,0,92,$112.24,1,1.08%,$1.22,$113.46,0,0.00%,$0.00,$113.46,,,,
Glasgow Middle,5/23/2025,60036,Cherry Vanilla Yogurt Power Pack(Power Packs),6,0,6,7,6,0,6,$4.80,0,0.00%,$0.00,$4.80,1,14.29%,$0.80,$5.60,,,,
Glasgow Middle,5/23/2025,60037,Strawberry & Banana Yogurt Power Pack(Power Packs),4,0,4,7,6,0,6,$4.80,0,0.00%,$0.00,$4.80,1,14.29%,$0.80,$5.60,,,,
Glasgow Middle,5/23/2025,60041,Turkey Pepperoni Pizza(Slice),201,0,201,270,268,0,268,$182.24,1,0.37%,$0.68,$182.92,1,0.37%,$0.68,$183.60,,,,
Glasgow Middle,5/23/2025,60063,Chicken & Vegetable Dumplings(6 dumplings),0,0,0,62,61,0,61,$0.00,1,1.61%,$0.00,$0.00,0,0.00%,$0.00,$0.00,,,,
Glasgow Middle,5/23/2025,60075,Spicy Chicken Wrap(Wrap),35,0,35,12,11,0,11,$12.87,1,8.33%,$1.17,$14.04,0,0.00%,$0.00,$14.04,,,,
Glasgow Middle,5/23/2025,60077,Manager's Vegetable Choice(1/4 cup),75,0,75,75,69,0,69,$0.00,0,0.00%,$0.00,$0.00,6,8.00%,$0.00,$0.00,,,,
Glasgow Middle,5/23/2025,60101,Chickpeas - salad bar entree(1/2 cup),3,0,3,2,1,0,1,$0.18,0,0.00%,$0.00,$0.18,1,50.00%,$0.18,$0.36,,,,
Glasgow Middle,5/23/2025,60150,Strawberry Parfait Power Pack(Power Pack),0,0,0,7,6,0,6,$9.78,0,0.00%,$0.00,$9.78,1,14.29%,$1.63,$11.41,,,,
Glen Forest Elementary,5/23/2025,10044,Soft Pretzel(1 pretzel),20,0,20,10,2,0,2,$0.44,0,0.00%,$0.00,$0.44,8,80.00%,$1.76,$2.20,,,,
Glen Forest Elementary,5/23/2025,10075,Cheese Pizza(Slice),45,0,45,36,36,0,36,$20.52,0,0.00%,$0.00,$20.52,0,0.00%,$0.00,$20.52,,,,
Glen Forest Elementary,5/23/2025,20001,1% White Milk(Each),204,0,204,204,131,0,131,$47.16,0,0.00%,$0.00,$47.16,73,35.78%,$26.28,$73.44,,,,
Glen Forest Elementary,5/23/2025,20002,Fat Free Chocolate Milk(Each),400,0,400,402,334,0,334,$116.90,0,0.00%,$0.00,$116.90,68,16.92%,$23.80,$140.70,,,,
Glen Forest Elementary,5/23/2025,20011,Cherry Tomatoes(1/4 cup),200,0,200,72,67,0,67,$24.79,5,6.94%,$1.85,$26.64,0,0.00%,$0.00,$26.64,,,,
Glen Forest Elementary,5/23/2025,20014,Red Delicious Apple(Each - serving),0,0,0,320,199,0,199,$65.67,0,0.00%,$0.00,$65.67,121,37.81%,$39.93,$105.60,,,,
Glen Forest Elementary,5/23/2025,20016,String Cheese(Each),5,0,5,5,0,0,0,$0.00,0,0.00%,$0.00,$0.00,5,100.00%,$0.00,$0.00,,,,
Glen Forest Elementary,5/23/2025,20017,Orange(1/4 cup),0,0,0,102,102,0,102,$17.34,0,0.00%,$0.00,$17.34,0,0.00%,$0.00,$17.34,,,,
Glen Forest Elementary,5/23/2025,20023,Baby Carrots(3 baby carrots per 1/4 cup),0,0,0,48,48,0,48,$4.32,0,0.00%,$0.00,$4.32,0,0.00%,$0.00,$4.32,,,,
Glen Forest Elementary,5/23/2025,20027,Broccoli Florets(1/4 cup),0,0,0,84,82,0,82,$6.56,0,0.00%,$0.00,$6.56,2,2.38%,$0.16,$6.72,,,,
Glen Forest Elementary,5/23/2025,20028,Lettuce Blend Salad Mix(1/2 cup),200,0,200,160,155,0,155,$12.40,5,3.13%,$0.40,$12.80,0,0.00%,$0.00,$12.80,,,,
Glen Forest Elementary,5/23/2025,20036,Celery Sticks(1/4 cup),0,0,0,118,70,0,70,$18.90,0,0.00%,$0.00,$18.90,48,40.68%,$12.96,$31.86,,,,
Glen Forest Elementary,5/23/2025,20038,Fat Free White Milk(Each),50,0,50,4,4,0,4,$1.32,0,0.00%,$0.00,$1.32,0,0.00%,$0.00,$1.32,,,,
Glen Forest Elementary,5/23/2025,20052,Assorted  4 oz Yogurt(Container),5,0,5,5,0,0,0,$0.00,0,0.00%,$0.00,$0.00,5,100.00%,$0.00,$0.00,,,,
Glen Forest Elementary,5/23/2025,20069,"Apple, Slices, IW - ER Supper Only(Each)",0,0,0,70,70,0,70,$23.10,0,0.00%,$0.00,$23.10,0,0.00%,$0.00,$23.10,,,,
Glen Forest Elementary,5/23/2025,30024,Black Beans(1/2 Cup),104,3,107,82,79,3,82,$13.94,0,0.00%,$0.00,$13.94,0,0.00%,$0.00,$13.94,,,,
Glen Forest Elementary,5/23/2025,30034,Graham Crackers(Package),0,0,0,43,43,0,43,$6.02,0,0.00%,$0.00,$6.02,0,0.00%,$0.00,$6.02,,,,
Glen Forest Elementary,5/23/2025,30039,Cherry Flavored Dried Cranberries(Each),200,0,200,150,99,0,99,$23.76,0,0.00%,$0.00,$23.76,51,34.00%,$12.24,$36.00,,,,
Glen Forest Elementary,5/23/2025,30048,Apple Cinnamon Spread(Each),0,0,0,43,43,0,43,$19.35,0,0.00%,$0.00,$19.35,0,0.00%,$0.00,$19.35,,,,
Glen Forest Elementary,5/23/2025,30061,Chilled Mandarin Oranges(1/2 cup (drained)),104,3,107,82,79,3,82,$27.88,0,0.00%,$0.00,$27.88,0,0.00%,$0.00,$27.88,,,,
Glen Forest Elementary,5/23/2025,30061,Chilled Mandarin Oranges(1/4 cup (drained)),200,0,200,336,326,0,326,$55.42,0,0.00%,$0.00,$55.42,10,2.98%,$1.70,$57.12,,,,
Glen Forest Elementary,5/23/2025,30077,Italian Dressing(1 ounce),50,0,50,24,12,0,12,$0.96,0,0.00%,$0.00,$0.96,12,50.00%,$0.96,$1.92,,,,
Glen Forest Elementary,5/23/2025,30097,Bottled Water(Bottle),5,0,5,5,0,0,0,$0.00,0,0.00%,$0.00,$0.00,5,100.00%,$0.00,$0.00,,,,
Glen Forest Elementary,5/23/2025,30099,Chickpeas(1/4 cup),50,0,50,64,32,0,32,$2.88,0,0.00%,$0.00,$2.88,32,50.00%,$2.88,$5.76,,,,
Glen Forest Elementary,5/23/2025,30103,"Milk, Lactose Free,  Fat Free, Shelf-Stable(Each)",0,0,0,2,2,0,2,$0.96,0,0.00%,$0.00,$0.96,0,0.00%,$0.00,$0.96,,,,
Glen Forest Elementary,5/23/2025,30107,Ranch Dressing(1 ounce),50,0,50,72,72,0,72,$7.92,0,0.00%,$0.00,$7.92,0,0.00%,$0.00,$7.92,,,,
Glen Forest Elementary,5/23/2025,30109,Smartfood RF White Cheddar Popcorn(Each),0,0,0,10,0,7,7,$0.00,0,0.00%,$0.00,$0.00,3,30.00%,$0.00,$0.00,,,,
Glen Forest Elementary,5/23/2025,30188,"Milk, Soy, Plain, Bulk (12/32 oz)(1 cup)",0,0,0,2,2,0,2,$1.58,0,0.00%,$0.00,$1.58,0,0.00%,$0.00,$1.58,,,,
Glen Forest Elementary,5/23/2025,60035,PB&J Power Pack(Power Packs),100,0,100,131,94,0,94,$101.52,0,0.00%,$0.00,$101.52,37,28.24%,$39.96,$141.48,,,,
Glen Forest Elementary,5/23/2025,60041,Turkey Pepperoni Pizza(Slice),160,8,168,162,153,0,153,$104.04,1,0.62%,$0.68,$104.72,8,4.94%,$5.44,$110.16,,,,
Glen Forest Elementary,5/23/2025,60080,Cheese Pizza(Slice),404,3,407,396,341,13,354,$201.78,1,0.25%,$0.57,$202.35,41,10.35%,$23.37,$225.72,,,,
Glen Forest Elementary,5/23/2025,60101,Chickpeas - salad bar entree(1/2 cup),20,0,20,10,2,0,2,$0.36,0,0.00%,$0.00,$0.36,8,80.00%,$1.44,$1.80,,,,
Graham Road Elementary,5/23/2025,10033,Chocolate Chip Cookie(1/2 Cookie),2,0,2,0,0,0,0,$0.00,0,0.00%,$0.00,$0.00,0,0.00%,$0.00,$0.00,,,,
Graham Road Elementary,5/23/2025,10044,Soft Pretzel(1 pretzel),28,0,28,0,0,0,0,$0.00,0,0.00%,$0.00,$0.00,0,0.00%,$0.00,$0.00,,,,
Graham Road Elementary,5/23/2025,10075,Cheese Pizza(Slice),7,0,7,0,0,0,0,$0.00,0,0.00%,$0.00,$0.00,0,0.00%,$0.00,$0.00,,,,
Graham Road Elementary,5/23/2025,20001,1% White Milk(Each),149,0,149,464,195,0,195,$70.20,0,0.00%,$0.00,$70.20,269,57.97%,$96.84,$167.04,,,,
Graham Road Elementary,5/23/2025,20002,Fat Free Chocolate Milk(Each),166,0,166,54,24,0,24,$8.40,0,0.00%,$0.00,$8.40,30,55.56%,$10.50,$18.90,,,,
Graham Road Elementary,5/23/2025,20015,Golden Delicious Apple(Each),0,0,0,188,188,0,188,$58.28,0,0.00%,$0.00,$58.28,0,0.00%,$0.00,$58.28,,,,
Graham Road Elementary,5/23/2025,20016,String Cheese(Each),0,0,0,0,0,0,0,$0.00,0,0.00%,$0.00,$0.00,0,0.00%,$0.00,$0.00,,,,
Graham Road Elementary,5/23/2025,20023,Baby Carrots(3 baby carrots per 1/4 cup),0,0,0,96,56,0,56,$5.04,0,0.00%,$0.00,$5.04,40,41.67%,$3.60,$8.64,,,,
Graham Road Elementary,5/23/2025,20028,Lettuce Blend Salad Mix(1/2 cup),200,0,200,220,217,0,217,$17.36,3,1.36%,$0.24,$17.60,0,0.00%,$0.00,$17.60,,,,
Graham Road Elementary,5/23/2025,20031,Banana(Each),32,0,32,34,34,0,34,$7.14,0,0.00%,$0.00,$7.14,0,0.00%,$0.00,$7.14,,,,
Graham Road Elementary,5/23/2025,20038,Fat Free White Milk(Each),46,0,46,730,215,0,215,$70.95,0,0.00%,$0.00,$70.95,515,70.55%,$169.95,$240.90,,,,
Graham Road Elementary,5/23/2025,20043,"Lactose Free, White Milk(Each)",2,0,2,3,3,0,3,$1.74,0,0.00%,$0.00,$1.74,0,0.00%,$0.00,$1.74,,,,
Graham Road Elementary,5/23/2025,20047,Orange Slices(3 slices per 1/4 cup),0,0,0,204,204,0,204,$40.80,0,0.00%,$0.00,$40.80,0,0.00%,$0.00,$40.80,,,,
Graham Road Elementary,5/23/2025,20052,Assorted  4 oz Yogurt(Container),0,0,0,0,0,0,0,$0.00,0,0.00%,$0.00,$0.00,0,0.00%,$0.00,$0.00,,,,
Graham Road Elementary,5/23/2025,30008,Apple Juice(Each),0,0,0,0,0,0,0,$0.00,0,0.00%,$0.00,$0.00,0,0.00%,$0.00,$0.00,,,,
Graham Road Elementary,5/23/2025,30009,Orange Tangerine Juice(Each),0,0,0,0,0,0,0,$0.00,0,0.00%,$0.00,$0.00,0,0.00%,$0.00,$0.00,,,,
Graham Road Elementary,5/23/2025,30024,Black Beans(1/2 Cup),44,0,44,45,45,0,45,$7.65,0,0.00%,$0.00,$7.65,0,0.00%,$0.00,$7.65,,,,
Graham Road Elementary,5/23/2025,30033,Cheez-Its Crackers(Package),32,0,32,34,34,0,34,$6.12,0,0.00%,$0.00,$6.12,0,0.00%,$0.00,$6.12,,,,
Graham Road Elementary,5/23/2025,30039,Cherry Flavored Dried Cranberries(Each),26,0,26,0,0,0,0,$0.00,0,0.00%,$0.00,$0.00,0,0.00%,$0.00,$0.00,,,,
Graham Road Elementary,5/23/2025,30041,Orange Flavored Dried Cranberries(Each),0,0,0,0,0,0,0,$0.00,0,0.00%,$0.00,$0.00,0,0.00%,$0.00,$0.00,,,,
Graham Road Elementary,5/23/2025,30042,Original Flavored Dried Cranberries(Package),0,0,0,0,0,0,0,$0.00,0,0.00%,$0.00,$0.00,0,0.00%,$0.00,$0.00,,,,
Graham Road Elementary,5/23/2025,30043,Raspberry Lemonade Flavored Dried Cranberries(Each),0,0,0,0,0,0,0,$0.00,0,0.00%,$0.00,$0.00,0,0.00%,$0.00,$0.00,,,,
Graham Road Elementary,5/23/2025,30044,Strawberry Flavored Dried Cranberries(Each),0,0,0,0,0,0,0,$0.00,0,0.00%,$0.00,$0.00,0,0.00%,$0.00,$0.00,,,,
Graham Road Elementary,5/23/2025,30045,Watermelon Flavored Dried Cranberries(Each),20,0,20,120,120,0,120,$28.80,0,0.00%,$0.00,$28.80,0,0.00%,$0.00,$28.80,,,,
Graham Road Elementary,5/23/2025,30061,Chilled Mandarin Oranges(1/2 cup (drained)),44,0,44,45,45,0,45,$15.30,0,0.00%,$0.00,$15.30,0,0.00%,$0.00,$15.30,,,,
Graham Road Elementary,5/23/2025,30077,Italian Dressing(1 ounce),10,0,10,24,12,0,12,$0.96,0,0.00%,$0.00,$0.96,12,50.00%,$0.96,$1.92,,,,
Graham Road Elementary,5/23/2025,30094,Doritos Wild White Nacho Flavored Tortilla Chips(Bag),0,0,0,8,8,0,8,$2.80,0,0.00%,$0.00,$2.80,0,0.00%,$0.00,$2.80,,,,
Graham Road Elementary,5/23/2025,30097,Bottled Water(Bottle),0,0,0,0,0,0,0,$0.00,0,0.00%,$0.00,$0.00,0,0.00%,$0.00,$0.00,,,,
Graham Road Elementary,5/23/2025,30099,Chickpeas(1/4 cup),20,0,20,32,32,0,32,$2.88,0,0.00%,$0.00,$2.88,0,0.00%,$0.00,$2.88,,,,
Graham Road Elementary,5/23/2025,30107,Ranch Dressing(1 ounce),67,0,67,72,60,0,60,$6.60,0,0.00%,$0.00,$6.60,12,16.67%,$1.32,$7.92,,,,
Graham Road Elementary,5/23/2025,60035,PB&J Power Pack(Power Packs),60,0,60,76,76,0,76,$82.08,0,0.00%,$0.00,$82.08,0,0.00%,$0.00,$82.08,,,,
Graham Road Elementary,5/23/2025,60036,Cherry Vanilla Yogurt Power Pack(Power Packs),5,0,5,0,0,0,0,$0.00,0,0.00%,$0.00,$0.00,0,0.00%,$0.00,$0.00,,,,
Graham Road Elementary,5/23/2025,60037,Strawberry & Banana Yogurt Power Pack(Power Packs),8,0,8,0,0,0,0,$0.00,0,0.00%,$0.00,$0.00,0,0.00%,$0.00,$0.00,,,,
Graham Road Elementary,5/23/2025,60038,Peach Yogurt Power Pack(Power Packs),20,0,20,8,8,0,8,$6.40,0,0.00%,$0.00,$6.40,0,0.00%,$0.00,$6.40,,,,
Graham Road Elementary,5/23/2025,60041,Turkey Pepperoni Pizza(Slice),192,3,195,271,266,0,266,$180.88,5,1.85%,$3.40,$184.28,0,0.00%,$0.00,$184.28,,,,
Graham Road Elementary,5/23/2025,60077,Manager's Vegetable Choice(1/4 cup),0,0,0,126,106,0,106,$0.00,0,0.00%,$0.00,$0.00,20,15.87%,$0.00,$0.00,,,,
Graham Road Elementary,5/23/2025,60080,Cheese Pizza(Slice),91,3,94,97,89,4,93,$53.01,4,4.12%,$2.28,$55.29,0,0.00%,$0.00,$55.29,,,,
Graham Road Elementary,5/23/2025,60101,Chickpeas - salad bar entree(1/2 cup),0,0,0,0,0,0,0,$0.00,0,0.00%,$0.00,$0.00,0,0.00%,$0.00,$0.00,,,,
Graham Road Elementary,5/23/2025,60150,Strawberry Parfait Power Pack(Power Pack),0,0,0,0,0,0,0,$0.00,0,0.00%,$0.00,$0.00,0,0.00%,$0.00,$0.00,,,,
Great Falls Elementary,5/23/2025,10044,Soft Pretzel(1 pretzel),20,0,20,17,17,0,17,$3.74,0,0.00%,$0.00,$3.74,0,0.00%,$0.00,$3.74,,,,
Great Falls Elementary,5/23/2025,10075,Cheese Pizza(Slice),113,0,113,120,120,0,120,$68.40,0,0.00%,$0.00,$68.40,0,0.00%,$0.00,$68.40,,,,
Great Falls Elementary,5/23/2025,20001,1% White Milk(Each),14,0,14,31,11,0,11,$3.96,0,0.00%,$0.00,$3.96,20,64.52%,$7.20,$11.16,,,,
Great Falls Elementary,5/23/2025,20002,Fat Free Chocolate Milk(Each),109,0,109,131,85,0,85,$29.75,0,0.00%,$0.00,$29.75,46,35.11%,$16.10,$45.85,,,,
Great Falls Elementary,5/23/2025,20008,Apple Slices(3 slices per 1/4 cup),0,0,0,50,47,0,47,$27.73,3,6.00%,$1.77,$29.50,0,0.00%,$0.00,$29.50,,,,
Great Falls Elementary,5/23/2025,20011,Cherry Tomatoes(1/4 cup),0,0,0,20,20,0,20,$7.40,0,0.00%,$0.00,$7.40,0,0.00%,$0.00,$7.40,,,,
Great Falls Elementary,5/23/2025,20017,Orange(1/4 cup),0,0,0,60,60,0,60,$10.20,0,0.00%,$0.00,$10.20,0,0.00%,$0.00,$10.20,,,,
Great Falls Elementary,5/23/2025,20023,Baby Carrots(3 baby carrots per 1/4 cup),0,0,0,40,35,0,35,$3.15,5,12.50%,$0.45,$3.60,0,0.00%,$0.00,$3.60,,,,
Great Falls Elementary,5/23/2025,20027,Broccoli Florets(1/4 cup),0,0,0,50,50,0,50,$4.00,0,0.00%,$0.00,$4.00,0,0.00%,$0.00,$4.00,,,,
Great Falls Elementary,5/23/2025,20028,Lettuce Blend Salad Mix(1/2 cup),49,0,49,50,48,0,48,$3.84,2,4.00%,$0.16,$4.00,0,0.00%,$0.00,$4.00,,,,
Great Falls Elementary,5/23/2025,20031,Banana(Each),0,0,0,50,40,0,40,$8.40,0,0.00%,$0.00,$8.40,10,20.00%,$2.10,$10.50,,,,
Great Falls Elementary,5/23/2025,20038,Fat Free White Milk(Each),10,0,10,16,16,0,16,$5.28,0,0.00%,$0.00,$5.28,0,0.00%,$0.00,$5.28,,,,
Great Falls Elementary,5/23/2025,20052,Assorted  4 oz Yogurt(Container),10,0,10,14,14,0,14,$0.00,0,0.00%,$0.00,$0.00,0,0.00%,$0.00,$0.00,,,,
Great Falls Elementary,5/23/2025,30008,Apple Juice(Each),36,0,36,44,44,0,44,$7.48,0,0.00%,$0.00,$7.48,0,0.00%,$0.00,$7.48,,,,
Great Falls Elementary,5/23/2025,30009,Orange Tangerine Juice(Each),18,0,18,40,24,0,24,$4.08,0,0.00%,$0.00,$4.08,16,40.00%,$2.72,$6.80,,,,
Great Falls Elementary,5/23/2025,30033,Cheez-Its Crackers(Package),0,0,0,12,12,0,12,$2.16,0,0.00%,$0.00,$2.16,0,0.00%,$0.00,$2.16,,,,
Great Falls Elementary,5/23/2025,30043,Raspberry Lemonade Flavored Dried Cranberries(Each),23,0,23,40,35,0,35,$8.40,0,0.00%,$0.00,$8.40,5,12.50%,$1.20,$9.60,,,,
Great Falls Elementary,5/23/2025,30073,IW Heartzels Pretzels(Package),0,0,0,25,25,0,25,$9.00,0,0.00%,$0.00,$9.00,0,0.00%,$0.00,$9.00,,,,
Great Falls Elementary,5/23/2025,30077,Italian Dressing(1 ounce),25,0,25,50,45,0,45,$3.60,0,0.00%,$0.00,$3.60,5,10.00%,$0.40,$4.00,,,,
Great Falls Elementary,5/23/2025,30097,Bottled Water(Bottle),44,0,44,36,36,0,36,$5.76,0,0.00%,$0.00,$5.76,0,0.00%,$0.00,$5.76,,,,
Great Falls Elementary,5/23/2025,30098,Wheat Thins(Package),0,0,0,24,24,0,24,$11.28,0,0.00%,$0.00,$11.28,0,0.00%,$0.00,$11.28,,,,
Great Falls Elementary,5/23/2025,30107,Ranch Dressing(1 ounce),134,0,134,150,135,0,135,$14.85,0,0.00%,$0.00,$14.85,15,10.00%,$1.65,$16.50,,,,
Great Falls Elementary,5/23/2025,60035,PB&J Power Pack(Power Packs),45,0,45,52,45,0,45,$48.60,0,0.00%,$0.00,$48.60,7,13.46%,$7.56,$56.16,,,,
Great Falls Elementary,5/23/2025,60036,Cherry Vanilla Yogurt Power Pack(Power Packs),13,0,13,5,5,0,5,$4.00,0,0.00%,$0.00,$4.00,0,0.00%,$0.00,$4.00,,,,
Great Falls Elementary,5/23/2025,60041,Turkey Pepperoni Pizza(Slice),49,0,49,50,49,0,49,$33.32,1,2.00%,$0.68,$34.00,0,0.00%,$0.00,$34.00,,,,
Great Falls Elementary,5/23/2025,60042,Beef Meatball Sub Sandwich(Sandwich),0,0,0,5,5,0,5,$6.40,0,0.00%,$0.00,$6.40,0,0.00%,$0.00,$6.40,,,,
Great Falls Elementary,5/23/2025,60123,Tomato Soup(8 oz Ladle),0,0,0,50,45,0,45,$31.95,5,10.00%,$3.55,$35.50,0,0.00%,$0.00,$35.50,,,,
Greenbriar East Elementary,5/23/2025,10044,Soft Pretzel(1 pretzel),15,0,15,15,15,0,15,$3.30,0,0.00%,$0.00,$3.30,0,0.00%,$0.00,$3.30,,,,
Greenbriar East Elementary,5/23/2025,10075,Cheese Pizza(Slice),11,0,11,17,17,0,17,$9.69,0,0.00%,$0.00,$9.69,0,0.00%,$0.00,$9.69,,,,
Greenbriar East Elementary,5/23/2025,20001,1% White Milk(Each),117,0,117,579,179,0,179,$64.44,0,0.00%,$0.00,$64.44,400,69.08%,$144.00,$208.44,,,,
Greenbriar East Elementary,5/23/2025,20002,Fat Free Chocolate Milk(Each),251,0,251,450,200,0,200,$70.00,0,0.00%,$0.00,$70.00,250,55.56%,$87.50,$157.50,,,,
Greenbriar East Elementary,5/23/2025,20011,Cherry Tomatoes(1/4 cup),92,0,92,0,0,0,0,$0.00,0,0.00%,$0.00,$0.00,0,0.00%,$0.00,$0.00,,,,
Greenbriar East Elementary,5/23/2025,20014,Red Delicious Apple(Each - serving),0,0,0,265,228,0,228,$75.24,0,0.00%,$0.00,$75.24,37,13.96%,$12.21,$87.45,,,,
Greenbriar East Elementary,5/23/2025,20017,Orange(1/4 cup),0,0,0,306,301,0,301,$51.17,5,1.63%,$0.85,$52.02,0,0.00%,$0.00,$52.02,,,,
Greenbriar East Elementary,5/23/2025,20027,Broccoli Florets(1/4 cup),0,0,0,82,77,0,77,$6.16,5,6.10%,$0.40,$6.56,0,0.00%,$0.00,$6.56,,,,
Greenbriar East Elementary,5/23/2025,20028,Lettuce Blend Salad Mix(1/2 cup),118,0,118,180,180,0,180,$14.40,0,0.00%,$0.00,$14.40,0,0.00%,$0.00,$14.40,,,,
Greenbriar East Elementary,5/23/2025,20031,Banana(Each),16,0,16,17,17,0,17,$3.57,0,0.00%,$0.00,$3.57,0,0.00%,$0.00,$3.57,,,,
Greenbriar East Elementary,5/23/2025,20036,Celery Sticks(1/2 cup),0,0,0,96,93,0,93,$51.15,3,3.13%,$1.65,$52.80,0,0.00%,$0.00,$52.80,,,,
Greenbriar East Elementary,5/23/2025,20038,Fat Free White Milk(Each),23,0,23,25,10,0,10,$3.30,0,0.00%,$0.00,$3.30,15,60.00%,$4.95,$8.25,,,,
Greenbriar East Elementary,5/23/2025,20040,Cucumber Slices(1/4 cup),0,0,0,46,44,0,44,$2.64,2,4.35%,$0.12,$2.76,0,0.00%,$0.00,$2.76,,,,
Greenbriar East Elementary,5/23/2025,20043,"Lactose Free, White Milk(Each)",0,0,0,1,1,0,1,$0.58,0,0.00%,$0.00,$0.58,0,0.00%,$0.00,$0.58,,,,
Greenbriar East Elementary,5/23/2025,30024,Black Beans(1/2 Cup),30,0,30,29,29,0,29,$4.93,0,0.00%,$0.00,$4.93,0,0.00%,$0.00,$4.93,,,,
Greenbriar East Elementary,5/23/2025,30033,Cheez-Its Crackers(Package),16,0,16,17,17,0,17,$3.06,0,0.00%,$0.00,$3.06,0,0.00%,$0.00,$3.06,,,,
Greenbriar East Elementary,5/23/2025,30045,Watermelon Flavored Dried Cranberries(Each),47,0,47,50,40,0,40,$9.60,0,0.00%,$0.00,$9.60,10,20.00%,$2.40,$12.00,,,,
Greenbriar East Elementary,5/23/2025,30061,Chilled Mandarin Oranges(1/2 cup (drained)),29,0,29,30,30,0,30,$10.20,0,0.00%,$0.00,$10.20,0,0.00%,$0.00,$10.20,,,,
Greenbriar East Elementary,5/23/2025,30061,Chilled Mandarin Oranges(1/4 cup (drained)),15,0,15,48,48,0,48,$8.16,0,0.00%,$0.00,$8.16,0,0.00%,$0.00,$8.16,,,,
Greenbriar East Elementary,5/23/2025,30077,Italian Dressing(1 ounce),54,0,54,55,55,0,55,$4.40,0,0.00%,$0.00,$4.40,0,0.00%,$0.00,$4.40,,,,
Greenbriar East Elementary,5/23/2025,30099,Chickpeas(1/4 cup),34,0,34,35,35,0,35,$3.15,0,0.00%,$0.00,$3.15,0,0.00%,$0.00,$3.15,,,,
Greenbriar East Elementary,5/23/2025,30107,Ranch Dressing(1 ounce),87,0,87,0,0,0,0,$0.00,0,0.00%,$0.00,$0.00,0,0.00%,$0.00,$0.00,,,,
Greenbriar East Elementary,5/23/2025,60035,PB&J Power Pack(Power Packs),103,0,103,103,85,0,85,$91.80,0,0.00%,$0.00,$91.80,18,17.48%,$19.44,$111.24,,,,
Greenbriar East Elementary,5/23/2025,60036,Cherry Vanilla Yogurt Power Pack(Power Packs),18,0,18,0,0,0,0,$0.00,0,0.00%,$0.00,$0.00,0,0.00%,$0.00,$0.00,,,,
Greenbriar East Elementary,5/23/2025,60037,Strawberry & Banana Yogurt Power Pack(Power Packs),11,0,11,0,0,0,0,$0.00,0,0.00%,$0.00,$0.00,0,0.00%,$0.00,$0.00,,,,
Greenbriar East Elementary,5/23/2025,60038,Peach Yogurt Power Pack(Power Packs),15,0,15,20,15,0,15,$12.00,0,0.00%,$0.00,$12.00,5,25.00%,$4.00,$16.00,,,,
Greenbriar East Elementary,5/23/2025,60041,Turkey Pepperoni Pizza(1.37 oz),0,0,0,2,2,0,2,$1.36,0,0.00%,$0.00,$1.36,0,0.00%,$0.00,$1.36,,,,
Greenbriar East Elementary,5/23/2025,60041,Turkey Pepperoni Pizza(Slice),119,0,119,163,126,1,127,$86.36,0,0.00%,$0.00,$86.36,36,22.09%,$24.48,$110.84,,,,
Greenbriar East Elementary,5/23/2025,60077,Manager's Vegetable Choice(1/4 cup),105,0,105,0,0,0,0,$0.00,0,0.00%,$0.00,$0.00,0,0.00%,$0.00,$0.00,,,,
Greenbriar East Elementary,5/23/2025,60080,Cheese Pizza(Slice),260,0,260,305,269,0,269,$153.33,0,0.00%,$0.00,$153.33,36,11.80%,$20.52,$173.85,,,,
Greenbriar East Elementary,5/23/2025,60101,Chickpeas - salad bar entree(1/2 cup),3,0,3,0,0,0,0,$0.00,0,0.00%,$0.00,$0.00,0,0.00%,$0.00,$0.00,,,,
Greenbriar East Elementary,5/23/2025,60150,Strawberry Parfait Power Pack(Power Pack),0,0,0,0,0,0,0,$0.00,0,0.00%,$0.00,$0.00,0,0.00%,$0.00,$0.00,,,,
Greenbriar East Elementary,5/23/2025,x30001,Chilled Peaches(1/2 cup),0,0,0,48,48,0,48,$18.24,0,0.00%,$0.00,$18.24,0,0.00%,$0.00,$18.24,,,,
Greenbriar West Elementary,5/23/2025,10039,Potato Encrusted Breaded Pollock(Fillet),0,0,0,5,0,4,4,$0.00,1,20.00%,$0.00,$0.00,0,0.00%,$0.00,$0.00,,,,
Greenbriar West Elementary,5/23/2025,10044,Soft Pretzel(1 pretzel),12,1,13,6,4,0,4,$0.88,1,16.67%,$0.22,$1.10,1,16.67%,$0.22,$1.32,,,,
Greenbriar West Elementary,5/23/2025,10062,Corn(1/4 cup (thawed)),126,2,128,144,96,0,96,$10.56,0,0.00%,$0.00,$10.56,48,33.33%,$5.28,$15.84,,,,
Greenbriar West Elementary,5/23/2025,20001,1% White Milk(Each),37,2,39,43,39,0,39,$14.04,0,0.00%,$0.00,$14.04,4,9.30%,$1.44,$15.48,,,,
Greenbriar West Elementary,5/23/2025,20002,Fat Free Chocolate Milk(Each),175,5,180,197,173,0,173,$60.55,0,0.00%,$0.00,$60.55,24,12.18%,$8.40,$68.95,,,,
Greenbriar West Elementary,5/23/2025,20012,Grape Tomatoes(1/4 cup),54,2,56,42,36,0,36,$9.36,0,0.00%,$0.00,$9.36,6,14.29%,$1.56,$10.92,,,,
Greenbriar West Elementary,5/23/2025,20016,String Cheese(1 Stick),1,0,1,1,0,0,0,$0.00,0,0.00%,$0.00,$0.00,1,100.00%,$0.00,$0.00,,,,
Greenbriar West Elementary,5/23/2025,20018,Red Seedless Grapes(8 grapes per 1/4 cup),366,2,368,391,357,0,357,$92.82,0,0.00%,$0.00,$92.82,34,8.70%,$8.84,$101.66,,,,
Greenbriar West Elementary,5/23/2025,20028,Lettuce Blend Salad Mix(1/2 cup),98,2,100,83,80,0,80,$6.40,3,3.61%,$0.24,$6.64,0,0.00%,$0.00,$6.64,,,,
Greenbriar West Elementary,5/23/2025,20038,Fat Free White Milk(Each),9,1,10,19,7,0,7,$2.31,0,0.00%,$0.00,$2.31,12,63.16%,$3.96,$6.27,,,,
Greenbriar West Elementary,5/23/2025,20052,Assorted  4 oz Yogurt(Container),1,0,1,1,0,0,0,$0.00,0,0.00%,$0.00,$0.00,1,100.00%,$0.00,$0.00,,,,
Greenbriar West Elementary,5/23/2025,30008,Apple Juice(Each),1,0,1,1,0,0,0,$0.00,0,0.00%,$0.00,$0.00,1,100.00%,$0.00,$0.00,,,,
Greenbriar West Elementary,5/23/2025,30009,Orange Tangerine Juice(Each),1,0,1,1,0,0,0,$0.00,0,0.00%,$0.00,$0.00,1,100.00%,$0.00,$0.00,,,,
Greenbriar West Elementary,5/23/2025,30024,Black Beans(1/2 Cup),2,0,2,1,1,0,1,$0.17,0,0.00%,$0.00,$0.17,0,0.00%,$0.00,$0.17,,,,
Greenbriar West Elementary,5/23/2025,30024,Black Beans(1/4 Cup),0,0,0,6,5,0,5,$0.45,1,16.67%,$0.09,$0.54,0,0.00%,$0.00,$0.54,,,,
Greenbriar West Elementary,5/23/2025,30044,Strawberry Flavored Dried Cranberries(Each),73,2,75,125,109,0,109,$26.16,0,0.00%,$0.00,$26.16,16,12.80%,$3.84,$30.00,,,,
Greenbriar West Elementary,5/23/2025,30061,Chilled Mandarin Oranges(1/2 cup (drained)),2,0,2,1,1,0,1,$0.34,0,0.00%,$0.00,$0.34,0,0.00%,$0.00,$0.34,,,,
Greenbriar West Elementary,5/23/2025,30061,Chilled Mandarin Oranges(1/4 cup (drained)),313,2,315,276,272,0,272,$46.24,0,0.00%,$0.00,$46.24,4,1.45%,$0.68,$46.92,,,,
Greenbriar West Elementary,5/23/2025,30077,Italian Dressing(1 ounce),12,0,12,18,0,0,0,$0.00,0,0.00%,$0.00,$0.00,18,100.00%,$0.00,$0.00,,,,
Greenbriar West Elementary,5/23/2025,30094,Doritos Wild White Nacho Flavored Tortilla Chips(Bag),0,0,0,72,62,0,62,$21.70,3,4.17%,$1.05,$22.75,7,9.72%,$2.45,$25.20,,,,
Greenbriar West Elementary,5/23/2025,30097,Bottled Water(Bottle),6,0,6,7,6,0,6,$0.96,0,0.00%,$0.00,$0.96,1,14.29%,$0.16,$1.12,,,,
Greenbriar West Elementary,5/23/2025,30099,Chickpeas(1/4 cup),14,2,16,14,13,0,13,$1.17,1,7.14%,$0.09,$1.26,0,0.00%,$0.00,$1.26,,,,
Greenbriar West Elementary,5/23/2025,30107,Ranch Dressing(1 ounce),36,0,36,30,24,0,24,$2.64,0,0.00%,$0.00,$2.64,6,20.00%,$0.66,$3.30,,,,
Greenbriar West Elementary,5/23/2025,60021,Cooked  Brown Rice(1 cup cooked),0,0,0,4,0,4,4,$0.00,0,0.00%,$0.00,$0.00,0,0.00%,$0.00,$0.00,,,,
Greenbriar West Elementary,5/23/2025,60035,PB&J Power Pack(Power Packs),33,2,35,46,38,0,38,$41.04,0,0.00%,$0.00,$41.04,8,17.39%,$8.64,$49.68,,,,
Greenbriar West Elementary,5/23/2025,60036,Cherry Vanilla Yogurt Power Pack(Power Packs),10,1,11,14,8,0,8,$6.40,0,0.00%,$0.00,$6.40,6,42.86%,$4.80,$11.20,,,,
Greenbriar West Elementary,5/23/2025,60041,Turkey Pepperoni Pizza(Slice),100,3,103,97,92,2,94,$63.92,3,3.09%,$2.04,$65.96,0,0.00%,$0.00,$65.96,,,,
Greenbriar West Elementary,5/23/2025,60042,Beef Meatball Sub Sandwich(Sandwich),0,0,0,8,7,0,7,$8.96,1,12.50%,$1.28,$10.24,0,0.00%,$0.00,$10.24,,,,
Greenbriar West Elementary,5/23/2025,60080,Cheese Pizza(Slice),160,3,163,144,133,2,135,$76.95,9,6.25%,$5.13,$82.08,0,0.00%,$0.00,$82.08,,,,
Greenbriar West Elementary,5/23/2025,60101,Chickpeas - salad bar entree(1/2 cup),2,1,3,1,0,0,0,$0.00,1,100.00%,$0.00,$0.00,0,0.00%,$0.00,$0.00,,,,
Greenbriar West Elementary,5/23/2025,60120,Asian Veggie Sub(sandwich),0,0,0,9,9,0,9,$17.01,0,0.00%,$0.00,$17.01,0,0.00%,$0.00,$17.01,,,,
Greenbriar West Elementary,5/23/2025,60155,Fish  Sandwich(Sandwich),0,0,0,11,11,0,11,$7.70,0,0.00%,$0.00,$7.70,0,0.00%,$0.00,$7.70,,,,
Groveton Elementary,5/23/2025,10044,Soft Pretzel(1 pretzel),17,0,17,10,9,0,9,$1.98,0,0.00%,$0.00,$1.98,1,10.00%,$0.22,$2.20,,,,
Groveton Elementary,5/23/2025,10062,Corn(1/2 cup (cooked)),0,0,0,32,32,0,32,$6.72,0,0.00%,$0.00,$6.72,0,0.00%,$0.00,$6.72,,,,
Groveton Elementary,5/23/2025,10099,"Green Beans, Frozen(1/2 cup)",0,0,0,35,35,0,35,$9.80,0,0.00%,$0.00,$9.80,0,0.00%,$0.00,$9.80,,,,
Groveton Elementary,5/23/2025,20001,1% White Milk(Each),79,0,79,96,71,0,71,$25.56,0,0.00%,$0.00,$25.56,25,26.04%,$9.00,$34.56,,,,
Groveton Elementary,5/23/2025,20002,Fat Free Chocolate Milk(Each),419,0,419,402,392,0,392,$137.20,0,0.00%,$0.00,$137.20,10,2.49%,$3.50,$140.70,,,,
Groveton Elementary,5/23/2025,20008,Apple Slices(3 slices per 1/4 cup),0,0,0,864,864,0,864,$509.76,0,0.00%,$0.00,$509.76,0,0.00%,$0.00,$509.76,,,,
Groveton Elementary,5/23/2025,20011,Cherry Tomatoes(1/4 cup),64,0,64,144,141,0,141,$52.17,3,2.08%,$1.11,$53.28,0,0.00%,$0.00,$53.28,,,,
Groveton Elementary,5/23/2025,20017,Orange(1/4 cup),0,0,0,102,102,0,102,$17.34,0,0.00%,$0.00,$17.34,0,0.00%,$0.00,$17.34,,,,
Groveton Elementary,5/23/2025,20018,Red Seedless Grapes(8 grapes per 1/4 cup),905,0,905,920,920,0,920,$239.20,0,0.00%,$0.00,$239.20,0,0.00%,$0.00,$239.20,,,,
Groveton Elementary,5/23/2025,20023,Baby Carrots(3 baby carrots per 1/4 cup),0,0,0,24,24,0,24,$2.16,0,0.00%,$0.00,$2.16,0,0.00%,$0.00,$2.16,,,,
Groveton Elementary,5/23/2025,20027,Broccoli Florets(1/4 cup),0,0,0,84,83,0,83,$6.64,1,1.19%,$0.08,$6.72,0,0.00%,$0.00,$6.72,,,,
Groveton Elementary,5/23/2025,20028,Lettuce Blend Salad Mix(1/2 cup),106,0,106,120,118,0,118,$9.44,0,0.00%,$0.00,$9.44,2,1.67%,$0.16,$9.60,,,,
Groveton Elementary,5/23/2025,20038,Fat Free White Milk(Each),15,0,15,34,12,0,12,$3.96,0,0.00%,$0.00,$3.96,22,64.71%,$7.26,$11.22,,,,
Groveton Elementary,5/23/2025,20043,"Lactose Free, White Milk(Each)",0,0,0,2,2,0,2,$1.16,0,0.00%,$0.00,$1.16,0,0.00%,$0.00,$1.16,,,,
Groveton Elementary,5/23/2025,30014,Whole Wheat Dinner Roll(2 rolls),0,0,0,4,4,0,4,$1.12,0,0.00%,$0.00,$1.12,0,0.00%,$0.00,$1.12,,,,
Groveton Elementary,5/23/2025,30034,Graham Crackers(Package),0,0,0,0,0,0,0,$0.00,0,0.00%,$0.00,$0.00,0,0.00%,$0.00,$0.00,,,,
Groveton Elementary,5/23/2025,30041,Orange Flavored Dried Cranberries(Each),78,0,78,40,40,0,40,$9.60,0,0.00%,$0.00,$9.60,0,0.00%,$0.00,$9.60,,,,
Groveton Elementary,5/23/2025,30045,Watermelon Flavored Dried Cranberries(Each),106,0,106,60,60,0,60,$14.40,0,0.00%,$0.00,$14.40,0,0.00%,$0.00,$14.40,,,,
Groveton Elementary,5/23/2025,30048,Apple Cinnamon Spread(Each),0,0,0,33,33,0,33,$14.85,0,0.00%,$0.00,$14.85,0,0.00%,$0.00,$14.85,,,,
Groveton Elementary,5/23/2025,30061,Chilled Mandarin Oranges(1/2 cup (drained)),30,0,30,35,35,0,35,$11.90,0,0.00%,$0.00,$11.90,0,0.00%,$0.00,$11.90,,,,
Groveton Elementary,5/23/2025,30077,Italian Dressing(1 ounce),2,0,2,48,3,0,3,$0.24,0,0.00%,$0.00,$0.24,45,93.75%,$3.60,$3.84,,,,
Groveton Elementary,5/23/2025,30107,Ranch Dressing(1 ounce),42,0,42,72,66,0,66,$7.26,0,0.00%,$0.00,$7.26,6,8.33%,$0.66,$7.92,,,,
Groveton Elementary,5/23/2025,30158,Black Beans(1/2 Cup),0,0,0,48,23,0,23,$3.91,25,52.08%,$4.25,$8.16,0,0.00%,$0.00,$8.16,,,,
Groveton Elementary,5/23/2025,60035,PB&J Power Pack(Power Packs),99,0,99,114,88,1,89,$96.12,0,0.00%,$0.00,$96.12,25,21.93%,$27.00,$123.12,,,,
Groveton Elementary,5/23/2025,60038,Peach Yogurt Power Pack(Power Packs),27,0,27,96,13,0,13,$10.40,0,0.00%,$0.00,$10.40,83,86.46%,$66.40,$76.80,,,,
Groveton Elementary,5/23/2025,60041,Turkey Pepperoni Pizza(Slice),222,0,222,265,250,0,250,$170.00,0,0.00%,$0.00,$170.00,15,5.66%,$10.20,$180.20,,,,
Groveton Elementary,5/23/2025,60047,Chicken Tenders(3 tenders),0,0,0,4,4,0,4,$3.76,0,0.00%,$0.00,$3.76,0,0.00%,$0.00,$3.76,,,,
Groveton Elementary,5/23/2025,60080,Cheese Pizza(Slice),255,0,255,243,241,2,243,$138.51,0,0.00%,$0.00,$138.51,0,0.00%,$0.00,$138.51,,,,
Groveton Elementary,5/23/2025,60121,"Sauce, Spicy Mayo(tbsp)",0,0,0,48,16,0,16,$1.44,0,0.00%,$0.00,$1.44,32,66.67%,$2.88,$4.32,,,,
Groveton Elementary,5/23/2025,60122,Asian Meatball Sub(sandwich),0,0,0,30,19,0,19,$33.82,11,36.67%,$19.58,$53.40,0,0.00%,$0.00,$53.40,,,,
Gunston Elementary,5/23/2025,10044,Soft Pretzel(1 pretzel),50,0,50,15,15,0,15,$3.30,0,0.00%,$0.00,$3.30,0,0.00%,$0.00,$3.30,,,,
Gunston Elementary,5/23/2025,10075,Cheese Pizza(Slice),10,0,10,8,8,0,8,$4.56,0,0.00%,$0.00,$4.56,0,0.00%,$0.00,$4.56,,,,
Gunston Elementary,5/23/2025,20001,1% White Milk(Each),80,0,80,152,47,0,47,$16.92,0,0.00%,$0.00,$16.92,105,69.08%,$37.80,$54.72,,,,
Gunston Elementary,5/23/2025,20002,Fat Free Chocolate Milk(Each),200,0,200,200,172,0,172,$60.20,0,0.00%,$0.00,$60.20,28,14.00%,$9.80,$70.00,,,,
Gunston Elementary,5/23/2025,20012,Grape Tomatoes(6 Tomatoes per 1/2 cup),0,0,0,20,14,0,14,$7.28,0,0.00%,$0.00,$7.28,6,30.00%,$3.12,$10.40,,,,
Gunston Elementary,5/23/2025,20018,Red Seedless Grapes(16 grapes per 1/2 cup),75,0,75,86,56,0,56,$28.56,0,0.00%,$0.00,$28.56,30,34.88%,$15.30,$43.86,,,,
Gunston Elementary,5/23/2025,20023,Baby Carrots(6 Baby Carrots per 1/2 cup),0,0,0,8,7,0,7,$1.19,1,12.50%,$0.17,$1.36,0,0.00%,$0.00,$1.36,,,,
Gunston Elementary,5/23/2025,20028,Lettuce Blend Salad Mix(1/2 cup),75,0,75,75,74,0,74,$5.92,1,1.33%,$0.08,$6.00,0,0.00%,$0.00,$6.00,,,,
Gunston Elementary,5/23/2025,20031,Banana(Each),15,0,15,62,62,0,62,$13.02,0,0.00%,$0.00,$13.02,0,0.00%,$0.00,$13.02,,,,
Gunston Elementary,5/23/2025,20036,Celery Sticks(1/2 cup),0,0,0,20,10,0,10,$5.50,0,0.00%,$0.00,$5.50,10,50.00%,$5.50,$11.00,,,,
Gunston Elementary,5/23/2025,20038,Fat Free White Milk(Each),25,0,25,32,3,0,3,$0.99,0,0.00%,$0.00,$0.99,29,90.63%,$9.57,$10.56,,,,
Gunston Elementary,5/23/2025,20043,"Lactose Free, White Milk(Each)",0,0,0,23,0,0,0,$0.00,0,0.00%,$0.00,$0.00,23,100.00%,$0.00,$0.00,,,,
Gunston Elementary,5/23/2025,20047,Orange Slices(6 Slices per 1/2 cup),0,0,0,27,25,0,25,$10.00,2,7.41%,$0.80,$10.80,0,0.00%,$0.00,$10.80,,,,
Gunston Elementary,5/23/2025,20077,"Peppers, red, pre-sliced(1/2 cup sliced)",0,0,0,10,9,0,9,$5.04,1,10.00%,$0.56,$5.60,0,0.00%,$0.00,$5.60,,,,
Gunston Elementary,5/23/2025,30020,Applesauce(1/2 Cup),0,0,0,25,25,0,25,$5.25,0,0.00%,$0.00,$5.25,0,0.00%,$0.00,$5.25,,,,
Gunston Elementary,5/23/2025,30024,Black Beans(1/2 Cup),30,0,30,29,29,0,29,$4.93,0,0.00%,$0.00,$4.93,0,0.00%,$0.00,$4.93,,,,
Gunston Elementary,5/23/2025,30030,Cheddar Chex Mix(Package),0,0,0,14,2,0,2,$0.90,0,0.00%,$0.00,$0.90,12,85.71%,$5.40,$6.30,,,,
Gunston Elementary,5/23/2025,30031,Strawberry Chex Mix(Package),0,0,0,2,2,0,2,$0.90,0,0.00%,$0.00,$0.90,0,0.00%,$0.00,$0.90,,,,
Gunston Elementary,5/23/2025,30033,Cheez-Its Crackers(Package),15,0,15,72,60,0,60,$10.80,0,0.00%,$0.00,$10.80,12,16.67%,$2.16,$12.96,,,,
Gunston Elementary,5/23/2025,30039,Cherry Flavored Dried Cranberries(Each),0,0,0,50,36,0,36,$8.64,0,0.00%,$0.00,$8.64,14,28.00%,$3.36,$12.00,,,,
Gunston Elementary,5/23/2025,30061,Chilled Mandarin Oranges(1/2 cup (drained)),30,0,30,29,29,0,29,$9.86,0,0.00%,$0.00,$9.86,0,0.00%,$0.00,$9.86,,,,
Gunston Elementary,5/23/2025,30077,Italian Dressing(1 ounce),25,0,25,8,6,0,6,$0.48,0,0.00%,$0.00,$0.48,2,25.00%,$0.16,$0.64,,,,
Gunston Elementary,5/23/2025,30078,"Sauce, BBQ, HFCS-Free, Bulk, Low-Sodium(2 TBSP)",0,0,0,20,10,0,10,$1.00,0,0.00%,$0.00,$1.00,10,50.00%,$1.00,$2.00,,,,
Gunston Elementary,5/23/2025,30092,Roasted Sunflower Seeds(Package),0,0,0,65,49,0,49,$15.19,0,0.00%,$0.00,$15.19,16,24.62%,$4.96,$20.15,,,,
Gunston Elementary,5/23/2025,30094,Doritos Wild White Nacho Flavored Tortilla Chips(Bag),0,0,0,72,72,0,72,$25.20,0,0.00%,$0.00,$25.20,0,0.00%,$0.00,$25.20,,,,
Gunston Elementary,5/23/2025,30097,Bottled Water(Bottle),0,0,0,20,20,0,20,$3.20,0,0.00%,$0.00,$3.20,0,0.00%,$0.00,$3.20,,,,
Gunston Elementary,5/23/2025,30098,Wheat Thins(Package),0,0,0,2,2,0,2,$0.94,0,0.00%,$0.00,$0.94,0,0.00%,$0.00,$0.94,,,,
Gunston Elementary,5/23/2025,30107,Ranch Dressing(1 ounce),25,0,25,36,32,0,32,$3.52,0,0.00%,$0.00,$3.52,4,11.11%,$0.44,$3.96,,,,
Gunston Elementary,5/23/2025,30158,Black Beans(1/2 Cup),0,0,0,7,5,0,5,$0.85,2,28.57%,$0.34,$1.19,0,0.00%,$0.00,$1.19,,,,
Gunston Elementary,5/23/2025,60035,PB&J Power Pack(Power Packs),50,0,50,21,1,4,5,$5.40,0,0.00%,$0.00,$5.40,16,76.19%,$17.28,$22.68,,,,
Gunston Elementary,5/23/2025,60036,Cherry Vanilla Yogurt Power Pack(Power Packs),55,0,55,51,47,0,47,$37.60,0,0.00%,$0.00,$37.60,4,7.84%,$3.20,$40.80,,,,
Gunston Elementary,5/23/2025,60041,Turkey Pepperoni Pizza(Slice),165,0,165,167,138,16,154,$104.72,13,7.78%,$8.84,$113.56,0,0.00%,$0.00,$113.56,,,,
Gunston Elementary,5/23/2025,60080,Cheese Pizza(Slice),185,0,185,103,92,1,93,$53.01,10,9.71%,$5.70,$58.71,0,0.00%,$0.00,$58.71,,,,
Gunston Elementary,5/23/2025,60121,"Sauce, Spicy Mayo(tbsp)",0,0,0,12,10,0,10,$0.90,0,0.00%,$0.00,$0.90,2,16.67%,$0.18,$1.08,,,,
HAYFIELD SS,5/23/2025,10001,"Patty, Chicken, Breaded, WG(2 strips)",25,0,25,42,30,0,30,$6.60,0,0.00%,$0.00,$6.60,12,28.57%,$2.64,$9.24,,,,
HAYFIELD SS,5/23/2025,10011,Sweet Thai Chili Sauce(ounce),0,0,0,80,55,0,55,$7.70,0,0.00%,$0.00,$7.70,25,31.25%,$3.50,$11.20,,,,
HAYFIELD SS,5/23/2025,10026,Chickenless Bites(4 Bites),0,0,0,78,78,0,78,$56.94,0,0.00%,$0.00,$56.94,0,0.00%,$0.00,$56.94,,,,
HAYFIELD SS,5/23/2025,10033,Chocolate Chip Cookie(Cookie),266,0,266,441,441,0,441,$119.07,0,0.00%,$0.00,$119.07,0,0.00%,$0.00,$119.07,,,,
HAYFIELD SS,5/23/2025,10044,Soft Pretzel(1 pretzel),36,0,36,28,27,0,27,$5.94,0,0.00%,$0.00,$5.94,1,3.57%,$0.22,$6.16,,,,
HAYFIELD SS,5/23/2025,10049,"WG 10"" Flour Tortilla(Tortilla)",27,0,27,35,17,0,17,$5.95,0,0.00%,$0.00,$5.95,18,51.43%,$6.30,$12.25,,,,
HAYFIELD SS,5/23/2025,10051,"Turkey,  Breast, Pre-Sliced, Oven Roasted(3 Slices)",7,0,7,13,5,0,5,$2.70,0,0.00%,$0.00,$2.70,8,61.54%,$4.32,$7.02,,,,
HAYFIELD SS,5/23/2025,10062,Corn(1/2 cup (cooked)),0,0,0,25,25,0,25,$5.25,0,0.00%,$0.00,$5.25,0,0.00%,$0.00,$5.25,,,,
HAYFIELD SS,5/23/2025,10062,Corn(2 Tablespoons (thawed)),30,0,30,30,30,0,30,$1.50,0,0.00%,$0.00,$1.50,0,0.00%,$0.00,$1.50,,,,
HAYFIELD SS,5/23/2025,10075,Cheese Pizza(Slice),135,0,135,151,124,0,124,$70.68,0,0.00%,$0.00,$70.68,27,17.88%,$15.39,$86.07,,,,
HAYFIELD SS,5/23/2025,20001,1% White Milk(Each),70,0,70,215,55,0,55,$19.80,0,0.00%,$0.00,$19.80,160,74.42%,$57.60,$77.40,,,,
HAYFIELD SS,5/23/2025,20002,Fat Free Chocolate Milk(Each),461,0,461,816,408,0,408,$142.80,0,0.00%,$0.00,$142.80,408,50.00%,$142.80,$285.60,,,,
HAYFIELD SS,5/23/2025,20006,"Cheese, Shredded, Cheddar(1/4 cup)",94,0,94,145,140,0,140,$23.80,0,0.00%,$0.00,$23.80,5,3.45%,$0.85,$24.65,,,,
HAYFIELD SS,5/23/2025,20008,Apple Slices(3 slices per 1/4 cup),0,0,0,45,45,0,45,$26.55,0,0.00%,$0.00,$26.55,0,0.00%,$0.00,$26.55,,,,
HAYFIELD SS,5/23/2025,20008,Apple Slices(6 Slices per 1/2 cup),67,0,67,50,50,0,50,$59.00,0,0.00%,$0.00,$59.00,0,0.00%,$0.00,$59.00,,,,
HAYFIELD SS,5/23/2025,20011,Cherry Tomatoes(1/4 cup),64,0,64,10,10,0,10,$3.70,0,0.00%,$0.00,$3.70,0,0.00%,$0.00,$3.70,,,,
HAYFIELD SS,5/23/2025,20014,Red Delicious Apple(Each - serving),0,0,0,398,265,0,265,$87.45,0,0.00%,$0.00,$87.45,133,33.42%,$43.89,$131.34,,,,
HAYFIELD SS,5/23/2025,20023,Baby Carrots(3 baby carrots per 1/4 cup),0,0,0,220,190,0,190,$17.10,0,0.00%,$0.00,$17.10,30,13.64%,$2.70,$19.80,,,,
HAYFIELD SS,5/23/2025,20028,Lettuce Blend Salad Mix(1/2 cup),527,0,527,550,500,0,500,$40.00,50,9.09%,$4.00,$44.00,0,0.00%,$0.00,$44.00,,,,
HAYFIELD SS,5/23/2025,20035,"Onions, Red, Whole(1/4 cup (sliced))",40,0,40,40,40,0,40,$2.80,0,0.00%,$0.00,$2.80,0,0.00%,$0.00,$2.80,,,,
HAYFIELD SS,5/23/2025,20036,Celery Sticks(1/2 cup),0,0,0,10,10,0,10,$5.50,0,0.00%,$0.00,$5.50,0,0.00%,$0.00,$5.50,,,,
HAYFIELD SS,5/23/2025,20038,Fat Free White Milk(Each),12,0,12,166,17,0,17,$5.61,0,0.00%,$0.00,$5.61,149,89.76%,$49.17,$54.78,,,,
HAYFIELD SS,5/23/2025,20041,"Peppers, Green, Whole(2 Tablespoon)",40,0,40,40,40,0,40,$2.40,0,0.00%,$0.00,$2.40,0,0.00%,$0.00,$2.40,,,,
HAYFIELD SS,5/23/2025,20042,"Peppers, Red, Whole(2 Tablespoons)",40,0,40,40,40,0,40,$2.00,0,0.00%,$0.00,$2.00,0,0.00%,$0.00,$2.00,,,,
HAYFIELD SS,5/23/2025,20047,Orange Slices(3 slices per 1/4 cup),0,0,0,258,248,0,248,$49.60,10,3.88%,$2.00,$51.60,0,0.00%,$0.00,$51.60,,,,
HAYFIELD SS,5/23/2025,20072,"Tomato, Large, whole, Plum(1/4 cup sliced)",0,0,0,25,25,0,25,$4.75,0,0.00%,$0.00,$4.75,0,0.00%,$0.00,$4.75,,,,
HAYFIELD SS,5/23/2025,20077,"Peppers, red, pre-sliced(1/2 cup sliced)",0,0,0,210,190,0,190,$106.40,20,9.52%,$11.20,$117.60,0,0.00%,$0.00,$117.60,,,,
HAYFIELD SS,5/23/2025,30002,Sub Roll(Sub Roll),3,0,3,18,8,0,8,$2.48,0,0.00%,$0.00,$2.48,10,55.56%,$3.10,$5.58,,,,
HAYFIELD SS,5/23/2025,30008,Apple Juice(Each),53,0,53,38,38,0,38,$6.46,0,0.00%,$0.00,$6.46,0,0.00%,$0.00,$6.46,,,,
HAYFIELD SS,5/23/2025,30009,Orange Tangerine Juice(Each),45,0,45,10,10,0,10,$1.70,0,0.00%,$0.00,$1.70,0,0.00%,$0.00,$1.70,,,,
HAYFIELD SS,5/23/2025,30014,Whole Wheat Dinner Roll(Each),0,0,0,78,78,0,78,$10.92,0,0.00%,$0.00,$10.92,0,0.00%,$0.00,$10.92,,,,
HAYFIELD SS,5/23/2025,30024,Black Beans(1/2 Cup),0,0,0,90,78,0,78,$13.26,0,0.00%,$0.00,$13.26,12,13.33%,$2.04,$15.30,,,,
HAYFIELD SS,5/23/2025,30042,Original Flavored Dried Cranberries(Package),145,0,145,97,97,0,97,$23.28,0,0.00%,$0.00,$23.28,0,0.00%,$0.00,$23.28,,,,
HAYFIELD SS,5/23/2025,30061,Chilled Mandarin Oranges(1/4 cup (drained)),367,0,367,264,264,0,264,$44.88,0,0.00%,$0.00,$44.88,0,0.00%,$0.00,$44.88,,,,
HAYFIELD SS,5/23/2025,30063,Ketchup Packet(Packet),1834,0,1834,2000,2000,0,2000,$60.00,0,0.00%,$0.00,$60.00,0,0.00%,$0.00,$60.00,,,,
HAYFIELD SS,5/23/2025,30064,Mayonnaise Packet(Packet),423,0,423,450,415,0,415,$41.50,0,0.00%,$0.00,$41.50,35,7.78%,$3.50,$45.00,,,,
HAYFIELD SS,5/23/2025,30065,Mustard Packet(Packet),45,0,45,75,32,0,32,$1.60,0,0.00%,$0.00,$1.60,43,57.33%,$2.15,$3.75,,,,
HAYFIELD SS,5/23/2025,30077,Italian Dressing(1 ounce),82,0,82,174,112,0,112,$8.96,0,0.00%,$0.00,$8.96,62,35.63%,$4.96,$13.92,,,,
HAYFIELD SS,5/23/2025,30097,Bottled Water(Bottle),209,0,209,100,100,0,100,$16.00,0,0.00%,$0.00,$16.00,0,0.00%,$0.00,$16.00,,,,
HAYFIELD SS,5/23/2025,30099,Chickpeas(1/4 cup),39,0,39,70,58,0,58,$5.22,0,0.00%,$0.00,$5.22,12,17.14%,$1.08,$6.30,,,,
HAYFIELD SS,5/23/2025,30107,Ranch Dressing(1 ounce),455,0,455,398,358,0,358,$39.38,0,0.00%,$0.00,$39.38,40,10.05%,$4.40,$43.78,,,,
HAYFIELD SS,5/23/2025,30110,Doritos Flamas(Each),50,0,50,25,25,0,25,$9.25,0,0.00%,$0.00,$9.25,0,0.00%,$0.00,$9.25,,,,
HAYFIELD SS,5/23/2025,30111,Doritos RF Spicy Sweet Chili(Each),46,0,46,25,25,0,25,$9.25,0,0.00%,$0.00,$9.25,0,0.00%,$0.00,$9.25,,,,
HAYFIELD SS,5/23/2025,30113,Cool Ranch Reduced Fat Doritos(Each),50,0,50,25,25,0,25,$9.25,0,0.00%,$0.00,$9.25,0,0.00%,$0.00,$9.25,,,,
HAYFIELD SS,5/23/2025,30114,SS Baked Cheetos Flaming Hot(Each),50,0,50,50,50,0,50,$26.50,0,0.00%,$0.00,$26.50,0,0.00%,$0.00,$26.50,,,,
HAYFIELD SS,5/23/2025,30116,SS Cheetos Fantastix Flaming Hot(Each),18,0,18,44,44,0,44,$17.16,0,0.00%,$0.00,$17.16,0,0.00%,$0.00,$17.16,,,,
HAYFIELD SS,5/23/2025,30118,Kettle Cooked Smoky BBQ Chips(Each),50,0,50,25,25,0,25,$15.00,0,0.00%,$0.00,$15.00,0,0.00%,$0.00,$15.00,,,,
HAYFIELD SS,5/23/2025,30119,RF Kettle Chips Jalapeno & Cheddar Chips(Each),50,0,50,25,25,0,25,$15.00,0,0.00%,$0.00,$15.00,0,0.00%,$0.00,$15.00,,,,
HAYFIELD SS,5/23/2025,30120,RF Kettle Chips Sea Salt & Vinegar Chips(Each),50,0,50,50,50,0,50,$30.00,0,0.00%,$0.00,$30.00,0,0.00%,$0.00,$30.00,,,,
HAYFIELD SS,5/23/2025,30160,Lay's RF Kettle Original Chips(Each),50,0,50,25,25,0,25,$15.00,0,0.00%,$0.00,$15.00,0,0.00%,$0.00,$15.00,,,,
HAYFIELD SS,5/23/2025,60035,PB&J Power Pack(Power Packs),176,0,176,335,140,0,140,$151.20,0,0.00%,$0.00,$151.20,195,58.21%,$210.60,$361.80,,,,
HAYFIELD SS,5/23/2025,60037,Strawberry & Banana Yogurt Power Pack(Power Packs),12,0,12,19,5,0,5,$4.00,0,0.00%,$0.00,$4.00,14,73.68%,$11.20,$15.20,,,,
HAYFIELD SS,5/23/2025,60041,Turkey Pepperoni Pizza(Slice),97,0,97,216,108,0,108,$73.44,0,0.00%,$0.00,$73.44,108,50.00%,$73.44,$146.88,,,,
HAYFIELD SS,5/23/2025,60042,Beef Meatball Sub Sandwich(Sandwich),0,0,0,128,128,0,128,$163.84,0,0.00%,$0.00,$163.84,0,0.00%,$0.00,$163.84,,,,
HAYFIELD SS,5/23/2025,60043,BBQ Chicken Sandwich(Sandwich),0,0,0,26,26,0,26,$22.36,0,0.00%,$0.00,$22.36,0,0.00%,$0.00,$22.36,,,,
HAYFIELD SS,5/23/2025,60064,Vegetable Dumpling(6 dumplings),0,0,0,33,27,0,27,$0.00,6,18.18%,$0.00,$0.00,0,0.00%,$0.00,$0.00,,,,
HAYFIELD SS,5/23/2025,60072,Spicy Breaded Chicken Patty on Bun(Sandwich),0,0,0,196,180,0,180,$135.00,0,0.00%,$0.00,$135.00,16,8.16%,$12.00,$147.00,,,,
HAYFIELD SS,5/23/2025,60075,Spicy Chicken Wrap(Wrap),19,0,19,28,28,0,28,$32.76,0,0.00%,$0.00,$32.76,0,0.00%,$0.00,$32.76,,,,
HAYFIELD SS,5/23/2025,60095,Chicken and Cheese Quesadilla(Quesadilla),0,0,0,273,139,0,139,$122.32,0,0.00%,$0.00,$122.32,134,49.08%,$117.92,$240.24,,,,
HAYFIELD SS,5/23/2025,60155,Fish  Sandwich(Sandwich),0,0,0,83,80,0,80,$56.00,3,3.61%,$2.10,$58.10,0,0.00%,$0.00,$58.10,,,,
HERNDON HS,5/23/2025,10011,Sweet Thai Chili Sauce(ounce),0,0,0,16,16,0,16,$2.24,0,0.00%,$0.00,$2.24,0,0.00%,$0.00,$2.24,,,,
HERNDON HS,5/23/2025,10015,Baked Cheese Sticks(2 Cheese Sticks),0,0,0,74,74,0,74,$48.84,0,0.00%,$0.00,$48.84,0,0.00%,$0.00,$48.84,,,,
HERNDON HS,5/23/2025,10026,Chickenless Bites(2 Bites),0,0,0,75,75,0,75,$27.00,0,0.00%,$0.00,$27.00,0,0.00%,$0.00,$27.00,,,,
HERNDON HS,5/23/2025,10033,Chocolate Chip Cookie(Cookie),107,0,107,60,57,0,57,$15.39,0,0.00%,$0.00,$15.39,3,5.00%,$0.81,$16.20,,,,
HERNDON HS,5/23/2025,10044,Soft Pretzel(1 pretzel),10,0,10,10,6,0,6,$1.32,0,0.00%,$0.00,$1.32,4,40.00%,$0.88,$2.20,,,,
HERNDON HS,5/23/2025,10075,Cheese Pizza(Slice),200,0,200,80,80,0,80,$45.60,0,0.00%,$0.00,$45.60,0,0.00%,$0.00,$45.60,,,,
HERNDON HS,5/23/2025,20001,1% White Milk(Each),53,0,53,188,64,0,64,$23.04,0,0.00%,$0.00,$23.04,124,65.96%,$44.64,$67.68,,,,
HERNDON HS,5/23/2025,20002,Fat Free Chocolate Milk(Each),416,0,416,575,288,0,288,$100.80,0,0.00%,$0.00,$100.80,287,49.91%,$100.45,$201.25,,,,
HERNDON HS,5/23/2025,20011,Cherry Tomatoes(1/4 cup),75,0,75,60,54,0,54,$19.98,0,0.00%,$0.00,$19.98,6,10.00%,$2.22,$22.20,,,,
HERNDON HS,5/23/2025,20014,Red Delicious Apple(Each - serving),0,0,0,51,32,0,32,$10.56,0,0.00%,$0.00,$10.56,19,37.25%,$6.27,$16.83,,,,
HERNDON HS,5/23/2025,20017,Orange(1/4 cup),0,0,0,164,114,0,114,$19.38,0,0.00%,$0.00,$19.38,50,30.49%,$8.50,$27.88,,,,
HERNDON HS,5/23/2025,20018,Red Seedless Grapes(8 grapes per 1/4 cup),250,0,250,100,100,0,100,$26.00,0,0.00%,$0.00,$26.00,0,0.00%,$0.00,$26.00,,,,
HERNDON HS,5/23/2025,20028,Lettuce Blend Salad Mix(1/2 cup),80,0,80,70,70,0,70,$5.60,0,0.00%,$0.00,$5.60,0,0.00%,$0.00,$5.60,,,,
HERNDON HS,5/23/2025,20030,Sour Cream(2 Tablespoons),38,0,38,50,48,0,48,$7.20,0,0.00%,$0.00,$7.20,2,4.00%,$0.30,$7.50,,,,
HERNDON HS,5/23/2025,20031,Banana(Each),0,0,0,218,218,0,218,$45.78,0,0.00%,$0.00,$45.78,0,0.00%,$0.00,$45.78,,,,
HERNDON HS,5/23/2025,20038,Fat Free White Milk(Each),37,0,37,234,25,0,25,$8.25,0,0.00%,$0.00,$8.25,209,89.32%,$68.97,$77.22,,,,
HERNDON HS,5/23/2025,30011,"Salsa, Mild Canned(1.5 oz)",36,0,36,50,49,0,49,$4.90,0,0.00%,$0.00,$4.90,1,2.00%,$0.10,$5.00,,,,
HERNDON HS,5/23/2025,30018,Marinara Sauce(1/2 cup),0,0,0,74,74,0,74,$21.46,0,0.00%,$0.00,$21.46,0,0.00%,$0.00,$21.46,,,,
HERNDON HS,5/23/2025,30037,IW Applesauce Cup(Each),0,0,0,181,152,0,152,$41.04,0,0.00%,$0.00,$41.04,29,16.02%,$7.83,$48.87,,,,
HERNDON HS,5/23/2025,30061,Chilled Mandarin Oranges(1/4 cup (drained)),150,0,150,50,50,0,50,$8.50,0,0.00%,$0.00,$8.50,0,0.00%,$0.00,$8.50,,,,
HERNDON HS,5/23/2025,30063,Ketchup Packet(Packet),1493,0,1493,1500,1375,0,1375,$41.25,0,0.00%,$0.00,$41.25,125,8.33%,$3.75,$45.00,,,,
HERNDON HS,5/23/2025,30064,Mayonnaise Packet(Packet),801,0,801,800,785,0,785,$78.50,0,0.00%,$0.00,$78.50,15,1.88%,$1.50,$80.00,,,,
HERNDON HS,5/23/2025,30065,Mustard Packet(Packet),761,0,761,700,675,0,675,$33.75,0,0.00%,$0.00,$33.75,25,3.57%,$1.25,$35.00,,,,
HERNDON HS,5/23/2025,30077,Italian Dressing(1 ounce),89,0,89,120,95,0,95,$7.60,0,0.00%,$0.00,$7.60,25,20.83%,$2.00,$9.60,,,,
HERNDON HS,5/23/2025,30097,Bottled Water(Bottle),27,0,27,25,21,0,21,$3.36,0,0.00%,$0.00,$3.36,4,16.00%,$0.64,$4.00,,,,
HERNDON HS,5/23/2025,30099,Chickpeas(1/4 cup),35,0,35,35,25,0,25,$2.25,0,0.00%,$0.00,$2.25,10,28.57%,$0.90,$3.15,,,,
HERNDON HS,5/23/2025,30107,Ranch Dressing(1 ounce),92,0,92,100,90,0,90,$9.90,0,0.00%,$0.00,$9.90,10,10.00%,$1.10,$11.00,,,,
HERNDON HS,5/23/2025,30110,Doritos Flamas(Each),9,0,9,15,14,0,14,$5.18,0,0.00%,$0.00,$5.18,1,6.67%,$0.37,$5.55,,,,
HERNDON HS,5/23/2025,30118,Kettle Cooked Smoky BBQ Chips(Each),7,0,7,15,15,0,15,$9.00,0,0.00%,$0.00,$9.00,0,0.00%,$0.00,$9.00,,,,
HERNDON HS,5/23/2025,30119,RF Kettle Chips Jalapeno & Cheddar Chips(Each),10,0,10,25,25,0,25,$15.00,0,0.00%,$0.00,$15.00,0,0.00%,$0.00,$15.00,,,,
HERNDON HS,5/23/2025,30124,"Fruit Snacks, Welch's Mixed(Each)",2,0,2,5,1,0,1,$0.40,0,0.00%,$0.00,$0.40,4,80.00%,$1.60,$2.00,,,,
HERNDON HS,5/23/2025,30160,Lay's RF Kettle Original Chips(Each),6,0,6,10,10,0,10,$6.00,0,0.00%,$0.00,$6.00,0,0.00%,$0.00,$6.00,,,,
HERNDON HS,5/23/2025,60009,"Sandwich, Turkey & Cheese(sandwich)",0,0,0,24,24,0,24,$16.56,0,0.00%,$0.00,$16.56,0,0.00%,$0.00,$16.56,,,,
HERNDON HS,5/23/2025,60020,"Quesadilla, Turkey Barbacoa and Cheese(Quesadilla)",100,0,100,125,125,0,125,$152.50,0,0.00%,$0.00,$152.50,0,0.00%,$0.00,$152.50,,,,
HERNDON HS,5/23/2025,60035,PB&J Power Pack(Power Packs),150,0,150,73,73,0,73,$78.84,0,0.00%,$0.00,$78.84,0,0.00%,$0.00,$78.84,,,,
HERNDON HS,5/23/2025,60037,Strawberry & Banana Yogurt Power Pack(Power Packs),5,0,5,10,10,0,10,$8.00,0,0.00%,$0.00,$8.00,0,0.00%,$0.00,$8.00,,,,
HERNDON HS,5/23/2025,60041,Turkey Pepperoni Pizza(Slice),300,0,300,132,132,0,132,$89.76,0,0.00%,$0.00,$89.76,0,0.00%,$0.00,$89.76,,,,
HERNDON HS,5/23/2025,60047,Chicken Tenders(3 tenders),0,0,0,70,42,0,42,$39.48,0,0.00%,$0.00,$39.48,28,40.00%,$26.32,$65.80,,,,
HERNDON HS,5/23/2025,60063,Chicken & Vegetable Dumplings(6 dumplings),50,0,50,16,16,0,16,$0.00,0,0.00%,$0.00,$0.00,0,0.00%,$0.00,$0.00,,,,
HERNDON HS,5/23/2025,60077,Manager's Vegetable Choice(1/4 cup),150,0,150,85,80,0,80,$0.00,0,0.00%,$0.00,$0.00,5,5.88%,$0.00,$0.00,,,,
HERNDON HS,5/23/2025,60150,Strawberry Parfait Power Pack(Power Pack),25,0,25,20,20,0,20,$32.60,0,0.00%,$0.00,$32.60,0,0.00%,$0.00,$32.60,,,,
HERNDON HS,5/23/2025,60155,Fish  Sandwich(Sandwich),0,0,0,30,30,0,30,$21.00,0,0.00%,$0.00,$21.00,0,0.00%,$0.00,$21.00,,,,
Halley Elementary,5/23/2025,10033,Chocolate Chip Cookie(1/2 Cookie),150,0,150,171,0,170,170,$0.00,1,0.58%,$0.00,$0.00,0,0.00%,$0.00,$0.00,,,,
Halley Elementary,5/23/2025,10044,Soft Pretzel(1 pretzel),0,0,0,12,0,10,10,$0.00,2,16.67%,$0.00,$0.00,0,0.00%,$0.00,$0.00,,,,
Halley Elementary,5/23/2025,10075,Cheese Pizza(Slice),16,0,16,25,25,0,25,$14.25,0,0.00%,$0.00,$14.25,0,0.00%,$0.00,$14.25,,,,
Halley Elementary,5/23/2025,20001,1% White Milk(Each),93,0,93,105,84,0,84,$30.24,0,0.00%,$0.00,$30.24,21,20.00%,$7.56,$37.80,,,,
Halley Elementary,5/23/2025,20002,Fat Free Chocolate Milk(Each),122,0,122,190,178,2,180,$63.00,0,0.00%,$0.00,$63.00,10,5.26%,$3.50,$66.50,,,,
Halley Elementary,5/23/2025,20008,Apple Slices(3 slices per 1/4 cup),0,0,0,120,119,0,119,$70.21,1,0.83%,$0.59,$70.80,0,0.00%,$0.00,$70.80,,,,
Halley Elementary,5/23/2025,20011,Cherry Tomatoes(1/4 cup),80,0,80,90,70,0,70,$25.90,0,0.00%,$0.00,$25.90,20,22.22%,$7.40,$33.30,,,,
Halley Elementary,5/23/2025,20017,Orange(1/4 cup),0,0,0,80,80,0,80,$13.60,0,0.00%,$0.00,$13.60,0,0.00%,$0.00,$13.60,,,,
Halley Elementary,5/23/2025,20028,Lettuce Blend Salad Mix(1/2 cup),93,0,93,120,119,0,119,$9.52,1,0.83%,$0.08,$9.60,0,0.00%,$0.00,$9.60,,,,
Halley Elementary,5/23/2025,20031,Banana(Each),26,0,26,144,143,0,143,$30.03,1,0.69%,$0.21,$30.24,0,0.00%,$0.00,$30.24,,,,
Halley Elementary,5/23/2025,20038,Fat Free White Milk(Each),66,0,66,25,14,0,14,$4.62,0,0.00%,$0.00,$4.62,11,44.00%,$3.63,$8.25,,,,
Halley Elementary,5/23/2025,30008,Apple Juice(Each),25,0,25,15,0,7,7,$0.00,0,0.00%,$0.00,$0.00,8,53.33%,$0.00,$0.00,,,,
Halley Elementary,5/23/2025,30009,Orange Tangerine Juice(Each),25,0,25,15,0,5,5,$0.00,0,0.00%,$0.00,$0.00,10,66.67%,$0.00,$0.00,,,,
Halley Elementary,5/23/2025,30024,Black Beans(1/2 Cup),56,0,56,57,55,2,57,$9.69,0,0.00%,$0.00,$9.69,0,0.00%,$0.00,$9.69,,,,
Halley Elementary,5/23/2025,30033,Cheez-Its Crackers(Package),26,0,26,44,24,1,25,$4.50,0,0.00%,$0.00,$4.50,19,43.18%,$3.42,$7.92,,,,
Halley Elementary,5/23/2025,30039,Cherry Flavored Dried Cranberries(Each),18,0,18,30,28,0,28,$6.72,0,0.00%,$0.00,$6.72,2,6.67%,$0.48,$7.20,,,,
Halley Elementary,5/23/2025,30041,Orange Flavored Dried Cranberries(Each),38,0,38,30,27,0,27,$6.48,0,0.00%,$0.00,$6.48,3,10.00%,$0.72,$7.20,,,,
Halley Elementary,5/23/2025,30061,Chilled Mandarin Oranges(1/2 cup (drained)),56,0,56,57,55,2,57,$19.38,0,0.00%,$0.00,$19.38,0,0.00%,$0.00,$19.38,,,,
Halley Elementary,5/23/2025,30077,Italian Dressing(1 ounce),12,0,12,24,14,0,14,$1.12,0,0.00%,$0.00,$1.12,10,41.67%,$0.80,$1.92,,,,
Halley Elementary,5/23/2025,30094,Doritos Wild White Nacho Flavored Tortilla Chips(Bag),37,0,37,60,0,50,50,$0.00,0,0.00%,$0.00,$0.00,10,16.67%,$0.00,$0.00,,,,
Halley Elementary,5/23/2025,30097,Bottled Water(Bottle),30,0,30,20,0,14,14,$0.00,0,0.00%,$0.00,$0.00,6,30.00%,$0.00,$0.00,,,,
Halley Elementary,5/23/2025,30099,Chickpeas(1/4 cup),59,0,59,60,58,0,58,$5.22,2,3.33%,$0.18,$5.40,0,0.00%,$0.00,$5.40,,,,
Halley Elementary,5/23/2025,30107,Ranch Dressing(1 ounce),71,0,71,72,70,0,70,$7.70,2,2.78%,$0.22,$7.92,0,0.00%,$0.00,$7.92,,,,
Halley Elementary,5/23/2025,60035,PB&J Power Pack(Power Packs),48,0,48,60,48,0,48,$51.84,0,0.00%,$0.00,$51.84,12,20.00%,$12.96,$64.80,,,,
Halley Elementary,5/23/2025,60036,Cherry Vanilla Yogurt Power Pack(Power Packs),17,0,17,12,11,0,11,$8.80,0,0.00%,$0.00,$8.80,1,8.33%,$0.80,$9.60,,,,
Halley Elementary,5/23/2025,60037,Strawberry & Banana Yogurt Power Pack(Power Packs),11,0,11,10,8,0,8,$6.40,0,0.00%,$0.00,$6.40,2,20.00%,$1.60,$8.00,,,,
Halley Elementary,5/23/2025,60038,Peach Yogurt Power Pack(Power Packs),9,0,9,10,8,0,8,$6.40,0,0.00%,$0.00,$6.40,2,20.00%,$1.60,$8.00,,,,
Halley Elementary,5/23/2025,60041,Turkey Pepperoni Pizza(Slice),103,0,103,108,82,25,107,$72.76,1,0.93%,$0.68,$73.44,0,0.00%,$0.00,$73.44,,,,
Halley Elementary,5/23/2025,60077,Manager's Vegetable Choice(1/4 cup),81,0,81,80,75,0,75,$0.00,0,0.00%,$0.00,$0.00,5,6.25%,$0.00,$0.00,,,,
Halley Elementary,5/23/2025,60080,Cheese Pizza(Slice),103,0,103,159,158,0,158,$90.06,1,0.63%,$0.57,$90.63,0,0.00%,$0.00,$90.63,,,,
Haycock Elementary,5/23/2025,10044,Soft Pretzel(1 pretzel),4,0,4,4,4,0,4,$0.88,0,0.00%,$0.00,$0.88,0,0.00%,$0.00,$0.88,,,,
Haycock Elementary,5/23/2025,10075,Cheese Pizza(Slice),180,0,180,165,132,29,161,$91.77,4,2.42%,$2.28,$94.05,0,0.00%,$0.00,$94.05,,,,
Haycock Elementary,5/23/2025,20001,1% White Milk(Each),18,0,18,32,17,0,17,$6.12,0,0.00%,$0.00,$6.12,15,46.88%,$5.40,$11.52,,,,
Haycock Elementary,5/23/2025,20002,Fat Free Chocolate Milk(Each),127,0,127,312,190,0,190,$66.50,0,0.00%,$0.00,$66.50,122,39.10%,$42.70,$109.20,,,,
Haycock Elementary,5/23/2025,20011,Cherry Tomatoes(1/4 cup),45,0,45,50,50,0,50,$18.50,0,0.00%,$0.00,$18.50,0,0.00%,$0.00,$18.50,,,,
Haycock Elementary,5/23/2025,20028,Lettuce Blend Salad Mix(1/2 cup),100,0,100,80,80,0,80,$6.40,0,0.00%,$0.00,$6.40,0,0.00%,$0.00,$6.40,,,,
Haycock Elementary,5/23/2025,20038,Fat Free White Milk(Each),8,0,8,15,12,0,12,$3.96,0,0.00%,$0.00,$3.96,3,20.00%,$0.99,$4.95,,,,
Haycock Elementary,5/23/2025,30045,Watermelon Flavored Dried Cranberries(Each),29,0,29,150,125,0,125,$30.00,0,0.00%,$0.00,$30.00,25,16.67%,$6.00,$36.00,,,,
Haycock Elementary,5/23/2025,30077,Italian Dressing(1 ounce),25,0,25,50,50,0,50,$4.00,0,0.00%,$0.00,$4.00,0,0.00%,$0.00,$4.00,,,,
Haycock Elementary,5/23/2025,30099,Chickpeas(1/4 cup),28,0,28,25,25,0,25,$2.25,0,0.00%,$0.00,$2.25,0,0.00%,$0.00,$2.25,,,,
Haycock Elementary,5/23/2025,30107,Ranch Dressing(1 ounce),25,0,25,25,25,0,25,$2.75,0,0.00%,$0.00,$2.75,0,0.00%,$0.00,$2.75,,,,
Haycock Elementary,5/23/2025,60035,PB&J Power Pack(Power Packs),88,0,88,40,29,10,39,$42.12,0,0.00%,$0.00,$42.12,1,2.50%,$1.08,$43.20,,,,
Haycock Elementary,5/23/2025,60041,Turkey Pepperoni Pizza(Slice),100,0,100,125,121,0,121,$82.28,4,3.20%,$2.72,$85.00,0,0.00%,$0.00,$85.00,,,,
Haycock Elementary,5/23/2025,60077,Manager's Vegetable Choice(1/4 cup),93,0,93,125,125,0,125,$0.00,0,0.00%,$0.00,$0.00,0,0.00%,$0.00,$0.00,,,,
Haycock Elementary,5/23/2025,60099,"Parfait, Triple Berry(Parfait)",0,0,0,23,23,0,23,$15.64,0,0.00%,$0.00,$15.64,0,0.00%,$0.00,$15.64,,,,
Haycock Elementary,5/23/2025,60101,Chickpeas - salad bar entree(1/2 cup),4,0,4,4,4,0,4,$0.72,0,0.00%,$0.00,$0.72,0,0.00%,$0.00,$0.72,,,,
Hayfield Elementary,5/23/2025,10026,Chickenless Bites(2 Bites),0,0,0,11,10,1,11,$3.96,0,0.00%,$0.00,$3.96,0,0.00%,$0.00,$3.96,,,,
Hayfield Elementary,5/23/2025,10033,Chocolate Chip Cookie(1/2 Cookie),3,0,3,3,3,0,3,$0.42,0,0.00%,$0.00,$0.42,0,0.00%,$0.00,$0.42,,,,
Hayfield Elementary,5/23/2025,10036,Vanilla Sugar Cookie(1/2 Cookie),13,0,13,13,13,0,13,$1.82,0,0.00%,$0.00,$1.82,0,0.00%,$0.00,$1.82,,,,
Hayfield Elementary,5/23/2025,10044,Soft Pretzel(1 pretzel),17,0,17,13,7,0,7,$1.54,0,0.00%,$0.00,$1.54,6,46.15%,$1.32,$2.86,,,,
Hayfield Elementary,5/23/2025,10075,Cheese Pizza(Slice),150,0,150,108,96,2,98,$55.86,0,0.00%,$0.00,$55.86,10,9.26%,$5.70,$61.56,,,,
Hayfield Elementary,5/23/2025,20001,1% White Milk(Each),10,0,10,134,10,0,10,$3.60,0,0.00%,$0.00,$3.60,124,92.54%,$44.64,$48.24,,,,
Hayfield Elementary,5/23/2025,20002,Fat Free Chocolate Milk(Each),180,0,180,502,160,0,160,$56.00,0,0.00%,$0.00,$56.00,342,68.13%,$119.70,$175.70,,,,
Hayfield Elementary,5/23/2025,20008,Apple Slices(3 slices per 1/4 cup),0,0,0,12,12,0,12,$7.08,0,0.00%,$0.00,$7.08,0,0.00%,$0.00,$7.08,,,,
Hayfield Elementary,5/23/2025,20012,Grape Tomatoes(6 Tomatoes per 1/2 cup),0,0,0,48,48,0,48,$24.96,0,0.00%,$0.00,$24.96,0,0.00%,$0.00,$24.96,,,,
Hayfield Elementary,5/23/2025,20018,Red Seedless Grapes(16 grapes per 1/2 cup),0,0,0,92,89,0,89,$45.39,0,0.00%,$0.00,$45.39,3,3.26%,$1.53,$46.92,,,,
Hayfield Elementary,5/23/2025,20023,Baby Carrots(6 Baby Carrots per 1/2 cup),0,0,0,42,42,0,42,$7.14,0,0.00%,$0.00,$7.14,0,0.00%,$0.00,$7.14,,,,
Hayfield Elementary,5/23/2025,20027,Broccoli Florets(6 Pieces per 1/2 cup),0,0,0,25,25,0,25,$3.75,0,0.00%,$0.00,$3.75,0,0.00%,$0.00,$3.75,,,,
Hayfield Elementary,5/23/2025,20036,Celery Sticks(1/2 cup),0,0,0,12,12,0,12,$6.60,0,0.00%,$0.00,$6.60,0,0.00%,$0.00,$6.60,,,,
Hayfield Elementary,5/23/2025,20038,Fat Free White Milk(Each),5,0,5,30,2,0,2,$0.66,1,3.33%,$0.33,$0.99,27,90.00%,$8.91,$9.90,,,,
Hayfield Elementary,5/23/2025,20047,Orange Slices(3 slices per 1/4 cup),0,0,0,102,99,0,99,$19.80,0,0.00%,$0.00,$19.80,3,2.94%,$0.60,$20.40,,,,
Hayfield Elementary,5/23/2025,20080,"Carrots, Shredded(Cup)",0,0,0,48,48,0,48,$15.84,0,0.00%,$0.00,$15.84,0,0.00%,$0.00,$15.84,,,,
Hayfield Elementary,5/23/2025,30008,Apple Juice(Each),10,0,10,10,10,0,10,$1.70,0,0.00%,$0.00,$1.70,0,0.00%,$0.00,$1.70,,,,
Hayfield Elementary,5/23/2025,30009,Orange Tangerine Juice(Each),10,0,10,10,6,0,6,$1.02,0,0.00%,$0.00,$1.02,4,40.00%,$0.68,$1.70,,,,
Hayfield Elementary,5/23/2025,30014,Whole Wheat Dinner Roll(2 rolls),0,0,0,11,11,0,11,$3.08,0,0.00%,$0.00,$3.08,0,0.00%,$0.00,$3.08,,,,
Hayfield Elementary,5/23/2025,30033,Cheez-Its Crackers(Package),20,0,20,20,19,0,19,$3.42,0,0.00%,$0.00,$3.42,1,5.00%,$0.18,$3.60,,,,
Hayfield Elementary,5/23/2025,30077,Italian Dressing(1 ounce),5,0,5,12,3,0,3,$0.24,0,0.00%,$0.00,$0.24,9,75.00%,$0.72,$0.96,,,,
Hayfield Elementary,5/23/2025,30078,"Sauce, BBQ, HFCS-Free, Bulk, Low-Sodium(2 TBSP)",0,0,0,12,6,0,6,$0.60,0,0.00%,$0.00,$0.60,6,50.00%,$0.60,$1.20,,,,
Hayfield Elementary,5/23/2025,30094,Doritos Wild White Nacho Flavored Tortilla Chips(Bag),42,0,42,65,62,0,62,$21.70,0,0.00%,$0.00,$21.70,3,4.62%,$1.05,$22.75,,,,
Hayfield Elementary,5/23/2025,30097,Bottled Water(Bottle),12,0,12,12,7,0,7,$1.12,0,0.00%,$0.00,$1.12,5,41.67%,$0.80,$1.92,,,,
Hayfield Elementary,5/23/2025,30099,Chickpeas(1/2 cup),10,0,10,7,7,0,7,$1.26,0,0.00%,$0.00,$1.26,0,0.00%,$0.00,$1.26,,,,
Hayfield Elementary,5/23/2025,30102,1% Unflavored Shelf-Stable Milk(Each),0,0,0,3,3,0,3,$1.14,0,0.00%,$0.00,$1.14,0,0.00%,$0.00,$1.14,,,,
Hayfield Elementary,5/23/2025,30107,Ranch Dressing(1 ounce),36,0,36,24,23,0,23,$2.53,0,0.00%,$0.00,$2.53,1,4.17%,$0.11,$2.64,,,,
Hayfield Elementary,5/23/2025,60009,"Sandwich, Turkey & Cheese(sandwich)",0,0,0,3,1,0,1,$0.69,0,0.00%,$0.00,$0.69,2,66.67%,$1.38,$2.07,,,,
Hayfield Elementary,5/23/2025,60035,PB&J Power Pack(Power Packs),35,0,35,52,31,0,31,$33.48,0,0.00%,$0.00,$33.48,21,40.38%,$22.68,$56.16,,,,
Hayfield Elementary,5/23/2025,60036,Cherry Vanilla Yogurt Power Pack(Power Packs),10,0,10,37,7,0,7,$5.60,0,0.00%,$0.00,$5.60,30,81.08%,$24.00,$29.60,,,,
Hayfield Elementary,5/23/2025,60037,Strawberry & Banana Yogurt Power Pack(Power Packs),0,0,0,6,6,0,6,$4.80,0,0.00%,$0.00,$4.80,0,0.00%,$0.00,$4.80,,,,
Hayfield Elementary,5/23/2025,60041,Turkey Pepperoni Pizza(Slice),100,0,100,84,68,2,70,$47.60,1,1.19%,$0.68,$48.28,13,15.48%,$8.84,$57.12,,,,
Hayfield Elementary,5/23/2025,60101,Chickpeas - salad bar entree(1/2 cup),2,0,2,2,0,0,0,$0.00,0,0.00%,$0.00,$0.00,2,100.00%,$0.00,$0.00,,,,
Hayfield Elementary,5/23/2025,60121,"Sauce, Spicy Mayo(tbsp)",0,0,0,12,2,0,2,$0.18,0,0.00%,$0.00,$0.18,10,83.33%,$0.90,$1.08,,,,
Herndon Elementary,5/23/2025,10044,Soft Pretzel(1 pretzel),2,0,2,0,0,0,0,$0.00,0,0.00%,$0.00,$0.00,0,0.00%,$0.00,$0.00,,,,
Herndon Elementary,5/23/2025,20001,1% White Milk(Each),68,0,68,212,205,0,205,$73.80,0,0.00%,$0.00,$73.80,7,3.30%,$2.52,$76.32,,,,
Herndon Elementary,5/23/2025,20002,Fat Free Chocolate Milk(Each),370,0,370,375,372,0,372,$130.20,0,0.00%,$0.00,$130.20,3,0.80%,$1.05,$131.25,,,,
Herndon Elementary,5/23/2025,20008,Apple Slices(6 Slices per 1/2 cup),0,0,0,384,379,0,379,$447.22,5,1.30%,$5.90,$453.12,0,0.00%,$0.00,$453.12,,,,
Herndon Elementary,5/23/2025,20011,Cherry Tomatoes(1/4 cup),123,0,123,72,67,0,67,$24.79,5,6.94%,$1.85,$26.64,0,0.00%,$0.00,$26.64,,,,
Herndon Elementary,5/23/2025,20017,Orange(6 Slices per 1/2 cup),0,0,0,165,157,0,157,$53.38,8,4.85%,$2.72,$56.10,0,0.00%,$0.00,$56.10,,,,
Herndon Elementary,5/23/2025,20018,Red Seedless Grapes(16 grapes per 1/2 cup),128,0,128,92,90,0,90,$45.90,2,2.17%,$1.02,$46.92,0,0.00%,$0.00,$46.92,,,,
Herndon Elementary,5/23/2025,20028,Lettuce Blend Salad Mix(1/2 cup),220,0,220,200,186,0,186,$14.88,14,7.00%,$1.12,$16.00,0,0.00%,$0.00,$16.00,,,,
Herndon Elementary,5/23/2025,20038,Fat Free White Milk(Each),140,0,140,20,18,0,18,$5.94,0,0.00%,$0.00,$5.94,2,10.00%,$0.66,$6.60,,,,
Herndon Elementary,5/23/2025,20043,"Lactose Free, White Milk(Each)",0,0,0,1,1,0,1,$0.58,0,0.00%,$0.00,$0.58,0,0.00%,$0.00,$0.58,,,,
Herndon Elementary,5/23/2025,20052,Assorted  4 oz Yogurt(Container),0,0,0,1,0,1,1,$0.00,0,0.00%,$0.00,$0.00,0,0.00%,$0.00,$0.00,,,,
Herndon Elementary,5/23/2025,30024,Black Beans(1/2 Cup),34,0,34,38,38,0,38,$6.46,0,0.00%,$0.00,$6.46,0,0.00%,$0.00,$6.46,,,,
Herndon Elementary,5/23/2025,30033,Cheez-Its Crackers(Package),35,0,35,111,111,0,111,$19.98,0,0.00%,$0.00,$19.98,0,0.00%,$0.00,$19.98,,,,
Herndon Elementary,5/23/2025,30048,Apple Cinnamon Spread(Each),0,0,0,36,36,0,36,$16.20,0,0.00%,$0.00,$16.20,0,0.00%,$0.00,$16.20,,,,
Herndon Elementary,5/23/2025,30061,Chilled Mandarin Oranges(1/2 cup (drained)),36,0,36,38,38,0,38,$12.92,0,0.00%,$0.00,$12.92,0,0.00%,$0.00,$12.92,,,,
Herndon Elementary,5/23/2025,30099,Chickpeas(1/4 cup),30,0,30,30,26,0,26,$2.34,4,13.33%,$0.36,$2.70,0,0.00%,$0.00,$2.70,,,,
Herndon Elementary,5/23/2025,30107,Ranch Dressing(1 ounce),116,0,116,120,112,0,112,$12.32,8,6.67%,$0.88,$13.20,0,0.00%,$0.00,$13.20,,,,
Herndon Elementary,5/23/2025,60035,PB&J Power Pack(Power Packs),68,0,68,72,53,0,53,$57.24,0,0.00%,$0.00,$57.24,19,26.39%,$20.52,$77.76,,,,
Herndon Elementary,5/23/2025,60036,Cherry Vanilla Yogurt Power Pack(Power Packs),30,0,30,24,23,0,23,$18.40,0,0.00%,$0.00,$18.40,1,4.17%,$0.80,$19.20,,,,
Herndon Elementary,5/23/2025,60037,Strawberry & Banana Yogurt Power Pack(Power Packs),30,0,30,24,20,0,20,$16.00,0,0.00%,$0.00,$16.00,4,16.67%,$3.20,$19.20,,,,
Herndon Elementary,5/23/2025,60038,Peach Yogurt Power Pack(Power Packs),25,0,25,24,20,0,20,$16.00,0,0.00%,$0.00,$16.00,4,16.67%,$3.20,$19.20,,,,
Herndon Elementary,5/23/2025,60041,Turkey Pepperoni Pizza(Slice),326,0,326,336,325,0,325,$221.00,0,0.00%,$0.00,$221.00,11,3.27%,$7.48,$228.48,,,,
Herndon Elementary,5/23/2025,60077,Manager's Vegetable Choice(1/2 cup),180,0,180,240,224,0,224,$0.00,0,0.00%,$0.00,$0.00,16,6.67%,$0.00,$0.00,,,,
Herndon Elementary,5/23/2025,60080,Cheese Pizza(Slice),200,0,200,170,155,0,155,$88.35,0,0.00%,$0.00,$88.35,15,8.82%,$8.55,$96.90,,,,
Herndon Elementary,5/23/2025,60101,Chickpeas - salad bar entree(1/2 cup),24,0,24,30,26,0,26,$4.68,4,13.33%,$0.72,$5.40,0,0.00%,$0.00,$5.40,,,,
Herndon Middle,5/23/2025,10033,Chocolate Chip Cookie(Cookie),0,0,0,0,0,0,0,$0.00,0,0.00%,$0.00,$0.00,0,0.00%,$0.00,$0.00,,,,
Herndon Middle,5/23/2025,10044,Soft Pretzel(1 pretzel),8,0,8,1,1,0,1,$0.22,0,0.00%,$0.00,$0.22,0,0.00%,$0.00,$0.22,,,,
Herndon Middle,5/23/2025,10070,Orange Sauce(ounce),0,0,0,8,8,0,8,$1.12,0,0.00%,$0.00,$1.12,0,0.00%,$0.00,$1.12,,,,
Herndon Middle,5/23/2025,10075,Cheese Pizza(Slice),210,0,210,205,204,1,205,$116.85,0,0.00%,$0.00,$116.85,0,0.00%,$0.00,$116.85,,,,
Herndon Middle,5/23/2025,20001,1% White Milk(Each),46,0,46,50,29,0,29,$10.44,0,0.00%,$0.00,$10.44,21,42.00%,$7.56,$18.00,,,,
Herndon Middle,5/23/2025,20002,Fat Free Chocolate Milk(Each),379,0,379,400,353,0,353,$123.55,0,0.00%,$0.00,$123.55,47,11.75%,$16.45,$140.00,,,,
Herndon Middle,5/23/2025,20011,Cherry Tomatoes(1/4 cup),87,0,87,48,46,0,46,$17.02,2,4.17%,$0.74,$17.76,0,0.00%,$0.00,$17.76,,,,
Herndon Middle,5/23/2025,20014,Red Delicious Apple(Each - serving),0,0,0,225,196,0,196,$64.68,0,0.00%,$0.00,$64.68,29,12.89%,$9.57,$74.25,,,,
Herndon Middle,5/23/2025,20016,String Cheese(Each),0,0,0,0,0,0,0,$0.00,0,0.00%,$0.00,$0.00,0,0.00%,$0.00,$0.00,,,,
Herndon Middle,5/23/2025,20023,Baby Carrots(3 baby carrots per 1/4 cup),0,0,0,144,138,0,138,$12.42,6,4.17%,$0.54,$12.96,0,0.00%,$0.00,$12.96,,,,
Herndon Middle,5/23/2025,20028,Lettuce Blend Salad Mix(1/2 cup),284,0,284,320,312,0,312,$24.96,8,2.50%,$0.64,$25.60,0,0.00%,$0.00,$25.60,,,,
Herndon Middle,5/23/2025,20038,Fat Free White Milk(Each),24,0,24,50,11,0,11,$3.63,0,0.00%,$0.00,$3.63,39,78.00%,$12.87,$16.50,,,,
Herndon Middle,5/23/2025,20052,Assorted  4 oz Yogurt(Container),0,0,0,0,0,0,0,$0.00,0,0.00%,$0.00,$0.00,0,0.00%,$0.00,$0.00,,,,
Herndon Middle,5/23/2025,30008,Apple Juice(Each),0,0,0,0,0,0,0,$0.00,0,0.00%,$0.00,$0.00,0,0.00%,$0.00,$0.00,,,,
Herndon Middle,5/23/2025,30009,Orange Tangerine Juice(Each),0,0,0,0,0,0,0,$0.00,0,0.00%,$0.00,$0.00,0,0.00%,$0.00,$0.00,,,,
Herndon Middle,5/23/2025,30033,Cheez-Its Crackers(Package),0,0,0,0,0,0,0,$0.00,0,0.00%,$0.00,$0.00,0,0.00%,$0.00,$0.00,,,,
Herndon Middle,5/23/2025,30061,Chilled Mandarin Oranges(1/4 cup (drained)),201,0,201,375,372,0,372,$63.24,3,0.80%,$0.51,$63.75,0,0.00%,$0.00,$63.75,,,,
Herndon Middle,5/23/2025,30063,Ketchup Packet(Packet),611,0,611,100,98,0,98,$2.94,0,0.00%,$0.00,$2.94,2,2.00%,$0.06,$3.00,,,,
Herndon Middle,5/23/2025,30064,Mayonnaise Packet(Packet),314,0,314,50,48,0,48,$4.80,0,0.00%,$0.00,$4.80,2,4.00%,$0.20,$5.00,,,,
Herndon Middle,5/23/2025,30065,Mustard Packet(Packet),324,0,324,50,48,0,48,$2.40,0,0.00%,$0.00,$2.40,2,4.00%,$0.10,$2.50,,,,
Herndon Middle,5/23/2025,30097,Bottled Water(Bottle),0,0,0,0,0,0,0,$0.00,0,0.00%,$0.00,$0.00,0,0.00%,$0.00,$0.00,,,,
Herndon Middle,5/23/2025,30099,Chickpeas(1/4 cup),5,0,5,5,2,0,2,$0.18,3,60.00%,$0.27,$0.45,0,0.00%,$0.00,$0.45,,,,
Herndon Middle,5/23/2025,30107,Ranch Dressing(1 ounce),194,0,194,288,284,0,284,$31.24,4,1.39%,$0.44,$31.68,0,0.00%,$0.00,$31.68,,,,
Herndon Middle,5/23/2025,30109,Smartfood RF White Cheddar Popcorn(Each),0,0,0,0,0,0,0,$0.00,0,0.00%,$0.00,$0.00,0,0.00%,$0.00,$0.00,,,,
Herndon Middle,5/23/2025,30110,Doritos Flamas(Each),0,0,0,0,0,0,0,$0.00,0,0.00%,$0.00,$0.00,0,0.00%,$0.00,$0.00,,,,
Herndon Middle,5/23/2025,30111,Doritos RF Spicy Sweet Chili(Each),0,0,0,0,0,0,0,$0.00,0,0.00%,$0.00,$0.00,0,0.00%,$0.00,$0.00,,,,
Herndon Middle,5/23/2025,30112,Doritos RF Nacho Cheese(Each),0,0,0,0,0,0,0,$0.00,0,0.00%,$0.00,$0.00,0,0.00%,$0.00,$0.00,,,,
Herndon Middle,5/23/2025,30113,Cool Ranch Reduced Fat Doritos(Each),0,0,0,0,0,0,0,$0.00,0,0.00%,$0.00,$0.00,0,0.00%,$0.00,$0.00,,,,
Herndon Middle,5/23/2025,30114,SS Baked Cheetos Flaming Hot(Each),0,0,0,0,0,0,0,$0.00,0,0.00%,$0.00,$0.00,0,0.00%,$0.00,$0.00,,,,
Herndon Middle,5/23/2025,30115,SS Baked Cheetos Flaming Limon(Each),0,0,0,0,0,0,0,$0.00,0,0.00%,$0.00,$0.00,0,0.00%,$0.00,$0.00,,,,
Herndon Middle,5/23/2025,30116,SS Cheetos Fantastix Flaming Hot(Each),0,0,0,0,0,0,0,$0.00,0,0.00%,$0.00,$0.00,0,0.00%,$0.00,$0.00,,,,
Herndon Middle,5/23/2025,30117,WG Baked Funyuns(Each),0,0,0,0,0,0,0,$0.00,0,0.00%,$0.00,$0.00,0,0.00%,$0.00,$0.00,,,,
Herndon Middle,5/23/2025,30118,Kettle Cooked Smoky BBQ Chips(Each),0,0,0,0,0,0,0,$0.00,0,0.00%,$0.00,$0.00,0,0.00%,$0.00,$0.00,,,,
Herndon Middle,5/23/2025,30119,RF Kettle Chips Jalapeno & Cheddar Chips(Each),0,0,0,0,0,0,0,$0.00,0,0.00%,$0.00,$0.00,0,0.00%,$0.00,$0.00,,,,
Herndon Middle,5/23/2025,30120,RF Kettle Chips Sea Salt & Vinegar Chips(Each),0,0,0,0,0,0,0,$0.00,0,0.00%,$0.00,$0.00,0,0.00%,$0.00,$0.00,,,,
Herndon Middle,5/23/2025,30124,"Fruit Snacks, Welch's Mixed(Each)",0,0,0,0,0,0,0,$0.00,0,0.00%,$0.00,$0.00,0,0.00%,$0.00,$0.00,,,,
Herndon Middle,5/23/2025,30160,Lay's RF Kettle Original Chips(Each),0,0,0,0,0,0,0,$0.00,0,0.00%,$0.00,$0.00,0,0.00%,$0.00,$0.00,,,,
Herndon Middle,5/23/2025,60020,"Quesadilla, Turkey Barbacoa and Cheese(Quesadilla)",0,0,0,36,36,0,36,$43.92,0,0.00%,$0.00,$43.92,0,0.00%,$0.00,$43.92,,,,
Herndon Middle,5/23/2025,60035,PB&J Power Pack(Power Packs),9,0,9,12,8,3,11,$11.88,0,0.00%,$0.00,$11.88,1,8.33%,$1.08,$12.96,,,,
Herndon Middle,5/23/2025,60041,Turkey Pepperoni Pizza(Slice),297,0,297,290,280,8,288,$195.84,2,0.69%,$1.36,$197.20,0,0.00%,$0.00,$197.20,,,,
Herndon Middle,5/23/2025,60063,Chicken & Vegetable Dumplings(6 dumplings),0,0,0,8,8,0,8,$0.00,0,0.00%,$0.00,$0.00,0,0.00%,$0.00,$0.00,,,,
Herndon Middle,5/23/2025,60101,Chickpeas - salad bar entree(1/2 cup),4,0,4,1,1,0,1,$0.18,0,0.00%,$0.00,$0.18,0,0.00%,$0.00,$0.18,,,,
Hollin Meadows Elementary,5/23/2025,10044,Soft Pretzel(1 pretzel),108,0,108,70,58,0,58,$12.76,0,0.00%,$0.00,$12.76,12,17.14%,$2.64,$15.40,,,,
Hollin Meadows Elementary,5/23/2025,20001,1% White Milk(Each),76,0,76,85,74,0,74,$26.64,0,0.00%,$0.00,$26.64,11,12.94%,$3.96,$30.60,,,,
Hollin Meadows Elementary,5/23/2025,20002,Fat Free Chocolate Milk(Each),300,0,300,325,304,0,304,$106.40,0,0.00%,$0.00,$106.40,21,6.46%,$7.35,$113.75,,,,
Hollin Meadows Elementary,5/23/2025,20011,Cherry Tomatoes(1/4 cup),136,0,136,144,120,0,120,$44.40,0,0.00%,$0.00,$44.40,24,16.67%,$8.88,$53.28,,,,
Hollin Meadows Elementary,5/23/2025,20018,Red Seedless Grapes(8 grapes per 1/4 cup),455,0,455,460,459,0,459,$119.34,0,0.00%,$0.00,$119.34,1,0.22%,$0.26,$119.60,,,,
Hollin Meadows Elementary,5/23/2025,20028,Lettuce Blend Salad Mix(1/2 cup),112,0,112,120,110,0,110,$8.80,0,0.00%,$0.00,$8.80,10,8.33%,$0.80,$9.60,,,,
Hollin Meadows Elementary,5/23/2025,20031,Banana(Each),20,0,20,20,20,0,20,$4.20,0,0.00%,$0.00,$4.20,0,0.00%,$0.00,$4.20,,,,
Hollin Meadows Elementary,5/23/2025,20038,Fat Free White Milk(Each),19,0,19,35,21,0,21,$6.93,0,0.00%,$0.00,$6.93,14,40.00%,$4.62,$11.55,,,,
Hollin Meadows Elementary,5/23/2025,30024,Black Beans(1/2 Cup),20,0,20,20,20,0,20,$3.40,0,0.00%,$0.00,$3.40,0,0.00%,$0.00,$3.40,,,,
Hollin Meadows Elementary,5/23/2025,30033,Cheez-Its Crackers(Package),18,0,18,18,18,0,18,$3.24,0,0.00%,$0.00,$3.24,0,0.00%,$0.00,$3.24,,,,
Hollin Meadows Elementary,5/23/2025,30043,Raspberry Lemonade Flavored Dried Cranberries(Each),167,0,167,200,172,0,172,$41.28,0,0.00%,$0.00,$41.28,28,14.00%,$6.72,$48.00,,,,
Hollin Meadows Elementary,5/23/2025,30061,Chilled Mandarin Oranges(1/2 cup (drained)),18,0,18,18,18,0,18,$6.12,0,0.00%,$0.00,$6.12,0,0.00%,$0.00,$6.12,,,,
Hollin Meadows Elementary,5/23/2025,30061,Chilled Mandarin Oranges(1/4 cup (drained)),165,0,165,144,120,0,120,$20.40,0,0.00%,$0.00,$20.40,24,16.67%,$4.08,$24.48,,,,
Hollin Meadows Elementary,5/23/2025,30077,Italian Dressing(1 ounce),9,0,9,24,14,0,14,$1.12,0,0.00%,$0.00,$1.12,10,41.67%,$0.80,$1.92,,,,
Hollin Meadows Elementary,5/23/2025,30099,Chickpeas(1/4 cup),40,0,40,48,36,0,36,$3.24,0,0.00%,$0.00,$3.24,12,25.00%,$1.08,$4.32,,,,
Hollin Meadows Elementary,5/23/2025,30107,Ranch Dressing(1 ounce),62,0,62,72,64,0,64,$7.04,0,0.00%,$0.00,$7.04,8,11.11%,$0.88,$7.92,,,,
Hollin Meadows Elementary,5/23/2025,60035,PB&J Power Pack(Power Packs),102,0,102,60,53,0,53,$57.24,0,0.00%,$0.00,$57.24,7,11.67%,$7.56,$64.80,,,,
Hollin Meadows Elementary,5/23/2025,60037,Strawberry & Banana Yogurt Power Pack(Power Packs),37,0,37,1,1,0,1,$0.80,0,0.00%,$0.00,$0.80,0,0.00%,$0.00,$0.80,,,,
Hollin Meadows Elementary,5/23/2025,60041,Turkey Pepperoni Pizza(Slice),170,0,170,170,167,0,167,$113.56,0,0.00%,$0.00,$113.56,3,1.76%,$2.04,$115.60,,,,
Hollin Meadows Elementary,5/23/2025,60077,Manager's Vegetable Choice(1/4 cup),140,0,140,144,141,0,141,$0.00,0,0.00%,$0.00,$0.00,3,2.08%,$0.00,$0.00,,,,
Hollin Meadows Elementary,5/23/2025,60080,Cheese Pizza(Slice),241,0,241,222,197,0,197,$112.29,0,0.00%,$0.00,$112.29,25,11.26%,$14.25,$126.54,,,,
Holmes Middle,5/23/2025,10011,Sweet Thai Chili Sauce(ounce),0,0,0,21,7,0,7,$0.98,13,61.90%,$1.82,$2.80,1,4.76%,$0.14,$2.94,,,,
Holmes Middle,5/23/2025,10033,Chocolate Chip Cookie(Cookie),50,0,50,0,0,0,0,$0.00,0,0.00%,$0.00,$0.00,0,0.00%,$0.00,$0.00,,,,
Holmes Middle,5/23/2025,10062,Corn(1/2 cup (cooked)),0,0,0,64,64,0,64,$13.44,0,0.00%,$0.00,$13.44,0,0.00%,$0.00,$13.44,,,,
Holmes Middle,5/23/2025,10075,Cheese Pizza(Slice),233,0,233,287,265,10,275,$156.75,11,3.83%,$6.27,$163.02,1,0.35%,$0.57,$163.59,,,,
Holmes Middle,5/23/2025,20001,1% White Milk(Each),34,0,34,35,18,0,18,$6.48,0,0.00%,$0.00,$6.48,17,48.57%,$6.12,$12.60,,,,
Holmes Middle,5/23/2025,20002,Fat Free Chocolate Milk(Each),291,0,291,450,337,0,337,$117.95,0,0.00%,$0.00,$117.95,113,25.11%,$39.55,$157.50,,,,
Holmes Middle,5/23/2025,20011,Cherry Tomatoes(1/4 cup),108,0,108,216,72,0,72,$26.64,0,0.00%,$0.00,$26.64,144,66.67%,$53.28,$79.92,,,,
Holmes Middle,5/23/2025,20016,String Cheese(Each),0,0,0,0,0,0,0,$0.00,0,0.00%,$0.00,$0.00,0,0.00%,$0.00,$0.00,,,,
Holmes Middle,5/23/2025,20018,Red Seedless Grapes(8 grapes per 1/4 cup),614,0,614,552,552,0,552,$143.52,0,0.00%,$0.00,$143.52,0,0.00%,$0.00,$143.52,,,,
Holmes Middle,5/23/2025,20027,Broccoli Florets(1/4 cup),0,0,0,252,252,0,252,$20.16,0,0.00%,$0.00,$20.16,0,0.00%,$0.00,$20.16,,,,
Holmes Middle,5/23/2025,20028,Lettuce Blend Salad Mix(1/2 cup),327,0,327,400,360,0,360,$28.80,0,0.00%,$0.00,$28.80,40,10.00%,$3.20,$32.00,,,,
Holmes Middle,5/23/2025,20031,Banana(Each),0,0,0,112,112,0,112,$23.52,0,0.00%,$0.00,$23.52,0,0.00%,$0.00,$23.52,,,,
Holmes Middle,5/23/2025,20038,Fat Free White Milk(Each),61,0,61,61,6,0,6,$1.98,0,0.00%,$0.00,$1.98,55,90.16%,$18.15,$20.13,,,,
Holmes Middle,5/23/2025,20052,Assorted  4 oz Yogurt(Container),0,0,0,0,0,0,0,$0.00,0,0.00%,$0.00,$0.00,0,0.00%,$0.00,$0.00,,,,
Holmes Middle,5/23/2025,30008,Apple Juice(Each),0,0,0,0,0,0,0,$0.00,0,0.00%,$0.00,$0.00,0,0.00%,$0.00,$0.00,,,,
Holmes Middle,5/23/2025,30009,Orange Tangerine Juice(Each),0,0,0,0,0,0,0,$0.00,0,0.00%,$0.00,$0.00,0,0.00%,$0.00,$0.00,,,,
Holmes Middle,5/23/2025,30033,Cheez-Its Crackers(Package),35,0,35,25,25,0,25,$4.50,0,0.00%,$0.00,$4.50,0,0.00%,$0.00,$4.50,,,,
Holmes Middle,5/23/2025,30039,Cherry Flavored Dried Cranberries(Each),253,0,253,360,207,0,207,$49.68,0,0.00%,$0.00,$49.68,153,42.50%,$36.72,$86.40,,,,
Holmes Middle,5/23/2025,30061,Chilled Mandarin Oranges(1/4 cup (drained)),166,0,166,338,338,0,338,$57.46,0,0.00%,$0.00,$57.46,0,0.00%,$0.00,$57.46,,,,
Holmes Middle,5/23/2025,30063,Ketchup Packet(Packet),278,0,278,275,263,0,263,$7.89,0,0.00%,$0.00,$7.89,12,4.36%,$0.36,$8.25,,,,
Holmes Middle,5/23/2025,30064,Mayonnaise Packet(Packet),79,0,79,150,112,0,112,$11.20,0,0.00%,$0.00,$11.20,38,25.33%,$3.80,$15.00,,,,
Holmes Middle,5/23/2025,30065,Mustard Packet(Packet),47,0,47,125,38,0,38,$1.90,0,0.00%,$0.00,$1.90,87,69.60%,$4.35,$6.25,,,,
Holmes Middle,5/23/2025,30097,Bottled Water(Bottle),25,0,25,25,5,0,5,$0.80,0,0.00%,$0.00,$0.80,20,80.00%,$3.20,$4.00,,,,
Holmes Middle,5/23/2025,30099,Chickpeas(1/4 cup),27,0,27,48,48,0,48,$4.32,0,0.00%,$0.00,$4.32,0,0.00%,$0.00,$4.32,,,,
Holmes Middle,5/23/2025,30109,Smartfood RF White Cheddar Popcorn(Each),0,0,0,0,0,0,0,$0.00,0,0.00%,$0.00,$0.00,0,0.00%,$0.00,$0.00,,,,
Holmes Middle,5/23/2025,30110,Doritos Flamas(Each),0,0,0,0,0,0,0,$0.00,0,0.00%,$0.00,$0.00,0,0.00%,$0.00,$0.00,,,,
Holmes Middle,5/23/2025,30111,Doritos RF Spicy Sweet Chili(Each),0,0,0,0,0,0,0,$0.00,0,0.00%,$0.00,$0.00,0,0.00%,$0.00,$0.00,,,,
Holmes Middle,5/23/2025,30112,Doritos RF Nacho Cheese(Each),0,0,0,0,0,0,0,$0.00,0,0.00%,$0.00,$0.00,0,0.00%,$0.00,$0.00,,,,
Holmes Middle,5/23/2025,30113,Cool Ranch Reduced Fat Doritos(Each),0,0,0,0,0,0,0,$0.00,0,0.00%,$0.00,$0.00,0,0.00%,$0.00,$0.00,,,,
Holmes Middle,5/23/2025,30114,SS Baked Cheetos Flaming Hot(Each),0,0,0,0,0,0,0,$0.00,0,0.00%,$0.00,$0.00,0,0.00%,$0.00,$0.00,,,,
Holmes Middle,5/23/2025,30115,SS Baked Cheetos Flaming Limon(Each),0,0,0,0,0,0,0,$0.00,0,0.00%,$0.00,$0.00,0,0.00%,$0.00,$0.00,,,,
Holmes Middle,5/23/2025,30116,SS Cheetos Fantastix Flaming Hot(Each),0,0,0,0,0,0,0,$0.00,0,0.00%,$0.00,$0.00,0,0.00%,$0.00,$0.00,,,,
Holmes Middle,5/23/2025,30117,WG Baked Funyuns(Each),0,0,0,0,0,0,0,$0.00,0,0.00%,$0.00,$0.00,0,0.00%,$0.00,$0.00,,,,
Holmes Middle,5/23/2025,30118,Kettle Cooked Smoky BBQ Chips(Each),0,0,0,0,0,0,0,$0.00,0,0.00%,$0.00,$0.00,0,0.00%,$0.00,$0.00,,,,
Holmes Middle,5/23/2025,30119,RF Kettle Chips Jalapeno & Cheddar Chips(Each),0,0,0,0,0,0,0,$0.00,0,0.00%,$0.00,$0.00,0,0.00%,$0.00,$0.00,,,,
Holmes Middle,5/23/2025,30120,RF Kettle Chips Sea Salt & Vinegar Chips(Each),0,0,0,0,0,0,0,$0.00,0,0.00%,$0.00,$0.00,0,0.00%,$0.00,$0.00,,,,
Holmes Middle,5/23/2025,30124,"Fruit Snacks, Welch's Mixed(Each)",0,0,0,0,0,0,0,$0.00,0,0.00%,$0.00,$0.00,0,0.00%,$0.00,$0.00,,,,
Holmes Middle,5/23/2025,30160,Lay's RF Kettle Original Chips(Each),0,0,0,0,0,0,0,$0.00,0,0.00%,$0.00,$0.00,0,0.00%,$0.00,$0.00,,,,
Holmes Middle,5/23/2025,60002,Chicken Quesadilla(quesadilla),0,0,0,63,51,0,51,$35.70,11,17.46%,$7.70,$43.40,1,1.59%,$0.70,$44.10,,,,
Holmes Middle,5/23/2025,60035,PB&J Power Pack(Power Packs),61,0,61,118,114,0,114,$123.12,0,0.00%,$0.00,$123.12,4,3.39%,$4.32,$127.44,,,,
Holmes Middle,5/23/2025,60036,Cherry Vanilla Yogurt Power Pack(Power Packs),14,0,14,12,12,0,12,$9.60,0,0.00%,$0.00,$9.60,0,0.00%,$0.00,$9.60,,,,
Holmes Middle,5/23/2025,60041,Turkey Pepperoni Pizza(Slice),173,0,173,173,161,0,161,$109.48,11,6.36%,$7.48,$116.96,1,0.58%,$0.68,$117.64,,,,
Holmes Middle,5/23/2025,60064,Vegetable Dumpling(6 dumplings),0,0,0,21,7,0,7,$0.00,13,61.90%,$0.00,$0.00,1,4.76%,$0.00,$0.00,,,,
Holmes Middle,5/23/2025,60077,Manager's Vegetable Choice(1/4 cup),190,0,190,144,144,0,144,$0.00,0,0.00%,$0.00,$0.00,0,0.00%,$0.00,$0.00,,,,
Holmes Middle,5/23/2025,60120,Asian Veggie Sub(sandwich),0,0,0,15,15,0,15,$28.35,0,0.00%,$0.00,$28.35,0,0.00%,$0.00,$28.35,,,,
Holmes Middle,5/23/2025,60122,Asian Meatball Sub(sandwich),0,0,0,29,29,0,29,$51.62,0,0.00%,$0.00,$51.62,0,0.00%,$0.00,$51.62,,,,
Hughes Middle,5/23/2025,10044,Soft Pretzel(1 pretzel),20,0,20,24,23,0,23,$5.06,0,0.00%,$0.00,$5.06,1,4.17%,$0.22,$5.28,,,,
Hughes Middle,5/23/2025,10070,Orange Sauce(ounce),0,0,0,30,25,0,25,$3.50,0,0.00%,$0.00,$3.50,5,16.67%,$0.70,$4.20,,,,
Hughes Middle,5/23/2025,10075,Cheese Pizza(Slice),146,0,146,144,142,0,142,$80.94,0,0.00%,$0.00,$80.94,2,1.39%,$1.14,$82.08,,,,
Hughes Middle,5/23/2025,20001,1% White Milk(Each),20,0,20,40,21,0,21,$7.56,0,0.00%,$0.00,$7.56,19,47.50%,$6.84,$14.40,,,,
Hughes Middle,5/23/2025,20002,Fat Free Chocolate Milk(Each),331,0,331,400,328,0,328,$114.80,0,0.00%,$0.00,$114.80,72,18.00%,$25.20,$140.00,,,,
Hughes Middle,5/23/2025,20011,Cherry Tomatoes(1/4 cup),38,0,38,50,40,0,40,$14.80,0,0.00%,$0.00,$14.80,10,20.00%,$3.70,$18.50,,,,
Hughes Middle,5/23/2025,20028,Lettuce Blend Salad Mix(1/2 cup),277,0,277,300,290,0,290,$23.20,0,0.00%,$0.00,$23.20,10,3.33%,$0.80,$24.00,,,,
Hughes Middle,5/23/2025,20030,Sour Cream(2 Tablespoons),48,0,48,60,58,0,58,$8.70,0,0.00%,$0.00,$8.70,2,3.33%,$0.30,$9.00,,,,
Hughes Middle,5/23/2025,20038,Fat Free White Milk(Each),15,0,15,30,15,0,15,$4.95,0,0.00%,$0.00,$4.95,15,50.00%,$4.95,$9.90,,,,
Hughes Middle,5/23/2025,20074,"Apple Slices(3 slices, 1/4 cup)",0,0,0,200,197,0,197,$35.46,0,0.00%,$0.00,$35.46,3,1.50%,$0.54,$36.00,,,,
Hughes Middle,5/23/2025,30011,"Salsa, Mild Canned(1.5 oz)",50,0,50,60,59,0,59,$5.90,0,0.00%,$0.00,$5.90,1,1.67%,$0.10,$6.00,,,,
Hughes Middle,5/23/2025,30045,Watermelon Flavored Dried Cranberries(Each),48,0,48,100,90,0,90,$21.60,0,0.00%,$0.00,$21.60,10,10.00%,$2.40,$24.00,,,,
Hughes Middle,5/23/2025,30061,Chilled Mandarin Oranges(1/4 cup (drained)),155,0,155,180,175,0,175,$29.75,0,0.00%,$0.00,$29.75,5,2.78%,$0.85,$30.60,,,,
Hughes Middle,5/23/2025,30063,Ketchup Packet(Packet),487,0,487,200,150,0,150,$4.50,0,0.00%,$0.00,$4.50,50,25.00%,$1.50,$6.00,,,,
Hughes Middle,5/23/2025,30064,Mayonnaise Packet(Packet),57,0,57,100,40,0,40,$4.00,0,0.00%,$0.00,$4.00,60,60.00%,$6.00,$10.00,,,,
Hughes Middle,5/23/2025,30065,Mustard Packet(Packet),44,0,44,100,30,0,30,$1.50,0,0.00%,$0.00,$1.50,70,70.00%,$3.50,$5.00,,,,
Hughes Middle,5/23/2025,30077,Italian Dressing(1 ounce),74,0,74,100,70,0,70,$5.60,0,0.00%,$0.00,$5.60,30,30.00%,$2.40,$8.00,,,,
Hughes Middle,5/23/2025,30099,Chickpeas(1/4 cup),40,0,40,100,75,0,75,$6.75,0,0.00%,$0.00,$6.75,25,25.00%,$2.25,$9.00,,,,
Hughes Middle,5/23/2025,30107,Ranch Dressing(1 ounce),286,0,286,300,290,0,290,$31.90,0,0.00%,$0.00,$31.90,10,3.33%,$1.10,$33.00,,,,
Hughes Middle,5/23/2025,60020,"Quesadilla, Turkey Barbacoa and Cheese(Quesadilla)",0,0,0,35,34,0,34,$41.48,0,0.00%,$0.00,$41.48,1,2.86%,$1.22,$42.70,,,,
Hughes Middle,5/23/2025,60035,PB&J Power Pack(Power Packs),107,0,107,150,125,0,125,$135.00,0,0.00%,$0.00,$135.00,25,16.67%,$27.00,$162.00,,,,
Hughes Middle,5/23/2025,60036,Cherry Vanilla Yogurt Power Pack(Power Packs),2,0,2,10,3,0,3,$2.40,0,0.00%,$0.00,$2.40,7,70.00%,$5.60,$8.00,,,,
Hughes Middle,5/23/2025,60038,Peach Yogurt Power Pack(Power Packs),6,0,6,10,4,0,4,$3.20,0,0.00%,$0.00,$3.20,6,60.00%,$4.80,$8.00,,,,
Hughes Middle,5/23/2025,60041,Turkey Pepperoni Pizza(Slice),96,0,96,124,122,0,122,$82.96,0,0.00%,$0.00,$82.96,2,1.61%,$1.36,$84.32,,,,
Hughes Middle,5/23/2025,60063,Chicken & Vegetable Dumplings(6 dumplings),0,0,0,34,31,0,31,$0.00,0,0.00%,$0.00,$0.00,3,8.82%,$0.00,$0.00,,,,
Hughes Middle,5/23/2025,60067,Chicken Eggroll(2 Egg Rolls),0,0,0,20,19,0,19,$29.64,0,0.00%,$0.00,$29.64,1,5.00%,$1.56,$31.20,,,,
Hughes Middle,5/23/2025,60075,Spicy Chicken Wrap(Wrap),10,0,10,12,12,0,12,$14.04,0,0.00%,$0.00,$14.04,0,0.00%,$0.00,$14.04,,,,
Hunt Valley Elementary,5/23/2025,10044,Soft Pretzel(1 pretzel),6,0,6,60,59,0,59,$12.98,0,0.00%,$0.00,$12.98,1,1.67%,$0.22,$13.20,,,,
Hunt Valley Elementary,5/23/2025,10075,Cheese Pizza(Slice),170,0,170,147,136,10,146,$83.22,0,0.00%,$0.00,$83.22,1,0.68%,$0.57,$83.79,,,,
Hunt Valley Elementary,5/23/2025,20001,1% White Milk(Each),30,0,30,30,23,3,26,$9.36,0,0.00%,$0.00,$9.36,4,13.33%,$1.44,$10.80,,,,
Hunt Valley Elementary,5/23/2025,20002,Fat Free Chocolate Milk(Each),210,0,210,180,169,10,179,$62.65,0,0.00%,$0.00,$62.65,1,0.56%,$0.35,$63.00,,,,
Hunt Valley Elementary,5/23/2025,20011,Cherry Tomatoes(1/4 cup),80,0,80,35,32,2,34,$12.58,0,0.00%,$0.00,$12.58,1,2.86%,$0.37,$12.95,,,,
Hunt Valley Elementary,5/23/2025,20014,Red Delicious Apple(Each - serving),90,0,90,80,76,2,78,$25.74,0,0.00%,$0.00,$25.74,2,2.50%,$0.66,$26.40,,,,
Hunt Valley Elementary,5/23/2025,20016,String Cheese(Each),0,0,0,8,8,0,8,$1.76,0,0.00%,$0.00,$1.76,0,0.00%,$0.00,$1.76,,,,
Hunt Valley Elementary,5/23/2025,20018,Red Seedless Grapes(16 grapes per 1/2 cup),0,0,0,100,90,10,100,$51.00,0,0.00%,$0.00,$51.00,0,0.00%,$0.00,$51.00,,,,
Hunt Valley Elementary,5/23/2025,20028,Lettuce Blend Salad Mix(1/2 cup),80,0,80,90,77,12,89,$7.12,0,0.00%,$0.00,$7.12,1,1.11%,$0.08,$7.20,,,,
Hunt Valley Elementary,5/23/2025,20036,Celery Sticks(1/2 cup),0,0,0,35,27,8,35,$19.25,0,0.00%,$0.00,$19.25,0,0.00%,$0.00,$19.25,,,,
Hunt Valley Elementary,5/23/2025,20038,Fat Free White Milk(Each),10,0,10,12,11,0,11,$3.63,0,0.00%,$0.00,$3.63,1,8.33%,$0.33,$3.96,,,,
Hunt Valley Elementary,5/23/2025,30008,Apple Juice(Each),0,0,0,61,61,0,61,$10.37,0,0.00%,$0.00,$10.37,0,0.00%,$0.00,$10.37,,,,
Hunt Valley Elementary,5/23/2025,30009,Orange Tangerine Juice(Each),0,0,0,15,15,0,15,$2.55,0,0.00%,$0.00,$2.55,0,0.00%,$0.00,$2.55,,,,
Hunt Valley Elementary,5/23/2025,30031,Strawberry Chex Mix(Package),0,0,0,51,51,0,51,$22.95,0,0.00%,$0.00,$22.95,0,0.00%,$0.00,$22.95,,,,
Hunt Valley Elementary,5/23/2025,30039,Cherry Flavored Dried Cranberries(Each),10,0,10,15,11,2,13,$3.12,0,0.00%,$0.00,$3.12,2,13.33%,$0.48,$3.60,,,,
Hunt Valley Elementary,5/23/2025,30041,Orange Flavored Dried Cranberries(Each),8,0,8,15,10,2,12,$2.88,0,0.00%,$0.00,$2.88,3,20.00%,$0.72,$3.60,,,,
Hunt Valley Elementary,5/23/2025,30043,Raspberry Lemonade Flavored Dried Cranberries(Each),19,0,19,15,9,3,12,$2.88,0,0.00%,$0.00,$2.88,3,20.00%,$0.72,$3.60,,,,
Hunt Valley Elementary,5/23/2025,30044,Strawberry Flavored Dried Cranberries(Each),10,0,10,15,9,4,13,$3.12,0,0.00%,$0.00,$3.12,2,13.33%,$0.48,$3.60,,,,
Hunt Valley Elementary,5/23/2025,30045,Watermelon Flavored Dried Cranberries(Each),10,0,10,15,10,5,15,$3.60,0,0.00%,$0.00,$3.60,0,0.00%,$0.00,$3.60,,,,
Hunt Valley Elementary,5/23/2025,30068,Chilled Peaches(1/2 cup (drained)),100,0,100,80,79,1,80,$40.80,0,0.00%,$0.00,$40.80,0,0.00%,$0.00,$40.80,,,,
Hunt Valley Elementary,5/23/2025,30077,Italian Dressing(1 ounce),23,0,23,50,38,9,47,$3.76,0,0.00%,$0.00,$3.76,3,6.00%,$0.24,$4.00,,,,
Hunt Valley Elementary,5/23/2025,30094,Doritos Wild White Nacho Flavored Tortilla Chips(Bag),0,0,0,61,61,0,61,$21.35,0,0.00%,$0.00,$21.35,0,0.00%,$0.00,$21.35,,,,
Hunt Valley Elementary,5/23/2025,30097,Bottled Water(Bottle),0,0,0,23,23,0,23,$3.68,0,0.00%,$0.00,$3.68,0,0.00%,$0.00,$3.68,,,,
Hunt Valley Elementary,5/23/2025,30099,Chickpeas(1/4 cup),6,0,6,10,7,2,9,$0.81,0,0.00%,$0.00,$0.81,1,10.00%,$0.09,$0.90,,,,
Hunt Valley Elementary,5/23/2025,30107,Ranch Dressing(1 ounce),58,0,58,80,63,15,78,$8.58,0,0.00%,$0.00,$8.58,2,2.50%,$0.22,$8.80,,,,
Hunt Valley Elementary,5/23/2025,60035,PB&J Power Pack(Power Packs),45,0,45,48,40,6,46,$49.68,0,0.00%,$0.00,$49.68,2,4.17%,$2.16,$51.84,,,,
Hunt Valley Elementary,5/23/2025,60036,Cherry Vanilla Yogurt Power Pack(Power Packs),5,0,5,6,5,0,5,$4.00,0,0.00%,$0.00,$4.00,1,16.67%,$0.80,$4.80,,,,
Hunt Valley Elementary,5/23/2025,60037,Strawberry & Banana Yogurt Power Pack(Power Packs),5,0,5,6,5,0,5,$4.00,0,0.00%,$0.00,$4.00,1,16.67%,$0.80,$4.80,,,,
Hunt Valley Elementary,5/23/2025,60038,Peach Yogurt Power Pack(Power Packs),5,0,5,5,4,0,4,$3.20,0,0.00%,$0.00,$3.20,1,20.00%,$0.80,$4.00,,,,
Hunt Valley Elementary,5/23/2025,60040,Grilled Cheese Sandwich(Sandwich),0,0,0,8,5,3,8,$3.36,0,0.00%,$0.00,$3.36,0,0.00%,$0.00,$3.36,,,,
Hunt Valley Elementary,5/23/2025,60041,Turkey Pepperoni Pizza(Slice),90,0,90,88,74,12,86,$58.48,1,1.14%,$0.68,$59.16,1,1.14%,$0.68,$59.84,,,,
Hunt Valley Elementary,5/23/2025,60064,Vegetable Dumpling(6 dumplings),0,0,0,16,14,2,16,$0.00,0,0.00%,$0.00,$0.00,0,0.00%,$0.00,$0.00,,,,
Hunt Valley Elementary,5/23/2025,60077,Manager's Vegetable Choice(1/4 cup),100,0,100,80,74,5,79,$0.00,0,0.00%,$0.00,$0.00,1,1.25%,$0.00,$0.00,,,,
Hunt Valley Elementary,5/23/2025,60101,Chickpeas - salad bar entree(1/2 cup),6,0,6,18,17,0,17,$3.06,0,0.00%,$0.00,$3.06,1,5.56%,$0.18,$3.24,,,,
Hunt Valley Elementary,5/23/2025,60120,Asian Veggie Sub(sandwich),0,0,0,15,14,1,15,$28.35,0,0.00%,$0.00,$28.35,0,0.00%,$0.00,$28.35,,,,
Hunt Valley Elementary,5/23/2025,60128,Alfredo & Basil Lasagna(Each),0,0,0,2,2,0,2,$2.52,0,0.00%,$0.00,$2.52,0,0.00%,$0.00,$2.52,,,,
Hunt Valley Elementary,5/23/2025,60150,Strawberry Parfait Power Pack(Power Pack),5,0,5,4,3,0,3,$4.89,0,0.00%,$0.00,$4.89,1,25.00%,$1.63,$6.52,,,,
Hunters Woods Elementary,5/23/2025,10044,Soft Pretzel(1 pretzel),15,0,15,16,16,0,16,$3.52,0,0.00%,$0.00,$3.52,0,0.00%,$0.00,$3.52,,,,
Hunters Woods Elementary,5/23/2025,10062,Corn(1/2 cup (cooked)),96,0,96,128,123,0,123,$25.83,5,3.91%,$1.05,$26.88,0,0.00%,$0.00,$26.88,,,,
Hunters Woods Elementary,5/23/2025,10075,Cheese Pizza(Slice),0,0,0,0,0,0,0,$0.00,0,0.00%,$0.00,$0.00,0,0.00%,$0.00,$0.00,,,,
Hunters Woods Elementary,5/23/2025,20001,1% White Milk(Each),45,0,45,43,37,0,37,$13.32,0,0.00%,$0.00,$13.32,6,13.95%,$2.16,$15.48,,,,
Hunters Woods Elementary,5/23/2025,20002,Fat Free Chocolate Milk(Each),175,0,175,175,152,0,152,$53.20,0,0.00%,$0.00,$53.20,23,13.14%,$8.05,$61.25,,,,
Hunters Woods Elementary,5/23/2025,20014,Red Delicious Apple(Each - serving),120,0,120,155,152,0,152,$50.16,0,0.00%,$0.00,$50.16,3,1.94%,$0.99,$51.15,,,,
Hunters Woods Elementary,5/23/2025,20023,Baby Carrots(3 baby carrots per 1/4 cup),0,0,0,144,134,0,134,$12.06,0,0.00%,$0.00,$12.06,10,6.94%,$0.90,$12.96,,,,
Hunters Woods Elementary,5/23/2025,20028,Lettuce Blend Salad Mix(1/2 cup),160,0,160,160,150,0,150,$12.00,10,6.25%,$0.80,$12.80,0,0.00%,$0.00,$12.80,,,,
Hunters Woods Elementary,5/23/2025,20038,Fat Free White Milk(Each),20,0,20,15,5,0,5,$1.65,0,0.00%,$0.00,$1.65,10,66.67%,$3.30,$4.95,,,,
Hunters Woods Elementary,5/23/2025,20043,"Lactose Free, White Milk(Each)",2,0,2,2,2,0,2,$1.16,0,0.00%,$0.00,$1.16,0,0.00%,$0.00,$1.16,,,,
Hunters Woods Elementary,5/23/2025,20052,Assorted  4 oz Yogurt(Container),2,0,2,2,1,0,1,$0.00,0,0.00%,$0.00,$0.00,1,50.00%,$0.00,$0.00,,,,
Hunters Woods Elementary,5/23/2025,20080,"Carrots, Shredded(Cup)",33,0,33,33,33,0,33,$10.89,0,0.00%,$0.00,$10.89,0,0.00%,$0.00,$10.89,,,,
Hunters Woods Elementary,5/23/2025,30008,Apple Juice(Each),5,0,5,5,1,0,1,$0.17,0,0.00%,$0.00,$0.17,4,80.00%,$0.68,$0.85,,,,
Hunters Woods Elementary,5/23/2025,30024,Black Beans(1/2 Cup),18,0,18,16,15,1,16,$2.72,0,0.00%,$0.00,$2.72,0,0.00%,$0.00,$2.72,,,,
Hunters Woods Elementary,5/23/2025,30030,Cheddar Chex Mix(Package),8,0,8,8,8,0,8,$3.60,0,0.00%,$0.00,$3.60,0,0.00%,$0.00,$3.60,,,,
Hunters Woods Elementary,5/23/2025,30034,Graham Crackers(Package),15,0,15,15,15,0,15,$2.10,0,0.00%,$0.00,$2.10,0,0.00%,$0.00,$2.10,,,,
Hunters Woods Elementary,5/23/2025,30037,IW Applesauce Cup(Each),100,0,100,50,48,0,48,$12.96,0,0.00%,$0.00,$12.96,2,4.00%,$0.54,$13.50,,,,
Hunters Woods Elementary,5/23/2025,30039,Cherry Flavored Dried Cranberries(Each),70,0,70,70,70,0,70,$16.80,0,0.00%,$0.00,$16.80,0,0.00%,$0.00,$16.80,,,,
Hunters Woods Elementary,5/23/2025,30048,Apple Cinnamon Spread(Each),15,0,15,15,15,0,15,$6.75,0,0.00%,$0.00,$6.75,0,0.00%,$0.00,$6.75,,,,
Hunters Woods Elementary,5/23/2025,30061,Chilled Mandarin Oranges(1/2 cup (drained)),17,0,17,15,14,1,15,$5.10,0,0.00%,$0.00,$5.10,0,0.00%,$0.00,$5.10,,,,
Hunters Woods Elementary,5/23/2025,30068,Chilled Peaches(1/2 cup (drained)),1,0,1,1,1,0,1,$0.51,0,0.00%,$0.00,$0.51,0,0.00%,$0.00,$0.51,,,,
Hunters Woods Elementary,5/23/2025,30077,Italian Dressing(1 ounce),20,0,20,18,6,0,6,$0.48,0,0.00%,$0.00,$0.48,12,66.67%,$0.96,$1.44,,,,
Hunters Woods Elementary,5/23/2025,30078,"Sauce, BBQ, HFCS-Free, Bulk, Low-Sodium(2 TBSP)",24,0,24,24,6,0,6,$0.60,0,0.00%,$0.00,$0.60,18,75.00%,$1.80,$2.40,,,,
Hunters Woods Elementary,5/23/2025,30097,Bottled Water(Bottle),15,0,15,15,11,0,11,$1.76,0,0.00%,$0.00,$1.76,4,26.67%,$0.64,$2.40,,,,
Hunters Woods Elementary,5/23/2025,30098,Wheat Thins(Package),19,0,19,19,14,0,14,$6.58,0,0.00%,$0.00,$6.58,5,26.32%,$2.35,$8.93,,,,
Hunters Woods Elementary,5/23/2025,30099,Chickpeas(1/4 cup),32,0,32,32,16,0,16,$1.44,0,0.00%,$0.00,$1.44,16,50.00%,$1.44,$2.88,,,,
Hunters Woods Elementary,5/23/2025,30107,Ranch Dressing(1 ounce),48,0,48,48,36,0,36,$3.96,0,0.00%,$0.00,$3.96,12,25.00%,$1.32,$5.28,,,,
Hunters Woods Elementary,5/23/2025,30109,Smartfood RF White Cheddar Popcorn(Each),90,0,90,60,46,0,46,$17.02,0,0.00%,$0.00,$17.02,14,23.33%,$5.18,$22.20,,,,
Hunters Woods Elementary,5/23/2025,60009,"Sandwich, Turkey & Cheese(sandwich)",14,0,14,14,14,0,14,$9.66,0,0.00%,$0.00,$9.66,0,0.00%,$0.00,$9.66,,,,
Hunters Woods Elementary,5/23/2025,60035,PB&J Power Pack(Power Packs),45,0,45,65,61,0,61,$65.88,0,0.00%,$0.00,$65.88,4,6.15%,$4.32,$70.20,,,,
Hunters Woods Elementary,5/23/2025,60036,Cherry Vanilla Yogurt Power Pack(Power Packs),0,0,0,0,0,0,0,$0.00,0,0.00%,$0.00,$0.00,0,0.00%,$0.00,$0.00,,,,
Hunters Woods Elementary,5/23/2025,60037,Strawberry & Banana Yogurt Power Pack(Power Packs),20,0,20,25,20,0,20,$16.00,0,0.00%,$0.00,$16.00,5,20.00%,$4.00,$20.00,,,,
Hunters Woods Elementary,5/23/2025,60041,Turkey Pepperoni Pizza(Slice),97,0,97,83,78,3,81,$55.08,2,2.41%,$1.36,$56.44,0,0.00%,$0.00,$56.44,,,,
Hunters Woods Elementary,5/23/2025,60080,Cheese Pizza(Slice),210,0,210,149,146,2,148,$84.36,1,0.67%,$0.57,$84.93,0,0.00%,$0.00,$84.93,,,,
Hunters Woods Elementary,5/23/2025,60101,Chickpeas - salad bar entree(1/2 cup),0,0,0,0,0,0,0,$0.00,0,0.00%,$0.00,$0.00,0,0.00%,$0.00,$0.00,,,,
Hutchison Elementary,5/23/2025,10044,Soft Pretzel(1 pretzel),24,0,24,30,24,0,24,$5.28,0,0.00%,$0.00,$5.28,6,20.00%,$1.32,$6.60,,,,
Hutchison Elementary,5/23/2025,10073,Whole Strawberries(1/2 cup thawed),0,0,0,140,136,0,136,$46.24,0,0.00%,$0.00,$46.24,4,2.86%,$1.36,$47.60,,,,
Hutchison Elementary,5/23/2025,20001,1% White Milk(Each),232,0,232,98,96,0,96,$34.56,0,0.00%,$0.00,$34.56,2,2.04%,$0.72,$35.28,,,,
Hutchison Elementary,5/23/2025,20002,Fat Free Chocolate Milk(Each),357,0,357,500,476,0,476,$166.60,0,0.00%,$0.00,$166.60,24,4.80%,$8.40,$175.00,,,,
Hutchison Elementary,5/23/2025,20008,Apple Slices(3 slices per 1/4 cup),0,0,0,432,409,0,409,$241.31,0,0.00%,$0.00,$241.31,23,5.32%,$13.57,$254.88,,,,
Hutchison Elementary,5/23/2025,20011,Cherry Tomatoes(1/4 cup),53,0,53,48,36,0,36,$13.32,0,0.00%,$0.00,$13.32,12,25.00%,$4.44,$17.76,,,,
Hutchison Elementary,5/23/2025,20028,Lettuce Blend Salad Mix(1/2 cup),103,0,103,120,112,0,112,$8.96,0,0.00%,$0.00,$8.96,8,6.67%,$0.64,$9.60,,,,
Hutchison Elementary,5/23/2025,20031,Banana(Each),51,0,51,274,273,0,273,$57.33,0,0.00%,$0.00,$57.33,1,0.36%,$0.21,$57.54,,,,
Hutchison Elementary,5/23/2025,20038,Fat Free White Milk(Each),28,0,28,50,10,0,10,$3.30,0,0.00%,$0.00,$3.30,40,80.00%,$13.20,$16.50,,,,
Hutchison Elementary,5/23/2025,20043,"Lactose Free, White Milk(Each)",0,0,0,6,6,0,6,$3.48,0,0.00%,$0.00,$3.48,0,0.00%,$0.00,$3.48,,,,
Hutchison Elementary,5/23/2025,30024,Black Beans(1/2 Cup),54,0,54,57,57,0,57,$9.69,0,0.00%,$0.00,$9.69,0,0.00%,$0.00,$9.69,,,,
Hutchison Elementary,5/23/2025,30033,Cheez-Its Crackers(Package),48,0,48,54,54,0,54,$9.72,0,0.00%,$0.00,$9.72,0,0.00%,$0.00,$9.72,,,,
Hutchison Elementary,5/23/2025,30039,Cherry Flavored Dried Cranberries(Each),154,0,154,140,100,0,100,$24.00,0,0.00%,$0.00,$24.00,40,28.57%,$9.60,$33.60,,,,
Hutchison Elementary,5/23/2025,30061,Chilled Mandarin Oranges(1/2 cup (drained)),57,0,57,57,57,0,57,$19.38,0,0.00%,$0.00,$19.38,0,0.00%,$0.00,$19.38,,,,
Hutchison Elementary,5/23/2025,30061,Chilled Mandarin Oranges(1/4 cup (drained)),186,0,186,80,74,0,74,$12.58,0,0.00%,$0.00,$12.58,6,7.50%,$1.02,$13.60,,,,
Hutchison Elementary,5/23/2025,30099,Chickpeas(1/4 cup),18,0,18,23,18,0,18,$1.62,0,0.00%,$0.00,$1.62,5,21.74%,$0.45,$2.07,,,,
Hutchison Elementary,5/23/2025,30107,Ranch Dressing(1 ounce),86,0,86,120,108,0,108,$11.88,0,0.00%,$0.00,$11.88,12,10.00%,$1.32,$13.20,,,,
Hutchison Elementary,5/23/2025,60035,PB&J Power Pack(Power Packs),77,0,77,123,58,0,58,$62.64,9,7.32%,$9.72,$72.36,56,45.53%,$60.48,$132.84,,,,
Hutchison Elementary,5/23/2025,60037,Strawberry & Banana Yogurt Power Pack(Power Packs),43,0,43,56,45,0,45,$36.00,5,8.93%,$4.00,$40.00,6,10.71%,$4.80,$44.80,,,,
Hutchison Elementary,5/23/2025,60041,Turkey Pepperoni Pizza(Slice),324,0,324,316,312,0,312,$212.16,4,1.27%,$2.72,$214.88,0,0.00%,$0.00,$214.88,,,,
Hutchison Elementary,5/23/2025,60077,Manager's Vegetable Choice(1/4 cup),76,0,76,96,74,0,74,$0.00,0,0.00%,$0.00,$0.00,22,22.92%,$0.00,$0.00,,,,
Hutchison Elementary,5/23/2025,60080,Cheese Pizza(Slice),328,0,328,355,351,0,351,$200.07,4,1.13%,$2.28,$202.35,0,0.00%,$0.00,$202.35,,,,
Hutchison Elementary,5/23/2025,60101,Chickpeas - salad bar entree(1/2 cup),28,0,28,66,53,0,53,$9.54,0,0.00%,$0.00,$9.54,13,19.70%,$2.34,$11.88,,,,
Hutchison Elementary,5/23/2025,60150,Strawberry Parfait Power Pack(Power Pack),0,0,0,6,6,0,6,$9.78,0,0.00%,$0.00,$9.78,0,0.00%,$0.00,$9.78,,,,
Hybla Valley Elementary,5/23/2025,10033,Chocolate Chip Cookie(1/2 Cookie),0,0,0,0,0,0,0,$0.00,0,0.00%,$0.00,$0.00,0,0.00%,$0.00,$0.00,,,,
Hybla Valley Elementary,5/23/2025,10044,Soft Pretzel(1 pretzel),9,0,9,25,25,0,25,$5.50,0,0.00%,$0.00,$5.50,0,0.00%,$0.00,$5.50,,,,
Hybla Valley Elementary,5/23/2025,20001,1% White Milk(Each),119,0,119,552,71,0,71,$25.56,0,0.00%,$0.00,$25.56,481,87.14%,$173.16,$198.72,,,,
Hybla Valley Elementary,5/23/2025,20002,Fat Free Chocolate Milk(Each),424,0,424,743,614,0,614,$214.90,0,0.00%,$0.00,$214.90,129,17.36%,$45.15,$260.05,,,,
Hybla Valley Elementary,5/23/2025,20011,Cherry Tomatoes(1/4 cup),207,0,207,231,199,2,201,$74.37,5,2.16%,$1.85,$76.22,25,10.82%,$9.25,$85.47,,,,
Hybla Valley Elementary,5/23/2025,20016,String Cheese(Each),0,0,0,0,0,0,0,$0.00,0,0.00%,$0.00,$0.00,0,0.00%,$0.00,$0.00,,,,
Hybla Valley Elementary,5/23/2025,20017,Orange(1/4 cup),0,0,0,298,267,8,275,$46.75,16,5.37%,$2.72,$49.47,7,2.35%,$1.19,$50.66,,,,
Hybla Valley Elementary,5/23/2025,20018,Red Seedless Grapes(8 grapes per 1/4 cup),348,0,348,360,336,5,341,$88.66,19,5.28%,$4.94,$93.60,0,0.00%,$0.00,$93.60,,,,
Hybla Valley Elementary,5/23/2025,20028,Lettuce Blend Salad Mix(1/2 cup),267,0,267,287,262,10,272,$21.76,15,5.23%,$1.20,$22.96,0,0.00%,$0.00,$22.96,,,,
Hybla Valley Elementary,5/23/2025,20031,Banana(Each),17,0,17,198,191,5,196,$41.16,2,1.01%,$0.42,$41.58,0,0.00%,$0.00,$41.58,,,,
Hybla Valley Elementary,5/23/2025,20038,Fat Free White Milk(Each),11,0,11,0,0,0,0,$0.00,0,0.00%,$0.00,$0.00,0,0.00%,$0.00,$0.00,,,,
Hybla Valley Elementary,5/23/2025,20043,"Lactose Free, White Milk(Each)",0,0,0,1,1,0,1,$0.58,0,0.00%,$0.00,$0.58,0,0.00%,$0.00,$0.58,,,,
Hybla Valley Elementary,5/23/2025,20052,Assorted  4 oz Yogurt(Container),0,0,0,0,0,0,0,$0.00,0,0.00%,$0.00,$0.00,0,0.00%,$0.00,$0.00,,,,
Hybla Valley Elementary,5/23/2025,30008,Apple Juice(Each),0,0,0,0,0,0,0,$0.00,0,0.00%,$0.00,$0.00,0,0.00%,$0.00,$0.00,,,,
Hybla Valley Elementary,5/23/2025,30009,Orange Tangerine Juice(Each),0,0,0,0,0,0,0,$0.00,0,0.00%,$0.00,$0.00,0,0.00%,$0.00,$0.00,,,,
Hybla Valley Elementary,5/23/2025,30024,Black Beans(1/2 Cup),17,0,17,19,18,1,19,$3.23,0,0.00%,$0.00,$3.23,0,0.00%,$0.00,$3.23,,,,
Hybla Valley Elementary,5/23/2025,30033,Cheez-Its Crackers(Package),17,0,17,18,18,0,18,$3.24,0,0.00%,$0.00,$3.24,0,0.00%,$0.00,$3.24,,,,
Hybla Valley Elementary,5/23/2025,30044,Strawberry Flavored Dried Cranberries(Each),260,0,260,250,150,0,150,$36.00,0,0.00%,$0.00,$36.00,100,40.00%,$24.00,$60.00,,,,
Hybla Valley Elementary,5/23/2025,30061,Chilled Mandarin Oranges(1/2 cup (drained)),16,0,16,19,18,1,19,$6.46,0,0.00%,$0.00,$6.46,0,0.00%,$0.00,$6.46,,,,
Hybla Valley Elementary,5/23/2025,30077,Italian Dressing(1 ounce),46,0,46,100,74,1,75,$6.00,0,0.00%,$0.00,$6.00,25,25.00%,$2.00,$8.00,,,,
Hybla Valley Elementary,5/23/2025,30094,Doritos Wild White Nacho Flavored Tortilla Chips(Bag),0,0,0,5,2,0,2,$0.70,0,0.00%,$0.00,$0.70,3,60.00%,$1.05,$1.75,,,,
Hybla Valley Elementary,5/23/2025,30097,Bottled Water(Bottle),0,0,0,0,0,0,0,$0.00,0,0.00%,$0.00,$0.00,0,0.00%,$0.00,$0.00,,,,
Hybla Valley Elementary,5/23/2025,30099,Chickpeas(1/4 cup),22,0,22,48,45,0,45,$4.05,3,6.25%,$0.27,$4.32,0,0.00%,$0.00,$4.32,,,,
Hybla Valley Elementary,5/23/2025,30107,Ranch Dressing(1 ounce),100,0,100,200,192,8,200,$22.00,0,0.00%,$0.00,$22.00,0,0.00%,$0.00,$22.00,,,,
Hybla Valley Elementary,5/23/2025,60035,PB&J Power Pack(Power Packs),150,0,150,150,91,10,101,$109.08,0,0.00%,$0.00,$109.08,49,32.67%,$52.92,$162.00,,,,
Hybla Valley Elementary,5/23/2025,60036,Cherry Vanilla Yogurt Power Pack(Power Packs),60,0,60,50,37,0,37,$29.60,0,0.00%,$0.00,$29.60,13,26.00%,$10.40,$40.00,,,,
Hybla Valley Elementary,5/23/2025,60037,Strawberry & Banana Yogurt Power Pack(Power Packs),27,0,27,8,8,0,8,$6.40,0,0.00%,$0.00,$6.40,0,0.00%,$0.00,$6.40,,,,
Hybla Valley Elementary,5/23/2025,60038,Peach Yogurt Power Pack(Power Packs),45,0,45,50,10,0,10,$8.00,0,0.00%,$0.00,$8.00,40,80.00%,$32.00,$40.00,,,,
Hybla Valley Elementary,5/23/2025,60041,Turkey Pepperoni Pizza(Slice),377,0,377,379,354,2,356,$242.08,0,0.00%,$0.00,$242.08,23,6.07%,$15.64,$257.72,,,,
Hybla Valley Elementary,5/23/2025,60077,Manager's Vegetable Choice(1/4 cup),231,0,231,294,239,12,251,$0.00,18,6.12%,$0.00,$0.00,25,8.50%,$0.00,$0.00,,,,
Hybla Valley Elementary,5/23/2025,60080,Cheese Pizza(Slice),229,0,229,251,237,2,239,$136.23,0,0.00%,$0.00,$136.23,12,4.78%,$6.84,$143.07,,,,
Hybla Valley Elementary,5/23/2025,60101,Chickpeas - salad bar entree(1/2 cup),0,0,0,0,0,0,0,$0.00,0,0.00%,$0.00,$0.00,0,0.00%,$0.00,$0.00,,,,
Hybla Valley Elementary,5/23/2025,60150,Strawberry Parfait Power Pack(Power Pack),0,0,0,0,0,0,0,$0.00,0,0.00%,$0.00,$0.00,0,0.00%,$0.00,$0.00,,,,
Irving Middle,5/23/2025,10011,Sweet Thai Chili Sauce(ounce),0,0,0,25,5,0,5,$0.70,0,0.00%,$0.00,$0.70,20,80.00%,$2.80,$3.50,,,,
Irving Middle,5/23/2025,10033,Chocolate Chip Cookie(Cookie),290,0,290,192,192,0,192,$51.84,0,0.00%,$0.00,$51.84,0,0.00%,$0.00,$51.84,,,,
Irving Middle,5/23/2025,10039,Potato Encrusted Breaded Pollock(Fillet),0,0,0,5,5,0,5,$3.30,0,0.00%,$0.00,$3.30,0,0.00%,$0.00,$3.30,,,,
Irving Middle,5/23/2025,10044,Soft Pretzel(1 pretzel),4,0,4,3,0,1,1,$0.00,0,0.00%,$0.00,$0.00,2,66.67%,$0.00,$0.00,,,,
Irving Middle,5/23/2025,10074,"Frozen Berry, Triple Berry Blend(1/2 cup (thawed))",0,0,0,126,126,0,126,$3.78,0,0.00%,$0.00,$3.78,0,0.00%,$0.00,$3.78,,,,
Irving Middle,5/23/2025,10075,Cheese Pizza(Slice),143,0,143,119,113,1,114,$64.98,5,4.20%,$2.85,$67.83,0,0.00%,$0.00,$67.83,,,,
Irving Middle,5/23/2025,20001,1% White Milk(Each),25,0,25,26,24,0,24,$8.64,0,0.00%,$0.00,$8.64,2,7.69%,$0.72,$9.36,,,,
Irving Middle,5/23/2025,20002,Fat Free Chocolate Milk(Each),284,0,284,333,274,0,274,$95.90,0,0.00%,$0.00,$95.90,59,17.72%,$20.65,$116.55,,,,
Irving Middle,5/23/2025,20012,Grape Tomatoes(1/4 cup),0,0,0,72,54,0,54,$14.04,0,0.00%,$0.00,$14.04,18,25.00%,$4.68,$18.72,,,,
Irving Middle,5/23/2025,20016,String Cheese(Each),5,0,5,5,0,0,0,$0.00,0,0.00%,$0.00,$0.00,5,100.00%,$0.00,$0.00,,,,
Irving Middle,5/23/2025,20018,Red Seedless Grapes(8 grapes per 1/4 cup),270,0,270,276,276,0,276,$71.76,0,0.00%,$0.00,$71.76,0,0.00%,$0.00,$71.76,,,,
Irving Middle,5/23/2025,20028,Lettuce Blend Salad Mix(1/2 cup),267,0,267,380,380,0,380,$30.40,0,0.00%,$0.00,$30.40,0,0.00%,$0.00,$30.40,,,,
Irving Middle,5/23/2025,20030,Sour Cream(2 Tablespoons),43,0,43,50,50,0,50,$7.50,0,0.00%,$0.00,$7.50,0,0.00%,$0.00,$7.50,,,,
Irving Middle,5/23/2025,20038,Fat Free White Milk(Each),17,0,17,18,16,0,16,$5.28,0,0.00%,$0.00,$5.28,2,11.11%,$0.66,$5.94,,,,
Irving Middle,5/23/2025,20052,Assorted  4 oz Yogurt(Container),5,0,5,5,1,0,1,$0.00,0,0.00%,$0.00,$0.00,4,80.00%,$0.00,$0.00,,,,
Irving Middle,5/23/2025,20076,"Peppers, green, pre-sliced(1/2 cup sliced)",0,0,0,70,45,0,45,$13.50,25,35.71%,$7.50,$21.00,0,0.00%,$0.00,$21.00,,,,
Irving Middle,5/23/2025,30008,Apple Juice(Each),35,0,35,20,0,0,0,$0.00,0,0.00%,$0.00,$0.00,20,100.00%,$0.00,$0.00,,,,
Irving Middle,5/23/2025,30009,Orange Tangerine Juice(Each),25,0,25,25,20,0,20,$3.40,0,0.00%,$0.00,$3.40,5,20.00%,$0.85,$4.25,,,,
Irving Middle,5/23/2025,30011,"Salsa, Mild Canned(1.5 oz)",57,0,57,50,50,0,50,$5.00,0,0.00%,$0.00,$5.00,0,0.00%,$0.00,$5.00,,,,
Irving Middle,5/23/2025,30033,Cheez-Its Crackers(Package),23,0,23,25,14,0,14,$2.52,0,0.00%,$0.00,$2.52,11,44.00%,$1.98,$4.50,,,,
Irving Middle,5/23/2025,30043,Raspberry Lemonade Flavored Dried Cranberries(Each),66,0,66,25,25,0,25,$6.00,0,0.00%,$0.00,$6.00,0,0.00%,$0.00,$6.00,,,,
Irving Middle,5/23/2025,30045,Watermelon Flavored Dried Cranberries(Each),41,0,41,72,72,0,72,$17.28,0,0.00%,$0.00,$17.28,0,0.00%,$0.00,$17.28,,,,
Irving Middle,5/23/2025,30063,Ketchup Packet(Packet),434,0,434,150,150,0,150,$4.50,0,0.00%,$0.00,$4.50,0,0.00%,$0.00,$4.50,,,,
Irving Middle,5/23/2025,30064,Mayonnaise Packet(Packet),250,0,250,100,100,0,100,$10.00,0,0.00%,$0.00,$10.00,0,0.00%,$0.00,$10.00,,,,
Irving Middle,5/23/2025,30065,Mustard Packet(Packet),45,0,45,15,15,0,15,$0.75,0,0.00%,$0.00,$0.75,0,0.00%,$0.00,$0.75,,,,
Irving Middle,5/23/2025,30077,Italian Dressing(1 ounce),48,0,48,48,48,0,48,$3.84,0,0.00%,$0.00,$3.84,0,0.00%,$0.00,$3.84,,,,
Irving Middle,5/23/2025,30097,Bottled Water(Bottle),90,0,90,87,87,0,87,$13.92,0,0.00%,$0.00,$13.92,0,0.00%,$0.00,$13.92,,,,
Irving Middle,5/23/2025,30099,Chickpeas(1/4 cup),29,0,29,28,28,0,28,$2.52,0,0.00%,$0.00,$2.52,0,0.00%,$0.00,$2.52,,,,
Irving Middle,5/23/2025,30102,1% Unflavored Shelf-Stable Milk(Each),0,0,0,27,27,0,27,$10.26,0,0.00%,$0.00,$10.26,0,0.00%,$0.00,$10.26,,,,
Irving Middle,5/23/2025,30107,Ranch Dressing(1 ounce),96,0,96,96,96,0,96,$10.56,0,0.00%,$0.00,$10.56,0,0.00%,$0.00,$10.56,,,,
Irving Middle,5/23/2025,30110,Doritos Flamas(Each),25,0,25,72,72,0,72,$26.64,0,0.00%,$0.00,$26.64,0,0.00%,$0.00,$26.64,,,,
Irving Middle,5/23/2025,30113,Cool Ranch Reduced Fat Doritos(Each),25,0,25,72,72,0,72,$26.64,0,0.00%,$0.00,$26.64,0,0.00%,$0.00,$26.64,,,,
Irving Middle,5/23/2025,30114,SS Baked Cheetos Flaming Hot(Each),25,0,25,104,25,0,25,$13.25,0,0.00%,$0.00,$13.25,79,75.96%,$41.87,$55.12,,,,
Irving Middle,5/23/2025,30118,Kettle Cooked Smoky BBQ Chips(Each),25,0,25,64,64,0,64,$38.40,0,0.00%,$0.00,$38.40,0,0.00%,$0.00,$38.40,,,,
Irving Middle,5/23/2025,30124,"Fruit Snacks, Welch's Mixed(Each)",35,0,35,70,65,0,65,$26.00,0,0.00%,$0.00,$26.00,5,7.14%,$2.00,$28.00,,,,
Irving Middle,5/23/2025,60020,"Quesadilla, Turkey Barbacoa and Cheese(Quesadilla)",55,0,55,23,13,0,13,$15.86,10,43.48%,$12.20,$28.06,0,0.00%,$0.00,$28.06,,,,
Irving Middle,5/23/2025,60035,PB&J Power Pack(Power Packs),72,0,72,69,69,0,69,$74.52,0,0.00%,$0.00,$74.52,0,0.00%,$0.00,$74.52,,,,
Irving Middle,5/23/2025,60036,Cherry Vanilla Yogurt Power Pack(Power Packs),0,0,0,1,0,0,0,$0.00,0,0.00%,$0.00,$0.00,1,100.00%,$0.00,$0.00,,,,
Irving Middle,5/23/2025,60037,Strawberry & Banana Yogurt Power Pack(Power Packs),0,0,0,1,0,0,0,$0.00,0,0.00%,$0.00,$0.00,1,100.00%,$0.00,$0.00,,,,
Irving Middle,5/23/2025,60038,Peach Yogurt Power Pack(Power Packs),1,0,1,1,0,0,0,$0.00,0,0.00%,$0.00,$0.00,1,100.00%,$0.00,$0.00,,,,
Irving Middle,5/23/2025,60041,Turkey Pepperoni Pizza(Slice),200,0,200,105,92,6,98,$66.64,7,6.67%,$4.76,$71.40,0,0.00%,$0.00,$71.40,,,,
Irving Middle,5/23/2025,60064,Vegetable Dumpling(6 dumplings),0,0,0,25,5,0,5,$0.00,20,80.00%,$0.00,$0.00,0,0.00%,$0.00,$0.00,,,,
Irving Middle,5/23/2025,60075,Spicy Chicken Wrap(Wrap),17,0,17,8,8,0,8,$9.36,0,0.00%,$0.00,$9.36,0,0.00%,$0.00,$9.36,,,,
Irving Middle,5/23/2025,60101,Chickpeas - salad bar entree(1/2 cup),3,0,3,3,0,1,1,$0.00,0,0.00%,$0.00,$0.00,2,66.67%,$0.00,$0.00,,,,
Irving Middle,5/23/2025,60150,Strawberry Parfait Power Pack(Power Pack),0,0,0,1,0,0,0,$0.00,0,0.00%,$0.00,$0.00,1,100.00%,$0.00,$0.00,,,,
Irving Middle,5/23/2025,60170,BBQ Sandwich(Sandwich),0,0,0,25,17,0,17,$20.74,8,32.00%,$9.76,$30.50,0,0.00%,$0.00,$30.50,,,,
Island Creek Elementary,5/23/2025,10044,Soft Pretzel(1 pretzel),22,0,22,13,0,13,13,$0.00,0,0.00%,$0.00,$0.00,0,0.00%,$0.00,$0.00,,,,
Island Creek Elementary,5/23/2025,20001,1% White Milk(Each),57,0,57,82,33,0,33,$11.88,0,0.00%,$0.00,$11.88,49,59.76%,$17.64,$29.52,,,,
Island Creek Elementary,5/23/2025,20002,Fat Free Chocolate Milk(Each),104,0,104,197,174,8,182,$63.70,0,0.00%,$0.00,$63.70,15,7.61%,$5.25,$68.95,,,,
Island Creek Elementary,5/23/2025,20008,Apple Slices(6 Slices per 1/2 cup),0,0,0,128,96,0,96,$113.28,0,0.00%,$0.00,$113.28,32,25.00%,$37.76,$151.04,,,,
Island Creek Elementary,5/23/2025,20011,Cherry Tomatoes(6 Tomatoes per 1/2 cup),60,0,60,48,30,0,30,$22.20,0,0.00%,$0.00,$22.20,18,37.50%,$13.32,$35.52,,,,
Island Creek Elementary,5/23/2025,20018,Red Seedless Grapes(16 grapes per 1/2 cup),46,0,46,187,184,3,187,$95.37,0,0.00%,$0.00,$95.37,0,0.00%,$0.00,$95.37,,,,
Island Creek Elementary,5/23/2025,20023,Baby Carrots(6 Baby Carrots per 1/2 cup),0,0,0,48,43,0,43,$7.31,0,0.00%,$0.00,$7.31,5,10.42%,$0.85,$8.16,,,,
Island Creek Elementary,5/23/2025,20027,Broccoli Florets(6 Pieces per 1/2 cup),0,0,0,63,42,0,42,$6.30,0,0.00%,$0.00,$6.30,21,33.33%,$3.15,$9.45,,,,
Island Creek Elementary,5/23/2025,20028,Lettuce Blend Salad Mix(1/2 cup),136,0,136,80,70,0,70,$5.60,0,0.00%,$0.00,$5.60,10,12.50%,$0.80,$6.40,,,,
Island Creek Elementary,5/23/2025,20038,Fat Free White Milk(Each),19,0,19,119,6,0,6,$1.98,0,0.00%,$0.00,$1.98,113,94.96%,$37.29,$39.27,,,,
Island Creek Elementary,5/23/2025,20047,Orange Slices(6 Slices per 1/2 cup),0,0,0,170,162,0,162,$64.80,0,0.00%,$0.00,$64.80,8,4.71%,$3.20,$68.00,,,,
Island Creek Elementary,5/23/2025,20052,Assorted  4 oz Yogurt(Container),0,0,0,3,0,3,3,$0.00,0,0.00%,$0.00,$0.00,0,0.00%,$0.00,$0.00,,,,
Island Creek Elementary,5/23/2025,30008,Apple Juice(Each),0,0,0,29,0,29,29,$0.00,0,0.00%,$0.00,$0.00,0,0.00%,$0.00,$0.00,,,,
Island Creek Elementary,5/23/2025,30024,Black Beans(1/2 Cup),0,0,0,14,14,0,14,$2.38,0,0.00%,$0.00,$2.38,0,0.00%,$0.00,$2.38,,,,
Island Creek Elementary,5/23/2025,30033,Cheez-Its Crackers(Package),0,0,0,56,0,56,56,$0.00,0,0.00%,$0.00,$0.00,0,0.00%,$0.00,$0.00,,,,
Island Creek Elementary,5/23/2025,30061,Chilled Mandarin Oranges(1/2 cup (drained)),16,0,16,14,14,0,14,$4.76,0,0.00%,$0.00,$4.76,0,0.00%,$0.00,$4.76,,,,
Island Creek Elementary,5/23/2025,30077,Italian Dressing(1 ounce),27,0,27,24,6,0,6,$0.48,0,0.00%,$0.00,$0.48,18,75.00%,$1.44,$1.92,,,,
Island Creek Elementary,5/23/2025,30097,Bottled Water(Bottle),0,0,0,15,0,15,15,$0.00,0,0.00%,$0.00,$0.00,0,0.00%,$0.00,$0.00,,,,
Island Creek Elementary,5/23/2025,30099,Chickpeas(1/4 cup),6,0,6,33,22,0,22,$1.98,0,0.00%,$0.00,$1.98,11,33.33%,$0.99,$2.97,,,,
Island Creek Elementary,5/23/2025,30107,Ranch Dressing(1 ounce),74,0,74,48,36,0,36,$3.96,0,0.00%,$0.00,$3.96,12,25.00%,$1.32,$5.28,,,,
Island Creek Elementary,5/23/2025,60035,PB&J Power Pack(Power Packs),52,0,52,63,56,0,56,$60.48,0,0.00%,$0.00,$60.48,7,11.11%,$7.56,$68.04,,,,
Island Creek Elementary,5/23/2025,60037,Strawberry & Banana Yogurt Power Pack(Power Packs),17,0,17,24,21,0,21,$16.80,0,0.00%,$0.00,$16.80,3,12.50%,$2.40,$19.20,,,,
Island Creek Elementary,5/23/2025,60041,Turkey Pepperoni Pizza(Slice),94,0,94,80,74,0,74,$50.32,0,0.00%,$0.00,$50.32,6,7.50%,$4.08,$54.40,,,,
Island Creek Elementary,5/23/2025,60080,Cheese Pizza(Slice),165,0,165,186,137,0,137,$78.09,0,0.00%,$0.00,$78.09,49,26.34%,$27.93,$106.02,,,,
Island Creek Elementary,5/23/2025,60101,Chickpeas - salad bar entree(1/2 cup),0,0,0,0,0,0,0,$0.00,0,0.00%,$0.00,$0.00,0,0.00%,$0.00,$0.00,,,,
Island Creek Elementary,5/23/2025,60177,Turkey & Cheese & Cracker Power Pack(wrap),0,0,0,13,13,0,13,$14.69,0,0.00%,$0.00,$14.69,0,0.00%,$0.00,$14.69,,,,
Jefferson High,5/23/2025,10001,"Patty, Chicken, Breaded, WG(2 strips)",26,0,26,30,21,0,21,$4.62,0,0.00%,$0.00,$4.62,9,30.00%,$1.98,$6.60,,,,
Jefferson High,5/23/2025,10015,Baked Cheese Sticks(2 Cheese Sticks),0,0,0,155,135,5,140,$92.40,0,0.00%,$0.00,$92.40,15,9.68%,$9.90,$102.30,,,,
Jefferson High,5/23/2025,10033,Chocolate Chip Cookie(Cookie),130,0,130,140,91,0,91,$24.57,0,0.00%,$0.00,$24.57,49,35.00%,$13.23,$37.80,,,,
Jefferson High,5/23/2025,10044,Soft Pretzel(1 pretzel),16,0,16,15,5,0,5,$1.10,0,0.00%,$0.00,$1.10,10,66.67%,$2.20,$3.30,,,,
Jefferson High,5/23/2025,10049,"WG 10"" Flour Tortilla(Tortilla)",11,0,11,15,5,0,5,$1.75,0,0.00%,$0.00,$1.75,10,66.67%,$3.50,$5.25,,,,
Jefferson High,5/23/2025,10051,"Turkey,  Breast, Pre-Sliced, Oven Roasted(3 Slices)",3,0,3,7,1,0,1,$0.54,0,0.00%,$0.00,$0.54,6,85.71%,$3.24,$3.78,,,,
Jefferson High,5/23/2025,10062,Corn(2 Tablespoons (thawed)),20,0,20,0,0,0,0,$0.00,0,0.00%,$0.00,$0.00,0,0.00%,$0.00,$0.00,,,,
Jefferson High,5/23/2025,10070,Orange Sauce(ounce),0,0,0,0,0,0,0,$0.00,0,0.00%,$0.00,$0.00,0,0.00%,$0.00,$0.00,,,,
Jefferson High,5/23/2025,10073,Whole Strawberries(1/2 cup thawed),0,0,0,0,0,0,0,$0.00,0,0.00%,$0.00,$0.00,0,0.00%,$0.00,$0.00,,,,
Jefferson High,5/23/2025,10075,Cheese Pizza(Slice),119,0,119,150,141,0,141,$80.37,0,0.00%,$0.00,$80.37,9,6.00%,$5.13,$85.50,,,,
Jefferson High,5/23/2025,20001,1% White Milk(Each),23,0,23,16,15,0,15,$5.40,0,0.00%,$0.00,$5.40,1,6.25%,$0.36,$5.76,,,,
Jefferson High,5/23/2025,20002,Fat Free Chocolate Milk(Each),166,0,166,233,106,0,106,$37.10,0,0.00%,$0.00,$37.10,127,54.51%,$44.45,$81.55,,,,
Jefferson High,5/23/2025,20006,"Cheese, Shredded, Cheddar(1/4 cup)",21,0,21,20,17,0,17,$2.89,0,0.00%,$0.00,$2.89,3,15.00%,$0.51,$3.40,,,,
Jefferson High,5/23/2025,20008,Apple Slices(6 Slices per 1/2 cup),0,0,0,0,0,0,0,$0.00,0,0.00%,$0.00,$0.00,0,0.00%,$0.00,$0.00,,,,
Jefferson High,5/23/2025,20010,Fresh Whole Pear(Each),0,0,0,0,0,0,0,$0.00,0,0.00%,$0.00,$0.00,0,0.00%,$0.00,$0.00,,,,
Jefferson High,5/23/2025,20011,Cherry Tomatoes(1/4 cup),9,0,9,0,0,0,0,$0.00,0,0.00%,$0.00,$0.00,0,0.00%,$0.00,$0.00,,,,
Jefferson High,5/23/2025,20012,Grape Tomatoes(1/4 cup),0,0,0,20,18,0,18,$4.68,0,0.00%,$0.00,$4.68,2,10.00%,$0.52,$5.20,,,,
Jefferson High,5/23/2025,20014,Red Delicious Apple(Each - serving),0,0,0,157,108,0,108,$35.64,0,0.00%,$0.00,$35.64,49,31.21%,$16.17,$51.81,,,,
Jefferson High,5/23/2025,20016,String Cheese(Each),0,0,0,0,0,0,0,$0.00,0,0.00%,$0.00,$0.00,0,0.00%,$0.00,$0.00,,,,
Jefferson High,5/23/2025,20018,Red Seedless Grapes(2 Tablespoons),14,0,14,0,0,0,0,$0.00,0,0.00%,$0.00,$0.00,0,0.00%,$0.00,$0.00,,,,
Jefferson High,5/23/2025,20018,Red Seedless Grapes(8 grapes per 1/4 cup),34,0,34,0,0,0,0,$0.00,0,0.00%,$0.00,$0.00,0,0.00%,$0.00,$0.00,,,,
Jefferson High,5/23/2025,20023,Baby Carrots(3 baby carrots per 1/4 cup),0,0,0,150,110,0,110,$9.90,0,0.00%,$0.00,$9.90,40,26.67%,$3.60,$13.50,,,,
Jefferson High,5/23/2025,20027,Broccoli Florets(6 Pieces per 1/2 cup),4,0,4,0,0,0,0,$0.00,0,0.00%,$0.00,$0.00,0,0.00%,$0.00,$0.00,,,,
Jefferson High,5/23/2025,20028,Lettuce Blend Salad Mix(1/2 cup),55,0,55,40,38,0,38,$3.04,0,0.00%,$0.00,$3.04,2,5.00%,$0.16,$3.20,,,,
Jefferson High,5/23/2025,20030,Sour Cream(2 Tablespoons),24,0,24,0,0,0,0,$0.00,0,0.00%,$0.00,$0.00,0,0.00%,$0.00,$0.00,,,,
Jefferson High,5/23/2025,20031,Banana(Each),17,0,17,8,8,0,8,$1.68,0,0.00%,$0.00,$1.68,0,0.00%,$0.00,$1.68,,,,
Jefferson High,5/23/2025,20035,"Onions, Red, Whole(1/4 cup (sliced))",5,0,5,7,7,0,7,$0.49,0,0.00%,$0.00,$0.49,0,0.00%,$0.00,$0.49,,,,
Jefferson High,5/23/2025,20038,Fat Free White Milk(Each),15,0,15,49,32,0,32,$10.56,0,0.00%,$0.00,$10.56,17,34.69%,$5.61,$16.17,,,,
Jefferson High,5/23/2025,20040,Cucumber Slices(2 Tablespoon),13,0,13,0,0,0,0,$0.00,0,0.00%,$0.00,$0.00,0,0.00%,$0.00,$0.00,,,,
Jefferson High,5/23/2025,20041,"Peppers, Green, Whole(2 Tablespoon)",11,0,11,0,0,0,0,$0.00,0,0.00%,$0.00,$0.00,0,0.00%,$0.00,$0.00,,,,
Jefferson High,5/23/2025,20042,"Peppers, Red, Whole(2 Tablespoons)",7,0,7,0,0,0,0,$0.00,0,0.00%,$0.00,$0.00,0,0.00%,$0.00,$0.00,,,,
Jefferson High,5/23/2025,20047,Orange Slices(3 slices per 1/4 cup),0,0,0,10,10,0,10,$2.00,0,0.00%,$0.00,$2.00,0,0.00%,$0.00,$2.00,,,,
Jefferson High,5/23/2025,20052,Assorted  4 oz Yogurt(Container),0,0,0,0,0,0,0,$0.00,0,0.00%,$0.00,$0.00,0,0.00%,$0.00,$0.00,,,,
Jefferson High,5/23/2025,20076,"Peppers, green, pre-sliced(1/2 cup sliced)",0,0,0,40,25,0,25,$7.50,0,0.00%,$0.00,$7.50,15,37.50%,$4.50,$12.00,,,,
Jefferson High,5/23/2025,20076,"Peppers, green, pre-sliced(1/4 cup sliced)",8,0,8,20,20,0,20,$3.00,0,0.00%,$0.00,$3.00,0,0.00%,$0.00,$3.00,,,,
Jefferson High,5/23/2025,20077,"Peppers, red, pre-sliced(1/4 cup sliced)",11,0,11,0,0,0,0,$0.00,0,0.00%,$0.00,$0.00,0,0.00%,$0.00,$0.00,,,,
Jefferson High,5/23/2025,30002,Sub Roll(Sub Roll),12,0,12,14,5,0,5,$1.55,0,0.00%,$0.00,$1.55,9,64.29%,$2.79,$4.34,,,,
Jefferson High,5/23/2025,30008,Apple Juice(Each),0,0,0,0,0,0,0,$0.00,0,0.00%,$0.00,$0.00,0,0.00%,$0.00,$0.00,,,,
Jefferson High,5/23/2025,30009,Orange Tangerine Juice(Each),0,0,0,0,0,0,0,$0.00,0,0.00%,$0.00,$0.00,0,0.00%,$0.00,$0.00,,,,
Jefferson High,5/23/2025,30011,"Salsa, Mild Canned(1.5 oz)",66,0,66,0,0,0,0,$0.00,0,0.00%,$0.00,$0.00,0,0.00%,$0.00,$0.00,,,,
Jefferson High,5/23/2025,30033,Cheez-Its Crackers(Package),0,0,0,0,0,0,0,$0.00,0,0.00%,$0.00,$0.00,0,0.00%,$0.00,$0.00,,,,
Jefferson High,5/23/2025,30039,Cherry Flavored Dried Cranberries(Each),57,0,57,0,0,0,0,$0.00,0,0.00%,$0.00,$0.00,0,0.00%,$0.00,$0.00,,,,
Jefferson High,5/23/2025,30041,Orange Flavored Dried Cranberries(Each),11,0,11,0,0,0,0,$0.00,0,0.00%,$0.00,$0.00,0,0.00%,$0.00,$0.00,,,,
Jefferson High,5/23/2025,30042,Original Flavored Dried Cranberries(Package),0,0,0,0,0,0,0,$0.00,0,0.00%,$0.00,$0.00,0,0.00%,$0.00,$0.00,,,,
Jefferson High,5/23/2025,30043,Raspberry Lemonade Flavored Dried Cranberries(Each),0,0,0,0,0,0,0,$0.00,0,0.00%,$0.00,$0.00,0,0.00%,$0.00,$0.00,,,,
Jefferson High,5/23/2025,30044,Strawberry Flavored Dried Cranberries(Each),0,0,0,0,0,0,0,$0.00,0,0.00%,$0.00,$0.00,0,0.00%,$0.00,$0.00,,,,
Jefferson High,5/23/2025,30045,Watermelon Flavored Dried Cranberries(Each),0,0,0,0,0,0,0,$0.00,0,0.00%,$0.00,$0.00,0,0.00%,$0.00,$0.00,,,,
Jefferson High,5/23/2025,30061,Chilled Mandarin Oranges(1/4 cup (drained)),165,0,165,0,0,0,0,$0.00,0,0.00%,$0.00,$0.00,0,0.00%,$0.00,$0.00,,,,
Jefferson High,5/23/2025,30063,Ketchup Packet(Packet),177,0,177,120,40,0,40,$1.20,0,0.00%,$0.00,$1.20,80,66.67%,$2.40,$3.60,,,,
Jefferson High,5/23/2025,30064,Mayonnaise Packet(Packet),24,0,24,0,0,0,0,$0.00,0,0.00%,$0.00,$0.00,0,0.00%,$0.00,$0.00,,,,
Jefferson High,5/23/2025,30065,Mustard Packet(Packet),22,0,22,180,25,0,25,$1.25,0,0.00%,$0.00,$1.25,155,86.11%,$7.75,$9.00,,,,
Jefferson High,5/23/2025,30068,Chilled Peaches(1/2 cup (drained)),0,0,0,90,89,0,89,$45.39,0,0.00%,$0.00,$45.39,1,1.11%,$0.51,$45.90,,,,
Jefferson High,5/23/2025,30077,Italian Dressing(1 ounce),30,0,30,40,20,0,20,$1.60,0,0.00%,$0.00,$1.60,20,50.00%,$1.60,$3.20,,,,
Jefferson High,5/23/2025,30097,Bottled Water(Bottle),17,0,17,17,8,0,8,$1.28,0,0.00%,$0.00,$1.28,9,52.94%,$1.44,$2.72,,,,
Jefferson High,5/23/2025,30099,Chickpeas(1/4 cup),17,0,17,0,0,0,0,$0.00,0,0.00%,$0.00,$0.00,0,0.00%,$0.00,$0.00,,,,
Jefferson High,5/23/2025,30107,Ranch Dressing(1 ounce),101,0,101,150,110,0,110,$12.10,0,0.00%,$0.00,$12.10,40,26.67%,$4.40,$16.50,,,,
Jefferson High,5/23/2025,30109,Smartfood RF White Cheddar Popcorn(Each),0,0,0,0,0,0,0,$0.00,0,0.00%,$0.00,$0.00,0,0.00%,$0.00,$0.00,,,,
Jefferson High,5/23/2025,30110,Doritos Flamas(Each),0,0,0,0,0,0,0,$0.00,0,0.00%,$0.00,$0.00,0,0.00%,$0.00,$0.00,,,,
Jefferson High,5/23/2025,30111,Doritos RF Spicy Sweet Chili(Each),0,0,0,0,0,0,0,$0.00,0,0.00%,$0.00,$0.00,0,0.00%,$0.00,$0.00,,,,
Jefferson High,5/23/2025,30112,Doritos RF Nacho Cheese(Each),0,0,0,0,0,0,0,$0.00,0,0.00%,$0.00,$0.00,0,0.00%,$0.00,$0.00,,,,
Jefferson High,5/23/2025,30113,Cool Ranch Reduced Fat Doritos(Each),0,0,0,0,0,0,0,$0.00,0,0.00%,$0.00,$0.00,0,0.00%,$0.00,$0.00,,,,
Jefferson High,5/23/2025,30114,SS Baked Cheetos Flaming Hot(Each),0,0,0,0,0,0,0,$0.00,0,0.00%,$0.00,$0.00,0,0.00%,$0.00,$0.00,,,,
Jefferson High,5/23/2025,30115,SS Baked Cheetos Flaming Limon(Each),0,0,0,0,0,0,0,$0.00,0,0.00%,$0.00,$0.00,0,0.00%,$0.00,$0.00,,,,
Jefferson High,5/23/2025,30116,SS Cheetos Fantastix Flaming Hot(Each),0,0,0,0,0,0,0,$0.00,0,0.00%,$0.00,$0.00,0,0.00%,$0.00,$0.00,,,,
Jefferson High,5/23/2025,30117,WG Baked Funyuns(Each),0,0,0,0,0,0,0,$0.00,0,0.00%,$0.00,$0.00,0,0.00%,$0.00,$0.00,,,,
Jefferson High,5/23/2025,30118,Kettle Cooked Smoky BBQ Chips(Each),0,0,0,0,0,0,0,$0.00,0,0.00%,$0.00,$0.00,0,0.00%,$0.00,$0.00,,,,
Jefferson High,5/23/2025,30119,RF Kettle Chips Jalapeno & Cheddar Chips(Each),0,0,0,0,0,0,0,$0.00,0,0.00%,$0.00,$0.00,0,0.00%,$0.00,$0.00,,,,
Jefferson High,5/23/2025,30120,RF Kettle Chips Sea Salt & Vinegar Chips(Each),0,0,0,0,0,0,0,$0.00,0,0.00%,$0.00,$0.00,0,0.00%,$0.00,$0.00,,,,
Jefferson High,5/23/2025,30124,"Fruit Snacks, Welch's Mixed(Each)",0,0,0,0,0,0,0,$0.00,0,0.00%,$0.00,$0.00,0,0.00%,$0.00,$0.00,,,,
Jefferson High,5/23/2025,30158,Black Beans(1/2 Cup),0,0,0,25,19,0,19,$3.23,0,0.00%,$0.00,$3.23,6,24.00%,$1.02,$4.25,,,,
Jefferson High,5/23/2025,30160,Lay's RF Kettle Original Chips(Each),0,0,0,0,0,0,0,$0.00,0,0.00%,$0.00,$0.00,0,0.00%,$0.00,$0.00,,,,
Jefferson High,5/23/2025,60020,"Quesadilla, Turkey Barbacoa and Cheese(Quesadilla)",183,0,183,0,0,0,0,$0.00,0,0.00%,$0.00,$0.00,0,0.00%,$0.00,$0.00,,,,
Jefferson High,5/23/2025,60035,PB&J Power Pack(Power Packs),77,0,77,72,47,0,47,$50.76,0,0.00%,$0.00,$50.76,25,34.72%,$27.00,$77.76,,,,
Jefferson High,5/23/2025,60036,Cherry Vanilla Yogurt Power Pack(Power Packs),0,0,0,0,0,0,0,$0.00,0,0.00%,$0.00,$0.00,0,0.00%,$0.00,$0.00,,,,
Jefferson High,5/23/2025,60037,Strawberry & Banana Yogurt Power Pack(Power Packs),8,0,8,10,4,0,4,$3.20,0,0.00%,$0.00,$3.20,6,60.00%,$4.80,$8.00,,,,
Jefferson High,5/23/2025,60038,Peach Yogurt Power Pack(Power Packs),0,0,0,0,0,0,0,$0.00,0,0.00%,$0.00,$0.00,0,0.00%,$0.00,$0.00,,,,
Jefferson High,5/23/2025,60041,Turkey Pepperoni Pizza(Slice),56,0,56,64,42,4,46,$31.28,0,0.00%,$0.00,$31.28,18,28.13%,$12.24,$43.52,,,,
Jefferson High,5/23/2025,60050,Chickenless Bites(2 Bites),6,0,6,0,0,0,0,$0.00,0,0.00%,$0.00,$0.00,0,0.00%,$0.00,$0.00,,,,
Jefferson High,5/23/2025,60063,Chicken & Vegetable Dumplings(6 dumplings),0,0,0,0,0,0,0,$0.00,0,0.00%,$0.00,$0.00,0,0.00%,$0.00,$0.00,,,,
Jefferson High,5/23/2025,60075,Spicy Chicken Wrap(Wrap),9,0,9,1,0,0,0,$0.00,0,0.00%,$0.00,$0.00,1,100.00%,$0.00,$0.00,,,,
Jefferson High,5/23/2025,60077,Manager's Vegetable Choice(1/4 cup),17,0,17,0,0,0,0,$0.00,0,0.00%,$0.00,$0.00,0,0.00%,$0.00,$0.00,,,,
Jefferson High,5/23/2025,60101,Chickpeas - salad bar entree(1/2 cup),0,0,0,0,0,0,0,$0.00,0,0.00%,$0.00,$0.00,0,0.00%,$0.00,$0.00,,,,
Jefferson High,5/23/2025,60150,Strawberry Parfait Power Pack(Power Pack),0,0,0,0,0,0,0,$0.00,0,0.00%,$0.00,$0.00,0,0.00%,$0.00,$0.00,,,,
Johnson Middle,5/23/2025,10015,Baked Cheese Sticks(2 Cheese Sticks),0,0,0,6,6,0,6,$3.96,0,0.00%,$0.00,$3.96,0,0.00%,$0.00,$3.96,,,,
Johnson Middle,5/23/2025,10033,Chocolate Chip Cookie(Cookie),382,0,382,369,282,0,282,$76.14,3,0.81%,$0.81,$76.95,84,22.76%,$22.68,$99.63,,,,
Johnson Middle,5/23/2025,10044,Soft Pretzel(1 pretzel),7,0,7,12,8,0,8,$1.76,0,0.00%,$0.00,$1.76,4,33.33%,$0.88,$2.64,,,,
Johnson Middle,5/23/2025,10062,Corn(1/2 cup (cooked)),0,0,0,64,64,0,64,$13.44,0,0.00%,$0.00,$13.44,0,0.00%,$0.00,$13.44,,,,
Johnson Middle,5/23/2025,10069,Bean and Cheese Pupusa(Pupusa),0,0,0,5,4,0,4,$6.00,1,20.00%,$1.50,$7.50,0,0.00%,$0.00,$7.50,,,,
Johnson Middle,5/23/2025,10070,Orange Sauce(ounce),16,0,16,16,7,2,9,$1.26,7,43.75%,$0.98,$2.24,0,0.00%,$0.00,$2.24,,,,
Johnson Middle,5/23/2025,10075,Cheese Pizza(Slice),201,0,201,196,176,2,178,$101.46,3,1.53%,$1.71,$103.17,15,7.65%,$8.55,$111.72,,,,
Johnson Middle,5/23/2025,20001,1% White Milk(Each),52,0,52,69,46,0,46,$16.56,2,2.90%,$0.72,$17.28,21,30.43%,$7.56,$24.84,,,,
Johnson Middle,5/23/2025,20002,Fat Free Chocolate Milk(Each),330,0,330,459,249,0,249,$87.15,0,0.00%,$0.00,$87.15,210,45.75%,$73.50,$160.65,,,,
Johnson Middle,5/23/2025,20008,Apple Slices(3 slices per 1/4 cup),0,0,0,520,518,0,518,$305.62,2,0.38%,$1.18,$306.80,0,0.00%,$0.00,$306.80,,,,
Johnson Middle,5/23/2025,20011,Cherry Tomatoes(1/4 cup),87,0,87,72,70,0,70,$25.90,2,2.78%,$0.74,$26.64,0,0.00%,$0.00,$26.64,,,,
Johnson Middle,5/23/2025,20017,Orange(Each - serving),0,0,0,200,197,0,197,$66.98,3,1.50%,$1.02,$68.00,0,0.00%,$0.00,$68.00,,,,
Johnson Middle,5/23/2025,20028,Lettuce Blend Salad Mix(1/2 cup),468,0,468,560,520,0,520,$41.60,40,7.14%,$3.20,$44.80,0,0.00%,$0.00,$44.80,,,,
Johnson Middle,5/23/2025,20031,Banana(Each),0,0,0,38,37,0,37,$7.77,1,2.63%,$0.21,$7.98,0,0.00%,$0.00,$7.98,,,,
Johnson Middle,5/23/2025,20038,Fat Free White Milk(Each),35,0,35,46,35,0,35,$11.55,0,0.00%,$0.00,$11.55,11,23.91%,$3.63,$15.18,,,,
Johnson Middle,5/23/2025,30009,Orange Tangerine Juice(Each),10,0,10,38,18,0,18,$3.06,0,0.00%,$0.00,$3.06,20,52.63%,$3.40,$6.46,,,,
Johnson Middle,5/23/2025,30014,Whole Wheat Dinner Roll(2 rolls),0,0,0,15,15,0,15,$4.20,0,0.00%,$0.00,$4.20,0,0.00%,$0.00,$4.20,,,,
Johnson Middle,5/23/2025,30039,Cherry Flavored Dried Cranberries(2 Eaches),0,0,0,60,60,0,60,$28.80,0,0.00%,$0.00,$28.80,0,0.00%,$0.00,$28.80,,,,
Johnson Middle,5/23/2025,30045,Watermelon Flavored Dried Cranberries(2 Eaches),0,0,0,220,170,0,170,$81.60,0,0.00%,$0.00,$81.60,50,22.73%,$24.00,$105.60,,,,
Johnson Middle,5/23/2025,30063,Ketchup Packet(Packet),484,0,484,400,300,0,300,$9.00,0,0.00%,$0.00,$9.00,100,25.00%,$3.00,$12.00,,,,
Johnson Middle,5/23/2025,30065,Mustard Packet(Packet),34,0,34,30,20,0,20,$1.00,0,0.00%,$0.00,$1.00,10,33.33%,$0.50,$1.50,,,,
Johnson Middle,5/23/2025,30097,Bottled Water(Bottle),60,0,60,70,61,0,61,$9.76,4,5.71%,$0.64,$10.40,5,7.14%,$0.80,$11.20,,,,
Johnson Middle,5/23/2025,30099,Chickpeas(1/4 cup),57,0,57,66,63,0,63,$5.67,3,4.55%,$0.27,$5.94,0,0.00%,$0.00,$5.94,,,,
Johnson Middle,5/23/2025,30102,1% Unflavored Shelf-Stable Milk(Each),0,0,0,16,16,0,16,$6.08,0,0.00%,$0.00,$6.08,0,0.00%,$0.00,$6.08,,,,
Johnson Middle,5/23/2025,30107,Ranch Dressing(1 ounce),129,0,129,144,124,0,124,$13.64,0,0.00%,$0.00,$13.64,20,13.89%,$2.20,$15.84,,,,
Johnson Middle,5/23/2025,30110,Doritos Flamas(Each),30,0,30,34,34,0,34,$12.58,0,0.00%,$0.00,$12.58,0,0.00%,$0.00,$12.58,,,,
Johnson Middle,5/23/2025,30114,SS Baked Cheetos Flaming Hot(Each),20,0,20,48,48,0,48,$25.44,0,0.00%,$0.00,$25.44,0,0.00%,$0.00,$25.44,,,,
Johnson Middle,5/23/2025,30118,Kettle Cooked Smoky BBQ Chips(Each),20,0,20,40,32,0,32,$19.20,0,0.00%,$0.00,$19.20,8,20.00%,$4.80,$24.00,,,,
Johnson Middle,5/23/2025,30119,RF Kettle Chips Jalapeno & Cheddar Chips(Each),20,0,20,40,40,0,40,$24.00,0,0.00%,$0.00,$24.00,0,0.00%,$0.00,$24.00,,,,
Johnson Middle,5/23/2025,30120,RF Kettle Chips Sea Salt & Vinegar Chips(Each),20,0,20,64,64,0,64,$38.40,0,0.00%,$0.00,$38.40,0,0.00%,$0.00,$38.40,,,,
Johnson Middle,5/23/2025,30121,Kellogg’s W/G Rice Krispies Treats(Each),0,0,0,40,37,0,37,$27.38,0,0.00%,$0.00,$27.38,3,7.50%,$2.22,$29.60,,,,
Johnson Middle,5/23/2025,30122,WG Chocolate Chip Rice Krispy Treats(Each),0,0,0,20,20,0,20,$12.00,0,0.00%,$0.00,$12.00,0,0.00%,$0.00,$12.00,,,,
Johnson Middle,5/23/2025,30124,"Fruit Snacks, Welch's Mixed(Each)",30,0,30,50,44,0,44,$17.60,0,0.00%,$0.00,$17.60,6,12.00%,$2.40,$20.00,,,,
Johnson Middle,5/23/2025,30160,Lay's RF Kettle Original Chips(Each),20,0,20,38,25,0,25,$15.00,0,0.00%,$0.00,$15.00,13,34.21%,$7.80,$22.80,,,,
Johnson Middle,5/23/2025,60035,PB&J Power Pack(Power Packs),100,0,100,100,97,0,97,$104.76,3,3.00%,$3.24,$108.00,0,0.00%,$0.00,$108.00,,,,
Johnson Middle,5/23/2025,60038,Peach Yogurt Power Pack(Power Packs),0,0,0,8,6,0,6,$4.80,0,0.00%,$0.00,$4.80,2,25.00%,$1.60,$6.40,,,,
Johnson Middle,5/23/2025,60039,Pasta with Meat Sauce(serving),0,0,0,41,41,0,41,$43.87,0,0.00%,$0.00,$43.87,0,0.00%,$0.00,$43.87,,,,
Johnson Middle,5/23/2025,60040,Grilled Cheese Sandwich(Sandwich),0,0,0,12,8,0,8,$3.36,4,33.33%,$1.68,$5.04,0,0.00%,$0.00,$5.04,,,,
Johnson Middle,5/23/2025,60041,Turkey Pepperoni Pizza(Slice),200,0,200,180,155,2,157,$106.76,3,1.67%,$2.04,$108.80,20,11.11%,$13.60,$122.40,,,,
Johnson Middle,5/23/2025,60042,Beef Meatball Sub Sandwich(Sandwich),0,0,0,12,9,0,9,$11.52,3,25.00%,$3.84,$15.36,0,0.00%,$0.00,$15.36,,,,
Johnson Middle,5/23/2025,60052,Orange Chickenless Bites(4 bites),0,0,0,15,15,0,15,$13.05,0,0.00%,$0.00,$13.05,0,0.00%,$0.00,$13.05,,,,
Johnson Middle,5/23/2025,60057,Carrot and Celery Sticks(1/2 cup),0,0,0,86,83,0,83,$82.17,3,3.49%,$2.97,$85.14,0,0.00%,$0.00,$85.14,,,,
Johnson Middle,5/23/2025,60063,Chicken & Vegetable Dumplings(6 dumplings),16,0,16,16,7,2,9,$0.00,7,43.75%,$0.00,$0.00,0,0.00%,$0.00,$0.00,,,,
Johnson Middle,5/23/2025,60075,Spicy Chicken Wrap(Wrap),6,0,6,12,11,0,11,$12.87,1,8.33%,$1.17,$14.04,0,0.00%,$0.00,$14.04,,,,
Johnson Middle,5/23/2025,60095,Chicken and Cheese Quesadilla(Quesadilla),0,0,0,14,10,3,13,$11.44,1,7.14%,$0.88,$12.32,0,0.00%,$0.00,$12.32,,,,
Johnson Middle,5/23/2025,60155,Fish  Sandwich(Sandwich),0,0,0,20,18,0,18,$12.60,2,10.00%,$1.40,$14.00,0,0.00%,$0.00,$14.00,,,,
Justice High,5/23/2025,10013,"Patty, Chicken, Spicy, Breaded(Patty)",50,0,50,55,48,2,50,$36.00,0,0.00%,$0.00,$36.00,5,9.09%,$3.60,$39.60,,,,
Justice High,5/23/2025,10026,Chickenless Bites(4 Bites),0,0,0,25,20,0,20,$14.60,0,0.00%,$0.00,$14.60,5,20.00%,$3.65,$18.25,,,,
Justice High,5/23/2025,10044,Soft Pretzel(1 pretzel),3,0,3,1,1,0,1,$0.22,0,0.00%,$0.00,$0.22,0,0.00%,$0.00,$0.22,,,,
Justice High,5/23/2025,10049,"WG 10"" Flour Tortilla(Tortilla)",32,0,32,40,36,0,36,$12.60,0,0.00%,$0.00,$12.60,4,10.00%,$1.40,$14.00,,,,
Justice High,5/23/2025,10051,"Turkey,  Breast, Pre-Sliced, Oven Roasted(6 Slices)",17,0,17,5,2,0,2,$2.16,0,0.00%,$0.00,$2.16,3,60.00%,$3.24,$5.40,,,,
Justice High,5/23/2025,10070,Orange Sauce(ounce),50,0,50,35,35,0,35,$4.90,0,0.00%,$0.00,$4.90,0,0.00%,$0.00,$4.90,,,,
Justice High,5/23/2025,10075,Cheese Pizza(Slice),255,0,255,235,231,4,235,$133.95,0,0.00%,$0.00,$133.95,0,0.00%,$0.00,$133.95,,,,
Justice High,5/23/2025,10099,"Green Beans, Frozen(1/2 cup)",0,0,0,25,25,0,25,$7.00,0,0.00%,$0.00,$7.00,0,0.00%,$0.00,$7.00,,,,
Justice High,5/23/2025,20001,1% White Milk(Each),94,0,94,150,90,0,90,$32.40,0,0.00%,$0.00,$32.40,60,40.00%,$21.60,$54.00,,,,
Justice High,5/23/2025,20002,Fat Free Chocolate Milk(Each),544,0,544,550,481,0,481,$168.35,0,0.00%,$0.00,$168.35,69,12.55%,$24.15,$192.50,,,,
Justice High,5/23/2025,20006,"Cheese, Shredded, Cheddar(Cup)",2,0,2,5,0,1,1,$0.00,0,0.00%,$0.00,$0.00,4,80.00%,$0.00,$0.00,,,,
Justice High,5/23/2025,20008,Apple Slices(3 slices per 1/4 cup),0,0,0,120,116,0,116,$68.44,0,0.00%,$0.00,$68.44,4,3.33%,$2.36,$70.80,,,,
Justice High,5/23/2025,20011,Cherry Tomatoes(1/4 cup),143,0,143,60,54,0,54,$19.98,0,0.00%,$0.00,$19.98,6,10.00%,$2.22,$22.20,,,,
Justice High,5/23/2025,20014,Red Delicious Apple(Each - serving),0,0,0,416,379,0,379,$125.07,0,0.00%,$0.00,$125.07,37,8.89%,$12.21,$137.28,,,,
Justice High,5/23/2025,20017,Orange(Each - serving),0,0,0,222,216,0,216,$73.44,0,0.00%,$0.00,$73.44,6,2.70%,$2.04,$75.48,,,,
Justice High,5/23/2025,20023,Baby Carrots(6 Baby Carrots per 1/2 cup),0,0,0,98,95,0,95,$16.15,0,0.00%,$0.00,$16.15,3,3.06%,$0.51,$16.66,,,,
Justice High,5/23/2025,20028,Lettuce Blend Salad Mix(1/2 cup),325,0,325,300,270,0,270,$21.60,10,3.33%,$0.80,$22.40,20,6.67%,$1.60,$24.00,,,,
Justice High,5/23/2025,20030,Sour Cream(2 Tablespoons),63,0,63,120,114,0,114,$17.10,0,0.00%,$0.00,$17.10,6,5.00%,$0.90,$18.00,,,,
Justice High,5/23/2025,20035,"Onions, Red, Whole(1/4 cup (sliced))",35,0,35,35,30,0,30,$2.10,0,0.00%,$0.00,$2.10,5,14.29%,$0.35,$2.45,,,,
Justice High,5/23/2025,20038,Fat Free White Milk(Each),44,0,44,100,44,0,44,$14.52,0,0.00%,$0.00,$14.52,56,56.00%,$18.48,$33.00,,,,
Justice High,5/23/2025,20076,"Peppers, green, pre-sliced(1/4 cup sliced)",26,0,26,24,20,0,20,$3.00,0,0.00%,$0.00,$3.00,4,16.67%,$0.60,$3.60,,,,
Justice High,5/23/2025,20077,"Peppers, red, pre-sliced(1/2 cup sliced)",0,0,0,12,12,0,12,$6.72,0,0.00%,$0.00,$6.72,0,0.00%,$0.00,$6.72,,,,
Justice High,5/23/2025,20077,"Peppers, red, pre-sliced(1/4 cup sliced)",29,0,29,35,25,0,25,$7.00,0,0.00%,$0.00,$7.00,10,28.57%,$2.80,$9.80,,,,
Justice High,5/23/2025,30002,Sub Roll(Sub Roll),34,0,34,40,36,0,36,$11.16,0,0.00%,$0.00,$11.16,4,10.00%,$1.24,$12.40,,,,
Justice High,5/23/2025,30011,"Salsa, Mild Canned(1.5 oz)",63,0,63,120,114,0,114,$11.40,0,0.00%,$0.00,$11.40,6,5.00%,$0.60,$12.00,,,,
Justice High,5/23/2025,30014,Whole Wheat Dinner Roll(2 rolls),0,0,0,19,9,0,9,$2.52,0,0.00%,$0.00,$2.52,10,52.63%,$2.80,$5.32,,,,
Justice High,5/23/2025,30024,Black Beans(1/4 Cup),0,0,0,32,32,0,32,$2.88,0,0.00%,$0.00,$2.88,0,0.00%,$0.00,$2.88,,,,
Justice High,5/23/2025,30043,Raspberry Lemonade Flavored Dried Cranberries(Each),163,0,163,200,200,0,200,$48.00,0,0.00%,$0.00,$48.00,0,0.00%,$0.00,$48.00,,,,
Justice High,5/23/2025,30063,Ketchup Packet(Packet),664,0,664,450,358,0,358,$10.74,0,0.00%,$0.00,$10.74,92,20.44%,$2.76,$13.50,,,,
Justice High,5/23/2025,30064,Mayonnaise Packet(Packet),545,0,545,300,170,0,170,$17.00,0,0.00%,$0.00,$17.00,130,43.33%,$13.00,$30.00,,,,
Justice High,5/23/2025,30065,Mustard Packet(Packet),9,0,9,40,20,0,20,$1.00,0,0.00%,$0.00,$1.00,20,50.00%,$1.00,$2.00,,,,
Justice High,5/23/2025,30068,Chilled Peaches(1/2 cup (drained)),0,0,0,420,330,0,330,$168.30,0,0.00%,$0.00,$168.30,90,21.43%,$45.90,$214.20,,,,
Justice High,5/23/2025,30077,Italian Dressing(1 ounce),41,0,41,48,32,0,32,$2.56,0,0.00%,$0.00,$2.56,16,33.33%,$1.28,$3.84,,,,
Justice High,5/23/2025,30097,Bottled Water(Bottle),0,0,0,5,1,0,1,$0.16,0,0.00%,$0.00,$0.16,4,80.00%,$0.64,$0.80,,,,
Justice High,5/23/2025,30099,Chickpeas(1/2 cup),117,0,117,24,24,0,24,$4.32,0,0.00%,$0.00,$4.32,0,0.00%,$0.00,$4.32,,,,
Justice High,5/23/2025,30099,Chickpeas(1/4 cup),0,0,0,32,32,0,32,$2.88,0,0.00%,$0.00,$2.88,0,0.00%,$0.00,$2.88,,,,
Justice High,5/23/2025,30107,Ranch Dressing(1 ounce),188,0,188,232,204,0,204,$22.44,0,0.00%,$0.00,$22.44,28,12.07%,$3.08,$25.52,,,,
Justice High,5/23/2025,60006,Vegan Burger(Sandwich),0,0,0,20,17,0,17,$9.35,0,0.00%,$0.00,$9.35,3,15.00%,$1.65,$11.00,,,,
Justice High,5/23/2025,60035,PB&J Power Pack(Power Packs),150,0,150,130,126,2,128,$138.24,0,0.00%,$0.00,$138.24,2,1.54%,$2.16,$140.40,,,,
Justice High,5/23/2025,60037,Strawberry & Banana Yogurt Power Pack(Power Packs),1,0,1,5,1,0,1,$0.80,0,0.00%,$0.00,$0.80,4,80.00%,$3.20,$4.00,,,,
Justice High,5/23/2025,60041,Turkey Pepperoni Pizza(Slice),194,0,194,310,301,7,308,$209.44,2,0.65%,$1.36,$210.80,0,0.00%,$0.00,$210.80,,,,
Justice High,5/23/2025,60047,Chicken Tenders(3 tenders),0,0,0,19,9,0,9,$8.46,0,0.00%,$0.00,$8.46,10,52.63%,$9.40,$17.86,,,,
Justice High,5/23/2025,60064,Vegetable Dumpling(6 dumplings),0,0,0,35,30,1,31,$0.00,0,0.00%,$0.00,$0.00,4,11.43%,$0.00,$0.00,,,,
Justice High,5/23/2025,60073,Chicken and Cheese Quesadilla(Quesadilla),0,0,0,120,111,3,114,$185.82,0,0.00%,$0.00,$185.82,6,5.00%,$9.78,$195.60,,,,
Justice High,5/23/2025,60077,Manager's Vegetable Choice(1/4 cup),118,0,118,0,0,0,0,$0.00,0,0.00%,$0.00,$0.00,0,0.00%,$0.00,$0.00,,,,
Justice High,5/23/2025,60121,"Sauce, Spicy Mayo(tbsp)",0,0,0,100,100,0,100,$9.00,0,0.00%,$0.00,$9.00,0,0.00%,$0.00,$9.00,,,,
Justice High,5/23/2025,60149,Hot Turkey & Cheese(sandwich),0,0,0,18,18,0,18,$23.40,0,0.00%,$0.00,$23.40,0,0.00%,$0.00,$23.40,,,,
Keene Mill Elementary,5/23/2025,10044,Soft Pretzel(1 pretzel),11,0,11,40,36,0,36,$7.92,0,0.00%,$0.00,$7.92,4,10.00%,$0.88,$8.80,,,,
Keene Mill Elementary,5/23/2025,10073,Whole Strawberries(1/2 cup thawed),0,0,0,165,161,0,161,$54.74,0,0.00%,$0.00,$54.74,4,2.42%,$1.36,$56.10,,,,
Keene Mill Elementary,5/23/2025,20001,1% White Milk(Each),45,0,45,55,50,0,50,$18.00,0,0.00%,$0.00,$18.00,5,9.09%,$1.80,$19.80,,,,
Keene Mill Elementary,5/23/2025,20002,Fat Free Chocolate Milk(Each),198,0,198,300,297,0,297,$103.95,0,0.00%,$0.00,$103.95,3,1.00%,$1.05,$105.00,,,,
Keene Mill Elementary,5/23/2025,20018,Red Seedless Grapes(8 grapes per 1/4 cup),215,0,215,240,237,0,237,$61.62,0,0.00%,$0.00,$61.62,3,1.25%,$0.78,$62.40,,,,
Keene Mill Elementary,5/23/2025,20023,Baby Carrots(3 baby carrots per 1/4 cup),0,0,0,195,194,0,194,$17.46,0,0.00%,$0.00,$17.46,1,0.51%,$0.09,$17.55,,,,
Keene Mill Elementary,5/23/2025,20028,Lettuce Blend Salad Mix(1/2 cup),156,0,156,255,253,0,253,$20.24,0,0.00%,$0.00,$20.24,2,0.78%,$0.16,$20.40,,,,
Keene Mill Elementary,5/23/2025,20031,Banana(Each),10,0,10,10,10,0,10,$2.10,0,0.00%,$0.00,$2.10,0,0.00%,$0.00,$2.10,,,,
Keene Mill Elementary,5/23/2025,20038,Fat Free White Milk(Each),25,0,25,40,28,0,28,$9.24,0,0.00%,$0.00,$9.24,12,30.00%,$3.96,$13.20,,,,
Keene Mill Elementary,5/23/2025,30008,Apple Juice(Each),0,0,0,100,99,0,99,$16.83,0,0.00%,$0.00,$16.83,1,1.00%,$0.17,$17.00,,,,
Keene Mill Elementary,5/23/2025,30009,Orange Tangerine Juice(Each),0,0,0,30,27,0,27,$4.59,0,0.00%,$0.00,$4.59,3,10.00%,$0.51,$5.10,,,,
Keene Mill Elementary,5/23/2025,30024,Black Beans(1/2 Cup),10,0,10,10,10,0,10,$1.70,0,0.00%,$0.00,$1.70,0,0.00%,$0.00,$1.70,,,,
Keene Mill Elementary,5/23/2025,30033,Cheez-Its Crackers(Package),10,0,10,10,10,0,10,$1.80,0,0.00%,$0.00,$1.80,0,0.00%,$0.00,$1.80,,,,
Keene Mill Elementary,5/23/2025,30043,Raspberry Lemonade Flavored Dried Cranberries(Each),22,0,22,65,57,0,57,$13.68,0,0.00%,$0.00,$13.68,8,12.31%,$1.92,$15.60,,,,
Keene Mill Elementary,5/23/2025,30044,Strawberry Flavored Dried Cranberries(Each),66,0,66,65,58,0,58,$13.92,0,0.00%,$0.00,$13.92,7,10.77%,$1.68,$15.60,,,,
Keene Mill Elementary,5/23/2025,30061,Chilled Mandarin Oranges(1/2 cup (drained)),10,0,10,10,10,0,10,$3.40,0,0.00%,$0.00,$3.40,0,0.00%,$0.00,$3.40,,,,
Keene Mill Elementary,5/23/2025,30061,Chilled Mandarin Oranges(1/4 cup (drained)),219,0,219,225,224,0,224,$38.08,0,0.00%,$0.00,$38.08,1,0.44%,$0.17,$38.25,,,,
Keene Mill Elementary,5/23/2025,30077,Italian Dressing(1 ounce),61,0,61,125,116,0,116,$9.28,0,0.00%,$0.00,$9.28,9,7.20%,$0.72,$10.00,,,,
Keene Mill Elementary,5/23/2025,30097,Bottled Water(Bottle),0,0,0,25,20,0,20,$3.20,0,0.00%,$0.00,$3.20,5,20.00%,$0.80,$4.00,,,,
Keene Mill Elementary,5/23/2025,30099,Chickpeas(1/4 cup),55,0,55,145,142,0,142,$12.78,0,0.00%,$0.00,$12.78,3,2.07%,$0.27,$13.05,,,,
Keene Mill Elementary,5/23/2025,30107,Ranch Dressing(1 ounce),118,0,118,150,145,0,145,$15.95,0,0.00%,$0.00,$15.95,5,3.33%,$0.55,$16.50,,,,
Keene Mill Elementary,5/23/2025,60035,PB&J Power Pack(Power Packs),22,0,22,12,10,0,10,$10.80,0,0.00%,$0.00,$10.80,2,16.67%,$2.16,$12.96,,,,
Keene Mill Elementary,5/23/2025,60038,Peach Yogurt Power Pack(Power Packs),18,0,18,35,32,0,32,$25.60,0,0.00%,$0.00,$25.60,3,8.57%,$2.40,$28.00,,,,
Keene Mill Elementary,5/23/2025,60041,Turkey Pepperoni Pizza(Slice),116,0,116,132,131,1,132,$89.76,0,0.00%,$0.00,$89.76,0,0.00%,$0.00,$89.76,,,,
Keene Mill Elementary,5/23/2025,60077,Manager's Vegetable Choice(1/4 cup),12,0,12,185,181,0,181,$0.00,0,0.00%,$0.00,$0.00,4,2.16%,$0.00,$0.00,,,,
Keene Mill Elementary,5/23/2025,60080,Cheese Pizza(Slice),219,0,219,220,216,4,220,$125.40,0,0.00%,$0.00,$125.40,0,0.00%,$0.00,$125.40,,,,
Keene Mill Elementary,5/23/2025,60151,Blueberry Bread(1 square),0,0,0,11,11,0,11,$4.51,0,0.00%,$0.00,$4.51,0,0.00%,$0.00,$4.51,,,,
Kent Gardens Elementary,5/23/2025,10044,Soft Pretzel(1 pretzel),76,0,76,73,72,0,72,$15.84,0,0.00%,$0.00,$15.84,1,1.37%,$0.22,$16.06,,,,
Kent Gardens Elementary,5/23/2025,10075,Cheese Pizza(Slice),186,0,186,200,197,0,197,$112.29,0,0.00%,$0.00,$112.29,3,1.50%,$1.71,$114.00,,,,
Kent Gardens Elementary,5/23/2025,20001,1% White Milk(Each),8,0,8,130,31,0,31,$11.16,0,0.00%,$0.00,$11.16,99,76.15%,$35.64,$46.80,,,,
Kent Gardens Elementary,5/23/2025,20002,Fat Free Chocolate Milk(Each),140,0,140,412,156,0,156,$54.60,0,0.00%,$0.00,$54.60,256,62.14%,$89.60,$144.20,,,,
Kent Gardens Elementary,5/23/2025,20011,Cherry Tomatoes(1/4 cup),88,0,88,100,98,0,98,$36.26,0,0.00%,$0.00,$36.26,2,2.00%,$0.74,$37.00,,,,
Kent Gardens Elementary,5/23/2025,20014,Red Delicious Apple(Each - serving),0,0,0,200,198,0,198,$65.34,0,0.00%,$0.00,$65.34,2,1.00%,$0.66,$66.00,,,,
Kent Gardens Elementary,5/23/2025,20016,String Cheese(1 Stick),10,0,10,10,6,0,6,$1.32,0,0.00%,$0.00,$1.32,4,40.00%,$0.88,$2.20,,,,
Kent Gardens Elementary,5/23/2025,20017,Orange(1/4 cup),0,0,0,250,247,0,247,$41.99,0,0.00%,$0.00,$41.99,3,1.20%,$0.51,$42.50,,,,
Kent Gardens Elementary,5/23/2025,20027,Broccoli Florets(1/4 cup),0,0,0,60,58,0,58,$4.64,0,0.00%,$0.00,$4.64,2,3.33%,$0.16,$4.80,,,,
Kent Gardens Elementary,5/23/2025,20028,Lettuce Blend Salad Mix(1/2 cup),77,0,77,80,77,0,77,$6.16,0,0.00%,$0.00,$6.16,3,3.75%,$0.24,$6.40,,,,
Kent Gardens Elementary,5/23/2025,20038,Fat Free White Milk(Each),10,0,10,66,14,0,14,$4.62,0,0.00%,$0.00,$4.62,52,78.79%,$17.16,$21.78,,,,
Kent Gardens Elementary,5/23/2025,20052,Assorted  4 oz Yogurt(Container),5,0,5,5,3,0,3,$0.00,0,0.00%,$0.00,$0.00,2,40.00%,$0.00,$0.00,,,,
Kent Gardens Elementary,5/23/2025,30008,Apple Juice(Each),60,0,60,50,44,0,44,$7.48,0,0.00%,$0.00,$7.48,6,12.00%,$1.02,$8.50,,,,
Kent Gardens Elementary,5/23/2025,30009,Orange Tangerine Juice(Each),50,0,50,50,40,0,40,$6.80,0,0.00%,$0.00,$6.80,10,20.00%,$1.70,$8.50,,,,
Kent Gardens Elementary,5/23/2025,30033,Cheez-Its Crackers(Package),0,0,0,70,66,0,66,$11.88,0,0.00%,$0.00,$11.88,4,5.71%,$0.72,$12.60,,,,
Kent Gardens Elementary,5/23/2025,30043,Raspberry Lemonade Flavored Dried Cranberries(Each),17,0,17,80,68,0,68,$16.32,0,0.00%,$0.00,$16.32,12,15.00%,$2.88,$19.20,,,,
Kent Gardens Elementary,5/23/2025,30077,Italian Dressing(1 ounce),22,0,22,24,22,0,22,$1.76,0,0.00%,$0.00,$1.76,2,8.33%,$0.16,$1.92,,,,
Kent Gardens Elementary,5/23/2025,30097,Bottled Water(Bottle),35,0,35,30,27,0,27,$4.32,0,0.00%,$0.00,$4.32,3,10.00%,$0.48,$4.80,,,,
Kent Gardens Elementary,5/23/2025,30099,Chickpeas(1/4 cup),37,0,37,40,37,0,37,$3.33,0,0.00%,$0.00,$3.33,3,7.50%,$0.27,$3.60,,,,
Kent Gardens Elementary,5/23/2025,30107,Ranch Dressing(1 ounce),46,0,46,48,46,0,46,$5.06,0,0.00%,$0.00,$5.06,2,4.17%,$0.22,$5.28,,,,
Kent Gardens Elementary,5/23/2025,60035,PB&J Power Pack(Power Packs),68,0,68,66,60,0,60,$64.80,0,0.00%,$0.00,$64.80,6,9.09%,$6.48,$71.28,,,,
Kent Gardens Elementary,5/23/2025,60038,Peach Yogurt Power Pack(Power Packs),9,0,9,11,10,0,10,$8.00,0,0.00%,$0.00,$8.00,1,9.09%,$0.80,$8.80,,,,
Kent Gardens Elementary,5/23/2025,60041,Turkey Pepperoni Pizza(Slice),82,0,82,75,68,4,72,$48.96,0,0.00%,$0.00,$48.96,3,4.00%,$2.04,$51.00,,,,
Kent Gardens Elementary,5/23/2025,60101,Chickpeas - salad bar entree(1/2 cup),13,0,13,5,5,0,5,$0.90,0,0.00%,$0.00,$0.90,0,0.00%,$0.00,$0.90,,,,
Key Middle,5/23/2025,10033,Chocolate Chip Cookie(Cookie),30,0,30,0,0,0,0,$0.00,0,0.00%,$0.00,$0.00,0,0.00%,$0.00,$0.00,,,,
Key Middle,5/23/2025,10044,Soft Pretzel(1 pretzel),1,0,1,4,1,0,1,$0.22,0,0.00%,$0.00,$0.22,3,75.00%,$0.66,$0.88,,,,
Key Middle,5/23/2025,10070,Orange Sauce(ounce),0,0,0,17,15,0,15,$2.10,2,11.76%,$0.28,$2.38,0,0.00%,$0.00,$2.38,,,,
Key Middle,5/23/2025,10075,Cheese Pizza(Slice),218,0,218,289,289,0,289,$164.73,0,0.00%,$0.00,$164.73,0,0.00%,$0.00,$164.73,,,,
Key Middle,5/23/2025,20001,1% White Milk(Each),32,0,32,133,56,0,56,$20.16,0,0.00%,$0.00,$20.16,77,57.89%,$27.72,$47.88,,,,
Key Middle,5/23/2025,20002,Fat Free Chocolate Milk(Each),242,0,242,746,318,0,318,$111.30,0,0.00%,$0.00,$111.30,428,57.37%,$149.80,$261.10,,,,
Key Middle,5/23/2025,20008,Apple Slices(3 slices per 1/4 cup),0,0,0,232,116,0,116,$68.44,0,0.00%,$0.00,$68.44,116,50.00%,$68.44,$136.88,,,,
Key Middle,5/23/2025,20011,Cherry Tomatoes(1/4 cup),135,0,135,216,215,0,215,$79.55,1,0.46%,$0.37,$79.92,0,0.00%,$0.00,$79.92,,,,
Key Middle,5/23/2025,20016,String Cheese(Each),5,0,5,5,0,0,0,$0.00,0,0.00%,$0.00,$0.00,5,100.00%,$0.00,$0.00,,,,
Key Middle,5/23/2025,20018,Red Seedless Grapes(8 grapes per 1/4 cup),328,0,328,552,550,0,550,$143.00,2,0.36%,$0.52,$143.52,0,0.00%,$0.00,$143.52,,,,
Key Middle,5/23/2025,20028,Lettuce Blend Salad Mix(1/2 cup),320,0,320,320,319,0,319,$25.52,1,0.31%,$0.08,$25.60,0,0.00%,$0.00,$25.60,,,,
Key Middle,5/23/2025,20030,Sour Cream(2 Tablespoons),33,0,33,35,31,0,31,$4.65,0,0.00%,$0.00,$4.65,4,11.43%,$0.60,$5.25,,,,
Key Middle,5/23/2025,20031,Banana(Each),0,0,0,150,149,0,149,$31.29,1,0.67%,$0.21,$31.50,0,0.00%,$0.00,$31.50,,,,
Key Middle,5/23/2025,20038,Fat Free White Milk(Each),13,0,13,100,37,0,37,$12.21,0,0.00%,$0.00,$12.21,63,63.00%,$20.79,$33.00,,,,
Key Middle,5/23/2025,20052,Assorted  4 oz Yogurt(Container),5,0,5,5,0,0,0,$0.00,0,0.00%,$0.00,$0.00,5,100.00%,$0.00,$0.00,,,,
Key Middle,5/23/2025,30008,Apple Juice(Each),5,0,5,5,1,0,1,$0.17,0,0.00%,$0.00,$0.17,4,80.00%,$0.68,$0.85,,,,
Key Middle,5/23/2025,30009,Orange Tangerine Juice(Each),5,0,5,5,5,0,5,$0.85,0,0.00%,$0.00,$0.85,0,0.00%,$0.00,$0.85,,,,
Key Middle,5/23/2025,30011,"Salsa, Mild Canned(1.5 oz)",35,0,35,35,34,0,34,$3.40,0,0.00%,$0.00,$3.40,1,2.86%,$0.10,$3.50,,,,
Key Middle,5/23/2025,30033,Cheez-Its Crackers(Package),5,0,5,5,0,0,0,$0.00,0,0.00%,$0.00,$0.00,5,100.00%,$0.00,$0.00,,,,
Key Middle,5/23/2025,30061,Chilled Mandarin Oranges(1/4 cup (drained)),304,0,304,68,67,0,67,$11.39,1,1.47%,$0.17,$11.56,0,0.00%,$0.00,$11.56,,,,
Key Middle,5/23/2025,30063,Ketchup Packet(Packet),789,0,789,100,99,0,99,$2.97,0,0.00%,$0.00,$2.97,1,1.00%,$0.03,$3.00,,,,
Key Middle,5/23/2025,30064,Mayonnaise Packet(Packet),194,0,194,100,98,0,98,$9.80,0,0.00%,$0.00,$9.80,2,2.00%,$0.20,$10.00,,,,
Key Middle,5/23/2025,30065,Mustard Packet(Packet),25,0,25,30,25,0,25,$1.25,0,0.00%,$0.00,$1.25,5,16.67%,$0.25,$1.50,,,,
Key Middle,5/23/2025,30077,Italian Dressing(1 ounce),39,0,39,48,37,0,37,$2.96,0,0.00%,$0.00,$2.96,11,22.92%,$0.88,$3.84,,,,
Key Middle,5/23/2025,30097,Bottled Water(Bottle),5,0,5,25,19,0,19,$3.04,0,0.00%,$0.00,$3.04,6,24.00%,$0.96,$4.00,,,,
Key Middle,5/23/2025,30099,Chickpeas(1/4 cup),61,0,61,66,64,0,64,$5.76,2,3.03%,$0.18,$5.94,0,0.00%,$0.00,$5.94,,,,
Key Middle,5/23/2025,30107,Ranch Dressing(1 ounce),95,0,95,96,95,0,95,$10.45,0,0.00%,$0.00,$10.45,1,1.04%,$0.11,$10.56,,,,
Key Middle,5/23/2025,30109,Smartfood RF White Cheddar Popcorn(Each),0,0,0,0,0,0,0,$0.00,0,0.00%,$0.00,$0.00,0,0.00%,$0.00,$0.00,,,,
Key Middle,5/23/2025,30110,Doritos Flamas(Each),0,0,0,40,40,0,40,$14.80,0,0.00%,$0.00,$14.80,0,0.00%,$0.00,$14.80,,,,
Key Middle,5/23/2025,30111,Doritos RF Spicy Sweet Chili(Each),0,0,0,0,0,0,0,$0.00,0,0.00%,$0.00,$0.00,0,0.00%,$0.00,$0.00,,,,
Key Middle,5/23/2025,30112,Doritos RF Nacho Cheese(Each),0,0,0,0,0,0,0,$0.00,0,0.00%,$0.00,$0.00,0,0.00%,$0.00,$0.00,,,,
Key Middle,5/23/2025,30113,Cool Ranch Reduced Fat Doritos(Each),0,0,0,0,0,0,0,$0.00,0,0.00%,$0.00,$0.00,0,0.00%,$0.00,$0.00,,,,
Key Middle,5/23/2025,30114,SS Baked Cheetos Flaming Hot(Each),0,0,0,0,0,0,0,$0.00,0,0.00%,$0.00,$0.00,0,0.00%,$0.00,$0.00,,,,
Key Middle,5/23/2025,30115,SS Baked Cheetos Flaming Limon(Each),0,0,0,0,0,0,0,$0.00,0,0.00%,$0.00,$0.00,0,0.00%,$0.00,$0.00,,,,
Key Middle,5/23/2025,30116,SS Cheetos Fantastix Flaming Hot(Each),0,0,0,40,39,0,39,$15.21,1,2.50%,$0.39,$15.60,0,0.00%,$0.00,$15.60,,,,
Key Middle,5/23/2025,30117,WG Baked Funyuns(Each),0,0,0,0,0,0,0,$0.00,0,0.00%,$0.00,$0.00,0,0.00%,$0.00,$0.00,,,,
Key Middle,5/23/2025,30118,Kettle Cooked Smoky BBQ Chips(Each),0,0,0,0,0,0,0,$0.00,0,0.00%,$0.00,$0.00,0,0.00%,$0.00,$0.00,,,,
Key Middle,5/23/2025,30119,RF Kettle Chips Jalapeno & Cheddar Chips(Each),0,0,0,0,0,0,0,$0.00,0,0.00%,$0.00,$0.00,0,0.00%,$0.00,$0.00,,,,
Key Middle,5/23/2025,30120,RF Kettle Chips Sea Salt & Vinegar Chips(Each),0,0,0,0,0,0,0,$0.00,0,0.00%,$0.00,$0.00,0,0.00%,$0.00,$0.00,,,,
Key Middle,5/23/2025,30121,Kellogg’s W/G Rice Krispies Treats(Each),0,0,0,20,20,0,20,$14.80,0,0.00%,$0.00,$14.80,0,0.00%,$0.00,$14.80,,,,
Key Middle,5/23/2025,30124,"Fruit Snacks, Welch's Mixed(Each)",0,0,0,10,4,0,4,$1.60,0,0.00%,$0.00,$1.60,6,60.00%,$2.40,$4.00,,,,
Key Middle,5/23/2025,30160,Lay's RF Kettle Original Chips(Each),0,0,0,0,0,0,0,$0.00,0,0.00%,$0.00,$0.00,0,0.00%,$0.00,$0.00,,,,
Key Middle,5/23/2025,60020,"Quesadilla, Turkey Barbacoa and Cheese(Quesadilla)",0,0,0,49,48,0,48,$58.56,1,2.04%,$1.22,$59.78,0,0.00%,$0.00,$59.78,,,,
Key Middle,5/23/2025,60035,PB&J Power Pack(Power Packs),44,0,44,35,31,0,31,$33.48,0,0.00%,$0.00,$33.48,4,11.43%,$4.32,$37.80,,,,
Key Middle,5/23/2025,60036,Cherry Vanilla Yogurt Power Pack(Power Packs),4,0,4,5,5,0,5,$4.00,0,0.00%,$0.00,$4.00,0,0.00%,$0.00,$4.00,,,,
Key Middle,5/23/2025,60037,Strawberry & Banana Yogurt Power Pack(Power Packs),7,0,7,5,5,0,5,$4.00,0,0.00%,$0.00,$4.00,0,0.00%,$0.00,$4.00,,,,
Key Middle,5/23/2025,60038,Peach Yogurt Power Pack(Power Packs),3,0,3,5,1,0,1,$0.80,0,0.00%,$0.00,$0.80,4,80.00%,$3.20,$4.00,,,,
Key Middle,5/23/2025,60041,Turkey Pepperoni Pizza(Slice),168,0,168,158,157,0,157,$106.76,1,0.63%,$0.68,$107.44,0,0.00%,$0.00,$107.44,,,,
Key Middle,5/23/2025,60063,Chicken & Vegetable Dumplings(6 dumplings),0,0,0,17,15,0,15,$0.00,2,11.76%,$0.00,$0.00,0,0.00%,$0.00,$0.00,,,,
Key Middle,5/23/2025,60075,Spicy Chicken Wrap(Wrap),18,0,18,18,17,0,17,$19.89,1,5.56%,$1.17,$21.06,0,0.00%,$0.00,$21.06,,,,
Key Middle,5/23/2025,60077,Manager's Vegetable Choice(1/4 cup),157,0,157,96,92,0,92,$0.00,0,0.00%,$0.00,$0.00,4,4.17%,$0.00,$0.00,,,,
Key Middle,5/23/2025,60101,Chickpeas - salad bar entree(1/2 cup),1,0,1,0,0,0,0,$0.00,0,0.00%,$0.00,$0.00,0,0.00%,$0.00,$0.00,,,,
Kilmer Middle,5/23/2025,10011,Sweet Thai Chili Sauce(ounce),0,0,0,60,50,0,50,$7.00,10,16.67%,$1.40,$8.40,0,0.00%,$0.00,$8.40,,,,
Kilmer Middle,5/23/2025,10026,Chickenless Bites(2 Bites),0,0,0,50,41,9,50,$18.00,0,0.00%,$0.00,$18.00,0,0.00%,$0.00,$18.00,,,,
Kilmer Middle,5/23/2025,10033,Chocolate Chip Cookie(Cookie),420,0,420,430,428,0,428,$115.56,2,0.47%,$0.54,$116.10,0,0.00%,$0.00,$116.10,,,,
Kilmer Middle,5/23/2025,10044,Soft Pretzel(1 pretzel),1,0,1,33,27,0,27,$5.94,3,9.09%,$0.66,$6.60,3,9.09%,$0.66,$7.26,,,,
Kilmer Middle,5/23/2025,10062,Corn(1/2 cup (cooked)),0,0,0,75,73,0,73,$15.33,2,2.67%,$0.42,$15.75,0,0.00%,$0.00,$15.75,,,,
Kilmer Middle,5/23/2025,10073,Whole Strawberries(1/2 cup thawed),60,0,60,80,70,0,70,$23.80,0,0.00%,$0.00,$23.80,10,12.50%,$3.40,$27.20,,,,
Kilmer Middle,5/23/2025,10075,Cheese Pizza(Slice),123,8,131,170,148,20,168,$95.76,0,0.00%,$0.00,$95.76,2,1.18%,$1.14,$96.90,,,,
Kilmer Middle,5/23/2025,10099,"Green Beans, Frozen(1/2 cup)",0,0,0,45,45,0,45,$12.60,0,0.00%,$0.00,$12.60,0,0.00%,$0.00,$12.60,,,,
Kilmer Middle,5/23/2025,20001,1% White Milk(Each),40,0,40,10,10,0,10,$3.60,0,0.00%,$0.00,$3.60,0,0.00%,$0.00,$3.60,,,,
Kilmer Middle,5/23/2025,20002,Fat Free Chocolate Milk(Each),225,0,225,286,232,0,232,$81.20,0,0.00%,$0.00,$81.20,54,18.88%,$18.90,$100.10,,,,
Kilmer Middle,5/23/2025,20014,Red Delicious Apple(Each - serving),0,0,0,160,154,0,154,$50.82,0,0.00%,$0.00,$50.82,6,3.75%,$1.98,$52.80,,,,
Kilmer Middle,5/23/2025,20017,Orange(1/4 cup),0,0,0,30,30,0,30,$5.10,0,0.00%,$0.00,$5.10,0,0.00%,$0.00,$5.10,,,,
Kilmer Middle,5/23/2025,20028,Lettuce Blend Salad Mix(1/2 cup),203,0,203,240,233,0,233,$18.64,7,2.92%,$0.56,$19.20,0,0.00%,$0.00,$19.20,,,,
Kilmer Middle,5/23/2025,20038,Fat Free White Milk(Each),9,0,9,45,11,0,11,$3.63,0,0.00%,$0.00,$3.63,34,75.56%,$11.22,$14.85,,,,
Kilmer Middle,5/23/2025,30009,Orange Tangerine Juice(Each),10,0,10,10,4,0,4,$0.68,0,0.00%,$0.00,$0.68,6,60.00%,$1.02,$1.70,,,,
Kilmer Middle,5/23/2025,30033,Cheez-Its Crackers(Package),20,0,20,40,24,0,24,$4.32,0,0.00%,$0.00,$4.32,16,40.00%,$2.88,$7.20,,,,
Kilmer Middle,5/23/2025,30044,Strawberry Flavored Dried Cranberries(Each),213,0,213,210,204,0,204,$48.96,0,0.00%,$0.00,$48.96,6,2.86%,$1.44,$50.40,,,,
Kilmer Middle,5/23/2025,30061,Chilled Mandarin Oranges(1/4 cup (drained)),123,0,123,75,75,0,75,$12.75,0,0.00%,$0.00,$12.75,0,0.00%,$0.00,$12.75,,,,
Kilmer Middle,5/23/2025,30063,Ketchup Packet(Packet),364,0,364,400,300,0,300,$9.00,0,0.00%,$0.00,$9.00,100,25.00%,$3.00,$12.00,,,,
Kilmer Middle,5/23/2025,30064,Mayonnaise Packet(Packet),57,0,57,60,40,0,40,$4.00,0,0.00%,$0.00,$4.00,20,33.33%,$2.00,$6.00,,,,
Kilmer Middle,5/23/2025,30065,Mustard Packet(Packet),31,0,31,50,30,0,30,$1.50,0,0.00%,$0.00,$1.50,20,40.00%,$1.00,$2.50,,,,
Kilmer Middle,5/23/2025,30068,Chilled Peaches(1/2 cup (drained)),0,0,0,50,50,0,50,$25.50,0,0.00%,$0.00,$25.50,0,0.00%,$0.00,$25.50,,,,
Kilmer Middle,5/23/2025,30077,Italian Dressing(1 ounce),7,0,7,25,10,0,10,$0.80,0,0.00%,$0.00,$0.80,15,60.00%,$1.20,$2.00,,,,
Kilmer Middle,5/23/2025,30097,Bottled Water(Bottle),90,0,90,91,83,0,83,$13.28,0,0.00%,$0.00,$13.28,8,8.79%,$1.28,$14.56,,,,
Kilmer Middle,5/23/2025,30099,Chickpeas(1/4 cup),12,0,12,15,10,0,10,$0.90,5,33.33%,$0.45,$1.35,0,0.00%,$0.00,$1.35,,,,
Kilmer Middle,5/23/2025,30107,Ranch Dressing(1 ounce),152,0,152,200,160,0,160,$17.60,0,0.00%,$0.00,$17.60,40,20.00%,$4.40,$22.00,,,,
Kilmer Middle,5/23/2025,30124,"Fruit Snacks, Welch's Mixed(Each)",160,0,160,127,119,0,119,$47.60,0,0.00%,$0.00,$47.60,8,6.30%,$3.20,$50.80,,,,
Kilmer Middle,5/23/2025,60020,"Quesadilla, Turkey Barbacoa and Cheese(Quesadilla)",60,3,63,32,30,2,32,$39.04,0,0.00%,$0.00,$39.04,0,0.00%,$0.00,$39.04,,,,
Kilmer Middle,5/23/2025,60035,PB&J Power Pack(Power Packs),120,30,150,175,112,38,150,$162.00,0,0.00%,$0.00,$162.00,25,14.29%,$27.00,$189.00,,,,
Kilmer Middle,5/23/2025,60037,Strawberry & Banana Yogurt Power Pack(Power Packs),11,1,12,26,13,2,15,$12.00,0,0.00%,$0.00,$12.00,11,42.31%,$8.80,$20.80,,,,
Kilmer Middle,5/23/2025,60041,Turkey Pepperoni Pizza(Slice),133,8,141,140,116,24,140,$95.20,0,0.00%,$0.00,$95.20,0,0.00%,$0.00,$95.20,,,,
Kilmer Middle,5/23/2025,60064,Vegetable Dumpling(6 dumplings),0,0,0,16,16,0,16,$0.00,0,0.00%,$0.00,$0.00,0,0.00%,$0.00,$0.00,,,,
Kilmer Middle,5/23/2025,60075,Spicy Chicken Wrap(Wrap),14,0,14,10,9,1,10,$11.70,0,0.00%,$0.00,$11.70,0,0.00%,$0.00,$11.70,,,,
Kilmer Middle,5/23/2025,60101,Chickpeas - salad bar entree(1/2 cup),1,0,1,3,0,0,0,$0.00,0,0.00%,$0.00,$0.00,3,100.00%,$0.00,$0.00,,,,
Kilmer Middle,5/23/2025,60122,Asian Meatball Sub(sandwich),0,0,0,7,1,0,1,$1.78,6,85.71%,$10.68,$12.46,0,0.00%,$0.00,$12.46,,,,
Kings Glen Elementary,5/23/2025,10044,Soft Pretzel(1 pretzel),0,0,0,4,4,0,4,$0.88,0,0.00%,$0.00,$0.88,0,0.00%,$0.00,$0.88,,,,
Kings Glen Elementary,5/23/2025,10075,Cheese Pizza(Slice),86,0,86,114,90,23,113,$64.41,1,0.88%,$0.57,$64.98,0,0.00%,$0.00,$64.98,,,,
Kings Glen Elementary,5/23/2025,20001,1% White Milk(Each),21,0,21,50,24,0,24,$8.64,0,0.00%,$0.00,$8.64,26,52.00%,$9.36,$18.00,,,,
Kings Glen Elementary,5/23/2025,20002,Fat Free Chocolate Milk(Each),131,0,131,150,119,3,122,$42.70,0,0.00%,$0.00,$42.70,28,18.67%,$9.80,$52.50,,,,
Kings Glen Elementary,5/23/2025,20011,Cherry Tomatoes(1/4 cup),39,0,39,25,22,0,22,$8.14,0,0.00%,$0.00,$8.14,3,12.00%,$1.11,$9.25,,,,
Kings Glen Elementary,5/23/2025,20018,Red Seedless Grapes(8 grapes per 1/4 cup),109,0,109,120,115,0,115,$29.90,0,0.00%,$0.00,$29.90,5,4.17%,$1.30,$31.20,,,,
Kings Glen Elementary,5/23/2025,20028,Lettuce Blend Salad Mix(1/2 cup),79,0,79,89,84,0,84,$6.72,0,0.00%,$0.00,$6.72,5,5.62%,$0.40,$7.12,,,,
Kings Glen Elementary,5/23/2025,20038,Fat Free White Milk(Each),15,0,15,50,18,0,18,$5.94,0,0.00%,$0.00,$5.94,32,64.00%,$10.56,$16.50,,,,
Kings Glen Elementary,5/23/2025,30039,Cherry Flavored Dried Cranberries(Each),54,0,54,100,50,0,50,$12.00,0,0.00%,$0.00,$12.00,50,50.00%,$12.00,$24.00,,,,
Kings Glen Elementary,5/23/2025,30061,Chilled Mandarin Oranges(1/4 cup (drained)),58,0,58,60,50,0,50,$8.50,0,0.00%,$0.00,$8.50,10,16.67%,$1.70,$10.20,,,,
Kings Glen Elementary,5/23/2025,30097,Bottled Water(Bottle),0,0,0,48,48,0,48,$7.68,0,0.00%,$0.00,$7.68,0,0.00%,$0.00,$7.68,,,,
Kings Glen Elementary,5/23/2025,30099,Chickpeas(1/4 cup),38,0,38,20,17,0,17,$1.53,0,0.00%,$0.00,$1.53,3,15.00%,$0.27,$1.80,,,,
Kings Glen Elementary,5/23/2025,30107,Ranch Dressing(1 ounce),35,0,35,50,40,0,40,$4.40,0,0.00%,$0.00,$4.40,10,20.00%,$1.10,$5.50,,,,
Kings Glen Elementary,5/23/2025,60035,PB&J Power Pack(Power Packs),31,0,31,35,33,0,33,$35.64,0,0.00%,$0.00,$35.64,2,5.71%,$2.16,$37.80,,,,
Kings Glen Elementary,5/23/2025,60036,Cherry Vanilla Yogurt Power Pack(Power Packs),11,0,11,20,10,0,10,$8.00,0,0.00%,$0.00,$8.00,10,50.00%,$8.00,$16.00,,,,
Kings Glen Elementary,5/23/2025,60041,Turkey Pepperoni Pizza(Slice),93,0,93,120,90,27,117,$79.56,3,2.50%,$2.04,$81.60,0,0.00%,$0.00,$81.60,,,,
Kings Glen Elementary,5/23/2025,60077,Manager's Vegetable Choice(1/4 cup),43,0,43,50,44,0,44,$0.00,0,0.00%,$0.00,$0.00,6,12.00%,$0.00,$0.00,,,,
Kings Glen Elementary,5/23/2025,60124,Nachos with Cheese Sauce(Serving),0,0,0,23,23,0,23,$17.71,0,0.00%,$0.00,$17.71,0,0.00%,$0.00,$17.71,,,,
Kings Park Elementary,5/23/2025,10044,Soft Pretzel(1 pretzel),26,0,26,85,73,0,73,$16.06,0,0.00%,$0.00,$16.06,12,14.12%,$2.64,$18.70,,,,
Kings Park Elementary,5/23/2025,10075,Cheese Pizza(Slice),11,0,11,10,10,0,10,$5.70,0,0.00%,$0.00,$5.70,0,0.00%,$0.00,$5.70,,,,
Kings Park Elementary,5/23/2025,20001,1% White Milk(Each),66,0,66,308,102,5,107,$38.52,0,0.00%,$0.00,$38.52,201,65.26%,$72.36,$110.88,,,,
Kings Park Elementary,5/23/2025,20002,Fat Free Chocolate Milk(Each),209,0,209,350,272,8,280,$98.00,0,0.00%,$0.00,$98.00,70,20.00%,$24.50,$122.50,,,,
Kings Park Elementary,5/23/2025,20011,Cherry Tomatoes(1/4 cup),97,0,97,72,72,0,72,$26.64,0,0.00%,$0.00,$26.64,0,0.00%,$0.00,$26.64,,,,
Kings Park Elementary,5/23/2025,20023,Baby Carrots(3 baby carrots per 1/4 cup),0,0,0,48,48,0,48,$4.32,0,0.00%,$0.00,$4.32,0,0.00%,$0.00,$4.32,,,,
Kings Park Elementary,5/23/2025,20027,Broccoli Florets(1/4 cup),0,0,0,84,42,0,42,$3.36,0,0.00%,$0.00,$3.36,42,50.00%,$3.36,$6.72,,,,
Kings Park Elementary,5/23/2025,20028,Lettuce Blend Salad Mix(1/2 cup),121,0,121,120,120,0,120,$9.60,0,0.00%,$0.00,$9.60,0,0.00%,$0.00,$9.60,,,,
Kings Park Elementary,5/23/2025,20031,Banana(Each),17,0,17,145,145,0,145,$30.45,0,0.00%,$0.00,$30.45,0,0.00%,$0.00,$30.45,,,,
Kings Park Elementary,5/23/2025,20038,Fat Free White Milk(Each),20,0,20,79,23,0,23,$7.59,0,0.00%,$0.00,$7.59,56,70.89%,$18.48,$26.07,,,,
Kings Park Elementary,5/23/2025,20047,Orange Slices(3 slices per 1/4 cup),0,0,0,34,34,0,34,$6.80,0,0.00%,$0.00,$6.80,0,0.00%,$0.00,$6.80,,,,
Kings Park Elementary,5/23/2025,20074,"Apple Slices(3 slices, 1/4 cup)",0,0,0,512,512,0,512,$92.16,0,0.00%,$0.00,$92.16,0,0.00%,$0.00,$92.16,,,,
Kings Park Elementary,5/23/2025,30024,Black Beans(1/2 Cup),31,0,31,33,32,1,33,$5.61,0,0.00%,$0.00,$5.61,0,0.00%,$0.00,$5.61,,,,
Kings Park Elementary,5/23/2025,30033,Cheez-Its Crackers(Package),16,0,16,16,16,0,16,$2.88,0,0.00%,$0.00,$2.88,0,0.00%,$0.00,$2.88,,,,
Kings Park Elementary,5/23/2025,30044,Strawberry Flavored Dried Cranberries(Each),59,0,59,110,105,1,106,$25.44,0,0.00%,$0.00,$25.44,4,3.64%,$0.96,$26.40,,,,
Kings Park Elementary,5/23/2025,30061,Chilled Mandarin Oranges(1/2 cup (drained)),31,0,31,33,32,1,33,$11.22,0,0.00%,$0.00,$11.22,0,0.00%,$0.00,$11.22,,,,
Kings Park Elementary,5/23/2025,30061,Chilled Mandarin Oranges(1/4 cup (drained)),75,0,75,25,25,0,25,$4.25,0,0.00%,$0.00,$4.25,0,0.00%,$0.00,$4.25,,,,
Kings Park Elementary,5/23/2025,30064,Mayonnaise Packet(Packet),0,0,0,160,135,0,135,$13.50,0,0.00%,$0.00,$13.50,25,15.63%,$2.50,$16.00,,,,
Kings Park Elementary,5/23/2025,30065,Mustard Packet(Packet),0,0,0,70,60,0,60,$3.00,0,0.00%,$0.00,$3.00,10,14.29%,$0.50,$3.50,,,,
Kings Park Elementary,5/23/2025,30077,Italian Dressing(1 ounce),12,0,12,24,12,0,12,$0.96,0,0.00%,$0.00,$0.96,12,50.00%,$0.96,$1.92,,,,
Kings Park Elementary,5/23/2025,30099,Chickpeas(1/4 cup),23,0,23,33,33,0,33,$2.97,0,0.00%,$0.00,$2.97,0,0.00%,$0.00,$2.97,,,,
Kings Park Elementary,5/23/2025,30107,Ranch Dressing(1 ounce),36,0,36,48,36,0,36,$3.96,0,0.00%,$0.00,$3.96,12,25.00%,$1.32,$5.28,,,,
Kings Park Elementary,5/23/2025,60035,PB&J Power Pack(Power Packs),79,0,79,72,70,0,70,$75.60,0,0.00%,$0.00,$75.60,2,2.78%,$2.16,$77.76,,,,
Kings Park Elementary,5/23/2025,60036,Cherry Vanilla Yogurt Power Pack(Power Packs),20,0,20,21,17,0,17,$13.60,0,0.00%,$0.00,$13.60,4,19.05%,$3.20,$16.80,,,,
Kings Park Elementary,5/23/2025,60037,Strawberry & Banana Yogurt Power Pack(Power Packs),14,0,14,18,14,0,14,$11.20,0,0.00%,$0.00,$11.20,4,22.22%,$3.20,$14.40,,,,
Kings Park Elementary,5/23/2025,60041,Turkey Pepperoni Pizza(Slice),101,0,101,123,108,0,108,$73.44,0,0.00%,$0.00,$73.44,15,12.20%,$10.20,$83.64,,,,
Kings Park Elementary,5/23/2025,60077,Manager's Vegetable Choice(1/4 cup),16,0,16,15,15,0,15,$0.00,0,0.00%,$0.00,$0.00,0,0.00%,$0.00,$0.00,,,,
Kings Park Elementary,5/23/2025,60080,Cheese Pizza(Slice),184,0,184,200,183,1,184,$104.88,0,0.00%,$0.00,$104.88,16,8.00%,$9.12,$114.00,,,,
Kings Park Elementary,5/23/2025,60101,Chickpeas - salad bar entree(1/2 cup),3,0,3,1,1,0,1,$0.18,0,0.00%,$0.00,$0.18,0,0.00%,$0.00,$0.18,,,,
Kings Park Elementary,5/23/2025,60120,Asian Veggie Sub(sandwich),0,0,0,7,7,0,7,$13.23,0,0.00%,$0.00,$13.23,0,0.00%,$0.00,$13.23,,,,
Lake Anne Elementary,5/23/2025,10033,Chocolate Chip Cookie(1/2 Cookie),150,0,150,0,0,0,0,$0.00,0,0.00%,$0.00,$0.00,0,0.00%,$0.00,$0.00,,,,
Lake Anne Elementary,5/23/2025,10044,Soft Pretzel(1 pretzel),30,0,30,12,11,0,11,$2.42,1,8.33%,$0.22,$2.64,0,0.00%,$0.00,$2.64,,,,
Lake Anne Elementary,5/23/2025,10062,Corn(1/2 cup (cooked)),0,0,0,64,14,0,14,$2.94,0,0.00%,$0.00,$2.94,50,78.13%,$10.50,$13.44,,,,
Lake Anne Elementary,5/23/2025,10075,Cheese Pizza(Slice),4,0,4,3,3,0,3,$1.71,0,0.00%,$0.00,$1.71,0,0.00%,$0.00,$1.71,,,,
Lake Anne Elementary,5/23/2025,20001,1% White Milk(Each),81,0,81,69,55,0,55,$19.80,0,0.00%,$0.00,$19.80,14,20.29%,$5.04,$24.84,,,,
Lake Anne Elementary,5/23/2025,20002,Fat Free Chocolate Milk(Each),275,0,275,260,231,0,231,$80.85,0,0.00%,$0.00,$80.85,29,11.15%,$10.15,$91.00,,,,
Lake Anne Elementary,5/23/2025,20008,Apple Slices(3 slices per 1/4 cup),0,0,0,174,171,0,171,$100.89,3,1.72%,$1.77,$102.66,0,0.00%,$0.00,$102.66,,,,
Lake Anne Elementary,5/23/2025,20011,Cherry Tomatoes(1/4 cup),80,0,80,36,34,0,34,$12.58,2,5.56%,$0.74,$13.32,0,0.00%,$0.00,$13.32,,,,
Lake Anne Elementary,5/23/2025,20015,Golden Delicious Apple(Each),0,0,0,85,57,0,57,$17.67,0,0.00%,$0.00,$17.67,28,32.94%,$8.68,$26.35,,,,
Lake Anne Elementary,5/23/2025,20016,String Cheese(Each),15,0,15,10,0,0,0,$0.00,0,0.00%,$0.00,$0.00,10,100.00%,$0.00,$0.00,,,,
Lake Anne Elementary,5/23/2025,20018,Red Seedless Grapes(8 grapes per 1/4 cup),220,0,220,253,248,0,248,$64.48,5,1.98%,$1.30,$65.78,0,0.00%,$0.00,$65.78,,,,
Lake Anne Elementary,5/23/2025,20028,Lettuce Blend Salad Mix(1/2 cup),100,0,100,80,72,0,72,$5.76,8,10.00%,$0.64,$6.40,0,0.00%,$0.00,$6.40,,,,
Lake Anne Elementary,5/23/2025,20038,Fat Free White Milk(Each),61,0,61,51,17,0,17,$5.61,0,0.00%,$0.00,$5.61,34,66.67%,$11.22,$16.83,,,,
Lake Anne Elementary,5/23/2025,20052,Assorted  4 oz Yogurt(Container),15,0,15,10,0,0,0,$0.00,0,0.00%,$0.00,$0.00,10,100.00%,$0.00,$0.00,,,,
Lake Anne Elementary,5/23/2025,30008,Apple Juice(Each),50,0,50,30,25,0,25,$4.25,0,0.00%,$0.00,$4.25,5,16.67%,$0.85,$5.10,,,,
Lake Anne Elementary,5/23/2025,30009,Orange Tangerine Juice(Each),50,0,50,20,16,0,16,$2.72,0,0.00%,$0.00,$2.72,4,20.00%,$0.68,$3.40,,,,
Lake Anne Elementary,5/23/2025,30024,Black Beans(1/2 Cup),25,0,25,24,24,0,24,$4.08,0,0.00%,$0.00,$4.08,0,0.00%,$0.00,$4.08,,,,
Lake Anne Elementary,5/23/2025,30031,Strawberry Chex Mix(Package),0,0,0,10,3,0,3,$1.35,0,0.00%,$0.00,$1.35,7,70.00%,$3.15,$4.50,,,,
Lake Anne Elementary,5/23/2025,30034,Graham Crackers(Package),1,0,1,18,18,0,18,$2.52,0,0.00%,$0.00,$2.52,0,0.00%,$0.00,$2.52,,,,
Lake Anne Elementary,5/23/2025,30039,Cherry Flavored Dried Cranberries(Each),0,0,0,40,35,0,35,$8.40,0,0.00%,$0.00,$8.40,5,12.50%,$1.20,$9.60,,,,
Lake Anne Elementary,5/23/2025,30041,Orange Flavored Dried Cranberries(Each),23,0,23,0,0,0,0,$0.00,0,0.00%,$0.00,$0.00,0,0.00%,$0.00,$0.00,,,,
Lake Anne Elementary,5/23/2025,30042,Original Flavored Dried Cranberries(Package),0,0,0,0,0,0,0,$0.00,0,0.00%,$0.00,$0.00,0,0.00%,$0.00,$0.00,,,,
Lake Anne Elementary,5/23/2025,30043,Raspberry Lemonade Flavored Dried Cranberries(Each),12,0,12,0,0,0,0,$0.00,0,0.00%,$0.00,$0.00,0,0.00%,$0.00,$0.00,,,,
Lake Anne Elementary,5/23/2025,30044,Strawberry Flavored Dried Cranberries(Each),0,0,0,0,0,0,0,$0.00,0,0.00%,$0.00,$0.00,0,0.00%,$0.00,$0.00,,,,
Lake Anne Elementary,5/23/2025,30045,Watermelon Flavored Dried Cranberries(Each),0,0,0,0,0,0,0,$0.00,0,0.00%,$0.00,$0.00,0,0.00%,$0.00,$0.00,,,,
Lake Anne Elementary,5/23/2025,30048,Apple Cinnamon Spread(Each),0,0,0,18,18,0,18,$8.10,0,0.00%,$0.00,$8.10,0,0.00%,$0.00,$8.10,,,,
Lake Anne Elementary,5/23/2025,30061,Chilled Mandarin Oranges(1/2 cup (drained)),26,0,26,24,24,0,24,$8.16,0,0.00%,$0.00,$8.16,0,0.00%,$0.00,$8.16,,,,
Lake Anne Elementary,5/23/2025,30061,Chilled Mandarin Oranges(1/4 cup (drained)),167,0,167,126,124,0,124,$21.08,2,1.59%,$0.34,$21.42,0,0.00%,$0.00,$21.42,,,,
Lake Anne Elementary,5/23/2025,30077,Italian Dressing(1 ounce),30,0,30,24,14,0,14,$1.12,10,41.67%,$0.80,$1.92,0,0.00%,$0.00,$1.92,,,,
Lake Anne Elementary,5/23/2025,30094,Doritos Wild White Nacho Flavored Tortilla Chips(Bag),80,0,80,0,0,0,0,$0.00,0,0.00%,$0.00,$0.00,0,0.00%,$0.00,$0.00,,,,
Lake Anne Elementary,5/23/2025,30097,Bottled Water(Bottle),30,0,30,20,19,0,19,$3.04,0,0.00%,$0.00,$3.04,1,5.00%,$0.16,$3.20,,,,
Lake Anne Elementary,5/23/2025,30099,Chickpeas(1/4 cup),30,0,30,25,15,0,15,$1.35,10,40.00%,$0.90,$2.25,0,0.00%,$0.00,$2.25,,,,
Lake Anne Elementary,5/23/2025,30103,"Milk, Lactose Free,  Fat Free, Shelf-Stable(Each)",2,0,2,2,2,0,2,$0.96,0,0.00%,$0.00,$0.96,0,0.00%,$0.00,$0.96,,,,
Lake Anne Elementary,5/23/2025,30107,Ranch Dressing(1 ounce),50,0,50,48,46,0,46,$5.06,2,4.17%,$0.22,$5.28,0,0.00%,$0.00,$5.28,,,,
Lake Anne Elementary,5/23/2025,30109,Smartfood RF White Cheddar Popcorn(Each),0,0,0,50,41,0,41,$15.17,0,0.00%,$0.00,$15.17,9,18.00%,$3.33,$18.50,,,,
Lake Anne Elementary,5/23/2025,30188,"Milk, Soy, Plain, Bulk (12/32 oz)(1 cup)",1,0,1,1,1,0,1,$0.79,0,0.00%,$0.00,$0.79,0,0.00%,$0.00,$0.79,,,,
Lake Anne Elementary,5/23/2025,60021,Cooked  Brown Rice(1 cup cooked),0,0,0,1,1,0,1,$0.11,0,0.00%,$0.00,$0.11,0,0.00%,$0.00,$0.11,,,,
Lake Anne Elementary,5/23/2025,60035,PB&J Power Pack(Power Packs),80,0,80,50,42,0,42,$45.36,0,0.00%,$0.00,$45.36,8,16.00%,$8.64,$54.00,,,,
Lake Anne Elementary,5/23/2025,60036,Cherry Vanilla Yogurt Power Pack(Power Packs),22,0,22,20,12,0,12,$9.60,0,0.00%,$0.00,$9.60,8,40.00%,$6.40,$16.00,,,,
Lake Anne Elementary,5/23/2025,60037,Strawberry & Banana Yogurt Power Pack(Power Packs),20,0,20,20,12,0,12,$9.60,0,0.00%,$0.00,$9.60,8,40.00%,$6.40,$16.00,,,,
Lake Anne Elementary,5/23/2025,60038,Peach Yogurt Power Pack(Power Packs),15,0,15,10,0,0,0,$0.00,0,0.00%,$0.00,$0.00,10,100.00%,$0.00,$0.00,,,,
Lake Anne Elementary,5/23/2025,60041,Turkey Pepperoni Pizza(Slice),172,0,172,106,99,3,102,$69.36,4,3.77%,$2.72,$72.08,0,0.00%,$0.00,$72.08,,,,
Lake Anne Elementary,5/23/2025,60060,Hamburger(Sandwich),0,0,0,1,1,0,1,$0.67,0,0.00%,$0.00,$0.67,0,0.00%,$0.00,$0.67,,,,
Lake Anne Elementary,5/23/2025,60077,Manager's Vegetable Choice(1/4 cup),0,0,0,72,70,0,70,$0.00,2,2.78%,$0.00,$0.00,0,0.00%,$0.00,$0.00,,,,
Lake Anne Elementary,5/23/2025,60080,Cheese Pizza(Slice),208,0,208,214,208,3,211,$120.27,3,1.40%,$1.71,$121.98,0,0.00%,$0.00,$121.98,,,,
Lake Anne Elementary,5/23/2025,60101,Chickpeas - salad bar entree(1/2 cup),0,0,0,0,0,0,0,$0.00,0,0.00%,$0.00,$0.00,0,0.00%,$0.00,$0.00,,,,
Lake Braddock Secondary,5/23/2025,10013,"Patty, Chicken, Spicy, Breaded(2 strips)",0,0,0,90,71,16,87,$31.32,0,0.00%,$0.00,$31.32,3,3.33%,$1.08,$32.40,,,,
Lake Braddock Secondary,5/23/2025,10015,Baked Cheese Sticks(2 Cheese Sticks),0,0,0,500,414,80,494,$326.04,1,0.20%,$0.66,$326.70,5,1.00%,$3.30,$330.00,,,,
Lake Braddock Secondary,5/23/2025,10026,Chickenless Bites(2 Bites),0,0,0,70,44,22,66,$23.76,1,1.43%,$0.36,$24.12,3,4.29%,$1.08,$25.20,,,,
Lake Braddock Secondary,5/23/2025,10033,Chocolate Chip Cookie(Cookie),0,0,0,600,0,581,581,$0.00,0,0.00%,$0.00,$0.00,19,3.17%,$0.00,$0.00,,,,
Lake Braddock Secondary,5/23/2025,10044,Soft Pretzel(1 pretzel),13,0,13,16,7,6,13,$2.86,0,0.00%,$0.00,$2.86,3,18.75%,$0.66,$3.52,,,,
Lake Braddock Secondary,5/23/2025,10051,"Turkey,  Breast, Pre-Sliced, Oven Roasted(3 Slices)",22,0,22,20,10,3,13,$7.02,0,0.00%,$0.00,$7.02,7,35.00%,$3.78,$10.80,,,,
Lake Braddock Secondary,5/23/2025,10062,Corn(2 Tablespoons (thawed)),18,0,18,30,15,3,18,$0.90,0,0.00%,$0.00,$0.90,12,40.00%,$0.60,$1.50,,,,
Lake Braddock Secondary,5/23/2025,10069,Bean and Cheese Pupusa(Pupusa),0,0,0,25,19,6,25,$37.50,0,0.00%,$0.00,$37.50,0,0.00%,$0.00,$37.50,,,,
Lake Braddock Secondary,5/23/2025,10070,Orange Sauce(ounce),0,0,0,50,27,13,40,$5.60,1,2.00%,$0.14,$5.74,9,18.00%,$1.26,$7.00,,,,
Lake Braddock Secondary,5/23/2025,10075,Cheese Pizza(Slice),268,46,314,64,57,3,60,$34.20,1,1.56%,$0.57,$34.77,3,4.69%,$1.71,$36.48,,,,
Lake Braddock Secondary,5/23/2025,20001,1% White Milk(Each),105,2,107,128,95,2,97,$34.92,0,0.00%,$0.00,$34.92,31,24.22%,$11.16,$46.08,,,,
Lake Braddock Secondary,5/23/2025,20002,Fat Free Chocolate Milk(Each),789,11,800,706,619,10,629,$220.15,0,0.00%,$0.00,$220.15,77,10.91%,$26.95,$247.10,,,,
Lake Braddock Secondary,5/23/2025,20006,"Cheese, Shredded, Cheddar(1/4 cup)",100,0,100,110,81,19,100,$17.00,0,0.00%,$0.00,$17.00,10,9.09%,$1.70,$18.70,,,,
Lake Braddock Secondary,5/23/2025,20011,Cherry Tomatoes(6 Tomatoes per 1/2 cup),95,23,118,50,25,22,47,$34.78,0,0.00%,$0.00,$34.78,3,6.00%,$2.22,$37.00,,,,
Lake Braddock Secondary,5/23/2025,20012,Grape Tomatoes(6 Tomatoes per 1/2 cup),0,0,0,54,40,3,43,$22.36,0,0.00%,$0.00,$22.36,11,20.37%,$5.72,$28.08,,,,
Lake Braddock Secondary,5/23/2025,20014,Red Delicious Apple(Each - serving),0,0,0,185,172,3,175,$57.75,4,2.16%,$1.32,$59.07,6,3.24%,$1.98,$61.05,,,,
Lake Braddock Secondary,5/23/2025,20016,String Cheese(Each),0,0,0,10,0,0,0,$0.00,0,0.00%,$0.00,$0.00,10,100.00%,$0.00,$0.00,,,,
Lake Braddock Secondary,5/23/2025,20018,Red Seedless Grapes(16 grapes per 1/2 cup),0,0,0,260,244,3,247,$125.97,0,0.00%,$0.00,$125.97,13,5.00%,$6.63,$132.60,,,,
Lake Braddock Secondary,5/23/2025,20018,Red Seedless Grapes(8 grapes per 1/4 cup),192,25,217,320,295,25,320,$83.20,0,0.00%,$0.00,$83.20,0,0.00%,$0.00,$83.20,,,,
Lake Braddock Secondary,5/23/2025,20023,Baby Carrots(6 Baby Carrots per 1/2 cup),0,0,0,246,191,28,219,$37.23,0,0.00%,$0.00,$37.23,27,10.98%,$4.59,$41.82,,,,
Lake Braddock Secondary,5/23/2025,20027,Broccoli Florets(6 Pieces per 1/2 cup),0,0,0,100,70,24,94,$14.10,0,0.00%,$0.00,$14.10,6,6.00%,$0.90,$15.00,,,,
Lake Braddock Secondary,5/23/2025,20028,Lettuce Blend Salad Mix(1/2 cup),410,24,434,440,393,28,421,$33.68,0,0.00%,$0.00,$33.68,19,4.32%,$1.52,$35.20,,,,
Lake Braddock Secondary,5/23/2025,20031,Banana(Each),34,0,34,155,130,25,155,$32.55,0,0.00%,$0.00,$32.55,0,0.00%,$0.00,$32.55,,,,
Lake Braddock Secondary,5/23/2025,20035,"Onions, Red, Whole(1/4 cup (sliced))",88,0,88,110,91,3,94,$6.58,0,0.00%,$0.00,$6.58,16,14.55%,$1.12,$7.70,,,,
Lake Braddock Secondary,5/23/2025,20036,Celery Sticks(1/2 cup),0,0,0,36,22,3,25,$13.75,0,0.00%,$0.00,$13.75,11,30.56%,$6.05,$19.80,,,,
Lake Braddock Secondary,5/23/2025,20038,Fat Free White Milk(Each),63,3,66,115,58,0,58,$19.14,0,0.00%,$0.00,$19.14,57,49.57%,$18.81,$37.95,,,,
Lake Braddock Secondary,5/23/2025,20047,Orange Slices(6 Slices per 1/2 cup),0,0,0,275,215,25,240,$96.00,2,0.73%,$0.80,$96.80,33,12.00%,$13.20,$110.00,,,,
Lake Braddock Secondary,5/23/2025,20052,Assorted  4 oz Yogurt(Container),0,0,0,10,0,0,0,$0.00,0,0.00%,$0.00,$0.00,10,100.00%,$0.00,$0.00,,,,
Lake Braddock Secondary,5/23/2025,20076,"Peppers, green, pre-sliced(1/4 cup sliced)",17,0,17,24,19,3,22,$3.30,0,0.00%,$0.00,$3.30,2,8.33%,$0.30,$3.60,,,,
Lake Braddock Secondary,5/23/2025,20077,"Peppers, red, pre-sliced(1/4 cup sliced)",17,0,17,24,15,3,18,$5.04,0,0.00%,$0.00,$5.04,6,25.00%,$1.68,$6.72,,,,
Lake Braddock Secondary,5/23/2025,30002,Sub Roll(Sub Roll),100,0,100,110,81,19,100,$31.00,0,0.00%,$0.00,$31.00,10,9.09%,$3.10,$34.10,,,,
Lake Braddock Secondary,5/23/2025,30008,Apple Juice(Each),0,0,0,100,0,98,98,$0.00,0,0.00%,$0.00,$0.00,2,2.00%,$0.00,$0.00,,,,
Lake Braddock Secondary,5/23/2025,30009,Orange Tangerine Juice(Each),0,0,0,50,0,38,38,$0.00,0,0.00%,$0.00,$0.00,12,24.00%,$0.00,$0.00,,,,
Lake Braddock Secondary,5/23/2025,30011,"Salsa, Mild Canned(1.5 oz)",123,0,123,120,82,22,104,$10.40,0,0.00%,$0.00,$10.40,16,13.33%,$1.60,$12.00,,,,
Lake Braddock Secondary,5/23/2025,30018,Marinara Sauce(1/2 cup),0,0,0,500,414,80,494,$143.26,1,0.20%,$0.29,$143.55,5,1.00%,$1.45,$145.00,,,,
Lake Braddock Secondary,5/23/2025,30033,Cheez-Its Crackers(Package),0,0,0,31,0,25,25,$0.00,0,0.00%,$0.00,$0.00,6,19.35%,$0.00,$0.00,,,,
Lake Braddock Secondary,5/23/2025,30039,Cherry Flavored Dried Cranberries(Each),25,0,25,20,16,0,16,$3.84,0,0.00%,$0.00,$3.84,4,20.00%,$0.96,$4.80,,,,
Lake Braddock Secondary,5/23/2025,30041,Orange Flavored Dried Cranberries(Each),45,0,45,110,98,0,98,$23.52,0,0.00%,$0.00,$23.52,12,10.91%,$2.88,$26.40,,,,
Lake Braddock Secondary,5/23/2025,30044,Strawberry Flavored Dried Cranberries(Each),142,0,142,202,184,0,184,$44.16,0,0.00%,$0.00,$44.16,18,8.91%,$4.32,$48.48,,,,
Lake Braddock Secondary,5/23/2025,30061,Chilled Mandarin Oranges(1/2 cup (drained)),485,17,502,870,811,28,839,$285.26,0,0.00%,$0.00,$285.26,31,3.56%,$10.54,$295.80,,,,
Lake Braddock Secondary,5/23/2025,30063,Ketchup Packet(Packet),974,0,974,1210,836,0,836,$25.08,0,0.00%,$0.00,$25.08,374,30.91%,$11.22,$36.30,,,,
Lake Braddock Secondary,5/23/2025,30064,Mayonnaise Packet(Packet),489,0,489,490,252,0,252,$25.20,0,0.00%,$0.00,$25.20,238,48.57%,$23.80,$49.00,,,,
Lake Braddock Secondary,5/23/2025,30065,Mustard Packet(Packet),184,0,184,535,152,0,152,$7.60,0,0.00%,$0.00,$7.60,383,71.59%,$19.15,$26.75,,,,
Lake Braddock Secondary,5/23/2025,30077,Italian Dressing(1 ounce),51,0,51,60,42,0,42,$3.36,0,0.00%,$0.00,$3.36,18,30.00%,$1.44,$4.80,,,,
Lake Braddock Secondary,5/23/2025,30097,Bottled Water(Bottle),0,0,0,120,0,113,113,$0.00,0,0.00%,$0.00,$0.00,7,5.83%,$0.00,$0.00,,,,
Lake Braddock Secondary,5/23/2025,30099,Chickpeas(1/4 cup),36,6,42,60,36,3,39,$3.51,0,0.00%,$0.00,$3.51,21,35.00%,$1.89,$5.40,,,,
Lake Braddock Secondary,5/23/2025,30107,Ranch Dressing(1 ounce),413,0,413,456,369,3,372,$40.92,0,0.00%,$0.00,$40.92,84,18.42%,$9.24,$50.16,,,,
Lake Braddock Secondary,5/23/2025,30110,Doritos Flamas(Each),0,0,0,84,0,65,65,$0.00,0,0.00%,$0.00,$0.00,19,22.62%,$0.00,$0.00,,,,
Lake Braddock Secondary,5/23/2025,30111,Doritos RF Spicy Sweet Chili(Each),0,0,0,54,0,40,40,$0.00,0,0.00%,$0.00,$0.00,14,25.93%,$0.00,$0.00,,,,
Lake Braddock Secondary,5/23/2025,30112,Doritos RF Nacho Cheese(Each),0,0,0,49,0,28,28,$0.00,0,0.00%,$0.00,$0.00,21,42.86%,$0.00,$0.00,,,,
Lake Braddock Secondary,5/23/2025,30113,Cool Ranch Reduced Fat Doritos(Each),0,0,0,43,0,36,36,$0.00,0,0.00%,$0.00,$0.00,7,16.28%,$0.00,$0.00,,,,
Lake Braddock Secondary,5/23/2025,30114,SS Baked Cheetos Flaming Hot(Each),0,0,0,65,0,51,51,$0.00,0,0.00%,$0.00,$0.00,14,21.54%,$0.00,$0.00,,,,
Lake Braddock Secondary,5/23/2025,30115,SS Baked Cheetos Flaming Limon(Each),0,0,0,59,0,32,32,$0.00,0,0.00%,$0.00,$0.00,27,45.76%,$0.00,$0.00,,,,
Lake Braddock Secondary,5/23/2025,30116,SS Cheetos Fantastix Flaming Hot(Each),0,0,0,38,0,25,25,$0.00,0,0.00%,$0.00,$0.00,13,34.21%,$0.00,$0.00,,,,
Lake Braddock Secondary,5/23/2025,30117,WG Baked Funyuns(Each),0,0,0,32,0,19,19,$0.00,0,0.00%,$0.00,$0.00,13,40.63%,$0.00,$0.00,,,,
Lake Braddock Secondary,5/23/2025,30118,Kettle Cooked Smoky BBQ Chips(Each),0,0,0,39,0,39,39,$0.00,0,0.00%,$0.00,$0.00,0,0.00%,$0.00,$0.00,,,,
Lake Braddock Secondary,5/23/2025,30119,RF Kettle Chips Jalapeno & Cheddar Chips(Each),0,0,0,107,0,98,98,$0.00,0,0.00%,$0.00,$0.00,9,8.41%,$0.00,$0.00,,,,
Lake Braddock Secondary,5/23/2025,30120,RF Kettle Chips Sea Salt & Vinegar Chips(Each),0,0,0,122,0,101,101,$0.00,0,0.00%,$0.00,$0.00,21,17.21%,$0.00,$0.00,,,,
Lake Braddock Secondary,5/23/2025,30121,Kellogg’s W/G Rice Krispies Treats(Each),0,0,0,130,59,0,59,$43.66,0,0.00%,$0.00,$43.66,0,0.00%,$0.00,$96.20,,,,
Lake Braddock Secondary,5/23/2025,30122,WG Chocolate Chip Rice Krispy Treats(Each),0,0,0,104,0,88,88,$0.00,0,0.00%,$0.00,$0.00,16,15.38%,$0.00,$0.00,,,,
Lake Braddock Secondary,5/23/2025,30124,"Fruit Snacks, Welch's Mixed(Each)",0,0,0,100,0,89,89,$0.00,0,0.00%,$0.00,$0.00,11,11.00%,$0.00,$0.00,,,,
Lake Braddock Secondary,5/23/2025,60007,Cheeseburger(Sandwich),0,0,0,478,363,81,444,$324.12,1,0.21%,$0.73,$324.85,33,6.90%,$24.09,$348.94,,,,
Lake Braddock Secondary,5/23/2025,60020,"Quesadilla, Turkey Barbacoa and Cheese(Quesadilla)",0,0,0,160,113,42,155,$189.10,1,0.63%,$1.22,$190.32,4,2.50%,$4.88,$195.20,,,,
Lake Braddock Secondary,5/23/2025,60035,PB&J Power Pack(Power Packs),259,0,259,220,192,25,217,$234.36,0,0.00%,$0.00,$234.36,3,1.36%,$3.24,$237.60,,,,
Lake Braddock Secondary,5/23/2025,60037,Strawberry & Banana Yogurt Power Pack(Power Packs),9,0,9,10,5,3,8,$6.40,0,0.00%,$0.00,$6.40,2,20.00%,$1.60,$8.00,,,,
Lake Braddock Secondary,5/23/2025,60064,Vegetable Dumpling(6 dumplings),0,0,0,50,27,13,40,$0.00,1,2.00%,$0.00,$0.00,9,18.00%,$0.00,$0.00,,,,
Lake Braddock Secondary,5/23/2025,60075,Spicy Chicken Wrap(Wrap),0,0,0,62,53,7,60,$70.20,0,0.00%,$0.00,$70.20,2,3.23%,$2.34,$72.54,,,,
Lake Braddock Secondary,5/23/2025,60101,Chickpeas - salad bar entree(1/2 cup),62,0,62,60,33,24,57,$10.26,0,0.00%,$0.00,$10.26,3,5.00%,$0.54,$10.80,,,,
Lake Braddock Secondary,5/23/2025,60122,Asian Meatball Sub(sandwich),0,0,0,41,37,4,41,$72.98,0,0.00%,$0.00,$72.98,0,0.00%,$0.00,$72.98,,,,
Lane Elementary,5/23/2025,10044,Soft Pretzel(1 pretzel),25,0,25,25,15,0,15,$3.30,0,0.00%,$0.00,$3.30,10,40.00%,$2.20,$5.50,,,,
Lane Elementary,5/23/2025,10075,Cheese Pizza(Slice),170,0,170,190,184,0,184,$104.88,3,1.58%,$1.71,$106.59,3,1.58%,$1.71,$108.30,,,,
Lane Elementary,5/23/2025,20001,1% White Milk(Each),60,0,60,60,41,0,41,$14.76,0,0.00%,$0.00,$14.76,19,31.67%,$6.84,$21.60,,,,
Lane Elementary,5/23/2025,20002,Fat Free Chocolate Milk(Each),200,0,200,200,179,0,179,$62.65,0,0.00%,$0.00,$62.65,21,10.50%,$7.35,$70.00,,,,
Lane Elementary,5/23/2025,20011,Cherry Tomatoes(1/4 cup),72,0,72,72,72,0,72,$26.64,0,0.00%,$0.00,$26.64,0,0.00%,$0.00,$26.64,,,,
Lane Elementary,5/23/2025,20016,String Cheese(Each),10,0,10,10,6,0,6,$1.32,0,0.00%,$0.00,$1.32,4,40.00%,$0.88,$2.20,,,,
Lane Elementary,5/23/2025,20023,Baby Carrots(3 baby carrots per 1/4 cup),48,0,48,96,96,0,96,$8.64,0,0.00%,$0.00,$8.64,0,0.00%,$0.00,$8.64,,,,
Lane Elementary,5/23/2025,20028,Lettuce Blend Salad Mix(1/2 cup),120,0,120,140,140,0,140,$11.20,0,0.00%,$0.00,$11.20,0,0.00%,$0.00,$11.20,,,,
Lane Elementary,5/23/2025,20031,Banana(Each),0,0,0,90,90,0,90,$18.90,0,0.00%,$0.00,$18.90,0,0.00%,$0.00,$18.90,,,,
Lane Elementary,5/23/2025,20036,Celery Sticks(1/2 cup),48,0,48,23,23,0,23,$12.65,0,0.00%,$0.00,$12.65,0,0.00%,$0.00,$12.65,,,,
Lane Elementary,5/23/2025,20038,Fat Free White Milk(Each),50,0,50,50,17,0,17,$5.61,0,0.00%,$0.00,$5.61,33,66.00%,$10.89,$16.50,,,,
Lane Elementary,5/23/2025,20047,Orange Slices(3 slices per 1/4 cup),0,0,0,238,204,0,204,$40.80,0,0.00%,$0.00,$40.80,34,14.29%,$6.80,$47.60,,,,
Lane Elementary,5/23/2025,20074,"Apple Slices(3 slices, 1/4 cup)",0,0,0,192,192,0,192,$34.56,0,0.00%,$0.00,$34.56,0,0.00%,$0.00,$34.56,,,,
Lane Elementary,5/23/2025,30008,Apple Juice(Each),20,0,20,20,14,0,14,$2.38,0,0.00%,$0.00,$2.38,6,30.00%,$1.02,$3.40,,,,
Lane Elementary,5/23/2025,30009,Orange Tangerine Juice(Each),20,0,20,20,10,0,10,$1.70,0,0.00%,$0.00,$1.70,10,50.00%,$1.70,$3.40,,,,
Lane Elementary,5/23/2025,30031,Strawberry Chex Mix(Package),0,0,0,15,8,0,8,$3.60,0,0.00%,$0.00,$3.60,7,46.67%,$3.15,$6.75,,,,
Lane Elementary,5/23/2025,30044,Strawberry Flavored Dried Cranberries(Each),50,0,50,50,35,0,35,$8.40,0,0.00%,$0.00,$8.40,15,30.00%,$3.60,$12.00,,,,
Lane Elementary,5/23/2025,30045,Watermelon Flavored Dried Cranberries(Each),50,0,50,50,25,0,25,$6.00,0,0.00%,$0.00,$6.00,25,50.00%,$6.00,$12.00,,,,
Lane Elementary,5/23/2025,30077,Italian Dressing(1 ounce),24,0,24,24,14,0,14,$1.12,0,0.00%,$0.00,$1.12,10,41.67%,$0.80,$1.92,,,,
Lane Elementary,5/23/2025,30097,Bottled Water(Bottle),35,0,35,35,25,0,25,$4.00,0,0.00%,$0.00,$4.00,10,28.57%,$1.60,$5.60,,,,
Lane Elementary,5/23/2025,30099,Chickpeas(1/4 cup),66,0,66,66,66,0,66,$5.94,0,0.00%,$0.00,$5.94,0,0.00%,$0.00,$5.94,,,,
Lane Elementary,5/23/2025,30107,Ranch Dressing(1 ounce),48,0,48,72,67,0,67,$7.37,0,0.00%,$0.00,$7.37,5,6.94%,$0.55,$7.92,,,,
Lane Elementary,5/23/2025,30109,Smartfood RF White Cheddar Popcorn(Each),0,0,0,72,56,0,56,$20.72,2,2.78%,$0.74,$21.46,14,19.44%,$5.18,$26.64,,,,
Lane Elementary,5/23/2025,60035,PB&J Power Pack(Power Packs),60,0,60,55,53,0,53,$57.24,0,0.00%,$0.00,$57.24,2,3.64%,$2.16,$59.40,,,,
Lane Elementary,5/23/2025,60038,Peach Yogurt Power Pack(Power Packs),25,0,25,20,10,0,10,$8.00,0,0.00%,$0.00,$8.00,10,50.00%,$8.00,$16.00,,,,
Lane Elementary,5/23/2025,60041,Turkey Pepperoni Pizza(Slice),80,0,80,80,73,0,73,$49.64,2,2.50%,$1.36,$51.00,5,6.25%,$3.40,$54.40,,,,
Lane Elementary,5/23/2025,60101,Chickpeas - salad bar entree(1/2 cup),5,0,5,5,0,0,0,$0.00,0,0.00%,$0.00,$0.00,5,100.00%,$0.00,$0.00,,,,
Lane Elementary,5/23/2025,60122,Asian Meatball Sub(sandwich),0,0,0,18,16,0,16,$28.48,2,11.11%,$3.56,$32.04,0,0.00%,$0.00,$32.04,,,,
Lane Elementary,5/23/2025,60150,Strawberry Parfait Power Pack(Power Pack),25,0,25,20,8,0,8,$13.04,0,0.00%,$0.00,$13.04,12,60.00%,$19.56,$32.60,,,,
Langley High,5/23/2025,10013,"Patty, Chicken, Spicy, Breaded(Patty)",0,0,0,65,44,16,60,$43.20,0,0.00%,$0.00,$43.20,5,7.69%,$3.60,$46.80,,,,
Langley High,5/23/2025,10015,Baked Cheese Sticks(2 Cheese Sticks),0,0,0,56,44,12,56,$36.96,0,0.00%,$0.00,$36.96,0,0.00%,$0.00,$36.96,,,,
Langley High,5/23/2025,10026,Chickenless Bites(2 Bites),0,0,0,25,24,1,25,$9.00,0,0.00%,$0.00,$9.00,0,0.00%,$0.00,$9.00,,,,
Langley High,5/23/2025,10033,Chocolate Chip Cookie(Cookie),0,0,0,341,334,0,334,$90.18,7,2.05%,$1.89,$92.07,0,0.00%,$0.00,$92.07,,,,
Langley High,5/23/2025,10044,Soft Pretzel(1 pretzel),8,0,8,45,41,0,41,$9.02,1,2.22%,$0.22,$9.24,3,6.67%,$0.66,$9.90,,,,
Langley High,5/23/2025,10049,"WG 10"" Flour Tortilla(Tortilla)",14,0,14,24,19,0,19,$6.65,0,0.00%,$0.00,$6.65,5,20.83%,$1.75,$8.40,,,,
Langley High,5/23/2025,10051,"Turkey,  Breast, Pre-Sliced, Oven Roasted(3 Slices)",1,0,1,3,1,1,2,$1.08,0,0.00%,$0.00,$1.08,1,33.33%,$0.54,$1.62,,,,
Langley High,5/23/2025,10062,Corn(2 Tablespoons (thawed)),35,0,35,23,20,0,20,$1.00,0,0.00%,$0.00,$1.00,3,13.04%,$0.15,$1.15,,,,
Langley High,5/23/2025,10070,Orange Sauce(ounce),0,0,0,15,10,4,14,$1.96,0,0.00%,$0.00,$1.96,1,6.67%,$0.14,$2.10,,,,
Langley High,5/23/2025,10073,Whole Strawberries(1/2 cup thawed),0,0,0,25,22,0,22,$7.48,0,0.00%,$0.00,$7.48,3,12.00%,$1.02,$8.50,,,,
Langley High,5/23/2025,10075,Cheese Pizza(Slice),48,0,48,40,31,2,33,$18.81,0,0.00%,$0.00,$18.81,7,17.50%,$3.99,$22.80,,,,
Langley High,5/23/2025,10084,"Chicken, Bites(4 Bites)",0,0,0,42,26,16,42,$34.86,0,0.00%,$0.00,$34.86,0,0.00%,$0.00,$34.86,,,,
Langley High,5/23/2025,20001,1% White Milk(Each),71,0,71,93,66,0,66,$23.76,0,0.00%,$0.00,$23.76,27,29.03%,$9.72,$33.48,,,,
Langley High,5/23/2025,20002,Fat Free Chocolate Milk(Each),149,0,149,165,114,0,114,$39.90,0,0.00%,$0.00,$39.90,51,30.91%,$17.85,$57.75,,,,
Langley High,5/23/2025,20006,"Cheese, Shredded, Cheddar(Cup)",9,0,9,5,2,0,2,$1.40,0,0.00%,$0.00,$1.40,3,60.00%,$2.10,$3.50,,,,
Langley High,5/23/2025,20015,Golden Delicious Apple(Each),0,0,0,135,134,0,134,$41.54,0,0.00%,$0.00,$41.54,1,0.74%,$0.31,$41.85,,,,
Langley High,5/23/2025,20018,Red Seedless Grapes(16 grapes per 1/2 cup),199,0,199,58,58,0,58,$29.58,0,0.00%,$0.00,$29.58,0,0.00%,$0.00,$29.58,,,,
Langley High,5/23/2025,20028,Lettuce Blend Salad Mix(1/2 cup),251,0,251,230,220,0,220,$17.60,0,0.00%,$0.00,$17.60,10,4.35%,$0.80,$18.40,,,,
Langley High,5/23/2025,20030,Sour Cream(2 Tablespoons),35,0,35,10,5,0,5,$0.75,0,0.00%,$0.00,$0.75,5,50.00%,$0.75,$1.50,,,,
Langley High,5/23/2025,20035,"Onions, Red, Whole(1/4 cup (sliced))",21,0,21,23,20,0,20,$1.40,0,0.00%,$0.00,$1.40,3,13.04%,$0.21,$1.61,,,,
Langley High,5/23/2025,20036,Celery Sticks(1/2 cup),0,0,0,79,77,0,77,$42.35,0,0.00%,$0.00,$42.35,2,2.53%,$1.10,$43.45,,,,
Langley High,5/23/2025,20038,Fat Free White Milk(Each),30,0,30,73,51,0,51,$16.83,0,0.00%,$0.00,$16.83,22,30.14%,$7.26,$24.09,,,,
Langley High,5/23/2025,20069,"Apple, Slices, IW - ER Supper Only(Each)",0,0,0,120,115,0,115,$37.95,0,0.00%,$0.00,$37.95,5,4.17%,$1.65,$39.60,,,,
Langley High,5/23/2025,20076,"Peppers, green, pre-sliced(1/2 cup sliced)",22,0,22,150,139,0,139,$41.70,0,0.00%,$0.00,$41.70,11,7.33%,$3.30,$45.00,,,,
Langley High,5/23/2025,20080,"Carrots, Shredded(Cup)",0,0,0,20,19,0,19,$6.27,0,0.00%,$0.00,$6.27,1,5.00%,$0.33,$6.60,,,,
Langley High,5/23/2025,30002,Sub Roll(Sub Roll),16,0,16,16,16,0,16,$4.96,0,0.00%,$0.00,$4.96,0,0.00%,$0.00,$4.96,,,,
Langley High,5/23/2025,30011,"Salsa, Mild Canned(1.5 oz)",29,0,29,50,45,0,45,$4.50,0,0.00%,$0.00,$4.50,5,10.00%,$0.50,$5.00,,,,
Langley High,5/23/2025,30014,Whole Wheat Dinner Roll(2 rolls),0,0,0,67,50,17,67,$18.76,0,0.00%,$0.00,$18.76,0,0.00%,$0.00,$18.76,,,,
Langley High,5/23/2025,30018,Marinara Sauce(1/2 cup),0,0,0,56,44,12,56,$16.24,0,0.00%,$0.00,$16.24,0,0.00%,$0.00,$16.24,,,,
Langley High,5/23/2025,30024,Black Beans(1/2 Cup),0,0,0,97,93,0,93,$15.81,0,0.00%,$0.00,$15.81,4,4.12%,$0.68,$16.49,,,,
Langley High,5/23/2025,30044,Strawberry Flavored Dried Cranberries(Each),19,0,19,25,17,0,17,$4.08,0,0.00%,$0.00,$4.08,8,32.00%,$1.92,$6.00,,,,
Langley High,5/23/2025,30061,Chilled Mandarin Oranges(1/2 cup (drained)),128,0,128,175,163,0,163,$55.42,0,0.00%,$0.00,$55.42,12,6.86%,$4.08,$59.50,,,,
Langley High,5/23/2025,30063,Ketchup Packet(Packet),244,0,244,150,127,0,127,$3.81,0,0.00%,$0.00,$3.81,23,15.33%,$0.69,$4.50,,,,
Langley High,5/23/2025,30064,Mayonnaise Packet(Packet),58,0,58,55,47,0,47,$4.70,0,0.00%,$0.00,$4.70,8,14.55%,$0.80,$5.50,,,,
Langley High,5/23/2025,30065,Mustard Packet(Packet),54,0,54,55,49,0,49,$2.45,0,0.00%,$0.00,$2.45,6,10.91%,$0.30,$2.75,,,,
Langley High,5/23/2025,30077,Italian Dressing(1 ounce),81,0,81,80,74,0,74,$5.92,0,0.00%,$0.00,$5.92,6,7.50%,$0.48,$6.40,,,,
Langley High,5/23/2025,30097,Bottled Water(Bottle),0,0,0,152,152,0,152,$24.32,0,0.00%,$0.00,$24.32,0,0.00%,$0.00,$24.32,,,,
Langley High,5/23/2025,30107,Ranch Dressing(1 ounce),112,0,112,80,74,0,74,$8.14,0,0.00%,$0.00,$8.14,6,7.50%,$0.66,$8.80,,,,
Langley High,5/23/2025,30110,Doritos Flamas(Each),0,0,0,128,128,0,128,$47.36,0,0.00%,$0.00,$47.36,0,0.00%,$0.00,$47.36,,,,
Langley High,5/23/2025,30111,Doritos RF Spicy Sweet Chili(Each),0,0,0,40,40,0,40,$14.80,0,0.00%,$0.00,$14.80,0,0.00%,$0.00,$14.80,,,,
Langley High,5/23/2025,30112,Doritos RF Nacho Cheese(Each),0,0,0,86,84,0,84,$31.08,0,0.00%,$0.00,$31.08,2,2.33%,$0.74,$31.82,,,,
Langley High,5/23/2025,30113,Cool Ranch Reduced Fat Doritos(Each),0,0,0,45,45,0,45,$16.65,0,0.00%,$0.00,$16.65,0,0.00%,$0.00,$16.65,,,,
Langley High,5/23/2025,30114,SS Baked Cheetos Flaming Hot(Each),0,0,0,100,100,0,100,$53.00,0,0.00%,$0.00,$53.00,0,0.00%,$0.00,$53.00,,,,
Langley High,5/23/2025,30115,SS Baked Cheetos Flaming Limon(Each),0,0,0,70,70,0,70,$27.30,0,0.00%,$0.00,$27.30,0,0.00%,$0.00,$27.30,,,,
Langley High,5/23/2025,30116,SS Cheetos Fantastix Flaming Hot(Each),0,0,0,130,128,0,128,$49.92,0,0.00%,$0.00,$49.92,2,1.54%,$0.78,$50.70,,,,
Langley High,5/23/2025,30117,WG Baked Funyuns(Each),0,0,0,51,51,0,51,$18.36,0,0.00%,$0.00,$18.36,0,0.00%,$0.00,$18.36,,,,
Langley High,5/23/2025,30118,Kettle Cooked Smoky BBQ Chips(Each),0,0,0,114,114,0,114,$68.40,0,0.00%,$0.00,$68.40,0,0.00%,$0.00,$68.40,,,,
Langley High,5/23/2025,30119,RF Kettle Chips Jalapeno & Cheddar Chips(Each),0,0,0,182,182,0,182,$109.20,0,0.00%,$0.00,$109.20,0,0.00%,$0.00,$109.20,,,,
Langley High,5/23/2025,30120,RF Kettle Chips Sea Salt & Vinegar Chips(Each),0,0,0,220,220,0,220,$132.00,0,0.00%,$0.00,$132.00,0,0.00%,$0.00,$132.00,,,,
Langley High,5/23/2025,30121,Kellogg’s W/G Rice Krispies Treats(Each),0,0,0,240,240,0,240,$177.60,0,0.00%,$0.00,$177.60,0,0.00%,$0.00,$177.60,,,,
Langley High,5/23/2025,30124,"Fruit Snacks, Welch's Mixed(Each)",0,0,0,273,271,0,271,$108.40,0,0.00%,$0.00,$108.40,2,0.73%,$0.80,$109.20,,,,
Langley High,5/23/2025,60018,Cheese Quesadilla(Quesadilla),0,0,0,80,45,31,76,$52.44,1,1.25%,$0.69,$53.13,3,3.75%,$2.07,$55.20,,,,
Langley High,5/23/2025,60035,PB&J Power Pack(Power Packs),85,0,85,130,79,49,128,$138.24,0,0.00%,$0.00,$138.24,2,1.54%,$2.16,$140.40,,,,
Langley High,5/23/2025,60037,Strawberry & Banana Yogurt Power Pack(Power Packs),11,0,11,21,10,8,18,$14.40,0,0.00%,$0.00,$14.40,3,14.29%,$2.40,$16.80,,,,
Langley High,5/23/2025,60038,Peach Yogurt Power Pack(Power Packs),11,0,11,2,2,0,2,$1.60,0,0.00%,$0.00,$1.60,0,0.00%,$0.00,$1.60,,,,
Langley High,5/23/2025,60041,Turkey Pepperoni Pizza(Slice),42,0,42,80,54,18,72,$48.96,1,1.25%,$0.68,$49.64,7,8.75%,$4.76,$54.40,,,,
Langley High,5/23/2025,60050,Chickenless Bites(4 Bites),14,0,14,10,8,0,8,$6.08,0,0.00%,$0.00,$6.08,2,20.00%,$1.52,$7.60,,,,
Langley High,5/23/2025,60064,Vegetable Dumpling(6 dumplings),0,0,0,15,10,4,14,$0.00,0,0.00%,$0.00,$0.00,1,6.67%,$0.00,$0.00,,,,
Langley High,5/23/2025,60069,Soft Bean Taco on Flour Tortilla(Taco),0,0,0,58,28,30,58,$44.08,0,0.00%,$0.00,$44.08,0,0.00%,$0.00,$44.08,,,,
Langley High,5/23/2025,60121,"Sauce, Spicy Mayo(tbsp)",0,0,0,99,85,8,93,$8.37,0,0.00%,$0.00,$8.37,6,6.06%,$0.54,$8.91,,,,
Langley High,5/23/2025,60122,Asian Meatball Sub(sandwich),0,0,0,24,16,8,24,$42.72,0,0.00%,$0.00,$42.72,0,0.00%,$0.00,$42.72,,,,
Langley High,5/23/2025,60150,Strawberry Parfait Power Pack(Power Pack),0,0,0,4,4,0,4,$6.52,0,0.00%,$0.00,$6.52,0,0.00%,$0.00,$6.52,,,,
Laurel Hill Elementary,5/23/2025,10005,"Chicken, Wings, Pre-Cooked(3 Wings)",0,0,0,55,55,0,55,$58.85,0,0.00%,$0.00,$58.85,0,0.00%,$0.00,$58.85,,,,
Laurel Hill Elementary,5/23/2025,10033,Chocolate Chip Cookie(1/2 Cookie),140,0,140,9,9,0,9,$1.26,0,0.00%,$0.00,$1.26,0,0.00%,$0.00,$1.26,,,,
Laurel Hill Elementary,5/23/2025,10075,Cheese Pizza(Slice),0,0,0,6,6,0,6,$3.42,0,0.00%,$0.00,$3.42,0,0.00%,$0.00,$3.42,,,,
Laurel Hill Elementary,5/23/2025,20001,1% White Milk(Each),48,0,48,314,45,0,45,$16.20,0,0.00%,$0.00,$16.20,269,85.67%,$96.84,$113.04,,,,
Laurel Hill Elementary,5/23/2025,20002,Fat Free Chocolate Milk(Each),136,0,136,744,185,0,185,$64.75,0,0.00%,$0.00,$64.75,559,75.13%,$195.65,$260.40,,,,
Laurel Hill Elementary,5/23/2025,20014,Red Delicious Apple(Each - serving),0,0,0,100,100,0,100,$33.00,0,0.00%,$0.00,$33.00,0,0.00%,$0.00,$33.00,,,,
Laurel Hill Elementary,5/23/2025,20016,String Cheese(Each),5,0,5,5,0,0,0,$0.00,0,0.00%,$0.00,$0.00,5,100.00%,$0.00,$0.00,,,,
Laurel Hill Elementary,5/23/2025,20017,Orange(1/4 cup),0,0,0,80,80,0,80,$13.60,0,0.00%,$0.00,$13.60,0,0.00%,$0.00,$13.60,,,,
Laurel Hill Elementary,5/23/2025,20018,Red Seedless Grapes(8 grapes per 1/4 cup),136,0,136,200,200,0,200,$52.00,0,0.00%,$0.00,$52.00,0,0.00%,$0.00,$52.00,,,,
Laurel Hill Elementary,5/23/2025,20023,Baby Carrots(3 baby carrots per 1/4 cup),0,0,0,150,150,0,150,$13.50,0,0.00%,$0.00,$13.50,0,0.00%,$0.00,$13.50,,,,
Laurel Hill Elementary,5/23/2025,20028,Lettuce Blend Salad Mix(1/2 cup),150,0,150,150,150,0,150,$12.00,0,0.00%,$0.00,$12.00,0,0.00%,$0.00,$12.00,,,,
Laurel Hill Elementary,5/23/2025,20038,Fat Free White Milk(Each),24,0,24,142,3,0,3,$0.99,0,0.00%,$0.00,$0.99,139,97.89%,$45.87,$46.86,,,,
Laurel Hill Elementary,5/23/2025,20052,Assorted  4 oz Yogurt(Container),5,0,5,5,0,0,0,$0.00,0,0.00%,$0.00,$0.00,5,100.00%,$0.00,$0.00,,,,
Laurel Hill Elementary,5/23/2025,30008,Apple Juice(Each),5,0,5,5,0,0,0,$0.00,0,0.00%,$0.00,$0.00,5,100.00%,$0.00,$0.00,,,,
Laurel Hill Elementary,5/23/2025,30009,Orange Tangerine Juice(Each),5,0,5,5,0,0,0,$0.00,0,0.00%,$0.00,$0.00,5,100.00%,$0.00,$0.00,,,,
Laurel Hill Elementary,5/23/2025,30024,Black Beans(1/2 Cup),1,0,1,2,2,0,2,$0.34,0,0.00%,$0.00,$0.34,0,0.00%,$0.00,$0.34,,,,
Laurel Hill Elementary,5/23/2025,30033,Cheez-Its Crackers(Package),0,0,0,175,97,0,97,$17.46,0,0.00%,$0.00,$17.46,78,44.57%,$14.04,$31.50,,,,
Laurel Hill Elementary,5/23/2025,30061,Chilled Mandarin Oranges(1/2 cup (drained)),1,0,1,2,2,0,2,$0.68,0,0.00%,$0.00,$0.68,0,0.00%,$0.00,$0.68,,,,
Laurel Hill Elementary,5/23/2025,30068,Chilled Peaches(1/2 cup (drained)),0,0,0,100,100,0,100,$51.00,0,0.00%,$0.00,$51.00,0,0.00%,$0.00,$51.00,,,,
Laurel Hill Elementary,5/23/2025,30077,Italian Dressing(1 ounce),15,0,15,10,10,0,10,$0.80,0,0.00%,$0.00,$0.80,0,0.00%,$0.00,$0.80,,,,
Laurel Hill Elementary,5/23/2025,30094,Doritos Wild White Nacho Flavored Tortilla Chips(Bag),125,0,125,75,75,0,75,$26.25,0,0.00%,$0.00,$26.25,0,0.00%,$0.00,$26.25,,,,
Laurel Hill Elementary,5/23/2025,30097,Bottled Water(Bottle),10,0,10,20,20,0,20,$3.20,0,0.00%,$0.00,$3.20,0,0.00%,$0.00,$3.20,,,,
Laurel Hill Elementary,5/23/2025,30099,Chickpeas(1/4 cup),47,0,47,80,30,0,30,$2.70,50,62.50%,$4.50,$7.20,0,0.00%,$0.00,$7.20,,,,
Laurel Hill Elementary,5/23/2025,30107,Ranch Dressing(1 ounce),74,0,74,100,90,0,90,$9.90,0,0.00%,$0.00,$9.90,10,10.00%,$1.10,$11.00,,,,
Laurel Hill Elementary,5/23/2025,60035,PB&J Power Pack(Power Packs),92,0,92,75,72,0,72,$77.76,0,0.00%,$0.00,$77.76,3,4.00%,$3.24,$81.00,,,,
Laurel Hill Elementary,5/23/2025,60036,Cherry Vanilla Yogurt Power Pack(Power Packs),0,0,0,1,0,0,0,$0.00,0,0.00%,$0.00,$0.00,1,100.00%,$0.00,$0.00,,,,
Laurel Hill Elementary,5/23/2025,60037,Strawberry & Banana Yogurt Power Pack(Power Packs),29,0,29,10,10,0,10,$8.00,0,0.00%,$0.00,$8.00,0,0.00%,$0.00,$8.00,,,,
Laurel Hill Elementary,5/23/2025,60038,Peach Yogurt Power Pack(Power Packs),46,0,46,10,10,0,10,$8.00,0,0.00%,$0.00,$8.00,0,0.00%,$0.00,$8.00,,,,
Laurel Hill Elementary,5/23/2025,60041,Turkey Pepperoni Pizza(Slice),76,0,76,73,67,0,67,$45.56,0,0.00%,$0.00,$45.56,6,8.22%,$4.08,$49.64,,,,
Laurel Hill Elementary,5/23/2025,60077,Manager's Vegetable Choice(1/4 cup),72,0,72,80,80,0,80,$0.00,0,0.00%,$0.00,$0.00,0,0.00%,$0.00,$0.00,,,,
Laurel Hill Elementary,5/23/2025,60080,Cheese Pizza(Slice),171,0,171,175,159,0,159,$90.63,0,0.00%,$0.00,$90.63,16,9.14%,$9.12,$99.75,,,,
Laurel Hill Elementary,5/23/2025,60101,Chickpeas - salad bar entree(1/2 cup),12,0,12,30,30,0,30,$5.40,0,0.00%,$0.00,$5.40,0,0.00%,$0.00,$5.40,,,,
Laurel Hill Elementary,5/23/2025,60150,Strawberry Parfait Power Pack(Power Pack),0,0,0,5,5,0,5,$8.15,0,0.00%,$0.00,$8.15,0,0.00%,$0.00,$8.15,,,,
Laurel Ridge Elementary,5/23/2025,10033,Chocolate Chip Cookie(Cookie),0,0,0,107,0,104,104,$0.00,3,2.80%,$0.00,$0.00,0,0.00%,$0.00,$0.00,,,,
Laurel Ridge Elementary,5/23/2025,10044,Soft Pretzel(1 pretzel),20,0,20,24,0,23,23,$0.00,1,4.17%,$0.00,$0.00,0,0.00%,$0.00,$0.00,,,,
Laurel Ridge Elementary,5/23/2025,20001,1% White Milk(Each),28,4,32,122,25,0,25,$9.00,0,0.00%,$0.00,$9.00,97,79.51%,$34.92,$43.92,,,,
Laurel Ridge Elementary,5/23/2025,20002,Fat Free Chocolate Milk(Each),177,16,193,327,188,7,195,$68.25,0,0.00%,$0.00,$68.25,132,40.37%,$46.20,$114.45,,,,
Laurel Ridge Elementary,5/23/2025,20008,Apple Slices(3 slices per 1/4 cup),0,0,0,7,7,0,7,$4.13,0,0.00%,$0.00,$4.13,0,0.00%,$0.00,$4.13,,,,
Laurel Ridge Elementary,5/23/2025,20008,Apple Slices(6 Slices per 1/2 cup),250,0,250,290,290,0,290,$342.20,0,0.00%,$0.00,$342.20,0,0.00%,$0.00,$342.20,,,,
Laurel Ridge Elementary,5/23/2025,20017,Orange(1/4 cup),100,0,100,60,60,0,60,$10.20,0,0.00%,$0.00,$10.20,0,0.00%,$0.00,$10.20,,,,
Laurel Ridge Elementary,5/23/2025,20023,Baby Carrots(3 baby carrots per 1/4 cup),0,0,0,96,96,0,96,$8.64,0,0.00%,$0.00,$8.64,0,0.00%,$0.00,$8.64,,,,
Laurel Ridge Elementary,5/23/2025,20028,Lettuce Blend Salad Mix(1/2 cup),170,0,170,160,160,0,160,$12.80,0,0.00%,$0.00,$12.80,0,0.00%,$0.00,$12.80,,,,
Laurel Ridge Elementary,5/23/2025,20031,Banana(Each),72,0,72,54,54,0,54,$11.34,0,0.00%,$0.00,$11.34,0,0.00%,$0.00,$11.34,,,,
Laurel Ridge Elementary,5/23/2025,20038,Fat Free White Milk(Each),3,0,3,18,3,0,3,$0.99,0,0.00%,$0.00,$0.99,15,83.33%,$4.95,$5.94,,,,
Laurel Ridge Elementary,5/23/2025,20052,Assorted  4 oz Yogurt(Container),0,0,0,24,0,24,24,$0.00,0,0.00%,$0.00,$0.00,0,0.00%,$0.00,$0.00,,,,
Laurel Ridge Elementary,5/23/2025,20077,"Peppers, red, pre-sliced(1/2 cup sliced)",48,0,48,70,70,0,70,$39.20,0,0.00%,$0.00,$39.20,0,0.00%,$0.00,$39.20,,,,
Laurel Ridge Elementary,5/23/2025,30008,Apple Juice(Each),0,0,0,40,0,40,40,$0.00,0,0.00%,$0.00,$0.00,0,0.00%,$0.00,$0.00,,,,
Laurel Ridge Elementary,5/23/2025,30009,Orange Tangerine Juice(Each),0,0,0,24,0,24,24,$0.00,0,0.00%,$0.00,$0.00,0,0.00%,$0.00,$0.00,,,,
Laurel Ridge Elementary,5/23/2025,30031,Strawberry Chex Mix(Package),20,0,20,20,0,20,20,$0.00,0,0.00%,$0.00,$0.00,0,0.00%,$0.00,$0.00,,,,
Laurel Ridge Elementary,5/23/2025,30033,Cheez-Its Crackers(Package),20,0,20,50,0,50,50,$0.00,0,0.00%,$0.00,$0.00,0,0.00%,$0.00,$0.00,,,,
Laurel Ridge Elementary,5/23/2025,30045,Watermelon Flavored Dried Cranberries(Each),100,18,118,100,96,4,100,$24.00,0,0.00%,$0.00,$24.00,0,0.00%,$0.00,$24.00,,,,
Laurel Ridge Elementary,5/23/2025,30077,Italian Dressing(1 ounce),26,0,26,24,24,0,24,$1.92,0,0.00%,$0.00,$1.92,0,0.00%,$0.00,$1.92,,,,
Laurel Ridge Elementary,5/23/2025,30092,Roasted Sunflower Seeds(Package),5,0,5,11,0,11,11,$0.00,0,0.00%,$0.00,$0.00,0,0.00%,$0.00,$0.00,,,,
Laurel Ridge Elementary,5/23/2025,30094,Doritos Wild White Nacho Flavored Tortilla Chips(Bag),0,0,0,148,0,147,147,$0.00,1,0.68%,$0.00,$0.00,0,0.00%,$0.00,$0.00,,,,
Laurel Ridge Elementary,5/23/2025,30097,Bottled Water(Bottle),0,0,0,17,0,17,17,$0.00,0,0.00%,$0.00,$0.00,0,0.00%,$0.00,$0.00,,,,
Laurel Ridge Elementary,5/23/2025,30099,Chickpeas(1/4 cup),34,0,34,32,32,0,32,$2.88,0,0.00%,$0.00,$2.88,0,0.00%,$0.00,$2.88,,,,
Laurel Ridge Elementary,5/23/2025,30107,Ranch Dressing(1 ounce),34,0,34,48,48,0,48,$5.28,0,0.00%,$0.00,$5.28,0,0.00%,$0.00,$5.28,,,,
Laurel Ridge Elementary,5/23/2025,60035,PB&J Power Pack(Power Packs),63,6,69,55,46,6,52,$56.16,0,0.00%,$0.00,$56.16,3,5.45%,$3.24,$59.40,,,,
Laurel Ridge Elementary,5/23/2025,60036,Cherry Vanilla Yogurt Power Pack(Power Packs),6,0,6,5,5,0,5,$4.00,0,0.00%,$0.00,$4.00,0,0.00%,$0.00,$4.00,,,,
Laurel Ridge Elementary,5/23/2025,60037,Strawberry & Banana Yogurt Power Pack(Power Packs),5,0,5,4,4,0,4,$3.20,0,0.00%,$0.00,$3.20,0,0.00%,$0.00,$3.20,,,,
Laurel Ridge Elementary,5/23/2025,60038,Peach Yogurt Power Pack(Power Packs),4,0,4,3,3,0,3,$2.40,0,0.00%,$0.00,$2.40,0,0.00%,$0.00,$2.40,,,,
Laurel Ridge Elementary,5/23/2025,60041,Turkey Pepperoni Pizza(Slice),120,34,154,150,132,16,148,$100.64,2,1.33%,$1.36,$102.00,0,0.00%,$0.00,$102.00,,,,
Laurel Ridge Elementary,5/23/2025,60054,Steamed Broccoli(1/2 cup),200,0,200,175,175,0,175,$26.25,0,0.00%,$0.00,$26.25,0,0.00%,$0.00,$26.25,,,,
Laurel Ridge Elementary,5/23/2025,60080,Cheese Pizza(Slice),205,11,216,161,143,16,159,$90.63,2,1.24%,$1.14,$91.77,0,0.00%,$0.00,$91.77,,,,
Lees Corner Elementary,5/23/2025,10044,Soft Pretzel(1 pretzel),25,0,25,16,10,6,16,$3.52,0,0.00%,$0.00,$3.52,0,0.00%,$0.00,$3.52,,,,
Lees Corner Elementary,5/23/2025,10075,Cheese Pizza(Slice),131,0,131,196,141,9,150,$85.50,2,1.02%,$1.14,$86.64,44,22.45%,$25.08,$111.72,,,,
Lees Corner Elementary,5/23/2025,20001,1% White Milk(Each),20,0,20,70,21,0,21,$7.56,0,0.00%,$0.00,$7.56,49,70.00%,$17.64,$25.20,,,,
Lees Corner Elementary,5/23/2025,20002,Fat Free Chocolate Milk(Each),150,0,150,287,163,0,163,$57.05,0,0.00%,$0.00,$57.05,124,43.21%,$43.40,$100.45,,,,
Lees Corner Elementary,5/23/2025,20011,Cherry Tomatoes(1/4 cup),90,0,90,36,31,0,31,$11.47,0,0.00%,$0.00,$11.47,5,13.89%,$1.85,$13.32,,,,
Lees Corner Elementary,5/23/2025,20014,Red Delicious Apple(Each - serving),0,0,0,68,66,0,66,$21.78,0,0.00%,$0.00,$21.78,2,2.94%,$0.66,$22.44,,,,
Lees Corner Elementary,5/23/2025,20017,Orange(1/4 cup),0,0,0,238,238,0,238,$40.46,0,0.00%,$0.00,$40.46,0,0.00%,$0.00,$40.46,,,,
Lees Corner Elementary,5/23/2025,20023,Baby Carrots(3 baby carrots per 1/4 cup),0,0,0,48,48,0,48,$4.32,0,0.00%,$0.00,$4.32,0,0.00%,$0.00,$4.32,,,,
Lees Corner Elementary,5/23/2025,20027,Broccoli Florets(1/4 cup),0,0,0,96,96,0,96,$7.68,0,0.00%,$0.00,$7.68,0,0.00%,$0.00,$7.68,,,,
Lees Corner Elementary,5/23/2025,20028,Lettuce Blend Salad Mix(1/2 cup),120,0,120,160,155,0,155,$12.40,5,3.13%,$0.40,$12.80,0,0.00%,$0.00,$12.80,,,,
Lees Corner Elementary,5/23/2025,20034,Cherry Vanilla Yogurt(Container),0,0,0,1,0,1,1,$0.00,0,0.00%,$0.00,$0.00,0,0.00%,$0.00,$0.00,,,,
Lees Corner Elementary,5/23/2025,20038,Fat Free White Milk(Each),10,0,10,40,10,0,10,$3.30,0,0.00%,$0.00,$3.30,30,75.00%,$9.90,$13.20,,,,
Lees Corner Elementary,5/23/2025,20077,"Peppers, red, pre-sliced(1/2 cup sliced)",0,0,0,70,70,0,70,$39.20,0,0.00%,$0.00,$39.20,0,0.00%,$0.00,$39.20,,,,
Lees Corner Elementary,5/23/2025,30008,Apple Juice(Each),0,0,0,26,0,26,26,$0.00,0,0.00%,$0.00,$0.00,0,0.00%,$0.00,$0.00,,,,
Lees Corner Elementary,5/23/2025,30031,Strawberry Chex Mix(Package),0,0,0,22,0,22,22,$0.00,0,0.00%,$0.00,$0.00,0,0.00%,$0.00,$0.00,,,,
Lees Corner Elementary,5/23/2025,30044,Strawberry Flavored Dried Cranberries(2 Eaches),0,0,0,60,50,0,50,$24.00,0,0.00%,$0.00,$24.00,10,16.67%,$4.80,$28.80,,,,
Lees Corner Elementary,5/23/2025,30077,Italian Dressing(1 ounce),15,0,15,40,32,0,32,$2.56,0,0.00%,$0.00,$2.56,8,20.00%,$0.64,$3.20,,,,
Lees Corner Elementary,5/23/2025,30097,Bottled Water(Bottle),10,0,10,0,0,0,0,$0.00,0,0.00%,$0.00,$0.00,0,0.00%,$0.00,$0.00,,,,
Lees Corner Elementary,5/23/2025,30099,Chickpeas(1/4 cup),28,0,28,28,28,0,28,$2.52,0,0.00%,$0.00,$2.52,0,0.00%,$0.00,$2.52,,,,
Lees Corner Elementary,5/23/2025,30107,Ranch Dressing(1 ounce),60,0,60,98,88,0,88,$9.68,0,0.00%,$0.00,$9.68,10,10.20%,$1.10,$10.78,,,,
Lees Corner Elementary,5/23/2025,60035,PB&J Power Pack(Power Packs),25,0,25,18,18,0,18,$19.44,0,0.00%,$0.00,$19.44,0,0.00%,$0.00,$19.44,,,,
Lees Corner Elementary,5/23/2025,60036,Cherry Vanilla Yogurt Power Pack(Power Packs),30,0,30,11,11,0,11,$8.80,0,0.00%,$0.00,$8.80,0,0.00%,$0.00,$8.80,,,,
Lees Corner Elementary,5/23/2025,60041,Turkey Pepperoni Pizza(Slice),40,0,40,91,46,5,51,$34.68,8,8.79%,$5.44,$40.12,32,35.16%,$21.76,$61.88,,,,
Lees Corner Elementary,5/23/2025,60077,Manager's Vegetable Choice(1/4 cup),52,0,52,0,0,0,0,$0.00,0,0.00%,$0.00,$0.00,0,0.00%,$0.00,$0.00,,,,
Lees Corner Elementary,5/23/2025,60101,Chickpeas - salad bar entree(1/2 cup),0,0,0,0,0,0,0,$0.00,0,0.00%,$0.00,$0.00,0,0.00%,$0.00,$0.00,,,,
Lees Corner Elementary,5/23/2025,60122,Asian Meatball Sub(sandwich),0,0,0,11,11,0,11,$19.58,0,0.00%,$0.00,$19.58,0,0.00%,$0.00,$19.58,,,,
Lees Corner Elementary,5/23/2025,60168,Triple Berry Parfait Power Pack(Power Pack),0,0,0,6,6,0,6,$7.92,0,0.00%,$0.00,$7.92,0,0.00%,$0.00,$7.92,,,,
Lemon Road Elementary,5/23/2025,10033,Chocolate Chip Cookie(1/2 Cookie),0,0,0,149,149,0,149,$20.86,0,0.00%,$0.00,$20.86,0,0.00%,$0.00,$20.86,,,,
Lemon Road Elementary,5/23/2025,10044,Soft Pretzel(1 pretzel),11,0,11,4,4,0,4,$0.88,0,0.00%,$0.00,$0.88,0,0.00%,$0.00,$0.88,,,,
Lemon Road Elementary,5/23/2025,10062,Corn(1/2 cup (cooked)),0,0,0,133,132,0,132,$27.72,1,0.75%,$0.21,$27.93,0,0.00%,$0.00,$27.93,,,,
Lemon Road Elementary,5/23/2025,10074,"Frozen Berry, Triple Berry Blend(1/2 cup (thawed))",0,0,0,24,24,0,24,$0.72,0,0.00%,$0.00,$0.72,0,0.00%,$0.00,$0.72,,,,
Lemon Road Elementary,5/23/2025,20001,1% White Milk(Each),37,0,37,72,37,0,37,$13.32,0,0.00%,$0.00,$13.32,35,48.61%,$12.60,$25.92,,,,
Lemon Road Elementary,5/23/2025,20002,Fat Free Chocolate Milk(Each),143,0,143,181,175,0,175,$61.25,0,0.00%,$0.00,$61.25,6,3.31%,$2.10,$63.35,,,,
Lemon Road Elementary,5/23/2025,20027,Broccoli Florets(1/4 cup),0,0,0,126,121,0,121,$9.68,5,3.97%,$0.40,$10.08,0,0.00%,$0.00,$10.08,,,,
Lemon Road Elementary,5/23/2025,20028,Lettuce Blend Salad Mix(1/2 cup),116,0,116,120,119,0,119,$9.52,1,0.83%,$0.08,$9.60,0,0.00%,$0.00,$9.60,,,,
Lemon Road Elementary,5/23/2025,20038,Fat Free White Milk(Each),4,0,4,29,1,0,1,$0.33,0,0.00%,$0.00,$0.33,28,96.55%,$9.24,$9.57,,,,
Lemon Road Elementary,5/23/2025,30009,Orange Tangerine Juice(Each),0,0,0,7,7,0,7,$1.19,0,0.00%,$0.00,$1.19,0,0.00%,$0.00,$1.19,,,,
Lemon Road Elementary,5/23/2025,30020,Applesauce(1/2 Cup),0,0,0,60,60,0,60,$12.60,0,0.00%,$0.00,$12.60,0,0.00%,$0.00,$12.60,,,,
Lemon Road Elementary,5/23/2025,30031,Strawberry Chex Mix(Package),0,0,0,8,8,0,8,$3.60,0,0.00%,$0.00,$3.60,0,0.00%,$0.00,$3.60,,,,
Lemon Road Elementary,5/23/2025,30044,Strawberry Flavored Dried Cranberries(Each),52,0,52,72,52,0,52,$12.48,0,0.00%,$0.00,$12.48,20,27.78%,$4.80,$17.28,,,,
Lemon Road Elementary,5/23/2025,30061,Chilled Mandarin Oranges(1/2 cup (drained)),3,0,3,5,5,0,5,$1.70,0,0.00%,$0.00,$1.70,0,0.00%,$0.00,$1.70,,,,
Lemon Road Elementary,5/23/2025,30061,Chilled Mandarin Oranges(1/4 cup (drained)),39,0,39,57,57,0,57,$9.69,0,0.00%,$0.00,$9.69,0,0.00%,$0.00,$9.69,,,,
Lemon Road Elementary,5/23/2025,30068,Chilled Peaches(1/2 cup (drained)),0,0,0,36,30,0,30,$15.30,0,0.00%,$0.00,$15.30,6,16.67%,$3.06,$18.36,,,,
Lemon Road Elementary,5/23/2025,30077,Italian Dressing(1 ounce),18,0,18,48,28,0,28,$2.24,20,41.67%,$1.60,$3.84,0,0.00%,$0.00,$3.84,,,,
Lemon Road Elementary,5/23/2025,30097,Bottled Water(Bottle),0,0,0,7,7,0,7,$1.12,0,0.00%,$0.00,$1.12,0,0.00%,$0.00,$1.12,,,,
Lemon Road Elementary,5/23/2025,30099,Chickpeas(1/2 cup),0,0,0,5,5,0,5,$0.90,0,0.00%,$0.00,$0.90,0,0.00%,$0.00,$0.90,,,,
Lemon Road Elementary,5/23/2025,30099,Chickpeas(1/4 cup),10,0,10,25,15,0,15,$1.35,10,40.00%,$0.90,$2.25,0,0.00%,$0.00,$2.25,,,,
Lemon Road Elementary,5/23/2025,30107,Ranch Dressing(1 ounce),88,0,88,96,76,0,76,$8.36,20,20.83%,$2.20,$10.56,0,0.00%,$0.00,$10.56,,,,
Lemon Road Elementary,5/23/2025,60035,PB&J Power Pack(Power Packs),31,0,31,30,25,0,25,$27.00,0,0.00%,$0.00,$27.00,5,16.67%,$5.40,$32.40,,,,
Lemon Road Elementary,5/23/2025,60036,Cherry Vanilla Yogurt Power Pack(Power Packs),8,0,8,10,7,0,7,$5.60,1,10.00%,$0.80,$6.40,2,20.00%,$1.60,$8.00,,,,
Lemon Road Elementary,5/23/2025,60041,Turkey Pepperoni Pizza(Slice),114,0,114,160,155,3,158,$107.44,2,1.25%,$1.36,$108.80,0,0.00%,$0.00,$108.80,,,,
Lemon Road Elementary,5/23/2025,60080,Cheese Pizza(Slice),136,0,136,153,149,2,151,$86.07,2,1.31%,$1.14,$87.21,0,0.00%,$0.00,$87.21,,,,
Lemon Road Elementary,5/23/2025,60101,Chickpeas - salad bar entree(1/2 cup),0,0,0,0,0,0,0,$0.00,0,0.00%,$0.00,$0.00,0,0.00%,$0.00,$0.00,,,,
Lewis High,5/23/2025,10015,Baked Cheese Sticks(2 Cheese Sticks),0,0,0,3,3,0,3,$1.98,0,0.00%,$0.00,$1.98,0,0.00%,$0.00,$1.98,,,,
Lewis High,5/23/2025,10033,Chocolate Chip Cookie(Cookie),82,0,82,82,82,0,82,$22.14,0,0.00%,$0.00,$22.14,0,0.00%,$0.00,$22.14,,,,
Lewis High,5/23/2025,10042,"Pasta, Lasagna Roll-Up, Cheese(Each)",0,0,0,16,16,0,16,$13.44,0,0.00%,$0.00,$13.44,0,0.00%,$0.00,$13.44,,,,
Lewis High,5/23/2025,10049,"WG 10"" Flour Tortilla(Tortilla)",70,0,70,33,33,0,33,$11.55,0,0.00%,$0.00,$11.55,0,0.00%,$0.00,$11.55,,,,
Lewis High,5/23/2025,10062,Corn(2 Tablespoons (thawed)),63,0,63,50,25,0,25,$1.25,0,0.00%,$0.00,$1.25,25,50.00%,$1.25,$2.50,,,,
Lewis High,5/23/2025,10075,Cheese Pizza(Slice),131,0,131,173,172,0,172,$98.04,0,0.00%,$0.00,$98.04,1,0.58%,$0.57,$98.61,,,,
Lewis High,5/23/2025,20001,1% White Milk(Each),65,0,65,110,39,0,39,$14.04,0,0.00%,$0.00,$14.04,71,64.55%,$25.56,$39.60,,,,
Lewis High,5/23/2025,20002,Fat Free Chocolate Milk(Each),320,0,320,375,298,0,298,$104.30,0,0.00%,$0.00,$104.30,77,20.53%,$26.95,$131.25,,,,
Lewis High,5/23/2025,20006,"Cheese, Shredded, Cheddar(1/4 cup)",93,0,93,50,45,0,45,$7.65,0,0.00%,$0.00,$7.65,5,10.00%,$0.85,$8.50,,,,
Lewis High,5/23/2025,20011,Cherry Tomatoes(1/4 cup),181,0,181,269,268,0,268,$99.16,0,0.00%,$0.00,$99.16,1,0.37%,$0.37,$99.53,,,,
Lewis High,5/23/2025,20014,Red Delicious Apple(Each - serving),0,0,0,350,289,0,289,$95.37,0,0.00%,$0.00,$95.37,61,17.43%,$20.13,$115.50,,,,
Lewis High,5/23/2025,20028,Lettuce Blend Salad Mix(1/2 cup),463,0,463,700,684,0,684,$54.72,0,0.00%,$0.00,$54.72,16,2.29%,$1.28,$56.00,,,,
Lewis High,5/23/2025,20035,"Onions, Red, Whole(1/4 cup (sliced))",45,0,45,30,25,0,25,$1.75,0,0.00%,$0.00,$1.75,5,16.67%,$0.35,$2.10,,,,
Lewis High,5/23/2025,20038,Fat Free White Milk(Each),87,0,87,65,11,0,11,$3.63,0,0.00%,$0.00,$3.63,54,83.08%,$17.82,$21.45,,,,
Lewis High,5/23/2025,20047,Orange Slices(3 slices per 1/4 cup),0,0,0,600,575,0,575,$115.00,0,0.00%,$0.00,$115.00,25,4.17%,$5.00,$120.00,,,,
Lewis High,5/23/2025,30014,Whole Wheat Dinner Roll(2 rolls),0,0,0,12,12,0,12,$3.36,0,0.00%,$0.00,$3.36,0,0.00%,$0.00,$3.36,,,,
Lewis High,5/23/2025,30045,Watermelon Flavored Dried Cranberries(Each),270,0,270,300,209,0,209,$50.16,0,0.00%,$0.00,$50.16,91,30.33%,$21.84,$72.00,,,,
Lewis High,5/23/2025,30061,Chilled Mandarin Oranges(1/2 cup (drained)),0,0,0,50,25,0,25,$8.50,0,0.00%,$0.00,$8.50,25,50.00%,$8.50,$17.00,,,,
Lewis High,5/23/2025,30061,Chilled Mandarin Oranges(1/4 cup (drained)),237,0,237,237,230,0,230,$39.10,0,0.00%,$0.00,$39.10,7,2.95%,$1.19,$40.29,,,,
Lewis High,5/23/2025,30063,Ketchup Packet(Packet),871,0,871,500,388,0,388,$11.64,0,0.00%,$0.00,$11.64,112,22.40%,$3.36,$15.00,,,,
Lewis High,5/23/2025,30064,Mayonnaise Packet(Packet),485,0,485,300,234,0,234,$23.40,0,0.00%,$0.00,$23.40,66,22.00%,$6.60,$30.00,,,,
Lewis High,5/23/2025,30065,Mustard Packet(Packet),118,0,118,70,0,0,0,$0.00,0,0.00%,$0.00,$0.00,70,100.00%,$0.00,$0.00,,,,
Lewis High,5/23/2025,30097,Bottled Water(Bottle),31,0,31,31,31,0,31,$4.96,0,0.00%,$0.00,$4.96,0,0.00%,$0.00,$4.96,,,,
Lewis High,5/23/2025,30107,Ranch Dressing(1 ounce),171,0,171,250,210,0,210,$23.10,0,0.00%,$0.00,$23.10,40,16.00%,$4.40,$27.50,,,,
Lewis High,5/23/2025,30109,Smartfood RF White Cheddar Popcorn(Each),6,0,6,6,6,0,6,$2.22,0,0.00%,$0.00,$2.22,0,0.00%,$0.00,$2.22,,,,
Lewis High,5/23/2025,30110,Doritos Flamas(Each),29,0,29,29,29,0,29,$10.73,0,0.00%,$0.00,$10.73,0,0.00%,$0.00,$10.73,,,,
Lewis High,5/23/2025,30111,Doritos RF Spicy Sweet Chili(Each),13,0,13,13,13,0,13,$4.81,0,0.00%,$0.00,$4.81,0,0.00%,$0.00,$4.81,,,,
Lewis High,5/23/2025,30112,Doritos RF Nacho Cheese(Each),5,0,5,5,5,0,5,$1.85,0,0.00%,$0.00,$1.85,0,0.00%,$0.00,$1.85,,,,
Lewis High,5/23/2025,30114,SS Baked Cheetos Flaming Hot(Each),6,0,6,6,6,0,6,$3.18,0,0.00%,$0.00,$3.18,0,0.00%,$0.00,$3.18,,,,
Lewis High,5/23/2025,30115,SS Baked Cheetos Flaming Limon(Each),8,0,8,8,8,0,8,$3.12,0,0.00%,$0.00,$3.12,0,0.00%,$0.00,$3.12,,,,
Lewis High,5/23/2025,30117,WG Baked Funyuns(Each),0,0,0,0,0,0,0,$0.00,0,0.00%,$0.00,$0.00,0,0.00%,$0.00,$0.00,,,,
Lewis High,5/23/2025,30118,Kettle Cooked Smoky BBQ Chips(Each),6,0,6,6,6,0,6,$3.60,0,0.00%,$0.00,$3.60,0,0.00%,$0.00,$3.60,,,,
Lewis High,5/23/2025,30119,RF Kettle Chips Jalapeno & Cheddar Chips(Each),52,0,52,52,52,0,52,$31.20,0,0.00%,$0.00,$31.20,0,0.00%,$0.00,$31.20,,,,
Lewis High,5/23/2025,30120,RF Kettle Chips Sea Salt & Vinegar Chips(Each),9,0,9,9,9,0,9,$5.40,0,0.00%,$0.00,$5.40,0,0.00%,$0.00,$5.40,,,,
Lewis High,5/23/2025,30121,Kellogg’s W/G Rice Krispies Treats(Each),2,0,2,2,2,0,2,$1.48,0,0.00%,$0.00,$1.48,0,0.00%,$0.00,$1.48,,,,
Lewis High,5/23/2025,30122,WG Chocolate Chip Rice Krispy Treats(Each),11,0,11,11,11,0,11,$6.60,0,0.00%,$0.00,$6.60,0,0.00%,$0.00,$6.60,,,,
Lewis High,5/23/2025,30124,"Fruit Snacks, Welch's Mixed(Each)",4,0,4,4,4,0,4,$1.60,0,0.00%,$0.00,$1.60,0,0.00%,$0.00,$1.60,,,,
Lewis High,5/23/2025,30160,Lay's RF Kettle Original Chips(Each),11,0,11,11,11,0,11,$6.60,0,0.00%,$0.00,$6.60,0,0.00%,$0.00,$6.60,,,,
Lewis High,5/23/2025,60018,Cheese Quesadilla(Quesadilla),0,0,0,98,98,0,98,$67.62,0,0.00%,$0.00,$67.62,0,0.00%,$0.00,$67.62,,,,
Lewis High,5/23/2025,60020,"Quesadilla, Turkey Barbacoa and Cheese(Quesadilla)",0,0,0,38,38,0,38,$46.36,0,0.00%,$0.00,$46.36,0,0.00%,$0.00,$46.36,,,,
Lewis High,5/23/2025,60035,PB&J Power Pack(Power Packs),62,0,62,20,0,0,0,$0.00,0,0.00%,$0.00,$0.00,20,100.00%,$0.00,$0.00,,,,
Lewis High,5/23/2025,60037,Strawberry & Banana Yogurt Power Pack(Power Packs),6,0,6,10,0,0,0,$0.00,0,0.00%,$0.00,$0.00,10,100.00%,$0.00,$0.00,,,,
Lewis High,5/23/2025,60041,Turkey Pepperoni Pizza(Slice),106,0,106,155,153,0,153,$104.04,0,0.00%,$0.00,$104.04,2,1.29%,$1.36,$105.40,,,,
Lewis High,5/23/2025,60044,BBQ Vegan Burger(Sandwich),0,0,0,16,16,0,16,$10.40,0,0.00%,$0.00,$10.40,0,0.00%,$0.00,$10.40,,,,
Lewis High,5/23/2025,60047,Chicken Tenders(3 tenders),0,0,0,12,12,0,12,$11.28,0,0.00%,$0.00,$11.28,0,0.00%,$0.00,$11.28,,,,
Lewis High,5/23/2025,60050,Chickenless Bites(2 Bites),28,0,28,33,33,0,33,$12.54,0,0.00%,$0.00,$12.54,0,0.00%,$0.00,$12.54,,,,
Lewis High,5/23/2025,60075,Spicy Chicken Wrap(Wrap),29,0,29,43,43,0,43,$50.31,0,0.00%,$0.00,$50.31,0,0.00%,$0.00,$50.31,,,,
Lewis High,5/23/2025,60077,Manager's Vegetable Choice(1/4 cup),387,0,387,351,293,0,293,$0.00,0,0.00%,$0.00,$0.00,58,16.52%,$0.00,$0.00,,,,
Liberty Middle,5/23/2025,10026,Chickenless Bites(2 Bites),0,0,0,15,15,0,15,$5.40,0,0.00%,$0.00,$5.40,0,0.00%,$0.00,$5.40,,,,
Liberty Middle,5/23/2025,10027,"Bread, Loco(1/2 piece)",0,0,0,15,15,0,15,$2.25,0,0.00%,$0.00,$2.25,0,0.00%,$0.00,$2.25,,,,
Liberty Middle,5/23/2025,10033,Chocolate Chip Cookie(Cookie),90,0,90,90,87,0,87,$23.49,0,0.00%,$0.00,$23.49,3,3.33%,$0.81,$24.30,,,,
Liberty Middle,5/23/2025,10044,Soft Pretzel(1 pretzel),5,0,5,3,3,0,3,$0.66,0,0.00%,$0.00,$0.66,0,0.00%,$0.00,$0.66,,,,
Liberty Middle,5/23/2025,10070,Orange Sauce(ounce),40,0,40,8,6,0,6,$0.84,0,0.00%,$0.00,$0.84,2,25.00%,$0.28,$1.12,,,,
Liberty Middle,5/23/2025,10073,Whole Strawberries(1/2 cup thawed),0,0,0,140,129,0,129,$43.86,0,0.00%,$0.00,$43.86,11,7.86%,$3.74,$47.60,,,,
Liberty Middle,5/23/2025,10075,Cheese Pizza(Slice),121,0,121,80,62,0,62,$35.34,0,0.00%,$0.00,$35.34,18,22.50%,$10.26,$45.60,,,,
Liberty Middle,5/23/2025,20001,1% White Milk(Each),26,0,26,45,21,0,21,$7.56,0,0.00%,$0.00,$7.56,24,53.33%,$8.64,$16.20,,,,
Liberty Middle,5/23/2025,20002,Fat Free Chocolate Milk(Each),261,0,261,311,147,0,147,$51.45,0,0.00%,$0.00,$51.45,164,52.73%,$57.40,$108.85,,,,
Liberty Middle,5/23/2025,20008,Apple Slices(3 slices per 1/4 cup),0,0,0,384,384,0,384,$226.56,0,0.00%,$0.00,$226.56,0,0.00%,$0.00,$226.56,,,,
Liberty Middle,5/23/2025,20011,Cherry Tomatoes(1/4 cup),86,0,86,75,63,0,63,$23.31,0,0.00%,$0.00,$23.31,12,16.00%,$4.44,$27.75,,,,
Liberty Middle,5/23/2025,20028,Lettuce Blend Salad Mix(1/2 cup),347,0,347,280,280,0,280,$22.40,0,0.00%,$0.00,$22.40,0,0.00%,$0.00,$22.40,,,,
Liberty Middle,5/23/2025,20030,Sour Cream(2 Tablespoons),44,0,44,36,36,0,36,$5.40,0,0.00%,$0.00,$5.40,0,0.00%,$0.00,$5.40,,,,
Liberty Middle,5/23/2025,20031,Banana(Each),0,0,0,44,44,0,44,$9.24,0,0.00%,$0.00,$9.24,0,0.00%,$0.00,$9.24,,,,
Liberty Middle,5/23/2025,20038,Fat Free White Milk(Each),14,0,14,45,5,0,5,$1.65,0,0.00%,$0.00,$1.65,40,88.89%,$13.20,$14.85,,,,
Liberty Middle,5/23/2025,30008,Apple Juice(Each),10,0,10,10,7,0,7,$1.19,0,0.00%,$0.00,$1.19,3,30.00%,$0.51,$1.70,,,,
Liberty Middle,5/23/2025,30009,Orange Tangerine Juice(Each),5,0,5,5,5,0,5,$0.85,0,0.00%,$0.00,$0.85,0,0.00%,$0.00,$0.85,,,,
Liberty Middle,5/23/2025,30011,"Salsa, Mild Canned(1.5 oz)",36,0,36,36,36,0,36,$3.60,0,0.00%,$0.00,$3.60,0,0.00%,$0.00,$3.60,,,,
Liberty Middle,5/23/2025,30033,Cheez-Its Crackers(Package),10,0,10,10,4,0,4,$0.72,0,0.00%,$0.00,$0.72,6,60.00%,$1.08,$1.80,,,,
Liberty Middle,5/23/2025,30044,Strawberry Flavored Dried Cranberries(Each),136,0,136,80,64,0,64,$15.36,0,0.00%,$0.00,$15.36,16,20.00%,$3.84,$19.20,,,,
Liberty Middle,5/23/2025,30063,Ketchup Packet(Packet),474,0,474,200,196,0,196,$5.88,0,0.00%,$0.00,$5.88,4,2.00%,$0.12,$6.00,,,,
Liberty Middle,5/23/2025,30064,Mayonnaise Packet(Packet),27,0,27,30,27,0,27,$2.70,0,0.00%,$0.00,$2.70,3,10.00%,$0.30,$3.00,,,,
Liberty Middle,5/23/2025,30065,Mustard Packet(Packet),18,0,18,30,7,0,7,$0.35,0,0.00%,$0.00,$0.35,23,76.67%,$1.15,$1.50,,,,
Liberty Middle,5/23/2025,30077,Italian Dressing(1 ounce),20,0,20,30,16,0,16,$1.28,0,0.00%,$0.00,$1.28,14,46.67%,$1.12,$2.40,,,,
Liberty Middle,5/23/2025,30097,Bottled Water(Bottle),25,0,25,25,19,0,19,$3.04,0,0.00%,$0.00,$3.04,6,24.00%,$0.96,$4.00,,,,
Liberty Middle,5/23/2025,30107,Ranch Dressing(1 ounce),128,0,128,144,144,0,144,$15.84,0,0.00%,$0.00,$15.84,0,0.00%,$0.00,$15.84,,,,
Liberty Middle,5/23/2025,30110,Doritos Flamas(Each),0,0,0,25,20,0,20,$7.40,0,0.00%,$0.00,$7.40,5,20.00%,$1.85,$9.25,,,,
Liberty Middle,5/23/2025,30119,RF Kettle Chips Jalapeno & Cheddar Chips(Each),0,0,0,10,10,0,10,$6.00,0,0.00%,$0.00,$6.00,0,0.00%,$0.00,$6.00,,,,
Liberty Middle,5/23/2025,30160,Lay's RF Kettle Original Chips(Each),0,0,0,4,4,0,4,$2.40,0,0.00%,$0.00,$2.40,0,0.00%,$0.00,$2.40,,,,
Liberty Middle,5/23/2025,60020,"Quesadilla, Turkey Barbacoa and Cheese(Quesadilla)",100,0,100,36,36,0,36,$43.92,0,0.00%,$0.00,$43.92,0,0.00%,$0.00,$43.92,,,,
Liberty Middle,5/23/2025,60035,PB&J Power Pack(Power Packs),56,0,56,85,60,7,67,$72.36,0,0.00%,$0.00,$72.36,18,21.18%,$19.44,$91.80,,,,
Liberty Middle,5/23/2025,60038,Peach Yogurt Power Pack(Power Packs),4,0,4,4,4,0,4,$3.20,0,0.00%,$0.00,$3.20,0,0.00%,$0.00,$3.20,,,,
Liberty Middle,5/23/2025,60041,Turkey Pepperoni Pizza(Slice),123,0,123,100,55,5,60,$40.80,0,0.00%,$0.00,$40.80,40,40.00%,$27.20,$68.00,,,,
Liberty Middle,5/23/2025,60042,Beef Meatball Sub Sandwich(Sandwich),0,0,0,24,20,4,24,$30.72,0,0.00%,$0.00,$30.72,0,0.00%,$0.00,$30.72,,,,
Liberty Middle,5/23/2025,60064,Vegetable Dumpling(6 dumplings),0,0,0,8,6,0,6,$0.00,0,0.00%,$0.00,$0.00,2,25.00%,$0.00,$0.00,,,,
Liberty Middle,5/23/2025,60075,Spicy Chicken Wrap(Wrap),25,0,25,19,15,4,19,$22.23,0,0.00%,$0.00,$22.23,0,0.00%,$0.00,$22.23,,,,
Liberty Middle,5/23/2025,60077,Manager's Vegetable Choice(1/4 cup),199,0,199,120,120,0,120,$0.00,0,0.00%,$0.00,$0.00,0,0.00%,$0.00,$0.00,,,,
Liberty Middle,5/23/2025,60101,Chickpeas - salad bar entree(1/2 cup),27,0,27,32,32,0,32,$5.76,0,0.00%,$0.00,$5.76,0,0.00%,$0.00,$5.76,,,,
Liberty Middle,5/23/2025,60149,Hot Turkey & Cheese(sandwich),0,0,0,14,7,0,7,$9.10,0,0.00%,$0.00,$9.10,7,50.00%,$9.10,$18.20,,,,
Liberty Middle,5/23/2025,60150,Strawberry Parfait Power Pack(Power Pack),0,0,0,3,2,1,3,$4.89,0,0.00%,$0.00,$4.89,0,0.00%,$0.00,$4.89,,,,
Little Run Elementary,5/23/2025,10044,Soft Pretzel(1 pretzel),18,0,18,22,7,14,21,$4.62,1,4.55%,$0.22,$4.84,0,0.00%,$0.00,$4.84,,,,
Little Run Elementary,5/23/2025,10045,"Peanut Butter and Jelly Sandwich, IW(Each)",0,0,0,10,2,1,3,$2.01,0,0.00%,$0.00,$2.01,7,70.00%,$4.69,$6.70,,,,
Little Run Elementary,5/23/2025,10062,Corn(1/2 cup (cooked)),0,0,0,60,58,0,58,$12.18,2,3.33%,$0.42,$12.60,0,0.00%,$0.00,$12.60,,,,
Little Run Elementary,5/23/2025,20001,1% White Milk(Each),20,0,20,44,32,0,32,$11.52,0,0.00%,$0.00,$11.52,12,27.27%,$4.32,$15.84,,,,
Little Run Elementary,5/23/2025,20002,Fat Free Chocolate Milk(Each),84,0,84,110,93,5,98,$34.30,0,0.00%,$0.00,$34.30,12,10.91%,$4.20,$38.50,,,,
Little Run Elementary,5/23/2025,20016,String Cheese(Each),5,0,5,4,0,3,3,$0.00,0,0.00%,$0.00,$0.00,1,25.00%,$0.00,$0.00,,,,
Little Run Elementary,5/23/2025,20023,Baby Carrots(3 baby carrots per 1/4 cup),0,0,0,45,43,0,43,$3.87,2,4.44%,$0.18,$4.05,0,0.00%,$0.00,$4.05,,,,
Little Run Elementary,5/23/2025,20028,Lettuce Blend Salad Mix(1/2 cup),60,0,60,55,49,1,50,$4.00,5,9.09%,$0.40,$4.40,0,0.00%,$0.00,$4.40,,,,
Little Run Elementary,5/23/2025,20031,Banana(Each),0,0,0,50,49,0,49,$10.29,1,2.00%,$0.21,$10.50,0,0.00%,$0.00,$10.50,,,,
Little Run Elementary,5/23/2025,20038,Fat Free White Milk(Each),11,0,11,20,6,0,6,$1.98,0,0.00%,$0.00,$1.98,14,70.00%,$4.62,$6.60,,,,
Little Run Elementary,5/23/2025,20047,Orange Slices(3 slices per 1/4 cup),0,0,0,65,64,1,65,$13.00,0,0.00%,$0.00,$13.00,0,0.00%,$0.00,$13.00,,,,
Little Run Elementary,5/23/2025,30008,Apple Juice(Each),30,0,30,48,0,48,48,$0.00,0,0.00%,$0.00,$0.00,0,0.00%,$0.00,$0.00,,,,
Little Run Elementary,5/23/2025,30024,Black Beans(1/2 Cup),13,0,13,14,14,0,14,$2.38,0,0.00%,$0.00,$2.38,0,0.00%,$0.00,$2.38,,,,
Little Run Elementary,5/23/2025,30044,Strawberry Flavored Dried Cranberries(2 Eaches),0,0,0,40,34,0,34,$16.32,0,0.00%,$0.00,$16.32,6,15.00%,$2.88,$19.20,,,,
Little Run Elementary,5/23/2025,30061,Chilled Mandarin Oranges(1/2 cup (drained)),13,0,13,14,14,0,14,$4.76,0,0.00%,$0.00,$4.76,0,0.00%,$0.00,$4.76,,,,
Little Run Elementary,5/23/2025,30077,Italian Dressing(1 ounce),5,0,5,15,4,0,4,$0.32,0,0.00%,$0.00,$0.32,11,73.33%,$0.88,$1.20,,,,
Little Run Elementary,5/23/2025,30097,Bottled Water(Bottle),15,0,15,20,0,18,18,$0.00,0,0.00%,$0.00,$0.00,2,10.00%,$0.00,$0.00,,,,
Little Run Elementary,5/23/2025,30099,Chickpeas(1/4 cup),15,0,15,20,12,0,12,$1.08,8,40.00%,$0.72,$1.80,0,0.00%,$0.00,$1.80,,,,
Little Run Elementary,5/23/2025,30107,Ranch Dressing(1 ounce),14,0,14,20,16,0,16,$1.76,0,0.00%,$0.00,$1.76,4,20.00%,$0.44,$2.20,,,,
Little Run Elementary,5/23/2025,60036,Cherry Vanilla Yogurt Power Pack(Power Packs),2,0,2,2,2,0,2,$1.60,0,0.00%,$0.00,$1.60,0,0.00%,$0.00,$1.60,,,,
Little Run Elementary,5/23/2025,60037,Strawberry & Banana Yogurt Power Pack(Power Packs),30,0,30,25,21,0,21,$16.80,0,0.00%,$0.00,$16.80,4,16.00%,$3.20,$20.00,,,,
Little Run Elementary,5/23/2025,60041,Turkey Pepperoni Pizza(Slice),72,0,72,78,59,10,69,$46.92,9,11.54%,$6.12,$53.04,0,0.00%,$0.00,$53.04,,,,
Little Run Elementary,5/23/2025,60080,Cheese Pizza(Slice),85,0,85,81,73,6,79,$45.03,2,2.47%,$1.14,$46.17,0,0.00%,$0.00,$46.17,,,,
Little Run Elementary,5/23/2025,60101,Chickpeas - salad bar entree(1/2 cup),5,0,5,5,1,2,3,$0.54,2,40.00%,$0.36,$0.90,0,0.00%,$0.00,$0.90,,,,
London Towne Elementary,5/23/2025,10033,Chocolate Chip Cookie(1/2 Cookie),0,0,0,6,0,6,6,$0.00,0,0.00%,$0.00,$0.00,0,0.00%,$0.00,$0.00,,,,
London Towne Elementary,5/23/2025,10044,Soft Pretzel(1 pretzel),1,0,1,5,2,3,5,$1.10,0,0.00%,$0.00,$1.10,0,0.00%,$0.00,$1.10,,,,
London Towne Elementary,5/23/2025,10075,Cheese Pizza(Slice),3,0,3,1,1,0,1,$0.57,0,0.00%,$0.00,$0.57,0,0.00%,$0.00,$0.57,,,,
London Towne Elementary,5/23/2025,20001,1% White Milk(Each),80,0,80,80,70,0,70,$25.20,0,0.00%,$0.00,$25.20,10,12.50%,$3.60,$28.80,,,,
London Towne Elementary,5/23/2025,20002,Fat Free Chocolate Milk(Each),257,0,257,262,244,0,244,$85.40,0,0.00%,$0.00,$85.40,18,6.87%,$6.30,$91.70,,,,
London Towne Elementary,5/23/2025,20008,Apple Slices(3 slices per 1/4 cup),900,0,900,522,519,0,519,$306.21,0,0.00%,$0.00,$306.21,3,0.57%,$1.77,$307.98,,,,
London Towne Elementary,5/23/2025,20011,Cherry Tomatoes(1/4 cup),78,0,78,55,55,0,55,$20.35,0,0.00%,$0.00,$20.35,0,0.00%,$0.00,$20.35,,,,
London Towne Elementary,5/23/2025,20023,Baby Carrots(3 baby carrots per 1/4 cup),0,0,0,192,180,0,180,$16.20,0,0.00%,$0.00,$16.20,12,6.25%,$1.08,$17.28,,,,
London Towne Elementary,5/23/2025,20028,Lettuce Blend Salad Mix(1/2 cup),151,0,151,160,156,0,156,$12.48,4,2.50%,$0.32,$12.80,0,0.00%,$0.00,$12.80,,,,
London Towne Elementary,5/23/2025,20031,Banana(Each),35,0,35,31,31,0,31,$6.51,0,0.00%,$0.00,$6.51,0,0.00%,$0.00,$6.51,,,,
London Towne Elementary,5/23/2025,20038,Fat Free White Milk(Each),10,0,10,10,3,0,3,$0.99,0,0.00%,$0.00,$0.99,7,70.00%,$2.31,$3.30,,,,
London Towne Elementary,5/23/2025,20047,Orange Slices(3 slices per 1/4 cup),0,0,0,306,306,0,306,$61.20,0,0.00%,$0.00,$61.20,0,0.00%,$0.00,$61.20,,,,
London Towne Elementary,5/23/2025,30024,Black Beans(1/2 Cup),38,0,38,38,38,0,38,$6.46,0,0.00%,$0.00,$6.46,0,0.00%,$0.00,$6.46,,,,
London Towne Elementary,5/23/2025,30033,Cheez-Its Crackers(Package),32,0,32,30,30,0,30,$5.40,0,0.00%,$0.00,$5.40,0,0.00%,$0.00,$5.40,,,,
London Towne Elementary,5/23/2025,30037,IW Applesauce Cup(Each),0,0,0,1,1,0,1,$0.27,0,0.00%,$0.00,$0.27,0,0.00%,$0.00,$0.27,,,,
London Towne Elementary,5/23/2025,30061,Chilled Mandarin Oranges(1/2 cup (drained)),42,0,42,38,38,0,38,$12.92,0,0.00%,$0.00,$12.92,0,0.00%,$0.00,$12.92,,,,
London Towne Elementary,5/23/2025,30068,Chilled Peaches(1/2 cup (drained)),0,0,0,125,100,0,100,$51.00,0,0.00%,$0.00,$51.00,25,20.00%,$12.75,$63.75,,,,
London Towne Elementary,5/23/2025,30077,Italian Dressing(1 ounce),18,0,18,24,24,0,24,$1.92,0,0.00%,$0.00,$1.92,0,0.00%,$0.00,$1.92,,,,
London Towne Elementary,5/23/2025,30094,Doritos Wild White Nacho Flavored Tortilla Chips(Bag),0,0,0,26,0,26,26,$0.00,0,0.00%,$0.00,$0.00,0,0.00%,$0.00,$0.00,,,,
London Towne Elementary,5/23/2025,30097,Bottled Water(Bottle),0,0,0,14,0,14,14,$0.00,0,0.00%,$0.00,$0.00,0,0.00%,$0.00,$0.00,,,,
London Towne Elementary,5/23/2025,30099,Chickpeas(1/4 cup),29,0,29,32,29,0,29,$2.61,3,9.38%,$0.27,$2.88,0,0.00%,$0.00,$2.88,,,,
London Towne Elementary,5/23/2025,30107,Ranch Dressing(1 ounce),65,0,65,96,84,0,84,$9.24,0,0.00%,$0.00,$9.24,12,12.50%,$1.32,$10.56,,,,
London Towne Elementary,5/23/2025,30184,"Milk, Soy, Vanilla (24/8 oz)(each)",0,0,0,4,4,0,4,$4.08,0,0.00%,$0.00,$4.08,0,0.00%,$0.00,$4.08,,,,
London Towne Elementary,5/23/2025,60021,Cooked  Brown Rice(1 cup cooked),0,0,0,1,1,0,1,$0.11,0,0.00%,$0.00,$0.11,0,0.00%,$0.00,$0.11,,,,
London Towne Elementary,5/23/2025,60035,PB&J Power Pack(Power Packs),89,0,89,85,59,0,59,$63.72,2,2.35%,$2.16,$65.88,24,28.24%,$25.92,$91.80,,,,
London Towne Elementary,5/23/2025,60036,Cherry Vanilla Yogurt Power Pack(Power Packs),24,0,24,26,10,0,10,$8.00,0,0.00%,$0.00,$8.00,16,61.54%,$12.80,$20.80,,,,
London Towne Elementary,5/23/2025,60037,Strawberry & Banana Yogurt Power Pack(Power Packs),18,0,18,2,2,0,2,$1.60,0,0.00%,$0.00,$1.60,0,0.00%,$0.00,$1.60,,,,
London Towne Elementary,5/23/2025,60040,Grilled Cheese Sandwich(Sandwich),0,0,0,4,4,0,4,$1.68,0,0.00%,$0.00,$1.68,0,0.00%,$0.00,$1.68,,,,
London Towne Elementary,5/23/2025,60041,Turkey Pepperoni Pizza(Slice),177,0,177,186,178,3,181,$123.08,4,2.15%,$2.72,$125.80,1,0.54%,$0.68,$126.48,,,,
London Towne Elementary,5/23/2025,60047,Chicken Tenders(3 tenders),0,0,0,1,1,0,1,$0.94,0,0.00%,$0.00,$0.94,0,0.00%,$0.00,$0.94,,,,
London Towne Elementary,5/23/2025,60064,Vegetable Dumpling(6 dumplings),0,0,0,4,3,1,4,$0.00,0,0.00%,$0.00,$0.00,0,0.00%,$0.00,$0.00,,,,
London Towne Elementary,5/23/2025,60066,Beef Meatballs(Serving),0,0,0,1,1,0,1,$0.65,0,0.00%,$0.00,$0.65,0,0.00%,$0.00,$0.65,,,,
London Towne Elementary,5/23/2025,60077,Manager's Vegetable Choice(1/4 cup),197,0,197,126,123,0,123,$0.00,3,2.38%,$0.00,$0.00,0,0.00%,$0.00,$0.00,,,,
London Towne Elementary,5/23/2025,60080,Cheese Pizza(Slice),176,0,176,204,197,1,198,$112.86,5,2.45%,$2.85,$115.71,1,0.49%,$0.57,$116.28,,,,
London Towne Elementary,5/23/2025,60090,Assorted Craisins(Packet),0,0,0,40,33,0,33,$7.92,0,0.00%,$0.00,$7.92,7,17.50%,$1.68,$9.60,,,,
London Towne Elementary,5/23/2025,60101,Chickpeas - salad bar entree(1/2 cup),1,0,1,2,1,1,2,$0.36,0,0.00%,$0.00,$0.36,0,0.00%,$0.00,$0.36,,,,
London Towne Elementary,5/23/2025,60122,Asian Meatball Sub(sandwich),0,0,0,15,12,3,15,$26.70,0,0.00%,$0.00,$26.70,0,0.00%,$0.00,$26.70,,,,
London Towne Elementary,5/23/2025,60148,Turkey Barbacoa Arepa(1 Arepa + #10 scoop of turkey barbacoa),0,0,0,1,1,0,1,$1.44,0,0.00%,$0.00,$1.44,0,0.00%,$0.00,$1.44,,,,
London Towne Elementary,5/23/2025,60168,Triple Berry Parfait Power Pack(Power Pack),0,0,0,1,1,0,1,$1.32,0,0.00%,$0.00,$1.32,0,0.00%,$0.00,$1.32,,,,
Longfellow Middle,5/23/2025,10011,Sweet Thai Chili Sauce(ounce),0,0,0,40,37,2,39,$5.46,1,2.50%,$0.14,$5.60,0,0.00%,$0.00,$5.60,,,,
Longfellow Middle,5/23/2025,10044,Soft Pretzel(1 pretzel),50,0,50,30,30,0,30,$6.60,0,0.00%,$0.00,$6.60,0,0.00%,$0.00,$6.60,,,,
Longfellow Middle,5/23/2025,10075,Cheese Pizza(Slice),120,0,120,126,111,0,111,$63.27,0,0.00%,$0.00,$63.27,15,11.90%,$8.55,$71.82,,,,
Longfellow Middle,5/23/2025,20001,1% White Milk(Each),33,0,33,100,32,0,32,$11.52,0,0.00%,$0.00,$11.52,68,68.00%,$24.48,$36.00,,,,
Longfellow Middle,5/23/2025,20002,Fat Free Chocolate Milk(Each),294,0,294,302,276,0,276,$96.60,0,0.00%,$0.00,$96.60,26,8.61%,$9.10,$105.70,,,,
Longfellow Middle,5/23/2025,20014,Red Delicious Apple(Each - serving),0,0,0,185,145,0,145,$47.85,0,0.00%,$0.00,$47.85,40,21.62%,$13.20,$61.05,,,,
Longfellow Middle,5/23/2025,20028,Lettuce Blend Salad Mix(1/2 cup),142,0,142,142,142,0,142,$11.36,0,0.00%,$0.00,$11.36,0,0.00%,$0.00,$11.36,,,,
Longfellow Middle,5/23/2025,20030,Sour Cream(2 Tablespoons),0,0,0,20,20,0,20,$3.00,0,0.00%,$0.00,$3.00,0,0.00%,$0.00,$3.00,,,,
Longfellow Middle,5/23/2025,20038,Fat Free White Milk(Each),27,0,27,100,30,0,30,$9.90,0,0.00%,$0.00,$9.90,70,70.00%,$23.10,$33.00,,,,
Longfellow Middle,5/23/2025,20047,Orange Slices(3 slices per 1/4 cup),0,0,0,180,170,0,170,$34.00,0,0.00%,$0.00,$34.00,10,5.56%,$2.00,$36.00,,,,
Longfellow Middle,5/23/2025,30008,Apple Juice(Each),20,0,20,10,10,0,10,$1.70,0,0.00%,$0.00,$1.70,0,0.00%,$0.00,$1.70,,,,
Longfellow Middle,5/23/2025,30009,Orange Tangerine Juice(Each),20,0,20,10,10,0,10,$1.70,0,0.00%,$0.00,$1.70,0,0.00%,$0.00,$1.70,,,,
Longfellow Middle,5/23/2025,30011,"Salsa, Mild Canned(1.5 oz)",33,0,33,20,20,0,20,$2.00,0,0.00%,$0.00,$2.00,0,0.00%,$0.00,$2.00,,,,
Longfellow Middle,5/23/2025,30033,Cheez-Its Crackers(Package),70,0,70,99,99,0,99,$17.82,0,0.00%,$0.00,$17.82,0,0.00%,$0.00,$17.82,,,,
Longfellow Middle,5/23/2025,30044,Strawberry Flavored Dried Cranberries(Each),70,0,70,120,80,0,80,$19.20,0,0.00%,$0.00,$19.20,40,33.33%,$9.60,$28.80,,,,
Longfellow Middle,5/23/2025,30045,Watermelon Flavored Dried Cranberries(Each),54,0,54,120,100,0,100,$24.00,0,0.00%,$0.00,$24.00,20,16.67%,$4.80,$28.80,,,,
Longfellow Middle,5/23/2025,30061,Chilled Mandarin Oranges(1/4 cup (drained)),224,0,224,144,144,0,144,$24.48,0,0.00%,$0.00,$24.48,0,0.00%,$0.00,$24.48,,,,
Longfellow Middle,5/23/2025,30063,Ketchup Packet(Packet),587,0,587,600,590,0,590,$17.70,0,0.00%,$0.00,$17.70,10,1.67%,$0.30,$18.00,,,,
Longfellow Middle,5/23/2025,30064,Mayonnaise Packet(Packet),82,0,82,96,96,0,96,$9.60,0,0.00%,$0.00,$9.60,0,0.00%,$0.00,$9.60,,,,
Longfellow Middle,5/23/2025,30065,Mustard Packet(Packet),75,0,75,80,70,0,70,$3.50,0,0.00%,$0.00,$3.50,10,12.50%,$0.50,$4.00,,,,
Longfellow Middle,5/23/2025,30077,Italian Dressing(1 ounce),54,0,54,50,45,0,45,$3.60,0,0.00%,$0.00,$3.60,5,10.00%,$0.40,$4.00,,,,
Longfellow Middle,5/23/2025,30097,Bottled Water(Bottle),150,0,150,168,168,0,168,$26.88,0,0.00%,$0.00,$26.88,0,0.00%,$0.00,$26.88,,,,
Longfellow Middle,5/23/2025,30099,Chickpeas(1/4 cup),24,0,24,24,24,0,24,$2.16,0,0.00%,$0.00,$2.16,0,0.00%,$0.00,$2.16,,,,
Longfellow Middle,5/23/2025,30107,Ranch Dressing(1 ounce),86,0,86,96,86,0,86,$9.46,0,0.00%,$0.00,$9.46,10,10.42%,$1.10,$10.56,,,,
Longfellow Middle,5/23/2025,60020,"Quesadilla, Turkey Barbacoa and Cheese(Quesadilla)",72,0,72,10,10,0,10,$12.20,0,0.00%,$0.00,$12.20,0,0.00%,$0.00,$12.20,,,,
Longfellow Middle,5/23/2025,60035,PB&J Power Pack(Power Packs),88,0,88,116,116,0,116,$125.28,0,0.00%,$0.00,$125.28,0,0.00%,$0.00,$125.28,,,,
Longfellow Middle,5/23/2025,60037,Strawberry & Banana Yogurt Power Pack(Power Packs),3,0,3,6,6,0,6,$4.80,0,0.00%,$0.00,$4.80,0,0.00%,$0.00,$4.80,,,,
Longfellow Middle,5/23/2025,60038,Peach Yogurt Power Pack(Power Packs),3,0,3,6,6,0,6,$4.80,0,0.00%,$0.00,$4.80,0,0.00%,$0.00,$4.80,,,,
Longfellow Middle,5/23/2025,60041,Turkey Pepperoni Pizza(Slice),120,0,120,126,108,2,110,$74.80,1,0.79%,$0.68,$75.48,15,11.90%,$10.20,$85.68,,,,
Longfellow Middle,5/23/2025,60054,Steamed Broccoli(1/2 cup),0,0,0,72,72,0,72,$10.80,0,0.00%,$0.00,$10.80,0,0.00%,$0.00,$10.80,,,,
Longfellow Middle,5/23/2025,60064,Vegetable Dumpling(6 dumplings),0,0,0,40,37,2,39,$0.00,1,2.50%,$0.00,$0.00,0,0.00%,$0.00,$0.00,,,,
Longfellow Middle,5/23/2025,60072,Spicy Breaded Chicken Patty on Bun(Sandwich),0,0,0,185,164,4,168,$126.00,1,0.54%,$0.75,$126.75,16,8.65%,$12.00,$138.75,,,,
Longfellow Middle,5/23/2025,60075,Spicy Chicken Wrap(Wrap),24,0,24,24,24,0,24,$28.08,0,0.00%,$0.00,$28.08,0,0.00%,$0.00,$28.08,,,,
Longfellow Middle,5/23/2025,60077,Manager's Vegetable Choice(1/4 cup),120,0,120,120,120,0,120,$0.00,0,0.00%,$0.00,$0.00,0,0.00%,$0.00,$0.00,,,,
Longfellow Middle,5/23/2025,60101,Chickpeas - salad bar entree(1/2 cup),24,0,24,24,24,0,24,$4.32,0,0.00%,$0.00,$4.32,0,0.00%,$0.00,$4.32,,,,
Longfellow Middle,5/23/2025,60150,Strawberry Parfait Power Pack(Power Pack),0,0,0,20,20,0,20,$32.60,0,0.00%,$0.00,$32.60,0,0.00%,$0.00,$32.60,,,,
Lorton Station Elementary,5/23/2025,10044,Soft Pretzel(1 pretzel),10,0,10,3,3,0,3,$0.66,0,0.00%,$0.00,$0.66,0,0.00%,$0.00,$0.66,,,,
Lorton Station Elementary,5/23/2025,10090,"Chicken, Shredded, Fully Cooked(1/2 cup)",0,0,0,1,1,0,1,$0.72,0,0.00%,$0.00,$0.72,0,0.00%,$0.00,$0.72,,,,
Lorton Station Elementary,5/23/2025,20001,1% White Milk(Each),82,2,84,81,64,2,66,$23.76,0,0.00%,$0.00,$23.76,15,18.52%,$5.40,$29.16,,,,
Lorton Station Elementary,5/23/2025,20002,Fat Free Chocolate Milk(Each),250,0,250,250,233,0,233,$81.55,0,0.00%,$0.00,$81.55,17,6.80%,$5.95,$87.50,,,,
Lorton Station Elementary,5/23/2025,20011,Cherry Tomatoes(1/4 cup),72,0,72,144,138,6,144,$53.28,0,0.00%,$0.00,$53.28,0,0.00%,$0.00,$53.28,,,,
Lorton Station Elementary,5/23/2025,20014,Red Delicious Apple(Each - serving),0,0,0,127,122,0,122,$40.26,0,0.00%,$0.00,$40.26,5,3.94%,$1.65,$41.91,,,,
Lorton Station Elementary,5/23/2025,20018,Red Seedless Grapes(8 grapes per 1/4 cup),150,0,150,200,194,6,200,$52.00,0,0.00%,$0.00,$52.00,0,0.00%,$0.00,$52.00,,,,
Lorton Station Elementary,5/23/2025,20028,Lettuce Blend Salad Mix(1/2 cup),80,8,88,80,74,6,80,$6.40,0,0.00%,$0.00,$6.40,0,0.00%,$0.00,$6.40,,,,
Lorton Station Elementary,5/23/2025,20038,Fat Free White Milk(Each),20,0,20,20,5,0,5,$1.65,0,0.00%,$0.00,$1.65,15,75.00%,$4.95,$6.60,,,,
Lorton Station Elementary,5/23/2025,30018,Marinara Sauce(1/2 cup),0,0,0,1,1,0,1,$0.29,0,0.00%,$0.00,$0.29,0,0.00%,$0.00,$0.29,,,,
Lorton Station Elementary,5/23/2025,30024,Black Beans(1/2 Cup),32,2,34,31,29,2,31,$5.27,0,0.00%,$0.00,$5.27,0,0.00%,$0.00,$5.27,,,,
Lorton Station Elementary,5/23/2025,30031,Strawberry Chex Mix(Package),6,0,6,4,1,0,1,$0.45,0,0.00%,$0.00,$0.45,3,75.00%,$1.35,$1.80,,,,
Lorton Station Elementary,5/23/2025,30034,Graham Crackers(Package),0,0,0,29,29,0,29,$4.06,0,0.00%,$0.00,$4.06,0,0.00%,$0.00,$4.06,,,,
Lorton Station Elementary,5/23/2025,30041,Orange Flavored Dried Cranberries(Each),60,0,60,60,49,6,55,$13.20,0,0.00%,$0.00,$13.20,5,8.33%,$1.20,$14.40,,,,
Lorton Station Elementary,5/23/2025,30048,Apple Cinnamon Spread(Each),0,0,0,27,27,0,27,$12.15,0,0.00%,$0.00,$12.15,0,0.00%,$0.00,$12.15,,,,
Lorton Station Elementary,5/23/2025,30061,Chilled Mandarin Oranges(1/2 cup (drained)),32,2,34,31,29,2,31,$10.54,0,0.00%,$0.00,$10.54,0,0.00%,$0.00,$10.54,,,,
Lorton Station Elementary,5/23/2025,30061,Chilled Mandarin Oranges(1/4 cup (drained)),200,0,200,300,300,0,300,$51.00,0,0.00%,$0.00,$51.00,0,0.00%,$0.00,$51.00,,,,
Lorton Station Elementary,5/23/2025,30077,Italian Dressing(1 ounce),50,0,50,50,50,0,50,$4.00,0,0.00%,$0.00,$4.00,0,0.00%,$0.00,$4.00,,,,
Lorton Station Elementary,5/23/2025,30094,Doritos Wild White Nacho Flavored Tortilla Chips(Bag),0,0,0,12,12,0,12,$4.20,0,0.00%,$0.00,$4.20,0,0.00%,$0.00,$4.20,,,,
Lorton Station Elementary,5/23/2025,30099,Chickpeas(1/4 cup),30,0,30,44,40,0,40,$3.60,0,0.00%,$0.00,$3.60,4,9.09%,$0.36,$3.96,,,,
Lorton Station Elementary,5/23/2025,60021,Cooked  Brown Rice(1 cup cooked),0,0,0,1,1,0,1,$0.11,0,0.00%,$0.00,$0.11,0,0.00%,$0.00,$0.11,,,,
Lorton Station Elementary,5/23/2025,60035,PB&J Power Pack(Power Packs),72,0,72,60,59,0,59,$63.72,0,0.00%,$0.00,$63.72,1,1.67%,$1.08,$64.80,,,,
Lorton Station Elementary,5/23/2025,60036,Cherry Vanilla Yogurt Power Pack(Power Packs),12,0,12,8,7,0,7,$5.60,0,0.00%,$0.00,$5.60,1,12.50%,$0.80,$6.40,,,,
Lorton Station Elementary,5/23/2025,60041,Turkey Pepperoni Pizza(Slice),80,0,80,85,81,2,83,$56.44,1,1.18%,$0.68,$57.12,1,1.18%,$0.68,$57.80,,,,
Lorton Station Elementary,5/23/2025,60077,Manager's Vegetable Choice(1/4 cup),50,0,50,50,50,0,50,$0.00,0,0.00%,$0.00,$0.00,0,0.00%,$0.00,$0.00,,,,
Lorton Station Elementary,5/23/2025,60080,Cheese Pizza(Slice),307,2,309,310,300,6,306,$174.42,0,0.00%,$0.00,$174.42,4,1.29%,$2.28,$176.70,,,,
Lorton Station Elementary,5/23/2025,60101,Chickpeas - salad bar entree(1/2 cup),10,0,10,3,3,0,3,$0.54,0,0.00%,$0.00,$0.54,0,0.00%,$0.00,$0.54,,,,
Louise Archer Elementary,5/23/2025,10044,Soft Pretzel(1 pretzel),16,0,16,20,19,0,19,$4.18,0,0.00%,$0.00,$4.18,1,5.00%,$0.22,$4.40,,,,
Louise Archer Elementary,5/23/2025,10075,Cheese Pizza(Slice),98,0,98,100,100,0,100,$57.00,0,0.00%,$0.00,$57.00,0,0.00%,$0.00,$57.00,,,,
Louise Archer Elementary,5/23/2025,20001,1% White Milk(Each),31,0,31,123,123,0,123,$44.28,0,0.00%,$0.00,$44.28,0,0.00%,$0.00,$44.28,,,,
Louise Archer Elementary,5/23/2025,20002,Fat Free Chocolate Milk(Each),147,0,147,108,108,0,108,$37.80,0,0.00%,$0.00,$37.80,0,0.00%,$0.00,$37.80,,,,
Louise Archer Elementary,5/23/2025,20011,Cherry Tomatoes(1/4 cup),84,0,84,120,90,0,90,$33.30,0,0.00%,$0.00,$33.30,30,25.00%,$11.10,$44.40,,,,
Louise Archer Elementary,5/23/2025,20013,Gala Apple(Each),0,0,0,64,64,0,64,$23.68,0,0.00%,$0.00,$23.68,0,0.00%,$0.00,$23.68,,,,
Louise Archer Elementary,5/23/2025,20017,Orange(1/4 cup),0,0,0,204,199,0,199,$33.83,5,2.45%,$0.85,$34.68,0,0.00%,$0.00,$34.68,,,,
Louise Archer Elementary,5/23/2025,20018,Red Seedless Grapes(8 grapes per 1/4 cup),100,0,100,276,256,0,256,$66.56,0,0.00%,$0.00,$66.56,20,7.25%,$5.20,$71.76,,,,
Louise Archer Elementary,5/23/2025,20028,Lettuce Blend Salad Mix(1/2 cup),130,0,130,150,130,0,130,$10.40,20,13.33%,$1.60,$12.00,0,0.00%,$0.00,$12.00,,,,
Louise Archer Elementary,5/23/2025,20038,Fat Free White Milk(Each),30,0,30,31,31,0,31,$10.23,0,0.00%,$0.00,$10.23,0,0.00%,$0.00,$10.23,,,,
Louise Archer Elementary,5/23/2025,20052,Assorted  4 oz Yogurt(Container),0,0,0,15,13,0,13,$0.00,0,0.00%,$0.00,$0.00,2,13.33%,$0.00,$0.00,,,,
Louise Archer Elementary,5/23/2025,30008,Apple Juice(Each),0,0,0,80,77,0,77,$13.09,0,0.00%,$0.00,$13.09,3,3.75%,$0.51,$13.60,,,,
Louise Archer Elementary,5/23/2025,30045,Watermelon Flavored Dried Cranberries(Each),59,0,59,75,75,0,75,$18.00,0,0.00%,$0.00,$18.00,0,0.00%,$0.00,$18.00,,,,
Louise Archer Elementary,5/23/2025,30077,Italian Dressing(1 ounce),7,0,7,12,7,0,7,$0.56,5,41.67%,$0.40,$0.96,0,0.00%,$0.00,$0.96,,,,
Louise Archer Elementary,5/23/2025,30097,Bottled Water(Bottle),0,0,0,10,9,0,9,$1.44,0,0.00%,$0.00,$1.44,1,10.00%,$0.16,$1.60,,,,
Louise Archer Elementary,5/23/2025,30099,Chickpeas(1/4 cup),14,0,14,12,10,0,10,$0.90,2,16.67%,$0.18,$1.08,0,0.00%,$0.00,$1.08,,,,
Louise Archer Elementary,5/23/2025,30107,Ranch Dressing(1 ounce),10,0,10,12,10,0,10,$1.10,2,16.67%,$0.22,$1.32,0,0.00%,$0.00,$1.32,,,,
Louise Archer Elementary,5/23/2025,60035,PB&J Power Pack(Power Packs),47,0,47,60,50,0,50,$54.00,0,0.00%,$0.00,$54.00,10,16.67%,$10.80,$64.80,,,,
Louise Archer Elementary,5/23/2025,60038,Peach Yogurt Power Pack(Power Packs),12,0,12,30,8,0,8,$6.40,0,0.00%,$0.00,$6.40,22,73.33%,$17.60,$24.00,,,,
Louise Archer Elementary,5/23/2025,60041,Turkey Pepperoni Pizza(Slice),88,0,88,127,114,0,114,$77.52,0,0.00%,$0.00,$77.52,13,10.24%,$8.84,$86.36,,,,
Louise Archer Elementary,5/23/2025,60077,Manager's Vegetable Choice(1/4 cup),59,0,59,75,73,0,73,$0.00,2,2.67%,$0.00,$0.00,0,0.00%,$0.00,$0.00,,,,
Louise Archer Elementary,5/23/2025,60101,Chickpeas - salad bar entree(1/2 cup),0,0,0,3,3,0,3,$0.54,0,0.00%,$0.00,$0.54,0,0.00%,$0.00,$0.54,,,,
Louise Archer Elementary,5/23/2025,60122,Asian Meatball Sub(sandwich),0,0,0,10,5,0,5,$8.90,5,50.00%,$8.90,$17.80,0,0.00%,$0.00,$17.80,,,,
Luther Jackson Middle,5/23/2025,10015,Baked Cheese Sticks(2 Cheese Sticks),0,0,0,33,30,3,33,$21.78,0,0.00%,$0.00,$21.78,0,0.00%,$0.00,$21.78,,,,
Luther Jackson Middle,5/23/2025,10033,Chocolate Chip Cookie(Cookie),105,0,105,105,0,105,105,$0.00,0,0.00%,$0.00,$0.00,0,0.00%,$0.00,$0.00,,,,
Luther Jackson Middle,5/23/2025,10075,Cheese Pizza(Slice),144,0,144,180,171,6,177,$100.89,3,1.67%,$1.71,$102.60,0,0.00%,$0.00,$102.60,,,,
Luther Jackson Middle,5/23/2025,20001,1% White Milk(Each),50,0,50,151,78,0,78,$28.08,0,0.00%,$0.00,$28.08,73,48.34%,$26.28,$54.36,,,,
Luther Jackson Middle,5/23/2025,20002,Fat Free Chocolate Milk(Each),400,0,400,866,353,0,353,$123.55,0,0.00%,$0.00,$123.55,513,59.24%,$179.55,$303.10,,,,
Luther Jackson Middle,5/23/2025,20011,Cherry Tomatoes(1/4 cup),72,0,72,36,36,0,36,$13.32,0,0.00%,$0.00,$13.32,0,0.00%,$0.00,$13.32,,,,
Luther Jackson Middle,5/23/2025,20014,Red Delicious Apple(Each - serving),0,0,0,538,404,0,404,$133.32,0,0.00%,$0.00,$133.32,134,24.91%,$44.22,$177.54,,,,
Luther Jackson Middle,5/23/2025,20023,Baby Carrots(3 baby carrots per 1/4 cup),0,0,0,96,96,0,96,$8.64,0,0.00%,$0.00,$8.64,0,0.00%,$0.00,$8.64,,,,
Luther Jackson Middle,5/23/2025,20027,Broccoli Florets(1/4 cup),0,0,0,42,42,0,42,$3.36,0,0.00%,$0.00,$3.36,0,0.00%,$0.00,$3.36,,,,
Luther Jackson Middle,5/23/2025,20028,Lettuce Blend Salad Mix(1/2 cup),160,0,160,160,160,0,160,$12.80,0,0.00%,$0.00,$12.80,0,0.00%,$0.00,$12.80,,,,
Luther Jackson Middle,5/23/2025,20031,Banana(Each),0,0,0,80,80,0,80,$16.80,0,0.00%,$0.00,$16.80,0,0.00%,$0.00,$16.80,,,,
Luther Jackson Middle,5/23/2025,20036,Celery Sticks(1/2 cup),0,0,0,96,96,0,96,$52.80,0,0.00%,$0.00,$52.80,0,0.00%,$0.00,$52.80,,,,
Luther Jackson Middle,5/23/2025,30008,Apple Juice(Each),0,0,0,20,0,14,14,$0.00,0,0.00%,$0.00,$0.00,6,30.00%,$0.00,$0.00,,,,
Luther Jackson Middle,5/23/2025,30011,"Salsa, Mild Canned(1.5 oz)",58,0,58,74,74,0,74,$7.40,0,0.00%,$0.00,$7.40,0,0.00%,$0.00,$7.40,,,,
Luther Jackson Middle,5/23/2025,30018,Marinara Sauce(1/2 cup),0,0,0,50,40,0,40,$11.60,0,0.00%,$0.00,$11.60,10,20.00%,$2.90,$14.50,,,,
Luther Jackson Middle,5/23/2025,30063,Ketchup Packet(Packet),187,0,187,300,196,0,196,$5.88,0,0.00%,$0.00,$5.88,104,34.67%,$3.12,$9.00,,,,
Luther Jackson Middle,5/23/2025,30065,Mustard Packet(Packet),38,0,38,50,31,0,31,$1.55,0,0.00%,$0.00,$1.55,19,38.00%,$0.95,$2.50,,,,
Luther Jackson Middle,5/23/2025,30097,Bottled Water(Bottle),36,0,36,34,0,28,28,$0.00,0,0.00%,$0.00,$0.00,6,17.65%,$0.00,$0.00,,,,
Luther Jackson Middle,5/23/2025,30107,Ranch Dressing(1 ounce),144,0,144,168,156,0,156,$17.16,0,0.00%,$0.00,$17.16,12,7.14%,$1.32,$18.48,,,,
Luther Jackson Middle,5/23/2025,30110,Doritos Flamas(Each),30,0,30,29,0,29,29,$0.00,0,0.00%,$0.00,$0.00,0,0.00%,$0.00,$0.00,,,,
Luther Jackson Middle,5/23/2025,30111,Doritos RF Spicy Sweet Chili(Each),20,0,20,21,0,20,20,$0.00,0,0.00%,$0.00,$0.00,1,4.76%,$0.00,$0.00,,,,
Luther Jackson Middle,5/23/2025,30113,Cool Ranch Reduced Fat Doritos(Each),20,0,20,21,0,15,15,$0.00,0,0.00%,$0.00,$0.00,6,28.57%,$0.00,$0.00,,,,
Luther Jackson Middle,5/23/2025,30114,SS Baked Cheetos Flaming Hot(Each),30,0,30,21,0,21,21,$0.00,0,0.00%,$0.00,$0.00,0,0.00%,$0.00,$0.00,,,,
Luther Jackson Middle,5/23/2025,30115,SS Baked Cheetos Flaming Limon(Each),30,0,30,22,0,21,21,$0.00,0,0.00%,$0.00,$0.00,1,4.55%,$0.00,$0.00,,,,
Luther Jackson Middle,5/23/2025,30118,Kettle Cooked Smoky BBQ Chips(Each),20,0,20,21,0,16,16,$0.00,0,0.00%,$0.00,$0.00,5,23.81%,$0.00,$0.00,,,,
Luther Jackson Middle,5/23/2025,30119,RF Kettle Chips Jalapeno & Cheddar Chips(Each),20,0,20,21,0,17,17,$0.00,0,0.00%,$0.00,$0.00,4,19.05%,$0.00,$0.00,,,,
Luther Jackson Middle,5/23/2025,30120,RF Kettle Chips Sea Salt & Vinegar Chips(Each),20,0,20,21,0,20,20,$0.00,0,0.00%,$0.00,$0.00,1,4.76%,$0.00,$0.00,,,,
Luther Jackson Middle,5/23/2025,30122,WG Chocolate Chip Rice Krispy Treats(Each),0,0,0,60,0,46,46,$0.00,0,0.00%,$0.00,$0.00,14,23.33%,$0.00,$0.00,,,,
Luther Jackson Middle,5/23/2025,30124,"Fruit Snacks, Welch's Mixed(Each)",30,0,30,44,0,27,27,$0.00,0,0.00%,$0.00,$0.00,17,38.64%,$0.00,$0.00,,,,
Luther Jackson Middle,5/23/2025,30160,Lay's RF Kettle Original Chips(Each),20,0,20,21,0,21,21,$0.00,0,0.00%,$0.00,$0.00,0,0.00%,$0.00,$0.00,,,,
Luther Jackson Middle,5/23/2025,60020,"Quesadilla, Turkey Barbacoa and Cheese(Quesadilla)",80,0,80,48,42,6,48,$58.56,0,0.00%,$0.00,$58.56,0,0.00%,$0.00,$58.56,,,,
Luther Jackson Middle,5/23/2025,60035,PB&J Power Pack(Power Packs),72,0,72,72,70,2,72,$77.76,0,0.00%,$0.00,$77.76,0,0.00%,$0.00,$77.76,,,,
Luther Jackson Middle,5/23/2025,60037,Strawberry & Banana Yogurt Power Pack(Power Packs),6,0,6,6,5,0,5,$4.00,0,0.00%,$0.00,$4.00,1,16.67%,$0.80,$4.80,,,,
Luther Jackson Middle,5/23/2025,60041,Turkey Pepperoni Pizza(Slice),205,0,205,252,243,0,243,$165.24,0,0.00%,$0.00,$165.24,9,3.57%,$6.12,$171.36,,,,
Luther Jackson Middle,5/23/2025,60072,Spicy Breaded Chicken Patty on Bun(Sandwich),0,0,0,1,0,1,1,$0.00,0,0.00%,$0.00,$0.00,0,0.00%,$0.00,$0.00,,,,
Luther Jackson Middle,5/23/2025,60075,Spicy Chicken Wrap(Wrap),72,0,72,38,38,0,38,$44.46,0,0.00%,$0.00,$44.46,0,0.00%,$0.00,$44.46,,,,
Luther Jackson Middle,5/23/2025,60144,Tomato & Basil Lasagna(Each),0,0,0,12,9,1,10,$11.00,2,16.67%,$2.20,$13.20,0,0.00%,$0.00,$13.20,,,,
Lynbrook Elementary,5/23/2025,10027,"Bread, Loco(1/2 piece)",0,0,0,10,5,0,5,$0.75,0,0.00%,$0.00,$0.75,5,50.00%,$0.75,$1.50,,,,
Lynbrook Elementary,5/23/2025,10033,Chocolate Chip Cookie(1/2 Cookie),0,20,20,0,0,0,0,$0.00,0,0.00%,$0.00,$0.00,0,0.00%,$0.00,$0.00,,,,
Lynbrook Elementary,5/23/2025,10075,Cheese Pizza(Slice),3,0,3,5,2,0,2,$1.14,0,0.00%,$0.00,$1.14,3,60.00%,$1.71,$2.85,,,,
Lynbrook Elementary,5/23/2025,20001,1% White Milk(Each),80,0,80,143,80,3,83,$29.88,0,0.00%,$0.00,$29.88,60,41.96%,$21.60,$51.48,,,,
Lynbrook Elementary,5/23/2025,20002,Fat Free Chocolate Milk(Each),312,0,312,352,299,0,299,$104.65,0,0.00%,$0.00,$104.65,53,15.06%,$18.55,$123.20,,,,
Lynbrook Elementary,5/23/2025,20008,Apple Slices(3 slices per 1/4 cup),0,0,0,380,375,0,375,$221.25,0,0.00%,$0.00,$221.25,5,1.32%,$2.95,$224.20,,,,
Lynbrook Elementary,5/23/2025,20016,String Cheese(Each),0,5,5,0,0,0,0,$0.00,0,0.00%,$0.00,$0.00,0,0.00%,$0.00,$0.00,,,,
Lynbrook Elementary,5/23/2025,20018,Red Seedless Grapes(8 grapes per 1/4 cup),410,0,410,450,440,0,440,$114.40,0,0.00%,$0.00,$114.40,10,2.22%,$2.60,$117.00,,,,
Lynbrook Elementary,5/23/2025,20027,Broccoli Florets(1/4 cup),0,0,0,84,78,0,78,$6.24,0,0.00%,$0.00,$6.24,6,7.14%,$0.48,$6.72,,,,
Lynbrook Elementary,5/23/2025,20028,Lettuce Blend Salad Mix(1/2 cup),164,0,164,180,165,0,165,$13.20,0,0.00%,$0.00,$13.20,15,8.33%,$1.20,$14.40,,,,
Lynbrook Elementary,5/23/2025,20031,Banana(Each),0,0,0,165,159,0,159,$33.39,0,0.00%,$0.00,$33.39,6,3.64%,$1.26,$34.65,,,,
Lynbrook Elementary,5/23/2025,20038,Fat Free White Milk(Each),18,0,18,30,13,0,13,$4.29,0,0.00%,$0.00,$4.29,17,56.67%,$5.61,$9.90,,,,
Lynbrook Elementary,5/23/2025,20047,Orange Slices(3 slices per 1/4 cup),0,0,0,275,265,0,265,$53.00,0,0.00%,$0.00,$53.00,10,3.64%,$2.00,$55.00,,,,
Lynbrook Elementary,5/23/2025,20052,Assorted  4 oz Yogurt(Container),0,5,5,0,0,0,0,$0.00,0,0.00%,$0.00,$0.00,0,0.00%,$0.00,$0.00,,,,
Lynbrook Elementary,5/23/2025,30008,Apple Juice(Each),0,5,5,5,0,2,2,$0.00,0,0.00%,$0.00,$0.00,3,60.00%,$0.00,$0.00,,,,
Lynbrook Elementary,5/23/2025,30009,Orange Tangerine Juice(Each),0,5,5,0,0,0,0,$0.00,0,0.00%,$0.00,$0.00,0,0.00%,$0.00,$0.00,,,,
Lynbrook Elementary,5/23/2025,30024,Black Beans(1/2 Cup),60,0,60,65,57,3,60,$10.20,0,0.00%,$0.00,$10.20,5,7.69%,$0.85,$11.05,,,,
Lynbrook Elementary,5/23/2025,30033,Cheez-Its Crackers(Package),50,0,50,52,50,0,50,$9.00,0,0.00%,$0.00,$9.00,2,3.85%,$0.36,$9.36,,,,
Lynbrook Elementary,5/23/2025,30045,Watermelon Flavored Dried Cranberries(Each),145,0,145,200,183,0,183,$43.92,0,0.00%,$0.00,$43.92,17,8.50%,$4.08,$48.00,,,,
Lynbrook Elementary,5/23/2025,30061,Chilled Mandarin Oranges(1/2 cup (drained)),58,0,58,65,57,3,60,$20.40,0,0.00%,$0.00,$20.40,5,7.69%,$1.70,$22.10,,,,
Lynbrook Elementary,5/23/2025,30094,Doritos Wild White Nacho Flavored Tortilla Chips(Bag),0,15,15,20,0,17,17,$0.00,0,0.00%,$0.00,$0.00,3,15.00%,$0.00,$0.00,,,,
Lynbrook Elementary,5/23/2025,30097,Bottled Water(Bottle),0,20,20,5,0,1,1,$0.00,0,0.00%,$0.00,$0.00,4,80.00%,$0.00,$0.00,,,,
Lynbrook Elementary,5/23/2025,30099,Chickpeas(1/4 cup),13,0,13,15,14,0,14,$1.26,0,0.00%,$0.00,$1.26,1,6.67%,$0.09,$1.35,,,,
Lynbrook Elementary,5/23/2025,30107,Ranch Dressing(1 ounce),123,0,123,220,215,0,215,$23.65,0,0.00%,$0.00,$23.65,5,2.27%,$0.55,$24.20,,,,
Lynbrook Elementary,5/23/2025,60035,PB&J Power Pack(Power Packs),115,0,115,50,22,0,22,$23.76,0,0.00%,$0.00,$23.76,28,56.00%,$30.24,$54.00,,,,
Lynbrook Elementary,5/23/2025,60036,Cherry Vanilla Yogurt Power Pack(Power Packs),26,0,26,10,6,0,6,$4.80,0,0.00%,$0.00,$4.80,4,40.00%,$3.20,$8.00,,,,
Lynbrook Elementary,5/23/2025,60041,Turkey Pepperoni Pizza(Slice),276,0,276,350,317,22,339,$230.52,0,0.00%,$0.00,$230.52,11,3.14%,$7.48,$238.00,,,,
Lynbrook Elementary,5/23/2025,60077,Manager's Vegetable Choice(1/4 cup),113,0,113,96,88,0,88,$0.00,0,0.00%,$0.00,$0.00,8,8.33%,$0.00,$0.00,,,,
Lynbrook Elementary,5/23/2025,60080,Cheese Pizza(Slice),135,0,135,165,160,0,160,$91.20,2,1.21%,$1.14,$92.34,3,1.82%,$1.71,$94.05,,,,
Lynbrook Elementary,5/23/2025,60150,Strawberry Parfait Power Pack(Power Pack),15,0,15,10,4,0,4,$6.52,0,0.00%,$0.00,$6.52,6,60.00%,$9.78,$16.30,,,,
MARSHALL HS,5/23/2025,10001,"Patty, Chicken, Breaded, WG(2 strips)",13,0,13,20,12,0,12,$2.64,0,0.00%,$0.00,$2.64,8,40.00%,$1.76,$4.40,,,,
MARSHALL HS,5/23/2025,10011,Sweet Thai Chili Sauce(ounce),0,0,0,20,15,0,15,$2.10,0,0.00%,$0.00,$2.10,5,25.00%,$0.70,$2.80,,,,
MARSHALL HS,5/23/2025,10015,Baked Cheese Sticks(2 Cheese Sticks),0,0,0,114,112,2,114,$75.24,0,0.00%,$0.00,$75.24,0,0.00%,$0.00,$75.24,,,,
MARSHALL HS,5/23/2025,10026,Chickenless Bites(2 Bites),0,0,0,41,41,0,41,$14.76,0,0.00%,$0.00,$14.76,0,0.00%,$0.00,$14.76,,,,
MARSHALL HS,5/23/2025,10033,Chocolate Chip Cookie(Cookie),200,0,200,243,243,0,243,$65.61,0,0.00%,$0.00,$65.61,0,0.00%,$0.00,$65.61,,,,
MARSHALL HS,5/23/2025,10044,Soft Pretzel(1 pretzel),25,0,25,46,43,0,43,$9.46,0,0.00%,$0.00,$9.46,3,6.52%,$0.66,$10.12,,,,
MARSHALL HS,5/23/2025,10049,"WG 10"" Flour Tortilla(Tortilla)",5,0,5,10,3,0,3,$1.05,0,0.00%,$0.00,$1.05,7,70.00%,$2.45,$3.50,,,,
MARSHALL HS,5/23/2025,10051,"Turkey,  Breast, Pre-Sliced, Oven Roasted(3 Slices)",3,0,3,10,0,0,0,$0.00,0,0.00%,$0.00,$0.00,10,100.00%,$0.00,$0.00,,,,
MARSHALL HS,5/23/2025,10062,Corn(2 Tablespoons (thawed)),3,0,3,6,3,0,3,$0.15,0,0.00%,$0.00,$0.15,3,50.00%,$0.15,$0.30,,,,
MARSHALL HS,5/23/2025,10075,Cheese Pizza(Slice),96,0,96,60,46,0,46,$26.22,0,0.00%,$0.00,$26.22,14,23.33%,$7.98,$34.20,,,,
MARSHALL HS,5/23/2025,20001,1% White Milk(Each),66,0,66,173,36,0,36,$12.96,0,0.00%,$0.00,$12.96,137,79.19%,$49.32,$62.28,,,,
MARSHALL HS,5/23/2025,20002,Fat Free Chocolate Milk(Each),304,0,304,447,342,0,342,$119.70,0,0.00%,$0.00,$119.70,105,23.49%,$36.75,$156.45,,,,
MARSHALL HS,5/23/2025,20008,Apple Slices(3 slices per 1/4 cup),0,0,0,232,232,0,232,$136.88,0,0.00%,$0.00,$136.88,0,0.00%,$0.00,$136.88,,,,
MARSHALL HS,5/23/2025,20008,Apple Slices(6 Slices per 1/2 cup),12,0,12,14,14,0,14,$16.52,0,0.00%,$0.00,$16.52,0,0.00%,$0.00,$16.52,,,,
MARSHALL HS,5/23/2025,20011,Cherry Tomatoes(1/4 cup),111,0,111,144,108,0,108,$39.96,0,0.00%,$0.00,$39.96,36,25.00%,$13.32,$53.28,,,,
MARSHALL HS,5/23/2025,20014,Red Delicious Apple(Each - serving),0,0,0,385,310,0,310,$102.30,0,0.00%,$0.00,$102.30,75,19.48%,$24.75,$127.05,,,,
MARSHALL HS,5/23/2025,20016,String Cheese(Each),17,0,17,14,14,0,14,$3.08,0,0.00%,$0.00,$3.08,0,0.00%,$0.00,$3.08,,,,
MARSHALL HS,5/23/2025,20018,Red Seedless Grapes(8 grapes per 1/4 cup),524,0,524,524,514,0,514,$133.64,0,0.00%,$0.00,$133.64,10,1.91%,$2.60,$136.24,,,,
MARSHALL HS,5/23/2025,20023,Baby Carrots(3 baby carrots per 1/4 cup),0,0,0,12,6,0,6,$0.54,0,0.00%,$0.00,$0.54,6,50.00%,$0.54,$1.08,,,,
MARSHALL HS,5/23/2025,20027,Broccoli Florets(1/4 cup),0,0,0,168,147,0,147,$11.76,0,0.00%,$0.00,$11.76,21,12.50%,$1.68,$13.44,,,,
MARSHALL HS,5/23/2025,20027,Broccoli Florets(6 Pieces per 1/2 cup),6,0,6,12,6,0,6,$0.90,0,0.00%,$0.00,$0.90,6,50.00%,$0.90,$1.80,,,,
MARSHALL HS,5/23/2025,20028,Lettuce Blend Salad Mix(1/2 cup),256,0,256,280,270,0,270,$21.60,0,0.00%,$0.00,$21.60,10,3.57%,$0.80,$22.40,,,,
MARSHALL HS,5/23/2025,20035,"Onions, Red, Whole(1/4 cup (sliced))",4,0,4,5,3,0,3,$0.21,0,0.00%,$0.00,$0.21,2,40.00%,$0.14,$0.35,,,,
MARSHALL HS,5/23/2025,20036,Celery Sticks(1/2 cup),0,0,0,96,93,0,93,$51.15,0,0.00%,$0.00,$51.15,3,3.13%,$1.65,$52.80,,,,
MARSHALL HS,5/23/2025,20038,Fat Free White Milk(Each),1,0,1,32,9,0,9,$2.97,0,0.00%,$0.00,$2.97,23,71.88%,$7.59,$10.56,,,,
MARSHALL HS,5/23/2025,20047,Orange Slices(3 slices per 1/4 cup),0,0,0,153,152,0,152,$30.40,0,0.00%,$0.00,$30.40,1,0.65%,$0.20,$30.60,,,,
MARSHALL HS,5/23/2025,20052,Assorted  4 oz Yogurt(Container),7,0,7,6,6,0,6,$0.00,0,0.00%,$0.00,$0.00,0,0.00%,$0.00,$0.00,,,,
MARSHALL HS,5/23/2025,20076,"Peppers, green, pre-sliced(1/2 cup sliced)",0,0,0,70,69,0,69,$20.70,0,0.00%,$0.00,$20.70,1,1.43%,$0.30,$21.00,,,,
MARSHALL HS,5/23/2025,20076,"Peppers, green, pre-sliced(1/4 cup sliced)",4,0,4,5,3,0,3,$0.45,0,0.00%,$0.00,$0.45,2,40.00%,$0.30,$0.75,,,,
MARSHALL HS,5/23/2025,20077,"Peppers, red, pre-sliced(1/2 cup sliced)",0,0,0,70,69,0,69,$38.64,0,0.00%,$0.00,$38.64,1,1.43%,$0.56,$39.20,,,,
MARSHALL HS,5/23/2025,20077,"Peppers, red, pre-sliced(1/4 cup sliced)",4,0,4,5,3,0,3,$0.84,0,0.00%,$0.00,$0.84,2,40.00%,$0.56,$1.40,,,,
MARSHALL HS,5/23/2025,30002,Sub Roll(Sub Roll),7,0,7,10,4,0,4,$1.24,0,0.00%,$0.00,$1.24,6,60.00%,$1.86,$3.10,,,,
MARSHALL HS,5/23/2025,30014,Whole Wheat Dinner Roll(2 rolls),0,0,0,41,41,0,41,$11.48,0,0.00%,$0.00,$11.48,0,0.00%,$0.00,$11.48,,,,
MARSHALL HS,5/23/2025,30018,Marinara Sauce(1/2 cup),0,0,0,92,87,2,89,$25.81,0,0.00%,$0.00,$25.81,3,3.26%,$0.87,$26.68,,,,
MARSHALL HS,5/23/2025,30033,Cheez-Its Crackers(Package),46,0,46,49,49,0,49,$8.82,0,0.00%,$0.00,$8.82,0,0.00%,$0.00,$8.82,,,,
MARSHALL HS,5/23/2025,30041,Orange Flavored Dried Cranberries(Each),54,0,54,54,41,0,41,$9.84,0,0.00%,$0.00,$9.84,13,24.07%,$3.12,$12.96,,,,
MARSHALL HS,5/23/2025,30045,Watermelon Flavored Dried Cranberries(Each),2,0,2,10,3,0,3,$0.72,0,0.00%,$0.00,$0.72,7,70.00%,$1.68,$2.40,,,,
MARSHALL HS,5/23/2025,30061,Chilled Mandarin Oranges(1/4 cup (drained)),218,0,218,211,211,0,211,$35.87,0,0.00%,$0.00,$35.87,0,0.00%,$0.00,$35.87,,,,
MARSHALL HS,5/23/2025,30063,Ketchup Packet(Packet),376,0,376,600,560,0,560,$16.80,0,0.00%,$0.00,$16.80,40,6.67%,$1.20,$18.00,,,,
MARSHALL HS,5/23/2025,30064,Mayonnaise Packet(Packet),73,0,73,90,62,0,62,$6.20,0,0.00%,$0.00,$6.20,28,31.11%,$2.80,$9.00,,,,
MARSHALL HS,5/23/2025,30065,Mustard Packet(Packet),30,0,30,50,10,0,10,$0.50,0,0.00%,$0.00,$0.50,40,80.00%,$2.00,$2.50,,,,
MARSHALL HS,5/23/2025,30077,Italian Dressing(1 ounce),91,0,91,108,90,0,90,$7.20,0,0.00%,$0.00,$7.20,18,16.67%,$1.44,$8.64,,,,
MARSHALL HS,5/23/2025,30097,Bottled Water(Bottle),85,0,85,94,94,0,94,$15.04,0,0.00%,$0.00,$15.04,0,0.00%,$0.00,$15.04,,,,
MARSHALL HS,5/23/2025,30099,Chickpeas(1/4 cup),44,0,44,56,33,0,33,$2.97,0,0.00%,$0.00,$2.97,23,41.07%,$2.07,$5.04,,,,
MARSHALL HS,5/23/2025,30107,Ranch Dressing(1 ounce),250,0,250,264,240,0,240,$26.40,0,0.00%,$0.00,$26.40,24,9.09%,$2.64,$29.04,,,,
MARSHALL HS,5/23/2025,60018,Cheese Quesadilla(Quesadilla),0,0,0,40,38,0,38,$26.22,0,0.00%,$0.00,$26.22,2,5.00%,$1.38,$27.60,,,,
MARSHALL HS,5/23/2025,60035,PB&J Power Pack(Power Packs),60,0,60,80,65,0,65,$70.20,0,0.00%,$0.00,$70.20,15,18.75%,$16.20,$86.40,,,,
MARSHALL HS,5/23/2025,60038,Peach Yogurt Power Pack(Power Packs),3,0,3,5,5,0,5,$4.00,0,0.00%,$0.00,$4.00,0,0.00%,$0.00,$4.00,,,,
MARSHALL HS,5/23/2025,60041,Turkey Pepperoni Pizza(Slice),61,0,61,60,48,0,48,$32.64,0,0.00%,$0.00,$32.64,12,20.00%,$8.16,$40.80,,,,
MARSHALL HS,5/23/2025,60064,Vegetable Dumpling(6 dumplings),0,0,0,20,15,0,15,$0.00,0,0.00%,$0.00,$0.00,5,25.00%,$0.00,$0.00,,,,
MARSHALL HS,5/23/2025,60072,Spicy Breaded Chicken Patty on Bun(Sandwich),0,0,0,360,329,8,337,$252.75,0,0.00%,$0.00,$252.75,23,6.39%,$17.25,$270.00,,,,
MARSHALL HS,5/23/2025,60073,Chicken and Cheese Quesadilla(Quesadilla),0,0,0,70,54,5,59,$96.17,0,0.00%,$0.00,$96.17,11,15.71%,$17.93,$114.10,,,,
MARSHALL HS,5/23/2025,60075,Spicy Chicken Wrap(Wrap),19,0,19,20,18,0,18,$21.06,0,0.00%,$0.00,$21.06,2,10.00%,$2.34,$23.40,,,,
MARSHALL HS,5/23/2025,60077,Manager's Vegetable Choice(1/4 cup),264,0,264,240,228,0,228,$0.00,0,0.00%,$0.00,$0.00,12,5.00%,$0.00,$0.00,,,,
MARSHALL HS,5/23/2025,60101,Chickpeas - salad bar entree(1/2 cup),19,0,19,12,12,0,12,$2.16,0,0.00%,$0.00,$2.16,0,0.00%,$0.00,$2.16,,,,
MT VERNON HS,5/23/2025,10005,"Chicken, Wings, Pre-Cooked(3 Wings)",0,0,0,196,183,10,193,$206.51,3,1.53%,$3.21,$209.72,0,0.00%,$0.00,$209.72,,,,
MT VERNON HS,5/23/2025,10013,"Patty, Chicken, Spicy, Breaded(2 strips)",0,0,0,22,22,0,22,$7.92,0,0.00%,$0.00,$7.92,0,0.00%,$0.00,$7.92,,,,
MT VERNON HS,5/23/2025,10033,Chocolate Chip Cookie(Cookie),105,0,105,105,75,0,75,$20.25,0,0.00%,$0.00,$20.25,30,28.57%,$8.10,$28.35,,,,
MT VERNON HS,5/23/2025,10044,Soft Pretzel(1 pretzel),20,0,20,23,22,1,23,$5.06,0,0.00%,$0.00,$5.06,0,0.00%,$0.00,$5.06,,,,
MT VERNON HS,5/23/2025,10049,"WG 10"" Flour Tortilla(Tortilla)",3,0,3,5,0,0,0,$0.00,0,0.00%,$0.00,$0.00,5,100.00%,$0.00,$0.00,,,,
MT VERNON HS,5/23/2025,10051,"Turkey,  Breast, Pre-Sliced, Oven Roasted(3 Slices)",8,0,8,5,5,0,5,$2.70,0,0.00%,$0.00,$2.70,0,0.00%,$0.00,$2.70,,,,
MT VERNON HS,5/23/2025,10062,Corn(2 Tablespoons (thawed)),13,0,13,15,12,0,12,$0.60,3,20.00%,$0.15,$0.75,0,0.00%,$0.00,$0.75,,,,
MT VERNON HS,5/23/2025,10067,Roasted Plantains(3 Slices),0,0,0,260,258,0,258,$87.72,2,0.77%,$0.68,$88.40,0,0.00%,$0.00,$88.40,,,,
MT VERNON HS,5/23/2025,10075,Cheese Pizza(Slice),76,0,76,108,91,3,94,$53.58,2,1.85%,$1.14,$54.72,12,11.11%,$6.84,$61.56,,,,
MT VERNON HS,5/23/2025,20001,1% White Milk(Each),110,0,110,324,152,0,152,$54.72,0,0.00%,$0.00,$54.72,172,53.09%,$61.92,$116.64,,,,
MT VERNON HS,5/23/2025,20002,Fat Free Chocolate Milk(Each),396,0,396,459,348,0,348,$121.80,0,0.00%,$0.00,$121.80,111,24.18%,$38.85,$160.65,,,,
MT VERNON HS,5/23/2025,20006,"Cheese, Shredded, Cheddar(1/4 cup)",32,0,32,52,52,0,52,$8.84,0,0.00%,$0.00,$8.84,0,0.00%,$0.00,$8.84,,,,
MT VERNON HS,5/23/2025,20011,Cherry Tomatoes(1/4 cup),186,0,186,100,100,0,100,$37.00,0,0.00%,$0.00,$37.00,0,0.00%,$0.00,$37.00,,,,
MT VERNON HS,5/23/2025,20015,Golden Delicious Apple(Each),0,0,0,300,235,0,235,$72.85,0,0.00%,$0.00,$72.85,65,21.67%,$20.15,$93.00,,,,
MT VERNON HS,5/23/2025,20023,Baby Carrots(3 baby carrots per 1/4 cup),0,0,0,302,254,0,254,$22.86,0,0.00%,$0.00,$22.86,48,15.89%,$4.32,$27.18,,,,
MT VERNON HS,5/23/2025,20027,Broccoli Florets(6 Pieces per 1/2 cup),11,0,11,10,10,0,10,$1.50,0,0.00%,$0.00,$1.50,0,0.00%,$0.00,$1.50,,,,
MT VERNON HS,5/23/2025,20028,Lettuce Blend Salad Mix(1/2 cup),376,0,376,370,354,0,354,$28.32,16,4.32%,$1.28,$29.60,0,0.00%,$0.00,$29.60,,,,
MT VERNON HS,5/23/2025,20031,Banana(Each),45,0,45,230,230,0,230,$48.30,0,0.00%,$0.00,$48.30,0,0.00%,$0.00,$48.30,,,,
MT VERNON HS,5/23/2025,20035,"Onions, Red, Whole(1/4 cup (sliced))",11,0,11,15,15,0,15,$1.05,0,0.00%,$0.00,$1.05,0,0.00%,$0.00,$1.05,,,,
MT VERNON HS,5/23/2025,20047,Orange Slices(3 slices per 1/4 cup),0,0,0,272,272,0,272,$54.40,0,0.00%,$0.00,$54.40,0,0.00%,$0.00,$54.40,,,,
MT VERNON HS,5/23/2025,20069,"Apple, Slices, IW - ER Supper Only(Each)",0,0,0,100,100,0,100,$33.00,0,0.00%,$0.00,$33.00,0,0.00%,$0.00,$33.00,,,,
MT VERNON HS,5/23/2025,20076,"Peppers, green, pre-sliced(1/4 cup sliced)",16,0,16,10,7,0,7,$1.05,3,30.00%,$0.45,$1.50,0,0.00%,$0.00,$1.50,,,,
MT VERNON HS,5/23/2025,20077,"Peppers, red, pre-sliced(1/4 cup sliced)",16,0,16,10,7,0,7,$1.96,3,30.00%,$0.84,$2.80,0,0.00%,$0.00,$2.80,,,,
MT VERNON HS,5/23/2025,30002,Sub Roll(Sub Roll),3,0,3,12,0,0,0,$0.00,0,0.00%,$0.00,$0.00,12,100.00%,$0.00,$0.00,,,,
MT VERNON HS,5/23/2025,30041,Orange Flavored Dried Cranberries(Each),95,0,95,214,214,0,214,$51.36,0,0.00%,$0.00,$51.36,0,0.00%,$0.00,$51.36,,,,
MT VERNON HS,5/23/2025,30043,Raspberry Lemonade Flavored Dried Cranberries(Each),188,0,188,110,94,0,94,$22.56,0,0.00%,$0.00,$22.56,16,14.55%,$3.84,$26.40,,,,
MT VERNON HS,5/23/2025,30063,Ketchup Packet(Packet),510,0,510,600,548,0,548,$16.44,0,0.00%,$0.00,$16.44,52,8.67%,$1.56,$18.00,,,,
MT VERNON HS,5/23/2025,30065,Mustard Packet(Packet),91,0,91,90,75,0,75,$3.75,0,0.00%,$0.00,$3.75,15,16.67%,$0.75,$4.50,,,,
MT VERNON HS,5/23/2025,30077,Italian Dressing(1 ounce),131,0,131,100,80,0,80,$6.40,0,0.00%,$0.00,$6.40,20,20.00%,$1.60,$8.00,,,,
MT VERNON HS,5/23/2025,30097,Bottled Water(Bottle),0,0,0,64,64,0,64,$10.24,0,0.00%,$0.00,$10.24,0,0.00%,$0.00,$10.24,,,,
MT VERNON HS,5/23/2025,30099,Chickpeas(1/4 cup),87,0,87,92,80,0,80,$7.20,12,13.04%,$1.08,$8.28,0,0.00%,$0.00,$8.28,,,,
MT VERNON HS,5/23/2025,30107,Ranch Dressing(1 ounce),242,0,242,270,230,0,230,$25.30,0,0.00%,$0.00,$25.30,40,14.81%,$4.40,$29.70,,,,
MT VERNON HS,5/23/2025,30110,Doritos Flamas(Each),0,0,0,30,26,0,26,$9.62,0,0.00%,$0.00,$9.62,4,13.33%,$1.48,$11.10,,,,
MT VERNON HS,5/23/2025,30114,SS Baked Cheetos Flaming Hot(Each),0,0,0,20,20,0,20,$10.60,0,0.00%,$0.00,$10.60,0,0.00%,$0.00,$10.60,,,,
MT VERNON HS,5/23/2025,30115,SS Baked Cheetos Flaming Limon(Each),0,0,0,10,10,0,10,$3.90,0,0.00%,$0.00,$3.90,0,0.00%,$0.00,$3.90,,,,
MT VERNON HS,5/23/2025,30118,Kettle Cooked Smoky BBQ Chips(Each),0,0,0,10,8,0,8,$4.80,0,0.00%,$0.00,$4.80,2,20.00%,$1.20,$6.00,,,,
MT VERNON HS,5/23/2025,30119,RF Kettle Chips Jalapeno & Cheddar Chips(Each),0,0,0,20,20,0,20,$12.00,0,0.00%,$0.00,$12.00,0,0.00%,$0.00,$12.00,,,,
MT VERNON HS,5/23/2025,30120,RF Kettle Chips Sea Salt & Vinegar Chips(Each),0,0,0,10,10,0,10,$6.00,0,0.00%,$0.00,$6.00,0,0.00%,$0.00,$6.00,,,,
MT VERNON HS,5/23/2025,30124,"Fruit Snacks, Welch's Mixed(Each)",0,0,0,5,5,0,5,$2.00,0,0.00%,$0.00,$2.00,0,0.00%,$0.00,$2.00,,,,
MT VERNON HS,5/23/2025,60020,"Quesadilla, Turkey Barbacoa and Cheese(Quesadilla)",74,0,74,110,105,5,110,$134.20,0,0.00%,$0.00,$134.20,0,0.00%,$0.00,$134.20,,,,
MT VERNON HS,5/23/2025,60035,PB&J Power Pack(Power Packs),90,0,90,120,111,0,111,$119.88,0,0.00%,$0.00,$119.88,9,7.50%,$9.72,$129.60,,,,
MT VERNON HS,5/23/2025,60036,Cherry Vanilla Yogurt Power Pack(Power Packs),5,0,5,10,10,0,10,$8.00,0,0.00%,$0.00,$8.00,0,0.00%,$0.00,$8.00,,,,
MT VERNON HS,5/23/2025,60041,Turkey Pepperoni Pizza(Slice),70,0,70,168,151,5,156,$106.08,2,1.19%,$1.36,$107.44,10,5.95%,$6.80,$114.24,,,,
MT VERNON HS,5/23/2025,60050,Chickenless Bites(2 Bites),4,0,4,8,4,0,4,$1.52,4,50.00%,$1.52,$3.04,0,0.00%,$0.00,$3.04,,,,
MT VERNON HS,5/23/2025,60075,Spicy Chicken Wrap(Wrap),90,0,90,119,119,0,119,$139.23,0,0.00%,$0.00,$139.23,0,0.00%,$0.00,$139.23,,,,
MT VERNON HS,5/23/2025,60077,Manager's Vegetable Choice(1/4 cup),450,0,450,282,260,0,260,$0.00,10,3.55%,$0.00,$0.00,12,4.26%,$0.00,$0.00,,,,
Madison High,5/23/2025,10001,"Patty, Chicken, Breaded, WG(2 strips)",19,0,19,0,0,0,0,$0.00,0,0.00%,$0.00,$0.00,0,0.00%,$0.00,$0.00,,,,
Madison High,5/23/2025,10015,Baked Cheese Sticks(2 Cheese Sticks),0,0,0,72,72,0,72,$47.52,0,0.00%,$0.00,$47.52,0,0.00%,$0.00,$47.52,,,,
Madison High,5/23/2025,10033,Chocolate Chip Cookie(Cookie),0,0,0,100,100,0,100,$27.00,0,0.00%,$0.00,$27.00,0,0.00%,$0.00,$27.00,,,,
Madison High,5/23/2025,10044,Soft Pretzel(1 pretzel),3,0,3,1,1,0,1,$0.22,0,0.00%,$0.00,$0.22,0,0.00%,$0.00,$0.22,,,,
Madison High,5/23/2025,10049,"WG 10"" Flour Tortilla(Tortilla)",19,0,19,0,0,0,0,$0.00,0,0.00%,$0.00,$0.00,0,0.00%,$0.00,$0.00,,,,
Madison High,5/23/2025,10051,"Turkey,  Breast, Pre-Sliced, Oven Roasted(3 Slices)",0,0,0,0,0,0,0,$0.00,0,0.00%,$0.00,$0.00,0,0.00%,$0.00,$0.00,,,,
Madison High,5/23/2025,10062,Corn(2 Tablespoons (thawed)),13,0,13,0,0,0,0,$0.00,0,0.00%,$0.00,$0.00,0,0.00%,$0.00,$0.00,,,,
Madison High,5/23/2025,10070,Orange Sauce(ounce),8,0,8,10,10,0,10,$1.40,0,0.00%,$0.00,$1.40,0,0.00%,$0.00,$1.40,,,,
Madison High,5/23/2025,10075,Cheese Pizza(Slice),96,0,96,110,89,0,89,$50.73,1,0.91%,$0.57,$51.30,20,18.18%,$11.40,$62.70,,,,
Madison High,5/23/2025,20001,1% White Milk(Each),28,0,28,36,3,0,3,$1.08,0,0.00%,$0.00,$1.08,33,91.67%,$11.88,$12.96,,,,
Madison High,5/23/2025,20002,Fat Free Chocolate Milk(Each),204,0,204,379,204,0,204,$71.40,0,0.00%,$0.00,$71.40,175,46.17%,$61.25,$132.65,,,,
Madison High,5/23/2025,20006,"Cheese, Shredded, Cheddar(1/4 cup)",20,0,20,0,0,0,0,$0.00,0,0.00%,$0.00,$0.00,0,0.00%,$0.00,$0.00,,,,
Madison High,5/23/2025,20008,Apple Slices(6 Slices per 1/2 cup),0,0,0,0,0,0,0,$0.00,0,0.00%,$0.00,$0.00,0,0.00%,$0.00,$0.00,,,,
Madison High,5/23/2025,20010,Fresh Whole Pear(Each),0,0,0,0,0,0,0,$0.00,0,0.00%,$0.00,$0.00,0,0.00%,$0.00,$0.00,,,,
Madison High,5/23/2025,20011,Cherry Tomatoes(6 Tomatoes per 1/2 cup),92,0,92,144,108,0,108,$79.92,0,0.00%,$0.00,$79.92,36,25.00%,$26.64,$106.56,,,,
Madison High,5/23/2025,20016,String Cheese(Each),0,0,0,0,0,0,0,$0.00,0,0.00%,$0.00,$0.00,0,0.00%,$0.00,$0.00,,,,
Madison High,5/23/2025,20018,Red Seedless Grapes(16 grapes per 1/2 cup),207,0,207,160,160,0,160,$81.60,0,0.00%,$0.00,$81.60,0,0.00%,$0.00,$81.60,,,,
Madison High,5/23/2025,20018,Red Seedless Grapes(2 Tablespoons),0,0,0,0,0,0,0,$0.00,0,0.00%,$0.00,$0.00,0,0.00%,$0.00,$0.00,,,,
Madison High,5/23/2025,20027,Broccoli Florets(1/4 cup),0,0,0,84,63,0,63,$5.04,0,0.00%,$0.00,$5.04,21,25.00%,$1.68,$6.72,,,,
Madison High,5/23/2025,20027,Broccoli Florets(6 Pieces per 1/2 cup),1,0,1,0,0,0,0,$0.00,0,0.00%,$0.00,$0.00,0,0.00%,$0.00,$0.00,,,,
Madison High,5/23/2025,20028,Lettuce Blend Salad Mix(1/2 cup),115,0,115,120,100,0,100,$8.00,0,0.00%,$0.00,$8.00,20,16.67%,$1.60,$9.60,,,,
Madison High,5/23/2025,20030,Sour Cream(2 Tablespoons),24,0,24,25,15,0,15,$2.25,0,0.00%,$0.00,$2.25,10,40.00%,$1.50,$3.75,,,,
Madison High,5/23/2025,20031,Banana(Each),0,0,0,0,0,0,0,$0.00,0,0.00%,$0.00,$0.00,0,0.00%,$0.00,$0.00,,,,
Madison High,5/23/2025,20035,"Onions, Red, Whole(1/4 cup (sliced))",0,0,0,0,0,0,0,$0.00,0,0.00%,$0.00,$0.00,0,0.00%,$0.00,$0.00,,,,
Madison High,5/23/2025,20038,Fat Free White Milk(Each),16,0,16,50,6,0,6,$1.98,0,0.00%,$0.00,$1.98,44,88.00%,$14.52,$16.50,,,,
Madison High,5/23/2025,20040,Cucumber Slices(2 Tablespoon),10,0,10,0,0,0,0,$0.00,0,0.00%,$0.00,$0.00,0,0.00%,$0.00,$0.00,,,,
Madison High,5/23/2025,20041,"Peppers, Green, Whole(2 Tablespoon)",0,0,0,0,0,0,0,$0.00,0,0.00%,$0.00,$0.00,0,0.00%,$0.00,$0.00,,,,
Madison High,5/23/2025,20042,"Peppers, Red, Whole(2 Tablespoons)",4,0,4,0,0,0,0,$0.00,0,0.00%,$0.00,$0.00,0,0.00%,$0.00,$0.00,,,,
Madison High,5/23/2025,20052,Assorted  4 oz Yogurt(Container),0,0,0,0,0,0,0,$0.00,0,0.00%,$0.00,$0.00,0,0.00%,$0.00,$0.00,,,,
Madison High,5/23/2025,20076,"Peppers, green, pre-sliced(1/4 cup sliced)",0,0,0,0,0,0,0,$0.00,0,0.00%,$0.00,$0.00,0,0.00%,$0.00,$0.00,,,,
Madison High,5/23/2025,20077,"Peppers, red, pre-sliced(1/2 cup sliced)",0,0,0,70,70,0,70,$39.20,0,0.00%,$0.00,$39.20,0,0.00%,$0.00,$39.20,,,,
Madison High,5/23/2025,20077,"Peppers, red, pre-sliced(1/4 cup sliced)",0,0,0,0,0,0,0,$0.00,0,0.00%,$0.00,$0.00,0,0.00%,$0.00,$0.00,,,,
Madison High,5/23/2025,30002,Sub Roll(Sub Roll),0,0,0,0,0,0,0,$0.00,0,0.00%,$0.00,$0.00,0,0.00%,$0.00,$0.00,,,,
Madison High,5/23/2025,30008,Apple Juice(Each),0,0,0,0,0,0,0,$0.00,0,0.00%,$0.00,$0.00,0,0.00%,$0.00,$0.00,,,,
Madison High,5/23/2025,30009,Orange Tangerine Juice(Each),0,0,0,0,0,0,0,$0.00,0,0.00%,$0.00,$0.00,0,0.00%,$0.00,$0.00,,,,
Madison High,5/23/2025,30011,"Salsa, Mild Canned(1.5 oz)",29,0,29,50,38,0,38,$3.80,0,0.00%,$0.00,$3.80,12,24.00%,$1.20,$5.00,,,,
Madison High,5/23/2025,30033,Cheez-Its Crackers(Package),0,0,0,0,0,0,0,$0.00,0,0.00%,$0.00,$0.00,0,0.00%,$0.00,$0.00,,,,
Madison High,5/23/2025,30039,Cherry Flavored Dried Cranberries(Each),0,0,0,0,0,0,0,$0.00,0,0.00%,$0.00,$0.00,0,0.00%,$0.00,$0.00,,,,
Madison High,5/23/2025,30041,Orange Flavored Dried Cranberries(Each),4,0,4,0,0,0,0,$0.00,0,0.00%,$0.00,$0.00,0,0.00%,$0.00,$0.00,,,,
Madison High,5/23/2025,30043,Raspberry Lemonade Flavored Dried Cranberries(Each),0,0,0,0,0,0,0,$0.00,0,0.00%,$0.00,$0.00,0,0.00%,$0.00,$0.00,,,,
Madison High,5/23/2025,30044,Strawberry Flavored Dried Cranberries(Each),0,0,0,0,0,0,0,$0.00,0,0.00%,$0.00,$0.00,0,0.00%,$0.00,$0.00,,,,
Madison High,5/23/2025,30045,Watermelon Flavored Dried Cranberries(Each),9,0,9,0,0,0,0,$0.00,0,0.00%,$0.00,$0.00,0,0.00%,$0.00,$0.00,,,,
Madison High,5/23/2025,30061,Chilled Mandarin Oranges(1/2 cup (drained)),182,0,182,168,168,0,168,$57.12,0,0.00%,$0.00,$57.12,0,0.00%,$0.00,$57.12,,,,
Madison High,5/23/2025,30063,Ketchup Packet(Packet),145,0,145,150,110,0,110,$3.30,0,0.00%,$0.00,$3.30,40,26.67%,$1.20,$4.50,,,,
Madison High,5/23/2025,30064,Mayonnaise Packet(Packet),20,0,20,20,20,0,20,$2.00,0,0.00%,$0.00,$2.00,0,0.00%,$0.00,$2.00,,,,
Madison High,5/23/2025,30065,Mustard Packet(Packet),0,0,0,0,0,0,0,$0.00,0,0.00%,$0.00,$0.00,0,0.00%,$0.00,$0.00,,,,
Madison High,5/23/2025,30077,Italian Dressing(1 ounce),18,0,18,48,18,0,18,$1.44,0,0.00%,$0.00,$1.44,30,62.50%,$2.40,$3.84,,,,
Madison High,5/23/2025,30097,Bottled Water(Bottle),0,0,0,59,59,0,59,$9.44,0,0.00%,$0.00,$9.44,0,0.00%,$0.00,$9.44,,,,
Madison High,5/23/2025,30099,Chickpeas(1/2 cup),10,0,10,16,8,0,8,$1.44,8,50.00%,$1.44,$2.88,0,0.00%,$0.00,$2.88,,,,
Madison High,5/23/2025,30099,Chickpeas(1/4 cup),7,0,7,0,0,0,0,$0.00,0,0.00%,$0.00,$0.00,0,0.00%,$0.00,$0.00,,,,
Madison High,5/23/2025,30107,Ranch Dressing(1 ounce),75,0,75,72,52,0,52,$5.72,0,0.00%,$0.00,$5.72,20,27.78%,$2.20,$7.92,,,,
Madison High,5/23/2025,30109,Smartfood RF White Cheddar Popcorn(Each),0,0,0,0,0,0,0,$0.00,0,0.00%,$0.00,$0.00,0,0.00%,$0.00,$0.00,,,,
Madison High,5/23/2025,30110,Doritos Flamas(Each),0,0,0,36,36,0,36,$13.32,0,0.00%,$0.00,$13.32,0,0.00%,$0.00,$13.32,,,,
Madison High,5/23/2025,30111,Doritos RF Spicy Sweet Chili(Each),0,0,0,0,0,0,0,$0.00,0,0.00%,$0.00,$0.00,0,0.00%,$0.00,$0.00,,,,
Madison High,5/23/2025,30112,Doritos RF Nacho Cheese(Each),0,0,0,0,0,0,0,$0.00,0,0.00%,$0.00,$0.00,0,0.00%,$0.00,$0.00,,,,
Madison High,5/23/2025,30113,Cool Ranch Reduced Fat Doritos(Each),0,0,0,0,0,0,0,$0.00,0,0.00%,$0.00,$0.00,0,0.00%,$0.00,$0.00,,,,
Madison High,5/23/2025,30114,SS Baked Cheetos Flaming Hot(Each),0,0,0,0,0,0,0,$0.00,0,0.00%,$0.00,$0.00,0,0.00%,$0.00,$0.00,,,,
Madison High,5/23/2025,30115,SS Baked Cheetos Flaming Limon(Each),0,0,0,0,0,0,0,$0.00,0,0.00%,$0.00,$0.00,0,0.00%,$0.00,$0.00,,,,
Madison High,5/23/2025,30116,SS Cheetos Fantastix Flaming Hot(Each),0,0,0,0,0,0,0,$0.00,0,0.00%,$0.00,$0.00,0,0.00%,$0.00,$0.00,,,,
Madison High,5/23/2025,30117,WG Baked Funyuns(Each),0,0,0,35,35,0,35,$12.60,0,0.00%,$0.00,$12.60,0,0.00%,$0.00,$12.60,,,,
Madison High,5/23/2025,30118,Kettle Cooked Smoky BBQ Chips(Each),0,0,0,0,0,0,0,$0.00,0,0.00%,$0.00,$0.00,0,0.00%,$0.00,$0.00,,,,
Madison High,5/23/2025,30119,RF Kettle Chips Jalapeno & Cheddar Chips(Each),0,0,0,36,36,0,36,$21.60,0,0.00%,$0.00,$21.60,0,0.00%,$0.00,$21.60,,,,
Madison High,5/23/2025,30120,RF Kettle Chips Sea Salt & Vinegar Chips(Each),0,0,0,24,24,0,24,$14.40,0,0.00%,$0.00,$14.40,0,0.00%,$0.00,$14.40,,,,
Madison High,5/23/2025,30124,"Fruit Snacks, Welch's Mixed(Each)",0,0,0,0,0,0,0,$0.00,0,0.00%,$0.00,$0.00,0,0.00%,$0.00,$0.00,,,,
Madison High,5/23/2025,30160,Lay's RF Kettle Original Chips(Each),0,0,0,0,0,0,0,$0.00,0,0.00%,$0.00,$0.00,0,0.00%,$0.00,$0.00,,,,
Madison High,5/23/2025,60020,"Quesadilla, Turkey Barbacoa and Cheese(Quesadilla)",80,0,80,94,93,0,93,$113.46,1,1.06%,$1.22,$114.68,0,0.00%,$0.00,$114.68,,,,
Madison High,5/23/2025,60037,Strawberry & Banana Yogurt Power Pack(Power Packs),6,0,6,5,5,0,5,$4.00,0,0.00%,$0.00,$4.00,0,0.00%,$0.00,$4.00,,,,
Madison High,5/23/2025,60038,Peach Yogurt Power Pack(Power Packs),6,0,6,5,5,0,5,$4.00,0,0.00%,$0.00,$4.00,0,0.00%,$0.00,$4.00,,,,
Madison High,5/23/2025,60041,Turkey Pepperoni Pizza(Slice),192,0,192,130,65,7,72,$48.96,1,0.77%,$0.68,$49.64,57,43.85%,$38.76,$88.40,,,,
Madison High,5/23/2025,60050,Chickenless Bites(2 Bites),0,0,0,0,0,0,0,$0.00,0,0.00%,$0.00,$0.00,0,0.00%,$0.00,$0.00,,,,
Madison High,5/23/2025,60063,Chicken & Vegetable Dumplings(6 dumplings),21,0,21,21,20,0,20,$0.00,1,4.76%,$0.00,$0.00,0,0.00%,$0.00,$0.00,,,,
Madison High,5/23/2025,60077,Manager's Vegetable Choice(1/4 cup),0,0,0,0,0,0,0,$0.00,0,0.00%,$0.00,$0.00,0,0.00%,$0.00,$0.00,,,,
Madison High,5/23/2025,60101,Chickpeas - salad bar entree(1/2 cup),1,0,1,16,0,0,0,$0.00,1,6.25%,$0.00,$0.00,15,93.75%,$0.00,$0.00,,,,
Mantua Elementary,5/23/2025,10044,Soft Pretzel(1 pretzel),9,0,9,0,0,0,0,$0.00,0,0.00%,$0.00,$0.00,0,0.00%,$0.00,$0.00,,,,
Mantua Elementary,5/23/2025,10062,Corn(1/2 cup (cooked)),0,0,0,50,50,0,50,$10.50,0,0.00%,$0.00,$10.50,0,0.00%,$0.00,$10.50,,,,
Mantua Elementary,5/23/2025,10073,Whole Strawberries(1/2 cup thawed),0,0,0,100,95,0,95,$32.30,5,5.00%,$1.70,$34.00,0,0.00%,$0.00,$34.00,,,,
Mantua Elementary,5/23/2025,20001,1% White Milk(Each),58,0,58,309,82,0,82,$29.52,0,0.00%,$0.00,$29.52,227,73.46%,$81.72,$111.24,,,,
Mantua Elementary,5/23/2025,20002,Fat Free Chocolate Milk(Each),244,8,252,200,200,0,200,$70.00,0,0.00%,$0.00,$70.00,0,0.00%,$0.00,$70.00,,,,
Mantua Elementary,5/23/2025,20011,Cherry Tomatoes(1/4 cup),136,0,136,60,60,0,60,$22.20,0,0.00%,$0.00,$22.20,0,0.00%,$0.00,$22.20,,,,
Mantua Elementary,5/23/2025,20014,Red Delicious Apple(Each - serving),0,0,0,200,190,0,190,$62.70,0,0.00%,$0.00,$62.70,10,5.00%,$3.30,$66.00,,,,
Mantua Elementary,5/23/2025,20018,Red Seedless Grapes(8 grapes per 1/4 cup),170,0,170,0,0,0,0,$0.00,0,0.00%,$0.00,$0.00,0,0.00%,$0.00,$0.00,,,,
Mantua Elementary,5/23/2025,20028,Lettuce Blend Salad Mix(1/2 cup),163,0,163,120,118,0,118,$9.44,2,1.67%,$0.16,$9.60,0,0.00%,$0.00,$9.60,,,,
Mantua Elementary,5/23/2025,20038,Fat Free White Milk(Each),57,0,57,60,13,0,13,$4.29,0,0.00%,$0.00,$4.29,47,78.33%,$15.51,$19.80,,,,
Mantua Elementary,5/23/2025,30024,Black Beans(1/2 Cup),0,0,0,60,50,0,50,$8.50,10,16.67%,$1.70,$10.20,0,0.00%,$0.00,$10.20,,,,
Mantua Elementary,5/23/2025,30039,Cherry Flavored Dried Cranberries(Each),93,3,96,0,0,0,0,$0.00,0,0.00%,$0.00,$0.00,0,0.00%,$0.00,$0.00,,,,
Mantua Elementary,5/23/2025,30041,Orange Flavored Dried Cranberries(Each),0,0,0,120,95,0,95,$22.80,0,0.00%,$0.00,$22.80,25,20.83%,$6.00,$28.80,,,,
Mantua Elementary,5/23/2025,30042,Original Flavored Dried Cranberries(Package),85,3,88,0,0,0,0,$0.00,0,0.00%,$0.00,$0.00,0,0.00%,$0.00,$0.00,,,,
Mantua Elementary,5/23/2025,30043,Raspberry Lemonade Flavored Dried Cranberries(Each),115,0,115,0,0,0,0,$0.00,0,0.00%,$0.00,$0.00,0,0.00%,$0.00,$0.00,,,,
Mantua Elementary,5/23/2025,30044,Strawberry Flavored Dried Cranberries(Each),0,0,0,0,0,0,0,$0.00,0,0.00%,$0.00,$0.00,0,0.00%,$0.00,$0.00,,,,
Mantua Elementary,5/23/2025,30045,Watermelon Flavored Dried Cranberries(Each),76,0,76,0,0,0,0,$0.00,0,0.00%,$0.00,$0.00,0,0.00%,$0.00,$0.00,,,,
Mantua Elementary,5/23/2025,30061,Chilled Mandarin Oranges(1/2 cup (drained)),2,0,2,0,0,0,0,$0.00,0,0.00%,$0.00,$0.00,0,0.00%,$0.00,$0.00,,,,
Mantua Elementary,5/23/2025,30061,Chilled Mandarin Oranges(1/4 cup (drained)),152,0,152,0,0,0,0,$0.00,0,0.00%,$0.00,$0.00,0,0.00%,$0.00,$0.00,,,,
Mantua Elementary,5/23/2025,30077,Italian Dressing(1 ounce),30,0,30,20,20,0,20,$1.60,0,0.00%,$0.00,$1.60,0,0.00%,$0.00,$1.60,,,,
Mantua Elementary,5/23/2025,30107,Ranch Dressing(1 ounce),78,0,78,40,40,0,40,$4.40,0,0.00%,$0.00,$4.40,0,0.00%,$0.00,$4.40,,,,
Mantua Elementary,5/23/2025,60035,PB&J Power Pack(Power Packs),118,6,124,10,2,0,2,$2.16,0,0.00%,$0.00,$2.16,8,80.00%,$8.64,$10.80,,,,
Mantua Elementary,5/23/2025,60036,Cherry Vanilla Yogurt Power Pack(Power Packs),34,0,34,10,1,0,1,$0.80,0,0.00%,$0.00,$0.80,9,90.00%,$7.20,$8.00,,,,
Mantua Elementary,5/23/2025,60037,Strawberry & Banana Yogurt Power Pack(Power Packs),35,6,41,0,0,0,0,$0.00,0,0.00%,$0.00,$0.00,0,0.00%,$0.00,$0.00,,,,
Mantua Elementary,5/23/2025,60038,Peach Yogurt Power Pack(Power Packs),40,0,40,0,0,0,0,$0.00,0,0.00%,$0.00,$0.00,0,0.00%,$0.00,$0.00,,,,
Mantua Elementary,5/23/2025,60041,Turkey Pepperoni Pizza(Slice),104,3,107,168,157,0,157,$106.76,11,6.55%,$7.48,$114.24,0,0.00%,$0.00,$114.24,,,,
Mantua Elementary,5/23/2025,60080,Cheese Pizza(Slice),204,4,208,254,234,0,234,$133.38,20,7.87%,$11.40,$144.78,0,0.00%,$0.00,$144.78,,,,
Mantua Elementary,5/23/2025,60101,Chickpeas - salad bar entree(1/2 cup),2,0,2,0,0,0,0,$0.00,0,0.00%,$0.00,$0.00,0,0.00%,$0.00,$0.00,,,,
Mantua Elementary,5/23/2025,60122,Asian Meatball Sub(sandwich),0,0,0,20,19,0,19,$33.82,1,5.00%,$1.78,$35.60,0,0.00%,$0.00,$35.60,,,,
Mantua Elementary,5/23/2025,60150,Strawberry Parfait Power Pack(Power Pack),0,0,0,0,0,0,0,$0.00,0,0.00%,$0.00,$0.00,0,0.00%,$0.00,$0.00,,,,
Marshall Road Elementary,5/23/2025,10044,Soft Pretzel(1 pretzel),22,0,22,30,0,26,26,$0.00,0,0.00%,$0.00,$0.00,4,13.33%,$0.00,$0.00,,,,
Marshall Road Elementary,5/23/2025,20001,1% White Milk(Each),31,0,31,72,64,0,64,$23.04,0,0.00%,$0.00,$23.04,8,11.11%,$2.88,$25.92,,,,
Marshall Road Elementary,5/23/2025,20002,Fat Free Chocolate Milk(Each),219,0,219,330,268,18,286,$100.10,0,0.00%,$0.00,$100.10,44,13.33%,$15.40,$115.50,,,,
Marshall Road Elementary,5/23/2025,20008,Apple Slices(3 slices per 1/4 cup),0,0,0,150,150,0,150,$88.50,0,0.00%,$0.00,$88.50,0,0.00%,$0.00,$88.50,,,,
Marshall Road Elementary,5/23/2025,20016,String Cheese(Each),0,0,0,4,0,4,4,$0.00,0,0.00%,$0.00,$0.00,0,0.00%,$0.00,$0.00,,,,
Marshall Road Elementary,5/23/2025,20023,Baby Carrots(3 baby carrots per 1/4 cup),0,0,0,150,150,0,150,$13.50,0,0.00%,$0.00,$13.50,0,0.00%,$0.00,$13.50,,,,
Marshall Road Elementary,5/23/2025,20028,Lettuce Blend Salad Mix(1/2 cup),53,0,53,100,94,0,94,$7.52,6,6.00%,$0.48,$8.00,0,0.00%,$0.00,$8.00,,,,
Marshall Road Elementary,5/23/2025,20031,Banana(Each),12,0,12,12,12,0,12,$2.52,0,0.00%,$0.00,$2.52,0,0.00%,$0.00,$2.52,,,,
Marshall Road Elementary,5/23/2025,20036,Celery Sticks(1/2 cup),0,0,0,50,46,0,46,$25.30,0,0.00%,$0.00,$25.30,4,8.00%,$2.20,$27.50,,,,
Marshall Road Elementary,5/23/2025,20038,Fat Free White Milk(Each),8,0,8,42,4,0,4,$1.32,0,0.00%,$0.00,$1.32,38,90.48%,$12.54,$13.86,,,,
Marshall Road Elementary,5/23/2025,20047,Orange Slices(3 slices per 1/4 cup),0,0,0,280,267,0,267,$53.40,2,0.71%,$0.40,$53.80,11,3.93%,$2.20,$56.00,,,,
Marshall Road Elementary,5/23/2025,20052,Assorted  4 oz Yogurt(Container),0,0,0,7,0,7,7,$0.00,0,0.00%,$0.00,$0.00,0,0.00%,$0.00,$0.00,,,,
Marshall Road Elementary,5/23/2025,30008,Apple Juice(Each),0,0,0,35,0,35,35,$0.00,0,0.00%,$0.00,$0.00,0,0.00%,$0.00,$0.00,,,,
Marshall Road Elementary,5/23/2025,30009,Orange Tangerine Juice(Each),0,0,0,8,0,8,8,$0.00,0,0.00%,$0.00,$0.00,0,0.00%,$0.00,$0.00,,,,
Marshall Road Elementary,5/23/2025,30024,Black Beans(1/2 Cup),15,0,15,37,25,0,25,$4.25,12,32.43%,$2.04,$6.29,0,0.00%,$0.00,$6.29,,,,
Marshall Road Elementary,5/23/2025,30033,Cheez-Its Crackers(Package),45,0,45,42,12,30,42,$7.56,0,0.00%,$0.00,$7.56,0,0.00%,$0.00,$7.56,,,,
Marshall Road Elementary,5/23/2025,30044,Strawberry Flavored Dried Cranberries(Each),107,0,107,100,92,0,92,$22.08,0,0.00%,$0.00,$22.08,8,8.00%,$1.92,$24.00,,,,
Marshall Road Elementary,5/23/2025,30061,Chilled Mandarin Oranges(1/2 cup (drained)),11,0,11,12,12,0,12,$4.08,0,0.00%,$0.00,$4.08,0,0.00%,$0.00,$4.08,,,,
Marshall Road Elementary,5/23/2025,30077,Italian Dressing(1 ounce),24,0,24,24,3,0,3,$0.24,0,0.00%,$0.00,$0.24,21,87.50%,$1.68,$1.92,,,,
Marshall Road Elementary,5/23/2025,30107,Ranch Dressing(1 ounce),40,0,40,24,5,0,5,$0.55,0,0.00%,$0.00,$0.55,19,79.17%,$2.09,$2.64,,,,
Marshall Road Elementary,5/23/2025,60038,Peach Yogurt Power Pack(Power Packs),27,0,27,20,10,0,10,$8.00,0,0.00%,$0.00,$8.00,10,50.00%,$8.00,$16.00,,,,
Marshall Road Elementary,5/23/2025,60041,Turkey Pepperoni Pizza(Slice),132,0,132,149,131,12,143,$97.24,6,4.03%,$4.08,$101.32,0,0.00%,$0.00,$101.32,,,,
Marshall Road Elementary,5/23/2025,60080,Cheese Pizza(Slice),188,0,188,205,198,4,202,$115.14,3,1.46%,$1.71,$116.85,0,0.00%,$0.00,$116.85,,,,
Marshall Road Elementary,5/23/2025,60100,Black Beans - salad bar entree(1/2 cup),0,0,0,5,0,1,1,$0.00,0,0.00%,$0.00,$0.00,4,80.00%,$0.00,$0.00,,,,
Mason Crest Elementary,5/23/2025,10033,Chocolate Chip Cookie(1/2 Cookie),70,0,70,5,0,0,0,$0.00,0,0.00%,$0.00,$0.00,5,100.00%,$0.00,$0.00,,,,
Mason Crest Elementary,5/23/2025,10044,Soft Pretzel(1 pretzel),2,0,2,6,0,4,4,$0.00,0,0.00%,$0.00,$0.00,2,33.33%,$0.00,$0.00,,,,
Mason Crest Elementary,5/23/2025,10062,Corn(1/4 cup (thawed)),0,0,0,96,95,0,95,$10.45,1,1.04%,$0.11,$10.56,0,0.00%,$0.00,$10.56,,,,
Mason Crest Elementary,5/23/2025,10074,"Frozen Berry, Triple Berry Blend(1/2 cup (thawed))",0,0,0,2,2,0,2,$0.06,0,0.00%,$0.00,$0.06,0,0.00%,$0.00,$0.06,,,,
Mason Crest Elementary,5/23/2025,10075,Cheese Pizza(Slice),10,0,10,20,20,0,20,$11.40,0,0.00%,$0.00,$11.40,0,0.00%,$0.00,$11.40,,,,
Mason Crest Elementary,5/23/2025,20001,1% White Milk(Each),168,0,168,162,139,0,139,$50.04,1,0.62%,$0.36,$50.40,22,13.58%,$7.92,$58.32,,,,
Mason Crest Elementary,5/23/2025,20002,Fat Free Chocolate Milk(Each),300,0,300,352,310,2,312,$109.20,0,0.00%,$0.00,$109.20,40,11.36%,$14.00,$123.20,,,,
Mason Crest Elementary,5/23/2025,20008,Apple Slices(3 slices per 1/4 cup),0,0,0,841,839,0,839,$495.01,2,0.24%,$1.18,$496.19,0,0.00%,$0.00,$496.19,,,,
Mason Crest Elementary,5/23/2025,20011,Cherry Tomatoes(1/4 cup),23,0,23,1,0,0,0,$0.00,1,100.00%,$0.00,$0.00,0,0.00%,$0.00,$0.00,,,,
Mason Crest Elementary,5/23/2025,20016,String Cheese(Each),5,0,5,5,0,3,3,$0.00,0,0.00%,$0.00,$0.00,2,40.00%,$0.00,$0.00,,,,
Mason Crest Elementary,5/23/2025,20018,Red Seedless Grapes(8 grapes per 1/4 cup),437,0,437,23,23,0,23,$5.98,0,0.00%,$0.00,$5.98,0,0.00%,$0.00,$5.98,,,,
Mason Crest Elementary,5/23/2025,20023,Baby Carrots(3 baby carrots per 1/4 cup),0,0,0,48,47,0,47,$4.23,1,2.08%,$0.09,$4.32,0,0.00%,$0.00,$4.32,,,,
Mason Crest Elementary,5/23/2025,20027,Broccoli Florets(1/4 cup),0,0,0,21,21,0,21,$1.68,0,0.00%,$0.00,$1.68,0,0.00%,$0.00,$1.68,,,,
Mason Crest Elementary,5/23/2025,20028,Lettuce Blend Salad Mix(1/2 cup),210,0,210,400,380,0,380,$30.40,20,5.00%,$1.60,$32.00,0,0.00%,$0.00,$32.00,,,,
Mason Crest Elementary,5/23/2025,20038,Fat Free White Milk(Each),20,0,20,10,4,0,4,$1.32,0,0.00%,$0.00,$1.32,6,60.00%,$1.98,$3.30,,,,
Mason Crest Elementary,5/23/2025,20043,"Lactose Free, White Milk(Each)",0,0,0,3,3,0,3,$1.74,0,0.00%,$0.00,$1.74,0,0.00%,$0.00,$1.74,,,,
Mason Crest Elementary,5/23/2025,20047,Orange Slices(3 slices per 1/4 cup),0,0,0,340,337,0,337,$67.40,3,0.88%,$0.60,$68.00,0,0.00%,$0.00,$68.00,,,,
Mason Crest Elementary,5/23/2025,20052,Assorted  4 oz Yogurt(Container),5,0,5,5,0,0,0,$0.00,0,0.00%,$0.00,$0.00,5,100.00%,$0.00,$0.00,,,,
Mason Crest Elementary,5/23/2025,30008,Apple Juice(Each),20,0,20,40,0,39,39,$0.00,0,0.00%,$0.00,$0.00,1,2.50%,$0.00,$0.00,,,,
Mason Crest Elementary,5/23/2025,30009,Orange Tangerine Juice(Each),10,0,10,10,0,0,0,$0.00,0,0.00%,$0.00,$0.00,10,100.00%,$0.00,$0.00,,,,
Mason Crest Elementary,5/23/2025,30024,Black Beans(1/2 Cup),88,0,88,89,88,0,88,$14.96,1,1.12%,$0.17,$15.13,0,0.00%,$0.00,$15.13,,,,
Mason Crest Elementary,5/23/2025,30024,Black Beans(1/4 Cup),0,0,0,33,28,0,28,$2.52,5,15.15%,$0.45,$2.97,0,0.00%,$0.00,$2.97,,,,
Mason Crest Elementary,5/23/2025,30031,Strawberry Chex Mix(Package),0,0,0,10,0,7,7,$0.00,0,0.00%,$0.00,$0.00,3,30.00%,$0.00,$0.00,,,,
Mason Crest Elementary,5/23/2025,30034,Graham Crackers(Package),0,0,0,64,63,0,63,$8.82,1,1.56%,$0.14,$8.96,0,0.00%,$0.00,$8.96,,,,
Mason Crest Elementary,5/23/2025,30041,Orange Flavored Dried Cranberries(Each),20,0,20,20,0,0,0,$0.00,0,0.00%,$0.00,$0.00,20,100.00%,$0.00,$0.00,,,,
Mason Crest Elementary,5/23/2025,30048,Apple Cinnamon Spread(Each),0,0,0,64,63,0,63,$28.35,1,1.56%,$0.45,$28.80,0,0.00%,$0.00,$28.80,,,,
Mason Crest Elementary,5/23/2025,30061,Chilled Mandarin Oranges(1/2 cup (drained)),192,0,192,99,98,0,98,$33.32,1,1.01%,$0.34,$33.66,0,0.00%,$0.00,$33.66,,,,
Mason Crest Elementary,5/23/2025,30068,Chilled Peaches(1/2 cup (drained)),0,0,0,3,3,0,3,$1.53,0,0.00%,$0.00,$1.53,0,0.00%,$0.00,$1.53,,,,
Mason Crest Elementary,5/23/2025,30077,Italian Dressing(1 ounce),24,0,24,36,34,0,34,$2.72,2,5.56%,$0.16,$2.88,0,0.00%,$0.00,$2.88,,,,
Mason Crest Elementary,5/23/2025,30094,Doritos Wild White Nacho Flavored Tortilla Chips(Bag),20,0,20,5,0,0,0,$0.00,0,0.00%,$0.00,$0.00,5,100.00%,$0.00,$0.00,,,,
Mason Crest Elementary,5/23/2025,30097,Bottled Water(Bottle),10,0,10,10,0,8,8,$0.00,0,0.00%,$0.00,$0.00,2,20.00%,$0.00,$0.00,,,,
Mason Crest Elementary,5/23/2025,30107,Ranch Dressing(1 ounce),24,0,24,48,46,0,46,$5.06,2,4.17%,$0.22,$5.28,0,0.00%,$0.00,$5.28,,,,
Mason Crest Elementary,5/23/2025,30109,Smartfood RF White Cheddar Popcorn(Each),0,0,0,40,0,38,38,$0.00,0,0.00%,$0.00,$0.00,2,5.00%,$0.00,$0.00,,,,
Mason Crest Elementary,5/23/2025,60035,PB&J Power Pack(Power Packs),50,0,50,83,72,5,77,$83.16,0,0.00%,$0.00,$83.16,6,7.23%,$6.48,$89.64,,,,
Mason Crest Elementary,5/23/2025,60036,Cherry Vanilla Yogurt Power Pack(Power Packs),14,0,14,21,15,0,15,$12.00,0,0.00%,$0.00,$12.00,6,28.57%,$4.80,$16.80,,,,
Mason Crest Elementary,5/23/2025,60037,Strawberry & Banana Yogurt Power Pack(Power Packs),10,0,10,22,5,3,8,$6.40,0,0.00%,$0.00,$6.40,14,63.64%,$11.20,$17.60,,,,
Mason Crest Elementary,5/23/2025,60038,Peach Yogurt Power Pack(Power Packs),10,0,10,10,0,0,0,$0.00,0,0.00%,$0.00,$0.00,10,100.00%,$0.00,$0.00,,,,
Mason Crest Elementary,5/23/2025,60041,Turkey Pepperoni Pizza(Slice),250,0,250,224,207,7,214,$145.52,4,1.79%,$2.72,$148.24,6,2.68%,$4.08,$152.32,,,,
Mason Crest Elementary,5/23/2025,60080,Cheese Pizza(Slice),204,0,204,205,198,1,199,$113.43,2,0.98%,$1.14,$114.57,4,1.95%,$2.28,$116.85,,,,
Mason Crest Elementary,5/23/2025,60101,Chickpeas - salad bar entree(1/2 cup),2,0,2,2,0,0,0,$0.00,2,100.00%,$0.00,$0.00,0,0.00%,$0.00,$0.00,,,,
Mason Crest Elementary,5/23/2025,60150,Strawberry Parfait Power Pack(Power Pack),10,0,10,10,0,0,0,$0.00,0,0.00%,$0.00,$0.00,10,100.00%,$0.00,$0.00,,,,
McLean High,5/23/2025,10013,"Patty, Chicken, Spicy, Breaded(2 strips)",40,0,40,0,0,0,0,$0.00,0,0.00%,$0.00,$0.00,0,0.00%,$0.00,$0.00,,,,
McLean High,5/23/2025,10026,Chickenless Bites(2 Bites),0,0,0,13,6,0,6,$2.16,7,53.85%,$2.52,$4.68,0,0.00%,$0.00,$4.68,,,,
McLean High,5/23/2025,10033,Chocolate Chip Cookie(Cookie),210,0,210,280,274,0,274,$73.98,6,2.14%,$1.62,$75.60,0,0.00%,$0.00,$75.60,,,,
McLean High,5/23/2025,10044,Soft Pretzel(1 pretzel),8,0,8,4,4,0,4,$0.88,0,0.00%,$0.00,$0.88,0,0.00%,$0.00,$0.88,,,,
McLean High,5/23/2025,10049,"WG 10"" Flour Tortilla(Tortilla)",12,0,12,0,0,0,0,$0.00,0,0.00%,$0.00,$0.00,0,0.00%,$0.00,$0.00,,,,
McLean High,5/23/2025,10051,"Turkey,  Breast, Pre-Sliced, Oven Roasted(3 Slices)",4,0,4,0,0,0,0,$0.00,0,0.00%,$0.00,$0.00,0,0.00%,$0.00,$0.00,,,,
McLean High,5/23/2025,10062,Corn(2 Tablespoons (thawed)),32,0,32,0,0,0,0,$0.00,0,0.00%,$0.00,$0.00,0,0.00%,$0.00,$0.00,,,,
McLean High,5/23/2025,10070,Orange Sauce(ounce),192,0,192,16,16,0,16,$2.24,0,0.00%,$0.00,$2.24,0,0.00%,$0.00,$2.24,,,,
McLean High,5/23/2025,10075,Cheese Pizza(Slice),72,0,72,36,32,2,34,$19.38,2,5.56%,$1.14,$20.52,0,0.00%,$0.00,$20.52,,,,
McLean High,5/23/2025,20001,1% White Milk(Each),136,0,136,79,33,0,33,$11.88,0,0.00%,$0.00,$11.88,46,58.23%,$16.56,$28.44,,,,
McLean High,5/23/2025,20002,Fat Free Chocolate Milk(Each),308,0,308,126,124,0,124,$43.40,0,0.00%,$0.00,$43.40,2,1.59%,$0.70,$44.10,,,,
McLean High,5/23/2025,20006,"Cheese, Shredded, Cheddar(1/4 cup)",12,0,12,0,0,0,0,$0.00,0,0.00%,$0.00,$0.00,0,0.00%,$0.00,$0.00,,,,
McLean High,5/23/2025,20008,Apple Slices(3 slices per 1/4 cup),0,0,0,72,72,0,72,$42.48,0,0.00%,$0.00,$42.48,0,0.00%,$0.00,$42.48,,,,
McLean High,5/23/2025,20008,Apple Slices(6 Slices per 1/2 cup),58,0,58,0,0,0,0,$0.00,0,0.00%,$0.00,$0.00,0,0.00%,$0.00,$0.00,,,,
McLean High,5/23/2025,20011,Cherry Tomatoes(1/4 cup),96,0,96,96,96,0,96,$35.52,0,0.00%,$0.00,$35.52,0,0.00%,$0.00,$35.52,,,,
McLean High,5/23/2025,20016,String Cheese(Each),4,0,4,4,0,0,0,$0.00,0,0.00%,$0.00,$0.00,4,100.00%,$0.00,$0.00,,,,
McLean High,5/23/2025,20018,Red Seedless Grapes(2 Tablespoons),96,0,96,0,0,0,0,$0.00,0,0.00%,$0.00,$0.00,0,0.00%,$0.00,$0.00,,,,
McLean High,5/23/2025,20018,Red Seedless Grapes(8 grapes per 1/4 cup),200,0,200,240,240,0,240,$62.40,0,0.00%,$0.00,$62.40,0,0.00%,$0.00,$62.40,,,,
McLean High,5/23/2025,20027,Broccoli Florets(6 Pieces per 1/2 cup),26,0,26,0,0,0,0,$0.00,0,0.00%,$0.00,$0.00,0,0.00%,$0.00,$0.00,,,,
McLean High,5/23/2025,20028,Lettuce Blend Salad Mix(1/2 cup),216,0,216,120,114,0,114,$9.12,6,5.00%,$0.48,$9.60,0,0.00%,$0.00,$9.60,,,,
McLean High,5/23/2025,20030,Sour Cream(2 Tablespoons),100,0,100,56,56,0,56,$8.40,0,0.00%,$0.00,$8.40,0,0.00%,$0.00,$8.40,,,,
McLean High,5/23/2025,20031,Banana(Each),36,0,36,0,0,0,0,$0.00,0,0.00%,$0.00,$0.00,0,0.00%,$0.00,$0.00,,,,
McLean High,5/23/2025,20035,"Onions, Red, Whole(1/4 cup (sliced))",3,0,3,0,0,0,0,$0.00,0,0.00%,$0.00,$0.00,0,0.00%,$0.00,$0.00,,,,
McLean High,5/23/2025,20038,Fat Free White Milk(Each),74,0,74,90,30,0,30,$9.90,0,0.00%,$0.00,$9.90,60,66.67%,$19.80,$29.70,,,,
McLean High,5/23/2025,20040,Cucumber Slices(2 Tablespoon),46,0,46,0,0,0,0,$0.00,0,0.00%,$0.00,$0.00,0,0.00%,$0.00,$0.00,,,,
McLean High,5/23/2025,20041,"Peppers, Green, Whole(2 Tablespoon)",3,0,3,0,0,0,0,$0.00,0,0.00%,$0.00,$0.00,0,0.00%,$0.00,$0.00,,,,
McLean High,5/23/2025,20042,"Peppers, Red, Whole(2 Tablespoons)",3,0,3,0,0,0,0,$0.00,0,0.00%,$0.00,$0.00,0,0.00%,$0.00,$0.00,,,,
McLean High,5/23/2025,20052,Assorted  4 oz Yogurt(Container),4,0,4,4,0,0,0,$0.00,0,0.00%,$0.00,$0.00,4,100.00%,$0.00,$0.00,,,,
McLean High,5/23/2025,20076,"Peppers, green, pre-sliced(1/4 cup sliced)",26,0,26,0,0,0,0,$0.00,0,0.00%,$0.00,$0.00,0,0.00%,$0.00,$0.00,,,,
McLean High,5/23/2025,20077,"Peppers, red, pre-sliced(1/4 cup sliced)",26,0,26,0,0,0,0,$0.00,0,0.00%,$0.00,$0.00,0,0.00%,$0.00,$0.00,,,,
McLean High,5/23/2025,30002,Sub Roll(Sub Roll),70,0,70,0,0,0,0,$0.00,0,0.00%,$0.00,$0.00,0,0.00%,$0.00,$0.00,,,,
McLean High,5/23/2025,30008,Apple Juice(Each),20,0,20,12,12,0,12,$2.04,0,0.00%,$0.00,$2.04,0,0.00%,$0.00,$2.04,,,,
McLean High,5/23/2025,30009,Orange Tangerine Juice(Each),20,0,20,12,6,0,6,$1.02,0,0.00%,$0.00,$1.02,6,50.00%,$1.02,$2.04,,,,
McLean High,5/23/2025,30011,"Salsa, Mild Canned(1.5 oz)",100,0,100,56,56,0,56,$5.60,0,0.00%,$0.00,$5.60,0,0.00%,$0.00,$5.60,,,,
McLean High,5/23/2025,30014,Whole Wheat Dinner Roll(2 rolls),0,0,0,13,13,0,13,$3.64,0,0.00%,$0.00,$3.64,0,0.00%,$0.00,$3.64,,,,
McLean High,5/23/2025,30033,Cheez-Its Crackers(Package),4,0,4,4,0,0,0,$0.00,0,0.00%,$0.00,$0.00,4,100.00%,$0.00,$0.00,,,,
McLean High,5/23/2025,30039,Cherry Flavored Dried Cranberries(Each),90,0,90,60,48,0,48,$11.52,0,0.00%,$0.00,$11.52,12,20.00%,$2.88,$14.40,,,,
McLean High,5/23/2025,30044,Strawberry Flavored Dried Cranberries(Each),90,0,90,60,50,0,50,$12.00,0,0.00%,$0.00,$12.00,10,16.67%,$2.40,$14.40,,,,
McLean High,5/23/2025,30061,Chilled Mandarin Oranges(1/4 cup (drained)),220,0,220,220,220,0,220,$37.40,0,0.00%,$0.00,$37.40,0,0.00%,$0.00,$37.40,,,,
McLean High,5/23/2025,30063,Ketchup Packet(Packet),210,0,210,210,194,0,194,$5.82,0,0.00%,$0.00,$5.82,16,7.62%,$0.48,$6.30,,,,
McLean High,5/23/2025,30064,Mayonnaise Packet(Packet),240,0,240,120,112,0,112,$11.20,0,0.00%,$0.00,$11.20,8,6.67%,$0.80,$12.00,,,,
McLean High,5/23/2025,30065,Mustard Packet(Packet),180,0,180,90,84,0,84,$4.20,0,0.00%,$0.00,$4.20,6,6.67%,$0.30,$4.50,,,,
McLean High,5/23/2025,30077,Italian Dressing(1 ounce),60,0,60,36,36,0,36,$2.88,0,0.00%,$0.00,$2.88,0,0.00%,$0.00,$2.88,,,,
McLean High,5/23/2025,30097,Bottled Water(Bottle),120,0,120,120,113,0,113,$18.08,0,0.00%,$0.00,$18.08,7,5.83%,$1.12,$19.20,,,,
McLean High,5/23/2025,30099,Chickpeas(1/4 cup),105,0,105,72,68,0,68,$6.12,4,5.56%,$0.36,$6.48,0,0.00%,$0.00,$6.48,,,,
McLean High,5/23/2025,30107,Ranch Dressing(1 ounce),168,0,168,96,96,0,96,$10.56,0,0.00%,$0.00,$10.56,0,0.00%,$0.00,$10.56,,,,
McLean High,5/23/2025,30110,Doritos Flamas(Each),8,0,8,24,24,0,24,$8.88,0,0.00%,$0.00,$8.88,0,0.00%,$0.00,$8.88,,,,
McLean High,5/23/2025,30112,Doritos RF Nacho Cheese(Each),8,0,8,12,12,0,12,$4.44,0,0.00%,$0.00,$4.44,0,0.00%,$0.00,$4.44,,,,
McLean High,5/23/2025,30113,Cool Ranch Reduced Fat Doritos(Each),8,0,8,24,24,0,24,$8.88,0,0.00%,$0.00,$8.88,0,0.00%,$0.00,$8.88,,,,
McLean High,5/23/2025,30114,SS Baked Cheetos Flaming Hot(Each),8,0,8,24,24,0,24,$12.72,0,0.00%,$0.00,$12.72,0,0.00%,$0.00,$12.72,,,,
McLean High,5/23/2025,30118,Kettle Cooked Smoky BBQ Chips(Each),24,0,24,60,60,0,60,$36.00,0,0.00%,$0.00,$36.00,0,0.00%,$0.00,$36.00,,,,
McLean High,5/23/2025,30120,RF Kettle Chips Sea Salt & Vinegar Chips(Each),8,0,8,36,36,0,36,$21.60,0,0.00%,$0.00,$21.60,0,0.00%,$0.00,$21.60,,,,
McLean High,5/23/2025,30121,Kellogg’s W/G Rice Krispies Treats(Each),0,0,0,40,40,0,40,$29.60,0,0.00%,$0.00,$29.60,0,0.00%,$0.00,$29.60,,,,
McLean High,5/23/2025,30122,WG Chocolate Chip Rice Krispy Treats(Each),0,0,0,40,40,0,40,$24.00,0,0.00%,$0.00,$24.00,0,0.00%,$0.00,$24.00,,,,
McLean High,5/23/2025,30124,"Fruit Snacks, Welch's Mixed(Each)",24,0,24,36,35,0,35,$14.00,0,0.00%,$0.00,$14.00,1,2.78%,$0.40,$14.40,,,,
McLean High,5/23/2025,60020,"Quesadilla, Turkey Barbacoa and Cheese(Quesadilla)",144,0,144,74,67,6,73,$89.06,1,1.35%,$1.22,$90.28,0,0.00%,$0.00,$90.28,,,,
McLean High,5/23/2025,60035,PB&J Power Pack(Power Packs),100,0,100,72,70,0,70,$75.60,0,0.00%,$0.00,$75.60,2,2.78%,$2.16,$77.76,,,,
McLean High,5/23/2025,60037,Strawberry & Banana Yogurt Power Pack(Power Packs),3,0,3,4,4,0,4,$3.20,0,0.00%,$0.00,$3.20,0,0.00%,$0.00,$3.20,,,,
McLean High,5/23/2025,60041,Turkey Pepperoni Pizza(Slice),120,12,132,118,114,3,117,$79.56,1,0.85%,$0.68,$80.24,0,0.00%,$0.00,$80.24,,,,
McLean High,5/23/2025,60050,Chickenless Bites(2 Bites),26,0,26,0,0,0,0,$0.00,0,0.00%,$0.00,$0.00,0,0.00%,$0.00,$0.00,,,,
McLean High,5/23/2025,60063,Chicken & Vegetable Dumplings(6 dumplings),192,0,192,16,16,0,16,$0.00,0,0.00%,$0.00,$0.00,0,0.00%,$0.00,$0.00,,,,
McLean High,5/23/2025,60072,Spicy Breaded Chicken Patty on Bun(Sandwich),0,0,0,120,120,0,120,$90.00,0,0.00%,$0.00,$90.00,0,0.00%,$0.00,$90.00,,,,
McLean High,5/23/2025,60075,Spicy Chicken Wrap(Wrap),10,0,10,12,11,0,11,$12.87,1,8.33%,$1.17,$14.04,0,0.00%,$0.00,$14.04,,,,
McLean High,5/23/2025,60077,Manager's Vegetable Choice(1/4 cup),184,0,184,120,118,0,118,$0.00,2,1.67%,$0.00,$0.00,0,0.00%,$0.00,$0.00,,,,
McLean High,5/23/2025,60101,Chickpeas - salad bar entree(1/2 cup),12,0,12,12,0,0,0,$0.00,12,100.00%,$0.00,$0.00,0,0.00%,$0.00,$0.00,,,,
McLean High,5/23/2025,60122,Asian Meatball Sub(sandwich),0,0,0,51,51,0,51,$90.78,0,0.00%,$0.00,$90.78,0,0.00%,$0.00,$90.78,,,,
McLean High,5/23/2025,60150,Strawberry Parfait Power Pack(Power Pack),6,0,6,4,0,0,0,$0.00,0,0.00%,$0.00,$0.00,4,100.00%,$0.00,$0.00,,,,
McNair Elementary,5/23/2025,10004,"Chicken, Diced(1/2 cup)",0,0,0,2,2,0,2,$3.46,0,0.00%,$0.00,$3.46,0,0.00%,$0.00,$3.46,,,,
McNair Elementary,5/23/2025,10015,Baked Cheese Sticks(2 Cheese Sticks),0,0,0,22,20,0,20,$13.20,2,9.09%,$1.32,$14.52,0,0.00%,$0.00,$14.52,,,,
McNair Elementary,5/23/2025,10044,Soft Pretzel(1 pretzel),22,0,22,10,7,0,7,$1.54,0,0.00%,$0.00,$1.54,3,30.00%,$0.66,$2.20,,,,
McNair Elementary,5/23/2025,10075,Cheese Pizza(Slice),17,0,17,17,17,0,17,$9.69,0,0.00%,$0.00,$9.69,0,0.00%,$0.00,$9.69,,,,
McNair Elementary,5/23/2025,20001,1% White Milk(Each),135,0,135,139,105,0,105,$37.80,0,0.00%,$0.00,$37.80,34,24.46%,$12.24,$50.04,,,,
McNair Elementary,5/23/2025,20002,Fat Free Chocolate Milk(Each),98,0,98,150,112,0,112,$39.20,0,0.00%,$0.00,$39.20,38,25.33%,$13.30,$52.50,,,,
McNair Elementary,5/23/2025,20018,Red Seedless Grapes(8 grapes per 1/4 cup),174,0,174,92,87,0,87,$22.62,5,5.43%,$1.30,$23.92,0,0.00%,$0.00,$23.92,,,,
McNair Elementary,5/23/2025,20023,Baby Carrots(3 baby carrots per 1/4 cup),0,0,0,96,43,0,43,$3.87,5,5.21%,$0.45,$4.32,48,50.00%,$4.32,$8.64,,,,
McNair Elementary,5/23/2025,20028,Lettuce Blend Salad Mix(1/2 cup),114,0,114,40,27,0,27,$2.16,3,7.50%,$0.24,$2.40,10,25.00%,$0.80,$3.20,,,,
McNair Elementary,5/23/2025,20031,Banana(Each),83,0,83,140,139,0,139,$29.19,1,0.71%,$0.21,$29.40,0,0.00%,$0.00,$29.40,,,,
McNair Elementary,5/23/2025,20038,Fat Free White Milk(Each),15,0,15,86,14,0,14,$4.62,0,0.00%,$0.00,$4.62,72,83.72%,$23.76,$28.38,,,,
McNair Elementary,5/23/2025,20047,Orange Slices(3 slices per 1/4 cup),0,0,0,85,58,0,58,$11.60,6,7.06%,$1.20,$12.80,21,24.71%,$4.20,$17.00,,,,
McNair Elementary,5/23/2025,20074,"Apple Slices(3 slices, 1/4 cup)",0,0,0,273,268,0,268,$48.24,5,1.83%,$0.90,$49.14,0,0.00%,$0.00,$49.14,,,,
McNair Elementary,5/23/2025,20077,"Peppers, red, pre-sliced(1/2 cup sliced)",0,0,0,35,25,0,25,$14.00,2,5.71%,$1.12,$15.12,8,22.86%,$4.48,$19.60,,,,
McNair Elementary,5/23/2025,30024,Black Beans(1/2 Cup),96,0,96,95,95,0,95,$16.15,0,0.00%,$0.00,$16.15,0,0.00%,$0.00,$16.15,,,,
McNair Elementary,5/23/2025,30034,Graham Crackers(Package),0,0,0,77,77,0,77,$10.78,0,0.00%,$0.00,$10.78,0,0.00%,$0.00,$10.78,,,,
McNair Elementary,5/23/2025,30049,Taco Flavored Hummus(2 Each),0,0,0,77,77,0,77,$78.54,0,0.00%,$0.00,$78.54,0,0.00%,$0.00,$78.54,,,,
McNair Elementary,5/23/2025,30061,Chilled Mandarin Oranges(1/2 cup (drained)),103,0,103,95,95,0,95,$32.30,0,0.00%,$0.00,$32.30,0,0.00%,$0.00,$32.30,,,,
McNair Elementary,5/23/2025,30077,Italian Dressing(1 ounce),0,0,0,12,6,0,6,$0.48,0,0.00%,$0.00,$0.48,6,50.00%,$0.48,$0.96,,,,
McNair Elementary,5/23/2025,30107,Ranch Dressing(1 ounce),18,0,18,24,12,0,12,$1.32,0,0.00%,$0.00,$1.32,12,50.00%,$1.32,$2.64,,,,
McNair Elementary,5/23/2025,30158,Black Beans(1/2 Cup),0,0,0,33,13,0,13,$2.21,4,12.12%,$0.68,$2.89,16,48.48%,$2.72,$5.61,,,,
McNair Elementary,5/23/2025,30184,"Milk, Soy, Vanilla (24/8 oz)(each)",0,0,0,5,5,0,5,$5.10,0,0.00%,$0.00,$5.10,0,0.00%,$0.00,$5.10,,,,
McNair Elementary,5/23/2025,60021,Cooked  Brown Rice(1 cup cooked),0,0,0,2,2,0,2,$0.22,0,0.00%,$0.00,$0.22,0,0.00%,$0.00,$0.22,,,,
McNair Elementary,5/23/2025,60035,PB&J Power Pack(Power Packs),27,0,27,15,8,0,8,$8.64,0,0.00%,$0.00,$8.64,7,46.67%,$7.56,$16.20,,,,
McNair Elementary,5/23/2025,60036,Cherry Vanilla Yogurt Power Pack(Power Packs),12,0,12,10,7,0,7,$5.60,0,0.00%,$0.00,$5.60,3,30.00%,$2.40,$8.00,,,,
McNair Elementary,5/23/2025,60041,Turkey Pepperoni Pizza(Slice),27,0,27,25,23,0,23,$15.64,2,8.00%,$1.36,$17.00,0,0.00%,$0.00,$17.00,,,,
McNair Elementary,5/23/2025,60077,Manager's Vegetable Choice(1/4 cup),135,0,135,48,34,0,34,$0.00,2,4.17%,$0.00,$0.00,12,25.00%,$0.00,$0.00,,,,
McNair Elementary,5/23/2025,60080,Cheese Pizza(Slice),213,0,213,229,218,9,227,$129.39,2,0.87%,$1.14,$130.53,0,0.00%,$0.00,$130.53,,,,
McNair Upper Elementary,5/23/2025,10033,Chocolate Chip Cookie(1/2 Cookie),18,0,18,0,0,0,0,$0.00,0,0.00%,$0.00,$0.00,0,0.00%,$0.00,$0.00,,,,
McNair Upper Elementary,5/23/2025,10044,Soft Pretzel(1 pretzel),0,0,0,10,5,0,5,$1.10,5,50.00%,$1.10,$2.20,0,0.00%,$0.00,$2.20,,,,
McNair Upper Elementary,5/23/2025,10075,Cheese Pizza(Slice),157,0,157,221,187,0,187,$106.59,0,0.00%,$0.00,$106.59,34,15.38%,$19.38,$125.97,,,,
McNair Upper Elementary,5/23/2025,20001,1% White Milk(Each),9,0,9,106,13,0,13,$4.68,0,0.00%,$0.00,$4.68,93,87.74%,$33.48,$38.16,,,,
McNair Upper Elementary,5/23/2025,20002,Fat Free Chocolate Milk(Each),127,0,127,164,145,0,145,$50.75,0,0.00%,$0.00,$50.75,19,11.59%,$6.65,$57.40,,,,
McNair Upper Elementary,5/23/2025,20011,Cherry Tomatoes(1/4 cup),26,0,26,18,16,0,16,$5.92,2,11.11%,$0.74,$6.66,0,0.00%,$0.00,$6.66,,,,
McNair Upper Elementary,5/23/2025,20015,Golden Delicious Apple(Each),0,0,0,115,114,0,114,$35.34,1,0.87%,$0.31,$35.65,0,0.00%,$0.00,$35.65,,,,
McNair Upper Elementary,5/23/2025,20016,String Cheese(Each),1,0,1,0,0,0,0,$0.00,0,0.00%,$0.00,$0.00,0,0.00%,$0.00,$0.00,,,,
McNair Upper Elementary,5/23/2025,20028,Lettuce Blend Salad Mix(1/2 cup),144,0,144,200,199,0,199,$15.92,1,0.50%,$0.08,$16.00,0,0.00%,$0.00,$16.00,,,,
McNair Upper Elementary,5/23/2025,20031,Banana(Each),0,0,0,105,103,0,103,$21.63,2,1.90%,$0.42,$22.05,0,0.00%,$0.00,$22.05,,,,
McNair Upper Elementary,5/23/2025,20036,Celery Sticks(1/2 cup),0,0,0,50,38,0,38,$20.90,0,0.00%,$0.00,$20.90,12,24.00%,$6.60,$27.50,,,,
McNair Upper Elementary,5/23/2025,20038,Fat Free White Milk(Each),3,0,3,19,2,0,2,$0.66,0,0.00%,$0.00,$0.66,17,89.47%,$5.61,$6.27,,,,
McNair Upper Elementary,5/23/2025,30008,Apple Juice(Each),3,0,3,0,0,0,0,$0.00,0,0.00%,$0.00,$0.00,0,0.00%,$0.00,$0.00,,,,
McNair Upper Elementary,5/23/2025,30009,Orange Tangerine Juice(Each),3,0,3,0,0,0,0,$0.00,0,0.00%,$0.00,$0.00,0,0.00%,$0.00,$0.00,,,,
McNair Upper Elementary,5/23/2025,30033,Cheez-Its Crackers(Package),4,0,4,0,0,0,0,$0.00,0,0.00%,$0.00,$0.00,0,0.00%,$0.00,$0.00,,,,
McNair Upper Elementary,5/23/2025,30039,Cherry Flavored Dried Cranberries(Each),13,0,13,5,1,0,1,$0.24,0,0.00%,$0.00,$0.24,4,80.00%,$0.96,$1.20,,,,
McNair Upper Elementary,5/23/2025,30041,Orange Flavored Dried Cranberries(Each),12,0,12,5,2,0,2,$0.48,0,0.00%,$0.00,$0.48,3,60.00%,$0.72,$1.20,,,,
McNair Upper Elementary,5/23/2025,30042,Original Flavored Dried Cranberries(Package),10,0,10,5,4,0,4,$0.96,0,0.00%,$0.00,$0.96,1,20.00%,$0.24,$1.20,,,,
McNair Upper Elementary,5/23/2025,30043,Raspberry Lemonade Flavored Dried Cranberries(Each),26,0,26,5,3,0,3,$0.72,0,0.00%,$0.00,$0.72,2,40.00%,$0.48,$1.20,,,,
McNair Upper Elementary,5/23/2025,30044,Strawberry Flavored Dried Cranberries(Each),12,0,12,5,1,0,1,$0.24,0,0.00%,$0.00,$0.24,4,80.00%,$0.96,$1.20,,,,
McNair Upper Elementary,5/23/2025,30045,Watermelon Flavored Dried Cranberries(Each),14,0,14,5,3,0,3,$0.72,0,0.00%,$0.00,$0.72,2,40.00%,$0.48,$1.20,,,,
McNair Upper Elementary,5/23/2025,30077,Italian Dressing(1 ounce),26,0,26,25,19,0,19,$1.52,0,0.00%,$0.00,$1.52,6,24.00%,$0.48,$2.00,,,,
McNair Upper Elementary,5/23/2025,30094,Doritos Wild White Nacho Flavored Tortilla Chips(Bag),31,0,31,0,0,0,0,$0.00,0,0.00%,$0.00,$0.00,0,0.00%,$0.00,$0.00,,,,
McNair Upper Elementary,5/23/2025,30097,Bottled Water(Bottle),1,0,1,0,0,0,0,$0.00,0,0.00%,$0.00,$0.00,0,0.00%,$0.00,$0.00,,,,
McNair Upper Elementary,5/23/2025,30107,Ranch Dressing(1 ounce),72,0,72,75,73,0,73,$8.03,0,0.00%,$0.00,$8.03,2,2.67%,$0.22,$8.25,,,,
McNair Upper Elementary,5/23/2025,30109,Smartfood RF White Cheddar Popcorn(Each),29,0,29,0,0,0,0,$0.00,0,0.00%,$0.00,$0.00,0,0.00%,$0.00,$0.00,,,,
McNair Upper Elementary,5/23/2025,30158,Black Beans(1/2 Cup),0,0,0,32,22,0,22,$3.74,10,31.25%,$1.70,$5.44,0,0.00%,$0.00,$5.44,,,,
McNair Upper Elementary,5/23/2025,60035,PB&J Power Pack(Power Packs),46,0,46,25,19,0,19,$20.52,0,0.00%,$0.00,$20.52,6,24.00%,$6.48,$27.00,,,,
McNair Upper Elementary,5/23/2025,60036,Cherry Vanilla Yogurt Power Pack(Power Packs),4,0,4,5,0,0,0,$0.00,0,0.00%,$0.00,$0.00,5,100.00%,$0.00,$0.00,,,,
McNair Upper Elementary,5/23/2025,60037,Strawberry & Banana Yogurt Power Pack(Power Packs),9,0,9,5,1,0,1,$0.80,0,0.00%,$0.00,$0.80,4,80.00%,$3.20,$4.00,,,,
McNair Upper Elementary,5/23/2025,60038,Peach Yogurt Power Pack(Power Packs),3,0,3,5,0,0,0,$0.00,0,0.00%,$0.00,$0.00,5,100.00%,$0.00,$0.00,,,,
McNair Upper Elementary,5/23/2025,60041,Turkey Pepperoni Pizza(Slice),61,0,61,77,59,4,63,$42.84,0,0.00%,$0.00,$42.84,14,18.18%,$9.52,$52.36,,,,
McNair Upper Elementary,5/23/2025,60077,Manager's Vegetable Choice(1/4 cup),30,0,30,48,46,0,46,$0.00,2,4.17%,$0.00,$0.00,0,0.00%,$0.00,$0.00,,,,
McNair Upper Elementary,5/23/2025,60100,Black Beans - salad bar entree(1/2 cup),0,0,0,5,0,0,0,$0.00,5,100.00%,$0.00,$0.00,0,0.00%,$0.00,$0.00,,,,
Mosaic Elementary,5/23/2025,10026,Chickenless Bites(4 Bites),0,0,0,31,29,0,29,$21.17,2,6.45%,$1.46,$22.63,0,0.00%,$0.00,$22.63,,,,
Mosaic Elementary,5/23/2025,10044,Soft Pretzel(1 pretzel),3,0,3,6,6,0,6,$1.32,0,0.00%,$0.00,$1.32,0,0.00%,$0.00,$1.32,,,,
Mosaic Elementary,5/23/2025,10053,Turkey Barbacoa(1/2 Cup),0,0,0,1,1,0,1,$0.86,0,0.00%,$0.00,$0.86,0,0.00%,$0.00,$0.86,,,,
Mosaic Elementary,5/23/2025,10067,Roasted Plantains(3 Slices),0,0,0,18,18,0,18,$6.12,0,0.00%,$0.00,$6.12,0,0.00%,$0.00,$6.12,,,,
Mosaic Elementary,5/23/2025,10088,Potato Wedges(4 pieces),0,0,0,17,17,0,17,$1.70,0,0.00%,$0.00,$1.70,0,0.00%,$0.00,$1.70,,,,
Mosaic Elementary,5/23/2025,20001,1% White Milk(Each),107,0,107,332,150,0,150,$54.00,0,0.00%,$0.00,$54.00,182,54.82%,$65.52,$119.52,,,,
Mosaic Elementary,5/23/2025,20002,Fat Free Chocolate Milk(Each),264,0,264,150,150,0,150,$52.50,0,0.00%,$0.00,$52.50,0,0.00%,$0.00,$52.50,,,,
Mosaic Elementary,5/23/2025,20008,Apple Slices(6 Slices per 1/2 cup),0,0,0,16,16,0,16,$18.88,0,0.00%,$0.00,$18.88,0,0.00%,$0.00,$18.88,,,,
Mosaic Elementary,5/23/2025,20011,Cherry Tomatoes(6 Tomatoes per 1/2 cup),120,0,120,72,40,0,40,$29.60,0,0.00%,$0.00,$29.60,32,44.44%,$23.68,$53.28,,,,
Mosaic Elementary,5/23/2025,20017,Orange(6 Slices per 1/2 cup),0,0,0,37,37,0,37,$12.58,0,0.00%,$0.00,$12.58,0,0.00%,$0.00,$12.58,,,,
Mosaic Elementary,5/23/2025,20018,Red Seedless Grapes(16 grapes per 1/2 cup),414,0,414,414,414,0,414,$211.14,0,0.00%,$0.00,$211.14,0,0.00%,$0.00,$211.14,,,,
Mosaic Elementary,5/23/2025,20027,Broccoli Florets(1/4 cup),0,0,0,42,42,0,42,$3.36,0,0.00%,$0.00,$3.36,0,0.00%,$0.00,$3.36,,,,
Mosaic Elementary,5/23/2025,20028,Lettuce Blend Salad Mix(1/2 cup),84,0,84,120,120,0,120,$9.60,0,0.00%,$0.00,$9.60,0,0.00%,$0.00,$9.60,,,,
Mosaic Elementary,5/23/2025,20031,Banana(Each),0,0,0,77,77,0,77,$16.17,0,0.00%,$0.00,$16.17,0,0.00%,$0.00,$16.17,,,,
Mosaic Elementary,5/23/2025,20038,Fat Free White Milk(Each),28,0,28,100,45,0,45,$14.85,8,8.00%,$2.64,$17.49,47,47.00%,$15.51,$33.00,,,,
Mosaic Elementary,5/23/2025,30008,Apple Juice(Each),10,0,10,10,2,0,2,$0.34,0,0.00%,$0.00,$0.34,8,80.00%,$1.36,$1.70,,,,
Mosaic Elementary,5/23/2025,30032,Tortilla Chips(13 chips),0,0,0,1,1,0,1,$0.16,0,0.00%,$0.00,$0.16,0,0.00%,$0.00,$0.16,,,,
Mosaic Elementary,5/23/2025,30033,Cheez-Its Crackers(Package),0,0,0,16,16,0,16,$2.88,0,0.00%,$0.00,$2.88,0,0.00%,$0.00,$2.88,,,,
Mosaic Elementary,5/23/2025,30077,Italian Dressing(1 ounce),0,0,0,24,24,0,24,$1.92,0,0.00%,$0.00,$1.92,0,0.00%,$0.00,$1.92,,,,
Mosaic Elementary,5/23/2025,30097,Bottled Water(Bottle),30,0,30,35,35,0,35,$5.60,0,0.00%,$0.00,$5.60,0,0.00%,$0.00,$5.60,,,,
Mosaic Elementary,5/23/2025,30099,Chickpeas(1/4 cup),13,0,13,13,13,0,13,$1.17,0,0.00%,$0.00,$1.17,0,0.00%,$0.00,$1.17,,,,
Mosaic Elementary,5/23/2025,30107,Ranch Dressing(1 ounce),3,0,3,24,24,0,24,$2.64,0,0.00%,$0.00,$2.64,0,0.00%,$0.00,$2.64,,,,
Mosaic Elementary,5/23/2025,30188,"Milk, Soy, Plain, Bulk (12/32 oz)(1 cup)",0,0,0,1,1,0,1,$0.79,0,0.00%,$0.00,$0.79,0,0.00%,$0.00,$0.79,,,,
Mosaic Elementary,5/23/2025,60009,"Sandwich, Turkey & Cheese(sandwich)",0,0,0,7,7,0,7,$4.83,0,0.00%,$0.00,$4.83,0,0.00%,$0.00,$4.83,,,,
Mosaic Elementary,5/23/2025,60035,PB&J Power Pack(Power Packs),90,0,90,91,47,21,68,$73.44,0,0.00%,$0.00,$73.44,23,25.27%,$24.84,$98.28,,,,
Mosaic Elementary,5/23/2025,60037,Strawberry & Banana Yogurt Power Pack(Power Packs),16,0,16,48,22,4,26,$20.80,0,0.00%,$0.00,$20.80,22,45.83%,$17.60,$38.40,,,,
Mosaic Elementary,5/23/2025,60038,Peach Yogurt Power Pack(Power Packs),36,0,36,36,10,3,13,$10.40,0,0.00%,$0.00,$10.40,23,63.89%,$18.40,$28.80,,,,
Mosaic Elementary,5/23/2025,60041,Turkey Pepperoni Pizza(Slice),209,0,209,246,173,48,221,$150.28,1,0.41%,$0.68,$150.96,24,9.76%,$16.32,$167.28,,,,
Mosaic Elementary,5/23/2025,60042,Beef Meatball Sub Sandwich(Sandwich),0,0,0,15,15,0,15,$19.20,0,0.00%,$0.00,$19.20,0,0.00%,$0.00,$19.20,,,,
Mosaic Elementary,5/23/2025,60077,Manager's Vegetable Choice(1/2 cup),88,0,88,35,11,0,11,$0.00,0,0.00%,$0.00,$0.00,24,68.57%,$0.00,$0.00,,,,
Mosaic Elementary,5/23/2025,60080,Cheese Pizza(Slice),239,0,239,399,193,133,326,$185.82,1,0.25%,$0.57,$186.39,72,18.05%,$41.04,$227.43,,,,
Mosaic Elementary,5/23/2025,60101,Chickpeas - salad bar entree(1/2 cup),6,0,6,6,6,0,6,$1.08,0,0.00%,$0.00,$1.08,0,0.00%,$0.00,$1.08,,,,
Mosaic Elementary,5/23/2025,60153,Pumpkin Bread(1 square),0,0,0,18,18,0,18,$7.38,0,0.00%,$0.00,$7.38,0,0.00%,$0.00,$7.38,,,,
Mount Eagle Elementary,5/23/2025,20001,1% White Milk(Each),49,0,49,50,50,0,50,$18.00,0,0.00%,$0.00,$18.00,0,0.00%,$0.00,$18.00,,,,
Mount Eagle Elementary,5/23/2025,20002,Fat Free Chocolate Milk(Each),219,0,219,250,250,0,250,$87.50,0,0.00%,$0.00,$87.50,0,0.00%,$0.00,$87.50,,,,
Mount Eagle Elementary,5/23/2025,20018,Red Seedless Grapes(8 grapes per 1/4 cup),185,0,185,200,200,0,200,$52.00,0,0.00%,$0.00,$52.00,0,0.00%,$0.00,$52.00,,,,
Mount Eagle Elementary,5/23/2025,20027,Broccoli Florets(1/4 cup),0,0,0,60,60,0,60,$4.80,0,0.00%,$0.00,$4.80,0,0.00%,$0.00,$4.80,,,,
Mount Eagle Elementary,5/23/2025,20028,Lettuce Blend Salad Mix(1/2 cup),161,0,161,160,160,0,160,$12.80,0,0.00%,$0.00,$12.80,0,0.00%,$0.00,$12.80,,,,
Mount Eagle Elementary,5/23/2025,20031,Banana(Each),17,0,17,15,15,0,15,$3.15,0,0.00%,$0.00,$3.15,0,0.00%,$0.00,$3.15,,,,
Mount Eagle Elementary,5/23/2025,20038,Fat Free White Milk(Each),4,0,4,5,5,0,5,$1.65,0,0.00%,$0.00,$1.65,0,0.00%,$0.00,$1.65,,,,
Mount Eagle Elementary,5/23/2025,30024,Black Beans(1/2 Cup),18,0,18,16,16,0,16,$2.72,0,0.00%,$0.00,$2.72,0,0.00%,$0.00,$2.72,,,,
Mount Eagle Elementary,5/23/2025,30033,Cheez-Its Crackers(Package),17,0,17,15,15,0,15,$2.70,0,0.00%,$0.00,$2.70,0,0.00%,$0.00,$2.70,,,,
Mount Eagle Elementary,5/23/2025,30045,Watermelon Flavored Dried Cranberries(Each),40,0,40,50,50,0,50,$12.00,0,0.00%,$0.00,$12.00,0,0.00%,$0.00,$12.00,,,,
Mount Eagle Elementary,5/23/2025,30061,Chilled Mandarin Oranges(1/2 cup (drained)),17,0,17,16,16,0,16,$5.44,0,0.00%,$0.00,$5.44,0,0.00%,$0.00,$5.44,,,,
Mount Eagle Elementary,5/23/2025,30061,Chilled Mandarin Oranges(1/4 cup (drained)),128,0,128,80,80,0,80,$13.60,0,0.00%,$0.00,$13.60,0,0.00%,$0.00,$13.60,,,,
Mount Eagle Elementary,5/23/2025,30077,Italian Dressing(1 ounce),47,0,47,100,100,0,100,$8.00,0,0.00%,$0.00,$8.00,0,0.00%,$0.00,$8.00,,,,
Mount Eagle Elementary,5/23/2025,30094,Doritos Wild White Nacho Flavored Tortilla Chips(Bag),0,0,0,1,1,0,1,$0.35,0,0.00%,$0.00,$0.35,0,0.00%,$0.00,$0.35,,,,
Mount Eagle Elementary,5/23/2025,30099,Chickpeas(1/4 cup),36,0,36,50,50,0,50,$4.50,0,0.00%,$0.00,$4.50,0,0.00%,$0.00,$4.50,,,,
Mount Eagle Elementary,5/23/2025,30107,Ranch Dressing(1 ounce),70,0,70,120,120,0,120,$13.20,0,0.00%,$0.00,$13.20,0,0.00%,$0.00,$13.20,,,,
Mount Eagle Elementary,5/23/2025,60035,PB&J Power Pack(Power Packs),40,0,40,15,13,0,13,$14.04,0,0.00%,$0.00,$14.04,2,13.33%,$2.16,$16.20,,,,
Mount Eagle Elementary,5/23/2025,60041,Turkey Pepperoni Pizza(Slice),190,0,190,198,191,5,196,$133.28,0,0.00%,$0.00,$133.28,2,1.01%,$1.36,$134.64,,,,
Mount Eagle Elementary,5/23/2025,60077,Manager's Vegetable Choice(1/4 cup),133,0,133,80,80,0,80,$0.00,0,0.00%,$0.00,$0.00,0,0.00%,$0.00,$0.00,,,,
Mount Eagle Elementary,5/23/2025,60080,Cheese Pizza(Slice),110,0,110,93,93,0,93,$53.01,0,0.00%,$0.00,$53.01,0,0.00%,$0.00,$53.01,,,,
Mt. Vernon Woods Elementary,5/23/2025,10075,Cheese Pizza(Slice),25,0,25,26,26,0,26,$14.82,0,0.00%,$0.00,$14.82,0,0.00%,$0.00,$14.82,,,,
Mt. Vernon Woods Elementary,5/23/2025,20001,1% White Milk(Each),75,0,75,118,68,0,68,$24.48,0,0.00%,$0.00,$24.48,50,42.37%,$18.00,$42.48,,,,
Mt. Vernon Woods Elementary,5/23/2025,20002,Fat Free Chocolate Milk(Each),271,0,271,401,265,0,265,$92.75,0,0.00%,$0.00,$92.75,136,33.92%,$47.60,$140.35,,,,
Mt. Vernon Woods Elementary,5/23/2025,20011,Cherry Tomatoes(1/4 cup),94,0,94,144,74,0,74,$27.38,0,0.00%,$0.00,$27.38,70,48.61%,$25.90,$53.28,,,,
Mt. Vernon Woods Elementary,5/23/2025,20014,Red Delicious Apple(Each - serving),0,0,0,233,218,0,218,$71.94,0,0.00%,$0.00,$71.94,15,6.44%,$4.95,$76.89,,,,
Mt. Vernon Woods Elementary,5/23/2025,20023,Baby Carrots(3 baby carrots per 1/4 cup),0,0,0,168,144,0,144,$12.96,0,0.00%,$0.00,$12.96,24,14.29%,$2.16,$15.12,,,,
Mt. Vernon Woods Elementary,5/23/2025,20028,Lettuce Blend Salad Mix(1/2 cup),128,0,128,160,160,0,160,$12.80,0,0.00%,$0.00,$12.80,0,0.00%,$0.00,$12.80,,,,
Mt. Vernon Woods Elementary,5/23/2025,20031,Banana(Each),34,0,34,223,193,0,193,$40.53,0,0.00%,$0.00,$40.53,30,13.45%,$6.30,$46.83,,,,
Mt. Vernon Woods Elementary,5/23/2025,20038,Fat Free White Milk(Each),5,0,5,27,4,0,4,$1.32,0,0.00%,$0.00,$1.32,23,85.19%,$7.59,$8.91,,,,
Mt. Vernon Woods Elementary,5/23/2025,30024,Black Beans(1/2 Cup),59,0,59,56,56,0,56,$9.52,0,0.00%,$0.00,$9.52,0,0.00%,$0.00,$9.52,,,,
Mt. Vernon Woods Elementary,5/23/2025,30033,Cheez-Its Crackers(Package),32,0,32,28,28,0,28,$5.04,0,0.00%,$0.00,$5.04,0,0.00%,$0.00,$5.04,,,,
Mt. Vernon Woods Elementary,5/23/2025,30044,Strawberry Flavored Dried Cranberries(Each),38,0,38,60,48,0,48,$11.52,0,0.00%,$0.00,$11.52,12,20.00%,$2.88,$14.40,,,,
Mt. Vernon Woods Elementary,5/23/2025,30061,Chilled Mandarin Oranges(1/2 cup (drained)),59,0,59,56,56,0,56,$19.04,0,0.00%,$0.00,$19.04,0,0.00%,$0.00,$19.04,,,,
Mt. Vernon Woods Elementary,5/23/2025,30077,Italian Dressing(1 ounce),24,0,24,48,24,0,24,$1.92,0,0.00%,$0.00,$1.92,24,50.00%,$1.92,$3.84,,,,
Mt. Vernon Woods Elementary,5/23/2025,30099,Chickpeas(1/4 cup),24,0,24,32,8,0,8,$0.72,0,0.00%,$0.00,$0.72,24,75.00%,$2.16,$2.88,,,,
Mt. Vernon Woods Elementary,5/23/2025,30103,"Milk, Lactose Free,  Fat Free, Shelf-Stable(Each)",0,0,0,4,4,0,4,$1.92,0,0.00%,$0.00,$1.92,0,0.00%,$0.00,$1.92,,,,
Mt. Vernon Woods Elementary,5/23/2025,30107,Ranch Dressing(1 ounce),53,0,53,72,68,0,68,$7.48,0,0.00%,$0.00,$7.48,4,5.56%,$0.44,$7.92,,,,
Mt. Vernon Woods Elementary,5/23/2025,60035,PB&J Power Pack(Power Packs),87,0,87,80,73,0,73,$78.84,0,0.00%,$0.00,$78.84,7,8.75%,$7.56,$86.40,,,,
Mt. Vernon Woods Elementary,5/23/2025,60036,Cherry Vanilla Yogurt Power Pack(Power Packs),34,0,34,24,16,0,16,$12.80,0,0.00%,$0.00,$12.80,8,33.33%,$6.40,$19.20,,,,
Mt. Vernon Woods Elementary,5/23/2025,60041,Turkey Pepperoni Pizza(Slice),171,0,171,160,155,0,155,$105.40,0,0.00%,$0.00,$105.40,5,3.13%,$3.40,$108.80,,,,
Mt. Vernon Woods Elementary,5/23/2025,60080,Cheese Pizza(Slice),188,0,188,170,163,0,163,$92.91,7,4.12%,$3.99,$96.90,0,0.00%,$0.00,$96.90,,,,
Navy Elementary,5/23/2025,10044,Soft Pretzel(1 pretzel),84,0,84,96,96,0,96,$21.12,0,0.00%,$0.00,$21.12,0,0.00%,$0.00,$21.12,,,,
Navy Elementary,5/23/2025,10075,Cheese Pizza(Slice),195,0,195,232,204,0,204,$116.28,1,0.43%,$0.57,$116.85,27,11.64%,$15.39,$132.24,,,,
Navy Elementary,5/23/2025,20001,1% White Milk(Each),27,0,27,121,27,0,27,$9.72,0,0.00%,$0.00,$9.72,94,77.69%,$33.84,$43.56,,,,
Navy Elementary,5/23/2025,20002,Fat Free Chocolate Milk(Each),179,0,179,530,202,0,202,$70.70,0,0.00%,$0.00,$70.70,328,61.89%,$114.80,$185.50,,,,
Navy Elementary,5/23/2025,20011,Cherry Tomatoes(1/4 cup),42,0,42,105,35,0,35,$12.95,0,0.00%,$0.00,$12.95,70,66.67%,$25.90,$38.85,,,,
Navy Elementary,5/23/2025,20014,Red Delicious Apple(Each - serving),0,0,0,131,109,0,109,$35.97,0,0.00%,$0.00,$35.97,22,16.79%,$7.26,$43.23,,,,
Navy Elementary,5/23/2025,20017,Orange(1/4 cup),0,0,0,170,170,0,170,$28.90,0,0.00%,$0.00,$28.90,0,0.00%,$0.00,$28.90,,,,
Navy Elementary,5/23/2025,20028,Lettuce Blend Salad Mix(1/2 cup),59,0,59,80,80,0,80,$6.40,0,0.00%,$0.00,$6.40,0,0.00%,$0.00,$6.40,,,,
Navy Elementary,5/23/2025,20038,Fat Free White Milk(Each),12,0,12,65,7,0,7,$2.31,0,0.00%,$0.00,$2.31,58,89.23%,$19.14,$21.45,,,,
Navy Elementary,5/23/2025,20052,Assorted  4 oz Yogurt(Container),10,0,10,10,8,0,8,$0.00,0,0.00%,$0.00,$0.00,2,20.00%,$0.00,$0.00,,,,
Navy Elementary,5/23/2025,30009,Orange Tangerine Juice(Each),0,0,0,6,6,0,6,$1.02,0,0.00%,$0.00,$1.02,0,0.00%,$0.00,$1.02,,,,
Navy Elementary,5/23/2025,30031,Strawberry Chex Mix(Package),20,0,20,20,15,0,15,$6.75,0,0.00%,$0.00,$6.75,5,25.00%,$2.25,$9.00,,,,
Navy Elementary,5/23/2025,30045,Watermelon Flavored Dried Cranberries(Each),63,0,63,60,60,0,60,$14.40,0,0.00%,$0.00,$14.40,0,0.00%,$0.00,$14.40,,,,
Navy Elementary,5/23/2025,30077,Italian Dressing(1 ounce),12,0,12,12,12,0,12,$0.96,0,0.00%,$0.00,$0.96,0,0.00%,$0.00,$0.96,,,,
Navy Elementary,5/23/2025,30094,Doritos Wild White Nacho Flavored Tortilla Chips(Bag),0,0,0,2,2,0,2,$0.70,0,0.00%,$0.00,$0.70,0,0.00%,$0.00,$0.70,,,,
Navy Elementary,5/23/2025,30097,Bottled Water(Bottle),25,0,25,30,26,0,26,$4.16,0,0.00%,$0.00,$4.16,4,13.33%,$0.64,$4.80,,,,
Navy Elementary,5/23/2025,30099,Chickpeas(1/4 cup),22,0,22,16,16,0,16,$1.44,0,0.00%,$0.00,$1.44,0,0.00%,$0.00,$1.44,,,,
Navy Elementary,5/23/2025,30107,Ranch Dressing(1 ounce),24,0,24,24,24,0,24,$2.64,0,0.00%,$0.00,$2.64,0,0.00%,$0.00,$2.64,,,,
Navy Elementary,5/23/2025,60035,PB&J Power Pack(Power Packs),56,0,56,77,49,0,49,$52.92,0,0.00%,$0.00,$52.92,28,36.36%,$30.24,$83.16,,,,
Navy Elementary,5/23/2025,60038,Peach Yogurt Power Pack(Power Packs),21,0,21,60,21,0,21,$16.80,0,0.00%,$0.00,$16.80,39,65.00%,$31.20,$48.00,,,,
Navy Elementary,5/23/2025,60041,Turkey Pepperoni Pizza(Slice),120,0,120,154,133,0,133,$90.44,1,0.65%,$0.68,$91.12,20,12.99%,$13.60,$104.72,,,,
Navy Elementary,5/23/2025,60077,Manager's Vegetable Choice(1/4 cup),77,0,77,120,108,0,108,$0.00,0,0.00%,$0.00,$0.00,12,10.00%,$0.00,$0.00,,,,
Navy Elementary,5/23/2025,60101,Chickpeas - salad bar entree(1/2 cup),4,0,4,11,11,0,11,$1.98,0,0.00%,$0.00,$1.98,0,0.00%,$0.00,$1.98,,,,
Newington Forest Elementary,5/23/2025,10033,Chocolate Chip Cookie(1/2 Cookie),196,0,196,0,0,0,0,$0.00,0,0.00%,$0.00,$0.00,0,0.00%,$0.00,$0.00,,,,
Newington Forest Elementary,5/23/2025,10044,Soft Pretzel(1 pretzel),0,0,0,20,9,0,9,$1.98,0,0.00%,$0.00,$1.98,11,55.00%,$2.42,$4.40,,,,
Newington Forest Elementary,5/23/2025,10075,Cheese Pizza(Slice),180,0,180,180,149,2,151,$86.07,0,0.00%,$0.00,$86.07,29,16.11%,$16.53,$102.60,,,,
Newington Forest Elementary,5/23/2025,20001,1% White Milk(Each),50,0,50,0,0,0,0,$0.00,0,0.00%,$0.00,$0.00,0,0.00%,$0.00,$0.00,,,,
Newington Forest Elementary,5/23/2025,20002,Fat Free Chocolate Milk(Each),180,0,180,180,163,0,163,$57.05,0,0.00%,$0.00,$57.05,17,9.44%,$5.95,$63.00,,,,
Newington Forest Elementary,5/23/2025,20011,Cherry Tomatoes(1/4 cup),60,0,60,60,59,0,59,$21.83,1,1.67%,$0.37,$22.20,0,0.00%,$0.00,$22.20,,,,
Newington Forest Elementary,5/23/2025,20016,String Cheese(Each),20,0,20,0,0,0,0,$0.00,0,0.00%,$0.00,$0.00,0,0.00%,$0.00,$0.00,,,,
Newington Forest Elementary,5/23/2025,20018,Red Seedless Grapes(8 grapes per 1/4 cup),80,0,80,100,100,0,100,$26.00,0,0.00%,$0.00,$26.00,0,0.00%,$0.00,$26.00,,,,
Newington Forest Elementary,5/23/2025,20028,Lettuce Blend Salad Mix(1/2 cup),120,0,120,120,117,0,117,$9.36,3,2.50%,$0.24,$9.60,0,0.00%,$0.00,$9.60,,,,
Newington Forest Elementary,5/23/2025,20031,Banana(Each),0,0,0,72,67,0,67,$14.07,0,0.00%,$0.00,$14.07,5,6.94%,$1.05,$15.12,,,,
Newington Forest Elementary,5/23/2025,20038,Fat Free White Milk(Each),25,0,25,50,36,0,36,$11.88,0,0.00%,$0.00,$11.88,14,28.00%,$4.62,$16.50,,,,
Newington Forest Elementary,5/23/2025,20052,Assorted  4 oz Yogurt(Container),20,0,20,20,7,0,7,$0.00,0,0.00%,$0.00,$0.00,13,65.00%,$0.00,$0.00,,,,
Newington Forest Elementary,5/23/2025,30008,Apple Juice(Each),20,0,20,20,10,0,10,$1.70,0,0.00%,$0.00,$1.70,10,50.00%,$1.70,$3.40,,,,
Newington Forest Elementary,5/23/2025,30009,Orange Tangerine Juice(Each),20,0,20,20,9,0,9,$1.53,0,0.00%,$0.00,$1.53,11,55.00%,$1.87,$3.40,,,,
Newington Forest Elementary,5/23/2025,30031,Strawberry Chex Mix(Package),0,0,0,30,26,0,26,$11.70,0,0.00%,$0.00,$11.70,4,13.33%,$1.80,$13.50,,,,
Newington Forest Elementary,5/23/2025,30033,Cheez-Its Crackers(Package),0,0,0,60,48,0,48,$8.64,0,0.00%,$0.00,$8.64,12,20.00%,$2.16,$10.80,,,,
Newington Forest Elementary,5/23/2025,30039,Cherry Flavored Dried Cranberries(Each),30,0,30,0,0,0,0,$0.00,0,0.00%,$0.00,$0.00,0,0.00%,$0.00,$0.00,,,,
Newington Forest Elementary,5/23/2025,30041,Orange Flavored Dried Cranberries(Each),30,0,30,0,0,0,0,$0.00,0,0.00%,$0.00,$0.00,0,0.00%,$0.00,$0.00,,,,
Newington Forest Elementary,5/23/2025,30042,Original Flavored Dried Cranberries(Package),30,0,30,0,0,0,0,$0.00,0,0.00%,$0.00,$0.00,0,0.00%,$0.00,$0.00,,,,
Newington Forest Elementary,5/23/2025,30043,Raspberry Lemonade Flavored Dried Cranberries(Each),30,0,30,0,0,0,0,$0.00,0,0.00%,$0.00,$0.00,0,0.00%,$0.00,$0.00,,,,
Newington Forest Elementary,5/23/2025,30044,Strawberry Flavored Dried Cranberries(Each),30,0,30,0,0,0,0,$0.00,0,0.00%,$0.00,$0.00,0,0.00%,$0.00,$0.00,,,,
Newington Forest Elementary,5/23/2025,30045,Watermelon Flavored Dried Cranberries(Each),30,0,30,0,0,0,0,$0.00,0,0.00%,$0.00,$0.00,0,0.00%,$0.00,$0.00,,,,
Newington Forest Elementary,5/23/2025,30061,Chilled Mandarin Oranges(1/4 cup (drained)),60,0,60,0,0,0,0,$0.00,0,0.00%,$0.00,$0.00,0,0.00%,$0.00,$0.00,,,,
Newington Forest Elementary,5/23/2025,30077,Italian Dressing(1 ounce),48,0,48,48,44,0,44,$3.52,0,0.00%,$0.00,$3.52,4,8.33%,$0.32,$3.84,,,,
Newington Forest Elementary,5/23/2025,30094,Doritos Wild White Nacho Flavored Tortilla Chips(Bag),60,0,60,0,0,0,0,$0.00,0,0.00%,$0.00,$0.00,0,0.00%,$0.00,$0.00,,,,
Newington Forest Elementary,5/23/2025,30097,Bottled Water(Bottle),30,0,30,30,21,0,21,$3.36,0,0.00%,$0.00,$3.36,9,30.00%,$1.44,$4.80,,,,
Newington Forest Elementary,5/23/2025,30099,Chickpeas(1/4 cup),80,0,80,80,71,0,71,$6.39,0,0.00%,$0.00,$6.39,9,11.25%,$0.81,$7.20,,,,
Newington Forest Elementary,5/23/2025,30107,Ranch Dressing(1 ounce),72,0,72,72,70,0,70,$7.70,0,0.00%,$0.00,$7.70,2,2.78%,$0.22,$7.92,,,,
Newington Forest Elementary,5/23/2025,60009,"Sandwich, Turkey & Cheese(sandwich)",0,0,0,15,12,1,13,$8.97,0,0.00%,$0.00,$8.97,2,13.33%,$1.38,$10.35,,,,
Newington Forest Elementary,5/23/2025,60035,PB&J Power Pack(Power Packs),60,0,60,50,19,0,19,$20.52,0,0.00%,$0.00,$20.52,31,62.00%,$33.48,$54.00,,,,
Newington Forest Elementary,5/23/2025,60036,Cherry Vanilla Yogurt Power Pack(Power Packs),30,0,30,30,17,0,17,$13.60,0,0.00%,$0.00,$13.60,13,43.33%,$10.40,$24.00,,,,
Newington Forest Elementary,5/23/2025,60037,Strawberry & Banana Yogurt Power Pack(Power Packs),30,0,30,0,0,0,0,$0.00,0,0.00%,$0.00,$0.00,0,0.00%,$0.00,$0.00,,,,
Newington Forest Elementary,5/23/2025,60038,Peach Yogurt Power Pack(Power Packs),30,0,30,30,20,0,20,$16.00,0,0.00%,$0.00,$16.00,10,33.33%,$8.00,$24.00,,,,
Newington Forest Elementary,5/23/2025,60041,Turkey Pepperoni Pizza(Slice),100,0,100,100,83,3,86,$58.48,0,0.00%,$0.00,$58.48,14,14.00%,$9.52,$68.00,,,,
Newington Forest Elementary,5/23/2025,60077,Manager's Vegetable Choice(1/4 cup),60,0,60,80,78,0,78,$0.00,0,0.00%,$0.00,$0.00,2,2.50%,$0.00,$0.00,,,,
Newington Forest Elementary,5/23/2025,60101,Chickpeas - salad bar entree(1/2 cup),0,0,0,0,0,0,0,$0.00,0,0.00%,$0.00,$0.00,0,0.00%,$0.00,$0.00,,,,
Newington Forest Elementary,5/23/2025,60150,Strawberry Parfait Power Pack(Power Pack),30,0,30,0,0,0,0,$0.00,0,0.00%,$0.00,$0.00,0,0.00%,$0.00,$0.00,,,,
North Springfield Elementary,5/23/2025,10033,Chocolate Chip Cookie(1/2 Cookie),5,0,5,0,0,0,0,$0.00,0,0.00%,$0.00,$0.00,0,0.00%,$0.00,$0.00,,,,
North Springfield Elementary,5/23/2025,10044,Soft Pretzel(1 pretzel),1,0,1,0,0,0,0,$0.00,0,0.00%,$0.00,$0.00,0,0.00%,$0.00,$0.00,,,,
North Springfield Elementary,5/23/2025,10062,Corn(1/2 cup (cooked)),0,0,0,36,36,0,36,$7.56,0,0.00%,$0.00,$7.56,0,0.00%,$0.00,$7.56,,,,
North Springfield Elementary,5/23/2025,10075,Cheese Pizza(Slice),51,0,51,53,53,0,53,$30.21,0,0.00%,$0.00,$30.21,0,0.00%,$0.00,$30.21,,,,
North Springfield Elementary,5/23/2025,20001,1% White Milk(Each),103,0,103,128,94,0,94,$33.84,0,0.00%,$0.00,$33.84,34,26.56%,$12.24,$46.08,,,,
North Springfield Elementary,5/23/2025,20002,Fat Free Chocolate Milk(Each),143,0,143,184,154,0,154,$53.90,0,0.00%,$0.00,$53.90,30,16.30%,$10.50,$64.40,,,,
North Springfield Elementary,5/23/2025,20014,Red Delicious Apple(Each - serving),0,0,0,80,76,0,76,$25.08,0,0.00%,$0.00,$25.08,4,5.00%,$1.32,$26.40,,,,
North Springfield Elementary,5/23/2025,20016,String Cheese(Each),5,0,5,4,4,0,4,$0.88,0,0.00%,$0.00,$0.88,0,0.00%,$0.00,$0.88,,,,
North Springfield Elementary,5/23/2025,20023,Baby Carrots(6 Baby Carrots per 1/2 cup),0,0,0,48,48,0,48,$8.16,0,0.00%,$0.00,$8.16,0,0.00%,$0.00,$8.16,,,,
North Springfield Elementary,5/23/2025,20028,Lettuce Blend Salad Mix(1/2 cup),110,0,110,110,110,0,110,$8.80,0,0.00%,$0.00,$8.80,0,0.00%,$0.00,$8.80,,,,
North Springfield Elementary,5/23/2025,20031,Banana(Each),31,0,31,41,39,2,41,$8.61,0,0.00%,$0.00,$8.61,0,0.00%,$0.00,$8.61,,,,
North Springfield Elementary,5/23/2025,20038,Fat Free White Milk(Each),13,0,13,62,16,0,16,$5.28,0,0.00%,$0.00,$5.28,46,74.19%,$15.18,$20.46,,,,
North Springfield Elementary,5/23/2025,20043,"Lactose Free, White Milk(Each)",0,0,0,3,3,0,3,$1.74,0,0.00%,$0.00,$1.74,0,0.00%,$0.00,$1.74,,,,
North Springfield Elementary,5/23/2025,20047,Orange Slices(6 Slices per 1/2 cup),0,0,0,105,105,0,105,$42.00,0,0.00%,$0.00,$42.00,0,0.00%,$0.00,$42.00,,,,
North Springfield Elementary,5/23/2025,20052,Assorted  4 oz Yogurt(Container),5,0,5,1,1,0,1,$0.00,0,0.00%,$0.00,$0.00,0,0.00%,$0.00,$0.00,,,,
North Springfield Elementary,5/23/2025,30008,Apple Juice(Each),5,0,5,4,4,0,4,$0.68,0,0.00%,$0.00,$0.68,0,0.00%,$0.00,$0.68,,,,
North Springfield Elementary,5/23/2025,30009,Orange Tangerine Juice(Each),5,0,5,4,4,0,4,$0.68,0,0.00%,$0.00,$0.68,0,0.00%,$0.00,$0.68,,,,
North Springfield Elementary,5/23/2025,30024,Black Beans(1/2 Cup),77,0,77,83,81,2,83,$14.11,0,0.00%,$0.00,$14.11,0,0.00%,$0.00,$14.11,,,,
North Springfield Elementary,5/23/2025,30031,Strawberry Chex Mix(Package),0,0,0,5,5,0,5,$2.25,0,0.00%,$0.00,$2.25,0,0.00%,$0.00,$2.25,,,,
North Springfield Elementary,5/23/2025,30033,Cheez-Its Crackers(Package),32,0,32,33,31,2,33,$5.94,0,0.00%,$0.00,$5.94,0,0.00%,$0.00,$5.94,,,,
North Springfield Elementary,5/23/2025,30041,Orange Flavored Dried Cranberries(Each),37,0,37,50,50,0,50,$12.00,0,0.00%,$0.00,$12.00,0,0.00%,$0.00,$12.00,,,,
North Springfield Elementary,5/23/2025,30061,Chilled Mandarin Oranges(1/2 cup (drained)),82,0,82,83,81,2,83,$28.22,0,0.00%,$0.00,$28.22,0,0.00%,$0.00,$28.22,,,,
North Springfield Elementary,5/23/2025,30077,Italian Dressing(1 ounce),24,0,24,24,24,0,24,$1.92,0,0.00%,$0.00,$1.92,0,0.00%,$0.00,$1.92,,,,
North Springfield Elementary,5/23/2025,30094,Doritos Wild White Nacho Flavored Tortilla Chips(Bag),5,0,5,27,27,0,27,$9.45,0,0.00%,$0.00,$9.45,0,0.00%,$0.00,$9.45,,,,
North Springfield Elementary,5/23/2025,30097,Bottled Water(Bottle),5,0,5,5,5,0,5,$0.80,0,0.00%,$0.00,$0.80,0,0.00%,$0.00,$0.80,,,,
North Springfield Elementary,5/23/2025,30099,Chickpeas(1/4 cup),15,0,15,14,14,0,14,$1.26,0,0.00%,$0.00,$1.26,0,0.00%,$0.00,$1.26,,,,
North Springfield Elementary,5/23/2025,30107,Ranch Dressing(1 ounce),49,0,49,48,48,0,48,$5.28,0,0.00%,$0.00,$5.28,0,0.00%,$0.00,$5.28,,,,
North Springfield Elementary,5/23/2025,30109,Smartfood RF White Cheddar Popcorn(Each),0,0,0,11,11,0,11,$4.07,0,0.00%,$0.00,$4.07,0,0.00%,$0.00,$4.07,,,,
North Springfield Elementary,5/23/2025,60035,PB&J Power Pack(Power Packs),25,0,25,16,16,0,16,$17.28,0,0.00%,$0.00,$17.28,0,0.00%,$0.00,$17.28,,,,
North Springfield Elementary,5/23/2025,60037,Strawberry & Banana Yogurt Power Pack(Power Packs),35,0,35,19,19,0,19,$15.20,0,0.00%,$0.00,$15.20,0,0.00%,$0.00,$15.20,,,,
North Springfield Elementary,5/23/2025,60041,Turkey Pepperoni Pizza(Slice),134,0,134,139,131,7,138,$93.84,1,0.72%,$0.68,$94.52,0,0.00%,$0.00,$94.52,,,,
North Springfield Elementary,5/23/2025,60080,Cheese Pizza(Slice),109,0,109,106,95,1,96,$54.72,10,9.43%,$5.70,$60.42,0,0.00%,$0.00,$60.42,,,,
North Springfield Elementary,5/23/2025,60101,Chickpeas - salad bar entree(1/2 cup),1,0,1,0,0,0,0,$0.00,0,0.00%,$0.00,$0.00,0,0.00%,$0.00,$0.00,,,,
Oak Hill Elementary,5/23/2025,10044,Soft Pretzel(1 pretzel),13,0,13,25,22,0,22,$4.84,3,12.00%,$0.66,$5.50,0,0.00%,$0.00,$5.50,,,,
Oak Hill Elementary,5/23/2025,20001,1% White Milk(Each),23,0,23,57,43,0,43,$15.48,0,0.00%,$0.00,$15.48,14,24.56%,$5.04,$20.52,,,,
Oak Hill Elementary,5/23/2025,20002,Fat Free Chocolate Milk(Each),138,0,138,262,220,0,220,$77.00,0,0.00%,$0.00,$77.00,42,16.03%,$14.70,$91.70,,,,
Oak Hill Elementary,5/23/2025,20023,Baby Carrots(3 baby carrots per 1/4 cup),0,0,0,144,144,0,144,$12.96,0,0.00%,$0.00,$12.96,0,0.00%,$0.00,$12.96,,,,
Oak Hill Elementary,5/23/2025,20028,Lettuce Blend Salad Mix(1/2 cup),67,0,67,100,100,0,100,$8.00,0,0.00%,$0.00,$8.00,0,0.00%,$0.00,$8.00,,,,
Oak Hill Elementary,5/23/2025,20031,Banana(Each),0,0,0,103,103,0,103,$21.63,0,0.00%,$0.00,$21.63,0,0.00%,$0.00,$21.63,,,,
Oak Hill Elementary,5/23/2025,20038,Fat Free White Milk(Each),20,0,20,73,7,0,7,$2.31,0,0.00%,$0.00,$2.31,66,90.41%,$21.78,$24.09,,,,
Oak Hill Elementary,5/23/2025,20047,Orange Slices(3 slices per 1/4 cup),0,0,0,204,204,0,204,$40.80,0,0.00%,$0.00,$40.80,0,0.00%,$0.00,$40.80,,,,
Oak Hill Elementary,5/23/2025,30024,Black Beans(1/2 Cup),7,0,7,7,7,0,7,$1.19,0,0.00%,$0.00,$1.19,0,0.00%,$0.00,$1.19,,,,
Oak Hill Elementary,5/23/2025,30033,Cheez-Its Crackers(Package),0,0,0,40,39,0,39,$7.02,1,2.50%,$0.18,$7.20,0,0.00%,$0.00,$7.20,,,,
Oak Hill Elementary,5/23/2025,30061,Chilled Mandarin Oranges(1/2 cup (drained)),7,0,7,7,7,0,7,$2.38,0,0.00%,$0.00,$2.38,0,0.00%,$0.00,$2.38,,,,
Oak Hill Elementary,5/23/2025,30077,Italian Dressing(1 ounce),8,0,8,24,24,0,24,$1.92,0,0.00%,$0.00,$1.92,0,0.00%,$0.00,$1.92,,,,
Oak Hill Elementary,5/23/2025,30097,Bottled Water(Bottle),0,0,0,10,6,1,7,$1.12,0,0.00%,$0.00,$1.12,3,30.00%,$0.48,$1.60,,,,
Oak Hill Elementary,5/23/2025,30099,Chickpeas(1/4 cup),8,0,8,33,33,0,33,$2.97,0,0.00%,$0.00,$2.97,0,0.00%,$0.00,$2.97,,,,
Oak Hill Elementary,5/23/2025,30107,Ranch Dressing(1 ounce),20,0,20,48,48,0,48,$5.28,0,0.00%,$0.00,$5.28,0,0.00%,$0.00,$5.28,,,,
Oak Hill Elementary,5/23/2025,60035,PB&J Power Pack(Power Packs),56,0,56,40,37,3,40,$43.20,0,0.00%,$0.00,$43.20,0,0.00%,$0.00,$43.20,,,,
Oak Hill Elementary,5/23/2025,60037,Strawberry & Banana Yogurt Power Pack(Power Packs),17,0,17,13,8,1,9,$7.20,0,0.00%,$0.00,$7.20,4,30.77%,$3.20,$10.40,,,,
Oak Hill Elementary,5/23/2025,60041,Turkey Pepperoni Pizza(Slice),98,0,98,115,113,0,113,$76.84,2,1.74%,$1.36,$78.20,0,0.00%,$0.00,$78.20,,,,
Oak Hill Elementary,5/23/2025,60042,Beef Meatball Sub Sandwich(Sandwich),0,0,0,5,5,0,5,$6.40,0,0.00%,$0.00,$6.40,0,0.00%,$0.00,$6.40,,,,
Oak Hill Elementary,5/23/2025,60077,Manager's Vegetable Choice(1/4 cup),54,0,54,105,105,0,105,$0.00,0,0.00%,$0.00,$0.00,0,0.00%,$0.00,$0.00,,,,
Oak Hill Elementary,5/23/2025,60080,Cheese Pizza(Slice),181,0,181,175,169,0,169,$96.33,6,3.43%,$3.42,$99.75,0,0.00%,$0.00,$99.75,,,,
Oak Hill Elementary,5/23/2025,60101,Chickpeas - salad bar entree(1/2 cup),0,0,0,0,0,0,0,$0.00,0,0.00%,$0.00,$0.00,0,0.00%,$0.00,$0.00,,,,
Oak Hill Elementary,5/23/2025,60123,Tomato Soup(8 oz Ladle),0,0,0,7,7,0,7,$4.97,0,0.00%,$0.00,$4.97,0,0.00%,$0.00,$4.97,,,,
Oak View Elementary,5/23/2025,10033,Chocolate Chip Cookie(1/2 Cookie),210,0,210,34,34,0,34,$4.76,0,0.00%,$0.00,$4.76,0,0.00%,$0.00,$4.76,,,,
Oak View Elementary,5/23/2025,10044,Soft Pretzel(1 pretzel),10,0,10,46,40,0,40,$8.80,0,0.00%,$0.00,$8.80,6,13.04%,$1.32,$10.12,,,,
Oak View Elementary,5/23/2025,10075,Cheese Pizza(Slice),160,0,160,168,160,1,161,$91.77,3,1.79%,$1.71,$93.48,4,2.38%,$2.28,$95.76,,,,
Oak View Elementary,5/23/2025,20001,1% White Milk(Each),30,0,30,41,29,0,29,$10.44,0,0.00%,$0.00,$10.44,12,29.27%,$4.32,$14.76,,,,
Oak View Elementary,5/23/2025,20002,Fat Free Chocolate Milk(Each),200,0,200,243,236,0,236,$82.60,0,0.00%,$0.00,$82.60,7,2.88%,$2.45,$85.05,,,,
Oak View Elementary,5/23/2025,20011,Cherry Tomatoes(1/4 cup),90,0,90,108,90,0,90,$33.30,0,0.00%,$0.00,$33.30,18,16.67%,$6.66,$39.96,,,,
Oak View Elementary,5/23/2025,20014,Red Delicious Apple(Each - serving),0,0,0,96,84,0,84,$27.72,0,0.00%,$0.00,$27.72,12,12.50%,$3.96,$31.68,,,,
Oak View Elementary,5/23/2025,20016,String Cheese(Each),3,0,3,2,0,0,0,$0.00,0,0.00%,$0.00,$0.00,2,100.00%,$0.00,$0.00,,,,
Oak View Elementary,5/23/2025,20018,Red Seedless Grapes(8 grapes per 1/4 cup),192,0,192,72,72,0,72,$18.72,0,0.00%,$0.00,$18.72,0,0.00%,$0.00,$18.72,,,,
Oak View Elementary,5/23/2025,20028,Lettuce Blend Salad Mix(1/2 cup),40,0,40,40,30,0,30,$2.40,10,25.00%,$0.80,$3.20,0,0.00%,$0.00,$3.20,,,,
Oak View Elementary,5/23/2025,20038,Fat Free White Milk(Each),10,0,10,24,4,0,4,$1.32,0,0.00%,$0.00,$1.32,20,83.33%,$6.60,$7.92,,,,
Oak View Elementary,5/23/2025,20052,Assorted  4 oz Yogurt(Container),3,0,3,2,0,0,0,$0.00,0,0.00%,$0.00,$0.00,2,100.00%,$0.00,$0.00,,,,
Oak View Elementary,5/23/2025,30008,Apple Juice(Each),60,0,60,10,0,0,0,$0.00,0,0.00%,$0.00,$0.00,10,100.00%,$0.00,$0.00,,,,
Oak View Elementary,5/23/2025,30039,Cherry Flavored Dried Cranberries(Each),80,0,80,105,95,0,95,$22.80,0,0.00%,$0.00,$22.80,10,9.52%,$2.40,$25.20,,,,
Oak View Elementary,5/23/2025,30061,Chilled Mandarin Oranges(1/4 cup (drained)),150,0,150,100,92,0,92,$15.64,8,8.00%,$1.36,$17.00,0,0.00%,$0.00,$17.00,,,,
Oak View Elementary,5/23/2025,30077,Italian Dressing(1 ounce),8,0,8,8,6,0,6,$0.48,2,25.00%,$0.16,$0.64,0,0.00%,$0.00,$0.64,,,,
Oak View Elementary,5/23/2025,30094,Doritos Wild White Nacho Flavored Tortilla Chips(Bag),100,0,100,67,67,0,67,$23.45,0,0.00%,$0.00,$23.45,0,0.00%,$0.00,$23.45,,,,
Oak View Elementary,5/23/2025,30097,Bottled Water(Bottle),30,0,30,10,7,0,7,$1.12,0,0.00%,$0.00,$1.12,3,30.00%,$0.48,$1.60,,,,
Oak View Elementary,5/23/2025,30099,Chickpeas(1/4 cup),24,0,24,27,20,0,20,$1.80,7,25.93%,$0.63,$2.43,0,0.00%,$0.00,$2.43,,,,
Oak View Elementary,5/23/2025,30107,Ranch Dressing(1 ounce),16,0,16,22,16,0,16,$1.76,6,27.27%,$0.66,$2.42,0,0.00%,$0.00,$2.42,,,,
Oak View Elementary,5/23/2025,60035,PB&J Power Pack(Power Packs),80,0,80,77,65,0,65,$70.20,0,0.00%,$0.00,$70.20,12,15.58%,$12.96,$83.16,,,,
Oak View Elementary,5/23/2025,60037,Strawberry & Banana Yogurt Power Pack(Power Packs),24,0,24,20,14,0,14,$11.20,0,0.00%,$0.00,$11.20,6,30.00%,$4.80,$16.00,,,,
Oak View Elementary,5/23/2025,60041,Turkey Pepperoni Pizza(Slice),96,0,96,94,83,1,84,$57.12,2,2.13%,$1.36,$58.48,8,8.51%,$5.44,$63.92,,,,
Oak View Elementary,5/23/2025,60077,Manager's Vegetable Choice(1/4 cup),80,0,80,72,68,0,68,$0.00,4,5.56%,$0.00,$0.00,0,0.00%,$0.00,$0.00,,,,
Oak View Elementary,5/23/2025,60101,Chickpeas - salad bar entree(1/2 cup),10,0,10,10,7,0,7,$1.26,0,0.00%,$0.00,$1.26,3,30.00%,$0.54,$1.80,,,,
Oak View Elementary,5/23/2025,60150,Strawberry Parfait Power Pack(Power Pack),0,0,0,4,4,0,4,$6.52,0,0.00%,$0.00,$6.52,0,0.00%,$0.00,$6.52,,,,
Oakton Elementary,5/23/2025,10044,Soft Pretzel(1 pretzel),26,0,26,18,18,0,18,$3.96,0,0.00%,$0.00,$3.96,0,0.00%,$0.00,$3.96,,,,
Oakton Elementary,5/23/2025,10075,Cheese Pizza(Slice),229,0,229,185,182,0,182,$103.74,3,1.62%,$1.71,$105.45,0,0.00%,$0.00,$105.45,,,,
Oakton Elementary,5/23/2025,20001,1% White Milk(Each),63,0,63,100,73,0,73,$26.28,0,0.00%,$0.00,$26.28,27,27.00%,$9.72,$36.00,,,,
Oakton Elementary,5/23/2025,20002,Fat Free Chocolate Milk(Each),199,0,199,200,167,0,167,$58.45,0,0.00%,$0.00,$58.45,33,16.50%,$11.55,$70.00,,,,
Oakton Elementary,5/23/2025,20011,Cherry Tomatoes(1/4 cup),129,0,129,98,93,0,93,$34.41,0,0.00%,$0.00,$34.41,5,5.10%,$1.85,$36.26,,,,
Oakton Elementary,5/23/2025,20014,Red Delicious Apple(Each - serving),0,0,0,98,98,0,98,$32.34,0,0.00%,$0.00,$32.34,0,0.00%,$0.00,$32.34,,,,
Oakton Elementary,5/23/2025,20016,String Cheese(1 Stick),0,0,0,15,15,0,15,$3.30,0,0.00%,$0.00,$3.30,0,0.00%,$0.00,$3.30,,,,
Oakton Elementary,5/23/2025,20018,Red Seedless Grapes(8 grapes per 1/4 cup),198,0,198,156,128,0,128,$33.28,0,0.00%,$0.00,$33.28,28,17.95%,$7.28,$40.56,,,,
Oakton Elementary,5/23/2025,20028,Lettuce Blend Salad Mix(1/2 cup),118,0,118,113,97,0,97,$7.76,0,0.00%,$0.00,$7.76,16,14.16%,$1.28,$9.04,,,,
Oakton Elementary,5/23/2025,20038,Fat Free White Milk(Each),20,0,20,50,25,0,25,$8.25,0,0.00%,$0.00,$8.25,25,50.00%,$8.25,$16.50,,,,
Oakton Elementary,5/23/2025,20052,Assorted  4 oz Yogurt(Container),0,0,0,14,14,0,14,$0.00,0,0.00%,$0.00,$0.00,0,0.00%,$0.00,$0.00,,,,
Oakton Elementary,5/23/2025,20074,"Apple Slices(3 slices, 1/4 cup)",0,0,0,156,140,0,140,$25.20,0,0.00%,$0.00,$25.20,16,10.26%,$2.88,$28.08,,,,
Oakton Elementary,5/23/2025,30008,Apple Juice(Each),0,0,0,30,30,0,30,$5.10,0,0.00%,$0.00,$5.10,0,0.00%,$0.00,$5.10,,,,
Oakton Elementary,5/23/2025,30009,Orange Tangerine Juice(Each),0,0,0,49,49,0,49,$8.33,0,0.00%,$0.00,$8.33,0,0.00%,$0.00,$8.33,,,,
Oakton Elementary,5/23/2025,30044,Strawberry Flavored Dried Cranberries(Each),54,0,54,26,23,0,23,$5.52,0,0.00%,$0.00,$5.52,3,11.54%,$0.72,$6.24,,,,
Oakton Elementary,5/23/2025,30077,Italian Dressing(1 ounce),38,0,38,36,36,0,36,$2.88,0,0.00%,$0.00,$2.88,0,0.00%,$0.00,$2.88,,,,
Oakton Elementary,5/23/2025,30097,Bottled Water(Bottle),0,0,0,18,18,0,18,$2.88,0,0.00%,$0.00,$2.88,0,0.00%,$0.00,$2.88,,,,
Oakton Elementary,5/23/2025,30099,Chickpeas(1/4 cup),16,0,16,13,8,0,8,$0.72,0,0.00%,$0.00,$0.72,5,38.46%,$0.45,$1.17,,,,
Oakton Elementary,5/23/2025,30107,Ranch Dressing(1 ounce),47,0,47,35,35,0,35,$3.85,0,0.00%,$0.00,$3.85,0,0.00%,$0.00,$3.85,,,,
Oakton Elementary,5/23/2025,60035,PB&J Power Pack(Power Packs),95,0,95,66,63,0,63,$68.04,0,0.00%,$0.00,$68.04,3,4.55%,$3.24,$71.28,,,,
Oakton Elementary,5/23/2025,60037,Strawberry & Banana Yogurt Power Pack(Power Packs),23,0,23,17,15,0,15,$12.00,0,0.00%,$0.00,$12.00,2,11.76%,$1.60,$13.60,,,,
Oakton Elementary,5/23/2025,60041,Turkey Pepperoni Pizza(Slice),132,0,132,103,101,0,101,$68.68,2,1.94%,$1.36,$70.04,0,0.00%,$0.00,$70.04,,,,
Oakton Elementary,5/23/2025,60077,Manager's Vegetable Choice(1/4 cup),78,0,78,88,85,0,85,$0.00,0,0.00%,$0.00,$0.00,3,3.41%,$0.00,$0.00,,,,
Oakton Elementary,5/23/2025,60101,Chickpeas - salad bar entree(1/2 cup),12,0,12,12,10,0,10,$1.80,0,0.00%,$0.00,$1.80,2,16.67%,$0.36,$2.16,,,,
Oakton Elementary,5/23/2025,60133,Chicken Philly Sandwich(each),0,0,0,60,35,0,35,$49.70,25,41.67%,$35.50,$85.20,0,0.00%,$0.00,$85.20,,,,
Oakton High,5/23/2025,10011,Sweet Thai Chili Sauce(ounce),0,0,0,30,20,0,20,$2.80,0,0.00%,$0.00,$2.80,10,33.33%,$1.40,$4.20,,,,
Oakton High,5/23/2025,10013,"Patty, Chicken, Spicy, Breaded(2 strips)",120,0,120,0,0,0,0,$0.00,0,0.00%,$0.00,$0.00,0,0.00%,$0.00,$0.00,,,,
Oakton High,5/23/2025,10026,Chickenless Bites(2 Bites),40,0,40,0,0,0,0,$0.00,0,0.00%,$0.00,$0.00,0,0.00%,$0.00,$0.00,,,,
Oakton High,5/23/2025,10033,Chocolate Chip Cookie(Cookie),300,0,300,350,275,0,275,$74.25,4,1.14%,$1.08,$75.33,71,20.29%,$19.17,$94.50,,,,
Oakton High,5/23/2025,10044,Soft Pretzel(1 pretzel),1,0,1,20,17,0,17,$3.74,0,0.00%,$0.00,$3.74,3,15.00%,$0.66,$4.40,,,,
Oakton High,5/23/2025,10049,"WG 10"" Flour Tortilla(Tortilla)",90,0,90,0,0,0,0,$0.00,0,0.00%,$0.00,$0.00,0,0.00%,$0.00,$0.00,,,,
Oakton High,5/23/2025,10051,"Turkey,  Breast, Pre-Sliced, Oven Roasted(3 Slices)",47,0,47,0,0,0,0,$0.00,0,0.00%,$0.00,$0.00,0,0.00%,$0.00,$0.00,,,,
Oakton High,5/23/2025,10062,Corn(1/2 cup (cooked)),0,0,0,64,64,0,64,$13.44,0,0.00%,$0.00,$13.44,0,0.00%,$0.00,$13.44,,,,
Oakton High,5/23/2025,10062,Corn(2 Tablespoons (thawed)),20,0,20,0,0,0,0,$0.00,0,0.00%,$0.00,$0.00,0,0.00%,$0.00,$0.00,,,,
Oakton High,5/23/2025,20001,1% White Milk(Each),40,0,40,104,36,0,36,$12.96,0,0.00%,$0.00,$12.96,68,65.38%,$24.48,$37.44,,,,
Oakton High,5/23/2025,20002,Fat Free Chocolate Milk(Each),348,0,348,437,252,0,252,$88.20,0,0.00%,$0.00,$88.20,185,42.33%,$64.75,$152.95,,,,
Oakton High,5/23/2025,20006,"Cheese, Shredded, Cheddar(1/4 cup)",47,0,47,0,0,0,0,$0.00,0,0.00%,$0.00,$0.00,0,0.00%,$0.00,$0.00,,,,
Oakton High,5/23/2025,20011,Cherry Tomatoes(1/4 cup),270,0,270,72,62,0,62,$22.94,0,0.00%,$0.00,$22.94,10,13.89%,$3.70,$26.64,,,,
Oakton High,5/23/2025,20012,Grape Tomatoes(2 Tablespoons),20,0,20,0,0,0,0,$0.00,0,0.00%,$0.00,$0.00,0,0.00%,$0.00,$0.00,,,,
Oakton High,5/23/2025,20014,Red Delicious Apple(Each - serving),0,0,0,12,9,0,9,$2.97,0,0.00%,$0.00,$2.97,3,25.00%,$0.99,$3.96,,,,
Oakton High,5/23/2025,20016,String Cheese(Each),20,0,20,10,5,0,5,$1.10,0,0.00%,$0.00,$1.10,5,50.00%,$1.10,$2.20,,,,
Oakton High,5/23/2025,20017,Orange(1/4 cup),0,0,0,62,31,0,31,$5.27,0,0.00%,$0.00,$5.27,31,50.00%,$5.27,$10.54,,,,
Oakton High,5/23/2025,20023,Baby Carrots(3 baby carrots per 1/4 cup),0,0,0,34,34,0,34,$3.06,0,0.00%,$0.00,$3.06,0,0.00%,$0.00,$3.06,,,,
Oakton High,5/23/2025,20027,Broccoli Florets(1/4 cup),0,0,0,20,20,0,20,$1.60,0,0.00%,$0.00,$1.60,0,0.00%,$0.00,$1.60,,,,
Oakton High,5/23/2025,20028,Lettuce Blend Salad Mix(1/2 cup),452,0,452,170,140,0,140,$11.20,0,0.00%,$0.00,$11.20,30,17.65%,$2.40,$13.60,,,,
Oakton High,5/23/2025,20030,Sour Cream(2 Tablespoons),105,0,105,75,75,0,75,$11.25,0,0.00%,$0.00,$11.25,0,0.00%,$0.00,$11.25,,,,
Oakton High,5/23/2025,20031,Banana(Each),0,0,0,93,93,0,93,$19.53,0,0.00%,$0.00,$19.53,0,0.00%,$0.00,$19.53,,,,
Oakton High,5/23/2025,20035,"Onions, Red, Whole(2 Tablespoons (sliced))",20,0,20,0,0,0,0,$0.00,0,0.00%,$0.00,$0.00,0,0.00%,$0.00,$0.00,,,,
Oakton High,5/23/2025,20038,Fat Free White Milk(Each),34,0,34,55,15,0,15,$4.95,0,0.00%,$0.00,$4.95,40,72.73%,$13.20,$18.15,,,,
Oakton High,5/23/2025,20040,Cucumber Slices(2 Tablespoon),20,0,20,0,0,0,0,$0.00,0,0.00%,$0.00,$0.00,0,0.00%,$0.00,$0.00,,,,
Oakton High,5/23/2025,20042,"Peppers, Red, Whole(2 Tablespoons)",20,0,20,0,0,0,0,$0.00,0,0.00%,$0.00,$0.00,0,0.00%,$0.00,$0.00,,,,
Oakton High,5/23/2025,20052,Assorted  4 oz Yogurt(Container),30,0,30,20,13,0,13,$0.00,0,0.00%,$0.00,$0.00,7,35.00%,$0.00,$0.00,,,,
Oakton High,5/23/2025,20077,"Peppers, red, pre-sliced(1/4 cup sliced)",18,0,18,0,0,0,0,$0.00,0,0.00%,$0.00,$0.00,0,0.00%,$0.00,$0.00,,,,
Oakton High,5/23/2025,30002,Sub Roll(Sub Roll),29,0,29,0,0,0,0,$0.00,0,0.00%,$0.00,$0.00,0,0.00%,$0.00,$0.00,,,,
Oakton High,5/23/2025,30008,Apple Juice(Each),40,0,40,72,21,0,21,$3.57,0,0.00%,$0.00,$3.57,51,70.83%,$8.67,$12.24,,,,
Oakton High,5/23/2025,30009,Orange Tangerine Juice(Each),5,0,5,47,5,0,5,$0.85,0,0.00%,$0.00,$0.85,42,89.36%,$7.14,$7.99,,,,
Oakton High,5/23/2025,30011,"Salsa, Mild Canned(1.5 oz)",102,0,102,75,75,0,75,$7.50,0,0.00%,$0.00,$7.50,0,0.00%,$0.00,$7.50,,,,
Oakton High,5/23/2025,30024,Black Beans(1/4 Cup),0,0,0,106,46,0,46,$4.14,0,0.00%,$0.00,$4.14,60,56.60%,$5.40,$9.54,,,,
Oakton High,5/23/2025,30033,Cheez-Its Crackers(Package),15,0,15,15,7,0,7,$1.26,0,0.00%,$0.00,$1.26,8,53.33%,$1.44,$2.70,,,,
Oakton High,5/23/2025,30039,Cherry Flavored Dried Cranberries(Each),30,0,30,200,59,0,59,$14.16,0,0.00%,$0.00,$14.16,141,70.50%,$33.84,$48.00,,,,
Oakton High,5/23/2025,30041,Orange Flavored Dried Cranberries(Each),10,0,10,0,0,0,0,$0.00,0,0.00%,$0.00,$0.00,0,0.00%,$0.00,$0.00,,,,
Oakton High,5/23/2025,30043,Raspberry Lemonade Flavored Dried Cranberries(Each),10,0,10,0,0,0,0,$0.00,0,0.00%,$0.00,$0.00,0,0.00%,$0.00,$0.00,,,,
Oakton High,5/23/2025,30044,Strawberry Flavored Dried Cranberries(Each),30,0,30,100,100,0,100,$24.00,0,0.00%,$0.00,$24.00,0,0.00%,$0.00,$24.00,,,,
Oakton High,5/23/2025,30045,Watermelon Flavored Dried Cranberries(Each),30,0,30,90,90,0,90,$21.60,0,0.00%,$0.00,$21.60,0,0.00%,$0.00,$21.60,,,,
Oakton High,5/23/2025,30061,Chilled Mandarin Oranges(1/2 cup (drained)),48,0,48,0,0,0,0,$0.00,0,0.00%,$0.00,$0.00,0,0.00%,$0.00,$0.00,,,,
Oakton High,5/23/2025,30061,Chilled Mandarin Oranges(1/4 cup (drained)),91,0,91,206,206,0,206,$35.02,0,0.00%,$0.00,$35.02,0,0.00%,$0.00,$35.02,,,,
Oakton High,5/23/2025,30063,Ketchup Packet(Packet),527,0,527,1000,800,0,800,$24.00,0,0.00%,$0.00,$24.00,200,20.00%,$6.00,$30.00,,,,
Oakton High,5/23/2025,30064,Mayonnaise Packet(Packet),134,0,134,120,110,0,110,$11.00,0,0.00%,$0.00,$11.00,10,8.33%,$1.00,$12.00,,,,
Oakton High,5/23/2025,30065,Mustard Packet(Packet),45,0,45,50,50,0,50,$2.50,0,0.00%,$0.00,$2.50,0,0.00%,$0.00,$2.50,,,,
Oakton High,5/23/2025,30077,Italian Dressing(1 ounce),28,0,28,35,5,0,5,$0.40,0,0.00%,$0.00,$0.40,30,85.71%,$2.40,$2.80,,,,
Oakton High,5/23/2025,30078,"Sauce, BBQ, HFCS-Free, Bulk, Low-Sodium(2 TBSP)",12,0,12,0,0,0,0,$0.00,0,0.00%,$0.00,$0.00,0,0.00%,$0.00,$0.00,,,,
Oakton High,5/23/2025,30097,Bottled Water(Bottle),150,0,150,100,98,0,98,$15.68,0,0.00%,$0.00,$15.68,2,2.00%,$0.32,$16.00,,,,
Oakton High,5/23/2025,30099,Chickpeas(1/4 cup),10,0,10,0,0,0,0,$0.00,0,0.00%,$0.00,$0.00,0,0.00%,$0.00,$0.00,,,,
Oakton High,5/23/2025,30099,Chickpeas(2 Tablespoons),20,0,20,0,0,0,0,$0.00,0,0.00%,$0.00,$0.00,0,0.00%,$0.00,$0.00,,,,
Oakton High,5/23/2025,30107,Ranch Dressing(1 ounce),174,0,174,180,132,0,132,$14.52,0,0.00%,$0.00,$14.52,48,26.67%,$5.28,$19.80,,,,
Oakton High,5/23/2025,30109,Smartfood RF White Cheddar Popcorn(Each),12,0,12,148,148,0,148,$54.76,0,0.00%,$0.00,$54.76,0,0.00%,$0.00,$54.76,,,,
Oakton High,5/23/2025,30111,Doritos RF Spicy Sweet Chili(Each),24,0,24,40,31,0,31,$11.47,0,0.00%,$0.00,$11.47,9,22.50%,$3.33,$14.80,,,,
Oakton High,5/23/2025,30112,Doritos RF Nacho Cheese(Each),24,0,24,24,18,0,18,$6.66,0,0.00%,$0.00,$6.66,6,25.00%,$2.22,$8.88,,,,
Oakton High,5/23/2025,30117,WG Baked Funyuns(Each),12,0,12,16,11,0,11,$3.96,0,0.00%,$0.00,$3.96,5,31.25%,$1.80,$5.76,,,,
Oakton High,5/23/2025,30118,Kettle Cooked Smoky BBQ Chips(Each),32,0,32,46,22,0,22,$13.20,0,0.00%,$0.00,$13.20,24,52.17%,$14.40,$27.60,,,,
Oakton High,5/23/2025,30119,RF Kettle Chips Jalapeno & Cheddar Chips(Each),64,0,64,44,44,0,44,$26.40,0,0.00%,$0.00,$26.40,0,0.00%,$0.00,$26.40,,,,
Oakton High,5/23/2025,30120,RF Kettle Chips Sea Salt & Vinegar Chips(Each),64,0,64,66,47,0,47,$28.20,0,0.00%,$0.00,$28.20,19,28.79%,$11.40,$39.60,,,,
Oakton High,5/23/2025,30121,Kellogg’s W/G Rice Krispies Treats(Each),20,0,20,76,16,0,16,$11.84,0,0.00%,$0.00,$11.84,60,78.95%,$44.40,$56.24,,,,
Oakton High,5/23/2025,30122,WG Chocolate Chip Rice Krispy Treats(Each),40,0,40,60,20,0,20,$12.00,0,0.00%,$0.00,$12.00,40,66.67%,$24.00,$36.00,,,,
Oakton High,5/23/2025,30124,"Fruit Snacks, Welch's Mixed(Each)",50,0,50,39,29,0,29,$11.60,0,0.00%,$0.00,$11.60,10,25.64%,$4.00,$15.60,,,,
Oakton High,5/23/2025,30160,Lay's RF Kettle Original Chips(Each),24,0,24,49,23,0,23,$13.80,0,0.00%,$0.00,$13.80,26,53.06%,$15.60,$29.40,,,,
Oakton High,5/23/2025,60018,Cheese Quesadilla(Quesadilla),0,0,0,111,100,4,104,$71.76,1,0.90%,$0.69,$72.45,6,5.41%,$4.14,$76.59,,,,
Oakton High,5/23/2025,60035,PB&J Power Pack(Power Packs),171,0,171,293,125,0,125,$135.00,0,0.00%,$0.00,$135.00,168,57.34%,$181.44,$316.44,,,,
Oakton High,5/23/2025,60038,Peach Yogurt Power Pack(Power Packs),3,0,3,6,5,1,6,$4.80,0,0.00%,$0.00,$4.80,0,0.00%,$0.00,$4.80,,,,
Oakton High,5/23/2025,60041,Turkey Pepperoni Pizza(Slice),120,0,120,162,113,2,115,$78.20,1,0.62%,$0.68,$78.88,46,28.40%,$31.28,$110.16,,,,
Oakton High,5/23/2025,60042,Beef Meatball Sub Sandwich(Sandwich),0,0,0,20,17,2,19,$24.32,1,5.00%,$1.28,$25.60,0,0.00%,$0.00,$25.60,,,,
Oakton High,5/23/2025,60064,Vegetable Dumpling(6 dumplings),0,0,0,36,33,2,35,$0.00,0,0.00%,$0.00,$0.00,1,2.78%,$0.00,$0.00,,,,
Oakton High,5/23/2025,60072,Spicy Breaded Chicken Patty on Bun(Sandwich),0,0,0,360,223,1,224,$168.00,1,0.28%,$0.75,$168.75,135,37.50%,$101.25,$270.00,,,,
Oakton High,5/23/2025,60075,Spicy Chicken Wrap(Wrap),0,0,0,39,35,0,35,$40.95,4,10.26%,$4.68,$45.63,0,0.00%,$0.00,$45.63,,,,
Oakton High,5/23/2025,60080,Cheese Pizza(Slice),0,0,0,222,114,1,115,$65.55,1,0.45%,$0.57,$66.12,106,47.75%,$60.42,$126.54,,,,
Oakton High,5/23/2025,60177,Turkey & Cheese & Cracker Power Pack(wrap),0,0,0,6,6,0,6,$6.78,0,0.00%,$0.00,$6.78,0,0.00%,$0.00,$6.78,,,,
Olde Creek Elementary,5/23/2025,10015,Baked Cheese Sticks(2 Cheese Sticks),0,0,0,12,12,0,12,$7.92,0,0.00%,$0.00,$7.92,0,0.00%,$0.00,$7.92,,,,
Olde Creek Elementary,5/23/2025,10044,Soft Pretzel(1 pretzel),14,0,14,10,1,6,7,$1.54,3,30.00%,$0.66,$2.20,0,0.00%,$0.00,$2.20,,,,
Olde Creek Elementary,5/23/2025,10062,Corn(1/2 cup (cooked)),80,0,80,64,59,0,59,$12.39,5,7.81%,$1.05,$13.44,0,0.00%,$0.00,$13.44,,,,
Olde Creek Elementary,5/23/2025,10075,Cheese Pizza(Slice),100,0,100,94,90,2,92,$52.44,2,2.13%,$1.14,$53.58,0,0.00%,$0.00,$53.58,,,,
Olde Creek Elementary,5/23/2025,20001,1% White Milk(Each),40,0,40,40,27,0,27,$9.72,0,0.00%,$0.00,$9.72,13,32.50%,$4.68,$14.40,,,,
Olde Creek Elementary,5/23/2025,20002,Fat Free Chocolate Milk(Each),140,0,140,140,127,10,137,$47.95,0,0.00%,$0.00,$47.95,3,2.14%,$1.05,$49.00,,,,
Olde Creek Elementary,5/23/2025,20014,Red Delicious Apple(Each - serving),80,0,80,80,69,0,69,$22.77,0,0.00%,$0.00,$22.77,11,13.75%,$3.63,$26.40,,,,
Olde Creek Elementary,5/23/2025,20016,String Cheese(1 Stick),2,0,2,2,0,1,1,$0.00,0,0.00%,$0.00,$0.00,1,50.00%,$0.00,$0.00,,,,
Olde Creek Elementary,5/23/2025,20023,Baby Carrots(6 Baby Carrots per 1/2 cup),72,0,72,72,71,0,71,$12.07,1,1.39%,$0.17,$12.24,0,0.00%,$0.00,$12.24,,,,
Olde Creek Elementary,5/23/2025,20028,Lettuce Blend Salad Mix(1/2 cup),60,0,60,60,59,0,59,$4.72,1,1.67%,$0.08,$4.80,0,0.00%,$0.00,$4.80,,,,
Olde Creek Elementary,5/23/2025,20038,Fat Free White Milk(Each),15,0,15,10,4,0,4,$1.32,0,0.00%,$0.00,$1.32,6,60.00%,$1.98,$3.30,,,,
Olde Creek Elementary,5/23/2025,20052,Assorted  4 oz Yogurt(Container),2,0,2,2,0,0,0,$0.00,0,0.00%,$0.00,$0.00,2,100.00%,$0.00,$0.00,,,,
Olde Creek Elementary,5/23/2025,30008,Apple Juice(Each),20,0,20,20,0,19,19,$0.00,0,0.00%,$0.00,$0.00,1,5.00%,$0.00,$0.00,,,,
Olde Creek Elementary,5/23/2025,30009,Orange Tangerine Juice(Each),10,0,10,10,0,8,8,$0.00,0,0.00%,$0.00,$0.00,2,20.00%,$0.00,$0.00,,,,
Olde Creek Elementary,5/23/2025,30031,Strawberry Chex Mix(Package),0,0,0,6,0,6,6,$0.00,0,0.00%,$0.00,$0.00,0,0.00%,$0.00,$0.00,,,,
Olde Creek Elementary,5/23/2025,30033,Cheez-Its Crackers(Package),0,0,0,10,0,10,10,$0.00,0,0.00%,$0.00,$0.00,0,0.00%,$0.00,$0.00,,,,
Olde Creek Elementary,5/23/2025,30039,Cherry Flavored Dried Cranberries(Each),70,0,70,80,75,0,75,$18.00,0,0.00%,$0.00,$18.00,5,6.25%,$1.20,$19.20,,,,
Olde Creek Elementary,5/23/2025,30061,Chilled Mandarin Oranges(1/2 cup (drained)),110,0,110,110,109,0,109,$37.06,1,0.91%,$0.34,$37.40,0,0.00%,$0.00,$37.40,,,,
Olde Creek Elementary,5/23/2025,30073,IW Heartzels Pretzels(Package),0,0,0,41,0,41,41,$0.00,0,0.00%,$0.00,$0.00,0,0.00%,$0.00,$0.00,,,,
Olde Creek Elementary,5/23/2025,30077,Italian Dressing(1 ounce),24,0,24,36,32,0,32,$2.56,4,11.11%,$0.32,$2.88,0,0.00%,$0.00,$2.88,,,,
Olde Creek Elementary,5/23/2025,30078,"Sauce, BBQ, HFCS-Free, Bulk, Low-Sodium(2 TBSP)",40,0,40,40,36,0,36,$3.60,4,10.00%,$0.40,$4.00,0,0.00%,$0.00,$4.00,,,,
Olde Creek Elementary,5/23/2025,30094,Doritos Wild White Nacho Flavored Tortilla Chips(Bag),0,0,0,23,0,23,23,$0.00,0,0.00%,$0.00,$0.00,0,0.00%,$0.00,$0.00,,,,
Olde Creek Elementary,5/23/2025,30097,Bottled Water(Bottle),15,0,15,15,0,14,14,$0.00,0,0.00%,$0.00,$0.00,1,6.67%,$0.00,$0.00,,,,
Olde Creek Elementary,5/23/2025,30099,Chickpeas(1/2 cup),20,0,20,20,18,0,18,$3.24,2,10.00%,$0.36,$3.60,0,0.00%,$0.00,$3.60,,,,
Olde Creek Elementary,5/23/2025,30107,Ranch Dressing(1 ounce),36,0,36,48,47,0,47,$5.17,1,2.08%,$0.11,$5.28,0,0.00%,$0.00,$5.28,,,,
Olde Creek Elementary,5/23/2025,30184,"Milk, Soy, Vanilla (24/8 oz)(each)",2,0,2,2,0,0,0,$0.00,0,0.00%,$0.00,$0.00,2,100.00%,$0.00,$0.00,,,,
Olde Creek Elementary,5/23/2025,60021,Cooked  Brown Rice(1 cup cooked),0,0,0,2,1,1,2,$0.22,0,0.00%,$0.00,$0.22,0,0.00%,$0.00,$0.22,,,,
Olde Creek Elementary,5/23/2025,60035,PB&J Power Pack(Power Packs),40,0,40,32,26,1,27,$29.16,0,0.00%,$0.00,$29.16,5,15.63%,$5.40,$34.56,,,,
Olde Creek Elementary,5/23/2025,60037,Strawberry & Banana Yogurt Power Pack(Power Packs),5,0,5,8,6,0,6,$4.80,0,0.00%,$0.00,$4.80,2,25.00%,$1.60,$6.40,,,,
Olde Creek Elementary,5/23/2025,60041,Turkey Pepperoni Pizza(1.37 oz),0,0,0,14,0,14,14,$0.00,0,0.00%,$0.00,$0.00,0,0.00%,$0.00,$0.00,,,,
Olde Creek Elementary,5/23/2025,60041,Turkey Pepperoni Pizza(Slice),70,0,70,60,55,4,59,$40.12,1,1.67%,$0.68,$40.80,0,0.00%,$0.00,$40.80,,,,
Olde Creek Elementary,5/23/2025,60101,Chickpeas - salad bar entree(1/2 cup),4,0,4,4,1,0,1,$0.18,3,75.00%,$0.54,$0.72,0,0.00%,$0.00,$0.72,,,,
Olde Creek Elementary,5/23/2025,60160,BBQ Chicken Drumstick(Drumstick),0,0,0,2,1,1,2,$2.26,0,0.00%,$0.00,$2.26,0,0.00%,$0.00,$2.26,,,,
Orange Hunt Elementary,5/23/2025,10033,Chocolate Chip Cookie(1/2 Cookie),0,0,0,24,24,0,24,$3.36,0,0.00%,$0.00,$3.36,0,0.00%,$0.00,$3.36,,,,
Orange Hunt Elementary,5/23/2025,10044,Soft Pretzel(1 pretzel),92,0,92,85,77,0,77,$16.94,0,0.00%,$0.00,$16.94,8,9.41%,$1.76,$18.70,,,,
Orange Hunt Elementary,5/23/2025,10075,Cheese Pizza(Slice),198,0,198,190,182,0,182,$103.74,4,2.11%,$2.28,$106.02,4,2.11%,$2.28,$108.30,,,,
Orange Hunt Elementary,5/23/2025,20001,1% White Milk(Each),12,0,12,15,13,0,13,$4.68,0,0.00%,$0.00,$4.68,2,13.33%,$0.72,$5.40,,,,
Orange Hunt Elementary,5/23/2025,20002,Fat Free Chocolate Milk(Each),250,0,250,250,246,0,246,$86.10,0,0.00%,$0.00,$86.10,4,1.60%,$1.40,$87.50,,,,
Orange Hunt Elementary,5/23/2025,20011,Cherry Tomatoes(1/4 cup),63,0,63,80,76,0,76,$28.12,0,0.00%,$0.00,$28.12,4,5.00%,$1.48,$29.60,,,,
Orange Hunt Elementary,5/23/2025,20015,Golden Delicious Apple(Each),0,0,0,125,123,0,123,$38.13,0,0.00%,$0.00,$38.13,2,1.60%,$0.62,$38.75,,,,
Orange Hunt Elementary,5/23/2025,20016,String Cheese(Each),2,0,2,2,1,0,1,$0.22,0,0.00%,$0.00,$0.22,1,50.00%,$0.22,$0.44,,,,
Orange Hunt Elementary,5/23/2025,20023,Baby Carrots(3 baby carrots per 1/4 cup),0,0,0,96,91,0,91,$8.19,0,0.00%,$0.00,$8.19,5,5.21%,$0.45,$8.64,,,,
Orange Hunt Elementary,5/23/2025,20028,Lettuce Blend Salad Mix(1/2 cup),140,0,140,150,144,0,144,$11.52,0,0.00%,$0.00,$11.52,6,4.00%,$0.48,$12.00,,,,
Orange Hunt Elementary,5/23/2025,20038,Fat Free White Milk(Each),8,0,8,10,8,0,8,$2.64,0,0.00%,$0.00,$2.64,2,20.00%,$0.66,$3.30,,,,
Orange Hunt Elementary,5/23/2025,20052,Assorted  4 oz Yogurt(Container),2,0,2,2,0,0,0,$0.00,0,0.00%,$0.00,$0.00,2,100.00%,$0.00,$0.00,,,,
Orange Hunt Elementary,5/23/2025,20076,"Peppers, green, pre-sliced(1/2 cup sliced)",0,0,0,80,75,0,75,$22.50,0,0.00%,$0.00,$22.50,5,6.25%,$1.50,$24.00,,,,
Orange Hunt Elementary,5/23/2025,30008,Apple Juice(Each),2,0,2,2,0,0,0,$0.00,0,0.00%,$0.00,$0.00,2,100.00%,$0.00,$0.00,,,,
Orange Hunt Elementary,5/23/2025,30009,Orange Tangerine Juice(Each),2,0,2,2,0,0,0,$0.00,0,0.00%,$0.00,$0.00,2,100.00%,$0.00,$0.00,,,,
Orange Hunt Elementary,5/23/2025,30031,Strawberry Chex Mix(Package),20,0,20,22,21,0,21,$9.45,0,0.00%,$0.00,$9.45,1,4.55%,$0.45,$9.90,,,,
Orange Hunt Elementary,5/23/2025,30033,Cheez-Its Crackers(Package),0,0,0,26,26,0,26,$4.68,0,0.00%,$0.00,$4.68,0,0.00%,$0.00,$4.68,,,,
Orange Hunt Elementary,5/23/2025,30045,Watermelon Flavored Dried Cranberries(Each),19,0,19,30,28,0,28,$6.72,0,0.00%,$0.00,$6.72,2,6.67%,$0.48,$7.20,,,,
Orange Hunt Elementary,5/23/2025,30061,Chilled Mandarin Oranges(1/4 cup (drained)),142,0,142,125,120,0,120,$20.40,0,0.00%,$0.00,$20.40,5,4.00%,$0.85,$21.25,,,,
Orange Hunt Elementary,5/23/2025,30077,Italian Dressing(1 ounce),22,0,22,24,22,0,22,$1.76,0,0.00%,$0.00,$1.76,2,8.33%,$0.16,$1.92,,,,
Orange Hunt Elementary,5/23/2025,30097,Bottled Water(Bottle),40,0,40,45,42,0,42,$6.72,0,0.00%,$0.00,$6.72,3,6.67%,$0.48,$7.20,,,,
Orange Hunt Elementary,5/23/2025,30099,Chickpeas(1/4 cup),20,0,20,50,46,0,46,$4.14,0,0.00%,$0.00,$4.14,4,8.00%,$0.36,$4.50,,,,
Orange Hunt Elementary,5/23/2025,30103,"Milk, Lactose Free,  Fat Free, Shelf-Stable(Each)",0,0,0,27,27,0,27,$12.96,0,0.00%,$0.00,$12.96,0,0.00%,$0.00,$12.96,,,,
Orange Hunt Elementary,5/23/2025,30107,Ranch Dressing(1 ounce),38,0,38,48,46,0,46,$5.06,0,0.00%,$0.00,$5.06,2,4.17%,$0.22,$5.28,,,,
Orange Hunt Elementary,5/23/2025,30109,Smartfood RF White Cheddar Popcorn(Each),144,0,144,140,136,0,136,$50.32,4,2.86%,$1.48,$51.80,0,0.00%,$0.00,$51.80,,,,
Orange Hunt Elementary,5/23/2025,60035,PB&J Power Pack(Power Packs),84,0,84,75,71,0,71,$76.68,0,0.00%,$0.00,$76.68,4,5.33%,$4.32,$81.00,,,,
Orange Hunt Elementary,5/23/2025,60036,Cherry Vanilla Yogurt Power Pack(Power Packs),12,0,12,9,8,0,8,$6.40,0,0.00%,$0.00,$6.40,1,11.11%,$0.80,$7.20,,,,
Orange Hunt Elementary,5/23/2025,60037,Strawberry & Banana Yogurt Power Pack(Power Packs),11,0,11,10,9,0,9,$7.20,0,0.00%,$0.00,$7.20,1,10.00%,$0.80,$8.00,,,,
Orange Hunt Elementary,5/23/2025,60038,Peach Yogurt Power Pack(Power Packs),12,0,12,9,8,0,8,$6.40,0,0.00%,$0.00,$6.40,1,11.11%,$0.80,$7.20,,,,
Orange Hunt Elementary,5/23/2025,60041,Turkey Pepperoni Pizza(Slice),154,0,154,200,195,0,195,$132.60,2,1.00%,$1.36,$133.96,3,1.50%,$2.04,$136.00,,,,
Orange Hunt Elementary,5/23/2025,60101,Chickpeas - salad bar entree(1/2 cup),2,0,2,5,0,0,0,$0.00,0,0.00%,$0.00,$0.00,5,100.00%,$0.00,$0.00,,,,
Parklawn Elementary,5/23/2025,10044,Soft Pretzel(1 pretzel),1,0,1,5,1,0,1,$0.22,0,0.00%,$0.00,$0.22,4,80.00%,$0.88,$1.10,,,,
Parklawn Elementary,5/23/2025,10062,Corn(1/2 cup (cooked)),0,0,0,320,320,0,320,$67.20,0,0.00%,$0.00,$67.20,0,0.00%,$0.00,$67.20,,,,
Parklawn Elementary,5/23/2025,20001,1% White Milk(Each),117,0,117,360,72,0,72,$25.92,54,15.00%,$19.44,$45.36,234,65.00%,$84.24,$129.60,,,,
Parklawn Elementary,5/23/2025,20002,Fat Free Chocolate Milk(Each),437,0,437,868,408,0,408,$142.80,125,14.40%,$43.75,$186.55,335,38.59%,$117.25,$303.80,,,,
Parklawn Elementary,5/23/2025,20016,String Cheese(Each),0,0,0,0,0,0,0,$0.00,0,0.00%,$0.00,$0.00,0,0.00%,$0.00,$0.00,,,,
Parklawn Elementary,5/23/2025,20018,Red Seedless Grapes(8 grapes per 1/4 cup),652,0,652,1472,1426,0,1426,$370.76,0,0.00%,$0.00,$370.76,46,3.13%,$11.96,$382.72,,,,
Parklawn Elementary,5/23/2025,20023,Baby Carrots(3 baby carrots per 1/4 cup),0,0,0,192,192,0,192,$17.28,0,0.00%,$0.00,$17.28,0,0.00%,$0.00,$17.28,,,,
Parklawn Elementary,5/23/2025,20028,Lettuce Blend Salad Mix(1/2 cup),298,0,298,320,257,0,257,$20.56,0,0.00%,$0.00,$20.56,63,19.69%,$5.04,$25.60,,,,
Parklawn Elementary,5/23/2025,20031,Banana(Each),34,0,34,33,33,0,33,$6.93,0,0.00%,$0.00,$6.93,0,0.00%,$0.00,$6.93,,,,
Parklawn Elementary,5/23/2025,20038,Fat Free White Milk(Each),52,0,52,149,20,0,20,$6.60,47,31.54%,$15.51,$22.11,82,55.03%,$27.06,$49.17,,,,
Parklawn Elementary,5/23/2025,20047,Orange Slices(3 slices per 1/4 cup),0,0,0,136,136,0,136,$27.20,0,0.00%,$0.00,$27.20,0,0.00%,$0.00,$27.20,,,,
Parklawn Elementary,5/23/2025,20052,Assorted  4 oz Yogurt(Container),0,0,0,0,0,0,0,$0.00,0,0.00%,$0.00,$0.00,0,0.00%,$0.00,$0.00,,,,
Parklawn Elementary,5/23/2025,30008,Apple Juice(Each),0,0,0,0,0,0,0,$0.00,0,0.00%,$0.00,$0.00,0,0.00%,$0.00,$0.00,,,,
Parklawn Elementary,5/23/2025,30009,Orange Tangerine Juice(Each),0,0,0,0,0,0,0,$0.00,0,0.00%,$0.00,$0.00,0,0.00%,$0.00,$0.00,,,,
Parklawn Elementary,5/23/2025,30024,Black Beans(1/2 Cup),34,0,34,33,33,0,33,$5.61,0,0.00%,$0.00,$5.61,0,0.00%,$0.00,$5.61,,,,
Parklawn Elementary,5/23/2025,30031,Strawberry Chex Mix(Package),10,0,10,5,1,0,1,$0.45,0,0.00%,$0.00,$0.45,4,80.00%,$1.80,$2.25,,,,
Parklawn Elementary,5/23/2025,30033,Cheez-Its Crackers(Package),33,0,33,33,33,0,33,$5.94,0,0.00%,$0.00,$5.94,0,0.00%,$0.00,$5.94,,,,
Parklawn Elementary,5/23/2025,30061,Chilled Mandarin Oranges(1/2 cup (drained)),35,0,35,33,33,0,33,$11.22,0,0.00%,$0.00,$11.22,0,0.00%,$0.00,$11.22,,,,
Parklawn Elementary,5/23/2025,30077,Italian Dressing(1 ounce),48,0,48,100,63,0,63,$5.04,0,0.00%,$0.00,$5.04,37,37.00%,$2.96,$8.00,,,,
Parklawn Elementary,5/23/2025,30097,Bottled Water(Bottle),0,0,0,0,0,0,0,$0.00,0,0.00%,$0.00,$0.00,0,0.00%,$0.00,$0.00,,,,
Parklawn Elementary,5/23/2025,30099,Chickpeas(1/4 cup),44,0,44,66,33,0,33,$2.97,0,0.00%,$0.00,$2.97,33,50.00%,$2.97,$5.94,,,,
Parklawn Elementary,5/23/2025,30107,Ranch Dressing(1 ounce),171,0,171,200,151,0,151,$16.61,0,0.00%,$0.00,$16.61,49,24.50%,$5.39,$22.00,,,,
Parklawn Elementary,5/23/2025,30109,Smartfood RF White Cheddar Popcorn(Each),30,0,30,30,20,0,20,$7.40,0,0.00%,$0.00,$7.40,10,33.33%,$3.70,$11.10,,,,
Parklawn Elementary,5/23/2025,60035,PB&J Power Pack(Power Packs),93,0,93,100,79,0,79,$85.32,0,0.00%,$0.00,$85.32,21,21.00%,$22.68,$108.00,,,,
Parklawn Elementary,5/23/2025,60036,Cherry Vanilla Yogurt Power Pack(Power Packs),35,0,35,20,11,0,11,$8.80,0,0.00%,$0.00,$8.80,9,45.00%,$7.20,$16.00,,,,
Parklawn Elementary,5/23/2025,60037,Strawberry & Banana Yogurt Power Pack(Power Packs),37,0,37,20,15,0,15,$12.00,0,0.00%,$0.00,$12.00,5,25.00%,$4.00,$16.00,,,,
Parklawn Elementary,5/23/2025,60038,Peach Yogurt Power Pack(Power Packs),35,0,35,20,13,0,13,$10.40,0,0.00%,$0.00,$10.40,7,35.00%,$5.60,$16.00,,,,
Parklawn Elementary,5/23/2025,60041,Turkey Pepperoni Pizza(Slice),246,0,246,135,122,3,125,$85.00,0,0.00%,$0.00,$85.00,10,7.41%,$6.80,$91.80,,,,
Parklawn Elementary,5/23/2025,60054,Steamed Broccoli(1/2 cup),0,0,0,252,241,0,241,$36.15,11,4.37%,$1.65,$37.80,0,0.00%,$0.00,$37.80,,,,
Parklawn Elementary,5/23/2025,60080,Cheese Pizza(Slice),486,0,486,558,543,4,547,$311.79,0,0.00%,$0.00,$311.79,11,1.97%,$6.27,$318.06,,,,
Parklawn Elementary,5/23/2025,60101,Chickpeas - salad bar entree(1/2 cup),2,0,2,5,1,0,1,$0.18,0,0.00%,$0.00,$0.18,4,80.00%,$0.72,$0.90,,,,
Parklawn Elementary,5/23/2025,60150,Strawberry Parfait Power Pack(Power Pack),0,0,0,10,7,0,7,$11.41,0,0.00%,$0.00,$11.41,3,30.00%,$4.89,$16.30,,,,
Pine Spring Elementary,5/23/2025,10033,Chocolate Chip Cookie(1/2 Cookie),0,7,7,0,0,0,0,$0.00,0,0.00%,$0.00,$0.00,0,0.00%,$0.00,$0.00,,,,
Pine Spring Elementary,5/23/2025,10044,Soft Pretzel(1 pretzel),0,0,0,0,0,0,0,$0.00,0,0.00%,$0.00,$0.00,0,0.00%,$0.00,$0.00,,,,
Pine Spring Elementary,5/23/2025,10075,Cheese Pizza(Slice),22,0,22,20,20,0,20,$11.40,0,0.00%,$0.00,$11.40,0,0.00%,$0.00,$11.40,,,,
Pine Spring Elementary,5/23/2025,20001,1% White Milk(Each),164,0,164,143,92,0,92,$33.12,0,0.00%,$0.00,$33.12,51,35.66%,$18.36,$51.48,,,,
Pine Spring Elementary,5/23/2025,20002,Fat Free Chocolate Milk(Each),350,0,350,393,319,0,319,$111.65,0,0.00%,$0.00,$111.65,74,18.83%,$25.90,$137.55,,,,
Pine Spring Elementary,5/23/2025,20011,Cherry Tomatoes(1/4 cup),200,0,200,144,141,0,141,$52.17,0,0.00%,$0.00,$52.17,3,2.08%,$1.11,$53.28,,,,
Pine Spring Elementary,5/23/2025,20014,Red Delicious Apple(Each - serving),0,0,0,42,42,0,42,$13.86,0,0.00%,$0.00,$13.86,0,0.00%,$0.00,$13.86,,,,
Pine Spring Elementary,5/23/2025,20016,String Cheese(Each),0,0,0,0,0,0,0,$0.00,0,0.00%,$0.00,$0.00,0,0.00%,$0.00,$0.00,,,,
Pine Spring Elementary,5/23/2025,20017,Orange(1/4 cup),0,0,0,272,255,0,255,$43.35,0,0.00%,$0.00,$43.35,17,6.25%,$2.89,$46.24,,,,
Pine Spring Elementary,5/23/2025,20018,Red Seedless Grapes(8 grapes per 1/4 cup),350,0,350,552,536,0,536,$139.36,0,0.00%,$0.00,$139.36,16,2.90%,$4.16,$143.52,,,,
Pine Spring Elementary,5/23/2025,20023,Baby Carrots(3 baby carrots per 1/4 cup),0,0,0,96,86,0,86,$7.74,0,0.00%,$0.00,$7.74,10,10.42%,$0.90,$8.64,,,,
Pine Spring Elementary,5/23/2025,20027,Broccoli Florets(1/4 cup),0,0,0,84,71,0,71,$5.68,0,0.00%,$0.00,$5.68,13,15.48%,$1.04,$6.72,,,,
Pine Spring Elementary,5/23/2025,20028,Lettuce Blend Salad Mix(1/2 cup),240,0,240,200,188,0,188,$15.04,0,0.00%,$0.00,$15.04,12,6.00%,$0.96,$16.00,,,,
Pine Spring Elementary,5/23/2025,20031,Banana(Each),36,0,36,55,55,0,55,$11.55,0,0.00%,$0.00,$11.55,0,0.00%,$0.00,$11.55,,,,
Pine Spring Elementary,5/23/2025,20038,Fat Free White Milk(Each),50,0,50,50,7,0,7,$2.31,0,0.00%,$0.00,$2.31,43,86.00%,$14.19,$16.50,,,,
Pine Spring Elementary,5/23/2025,20052,Assorted  4 oz Yogurt(Container),0,0,0,0,0,0,0,$0.00,0,0.00%,$0.00,$0.00,0,0.00%,$0.00,$0.00,,,,
Pine Spring Elementary,5/23/2025,20075,Cucumbers(1/2 cup sliced),0,0,0,184,172,0,172,$34.40,0,0.00%,$0.00,$34.40,12,6.52%,$2.40,$36.80,,,,
Pine Spring Elementary,5/23/2025,30008,Apple Juice(Each),0,0,0,0,0,0,0,$0.00,0,0.00%,$0.00,$0.00,0,0.00%,$0.00,$0.00,,,,
Pine Spring Elementary,5/23/2025,30009,Orange Tangerine Juice(Each),0,0,0,0,0,0,0,$0.00,0,0.00%,$0.00,$0.00,0,0.00%,$0.00,$0.00,,,,
Pine Spring Elementary,5/23/2025,30024,Black Beans(1/2 Cup),64,0,64,57,57,0,57,$9.69,0,0.00%,$0.00,$9.69,0,0.00%,$0.00,$9.69,,,,
Pine Spring Elementary,5/23/2025,30033,Cheez-Its Crackers(Package),36,0,36,29,29,0,29,$5.22,0,0.00%,$0.00,$5.22,0,0.00%,$0.00,$5.22,,,,
Pine Spring Elementary,5/23/2025,30061,Chilled Mandarin Oranges(1/2 cup (drained)),64,0,64,57,57,0,57,$19.38,0,0.00%,$0.00,$19.38,0,0.00%,$0.00,$19.38,,,,
Pine Spring Elementary,5/23/2025,30077,Italian Dressing(1 ounce),24,0,24,24,17,0,17,$1.36,0,0.00%,$0.00,$1.36,7,29.17%,$0.56,$1.92,,,,
Pine Spring Elementary,5/23/2025,30094,Doritos Wild White Nacho Flavored Tortilla Chips(Bag),0,3,3,0,0,0,0,$0.00,0,0.00%,$0.00,$0.00,0,0.00%,$0.00,$0.00,,,,
Pine Spring Elementary,5/23/2025,30097,Bottled Water(Bottle),0,2,2,0,0,0,0,$0.00,0,0.00%,$0.00,$0.00,0,0.00%,$0.00,$0.00,,,,
Pine Spring Elementary,5/23/2025,30099,Chickpeas(1/4 cup),34,0,34,33,25,0,25,$2.25,0,0.00%,$0.00,$2.25,8,24.24%,$0.72,$2.97,,,,
Pine Spring Elementary,5/23/2025,30107,Ranch Dressing(1 ounce),96,0,96,96,84,0,84,$9.24,0,0.00%,$0.00,$9.24,12,12.50%,$1.32,$10.56,,,,
Pine Spring Elementary,5/23/2025,30109,Smartfood RF White Cheddar Popcorn(Each),0,0,0,2,0,2,2,$0.00,0,0.00%,$0.00,$0.00,0,0.00%,$0.00,$0.00,,,,
Pine Spring Elementary,5/23/2025,60035,PB&J Power Pack(Power Packs),50,0,50,60,50,0,50,$54.00,0,0.00%,$0.00,$54.00,10,16.67%,$10.80,$64.80,,,,
Pine Spring Elementary,5/23/2025,60036,Cherry Vanilla Yogurt Power Pack(Power Packs),0,0,0,0,0,0,0,$0.00,0,0.00%,$0.00,$0.00,0,0.00%,$0.00,$0.00,,,,
Pine Spring Elementary,5/23/2025,60037,Strawberry & Banana Yogurt Power Pack(Power Packs),20,0,20,25,20,0,20,$16.00,0,0.00%,$0.00,$16.00,5,20.00%,$4.00,$20.00,,,,
Pine Spring Elementary,5/23/2025,60041,Turkey Pepperoni Pizza(Slice),288,9,297,272,246,3,249,$169.32,0,0.00%,$0.00,$169.32,23,8.46%,$15.64,$184.96,,,,
Pine Spring Elementary,5/23/2025,60080,Cheese Pizza(Slice),204,0,204,146,144,0,144,$82.08,0,0.00%,$0.00,$82.08,2,1.37%,$1.14,$83.22,,,,
Pine Spring Elementary,5/23/2025,60101,Chickpeas - salad bar entree(1/2 cup),0,0,0,0,0,0,0,$0.00,0,0.00%,$0.00,$0.00,0,0.00%,$0.00,$0.00,,,,
Poe Middle,5/23/2025,10033,Chocolate Chip Cookie(Cookie),25,0,25,8,8,0,8,$2.16,0,0.00%,$0.00,$2.16,0,0.00%,$0.00,$2.16,,,,
Poe Middle,5/23/2025,10070,Orange Sauce(ounce),0,0,0,20,16,0,16,$2.24,4,20.00%,$0.56,$2.80,0,0.00%,$0.00,$2.80,,,,
Poe Middle,5/23/2025,10075,Cheese Pizza(Slice),180,0,180,240,237,2,239,$136.23,1,0.42%,$0.57,$136.80,0,0.00%,$0.00,$136.80,,,,
Poe Middle,5/23/2025,20001,1% White Milk(Each),74,0,74,76,39,0,39,$14.04,0,0.00%,$0.00,$14.04,37,48.68%,$13.32,$27.36,,,,
Poe Middle,5/23/2025,20002,Fat Free Chocolate Milk(Each),222,0,222,563,365,0,365,$127.75,0,0.00%,$0.00,$127.75,198,35.17%,$69.30,$197.05,,,,
Poe Middle,5/23/2025,20011,Cherry Tomatoes(1/4 cup),120,0,120,144,108,0,108,$39.96,0,0.00%,$0.00,$39.96,36,25.00%,$13.32,$53.28,,,,
Poe Middle,5/23/2025,20018,Red Seedless Grapes(8 grapes per 1/4 cup),914,0,914,920,736,0,736,$191.36,0,0.00%,$0.00,$191.36,184,20.00%,$47.84,$239.20,,,,
Poe Middle,5/23/2025,20028,Lettuce Blend Salad Mix(1/2 cup),300,0,300,240,234,0,234,$18.72,6,2.50%,$0.48,$19.20,0,0.00%,$0.00,$19.20,,,,
Poe Middle,5/23/2025,20030,Sour Cream(2 Tablespoons),72,0,72,90,78,0,78,$11.70,0,0.00%,$0.00,$11.70,12,13.33%,$1.80,$13.50,,,,
Poe Middle,5/23/2025,20036,Celery Sticks(1/2 cup),0,0,0,96,48,0,48,$26.40,0,0.00%,$0.00,$26.40,48,50.00%,$26.40,$52.80,,,,
Poe Middle,5/23/2025,20038,Fat Free White Milk(Each),41,0,41,69,8,0,8,$2.64,0,0.00%,$0.00,$2.64,61,88.41%,$20.13,$22.77,,,,
Poe Middle,5/23/2025,30008,Apple Juice(Each),5,0,5,0,0,0,0,$0.00,0,0.00%,$0.00,$0.00,0,0.00%,$0.00,$0.00,,,,
Poe Middle,5/23/2025,30009,Orange Tangerine Juice(Each),5,0,5,0,0,0,0,$0.00,0,0.00%,$0.00,$0.00,0,0.00%,$0.00,$0.00,,,,
Poe Middle,5/23/2025,30011,"Salsa, Mild Canned(1.5 oz)",69,0,69,90,79,0,79,$7.90,0,0.00%,$0.00,$7.90,11,12.22%,$1.10,$9.00,,,,
Poe Middle,5/23/2025,30045,Watermelon Flavored Dried Cranberries(Each),54,0,54,50,24,0,24,$5.76,0,0.00%,$0.00,$5.76,26,52.00%,$6.24,$12.00,,,,
Poe Middle,5/23/2025,30061,Chilled Mandarin Oranges(1/4 cup (drained)),204,0,204,138,137,0,137,$23.29,0,0.00%,$0.00,$23.29,1,0.72%,$0.17,$23.46,,,,
Poe Middle,5/23/2025,30063,Ketchup Packet(Packet),495,0,495,500,500,0,500,$15.00,0,0.00%,$0.00,$15.00,0,0.00%,$0.00,$15.00,,,,
Poe Middle,5/23/2025,30065,Mustard Packet(Packet),189,0,189,150,150,0,150,$7.50,0,0.00%,$0.00,$7.50,0,0.00%,$0.00,$7.50,,,,
Poe Middle,5/23/2025,30077,Italian Dressing(1 ounce),28,0,28,48,48,0,48,$3.84,0,0.00%,$0.00,$3.84,0,0.00%,$0.00,$3.84,,,,
Poe Middle,5/23/2025,30097,Bottled Water(Bottle),5,0,5,5,1,0,1,$0.16,0,0.00%,$0.00,$0.16,4,80.00%,$0.64,$0.80,,,,
Poe Middle,5/23/2025,30099,Chickpeas(1/4 cup),38,0,38,66,58,0,58,$5.22,8,12.12%,$0.72,$5.94,0,0.00%,$0.00,$5.94,,,,
Poe Middle,5/23/2025,30107,Ranch Dressing(1 ounce),104,0,104,192,192,0,192,$21.12,0,0.00%,$0.00,$21.12,0,0.00%,$0.00,$21.12,,,,
Poe Middle,5/23/2025,30109,Smartfood RF White Cheddar Popcorn(Each),20,0,20,0,0,0,0,$0.00,0,0.00%,$0.00,$0.00,0,0.00%,$0.00,$0.00,,,,
Poe Middle,5/23/2025,30110,Doritos Flamas(Each),20,0,20,0,0,0,0,$0.00,0,0.00%,$0.00,$0.00,0,0.00%,$0.00,$0.00,,,,
Poe Middle,5/23/2025,30111,Doritos RF Spicy Sweet Chili(Each),20,0,20,0,0,0,0,$0.00,0,0.00%,$0.00,$0.00,0,0.00%,$0.00,$0.00,,,,
Poe Middle,5/23/2025,30112,Doritos RF Nacho Cheese(Each),20,0,20,0,0,0,0,$0.00,0,0.00%,$0.00,$0.00,0,0.00%,$0.00,$0.00,,,,
Poe Middle,5/23/2025,30114,SS Baked Cheetos Flaming Hot(Each),20,0,20,20,6,0,6,$3.18,0,0.00%,$0.00,$3.18,14,70.00%,$7.42,$10.60,,,,
Poe Middle,5/23/2025,30115,SS Baked Cheetos Flaming Limon(Each),20,0,20,21,11,0,11,$4.29,0,0.00%,$0.00,$4.29,10,47.62%,$3.90,$8.19,,,,
Poe Middle,5/23/2025,30116,SS Cheetos Fantastix Flaming Hot(Each),20,0,20,13,5,0,5,$1.95,0,0.00%,$0.00,$1.95,8,61.54%,$3.12,$5.07,,,,
Poe Middle,5/23/2025,30118,Kettle Cooked Smoky BBQ Chips(Each),20,0,20,0,0,0,0,$0.00,0,0.00%,$0.00,$0.00,0,0.00%,$0.00,$0.00,,,,
Poe Middle,5/23/2025,30119,RF Kettle Chips Jalapeno & Cheddar Chips(Each),20,0,20,0,0,0,0,$0.00,0,0.00%,$0.00,$0.00,0,0.00%,$0.00,$0.00,,,,
Poe Middle,5/23/2025,30120,RF Kettle Chips Sea Salt & Vinegar Chips(Each),20,0,20,0,0,0,0,$0.00,0,0.00%,$0.00,$0.00,0,0.00%,$0.00,$0.00,,,,
Poe Middle,5/23/2025,30121,Kellogg’s W/G Rice Krispies Treats(Each),0,0,0,11,6,0,6,$4.44,0,0.00%,$0.00,$4.44,5,45.45%,$3.70,$8.14,,,,
Poe Middle,5/23/2025,30124,"Fruit Snacks, Welch's Mixed(Each)",10,0,10,15,5,0,5,$2.00,0,0.00%,$0.00,$2.00,10,66.67%,$4.00,$6.00,,,,
Poe Middle,5/23/2025,60020,"Quesadilla, Turkey Barbacoa and Cheese(Quesadilla)",20,0,20,46,45,0,45,$54.90,1,2.17%,$1.22,$56.12,0,0.00%,$0.00,$56.12,,,,
Poe Middle,5/23/2025,60035,PB&J Power Pack(Power Packs),57,0,57,72,52,0,52,$56.16,0,0.00%,$0.00,$56.16,20,27.78%,$21.60,$77.76,,,,
Poe Middle,5/23/2025,60036,Cherry Vanilla Yogurt Power Pack(Power Packs),7,0,7,10,6,0,6,$4.80,0,0.00%,$0.00,$4.80,4,40.00%,$3.20,$8.00,,,,
Poe Middle,5/23/2025,60037,Strawberry & Banana Yogurt Power Pack(Power Packs),9,0,9,8,7,0,7,$5.60,0,0.00%,$0.00,$5.60,1,12.50%,$0.80,$6.40,,,,
Poe Middle,5/23/2025,60041,Turkey Pepperoni Pizza(Slice),209,0,209,169,169,0,169,$114.92,0,0.00%,$0.00,$114.92,0,0.00%,$0.00,$114.92,,,,
Poe Middle,5/23/2025,60063,Chicken & Vegetable Dumplings(6 dumplings),0,0,0,20,16,0,16,$0.00,4,20.00%,$0.00,$0.00,0,0.00%,$0.00,$0.00,,,,
Poe Middle,5/23/2025,60072,Spicy Breaded Chicken Patty on Bun(Sandwich),0,0,0,54,49,5,54,$40.50,0,0.00%,$0.00,$40.50,0,0.00%,$0.00,$40.50,,,,
Poe Middle,5/23/2025,60073,Chicken and Cheese Quesadilla(Quesadilla),0,0,0,29,29,0,29,$47.27,0,0.00%,$0.00,$47.27,0,0.00%,$0.00,$47.27,,,,
Poe Middle,5/23/2025,60077,Manager's Vegetable Choice(1/4 cup),84,0,84,96,48,0,48,$0.00,0,0.00%,$0.00,$0.00,48,50.00%,$0.00,$0.00,,,,
Poplar Tree Elementary,5/23/2025,10044,Soft Pretzel(1 pretzel),0,0,0,15,0,0,0,$0.00,0,0.00%,$0.00,$0.00,15,100.00%,$0.00,$0.00,,,,
Poplar Tree Elementary,5/23/2025,20001,1% White Milk(Each),74,0,74,51,34,0,34,$12.24,0,0.00%,$0.00,$12.24,17,33.33%,$6.12,$18.36,,,,
Poplar Tree Elementary,5/23/2025,20002,Fat Free Chocolate Milk(Each),78,0,78,380,180,0,180,$63.00,0,0.00%,$0.00,$63.00,200,52.63%,$70.00,$133.00,,,,
Poplar Tree Elementary,5/23/2025,20023,Baby Carrots(3 baby carrots per 1/4 cup),0,0,0,200,197,0,197,$17.73,3,1.50%,$0.27,$18.00,0,0.00%,$0.00,$18.00,,,,
Poplar Tree Elementary,5/23/2025,20028,Lettuce Blend Salad Mix(1/2 cup),121,0,121,140,120,0,120,$9.60,20,14.29%,$1.60,$11.20,0,0.00%,$0.00,$11.20,,,,
Poplar Tree Elementary,5/23/2025,20031,Banana(Each),0,0,0,191,188,0,188,$39.48,3,1.57%,$0.63,$40.11,0,0.00%,$0.00,$40.11,,,,
Poplar Tree Elementary,5/23/2025,20038,Fat Free White Milk(Each),13,0,13,8,8,0,8,$2.64,0,0.00%,$0.00,$2.64,0,0.00%,$0.00,$2.64,,,,
Poplar Tree Elementary,5/23/2025,20040,Cucumber Slices(1/4 cup),0,0,0,200,170,0,170,$10.20,30,15.00%,$1.80,$12.00,0,0.00%,$0.00,$12.00,,,,
Poplar Tree Elementary,5/23/2025,20047,Orange Slices(3 slices per 1/4 cup),0,0,0,80,80,0,80,$16.00,0,0.00%,$0.00,$16.00,0,0.00%,$0.00,$16.00,,,,
Poplar Tree Elementary,5/23/2025,30024,Black Beans(1/2 Cup),8,0,8,15,11,0,11,$1.87,0,0.00%,$0.00,$1.87,4,26.67%,$0.68,$2.55,,,,
Poplar Tree Elementary,5/23/2025,30045,Watermelon Flavored Dried Cranberries(2 Eaches),0,0,0,47,45,0,45,$21.60,0,0.00%,$0.00,$21.60,2,4.26%,$0.96,$22.56,,,,
Poplar Tree Elementary,5/23/2025,30061,Chilled Mandarin Oranges(1/2 cup (drained)),9,0,9,15,11,0,11,$3.74,0,0.00%,$0.00,$3.74,4,26.67%,$1.36,$5.10,,,,
Poplar Tree Elementary,5/23/2025,30077,Italian Dressing(1 ounce),13,0,13,25,10,0,10,$0.80,15,60.00%,$1.20,$2.00,0,0.00%,$0.00,$2.00,,,,
Poplar Tree Elementary,5/23/2025,30099,Chickpeas(1/4 cup),14,0,14,20,15,0,15,$1.35,5,25.00%,$0.45,$1.80,0,0.00%,$0.00,$1.80,,,,
Poplar Tree Elementary,5/23/2025,60035,PB&J Power Pack(Power Packs),28,0,28,30,23,0,23,$24.84,0,0.00%,$0.00,$24.84,7,23.33%,$7.56,$32.40,,,,
Poplar Tree Elementary,5/23/2025,60036,Cherry Vanilla Yogurt Power Pack(Power Packs),2,0,2,5,3,0,3,$2.40,0,0.00%,$0.00,$2.40,2,40.00%,$1.60,$4.00,,,,
Poplar Tree Elementary,5/23/2025,60037,Strawberry & Banana Yogurt Power Pack(Power Packs),10,0,10,20,12,3,15,$12.00,0,0.00%,$0.00,$12.00,5,25.00%,$4.00,$16.00,,,,
Poplar Tree Elementary,5/23/2025,60041,Turkey Pepperoni Pizza(Slice),85,0,85,95,84,5,89,$60.52,0,0.00%,$0.00,$60.52,6,6.32%,$4.08,$64.60,,,,
Poplar Tree Elementary,5/23/2025,60080,Cheese Pizza(Slice),161,0,161,175,167,4,171,$97.47,0,0.00%,$0.00,$97.47,4,2.29%,$2.28,$99.75,,,,
Poplar Tree Elementary,5/23/2025,60101,Chickpeas - salad bar entree(1/2 cup),0,0,0,15,0,0,0,$0.00,0,0.00%,$0.00,$0.00,15,100.00%,$0.00,$0.00,,,,
Providence Elementary,5/23/2025,10033,Chocolate Chip Cookie(1/2 Cookie),0,0,0,12,12,0,12,$1.68,0,0.00%,$0.00,$1.68,0,0.00%,$0.00,$1.68,,,,
Providence Elementary,5/23/2025,10044,Soft Pretzel(1 pretzel),50,0,50,32,32,0,32,$7.04,0,0.00%,$0.00,$7.04,0,0.00%,$0.00,$7.04,,,,
Providence Elementary,5/23/2025,20001,1% White Milk(Each),38,0,38,335,192,0,192,$69.12,0,0.00%,$0.00,$69.12,143,42.69%,$51.48,$120.60,,,,
Providence Elementary,5/23/2025,20002,Fat Free Chocolate Milk(Each),375,0,375,902,255,0,255,$89.25,0,0.00%,$0.00,$89.25,647,71.73%,$226.45,$315.70,,,,
Providence Elementary,5/23/2025,20011,Cherry Tomatoes(1/4 cup),50,0,50,72,72,0,72,$26.64,0,0.00%,$0.00,$26.64,0,0.00%,$0.00,$26.64,,,,
Providence Elementary,5/23/2025,20027,Broccoli Florets(1/4 cup),0,0,0,42,42,0,42,$3.36,0,0.00%,$0.00,$3.36,0,0.00%,$0.00,$3.36,,,,
Providence Elementary,5/23/2025,20028,Lettuce Blend Salad Mix(1/2 cup),140,0,140,140,140,0,140,$11.20,0,0.00%,$0.00,$11.20,0,0.00%,$0.00,$11.20,,,,
Providence Elementary,5/23/2025,20031,Banana(Each),18,0,18,16,16,0,16,$3.36,0,0.00%,$0.00,$3.36,0,0.00%,$0.00,$3.36,,,,
Providence Elementary,5/23/2025,20038,Fat Free White Milk(Each),10,0,10,196,53,0,53,$17.49,0,0.00%,$0.00,$17.49,143,72.96%,$47.19,$64.68,,,,
Providence Elementary,5/23/2025,30024,Black Beans(1/2 Cup),18,0,18,82,82,0,82,$13.94,0,0.00%,$0.00,$13.94,0,0.00%,$0.00,$13.94,,,,
Providence Elementary,5/23/2025,30033,Cheez-Its Crackers(Package),18,0,18,16,16,0,16,$2.88,0,0.00%,$0.00,$2.88,0,0.00%,$0.00,$2.88,,,,
Providence Elementary,5/23/2025,30041,Orange Flavored Dried Cranberries(2 Eaches),0,0,0,60,60,0,60,$28.80,0,0.00%,$0.00,$28.80,0,0.00%,$0.00,$28.80,,,,
Providence Elementary,5/23/2025,30045,Watermelon Flavored Dried Cranberries(2 Eaches),0,0,0,60,60,0,60,$28.80,0,0.00%,$0.00,$28.80,0,0.00%,$0.00,$28.80,,,,
Providence Elementary,5/23/2025,30061,Chilled Mandarin Oranges(1/2 cup (drained)),18,0,18,16,16,0,16,$5.44,0,0.00%,$0.00,$5.44,0,0.00%,$0.00,$5.44,,,,
Providence Elementary,5/23/2025,30077,Italian Dressing(1 ounce),20,0,20,50,20,0,20,$1.60,0,0.00%,$0.00,$1.60,30,60.00%,$2.40,$4.00,,,,
Providence Elementary,5/23/2025,30097,Bottled Water(Bottle),0,0,0,12,12,0,12,$1.92,0,0.00%,$0.00,$1.92,0,0.00%,$0.00,$1.92,,,,
Providence Elementary,5/23/2025,60035,PB&J Power Pack(Power Packs),150,0,150,7,3,0,3,$3.24,0,0.00%,$0.00,$3.24,4,57.14%,$4.32,$7.56,,,,
Providence Elementary,5/23/2025,60036,Cherry Vanilla Yogurt Power Pack(Power Packs),0,0,0,41,13,0,13,$10.40,0,0.00%,$0.00,$10.40,28,68.29%,$22.40,$32.80,,,,
Providence Elementary,5/23/2025,60041,Turkey Pepperoni Pizza(Slice),150,0,150,130,124,0,124,$84.32,6,4.62%,$4.08,$88.40,0,0.00%,$0.00,$88.40,,,,
Providence Elementary,5/23/2025,60080,Cheese Pizza(Slice),168,0,168,276,247,0,247,$140.79,29,10.51%,$16.53,$157.32,0,0.00%,$0.00,$157.32,,,,
Ravensworth Elementary,5/23/2025,10044,Soft Pretzel(1 pretzel),12,20,32,32,12,20,32,$7.04,0,0.00%,$0.00,$7.04,0,0.00%,$0.00,$7.04,,,,
Ravensworth Elementary,5/23/2025,20001,1% White Milk(Each),81,0,81,81,32,0,32,$11.52,0,0.00%,$0.00,$11.52,49,60.49%,$17.64,$29.16,,,,
Ravensworth Elementary,5/23/2025,20002,Fat Free Chocolate Milk(Each),308,0,308,308,147,0,147,$51.45,0,0.00%,$0.00,$51.45,161,52.27%,$56.35,$107.80,,,,
Ravensworth Elementary,5/23/2025,20008,Apple Slices(3 slices per 1/4 cup),174,0,174,174,168,0,168,$99.12,6,3.45%,$3.54,$102.66,0,0.00%,$0.00,$102.66,,,,
Ravensworth Elementary,5/23/2025,20011,Cherry Tomatoes(1/4 cup),124,0,124,124,122,0,122,$45.14,2,1.61%,$0.74,$45.88,0,0.00%,$0.00,$45.88,,,,
Ravensworth Elementary,5/23/2025,20028,Lettuce Blend Salad Mix(1/2 cup),80,0,80,80,60,0,60,$4.80,0,0.00%,$0.00,$4.80,20,25.00%,$1.60,$6.40,,,,
Ravensworth Elementary,5/23/2025,20038,Fat Free White Milk(Each),2,0,2,10,2,0,2,$0.66,0,0.00%,$0.00,$0.66,8,80.00%,$2.64,$3.30,,,,
Ravensworth Elementary,5/23/2025,20047,Orange Slices(3 slices per 1/4 cup),174,0,174,174,168,0,168,$33.60,6,3.45%,$1.20,$34.80,0,0.00%,$0.00,$34.80,,,,
Ravensworth Elementary,5/23/2025,30009,Orange Tangerine Juice(Each),40,0,40,40,0,28,28,$0.00,0,0.00%,$0.00,$0.00,12,30.00%,$0.00,$0.00,,,,
Ravensworth Elementary,5/23/2025,30024,Black Beans(1/2 Cup),3,0,3,3,3,0,3,$0.51,0,0.00%,$0.00,$0.51,0,0.00%,$0.00,$0.51,,,,
Ravensworth Elementary,5/23/2025,30042,Original Flavored Dried Cranberries(Package),35,0,35,35,21,0,21,$5.04,0,0.00%,$0.00,$5.04,14,40.00%,$3.36,$8.40,,,,
Ravensworth Elementary,5/23/2025,30061,Chilled Mandarin Oranges(1/2 cup (drained)),3,0,3,3,3,0,3,$1.02,0,0.00%,$0.00,$1.02,0,0.00%,$0.00,$1.02,,,,
Ravensworth Elementary,5/23/2025,30077,Italian Dressing(1 ounce),10,0,10,10,5,0,5,$0.40,0,0.00%,$0.00,$0.40,5,50.00%,$0.40,$0.80,,,,
Ravensworth Elementary,5/23/2025,30094,Doritos Wild White Nacho Flavored Tortilla Chips(Bag),100,0,100,115,0,114,114,$0.00,0,0.00%,$0.00,$0.00,1,0.87%,$0.00,$0.00,,,,
Ravensworth Elementary,5/23/2025,30097,Bottled Water(Bottle),20,0,20,20,0,13,13,$0.00,0,0.00%,$0.00,$0.00,7,35.00%,$0.00,$0.00,,,,
Ravensworth Elementary,5/23/2025,30099,Chickpeas(1/4 cup),20,0,20,20,10,0,10,$0.90,10,50.00%,$0.90,$1.80,0,0.00%,$0.00,$1.80,,,,
Ravensworth Elementary,5/23/2025,30107,Ranch Dressing(1 ounce),10,0,10,10,5,0,5,$0.55,0,0.00%,$0.00,$0.55,5,50.00%,$0.55,$1.10,,,,
Ravensworth Elementary,5/23/2025,60035,PB&J Power Pack(Power Packs),35,0,35,40,39,0,39,$42.12,0,0.00%,$0.00,$42.12,1,2.50%,$1.08,$43.20,,,,
Ravensworth Elementary,5/23/2025,60036,Cherry Vanilla Yogurt Power Pack(Power Packs),12,0,12,12,11,0,11,$8.80,0,0.00%,$0.00,$8.80,1,8.33%,$0.80,$9.60,,,,
Ravensworth Elementary,5/23/2025,60041,Turkey Pepperoni Pizza(Slice),100,20,120,126,113,10,123,$83.64,3,2.38%,$2.04,$85.68,0,0.00%,$0.00,$85.68,,,,
Ravensworth Elementary,5/23/2025,60077,Manager's Vegetable Choice(1/4 cup),144,0,144,144,140,0,140,$0.00,4,2.78%,$0.00,$0.00,0,0.00%,$0.00,$0.00,,,,
Ravensworth Elementary,5/23/2025,60080,Cheese Pizza(Slice),118,15,133,113,101,10,111,$63.27,0,0.00%,$0.00,$63.27,2,1.77%,$1.14,$64.41,,,,
Ravensworth Elementary,5/23/2025,60101,Chickpeas - salad bar entree(1/2 cup),20,0,20,20,10,0,10,$1.80,10,50.00%,$1.80,$3.60,0,0.00%,$0.00,$3.60,,,,
Riverside Elementary,5/23/2025,10044,Soft Pretzel(1 pretzel),13,0,13,16,16,0,16,$3.52,0,0.00%,$0.00,$3.52,0,0.00%,$0.00,$3.52,,,,
Riverside Elementary,5/23/2025,10062,Corn(1/2 cup (cooked)),100,0,100,80,60,0,60,$12.60,0,0.00%,$0.00,$12.60,20,25.00%,$4.20,$16.80,,,,
Riverside Elementary,5/23/2025,10074,"Frozen Berry, Triple Berry Blend(1/2 cup (thawed))",60,0,60,60,60,0,60,$1.80,0,0.00%,$0.00,$1.80,0,0.00%,$0.00,$1.80,,,,
Riverside Elementary,5/23/2025,10075,Cheese Pizza(Slice),33,0,33,33,33,0,33,$18.81,0,0.00%,$0.00,$18.81,0,0.00%,$0.00,$18.81,,,,
Riverside Elementary,5/23/2025,20001,1% White Milk(Each),93,0,93,108,92,0,92,$33.12,0,0.00%,$0.00,$33.12,16,14.81%,$5.76,$38.88,,,,
Riverside Elementary,5/23/2025,20002,Fat Free Chocolate Milk(Each),331,0,331,341,336,0,336,$117.60,0,0.00%,$0.00,$117.60,5,1.47%,$1.75,$119.35,,,,
Riverside Elementary,5/23/2025,20008,Apple Slices(3 slices per 1/4 cup),300,0,300,300,280,0,280,$165.20,0,0.00%,$0.00,$165.20,20,6.67%,$11.80,$177.00,,,,
Riverside Elementary,5/23/2025,20018,Red Seedless Grapes(16 grapes per 1/2 cup),25,0,25,25,25,0,25,$12.75,0,0.00%,$0.00,$12.75,0,0.00%,$0.00,$12.75,,,,
Riverside Elementary,5/23/2025,20028,Lettuce Blend Salad Mix(1/2 cup),297,0,297,340,322,5,327,$26.16,8,2.35%,$0.64,$26.80,5,1.47%,$0.40,$27.20,,,,
Riverside Elementary,5/23/2025,20031,Banana(Each),66,0,66,65,65,0,65,$13.65,0,0.00%,$0.00,$13.65,0,0.00%,$0.00,$13.65,,,,
Riverside Elementary,5/23/2025,20038,Fat Free White Milk(Each),14,0,14,34,7,0,7,$2.31,0,0.00%,$0.00,$2.31,27,79.41%,$8.91,$11.22,,,,
Riverside Elementary,5/23/2025,30009,Orange Tangerine Juice(Each),0,0,0,10,7,0,7,$1.19,0,0.00%,$0.00,$1.19,3,30.00%,$0.51,$1.70,,,,
Riverside Elementary,5/23/2025,30024,Black Beans(1/2 Cup),52,0,52,49,48,1,49,$8.33,0,0.00%,$0.00,$8.33,0,0.00%,$0.00,$8.33,,,,
Riverside Elementary,5/23/2025,30033,Cheez-Its Crackers(Package),17,0,17,15,15,0,15,$2.70,0,0.00%,$0.00,$2.70,0,0.00%,$0.00,$2.70,,,,
Riverside Elementary,5/23/2025,30041,Orange Flavored Dried Cranberries(Each),22,0,22,30,25,0,25,$6.00,0,0.00%,$0.00,$6.00,5,16.67%,$1.20,$7.20,,,,
Riverside Elementary,5/23/2025,30061,Chilled Mandarin Oranges(1/2 cup (drained)),52,0,52,49,48,1,49,$16.66,0,0.00%,$0.00,$16.66,0,0.00%,$0.00,$16.66,,,,
Riverside Elementary,5/23/2025,30061,Chilled Mandarin Oranges(1/4 cup (drained)),172,0,172,160,150,0,150,$25.50,0,0.00%,$0.00,$25.50,10,6.25%,$1.70,$27.20,,,,
Riverside Elementary,5/23/2025,30077,Italian Dressing(1 ounce),24,0,24,24,12,0,12,$0.96,0,0.00%,$0.00,$0.96,12,50.00%,$0.96,$1.92,,,,
Riverside Elementary,5/23/2025,30097,Bottled Water(Bottle),0,0,0,10,5,0,5,$0.80,0,0.00%,$0.00,$0.80,5,50.00%,$0.80,$1.60,,,,
Riverside Elementary,5/23/2025,30103,"Milk, Lactose Free,  Fat Free, Shelf-Stable(Each)",1,0,1,1,1,0,1,$0.48,0,0.00%,$0.00,$0.48,0,0.00%,$0.00,$0.48,,,,
Riverside Elementary,5/23/2025,30107,Ranch Dressing(1 ounce),52,0,52,72,48,0,48,$5.28,0,0.00%,$0.00,$5.28,24,33.33%,$2.64,$7.92,,,,
Riverside Elementary,5/23/2025,30109,Smartfood RF White Cheddar Popcorn(Each),20,0,20,20,15,0,15,$5.55,0,0.00%,$0.00,$5.55,5,25.00%,$1.85,$7.40,,,,
Riverside Elementary,5/23/2025,30184,"Milk, Soy, Vanilla (24/8 oz)(each)",1,0,1,1,1,0,1,$1.02,0,0.00%,$0.00,$1.02,0,0.00%,$0.00,$1.02,,,,
Riverside Elementary,5/23/2025,60035,PB&J Power Pack(Power Packs),92,0,92,50,45,0,45,$48.60,0,0.00%,$0.00,$48.60,5,10.00%,$5.40,$54.00,,,,
Riverside Elementary,5/23/2025,60036,Cherry Vanilla Yogurt Power Pack(Power Packs),20,0,20,8,8,0,8,$6.40,0,0.00%,$0.00,$6.40,0,0.00%,$0.00,$6.40,,,,
Riverside Elementary,5/23/2025,60038,Peach Yogurt Power Pack(Power Packs),40,0,40,10,8,0,8,$6.40,0,0.00%,$0.00,$6.40,2,20.00%,$1.60,$8.00,,,,
Riverside Elementary,5/23/2025,60041,Turkey Pepperoni Pizza(Slice),174,0,174,213,213,0,213,$144.84,0,0.00%,$0.00,$144.84,0,0.00%,$0.00,$144.84,,,,
Riverside Elementary,5/23/2025,60077,Manager's Vegetable Choice(1/4 cup),37,0,37,40,0,40,40,$0.00,0,0.00%,$0.00,$0.00,0,0.00%,$0.00,$0.00,,,,
Riverside Elementary,5/23/2025,60080,Cheese Pizza(Slice),103,0,103,226,217,3,220,$125.40,0,0.00%,$0.00,$125.40,6,2.65%,$3.42,$128.82,,,,
Robinson Secondary,5/23/2025,10001,"Patty, Chicken, Breaded, WG(2 strips)",8,0,8,12,10,0,10,$2.20,0,0.00%,$0.00,$2.20,2,16.67%,$0.44,$2.64,,,,
Robinson Secondary,5/23/2025,10044,Soft Pretzel(1 pretzel),83,0,83,26,22,4,26,$5.72,0,0.00%,$0.00,$5.72,0,0.00%,$0.00,$5.72,,,,
Robinson Secondary,5/23/2025,10049,"WG 10"" Flour Tortilla(Tortilla)",6,0,6,15,7,0,7,$2.45,0,0.00%,$0.00,$2.45,8,53.33%,$2.80,$5.25,,,,
Robinson Secondary,5/23/2025,10051,"Turkey,  Breast, Pre-Sliced, Oven Roasted(3 Slices)",15,0,15,12,12,0,12,$6.48,0,0.00%,$0.00,$6.48,0,0.00%,$0.00,$6.48,,,,
Robinson Secondary,5/23/2025,10062,Corn(1/2 cup (cooked)),0,0,0,120,120,0,120,$25.20,0,0.00%,$0.00,$25.20,0,0.00%,$0.00,$25.20,,,,
Robinson Secondary,5/23/2025,10070,Orange Sauce(ounce),0,0,0,52,23,1,24,$3.36,7,13.46%,$0.98,$4.34,21,40.38%,$2.94,$7.28,,,,
Robinson Secondary,5/23/2025,10075,Cheese Pizza(Slice),264,0,264,264,213,4,217,$123.69,1,0.38%,$0.57,$124.26,46,17.42%,$26.22,$150.48,,,,
Robinson Secondary,5/23/2025,20001,1% White Milk(Each),90,0,90,85,69,0,69,$24.84,0,0.00%,$0.00,$24.84,16,18.82%,$5.76,$30.60,,,,
Robinson Secondary,5/23/2025,20002,Fat Free Chocolate Milk(Each),398,0,398,635,369,0,369,$129.15,0,0.00%,$0.00,$129.15,266,41.89%,$93.10,$222.25,,,,
Robinson Secondary,5/23/2025,20006,"Cheese, Shredded, Cheddar(1/4 cup)",15,0,15,16,14,0,14,$2.38,0,0.00%,$0.00,$2.38,2,12.50%,$0.34,$2.72,,,,
Robinson Secondary,5/23/2025,20008,Apple Slices(6 Slices per 1/2 cup),76,0,76,87,86,0,86,$101.48,0,0.00%,$0.00,$101.48,1,1.15%,$1.18,$102.66,,,,
Robinson Secondary,5/23/2025,20013,Gala Apple(Each),0,0,0,160,105,0,105,$38.85,0,0.00%,$0.00,$38.85,55,34.38%,$20.35,$59.20,,,,
Robinson Secondary,5/23/2025,20018,Red Seedless Grapes(16 grapes per 1/2 cup),0,0,0,92,92,0,92,$46.92,0,0.00%,$0.00,$46.92,0,0.00%,$0.00,$46.92,,,,
Robinson Secondary,5/23/2025,20018,Red Seedless Grapes(8 grapes per 1/4 cup),1122,0,1122,1200,1195,0,1195,$310.70,5,0.42%,$1.30,$312.00,0,0.00%,$0.00,$312.00,,,,
Robinson Secondary,5/23/2025,20023,Baby Carrots(3 baby carrots per 1/4 cup),0,0,0,308,140,0,140,$12.60,0,0.00%,$0.00,$12.60,168,54.55%,$15.12,$27.72,,,,
Robinson Secondary,5/23/2025,20028,Lettuce Blend Salad Mix(1/2 cup),879,0,879,760,740,0,740,$59.20,20,2.63%,$1.60,$60.80,0,0.00%,$0.00,$60.80,,,,
Robinson Secondary,5/23/2025,20030,Sour Cream(2 Tablespoons),67,0,67,120,40,0,40,$6.00,0,0.00%,$0.00,$6.00,80,66.67%,$12.00,$18.00,,,,
Robinson Secondary,5/23/2025,20035,"Onions, Red, Whole(1/4 cup (sliced))",10,0,10,15,15,0,15,$1.05,0,0.00%,$0.00,$1.05,0,0.00%,$0.00,$1.05,,,,
Robinson Secondary,5/23/2025,20038,Fat Free White Milk(Each),80,0,80,72,31,0,31,$10.23,0,0.00%,$0.00,$10.23,41,56.94%,$13.53,$23.76,,,,
Robinson Secondary,5/23/2025,20047,Orange Slices(3 slices per 1/4 cup),0,0,0,8,8,0,8,$1.60,0,0.00%,$0.00,$1.60,0,0.00%,$0.00,$1.60,,,,
Robinson Secondary,5/23/2025,20074,"Apple Slices(3 slices, 1/4 cup)",0,0,0,406,396,0,396,$71.28,10,2.46%,$1.80,$73.08,0,0.00%,$0.00,$73.08,,,,
Robinson Secondary,5/23/2025,20077,"Peppers, red, pre-sliced(1/2 cup sliced)",0,0,0,320,110,0,110,$61.60,210,65.63%,$117.60,$179.20,0,0.00%,$0.00,$179.20,,,,
Robinson Secondary,5/23/2025,20077,"Peppers, red, pre-sliced(1/4 cup sliced)",39,0,39,17,10,0,10,$2.80,0,0.00%,$0.00,$2.80,7,41.18%,$1.96,$4.76,,,,
Robinson Secondary,5/23/2025,30002,Sub Roll(Sub Roll),8,0,8,19,13,0,13,$4.03,0,0.00%,$0.00,$4.03,6,31.58%,$1.86,$5.89,,,,
Robinson Secondary,5/23/2025,30011,"Salsa, Mild Canned(1.5 oz)",59,0,59,120,60,0,60,$6.00,0,0.00%,$0.00,$6.00,60,50.00%,$6.00,$12.00,,,,
Robinson Secondary,5/23/2025,30024,Black Beans(1/2 Cup),0,0,0,120,100,0,100,$17.00,20,16.67%,$3.40,$20.40,0,0.00%,$0.00,$20.40,,,,
Robinson Secondary,5/23/2025,30039,Cherry Flavored Dried Cranberries(Each),29,0,29,30,30,0,30,$7.20,0,0.00%,$0.00,$7.20,0,0.00%,$0.00,$7.20,,,,
Robinson Secondary,5/23/2025,30061,Chilled Mandarin Oranges(1/2 cup (drained)),0,0,0,67,67,0,67,$22.78,0,0.00%,$0.00,$22.78,0,0.00%,$0.00,$22.78,,,,
Robinson Secondary,5/23/2025,30063,Ketchup Packet(Packet),566,0,566,800,500,0,500,$15.00,0,0.00%,$0.00,$15.00,300,37.50%,$9.00,$24.00,,,,
Robinson Secondary,5/23/2025,30064,Mayonnaise Packet(Packet),233,0,233,300,183,0,183,$18.30,0,0.00%,$0.00,$18.30,117,39.00%,$11.70,$30.00,,,,
Robinson Secondary,5/23/2025,30065,Mustard Packet(Packet),133,0,133,200,98,0,98,$4.90,0,0.00%,$0.00,$4.90,102,51.00%,$5.10,$10.00,,,,
Robinson Secondary,5/23/2025,30077,Italian Dressing(1 ounce),411,0,411,487,439,0,439,$35.12,0,0.00%,$0.00,$35.12,48,9.86%,$3.84,$38.96,,,,
Robinson Secondary,5/23/2025,30099,Chickpeas(1/4 cup),136,0,136,136,56,0,56,$5.04,0,0.00%,$0.00,$5.04,80,58.82%,$7.20,$12.24,,,,
Robinson Secondary,5/23/2025,30107,Ranch Dressing(1 ounce),601,0,601,768,662,0,662,$72.82,0,0.00%,$0.00,$72.82,106,13.80%,$11.66,$84.48,,,,
Robinson Secondary,5/23/2025,60006,Vegan Burger(Sandwich),0,0,0,20,14,4,18,$9.90,0,0.00%,$0.00,$9.90,2,10.00%,$1.10,$11.00,,,,
Robinson Secondary,5/23/2025,60007,Cheeseburger(Sandwich),0,0,0,10,3,7,10,$7.30,0,0.00%,$0.00,$7.30,0,0.00%,$0.00,$7.30,,,,
Robinson Secondary,5/23/2025,60020,"Quesadilla, Turkey Barbacoa and Cheese(Quesadilla)",197,0,197,171,155,16,171,$208.62,0,0.00%,$0.00,$208.62,0,0.00%,$0.00,$208.62,,,,
Robinson Secondary,5/23/2025,60035,PB&J Power Pack(Power Packs),143,0,143,75,69,1,70,$75.60,0,0.00%,$0.00,$75.60,5,6.67%,$5.40,$81.00,,,,
Robinson Secondary,5/23/2025,60038,Peach Yogurt Power Pack(Power Packs),22,0,22,30,24,1,25,$20.00,0,0.00%,$0.00,$20.00,5,16.67%,$4.00,$24.00,,,,
Robinson Secondary,5/23/2025,60041,Turkey Pepperoni Pizza(Slice),200,0,200,260,189,50,239,$162.52,2,0.77%,$1.36,$163.88,19,7.31%,$12.92,$176.80,,,,
Robinson Secondary,5/23/2025,60050,Chickenless Bites(2 Bites),9,0,9,10,9,0,9,$3.42,1,10.00%,$0.38,$3.80,0,0.00%,$0.00,$3.80,,,,
Robinson Secondary,5/23/2025,60063,Chicken & Vegetable Dumplings(6 dumplings),0,0,0,52,23,1,24,$0.00,7,13.46%,$0.00,$0.00,21,40.38%,$0.00,$0.00,,,,
Robinson Secondary,5/23/2025,60075,Spicy Chicken Wrap(Wrap),44,0,44,50,48,2,50,$58.50,0,0.00%,$0.00,$58.50,0,0.00%,$0.00,$58.50,,,,
Robinson Secondary,5/23/2025,60076,"Penne Pasta with Marinara and Beef Meatballs(cup cooked pasta, 1/2c sauce, 5 meatballs)",0,0,0,251,162,8,170,$212.50,2,0.80%,$2.50,$215.00,79,31.47%,$98.75,$313.75,,,,
Robinson Secondary,5/23/2025,60077,Manager's Vegetable Choice(1/4 cup),30,0,30,24,22,0,22,$0.00,0,0.00%,$0.00,$0.00,2,8.33%,$0.00,$0.00,,,,
Rocky Run Middle,5/23/2025,10033,Chocolate Chip Cookie(Cookie),191,0,191,192,188,0,188,$50.76,0,0.00%,$0.00,$50.76,4,2.08%,$1.08,$51.84,,,,
Rocky Run Middle,5/23/2025,10044,Soft Pretzel(1 pretzel),2,0,2,21,10,0,10,$2.20,0,0.00%,$0.00,$2.20,11,52.38%,$2.42,$4.62,,,,
Rocky Run Middle,5/23/2025,10075,Cheese Pizza(Slice),119,0,119,168,161,0,161,$91.77,0,0.00%,$0.00,$91.77,7,4.17%,$3.99,$95.76,,,,
Rocky Run Middle,5/23/2025,20001,1% White Milk(Each),23,0,23,54,49,0,49,$17.64,0,0.00%,$0.00,$17.64,5,9.26%,$1.80,$19.44,,,,
Rocky Run Middle,5/23/2025,20002,Fat Free Chocolate Milk(Each),135,0,135,40,32,0,32,$11.20,0,0.00%,$0.00,$11.20,8,20.00%,$2.80,$14.00,,,,
Rocky Run Middle,5/23/2025,20011,Cherry Tomatoes(1/4 cup),0,0,0,70,60,0,60,$22.20,0,0.00%,$0.00,$22.20,10,14.29%,$3.70,$25.90,,,,
Rocky Run Middle,5/23/2025,20014,Red Delicious Apple(Each - serving),0,0,0,125,105,0,105,$34.65,0,0.00%,$0.00,$34.65,20,16.00%,$6.60,$41.25,,,,
Rocky Run Middle,5/23/2025,20017,Orange(1/4 cup),0,0,0,135,133,0,133,$22.61,2,1.48%,$0.34,$22.95,0,0.00%,$0.00,$22.95,,,,
Rocky Run Middle,5/23/2025,20023,Baby Carrots(3 baby carrots per 1/4 cup),0,0,0,15,14,0,14,$1.26,1,6.67%,$0.09,$1.35,0,0.00%,$0.00,$1.35,,,,
Rocky Run Middle,5/23/2025,20028,Lettuce Blend Salad Mix(1/2 cup),231,0,231,200,195,0,195,$15.60,5,2.50%,$0.40,$16.00,0,0.00%,$0.00,$16.00,,,,
Rocky Run Middle,5/23/2025,20036,Celery Sticks(1/2 cup),0,0,0,15,14,0,14,$7.70,1,6.67%,$0.55,$8.25,0,0.00%,$0.00,$8.25,,,,
Rocky Run Middle,5/23/2025,20038,Fat Free White Milk(Each),30,0,30,189,164,0,164,$54.12,0,0.00%,$0.00,$54.12,25,13.23%,$8.25,$62.37,,,,
Rocky Run Middle,5/23/2025,30061,Chilled Mandarin Oranges(1/4 cup (drained)),222,0,222,200,150,0,150,$25.50,0,0.00%,$0.00,$25.50,50,25.00%,$8.50,$34.00,,,,
Rocky Run Middle,5/23/2025,30063,Ketchup Packet(Packet),160,0,160,100,95,0,95,$2.85,0,0.00%,$0.00,$2.85,5,5.00%,$0.15,$3.00,,,,
Rocky Run Middle,5/23/2025,30064,Mayonnaise Packet(Packet),47,0,47,50,40,0,40,$4.00,0,0.00%,$0.00,$4.00,10,20.00%,$1.00,$5.00,,,,
Rocky Run Middle,5/23/2025,30065,Mustard Packet(Packet),34,0,34,50,20,0,20,$1.00,0,0.00%,$0.00,$1.00,30,60.00%,$1.50,$2.50,,,,
Rocky Run Middle,5/23/2025,30077,Italian Dressing(1 ounce),38,0,38,48,38,0,38,$3.04,0,0.00%,$0.00,$3.04,10,20.83%,$0.80,$3.84,,,,
Rocky Run Middle,5/23/2025,30097,Bottled Water(Bottle),54,0,54,35,34,0,34,$5.44,0,0.00%,$0.00,$5.44,1,2.86%,$0.16,$5.60,,,,
Rocky Run Middle,5/23/2025,30107,Ranch Dressing(1 ounce),91,0,91,48,43,0,43,$4.73,0,0.00%,$0.00,$4.73,5,10.42%,$0.55,$5.28,,,,
Rocky Run Middle,5/23/2025,30117,WG Baked Funyuns(Each),71,0,71,114,102,0,102,$36.72,0,0.00%,$0.00,$36.72,12,10.53%,$4.32,$41.04,,,,
Rocky Run Middle,5/23/2025,30124,"Fruit Snacks, Welch's Mixed(Each)",48,0,48,100,75,0,75,$30.00,0,0.00%,$0.00,$30.00,25,25.00%,$10.00,$40.00,,,,
Rocky Run Middle,5/23/2025,30158,Black Beans(1/2 Cup),0,0,0,15,14,0,14,$2.38,1,6.67%,$0.17,$2.55,0,0.00%,$0.00,$2.55,,,,
Rocky Run Middle,5/23/2025,60035,PB&J Power Pack(Power Packs),16,0,16,50,35,0,35,$37.80,0,0.00%,$0.00,$37.80,15,30.00%,$16.20,$54.00,,,,
Rocky Run Middle,5/23/2025,60037,Strawberry & Banana Yogurt Power Pack(Power Packs),2,0,2,20,9,0,9,$7.20,0,0.00%,$0.00,$7.20,11,55.00%,$8.80,$16.00,,,,
Rocky Run Middle,5/23/2025,60039,Pasta with Meat Sauce(serving),0,0,0,80,48,0,48,$51.36,0,0.00%,$0.00,$51.36,32,40.00%,$34.24,$85.60,,,,
Rocky Run Middle,5/23/2025,60040,Grilled Cheese Sandwich(Sandwich),0,0,0,24,22,0,22,$9.24,0,0.00%,$0.00,$9.24,2,8.33%,$0.84,$10.08,,,,
Rocky Run Middle,5/23/2025,60041,Turkey Pepperoni Pizza(Slice),94,0,94,120,99,0,99,$67.32,0,0.00%,$0.00,$67.32,21,17.50%,$14.28,$81.60,,,,
Rocky Run Middle,5/23/2025,60063,Chicken & Vegetable Dumplings(6 dumplings),0,0,0,32,32,0,32,$0.00,0,0.00%,$0.00,$0.00,0,0.00%,$0.00,$0.00,,,,
Rocky Run Middle,5/23/2025,60101,Chickpeas - salad bar entree(1/2 cup),2,0,2,2,2,0,2,$0.36,0,0.00%,$0.00,$0.36,0,0.00%,$0.00,$0.36,,,,
Rolling Valley Elementary,5/23/2025,10044,Soft Pretzel(1 pretzel),18,0,18,10,0,0,0,$0.00,0,0.00%,$0.00,$0.00,10,100.00%,$0.00,$0.00,,,,
Rolling Valley Elementary,5/23/2025,10062,Corn(1/2 cup (cooked)),0,0,0,32,20,0,20,$4.20,0,0.00%,$0.00,$4.20,12,37.50%,$2.52,$6.72,,,,
Rolling Valley Elementary,5/23/2025,10075,Cheese Pizza(Slice),96,0,96,168,144,6,150,$85.50,0,0.00%,$0.00,$85.50,18,10.71%,$10.26,$95.76,,,,
Rolling Valley Elementary,5/23/2025,20001,1% White Milk(Each),25,0,25,25,24,0,24,$8.64,0,0.00%,$0.00,$8.64,1,4.00%,$0.36,$9.00,,,,
Rolling Valley Elementary,5/23/2025,20002,Fat Free Chocolate Milk(Each),150,0,150,250,188,0,188,$65.80,0,0.00%,$0.00,$65.80,62,24.80%,$21.70,$87.50,,,,
Rolling Valley Elementary,5/23/2025,20011,Cherry Tomatoes(1/4 cup),64,0,64,36,34,0,34,$12.58,0,0.00%,$0.00,$12.58,2,5.56%,$0.74,$13.32,,,,
Rolling Valley Elementary,5/23/2025,20014,Red Delicious Apple(Each - serving),0,0,0,192,191,0,191,$63.03,0,0.00%,$0.00,$63.03,1,0.52%,$0.33,$63.36,,,,
Rolling Valley Elementary,5/23/2025,20018,Red Seedless Grapes(8 grapes per 1/4 cup),100,0,100,23,11,0,11,$2.86,0,0.00%,$0.00,$2.86,12,52.17%,$3.12,$5.98,,,,
Rolling Valley Elementary,5/23/2025,20027,Broccoli Florets(1/4 cup),0,0,0,42,41,0,41,$3.28,0,0.00%,$0.00,$3.28,1,2.38%,$0.08,$3.36,,,,
Rolling Valley Elementary,5/23/2025,20028,Lettuce Blend Salad Mix(1/2 cup),40,0,40,120,118,0,118,$9.44,0,0.00%,$0.00,$9.44,2,1.67%,$0.16,$9.60,,,,
Rolling Valley Elementary,5/23/2025,20031,Banana(Each),0,0,0,90,60,0,60,$12.60,0,0.00%,$0.00,$12.60,30,33.33%,$6.30,$18.90,,,,
Rolling Valley Elementary,5/23/2025,20038,Fat Free White Milk(Each),25,0,25,50,9,0,9,$2.97,0,0.00%,$0.00,$2.97,41,82.00%,$13.53,$16.50,,,,
Rolling Valley Elementary,5/23/2025,20047,Orange Slices(3 slices per 1/4 cup),0,0,0,68,66,0,66,$13.20,0,0.00%,$0.00,$13.20,2,2.94%,$0.40,$13.60,,,,
Rolling Valley Elementary,5/23/2025,30024,Black Beans(1/2 Cup),0,0,0,33,17,0,17,$2.89,0,0.00%,$0.00,$2.89,16,48.48%,$2.72,$5.61,,,,
Rolling Valley Elementary,5/23/2025,30077,Italian Dressing(1 ounce),24,0,24,24,12,0,12,$0.96,0,0.00%,$0.00,$0.96,12,50.00%,$0.96,$1.92,,,,
Rolling Valley Elementary,5/23/2025,30107,Ranch Dressing(1 ounce),24,0,24,48,36,0,36,$3.96,0,0.00%,$0.00,$3.96,12,25.00%,$1.32,$5.28,,,,
Rolling Valley Elementary,5/23/2025,60035,PB&J Power Pack(Power Packs),25,0,25,30,26,2,28,$30.24,0,0.00%,$0.00,$30.24,2,6.67%,$2.16,$32.40,,,,
Rolling Valley Elementary,5/23/2025,60036,Cherry Vanilla Yogurt Power Pack(Power Packs),0,0,0,0,0,0,0,$0.00,0,0.00%,$0.00,$0.00,0,0.00%,$0.00,$0.00,,,,
Rolling Valley Elementary,5/23/2025,60037,Strawberry & Banana Yogurt Power Pack(Power Packs),0,0,0,0,0,0,0,$0.00,0,0.00%,$0.00,$0.00,0,0.00%,$0.00,$0.00,,,,
Rolling Valley Elementary,5/23/2025,60038,Peach Yogurt Power Pack(Power Packs),25,0,25,10,4,1,5,$4.00,0,0.00%,$0.00,$4.00,5,50.00%,$4.00,$8.00,,,,
Rolling Valley Elementary,5/23/2025,60041,Turkey Pepperoni Pizza(Slice),72,0,72,72,60,4,64,$43.52,0,0.00%,$0.00,$43.52,8,11.11%,$5.44,$48.96,,,,
Rolling Valley Elementary,5/23/2025,60077,Manager's Vegetable Choice(1/4 cup),64,0,64,96,95,0,95,$0.00,0,0.00%,$0.00,$0.00,1,1.04%,$0.00,$0.00,,,,
Rolling Valley Elementary,5/23/2025,60101,Chickpeas - salad bar entree(1/2 cup),18,0,18,10,0,0,0,$0.00,0,0.00%,$0.00,$0.00,10,100.00%,$0.00,$0.00,,,,
Rolling Valley Elementary,5/23/2025,60149,Hot Turkey & Cheese(sandwich),0,0,0,10,6,0,6,$7.80,4,40.00%,$5.20,$13.00,0,0.00%,$0.00,$13.00,,,,
Rolling Valley Elementary,5/23/2025,60150,Strawberry Parfait Power Pack(Power Pack),15,0,15,10,1,0,1,$1.63,9,90.00%,$14.67,$16.30,0,0.00%,$0.00,$16.30,,,,
Rose Hill Elementary,5/23/2025,10044,Soft Pretzel(1 pretzel),51,0,51,61,59,0,59,$12.98,0,0.00%,$0.00,$12.98,2,3.28%,$0.44,$13.42,,,,
Rose Hill Elementary,5/23/2025,10075,Cheese Pizza(Slice),9,0,9,10,10,0,10,$5.70,0,0.00%,$0.00,$5.70,0,0.00%,$0.00,$5.70,,,,
Rose Hill Elementary,5/23/2025,20001,1% White Milk(Each),112,0,112,133,111,1,112,$40.32,0,0.00%,$0.00,$40.32,21,15.79%,$7.56,$47.88,,,,
Rose Hill Elementary,5/23/2025,20002,Fat Free Chocolate Milk(Each),220,0,220,221,212,0,212,$74.20,0,0.00%,$0.00,$74.20,9,4.07%,$3.15,$77.35,,,,
Rose Hill Elementary,5/23/2025,20011,Cherry Tomatoes(1/4 cup),178,0,178,220,215,0,215,$79.55,0,0.00%,$0.00,$79.55,5,2.27%,$1.85,$81.40,,,,
Rose Hill Elementary,5/23/2025,20014,Red Delicious Apple(Each - serving),0,0,0,122,114,0,114,$37.62,0,0.00%,$0.00,$37.62,8,6.56%,$2.64,$40.26,,,,
Rose Hill Elementary,5/23/2025,20017,Orange(1/4 cup),0,0,0,230,223,0,223,$37.91,0,0.00%,$0.00,$37.91,7,3.04%,$1.19,$39.10,,,,
Rose Hill Elementary,5/23/2025,20028,Lettuce Blend Salad Mix(1/2 cup),98,0,98,120,115,0,115,$9.20,0,0.00%,$0.00,$9.20,5,4.17%,$0.40,$9.60,,,,
Rose Hill Elementary,5/23/2025,20031,Banana(Each),12,0,12,232,227,0,227,$47.67,0,0.00%,$0.00,$47.67,5,2.16%,$1.05,$48.72,,,,
Rose Hill Elementary,5/23/2025,20038,Fat Free White Milk(Each),12,0,12,25,16,0,16,$5.28,0,0.00%,$0.00,$5.28,9,36.00%,$2.97,$8.25,,,,
Rose Hill Elementary,5/23/2025,30004,Blueberry Chex Cereal(Each),0,0,0,5,5,0,5,$2.95,0,0.00%,$0.00,$2.95,0,0.00%,$0.00,$2.95,,,,
Rose Hill Elementary,5/23/2025,30008,Apple Juice(Each),0,0,0,41,41,0,41,$6.97,0,0.00%,$0.00,$6.97,0,0.00%,$0.00,$6.97,,,,
Rose Hill Elementary,5/23/2025,30009,Orange Tangerine Juice(Each),0,0,0,5,5,0,5,$0.85,0,0.00%,$0.00,$0.85,0,0.00%,$0.00,$0.85,,,,
Rose Hill Elementary,5/23/2025,30024,Black Beans(1/2 Cup),29,0,29,33,32,1,33,$5.61,0,0.00%,$0.00,$5.61,0,0.00%,$0.00,$5.61,,,,
Rose Hill Elementary,5/23/2025,30033,Cheez-Its Crackers(Package),11,0,11,12,12,0,12,$2.16,0,0.00%,$0.00,$2.16,0,0.00%,$0.00,$2.16,,,,
Rose Hill Elementary,5/23/2025,30039,Cherry Flavored Dried Cranberries(Each),32,0,32,50,30,0,30,$7.20,0,0.00%,$0.00,$7.20,20,40.00%,$4.80,$12.00,,,,
Rose Hill Elementary,5/23/2025,30061,Chilled Mandarin Oranges(1/2 cup (drained)),32,0,32,33,32,1,33,$11.22,0,0.00%,$0.00,$11.22,0,0.00%,$0.00,$11.22,,,,
Rose Hill Elementary,5/23/2025,30077,Italian Dressing(1 ounce),13,0,13,20,8,0,8,$0.64,0,0.00%,$0.00,$0.64,12,60.00%,$0.96,$1.60,,,,
Rose Hill Elementary,5/23/2025,30094,Doritos Wild White Nacho Flavored Tortilla Chips(Bag),0,0,0,22,22,0,22,$7.70,0,0.00%,$0.00,$7.70,0,0.00%,$0.00,$7.70,,,,
Rose Hill Elementary,5/23/2025,30097,Bottled Water(Bottle),0,0,0,4,4,0,4,$0.64,0,0.00%,$0.00,$0.64,0,0.00%,$0.00,$0.64,,,,
Rose Hill Elementary,5/23/2025,30099,Chickpeas(1/4 cup),24,0,24,25,20,0,20,$1.80,0,0.00%,$0.00,$1.80,5,20.00%,$0.45,$2.25,,,,
Rose Hill Elementary,5/23/2025,30107,Ranch Dressing(1 ounce),47,0,47,100,90,0,90,$9.90,0,0.00%,$0.00,$9.90,10,10.00%,$1.10,$11.00,,,,
Rose Hill Elementary,5/23/2025,30109,Smartfood RF White Cheddar Popcorn(Each),0,0,0,37,37,0,37,$13.69,0,0.00%,$0.00,$13.69,0,0.00%,$0.00,$13.69,,,,
Rose Hill Elementary,5/23/2025,60035,PB&J Power Pack(Power Packs),89,0,89,80,73,0,73,$78.84,0,0.00%,$0.00,$78.84,7,8.75%,$7.56,$86.40,,,,
Rose Hill Elementary,5/23/2025,60038,Peach Yogurt Power Pack(Power Packs),29,0,29,30,26,0,26,$20.80,0,0.00%,$0.00,$20.80,4,13.33%,$3.20,$24.00,,,,
Rose Hill Elementary,5/23/2025,60041,Turkey Pepperoni Pizza(Slice),111,0,111,109,102,4,106,$72.08,3,2.75%,$2.04,$74.12,0,0.00%,$0.00,$74.12,,,,
Rose Hill Elementary,5/23/2025,60077,Manager's Vegetable Choice(1/4 cup),207,0,207,250,242,0,242,$0.00,0,0.00%,$0.00,$0.00,8,3.20%,$0.00,$0.00,,,,
Rose Hill Elementary,5/23/2025,60080,Cheese Pizza(Slice),147,0,147,168,162,3,165,$94.05,3,1.79%,$1.71,$95.76,0,0.00%,$0.00,$95.76,,,,
Rose Hill Elementary,5/23/2025,60101,Chickpeas - salad bar entree(1/2 cup),1,0,1,5,4,0,4,$0.72,0,0.00%,$0.00,$0.72,1,20.00%,$0.18,$0.90,,,,
SOUTH COUNTY HS,5/23/2025,10001,"Patty, Chicken, Breaded, WG(2 strips)",29,0,29,20,11,0,11,$2.42,0,0.00%,$0.00,$2.42,9,45.00%,$1.98,$4.40,,,,
SOUTH COUNTY HS,5/23/2025,10015,Baked Cheese Sticks(2 Cheese Sticks),0,0,0,131,121,10,131,$86.46,0,0.00%,$0.00,$86.46,0,0.00%,$0.00,$86.46,,,,
SOUTH COUNTY HS,5/23/2025,10044,Soft Pretzel(1 pretzel),122,0,122,100,93,0,93,$20.46,0,0.00%,$0.00,$20.46,7,7.00%,$1.54,$22.00,,,,
SOUTH COUNTY HS,5/23/2025,10049,"WG 10"" Flour Tortilla(Tortilla)",33,0,33,50,10,0,10,$3.50,0,0.00%,$0.00,$3.50,40,80.00%,$14.00,$17.50,,,,
SOUTH COUNTY HS,5/23/2025,10051,"Turkey,  Breast, Pre-Sliced, Oven Roasted(3 Slices)",7,0,7,5,2,0,2,$1.08,0,0.00%,$0.00,$1.08,3,60.00%,$1.62,$2.70,,,,
SOUTH COUNTY HS,5/23/2025,10058,Chicken & Vegetable Dumplings(6 dumplings),0,0,0,16,16,0,16,$0.00,0,0.00%,$0.00,$0.00,0,0.00%,$0.00,$0.00,,,,
SOUTH COUNTY HS,5/23/2025,10062,Corn(2 Tablespoons (thawed)),37,0,37,50,26,0,26,$1.30,0,0.00%,$0.00,$1.30,24,48.00%,$1.20,$2.50,,,,
SOUTH COUNTY HS,5/23/2025,10070,Orange Sauce(ounce),0,0,0,16,16,0,16,$2.24,0,0.00%,$0.00,$2.24,0,0.00%,$0.00,$2.24,,,,
SOUTH COUNTY HS,5/23/2025,10075,Cheese Pizza(Slice),91,0,91,60,49,0,49,$27.93,0,0.00%,$0.00,$27.93,11,18.33%,$6.27,$34.20,,,,
SOUTH COUNTY HS,5/23/2025,10084,"Chicken, Bites(4 Bites)",0,0,0,14,14,0,14,$11.62,0,0.00%,$0.00,$11.62,0,0.00%,$0.00,$11.62,,,,
SOUTH COUNTY HS,5/23/2025,20001,1% White Milk(Each),110,0,110,250,91,0,91,$32.76,0,0.00%,$0.00,$32.76,159,63.60%,$57.24,$90.00,,,,
SOUTH COUNTY HS,5/23/2025,20002,Fat Free Chocolate Milk(Each),644,0,644,750,587,0,587,$205.45,0,0.00%,$0.00,$205.45,163,21.73%,$57.05,$262.50,,,,
SOUTH COUNTY HS,5/23/2025,20006,"Cheese, Shredded, Cheddar(1/4 cup)",8,0,8,8,3,0,3,$0.51,0,0.00%,$0.00,$0.51,5,62.50%,$0.85,$1.36,,,,
SOUTH COUNTY HS,5/23/2025,20008,Apple Slices(6 Slices per 1/2 cup),62,0,62,50,45,0,45,$53.10,0,0.00%,$0.00,$53.10,5,10.00%,$5.90,$59.00,,,,
SOUTH COUNTY HS,5/23/2025,20011,Cherry Tomatoes(1/4 cup),150,0,150,200,141,0,141,$52.17,0,0.00%,$0.00,$52.17,59,29.50%,$21.83,$74.00,,,,
SOUTH COUNTY HS,5/23/2025,20018,Red Seedless Grapes(2 Tablespoons),44,0,44,50,49,0,49,$6.37,0,0.00%,$0.00,$6.37,1,2.00%,$0.13,$6.50,,,,
SOUTH COUNTY HS,5/23/2025,20027,Broccoli Florets(6 Pieces per 1/2 cup),36,0,36,50,24,0,24,$3.60,0,0.00%,$0.00,$3.60,26,52.00%,$3.90,$7.50,,,,
SOUTH COUNTY HS,5/23/2025,20028,Lettuce Blend Salad Mix(1/2 cup),298,0,298,350,266,0,266,$21.28,0,0.00%,$0.00,$21.28,84,24.00%,$6.72,$28.00,,,,
SOUTH COUNTY HS,5/23/2025,20031,Banana(Each),66,0,66,50,46,0,46,$9.66,0,0.00%,$0.00,$9.66,4,8.00%,$0.84,$10.50,,,,
SOUTH COUNTY HS,5/23/2025,20035,"Onions, Red, Whole(1/4 cup (sliced))",41,0,41,50,23,0,23,$1.61,0,0.00%,$0.00,$1.61,27,54.00%,$1.89,$3.50,,,,
SOUTH COUNTY HS,5/23/2025,20038,Fat Free White Milk(Each),62,0,62,150,45,0,45,$14.85,0,0.00%,$0.00,$14.85,105,70.00%,$34.65,$49.50,,,,
SOUTH COUNTY HS,5/23/2025,20040,Cucumber Slices(2 Tablespoon),31,0,31,50,16,0,16,$0.48,0,0.00%,$0.00,$0.48,34,68.00%,$1.02,$1.50,,,,
SOUTH COUNTY HS,5/23/2025,20041,"Peppers, Green, Whole(2 Tablespoon)",40,0,40,50,25,0,25,$1.50,0,0.00%,$0.00,$1.50,25,50.00%,$1.50,$3.00,,,,
SOUTH COUNTY HS,5/23/2025,20042,"Peppers, Red, Whole(2 Tablespoons)",39,0,39,50,26,0,26,$1.30,0,0.00%,$0.00,$1.30,24,48.00%,$1.20,$2.50,,,,
SOUTH COUNTY HS,5/23/2025,20076,"Peppers, green, pre-sliced(1/4 cup sliced)",37,0,37,50,29,0,29,$4.35,0,0.00%,$0.00,$4.35,21,42.00%,$3.15,$7.50,,,,
SOUTH COUNTY HS,5/23/2025,20077,"Peppers, red, pre-sliced(1/4 cup sliced)",40,0,40,50,31,0,31,$8.68,0,0.00%,$0.00,$8.68,19,38.00%,$5.32,$14.00,,,,
SOUTH COUNTY HS,5/23/2025,30002,Sub Roll(Sub Roll),8,0,8,50,6,0,6,$1.86,0,0.00%,$0.00,$1.86,44,88.00%,$13.64,$15.50,,,,
SOUTH COUNTY HS,5/23/2025,30039,Cherry Flavored Dried Cranberries(Each),119,0,119,150,100,0,100,$24.00,0,0.00%,$0.00,$24.00,50,33.33%,$12.00,$36.00,,,,
SOUTH COUNTY HS,5/23/2025,30041,Orange Flavored Dried Cranberries(Each),124,0,124,150,68,0,68,$16.32,0,0.00%,$0.00,$16.32,82,54.67%,$19.68,$36.00,,,,
SOUTH COUNTY HS,5/23/2025,30042,Original Flavored Dried Cranberries(Package),89,0,89,100,68,0,68,$16.32,0,0.00%,$0.00,$16.32,32,32.00%,$7.68,$24.00,,,,
SOUTH COUNTY HS,5/23/2025,30043,Raspberry Lemonade Flavored Dried Cranberries(Each),31,0,31,50,25,0,25,$6.00,0,0.00%,$0.00,$6.00,25,50.00%,$6.00,$12.00,,,,
SOUTH COUNTY HS,5/23/2025,30061,Chilled Mandarin Oranges(1/4 cup (drained)),254,0,254,300,204,0,204,$34.68,0,0.00%,$0.00,$34.68,96,32.00%,$16.32,$51.00,,,,
SOUTH COUNTY HS,5/23/2025,30063,Ketchup Packet(Packet),726,0,726,700,625,0,625,$18.75,0,0.00%,$0.00,$18.75,75,10.71%,$2.25,$21.00,,,,
SOUTH COUNTY HS,5/23/2025,30064,Mayonnaise Packet(Packet),570,0,570,550,423,0,423,$42.30,0,0.00%,$0.00,$42.30,127,23.09%,$12.70,$55.00,,,,
SOUTH COUNTY HS,5/23/2025,30065,Mustard Packet(Packet),565,0,565,550,450,0,450,$22.50,0,0.00%,$0.00,$22.50,100,18.18%,$5.00,$27.50,,,,
SOUTH COUNTY HS,5/23/2025,30077,Italian Dressing(1 ounce),21,0,21,50,28,0,28,$2.24,0,0.00%,$0.00,$2.24,22,44.00%,$1.76,$4.00,,,,
SOUTH COUNTY HS,5/23/2025,30099,Chickpeas(1/4 cup),182,0,182,250,174,0,174,$15.66,0,0.00%,$0.00,$15.66,76,30.40%,$6.84,$22.50,,,,
SOUTH COUNTY HS,5/23/2025,30107,Ranch Dressing(1 ounce),583,0,583,550,441,0,441,$48.51,0,0.00%,$0.00,$48.51,109,19.82%,$11.99,$60.50,,,,
SOUTH COUNTY HS,5/23/2025,60020,"Quesadilla, Turkey Barbacoa and Cheese(Quesadilla)",95,10,105,152,136,0,136,$165.92,0,0.00%,$0.00,$165.92,16,10.53%,$19.52,$185.44,,,,
SOUTH COUNTY HS,5/23/2025,60021,Cooked  Brown Rice(1 cup cooked),0,0,0,175,75,100,175,$19.25,0,0.00%,$0.00,$19.25,0,0.00%,$0.00,$19.25,,,,
SOUTH COUNTY HS,5/23/2025,60035,PB&J Power Pack(Power Packs),88,0,88,75,75,0,75,$81.00,0,0.00%,$0.00,$81.00,0,0.00%,$0.00,$81.00,,,,
SOUTH COUNTY HS,5/23/2025,60041,Turkey Pepperoni Pizza(Slice),76,7,83,60,51,0,51,$34.68,0,0.00%,$0.00,$34.68,9,15.00%,$6.12,$40.80,,,,
SOUTH COUNTY HS,5/23/2025,60047,Chicken Tenders(3 tenders),0,0,0,175,125,50,175,$164.50,0,0.00%,$0.00,$164.50,0,0.00%,$0.00,$164.50,,,,
SOUTH COUNTY HS,5/23/2025,60052,Orange Chickenless Bites(4 bites),0,0,0,120,70,50,120,$104.40,0,0.00%,$0.00,$104.40,0,0.00%,$0.00,$104.40,,,,
SOUTH COUNTY HS,5/23/2025,60075,Spicy Chicken Wrap(Wrap),60,4,64,25,24,0,24,$28.08,0,0.00%,$0.00,$28.08,1,4.00%,$1.17,$29.25,,,,
SOUTH COUNTY HS,5/23/2025,60077,Manager's Vegetable Choice(1/4 cup),497,0,497,350,234,0,234,$0.00,0,0.00%,$0.00,$0.00,116,33.14%,$0.00,$0.00,,,,
SOUTH COUNTY HS,5/23/2025,60101,Chickpeas - salad bar entree(1/2 cup),30,0,30,15,15,0,15,$2.70,0,0.00%,$0.00,$2.70,0,0.00%,$0.00,$2.70,,,,
SOUTH COUNTY HS,5/23/2025,60150,Strawberry Parfait Power Pack(Power Pack),0,0,0,20,18,0,18,$29.34,0,0.00%,$0.00,$29.34,2,10.00%,$3.26,$32.60,,,,
SOUTH COUNTY HS,5/23/2025,60155,Fish  Sandwich(Sandwich),0,0,0,12,12,0,12,$8.40,0,0.00%,$0.00,$8.40,0,0.00%,$0.00,$8.40,,,,
Sandburg Middle,5/23/2025,10015,Baked Cheese Sticks(2 Cheese Sticks),0,0,0,36,34,0,34,$22.44,0,0.00%,$0.00,$22.44,2,5.56%,$1.32,$23.76,,,,
Sandburg Middle,5/23/2025,10042,"Pasta, Lasagna Roll-Up, Cheese(Each)",0,0,0,6,6,0,6,$5.04,0,0.00%,$0.00,$5.04,0,0.00%,$0.00,$5.04,,,,
Sandburg Middle,5/23/2025,10075,Cheese Pizza(Slice),152,0,152,132,132,0,132,$75.24,0,0.00%,$0.00,$75.24,0,0.00%,$0.00,$75.24,,,,
Sandburg Middle,5/23/2025,20001,1% White Milk(Each),41,0,41,89,26,0,26,$9.36,0,0.00%,$0.00,$9.36,63,70.79%,$22.68,$32.04,,,,
Sandburg Middle,5/23/2025,20002,Fat Free Chocolate Milk(Each),312,0,312,662,355,0,355,$124.25,0,0.00%,$0.00,$124.25,307,46.37%,$107.45,$231.70,,,,
Sandburg Middle,5/23/2025,20011,Cherry Tomatoes(1/4 cup),90,0,90,95,79,0,79,$29.23,0,0.00%,$0.00,$29.23,16,16.84%,$5.92,$35.15,,,,
Sandburg Middle,5/23/2025,20018,Red Seedless Grapes(8 grapes per 1/4 cup),524,0,524,555,395,0,395,$102.70,0,0.00%,$0.00,$102.70,160,28.83%,$41.60,$144.30,,,,
Sandburg Middle,5/23/2025,20028,Lettuce Blend Salad Mix(1/2 cup),133,0,133,120,120,0,120,$9.60,0,0.00%,$0.00,$9.60,0,0.00%,$0.00,$9.60,,,,
Sandburg Middle,5/23/2025,20030,Sour Cream(2 Tablespoons),50,0,50,80,80,0,80,$12.00,0,0.00%,$0.00,$12.00,0,0.00%,$0.00,$12.00,,,,
Sandburg Middle,5/23/2025,20038,Fat Free White Milk(Each),8,0,8,42,3,0,3,$0.99,0,0.00%,$0.00,$0.99,39,92.86%,$12.87,$13.86,,,,
Sandburg Middle,5/23/2025,30011,"Salsa, Mild Canned(1.5 oz)",44,0,44,80,80,0,80,$8.00,0,0.00%,$0.00,$8.00,0,0.00%,$0.00,$8.00,,,,
Sandburg Middle,5/23/2025,30045,Watermelon Flavored Dried Cranberries(Each),149,0,149,250,250,0,250,$60.00,0,0.00%,$0.00,$60.00,0,0.00%,$0.00,$60.00,,,,
Sandburg Middle,5/23/2025,30061,Chilled Mandarin Oranges(1/4 cup (drained)),220,0,220,230,218,0,218,$37.06,0,0.00%,$0.00,$37.06,12,5.22%,$2.04,$39.10,,,,
Sandburg Middle,5/23/2025,30063,Ketchup Packet(Packet),250,0,250,200,200,0,200,$6.00,0,0.00%,$0.00,$6.00,0,0.00%,$0.00,$6.00,,,,
Sandburg Middle,5/23/2025,30064,Mayonnaise Packet(Packet),217,0,217,200,200,0,200,$20.00,0,0.00%,$0.00,$20.00,0,0.00%,$0.00,$20.00,,,,
Sandburg Middle,5/23/2025,30099,Chickpeas(1/4 cup),38,0,38,45,16,0,16,$1.44,0,0.00%,$0.00,$1.44,29,64.44%,$2.61,$4.05,,,,
Sandburg Middle,5/23/2025,30107,Ranch Dressing(1 ounce),170,0,170,165,165,0,165,$18.15,0,0.00%,$0.00,$18.15,0,0.00%,$0.00,$18.15,,,,
Sandburg Middle,5/23/2025,60018,Cheese Quesadilla(Quesadilla),0,0,0,108,91,0,91,$62.79,0,0.00%,$0.00,$62.79,17,15.74%,$11.73,$74.52,,,,
Sandburg Middle,5/23/2025,60035,PB&J Power Pack(Power Packs),130,0,130,110,106,0,106,$114.48,0,0.00%,$0.00,$114.48,4,3.64%,$4.32,$118.80,,,,
Sandburg Middle,5/23/2025,60038,Peach Yogurt Power Pack(Power Packs),3,0,3,5,5,0,5,$4.00,0,0.00%,$0.00,$4.00,0,0.00%,$0.00,$4.00,,,,
Sandburg Middle,5/23/2025,60041,Turkey Pepperoni Pizza(Slice),146,0,146,240,146,0,146,$99.28,0,0.00%,$0.00,$99.28,94,39.17%,$63.92,$163.20,,,,
Sandburg Middle,5/23/2025,60072,Spicy Breaded Chicken Patty on Bun(Sandwich),0,0,0,66,57,0,57,$42.75,0,0.00%,$0.00,$42.75,9,13.64%,$6.75,$49.50,,,,
Sandburg Middle,5/23/2025,60075,Spicy Chicken Wrap(Wrap),87,0,87,86,79,0,79,$92.43,0,0.00%,$0.00,$92.43,7,8.14%,$8.19,$100.62,,,,
Sandburg Middle,5/23/2025,60077,Manager's Vegetable Choice(1/4 cup),80,0,80,55,55,0,55,$0.00,0,0.00%,$0.00,$0.00,0,0.00%,$0.00,$0.00,,,,
Sangster Elementary,5/23/2025,10044,Soft Pretzel(1 pretzel),60,0,60,67,67,0,67,$14.74,0,0.00%,$0.00,$14.74,0,0.00%,$0.00,$14.74,,,,
Sangster Elementary,5/23/2025,10075,Cheese Pizza(Slice),150,0,150,192,171,15,186,$106.02,0,0.00%,$0.00,$106.02,6,3.13%,$3.42,$109.44,,,,
Sangster Elementary,5/23/2025,20001,1% White Milk(Each),25,0,25,12,12,0,12,$4.32,0,0.00%,$0.00,$4.32,0,0.00%,$0.00,$4.32,,,,
Sangster Elementary,5/23/2025,20002,Fat Free Chocolate Milk(Each),200,0,200,522,197,0,197,$68.95,0,0.00%,$0.00,$68.95,325,62.26%,$113.75,$182.70,,,,
Sangster Elementary,5/23/2025,20011,Cherry Tomatoes(1/4 cup),235,0,235,235,235,0,235,$86.95,0,0.00%,$0.00,$86.95,0,0.00%,$0.00,$86.95,,,,
Sangster Elementary,5/23/2025,20013,Gala Apple(Each),0,0,0,120,120,0,120,$44.40,0,0.00%,$0.00,$44.40,0,0.00%,$0.00,$44.40,,,,
Sangster Elementary,5/23/2025,20018,Red Seedless Grapes(8 grapes per 1/4 cup),225,0,225,250,250,0,250,$65.00,0,0.00%,$0.00,$65.00,0,0.00%,$0.00,$65.00,,,,
Sangster Elementary,5/23/2025,20023,Baby Carrots(3 baby carrots per 1/4 cup),0,0,0,336,336,0,336,$30.24,0,0.00%,$0.00,$30.24,0,0.00%,$0.00,$30.24,,,,
Sangster Elementary,5/23/2025,20028,Lettuce Blend Salad Mix(1/2 cup),160,0,160,160,160,0,160,$12.80,0,0.00%,$0.00,$12.80,0,0.00%,$0.00,$12.80,,,,
Sangster Elementary,5/23/2025,20038,Fat Free White Milk(Each),25,0,25,211,36,0,36,$11.88,0,0.00%,$0.00,$11.88,175,82.94%,$57.75,$69.63,,,,
Sangster Elementary,5/23/2025,30009,Orange Tangerine Juice(Each),0,0,0,80,80,0,80,$13.60,0,0.00%,$0.00,$13.60,0,0.00%,$0.00,$13.60,,,,
Sangster Elementary,5/23/2025,30037,IW Applesauce Cup(Each),0,0,0,192,192,0,192,$51.84,0,0.00%,$0.00,$51.84,0,0.00%,$0.00,$51.84,,,,
Sangster Elementary,5/23/2025,30044,Strawberry Flavored Dried Cranberries(Each),80,0,80,100,91,0,91,$21.84,0,0.00%,$0.00,$21.84,9,9.00%,$2.16,$24.00,,,,
Sangster Elementary,5/23/2025,30077,Italian Dressing(1 ounce),24,0,24,24,24,0,24,$1.92,0,0.00%,$0.00,$1.92,0,0.00%,$0.00,$1.92,,,,
Sangster Elementary,5/23/2025,30107,Ranch Dressing(1 ounce),24,0,24,24,24,0,24,$2.64,0,0.00%,$0.00,$2.64,0,0.00%,$0.00,$2.64,,,,
Sangster Elementary,5/23/2025,30108,Fat Free Unflavored Shelf-Stable Milk(Each),0,0,0,27,6,0,6,$2.28,0,0.00%,$0.00,$2.28,21,77.78%,$7.98,$10.26,,,,
Sangster Elementary,5/23/2025,60035,PB&J Power Pack(Power Packs),72,0,72,72,57,10,67,$72.36,0,0.00%,$0.00,$72.36,5,6.94%,$5.40,$77.76,,,,
Sangster Elementary,5/23/2025,60036,Cherry Vanilla Yogurt Power Pack(Power Packs),10,0,10,10,3,4,7,$5.60,0,0.00%,$0.00,$5.60,3,30.00%,$2.40,$8.00,,,,
Sangster Elementary,5/23/2025,60037,Strawberry & Banana Yogurt Power Pack(Power Packs),10,0,10,10,4,0,4,$3.20,0,0.00%,$0.00,$3.20,6,60.00%,$4.80,$8.00,,,,
Sangster Elementary,5/23/2025,60038,Peach Yogurt Power Pack(Power Packs),10,0,10,10,2,0,2,$1.60,0,0.00%,$0.00,$1.60,8,80.00%,$6.40,$8.00,,,,
Sangster Elementary,5/23/2025,60041,Turkey Pepperoni Pizza(Slice),150,0,150,120,100,15,115,$78.20,0,0.00%,$0.00,$78.20,5,4.17%,$3.40,$81.60,,,,
Sangster Elementary,5/23/2025,60077,Manager's Vegetable Choice(1/4 cup),144,0,144,384,384,0,384,$0.00,0,0.00%,$0.00,$0.00,0,0.00%,$0.00,$0.00,,,,
Sangster Elementary,5/23/2025,60101,Chickpeas - salad bar entree(1/2 cup),33,0,33,33,33,0,33,$5.94,0,0.00%,$0.00,$5.94,0,0.00%,$0.00,$5.94,,,,
Sangster Elementary,5/23/2025,60150,Strawberry Parfait Power Pack(Power Pack),20,0,20,20,10,10,20,$32.60,0,0.00%,$0.00,$32.60,0,0.00%,$0.00,$32.60,,,,
Saratoga Elementary,5/23/2025,10044,Soft Pretzel(1 pretzel),9,0,9,10,7,0,7,$1.54,0,0.00%,$0.00,$1.54,3,30.00%,$0.66,$2.20,,,,
Saratoga Elementary,5/23/2025,20001,1% White Milk(Each),44,0,44,185,46,0,46,$16.56,0,0.00%,$0.00,$16.56,139,75.14%,$50.04,$66.60,,,,
Saratoga Elementary,5/23/2025,20002,Fat Free Chocolate Milk(Each),196,0,196,351,215,0,215,$75.25,0,0.00%,$0.00,$75.25,136,38.75%,$47.60,$122.85,,,,
Saratoga Elementary,5/23/2025,20015,Golden Delicious Apple(Each),0,0,0,150,145,0,145,$44.95,0,0.00%,$0.00,$44.95,5,3.33%,$1.55,$46.50,,,,
Saratoga Elementary,5/23/2025,20016,String Cheese(Each),5,0,5,5,0,0,0,$0.00,0,0.00%,$0.00,$0.00,5,100.00%,$0.00,$0.00,,,,
Saratoga Elementary,5/23/2025,20023,Baby Carrots(3 baby carrots per 1/4 cup),0,0,0,80,78,0,78,$7.02,2,2.50%,$0.18,$7.20,0,0.00%,$0.00,$7.20,,,,
Saratoga Elementary,5/23/2025,20028,Lettuce Blend Salad Mix(1/2 cup),108,0,108,120,105,0,105,$8.40,15,12.50%,$1.20,$9.60,0,0.00%,$0.00,$9.60,,,,
Saratoga Elementary,5/23/2025,20031,Banana(Each),36,0,36,26,26,0,26,$5.46,0,0.00%,$0.00,$5.46,0,0.00%,$0.00,$5.46,,,,
Saratoga Elementary,5/23/2025,20038,Fat Free White Milk(Each),9,0,9,64,6,0,6,$1.98,0,0.00%,$0.00,$1.98,58,90.63%,$19.14,$21.12,,,,
Saratoga Elementary,5/23/2025,20043,"Lactose Free, White Milk(Each)",0,0,0,4,4,0,4,$2.32,0,0.00%,$0.00,$2.32,0,0.00%,$0.00,$2.32,,,,
Saratoga Elementary,5/23/2025,20047,Orange Slices(3 slices per 1/4 cup),0,0,0,120,115,0,115,$23.00,0,0.00%,$0.00,$23.00,5,4.17%,$1.00,$24.00,,,,
Saratoga Elementary,5/23/2025,20052,Assorted  4 oz Yogurt(Container),5,0,5,5,0,0,0,$0.00,0,0.00%,$0.00,$0.00,5,100.00%,$0.00,$0.00,,,,
Saratoga Elementary,5/23/2025,30008,Apple Juice(Each),10,0,10,25,20,0,20,$3.40,0,0.00%,$0.00,$3.40,5,20.00%,$0.85,$4.25,,,,
Saratoga Elementary,5/23/2025,30024,Black Beans(1/2 Cup),37,0,37,51,41,0,41,$6.97,0,0.00%,$0.00,$6.97,10,19.61%,$1.70,$8.67,,,,
Saratoga Elementary,5/23/2025,30033,Cheez-Its Crackers(Package),36,0,36,26,26,0,26,$4.68,0,0.00%,$0.00,$4.68,0,0.00%,$0.00,$4.68,,,,
Saratoga Elementary,5/23/2025,30045,Watermelon Flavored Dried Cranberries(Each),10,0,10,66,60,0,60,$14.40,0,0.00%,$0.00,$14.40,6,9.09%,$1.44,$15.84,,,,
Saratoga Elementary,5/23/2025,30061,Chilled Mandarin Oranges(1/2 cup (drained)),37,0,37,27,27,0,27,$9.18,0,0.00%,$0.00,$9.18,0,0.00%,$0.00,$9.18,,,,
Saratoga Elementary,5/23/2025,30077,Italian Dressing(1 ounce),18,0,18,24,15,0,15,$1.20,0,0.00%,$0.00,$1.20,9,37.50%,$0.72,$1.92,,,,
Saratoga Elementary,5/23/2025,30097,Bottled Water(Bottle),25,0,25,0,0,0,0,$0.00,0,0.00%,$0.00,$0.00,0,0.00%,$0.00,$0.00,,,,
Saratoga Elementary,5/23/2025,30107,Ranch Dressing(1 ounce),35,0,35,50,38,0,38,$4.18,0,0.00%,$0.00,$4.18,12,24.00%,$1.32,$5.50,,,,
Saratoga Elementary,5/23/2025,30188,"Milk, Soy, Plain, Bulk (12/32 oz)(1 cup)",0,0,0,2,2,0,2,$1.58,0,0.00%,$0.00,$1.58,0,0.00%,$0.00,$1.58,,,,
Saratoga Elementary,5/23/2025,60035,PB&J Power Pack(Power Packs),60,0,60,89,66,2,68,$73.44,0,0.00%,$0.00,$73.44,21,23.60%,$22.68,$96.12,,,,
Saratoga Elementary,5/23/2025,60038,Peach Yogurt Power Pack(Power Packs),10,0,10,48,13,0,13,$10.40,0,0.00%,$0.00,$10.40,35,72.92%,$28.00,$38.40,,,,
Saratoga Elementary,5/23/2025,60041,Turkey Pepperoni Pizza(Slice),105,0,105,97,79,1,80,$54.40,2,2.06%,$1.36,$55.76,15,15.46%,$10.20,$65.96,,,,
Saratoga Elementary,5/23/2025,60077,Manager's Vegetable Choice(1/4 cup),54,0,54,60,40,0,40,$0.00,20,33.33%,$0.00,$0.00,0,0.00%,$0.00,$0.00,,,,
Saratoga Elementary,5/23/2025,60080,Cheese Pizza(Slice),212,0,212,216,200,4,204,$116.28,0,0.00%,$0.00,$116.28,12,5.56%,$6.84,$123.12,,,,
Saratoga Elementary,5/23/2025,60101,Chickpeas - salad bar entree(1/2 cup),9,0,9,2,2,0,2,$0.36,0,0.00%,$0.00,$0.36,0,0.00%,$0.00,$0.36,,,,
Shrevewood Elementary,5/23/2025,10044,Soft Pretzel(1 pretzel),16,0,16,0,0,0,0,$0.00,0,0.00%,$0.00,$0.00,0,0.00%,$0.00,$0.00,,,,
Shrevewood Elementary,5/23/2025,20001,1% White Milk(Each),70,0,70,64,37,0,37,$13.32,0,0.00%,$0.00,$13.32,27,42.19%,$9.72,$23.04,,,,
Shrevewood Elementary,5/23/2025,20002,Fat Free Chocolate Milk(Each),84,0,84,395,230,0,230,$80.50,0,0.00%,$0.00,$80.50,165,41.77%,$57.75,$138.25,,,,
Shrevewood Elementary,5/23/2025,20013,Gala Apple(Each),0,0,0,90,90,0,90,$33.30,0,0.00%,$0.00,$33.30,0,0.00%,$0.00,$33.30,,,,
Shrevewood Elementary,5/23/2025,20023,Baby Carrots(3 baby carrots per 1/4 cup),0,0,0,48,48,0,48,$4.32,0,0.00%,$0.00,$4.32,0,0.00%,$0.00,$4.32,,,,
Shrevewood Elementary,5/23/2025,20027,Broccoli Florets(1/4 cup),0,0,0,42,42,0,42,$3.36,0,0.00%,$0.00,$3.36,0,0.00%,$0.00,$3.36,,,,
Shrevewood Elementary,5/23/2025,20028,Lettuce Blend Salad Mix(1/2 cup),40,0,40,40,40,0,40,$3.20,0,0.00%,$0.00,$3.20,0,0.00%,$0.00,$3.20,,,,
Shrevewood Elementary,5/23/2025,20038,Fat Free White Milk(Each),3,0,3,12,3,0,3,$0.99,0,0.00%,$0.00,$0.99,9,75.00%,$2.97,$3.96,,,,
Shrevewood Elementary,5/23/2025,20043,"Lactose Free, White Milk(Each)",0,0,0,1,1,0,1,$0.58,0,0.00%,$0.00,$0.58,0,0.00%,$0.00,$0.58,,,,
Shrevewood Elementary,5/23/2025,20047,Orange Slices(3 slices per 1/4 cup),0,0,0,185,185,0,185,$37.00,0,0.00%,$0.00,$37.00,0,0.00%,$0.00,$37.00,,,,
Shrevewood Elementary,5/23/2025,20077,"Peppers, red, pre-sliced(1/2 cup sliced)",0,0,0,70,70,0,70,$39.20,0,0.00%,$0.00,$39.20,0,0.00%,$0.00,$39.20,,,,
Shrevewood Elementary,5/23/2025,30008,Apple Juice(Each),0,0,0,10,8,0,8,$1.36,0,0.00%,$0.00,$1.36,2,20.00%,$0.34,$1.70,,,,
Shrevewood Elementary,5/23/2025,30009,Orange Tangerine Juice(Each),0,0,0,10,8,0,8,$1.36,0,0.00%,$0.00,$1.36,2,20.00%,$0.34,$1.70,,,,
Shrevewood Elementary,5/23/2025,30024,Black Beans(1/2 Cup),17,0,17,48,48,0,48,$8.16,0,0.00%,$0.00,$8.16,0,0.00%,$0.00,$8.16,,,,
Shrevewood Elementary,5/23/2025,30033,Cheez-Its Crackers(Package),16,0,16,15,15,0,15,$2.70,0,0.00%,$0.00,$2.70,0,0.00%,$0.00,$2.70,,,,
Shrevewood Elementary,5/23/2025,30041,Orange Flavored Dried Cranberries(Each),35,0,35,50,40,0,40,$9.60,0,0.00%,$0.00,$9.60,10,20.00%,$2.40,$12.00,,,,
Shrevewood Elementary,5/23/2025,30061,Chilled Mandarin Oranges(1/2 cup (drained)),14,0,14,15,15,0,15,$5.10,0,0.00%,$0.00,$5.10,0,0.00%,$0.00,$5.10,,,,
Shrevewood Elementary,5/23/2025,30077,Italian Dressing(1 ounce),24,0,24,24,24,0,24,$1.92,0,0.00%,$0.00,$1.92,0,0.00%,$0.00,$1.92,,,,
Shrevewood Elementary,5/23/2025,30097,Bottled Water(Bottle),0,0,0,10,6,0,6,$0.96,0,0.00%,$0.00,$0.96,4,40.00%,$0.64,$1.60,,,,
Shrevewood Elementary,5/23/2025,30107,Ranch Dressing(1 ounce),48,0,48,48,48,0,48,$5.28,0,0.00%,$0.00,$5.28,0,0.00%,$0.00,$5.28,,,,
Shrevewood Elementary,5/23/2025,30112,Doritos RF Nacho Cheese(Each),0,0,0,76,68,0,68,$25.16,2,2.63%,$0.74,$25.90,6,7.89%,$2.22,$28.12,,,,
Shrevewood Elementary,5/23/2025,60035,PB&J Power Pack(Power Packs),34,0,34,30,25,5,30,$32.40,0,0.00%,$0.00,$32.40,0,0.00%,$0.00,$32.40,,,,
Shrevewood Elementary,5/23/2025,60037,Strawberry & Banana Yogurt Power Pack(Power Packs),8,0,8,12,11,0,11,$8.80,1,8.33%,$0.80,$9.60,0,0.00%,$0.00,$9.60,,,,
Shrevewood Elementary,5/23/2025,60041,Turkey Pepperoni Pizza(Slice),63,4,67,108,90,5,95,$64.60,13,12.04%,$8.84,$73.44,0,0.00%,$0.00,$73.44,,,,
Shrevewood Elementary,5/23/2025,60077,Manager's Vegetable Choice(1/4 cup),25,0,25,0,0,0,0,$0.00,0,0.00%,$0.00,$0.00,0,0.00%,$0.00,$0.00,,,,
Shrevewood Elementary,5/23/2025,60080,Cheese Pizza(Slice),95,0,95,157,140,6,146,$83.22,11,7.01%,$6.27,$89.49,0,0.00%,$0.00,$89.49,,,,
Shrevewood Elementary,5/23/2025,60101,Chickpeas - salad bar entree(1/2 cup),22,0,22,32,32,0,32,$5.76,0,0.00%,$0.00,$5.76,0,0.00%,$0.00,$5.76,,,,
Silverbrook Elementary,5/23/2025,10033,Chocolate Chip Cookie(1/2 Cookie),180,0,180,32,32,0,32,$4.48,0,0.00%,$0.00,$4.48,0,0.00%,$0.00,$4.48,,,,
Silverbrook Elementary,5/23/2025,10044,Soft Pretzel(1 pretzel),50,0,50,78,75,0,75,$16.50,0,0.00%,$0.00,$16.50,3,3.85%,$0.66,$17.16,,,,
Silverbrook Elementary,5/23/2025,10073,Whole Strawberries(1/2 cup thawed),120,0,120,48,42,0,42,$14.28,0,0.00%,$0.00,$14.28,6,12.50%,$2.04,$16.32,,,,
Silverbrook Elementary,5/23/2025,20001,1% White Milk(Each),36,0,36,63,32,0,32,$11.52,0,0.00%,$0.00,$11.52,31,49.21%,$11.16,$22.68,,,,
Silverbrook Elementary,5/23/2025,20002,Fat Free Chocolate Milk(Each),150,0,150,320,148,0,148,$51.80,0,0.00%,$0.00,$51.80,172,53.75%,$60.20,$112.00,,,,
Silverbrook Elementary,5/23/2025,20012,Grape Tomatoes(1/4 cup),0,0,0,72,72,0,72,$18.72,0,0.00%,$0.00,$18.72,0,0.00%,$0.00,$18.72,,,,
Silverbrook Elementary,5/23/2025,20013,Gala Apple(Each),0,0,0,50,47,0,47,$17.39,0,0.00%,$0.00,$17.39,3,6.00%,$1.11,$18.50,,,,
Silverbrook Elementary,5/23/2025,20016,String Cheese(Each),4,0,4,12,4,0,4,$0.88,0,0.00%,$0.00,$0.88,8,66.67%,$1.76,$2.64,,,,
Silverbrook Elementary,5/23/2025,20017,Orange(1/4 cup),0,0,0,238,229,0,229,$38.93,0,0.00%,$0.00,$38.93,9,3.78%,$1.53,$40.46,,,,
Silverbrook Elementary,5/23/2025,20027,Broccoli Florets(1/4 cup),0,0,0,147,137,0,137,$10.96,0,0.00%,$0.00,$10.96,10,6.80%,$0.80,$11.76,,,,
Silverbrook Elementary,5/23/2025,20028,Lettuce Blend Salad Mix(1/2 cup),144,0,144,160,157,0,157,$12.56,3,1.88%,$0.24,$12.80,0,0.00%,$0.00,$12.80,,,,
Silverbrook Elementary,5/23/2025,20038,Fat Free White Milk(Each),20,0,20,39,22,0,22,$7.26,0,0.00%,$0.00,$7.26,17,43.59%,$5.61,$12.87,,,,
Silverbrook Elementary,5/23/2025,20052,Assorted  4 oz Yogurt(Container),2,0,2,4,1,0,1,$0.00,0,0.00%,$0.00,$0.00,3,75.00%,$0.00,$0.00,,,,
Silverbrook Elementary,5/23/2025,30008,Apple Juice(Each),20,0,20,30,24,0,24,$4.08,0,0.00%,$0.00,$4.08,6,20.00%,$1.02,$5.10,,,,
Silverbrook Elementary,5/23/2025,30009,Orange Tangerine Juice(Each),15,0,15,30,19,0,19,$3.23,0,0.00%,$0.00,$3.23,11,36.67%,$1.87,$5.10,,,,
Silverbrook Elementary,5/23/2025,30024,Black Beans(1/2 Cup),6,0,6,6,6,0,6,$1.02,0,0.00%,$0.00,$1.02,0,0.00%,$0.00,$1.02,,,,
Silverbrook Elementary,5/23/2025,30030,Cheddar Chex Mix(Package),0,0,0,36,18,0,18,$8.10,0,0.00%,$0.00,$8.10,18,50.00%,$8.10,$16.20,,,,
Silverbrook Elementary,5/23/2025,30033,Cheez-Its Crackers(Package),0,0,0,48,31,0,31,$5.58,0,0.00%,$0.00,$5.58,17,35.42%,$3.06,$8.64,,,,
Silverbrook Elementary,5/23/2025,30039,Cherry Flavored Dried Cranberries(Each),60,0,60,68,56,0,56,$13.44,0,0.00%,$0.00,$13.44,12,17.65%,$2.88,$16.32,,,,
Silverbrook Elementary,5/23/2025,30042,Original Flavored Dried Cranberries(Package),20,0,20,48,42,0,42,$10.08,0,0.00%,$0.00,$10.08,6,12.50%,$1.44,$11.52,,,,
Silverbrook Elementary,5/23/2025,30061,Chilled Mandarin Oranges(1/2 cup (drained)),6,0,6,6,6,0,6,$2.04,0,0.00%,$0.00,$2.04,0,0.00%,$0.00,$2.04,,,,
Silverbrook Elementary,5/23/2025,30061,Chilled Mandarin Oranges(1/4 cup (drained)),120,0,120,200,182,0,182,$30.94,0,0.00%,$0.00,$30.94,18,9.00%,$3.06,$34.00,,,,
Silverbrook Elementary,5/23/2025,30077,Italian Dressing(1 ounce),30,0,30,72,51,0,51,$4.08,0,0.00%,$0.00,$4.08,21,29.17%,$1.68,$5.76,,,,
Silverbrook Elementary,5/23/2025,30097,Bottled Water(Bottle),10,0,10,20,9,0,9,$1.44,0,0.00%,$0.00,$1.44,11,55.00%,$1.76,$3.20,,,,
Silverbrook Elementary,5/23/2025,30099,Chickpeas(1/4 cup),24,0,24,33,25,0,25,$2.25,0,0.00%,$0.00,$2.25,8,24.24%,$0.72,$2.97,,,,
Silverbrook Elementary,5/23/2025,30107,Ranch Dressing(1 ounce),60,0,60,96,84,0,84,$9.24,0,0.00%,$0.00,$9.24,12,12.50%,$1.32,$10.56,,,,
Silverbrook Elementary,5/23/2025,60035,PB&J Power Pack(Power Packs),46,0,46,12,2,0,2,$2.16,0,0.00%,$0.00,$2.16,10,83.33%,$10.80,$12.96,,,,
Silverbrook Elementary,5/23/2025,60036,Cherry Vanilla Yogurt Power Pack(Power Packs),32,0,32,48,35,0,35,$28.00,0,0.00%,$0.00,$28.00,13,27.08%,$10.40,$38.40,,,,
Silverbrook Elementary,5/23/2025,60037,Strawberry & Banana Yogurt Power Pack(Power Packs),15,0,15,24,12,2,14,$11.20,0,0.00%,$0.00,$11.20,10,41.67%,$8.00,$19.20,,,,
Silverbrook Elementary,5/23/2025,60041,Turkey Pepperoni Pizza(Slice),81,0,81,87,69,2,71,$48.28,0,0.00%,$0.00,$48.28,16,18.39%,$10.88,$59.16,,,,
Silverbrook Elementary,5/23/2025,60043,BBQ Chicken Sandwich(Sandwich),0,0,0,6,6,0,6,$5.16,0,0.00%,$0.00,$5.16,0,0.00%,$0.00,$5.16,,,,
Silverbrook Elementary,5/23/2025,60077,Manager's Vegetable Choice(1/4 cup),165,0,165,240,216,0,216,$0.00,0,0.00%,$0.00,$0.00,24,10.00%,$0.00,$0.00,,,,
Silverbrook Elementary,5/23/2025,60080,Cheese Pizza(Slice),128,0,128,170,167,0,167,$95.19,0,0.00%,$0.00,$95.19,3,1.76%,$1.71,$96.90,,,,
Silverbrook Elementary,5/23/2025,60101,Chickpeas - salad bar entree(1/2 cup),24,0,24,32,16,0,16,$2.88,0,0.00%,$0.00,$2.88,16,50.00%,$2.88,$5.76,,,,
Silverbrook Elementary,5/23/2025,60122,Asian Meatball Sub(sandwich),0,0,0,10,10,0,10,$17.80,0,0.00%,$0.00,$17.80,0,0.00%,$0.00,$17.80,,,,
Silverbrook Elementary,5/23/2025,60150,Strawberry Parfait Power Pack(Power Pack),4,0,4,4,0,0,0,$0.00,0,0.00%,$0.00,$0.00,4,100.00%,$0.00,$0.00,,,,
Sleepy Hollow Elementary,5/23/2025,10033,Chocolate Chip Cookie(1/2 Cookie),0,0,0,7,7,0,7,$0.98,0,0.00%,$0.00,$0.98,0,0.00%,$0.00,$0.98,,,,
Sleepy Hollow Elementary,5/23/2025,10044,Soft Pretzel(1 pretzel),0,0,0,1,0,1,1,$0.00,0,0.00%,$0.00,$0.00,0,0.00%,$0.00,$0.00,,,,
Sleepy Hollow Elementary,5/23/2025,20001,1% White Milk(Each),142,0,142,215,116,0,116,$41.76,0,0.00%,$0.00,$41.76,99,46.05%,$35.64,$77.40,,,,
Sleepy Hollow Elementary,5/23/2025,20002,Fat Free Chocolate Milk(Each),125,0,125,25,15,0,15,$5.25,0,0.00%,$0.00,$5.25,10,40.00%,$3.50,$8.75,,,,
Sleepy Hollow Elementary,5/23/2025,20008,Apple Slices(3 slices per 1/4 cup),0,0,0,220,213,0,213,$125.67,0,0.00%,$0.00,$125.67,7,3.18%,$4.13,$129.80,,,,
Sleepy Hollow Elementary,5/23/2025,20011,Cherry Tomatoes(1/4 cup),117,0,117,180,176,0,176,$65.12,0,0.00%,$0.00,$65.12,4,2.22%,$1.48,$66.60,,,,
Sleepy Hollow Elementary,5/23/2025,20018,Red Seedless Grapes(8 grapes per 1/4 cup),147,0,147,220,215,0,215,$55.90,0,0.00%,$0.00,$55.90,5,2.27%,$1.30,$57.20,,,,
Sleepy Hollow Elementary,5/23/2025,20023,Baby Carrots(3 baby carrots per 1/4 cup),0,0,0,180,178,0,178,$16.02,0,0.00%,$0.00,$16.02,2,1.11%,$0.18,$16.20,,,,
Sleepy Hollow Elementary,5/23/2025,20027,Broccoli Florets(1/4 cup),0,0,0,80,79,0,79,$6.32,0,0.00%,$0.00,$6.32,1,1.25%,$0.08,$6.40,,,,
Sleepy Hollow Elementary,5/23/2025,20028,Lettuce Blend Salad Mix(1/2 cup),132,0,132,200,197,0,197,$15.76,0,0.00%,$0.00,$15.76,3,1.50%,$0.24,$16.00,,,,
Sleepy Hollow Elementary,5/23/2025,20038,Fat Free White Milk(Each),31,0,31,400,212,0,212,$69.96,0,0.00%,$0.00,$69.96,188,47.00%,$62.04,$132.00,,,,
Sleepy Hollow Elementary,5/23/2025,20047,Orange Slices(3 slices per 1/4 cup),0,0,0,200,191,0,191,$38.20,0,0.00%,$0.00,$38.20,9,4.50%,$1.80,$40.00,,,,
Sleepy Hollow Elementary,5/23/2025,30024,Black Beans(1/2 Cup),13,0,13,18,18,0,18,$3.06,0,0.00%,$0.00,$3.06,0,0.00%,$0.00,$3.06,,,,
Sleepy Hollow Elementary,5/23/2025,30039,Cherry Flavored Dried Cranberries(Each),100,0,100,80,55,0,55,$13.20,0,0.00%,$0.00,$13.20,25,31.25%,$6.00,$19.20,,,,
Sleepy Hollow Elementary,5/23/2025,30061,Chilled Mandarin Oranges(1/2 cup (drained)),14,0,14,18,18,0,18,$6.12,0,0.00%,$0.00,$6.12,0,0.00%,$0.00,$6.12,,,,
Sleepy Hollow Elementary,5/23/2025,30061,Chilled Mandarin Oranges(1/4 cup (drained)),80,0,80,80,78,0,78,$13.26,0,0.00%,$0.00,$13.26,2,2.50%,$0.34,$13.60,,,,
Sleepy Hollow Elementary,5/23/2025,30077,Italian Dressing(1 ounce),58,0,58,48,45,0,45,$3.60,0,0.00%,$0.00,$3.60,3,6.25%,$0.24,$3.84,,,,
Sleepy Hollow Elementary,5/23/2025,30094,Doritos Wild White Nacho Flavored Tortilla Chips(Bag),0,0,0,12,12,0,12,$4.20,0,0.00%,$0.00,$4.20,0,0.00%,$0.00,$4.20,,,,
Sleepy Hollow Elementary,5/23/2025,30099,Chickpeas(1/4 cup),43,0,43,80,79,0,79,$7.11,0,0.00%,$0.00,$7.11,1,1.25%,$0.09,$7.20,,,,
Sleepy Hollow Elementary,5/23/2025,30107,Ranch Dressing(1 ounce),70,0,70,72,72,0,72,$7.92,0,0.00%,$0.00,$7.92,0,0.00%,$0.00,$7.92,,,,
Sleepy Hollow Elementary,5/23/2025,60035,PB&J Power Pack(Power Packs),57,3,60,50,46,0,46,$49.68,0,0.00%,$0.00,$49.68,4,8.00%,$4.32,$54.00,,,,
Sleepy Hollow Elementary,5/23/2025,60036,Cherry Vanilla Yogurt Power Pack(Power Packs),9,0,9,10,2,0,2,$1.60,0,0.00%,$0.00,$1.60,8,80.00%,$6.40,$8.00,,,,
Sleepy Hollow Elementary,5/23/2025,60041,Turkey Pepperoni Pizza(Slice),164,6,170,200,183,7,190,$129.20,0,0.00%,$0.00,$129.20,10,5.00%,$6.80,$136.00,,,,
Sleepy Hollow Elementary,5/23/2025,60077,Manager's Vegetable Choice(1/4 cup),66,0,66,120,119,0,119,$0.00,0,0.00%,$0.00,$0.00,1,0.83%,$0.00,$0.00,,,,
Sleepy Hollow Elementary,5/23/2025,60080,Cheese Pizza(Slice),137,2,139,140,134,2,136,$77.52,0,0.00%,$0.00,$77.52,4,2.86%,$2.28,$79.80,,,,
Sleepy Hollow Elementary,5/23/2025,60101,Chickpeas - salad bar entree(1/2 cup),0,0,0,1,0,1,1,$0.00,0,0.00%,$0.00,$0.00,0,0.00%,$0.00,$0.00,,,,
South County Middle,5/23/2025,10015,Baked Cheese Sticks(2 Cheese Sticks),0,0,0,8,8,0,8,$5.28,0,0.00%,$0.00,$5.28,0,0.00%,$0.00,$5.28,,,,
South County Middle,5/23/2025,10033,Chocolate Chip Cookie(Cookie),262,0,262,300,291,0,291,$78.57,0,0.00%,$0.00,$78.57,9,3.00%,$2.43,$81.00,,,,
South County Middle,5/23/2025,10044,Soft Pretzel(1 pretzel),4,0,4,2,2,0,2,$0.44,0,0.00%,$0.00,$0.44,0,0.00%,$0.00,$0.44,,,,
South County Middle,5/23/2025,10062,Corn(1/2 cup (cooked)),0,0,0,50,40,0,40,$8.40,0,0.00%,$0.00,$8.40,10,20.00%,$2.10,$10.50,,,,
South County Middle,5/23/2025,10070,Orange Sauce(ounce),50,0,50,13,12,0,12,$1.68,0,0.00%,$0.00,$1.68,1,7.69%,$0.14,$1.82,,,,
South County Middle,5/23/2025,10075,Cheese Pizza(Slice),62,0,62,115,84,2,86,$49.02,1,0.87%,$0.57,$49.59,28,24.35%,$15.96,$65.55,,,,
South County Middle,5/23/2025,20001,1% White Milk(Each),36,0,36,84,45,0,45,$16.20,0,0.00%,$0.00,$16.20,39,46.43%,$14.04,$30.24,,,,
South County Middle,5/23/2025,20002,Fat Free Chocolate Milk(Each),121,0,121,454,115,0,115,$40.25,0,0.00%,$0.00,$40.25,339,74.67%,$118.65,$158.90,,,,
South County Middle,5/23/2025,20008,Apple Slices(3 slices per 1/4 cup),0,0,0,262,258,0,258,$152.22,0,0.00%,$0.00,$152.22,4,1.53%,$2.36,$154.58,,,,
South County Middle,5/23/2025,20012,Grape Tomatoes(1/4 cup),0,0,0,36,35,0,35,$9.10,0,0.00%,$0.00,$9.10,1,2.78%,$0.26,$9.36,,,,
South County Middle,5/23/2025,20015,Golden Delicious Apple(Each),0,0,0,165,114,0,114,$35.34,0,0.00%,$0.00,$35.34,51,30.91%,$15.81,$51.15,,,,
South County Middle,5/23/2025,20018,Red Seedless Grapes(8 grapes per 1/4 cup),151,0,151,184,184,0,184,$47.84,0,0.00%,$0.00,$47.84,0,0.00%,$0.00,$47.84,,,,
South County Middle,5/23/2025,20023,Baby Carrots(3 baby carrots per 1/4 cup),0,0,0,72,60,0,60,$5.40,0,0.00%,$0.00,$5.40,12,16.67%,$1.08,$6.48,,,,
South County Middle,5/23/2025,20028,Lettuce Blend Salad Mix(1/2 cup),67,0,67,90,90,0,90,$7.20,0,0.00%,$0.00,$7.20,0,0.00%,$0.00,$7.20,,,,
South County Middle,5/23/2025,20030,Sour Cream(2 Tablespoons),34,0,34,50,38,0,38,$5.70,0,0.00%,$0.00,$5.70,12,24.00%,$1.80,$7.50,,,,
South County Middle,5/23/2025,20038,Fat Free White Milk(Each),5,0,5,60,7,0,7,$2.31,0,0.00%,$0.00,$2.31,53,88.33%,$17.49,$19.80,,,,
South County Middle,5/23/2025,20076,"Peppers, green, pre-sliced(1/2 cup sliced)",0,0,0,105,35,0,35,$10.50,0,0.00%,$0.00,$10.50,70,66.67%,$21.00,$31.50,,,,
South County Middle,5/23/2025,30011,"Salsa, Mild Canned(1.5 oz)",34,0,34,50,38,0,38,$3.80,0,0.00%,$0.00,$3.80,12,24.00%,$1.20,$5.00,,,,
South County Middle,5/23/2025,30018,Marinara Sauce(1/2 cup),0,0,0,8,8,0,8,$2.32,0,0.00%,$0.00,$2.32,0,0.00%,$0.00,$2.32,,,,
South County Middle,5/23/2025,30020,Applesauce(1/2 Cup),0,0,0,4,4,0,4,$0.84,0,0.00%,$0.00,$0.84,0,0.00%,$0.00,$0.84,,,,
South County Middle,5/23/2025,30024,Black Beans(1/2 Cup),0,0,0,49,33,0,33,$5.61,0,0.00%,$0.00,$5.61,16,32.65%,$2.72,$8.33,,,,
South County Middle,5/23/2025,30061,Chilled Mandarin Oranges(1/4 cup (drained)),182,0,182,168,162,0,162,$27.54,0,0.00%,$0.00,$27.54,6,3.57%,$1.02,$28.56,,,,
South County Middle,5/23/2025,30063,Ketchup Packet(Packet),304,0,304,350,331,0,331,$9.93,0,0.00%,$0.00,$9.93,19,5.43%,$0.57,$10.50,,,,
South County Middle,5/23/2025,30064,Mayonnaise Packet(Packet),62,0,62,80,57,0,57,$5.70,0,0.00%,$0.00,$5.70,23,28.75%,$2.30,$8.00,,,,
South County Middle,5/23/2025,30065,Mustard Packet(Packet),21,0,21,50,21,0,21,$1.05,0,0.00%,$0.00,$1.05,29,58.00%,$1.45,$2.50,,,,
South County Middle,5/23/2025,30068,Chilled Peaches(1/2 cup (drained)),0,0,0,5,5,0,5,$2.55,0,0.00%,$0.00,$2.55,0,0.00%,$0.00,$2.55,,,,
South County Middle,5/23/2025,30077,Italian Dressing(1 ounce),8,0,8,50,7,0,7,$0.56,0,0.00%,$0.00,$0.56,43,86.00%,$3.44,$4.00,,,,
South County Middle,5/23/2025,30097,Bottled Water(Bottle),85,0,85,100,91,0,91,$14.56,0,0.00%,$0.00,$14.56,9,9.00%,$1.44,$16.00,,,,
South County Middle,5/23/2025,30099,Chickpeas(1/4 cup),14,0,14,8,6,0,6,$0.54,0,0.00%,$0.00,$0.54,2,25.00%,$0.18,$0.72,,,,
South County Middle,5/23/2025,30102,1% Unflavored Shelf-Stable Milk(Each),0,0,0,9,2,0,2,$0.76,0,0.00%,$0.00,$0.76,7,77.78%,$2.66,$3.42,,,,
South County Middle,5/23/2025,30107,Ranch Dressing(1 ounce),68,0,68,80,66,0,66,$7.26,0,0.00%,$0.00,$7.26,14,17.50%,$1.54,$8.80,,,,
South County Middle,5/23/2025,30113,Cool Ranch Reduced Fat Doritos(Each),59,0,59,80,71,0,71,$26.27,0,0.00%,$0.00,$26.27,9,11.25%,$3.33,$29.60,,,,
South County Middle,5/23/2025,30114,SS Baked Cheetos Flaming Hot(Each),57,0,57,80,70,0,70,$37.10,0,0.00%,$0.00,$37.10,10,12.50%,$5.30,$42.40,,,,
South County Middle,5/23/2025,30124,"Fruit Snacks, Welch's Mixed(Each)",39,0,39,50,45,0,45,$18.00,0,0.00%,$0.00,$18.00,5,10.00%,$2.00,$20.00,,,,
South County Middle,5/23/2025,60007,Cheeseburger(Sandwich),0,0,0,1,1,0,1,$0.73,0,0.00%,$0.00,$0.73,0,0.00%,$0.00,$0.73,,,,
South County Middle,5/23/2025,60020,"Quesadilla, Turkey Barbacoa and Cheese(Quesadilla)",92,0,92,78,60,9,69,$84.18,0,0.00%,$0.00,$84.18,9,11.54%,$10.98,$95.16,,,,
South County Middle,5/23/2025,60035,PB&J Power Pack(Power Packs),18,0,18,45,27,8,35,$37.80,0,0.00%,$0.00,$37.80,10,22.22%,$10.80,$48.60,,,,
South County Middle,5/23/2025,60037,Strawberry & Banana Yogurt Power Pack(Power Packs),2,0,2,9,7,0,7,$5.60,0,0.00%,$0.00,$5.60,2,22.22%,$1.60,$7.20,,,,
South County Middle,5/23/2025,60041,Turkey Pepperoni Pizza(Slice),52,0,52,80,54,6,60,$40.80,0,0.00%,$0.00,$40.80,20,25.00%,$13.60,$54.40,,,,
South County Middle,5/23/2025,60050,Chickenless Bites(2 Bites),0,0,0,73,55,13,68,$25.84,0,0.00%,$0.00,$25.84,5,6.85%,$1.90,$27.74,,,,
South County Middle,5/23/2025,60063,Chicken & Vegetable Dumplings(6 dumplings),80,0,80,15,12,2,14,$0.00,0,0.00%,$0.00,$0.00,1,6.67%,$0.00,$0.00,,,,
South County Middle,5/23/2025,60072,Spicy Breaded Chicken Patty on Bun(Sandwich),0,0,0,120,120,0,120,$90.00,0,0.00%,$0.00,$90.00,0,0.00%,$0.00,$90.00,,,,
South County Middle,5/23/2025,60075,Spicy Chicken Wrap(Wrap),16,0,16,29,19,5,24,$28.08,0,0.00%,$0.00,$28.08,5,17.24%,$5.85,$33.93,,,,
South County Middle,5/23/2025,60101,Chickpeas - salad bar entree(1/2 cup),6,0,6,2,2,0,2,$0.36,0,0.00%,$0.00,$0.36,0,0.00%,$0.00,$0.36,,,,
South County Middle,5/23/2025,60150,Strawberry Parfait Power Pack(Power Pack),6,0,6,1,1,0,1,$1.63,0,0.00%,$0.00,$1.63,0,0.00%,$0.00,$1.63,,,,
South Lakes High,5/23/2025,10033,Chocolate Chip Cookie(Cookie),384,0,384,279,279,0,279,$75.33,0,0.00%,$0.00,$75.33,0,0.00%,$0.00,$75.33,,,,
South Lakes High,5/23/2025,10044,Soft Pretzel(1 pretzel),44,0,44,22,11,0,11,$2.42,0,0.00%,$0.00,$2.42,11,50.00%,$2.42,$4.84,,,,
South Lakes High,5/23/2025,10070,Orange Sauce(ounce),75,0,75,56,45,3,48,$6.72,8,14.29%,$1.12,$7.84,0,0.00%,$0.00,$7.84,,,,
South Lakes High,5/23/2025,10075,Cheese Pizza(Slice),144,0,144,180,168,1,169,$96.33,11,6.11%,$6.27,$102.60,0,0.00%,$0.00,$102.60,,,,
South Lakes High,5/23/2025,20001,1% White Milk(Each),50,0,50,93,44,0,44,$15.84,0,0.00%,$0.00,$15.84,49,52.69%,$17.64,$33.48,,,,
South Lakes High,5/23/2025,20002,Fat Free Chocolate Milk(Each),400,0,400,346,270,0,270,$94.50,0,0.00%,$0.00,$94.50,76,21.97%,$26.60,$121.10,,,,
South Lakes High,5/23/2025,20011,Cherry Tomatoes(1/4 cup),200,0,200,172,138,0,138,$51.06,0,0.00%,$0.00,$51.06,34,19.77%,$12.58,$63.64,,,,
South Lakes High,5/23/2025,20016,String Cheese(Each),15,0,15,15,9,0,9,$1.98,0,0.00%,$0.00,$1.98,6,40.00%,$1.32,$3.30,,,,
South Lakes High,5/23/2025,20018,Red Seedless Grapes(8 grapes per 1/4 cup),535,0,535,582,582,0,582,$151.32,0,0.00%,$0.00,$151.32,0,0.00%,$0.00,$151.32,,,,
South Lakes High,5/23/2025,20028,Lettuce Blend Salad Mix(1/2 cup),200,0,200,150,140,0,140,$11.20,10,6.67%,$0.80,$12.00,0,0.00%,$0.00,$12.00,,,,
South Lakes High,5/23/2025,20030,Sour Cream(2 Tablespoons),30,0,30,30,26,0,26,$3.90,4,13.33%,$0.60,$4.50,0,0.00%,$0.00,$4.50,,,,
South Lakes High,5/23/2025,20038,Fat Free White Milk(Each),25,0,25,62,17,0,17,$5.61,0,0.00%,$0.00,$5.61,45,72.58%,$14.85,$20.46,,,,
South Lakes High,5/23/2025,20052,Assorted  4 oz Yogurt(Container),3,0,3,3,0,0,0,$0.00,0,0.00%,$0.00,$0.00,3,100.00%,$0.00,$0.00,,,,
South Lakes High,5/23/2025,30008,Apple Juice(Each),20,0,20,20,10,0,10,$1.70,0,0.00%,$0.00,$1.70,10,50.00%,$1.70,$3.40,,,,
South Lakes High,5/23/2025,30009,Orange Tangerine Juice(Each),20,0,20,20,3,0,3,$0.51,0,0.00%,$0.00,$0.51,17,85.00%,$2.89,$3.40,,,,
South Lakes High,5/23/2025,30011,"Salsa, Mild Canned(1.5 oz)",30,0,30,30,22,0,22,$2.20,8,26.67%,$0.80,$3.00,0,0.00%,$0.00,$3.00,,,,
South Lakes High,5/23/2025,30033,Cheez-Its Crackers(Package),15,0,15,15,4,0,4,$0.72,0,0.00%,$0.00,$0.72,11,73.33%,$1.98,$2.70,,,,
South Lakes High,5/23/2025,30041,Orange Flavored Dried Cranberries(Each),190,0,190,250,219,0,219,$52.56,0,0.00%,$0.00,$52.56,31,12.40%,$7.44,$60.00,,,,
South Lakes High,5/23/2025,30061,Chilled Mandarin Oranges(1/4 cup (drained)),294,0,294,336,336,0,336,$57.12,0,0.00%,$0.00,$57.12,0,0.00%,$0.00,$57.12,,,,
South Lakes High,5/23/2025,30063,Ketchup Packet(Packet),900,0,900,700,450,0,450,$13.50,0,0.00%,$0.00,$13.50,250,35.71%,$7.50,$21.00,,,,
South Lakes High,5/23/2025,30064,Mayonnaise Packet(Packet),200,0,200,200,175,0,175,$17.50,0,0.00%,$0.00,$17.50,25,12.50%,$2.50,$20.00,,,,
South Lakes High,5/23/2025,30065,Mustard Packet(Packet),75,0,75,75,21,0,21,$1.05,0,0.00%,$0.00,$1.05,54,72.00%,$2.70,$3.75,,,,
South Lakes High,5/23/2025,30077,Italian Dressing(1 ounce),48,0,48,48,36,0,36,$2.88,0,0.00%,$0.00,$2.88,12,25.00%,$0.96,$3.84,,,,
South Lakes High,5/23/2025,30097,Bottled Water(Bottle),100,0,100,100,74,0,74,$11.84,0,0.00%,$0.00,$11.84,26,26.00%,$4.16,$16.00,,,,
South Lakes High,5/23/2025,30099,Chickpeas(1/4 cup),99,0,99,66,49,0,49,$4.41,17,25.76%,$1.53,$5.94,0,0.00%,$0.00,$5.94,,,,
South Lakes High,5/23/2025,30107,Ranch Dressing(1 ounce),216,0,216,216,168,0,168,$18.48,0,0.00%,$0.00,$18.48,48,22.22%,$5.28,$23.76,,,,
South Lakes High,5/23/2025,30109,Smartfood RF White Cheddar Popcorn(Each),20,0,20,0,0,0,0,$0.00,0,0.00%,$0.00,$0.00,0,0.00%,$0.00,$0.00,,,,
South Lakes High,5/23/2025,30110,Doritos Flamas(Each),50,0,50,50,24,0,24,$8.88,0,0.00%,$0.00,$8.88,26,52.00%,$9.62,$18.50,,,,
South Lakes High,5/23/2025,30111,Doritos RF Spicy Sweet Chili(Each),30,0,30,17,8,0,8,$2.96,0,0.00%,$0.00,$2.96,9,52.94%,$3.33,$6.29,,,,
South Lakes High,5/23/2025,30112,Doritos RF Nacho Cheese(Each),30,0,30,25,11,0,11,$4.07,0,0.00%,$0.00,$4.07,14,56.00%,$5.18,$9.25,,,,
South Lakes High,5/23/2025,30113,Cool Ranch Reduced Fat Doritos(Each),30,0,30,25,9,0,9,$3.33,0,0.00%,$0.00,$3.33,16,64.00%,$5.92,$9.25,,,,
South Lakes High,5/23/2025,30114,SS Baked Cheetos Flaming Hot(Each),50,0,50,32,18,0,18,$9.54,0,0.00%,$0.00,$9.54,14,43.75%,$7.42,$16.96,,,,
South Lakes High,5/23/2025,30115,SS Baked Cheetos Flaming Limon(Each),30,0,30,9,7,0,7,$2.73,0,0.00%,$0.00,$2.73,2,22.22%,$0.78,$3.51,,,,
South Lakes High,5/23/2025,30116,SS Cheetos Fantastix Flaming Hot(Each),20,0,20,11,7,0,7,$2.73,0,0.00%,$0.00,$2.73,4,36.36%,$1.56,$4.29,,,,
South Lakes High,5/23/2025,30117,WG Baked Funyuns(Each),15,0,15,15,4,0,4,$1.44,0,0.00%,$0.00,$1.44,11,73.33%,$3.96,$5.40,,,,
South Lakes High,5/23/2025,30118,Kettle Cooked Smoky BBQ Chips(Each),30,0,30,20,3,0,3,$1.80,0,0.00%,$0.00,$1.80,17,85.00%,$10.20,$12.00,,,,
South Lakes High,5/23/2025,30119,RF Kettle Chips Jalapeno & Cheddar Chips(Each),35,0,35,35,14,0,14,$8.40,0,0.00%,$0.00,$8.40,21,60.00%,$12.60,$21.00,,,,
South Lakes High,5/23/2025,30120,RF Kettle Chips Sea Salt & Vinegar Chips(Each),70,0,70,70,47,0,47,$28.20,2,2.86%,$1.20,$29.40,21,30.00%,$12.60,$42.00,,,,
South Lakes High,5/23/2025,30124,"Fruit Snacks, Welch's Mixed(Each)",80,0,80,80,53,0,53,$21.20,0,0.00%,$0.00,$21.20,27,33.75%,$10.80,$32.00,,,,
South Lakes High,5/23/2025,30160,Lay's RF Kettle Original Chips(Each),30,0,30,20,13,0,13,$7.80,0,0.00%,$0.00,$7.80,7,35.00%,$4.20,$12.00,,,,
South Lakes High,5/23/2025,60035,PB&J Power Pack(Power Packs),200,0,200,310,280,4,284,$306.72,0,0.00%,$0.00,$306.72,26,8.39%,$28.08,$334.80,,,,
South Lakes High,5/23/2025,60036,Cherry Vanilla Yogurt Power Pack(Power Packs),11,0,11,4,3,0,3,$2.40,0,0.00%,$0.00,$2.40,1,25.00%,$0.80,$3.20,,,,
South Lakes High,5/23/2025,60037,Strawberry & Banana Yogurt Power Pack(Power Packs),11,0,11,11,6,0,6,$4.80,0,0.00%,$0.00,$4.80,5,45.45%,$4.00,$8.80,,,,
South Lakes High,5/23/2025,60038,Peach Yogurt Power Pack(Power Packs),11,0,11,7,2,0,2,$1.60,0,0.00%,$0.00,$1.60,5,71.43%,$4.00,$5.60,,,,
South Lakes High,5/23/2025,60041,Turkey Pepperoni Pizza(Slice),144,0,144,162,151,1,152,$103.36,10,6.17%,$6.80,$110.16,0,0.00%,$0.00,$110.16,,,,
South Lakes High,5/23/2025,60064,Vegetable Dumpling(6 dumplings),0,0,0,56,45,3,48,$0.00,8,14.29%,$0.00,$0.00,0,0.00%,$0.00,$0.00,,,,
South Lakes High,5/23/2025,60075,Spicy Chicken Wrap(Wrap),25,0,25,55,53,1,54,$63.18,1,1.82%,$1.17,$64.35,0,0.00%,$0.00,$64.35,,,,
South Lakes High,5/23/2025,60077,Manager's Vegetable Choice(1/4 cup),184,0,184,184,184,0,184,$0.00,0,0.00%,$0.00,$0.00,0,0.00%,$0.00,$0.00,,,,
South Lakes High,5/23/2025,60129,"Quesadilla, Chicken & Cheese (Shred Chicken) 6 in Tortilla(Quesadilla)",0,0,0,42,35,3,38,$33.44,4,9.52%,$3.52,$36.96,0,0.00%,$0.00,$36.96,,,,
Spring Hill Elementary,5/23/2025,10044,Soft Pretzel(1 pretzel),100,0,100,50,44,0,44,$9.68,0,0.00%,$0.00,$9.68,6,12.00%,$1.32,$11.00,,,,
Spring Hill Elementary,5/23/2025,20001,1% White Milk(Each),98,0,98,80,55,0,55,$19.80,0,0.00%,$0.00,$19.80,25,31.25%,$9.00,$28.80,,,,
Spring Hill Elementary,5/23/2025,20002,Fat Free Chocolate Milk(Each),320,0,320,315,298,0,298,$104.30,0,0.00%,$0.00,$104.30,17,5.40%,$5.95,$110.25,,,,
Spring Hill Elementary,5/23/2025,20011,Cherry Tomatoes(1/4 cup),91,0,91,72,69,0,69,$25.53,0,0.00%,$0.00,$25.53,3,4.17%,$1.11,$26.64,,,,
Spring Hill Elementary,5/23/2025,20014,Red Delicious Apple(Each - serving),0,0,0,220,218,0,218,$71.94,0,0.00%,$0.00,$71.94,2,0.91%,$0.66,$72.60,,,,
Spring Hill Elementary,5/23/2025,20016,String Cheese(Each),20,0,20,0,0,0,0,$0.00,0,0.00%,$0.00,$0.00,0,0.00%,$0.00,$0.00,,,,
Spring Hill Elementary,5/23/2025,20017,Orange(1/4 cup),0,0,0,170,167,0,167,$28.39,0,0.00%,$0.00,$28.39,3,1.76%,$0.51,$28.90,,,,
Spring Hill Elementary,5/23/2025,20018,Red Seedless Grapes(8 grapes per 1/4 cup),137,0,137,230,226,0,226,$58.76,0,0.00%,$0.00,$58.76,4,1.74%,$1.04,$59.80,,,,
Spring Hill Elementary,5/23/2025,20023,Baby Carrots(3 baby carrots per 1/4 cup),0,0,0,144,142,0,142,$12.78,0,0.00%,$0.00,$12.78,2,1.39%,$0.18,$12.96,,,,
Spring Hill Elementary,5/23/2025,20027,Broccoli Florets(1/4 cup),0,0,0,84,79,0,79,$6.32,0,0.00%,$0.00,$6.32,5,5.95%,$0.40,$6.72,,,,
Spring Hill Elementary,5/23/2025,20028,Lettuce Blend Salad Mix(1/2 cup),172,0,172,200,198,0,198,$15.84,0,0.00%,$0.00,$15.84,2,1.00%,$0.16,$16.00,,,,
Spring Hill Elementary,5/23/2025,20031,Banana(Each),0,0,0,30,30,0,30,$6.30,0,0.00%,$0.00,$6.30,0,0.00%,$0.00,$6.30,,,,
Spring Hill Elementary,5/23/2025,20038,Fat Free White Milk(Each),60,0,60,50,33,0,33,$10.89,0,0.00%,$0.00,$10.89,17,34.00%,$5.61,$16.50,,,,
Spring Hill Elementary,5/23/2025,30008,Apple Juice(Each),30,0,30,50,50,0,50,$8.50,0,0.00%,$0.00,$8.50,0,0.00%,$0.00,$8.50,,,,
Spring Hill Elementary,5/23/2025,30009,Orange Tangerine Juice(Each),30,0,30,50,49,0,49,$8.33,0,0.00%,$0.00,$8.33,1,2.00%,$0.17,$8.50,,,,
Spring Hill Elementary,5/23/2025,30024,Black Beans(1/2 Cup),0,0,0,0,0,0,0,$0.00,0,0.00%,$0.00,$0.00,0,0.00%,$0.00,$0.00,,,,
Spring Hill Elementary,5/23/2025,30044,Strawberry Flavored Dried Cranberries(Each),88,0,88,120,120,0,120,$28.80,0,0.00%,$0.00,$28.80,0,0.00%,$0.00,$28.80,,,,
Spring Hill Elementary,5/23/2025,30061,Chilled Mandarin Oranges(1/2 cup (drained)),0,0,0,0,0,0,0,$0.00,0,0.00%,$0.00,$0.00,0,0.00%,$0.00,$0.00,,,,
Spring Hill Elementary,5/23/2025,30061,Chilled Mandarin Oranges(1/4 cup (drained)),40,0,40,84,84,0,84,$14.28,0,0.00%,$0.00,$14.28,0,0.00%,$0.00,$14.28,,,,
Spring Hill Elementary,5/23/2025,30077,Italian Dressing(1 ounce),80,0,80,24,16,0,16,$1.28,0,0.00%,$0.00,$1.28,8,33.33%,$0.64,$1.92,,,,
Spring Hill Elementary,5/23/2025,30097,Bottled Water(Bottle),30,0,30,25,21,0,21,$3.36,0,0.00%,$0.00,$3.36,4,16.00%,$0.64,$4.00,,,,
Spring Hill Elementary,5/23/2025,30098,Wheat Thins(Package),0,0,0,115,113,0,113,$53.11,0,0.00%,$0.00,$53.11,2,1.74%,$0.94,$54.05,,,,
Spring Hill Elementary,5/23/2025,30099,Chickpeas(1/2 cup),0,0,0,32,32,0,32,$5.76,0,0.00%,$0.00,$5.76,0,0.00%,$0.00,$5.76,,,,
Spring Hill Elementary,5/23/2025,30107,Ranch Dressing(1 ounce),130,0,130,48,44,0,44,$4.84,0,0.00%,$0.00,$4.84,4,8.33%,$0.44,$5.28,,,,
Spring Hill Elementary,5/23/2025,60034,Mandarin Orange Parfait(Parfait),10,0,10,5,4,0,4,$3.96,0,0.00%,$0.00,$3.96,1,20.00%,$0.99,$4.95,,,,
Spring Hill Elementary,5/23/2025,60035,PB&J Power Pack(Power Packs),120,0,120,80,74,0,74,$79.92,0,0.00%,$0.00,$79.92,6,7.50%,$6.48,$86.40,,,,
Spring Hill Elementary,5/23/2025,60036,Cherry Vanilla Yogurt Power Pack(Power Packs),30,0,30,25,21,0,21,$16.80,0,0.00%,$0.00,$16.80,4,16.00%,$3.20,$20.00,,,,
Spring Hill Elementary,5/23/2025,60037,Strawberry & Banana Yogurt Power Pack(Power Packs),20,0,20,25,20,0,20,$16.00,0,0.00%,$0.00,$16.00,5,20.00%,$4.00,$20.00,,,,
Spring Hill Elementary,5/23/2025,60041,Turkey Pepperoni Pizza(Slice),200,0,200,115,109,0,109,$74.12,2,1.74%,$1.36,$75.48,4,3.48%,$2.72,$78.20,,,,
Spring Hill Elementary,5/23/2025,60080,Cheese Pizza(Slice),200,0,200,260,255,0,255,$145.35,3,1.15%,$1.71,$147.06,2,0.77%,$1.14,$148.20,,,,
Spring Hill Elementary,5/23/2025,60101,Chickpeas - salad bar entree(1/2 cup),10,0,10,10,5,0,5,$0.90,0,0.00%,$0.00,$0.90,5,50.00%,$0.90,$1.80,,,,
Spring Hill Elementary,5/23/2025,60122,Asian Meatball Sub(sandwich),0,0,0,15,14,0,14,$24.92,1,6.67%,$1.78,$26.70,0,0.00%,$0.00,$26.70,,,,
Springfield Estates Elementary,5/23/2025,10023,Blueberry Bread(1oz Grain (1/64 Baked Pan)),0,0,0,3,0,3,3,$0.00,0,0.00%,$0.00,$0.00,0,0.00%,$0.00,$0.00,,,,
Springfield Estates Elementary,5/23/2025,10041,Mini Maple Pancakes(Package),0,0,0,2,0,2,2,$0.00,0,0.00%,$0.00,$0.00,0,0.00%,$0.00,$0.00,,,,
Springfield Estates Elementary,5/23/2025,10044,Soft Pretzel(1 pretzel),46,0,46,10,7,0,7,$1.54,0,0.00%,$0.00,$1.54,3,30.00%,$0.66,$2.20,,,,
Springfield Estates Elementary,5/23/2025,10053,Turkey Barbacoa(#10 scoop),0,0,0,1,1,0,1,$0.78,0,0.00%,$0.00,$0.78,0,0.00%,$0.00,$0.78,,,,
Springfield Estates Elementary,5/23/2025,10062,Corn(1/2 cup (cooked)),0,0,0,32,32,0,32,$6.72,0,0.00%,$0.00,$6.72,0,0.00%,$0.00,$6.72,,,,
Springfield Estates Elementary,5/23/2025,10074,"Frozen Berry, Triple Berry Blend(1/2 cup (thawed))",0,0,0,144,144,0,144,$4.32,0,0.00%,$0.00,$4.32,0,0.00%,$0.00,$4.32,,,,
Springfield Estates Elementary,5/23/2025,10075,Cheese Pizza(Slice),0,0,0,0,0,0,0,$0.00,0,0.00%,$0.00,$0.00,0,0.00%,$0.00,$0.00,,,,
Springfield Estates Elementary,5/23/2025,20001,1% White Milk(Each),42,0,42,55,47,1,48,$17.28,0,0.00%,$0.00,$17.28,7,12.73%,$2.52,$19.80,,,,
Springfield Estates Elementary,5/23/2025,20002,Fat Free Chocolate Milk(Each),146,0,146,207,168,0,168,$58.80,0,0.00%,$0.00,$58.80,39,18.84%,$13.65,$72.45,,,,
Springfield Estates Elementary,5/23/2025,20015,Golden Delicious Apple(Each),0,0,0,140,140,0,140,$43.40,0,0.00%,$0.00,$43.40,0,0.00%,$0.00,$43.40,,,,
Springfield Estates Elementary,5/23/2025,20016,String Cheese(Each),1,0,1,3,0,3,3,$0.00,0,0.00%,$0.00,$0.00,0,0.00%,$0.00,$0.00,,,,
Springfield Estates Elementary,5/23/2025,20023,Baby Carrots(6 Baby Carrots per 1/2 cup),0,0,0,70,60,0,60,$10.20,0,0.00%,$0.00,$10.20,10,14.29%,$1.70,$11.90,,,,
Springfield Estates Elementary,5/23/2025,20028,Lettuce Blend Salad Mix(1/2 cup),60,0,60,60,60,0,60,$4.80,0,0.00%,$0.00,$4.80,0,0.00%,$0.00,$4.80,,,,
Springfield Estates Elementary,5/23/2025,20031,Banana(Each),22,0,22,22,22,0,22,$4.62,0,0.00%,$0.00,$4.62,0,0.00%,$0.00,$4.62,,,,
Springfield Estates Elementary,5/23/2025,20038,Fat Free White Milk(Each),5,0,5,40,3,0,3,$0.99,0,0.00%,$0.00,$0.99,37,92.50%,$12.21,$13.20,,,,
Springfield Estates Elementary,5/23/2025,30007,"Cinnamon Toast Crunch Cereal, 25% Less Sugar(Each)",0,0,0,5,0,5,5,$0.00,0,0.00%,$0.00,$0.00,0,0.00%,$0.00,$0.00,,,,
Springfield Estates Elementary,5/23/2025,30008,Apple Juice(Each),15,0,15,11,0,11,11,$0.00,0,0.00%,$0.00,$0.00,0,0.00%,$0.00,$0.00,,,,
Springfield Estates Elementary,5/23/2025,30024,Black Beans(1/2 Cup),24,0,24,26,25,1,26,$4.42,0,0.00%,$0.00,$4.42,0,0.00%,$0.00,$4.42,,,,
Springfield Estates Elementary,5/23/2025,30033,Cheez-Its Crackers(Package),20,0,20,22,21,1,22,$3.96,0,0.00%,$0.00,$3.96,0,0.00%,$0.00,$3.96,,,,
Springfield Estates Elementary,5/23/2025,30037,IW Applesauce Cup(Each),0,0,0,1,1,0,1,$0.27,0,0.00%,$0.00,$0.27,0,0.00%,$0.00,$0.27,,,,
Springfield Estates Elementary,5/23/2025,30041,Orange Flavored Dried Cranberries(Each),11,0,11,25,24,0,24,$5.76,0,0.00%,$0.00,$5.76,1,4.00%,$0.24,$6.00,,,,
Springfield Estates Elementary,5/23/2025,30061,Chilled Mandarin Oranges(1/2 cup (drained)),25,0,25,26,25,1,26,$8.84,0,0.00%,$0.00,$8.84,0,0.00%,$0.00,$8.84,,,,
Springfield Estates Elementary,5/23/2025,30077,Italian Dressing(1 ounce),2,0,2,10,4,0,4,$0.32,0,0.00%,$0.00,$0.32,6,60.00%,$0.48,$0.80,,,,
Springfield Estates Elementary,5/23/2025,30094,Doritos Wild White Nacho Flavored Tortilla Chips(Bag),0,0,0,77,0,77,77,$0.00,0,0.00%,$0.00,$0.00,0,0.00%,$0.00,$0.00,,,,
Springfield Estates Elementary,5/23/2025,30097,Bottled Water(Bottle),13,0,13,22,1,21,22,$3.52,0,0.00%,$0.00,$3.52,0,0.00%,$0.00,$3.52,,,,
Springfield Estates Elementary,5/23/2025,30107,Ranch Dressing(1 ounce),44,0,44,48,44,0,44,$4.84,0,0.00%,$0.00,$4.84,4,8.33%,$0.44,$5.28,,,,
Springfield Estates Elementary,5/23/2025,60021,Cooked  Brown Rice(1 cup cooked),0,0,0,1,1,0,1,$0.11,0,0.00%,$0.00,$0.11,0,0.00%,$0.00,$0.11,,,,
Springfield Estates Elementary,5/23/2025,60035,PB&J Power Pack(Power Packs),83,0,83,51,42,1,43,$46.44,0,0.00%,$0.00,$46.44,8,15.69%,$8.64,$55.08,,,,
Springfield Estates Elementary,5/23/2025,60036,Cherry Vanilla Yogurt Power Pack(Power Packs),20,0,20,10,7,0,7,$5.60,0,0.00%,$0.00,$5.60,3,30.00%,$2.40,$8.00,,,,
Springfield Estates Elementary,5/23/2025,60041,Turkey Pepperoni Pizza(1.37 oz),0,0,0,10,0,10,10,$0.00,0,0.00%,$0.00,$0.00,0,0.00%,$0.00,$0.00,,,,
Springfield Estates Elementary,5/23/2025,60041,Turkey Pepperoni Pizza(Slice),102,0,102,111,111,0,111,$75.48,0,0.00%,$0.00,$75.48,0,0.00%,$0.00,$75.48,,,,
Springfield Estates Elementary,5/23/2025,60080,Cheese Pizza(Slice),144,0,144,166,153,13,166,$94.62,0,0.00%,$0.00,$94.62,0,0.00%,$0.00,$94.62,,,,
Springfield Estates Elementary,5/23/2025,60120,Asian Veggie Sub(sandwich),0,0,0,23,22,1,23,$43.47,0,0.00%,$0.00,$43.47,0,0.00%,$0.00,$43.47,,,,
Stenwood Elementary,5/23/2025,10044,Soft Pretzel(1 pretzel),1,0,1,51,45,0,45,$9.90,2,3.92%,$0.44,$10.34,4,7.84%,$0.88,$11.22,,,,
Stenwood Elementary,5/23/2025,20001,1% White Milk(Each),30,0,30,46,28,0,28,$10.08,0,0.00%,$0.00,$10.08,18,39.13%,$6.48,$16.56,,,,
Stenwood Elementary,5/23/2025,20002,Fat Free Chocolate Milk(Each),130,0,130,224,144,0,144,$50.40,0,0.00%,$0.00,$50.40,80,35.71%,$28.00,$78.40,,,,
Stenwood Elementary,5/23/2025,20008,Apple Slices(3 slices per 1/4 cup),0,0,0,293,283,0,283,$166.97,10,3.41%,$5.90,$172.87,0,0.00%,$0.00,$172.87,,,,
Stenwood Elementary,5/23/2025,20011,Cherry Tomatoes(1/4 cup),144,0,144,144,115,0,115,$42.55,4,2.78%,$1.48,$44.03,25,17.36%,$9.25,$53.28,,,,
Stenwood Elementary,5/23/2025,20028,Lettuce Blend Salad Mix(1/2 cup),40,0,40,40,30,0,30,$2.40,10,25.00%,$0.80,$3.20,0,0.00%,$0.00,$3.20,,,,
Stenwood Elementary,5/23/2025,20038,Fat Free White Milk(Each),20,0,20,33,4,0,4,$1.32,0,0.00%,$0.00,$1.32,29,87.88%,$9.57,$10.89,,,,
Stenwood Elementary,5/23/2025,20047,Orange Slices(3 slices per 1/4 cup),0,0,0,102,93,0,93,$18.60,9,8.82%,$1.80,$20.40,0,0.00%,$0.00,$20.40,,,,
Stenwood Elementary,5/23/2025,20052,Assorted  4 oz Yogurt(Container),25,0,25,25,18,0,18,$0.00,0,0.00%,$0.00,$0.00,7,28.00%,$0.00,$0.00,,,,
Stenwood Elementary,5/23/2025,30024,Black Beans(1/2 Cup),5,0,5,3,3,0,3,$0.51,0,0.00%,$0.00,$0.51,0,0.00%,$0.00,$0.51,,,,
Stenwood Elementary,5/23/2025,30031,Strawberry Chex Mix(Package),0,0,0,30,15,0,15,$6.75,0,0.00%,$0.00,$6.75,15,50.00%,$6.75,$13.50,,,,
Stenwood Elementary,5/23/2025,30033,Cheez-Its Crackers(Package),0,0,0,40,34,0,34,$6.12,3,7.50%,$0.54,$6.66,3,7.50%,$0.54,$7.20,,,,
Stenwood Elementary,5/23/2025,30041,Orange Flavored Dried Cranberries(Each),20,0,20,30,20,0,20,$4.80,0,0.00%,$0.00,$4.80,10,33.33%,$2.40,$7.20,,,,
Stenwood Elementary,5/23/2025,30044,Strawberry Flavored Dried Cranberries(Each),20,0,20,30,21,0,21,$5.04,0,0.00%,$0.00,$5.04,9,30.00%,$2.16,$7.20,,,,
Stenwood Elementary,5/23/2025,30077,Italian Dressing(1 ounce),24,0,24,24,13,0,13,$1.04,0,0.00%,$0.00,$1.04,11,45.83%,$0.88,$1.92,,,,
Stenwood Elementary,5/23/2025,30094,Doritos Wild White Nacho Flavored Tortilla Chips(Bag),100,0,100,70,69,0,69,$24.15,1,1.43%,$0.35,$24.50,0,0.00%,$0.00,$24.50,,,,
Stenwood Elementary,5/23/2025,30097,Bottled Water(Bottle),25,0,25,30,26,0,26,$4.16,0,0.00%,$0.00,$4.16,4,13.33%,$0.64,$4.80,,,,
Stenwood Elementary,5/23/2025,30099,Chickpeas(1/4 cup),32,0,32,32,21,0,21,$1.89,11,34.38%,$0.99,$2.88,0,0.00%,$0.00,$2.88,,,,
Stenwood Elementary,5/23/2025,30107,Ranch Dressing(1 ounce),24,0,24,24,19,0,19,$2.09,0,0.00%,$0.00,$2.09,5,20.83%,$0.55,$2.64,,,,
Stenwood Elementary,5/23/2025,60035,PB&J Power Pack(Power Packs),36,0,36,36,31,0,31,$33.48,0,0.00%,$0.00,$33.48,5,13.89%,$5.40,$38.88,,,,
Stenwood Elementary,5/23/2025,60036,Cherry Vanilla Yogurt Power Pack(Power Packs),15,0,15,16,6,0,6,$4.80,0,0.00%,$0.00,$4.80,10,62.50%,$8.00,$12.80,,,,
Stenwood Elementary,5/23/2025,60037,Strawberry & Banana Yogurt Power Pack(Power Packs),10,0,10,15,6,0,6,$4.80,0,0.00%,$0.00,$4.80,9,60.00%,$7.20,$12.00,,,,
Stenwood Elementary,5/23/2025,60038,Peach Yogurt Power Pack(Power Packs),10,0,10,15,5,0,5,$4.00,0,0.00%,$0.00,$4.00,10,66.67%,$8.00,$12.00,,,,
Stenwood Elementary,5/23/2025,60041,Turkey Pepperoni Pizza(Slice),50,0,50,56,52,0,52,$35.36,4,7.14%,$2.72,$38.08,0,0.00%,$0.00,$38.08,,,,
Stenwood Elementary,5/23/2025,60077,Manager's Vegetable Choice(1/4 cup),46,0,46,46,28,0,28,$0.00,6,13.04%,$0.00,$0.00,12,26.09%,$0.00,$0.00,,,,
Stenwood Elementary,5/23/2025,60080,Cheese Pizza(Slice),195,0,195,192,184,0,184,$104.88,8,4.17%,$4.56,$109.44,0,0.00%,$0.00,$109.44,,,,
Stenwood Elementary,5/23/2025,60101,Chickpeas - salad bar entree(1/2 cup),1,0,1,1,0,0,0,$0.00,0,0.00%,$0.00,$0.00,1,100.00%,$0.00,$0.00,,,,
Stone Middle,5/23/2025,10026,Chickenless Bites(2 Bites),0,0,0,11,6,5,11,$3.96,0,0.00%,$0.00,$3.96,0,0.00%,$0.00,$3.96,,,,
Stone Middle,5/23/2025,10044,Soft Pretzel(1 pretzel),1,0,1,1,0,0,0,$0.00,0,0.00%,$0.00,$0.00,1,100.00%,$0.00,$0.00,,,,
Stone Middle,5/23/2025,10067,Roasted Plantains(3 Slices),0,0,0,16,16,0,16,$5.44,0,0.00%,$0.00,$5.44,0,0.00%,$0.00,$5.44,,,,
Stone Middle,5/23/2025,10075,Cheese Pizza(Slice),78,0,78,123,115,3,118,$67.26,5,4.07%,$2.85,$70.11,0,0.00%,$0.00,$70.11,,,,
Stone Middle,5/23/2025,20001,1% White Milk(Each),23,0,23,30,21,0,21,$7.56,0,0.00%,$0.00,$7.56,9,30.00%,$3.24,$10.80,,,,
Stone Middle,5/23/2025,20002,Fat Free Chocolate Milk(Each),121,0,121,196,170,0,170,$59.50,0,0.00%,$0.00,$59.50,26,13.27%,$9.10,$68.60,,,,
Stone Middle,5/23/2025,20013,Gala Apple(Each),0,0,0,140,140,0,140,$51.80,0,0.00%,$0.00,$51.80,0,0.00%,$0.00,$51.80,,,,
Stone Middle,5/23/2025,20017,Orange(1/4 cup),0,0,0,80,40,0,40,$6.80,0,0.00%,$0.00,$6.80,40,50.00%,$6.80,$13.60,,,,
Stone Middle,5/23/2025,20028,Lettuce Blend Salad Mix(1/2 cup),119,0,119,180,150,0,150,$12.00,0,0.00%,$0.00,$12.00,30,16.67%,$2.40,$14.40,,,,
Stone Middle,5/23/2025,20038,Fat Free White Milk(Each),56,0,56,30,15,0,15,$4.95,0,0.00%,$0.00,$4.95,15,50.00%,$4.95,$9.90,,,,
Stone Middle,5/23/2025,30044,Strawberry Flavored Dried Cranberries(Each),88,0,88,100,85,0,85,$20.40,0,0.00%,$0.00,$20.40,15,15.00%,$3.60,$24.00,,,,
Stone Middle,5/23/2025,30061,Chilled Mandarin Oranges(1/2 cup (drained)),0,0,0,160,160,0,160,$54.40,0,0.00%,$0.00,$54.40,0,0.00%,$0.00,$54.40,,,,
Stone Middle,5/23/2025,30063,Ketchup Packet(Packet),71,0,71,100,70,0,70,$2.10,0,0.00%,$0.00,$2.10,30,30.00%,$0.90,$3.00,,,,
Stone Middle,5/23/2025,30064,Mayonnaise Packet(Packet),13,0,13,50,40,0,40,$4.00,0,0.00%,$0.00,$4.00,10,20.00%,$1.00,$5.00,,,,
Stone Middle,5/23/2025,30077,Italian Dressing(1 ounce),4,0,4,40,35,0,35,$2.80,0,0.00%,$0.00,$2.80,5,12.50%,$0.40,$3.20,,,,
Stone Middle,5/23/2025,30097,Bottled Water(Bottle),30,0,30,30,25,0,25,$4.00,0,0.00%,$0.00,$4.00,5,16.67%,$0.80,$4.80,,,,
Stone Middle,5/23/2025,30099,Chickpeas(1/4 cup),8,0,8,50,30,0,30,$2.70,0,0.00%,$0.00,$2.70,20,40.00%,$1.80,$4.50,,,,
Stone Middle,5/23/2025,30107,Ranch Dressing(1 ounce),105,0,105,120,110,0,110,$12.10,0,0.00%,$0.00,$12.10,10,8.33%,$1.10,$13.20,,,,
Stone Middle,5/23/2025,30188,"Milk, Soy, Plain, Bulk (12/32 oz)(1 cup)",0,0,0,2,1,0,1,$0.79,0,0.00%,$0.00,$0.79,1,50.00%,$0.79,$1.58,,,,
Stone Middle,5/23/2025,60009,"Sandwich, Turkey & Cheese(sandwich)",0,0,0,48,31,0,31,$21.39,17,35.42%,$11.73,$33.12,0,0.00%,$0.00,$33.12,,,,
Stone Middle,5/23/2025,60018,Cheese Quesadilla(Quesadilla),0,0,0,26,19,0,19,$13.11,7,26.92%,$4.83,$17.94,0,0.00%,$0.00,$17.94,,,,
Stone Middle,5/23/2025,60035,PB&J Power Pack(Power Packs),75,0,75,50,40,3,43,$46.44,0,0.00%,$0.00,$46.44,7,14.00%,$7.56,$54.00,,,,
Stone Middle,5/23/2025,60038,Peach Yogurt Power Pack(Power Packs),12,0,12,12,4,0,4,$3.20,0,0.00%,$0.00,$3.20,8,66.67%,$6.40,$9.60,,,,
Stone Middle,5/23/2025,60041,Turkey Pepperoni Pizza(Slice),115,0,115,86,85,1,86,$58.48,0,0.00%,$0.00,$58.48,0,0.00%,$0.00,$58.48,,,,
Stone Middle,5/23/2025,60064,Vegetable Dumpling(6 dumplings),0,0,0,18,5,2,7,$0.00,3,16.67%,$0.00,$0.00,8,44.44%,$0.00,$0.00,,,,
Stone Middle,5/23/2025,60075,Spicy Chicken Wrap(Wrap),4,0,4,8,7,1,8,$9.36,0,0.00%,$0.00,$9.36,0,0.00%,$0.00,$9.36,,,,
Stone Middle,5/23/2025,60077,Manager's Vegetable Choice(1/2 cup),40,0,40,100,80,0,80,$0.00,0,0.00%,$0.00,$0.00,20,20.00%,$0.00,$0.00,,,,
Stone Middle,5/23/2025,60096,Strawberry Parfait(Parfait),0,0,0,3,2,0,2,$1.98,1,33.33%,$0.99,$2.97,0,0.00%,$0.00,$2.97,,,,
Stone Middle,5/23/2025,60101,Chickpeas - salad bar entree(1/2 cup),1,0,1,1,0,0,0,$0.00,0,0.00%,$0.00,$0.00,1,100.00%,$0.00,$0.00,,,,
Stone Middle,5/23/2025,60120,Asian Veggie Sub(sandwich),0,0,0,23,18,5,23,$43.47,0,0.00%,$0.00,$43.47,0,0.00%,$0.00,$43.47,,,,
Stratford Landing Elementary,5/23/2025,10044,Soft Pretzel(1 pretzel),47,0,47,44,2,42,44,$9.68,0,0.00%,$0.00,$9.68,0,0.00%,$0.00,$9.68,,,,
Stratford Landing Elementary,5/23/2025,20001,1% White Milk(Each),73,0,73,67,25,0,25,$9.00,0,0.00%,$0.00,$9.00,42,62.69%,$15.12,$24.12,,,,
Stratford Landing Elementary,5/23/2025,20002,Fat Free Chocolate Milk(Each),169,0,169,210,163,2,165,$57.75,0,0.00%,$0.00,$57.75,45,21.43%,$15.75,$73.50,,,,
Stratford Landing Elementary,5/23/2025,20011,Cherry Tomatoes(1/4 cup),86,0,86,108,108,0,108,$39.96,0,0.00%,$0.00,$39.96,0,0.00%,$0.00,$39.96,,,,
Stratford Landing Elementary,5/23/2025,20015,Golden Delicious Apple(Each),0,0,0,124,114,0,114,$35.34,0,0.00%,$0.00,$35.34,10,8.06%,$3.10,$38.44,,,,
Stratford Landing Elementary,5/23/2025,20016,String Cheese(Each),0,0,0,1,0,1,1,$0.00,0,0.00%,$0.00,$0.00,0,0.00%,$0.00,$0.00,,,,
Stratford Landing Elementary,5/23/2025,20017,Orange(1/4 cup),0,0,0,187,187,0,187,$31.79,0,0.00%,$0.00,$31.79,0,0.00%,$0.00,$31.79,,,,
Stratford Landing Elementary,5/23/2025,20023,Baby Carrots(6 Baby Carrots per 1/2 cup),0,0,0,120,120,0,120,$20.40,0,0.00%,$0.00,$20.40,0,0.00%,$0.00,$20.40,,,,
Stratford Landing Elementary,5/23/2025,20027,Broccoli Florets(1/4 cup),0,0,0,42,42,0,42,$3.36,0,0.00%,$0.00,$3.36,0,0.00%,$0.00,$3.36,,,,
Stratford Landing Elementary,5/23/2025,20028,Lettuce Blend Salad Mix(1/2 cup),196,0,196,160,160,0,160,$12.80,0,0.00%,$0.00,$12.80,0,0.00%,$0.00,$12.80,,,,
Stratford Landing Elementary,5/23/2025,20031,Banana(Each),16,0,16,9,9,0,9,$1.89,0,0.00%,$0.00,$1.89,0,0.00%,$0.00,$1.89,,,,
Stratford Landing Elementary,5/23/2025,20038,Fat Free White Milk(Each),6,0,6,27,1,0,1,$0.33,0,0.00%,$0.00,$0.33,26,96.30%,$8.58,$8.91,,,,
Stratford Landing Elementary,5/23/2025,30024,Black Beans(1/2 Cup),14,0,14,9,9,0,9,$1.53,0,0.00%,$0.00,$1.53,0,0.00%,$0.00,$1.53,,,,
Stratford Landing Elementary,5/23/2025,30033,Cheez-Its Crackers(Package),13,0,13,9,9,0,9,$1.62,0,0.00%,$0.00,$1.62,0,0.00%,$0.00,$1.62,,,,
Stratford Landing Elementary,5/23/2025,30044,Strawberry Flavored Dried Cranberries(Each),19,0,19,20,20,0,20,$4.80,0,0.00%,$0.00,$4.80,0,0.00%,$0.00,$4.80,,,,
Stratford Landing Elementary,5/23/2025,30045,Watermelon Flavored Dried Cranberries(Each),19,0,19,100,100,0,100,$24.00,0,0.00%,$0.00,$24.00,0,0.00%,$0.00,$24.00,,,,
Stratford Landing Elementary,5/23/2025,30061,Chilled Mandarin Oranges(1/2 cup (drained)),14,0,14,9,9,0,9,$3.06,0,0.00%,$0.00,$3.06,0,0.00%,$0.00,$3.06,,,,
Stratford Landing Elementary,5/23/2025,30077,Italian Dressing(1 ounce),10,0,10,10,10,0,10,$0.80,0,0.00%,$0.00,$0.80,0,0.00%,$0.00,$0.80,,,,
Stratford Landing Elementary,5/23/2025,30097,Bottled Water(Bottle),0,0,0,22,0,22,22,$0.00,0,0.00%,$0.00,$0.00,0,0.00%,$0.00,$0.00,,,,
Stratford Landing Elementary,5/23/2025,30107,Ranch Dressing(1 ounce),44,0,44,48,48,0,48,$5.28,0,0.00%,$0.00,$5.28,0,0.00%,$0.00,$5.28,,,,
Stratford Landing Elementary,5/23/2025,60035,PB&J Power Pack(Power Packs),39,0,39,38,38,0,38,$41.04,0,0.00%,$0.00,$41.04,0,0.00%,$0.00,$41.04,,,,
Stratford Landing Elementary,5/23/2025,60037,Strawberry & Banana Yogurt Power Pack(Power Packs),46,0,46,34,34,0,34,$27.20,0,0.00%,$0.00,$27.20,0,0.00%,$0.00,$27.20,,,,
Stratford Landing Elementary,5/23/2025,60041,Turkey Pepperoni Pizza(Slice),72,0,72,92,85,0,85,$57.80,0,0.00%,$0.00,$57.80,7,7.61%,$4.76,$62.56,,,,
Stratford Landing Elementary,5/23/2025,60080,Cheese Pizza(Slice),103,0,103,131,128,1,129,$73.53,0,0.00%,$0.00,$73.53,2,1.53%,$1.14,$74.67,,,,
Stratford Landing Elementary,5/23/2025,60101,Chickpeas - salad bar entree(1/2 cup),5,0,5,2,2,0,2,$0.36,0,0.00%,$0.00,$0.36,0,0.00%,$0.00,$0.36,,,,
Sunrise Valley Elementary,5/23/2025,10033,Chocolate Chip Cookie(1/2 Cookie),170,0,170,148,148,0,148,$20.72,0,0.00%,$0.00,$20.72,0,0.00%,$0.00,$20.72,,,,
Sunrise Valley Elementary,5/23/2025,10044,Soft Pretzel(1 pretzel),7,0,7,5,5,0,5,$1.10,0,0.00%,$0.00,$1.10,0,0.00%,$0.00,$1.10,,,,
Sunrise Valley Elementary,5/23/2025,10073,Whole Strawberries(1/2 cup thawed),48,0,48,50,50,0,50,$17.00,0,0.00%,$0.00,$17.00,0,0.00%,$0.00,$17.00,,,,
Sunrise Valley Elementary,5/23/2025,20001,1% White Milk(Each),25,0,25,80,22,0,22,$7.92,0,0.00%,$0.00,$7.92,58,72.50%,$20.88,$28.80,,,,
Sunrise Valley Elementary,5/23/2025,20002,Fat Free Chocolate Milk(Each),166,0,166,215,151,0,151,$52.85,0,0.00%,$0.00,$52.85,64,29.77%,$22.40,$75.25,,,,
Sunrise Valley Elementary,5/23/2025,20011,Cherry Tomatoes(1/4 cup),70,0,70,72,57,0,57,$21.09,0,0.00%,$0.00,$21.09,15,20.83%,$5.55,$26.64,,,,
Sunrise Valley Elementary,5/23/2025,20015,Golden Delicious Apple(Each),0,0,0,192,160,0,160,$49.60,0,0.00%,$0.00,$49.60,32,16.67%,$9.92,$59.52,,,,
Sunrise Valley Elementary,5/23/2025,20018,Red Seedless Grapes(8 grapes per 1/4 cup),139,0,139,138,138,0,138,$35.88,0,0.00%,$0.00,$35.88,0,0.00%,$0.00,$35.88,,,,
Sunrise Valley Elementary,5/23/2025,20028,Lettuce Blend Salad Mix(1/2 cup),40,0,40,60,58,0,58,$4.64,2,3.33%,$0.16,$4.80,0,0.00%,$0.00,$4.80,,,,
Sunrise Valley Elementary,5/23/2025,20038,Fat Free White Milk(Each),10,0,10,31,4,0,4,$1.32,0,0.00%,$0.00,$1.32,27,87.10%,$8.91,$10.23,,,,
Sunrise Valley Elementary,5/23/2025,30024,Black Beans(1/2 Cup),1,0,1,1,1,0,1,$0.17,0,0.00%,$0.00,$0.17,0,0.00%,$0.00,$0.17,,,,
Sunrise Valley Elementary,5/23/2025,30030,Cheddar Chex Mix(Package),0,0,0,2,2,0,2,$0.90,0,0.00%,$0.00,$0.90,0,0.00%,$0.00,$0.90,,,,
Sunrise Valley Elementary,5/23/2025,30033,Cheez-Its Crackers(Package),0,0,0,5,5,0,5,$0.90,0,0.00%,$0.00,$0.90,0,0.00%,$0.00,$0.90,,,,
Sunrise Valley Elementary,5/23/2025,30039,Cherry Flavored Dried Cranberries(Each),7,0,7,10,10,0,10,$2.40,0,0.00%,$0.00,$2.40,0,0.00%,$0.00,$2.40,,,,
Sunrise Valley Elementary,5/23/2025,30061,Chilled Mandarin Oranges(1/2 cup (drained)),1,0,1,1,1,0,1,$0.34,0,0.00%,$0.00,$0.34,0,0.00%,$0.00,$0.34,,,,
Sunrise Valley Elementary,5/23/2025,30061,Chilled Mandarin Oranges(1/4 cup (drained)),41,0,41,50,50,0,50,$8.50,0,0.00%,$0.00,$8.50,0,0.00%,$0.00,$8.50,,,,
Sunrise Valley Elementary,5/23/2025,30077,Italian Dressing(1 ounce),12,0,12,12,12,0,12,$0.96,0,0.00%,$0.00,$0.96,0,0.00%,$0.00,$0.96,,,,
Sunrise Valley Elementary,5/23/2025,30094,Doritos Wild White Nacho Flavored Tortilla Chips(Bag),65,0,65,35,31,0,31,$10.85,0,0.00%,$0.00,$10.85,4,11.43%,$1.40,$12.25,,,,
Sunrise Valley Elementary,5/23/2025,30097,Bottled Water(Bottle),45,0,45,40,29,0,29,$4.64,0,0.00%,$0.00,$4.64,11,27.50%,$1.76,$6.40,,,,
Sunrise Valley Elementary,5/23/2025,30099,Chickpeas(1/4 cup),32,0,32,33,31,0,31,$2.79,2,6.06%,$0.18,$2.97,0,0.00%,$0.00,$2.97,,,,
Sunrise Valley Elementary,5/23/2025,30107,Ranch Dressing(1 ounce),47,0,47,48,48,0,48,$5.28,0,0.00%,$0.00,$5.28,0,0.00%,$0.00,$5.28,,,,
Sunrise Valley Elementary,5/23/2025,30109,Smartfood RF White Cheddar Popcorn(Each),0,0,0,36,36,0,36,$13.32,0,0.00%,$0.00,$13.32,0,0.00%,$0.00,$13.32,,,,
Sunrise Valley Elementary,5/23/2025,60035,PB&J Power Pack(Power Packs),38,0,38,25,19,0,19,$20.52,0,0.00%,$0.00,$20.52,6,24.00%,$6.48,$27.00,,,,
Sunrise Valley Elementary,5/23/2025,60036,Cherry Vanilla Yogurt Power Pack(Power Packs),0,0,0,0,0,0,0,$0.00,0,0.00%,$0.00,$0.00,0,0.00%,$0.00,$0.00,,,,
Sunrise Valley Elementary,5/23/2025,60037,Strawberry & Banana Yogurt Power Pack(Power Packs),12,0,12,10,3,0,3,$2.40,0,0.00%,$0.00,$2.40,7,70.00%,$5.60,$8.00,,,,
Sunrise Valley Elementary,5/23/2025,60038,Peach Yogurt Power Pack(Power Packs),12,0,12,10,4,0,4,$3.20,0,0.00%,$0.00,$3.20,6,60.00%,$4.80,$8.00,,,,
Sunrise Valley Elementary,5/23/2025,60040,Grilled Cheese Sandwich(Sandwich),0,0,0,11,11,0,11,$4.62,0,0.00%,$0.00,$4.62,0,0.00%,$0.00,$4.62,,,,
Sunrise Valley Elementary,5/23/2025,60041,Turkey Pepperoni Pizza(Slice),48,0,48,55,50,0,50,$34.00,5,9.09%,$3.40,$37.40,0,0.00%,$0.00,$37.40,,,,
Sunrise Valley Elementary,5/23/2025,60077,Manager's Vegetable Choice(1/4 cup),96,0,96,112,108,0,108,$0.00,4,3.57%,$0.00,$0.00,0,0.00%,$0.00,$0.00,,,,
Sunrise Valley Elementary,5/23/2025,60080,Cheese Pizza(Slice),134,0,134,102,100,0,100,$57.00,2,1.96%,$1.14,$58.14,0,0.00%,$0.00,$58.14,,,,
Sunrise Valley Elementary,5/23/2025,60101,Chickpeas - salad bar entree(1/2 cup),7,0,7,2,2,0,2,$0.36,0,0.00%,$0.00,$0.36,0,0.00%,$0.00,$0.36,,,,
Sunrise Valley Elementary,5/23/2025,60122,Asian Meatball Sub(sandwich),0,0,0,8,8,0,8,$14.24,0,0.00%,$0.00,$14.24,0,0.00%,$0.00,$14.24,,,,
Sunrise Valley Elementary,5/23/2025,60150,Strawberry Parfait Power Pack(Power Pack),6,0,6,2,2,0,2,$3.26,0,0.00%,$0.00,$3.26,0,0.00%,$0.00,$3.26,,,,
Terra Centre Elementary,5/23/2025,10027,"Bread, Loco(1/2 piece)",0,0,0,15,11,0,11,$1.65,4,26.67%,$0.60,$2.25,0,0.00%,$0.00,$2.25,,,,
Terra Centre Elementary,5/23/2025,10033,Chocolate Chip Cookie(1/2 Cookie),0,0,0,0,0,0,0,$0.00,0,0.00%,$0.00,$0.00,0,0.00%,$0.00,$0.00,,,,
Terra Centre Elementary,5/23/2025,10044,Soft Pretzel(1 pretzel),28,0,28,110,101,0,101,$22.22,3,2.73%,$0.66,$22.88,6,5.45%,$1.32,$24.20,,,,
Terra Centre Elementary,5/23/2025,10075,Cheese Pizza(Slice),8,0,8,15,15,0,15,$8.55,0,0.00%,$0.00,$8.55,0,0.00%,$0.00,$8.55,,,,
Terra Centre Elementary,5/23/2025,20001,1% White Milk(Each),51,0,51,85,53,2,55,$19.80,0,0.00%,$0.00,$19.80,30,35.29%,$10.80,$30.60,,,,
Terra Centre Elementary,5/23/2025,20002,Fat Free Chocolate Milk(Each),180,0,180,200,167,21,188,$65.80,0,0.00%,$0.00,$65.80,12,6.00%,$4.20,$70.00,,,,
Terra Centre Elementary,5/23/2025,20008,Apple Slices(3 slices per 1/4 cup),0,0,0,128,126,0,126,$74.34,2,1.56%,$1.18,$75.52,0,0.00%,$0.00,$75.52,,,,
Terra Centre Elementary,5/23/2025,20011,Cherry Tomatoes(1/4 cup),69,0,69,70,68,0,68,$25.16,2,2.86%,$0.74,$25.90,0,0.00%,$0.00,$25.90,,,,
Terra Centre Elementary,5/23/2025,20016,String Cheese(Each),0,0,0,0,0,0,0,$0.00,0,0.00%,$0.00,$0.00,0,0.00%,$0.00,$0.00,,,,
Terra Centre Elementary,5/23/2025,20018,Red Seedless Grapes(8 grapes per 1/4 cup),44,0,44,92,90,0,90,$23.40,2,2.17%,$0.52,$23.92,0,0.00%,$0.00,$23.92,,,,
Terra Centre Elementary,5/23/2025,20028,Lettuce Blend Salad Mix(1/2 cup),45,0,45,60,58,0,58,$4.64,2,3.33%,$0.16,$4.80,0,0.00%,$0.00,$4.80,,,,
Terra Centre Elementary,5/23/2025,20038,Fat Free White Milk(Each),15,0,15,40,12,0,12,$3.96,0,0.00%,$0.00,$3.96,28,70.00%,$9.24,$13.20,,,,
Terra Centre Elementary,5/23/2025,20043,"Lactose Free, White Milk(Each)",0,0,0,2,2,0,2,$1.16,0,0.00%,$0.00,$1.16,0,0.00%,$0.00,$1.16,,,,
Terra Centre Elementary,5/23/2025,20047,Orange Slices(3 slices per 1/4 cup),0,0,0,124,120,2,122,$24.40,2,1.61%,$0.40,$24.80,0,0.00%,$0.00,$24.80,,,,
Terra Centre Elementary,5/23/2025,20052,Assorted  4 oz Yogurt(Container),0,0,0,0,0,0,0,$0.00,0,0.00%,$0.00,$0.00,0,0.00%,$0.00,$0.00,,,,
Terra Centre Elementary,5/23/2025,30008,Apple Juice(Each),0,0,0,40,35,0,35,$5.95,0,0.00%,$0.00,$5.95,5,12.50%,$0.85,$6.80,,,,
Terra Centre Elementary,5/23/2025,30009,Orange Tangerine Juice(Each),0,0,0,40,21,0,21,$3.57,0,0.00%,$0.00,$3.57,19,47.50%,$3.23,$6.80,,,,
Terra Centre Elementary,5/23/2025,30024,Black Beans(1/2 Cup),31,0,31,37,35,2,37,$6.29,0,0.00%,$0.00,$6.29,0,0.00%,$0.00,$6.29,,,,
Terra Centre Elementary,5/23/2025,30033,Cheez-Its Crackers(Package),19,0,19,20,20,0,20,$3.60,0,0.00%,$0.00,$3.60,0,0.00%,$0.00,$3.60,,,,
Terra Centre Elementary,5/23/2025,30039,Cherry Flavored Dried Cranberries(Each),15,0,15,0,0,0,0,$0.00,0,0.00%,$0.00,$0.00,0,0.00%,$0.00,$0.00,,,,
Terra Centre Elementary,5/23/2025,30041,Orange Flavored Dried Cranberries(Each),4,0,4,0,0,0,0,$0.00,0,0.00%,$0.00,$0.00,0,0.00%,$0.00,$0.00,,,,
Terra Centre Elementary,5/23/2025,30042,Original Flavored Dried Cranberries(Package),4,0,4,0,0,0,0,$0.00,0,0.00%,$0.00,$0.00,0,0.00%,$0.00,$0.00,,,,
Terra Centre Elementary,5/23/2025,30043,Raspberry Lemonade Flavored Dried Cranberries(Each),6,0,6,0,0,0,0,$0.00,0,0.00%,$0.00,$0.00,0,0.00%,$0.00,$0.00,,,,
Terra Centre Elementary,5/23/2025,30044,Strawberry Flavored Dried Cranberries(Each),8,0,8,0,0,0,0,$0.00,0,0.00%,$0.00,$0.00,0,0.00%,$0.00,$0.00,,,,
Terra Centre Elementary,5/23/2025,30045,Watermelon Flavored Dried Cranberries(Each),11,0,11,0,0,0,0,$0.00,0,0.00%,$0.00,$0.00,0,0.00%,$0.00,$0.00,,,,
Terra Centre Elementary,5/23/2025,30061,Chilled Mandarin Oranges(1/2 cup (drained)),29,0,29,35,35,0,35,$11.90,0,0.00%,$0.00,$11.90,0,0.00%,$0.00,$11.90,,,,
Terra Centre Elementary,5/23/2025,30077,Italian Dressing(1 ounce),24,0,24,48,24,0,24,$1.92,0,0.00%,$0.00,$1.92,24,50.00%,$1.92,$3.84,,,,
Terra Centre Elementary,5/23/2025,30094,Doritos Wild White Nacho Flavored Tortilla Chips(Bag),0,0,0,0,0,0,0,$0.00,0,0.00%,$0.00,$0.00,0,0.00%,$0.00,$0.00,,,,
Terra Centre Elementary,5/23/2025,30097,Bottled Water(Bottle),0,0,0,10,9,0,9,$1.44,0,0.00%,$0.00,$1.44,1,10.00%,$0.16,$1.60,,,,
Terra Centre Elementary,5/23/2025,30099,Chickpeas(1/4 cup),39,0,39,0,0,0,0,$0.00,0,0.00%,$0.00,$0.00,0,0.00%,$0.00,$0.00,,,,
Terra Centre Elementary,5/23/2025,30107,Ranch Dressing(1 ounce),32,0,32,48,24,0,24,$2.64,0,0.00%,$0.00,$2.64,24,50.00%,$2.64,$5.28,,,,
Terra Centre Elementary,5/23/2025,60035,PB&J Power Pack(Power Packs),23,0,23,40,23,0,23,$24.84,0,0.00%,$0.00,$24.84,17,42.50%,$18.36,$43.20,,,,
Terra Centre Elementary,5/23/2025,60036,Cherry Vanilla Yogurt Power Pack(Power Packs),8,0,8,20,6,0,6,$4.80,0,0.00%,$0.00,$4.80,14,70.00%,$11.20,$16.00,,,,
Terra Centre Elementary,5/23/2025,60037,Strawberry & Banana Yogurt Power Pack(Power Packs),4,0,4,20,7,0,7,$5.60,0,0.00%,$0.00,$5.60,13,65.00%,$10.40,$16.00,,,,
Terra Centre Elementary,5/23/2025,60038,Peach Yogurt Power Pack(Power Packs),5,0,5,20,6,0,6,$4.80,0,0.00%,$0.00,$4.80,14,70.00%,$11.20,$16.00,,,,
Terra Centre Elementary,5/23/2025,60041,Turkey Pepperoni Pizza(Slice),70,0,70,60,53,0,53,$36.04,7,11.67%,$4.76,$40.80,0,0.00%,$0.00,$40.80,,,,
Terra Centre Elementary,5/23/2025,60047,Chicken Tenders(3 tenders),0,0,0,15,11,0,11,$10.34,4,26.67%,$3.76,$14.10,0,0.00%,$0.00,$14.10,,,,
Terra Centre Elementary,5/23/2025,60077,Manager's Vegetable Choice(1/4 cup),69,0,69,71,69,0,69,$0.00,2,2.82%,$0.00,$0.00,0,0.00%,$0.00,$0.00,,,,
Terra Centre Elementary,5/23/2025,60080,Cheese Pizza(Slice),135,0,135,162,141,21,162,$92.34,0,0.00%,$0.00,$92.34,0,0.00%,$0.00,$92.34,,,,
Terra Centre Elementary,5/23/2025,60101,Chickpeas - salad bar entree(1/2 cup),0,0,0,0,0,0,0,$0.00,0,0.00%,$0.00,$0.00,0,0.00%,$0.00,$0.00,,,,
Terraset Elementary,5/23/2025,10044,Soft Pretzel(1 pretzel),30,0,30,16,16,0,16,$3.52,0,0.00%,$0.00,$3.52,0,0.00%,$0.00,$3.52,,,,
Terraset Elementary,5/23/2025,10073,Whole Strawberries(1/2 cup thawed),120,0,120,100,88,0,88,$29.92,0,0.00%,$0.00,$29.92,12,12.00%,$4.08,$34.00,,,,
Terraset Elementary,5/23/2025,10075,Cheese Pizza(Slice),2,0,2,4,4,0,4,$2.28,0,0.00%,$0.00,$2.28,0,0.00%,$0.00,$2.28,,,,
Terraset Elementary,5/23/2025,20001,1% White Milk(Each),54,0,54,170,76,0,76,$27.36,0,0.00%,$0.00,$27.36,94,55.29%,$33.84,$61.20,,,,
Terraset Elementary,5/23/2025,20002,Fat Free Chocolate Milk(Each),170,0,170,221,201,0,201,$70.35,0,0.00%,$0.00,$70.35,20,9.05%,$7.00,$77.35,,,,
Terraset Elementary,5/23/2025,20008,Apple Slices(3 slices per 1/4 cup),0,0,0,160,157,0,157,$92.63,0,0.00%,$0.00,$92.63,3,1.88%,$1.77,$94.40,,,,
Terraset Elementary,5/23/2025,20027,Broccoli Florets(1/4 cup),0,0,0,89,89,0,89,$7.12,0,0.00%,$0.00,$7.12,0,0.00%,$0.00,$7.12,,,,
Terraset Elementary,5/23/2025,20028,Lettuce Blend Salad Mix(1/2 cup),62,0,62,55,55,0,55,$4.40,0,0.00%,$0.00,$4.40,0,0.00%,$0.00,$4.40,,,,
Terraset Elementary,5/23/2025,20031,Banana(Each),18,0,18,16,16,0,16,$3.36,0,0.00%,$0.00,$3.36,0,0.00%,$0.00,$3.36,,,,
Terraset Elementary,5/23/2025,20038,Fat Free White Milk(Each),22,0,22,46,5,0,5,$1.65,0,0.00%,$0.00,$1.65,41,89.13%,$13.53,$15.18,,,,
Terraset Elementary,5/23/2025,20043,"Lactose Free, White Milk(Each)",0,0,0,1,1,0,1,$0.58,0,0.00%,$0.00,$0.58,0,0.00%,$0.00,$0.58,,,,
Terraset Elementary,5/23/2025,30024,Black Beans(1/2 Cup),21,0,21,21,21,0,21,$3.57,0,0.00%,$0.00,$3.57,0,0.00%,$0.00,$3.57,,,,
Terraset Elementary,5/23/2025,30033,Cheez-Its Crackers(Package),18,0,18,16,16,0,16,$2.88,0,0.00%,$0.00,$2.88,0,0.00%,$0.00,$2.88,,,,
Terraset Elementary,5/23/2025,30039,Cherry Flavored Dried Cranberries(Each),65,0,65,95,95,0,95,$22.80,0,0.00%,$0.00,$22.80,0,0.00%,$0.00,$22.80,,,,
Terraset Elementary,5/23/2025,30061,Chilled Mandarin Oranges(1/2 cup (drained)),21,0,21,21,21,0,21,$7.14,0,0.00%,$0.00,$7.14,0,0.00%,$0.00,$7.14,,,,
Terraset Elementary,5/23/2025,30061,Chilled Mandarin Oranges(1/4 cup (drained)),106,0,106,88,86,0,86,$14.62,0,0.00%,$0.00,$14.62,2,2.27%,$0.34,$14.96,,,,
Terraset Elementary,5/23/2025,30099,Chickpeas(1/4 cup),23,0,23,30,18,0,18,$1.62,0,0.00%,$0.00,$1.62,12,40.00%,$1.08,$2.70,,,,
Terraset Elementary,5/23/2025,30107,Ranch Dressing(1 ounce),56,0,56,48,48,0,48,$5.28,0,0.00%,$0.00,$5.28,0,0.00%,$0.00,$5.28,,,,
Terraset Elementary,5/23/2025,60035,PB&J Power Pack(Power Packs),95,0,95,87,40,0,40,$43.20,0,0.00%,$0.00,$43.20,47,54.02%,$50.76,$93.96,,,,
Terraset Elementary,5/23/2025,60036,Cherry Vanilla Yogurt Power Pack(Power Packs),10,0,10,20,16,0,16,$12.80,0,0.00%,$0.00,$12.80,4,20.00%,$3.20,$16.00,,,,
Terraset Elementary,5/23/2025,60041,Turkey Pepperoni Pizza(Slice),152,0,152,154,151,0,151,$102.68,3,1.95%,$2.04,$104.72,0,0.00%,$0.00,$104.72,,,,
Terraset Elementary,5/23/2025,60077,Manager's Vegetable Choice(1/4 cup),96,0,96,120,120,0,120,$0.00,0,0.00%,$0.00,$0.00,0,0.00%,$0.00,$0.00,,,,
Terraset Elementary,5/23/2025,60080,Cheese Pizza(Slice),138,0,138,169,157,0,157,$89.49,12,7.10%,$6.84,$96.33,0,0.00%,$0.00,$96.33,,,,
Terraset Elementary,5/23/2025,60101,Chickpeas - salad bar entree(1/2 cup),2,0,2,3,3,0,3,$0.54,0,0.00%,$0.00,$0.54,0,0.00%,$0.00,$0.54,,,,
Terraset Elementary,5/23/2025,60122,Asian Meatball Sub(sandwich),0,0,0,20,20,0,20,$35.60,0,0.00%,$0.00,$35.60,0,0.00%,$0.00,$35.60,,,,
Thoreau Middle,5/23/2025,10044,Soft Pretzel(1 pretzel),50,0,50,20,17,0,17,$3.74,3,15.00%,$0.66,$4.40,0,0.00%,$0.00,$4.40,,,,
Thoreau Middle,5/23/2025,10070,Orange Sauce(ounce),40,0,40,50,50,0,50,$7.00,0,0.00%,$0.00,$7.00,0,0.00%,$0.00,$7.00,,,,
Thoreau Middle,5/23/2025,10073,Whole Strawberries(1/2 cup thawed),210,0,210,110,110,0,110,$37.40,0,0.00%,$0.00,$37.40,0,0.00%,$0.00,$37.40,,,,
Thoreau Middle,5/23/2025,10075,Cheese Pizza(Slice),300,0,300,240,240,0,240,$136.80,0,0.00%,$0.00,$136.80,0,0.00%,$0.00,$136.80,,,,
Thoreau Middle,5/23/2025,20001,1% White Milk(Each),50,0,50,50,15,0,15,$5.40,0,0.00%,$0.00,$5.40,35,70.00%,$12.60,$18.00,,,,
Thoreau Middle,5/23/2025,20002,Fat Free Chocolate Milk(Each),300,0,300,300,300,0,300,$105.00,0,0.00%,$0.00,$105.00,0,0.00%,$0.00,$105.00,,,,
Thoreau Middle,5/23/2025,20011,Cherry Tomatoes(1/4 cup),40,0,40,80,80,0,80,$29.60,0,0.00%,$0.00,$29.60,0,0.00%,$0.00,$29.60,,,,
Thoreau Middle,5/23/2025,20018,Red Seedless Grapes(8 grapes per 1/4 cup),210,0,210,210,210,0,210,$54.60,0,0.00%,$0.00,$54.60,0,0.00%,$0.00,$54.60,,,,
Thoreau Middle,5/23/2025,20028,Lettuce Blend Salad Mix(1/2 cup),110,0,110,110,110,0,110,$8.80,0,0.00%,$0.00,$8.80,0,0.00%,$0.00,$8.80,,,,
Thoreau Middle,5/23/2025,20030,Sour Cream(2 Tablespoons),36,0,36,50,50,0,50,$7.50,0,0.00%,$0.00,$7.50,0,0.00%,$0.00,$7.50,,,,
Thoreau Middle,5/23/2025,20038,Fat Free White Milk(Each),50,0,50,50,0,0,0,$0.00,50,100.00%,$0.00,$0.00,0,0.00%,$0.00,$0.00,,,,
Thoreau Middle,5/23/2025,30011,"Salsa, Mild Canned(1.5 oz)",52,0,52,50,50,0,50,$5.00,0,0.00%,$0.00,$5.00,0,0.00%,$0.00,$5.00,,,,
Thoreau Middle,5/23/2025,30039,Cherry Flavored Dried Cranberries(Each),10,0,10,10,0,0,0,$0.00,0,0.00%,$0.00,$0.00,10,100.00%,$0.00,$0.00,,,,
Thoreau Middle,5/23/2025,30041,Orange Flavored Dried Cranberries(Each),10,0,10,10,0,0,0,$0.00,0,0.00%,$0.00,$0.00,10,100.00%,$0.00,$0.00,,,,
Thoreau Middle,5/23/2025,30042,Original Flavored Dried Cranberries(Package),10,0,10,10,0,0,0,$0.00,0,0.00%,$0.00,$0.00,10,100.00%,$0.00,$0.00,,,,
Thoreau Middle,5/23/2025,30043,Raspberry Lemonade Flavored Dried Cranberries(Each),10,0,10,10,0,0,0,$0.00,0,0.00%,$0.00,$0.00,10,100.00%,$0.00,$0.00,,,,
Thoreau Middle,5/23/2025,30044,Strawberry Flavored Dried Cranberries(Each),10,0,10,10,0,0,0,$0.00,0,0.00%,$0.00,$0.00,10,100.00%,$0.00,$0.00,,,,
Thoreau Middle,5/23/2025,30045,Watermelon Flavored Dried Cranberries(Each),10,0,10,10,0,0,0,$0.00,0,0.00%,$0.00,$0.00,10,100.00%,$0.00,$0.00,,,,
Thoreau Middle,5/23/2025,30061,Chilled Mandarin Oranges(1/4 cup (drained)),210,0,210,110,110,0,110,$18.70,0,0.00%,$0.00,$18.70,0,0.00%,$0.00,$18.70,,,,
Thoreau Middle,5/23/2025,30063,Ketchup Packet(Packet),300,0,300,300,300,0,300,$9.00,0,0.00%,$0.00,$9.00,0,0.00%,$0.00,$9.00,,,,
Thoreau Middle,5/23/2025,30064,Mayonnaise Packet(Packet),101,0,101,200,200,0,200,$20.00,0,0.00%,$0.00,$20.00,0,0.00%,$0.00,$20.00,,,,
Thoreau Middle,5/23/2025,30065,Mustard Packet(Packet),100,0,100,100,0,0,0,$0.00,0,0.00%,$0.00,$0.00,100,100.00%,$0.00,$0.00,,,,
Thoreau Middle,5/23/2025,30077,Italian Dressing(1 ounce),100,0,100,100,0,0,0,$0.00,0,0.00%,$0.00,$0.00,100,100.00%,$0.00,$0.00,,,,
Thoreau Middle,5/23/2025,30099,Chickpeas(1/4 cup),40,0,40,40,29,0,29,$2.61,11,27.50%,$0.99,$3.60,0,0.00%,$0.00,$3.60,,,,
Thoreau Middle,5/23/2025,30107,Ranch Dressing(1 ounce),200,0,200,200,200,0,200,$22.00,0,0.00%,$0.00,$22.00,0,0.00%,$0.00,$22.00,,,,
Thoreau Middle,5/23/2025,60020,"Quesadilla, Turkey Barbacoa and Cheese(Quesadilla)",100,0,100,80,80,0,80,$97.60,0,0.00%,$0.00,$97.60,0,0.00%,$0.00,$97.60,,,,
Thoreau Middle,5/23/2025,60035,PB&J Power Pack(Power Packs),50,0,50,20,20,0,20,$21.60,0,0.00%,$0.00,$21.60,0,0.00%,$0.00,$21.60,,,,
Thoreau Middle,5/23/2025,60036,Cherry Vanilla Yogurt Power Pack(Power Packs),10,0,10,1,0,0,0,$0.00,0,0.00%,$0.00,$0.00,1,100.00%,$0.00,$0.00,,,,
Thoreau Middle,5/23/2025,60037,Strawberry & Banana Yogurt Power Pack(Power Packs),10,0,10,1,0,0,0,$0.00,0,0.00%,$0.00,$0.00,1,100.00%,$0.00,$0.00,,,,
Thoreau Middle,5/23/2025,60038,Peach Yogurt Power Pack(Power Packs),10,0,10,1,0,0,0,$0.00,0,0.00%,$0.00,$0.00,1,100.00%,$0.00,$0.00,,,,
Thoreau Middle,5/23/2025,60041,Turkey Pepperoni Pizza(Slice),300,0,300,210,210,0,210,$142.80,0,0.00%,$0.00,$142.80,0,0.00%,$0.00,$142.80,,,,
Thoreau Middle,5/23/2025,60063,Chicken & Vegetable Dumplings(6 dumplings),40,0,40,50,50,0,50,$0.00,0,0.00%,$0.00,$0.00,0,0.00%,$0.00,$0.00,,,,
Thoreau Middle,5/23/2025,60075,Spicy Chicken Wrap(Wrap),0,0,0,0,0,0,0,$0.00,0,0.00%,$0.00,$0.00,0,0.00%,$0.00,$0.00,,,,
Thoreau Middle,5/23/2025,60077,Manager's Vegetable Choice(1/4 cup),110,0,110,110,110,0,110,$0.00,0,0.00%,$0.00,$0.00,0,0.00%,$0.00,$0.00,,,,
Thoreau Middle,5/23/2025,60101,Chickpeas - salad bar entree(1/2 cup),35,0,35,40,29,0,29,$5.22,11,27.50%,$1.98,$7.20,0,0.00%,$0.00,$7.20,,,,
Thoreau Middle,5/23/2025,60150,Strawberry Parfait Power Pack(Power Pack),10,0,10,1,0,0,0,$0.00,0,0.00%,$0.00,$0.00,1,100.00%,$0.00,$0.00,,,,
Timber Lane Elementary,5/23/2025,10044,Soft Pretzel(1 pretzel),0,0,0,12,0,12,12,$0.00,0,0.00%,$0.00,$0.00,0,0.00%,$0.00,$0.00,,,,
Timber Lane Elementary,5/23/2025,10062,Corn(1/2 cup (cooked)),0,0,0,57,56,1,57,$11.97,0,0.00%,$0.00,$11.97,0,0.00%,$0.00,$11.97,,,,
Timber Lane Elementary,5/23/2025,10075,Cheese Pizza(Slice),20,0,20,22,22,0,22,$12.54,0,0.00%,$0.00,$12.54,0,0.00%,$0.00,$12.54,,,,
Timber Lane Elementary,5/23/2025,20001,1% White Milk(Each),108,2,110,276,74,1,75,$27.00,0,0.00%,$0.00,$27.00,201,72.83%,$72.36,$99.36,,,,
Timber Lane Elementary,5/23/2025,20002,Fat Free Chocolate Milk(Each),250,0,250,235,208,0,208,$72.80,0,0.00%,$0.00,$72.80,27,11.49%,$9.45,$82.25,,,,
Timber Lane Elementary,5/23/2025,20008,Apple Slices(3 slices per 1/4 cup),0,0,0,290,285,0,285,$168.15,2,0.69%,$1.18,$169.33,3,1.03%,$1.77,$171.10,,,,
Timber Lane Elementary,5/23/2025,20023,Baby Carrots(3 baby carrots per 1/4 cup),0,0,0,144,142,0,142,$12.78,2,1.39%,$0.18,$12.96,0,0.00%,$0.00,$12.96,,,,
Timber Lane Elementary,5/23/2025,20028,Lettuce Blend Salad Mix(1/2 cup),240,0,240,80,77,0,77,$6.16,3,3.75%,$0.24,$6.40,0,0.00%,$0.00,$6.40,,,,
Timber Lane Elementary,5/23/2025,20031,Banana(Each),0,0,0,73,73,0,73,$15.33,0,0.00%,$0.00,$15.33,0,0.00%,$0.00,$15.33,,,,
Timber Lane Elementary,5/23/2025,20036,Celery Sticks(1/2 cup),0,0,0,72,69,0,69,$37.95,3,4.17%,$1.65,$39.60,0,0.00%,$0.00,$39.60,,,,
Timber Lane Elementary,5/23/2025,20038,Fat Free White Milk(Each),25,0,25,27,13,0,13,$4.29,0,0.00%,$0.00,$4.29,14,51.85%,$4.62,$8.91,,,,
Timber Lane Elementary,5/23/2025,20043,"Lactose Free, White Milk(Each)",2,0,2,2,2,0,2,$1.16,0,0.00%,$0.00,$1.16,0,0.00%,$0.00,$1.16,,,,
Timber Lane Elementary,5/23/2025,20047,Orange Slices(3 slices per 1/4 cup),0,0,0,238,231,0,231,$46.20,5,2.10%,$1.00,$47.20,2,0.84%,$0.40,$47.60,,,,
Timber Lane Elementary,5/23/2025,30034,Graham Crackers(Package),0,0,0,32,32,0,32,$4.48,0,0.00%,$0.00,$4.48,0,0.00%,$0.00,$4.48,,,,
Timber Lane Elementary,5/23/2025,30039,Cherry Flavored Dried Cranberries(Each),50,0,50,55,35,0,35,$8.40,0,0.00%,$0.00,$8.40,20,36.36%,$4.80,$13.20,,,,
Timber Lane Elementary,5/23/2025,30048,Apple Cinnamon Spread(Each),0,0,0,32,32,0,32,$14.40,0,0.00%,$0.00,$14.40,0,0.00%,$0.00,$14.40,,,,
Timber Lane Elementary,5/23/2025,30061,Chilled Mandarin Oranges(1/2 cup (drained)),60,2,62,57,56,1,57,$19.38,0,0.00%,$0.00,$19.38,0,0.00%,$0.00,$19.38,,,,
Timber Lane Elementary,5/23/2025,30077,Italian Dressing(1 ounce),24,0,24,24,4,0,4,$0.32,0,0.00%,$0.00,$0.32,20,83.33%,$1.60,$1.92,,,,
Timber Lane Elementary,5/23/2025,30107,Ranch Dressing(1 ounce),48,0,48,48,46,0,46,$5.06,0,0.00%,$0.00,$5.06,2,4.17%,$0.22,$5.28,,,,
Timber Lane Elementary,5/23/2025,60035,PB&J Power Pack(Power Packs),30,0,30,40,36,1,37,$39.96,0,0.00%,$0.00,$39.96,3,7.50%,$3.24,$43.20,,,,
Timber Lane Elementary,5/23/2025,60036,Cherry Vanilla Yogurt Power Pack(Power Packs),5,0,5,2,2,0,2,$1.60,0,0.00%,$0.00,$1.60,0,0.00%,$0.00,$1.60,,,,
Timber Lane Elementary,5/23/2025,60037,Strawberry & Banana Yogurt Power Pack(Power Packs),20,0,20,19,13,2,15,$12.00,0,0.00%,$0.00,$12.00,4,21.05%,$3.20,$15.20,,,,
Timber Lane Elementary,5/23/2025,60041,Turkey Pepperoni Pizza(1.37 oz),0,0,0,5,0,5,5,$0.00,0,0.00%,$0.00,$0.00,0,0.00%,$0.00,$0.00,,,,
Timber Lane Elementary,5/23/2025,60041,Turkey Pepperoni Pizza(Slice),200,3,203,188,183,1,184,$125.12,1,0.53%,$0.68,$125.80,3,1.60%,$2.04,$127.84,,,,
Timber Lane Elementary,5/23/2025,60077,Manager's Vegetable Choice(1/4 cup),100,0,100,21,21,0,21,$0.00,0,0.00%,$0.00,$0.00,0,0.00%,$0.00,$0.00,,,,
Timber Lane Elementary,5/23/2025,60080,Cheese Pizza(Slice),185,4,189,146,142,1,143,$81.51,0,0.00%,$0.00,$81.51,3,2.05%,$1.71,$83.22,,,,
Twain Middle,5/23/2025,10044,Soft Pretzel(1 pretzel),0,0,0,30,30,0,30,$6.60,0,0.00%,$0.00,$6.60,0,0.00%,$0.00,$6.60,,,,
Twain Middle,5/23/2025,10075,Cheese Pizza(Slice),2196,0,2196,200,185,3,188,$107.16,12,6.00%,$6.84,$114.00,0,0.00%,$0.00,$114.00,,,,
Twain Middle,5/23/2025,20001,1% White Milk(Each),273,0,273,168,44,1,45,$16.20,0,0.00%,$0.00,$16.20,123,73.21%,$44.28,$60.48,,,,
Twain Middle,5/23/2025,20002,Fat Free Chocolate Milk(Each),1484,0,1484,727,235,2,237,$82.95,0,0.00%,$0.00,$82.95,490,67.40%,$171.50,$254.45,,,,
Twain Middle,5/23/2025,20008,Apple Slices(3 slices per 1/4 cup),0,0,0,150,148,1,149,$87.91,1,0.67%,$0.59,$88.50,0,0.00%,$0.00,$88.50,,,,
Twain Middle,5/23/2025,20014,Red Delicious Apple(Each - serving),0,0,0,143,142,1,143,$47.19,0,0.00%,$0.00,$47.19,0,0.00%,$0.00,$47.19,,,,
Twain Middle,5/23/2025,20028,Lettuce Blend Salad Mix(1/2 cup),1296,0,1296,220,216,2,218,$17.44,2,0.91%,$0.16,$17.60,0,0.00%,$0.00,$17.60,,,,
Twain Middle,5/23/2025,20031,Banana(Each),0,0,0,205,204,1,205,$43.05,0,0.00%,$0.00,$43.05,0,0.00%,$0.00,$43.05,,,,
Twain Middle,5/23/2025,20038,Fat Free White Milk(Each),36,0,36,5,5,0,5,$1.65,0,0.00%,$0.00,$1.65,0,0.00%,$0.00,$1.65,,,,
Twain Middle,5/23/2025,30024,Black Beans(1/2 Cup),0,0,0,22,20,1,21,$3.57,1,4.55%,$0.17,$3.74,0,0.00%,$0.00,$3.74,,,,
Twain Middle,5/23/2025,30044,Strawberry Flavored Dried Cranberries(Each),388,0,388,160,75,0,75,$18.00,0,0.00%,$0.00,$18.00,85,53.13%,$20.40,$38.40,,,,
Twain Middle,5/23/2025,30063,Ketchup Packet(Packet),1199,0,1199,300,223,2,225,$6.75,0,0.00%,$0.00,$6.75,75,25.00%,$2.25,$9.00,,,,
Twain Middle,5/23/2025,30064,Mayonnaise Packet(Packet),182,0,182,55,39,1,40,$4.00,0,0.00%,$0.00,$4.00,15,27.27%,$1.50,$5.50,,,,
Twain Middle,5/23/2025,30107,Ranch Dressing(1 ounce),557,0,557,95,91,2,93,$10.23,2,2.11%,$0.22,$10.45,0,0.00%,$0.00,$10.45,,,,
Twain Middle,5/23/2025,60035,PB&J Power Pack(Power Packs),475,0,475,140,94,0,94,$101.52,0,0.00%,$0.00,$101.52,46,32.86%,$49.68,$151.20,,,,
Twain Middle,5/23/2025,60038,Peach Yogurt Power Pack(Power Packs),319,0,319,69,41,3,44,$35.20,0,0.00%,$0.00,$35.20,25,36.23%,$20.00,$55.20,,,,
Twain Middle,5/23/2025,60041,Turkey Pepperoni Pizza(Slice),1608,0,1608,200,197,1,198,$134.64,2,1.00%,$1.36,$136.00,0,0.00%,$0.00,$136.00,,,,
Twain Middle,5/23/2025,60063,Chicken & Vegetable Dumplings(6 dumplings),0,0,0,40,40,0,40,$0.00,0,0.00%,$0.00,$0.00,0,0.00%,$0.00,$0.00,,,,
Union Mill Elementary,5/23/2025,10044,Soft Pretzel(1 pretzel),5,0,5,2,2,0,2,$0.44,0,0.00%,$0.00,$0.44,0,0.00%,$0.00,$0.44,,,,
Union Mill Elementary,5/23/2025,10073,Whole Strawberries(1/2 cup thawed),150,0,150,300,299,0,299,$101.66,1,0.33%,$0.34,$102.00,0,0.00%,$0.00,$102.00,,,,
Union Mill Elementary,5/23/2025,10075,Cheese Pizza(Slice),250,0,250,288,268,0,268,$152.76,20,6.94%,$11.40,$164.16,0,0.00%,$0.00,$164.16,,,,
Union Mill Elementary,5/23/2025,20001,1% White Milk(Each),50,0,50,65,33,0,33,$11.88,0,0.00%,$0.00,$11.88,32,49.23%,$11.52,$23.40,,,,
Union Mill Elementary,5/23/2025,20002,Fat Free Chocolate Milk(Each),300,0,300,271,254,0,254,$88.90,0,0.00%,$0.00,$88.90,17,6.27%,$5.95,$94.85,,,,
Union Mill Elementary,5/23/2025,20011,Cherry Tomatoes(6 Tomatoes per 1/2 cup),100,0,100,72,69,0,69,$51.06,3,4.17%,$2.22,$53.28,0,0.00%,$0.00,$53.28,,,,
Union Mill Elementary,5/23/2025,20013,Gala Apple(Each),180,0,180,180,150,0,150,$55.50,0,0.00%,$0.00,$55.50,30,16.67%,$11.10,$66.60,,,,
Union Mill Elementary,5/23/2025,20017,Orange(1/4 cup),0,0,0,25,20,0,20,$3.40,5,20.00%,$0.85,$4.25,0,0.00%,$0.00,$4.25,,,,
Union Mill Elementary,5/23/2025,20028,Lettuce Blend Salad Mix(1/2 cup),120,0,120,120,118,0,118,$9.44,2,1.67%,$0.16,$9.60,0,0.00%,$0.00,$9.60,,,,
Union Mill Elementary,5/23/2025,20038,Fat Free White Milk(Each),30,0,30,64,14,0,14,$4.62,0,0.00%,$0.00,$4.62,50,78.13%,$16.50,$21.12,,,,
Union Mill Elementary,5/23/2025,30039,Cherry Flavored Dried Cranberries(Each),100,0,100,100,72,0,72,$17.28,0,0.00%,$0.00,$17.28,28,28.00%,$6.72,$24.00,,,,
Union Mill Elementary,5/23/2025,30077,Italian Dressing(1 ounce),30,0,30,30,20,0,20,$1.60,10,33.33%,$0.80,$2.40,0,0.00%,$0.00,$2.40,,,,
Union Mill Elementary,5/23/2025,30099,Chickpeas(1/2 cup),0,0,0,25,15,0,15,$2.70,10,40.00%,$1.80,$4.50,0,0.00%,$0.00,$4.50,,,,
Union Mill Elementary,5/23/2025,30107,Ranch Dressing(1 ounce),80,0,80,80,78,0,78,$8.58,2,2.50%,$0.22,$8.80,0,0.00%,$0.00,$8.80,,,,
Union Mill Elementary,5/23/2025,60035,PB&J Power Pack(Power Packs),50,0,50,64,63,0,63,$68.04,0,0.00%,$0.00,$68.04,1,1.56%,$1.08,$69.12,,,,
Union Mill Elementary,5/23/2025,60037,Strawberry & Banana Yogurt Power Pack(Power Packs),30,0,30,31,14,0,14,$11.20,0,0.00%,$0.00,$11.20,17,54.84%,$13.60,$24.80,,,,
Union Mill Elementary,5/23/2025,60041,Turkey Pepperoni Pizza(Slice),150,0,150,108,105,0,105,$71.40,3,2.78%,$2.04,$73.44,0,0.00%,$0.00,$73.44,,,,
Union Mill Elementary,5/23/2025,60077,Manager's Vegetable Choice(1/2 cup),100,0,100,108,106,0,106,$0.00,2,1.85%,$0.00,$0.00,0,0.00%,$0.00,$0.00,,,,
Union Mill Elementary,5/23/2025,60101,Chickpeas - salad bar entree(1/2 cup),0,0,0,2,2,0,2,$0.36,0,0.00%,$0.00,$0.36,0,0.00%,$0.00,$0.36,,,,
Vienna Elementary,5/23/2025,10044,Soft Pretzel(1 pretzel),5,25,30,36,3,33,36,$7.92,0,0.00%,$0.00,$7.92,0,0.00%,$0.00,$7.92,,,,
Vienna Elementary,5/23/2025,20001,1% White Milk(Each),18,2,20,27,19,1,20,$7.20,0,0.00%,$0.00,$7.20,7,25.93%,$2.52,$9.72,,,,
Vienna Elementary,5/23/2025,20002,Fat Free Chocolate Milk(Each),75,15,90,98,61,11,72,$25.20,0,0.00%,$0.00,$25.20,26,26.53%,$9.10,$34.30,,,,
Vienna Elementary,5/23/2025,20011,Cherry Tomatoes(1/4 cup),36,0,36,36,36,0,36,$13.32,0,0.00%,$0.00,$13.32,0,0.00%,$0.00,$13.32,,,,
Vienna Elementary,5/23/2025,20014,Red Delicious Apple(Each - serving),0,0,0,45,43,2,45,$14.85,0,0.00%,$0.00,$14.85,0,0.00%,$0.00,$14.85,,,,
Vienna Elementary,5/23/2025,20016,String Cheese(Each),0,15,15,20,0,19,19,$0.00,0,0.00%,$0.00,$0.00,1,5.00%,$0.00,$0.00,,,,
Vienna Elementary,5/23/2025,20017,Orange(1/4 cup),0,0,0,30,28,2,30,$5.10,0,0.00%,$0.00,$5.10,0,0.00%,$0.00,$5.10,,,,
Vienna Elementary,5/23/2025,20028,Lettuce Blend Salad Mix(1/2 cup),40,0,40,40,40,0,40,$3.20,0,0.00%,$0.00,$3.20,0,0.00%,$0.00,$3.20,,,,
Vienna Elementary,5/23/2025,20038,Fat Free White Milk(Each),10,0,10,15,10,2,12,$3.96,0,0.00%,$0.00,$3.96,3,20.00%,$0.99,$4.95,,,,
Vienna Elementary,5/23/2025,20052,Assorted  4 oz Yogurt(Container),0,15,15,12,0,10,10,$0.00,0,0.00%,$0.00,$0.00,2,16.67%,$0.00,$0.00,,,,
Vienna Elementary,5/23/2025,30024,Black Beans(1/2 Cup),6,0,6,7,7,0,7,$1.19,0,0.00%,$0.00,$1.19,0,0.00%,$0.00,$1.19,,,,
Vienna Elementary,5/23/2025,30033,Cheez-Its Crackers(Package),0,15,15,15,0,13,13,$0.00,0,0.00%,$0.00,$0.00,2,13.33%,$0.00,$0.00,,,,
Vienna Elementary,5/23/2025,30045,Watermelon Flavored Dried Cranberries(2 Eaches),0,0,0,20,14,6,20,$9.60,0,0.00%,$0.00,$9.60,0,0.00%,$0.00,$9.60,,,,
Vienna Elementary,5/23/2025,30061,Chilled Mandarin Oranges(1/2 cup (drained)),6,0,6,7,7,0,7,$2.38,0,0.00%,$0.00,$2.38,0,0.00%,$0.00,$2.38,,,,
Vienna Elementary,5/23/2025,30061,Chilled Mandarin Oranges(1/4 cup (drained)),21,0,21,5,5,0,5,$0.85,0,0.00%,$0.00,$0.85,0,0.00%,$0.00,$0.85,,,,
Vienna Elementary,5/23/2025,30077,Italian Dressing(1 ounce),15,0,15,150,150,0,150,$12.00,0,0.00%,$0.00,$12.00,0,0.00%,$0.00,$12.00,,,,
Vienna Elementary,5/23/2025,30094,Doritos Wild White Nacho Flavored Tortilla Chips(Bag),0,72,72,72,0,52,52,$0.00,0,0.00%,$0.00,$0.00,20,27.78%,$0.00,$0.00,,,,
Vienna Elementary,5/23/2025,30097,Bottled Water(Bottle),0,15,15,20,0,16,16,$0.00,0,0.00%,$0.00,$0.00,4,20.00%,$0.00,$0.00,,,,
Vienna Elementary,5/23/2025,30099,Chickpeas(1/4 cup),22,0,22,22,14,0,14,$1.26,8,36.36%,$0.72,$1.98,0,0.00%,$0.00,$1.98,,,,
Vienna Elementary,5/23/2025,30107,Ranch Dressing(1 ounce),24,0,24,48,41,0,41,$4.51,7,14.58%,$0.77,$5.28,0,0.00%,$0.00,$5.28,,,,
Vienna Elementary,5/23/2025,30109,Smartfood RF White Cheddar Popcorn(Each),0,31,31,35,0,31,31,$0.00,0,0.00%,$0.00,$0.00,4,11.43%,$0.00,$0.00,,,,
Vienna Elementary,5/23/2025,60035,PB&J Power Pack(Power Packs),5,10,15,27,13,12,25,$27.00,0,0.00%,$0.00,$27.00,2,7.41%,$2.16,$29.16,,,,
Vienna Elementary,5/23/2025,60036,Cherry Vanilla Yogurt Power Pack(Power Packs),3,0,3,2,2,0,2,$1.60,0,0.00%,$0.00,$1.60,0,0.00%,$0.00,$1.60,,,,
Vienna Elementary,5/23/2025,60037,Strawberry & Banana Yogurt Power Pack(Power Packs),2,0,2,2,1,0,1,$0.80,0,0.00%,$0.00,$0.80,1,50.00%,$0.80,$1.60,,,,
Vienna Elementary,5/23/2025,60041,Turkey Pepperoni Pizza(Slice),46,5,51,44,40,3,43,$29.24,1,2.27%,$0.68,$29.92,0,0.00%,$0.00,$29.92,,,,
Vienna Elementary,5/23/2025,60077,Manager's Vegetable Choice(1/4 cup),48,0,48,48,48,0,48,$0.00,0,0.00%,$0.00,$0.00,0,0.00%,$0.00,$0.00,,,,
Vienna Elementary,5/23/2025,60080,Cheese Pizza(Slice),69,15,84,80,66,13,79,$45.03,1,1.25%,$0.57,$45.60,0,0.00%,$0.00,$45.60,,,,
Vienna Elementary,5/23/2025,60101,Chickpeas - salad bar entree(1/2 cup),10,0,10,10,10,0,10,$1.80,0,0.00%,$0.00,$1.80,0,0.00%,$0.00,$1.80,,,,
Virginia Run Elementary,5/23/2025,10044,Soft Pretzel(1 pretzel),0,0,0,5,2,0,2,$0.44,0,0.00%,$0.00,$0.44,3,60.00%,$0.66,$1.10,,,,
Virginia Run Elementary,5/23/2025,10074,"Frozen Berry, Triple Berry Blend(1/2 cup (thawed))",0,0,0,100,100,0,100,$3.00,0,0.00%,$0.00,$3.00,0,0.00%,$0.00,$3.00,,,,
Virginia Run Elementary,5/23/2025,10075,Cheese Pizza(Slice),5,0,5,4,4,0,4,$2.28,0,0.00%,$0.00,$2.28,0,0.00%,$0.00,$2.28,,,,
Virginia Run Elementary,5/23/2025,20001,1% White Milk(Each),41,1,42,198,41,1,42,$15.12,0,0.00%,$0.00,$15.12,156,78.79%,$56.16,$71.28,,,,
Virginia Run Elementary,5/23/2025,20002,Fat Free Chocolate Milk(Each),277,0,277,514,262,0,262,$91.70,0,0.00%,$0.00,$91.70,252,49.03%,$88.20,$179.90,,,,
Virginia Run Elementary,5/23/2025,20011,Cherry Tomatoes(1/4 cup),80,0,80,72,72,0,72,$26.64,0,0.00%,$0.00,$26.64,0,0.00%,$0.00,$26.64,,,,
Virginia Run Elementary,5/23/2025,20014,Red Delicious Apple(Each - serving),0,0,0,185,185,0,185,$61.05,0,0.00%,$0.00,$61.05,0,0.00%,$0.00,$61.05,,,,
Virginia Run Elementary,5/23/2025,20023,Baby Carrots(3 baby carrots per 1/4 cup),0,0,0,72,72,0,72,$6.48,0,0.00%,$0.00,$6.48,0,0.00%,$0.00,$6.48,,,,
Virginia Run Elementary,5/23/2025,20028,Lettuce Blend Salad Mix(1/2 cup),89,0,89,120,120,0,120,$9.60,0,0.00%,$0.00,$9.60,0,0.00%,$0.00,$9.60,,,,
Virginia Run Elementary,5/23/2025,20038,Fat Free White Milk(Each),16,0,16,30,10,0,10,$3.30,0,0.00%,$0.00,$3.30,20,66.67%,$6.60,$9.90,,,,
Virginia Run Elementary,5/23/2025,20043,"Lactose Free, White Milk(Each)",0,0,0,2,2,0,2,$1.16,0,0.00%,$0.00,$1.16,0,0.00%,$0.00,$1.16,,,,
Virginia Run Elementary,5/23/2025,20047,Orange Slices(3 slices per 1/4 cup),0,0,0,85,85,0,85,$17.00,0,0.00%,$0.00,$17.00,0,0.00%,$0.00,$17.00,,,,
Virginia Run Elementary,5/23/2025,30008,Apple Juice(Each),0,0,0,2,1,0,1,$0.17,0,0.00%,$0.00,$0.17,1,50.00%,$0.17,$0.34,,,,
Virginia Run Elementary,5/23/2025,30024,Black Beans(1/2 Cup),26,1,27,20,19,1,20,$3.40,0,0.00%,$0.00,$3.40,0,0.00%,$0.00,$3.40,,,,
Virginia Run Elementary,5/23/2025,30033,Cheez-Its Crackers(Package),20,0,20,15,15,0,15,$2.70,0,0.00%,$0.00,$2.70,0,0.00%,$0.00,$2.70,,,,
Virginia Run Elementary,5/23/2025,30034,Graham Crackers(Package),0,0,0,24,20,0,20,$2.80,0,0.00%,$0.00,$2.80,4,16.67%,$0.56,$3.36,,,,
Virginia Run Elementary,5/23/2025,30043,Raspberry Lemonade Flavored Dried Cranberries(Each),18,0,18,20,13,0,13,$3.12,0,0.00%,$0.00,$3.12,7,35.00%,$1.68,$4.80,,,,
Virginia Run Elementary,5/23/2025,30048,Apple Cinnamon Spread(Each),0,0,0,15,15,0,15,$6.75,0,0.00%,$0.00,$6.75,0,0.00%,$0.00,$6.75,,,,
Virginia Run Elementary,5/23/2025,30061,Chilled Mandarin Oranges(1/2 cup (drained)),26,1,27,20,19,1,20,$6.80,0,0.00%,$0.00,$6.80,0,0.00%,$0.00,$6.80,,,,
Virginia Run Elementary,5/23/2025,30061,Chilled Mandarin Oranges(1/4 cup (drained)),31,0,31,17,17,0,17,$2.89,0,0.00%,$0.00,$2.89,0,0.00%,$0.00,$2.89,,,,
Virginia Run Elementary,5/23/2025,30077,Italian Dressing(1 ounce),14,0,14,24,12,0,12,$0.96,0,0.00%,$0.00,$0.96,12,50.00%,$0.96,$1.92,,,,
Virginia Run Elementary,5/23/2025,30078,"Sauce, BBQ, HFCS-Free, Bulk, Low-Sodium(2 TBSP)",0,0,0,24,19,0,19,$1.90,0,0.00%,$0.00,$1.90,5,20.83%,$0.50,$2.40,,,,
Virginia Run Elementary,5/23/2025,30094,Doritos Wild White Nacho Flavored Tortilla Chips(Bag),0,0,0,89,77,0,77,$26.95,0,0.00%,$0.00,$26.95,12,13.48%,$4.20,$31.15,,,,
Virginia Run Elementary,5/23/2025,30097,Bottled Water(Bottle),0,0,0,5,2,0,2,$0.32,0,0.00%,$0.00,$0.32,3,60.00%,$0.48,$0.80,,,,
Virginia Run Elementary,5/23/2025,30107,Ranch Dressing(1 ounce),46,0,46,48,48,0,48,$5.28,0,0.00%,$0.00,$5.28,0,0.00%,$0.00,$5.28,,,,
Virginia Run Elementary,5/23/2025,60035,PB&J Power Pack(Power Packs),82,0,82,68,60,0,60,$64.80,0,0.00%,$0.00,$64.80,8,11.76%,$8.64,$73.44,,,,
Virginia Run Elementary,5/23/2025,60036,Cherry Vanilla Yogurt Power Pack(Power Packs),34,0,34,24,20,0,20,$16.00,0,0.00%,$0.00,$16.00,4,16.67%,$3.20,$19.20,,,,
Virginia Run Elementary,5/23/2025,60041,Turkey Pepperoni Pizza(Slice),196,6,202,185,177,5,182,$123.76,3,1.62%,$2.04,$125.80,0,0.00%,$0.00,$125.80,,,,
Virginia Run Elementary,5/23/2025,60077,Manager's Vegetable Choice(1/4 cup),67,0,67,40,40,0,40,$0.00,0,0.00%,$0.00,$0.00,0,0.00%,$0.00,$0.00,,,,
Virginia Run Elementary,5/23/2025,60080,Cheese Pizza(Slice),189,6,195,166,163,1,164,$93.48,2,1.20%,$1.14,$94.62,0,0.00%,$0.00,$94.62,,,,
Virginia Run Elementary,5/23/2025,60101,Chickpeas - salad bar entree(1/2 cup),36,0,36,36,36,0,36,$6.48,0,0.00%,$0.00,$6.48,0,0.00%,$0.00,$6.48,,,,
Virginia Run Elementary,5/23/2025,60121,"Sauce, Spicy Mayo(tbsp)",0,0,0,24,19,0,19,$1.71,0,0.00%,$0.00,$1.71,5,20.83%,$0.45,$2.16,,,,
WESTFIELD HS,5/23/2025,10001,"Patty, Chicken, Breaded, WG(2 strips)",14,0,14,29,21,0,21,$4.62,0,0.00%,$0.00,$4.62,8,27.59%,$1.76,$6.38,,,,
WESTFIELD HS,5/23/2025,10026,Chickenless Bites(2 Bites),0,0,0,14,10,4,14,$5.04,0,0.00%,$0.00,$5.04,0,0.00%,$0.00,$5.04,,,,
WESTFIELD HS,5/23/2025,10033,Chocolate Chip Cookie(Cookie),0,0,0,206,0,206,206,$0.00,0,0.00%,$0.00,$0.00,0,0.00%,$0.00,$0.00,,,,
WESTFIELD HS,5/23/2025,10044,Soft Pretzel(1 pretzel),18,0,18,20,0,13,13,$0.00,0,0.00%,$0.00,$0.00,7,35.00%,$0.00,$0.00,,,,
WESTFIELD HS,5/23/2025,10049,"WG 10"" Flour Tortilla(Tortilla)",10,0,10,12,12,0,12,$4.20,0,0.00%,$0.00,$4.20,0,0.00%,$0.00,$4.20,,,,
WESTFIELD HS,5/23/2025,10051,"Turkey,  Breast, Pre-Sliced, Oven Roasted(3 Slices)",0,0,0,4,4,0,4,$2.16,0,0.00%,$0.00,$2.16,0,0.00%,$0.00,$2.16,,,,
WESTFIELD HS,5/23/2025,10062,Corn(2 Tablespoons (thawed)),17,0,17,25,25,0,25,$1.25,0,0.00%,$0.00,$1.25,0,0.00%,$0.00,$1.25,,,,
WESTFIELD HS,5/23/2025,10070,Orange Sauce(ounce),0,0,0,25,25,0,25,$3.50,0,0.00%,$0.00,$3.50,0,0.00%,$0.00,$3.50,,,,
WESTFIELD HS,5/23/2025,10075,Cheese Pizza(Slice),177,0,177,237,194,33,227,$129.39,0,0.00%,$0.00,$129.39,10,4.22%,$5.70,$135.09,,,,
WESTFIELD HS,5/23/2025,20001,1% White Milk(Each),72,0,72,128,44,0,44,$15.84,0,0.00%,$0.00,$15.84,84,65.63%,$30.24,$46.08,,,,
WESTFIELD HS,5/23/2025,20002,Fat Free Chocolate Milk(Each),402,0,402,522,350,0,350,$122.50,0,0.00%,$0.00,$122.50,172,32.95%,$60.20,$182.70,,,,
WESTFIELD HS,5/23/2025,20006,"Cheese, Shredded, Cheddar(1/4 cup)",20,0,20,40,30,0,30,$5.10,0,0.00%,$0.00,$5.10,10,25.00%,$1.70,$6.80,,,,
WESTFIELD HS,5/23/2025,20008,Apple Slices(6 Slices per 1/2 cup),15,0,15,0,0,0,0,$0.00,0,0.00%,$0.00,$0.00,0,0.00%,$0.00,$0.00,,,,
WESTFIELD HS,5/23/2025,20010,Fresh Whole Pear(Each),0,0,0,0,0,0,0,$0.00,0,0.00%,$0.00,$0.00,0,0.00%,$0.00,$0.00,,,,
WESTFIELD HS,5/23/2025,20011,Cherry Tomatoes(1/4 cup),16,0,16,72,72,0,72,$26.64,0,0.00%,$0.00,$26.64,0,0.00%,$0.00,$26.64,,,,
WESTFIELD HS,5/23/2025,20014,Red Delicious Apple(Each - serving),0,0,0,275,248,0,248,$81.84,0,0.00%,$0.00,$81.84,27,9.82%,$8.91,$90.75,,,,
WESTFIELD HS,5/23/2025,20017,Orange(1/4 cup),0,0,0,216,154,0,154,$26.18,0,0.00%,$0.00,$26.18,62,28.70%,$10.54,$36.72,,,,
WESTFIELD HS,5/23/2025,20023,Baby Carrots(3 baby carrots per 1/4 cup),0,0,0,90,71,0,71,$6.39,0,0.00%,$0.00,$6.39,19,21.11%,$1.71,$8.10,,,,
WESTFIELD HS,5/23/2025,20027,Broccoli Florets(6 Pieces per 1/2 cup),15,0,15,20,10,0,10,$1.50,0,0.00%,$0.00,$1.50,10,50.00%,$1.50,$3.00,,,,
WESTFIELD HS,5/23/2025,20028,Lettuce Blend Salad Mix(1/2 cup),117,0,117,220,216,0,216,$17.28,0,0.00%,$0.00,$17.28,4,1.82%,$0.32,$17.60,,,,
WESTFIELD HS,5/23/2025,20030,Sour Cream(2 Tablespoons),54,0,54,128,117,0,117,$17.55,0,0.00%,$0.00,$17.55,11,8.59%,$1.65,$19.20,,,,
WESTFIELD HS,5/23/2025,20031,Banana(Each),14,0,14,0,0,0,0,$0.00,0,0.00%,$0.00,$0.00,0,0.00%,$0.00,$0.00,,,,
WESTFIELD HS,5/23/2025,20035,"Onions, Red, Whole(1/4 cup (sliced))",14,0,14,0,0,0,0,$0.00,0,0.00%,$0.00,$0.00,0,0.00%,$0.00,$0.00,,,,
WESTFIELD HS,5/23/2025,20036,Celery Sticks(1/2 cup),0,0,0,30,25,0,25,$13.75,0,0.00%,$0.00,$13.75,5,16.67%,$2.75,$16.50,,,,
WESTFIELD HS,5/23/2025,20038,Fat Free White Milk(Each),44,0,44,80,25,0,25,$8.25,0,0.00%,$0.00,$8.25,55,68.75%,$18.15,$26.40,,,,
WESTFIELD HS,5/23/2025,20041,"Peppers, Green, Whole(2 Tablespoon)",8,0,8,0,0,0,0,$0.00,0,0.00%,$0.00,$0.00,0,0.00%,$0.00,$0.00,,,,
WESTFIELD HS,5/23/2025,20042,"Peppers, Red, Whole(2 Tablespoons)",13,0,13,0,0,0,0,$0.00,0,0.00%,$0.00,$0.00,0,0.00%,$0.00,$0.00,,,,
WESTFIELD HS,5/23/2025,20074,"Apple Slices(3 slices, 1/4 cup)",0,0,0,72,72,0,72,$12.96,0,0.00%,$0.00,$12.96,0,0.00%,$0.00,$12.96,,,,
WESTFIELD HS,5/23/2025,20076,"Peppers, green, pre-sliced(1/4 cup sliced)",12,0,12,0,0,0,0,$0.00,0,0.00%,$0.00,$0.00,0,0.00%,$0.00,$0.00,,,,
WESTFIELD HS,5/23/2025,20077,"Peppers, red, pre-sliced(1/4 cup sliced)",14,0,14,25,25,0,25,$7.00,0,0.00%,$0.00,$7.00,0,0.00%,$0.00,$7.00,,,,
WESTFIELD HS,5/23/2025,30002,Sub Roll(Sub Roll),0,0,0,2,1,0,1,$0.31,0,0.00%,$0.00,$0.31,1,50.00%,$0.31,$0.62,,,,
WESTFIELD HS,5/23/2025,30011,"Salsa, Mild Canned(1.5 oz)",57,0,57,128,117,0,117,$11.70,0,0.00%,$0.00,$11.70,11,8.59%,$1.10,$12.80,,,,
WESTFIELD HS,5/23/2025,30014,Whole Wheat Dinner Roll(2 rolls),0,0,0,14,14,0,14,$3.92,0,0.00%,$0.00,$3.92,0,0.00%,$0.00,$3.92,,,,
WESTFIELD HS,5/23/2025,30024,Black Beans(1/2 Cup),0,0,0,54,51,0,51,$8.67,0,0.00%,$0.00,$8.67,3,5.56%,$0.51,$9.18,,,,
WESTFIELD HS,5/23/2025,30039,Cherry Flavored Dried Cranberries(Each),8,0,8,0,0,0,0,$0.00,0,0.00%,$0.00,$0.00,0,0.00%,$0.00,$0.00,,,,
WESTFIELD HS,5/23/2025,30041,Orange Flavored Dried Cranberries(Each),0,0,0,0,0,0,0,$0.00,0,0.00%,$0.00,$0.00,0,0.00%,$0.00,$0.00,,,,
WESTFIELD HS,5/23/2025,30043,Raspberry Lemonade Flavored Dried Cranberries(Each),0,0,0,0,0,0,0,$0.00,0,0.00%,$0.00,$0.00,0,0.00%,$0.00,$0.00,,,,
WESTFIELD HS,5/23/2025,30044,Strawberry Flavored Dried Cranberries(Each),231,0,231,220,189,0,189,$45.36,0,0.00%,$0.00,$45.36,31,14.09%,$7.44,$52.80,,,,
WESTFIELD HS,5/23/2025,30045,Watermelon Flavored Dried Cranberries(Each),0,0,0,0,0,0,0,$0.00,0,0.00%,$0.00,$0.00,0,0.00%,$0.00,$0.00,,,,
WESTFIELD HS,5/23/2025,30061,Chilled Mandarin Oranges(1/4 cup (drained)),340,0,340,768,720,0,720,$122.40,0,0.00%,$0.00,$122.40,48,6.25%,$8.16,$130.56,,,,
WESTFIELD HS,5/23/2025,30063,Ketchup Packet(Packet),844,0,844,200,200,0,200,$6.00,0,0.00%,$0.00,$6.00,0,0.00%,$0.00,$6.00,,,,
WESTFIELD HS,5/23/2025,30064,Mayonnaise Packet(Packet),155,0,155,50,47,0,47,$4.70,0,0.00%,$0.00,$4.70,3,6.00%,$0.30,$5.00,,,,
WESTFIELD HS,5/23/2025,30065,Mustard Packet(Packet),181,0,181,50,47,0,47,$2.35,0,0.00%,$0.00,$2.35,3,6.00%,$0.15,$2.50,,,,
WESTFIELD HS,5/23/2025,30077,Italian Dressing(1 ounce),359,0,359,68,44,0,44,$3.52,0,0.00%,$0.00,$3.52,24,35.29%,$1.92,$5.44,,,,
WESTFIELD HS,5/23/2025,30097,Bottled Water(Bottle),0,0,0,50,0,40,40,$0.00,0,0.00%,$0.00,$0.00,10,20.00%,$0.00,$0.00,,,,
WESTFIELD HS,5/23/2025,30107,Ranch Dressing(1 ounce),288,0,288,208,188,0,188,$20.68,0,0.00%,$0.00,$20.68,20,9.62%,$2.20,$22.88,,,,
WESTFIELD HS,5/23/2025,30110,Doritos Flamas(Each),0,0,0,0,0,0,0,$0.00,0,0.00%,$0.00,$0.00,0,0.00%,$0.00,$0.00,,,,
WESTFIELD HS,5/23/2025,30112,Doritos RF Nacho Cheese(Each),0,0,0,49,0,40,40,$0.00,0,0.00%,$0.00,$0.00,9,18.37%,$0.00,$0.00,,,,
WESTFIELD HS,5/23/2025,30119,RF Kettle Chips Jalapeno & Cheddar Chips(Each),0,0,0,125,0,67,67,$0.00,0,0.00%,$0.00,$0.00,58,46.40%,$0.00,$0.00,,,,
WESTFIELD HS,5/23/2025,30120,RF Kettle Chips Sea Salt & Vinegar Chips(Each),0,0,0,120,0,60,60,$0.00,0,0.00%,$0.00,$0.00,60,50.00%,$0.00,$0.00,,,,
WESTFIELD HS,5/23/2025,30124,"Fruit Snacks, Welch's Mixed(Each)",0,0,0,50,0,13,13,$0.00,0,0.00%,$0.00,$0.00,37,74.00%,$0.00,$0.00,,,,
WESTFIELD HS,5/23/2025,60020,"Quesadilla, Turkey Barbacoa and Cheese(Quesadilla)",86,0,86,128,111,5,116,$141.52,1,0.78%,$1.22,$142.74,11,8.59%,$13.42,$156.16,,,,
WESTFIELD HS,5/23/2025,60035,PB&J Power Pack(Power Packs),117,0,117,204,161,43,204,$220.32,0,0.00%,$0.00,$220.32,0,0.00%,$0.00,$220.32,,,,
WESTFIELD HS,5/23/2025,60037,Strawberry & Banana Yogurt Power Pack(Power Packs),1,0,1,5,2,0,2,$1.60,0,0.00%,$0.00,$1.60,3,60.00%,$2.40,$4.00,,,,
WESTFIELD HS,5/23/2025,60041,Turkey Pepperoni Pizza(Slice),184,0,184,264,228,25,253,$172.04,1,0.38%,$0.68,$172.72,10,3.79%,$6.80,$179.52,,,,
WESTFIELD HS,5/23/2025,60050,Chickenless Bites(2 Bites),5,0,5,10,3,0,3,$1.14,0,0.00%,$0.00,$1.14,7,70.00%,$2.66,$3.80,,,,
WESTFIELD HS,5/23/2025,60064,Vegetable Dumpling(6 dumplings),0,0,0,69,54,8,62,$0.00,1,1.45%,$0.00,$0.00,6,8.70%,$0.00,$0.00,,,,
WESTFIELD HS,5/23/2025,60075,Spicy Chicken Wrap(Wrap),10,0,10,0,0,0,0,$0.00,0,0.00%,$0.00,$0.00,0,0.00%,$0.00,$0.00,,,,
WESTFIELD HS,5/23/2025,60077,Manager's Vegetable Choice(1/4 cup),96,0,96,0,0,0,0,$0.00,0,0.00%,$0.00,$0.00,0,0.00%,$0.00,$0.00,,,,
WESTFIELD HS,5/23/2025,60100,Black Beans - salad bar entree(1/2 cup),0,0,0,5,0,0,0,$0.00,0,0.00%,$0.00,$0.00,5,100.00%,$0.00,$0.00,,,,
WESTFIELD HS,5/23/2025,60122,Asian Meatball Sub(sandwich),0,0,0,13,13,0,13,$23.14,0,0.00%,$0.00,$23.14,0,0.00%,$0.00,$23.14,,,,
Wakefield Forest Elementary,5/23/2025,10044,Soft Pretzel(1 pretzel),0,0,0,11,11,0,11,$2.42,0,0.00%,$0.00,$2.42,0,0.00%,$0.00,$2.42,,,,
Wakefield Forest Elementary,5/23/2025,10075,Cheese Pizza(Slice),149,0,149,133,124,0,124,$70.68,0,0.00%,$0.00,$70.68,9,6.77%,$5.13,$75.81,,,,
Wakefield Forest Elementary,5/23/2025,20001,1% White Milk(Each),17,0,17,133,14,0,14,$5.04,0,0.00%,$0.00,$5.04,119,89.47%,$42.84,$47.88,,,,
Wakefield Forest Elementary,5/23/2025,20002,Fat Free Chocolate Milk(Each),154,2,156,224,206,0,206,$72.10,0,0.00%,$0.00,$72.10,18,8.04%,$6.30,$78.40,,,,
Wakefield Forest Elementary,5/23/2025,20011,Cherry Tomatoes(1/4 cup),71,0,71,72,72,0,72,$26.64,0,0.00%,$0.00,$26.64,0,0.00%,$0.00,$26.64,,,,
Wakefield Forest Elementary,5/23/2025,20015,Golden Delicious Apple(Each),0,0,0,30,26,0,26,$8.06,0,0.00%,$0.00,$8.06,4,13.33%,$1.24,$9.30,,,,
Wakefield Forest Elementary,5/23/2025,20017,Orange(1/4 cup),0,0,0,102,102,0,102,$17.34,0,0.00%,$0.00,$17.34,0,0.00%,$0.00,$17.34,,,,
Wakefield Forest Elementary,5/23/2025,20018,Red Seedless Grapes(8 grapes per 1/4 cup),92,0,92,184,184,0,184,$47.84,0,0.00%,$0.00,$47.84,0,0.00%,$0.00,$47.84,,,,
Wakefield Forest Elementary,5/23/2025,20023,Baby Carrots(3 baby carrots per 1/4 cup),0,0,0,96,85,0,85,$7.65,0,0.00%,$0.00,$7.65,11,11.46%,$0.99,$8.64,,,,
Wakefield Forest Elementary,5/23/2025,20028,Lettuce Blend Salad Mix(1/2 cup),80,0,80,120,120,0,120,$9.60,0,0.00%,$0.00,$9.60,0,0.00%,$0.00,$9.60,,,,
Wakefield Forest Elementary,5/23/2025,20038,Fat Free White Milk(Each),13,0,13,119,10,0,10,$3.30,0,0.00%,$0.00,$3.30,109,91.60%,$35.97,$39.27,,,,
Wakefield Forest Elementary,5/23/2025,30030,Cheddar Chex Mix(Package),0,0,0,13,13,0,13,$5.85,0,0.00%,$0.00,$5.85,0,0.00%,$0.00,$5.85,,,,
Wakefield Forest Elementary,5/23/2025,30033,Cheez-Its Crackers(Package),0,0,0,9,9,0,9,$1.62,0,0.00%,$0.00,$1.62,0,0.00%,$0.00,$1.62,,,,
Wakefield Forest Elementary,5/23/2025,30077,Italian Dressing(1 ounce),9,0,9,6,6,0,6,$0.48,0,0.00%,$0.00,$0.48,0,0.00%,$0.00,$0.48,,,,
Wakefield Forest Elementary,5/23/2025,30099,Chickpeas(1/4 cup),27,0,27,30,30,0,30,$2.70,0,0.00%,$0.00,$2.70,0,0.00%,$0.00,$2.70,,,,
Wakefield Forest Elementary,5/23/2025,30107,Ranch Dressing(1 ounce),16,0,16,12,12,0,12,$1.32,0,0.00%,$0.00,$1.32,0,0.00%,$0.00,$1.32,,,,
Wakefield Forest Elementary,5/23/2025,60035,PB&J Power Pack(Power Packs),56,0,56,0,0,0,0,$0.00,0,0.00%,$0.00,$0.00,0,0.00%,$0.00,$0.00,,,,
Wakefield Forest Elementary,5/23/2025,60038,Peach Yogurt Power Pack(Power Packs),12,0,12,38,28,0,28,$22.40,0,0.00%,$0.00,$22.40,10,26.32%,$8.00,$30.40,,,,
Wakefield Forest Elementary,5/23/2025,60041,Turkey Pepperoni Pizza(Slice),75,4,79,77,70,0,70,$47.60,0,0.00%,$0.00,$47.60,7,9.09%,$4.76,$52.36,,,,
Wakefield Forest Elementary,5/23/2025,60077,Manager's Vegetable Choice(1/4 cup),28,0,28,84,63,0,63,$0.00,0,0.00%,$0.00,$0.00,21,25.00%,$0.00,$0.00,,,,
Wakefield Forest Elementary,5/23/2025,60101,Chickpeas - salad bar entree(1/2 cup),1,0,1,2,2,0,2,$0.36,0,0.00%,$0.00,$0.36,0,0.00%,$0.00,$0.36,,,,
Wakefield Forest Elementary,5/23/2025,60122,Asian Meatball Sub(sandwich),0,0,0,22,20,0,20,$35.60,2,9.09%,$3.56,$39.16,0,0.00%,$0.00,$39.16,,,,
Waples Mill Elementary,5/23/2025,10044,Soft Pretzel(1 pretzel),3,0,3,1,1,0,1,$0.22,0,0.00%,$0.00,$0.22,0,0.00%,$0.00,$0.22,,,,
Waples Mill Elementary,5/23/2025,20001,1% White Milk(Each),29,0,29,151,27,0,27,$9.72,0,0.00%,$0.00,$9.72,124,82.12%,$44.64,$54.36,,,,
Waples Mill Elementary,5/23/2025,20002,Fat Free Chocolate Milk(Each),161,0,161,289,127,0,127,$44.45,0,0.00%,$0.00,$44.45,162,56.06%,$56.70,$101.15,,,,
Waples Mill Elementary,5/23/2025,20014,Red Delicious Apple(Each - serving),0,0,0,80,40,0,40,$13.20,0,0.00%,$0.00,$13.20,40,50.00%,$13.20,$26.40,,,,
Waples Mill Elementary,5/23/2025,20018,Red Seedless Grapes(8 grapes per 1/4 cup),171,0,171,184,184,0,184,$47.84,0,0.00%,$0.00,$47.84,0,0.00%,$0.00,$47.84,,,,
Waples Mill Elementary,5/23/2025,20027,Broccoli Florets(1/4 cup),0,0,0,84,64,0,64,$5.12,0,0.00%,$0.00,$5.12,20,23.81%,$1.60,$6.72,,,,
Waples Mill Elementary,5/23/2025,20028,Lettuce Blend Salad Mix(1/2 cup),132,0,132,160,160,0,160,$12.80,0,0.00%,$0.00,$12.80,0,0.00%,$0.00,$12.80,,,,
Waples Mill Elementary,5/23/2025,20031,Banana(Each),0,0,0,95,83,0,83,$17.43,0,0.00%,$0.00,$17.43,12,12.63%,$2.52,$19.95,,,,
Waples Mill Elementary,5/23/2025,20038,Fat Free White Milk(Each),12,0,12,79,10,0,10,$3.30,0,0.00%,$0.00,$3.30,69,87.34%,$22.77,$26.07,,,,
Waples Mill Elementary,5/23/2025,20052,Assorted  4 oz Yogurt(Container),2,0,2,5,5,0,5,$0.00,0,0.00%,$0.00,$0.00,0,0.00%,$0.00,$0.00,,,,
Waples Mill Elementary,5/23/2025,20080,"Carrots, Shredded(Cup)",0,0,0,48,48,0,48,$15.84,0,0.00%,$0.00,$15.84,0,0.00%,$0.00,$15.84,,,,
Waples Mill Elementary,5/23/2025,30024,Black Beans(1/2 Cup),5,0,5,0,0,0,0,$0.00,0,0.00%,$0.00,$0.00,0,0.00%,$0.00,$0.00,,,,
Waples Mill Elementary,5/23/2025,30039,Cherry Flavored Dried Cranberries(Each),34,0,34,8,0,0,0,$0.00,0,0.00%,$0.00,$0.00,8,100.00%,$0.00,$0.00,,,,
Waples Mill Elementary,5/23/2025,30061,Chilled Mandarin Oranges(1/2 cup (drained)),9,0,9,0,0,0,0,$0.00,0,0.00%,$0.00,$0.00,0,0.00%,$0.00,$0.00,,,,
Waples Mill Elementary,5/23/2025,30061,Chilled Mandarin Oranges(1/4 cup (drained)),80,0,80,24,24,0,24,$4.08,0,0.00%,$0.00,$4.08,0,0.00%,$0.00,$4.08,,,,
Waples Mill Elementary,5/23/2025,30077,Italian Dressing(1 ounce),32,0,32,48,24,0,24,$1.92,0,0.00%,$0.00,$1.92,24,50.00%,$1.92,$3.84,,,,
Waples Mill Elementary,5/23/2025,30097,Bottled Water(Bottle),25,0,25,34,34,0,34,$5.44,0,0.00%,$0.00,$5.44,0,0.00%,$0.00,$5.44,,,,
Waples Mill Elementary,5/23/2025,30099,Chickpeas(1/4 cup),20,0,20,32,32,0,32,$2.88,0,0.00%,$0.00,$2.88,0,0.00%,$0.00,$2.88,,,,
Waples Mill Elementary,5/23/2025,30107,Ranch Dressing(1 ounce),48,0,48,48,48,0,48,$5.28,0,0.00%,$0.00,$5.28,0,0.00%,$0.00,$5.28,,,,
Waples Mill Elementary,5/23/2025,60035,PB&J Power Pack(Power Packs),30,0,30,1,1,0,1,$1.08,0,0.00%,$0.00,$1.08,0,0.00%,$0.00,$1.08,,,,
Waples Mill Elementary,5/23/2025,60036,Cherry Vanilla Yogurt Power Pack(Power Packs),1,0,1,0,0,0,0,$0.00,0,0.00%,$0.00,$0.00,0,0.00%,$0.00,$0.00,,,,
Waples Mill Elementary,5/23/2025,60037,Strawberry & Banana Yogurt Power Pack(Power Packs),26,0,26,29,29,0,29,$23.20,0,0.00%,$0.00,$23.20,0,0.00%,$0.00,$23.20,,,,
Waples Mill Elementary,5/23/2025,60041,Turkey Pepperoni Pizza(Slice),82,0,82,175,173,0,173,$117.64,0,0.00%,$0.00,$117.64,2,1.14%,$1.36,$119.00,,,,
Waples Mill Elementary,5/23/2025,60077,Manager's Vegetable Choice(1/4 cup),67,0,67,48,48,0,48,$0.00,0,0.00%,$0.00,$0.00,0,0.00%,$0.00,$0.00,,,,
Waples Mill Elementary,5/23/2025,60080,Cheese Pizza(Slice),138,0,138,76,76,0,76,$43.32,0,0.00%,$0.00,$43.32,0,0.00%,$0.00,$43.32,,,,
Waples Mill Elementary,5/23/2025,60101,Chickpeas - salad bar entree(1/2 cup),3,0,3,1,1,0,1,$0.18,0,0.00%,$0.00,$0.18,0,0.00%,$0.00,$0.18,,,,
Waples Mill Elementary,5/23/2025,60150,Strawberry Parfait Power Pack(Power Pack),2,0,2,10,10,0,10,$16.30,0,0.00%,$0.00,$16.30,0,0.00%,$0.00,$16.30,,,,
Washington Mill Elementary,5/23/2025,10044,Soft Pretzel(1 pretzel),43,0,43,30,30,0,30,$6.60,0,0.00%,$0.00,$6.60,0,0.00%,$0.00,$6.60,,,,
Washington Mill Elementary,5/23/2025,20001,1% White Milk(Each),34,0,34,41,40,1,41,$14.76,0,0.00%,$0.00,$14.76,0,0.00%,$0.00,$14.76,,,,
Washington Mill Elementary,5/23/2025,20002,Fat Free Chocolate Milk(Each),265,0,265,280,280,0,280,$98.00,0,0.00%,$0.00,$98.00,0,0.00%,$0.00,$98.00,,,,
Washington Mill Elementary,5/23/2025,20011,Cherry Tomatoes(1/4 cup),80,0,80,96,96,0,96,$35.52,0,0.00%,$0.00,$35.52,0,0.00%,$0.00,$35.52,,,,
Washington Mill Elementary,5/23/2025,20013,Gala Apple(Each),0,0,0,120,120,0,120,$44.40,0,0.00%,$0.00,$44.40,0,0.00%,$0.00,$44.40,,,,
Washington Mill Elementary,5/23/2025,20028,Lettuce Blend Salad Mix(1/2 cup),114,0,114,120,120,0,120,$9.60,0,0.00%,$0.00,$9.60,0,0.00%,$0.00,$9.60,,,,
Washington Mill Elementary,5/23/2025,20031,Banana(Each),18,0,18,266,266,0,266,$55.86,0,0.00%,$0.00,$55.86,0,0.00%,$0.00,$55.86,,,,
Washington Mill Elementary,5/23/2025,20038,Fat Free White Milk(Each),19,0,19,10,10,0,10,$3.30,0,0.00%,$0.00,$3.30,0,0.00%,$0.00,$3.30,,,,
Washington Mill Elementary,5/23/2025,20052,Assorted  4 oz Yogurt(Container),1,0,1,1,1,0,1,$0.00,0,0.00%,$0.00,$0.00,0,0.00%,$0.00,$0.00,,,,
Washington Mill Elementary,5/23/2025,30024,Black Beans(1/2 Cup),19,0,19,17,16,1,17,$2.89,0,0.00%,$0.00,$2.89,0,0.00%,$0.00,$2.89,,,,
Washington Mill Elementary,5/23/2025,30033,Cheez-Its Crackers(Package),18,0,18,16,16,0,16,$2.88,0,0.00%,$0.00,$2.88,0,0.00%,$0.00,$2.88,,,,
Washington Mill Elementary,5/23/2025,30061,Chilled Mandarin Oranges(1/2 cup (drained)),19,0,19,17,16,1,17,$5.78,0,0.00%,$0.00,$5.78,0,0.00%,$0.00,$5.78,,,,
Washington Mill Elementary,5/23/2025,30094,Doritos Wild White Nacho Flavored Tortilla Chips(Bag),5,0,5,5,5,0,5,$1.75,0,0.00%,$0.00,$1.75,0,0.00%,$0.00,$1.75,,,,
Washington Mill Elementary,5/23/2025,30099,Chickpeas(1/4 cup),22,0,22,20,20,0,20,$1.80,0,0.00%,$0.00,$1.80,0,0.00%,$0.00,$1.80,,,,
Washington Mill Elementary,5/23/2025,30107,Ranch Dressing(1 ounce),90,0,90,120,120,0,120,$13.20,0,0.00%,$0.00,$13.20,0,0.00%,$0.00,$13.20,,,,
Washington Mill Elementary,5/23/2025,60036,Cherry Vanilla Yogurt Power Pack(Power Packs),51,0,51,46,46,0,46,$36.80,0,0.00%,$0.00,$36.80,0,0.00%,$0.00,$36.80,,,,
Washington Mill Elementary,5/23/2025,60041,Turkey Pepperoni Pizza(Slice),156,0,156,154,154,0,154,$104.72,0,0.00%,$0.00,$104.72,0,0.00%,$0.00,$104.72,,,,
Washington Mill Elementary,5/23/2025,60077,Manager's Vegetable Choice(1/4 cup),95,0,95,180,180,0,180,$0.00,0,0.00%,$0.00,$0.00,0,0.00%,$0.00,$0.00,,,,
Washington Mill Elementary,5/23/2025,60080,Cheese Pizza(Slice),197,0,197,221,216,5,221,$125.97,0,0.00%,$0.00,$125.97,0,0.00%,$0.00,$125.97,,,,
Washington Mill Elementary,5/23/2025,60101,Chickpeas - salad bar entree(1/2 cup),21,0,21,20,20,0,20,$3.60,0,0.00%,$0.00,$3.60,0,0.00%,$0.00,$3.60,,,,
Waynewood Elementary,5/23/2025,10044,Soft Pretzel(1 pretzel),2,0,2,0,0,0,0,$0.00,0,0.00%,$0.00,$0.00,0,0.00%,$0.00,$0.00,,,,
Waynewood Elementary,5/23/2025,10075,Cheese Pizza(Slice),159,0,159,120,109,4,113,$64.41,0,0.00%,$0.00,$64.41,7,5.83%,$3.99,$68.40,,,,
Waynewood Elementary,5/23/2025,20001,1% White Milk(Each),7,0,7,88,11,0,11,$3.96,0,0.00%,$0.00,$3.96,77,87.50%,$27.72,$31.68,,,,
Waynewood Elementary,5/23/2025,20002,Fat Free Chocolate Milk(Each),142,0,142,296,140,0,140,$49.00,0,0.00%,$0.00,$49.00,156,52.70%,$54.60,$103.60,,,,
Waynewood Elementary,5/23/2025,20008,Apple Slices(3 slices per 1/4 cup),0,0,0,54,54,0,54,$31.86,0,0.00%,$0.00,$31.86,0,0.00%,$0.00,$31.86,,,,
Waynewood Elementary,5/23/2025,20011,Cherry Tomatoes(1/4 cup),57,0,57,72,72,0,72,$26.64,0,0.00%,$0.00,$26.64,0,0.00%,$0.00,$26.64,,,,
Waynewood Elementary,5/23/2025,20014,Red Delicious Apple(Each - serving),0,0,0,40,40,0,40,$13.20,0,0.00%,$0.00,$13.20,0,0.00%,$0.00,$13.20,,,,
Waynewood Elementary,5/23/2025,20018,Red Seedless Grapes(8 grapes per 1/4 cup),102,0,102,46,46,0,46,$11.96,0,0.00%,$0.00,$11.96,0,0.00%,$0.00,$11.96,,,,
Waynewood Elementary,5/23/2025,20023,Baby Carrots(3 baby carrots per 1/4 cup),0,0,0,48,48,0,48,$4.32,0,0.00%,$0.00,$4.32,0,0.00%,$0.00,$4.32,,,,
Waynewood Elementary,5/23/2025,20028,Lettuce Blend Salad Mix(1/2 cup),40,0,40,40,40,0,40,$3.20,0,0.00%,$0.00,$3.20,0,0.00%,$0.00,$3.20,,,,
Waynewood Elementary,5/23/2025,20031,Banana(Each),0,0,0,100,100,0,100,$21.00,0,0.00%,$0.00,$21.00,0,0.00%,$0.00,$21.00,,,,
Waynewood Elementary,5/23/2025,20038,Fat Free White Milk(Each),3,0,3,50,3,0,3,$0.99,0,0.00%,$0.00,$0.99,47,94.00%,$15.51,$16.50,,,,
Waynewood Elementary,5/23/2025,20047,Orange Slices(3 slices per 1/4 cup),0,0,0,68,68,0,68,$13.60,0,0.00%,$0.00,$13.60,0,0.00%,$0.00,$13.60,,,,
Waynewood Elementary,5/23/2025,30044,Strawberry Flavored Dried Cranberries(Each),42,0,42,50,30,0,30,$7.20,0,0.00%,$0.00,$7.20,20,40.00%,$4.80,$12.00,,,,
Waynewood Elementary,5/23/2025,30045,Watermelon Flavored Dried Cranberries(Each),31,0,31,50,35,0,35,$8.40,0,0.00%,$0.00,$8.40,15,30.00%,$3.60,$12.00,,,,
Waynewood Elementary,5/23/2025,30077,Italian Dressing(1 ounce),14,0,14,24,24,0,24,$1.92,0,0.00%,$0.00,$1.92,0,0.00%,$0.00,$1.92,,,,
Waynewood Elementary,5/23/2025,30078,"Sauce, BBQ, HFCS-Free, Bulk, Low-Sodium(2 TBSP)",0,0,0,12,12,0,12,$1.20,0,0.00%,$0.00,$1.20,0,0.00%,$0.00,$1.20,,,,
Waynewood Elementary,5/23/2025,30099,Chickpeas(1/4 cup),18,0,18,20,20,0,20,$1.80,0,0.00%,$0.00,$1.80,0,0.00%,$0.00,$1.80,,,,
Waynewood Elementary,5/23/2025,30102,1% Unflavored Shelf-Stable Milk(Each),0,0,0,56,2,0,2,$0.76,0,0.00%,$0.00,$0.76,54,96.43%,$20.52,$21.28,,,,
Waynewood Elementary,5/23/2025,30107,Ranch Dressing(1 ounce),38,0,38,48,48,0,48,$5.28,0,0.00%,$0.00,$5.28,0,0.00%,$0.00,$5.28,,,,
Waynewood Elementary,5/23/2025,60035,PB&J Power Pack(Power Packs),58,0,58,72,59,0,59,$63.72,0,0.00%,$0.00,$63.72,13,18.06%,$14.04,$77.76,,,,
Waynewood Elementary,5/23/2025,60036,Cherry Vanilla Yogurt Power Pack(Power Packs),2,0,2,5,0,0,0,$0.00,0,0.00%,$0.00,$0.00,5,100.00%,$0.00,$0.00,,,,
Waynewood Elementary,5/23/2025,60037,Strawberry & Banana Yogurt Power Pack(Power Packs),3,0,3,5,4,0,4,$3.20,0,0.00%,$0.00,$3.20,1,20.00%,$0.80,$4.00,,,,
Waynewood Elementary,5/23/2025,60038,Peach Yogurt Power Pack(Power Packs),1,0,1,5,0,0,0,$0.00,0,0.00%,$0.00,$0.00,5,100.00%,$0.00,$0.00,,,,
Waynewood Elementary,5/23/2025,60041,Turkey Pepperoni Pizza(Slice),50,0,50,60,57,0,57,$38.76,0,0.00%,$0.00,$38.76,3,5.00%,$2.04,$40.80,,,,
Waynewood Elementary,5/23/2025,60077,Manager's Vegetable Choice(1/4 cup),39,0,39,0,0,0,0,$0.00,0,0.00%,$0.00,$0.00,0,0.00%,$0.00,$0.00,,,,
Waynewood Elementary,5/23/2025,60101,Chickpeas - salad bar entree(1/2 cup),7,0,7,0,0,0,0,$0.00,0,0.00%,$0.00,$0.00,0,0.00%,$0.00,$0.00,,,,
Waynewood Elementary,5/23/2025,60150,Strawberry Parfait Power Pack(Power Pack),0,0,0,0,0,0,0,$0.00,0,0.00%,$0.00,$0.00,0,0.00%,$0.00,$0.00,,,,
West Springfield Elementary,5/23/2025,10044,Soft Pretzel(1 pretzel),22,0,22,73,70,0,70,$15.40,0,0.00%,$0.00,$15.40,3,4.11%,$0.66,$16.06,,,,
West Springfield Elementary,5/23/2025,20001,1% White Milk(Each),28,0,28,46,20,0,20,$7.20,0,0.00%,$0.00,$7.20,26,56.52%,$9.36,$16.56,,,,
West Springfield Elementary,5/23/2025,20002,Fat Free Chocolate Milk(Each),78,0,78,149,131,0,131,$45.85,0,0.00%,$0.00,$45.85,18,12.08%,$6.30,$52.15,,,,
West Springfield Elementary,5/23/2025,20011,Cherry Tomatoes(1/4 cup),46,0,46,20,18,0,18,$6.66,0,0.00%,$0.00,$6.66,2,10.00%,$0.74,$7.40,,,,
West Springfield Elementary,5/23/2025,20016,String Cheese(Each),0,0,0,5,5,0,5,$1.10,0,0.00%,$0.00,$1.10,0,0.00%,$0.00,$1.10,,,,
West Springfield Elementary,5/23/2025,20017,Orange(1/4 cup),0,0,0,51,51,0,51,$8.67,0,0.00%,$0.00,$8.67,0,0.00%,$0.00,$8.67,,,,
West Springfield Elementary,5/23/2025,20018,Red Seedless Grapes(16 grapes per 1/2 cup),0,0,0,138,133,0,133,$67.83,0,0.00%,$0.00,$67.83,5,3.62%,$2.55,$70.38,,,,
West Springfield Elementary,5/23/2025,20023,Baby Carrots(3 baby carrots per 1/4 cup),0,0,0,52,50,0,50,$4.50,0,0.00%,$0.00,$4.50,2,3.85%,$0.18,$4.68,,,,
West Springfield Elementary,5/23/2025,20028,Lettuce Blend Salad Mix(1/2 cup),71,0,71,80,74,0,74,$5.92,0,0.00%,$0.00,$5.92,6,7.50%,$0.48,$6.40,,,,
West Springfield Elementary,5/23/2025,20031,Banana(Each),0,0,0,64,54,0,54,$11.34,0,0.00%,$0.00,$11.34,10,15.63%,$2.10,$13.44,,,,
West Springfield Elementary,5/23/2025,20038,Fat Free White Milk(Each),7,0,7,32,7,0,7,$2.31,0,0.00%,$0.00,$2.31,25,78.13%,$8.25,$10.56,,,,
West Springfield Elementary,5/23/2025,20052,Assorted  4 oz Yogurt(Container),1,0,1,2,2,0,2,$0.00,0,0.00%,$0.00,$0.00,0,0.00%,$0.00,$0.00,,,,
West Springfield Elementary,5/23/2025,20074,"Apple Slices(3 slices, 1/4 cup)",0,0,0,192,192,0,192,$34.56,0,0.00%,$0.00,$34.56,0,0.00%,$0.00,$34.56,,,,
West Springfield Elementary,5/23/2025,20076,"Peppers, green, pre-sliced(1/2 cup sliced)",0,0,0,48,38,0,38,$11.40,0,0.00%,$0.00,$11.40,10,20.83%,$3.00,$14.40,,,,
West Springfield Elementary,5/23/2025,20077,"Peppers, red, pre-sliced(1/2 cup sliced)",0,0,0,20,13,0,13,$7.28,0,0.00%,$0.00,$7.28,7,35.00%,$3.92,$11.20,,,,
West Springfield Elementary,5/23/2025,30041,Orange Flavored Dried Cranberries(Each),27,0,27,1,1,0,1,$0.24,0,0.00%,$0.00,$0.24,0,0.00%,$0.00,$0.24,,,,
West Springfield Elementary,5/23/2025,30061,Chilled Mandarin Oranges(1/2 cup (drained)),4,0,4,4,4,0,4,$1.36,0,0.00%,$0.00,$1.36,0,0.00%,$0.00,$1.36,,,,
West Springfield Elementary,5/23/2025,30077,Italian Dressing(1 ounce),7,0,7,24,12,0,12,$0.96,0,0.00%,$0.00,$0.96,12,50.00%,$0.96,$1.92,,,,
West Springfield Elementary,5/23/2025,30097,Bottled Water(Bottle),15,0,15,24,24,0,24,$3.84,0,0.00%,$0.00,$3.84,0,0.00%,$0.00,$3.84,,,,
West Springfield Elementary,5/23/2025,30107,Ranch Dressing(1 ounce),57,0,57,72,62,0,62,$6.82,0,0.00%,$0.00,$6.82,10,13.89%,$1.10,$7.92,,,,
West Springfield Elementary,5/23/2025,30158,Black Beans(1/2 Cup),0,0,0,33,23,0,23,$3.91,10,30.30%,$1.70,$5.61,0,0.00%,$0.00,$5.61,,,,
West Springfield Elementary,5/23/2025,60034,Mandarin Orange Parfait(Parfait),0,0,0,6,6,0,6,$5.94,0,0.00%,$0.00,$5.94,0,0.00%,$0.00,$5.94,,,,
West Springfield Elementary,5/23/2025,60035,PB&J Power Pack(Power Packs),30,0,30,2,0,0,0,$0.00,0,0.00%,$0.00,$0.00,2,100.00%,$0.00,$0.00,,,,
West Springfield Elementary,5/23/2025,60036,Cherry Vanilla Yogurt Power Pack(Power Packs),0,0,0,2,0,0,0,$0.00,0,0.00%,$0.00,$0.00,2,100.00%,$0.00,$0.00,,,,
West Springfield Elementary,5/23/2025,60037,Strawberry & Banana Yogurt Power Pack(Power Packs),15,0,15,48,48,0,48,$38.40,0,0.00%,$0.00,$38.40,0,0.00%,$0.00,$38.40,,,,
West Springfield Elementary,5/23/2025,60041,Turkey Pepperoni Pizza(Slice),54,0,54,84,71,0,71,$48.28,0,0.00%,$0.00,$48.28,13,15.48%,$8.84,$57.12,,,,
West Springfield Elementary,5/23/2025,60042,Beef Meatball Sub Sandwich(Sandwich),0,0,0,4,2,0,2,$2.56,2,50.00%,$2.56,$5.12,0,0.00%,$0.00,$5.12,,,,
West Springfield Elementary,5/23/2025,60077,Manager's Vegetable Choice(1/4 cup),33,0,33,42,36,0,36,$0.00,0,0.00%,$0.00,$0.00,6,14.29%,$0.00,$0.00,,,,
West Springfield Elementary,5/23/2025,60080,Cheese Pizza(Slice),122,0,122,159,144,0,144,$82.08,0,0.00%,$0.00,$82.08,15,9.43%,$8.55,$90.63,,,,
West Springfield Elementary,5/23/2025,60101,Chickpeas - salad bar entree(1/2 cup),23,0,23,33,33,0,33,$5.94,0,0.00%,$0.00,$5.94,0,0.00%,$0.00,$5.94,,,,
West Springfield High,5/23/2025,10015,Baked Cheese Sticks(2 Cheese Sticks),0,0,0,151,91,40,131,$86.46,5,3.31%,$3.30,$89.76,15,9.93%,$9.90,$99.66,,,,
West Springfield High,5/23/2025,10033,Chocolate Chip Cookie(Cookie),0,0,0,3360,3356,0,3356,$906.12,4,0.12%,$1.08,$907.20,0,0.00%,$0.00,$907.20,,,,
West Springfield High,5/23/2025,10044,Soft Pretzel(1 pretzel),2,0,2,5,1,0,1,$0.22,4,80.00%,$0.88,$1.10,0,0.00%,$0.00,$1.10,,,,
West Springfield High,5/23/2025,10049,"WG 10"" Flour Tortilla(Tortilla)",0,0,0,2,0,0,0,$0.00,2,100.00%,$0.00,$0.00,0,0.00%,$0.00,$0.00,,,,
West Springfield High,5/23/2025,10051,"Turkey,  Breast, Pre-Sliced, Oven Roasted(3 Slices)",0,0,0,1,0,0,0,$0.00,1,100.00%,$0.00,$0.00,0,0.00%,$0.00,$0.00,,,,
West Springfield High,5/23/2025,10062,Corn(2 Tablespoons (thawed)),1,0,1,3,0,0,0,$0.00,3,100.00%,$0.00,$0.00,0,0.00%,$0.00,$0.00,,,,
West Springfield High,5/23/2025,10070,Orange Sauce(ounce),100,0,100,24,11,1,12,$1.68,6,25.00%,$0.84,$2.52,6,25.00%,$0.84,$3.36,,,,
West Springfield High,5/23/2025,10075,Cheese Pizza(Slice),100,0,100,92,65,25,90,$51.30,2,2.17%,$1.14,$52.44,0,0.00%,$0.00,$52.44,,,,
West Springfield High,5/23/2025,10088,Potato Wedges(4 pieces),0,0,0,150,125,25,150,$15.00,0,0.00%,$0.00,$15.00,0,0.00%,$0.00,$15.00,,,,
West Springfield High,5/23/2025,20001,1% White Milk(Each),50,0,50,103,65,5,70,$25.20,2,1.94%,$0.72,$25.92,31,30.10%,$11.16,$37.08,,,,
West Springfield High,5/23/2025,20002,Fat Free Chocolate Milk(Each),501,0,501,503,374,25,399,$139.65,1,0.20%,$0.35,$140.00,103,20.48%,$36.05,$176.05,,,,
West Springfield High,5/23/2025,20006,"Cheese, Shredded, Cheddar(1/4 cup)",0,0,0,1,0,0,0,$0.00,1,100.00%,$0.00,$0.00,0,0.00%,$0.00,$0.00,,,,
West Springfield High,5/23/2025,20011,Cherry Tomatoes(1/4 cup),30,0,30,30,23,2,25,$9.25,0,0.00%,$0.00,$9.25,5,16.67%,$1.85,$11.10,,,,
West Springfield High,5/23/2025,20015,Golden Delicious Apple(Each),0,0,0,128,70,5,75,$23.25,0,0.00%,$0.00,$23.25,53,41.41%,$16.43,$39.68,,,,
West Springfield High,5/23/2025,20016,String Cheese(Each),0,0,0,3,3,0,3,$0.66,0,0.00%,$0.00,$0.66,0,0.00%,$0.00,$0.66,,,,
West Springfield High,5/23/2025,20018,Red Seedless Grapes(8 grapes per 1/4 cup),500,0,500,200,188,10,198,$51.48,0,0.00%,$0.00,$51.48,2,1.00%,$0.52,$52.00,,,,
West Springfield High,5/23/2025,20027,Broccoli Florets(1/4 cup),0,0,0,150,135,5,140,$11.20,0,0.00%,$0.00,$11.20,10,6.67%,$0.80,$12.00,,,,
West Springfield High,5/23/2025,20027,Broccoli Florets(6 Pieces per 1/2 cup),1,0,1,3,0,0,0,$0.00,3,100.00%,$0.00,$0.00,0,0.00%,$0.00,$0.00,,,,
West Springfield High,5/23/2025,20028,Lettuce Blend Salad Mix(1/2 cup),151,0,151,153,130,10,140,$11.20,13,8.50%,$1.04,$12.24,0,0.00%,$0.00,$12.24,,,,
West Springfield High,5/23/2025,20030,Sour Cream(2 Tablespoons),150,0,150,100,99,0,99,$14.85,0,0.00%,$0.00,$14.85,1,1.00%,$0.15,$15.00,,,,
West Springfield High,5/23/2025,20035,"Onions, Red, Whole(1/4 cup (sliced))",1,0,1,3,0,0,0,$0.00,3,100.00%,$0.00,$0.00,0,0.00%,$0.00,$0.00,,,,
West Springfield High,5/23/2025,20038,Fat Free White Milk(Each),50,0,50,53,19,1,20,$6.60,10,18.87%,$3.30,$9.90,23,43.40%,$7.59,$17.49,,,,
West Springfield High,5/23/2025,20040,Cucumber Slices(2 Tablespoon),1,0,1,3,0,0,0,$0.00,3,100.00%,$0.00,$0.00,0,0.00%,$0.00,$0.00,,,,
West Springfield High,5/23/2025,20041,"Peppers, Green, Whole(2 Tablespoon)",1,0,1,3,0,0,0,$0.00,3,100.00%,$0.00,$0.00,0,0.00%,$0.00,$0.00,,,,
West Springfield High,5/23/2025,20052,Assorted  4 oz Yogurt(Container),0,0,0,9,9,0,9,$0.00,0,0.00%,$0.00,$0.00,0,0.00%,$0.00,$0.00,,,,
West Springfield High,5/23/2025,20076,"Peppers, green, pre-sliced(1/4 cup sliced)",0,0,0,3,0,0,0,$0.00,3,100.00%,$0.00,$0.00,0,0.00%,$0.00,$0.00,,,,
West Springfield High,5/23/2025,30002,Sub Roll(Sub Roll),1,0,1,2,0,0,0,$0.00,2,100.00%,$0.00,$0.00,0,0.00%,$0.00,$0.00,,,,
West Springfield High,5/23/2025,30008,Apple Juice(Each),0,0,0,26,26,0,26,$4.42,0,0.00%,$0.00,$4.42,0,0.00%,$0.00,$4.42,,,,
West Springfield High,5/23/2025,30009,Orange Tangerine Juice(Each),0,0,0,10,10,0,10,$1.70,0,0.00%,$0.00,$1.70,0,0.00%,$0.00,$1.70,,,,
West Springfield High,5/23/2025,30011,"Salsa, Mild Canned(1.5 oz)",150,0,150,100,99,0,99,$9.90,0,0.00%,$0.00,$9.90,1,1.00%,$0.10,$10.00,,,,
West Springfield High,5/23/2025,30018,Marinara Sauce(1/4 Cup),0,0,0,151,91,40,131,$19.65,5,3.31%,$0.75,$20.40,15,9.93%,$2.25,$22.65,,,,
West Springfield High,5/23/2025,30033,Cheez-Its Crackers(Package),0,0,0,18,15,0,15,$2.70,3,16.67%,$0.54,$3.24,0,0.00%,$0.00,$3.24,,,,
West Springfield High,5/23/2025,30039,Cherry Flavored Dried Cranberries(2 Eaches),0,0,0,60,40,5,45,$21.60,0,0.00%,$0.00,$21.60,15,25.00%,$7.20,$28.80,,,,
West Springfield High,5/23/2025,30039,Cherry Flavored Dried Cranberries(Each),1,0,1,3,0,0,0,$0.00,0,0.00%,$0.00,$0.00,3,100.00%,$0.00,$0.00,,,,
West Springfield High,5/23/2025,30061,Chilled Mandarin Oranges(1/2 cup (drained)),0,0,0,50,39,10,49,$16.66,0,0.00%,$0.00,$16.66,1,2.00%,$0.34,$17.00,,,,
West Springfield High,5/23/2025,30063,Ketchup Packet(Packet),500,0,500,800,790,0,790,$23.70,0,0.00%,$0.00,$23.70,10,1.25%,$0.30,$24.00,,,,
West Springfield High,5/23/2025,30064,Mayonnaise Packet(Packet),166,0,166,183,150,0,150,$15.00,0,0.00%,$0.00,$15.00,33,18.03%,$3.30,$18.30,,,,
West Springfield High,5/23/2025,30065,Mustard Packet(Packet),100,0,100,63,40,0,40,$2.00,0,0.00%,$0.00,$2.00,23,36.51%,$1.15,$3.15,,,,
West Springfield High,5/23/2025,30068,Chilled Peaches(1/2 cup (drained)),0,0,0,153,95,5,100,$51.00,3,1.96%,$1.53,$52.53,50,32.68%,$25.50,$78.03,,,,
West Springfield High,5/23/2025,30077,Italian Dressing(1 ounce),120,0,120,123,20,0,20,$1.60,0,0.00%,$0.00,$1.60,103,83.74%,$8.24,$9.84,,,,
West Springfield High,5/23/2025,30078,"Sauce, BBQ, HFCS-Free, Bulk, Low-Sodium(2 TBSP)",240,0,240,240,220,0,220,$22.00,0,0.00%,$0.00,$22.00,20,8.33%,$2.00,$24.00,,,,
West Springfield High,5/23/2025,30097,Bottled Water(Bottle),0,0,0,31,31,0,31,$4.96,0,0.00%,$0.00,$4.96,0,0.00%,$0.00,$4.96,,,,
West Springfield High,5/23/2025,30099,Chickpeas(1/4 cup),21,0,21,23,13,2,15,$1.35,8,34.78%,$0.72,$2.07,0,0.00%,$0.00,$2.07,,,,
West Springfield High,5/23/2025,30102,1% Unflavored Shelf-Stable Milk(Each),0,0,0,32,14,1,15,$5.70,1,3.13%,$0.38,$6.08,16,50.00%,$6.08,$12.16,,,,
West Springfield High,5/23/2025,30107,Ranch Dressing(1 ounce),241,0,241,203,200,0,200,$22.00,0,0.00%,$0.00,$22.00,3,1.48%,$0.33,$22.33,,,,
West Springfield High,5/23/2025,30110,Doritos Flamas(Each),0,0,0,65,64,0,64,$23.68,1,1.54%,$0.37,$24.05,0,0.00%,$0.00,$24.05,,,,
West Springfield High,5/23/2025,30118,Kettle Cooked Smoky BBQ Chips(Each),0,0,0,1,1,0,1,$0.60,0,0.00%,$0.00,$0.60,0,0.00%,$0.00,$0.60,,,,
West Springfield High,5/23/2025,30160,Lay's RF Kettle Original Chips(Each),0,0,0,56,55,0,55,$33.00,1,1.79%,$0.60,$33.60,0,0.00%,$0.00,$33.60,,,,
West Springfield High,5/23/2025,60006,Vegan Burger(Sandwich),0,0,0,10,3,1,4,$2.20,3,30.00%,$1.65,$3.85,3,30.00%,$1.65,$5.50,,,,
West Springfield High,5/23/2025,60020,"Quesadilla, Turkey Barbacoa and Cheese(Quesadilla)",150,0,150,121,74,25,99,$120.78,6,4.96%,$7.32,$128.10,16,13.22%,$19.52,$147.62,,,,
West Springfield High,5/23/2025,60035,PB&J Power Pack(Power Packs),144,0,144,155,94,60,154,$166.32,0,0.00%,$0.00,$166.32,1,0.65%,$1.08,$167.40,,,,
West Springfield High,5/23/2025,60036,Cherry Vanilla Yogurt Power Pack(Power Packs),3,0,3,8,0,0,0,$0.00,0,0.00%,$0.00,$0.00,8,100.00%,$0.00,$0.00,,,,
West Springfield High,5/23/2025,60037,Strawberry & Banana Yogurt Power Pack(Power Packs),3,0,3,4,0,0,0,$0.00,0,0.00%,$0.00,$0.00,4,100.00%,$0.00,$0.00,,,,
West Springfield High,5/23/2025,60041,Turkey Pepperoni Pizza(Slice),80,0,80,105,78,25,103,$70.04,2,1.90%,$1.36,$71.40,0,0.00%,$0.00,$71.40,,,,
West Springfield High,5/23/2025,60050,Chickenless Bites(2 Bites),1,0,1,1,0,0,0,$0.00,1,100.00%,$0.00,$0.00,0,0.00%,$0.00,$0.00,,,,
West Springfield High,5/23/2025,60064,Vegetable Dumpling(6 dumplings),0,0,0,24,11,1,12,$0.00,6,25.00%,$0.00,$0.00,6,25.00%,$0.00,$0.00,,,,
West Springfield High,5/23/2025,60072,Spicy Breaded Chicken Patty on Bun(Sandwich),0,0,0,500,307,150,457,$342.75,12,2.40%,$9.00,$351.75,31,6.20%,$23.25,$375.00,,,,
West Springfield High,5/23/2025,60075,Spicy Chicken Wrap(Wrap),13,0,13,15,6,5,11,$12.87,4,26.67%,$4.68,$17.55,0,0.00%,$0.00,$17.55,,,,
West Springfield High,5/23/2025,60077,Manager's Vegetable Choice(1/4 cup),31,0,31,63,35,5,40,$0.00,3,4.76%,$0.00,$0.00,20,31.75%,$0.00,$0.00,,,,
West Springfield High,5/23/2025,60101,Chickpeas - salad bar entree(1/2 cup),5,0,5,3,1,0,1,$0.18,2,66.67%,$0.36,$0.54,0,0.00%,$0.00,$0.54,,,,
West Springfield High,5/23/2025,60150,Strawberry Parfait Power Pack(Power Pack),0,0,0,1,1,0,1,$1.63,0,0.00%,$0.00,$1.63,0,0.00%,$0.00,$1.63,,,,
Westbriar Elementary,5/23/2025,20001,1% White Milk(Each),33,0,33,50,32,0,32,$11.52,0,0.00%,$0.00,$11.52,18,36.00%,$6.48,$18.00,,,,
Westbriar Elementary,5/23/2025,20002,Fat Free Chocolate Milk(Each),242,0,242,300,275,0,275,$96.25,0,0.00%,$0.00,$96.25,25,8.33%,$8.75,$105.00,,,,
Westbriar Elementary,5/23/2025,20011,Cherry Tomatoes(1/4 cup),78,0,78,80,78,0,78,$28.86,2,2.50%,$0.74,$29.60,0,0.00%,$0.00,$29.60,,,,
Westbriar Elementary,5/23/2025,20014,Red Delicious Apple(Each - serving),0,0,0,80,77,0,77,$25.41,0,0.00%,$0.00,$25.41,3,3.75%,$0.99,$26.40,,,,
Westbriar Elementary,5/23/2025,20018,Red Seedless Grapes(8 grapes per 1/4 cup),135,0,135,150,144,0,144,$37.44,6,4.00%,$1.56,$39.00,0,0.00%,$0.00,$39.00,,,,
Westbriar Elementary,5/23/2025,20028,Lettuce Blend Salad Mix(1/2 cup),191,0,191,212,209,0,209,$16.72,3,1.42%,$0.24,$16.96,0,0.00%,$0.00,$16.96,,,,
Westbriar Elementary,5/23/2025,20038,Fat Free White Milk(Each),32,0,32,50,24,0,24,$7.92,0,0.00%,$0.00,$7.92,26,52.00%,$8.58,$16.50,,,,
Westbriar Elementary,5/23/2025,30024,Black Beans(1/2 Cup),0,0,0,0,0,0,0,$0.00,0,0.00%,$0.00,$0.00,0,0.00%,$0.00,$0.00,,,,
Westbriar Elementary,5/23/2025,30044,Strawberry Flavored Dried Cranberries(Each),45,0,45,50,50,0,50,$12.00,0,0.00%,$0.00,$12.00,0,0.00%,$0.00,$12.00,,,,
Westbriar Elementary,5/23/2025,30045,Watermelon Flavored Dried Cranberries(Each),52,0,52,50,47,0,47,$11.28,0,0.00%,$0.00,$11.28,3,6.00%,$0.72,$12.00,,,,
Westbriar Elementary,5/23/2025,30061,Chilled Mandarin Oranges(1/2 cup (drained)),0,0,0,0,0,0,0,$0.00,0,0.00%,$0.00,$0.00,0,0.00%,$0.00,$0.00,,,,
Westbriar Elementary,5/23/2025,30061,Chilled Mandarin Oranges(1/4 cup (drained)),49,0,49,80,80,0,80,$13.60,0,0.00%,$0.00,$13.60,0,0.00%,$0.00,$13.60,,,,
Westbriar Elementary,5/23/2025,30077,Italian Dressing(1 ounce),56,0,56,60,50,0,50,$4.00,10,16.67%,$0.80,$4.80,0,0.00%,$0.00,$4.80,,,,
Westbriar Elementary,5/23/2025,30099,Chickpeas(1/4 cup),53,0,53,50,48,0,48,$4.32,2,4.00%,$0.18,$4.50,0,0.00%,$0.00,$4.50,,,,
Westbriar Elementary,5/23/2025,30107,Ranch Dressing(1 ounce),177,0,177,180,174,0,174,$19.14,6,3.33%,$0.66,$19.80,0,0.00%,$0.00,$19.80,,,,
Westbriar Elementary,5/23/2025,60035,PB&J Power Pack(Power Packs),29,0,29,30,24,0,24,$25.92,0,0.00%,$0.00,$25.92,6,20.00%,$6.48,$32.40,,,,
Westbriar Elementary,5/23/2025,60036,Cherry Vanilla Yogurt Power Pack(Power Packs),0,0,0,0,0,0,0,$0.00,0,0.00%,$0.00,$0.00,0,0.00%,$0.00,$0.00,,,,
Westbriar Elementary,5/23/2025,60038,Peach Yogurt Power Pack(Power Packs),3,0,3,5,3,0,3,$2.40,0,0.00%,$0.00,$2.40,2,40.00%,$1.60,$4.00,,,,
Westbriar Elementary,5/23/2025,60041,Turkey Pepperoni Pizza(Slice),80,0,80,111,96,9,105,$71.40,6,5.41%,$4.08,$75.48,0,0.00%,$0.00,$75.48,,,,
Westbriar Elementary,5/23/2025,60077,Manager's Vegetable Choice(1/4 cup),115,0,115,150,144,0,144,$0.00,6,4.00%,$0.00,$0.00,0,0.00%,$0.00,$0.00,,,,
Westbriar Elementary,5/23/2025,60080,Cheese Pizza(Slice),190,0,190,214,207,5,212,$120.84,2,0.93%,$1.14,$121.98,0,0.00%,$0.00,$121.98,,,,
Westbriar Elementary,5/23/2025,60101,Chickpeas - salad bar entree(1/2 cup),55,0,55,60,58,0,58,$10.44,2,3.33%,$0.36,$10.80,0,0.00%,$0.00,$10.80,,,,
Westbriar Elementary,5/23/2025,60122,Asian Meatball Sub(sandwich),0,0,0,12,0,0,0,$0.00,12,100.00%,$0.00,$0.00,0,0.00%,$0.00,$0.00,,,,
Westgate Elementary,5/23/2025,10044,Soft Pretzel(1 pretzel),21,0,21,25,21,0,21,$4.62,0,0.00%,$0.00,$4.62,4,16.00%,$0.88,$5.50,,,,
Westgate Elementary,5/23/2025,10062,Corn(1/2 cup (cooked)),0,0,0,128,110,0,110,$23.10,0,0.00%,$0.00,$23.10,18,14.06%,$3.78,$26.88,,,,
Westgate Elementary,5/23/2025,20001,1% White Milk(Each),35,0,35,50,27,0,27,$9.72,0,0.00%,$0.00,$9.72,23,46.00%,$8.28,$18.00,,,,
Westgate Elementary,5/23/2025,20002,Fat Free Chocolate Milk(Each),130,0,130,173,160,0,160,$56.00,0,0.00%,$0.00,$56.00,13,7.51%,$4.55,$60.55,,,,
Westgate Elementary,5/23/2025,20008,Apple Slices(3 slices per 1/4 cup),0,0,0,174,174,0,174,$102.66,0,0.00%,$0.00,$102.66,0,0.00%,$0.00,$102.66,,,,
Westgate Elementary,5/23/2025,20011,Cherry Tomatoes(1/4 cup),50,0,50,72,60,0,60,$22.20,0,0.00%,$0.00,$22.20,12,16.67%,$4.44,$26.64,,,,
Westgate Elementary,5/23/2025,20013,Gala Apple(Each),0,0,0,85,40,0,40,$14.80,0,0.00%,$0.00,$14.80,45,52.94%,$16.65,$31.45,,,,
Westgate Elementary,5/23/2025,20014,Red Delicious Apple(Each - serving),0,0,0,14,14,0,14,$4.62,0,0.00%,$0.00,$4.62,0,0.00%,$0.00,$4.62,,,,
Westgate Elementary,5/23/2025,20016,String Cheese(Each),5,0,5,5,0,0,0,$0.00,0,0.00%,$0.00,$0.00,5,100.00%,$0.00,$0.00,,,,
Westgate Elementary,5/23/2025,20023,Baby Carrots(3 baby carrots per 1/4 cup),0,0,0,62,59,0,59,$5.31,0,0.00%,$0.00,$5.31,3,4.84%,$0.27,$5.58,,,,
Westgate Elementary,5/23/2025,20028,Lettuce Blend Salad Mix(1/2 cup),72,0,72,70,62,0,62,$4.96,8,11.43%,$0.64,$5.60,0,0.00%,$0.00,$5.60,,,,
Westgate Elementary,5/23/2025,20031,Banana(Each),16,0,16,98,98,0,98,$20.58,0,0.00%,$0.00,$20.58,0,0.00%,$0.00,$20.58,,,,
Westgate Elementary,5/23/2025,20038,Fat Free White Milk(Each),7,0,7,37,3,0,3,$0.99,34,91.89%,$11.22,$12.21,0,0.00%,$0.00,$12.21,,,,
Westgate Elementary,5/23/2025,20043,"Lactose Free, White Milk(Each)",0,0,0,2,2,0,2,$1.16,0,0.00%,$0.00,$1.16,0,0.00%,$0.00,$1.16,,,,
Westgate Elementary,5/23/2025,30008,Apple Juice(Each),20,0,20,15,11,0,11,$1.87,0,0.00%,$0.00,$1.87,4,26.67%,$0.68,$2.55,,,,
Westgate Elementary,5/23/2025,30009,Orange Tangerine Juice(Each),25,0,25,15,7,0,7,$1.19,0,0.00%,$0.00,$1.19,8,53.33%,$1.36,$2.55,,,,
Westgate Elementary,5/23/2025,30024,Black Beans(1/2 Cup),0,0,0,8,8,0,8,$1.36,0,0.00%,$0.00,$1.36,0,0.00%,$0.00,$1.36,,,,
Westgate Elementary,5/23/2025,30045,Watermelon Flavored Dried Cranberries(Each),57,0,57,12,12,0,12,$2.88,0,0.00%,$0.00,$2.88,0,0.00%,$0.00,$2.88,,,,
Westgate Elementary,5/23/2025,30061,Chilled Mandarin Oranges(1/2 cup (drained)),0,0,0,84,80,0,80,$27.20,0,0.00%,$0.00,$27.20,4,4.76%,$1.36,$28.56,,,,
Westgate Elementary,5/23/2025,30077,Italian Dressing(1 ounce),9,0,9,18,6,0,6,$0.48,0,0.00%,$0.00,$0.48,12,66.67%,$0.96,$1.44,,,,
Westgate Elementary,5/23/2025,30094,Doritos Wild White Nacho Flavored Tortilla Chips(Bag),144,0,144,144,106,0,106,$37.10,0,0.00%,$0.00,$37.10,38,26.39%,$13.30,$50.40,,,,
Westgate Elementary,5/23/2025,30097,Bottled Water(Bottle),10,0,10,10,9,0,9,$1.44,0,0.00%,$0.00,$1.44,1,10.00%,$0.16,$1.60,,,,
Westgate Elementary,5/23/2025,30098,Wheat Thins(Package),0,0,0,14,14,0,14,$6.58,0,0.00%,$0.00,$6.58,0,0.00%,$0.00,$6.58,,,,
Westgate Elementary,5/23/2025,30099,Chickpeas(1/4 cup),13,0,13,18,8,0,8,$0.72,10,55.56%,$0.90,$1.62,0,0.00%,$0.00,$1.62,,,,
Westgate Elementary,5/23/2025,30107,Ranch Dressing(1 ounce),12,0,12,24,16,0,16,$1.76,0,0.00%,$0.00,$1.76,8,33.33%,$0.88,$2.64,,,,
Westgate Elementary,5/23/2025,60035,PB&J Power Pack(Power Packs),75,0,75,75,50,0,50,$54.00,0,0.00%,$0.00,$54.00,25,33.33%,$27.00,$81.00,,,,
Westgate Elementary,5/23/2025,60036,Cherry Vanilla Yogurt Power Pack(Power Packs),11,0,11,10,5,0,5,$4.00,0,0.00%,$0.00,$4.00,5,50.00%,$4.00,$8.00,,,,
Westgate Elementary,5/23/2025,60037,Strawberry & Banana Yogurt Power Pack(Power Packs),9,0,9,10,6,0,6,$4.80,0,0.00%,$0.00,$4.80,4,40.00%,$3.20,$8.00,,,,
Westgate Elementary,5/23/2025,60041,Turkey Pepperoni Pizza(Slice),142,0,142,155,148,1,149,$101.32,0,0.00%,$0.00,$101.32,6,3.87%,$4.08,$105.40,,,,
Westgate Elementary,5/23/2025,60080,Cheese Pizza(Slice),134,0,134,129,114,5,119,$67.83,0,0.00%,$0.00,$67.83,10,7.75%,$5.70,$73.53,,,,
Westgate Elementary,5/23/2025,60099,"Parfait, Triple Berry(Parfait)",0,0,0,3,3,0,3,$2.04,0,0.00%,$0.00,$2.04,0,0.00%,$0.00,$2.04,,,,
Westgate Elementary,5/23/2025,60101,Chickpeas - salad bar entree(1/2 cup),12,0,12,18,8,0,8,$1.44,10,55.56%,$1.80,$3.24,0,0.00%,$0.00,$3.24,,,,
Westgate Elementary,5/23/2025,60150,Strawberry Parfait Power Pack(Power Pack),0,0,0,2,2,0,2,$3.26,0,0.00%,$0.00,$3.26,0,0.00%,$0.00,$3.26,,,,
Westlawn Elementary,5/23/2025,10044,Soft Pretzel(1 pretzel),4,0,4,0,0,0,0,$0.00,0,0.00%,$0.00,$0.00,0,0.00%,$0.00,$0.00,,,,
Westlawn Elementary,5/23/2025,10075,Cheese Pizza(Slice),11,0,11,0,0,0,0,$0.00,0,0.00%,$0.00,$0.00,0,0.00%,$0.00,$0.00,,,,
Westlawn Elementary,5/23/2025,20001,1% White Milk(Each),142,0,142,146,142,0,142,$51.12,0,0.00%,$0.00,$51.12,4,2.74%,$1.44,$52.56,,,,
Westlawn Elementary,5/23/2025,20002,Fat Free Chocolate Milk(Each),393,0,393,30,16,0,16,$5.60,0,0.00%,$0.00,$5.60,14,46.67%,$4.90,$10.50,,,,
Westlawn Elementary,5/23/2025,20011,Cherry Tomatoes(1/4 cup),72,0,72,72,67,0,67,$24.79,5,6.94%,$1.85,$26.64,0,0.00%,$0.00,$26.64,,,,
Westlawn Elementary,5/23/2025,20018,Red Seedless Grapes(8 grapes per 1/4 cup),154,0,154,276,276,0,276,$71.76,0,0.00%,$0.00,$71.76,0,0.00%,$0.00,$71.76,,,,
Westlawn Elementary,5/23/2025,20028,Lettuce Blend Salad Mix(1/2 cup),76,0,76,80,79,0,79,$6.32,1,1.25%,$0.08,$6.40,0,0.00%,$0.00,$6.40,,,,
Westlawn Elementary,5/23/2025,20031,Banana(Each),11,0,11,0,0,0,0,$0.00,0,0.00%,$0.00,$0.00,0,0.00%,$0.00,$0.00,,,,
Westlawn Elementary,5/23/2025,20038,Fat Free White Milk(Each),18,0,18,400,344,0,344,$113.52,0,0.00%,$0.00,$113.52,56,14.00%,$18.48,$132.00,,,,
Westlawn Elementary,5/23/2025,20043,"Lactose Free, White Milk(Each)",0,0,0,1,1,0,1,$0.58,0,0.00%,$0.00,$0.58,0,0.00%,$0.00,$0.58,,,,
Westlawn Elementary,5/23/2025,20047,Orange Slices(3 slices per 1/4 cup),0,0,0,340,335,0,335,$67.00,5,1.47%,$1.00,$68.00,0,0.00%,$0.00,$68.00,,,,
Westlawn Elementary,5/23/2025,20074,"Apple Slices(3 slices, 1/4 cup)",0,0,0,464,459,0,459,$82.62,5,1.08%,$0.90,$83.52,0,0.00%,$0.00,$83.52,,,,
Westlawn Elementary,5/23/2025,30024,Black Beans(1/2 Cup),26,0,26,26,26,0,26,$4.42,0,0.00%,$0.00,$4.42,0,0.00%,$0.00,$4.42,,,,
Westlawn Elementary,5/23/2025,30033,Cheez-Its Crackers(Package),15,0,15,16,16,0,16,$2.88,0,0.00%,$0.00,$2.88,0,0.00%,$0.00,$2.88,,,,
Westlawn Elementary,5/23/2025,30044,Strawberry Flavored Dried Cranberries(Each),32,0,32,50,39,0,39,$9.36,0,0.00%,$0.00,$9.36,11,22.00%,$2.64,$12.00,,,,
Westlawn Elementary,5/23/2025,30061,Chilled Mandarin Oranges(1/2 cup (drained)),20,0,20,26,26,0,26,$8.84,0,0.00%,$0.00,$8.84,0,0.00%,$0.00,$8.84,,,,
Westlawn Elementary,5/23/2025,30077,Italian Dressing(1 ounce),18,0,18,12,12,0,12,$0.96,0,0.00%,$0.00,$0.96,0,0.00%,$0.00,$0.96,,,,
Westlawn Elementary,5/23/2025,30099,Chickpeas(1/4 cup),34,0,34,30,27,0,27,$2.43,3,10.00%,$0.27,$2.70,0,0.00%,$0.00,$2.70,,,,
Westlawn Elementary,5/23/2025,30107,Ranch Dressing(1 ounce),22,0,22,24,24,0,24,$2.64,0,0.00%,$0.00,$2.64,0,0.00%,$0.00,$2.64,,,,
Westlawn Elementary,5/23/2025,60009,"Sandwich, Turkey & Cheese(sandwich)",0,0,0,48,48,0,48,$33.12,0,0.00%,$0.00,$33.12,0,0.00%,$0.00,$33.12,,,,
Westlawn Elementary,5/23/2025,60035,PB&J Power Pack(Power Packs),63,0,63,80,75,0,75,$81.00,0,0.00%,$0.00,$81.00,5,6.25%,$5.40,$86.40,,,,
Westlawn Elementary,5/23/2025,60036,Cherry Vanilla Yogurt Power Pack(Power Packs),12,0,12,10,5,0,5,$4.00,0,0.00%,$0.00,$4.00,5,50.00%,$4.00,$8.00,,,,
Westlawn Elementary,5/23/2025,60037,Strawberry & Banana Yogurt Power Pack(Power Packs),13,0,13,20,16,0,16,$12.80,0,0.00%,$0.00,$12.80,4,20.00%,$3.20,$16.00,,,,
Westlawn Elementary,5/23/2025,60038,Peach Yogurt Power Pack(Power Packs),8,0,8,20,15,0,15,$12.00,0,0.00%,$0.00,$12.00,5,25.00%,$4.00,$16.00,,,,
Westlawn Elementary,5/23/2025,60041,Turkey Pepperoni Pizza(Slice),293,6,299,286,280,6,286,$194.48,0,0.00%,$0.00,$194.48,0,0.00%,$0.00,$194.48,,,,
Westlawn Elementary,5/23/2025,60077,Manager's Vegetable Choice(1/4 cup),135,0,135,140,140,0,140,$0.00,0,0.00%,$0.00,$0.00,0,0.00%,$0.00,$0.00,,,,
Westlawn Elementary,5/23/2025,60080,Cheese Pizza(Slice),226,0,226,170,163,1,164,$93.48,0,0.00%,$0.00,$93.48,6,3.53%,$3.42,$96.90,,,,
Westlawn Elementary,5/23/2025,60101,Chickpeas - salad bar entree(1/2 cup),5,0,5,0,0,0,0,$0.00,0,0.00%,$0.00,$0.00,0,0.00%,$0.00,$0.00,,,,
Weyanoke Elementary,5/23/2025,10044,Soft Pretzel(1 pretzel),22,0,22,39,39,0,39,$8.58,0,0.00%,$0.00,$8.58,0,0.00%,$0.00,$8.58,,,,
Weyanoke Elementary,5/23/2025,10062,Corn(1/2 cup (cooked)),1,0,1,1,1,0,1,$0.21,0,0.00%,$0.00,$0.21,0,0.00%,$0.00,$0.21,,,,
Weyanoke Elementary,5/23/2025,10075,Cheese Pizza(Slice),3,0,3,4,4,0,4,$2.28,0,0.00%,$0.00,$2.28,0,0.00%,$0.00,$2.28,,,,
Weyanoke Elementary,5/23/2025,20001,1% White Milk(Each),144,0,144,484,363,2,365,$131.40,0,0.00%,$0.00,$131.40,119,24.59%,$42.84,$174.24,,,,
Weyanoke Elementary,5/23/2025,20002,Fat Free Chocolate Milk(Each),250,0,250,90,90,0,90,$31.50,0,0.00%,$0.00,$31.50,0,0.00%,$0.00,$31.50,,,,
Weyanoke Elementary,5/23/2025,20011,Cherry Tomatoes(1/4 cup),101,0,101,144,112,0,112,$41.44,32,22.22%,$11.84,$53.28,0,0.00%,$0.00,$53.28,,,,
Weyanoke Elementary,5/23/2025,20015,Golden Delicious Apple(Each),0,0,0,208,170,0,170,$52.70,0,0.00%,$0.00,$52.70,38,18.27%,$11.78,$64.48,,,,
Weyanoke Elementary,5/23/2025,20023,Baby Carrots(3 baby carrots per 1/4 cup),0,0,0,96,81,0,81,$7.29,0,0.00%,$0.00,$7.29,15,15.63%,$1.35,$8.64,,,,
Weyanoke Elementary,5/23/2025,20027,Broccoli Florets(1/4 cup),0,0,0,84,79,0,79,$6.32,5,5.95%,$0.40,$6.72,0,0.00%,$0.00,$6.72,,,,
Weyanoke Elementary,5/23/2025,20028,Lettuce Blend Salad Mix(1/2 cup),240,0,240,240,220,0,220,$17.60,20,8.33%,$1.60,$19.20,0,0.00%,$0.00,$19.20,,,,
Weyanoke Elementary,5/23/2025,20038,Fat Free White Milk(Each),4,0,4,28,2,0,2,$0.66,0,0.00%,$0.00,$0.66,26,92.86%,$8.58,$9.24,,,,
Weyanoke Elementary,5/23/2025,20043,"Lactose Free, White Milk(Each)",2,0,2,58,47,0,47,$27.26,0,0.00%,$0.00,$27.26,11,18.97%,$6.38,$33.64,,,,
Weyanoke Elementary,5/23/2025,30024,Black Beans(1/2 Cup),41,0,41,96,69,2,71,$12.07,0,0.00%,$0.00,$12.07,25,26.04%,$4.25,$16.32,,,,
Weyanoke Elementary,5/23/2025,30032,Tortilla Chips(13 chips),1,0,1,1,1,0,1,$0.16,0,0.00%,$0.00,$0.16,0,0.00%,$0.00,$0.16,,,,
Weyanoke Elementary,5/23/2025,30034,Graham Crackers(Package),0,0,0,32,32,0,32,$4.48,0,0.00%,$0.00,$4.48,0,0.00%,$0.00,$4.48,,,,
Weyanoke Elementary,5/23/2025,30037,IW Applesauce Cup(Each),1,0,1,1,1,0,1,$0.27,0,0.00%,$0.00,$0.27,0,0.00%,$0.00,$0.27,,,,
Weyanoke Elementary,5/23/2025,30048,Apple Cinnamon Spread(Each),0,0,0,32,32,0,32,$14.40,0,0.00%,$0.00,$14.40,0,0.00%,$0.00,$14.40,,,,
Weyanoke Elementary,5/23/2025,30061,Chilled Mandarin Oranges(1/2 cup (drained)),41,0,41,40,38,2,40,$13.60,0,0.00%,$0.00,$13.60,0,0.00%,$0.00,$13.60,,,,
Weyanoke Elementary,5/23/2025,30061,Chilled Mandarin Oranges(1/4 cup (drained)),0,0,0,336,336,0,336,$57.12,0,0.00%,$0.00,$57.12,0,0.00%,$0.00,$57.12,,,,
Weyanoke Elementary,5/23/2025,30068,Chilled Peaches(1/2 cup (drained)),0,0,0,230,230,0,230,$117.30,0,0.00%,$0.00,$117.30,0,0.00%,$0.00,$117.30,,,,
Weyanoke Elementary,5/23/2025,30077,Italian Dressing(1 ounce),34,0,34,96,93,0,93,$7.44,3,3.13%,$0.24,$7.68,0,0.00%,$0.00,$7.68,,,,
Weyanoke Elementary,5/23/2025,60035,PB&J Power Pack(Power Packs),50,0,50,80,61,0,61,$65.88,0,0.00%,$0.00,$65.88,19,23.75%,$20.52,$86.40,,,,
Weyanoke Elementary,5/23/2025,60036,Cherry Vanilla Yogurt Power Pack(Power Packs),10,0,10,1,1,0,1,$0.80,0,0.00%,$0.00,$0.80,0,0.00%,$0.00,$0.80,,,,
Weyanoke Elementary,5/23/2025,60037,Strawberry & Banana Yogurt Power Pack(Power Packs),10,0,10,41,17,0,17,$13.60,0,0.00%,$0.00,$13.60,24,58.54%,$19.20,$32.80,,,,
Weyanoke Elementary,5/23/2025,60041,Turkey Pepperoni Pizza(Slice),130,0,130,184,169,4,173,$117.64,0,0.00%,$0.00,$117.64,11,5.98%,$7.48,$125.12,,,,
Weyanoke Elementary,5/23/2025,60051,Steamed Baby Carrots(1/2 cup),0,0,0,80,80,0,80,$14.40,0,0.00%,$0.00,$14.40,0,0.00%,$0.00,$14.40,,,,
Weyanoke Elementary,5/23/2025,60054,Steamed Broccoli(1/2 cup),0,0,0,75,75,0,75,$11.25,0,0.00%,$0.00,$11.25,0,0.00%,$0.00,$11.25,,,,
Weyanoke Elementary,5/23/2025,60060,Hamburger(Sandwich),1,0,1,1,1,0,1,$0.67,0,0.00%,$0.00,$0.67,0,0.00%,$0.00,$0.67,,,,
Weyanoke Elementary,5/23/2025,60080,Cheese Pizza(Slice),206,0,206,224,219,5,224,$127.68,0,0.00%,$0.00,$127.68,0,0.00%,$0.00,$127.68,,,,
Weyanoke Elementary,5/23/2025,60100,Black Beans - salad bar entree(1/2 cup),0,0,0,10,2,0,2,$0.34,8,80.00%,$1.36,$1.70,0,0.00%,$0.00,$1.70,,,,
Weyanoke Elementary,5/23/2025,60120,Asian Veggie Sub(sandwich),0,0,0,6,3,0,3,$5.67,3,50.00%,$5.67,$11.34,0,0.00%,$0.00,$11.34,,,,
White Oaks Elementary,5/23/2025,10044,Soft Pretzel(1 pretzel),46,0,46,45,37,0,37,$8.14,0,0.00%,$0.00,$8.14,8,17.78%,$1.76,$9.90,,,,
White Oaks Elementary,5/23/2025,10075,Cheese Pizza(Slice),12,0,12,12,12,0,12,$6.84,0,0.00%,$0.00,$6.84,0,0.00%,$0.00,$6.84,,,,
White Oaks Elementary,5/23/2025,20001,1% White Milk(Each),35,0,35,74,42,0,42,$15.12,0,0.00%,$0.00,$15.12,32,43.24%,$11.52,$26.64,,,,
White Oaks Elementary,5/23/2025,20002,Fat Free Chocolate Milk(Each),185,0,185,203,200,0,200,$70.00,0,0.00%,$0.00,$70.00,3,1.48%,$1.05,$71.05,,,,
White Oaks Elementary,5/23/2025,20011,Cherry Tomatoes(1/4 cup),95,0,95,100,97,0,97,$35.89,3,3.00%,$1.11,$37.00,0,0.00%,$0.00,$37.00,,,,
White Oaks Elementary,5/23/2025,20015,Golden Delicious Apple(Each),0,0,0,120,115,0,115,$35.65,0,0.00%,$0.00,$35.65,5,4.17%,$1.55,$37.20,,,,
White Oaks Elementary,5/23/2025,20016,String Cheese(Each),0,0,0,6,6,0,6,$1.32,0,0.00%,$0.00,$1.32,0,0.00%,$0.00,$1.32,,,,
White Oaks Elementary,5/23/2025,20017,Orange(1/4 cup),0,0,0,140,137,0,137,$23.29,3,2.14%,$0.51,$23.80,0,0.00%,$0.00,$23.80,,,,
White Oaks Elementary,5/23/2025,20023,Baby Carrots(3 baby carrots per 1/4 cup),0,0,0,120,114,0,114,$10.26,6,5.00%,$0.54,$10.80,0,0.00%,$0.00,$10.80,,,,
White Oaks Elementary,5/23/2025,20028,Lettuce Blend Salad Mix(1/2 cup),139,0,139,140,138,0,138,$11.04,2,1.43%,$0.16,$11.20,0,0.00%,$0.00,$11.20,,,,
White Oaks Elementary,5/23/2025,20031,Banana(Each),19,0,19,12,12,0,12,$2.52,0,0.00%,$0.00,$2.52,0,0.00%,$0.00,$2.52,,,,
White Oaks Elementary,5/23/2025,20038,Fat Free White Milk(Each),15,0,15,50,11,0,11,$3.63,0,0.00%,$0.00,$3.63,39,78.00%,$12.87,$16.50,,,,
White Oaks Elementary,5/23/2025,20043,"Lactose Free, White Milk(Each)",0,0,0,1,1,0,1,$0.58,0,0.00%,$0.00,$0.58,0,0.00%,$0.00,$0.58,,,,
White Oaks Elementary,5/23/2025,20052,Assorted  4 oz Yogurt(Container),0,0,0,6,6,0,6,$0.00,0,0.00%,$0.00,$0.00,0,0.00%,$0.00,$0.00,,,,
White Oaks Elementary,5/23/2025,20077,"Peppers, red, pre-sliced(1/2 cup sliced)",0,0,0,100,92,0,92,$51.52,8,8.00%,$4.48,$56.00,0,0.00%,$0.00,$56.00,,,,
White Oaks Elementary,5/23/2025,30024,Black Beans(1/2 Cup),29,0,29,25,25,0,25,$4.25,0,0.00%,$0.00,$4.25,0,0.00%,$0.00,$4.25,,,,
White Oaks Elementary,5/23/2025,30031,Strawberry Chex Mix(Package),0,0,0,21,21,0,21,$9.45,0,0.00%,$0.00,$9.45,0,0.00%,$0.00,$9.45,,,,
White Oaks Elementary,5/23/2025,30033,Cheez-Its Crackers(Package),18,0,18,12,12,0,12,$2.16,0,0.00%,$0.00,$2.16,0,0.00%,$0.00,$2.16,,,,
White Oaks Elementary,5/23/2025,30045,Watermelon Flavored Dried Cranberries(Each),90,0,90,200,190,0,190,$45.60,0,0.00%,$0.00,$45.60,10,5.00%,$2.40,$48.00,,,,
White Oaks Elementary,5/23/2025,30061,Chilled Mandarin Oranges(1/2 cup (drained)),30,0,30,25,25,0,25,$8.50,0,0.00%,$0.00,$8.50,0,0.00%,$0.00,$8.50,,,,
White Oaks Elementary,5/23/2025,30077,Italian Dressing(1 ounce),43,0,43,60,41,0,41,$3.28,19,31.67%,$1.52,$4.80,0,0.00%,$0.00,$4.80,,,,
White Oaks Elementary,5/23/2025,30094,Doritos Wild White Nacho Flavored Tortilla Chips(Bag),0,0,0,59,59,0,59,$20.65,0,0.00%,$0.00,$20.65,0,0.00%,$0.00,$20.65,,,,
White Oaks Elementary,5/23/2025,30097,Bottled Water(Bottle),0,0,0,24,24,0,24,$3.84,0,0.00%,$0.00,$3.84,0,0.00%,$0.00,$3.84,,,,
White Oaks Elementary,5/23/2025,30099,Chickpeas(1/4 cup),54,0,54,60,55,0,55,$4.95,5,8.33%,$0.45,$5.40,0,0.00%,$0.00,$5.40,,,,
White Oaks Elementary,5/23/2025,30107,Ranch Dressing(1 ounce),84,0,84,100,88,0,88,$9.68,12,12.00%,$1.32,$11.00,0,0.00%,$0.00,$11.00,,,,
White Oaks Elementary,5/23/2025,60035,PB&J Power Pack(Power Packs),78,0,78,80,75,0,75,$81.00,0,0.00%,$0.00,$81.00,5,6.25%,$5.40,$86.40,,,,
White Oaks Elementary,5/23/2025,60037,Strawberry & Banana Yogurt Power Pack(Power Packs),48,0,48,48,37,0,37,$29.60,0,0.00%,$0.00,$29.60,11,22.92%,$8.80,$38.40,,,,
White Oaks Elementary,5/23/2025,60041,Turkey Pepperoni Pizza(Slice),62,0,62,70,64,0,64,$43.52,6,8.57%,$4.08,$47.60,0,0.00%,$0.00,$47.60,,,,
White Oaks Elementary,5/23/2025,60080,Cheese Pizza(Slice),170,0,170,203,174,20,194,$110.58,9,4.43%,$5.13,$115.71,0,0.00%,$0.00,$115.71,,,,
White Oaks Elementary,5/23/2025,60101,Chickpeas - salad bar entree(1/2 cup),4,0,4,5,1,0,1,$0.18,4,80.00%,$0.72,$0.90,0,0.00%,$0.00,$0.90,,,,
White Oaks Elementary,5/23/2025,60121,"Sauce, Spicy Mayo(tbsp)",0,0,0,100,94,0,94,$8.46,6,6.00%,$0.54,$9.00,0,0.00%,$0.00,$9.00,,,,
Whitman Middle School,5/23/2025,10015,Baked Cheese Sticks(2 Cheese Sticks),0,0,0,28,27,1,28,$18.48,0,0.00%,$0.00,$18.48,0,0.00%,$0.00,$18.48,,,,
Whitman Middle School,5/23/2025,10026,Chickenless Bites(2 Bites),0,0,0,3,3,0,3,$1.08,0,0.00%,$0.00,$1.08,0,0.00%,$0.00,$1.08,,,,
Whitman Middle School,5/23/2025,10033,Chocolate Chip Cookie(Cookie),0,0,0,80,34,0,34,$9.18,1,1.25%,$0.27,$9.45,45,56.25%,$12.15,$21.60,,,,
Whitman Middle School,5/23/2025,10044,Soft Pretzel(1 pretzel),0,0,0,2,0,1,1,$0.00,0,0.00%,$0.00,$0.00,1,50.00%,$0.00,$0.00,,,,
Whitman Middle School,5/23/2025,10070,Orange Sauce(ounce),0,0,0,24,24,0,24,$3.36,0,0.00%,$0.00,$3.36,0,0.00%,$0.00,$3.36,,,,
Whitman Middle School,5/23/2025,10075,Cheese Pizza(Slice),50,0,50,34,34,0,34,$19.38,0,0.00%,$0.00,$19.38,0,0.00%,$0.00,$19.38,,,,
Whitman Middle School,5/23/2025,20001,1% White Milk(Each),64,0,64,88,61,1,62,$22.32,0,0.00%,$0.00,$22.32,26,29.55%,$9.36,$31.68,,,,
Whitman Middle School,5/23/2025,20002,Fat Free Chocolate Milk(Each),261,0,261,281,253,1,254,$88.90,0,0.00%,$0.00,$88.90,27,9.61%,$9.45,$98.35,,,,
Whitman Middle School,5/23/2025,20012,Grape Tomatoes(6 Tomatoes per 1/2 cup),0,0,0,108,104,4,108,$56.16,0,0.00%,$0.00,$56.16,0,0.00%,$0.00,$56.16,,,,
Whitman Middle School,5/23/2025,20015,Golden Delicious Apple(Each),0,0,0,90,86,4,90,$27.90,0,0.00%,$0.00,$27.90,0,0.00%,$0.00,$27.90,,,,
Whitman Middle School,5/23/2025,20017,Orange(1/4 cup),0,0,0,138,138,0,138,$23.46,0,0.00%,$0.00,$23.46,0,0.00%,$0.00,$23.46,,,,
Whitman Middle School,5/23/2025,20018,Red Seedless Grapes(16 grapes per 1/2 cup),361,0,361,184,177,7,184,$93.84,0,0.00%,$0.00,$93.84,0,0.00%,$0.00,$93.84,,,,
Whitman Middle School,5/23/2025,20027,Broccoli Florets(1/4 cup),0,0,0,63,58,5,63,$5.04,0,0.00%,$0.00,$5.04,0,0.00%,$0.00,$5.04,,,,
Whitman Middle School,5/23/2025,20028,Lettuce Blend Salad Mix(1/2 cup),477,0,477,480,473,7,480,$38.40,0,0.00%,$0.00,$38.40,0,0.00%,$0.00,$38.40,,,,
Whitman Middle School,5/23/2025,20030,Sour Cream(2 Tablespoons),37,0,37,50,50,0,50,$7.50,0,0.00%,$0.00,$7.50,0,0.00%,$0.00,$7.50,,,,
Whitman Middle School,5/23/2025,20031,Banana(Each),0,0,0,95,90,5,95,$19.95,0,0.00%,$0.00,$19.95,0,0.00%,$0.00,$19.95,,,,
Whitman Middle School,5/23/2025,20038,Fat Free White Milk(Each),22,0,22,119,17,0,17,$5.61,0,0.00%,$0.00,$5.61,102,85.71%,$33.66,$39.27,,,,
Whitman Middle School,5/23/2025,30008,Apple Juice(Each),0,0,0,4,0,0,0,$0.00,0,0.00%,$0.00,$0.00,4,100.00%,$0.00,$0.00,,,,
Whitman Middle School,5/23/2025,30009,Orange Tangerine Juice(Each),0,0,0,4,0,0,0,$0.00,0,0.00%,$0.00,$0.00,4,100.00%,$0.00,$0.00,,,,
Whitman Middle School,5/23/2025,30011,"Salsa, Mild Canned(1/4 cup)",37,0,37,50,50,0,50,$6.50,0,0.00%,$0.00,$6.50,0,0.00%,$0.00,$6.50,,,,
Whitman Middle School,5/23/2025,30018,Marinara Sauce(1/2 cup),0,0,0,28,27,1,28,$8.12,0,0.00%,$0.00,$8.12,0,0.00%,$0.00,$8.12,,,,
Whitman Middle School,5/23/2025,30041,Orange Flavored Dried Cranberries(Each),45,0,45,50,50,0,50,$12.00,0,0.00%,$0.00,$12.00,0,0.00%,$0.00,$12.00,,,,
Whitman Middle School,5/23/2025,30061,Chilled Mandarin Oranges(1/2 cup (drained)),95,0,95,64,61,3,64,$21.76,0,0.00%,$0.00,$21.76,0,0.00%,$0.00,$21.76,,,,
Whitman Middle School,5/23/2025,30063,Ketchup Packet(Packet),378,0,378,300,276,4,280,$8.40,0,0.00%,$0.00,$8.40,20,6.67%,$0.60,$9.00,,,,
Whitman Middle School,5/23/2025,30064,Mayonnaise Packet(Packet),103,0,103,150,125,5,130,$13.00,0,0.00%,$0.00,$13.00,20,13.33%,$2.00,$15.00,,,,
Whitman Middle School,5/23/2025,30065,Mustard Packet(Packet),86,0,86,100,66,4,70,$3.50,0,0.00%,$0.00,$3.50,30,30.00%,$1.50,$5.00,,,,
Whitman Middle School,5/23/2025,30077,Italian Dressing(1 ounce),64,0,64,96,73,3,76,$6.08,0,0.00%,$0.00,$6.08,20,20.83%,$1.60,$7.68,,,,
Whitman Middle School,5/23/2025,30097,Bottled Water(Bottle),0,0,0,20,6,0,6,$0.96,0,0.00%,$0.00,$0.96,14,70.00%,$2.24,$3.20,,,,
Whitman Middle School,5/23/2025,30098,Wheat Thins(Package),0,0,0,25,0,0,0,$0.00,0,0.00%,$0.00,$0.00,25,100.00%,$0.00,$0.00,,,,
Whitman Middle School,5/23/2025,30099,Chickpeas(1/2 cup),42,0,42,64,55,5,60,$10.80,2,3.13%,$0.36,$11.16,2,3.13%,$0.36,$11.52,,,,
Whitman Middle School,5/23/2025,30107,Ranch Dressing(1 ounce),65,0,65,120,93,7,100,$11.00,0,0.00%,$0.00,$11.00,20,16.67%,$2.20,$13.20,,,,
Whitman Middle School,5/23/2025,60020,"Quesadilla, Turkey Barbacoa and Cheese(Quesadilla)",0,0,0,50,49,0,49,$59.78,1,2.00%,$1.22,$61.00,0,0.00%,$0.00,$61.00,,,,
Whitman Middle School,5/23/2025,60035,PB&J Power Pack(Power Packs),55,0,55,57,57,0,57,$61.56,0,0.00%,$0.00,$61.56,0,0.00%,$0.00,$61.56,,,,
Whitman Middle School,5/23/2025,60036,Cherry Vanilla Yogurt Power Pack(Power Packs),2,0,2,3,2,0,2,$1.60,0,0.00%,$0.00,$1.60,1,33.33%,$0.80,$2.40,,,,
Whitman Middle School,5/23/2025,60037,Strawberry & Banana Yogurt Power Pack(Power Packs),3,0,3,3,1,0,1,$0.80,0,0.00%,$0.00,$0.80,2,66.67%,$1.60,$2.40,,,,
Whitman Middle School,5/23/2025,60038,Peach Yogurt Power Pack(Power Packs),2,0,2,3,1,0,1,$0.80,0,0.00%,$0.00,$0.80,2,66.67%,$1.60,$2.40,,,,
Whitman Middle School,5/23/2025,60041,Turkey Pepperoni Pizza(Slice),265,0,265,226,221,4,225,$153.00,0,0.00%,$0.00,$153.00,1,0.44%,$0.68,$153.68,,,,
Whitman Middle School,5/23/2025,60063,Chicken & Vegetable Dumplings(6 dumplings),0,0,0,24,24,0,24,$0.00,0,0.00%,$0.00,$0.00,0,0.00%,$0.00,$0.00,,,,
Whitman Middle School,5/23/2025,60075,Spicy Chicken Wrap(Wrap),8,0,8,2,0,1,1,$0.00,0,0.00%,$0.00,$0.00,1,50.00%,$0.00,$0.00,,,,
Whitman Middle School,5/23/2025,60077,Manager's Vegetable Choice(1/2 cup),156,0,156,96,91,5,96,$0.00,0,0.00%,$0.00,$0.00,0,0.00%,$0.00,$0.00,,,,
Whitman Middle School,5/23/2025,60101,Chickpeas - salad bar entree(1/2 cup),0,0,0,2,0,1,1,$0.00,0,0.00%,$0.00,$0.00,1,50.00%,$0.00,$0.00,,,,
Whitman Middle School,5/23/2025,60122,Asian Meatball Sub(sandwich),0,0,0,2,1,1,2,$3.56,0,0.00%,$0.00,$3.56,0,0.00%,$0.00,$3.56,,,,
Whitman Middle School,5/23/2025,60148,Turkey Barbacoa Arepa(1 Arepa + #10 scoop of turkey barbacoa),0,0,0,45,42,0,42,$60.48,3,6.67%,$4.32,$64.80,0,0.00%,$0.00,$64.80,,,,
Whitman Middle School,5/23/2025,60149,Hot Turkey & Cheese(sandwich),0,0,0,55,55,0,55,$71.50,0,0.00%,$0.00,$71.50,0,0.00%,$0.00,$71.50,,,,
Whitman Middle School,5/23/2025,60150,Strawberry Parfait Power Pack(Power Pack),0,0,0,2,1,1,2,$3.26,0,0.00%,$0.00,$3.26,0,0.00%,$0.00,$3.26,,,,
Willow Springs Elementary,5/23/2025,10044,Soft Pretzel(1 pretzel),9,0,9,43,43,0,43,$9.46,0,0.00%,$0.00,$9.46,0,0.00%,$0.00,$9.46,,,,
Willow Springs Elementary,5/23/2025,10062,Corn(1/2 cup (cooked)),0,0,0,48,41,2,43,$9.03,5,10.42%,$1.05,$10.08,0,0.00%,$0.00,$10.08,,,,
Willow Springs Elementary,5/23/2025,10069,Bean and Cheese Pupusa(Pupusa),0,0,0,2,2,0,2,$3.00,0,0.00%,$0.00,$3.00,0,0.00%,$0.00,$3.00,,,,
Willow Springs Elementary,5/23/2025,10075,Cheese Pizza(Slice),200,0,200,180,176,2,178,$101.46,2,1.11%,$1.14,$102.60,0,0.00%,$0.00,$102.60,,,,
Willow Springs Elementary,5/23/2025,20001,1% White Milk(Each),20,0,20,59,23,2,25,$9.00,0,0.00%,$0.00,$9.00,34,57.63%,$12.24,$21.24,,,,
Willow Springs Elementary,5/23/2025,20002,Fat Free Chocolate Milk(Each),129,0,129,382,221,4,225,$78.75,2,0.52%,$0.70,$79.45,155,40.58%,$54.25,$133.70,,,,
Willow Springs Elementary,5/23/2025,20011,Cherry Tomatoes(1/4 cup),49,0,49,24,22,2,24,$8.88,0,0.00%,$0.00,$8.88,0,0.00%,$0.00,$8.88,,,,
Willow Springs Elementary,5/23/2025,20014,Red Delicious Apple(Each - serving),0,0,0,24,20,2,22,$7.26,0,0.00%,$0.00,$7.26,2,8.33%,$0.66,$7.92,,,,
Willow Springs Elementary,5/23/2025,20016,String Cheese(Each),0,0,0,2,2,0,2,$0.44,0,0.00%,$0.00,$0.44,0,0.00%,$0.00,$0.44,,,,
Willow Springs Elementary,5/23/2025,20018,Red Seedless Grapes(8 grapes per 1/4 cup),88,0,88,180,174,2,176,$45.76,4,2.22%,$1.04,$46.80,0,0.00%,$0.00,$46.80,,,,
Willow Springs Elementary,5/23/2025,20028,Lettuce Blend Salad Mix(1/2 cup),128,0,128,125,117,2,119,$9.52,6,4.80%,$0.48,$10.00,0,0.00%,$0.00,$10.00,,,,
Willow Springs Elementary,5/23/2025,20031,Banana(Each),0,0,0,96,92,2,94,$19.74,2,2.08%,$0.42,$20.16,0,0.00%,$0.00,$20.16,,,,
Willow Springs Elementary,5/23/2025,20034,Cherry Vanilla Yogurt(Container),0,0,0,11,11,0,11,$3.85,0,0.00%,$0.00,$3.85,0,0.00%,$0.00,$3.85,,,,
Willow Springs Elementary,5/23/2025,20038,Fat Free White Milk(Each),70,0,70,56,11,2,13,$4.29,0,0.00%,$0.00,$4.29,43,76.79%,$14.19,$18.48,,,,
Willow Springs Elementary,5/23/2025,20080,"Carrots, Shredded(Cup)",0,0,0,38,31,2,33,$10.89,5,13.16%,$1.65,$12.54,0,0.00%,$0.00,$12.54,,,,
Willow Springs Elementary,5/23/2025,30024,Black Beans(1/2 Cup),0,0,0,36,28,2,30,$5.10,6,16.67%,$1.02,$6.12,0,0.00%,$0.00,$6.12,,,,
Willow Springs Elementary,5/23/2025,30031,Strawberry Chex Mix(Package),0,0,0,5,5,0,5,$2.25,0,0.00%,$0.00,$2.25,0,0.00%,$0.00,$2.25,,,,
Willow Springs Elementary,5/23/2025,30037,IW Applesauce Cup(Each),0,0,0,50,48,2,50,$13.50,0,0.00%,$0.00,$13.50,0,0.00%,$0.00,$13.50,,,,
Willow Springs Elementary,5/23/2025,30045,Watermelon Flavored Dried Cranberries(Each),70,0,70,80,77,1,78,$18.72,0,0.00%,$0.00,$18.72,2,2.50%,$0.48,$19.20,,,,
Willow Springs Elementary,5/23/2025,30061,Chilled Mandarin Oranges(1/4 cup (drained)),58,0,58,55,53,2,55,$9.35,0,0.00%,$0.00,$9.35,0,0.00%,$0.00,$9.35,,,,
Willow Springs Elementary,5/23/2025,30063,Ketchup Packet(Packet),0,0,0,60,55,2,57,$1.71,0,0.00%,$0.00,$1.71,3,5.00%,$0.09,$1.80,,,,
Willow Springs Elementary,5/23/2025,30065,Mustard Packet(Packet),0,0,0,50,45,1,46,$2.30,0,0.00%,$0.00,$2.30,4,8.00%,$0.20,$2.50,,,,
Willow Springs Elementary,5/23/2025,30097,Bottled Water(Bottle),0,0,0,24,24,0,24,$3.84,0,0.00%,$0.00,$3.84,0,0.00%,$0.00,$3.84,,,,
Willow Springs Elementary,5/23/2025,30099,Chickpeas(1/4 cup),25,0,25,15,13,2,15,$1.35,0,0.00%,$0.00,$1.35,0,0.00%,$0.00,$1.35,,,,
Willow Springs Elementary,5/23/2025,30107,Ranch Dressing(1 ounce),115,0,115,105,99,2,101,$11.11,0,0.00%,$0.00,$11.11,4,3.81%,$0.44,$11.55,,,,
Willow Springs Elementary,5/23/2025,60035,PB&J Power Pack(Power Packs),46,0,46,30,25,1,26,$28.08,0,0.00%,$0.00,$28.08,4,13.33%,$4.32,$32.40,,,,
Willow Springs Elementary,5/23/2025,60036,Cherry Vanilla Yogurt Power Pack(Power Packs),11,0,11,5,1,1,2,$1.60,0,0.00%,$0.00,$1.60,3,60.00%,$2.40,$4.00,,,,
Willow Springs Elementary,5/23/2025,60041,Turkey Pepperoni Pizza(Slice),101,0,101,120,115,4,119,$80.92,1,0.83%,$0.68,$81.60,0,0.00%,$0.00,$81.60,,,,
Willow Springs Elementary,5/23/2025,60047,Chicken Tenders(3 tenders),0,0,0,25,24,1,25,$23.50,0,0.00%,$0.00,$23.50,0,0.00%,$0.00,$23.50,,,,
Willow Springs Elementary,5/23/2025,60077,Manager's Vegetable Choice(1/4 cup),12,0,12,10,8,2,10,$0.00,0,0.00%,$0.00,$0.00,0,0.00%,$0.00,$0.00,,,,
Willow Springs Elementary,5/23/2025,60096,Strawberry Parfait(Parfait),0,0,0,3,3,0,3,$2.97,0,0.00%,$0.00,$2.97,0,0.00%,$0.00,$2.97,,,,
Willow Springs Elementary,5/23/2025,60103,"Sandwich, Turkey & Cheese on Sub Roll(sandwich)",0,0,0,13,13,0,13,$11.83,0,0.00%,$0.00,$11.83,0,0.00%,$0.00,$11.83,,,,
Wolftrap Elementary,5/23/2025,10044,Soft Pretzel(1 pretzel),36,0,36,40,37,0,37,$8.14,3,7.50%,$0.66,$8.80,0,0.00%,$0.00,$8.80,,,,
Wolftrap Elementary,5/23/2025,10062,Corn(1/2 cup (cooked)),0,0,0,64,64,0,64,$13.44,0,0.00%,$0.00,$13.44,0,0.00%,$0.00,$13.44,,,,
Wolftrap Elementary,5/23/2025,20001,1% White Milk(Each),30,0,30,53,22,0,22,$7.92,0,0.00%,$0.00,$7.92,31,58.49%,$11.16,$19.08,,,,
Wolftrap Elementary,5/23/2025,20002,Fat Free Chocolate Milk(Each),123,0,123,200,161,0,161,$56.35,0,0.00%,$0.00,$56.35,39,19.50%,$13.65,$70.00,,,,
Wolftrap Elementary,5/23/2025,20008,Apple Slices(3 slices per 1/4 cup),0,0,0,87,85,0,85,$50.15,2,2.30%,$1.18,$51.33,0,0.00%,$0.00,$51.33,,,,
Wolftrap Elementary,5/23/2025,20011,Cherry Tomatoes(1/4 cup),36,0,36,72,69,0,69,$25.53,3,4.17%,$1.11,$26.64,0,0.00%,$0.00,$26.64,,,,
Wolftrap Elementary,5/23/2025,20027,Broccoli Florets(1/4 cup),0,0,0,42,40,0,40,$3.20,2,4.76%,$0.16,$3.36,0,0.00%,$0.00,$3.36,,,,
Wolftrap Elementary,5/23/2025,20028,Lettuce Blend Salad Mix(1/2 cup),59,0,59,80,75,0,75,$6.00,5,6.25%,$0.40,$6.40,0,0.00%,$0.00,$6.40,,,,
Wolftrap Elementary,5/23/2025,20038,Fat Free White Milk(Each),14,0,14,25,10,0,10,$3.30,0,0.00%,$0.00,$3.30,15,60.00%,$4.95,$8.25,,,,
Wolftrap Elementary,5/23/2025,20047,Orange Slices(3 slices per 1/4 cup),0,0,0,51,49,0,49,$9.80,2,3.92%,$0.40,$10.20,0,0.00%,$0.00,$10.20,,,,
Wolftrap Elementary,5/23/2025,20052,Assorted  4 oz Yogurt(Container),25,0,25,25,24,0,24,$0.00,0,0.00%,$0.00,$0.00,1,4.00%,$0.00,$0.00,,,,
Wolftrap Elementary,5/23/2025,30008,Apple Juice(Each),43,0,43,45,42,0,42,$7.14,3,6.67%,$0.51,$7.65,0,0.00%,$0.00,$7.65,,,,
Wolftrap Elementary,5/23/2025,30009,Orange Tangerine Juice(Each),20,0,20,30,24,0,24,$4.08,3,10.00%,$0.51,$4.59,3,10.00%,$0.51,$5.10,,,,
Wolftrap Elementary,5/23/2025,30024,Black Beans(1/2 Cup),4,0,4,3,3,0,3,$0.51,0,0.00%,$0.00,$0.51,0,0.00%,$0.00,$0.51,,,,
Wolftrap Elementary,5/23/2025,30031,Strawberry Chex Mix(Package),0,0,0,30,22,0,22,$9.90,0,0.00%,$0.00,$9.90,8,26.67%,$3.60,$13.50,,,,
Wolftrap Elementary,5/23/2025,30033,Cheez-Its Crackers(Package),0,0,0,30,29,0,29,$5.22,0,0.00%,$0.00,$5.22,1,3.33%,$0.18,$5.40,,,,
Wolftrap Elementary,5/23/2025,30041,Orange Flavored Dried Cranberries(Each),16,0,16,25,17,0,17,$4.08,0,0.00%,$0.00,$4.08,8,32.00%,$1.92,$6.00,,,,
Wolftrap Elementary,5/23/2025,30043,Raspberry Lemonade Flavored Dried Cranberries(Each),16,0,16,25,16,0,16,$3.84,0,0.00%,$0.00,$3.84,9,36.00%,$2.16,$6.00,,,,
Wolftrap Elementary,5/23/2025,30061,Chilled Mandarin Oranges(1/2 cup (drained)),3,0,3,3,3,0,3,$1.02,0,0.00%,$0.00,$1.02,0,0.00%,$0.00,$1.02,,,,
Wolftrap Elementary,5/23/2025,30077,Italian Dressing(1 ounce),20,0,20,24,20,0,20,$1.60,4,16.67%,$0.32,$1.92,0,0.00%,$0.00,$1.92,,,,
Wolftrap Elementary,5/23/2025,30094,Doritos Wild White Nacho Flavored Tortilla Chips(Bag),66,0,66,72,68,0,68,$23.80,4,5.56%,$1.40,$25.20,0,0.00%,$0.00,$25.20,,,,
Wolftrap Elementary,5/23/2025,30097,Bottled Water(Bottle),18,0,18,30,19,0,19,$3.04,3,10.00%,$0.48,$3.52,8,26.67%,$1.28,$4.80,,,,
Wolftrap Elementary,5/23/2025,30107,Ranch Dressing(1 ounce),20,0,20,24,20,0,20,$2.20,4,16.67%,$0.44,$2.64,0,0.00%,$0.00,$2.64,,,,
Wolftrap Elementary,5/23/2025,60035,PB&J Power Pack(Power Packs),45,0,45,50,39,0,39,$42.12,0,0.00%,$0.00,$42.12,11,22.00%,$11.88,$54.00,,,,
Wolftrap Elementary,5/23/2025,60036,Cherry Vanilla Yogurt Power Pack(Power Packs),0,0,0,0,0,0,0,$0.00,0,0.00%,$0.00,$0.00,0,0.00%,$0.00,$0.00,,,,
Wolftrap Elementary,5/23/2025,60037,Strawberry & Banana Yogurt Power Pack(Power Packs),0,0,0,10,8,0,8,$6.40,0,0.00%,$0.00,$6.40,2,20.00%,$1.60,$8.00,,,,
Wolftrap Elementary,5/23/2025,60041,Turkey Pepperoni Pizza(Slice),61,0,61,69,64,0,64,$43.52,5,7.25%,$3.40,$46.92,0,0.00%,$0.00,$46.92,,,,
Wolftrap Elementary,5/23/2025,60080,Cheese Pizza(Slice),116,0,116,120,112,0,112,$63.84,8,6.67%,$4.56,$68.40,0,0.00%,$0.00,$68.40,,,,
Wolftrap Elementary,5/23/2025,60101,Chickpeas - salad bar entree(1/2 cup),32,0,32,32,32,0,32,$5.76,0,0.00%,$0.00,$5.76,0,0.00%,$0.00,$5.76,,,,
Wolftrap Elementary,5/23/2025,60120,Asian Veggie Sub(sandwich),0,0,0,23,23,0,23,$43.47,0,0.00%,$0.00,$43.47,0,0.00%,$0.00,$43.47,,,,
Wolftrap Elementary,5/23/2025,60122,Asian Meatball Sub(sandwich),0,0,0,11,11,0,11,$19.58,0,0.00%,$0.00,$19.58,0,0.00%,$0.00,$19.58,,,,
Wolftrap Elementary,5/23/2025,60150,Strawberry Parfait Power Pack(Power Pack),0,0,0,15,10,0,10,$16.30,5,33.33%,$8.15,$24.45,0,0.00%,$0.00,$24.45,,,,
Woodburn Elementary,5/23/2025,10044,Soft Pretzel(1 pretzel),0,0,0,2,0,2,2,$0.00,0,0.00%,$0.00,$0.00,0,0.00%,$0.00,$0.00,,,,
Woodburn Elementary,5/23/2025,10073,Whole Strawberries(1/4 cup thawed),0,0,0,86,84,0,84,$14.28,0,0.00%,$0.00,$14.28,2,2.33%,$0.34,$14.62,,,,
Woodburn Elementary,5/23/2025,20001,1% White Milk(Each),63,0,63,61,48,0,48,$17.28,0,0.00%,$0.00,$17.28,13,21.31%,$4.68,$21.96,,,,
Woodburn Elementary,5/23/2025,20002,Fat Free Chocolate Milk(Each),250,0,250,353,319,3,322,$112.70,0,0.00%,$0.00,$112.70,31,8.78%,$10.85,$123.55,,,,
Woodburn Elementary,5/23/2025,20016,String Cheese(1 Stick),0,0,0,3,0,3,3,$0.00,0,0.00%,$0.00,$0.00,0,0.00%,$0.00,$0.00,,,,
Woodburn Elementary,5/23/2025,20023,Baby Carrots(3 baby carrots per 1/4 cup),0,0,0,74,70,0,70,$6.30,2,2.70%,$0.18,$6.48,2,2.70%,$0.18,$6.66,,,,
Woodburn Elementary,5/23/2025,20027,Broccoli Florets(1/4 cup),0,0,0,126,39,0,39,$3.12,3,2.38%,$0.24,$3.36,84,66.67%,$6.72,$10.08,,,,
Woodburn Elementary,5/23/2025,20028,Lettuce Blend Salad Mix(1 cup),80,0,80,202,196,0,196,$31.36,4,1.98%,$0.64,$32.00,2,0.99%,$0.32,$32.32,,,,
Woodburn Elementary,5/23/2025,20031,Banana(Each),12,0,12,87,83,0,83,$17.43,2,2.30%,$0.42,$17.85,2,2.30%,$0.42,$18.27,,,,
Woodburn Elementary,5/23/2025,20038,Fat Free White Milk(Each),50,0,50,50,20,0,20,$6.60,0,0.00%,$0.00,$6.60,30,60.00%,$9.90,$16.50,,,,
Woodburn Elementary,5/23/2025,20047,Orange Slices(3 slices per 1/4 cup),0,0,0,340,167,0,167,$33.40,3,0.88%,$0.60,$34.00,170,50.00%,$34.00,$68.00,,,,
Woodburn Elementary,5/23/2025,20074,"Apple Slices(3 slices, 1/4 cup)",0,0,0,464,403,0,403,$72.54,3,0.65%,$0.54,$73.08,58,12.50%,$10.44,$83.52,,,,
Woodburn Elementary,5/23/2025,30008,Apple Juice(Each),0,0,0,10,0,10,10,$0.00,0,0.00%,$0.00,$0.00,0,0.00%,$0.00,$0.00,,,,
Woodburn Elementary,5/23/2025,30009,Orange Tangerine Juice(Each),0,0,0,9,0,9,9,$0.00,0,0.00%,$0.00,$0.00,0,0.00%,$0.00,$0.00,,,,
Woodburn Elementary,5/23/2025,30024,Black Beans(1/2 Cup),13,0,13,11,11,0,11,$1.87,0,0.00%,$0.00,$1.87,0,0.00%,$0.00,$1.87,,,,
Woodburn Elementary,5/23/2025,30024,Black Beans(1/4 Cup),0,0,0,128,117,0,117,$10.53,3,2.34%,$0.27,$10.80,8,6.25%,$0.72,$11.52,,,,
Woodburn Elementary,5/23/2025,30031,Strawberry Chex Mix(Package),0,0,0,2,0,2,2,$0.00,0,0.00%,$0.00,$0.00,0,0.00%,$0.00,$0.00,,,,
Woodburn Elementary,5/23/2025,30033,Cheez-Its Crackers(Package),12,0,12,10,10,0,10,$1.80,0,0.00%,$0.00,$1.80,0,0.00%,$0.00,$1.80,,,,
Woodburn Elementary,5/23/2025,30061,Chilled Mandarin Oranges(1/2 cup (drained)),13,0,13,11,11,0,11,$3.74,0,0.00%,$0.00,$3.74,0,0.00%,$0.00,$3.74,,,,
Woodburn Elementary,5/23/2025,30077,Italian Dressing(1 ounce),12,0,12,24,12,0,12,$0.96,0,0.00%,$0.00,$0.96,12,50.00%,$0.96,$1.92,,,,
Woodburn Elementary,5/23/2025,30097,Bottled Water(Bottle),0,0,0,13,0,13,13,$0.00,0,0.00%,$0.00,$0.00,0,0.00%,$0.00,$0.00,,,,
Woodburn Elementary,5/23/2025,30099,Chickpeas(1/4 cup),41,0,41,64,56,0,56,$5.04,0,0.00%,$0.00,$5.04,8,12.50%,$0.72,$5.76,,,,
Woodburn Elementary,5/23/2025,30107,Ranch Dressing(1 ounce),18,0,18,24,18,0,18,$1.98,0,0.00%,$0.00,$1.98,6,25.00%,$0.66,$2.64,,,,
Woodburn Elementary,5/23/2025,30109,Smartfood RF White Cheddar Popcorn(Each),0,0,0,28,0,28,28,$0.00,0,0.00%,$0.00,$0.00,0,0.00%,$0.00,$0.00,,,,
Woodburn Elementary,5/23/2025,60035,PB&J Power Pack(Power Packs),15,0,15,35,29,0,29,$31.32,0,0.00%,$0.00,$31.32,6,17.14%,$6.48,$37.80,,,,
Woodburn Elementary,5/23/2025,60036,Cherry Vanilla Yogurt Power Pack(Power Packs),15,0,15,30,23,0,23,$18.40,0,0.00%,$0.00,$18.40,7,23.33%,$5.60,$24.00,,,,
Woodburn Elementary,5/23/2025,60041,Turkey Pepperoni Pizza(Slice),180,6,186,194,179,9,188,$127.84,0,0.00%,$0.00,$127.84,6,3.09%,$4.08,$131.92,,,,
Woodburn Elementary,5/23/2025,60080,Cheese Pizza(Slice),113,1,114,108,99,1,100,$57.00,2,1.85%,$1.14,$58.14,6,5.56%,$3.42,$61.56,,,,
Woodburn Elementary,5/23/2025,60122,Asian Meatball Sub(sandwich),0,0,0,5,5,0,5,$8.90,0,0.00%,$0.00,$8.90,0,0.00%,$0.00,$8.90,,,,
Woodlawn Elementary,5/23/2025,10044,Soft Pretzel(1 pretzel),16,0,16,1,1,0,1,$0.22,0,0.00%,$0.00,$0.22,0,0.00%,$0.00,$0.22,,,,
Woodlawn Elementary,5/23/2025,20001,1% White Milk(Each),42,0,42,77,47,0,47,$16.92,0,0.00%,$0.00,$16.92,30,38.96%,$10.80,$27.72,,,,
Woodlawn Elementary,5/23/2025,20002,Fat Free Chocolate Milk(Each),293,0,293,300,265,0,265,$92.75,0,0.00%,$0.00,$92.75,35,11.67%,$12.25,$105.00,,,,
Woodlawn Elementary,5/23/2025,20015,Golden Delicious Apple(Each),0,0,0,222,195,0,195,$60.45,0,0.00%,$0.00,$60.45,27,12.16%,$8.37,$68.82,,,,
Woodlawn Elementary,5/23/2025,20028,Lettuce Blend Salad Mix(1/2 cup),77,0,77,80,76,0,76,$6.08,4,5.00%,$0.32,$6.40,0,0.00%,$0.00,$6.40,,,,
Woodlawn Elementary,5/23/2025,20031,Banana(Each),34,0,34,28,28,0,28,$5.88,0,0.00%,$0.00,$5.88,0,0.00%,$0.00,$5.88,,,,
Woodlawn Elementary,5/23/2025,20036,Celery Sticks(1/2 cup),0,0,0,96,92,0,92,$50.60,0,0.00%,$0.00,$50.60,4,4.17%,$2.20,$52.80,,,,
Woodlawn Elementary,5/23/2025,20038,Fat Free White Milk(Each),3,0,3,5,3,0,3,$0.99,0,0.00%,$0.00,$0.99,2,40.00%,$0.66,$1.65,,,,
Woodlawn Elementary,5/23/2025,20043,"Lactose Free, White Milk(Each)",7,0,7,7,7,0,7,$4.06,0,0.00%,$0.00,$4.06,0,0.00%,$0.00,$4.06,,,,
Woodlawn Elementary,5/23/2025,30024,Black Beans(1/2 Cup),34,0,34,32,32,0,32,$5.44,0,0.00%,$0.00,$5.44,0,0.00%,$0.00,$5.44,,,,
Woodlawn Elementary,5/23/2025,30033,Cheez-Its Crackers(Package),32,0,32,28,28,0,28,$5.04,0,0.00%,$0.00,$5.04,0,0.00%,$0.00,$5.04,,,,
Woodlawn Elementary,5/23/2025,30061,Chilled Mandarin Oranges(1/2 cup (drained)),35,0,35,2,2,0,2,$0.68,0,0.00%,$0.00,$0.68,0,0.00%,$0.00,$0.68,,,,
Woodlawn Elementary,5/23/2025,30061,Chilled Mandarin Oranges(1/4 cup (drained)),201,0,201,120,120,0,120,$20.40,0,0.00%,$0.00,$20.40,0,0.00%,$0.00,$20.40,,,,
Woodlawn Elementary,5/23/2025,30099,Chickpeas(1/4 cup),34,0,34,66,51,0,51,$4.59,15,22.73%,$1.35,$5.94,0,0.00%,$0.00,$5.94,,,,
Woodlawn Elementary,5/23/2025,60035,PB&J Power Pack(Power Packs),114,0,114,60,55,0,55,$59.40,0,0.00%,$0.00,$59.40,5,8.33%,$5.40,$64.80,,,,
Woodlawn Elementary,5/23/2025,60037,Strawberry & Banana Yogurt Power Pack(Power Packs),24,0,24,15,10,0,10,$8.00,0,0.00%,$0.00,$8.00,5,33.33%,$4.00,$12.00,,,,
Woodlawn Elementary,5/23/2025,60038,Peach Yogurt Power Pack(Power Packs),24,0,24,15,10,0,10,$8.00,0,0.00%,$0.00,$8.00,5,33.33%,$4.00,$12.00,,,,
Woodlawn Elementary,5/23/2025,60041,Turkey Pepperoni Pizza(Slice),135,0,135,130,118,0,118,$80.24,0,0.00%,$0.00,$80.24,12,9.23%,$8.16,$88.40,,,,
Woodlawn Elementary,5/23/2025,60064,Vegetable Dumpling(6 dumplings),0,0,0,10,10,0,10,$0.00,0,0.00%,$0.00,$0.00,0,0.00%,$0.00,$0.00,,,,
Woodlawn Elementary,5/23/2025,60077,Manager's Vegetable Choice(1/4 cup),138,0,138,96,90,0,90,$0.00,6,6.25%,$0.00,$0.00,0,0.00%,$0.00,$0.00,,,,
Woodlawn Elementary,5/23/2025,60080,Cheese Pizza(Slice),94,0,94,133,133,0,133,$75.81,0,0.00%,$0.00,$75.81,0,0.00%,$0.00,$75.81,,,,
Woodlawn Elementary,5/23/2025,60101,Chickpeas - salad bar entree(1/2 cup),1,0,1,1,1,0,1,$0.18,0,0.00%,$0.00,$0.18,0,0.00%,$0.00,$0.18,,,,
Woodley Hills Elementary,5/23/2025,10044,Soft Pretzel(1 pretzel),14,0,14,7,6,0,6,$1.32,1,14.29%,$0.22,$1.54,0,0.00%,$0.00,$1.54,,,,
Woodley Hills Elementary,5/23/2025,10045,"Peanut Butter and Jelly Sandwich, IW(Each)",0,0,0,2,2,0,2,$1.34,0,0.00%,$0.00,$1.34,0,0.00%,$0.00,$1.34,,,,
Woodley Hills Elementary,5/23/2025,10075,Cheese Pizza(Slice),7,0,7,12,12,0,12,$6.84,0,0.00%,$0.00,$6.84,0,0.00%,$0.00,$6.84,,,,
Woodley Hills Elementary,5/23/2025,20001,1% White Milk(Each),108,0,108,262,98,0,98,$35.28,0,0.00%,$0.00,$35.28,164,62.60%,$59.04,$94.32,,,,
Woodley Hills Elementary,5/23/2025,20002,Fat Free Chocolate Milk(Each),183,0,183,580,237,0,237,$82.95,0,0.00%,$0.00,$82.95,343,59.14%,$120.05,$203.00,,,,
Woodley Hills Elementary,5/23/2025,20018,Red Seedless Grapes(8 grapes per 1/4 cup),154,0,154,414,414,0,414,$107.64,0,0.00%,$0.00,$107.64,0,0.00%,$0.00,$107.64,,,,
Woodley Hills Elementary,5/23/2025,20023,Baby Carrots(3 baby carrots per 1/4 cup),0,0,0,72,72,0,72,$6.48,0,0.00%,$0.00,$6.48,0,0.00%,$0.00,$6.48,,,,
Woodley Hills Elementary,5/23/2025,20027,Broccoli Florets(1/4 cup),0,0,0,105,91,0,91,$7.28,0,0.00%,$0.00,$7.28,14,13.33%,$1.12,$8.40,,,,
Woodley Hills Elementary,5/23/2025,20028,Lettuce Blend Salad Mix(1/2 cup),156,0,156,160,154,0,154,$12.32,0,0.00%,$0.00,$12.32,6,3.75%,$0.48,$12.80,,,,
Woodley Hills Elementary,5/23/2025,20031,Banana(Each),23,0,23,164,157,0,157,$32.97,0,0.00%,$0.00,$32.97,7,4.27%,$1.47,$34.44,,,,
Woodley Hills Elementary,5/23/2025,20038,Fat Free White Milk(Each),12,0,12,11,11,0,11,$3.63,0,0.00%,$0.00,$3.63,0,0.00%,$0.00,$3.63,,,,
Woodley Hills Elementary,5/23/2025,30024,Black Beans(1/2 Cup),23,0,23,59,58,0,58,$9.86,0,0.00%,$0.00,$9.86,1,1.69%,$0.17,$10.03,,,,
Woodley Hills Elementary,5/23/2025,30033,Cheez-Its Crackers(Package),23,0,23,24,24,0,24,$4.32,0,0.00%,$0.00,$4.32,0,0.00%,$0.00,$4.32,,,,
Woodley Hills Elementary,5/23/2025,30045,Watermelon Flavored Dried Cranberries(Each),97,0,97,37,17,0,17,$4.08,0,0.00%,$0.00,$4.08,20,54.05%,$4.80,$8.88,,,,
Woodley Hills Elementary,5/23/2025,30061,Chilled Mandarin Oranges(1/2 cup (drained)),23,0,23,24,24,0,24,$8.16,0,0.00%,$0.00,$8.16,0,0.00%,$0.00,$8.16,,,,
Woodley Hills Elementary,5/23/2025,30077,Italian Dressing(1 ounce),40,0,40,60,55,0,55,$4.40,0,0.00%,$0.00,$4.40,5,8.33%,$0.40,$4.80,,,,
Woodley Hills Elementary,5/23/2025,30107,Ranch Dressing(1 ounce),57,0,57,70,70,0,70,$7.70,0,0.00%,$0.00,$7.70,0,0.00%,$0.00,$7.70,,,,
Woodley Hills Elementary,5/23/2025,60035,PB&J Power Pack(Power Packs),91,0,91,31,31,0,31,$33.48,0,0.00%,$0.00,$33.48,0,0.00%,$0.00,$33.48,,,,
Woodley Hills Elementary,5/23/2025,60037,Strawberry & Banana Yogurt Power Pack(Power Packs),0,0,0,10,10,0,10,$8.00,0,0.00%,$0.00,$8.00,0,0.00%,$0.00,$8.00,,,,
Woodley Hills Elementary,5/23/2025,60041,Turkey Pepperoni Pizza(Slice),218,0,218,229,219,0,219,$148.92,0,0.00%,$0.00,$148.92,10,4.37%,$6.80,$155.72,,,,
Woodley Hills Elementary,5/23/2025,60080,Cheese Pizza(Slice),132,0,132,131,131,0,131,$74.67,0,0.00%,$0.00,$74.67,0,0.00%,$0.00,$74.67,,,,
Woodson High,5/23/2025,10001,"Patty, Chicken, Breaded, WG(2 strips)",55,0,55,30,25,0,25,$5.50,0,0.00%,$0.00,$5.50,5,16.67%,$1.10,$6.60,,,,
Woodson High,5/23/2025,10033,Chocolate Chip Cookie(Cookie),558,0,558,253,227,0,227,$61.29,6,2.37%,$1.62,$62.91,20,7.91%,$5.40,$68.31,,,,
Woodson High,5/23/2025,10044,Soft Pretzel(1 pretzel),85,0,85,55,50,0,50,$11.00,0,0.00%,$0.00,$11.00,5,9.09%,$1.10,$12.10,,,,
Woodson High,5/23/2025,10049,"WG 10"" Flour Tortilla(Tortilla)",55,0,55,35,29,0,29,$10.15,0,0.00%,$0.00,$10.15,6,17.14%,$2.10,$12.25,,,,
Woodson High,5/23/2025,10062,Corn(2 Tablespoons (thawed)),35,0,35,25,20,0,20,$1.00,0,0.00%,$0.00,$1.00,5,20.00%,$0.25,$1.25,,,,
Woodson High,5/23/2025,10070,Orange Sauce(ounce),250,0,250,35,27,0,27,$3.78,3,8.57%,$0.42,$4.20,5,14.29%,$0.70,$4.90,,,,
Woodson High,5/23/2025,10075,Cheese Pizza(Slice),150,0,150,101,91,0,91,$51.87,5,4.95%,$2.85,$54.72,5,4.95%,$2.85,$57.57,,,,
Woodson High,5/23/2025,20001,1% White Milk(Each),215,0,215,88,65,0,65,$23.40,0,0.00%,$0.00,$23.40,23,26.14%,$8.28,$31.68,,,,
Woodson High,5/23/2025,20002,Fat Free Chocolate Milk(Each),685,0,685,558,432,0,432,$151.20,0,0.00%,$0.00,$151.20,126,22.58%,$44.10,$195.30,,,,
Woodson High,5/23/2025,20006,"Cheese, Shredded, Cheddar(1/4 cup)",55,0,55,50,43,0,43,$7.31,2,4.00%,$0.34,$7.65,5,10.00%,$0.85,$8.50,,,,
Woodson High,5/23/2025,20011,Cherry Tomatoes(1/4 cup),150,0,150,120,111,0,111,$41.07,1,0.83%,$0.37,$41.44,8,6.67%,$2.96,$44.40,,,,
Woodson High,5/23/2025,20014,Red Delicious Apple(Each - serving),256,2,258,253,219,0,219,$72.27,2,0.79%,$0.66,$72.93,32,12.65%,$10.56,$83.49,,,,
Woodson High,5/23/2025,20015,Golden Delicious Apple(Each),258,1,259,251,213,0,213,$66.03,2,0.80%,$0.62,$66.65,36,14.34%,$11.16,$77.81,,,,
Woodson High,5/23/2025,20018,Red Seedless Grapes(2 Tablespoons),55,0,55,50,47,0,47,$6.11,1,2.00%,$0.13,$6.24,2,4.00%,$0.26,$6.50,,,,
Woodson High,5/23/2025,20018,Red Seedless Grapes(8 grapes per 1/4 cup),350,0,350,120,117,0,117,$30.42,2,1.67%,$0.52,$30.94,1,0.83%,$0.26,$31.20,,,,
Woodson High,5/23/2025,20023,Baby Carrots(3 baby carrots per 1/4 cup),325,1,326,312,285,0,285,$25.65,2,0.64%,$0.18,$25.83,25,8.01%,$2.25,$28.08,,,,
Woodson High,5/23/2025,20027,Broccoli Florets(1/4 cup),125,1,126,120,97,0,97,$7.76,2,1.67%,$0.16,$7.92,21,17.50%,$1.68,$9.60,,,,
Woodson High,5/23/2025,20027,Broccoli Florets(6 Pieces per 1/2 cup),35,0,35,15,9,0,9,$1.35,0,0.00%,$0.00,$1.35,6,40.00%,$0.90,$2.25,,,,
Woodson High,5/23/2025,20028,Lettuce Blend Salad Mix(1/2 cup),305,0,305,250,233,0,233,$18.64,6,2.40%,$0.48,$19.12,11,4.40%,$0.88,$20.00,,,,
Woodson High,5/23/2025,20031,Banana(Each),55,0,55,20,18,0,18,$3.78,0,0.00%,$0.00,$3.78,2,10.00%,$0.42,$4.20,,,,
Woodson High,5/23/2025,20038,Fat Free White Milk(Each),165,0,165,46,31,0,31,$10.23,0,0.00%,$0.00,$10.23,15,32.61%,$4.95,$15.18,,,,
Woodson High,5/23/2025,20041,"Peppers, Green, Whole(2 Tablespoon)",35,0,35,12,7,0,7,$0.42,0,0.00%,$0.00,$0.42,5,41.67%,$0.30,$0.72,,,,
Woodson High,5/23/2025,20076,"Peppers, green, pre-sliced(1/4 cup sliced)",35,0,35,12,4,0,4,$0.60,0,0.00%,$0.00,$0.60,8,66.67%,$1.20,$1.80,,,,
Woodson High,5/23/2025,30002,Sub Roll(Sub Roll),35,0,35,12,5,0,5,$1.55,0,0.00%,$0.00,$1.55,7,58.33%,$2.17,$3.72,,,,
Woodson High,5/23/2025,30008,Apple Juice(Each),125,0,125,80,66,0,66,$11.22,2,2.50%,$0.34,$11.56,12,15.00%,$2.04,$13.60,,,,
Woodson High,5/23/2025,30011,"Salsa, Mild Canned(1.5 oz)",150,0,150,52,45,0,45,$4.50,2,3.85%,$0.20,$4.70,5,9.62%,$0.50,$5.20,,,,
Woodson High,5/23/2025,30039,Cherry Flavored Dried Cranberries(Each),62,0,62,45,35,0,35,$8.40,0,0.00%,$0.00,$8.40,10,22.22%,$2.40,$10.80,,,,
Woodson High,5/23/2025,30045,Watermelon Flavored Dried Cranberries(Each),10,0,10,10,5,0,5,$1.20,0,0.00%,$0.00,$1.20,5,50.00%,$1.20,$2.40,,,,
Woodson High,5/23/2025,30061,Chilled Mandarin Oranges(1/2 cup (drained)),55,1,56,46,38,0,38,$12.92,2,4.35%,$0.68,$13.60,6,13.04%,$2.04,$15.64,,,,
Woodson High,5/23/2025,30061,Chilled Mandarin Oranges(1/4 cup (drained)),458,0,458,453,442,0,442,$75.14,6,1.32%,$1.02,$76.16,5,1.10%,$0.85,$77.01,,,,
Woodson High,5/23/2025,30063,Ketchup Packet(Packet),650,0,650,520,465,0,465,$13.95,5,0.96%,$0.15,$14.10,50,9.62%,$1.50,$15.60,,,,
Woodson High,5/23/2025,30064,Mayonnaise Packet(Packet),300,0,300,235,208,0,208,$20.80,1,0.43%,$0.10,$20.90,26,11.06%,$2.60,$23.50,,,,
Woodson High,5/23/2025,30065,Mustard Packet(Packet),200,0,200,117,83,0,83,$4.15,0,0.00%,$0.00,$4.15,34,29.06%,$1.70,$5.85,,,,
Woodson High,5/23/2025,30077,Italian Dressing(1 ounce),200,0,200,95,64,0,64,$5.12,3,3.16%,$0.24,$5.36,28,29.47%,$2.24,$7.60,,,,
Woodson High,5/23/2025,30097,Bottled Water(Bottle),250,0,250,130,103,0,103,$16.48,6,4.62%,$0.96,$17.44,21,16.15%,$3.36,$20.80,,,,
Woodson High,5/23/2025,30107,Ranch Dressing(1 ounce),300,0,300,235,205,0,205,$22.55,5,2.13%,$0.55,$23.10,25,10.64%,$2.75,$25.85,,,,
Woodson High,5/23/2025,30110,Doritos Flamas(Each),125,0,125,72,65,0,65,$24.05,4,5.56%,$1.48,$25.53,3,4.17%,$1.11,$26.64,,,,
Woodson High,5/23/2025,30119,RF Kettle Chips Jalapeno & Cheddar Chips(Each),125,0,125,75,71,0,71,$42.60,3,4.00%,$1.80,$44.40,1,1.33%,$0.60,$45.00,,,,
Woodson High,5/23/2025,30124,"Fruit Snacks, Welch's Mixed(Each)",350,0,350,100,47,0,47,$18.80,2,2.00%,$0.80,$19.60,51,51.00%,$20.40,$40.00,,,,
Woodson High,5/23/2025,60035,PB&J Power Pack(Power Packs),280,0,280,160,148,0,148,$159.84,3,1.88%,$3.24,$163.08,9,5.63%,$9.72,$172.80,,,,
Woodson High,5/23/2025,60036,Cherry Vanilla Yogurt Power Pack(Power Packs),30,0,30,12,8,0,8,$6.40,1,8.33%,$0.80,$7.20,3,25.00%,$2.40,$9.60,,,,
Woodson High,5/23/2025,60041,Turkey Pepperoni Pizza(Slice),250,0,250,135,116,2,118,$80.24,12,8.89%,$8.16,$88.40,5,3.70%,$3.40,$91.80,,,,
Woodson High,5/23/2025,60050,Chickenless Bites(2 Bites),55,0,55,12,10,0,10,$3.80,0,0.00%,$0.00,$3.80,2,16.67%,$0.76,$4.56,,,,
Woodson High,5/23/2025,60064,Vegetable Dumpling(6 dumplings),150,1,151,38,27,0,27,$0.00,9,23.68%,$0.00,$0.00,2,5.26%,$0.00,$0.00,,,,
Woodson High,5/23/2025,60072,Spicy Breaded Chicken Patty on Bun(Sandwich),450,1,451,395,387,0,387,$290.25,3,0.76%,$2.25,$292.50,5,1.27%,$3.75,$296.25,,,,
Woodson High,5/23/2025,60075,Spicy Chicken Wrap(Wrap),55,0,55,25,22,0,22,$25.74,2,8.00%,$2.34,$28.08,1,4.00%,$1.17,$29.25,,,,
Woodson High,5/23/2025,60077,Manager's Vegetable Choice(1/4 cup),305,0,305,250,226,0,226,$0.00,3,1.20%,$0.00,$0.00,21,8.40%,$0.00,$0.00,,,,
Woodson High,5/23/2025,60101,Chickpeas - salad bar entree(1/2 cup),35,0,35,10,2,0,2,$0.36,0,0.00%,$0.00,$0.36,8,80.00%,$1.44,$1.80,,,,
